step,time_s,target,satellite,lat_deg,lon_deg,priority,cumulative_return
1,60,7547,0,-21.1908,-90.0465,3.84615e-05,0.00784615
1,60,5418,1,-49.1706,-69.1506,3.84615e-05,0.00784615
1,60,5475,1,-49.1207,-69.0506,3.84615e-05,0.00784615
1,60,5598,1,-48.6257,-68.7137,3.84615e-05,0.00784615
1,60,2316,2,-77.544,-0.14917,3.84615e-05,0.00784615
1,60,7498,3,-51.8607,72.7871,3.84615e-05,0.00784615
1,60,7280,4,-18.6533,78.24,3.84615e-05,0.00784615
1,60,2730,5,19.4476,94.7336,3.84615e-05,0.00784615
1,60,2934,6,54.0864,107.421,3.84615e-05,0.00784615
1,60,3407,6,53.6859,107.302,3.84615e-05,0.00784615
1,60,2057,8,50.1137,-106.061,3.84615e-05,0.00784615
1,60,3858,8,49.9906,-106.621,3.84615e-05,0.00784615
1,60,2373,9,17.6354,-93.596,3.84615e-05,0.00784615
1,60,2872,9,17.2262,-93.213,3.84615e-05,0.00784615
1,60,3431,10,1.72,101.901,3.84615e-05,0.00784615
1,60,7573,12,46.2824,165.238,3.84615e-05,0.00784615
1,60,7943,13,43.5498,-141.351,3.84615e-05,0.00784615
1,60,2735,14,23.5183,-101.854,3.84615e-05,0.00784615
1,60,4245,14,23.5673,-101.251,3.84615e-05,0.00784615
1,60,4928,14,23.4683,-100.93,3.84615e-05,0.00784615
1,60,2235,15,-0.729279,-77.9897,3.84615e-05,0.00784615
1,60,5650,15,-0.295418,-77.7849,3.84615e-05,0.00784615
1,60,2630,16,-29.0128,-50.4831,3.84615e-05,0.00784615
1,60,4857,16,-28.6934,-50.4577,3.84615e-05,0.00784615
1,60,7913,17,-49.0694,-11.1305,3.84615e-05,0.00784615
1,60,7341,18,-44.0876,37.0766,3.84615e-05,0.00784615
1,60,7131,19,-24.9891,76.1377,3.84615e-05,0.00784615
1,60,2779,20,-6.6772,-59.5621,3.84615e-05,0.00784615
1,60,3895,20,-6.85862,-59.4989,3.84615e-05,0.00784615
1,60,7129,21,-42.7653,-50.6923,3.84615e-05,0.00784615
1,60,2620,22,-76.9541,-17.3837,3.84615e-05,0.00784615
1,60,5747,22,-76.8037,-17.7856,3.84615e-05,0.00784615
1,60,2875,23,-67.5269,109.136,3.84615e-05,0.00784615
1,60,3610,24,-30.3077,116.094,3.84615e-05,0.00784615
1,60,7132,25,7.45277,128.074,3.84615e-05,0.00784615
1,60,5307,26,41.8717,126.501,3.84615e-05,0.00784615
1,60,5783,26,41.9959,126.51,3.84615e-05,0.00784615
1,60,2682,28,63.8305,-85.0675,3.84615e-05,0.00784615
1,60,5842,28,63.7786,-85.3107,3.84615e-05,0.00784615
1,60,7642,32,-27.1483,-43.0754,3.84615e-05,0.00784615
1,60,7255,33,-63.2994,-38.1913,3.84615e-05,0.00784615
1,60,2400,34,-84.0793,163.222,3.84615e-05,0.00784615
1,60,6782,34,-84.2232,164.329,3.84615e-05,0.00784615
1,60,7266,35,-47.484,150.22,3.84615e-05,0.00784615
1,60,7702,35,-47.8364,149.783,3.84615e-05,0.00784615
1,60,2855,38,59.6909,138.296,3.84615e-05,0.00784615
1,60,6514,38,59.3808,138.233,3.84615e-05,0.00784615
1,60,4182,39,81.3147,-45.8151,3.84615e-05,0.00784615
1,60,5840,39,81.7288,-46.6858,3.84615e-05,0.00784615
1,60,3277,40,45.2441,-82.9115,3.84615e-05,0.00784615
1,60,6361,40,44.9269,-82.984,3.84615e-05,0.00784615
1,60,7858,41,29.8306,-45.5883,3.84615e-05,0.00784615
1,60,7092,42,3.55167,-20.7104,3.84615e-05,0.00784615
1,60,6801,45,-45.8449,92.4865,3.84615e-05,0.00784615
1,60,3591,46,-30.1295,136.549,3.84615e-05,0.00784615
1,60,4154,46,-30.1647,137.158,3.84615e-05,0.00784615
1,60,6976,47,-0.533401,156.276,3.84615e-05,0.00784615
1,60,7043,48,29.3019,179.219,3.84615e-05,0.00784615
1,60,6842,49,45.8599,-135.727,3.84615e-05,0.00784615
1,60,7031,50,2.71178,176.312,3.84615e-05,0.00784615
1,60,7003,51,23.612,-156.941,3.84615e-05,0.00784615
1,60,4115,52,43.9601,-119.716,3.84615e-05,0.00784615
1,60,6794,52,44.1307,-119.527,3.84615e-05,0.00784615
1,60,2245,53,51.606,-67.1032,3.84615e-05,0.00784615
1,60,2508,53,51.3799,-67.216,3.84615e-05,0.00784615
1,60,7161,54,31.8181,-25.1656,3.84615e-05,0.00784615
1,60,3936,56,-25.839,23.908,3.84615e-05,0.00784615
1,60,6749,56,-25.9183,23.5278,3.84615e-05,0.00784615
1,60,7973,57,-46.284,56.8237,3.84615e-05,0.00784615
1,60,7276,58,-50.9069,115.406,3.84615e-05,0.00784615
1,60,2533,59,-25.625,149.553,3.84615e-05,0.00784615
1,60,7973,60,-46.284,56.8237,3.84615e-05,0.00784615
1,60,7276,61,-50.9069,115.406,3.84615e-05,0.00784615
1,60,6879,62,-38.2134,158.025,3.84615e-05,0.00784615
1,60,7225,63,-7.00088,-173.287,3.84615e-05,0.00784615
1,60,2758,64,19.0315,-155.154,3.84615e-05,0.00784615
1,60,2389,65,42.8316,-119.156,3.84615e-05,0.00784615
1,60,2545,66,52.7176,-66.9923,3.84615e-05,0.00784615
1,60,5074,66,53.0569,-67.8097,3.84615e-05,0.00784615
1,60,6044,66,52.8237,-67.2694,3.84615e-05,0.00784615
1,60,3579,68,11.9556,10.8747,3.84615e-05,0.00784615
1,60,4725,68,11.7877,10.799,3.84615e-05,0.00784615
1,60,2559,69,-15.9977,30.1581,3.84615e-05,0.00784615
1,60,5008,69,-15.9,30.3105,3.84615e-05,0.00784615
1,60,6803,70,-32.14,49.7795,3.84615e-05,0.00784615
1,60,6873,73,-36.7365,-162.45,3.84615e-05,0.00784615
1,60,7862,75,32.0636,-137.475,3.84615e-05,0.00784615
1,60,2489,76,60.0365,-95.931,3.84615e-05,0.00784615
1,60,3957,76,60.4748,-96.2882,3.84615e-05,0.00784615
1,60,6284,77,65.319,-16.8428,3.84615e-05,0.00784615
1,60,7699,78,35.3747,20.5184,3.84615e-05,0.00784615
1,60,7729,78,35.114,20.9798,3.84615e-05,0.00784615
1,60,2399,79,4.89067,34.9489,3.84615e-05,0.00784615
1,60,2578,79,4.35068,34.9038,3.84615e-05,0.00784615
1,60,5782,79,4.92005,35.4129,3.84615e-05,0.00784615
1,60,7508,80,-52.0962,-179.069,3.84615e-05,0.00784615
1,60,7158,81,-24.283,-139.742,3.84615e-05,0.00784615
1,60,6851,82,5.92029,-122.873,3.84615e-05,0.00784615
1,60,2880,83,41.1113,-107.677,3.84615e-05,0.00784615
1,60,5120,85,49.5672,5.4969,3.84615e-05,0.00784615
1,60,5692,85,49.4092,5.30305,3.84615e-05,0.00784615
1,60,2571,86,22.6902,33.8236,3.84615e-05,0.00784615
1,60,7674,87,-10.2252,52.5861,3.84615e-05,0.00784615
1,60,6928,89,-63.1914,120.593,3.84615e-05,0.00784615
1,60,7448,90,32.6824,-70.0627,3.84615e-05,0.00784615
1,60,3169,92,41.0202,23.649,3.84615e-05,0.00784615
1,60,5993,92,40.6613,23.6021,3.84615e-05,0.00784615
1,60,7748,93,13.2107,56.2981,3.84615e-05,0.00784615
1,60,6847,95,-33.7748,112.749,3.84615e-05,0.00784615
1,60,7395,96,-45.2587,154.514,3.84615e-05,0.00784615
1,60,7119,97,-38.186,-151.712,3.84615e-05,0.00784615
1,60,7863,98,-16.7429,-121.922,3.84615e-05,0.00784615
1,60,6902,99,12.6384,-103.579,3.84615e-05,0.00784615
1,60,2393,100,64.3312,-96.0169,3.84615e-05,0.00784615
1,60,6195,100,64.4118,-96.228,3.84615e-05,0.00784615
1,60,4626,102,47.0967,88.6026,3.84615e-05,0.00784615
1,60,4763,102,47.2742,88.1784,3.84615e-05,0.00784615
1,60,2409,106,-80.8541,-85.936,3.84615e-05,0.00784615
1,60,4479,106,-81.0477,-87.3807,3.84615e-05,0.00784615
1,60,7232,107,-42.9596,-95.953,3.84615e-05,0.00784615
1,60,4076,110,0.248299,-71.5389,3.84615e-05,0.00784615
1,60,6653,110,-0.356552,-71.4887,3.84615e-05,0.00784615
1,60,7858,111,29.8306,-45.5883,3.84615e-05,0.00784615
1,60,2676,112,52.0342,-9.5145,3.84615e-05,0.00784615
1,60,2224,113,45.1982,45.2413,3.84615e-05,0.00784615
1,60,6313,113,45.3144,45.0955,3.84615e-05,0.00784615
1,60,2434,114,25.5307,81.9706,3.84615e-05,0.00784615
1,60,2095,115,-4.84265,104.389,3.84615e-05,0.00784615
1,60,2398,116,-27.459,133.624,3.84615e-05,0.00784615
1,60,7062,118,-49.9395,-127.549,3.84615e-05,0.00784615
1,60,5418,120,-49.1706,-69.1506,3.84615e-05,0.00784615
1,60,5475,120,-49.1207,-69.0506,3.84615e-05,0.00784615
1,60,2001,121,-16.3642,-60.2069,3.84615e-05,0.00784615
1,60,6813,122,23.4966,-56.8988,3.84615e-05,0.00784615
1,60,7412,123,59.0884,-47.5255,3.84615e-05,0.00784615
1,60,7420,124,79.6339,45.7771,3.84615e-05,0.00784615
1,60,3617,125,51.553,121.972,3.84615e-05,0.00784615
1,60,5935,125,51.1848,121.922,3.84615e-05,0.00784615
1,60,4105,127,-19.3683,126.62,3.84615e-05,0.00784615
1,60,5670,127,-19.5964,126.379,3.84615e-05,0.00784615
1,60,2184,129,-80.4759,-141.388,3.84615e-05,0.00784615
1,60,6856,132,-47.9356,-110.652,3.84615e-05,0.00784615
1,60,3242,133,-32.9522,-61.8049,3.84615e-05,0.00784615
1,60,3388,133,-32.8705,-61.0411,3.84615e-05,0.00784615
1,60,2024,134,-4.56371,-46.2117,3.84615e-05,0.00784615
1,60,2223,135,22.0406,-15.2091,3.84615e-05,0.00784615
1,60,2961,136,46.1624,18.7705,3.84615e-05,0.00784615
1,60,5085,136,45.8451,18.6708,3.84615e-05,0.00784615
1,60,3004,137,47.616,71.5638,3.84615e-05,0.00784615
1,60,5435,137,47.8661,71.1103,3.84615e-05,0.00784615
1,60,6399,137,47.7626,71.3585,3.84615e-05,0.00784615
1,60,3087,138,33.2217,118.804,3.84615e-05,0.00784615
1,60,3246,138,33.721,118.779,3.84615e-05,0.00784615
1,60,5949,138,32.7593,118.715,3.84615e-05,0.00784615
1,60,5035,144,-78.6095,-24.3694,3.84615e-05,0.00784615
1,60,5769,144,-78.6025,-21.8123,3.84615e-05,0.00784615
1,60,7601,145,-41.8654,-29.7176,3.84615e-05,0.00784615
1,60,7209,147,30.8309,-21.383,3.84615e-05,0.00784615
1,60,2686,148,63.1731,-18.7838,3.84615e-05,0.00784615
1,60,4257,148,63.459,-18.0444,3.84615e-05,0.00784615
1,60,7822,149,75.6133,132.319,3.84615e-05,0.00784615
1,60,7126,150,-18.7967,-15.8411,3.84615e-05,0.00784615
1,60,3070,151,10.2767,4.02039,3.84615e-05,0.00784615
1,60,5128,151,10.7916,3.90376,3.84615e-05,0.00784615
1,60,6286,151,10.8359,4.37329,3.84615e-05,0.00784615
1,60,2697,152,32.7233,38.1964,3.84615e-05,0.00784615
1,60,2519,153,43.8104,79.7611,3.84615e-05,0.00784615
1,60,2133,154,35.647,126.609,3.84615e-05,0.00784615
1,60,7259,155,17.2275,164.814,3.84615e-05,0.00784615
1,60,7225,156,-7.00088,-173.287,3.84615e-05,0.00784615
1,60,7609,157,-30.8403,-144.171,3.84615e-05,0.00784615
1,60,6974,158,-49.2984,-103.44,3.84615e-05,0.00784615
1,60,5418,160,-49.1706,-69.1506,3.84615e-05,0.00784615
1,60,5475,160,-49.1207,-69.0506,3.84615e-05,0.00784615
1,60,7051,162,-6.47551,5.4225,3.84615e-05,0.00784615
1,60,2511,163,17.9537,28.416,3.84615e-05,0.00784615
1,60,5260,163,17.468,28.4279,3.84615e-05,0.00784615
1,60,2577,164,42.5876,61.0549,3.84615e-05,0.00784615
1,60,2930,164,42.813,61.2369,3.84615e-05,0.00784615
1,60,2529,165,49.8059,116.32,3.84615e-05,0.00784615
1,60,7700,166,33.1936,152.65,3.84615e-05,0.00784615
1,60,7867,168,-18.978,-152.129,3.84615e-05,0.00784615
1,60,7059,169,-39.6779,-119.874,3.84615e-05,0.00784615
1,60,7178,170,-45.3124,27.4858,3.84615e-05,0.00784615
1,60,3814,171,-7.75598,30.098,3.84615e-05,0.00784615
1,60,4386,171,-7.64447,29.9132,3.84615e-05,0.00784615
1,60,3881,172,27.6003,30.6227,3.84615e-05,0.00784615
1,60,6325,172,27.2385,30.6609,3.84615e-05,0.00784615
1,60,2222,173,61.834,40.5013,3.84615e-05,0.00784615
1,60,7440,174,79.5497,-171.414,3.84615e-05,0.00784615
1,60,7026,175,44.8787,-152.504,3.84615e-05,0.00784615
1,60,7242,176,8.21878,-149.455,3.84615e-05,0.00784615
1,60,6971,177,-30.0316,-148.794,3.84615e-05,0.00784615
1,60,3322,179,-77.7271,20.6353,3.84615e-05,0.00784615
1,60,7882,180,-39.9967,33.6099,3.84615e-05,0.00784615
1,60,2415,182,28.1518,62.3304,3.84615e-05,0.00784615
1,60,3631,183,51.7648,97.281,3.84615e-05,0.00784615
1,60,4756,183,51.9053,96.9122,3.84615e-05,0.00784615
1,60,2069,184,62.0111,171.509,3.84615e-05,0.00784615
1,60,7527,186,4.79122,-133.558,3.84615e-05,0.00784615
1,60,6982,187,-24.8951,-111.783,3.84615e-05,0.00784615
1,60,7524,190,-35.8085,-98.5412,3.84615e-05,0.00784615
1,60,7374,192,-67.0786,25.3659,3.84615e-05,0.00784615
1,60,6924,193,-34.8517,51.9138,3.84615e-05,0.00784615
1,60,7243,194,-0.149635,66.6258,3.84615e-05,0.00784615
1,60,2000,195,33.9007,85.0037,3.84615e-05,0.00784615
1,60,2128,196,60.1148,112.693,3.84615e-05,0.00784615
1,60,2822,197,67.3732,-155.463,3.84615e-05,0.00784615
1,60,3021,197,67.3836,-156.493,3.84615e-05,0.00784615
1,60,4262,197,67.2161,-157.011,3.84615e-05,0.00784615
1,60,2943,198,36.3952,-121.104,3.84615e-05,0.00784615
1,60,4828,198,36.3999,-121.101,3.84615e-05,0.00784615
2,120,7150,0,-20.4364,-84.7729,3.84615e-05,0.0162308
2,120,4236,1,-54.3399,-67.0972,3.84615e-05,0.0162308
2,120,6686,1,-54.0777,-66.7703,3.84615e-05,0.0162308
2,120,3020,2,-76.1322,25.2118,3.84615e-05,0.0162308
2,120,5393,2,-76.8346,25.4581,3.84615e-05,0.0162308
2,120,6072,2,-76.3697,25.431,3.84615e-05,0.0162308
2,120,6440,2,-76.8035,27.0008,3.84615e-05,0.0162308
2,120,7619,3,-50.6312,74.4976,3.84615e-05,0.0162308
2,120,7945,4,-13.5595,87.9527,3.84615e-05,0.0162308
2,120,2146,5,22.0514,88.8207,3.84615e-05,0.0162308
2,120,2716,6,56.0259,105.269,3.84615e-05,0.0162308
2,120,2863,6,56.007,104.812,3.84615e-05,0.0162308
2,120,3075,8,45.7011,-112.306,3.84615e-05,0.0162308
2,120,5910,8,46.0621,-112.289,3.84615e-05,0.0162308
2,120,7111,9,13.6368,-99.8767,3.84615e-05,0.0162308
2,120,2922,10,1.54141,109.27,3.84615e-05,0.0162308
2,120,2532,11,32.4422,131.15,3.84615e-05,0.0162308
2,120,2732,11,32.177,131.732,3.84615e-05,0.0162308
2,120,7360,12,44.9967,176.756,3.84615e-05,0.0162308
2,120,7173,13,43.251,-134.108,3.84615e-05,0.0162308
2,120,2463,14,21.8432,-101.133,3.84615e-05,0.0162308
2,120,2480,15,-0.0858154,-70.0851,3.84615e-05,0.0162308
2,120,3159,16,-29.5855,-51.165,3.84615e-05,0.0162308
2,120,7961,17,-45.877,-9.75563,3.84615e-05,0.0162308
2,120,3263,20,-11.7217,-56.2098,3.84615e-05,0.0162308
2,120,5818,20,-11.3471,-56.0462,3.84615e-05,0.0162308
2,120,6799,20,-11.8629,-56.208,3.84615e-05,0.0162308
2,120,7968,21,-43.4096,-48.6504,3.84615e-05,0.0162308
2,120,3068,22,-79.5719,-10.9957,3.84615e-05,0.0162308
2,120,3897,22,-79.7182,-9.44846,3.84615e-05,0.0162308
2,120,7052,23,-62.8931,110.872,3.84615e-05,0.0162308
2,120,2868,24,-24.0191,117.124,3.84615e-05,0.0162308
2,120,6375,24,-23.9477,117.167,3.84615e-05,0.0162308
2,120,2098,25,11.9882,122.428,3.84615e-05,0.0162308
2,120,3082,25,11.6893,122.8,3.84615e-05,0.0162308
2,120,3908,25,11.5338,122.835,3.84615e-05,0.0162308
2,120,2514,26,46.5557,137.196,3.84615e-05,0.0162308
2,120,6984,28,57.5936,-77.8583,3.84615e-05,0.0162308
2,120,7376,28,57.7109,-78.2993,3.84615e-05,0.0162308
2,120,7857,29,25.5721,-65.3868,3.84615e-05,0.0162308
2,120,7993,30,41.1082,-39.9013,3.84615e-05,0.0162308
2,120,7248,31,5.07761,-38.9549,3.84615e-05,0.0162308
2,120,7066,32,-30.7265,-42.711,3.84615e-05,0.0162308
2,120,6947,33,-66.0263,-52.6467,3.84615e-05,0.0162308
2,120,2037,34,-80.3435,149.104,3.84615e-05,0.0162308
2,120,3598,35,-41.2015,145.985,3.84615e-05,0.0162308
2,120,6055,35,-41.3988,145.564,3.84615e-05,0.0162308
2,120,6116,35,-41.0401,145.821,3.84615e-05,0.0162308
2,120,4864,36,-4.89657,143.262,3.84615e-05,0.0162308
2,120,4886,36,-5.31705,142.982,3.84615e-05,0.0162308
2,120,7940,37,30.5028,136.215,3.84615e-05,0.0162308
2,120,2584,38,64.9916,142.709,3.84615e-05,0.0162308
2,120,2353,39,76.9323,-23.6937,3.84615e-05,0.0162308
2,120,2726,40,46.3075,-81.2423,3.84615e-05,0.0162308
2,120,7903,41,25.2969,-38.4559,3.84615e-05,0.0162308
2,120,7779,42,-0.61245,-18.2791,3.84615e-05,0.0162308
2,120,7355,43,-32.5291,3.98286,3.84615e-05,0.0162308
2,120,7156,45,-47.9355,104.393,3.84615e-05,0.0162308
2,120,4412,46,-24.4438,134.007,3.84615e-05,0.0162308
2,120,6240,46,-24.5423,134.602,3.84615e-05,0.0162308
2,120,6845,48,32.0255,-173.347,3.84615e-05,0.0162308
2,120,5563,49,53.7325,-132.738,3.84615e-05,0.0162308
2,120,7101,50,1.7116,-178.577,3.84615e-05,0.0162308
2,120,7569,51,26.6385,-153.859,3.84615e-05,0.0162308
2,120,3075,52,45.7011,-112.306,3.84615e-05,0.0162308
2,120,5910,52,46.0621,-112.289,3.84615e-05,0.0162308
2,120,2163,53,48.0328,-57.4957,3.84615e-05,0.0162308
2,120,2414,56,-27.6336,24.1087,3.84615e-05,0.0162308
2,120,7155,57,-50.3347,68.0023,3.84615e-05,0.0162308
2,120,6884,58,-42.936,116.591,3.84615e-05,0.0162308
2,120,7677,58,-43.0942,116.788,3.84615e-05,0.0162308
2,120,6931,62,-34.4918,163.591,3.84615e-05,0.0162308
2,120,7099,64,24.516,-149.346,3.84615e-05,0.0162308
2,120,3075,65,45.7011,-112.306,3.84615e-05,0.0162308
2,120,5910,65,46.0621,-112.289,3.84615e-05,0.0162308
2,120,2949,66,52.2416,-59.7358,3.84615e-05,0.0162308
2,120,2077,68,7.98718,7.228,3.84615e-05,0.0162308
2,120,2066,69,-20.9414,34.5709,3.84615e-05,0.0162308
2,120,2081,71,-68.3589,81.9012,3.84615e-05,0.0162308
2,120,7530,73,-31.929,-162.477,3.84615e-05,0.0162308
2,120,2539,76,66.2501,-102.931,3.84615e-05,0.0162308
2,120,7072,77,59.2383,-12.0489,3.84615e-05,0.0162308
2,120,5144,78,28.7236,15.7657,3.84615e-05,0.0162308
2,120,6317,78,28.7012,16.3943,3.84615e-05,0.0162308
2,120,3337,79,-4.51603,33.1124,3.84615e-05,0.0162308
2,120,3361,79,-5.01457,32.9397,3.84615e-05,0.0162308
2,120,4804,79,-5.04887,32.8146,3.84615e-05,0.0162308
2,120,6878,81,-19.4414,-141.92,3.84615e-05,0.0162308
2,120,2036,83,43.7278,-104.696,3.84615e-05,0.0162308
2,120,2761,83,44.0856,-104.866,3.84615e-05,0.0162308
2,120,4850,84,64.0186,-51.7291,3.84615e-05,0.0162308
2,120,5839,85,50.7109,8.68637,3.84615e-05,0.0162308
2,120,5991,85,50.7907,9.03789,3.84615e-05,0.0162308
2,120,2490,86,23.3338,42.4231,3.84615e-05,0.0162308
2,120,6029,86,23.2721,42.6277,3.84615e-05,0.0162308
2,120,7730,87,-11.7878,54.5571,3.84615e-05,0.0162308
2,120,7368,90,40.903,-67.2909,3.84615e-05,0.0162308
2,120,7472,91,48.4199,-15.5526,3.84615e-05,0.0162308
2,120,4152,92,39.1981,28.8407,3.84615e-05,0.0162308
2,120,2149,95,-34.0783,117.523,3.84615e-05,0.0162308
2,120,7518,98,-8.35506,-123.931,3.84615e-05,0.0162308
2,120,3215,99,18.2124,-97.4809,3.84615e-05,0.0162308
2,120,2972,100,67.6609,-93.7713,3.84615e-05,0.0162308
2,120,3480,101,74.4337,88.6903,3.84615e-05,0.0162308
2,120,2444,102,38.9284,89.1053,3.84615e-05,0.0162308
2,120,2651,102,38.9613,89.4201,3.84615e-05,0.0162308
2,120,3441,102,39.1938,88.9337,3.84615e-05,0.0162308
2,120,6087,102,39.0813,89.5193,3.84615e-05,0.0162308
2,120,7974,104,-30.4382,93.6607,3.84615e-05,0.0162308
2,120,2562,105,-67.7742,101.762,3.84615e-05,0.0162308
2,120,3737,105,-67.6766,102.85,3.84615e-05,0.0162308
2,120,5763,105,-67.2985,102.235,3.84615e-05,0.0162308
2,120,2120,106,-76.8458,-121.113,3.84615e-05,0.0162308
2,120,6899,107,-41.8773,-97.4738,3.84615e-05,0.0162308
2,120,7561,108,-5.97633,-91.401,3.84615e-05,0.0162308
2,120,2503,109,30.6317,-87.026,3.84615e-05,0.0162308
2,120,6792,109,30.423,-87.2152,3.84615e-05,0.0162308
2,120,2020,110,3.83365,-68.5313,3.84615e-05,0.0162308
2,120,7650,111,36.3103,-44.7993,3.84615e-05,0.0162308
2,120,3536,112,53.4151,-0.225235,3.84615e-05,0.0162308
2,120,5022,112,53.7714,-0.0136719,3.84615e-05,0.0162308
2,120,2488,113,42.9567,52.1294,3.84615e-05,0.0162308
2,120,2892,113,42.3801,51.5798,3.84615e-05,0.0162308
2,120,3032,113,42.253,52.3991,3.84615e-05,0.0162308
2,120,4232,113,42.6311,52.1046,3.84615e-05,0.0162308
2,120,2782,114,24.0932,88.454,3.84615e-05,0.0162308
2,120,3429,114,23.7229,88.4771,3.84615e-05,0.0162308
2,120,2497,115,-2.18876,110.81,3.84615e-05,0.0162308
2,120,4330,116,-31.4389,136.699,3.84615e-05,0.0162308
2,120,4882,116,-31.6411,136.584,3.84615e-05,0.0162308
2,120,6815,117,-53.4794,-179.069,3.84615e-05,0.0162308
2,120,7999,118,-42.225,-127.542,3.84615e-05,0.0162308
2,120,7159,119,-25.1922,-90.3785,3.84615e-05,0.0162308
2,120,3840,120,-44.4507,-66.4898,3.84615e-05,0.0162308
2,120,3263,121,-11.7217,-56.2098,3.84615e-05,0.0162308
2,120,5818,121,-11.3471,-56.0462,3.84615e-05,0.0162308
2,120,6799,121,-11.8629,-56.208,3.84615e-05,0.0162308
2,120,7339,122,24.4171,-56.0366,3.84615e-05,0.0162308
2,120,7501,123,62.6076,-53.9885,3.84615e-05,0.0162308
2,120,2277,125,46.7336,120.55,3.84615e-05,0.0162308
2,120,4899,125,46.6501,120.03,3.84615e-05,0.0162308
2,120,2785,126,8.98334,125.125,3.84615e-05,0.0162308
2,120,5767,126,8.7845,125.847,3.84615e-05,0.0162308
2,120,6501,126,8.92118,125.462,3.84615e-05,0.0162308
2,120,2546,127,-24.5354,129.383,3.84615e-05,0.0162308
2,120,7690,128,-60.0829,140.849,3.84615e-05,0.0162308
2,120,2017,129,-79.2751,-102.995,3.84615e-05,0.0162308
2,120,6949,130,-23.9248,165.68,3.84615e-05,0.0162308
2,120,7372,131,-48.2482,-157.578,3.84615e-05,0.0162308
2,120,6885,132,-51.8956,-98.3215,3.84615e-05,0.0162308
2,120,2048,133,-31.7076,-64.5238,3.84615e-05,0.0162308
2,120,3117,134,-3.20612,-39.7325,3.84615e-05,0.0162308
2,120,2154,135,25.7067,-13.4726,3.84615e-05,0.0162308
2,120,2585,136,49.151,16.5949,3.84615e-05,0.0162308
2,120,6745,136,49.0469,16.3798,3.84615e-05,0.0162308
2,120,5502,137,48.5187,79.006,3.84615e-05,0.0162308
2,120,6113,137,49.0431,78.6539,3.84615e-05,0.0162308
2,120,4158,138,27.3961,116.546,3.84615e-05,0.0162308
2,120,6225,138,27.7716,116.382,3.84615e-05,0.0162308
2,120,6504,138,27.6671,116.072,3.84615e-05,0.0162308
2,120,4577,139,-2.00963,137.992,3.84615e-05,0.0162308
2,120,7823,140,37.8159,152.064,3.84615e-05,0.0162308
2,120,7929,141,0.286713,157.301,3.84615e-05,0.0162308
2,120,6931,142,-34.4918,163.591,3.84615e-05,0.0162308
2,120,4279,143,-70.5027,160.615,3.84615e-05,0.0162308
2,120,2063,144,-76.2037,-21.6808,3.84615e-05,0.0162308
2,120,7345,145,-36.3441,-28.5503,3.84615e-05,0.0162308
2,120,7738,145,-36.4409,-28.3696,3.84615e-05,0.0162308
2,120,7285,146,-2.69119,-25.5195,3.84615e-05,0.0162308
2,120,7315,147,34.343,-15.4236,3.84615e-05,0.0162308
2,120,7184,148,69.4297,-21.0152,3.84615e-05,0.0162308
2,120,7302,149,72.8998,135.638,3.84615e-05,0.0162308
2,120,7976,150,-10.7476,-18.5913,3.84615e-05,0.0162308
2,120,2438,151,15.0244,8.99176,3.84615e-05,0.0162308
2,120,4614,151,14.7439,8.78688,3.84615e-05,0.0162308
2,120,4791,152,38.3813,36.0282,3.84615e-05,0.0162308
2,120,6045,152,38.5393,36.2164,3.84615e-05,0.0162308
2,120,4305,153,49.353,85.5623,3.84615e-05,0.0162308
2,120,5532,153,49.234,85.5006,3.84615e-05,0.0162308
2,120,2218,154,34.1543,133.608,3.84615e-05,0.0162308
2,120,6553,154,34.2426,133.658,3.84615e-05,0.0162308
2,120,7188,156,-15.3719,-171.685,3.84615e-05,0.0162308
2,120,7982,157,-38.5256,-142.74,3.84615e-05,0.0162308
2,120,7691,158,-49.3613,-96.3052,3.84615e-05,0.0162308
2,120,7000,159,-37.356,-45.632,3.84615e-05,0.0162308
2,120,3840,160,-44.4507,-66.4898,3.84615e-05,0.0162308
2,120,7157,161,-29.1984,-20.4268,3.84615e-05,0.0162308
2,120,7175,162,-7.5297,12.4093,3.84615e-05,0.0162308
2,120,2688,163,21.3551,34.4177,3.84615e-05,0.0162308
2,120,4329,163,21.5159,34.0917,3.84615e-05,0.0162308
2,120,2793,164,38.9627,69.5289,3.84615e-05,0.0162308
2,120,3432,164,38.903,69.465,3.84615e-05,0.0162308
2,120,2277,165,46.7336,120.55,3.84615e-05,0.0162308
2,120,4899,165,46.6501,120.03,3.84615e-05,0.0162308
2,120,7284,166,27.5691,160.574,3.84615e-05,0.0162308
2,120,7988,168,-20.9174,-145.015,3.84615e-05,0.0162308
2,120,7435,169,-43.1819,-110.857,3.84615e-05,0.0162308
2,120,7586,170,-39.293,35.4235,3.84615e-05,0.0162308
2,120,3264,171,-3.40568,35.872,3.84615e-05,0.0162308
2,120,4501,171,-3.2304,35.7993,3.84615e-05,0.0162308
2,120,2416,172,30.0774,30.4258,3.84615e-05,0.0162308
2,120,2391,173,69.0863,27.3724,3.84615e-05,0.0162308
2,120,5585,173,69.0321,28.4759,3.84615e-05,0.0162308
2,120,6837,174,74.0823,-142.805,3.84615e-05,0.0162308
2,120,7179,175,42.488,-142.4,3.84615e-05,0.0162308
2,120,7468,176,4.29037,-142.718,3.84615e-05,0.0162308
2,120,7756,177,-30.9339,-145.002,3.84615e-05,0.0162308
2,120,3020,179,-76.1322,25.2118,3.84615e-05,0.0162308
2,120,6072,179,-76.3697,25.431,3.84615e-05,0.0162308
2,120,3495,180,-31.8543,29.3208,3.84615e-05,0.0162308
2,120,6392,180,-31.7288,28.6412,3.84615e-05,0.0162308
2,120,7923,181,-1.69991,51.3367,3.84615e-05,0.0162308
2,120,3453,182,31.4101,64.4761,3.84615e-05,0.0162308
2,120,3851,182,31.4931,64.3366,3.84615e-05,0.0162308
2,120,2716,183,56.0259,105.269,3.84615e-05,0.0162308
2,120,2863,183,56.007,104.812,3.84615e-05,0.0162308
2,120,4724,184,61.1471,169.993,3.84615e-05,0.0162308
2,120,6889,185,33.3215,-150.566,3.84615e-05,0.0162308
2,120,7025,186,0.878387,-130.11,3.84615e-05,0.0162308
2,120,7187,187,-29.9817,-108.963,3.84615e-05,0.0162308
2,120,6852,188,-56.4005,-77.0062,3.84615e-05,0.0162308
2,120,7629,190,-35.8759,-100.938,3.84615e-05,0.0162308
2,120,2670,191,-71.3205,-66.4342,3.84615e-05,0.0162308
2,120,4471,191,-70.7358,-66.9322,3.84615e-05,0.0162308
2,120,7047,193,-26.9673,55.4318,3.84615e-05,0.0162308
2,120,7383,194,6.10458,67.0324,3.84615e-05,0.0162308
2,120,2411,195,36.1928,79.9488,3.84615e-05,0.0162308
2,120,2826,196,66.0694,126.423,3.84615e-05,0.0162308
2,120,4176,196,66.5801,126.541,3.84615e-05,0.0162308
2,120,2799,197,65.2155,-145.394,3.84615e-05,0.0162308
2,120,3143,197,64.6341,-145.757,3.84615e-05,0.0162308
2,120,3983,198,32.2876,-116.736,3.84615e-05,0.0162308
2,120,7445,199,-6.19739,-113.042,3.84615e-05,0.0162308
3,180,7660,0,-27.7597,-88.1683,3.84615e-05,0.0236154
3,180,2304,2,-75.1629,20.0446,3.84615e-05,0.0236154
3,180,5409,2,-74.7003,20.584,3.84615e-05,0.0236154
3,180,6900,3,-45.8061,77.7089,3.84615e-05,0.0236154
3,180,2308,5,27.0113,90.4467,3.84615e-05,0.0236154
3,180,5168,5,26.6765,90.9926,3.84615e-05,0.0236154
3,180,3639,6,53.8242,115.797,3.84615e-05,0.0236154
3,180,4077,6,53.6832,115.508,3.84615e-05,0.0236154
3,180,4705,7,69.5741,-153.429,3.84615e-05,0.0236154
3,180,2733,8,45.4571,-105.752,3.84615e-05,0.0236154
3,180,4755,8,45.7897,-105.536,3.84615e-05,0.0236154
3,180,5458,10,1.62979,111.239,3.84615e-05,0.0236154
3,180,3565,11,34.6715,136.208,3.84615e-05,0.0236154
3,180,7574,13,47.4777,-127.791,3.84615e-05,0.0236154
3,180,2527,14,21.0934,-99.1188,3.84615e-05,0.0236154
3,180,4897,15,-3.73913,-67.8697,3.84615e-05,0.0236154
3,180,6398,15,-3.97185,-67.837,3.84615e-05,0.0236154
3,180,6922,16,-32.7132,-45.6478,3.84615e-05,0.0236154
3,180,7404,17,-45.2113,1.0867,3.84615e-05,0.0236154
3,180,7144,18,-39.6869,51.4899,3.84615e-05,0.0236154
3,180,7060,19,-23.2033,86.7709,3.84615e-05,0.0236154
3,180,3494,20,-12.3632,-52.638,3.84615e-05,0.0236154
3,180,3648,20,-12.5816,-52.6914,3.84615e-05,0.0236154
3,180,4494,22,-82.1139,-6.48332,3.84615e-05,0.0236154
3,180,6708,22,-82.2826,-10.8386,3.84615e-05,0.0236154
3,180,2963,24,-23.7327,118.609,3.84615e-05,0.0236154
3,180,3313,24,-23.9597,118.511,3.84615e-05,0.0236154
3,180,2270,25,15.1558,121.904,3.84615e-05,0.0236154
3,180,2065,26,50.9479,129.902,3.84615e-05,0.0236154
3,180,7784,27,81.837,170.187,3.84615e-05,0.0236154
3,180,3745,28,59.6492,-70.2505,3.84615e-05,0.0236154
3,180,7152,31,1.70284,-35.7468,3.84615e-05,0.0236154
3,180,6922,32,-32.7132,-45.6478,3.84615e-05,0.0236154
3,180,6973,33,-68.9565,-40.9601,3.84615e-05,0.0236154
3,180,3728,34,-73.5144,157.556,3.84615e-05,0.0236154
3,180,4533,34,-73.1225,158.068,3.84615e-05,0.0236154
3,180,5481,34,-72.9514,158.28,3.84615e-05,0.0236154
3,180,2781,35,-37.108,145.995,3.84615e-05,0.0236154
3,180,3623,36,-4.38852,138.823,3.84615e-05,0.0236154
3,180,3565,37,34.6715,136.208,3.84615e-05,0.0236154
3,180,6502,37,34.9062,136.261,3.84615e-05,0.0236154
3,180,2439,38,68.3954,123.488,3.84615e-05,0.0236154
3,180,3666,38,68.5391,123.609,3.84615e-05,0.0236154
3,180,3635,39,72.6557,-22.7449,3.84615e-05,0.0236154
3,180,5126,39,72.2537,-22.2963,3.84615e-05,0.0236154
3,180,2130,40,46.8962,-76.166,3.84615e-05,0.0236154
3,180,4639,40,46.6996,-75.6835,3.84615e-05,0.0236154
3,180,7920,41,24.748,-38.6362,3.84615e-05,0.0236154
3,180,6830,43,-35.7015,8.73509,3.84615e-05,0.0236154
3,180,7451,44,-48.9836,51.4326,3.84615e-05,0.0236154
3,180,2173,46,-18.6086,139.152,3.84615e-05,0.0236154
3,180,6936,48,31.0923,-169.576,3.84615e-05,0.0236154
3,180,2427,49,53.1734,-128.175,3.84615e-05,0.0236154
3,180,7535,50,2.87148,-175.323,3.84615e-05,0.0236154
3,180,2174,52,47.7397,-108.045,3.84615e-05,0.0236154
3,180,2247,52,46.8907,-107.296,3.84615e-05,0.0236154
3,180,4648,52,47.2879,-107.791,3.84615e-05,0.0236154
3,180,4472,53,47.9851,-55.0807,3.84615e-05,0.0236154
3,180,7781,54,21.5646,-18.9489,3.84615e-05,0.0236154
3,180,2286,56,-30.3473,29.8143,3.84615e-05,0.0236154
3,180,7218,57,-54.3855,67.8511,3.84615e-05,0.0236154
3,180,7614,58,-48.647,126.012,3.84615e-05,0.0236154
3,180,6923,59,-20.9124,159.872,3.84615e-05,0.0236154
3,180,7336,61,-50.1882,127.21,3.84615e-05,0.0236154
3,180,7148,63,-5.03613,-165.042,3.84615e-05,0.0236154
3,180,7351,64,28.0062,-146.91,3.84615e-05,0.0236154
3,180,2030,65,51.5869,-111.427,3.84615e-05,0.0236154
3,180,3860,66,50.9823,-56.7239,3.84615e-05,0.0236154
3,180,3606,68,6.74142,14.7037,3.84615e-05,0.0236154
3,180,4033,69,-27.5106,32.3117,3.84615e-05,0.0236154
3,180,6331,69,-27.8942,32.5543,3.84615e-05,0.0236154
3,180,7883,69,-28.5156,32.5165,3.84615e-05,0.0236154
3,180,2824,71,-67.3094,88.1002,3.84615e-05,0.0236154
3,180,5470,71,-67.4644,87.0412,3.84615e-05,0.0236154
3,180,2350,76,70.4174,-84.7539,3.84615e-05,0.0236154
3,180,3042,77,56.7794,-3.24321,3.84615e-05,0.0236154
3,180,3632,78,28.6169,24.655,3.84615e-05,0.0236154
3,180,6764,78,28.2514,24.2735,3.84615e-05,0.0236154
3,180,3626,79,-5.89273,31.7032,3.84615e-05,0.0236154
3,180,5233,79,-5.68978,31.2076,3.84615e-05,0.0236154
3,180,2205,83,47.3146,-100.99,3.84615e-05,0.0236154
3,180,6657,83,47.4855,-100.469,3.84615e-05,0.0236154
3,180,3619,84,65.4638,-46.1221,3.84615e-05,0.0236154
3,180,2007,85,45.4388,10.7593,3.84615e-05,0.0236154
3,180,2549,86,16.3191,38.3896,3.84615e-05,0.0236154
3,180,6900,88,-45.8061,77.7089,3.84615e-05,0.0236154
3,180,6849,89,-63.479,139.128,3.84615e-05,0.0236154
3,180,7463,90,36.5218,-62.7235,3.84615e-05,0.0236154
3,180,7902,91,46.9909,-9.82994,3.84615e-05,0.0236154
3,180,4572,92,37.0692,32.073,3.84615e-05,0.0236154
3,180,7201,94,-17.0953,88.5792,3.84615e-05,0.0236154
3,180,4903,95,-34.8483,118.217,3.84615e-05,0.0236154
3,180,4437,96,-45.0076,167.329,3.84615e-05,0.0236154
3,180,6832,98,-5.56457,-121.886,3.84615e-05,0.0236154
3,180,3964,99,18.2278,-98.8511,3.84615e-05,0.0236154
3,180,4627,99,18.2795,-98.2415,3.84615e-05,0.0236154
3,180,6296,99,18.6994,-98.5904,3.84615e-05,0.0236154
3,180,5032,100,71.2369,-75.2118,3.84615e-05,0.0236154
3,180,6768,100,71.1329,-74.4679,3.84615e-05,0.0236154
3,180,2397,101,71.2231,68.0609,3.84615e-05,0.0236154
3,180,7289,101,70.7777,66.9765,3.84615e-05,0.0236154
3,180,3283,102,37.8582,80.9801,3.84615e-05,0.0236154
3,180,6217,102,38.17,81.3556,3.84615e-05,0.0236154
3,180,7391,103,0.490685,90.4703,3.84615e-05,0.0236154
3,180,2516,105,-71.1376,86.3513,3.84615e-05,0.0236154
3,180,3328,105,-71.4866,86.86,3.84615e-05,0.0236154
3,180,2635,106,-73.8272,-95.3005,3.84615e-05,0.0236154
3,180,7778,107,-35.5878,-99.6736,3.84615e-05,0.0236154
3,180,7800,108,-0.911797,-90.2188,3.84615e-05,0.0236154
3,180,2025,109,36.4217,-90.75,3.84615e-05,0.0236154
3,180,3209,110,11.9964,-69.909,3.84615e-05,0.0236154
3,180,6866,110,12.0307,-70.4492,3.84615e-05,0.0236154
3,180,7064,111,38.0298,-44.9337,3.84615e-05,0.0236154
3,180,5571,112,51.0637,7.08563,3.84615e-05,0.0236154
3,180,3151,113,40.752,55.3703,3.84615e-05,0.0236154
3,180,3588,114,22.8414,89.678,3.84615e-05,0.0236154
3,180,7503,115,-9.72905,108.891,3.84615e-05,0.0236154
3,180,7925,115,-9.44909,109.093,3.84615e-05,0.0236154
3,180,3605,116,-34.2857,141.393,3.84615e-05,0.0236154
3,180,6405,116,-34.236,141.734,3.84615e-05,0.0236154
3,180,7097,118,-46.7574,-121.156,3.84615e-05,0.0236154
3,180,2536,120,-42.908,-67.6933,3.84615e-05,0.0236154
3,180,4710,121,-7.53003,-61.5105,3.84615e-05,0.0236154
3,180,5800,121,-7.57802,-62.0338,3.84615e-05,0.0236154
3,180,2769,123,62.7456,-42.4461,3.84615e-05,0.0236154
3,180,2052,124,75.9291,102.818,3.84615e-05,0.0236154
3,180,2643,125,41.3277,112.848,3.84615e-05,0.0236154
3,180,3843,125,41.5395,112.301,3.84615e-05,0.0236154
3,180,4841,126,5.1757,117.977,3.84615e-05,0.0236154
3,180,2848,127,-26.6509,128.789,3.84615e-05,0.0236154
3,180,4491,128,-66.6324,136.059,3.84615e-05,0.0236154
3,180,2635,129,-73.8272,-95.3005,3.84615e-05,0.0236154
3,180,7170,131,-54.9716,-152.487,3.84615e-05,0.0236154
3,180,7362,132,-52.2274,-92.0323,3.84615e-05,0.0236154
3,180,2627,133,-28.621,-57.5172,3.84615e-05,0.0236154
3,180,4449,133,-28.9,-57.3235,3.84615e-05,0.0236154
3,180,4888,133,-28.4889,-57.8836,3.84615e-05,0.0236154
3,180,7152,134,1.70284,-35.7468,3.84615e-05,0.0236154
3,180,3364,135,26.6337,-12.3275,3.84615e-05,0.0236154
3,180,3080,136,48.4074,29.7178,3.84615e-05,0.0236154
3,180,4809,136,48.3878,29.1543,3.84615e-05,0.0236154
3,180,2853,137,50.7522,79.6156,3.84615e-05,0.0236154
3,180,3570,137,50.823,79.6401,3.84615e-05,0.0236154
3,180,2495,138,30.1331,120.277,3.84615e-05,0.0236154
3,180,2054,139,-4.34273,140.574,3.84615e-05,0.0236154
3,180,7272,141,-3.04085,155.663,3.84615e-05,0.0236154
3,180,3728,143,-73.5144,157.556,3.84615e-05,0.0236154
3,180,4533,143,-73.1225,158.068,3.84615e-05,0.0236154
3,180,5481,143,-72.9514,158.28,3.84615e-05,0.0236154
3,180,6973,144,-68.9565,-40.9601,3.84615e-05,0.0236154
3,180,7117,146,2.90801,-21.7065,3.84615e-05,0.0236154
3,180,7921,147,36.6489,-15.6311,3.84615e-05,0.0236154
3,180,3635,148,72.6557,-22.7449,3.84615e-05,0.0236154
3,180,5126,148,72.2537,-22.2963,3.84615e-05,0.0236154
3,180,2912,149,67.8721,140.45,3.84615e-05,0.0236154
3,180,7354,150,-10.5365,-11.6027,3.84615e-05,0.0236154
3,180,2327,151,18.025,11.0664,3.84615e-05,0.0236154
3,180,6182,151,17.9457,11.5489,3.84615e-05,0.0236154
3,180,5946,152,33.6798,42.1028,3.84615e-05,0.0236154
3,180,6633,152,33.659,42.0409,3.84615e-05,0.0236154
3,180,2986,153,44.2236,90.2015,3.84615e-05,0.0236154
3,180,3202,154,36.3094,139.422,3.84615e-05,0.0236154
3,180,7042,155,9.44903,167.25,3.84615e-05,0.0236154
3,180,6922,159,-32.7132,-45.6478,3.84615e-05,0.0236154
3,180,7828,160,-47.5536,-55.3658,3.84615e-05,0.0236154
3,180,2238,162,-7.82579,13.2911,3.84615e-05,0.0236154
3,180,3487,163,23.0686,32.3588,3.84615e-05,0.0236154
3,180,4652,164,40.3944,76.1484,3.84615e-05,0.0236154
3,180,5588,164,40.5761,75.3749,3.84615e-05,0.0236154
3,180,5765,164,40.8211,76.3152,3.84615e-05,0.0236154
3,180,2148,165,41.972,123.032,3.84615e-05,0.0236154
3,180,7163,166,28.458,165.758,3.84615e-05,0.0236154
3,180,7631,166,28.1318,165.818,3.84615e-05,0.0236154
3,180,7252,167,3.08115,-170.248,3.84615e-05,0.0236154
3,180,6993,169,-45.3631,-106.77,3.84615e-05,0.0236154
3,180,7717,170,-38.1628,30.3542,3.84615e-05,0.0236154
3,180,2265,171,-2.33527,34.0146,3.84615e-05,0.0236154
3,180,3461,172,36.6285,36.8949,3.84615e-05,0.0236154
3,180,3686,172,36.2778,36.6158,3.84615e-05,0.0236154
3,180,7096,173,69.5514,35.7382,3.84615e-05,0.0236154
3,180,3391,174,69.6189,-141.359,3.84615e-05,0.0236154
3,180,7769,175,34.7478,-149.197,3.84615e-05,0.0236154
3,180,7546,178,-74.1051,-154.167,3.84615e-05,0.0236154
3,180,2605,179,-71.2584,20.3855,3.84615e-05,0.0236154
3,180,6680,179,-71.5861,21.5415,3.84615e-05,0.0236154
3,180,4033,180,-27.5106,32.3117,3.84615e-05,0.0236154
3,180,6331,180,-27.8942,32.5543,3.84615e-05,0.0236154
3,180,7731,181,3.44469,51.2071,3.84615e-05,0.0236154
3,180,2303,182,33.7134,64.1847,3.84615e-05,0.0236154
3,180,3015,182,33.6878,64.7177,3.84615e-05,0.0236154
3,180,2669,183,62.8496,106.798,3.84615e-05,0.0236154
3,180,5276,183,62.7526,106.339,3.84615e-05,0.0236154
3,180,7049,184,55.8883,-178.541,3.84615e-05,0.0236154
3,180,7351,185,28.0062,-146.91,3.84615e-05,0.0236154
3,180,7594,186,-1.89011,-132.224,3.84615e-05,0.0236154
3,180,6822,189,-56.0908,-0.954041,3.84615e-05,0.0236154
3,180,3499,191,-72.0819,-61.9867,3.84615e-05,0.0236154
3,180,7405,192,-60.0237,40.7251,3.84615e-05,0.0236154
3,180,7141,193,-28.5401,54.4735,3.84615e-05,0.0236154
3,180,7636,194,9.34837,70.5113,3.84615e-05,0.0236154
3,180,5762,195,39.0987,81.7657,3.84615e-05,0.0236154
3,180,6188,195,39.4449,82.2066,3.84615e-05,0.0236154
3,180,4695,196,70.4767,130.307,3.84615e-05,0.0236154
3,180,5724,196,70.7547,129.991,3.84615e-05,0.0236154
3,180,2248,197,62.2735,-143.438,3.84615e-05,0.0236154
3,180,7176,198,29.2511,-118.068,3.84615e-05,0.0236154
3,180,7090,199,-8.15527,-110.812,3.84615e-05,0.0236154
4,240,7048,0,-30.7313,-88.7385,3.84615e-05,0.0312308
4,240,7464,1,-61.6748,-56.409,3.84615e-05,0.0312308
4,240,3000,2,-71.871,41.3236,3.84615e-05,0.0312308
4,240,5742,2,-72.2439,40.7172,3.84615e-05,0.0312308
4,240,6925,3,-41.7188,68.0504,3.84615e-05,0.0312308
4,240,7212,4,-3.57681,83.8874,3.84615e-05,0.0312308
4,240,2990,5,27.2002,98.1394,3.84615e-05,0.0312308
4,240,6039,5,27.054,98.4198,3.84615e-05,0.0312308
4,240,5179,6,63.3831,110.002,3.84615e-05,0.0312308
4,240,6770,6,63.258,109.589,3.84615e-05,0.0312308
4,240,3316,7,66.4216,-146.15,3.84615e-05,0.0312308
4,240,2333,8,42.0705,-103.484,3.84615e-05,0.0312308
4,240,4022,11,35.8937,135.957,3.84615e-05,0.0312308
4,240,7081,12,45.7707,-174.813,3.84615e-05,0.0312308
4,240,3773,13,43.7063,-120.741,3.84615e-05,0.0312308
4,240,4954,14,18.887,-88.7627,3.84615e-05,0.0312308
4,240,5687,14,19.4096,-88.6813,3.84615e-05,0.0312308
4,240,6276,14,19.0794,-89.1266,3.84615e-05,0.0312308
4,240,3314,15,-10.6801,-70.3862,3.84615e-05,0.0312308
4,240,4544,15,-10.1854,-70.2045,3.84615e-05,0.0312308
4,240,7841,17,-48.8554,6.66393,3.84615e-05,0.0312308
4,240,7217,19,-21.2077,89.3725,3.84615e-05,0.0312308
4,240,2250,20,-16.4612,-57.2785,3.84615e-05,0.0312308
4,240,7486,21,-53.9349,-48.5239,3.84615e-05,0.0312308
4,240,2297,22,-76.8797,38.4713,3.84615e-05,0.0312308
4,240,6864,23,-54.7674,112.14,3.84615e-05,0.0312308
4,240,4197,24,-20.5579,119.161,3.84615e-05,0.0312308
4,240,7369,25,17.3728,129.073,3.84615e-05,0.0312308
4,240,2554,26,52.5467,130.889,3.84615e-05,0.0312308
4,240,7411,27,83.2665,-148.3,3.84615e-05,0.0312308
4,240,2362,28,50.7158,-73.354,3.84615e-05,0.0312308
4,240,2967,28,50.9541,-73.8789,3.84615e-05,0.0312308
4,240,6953,29,18.078,-63.9807,3.84615e-05,0.0312308
4,240,7267,30,33.5618,-35.9295,3.84615e-05,0.0312308
4,240,7685,32,-36.3969,-45.1655,3.84615e-05,0.0312308
4,240,7615,33,-70.6064,-45.4725,3.84615e-05,0.0312308
4,240,4883,34,-72.3195,143.217,3.84615e-05,0.0312308
4,240,5333,34,-72.061,143.962,3.84615e-05,0.0312308
4,240,5553,34,-72.1237,142.978,3.84615e-05,0.0312308
4,240,2166,35,-34.9833,144.95,3.84615e-05,0.0312308
4,240,4022,37,35.8937,135.957,3.84615e-05,0.0312308
4,240,3216,38,71.7048,125.317,3.84615e-05,0.0312308
4,240,2005,39,69.5803,-27.6766,3.84615e-05,0.0312308
4,240,2181,40,41.7071,-73.677,3.84615e-05,0.0312308
4,240,7733,42,-8.74885,-10.6801,3.84615e-05,0.0312308
4,240,6995,43,-37.5099,11.5496,3.84615e-05,0.0312308
4,240,6823,44,-53.4859,58.9658,3.84615e-05,0.0312308
4,240,2208,46,-21.6049,144.826,3.84615e-05,0.0312308
4,240,7521,47,9.35896,163.847,3.84615e-05,0.0312308
4,240,7423,48,32.0318,-164.952,3.84615e-05,0.0312308
4,240,2752,49,52.2619,-126.085,3.84615e-05,0.0312308
4,240,2640,52,54.1696,-104.736,3.84615e-05,0.0312308
4,240,4754,54,19.9038,-15.0352,3.84615e-05,0.0312308
4,240,7626,58,-41.7466,125.887,3.84615e-05,0.0312308
4,240,6941,59,-20.2017,163.669,3.84615e-05,0.0312308
4,240,7829,61,-51.0221,129.216,3.84615e-05,0.0312308
4,240,7030,64,26.0862,-142.099,3.84615e-05,0.0312308
4,240,2829,65,48.6027,-102.15,3.84615e-05,0.0312308
4,240,7183,66,50.1219,-45.7562,3.84615e-05,0.0312308
4,240,5181,67,32.4967,-7.23721,3.84615e-05,0.0312308
4,240,5362,67,32.2246,-6.34232,3.84615e-05,0.0312308
4,240,5365,67,32.1766,-7.03424,3.84615e-05,0.0312308
4,240,2168,68,3.1782,16.2677,3.84615e-05,0.0312308
4,240,3868,68,3.30298,15.9807,3.84615e-05,0.0312308
4,240,2691,71,-69.2505,95.7667,3.84615e-05,0.0312308
4,240,7620,73,-23.6777,-153.645,3.84615e-05,0.0312308
4,240,7247,74,9.73772,-147.455,3.84615e-05,0.0312308
4,240,2975,75,40.6857,-122.285,3.84615e-05,0.0312308
4,240,2637,76,70.6452,-84.727,3.84615e-05,0.0312308
4,240,4765,77,52.435,-2.61769,3.84615e-05,0.0312308
4,240,2430,78,22.3317,23.2735,3.84615e-05,0.0312308
4,240,3096,78,22.4246,23.5995,3.84615e-05,0.0312308
4,240,6645,78,22.4742,23.3382,3.84615e-05,0.0312308
4,240,2012,79,-11.2865,34.0968,3.84615e-05,0.0312308
4,240,3941,79,-11.3077,34.1304,3.84615e-05,0.0312308
4,240,7954,81,-14.512,-134.328,3.84615e-05,0.0312308
4,240,7271,82,17.3221,-122.272,3.84615e-05,0.0312308
4,240,2663,83,46.5506,-100.772,3.84615e-05,0.0312308
4,240,3931,83,46.7782,-100.339,3.84615e-05,0.0312308
4,240,2658,84,66.4284,-35.5666,3.84615e-05,0.0312308
4,240,3434,85,44.8549,23.9158,3.84615e-05,0.0312308
4,240,4525,85,44.936,23.6133,3.84615e-05,0.0312308
4,240,2152,86,17.3264,45.7961,3.84615e-05,0.0312308
4,240,4029,86,17.2359,45.6988,3.84615e-05,0.0312308
4,240,6896,88,-47.0853,86.7656,3.84615e-05,0.0312308
4,240,7220,90,39.1815,-55.3331,3.84615e-05,0.0312308
4,240,5948,91,43.1988,-6.41786,3.84615e-05,0.0312308
4,240,2595,92,32.595,36.3717,3.84615e-05,0.0312308
4,240,7673,93,3.10192,59.9592,3.84615e-05,0.0312308
4,240,7217,94,-21.2077,89.3725,3.84615e-05,0.0312308
4,240,2870,96,-42.2868,171.043,3.84615e-05,0.0312308
4,240,3418,96,-42.5094,171.185,3.84615e-05,0.0312308
4,240,4768,96,-42.289,171.022,3.84615e-05,0.0312308
4,240,7898,97,-32.0226,-142.931,3.84615e-05,0.0312308
4,240,6939,98,-5.37881,-121.132,3.84615e-05,0.0312308
4,240,4954,99,18.887,-88.7627,3.84615e-05,0.0312308
4,240,6276,99,19.0794,-89.1266,3.84615e-05,0.0312308
4,240,3433,100,72.1728,-84.8346,3.84615e-05,0.0312308
4,240,4009,100,72.5274,-84.6216,3.84615e-05,0.0312308
4,240,2404,101,68.3364,69.8139,3.84615e-05,0.0312308
4,240,2791,101,68.6911,71.0213,3.84615e-05,0.0312308
4,240,5284,101,68.541,71.0194,3.84615e-05,0.0312308
4,240,2482,102,33.8633,80.3271,3.84615e-05,0.0312308
4,240,5469,102,33.995,80.5485,3.84615e-05,0.0312308
4,240,7088,103,-3.26405,90.5923,3.84615e-05,0.0312308
4,240,7357,104,-37.3391,92.1164,3.84615e-05,0.0312308
4,240,3354,105,-76.1809,99.7226,3.84615e-05,0.0312308
4,240,5953,105,-76.4213,99.4617,3.84615e-05,0.0312308
4,240,6860,106,-68.6455,-109.592,3.84615e-05,0.0312308
4,240,7918,107,-35.0032,-95.1198,3.84615e-05,0.0312308
4,240,2107,109,37.3457,-96.0932,3.84615e-05,0.0312308
4,240,2200,109,37.1604,-95.6398,3.84615e-05,0.0312308
4,240,2610,110,9.85664,-64.4088,3.84615e-05,0.0312308
4,240,7321,111,35.5674,-35.4662,3.84615e-05,0.0312308
4,240,3742,112,55.8167,9.99989,3.84615e-05,0.0312308
4,240,5533,112,56.054,9.41154,3.84615e-05,0.0312308
4,240,2211,113,44.6056,64.6645,3.84615e-05,0.0312308
4,240,6805,114,18.3553,91.9203,3.84615e-05,0.0312308
4,240,2606,116,-35.5186,142.505,3.84615e-05,0.0312308
4,240,7332,117,-54.1779,-171.9,3.84615e-05,0.0312308
4,240,7853,118,-39.8458,-118.368,3.84615e-05,0.0312308
4,240,2099,120,-37.5791,-64.8772,3.84615e-05,0.0312308
4,240,2008,121,-2.74588,-54.8184,3.84615e-05,0.0312308
4,240,2639,121,-3.0075,-55.1076,3.84615e-05,0.0312308
4,240,2553,123,71.3605,-50.1547,3.84615e-05,0.0312308
4,240,6410,123,71.3651,-50.2041,3.84615e-05,0.0312308
4,240,2164,124,71.1401,97.7971,3.84615e-05,0.0312308
4,240,2311,124,71.0937,97.8958,3.84615e-05,0.0312308
4,240,4084,124,70.8289,97.3107,3.84615e-05,0.0312308
4,240,4187,125,39.9151,113.825,3.84615e-05,0.0312308
4,240,6310,125,40.1277,113.955,3.84615e-05,0.0312308
4,240,7481,126,5.53823,119.821,3.84615e-05,0.0312308
4,240,2921,127,-33.2552,123.535,3.84615e-05,0.0312308
4,240,3265,128,-67.2264,126.471,3.84615e-05,0.0312308
4,240,2071,129,-73.2598,-63.8674,3.84615e-05,0.0312308
4,240,3312,129,-73.6519,-65.3346,3.84615e-05,0.0312308
4,240,5102,129,-73.2681,-64.9286,3.84615e-05,0.0312308
4,240,7009,131,-48.2552,-147.319,3.84615e-05,0.0312308
4,240,7745,132,-44.2085,-93.2888,3.84615e-05,0.0312308
4,240,2269,133,-20.7167,-60.0583,3.84615e-05,0.0312308
4,240,6654,133,-20.8453,-60.1591,3.84615e-05,0.0312308
4,240,7402,134,5.91344,-39.7318,3.84615e-05,0.0312308
4,240,2058,135,31.3131,-9.03775,3.84615e-05,0.0312308
4,240,6183,135,31.5106,-8.72205,3.84615e-05,0.0312308
4,240,4531,136,48.4953,28.2983,3.84615e-05,0.0312308
4,240,5982,136,48.5364,27.5875,3.84615e-05,0.0312308
4,240,3641,137,47.0245,83.6869,3.84615e-05,0.0312308
4,240,6687,137,47.2103,84.2518,3.84615e-05,0.0312308
4,240,7638,138,20.1215,119.702,3.84615e-05,0.0312308
4,240,5123,139,-7.02908,140.537,3.84615e-05,0.0312308
4,240,5194,139,-6.99319,140.289,3.84615e-05,0.0312308
4,240,7352,140,31.0217,152.952,3.84615e-05,0.0312308
4,240,7926,141,-6.98996,158.246,3.84615e-05,0.0312308
4,240,2104,143,-75.2548,161.833,3.84615e-05,0.0312308
4,240,4314,143,-74.9122,162.551,3.84615e-05,0.0312308
4,240,7016,144,-65.1183,-33.0294,3.84615e-05,0.0312308
4,240,6986,145,-30.6609,-18.9834,3.84615e-05,0.0312308
4,240,7995,146,3.08545,-22.4478,3.84615e-05,0.0312308
4,240,7298,147,41.3956,-20.899,3.84615e-05,0.0312308
4,240,6905,148,78.7179,-9.4644,3.84615e-05,0.0312308
4,240,2515,149,67.3368,153.087,3.84615e-05,0.0312308
4,240,5137,149,67.3549,153.059,3.84615e-05,0.0312308
4,240,7852,150,-11.6818,-10.2642,3.84615e-05,0.0312308
4,240,2004,151,18.9789,12.044,3.84615e-05,0.0312308
4,240,4168,151,19.0945,12.1398,3.84615e-05,0.0312308
4,240,2055,152,41.3632,42.6901,3.84615e-05,0.0312308
4,240,2330,153,42.3812,98.0439,3.84615e-05,0.0312308
4,240,4996,153,42.1452,97.9947,3.84615e-05,0.0312308
4,240,7835,155,7.11587,169.919,3.84615e-05,0.0312308
4,240,7570,158,-48.6266,-81.291,3.84615e-05,0.0312308
4,240,6875,159,-29.4253,-39.629,3.84615e-05,0.0312308
4,240,2156,162,-1.97015,17.0334,3.84615e-05,0.0312308
4,240,2700,162,-1.94328,17.2404,3.84615e-05,0.0312308
4,240,3462,163,27.7969,38.476,3.84615e-05,0.0312308
4,240,3942,163,27.9275,37.8748,3.84615e-05,0.0312308
4,240,2587,164,46.0551,76.3289,3.84615e-05,0.0312308
4,240,4147,165,43.607,125.129,3.84615e-05,0.0312308
4,240,7319,166,28.9969,165.83,3.84615e-05,0.0312308
4,240,4970,170,-29.7279,29.2254,3.84615e-05,0.0312308
4,240,2472,171,5.19181,29.751,3.84615e-05,0.0312308
4,240,3489,171,5.53384,30.0363,3.84615e-05,0.0312308
4,240,3294,172,37.9833,34.4339,3.84615e-05,0.0312308
4,240,6972,173,77.1721,43.293,3.84615e-05,0.0312308
4,240,7910,173,76.8859,42.3681,3.84615e-05,0.0312308
4,240,3807,174,65.8651,-141.845,3.84615e-05,0.0312308
4,240,6066,174,65.9369,-141.263,3.84615e-05,0.0312308
4,240,6118,174,65.7509,-141.828,3.84615e-05,0.0312308
4,240,7084,176,-1.33157,-147.32,3.84615e-05,0.0312308
4,240,7384,177,-40.0765,-143.444,3.84615e-05,0.0312308
4,240,4101,178,-77.625,-140.805,3.84615e-05,0.0312308
4,240,2776,179,-70.6315,38.6512,3.84615e-05,0.0312308
4,240,5905,180,-24.4497,34.5134,3.84615e-05,0.0312308
4,240,3182,182,36.5817,74.7984,3.84615e-05,0.0312308
4,240,5179,183,63.3831,110.002,3.84615e-05,0.0312308
4,240,6770,183,63.258,109.589,3.84615e-05,0.0312308
4,240,7872,184,55.216,-179.96,3.84615e-05,0.0312308
4,240,6876,185,29.2525,-141.568,3.84615e-05,0.0312308
4,240,7478,189,-55.2664,7.29349,3.84615e-05,0.0312308
4,240,7712,191,-67.0637,-42.0202,3.84615e-05,0.0312308
4,240,7296,193,-23.0332,63.0983,3.84615e-05,0.0312308
4,240,7686,194,9.50148,68.1775,3.84615e-05,0.0312308
4,240,3641,195,47.0245,83.6869,3.84615e-05,0.0312308
4,240,6687,195,47.2103,84.2518,3.84615e-05,0.0312308
4,240,2891,196,67.4503,134.39,3.84615e-05,0.0312308
4,240,4283,197,60.3503,-139.858,3.84615e-05,0.0312308
4,240,7149,199,-10.3968,-105.971,3.84615e-05,0.0312308
5,300,7226,1,-64.3192,-52.1518,3.84615e-05,0.0386923
5,300,2018,2,-68.6442,52.8068,3.84615e-05,0.0386923
5,300,7304,3,-34.1861,72.3181,3.84615e-05,0.0386923
5,300,7510,4,-2.77838,87.8091,3.84615e-05,0.0386923
5,300,2407,5,33.5763,92.4085,3.84615e-05,0.0386923
5,300,6246,5,33.6388,92.4606,3.84615e-05,0.0386923
5,300,2952,6,66.0268,115.688,3.84615e-05,0.0386923
5,300,3750,6,66.203,116.662,3.84615e-05,0.0386923
5,300,4145,6,66.0585,117.244,3.84615e-05,0.0386923
5,300,2551,7,66.851,-141.848,3.84615e-05,0.0386923
5,300,2537,8,33.4754,-108.903,3.84615e-05,0.0386923
5,300,6766,11,38.0436,140.153,3.84615e-05,0.0386923
5,300,7274,12,51.4414,-168.811,3.84615e-05,0.0386923
5,300,2528,13,37.9524,-121.245,3.84615e-05,0.0386923
5,300,3873,14,15.6798,-92.2812,3.84615e-05,0.0386923
5,300,2530,15,-9.18305,-63.6757,3.84615e-05,0.0386923
5,300,3412,15,-9.18301,-63.9147,3.84615e-05,0.0386923
5,300,6304,15,-8.97107,-63.4532,3.84615e-05,0.0386923
5,300,7202,18,-39.3409,61.6183,3.84615e-05,0.0386923
5,300,7931,19,-19.0042,91.2657,3.84615e-05,0.0386923
5,300,2085,20,-23.4161,-56.4133,3.84615e-05,0.0386923
5,300,7089,21,-53.8893,-39.1427,3.84615e-05,0.0386923
5,300,3589,22,-77.0664,50.0521,3.84615e-05,0.0386923
5,300,4057,22,-77.0219,49.1095,3.84615e-05,0.0386923
5,300,7073,23,-48.7573,115.329,3.84615e-05,0.0386923
5,300,7012,24,-12.6204,118.43,3.84615e-05,0.0386923
5,300,4746,26,56.0088,129.653,3.84615e-05,0.0386923
5,300,5664,26,56.0344,130.396,3.84615e-05,0.0386923
5,300,7398,27,83.4325,-120.267,3.84615e-05,0.0386923
5,300,2885,28,46.8225,-71.9687,3.84615e-05,0.0386923
5,300,6601,28,47.1049,-72.2165,3.84615e-05,0.0386923
5,300,6967,29,13.2685,-56.7884,3.84615e-05,0.0386923
5,300,7275,30,31.5429,-40.1184,3.84615e-05,0.0386923
5,300,4898,31,-6.42462,-37.3354,3.84615e-05,0.0386923
5,300,5156,31,-6.09097,-36.9879,3.84615e-05,0.0386923
5,300,5900,31,-6.12755,-36.9708,3.84615e-05,0.0386923
5,300,7350,32,-41.1147,-45.5454,3.84615e-05,0.0386923
5,300,6493,33,-74.6217,-64.1681,3.84615e-05,0.0386923
5,300,3808,34,-67.6415,137.009,3.84615e-05,0.0386923
5,300,2196,35,-33.6357,141.447,3.84615e-05,0.0386923
5,300,2665,37,43.1114,142.162,3.84615e-05,0.0386923
5,300,5610,38,75.3778,113.018,3.84615e-05,0.0386923
5,300,2557,39,69.4158,-30.7902,3.84615e-05,0.0386923
5,300,7706,40,38.316,-66.3542,3.84615e-05,0.0386923
5,300,7956,40,37.9224,-66.2611,3.84615e-05,0.0386923
5,300,7818,43,-40.9158,13.5969,3.84615e-05,0.0386923
5,300,7328,44,-54.3322,61.9507,3.84615e-05,0.0386923
5,300,7680,45,-37.804,114.726,3.84615e-05,0.0386923
5,300,2372,46,-15.9251,142.274,3.84615e-05,0.0386923
5,300,7115,47,9.66082,169.096,3.84615e-05,0.0386923
5,300,2386,49,55.6133,-117.433,3.84615e-05,0.0386923
5,300,3788,52,48.6577,-95.0294,3.84615e-05,0.0386923
5,300,4884,52,48.1995,-95.4909,3.84615e-05,0.0386923
5,300,7967,53,44.9076,-44.7136,3.84615e-05,0.0386923
5,300,2256,54,19.9491,-14.3881,3.84615e-05,0.0386923
5,300,7987,55,-13.1193,4.71689,3.84615e-05,0.0386923
5,300,7038,57,-55.9266,82.6873,3.84615e-05,0.0386923
5,300,7825,58,-44.002,133.645,3.84615e-05,0.0386923
5,300,6863,59,-18.445,161.592,3.84615e-05,0.0386923
5,300,7195,61,-46.3165,136.221,3.84615e-05,0.0386923
5,300,6817,64,30.2297,-137.355,3.84615e-05,0.0386923
5,300,3058,65,55.686,-103.498,3.84615e-05,0.0386923
5,300,5548,65,55.956,-104.386,3.84615e-05,0.0386923
5,300,5690,65,55.6728,-103.261,3.84615e-05,0.0386923
5,300,7676,66,49.7091,-46.7663,3.84615e-05,0.0386923
5,300,3185,67,26.8596,-3.01826,3.84615e-05,0.0386923
5,300,5212,67,26.9575,-3.62024,3.84615e-05,0.0386923
5,300,4509,68,1.41171,16.0565,3.84615e-05,0.0386923
5,300,5413,68,1.36861,16.472,3.84615e-05,0.0386923
5,300,7696,71,-64.7006,110.48,3.84615e-05,0.0386923
5,300,7786,71,-65.1829,109.694,3.84615e-05,0.0386923
5,300,7020,72,-50.6564,-179.967,3.84615e-05,0.0386923
5,300,6935,73,-20.1429,-152.074,3.84615e-05,0.0386923
5,300,7844,74,12.9054,-138.556,3.84615e-05,0.0386923
5,300,5056,75,45.7055,-120.788,3.84615e-05,0.0386923
5,300,5294,76,70.3175,-73.7795,3.84615e-05,0.0386923
5,300,2176,77,51.1369,5.28795,3.84615e-05,0.0386923
5,300,2507,78,18.8382,22.5448,3.84615e-05,0.0386923
5,300,6655,78,19.1583,22.5053,3.84615e-05,0.0386923
5,300,2382,79,-10.0941,38.8664,3.84615e-05,0.0386923
5,300,6142,79,-9.80988,38.7835,3.84615e-05,0.0386923
5,300,7634,81,-12.2894,-131.96,3.84615e-05,0.0386923
5,300,7098,82,17.8611,-116.265,3.84615e-05,0.0386923
5,300,3976,83,48.133,-90.3743,3.84615e-05,0.0386923
5,300,4326,83,48.155,-90.3569,3.84615e-05,0.0386923
5,300,3761,85,43.1089,26.9638,3.84615e-05,0.0386923
5,300,4095,85,42.9022,27.1769,3.84615e-05,0.0386923
5,300,3472,86,9.54412,41.8815,3.84615e-05,0.0386923
5,300,3772,86,9.34811,41.96,3.84615e-05,0.0386923
5,300,7796,88,-52.731,87.9543,3.84615e-05,0.0386923
5,300,7977,89,-60.4348,147.832,3.84615e-05,0.0386923
5,300,2301,91,47.3464,-1.74951,3.84615e-05,0.0386923
5,300,2377,92,29.688,40.7067,3.84615e-05,0.0386923
5,300,4034,92,29.7507,40.6459,3.84615e-05,0.0386923
5,300,7529,93,1.41742,65.2358,3.84615e-05,0.0386923
5,300,7931,94,-19.0042,91.2657,3.84615e-05,0.0386923
5,300,6979,96,-47.698,177.505,3.84615e-05,0.0386923
5,300,7278,98,0.0176239,-115.92,3.84615e-05,0.0386923
5,300,2523,100,78.2661,-67.5387,3.84615e-05,0.0386923
5,300,3681,100,78.0386,-66.4836,3.84615e-05,0.0386923
5,300,2177,101,66.2631,74.1754,3.84615e-05,0.0386923
5,300,3156,101,65.99,74.2401,3.84615e-05,0.0386923
5,300,2067,102,30.9555,82.7062,3.84615e-05,0.0386923
5,300,6952,104,-42.171,92.968,3.84615e-05,0.0386923
5,300,2289,105,-78.4061,86.5531,3.84615e-05,0.0386923
5,300,6193,105,-78.6074,87.8351,3.84615e-05,0.0386923
5,300,7591,107,-30.5531,-97.3498,3.84615e-05,0.0386923
5,300,2172,109,42.6971,-85.5658,3.84615e-05,0.0386923
5,300,6013,109,42.3122,-85.9183,3.84615e-05,0.0386923
5,300,7024,110,15.5032,-62.2232,3.84615e-05,0.0386923
5,300,6880,111,43.9275,-37.7025,3.84615e-05,0.0386923
5,300,2980,112,50.6864,13.7283,3.84615e-05,0.0386923
5,300,3065,113,36.8219,65.0534,3.84615e-05,0.0386923
5,300,4106,113,36.4459,65.2399,3.84615e-05,0.0386923
5,300,7134,114,12.3372,91.5416,3.84615e-05,0.0386923
5,300,6999,115,-14.4057,118.629,3.84615e-05,0.0386923
5,300,4987,116,-38.7938,145.154,3.84615e-05,0.0386923
5,300,7122,117,-55.768,-160.182,3.84615e-05,0.0386923
5,300,2307,120,-35.3508,-59.1081,3.84615e-05,0.0386923
5,300,2501,121,3.1275,-59.8954,3.84615e-05,0.0386923
5,300,5065,121,3.31782,-60.3192,3.84615e-05,0.0386923
5,300,7934,122,35.8466,-58.6846,3.84615e-05,0.0386923
5,300,2219,123,70.0214,-30.1085,3.84615e-05,0.0386923
5,300,2828,124,72.0477,111.98,3.84615e-05,0.0386923
5,300,6448,124,72.146,111.89,3.84615e-05,0.0386923
5,300,2631,125,35.0543,115.317,3.84615e-05,0.0386923
5,300,5064,125,34.8252,115.063,3.84615e-05,0.0386923
5,300,3727,126,-1.94952,120.311,3.84615e-05,0.0386923
5,300,3247,128,-73.6167,139.292,3.84615e-05,0.0386923
5,300,4228,129,-69.9442,-66.8936,3.84615e-05,0.0386923
5,300,5166,129,-69.9486,-67.2734,3.84615e-05,0.0386923
5,300,7313,130,-32.6342,174.852,3.84615e-05,0.0386923
5,300,7640,131,-55.7701,-143.652,3.84615e-05,0.0386923
5,300,7885,132,-46.4774,-84.5341,3.84615e-05,0.0386923
5,300,2884,133,-22.4368,-51.3635,3.84615e-05,0.0386923
5,300,6122,133,-22.769,-51.663,3.84615e-05,0.0386923
5,300,7558,134,10.4467,-36.6374,3.84615e-05,0.0386923
5,300,2180,135,31.946,-7.92856,3.84615e-05,0.0386923
5,300,3622,135,31.9636,-8.49219,3.84615e-05,0.0386923
5,300,2899,136,56.4994,37.7632,3.84615e-05,0.0386923
5,300,3176,136,56.7345,36.9981,3.84615e-05,0.0386923
5,300,4250,136,57.347,37.4509,3.84615e-05,0.0386923
5,300,4550,136,56.4309,36.6182,3.84615e-05,0.0386923
5,300,2850,137,46.0646,88.6285,3.84615e-05,0.0386923
5,300,7930,138,20.2429,121.167,3.84615e-05,0.0386923
5,300,3682,139,-8.33224,142.946,3.84615e-05,0.0386923
5,300,7166,140,26.6223,154.316,3.84615e-05,0.0386923
5,300,7075,142,-43.792,167.719,3.84615e-05,0.0386923
5,300,2093,143,-81.8686,159.616,3.84615e-05,0.0386923
5,300,7198,144,-60.8143,-34.9171,3.84615e-05,0.0386923
5,300,7495,145,-26.4897,-25.5611,3.84615e-05,0.0386923
5,300,7986,146,10.6622,-19.1343,3.84615e-05,0.0386923
5,300,2854,148,80.4965,-19.5141,3.84615e-05,0.0386923
5,300,3603,149,64.789,156.313,3.84615e-05,0.0386923
5,300,4112,149,64.8835,157.459,3.84615e-05,0.0386923
5,300,4108,151,17.1721,19.2132,3.84615e-05,0.0386923
5,300,4435,151,17.2283,19.7325,3.84615e-05,0.0386923
5,300,4276,152,43.1577,50.6266,3.84615e-05,0.0386923
5,300,6165,152,43.3386,50.5581,3.84615e-05,0.0386923
5,300,2275,153,43.471,99.8153,3.84615e-05,0.0386923
5,300,7422,155,3.18272,168.401,3.84615e-05,0.0386923
5,300,7424,156,-21.7508,-165.812,3.84615e-05,0.0386923
5,300,6808,159,-31.0219,-33.2912,3.84615e-05,0.0386923
5,300,7350,160,-41.1147,-45.5454,3.84615e-05,0.0386923
5,300,7519,161,-24.312,-12.092,3.84615e-05,0.0386923
5,300,2750,162,1.42826,13.1086,3.84615e-05,0.0386923
5,300,3326,162,1.23008,13.2226,3.84615e-05,0.0386923
5,300,2377,163,29.688,40.7067,3.84615e-05,0.0386923
5,300,3730,163,30.2421,40.5382,3.84615e-05,0.0386923
5,300,4034,163,29.7507,40.6459,3.84615e-05,0.0386923
5,300,2214,164,41.9197,82.0953,3.84615e-05,0.0386923
5,300,2420,165,45.7104,134.555,3.84615e-05,0.0386923
5,300,2748,165,45.83,134.34,3.84615e-05,0.0386923
5,300,7895,166,23.2457,167.449,3.84615e-05,0.0386923
5,300,6824,168,-23.1562,-136.069,3.84615e-05,0.0386923
5,300,3140,170,-27.5496,29.9132,3.84615e-05,0.0386923
5,300,6237,170,-27.2814,30.2083,3.84615e-05,0.0386923
5,300,4807,171,6.86278,30.5658,3.84615e-05,0.0386923
5,300,5246,171,6.91271,30.0078,3.84615e-05,0.0386923
5,300,5513,171,6.78617,29.8351,3.84615e-05,0.0386923
5,300,5754,171,6.54388,30.1699,3.84615e-05,0.0386923
5,300,3761,172,43.1089,26.9638,3.84615e-05,0.0386923
5,300,4095,172,42.9022,27.1769,3.84615e-05,0.0386923
5,300,4610,172,42.83,27.7849,3.84615e-05,0.0386923
5,300,6987,173,77.2546,49.7505,3.84615e-05,0.0386923
5,300,7008,173,77.6125,48.4326,3.84615e-05,0.0386923
5,300,2551,174,66.851,-141.848,3.84615e-05,0.0386923
5,300,7034,176,-8.26713,-149.408,3.84615e-05,0.0386923
5,300,7794,177,-42.458,-143.846,3.84615e-05,0.0386923
5,300,2487,178,-80.3169,-136.599,3.84615e-05,0.0386923
5,300,6965,179,-62.4235,28.0864,3.84615e-05,0.0386923
5,300,7765,180,-24.0273,42.2889,3.84615e-05,0.0386923
5,300,7639,181,10.7872,52.1884,3.84615e-05,0.0386923
5,300,2856,182,38.4464,71.8214,3.84615e-05,0.0386923
5,300,3750,183,66.203,116.662,3.84615e-05,0.0386923
5,300,4145,183,66.0585,117.244,3.84615e-05,0.0386923
5,300,7274,184,51.4414,-168.811,3.84615e-05,0.0386923
5,300,7174,187,-42.2312,-107.871,3.84615e-05,0.0386923
5,300,7885,190,-46.4774,-84.5341,3.84615e-05,0.0386923
5,300,4968,194,14.5694,76.8111,3.84615e-05,0.0386923
5,300,4423,195,46.1168,83.426,3.84615e-05,0.0386923
5,300,3367,196,69.7082,151.477,3.84615e-05,0.0386923
5,300,6742,197,56.3026,-133.877,3.84615e-05,0.0386923
5,300,6906,198,22.9006,-114.544,3.84615e-05,0.0386923
5,300,7401,199,-11.9281,-106.251,3.84615e-05,0.0386923
6,360,6827,0,-34.2787,-77.981,3.84615e-05,0.0454615
6,360,7254,0,-33.9356,-78.1786,3.84615e-05,0.0454615
6,360,6834,1,-65.2812,-44.0051,3.84615e-05,0.0454615
6,360,2628,2,-69.347,56.5277,3.84615e-05,0.0454615
6,360,2459,5,34.6069,92.6013,3.84615e-05,0.0454615
6,360,6762,5,34.517,92.2334,3.84615e-05,0.0454615
6,360,2060,6,67.2437,121.33,3.84615e-05,0.0454615
6,360,2103,7,66.8779,-122.151,3.84615e-05,0.0454615
6,360,2432,8,32.9028,-99.2406,3.84615e-05,0.0454615
6,360,4711,8,32.8576,-99.6535,3.84615e-05,0.0454615
6,360,6957,11,41.0505,144.594,3.84615e-05,0.0454615
6,360,2059,13,39.7516,-116.8,3.84615e-05,0.0454615
6,360,3112,14,14.0956,-85.4406,3.84615e-05,0.0454615
6,360,5184,15,-16.451,-65.3271,3.84615e-05,0.0454615
6,360,6292,15,-16.3704,-64.9057,3.84615e-05,0.0454615
6,360,6853,18,-35.1811,63.1713,3.84615e-05,0.0454615
6,360,7035,19,-9.6187,91.5273,3.84615e-05,0.0454615
6,360,5236,20,-26.024,-50.1924,3.84615e-05,0.0454615
6,360,5976,20,-26.14,-50.4241,3.84615e-05,0.0454615
6,360,7007,21,-61.9161,-42.0976,3.84615e-05,0.0454615
6,360,2543,22,-75.9217,65.7881,3.84615e-05,0.0454615
6,360,4434,22,-76.1766,66.8572,3.84615e-05,0.0454615
6,360,7268,24,-9.18645,120.135,3.84615e-05,0.0454615
6,360,2376,26,62.6423,135.284,3.84615e-05,0.0454615
6,360,2158,27,80.0764,-93.6343,3.84615e-05,0.0454615
6,360,2325,28,47.3226,-65.1025,3.84615e-05,0.0454615
6,360,2365,29,9.06083,-62.5484,3.84615e-05,0.0454615
6,360,6934,30,28.0312,-35.8776,3.84615e-05,0.0454615
6,360,3249,31,-9.43853,-37.3477,3.84615e-05,0.0454615
6,360,6811,32,-45.4181,-38.9035,3.84615e-05,0.0454615
6,360,4527,33,-81.4926,-40.1859,3.84615e-05,0.0454615
6,360,2510,35,-28.0006,137.735,3.84615e-05,0.0454615
6,360,6913,36,9.8772,141.823,3.84615e-05,0.0454615
6,360,4476,37,44.4838,142.489,3.84615e-05,0.0454615
6,360,4618,37,44.8574,142.011,3.84615e-05,0.0454615
6,360,6807,37,44.7005,141.477,3.84615e-05,0.0454615
6,360,7112,42,-17.5717,-10.2958,3.84615e-05,0.0454615
6,360,7753,43,-37.587,20.8007,3.84615e-05,0.0454615
6,360,7433,46,-11.1825,147.661,3.84615e-05,0.0454615
6,360,2831,49,52.8315,-114.24,3.84615e-05,0.0454615
6,360,6966,51,41.064,-141.111,3.84615e-05,0.0454615
6,360,2555,52,53.616,-90.8232,3.84615e-05,0.0454615
6,360,7380,53,40.7985,-43.5931,3.84615e-05,0.0454615
6,360,4056,54,14.8642,-11.6194,3.84615e-05,0.0454615
6,360,5155,54,14.5537,-11.4074,3.84615e-05,0.0454615
6,360,6162,55,-14.5576,12.1048,3.84615e-05,0.0454615
6,360,7234,57,-47.9766,84.6897,3.84615e-05,0.0454615
6,360,7873,59,-13.2203,167.807,3.84615e-05,0.0454615
6,360,7363,61,-51.2348,145.79,3.84615e-05,0.0454615
6,360,7538,64,33.6406,-140.998,3.84615e-05,0.0454615
6,360,2926,65,55.3717,-96.0779,3.84615e-05,0.0454615
6,360,7257,66,51.5303,-37.1497,3.84615e-05,0.0454615
6,360,4001,67,21.5837,-6.77431,3.84615e-05,0.0454615
6,360,4905,67,20.9671,-6.65474,3.84615e-05,0.0454615
6,360,6329,67,21.0943,-6.91464,3.84615e-05,0.0454615
6,360,2329,68,-6.80719,14.6179,3.84615e-05,0.0454615
6,360,6177,68,-7.19033,14.2868,3.84615e-05,0.0454615
6,360,2138,71,-69.9433,113.544,3.84615e-05,0.0454615
6,360,6955,73,-15.4483,-158.16,3.84615e-05,0.0454615
6,360,7015,74,15.4884,-139.861,3.84615e-05,0.0454615
6,360,3945,75,48.3933,-116.544,3.84615e-05,0.0454615
6,360,7186,76,72.3744,-67.7455,3.84615e-05,0.0454615
6,360,3771,77,46.8162,0.971512,3.84615e-05,0.0454615
6,360,5242,77,46.8453,1.90356,3.84615e-05,0.0454615
6,360,5355,77,46.805,1.36929,3.84615e-05,0.0454615
6,360,2445,78,16.1309,22.1567,3.84615e-05,0.0454615
6,360,3178,78,16.0238,21.7045,3.84615e-05,0.0454615
6,360,5907,78,16.1835,22.2331,3.84615e-05,0.0454615
6,360,2271,79,-17.2098,35.2265,3.84615e-05,0.0454615
6,360,7418,81,-5.84529,-136.49,3.84615e-05,0.0454615
6,360,7886,82,24.2035,-121.206,3.84615e-05,0.0454615
6,360,2318,83,49.0903,-86.4017,3.84615e-05,0.0454615
6,360,2231,85,39.2587,20.8567,3.84615e-05,0.0454615
6,360,4253,86,5.89266,45.4547,3.84615e-05,0.0454615
6,360,6058,86,5.53173,45.5176,3.84615e-05,0.0454615
6,360,7763,87,-23.9387,60.8691,3.84615e-05,0.0454615
6,360,7373,89,-57.6287,155.287,3.84615e-05,0.0454615
6,360,3771,91,46.8162,0.971512,3.84615e-05,0.0454615
6,360,5242,91,46.8453,1.90356,3.84615e-05,0.0454615
6,360,5355,91,46.805,1.36929,3.84615e-05,0.0454615
6,360,3397,92,25.9861,38.8283,3.84615e-05,0.0454615
6,360,7237,96,-43.1101,-179.473,3.84615e-05,0.0454615
6,360,7951,97,-23.6393,-139.435,3.84615e-05,0.0454615
6,360,6940,98,1.90932,-115.564,3.84615e-05,0.0454615
6,360,7029,99,22.6867,-85.4301,3.84615e-05,0.0454615
6,360,2158,100,80.0764,-93.6343,3.84615e-05,0.0454615
6,360,2878,101,60.2927,77.9641,3.84615e-05,0.0454615
6,360,3195,101,59.9003,77.9462,3.84615e-05,0.0454615
6,360,3197,102,26.9473,88.4029,3.84615e-05,0.0454615
6,360,4071,102,26.8283,88.8579,3.84615e-05,0.0454615
6,360,4468,102,27.2222,89.3724,3.84615e-05,0.0454615
6,360,6353,102,26.8227,88.8825,3.84615e-05,0.0454615
6,360,7234,104,-47.9766,84.6897,3.84615e-05,0.0454615
6,360,2626,105,-82.5355,122.363,3.84615e-05,0.0454615
6,360,5138,105,-82.3809,122.561,3.84615e-05,0.0454615
6,360,2453,109,44.4393,-86.3358,3.84615e-05,0.0454615
6,360,6033,109,44.688,-85.5538,3.84615e-05,0.0454615
6,360,6249,109,44.1488,-86.1538,3.84615e-05,0.0454615
6,360,7819,110,15.9229,-61.0673,3.84615e-05,0.0454615
6,360,2475,112,49.1796,23.4416,3.84615e-05,0.0454615
6,360,3525,113,35.9706,70.7077,3.84615e-05,0.0454615
6,360,4301,113,36.0005,70.3333,3.84615e-05,0.0454615
6,360,5414,113,35.8131,70.5161,3.84615e-05,0.0454615
6,360,7082,114,11.7875,97.0152,3.84615e-05,0.0454615
6,360,2989,115,-20.5704,118.508,3.84615e-05,0.0454615
6,360,2109,116,-43.89,146.553,3.84615e-05,0.0454615
6,360,7579,117,-56.2277,-156.445,3.84615e-05,0.0454615
6,360,7429,119,-10.108,-85.7355,3.84615e-05,0.0454615
6,360,3511,120,-30.1599,-63.9032,3.84615e-05,0.0454615
6,360,6288,120,-30.4135,-64.3078,3.84615e-05,0.0454615
6,360,2278,121,5.44825,-59.7233,3.84615e-05,0.0454615
6,360,4847,121,5.22231,-59.4441,3.84615e-05,0.0454615
6,360,5231,121,5.36303,-59.7488,3.84615e-05,0.0454615
6,360,2300,123,74.6203,-50.5118,3.84615e-05,0.0454615
6,360,5322,123,74.345,-51.7968,3.84615e-05,0.0454615
6,360,2603,124,65.2815,110.881,3.84615e-05,0.0454615
6,360,3029,125,32.8013,113.195,3.84615e-05,0.0454615
6,360,3033,126,-3.9861,119.444,3.84615e-05,0.0454615
6,360,2011,128,-72.6079,155.639,3.84615e-05,0.0454615
6,360,2908,129,-68.1987,-66.7966,3.84615e-05,0.0454615
6,360,2121,130,-41.5608,172.687,3.84615e-05,0.0454615
6,360,6887,131,-50.7396,-136.693,3.84615e-05,0.0454615
6,360,7662,132,-41.9841,-86.3149,3.84615e-05,0.0454615
6,360,2674,133,-15.5081,-55.7782,3.84615e-05,0.0454615
6,360,5021,133,-15.5303,-56.4283,3.84615e-05,0.0454615
6,360,7303,134,9.22183,-30.546,3.84615e-05,0.0454615
6,360,4031,135,37.332,-2.6566,3.84615e-05,0.0454615
6,360,2031,136,57.518,44.1563,3.84615e-05,0.0454615
6,360,2126,137,45.3807,101.751,3.84615e-05,0.0454615
6,360,7541,140,22.2927,152.624,3.84615e-05,0.0454615
6,360,7434,141,-9.65942,160.149,3.84615e-05,0.0454615
6,360,6915,142,-45.8184,161.698,3.84615e-05,0.0454615
6,360,2985,143,-86.2423,161.03,3.84615e-05,0.0454615
6,360,6946,146,11.4715,-24.571,3.84615e-05,0.0454615
6,360,6857,148,80.3939,34.3033,3.84615e-05,0.0454615
6,360,5591,149,61.3872,146.134,3.84615e-05,0.0454615
6,360,5746,149,61.1519,146.508,3.84615e-05,0.0454615
6,360,7809,150,-0.172226,-9.44031,3.84615e-05,0.0454615
6,360,3447,151,24.0663,16.9533,3.84615e-05,0.0454615
6,360,4310,151,24.1389,17.3245,3.84615e-05,0.0454615
6,360,2810,152,39.8866,55.0029,3.84615e-05,0.0454615
6,360,2923,153,47.9003,105.701,3.84615e-05,0.0454615
6,360,3615,153,48.056,105.83,3.84615e-05,0.0454615
6,360,7736,155,2.00101,170.696,3.84615e-05,0.0454615
6,360,7751,156,-18.6943,-159.549,3.84615e-05,0.0454615
6,360,5608,158,-45.8421,-72.3358,3.84615e-05,0.0454615
6,360,6891,159,-30.7182,-31.4484,3.84615e-05,0.0454615
6,360,6811,160,-45.4181,-38.9035,3.84615e-05,0.0454615
6,360,2140,162,2.09018,17.8267,3.84615e-05,0.0454615
6,360,2702,163,32.2984,43.1642,3.84615e-05,0.0454615
6,360,2789,163,31.9232,42.9863,3.84615e-05,0.0454615
6,360,4214,163,31.717,42.723,3.84615e-05,0.0454615
6,360,3014,164,42.4626,86.8824,3.84615e-05,0.0454615
6,360,4618,165,44.8574,142.011,3.84615e-05,0.0454615
6,360,6807,165,44.7005,141.477,3.84615e-05,0.0454615
6,360,7914,166,22.2077,169.687,3.84615e-05,0.0454615
6,360,7740,167,-6.37997,-164.683,3.84615e-05,0.0454615
6,360,2657,170,-24.8408,28.1861,3.84615e-05,0.0454615
6,360,4780,171,13.3842,29.2817,3.84615e-05,0.0454615
6,360,4822,171,13.4573,29.1146,3.84615e-05,0.0454615
6,360,5423,171,13.4042,28.927,3.84615e-05,0.0454615
6,360,2253,172,47.3808,37.651,3.84615e-05,0.0454615
6,360,2542,172,47.7572,37.1251,3.84615e-05,0.0454615
6,360,7145,173,81.3166,28.2682,3.84615e-05,0.0454615
6,360,3207,174,60.6481,-143.434,3.84615e-05,0.0454615
6,360,5297,174,60.6053,-143.444,3.84615e-05,0.0454615
6,360,7688,176,-13.8253,-150.748,3.84615e-05,0.0454615
6,360,7331,177,-46.054,-153.23,3.84615e-05,0.0454615
6,360,4470,178,-82.9126,-126.516,3.84615e-05,0.0454615
6,360,4956,180,-22.2935,43.2693,3.84615e-05,0.0454615
6,360,7837,181,12.7546,52.7415,3.84615e-05,0.0454615
6,360,3053,182,41.0827,76.2142,3.84615e-05,0.0454615
6,360,2060,183,67.2437,121.33,3.84615e-05,0.0454615
6,360,3254,183,66.928,122.675,3.84615e-05,0.0454615
6,360,7720,184,51.6383,-159.58,3.84615e-05,0.0454615
6,360,7251,185,21.9527,-138.809,3.84615e-05,0.0454615
6,360,7820,186,-9.15281,-122.81,3.84615e-05,0.0454615
6,360,7924,190,-49.8768,-85.6374,3.84615e-05,0.0454615
6,360,4354,191,-74.5404,-11.4136,3.84615e-05,0.0454615
6,360,7160,193,-15.6874,65.5966,3.84615e-05,0.0454615
6,360,4094,194,18.4151,77.1089,3.84615e-05,0.0454615
6,360,2783,195,48.4555,97.4364,3.84615e-05,0.0454615
6,360,4769,195,48.9616,97.6027,3.84615e-05,0.0454615
6,360,3100,196,69.5075,159.934,3.84615e-05,0.0454615
6,360,7584,199,-16.6021,-103.694,3.84615e-05,0.0454615
7,420,6964,0,-35.5307,-79.3442,3.84615e-05,0.052
7,420,7701,2,-60.3316,51.1004,3.84615e-05,0.052
7,420,7582,3,-31.4243,78.7413,3.84615e-05,0.052
7,420,3120,5,39.2223,92.4957,3.84615e-05,0.052
7,420,4913,5,38.7332,92.8147,3.84615e-05,0.052
7,420,3164,6,66.8754,141.979,3.84615e-05,0.052
7,420,3318,7,62.642,-134.319,3.84615e-05,0.052
7,420,4727,7,62.7794,-135.657,3.84615e-05,0.052
7,420,3634,8,28.3035,-104.338,3.84615e-05,0.052
7,420,3919,8,28.154,-104.387,3.84615e-05,0.052
7,420,2973,10,17.5703,120.334,3.84615e-05,0.052
7,420,3547,10,17.8465,120.531,3.84615e-05,0.052
7,420,7824,12,52.6586,-159.571,3.84615e-05,0.052
7,420,2988,13,36.7855,-116.106,3.84615e-05,0.052
7,420,2504,15,-14.9326,-58.5626,3.84615e-05,0.052
7,420,7927,16,-40.1657,-26.6814,3.84615e-05,0.052
7,420,7491,18,-35.6682,63.1946,3.84615e-05,0.052
7,420,7608,19,-6.84173,94.2172,3.84615e-05,0.052
7,420,2808,20,-27.5234,-56.6614,3.84615e-05,0.052
7,420,2032,22,-75.707,68.5372,3.84615e-05,0.052
7,420,7633,24,-9.16839,121.945,3.84615e-05,0.052
7,420,6981,25,30.0568,125.832,3.84615e-05,0.052
7,420,2252,26,64.2478,137.931,3.84615e-05,0.052
7,420,4377,27,72.986,-107.313,3.84615e-05,0.052
7,420,4659,28,45.6169,-63.6587,3.84615e-05,0.052
7,420,2293,29,5.30732,-58.2082,3.84615e-05,0.052
7,420,7377,30,23.7976,-42.715,3.84615e-05,0.052
7,420,2210,31,-10.7307,-43.0826,3.84615e-05,0.052
7,420,7864,32,-46.1332,-46.6288,3.84615e-05,0.052
7,420,3226,33,-81.6429,-92.2414,3.84615e-05,0.052
7,420,6083,33,-81.6059,-90.9932,3.84615e-05,0.052
7,420,3017,35,-25.8146,142.701,3.84615e-05,0.052
7,420,7513,36,11.3253,137.001,3.84615e-05,0.052
7,420,3492,37,47.3098,134.517,3.84615e-05,0.052
7,420,7136,42,-16.2772,-4.97202,3.84615e-05,0.052
7,420,2314,45,-33.5002,120.533,3.84615e-05,0.052
7,420,3048,45,-33.7057,120.287,3.84615e-05,0.052
7,420,5569,46,-9.93919,147.494,3.84615e-05,0.052
7,420,7022,47,18.8712,173.356,3.84615e-05,0.052
7,420,7191,48,45.2309,-159.235,3.84615e-05,0.052
7,420,2272,49,51.5596,-108.622,3.84615e-05,0.052
7,420,6545,49,51.8194,-108.01,3.84615e-05,0.052
7,420,7774,50,20.2051,-170.91,3.84615e-05,0.052
7,420,7215,51,39.3012,-136.187,3.84615e-05,0.052
7,420,2767,52,47.6079,-88.2516,3.84615e-05,0.052
7,420,7775,53,34.6859,-38.7562,3.84615e-05,0.052
7,420,5031,54,13.37,-9.1541,3.84615e-05,0.052
7,420,2339,55,-15.5645,13.7326,3.84615e-05,0.052
7,420,6816,56,-39.1756,43.5071,3.84615e-05,0.052
7,420,7788,57,-47.2264,93.4769,3.84615e-05,0.052
7,420,3437,58,-32.4276,138.903,3.84615e-05,0.052
7,420,3826,58,-32.8918,138.732,3.84615e-05,0.052
7,420,7719,59,-7.17817,167.072,3.84615e-05,0.052
7,420,7593,60,-56.172,88.556,3.84615e-05,0.052
7,420,6963,62,-23.517,-179.4,3.84615e-05,0.052
7,420,7427,63,9.08531,-162.949,3.84615e-05,0.052
7,420,7215,64,39.3012,-136.187,3.84615e-05,0.052
7,420,3799,65,50.4992,-91.5861,3.84615e-05,0.052
7,420,2719,67,19.3568,-5.34807,3.84615e-05,0.052
7,420,2894,67,19.0622,-5.10951,3.84615e-05,0.052
7,420,2349,68,-9.19445,20.564,3.84615e-05,0.052
7,420,6816,69,-39.1756,43.5071,3.84615e-05,0.052
7,420,3227,71,-69.1739,135.862,3.84615e-05,0.052
7,420,4093,71,-69.1235,135.56,3.84615e-05,0.052
7,420,7286,72,-45.0628,-173.498,3.84615e-05,0.052
7,420,7249,73,-16.2071,-152.733,3.84615e-05,0.052
7,420,2902,75,53.3867,-120.747,3.84615e-05,0.052
7,420,2860,76,71.3396,-51.1303,3.84615e-05,0.052
7,420,2189,77,46.3346,4.36739,3.84615e-05,0.052
7,420,5174,77,46.1717,4.66747,3.84615e-05,0.052
7,420,2392,78,16.2167,28.0096,3.84615e-05,0.052
7,420,7583,79,-18.8942,43.0797,3.84615e-05,0.052
7,420,7032,80,-34.9031,-153.905,3.84615e-05,0.052
7,420,3394,82,24.5733,-111.209,3.84615e-05,0.052
7,420,5633,82,24.4982,-111.585,3.84615e-05,0.052
7,420,5792,82,24.2352,-111.47,3.84615e-05,0.052
7,420,6008,82,24.3167,-111.928,3.84615e-05,0.052
7,420,2131,83,51.698,-81.2624,3.84615e-05,0.052
7,420,7033,84,60.0787,-10.2704,3.84615e-05,0.052
7,420,4164,85,36.2017,29.6545,3.84615e-05,0.052
7,420,2026,86,3.97797,45.0298,3.84615e-05,0.052
7,420,7802,88,-57.9074,96.4867,3.84615e-05,0.052
7,420,7185,89,-57.2287,161.116,3.84615e-05,0.052
7,420,4371,91,43.1038,3.65024,3.84615e-05,0.052
7,420,2813,92,20.9836,41.9743,3.84615e-05,0.052
7,420,7286,96,-45.0628,-173.498,3.84615e-05,0.052
7,420,7366,98,4.94717,-113.012,3.84615e-05,0.052
7,420,3392,99,27.9118,-81.5217,3.84615e-05,0.052
7,420,4855,99,27.6629,-81.7457,3.84615e-05,0.052
7,420,5329,100,82.4576,-46.0845,3.84615e-05,0.052
7,420,2366,101,56.498,75.8757,3.84615e-05,0.052
7,420,4208,102,20.4959,85.6453,3.84615e-05,0.052
7,420,5343,102,20.2932,85.3381,3.84615e-05,0.052
7,420,7442,103,-13.5091,83.9146,3.84615e-05,0.052
7,420,7788,104,-47.2264,93.4769,3.84615e-05,0.052
7,420,6602,105,-82.8898,154.057,3.84615e-05,0.052
7,420,6701,105,-82.9539,152.589,3.84615e-05,0.052
7,420,6429,108,14.8688,-91.3003,3.84615e-05,0.052
7,420,2767,109,47.6079,-88.2516,3.84615e-05,0.052
7,420,3422,112,53.3903,28.7561,3.84615e-05,0.052
7,420,5680,112,53.5154,28.4796,3.84615e-05,0.052
7,420,2274,113,33.1367,67.8443,3.84615e-05,0.052
7,420,3581,114,8.78348,99.9697,3.84615e-05,0.052
7,420,3079,115,-23.3893,117.546,3.84615e-05,0.052
7,420,7482,116,-47.5495,153.449,3.84615e-05,0.052
7,420,3578,119,-7.50253,-78.6113,3.84615e-05,0.052
7,420,2522,120,-30.0555,-58.2005,3.84615e-05,0.052
7,420,2811,120,-29.647,-58.7105,3.84615e-05,0.052
7,420,3675,121,5.48314,-54.4996,3.84615e-05,0.052
7,420,4221,121,5.41785,-54.4647,3.84615e-05,0.052
7,420,3445,123,74.9007,-25.8803,3.84615e-05,0.052
7,420,4603,123,75.2875,-26.6432,3.84615e-05,0.052
7,420,4268,124,63.1514,100.787,3.84615e-05,0.052
7,420,5093,124,62.8484,100.096,3.84615e-05,0.052
7,420,2823,125,27.4155,114.787,3.84615e-05,0.052
7,420,2941,126,-9.94588,124.617,3.84615e-05,0.052
7,420,3522,126,-9.70175,124.911,3.84615e-05,0.052
7,420,2513,128,-76.5433,145.78,3.84615e-05,0.052
7,420,3324,128,-76.2163,146.259,3.84615e-05,0.052
7,420,5831,130,-38.2756,176.286,3.84615e-05,0.052
7,420,7349,131,-51.1779,-135.777,3.84615e-05,0.052
7,420,7457,131,-51.6747,-134.962,3.84615e-05,0.052
7,420,7181,132,-37.2454,-82.2521,3.84615e-05,0.052
7,420,2948,133,-13.9692,-49.9201,3.84615e-05,0.052
7,420,3714,133,-13.9134,-50.0809,3.84615e-05,0.052
7,420,2770,135,38.3152,-1.62215,3.84615e-05,0.052
7,420,2023,136,55.5297,46.8679,3.84615e-05,0.052
7,420,2115,137,40.969,103.46,3.84615e-05,0.052
7,420,6862,138,17.0996,131.61,3.84615e-05,0.052
7,420,7235,139,-13.5668,153.519,3.84615e-05,0.052
7,420,6825,142,-52.7585,166.81,3.84615e-05,0.052
7,420,3039,143,-83.5672,-135.712,3.84615e-05,0.052
7,420,6942,144,-55.8118,-22.9349,3.84615e-05,0.052
7,420,6802,145,-17.7792,-23.195,3.84615e-05,0.052
7,420,3403,146,15.836,-16.8757,3.84615e-05,0.052
7,420,5167,147,53.1771,-9.70621,3.84615e-05,0.052
7,420,7966,148,81.6025,42.8778,3.84615e-05,0.052
7,420,2360,149,57.5633,157.482,3.84615e-05,0.052
7,420,2046,151,22.5713,21.0768,3.84615e-05,0.052
7,420,2550,152,40.3125,61.319,3.84615e-05,0.052
7,420,6786,152,40.3814,61.8512,3.84615e-05,0.052
7,420,3110,153,40.872,109.997,3.84615e-05,0.052
7,420,3704,153,40.1488,109.995,3.84615e-05,0.052
7,420,5180,153,40.537,110.164,3.84615e-05,0.052
7,420,7449,154,25.488,151.373,3.84615e-05,0.052
7,420,7114,155,-1.50253,174.152,3.84615e-05,0.052
7,420,4604,158,-46.2643,-68.0367,3.84615e-05,0.052
7,420,6867,160,-44.2787,-38.7924,3.84615e-05,0.052
7,420,7136,161,-16.2772,-4.97202,3.84615e-05,0.052
7,420,3127,162,5.14867,23.9167,3.84615e-05,0.052
7,420,6798,162,4.77706,24.008,3.84615e-05,0.052
7,420,2171,163,30.6942,46.3053,3.84615e-05,0.052
7,420,3311,164,43.1587,94.322,3.84615e-05,0.052
7,420,3998,165,43.4892,142.787,3.84615e-05,0.052
7,420,7022,166,18.8712,173.356,3.84615e-05,0.052
7,420,7214,168,-30.1648,-130.932,3.84615e-05,0.052
7,420,2324,170,-19.7426,28.35,3.84615e-05,0.052
7,420,4891,171,13.8925,27.9111,3.84615e-05,0.052
7,420,5420,171,13.6264,27.7223,3.84615e-05,0.052
7,420,5955,171,13.4975,27.6586,3.84615e-05,0.052
7,420,2313,172,49.4377,34.8848,3.84615e-05,0.052
7,420,6667,174,58.8386,-154.21,3.84615e-05,0.052
7,420,3544,178,-87.6759,-85.6443,3.84615e-05,0.052
7,420,6555,178,-87.4433,-78.4346,3.84615e-05,0.052
7,420,2006,180,-16.902,39.7215,3.84615e-05,0.052
7,420,7727,181,12.6396,58.1228,3.84615e-05,0.052
7,420,2978,182,43.6551,80.8867,3.84615e-05,0.052
7,420,2970,183,60.6776,134.823,3.84615e-05,0.052
7,420,6997,185,17.0299,-140.832,3.84615e-05,0.052
7,420,2524,191,-73.2894,-2.40347,3.84615e-05,0.052
7,420,3755,191,-73.4079,-0.75145,3.84615e-05,0.052
7,420,7283,193,-10.8194,61.5145,3.84615e-05,0.052
7,420,3818,194,21.8737,71.4752,3.84615e-05,0.052
7,420,2618,195,50.4255,95.7625,3.84615e-05,0.052
7,420,2835,196,67.3509,165.695,3.84615e-05,0.052
7,420,7716,197,47.8521,-126.551,3.84615e-05,0.052
7,420,7308,199,-21.5161,-108.288,3.84615e-05,0.052
8,480,6735,0,-41.9232,-73.9683,3.84615e-05,0.0586154
8,480,7815,3,-24.4043,75.4814,3.84615e-05,0.0586154
8,480,7080,4,5.78918,87.3541,3.84615e-05,0.0586154
8,480,2586,5,42.7294,102.367,3.84615e-05,0.0586154
8,480,3564,6,67.9952,148.68,3.84615e-05,0.0586154
8,480,5394,7,57.881,-128.573,3.84615e-05,0.0586154
8,480,6238,7,58.0615,-127.894,3.84615e-05,0.0586154
8,480,5151,8,27.159,-99.3872,3.84615e-05,0.0586154
8,480,6621,8,26.8648,-98.8877,3.84615e-05,0.0586154
8,480,7361,11,39.6112,154.637,3.84615e-05,0.0586154
8,480,3475,13,31.7292,-109.051,3.84615e-05,0.0586154
8,480,3408,14,7.88934,-80.9142,3.84615e-05,0.0586154
8,480,2774,15,-17.6409,-55.1384,3.84615e-05,0.0586154
8,480,6348,15,-17.6857,-55.8442,3.84615e-05,0.0586154
8,480,7905,16,-44.9722,-29.8962,3.84615e-05,0.0586154
8,480,7643,17,-49.6781,29.1331,3.84615e-05,0.0586154
8,480,6831,19,-9.75304,99.5719,3.84615e-05,0.0586154
8,480,2096,20,-33.4174,-53.2146,3.84615e-05,0.0586154
8,480,3187,22,-70.5017,78.5729,3.84615e-05,0.0586154
8,480,4757,22,-70.4919,80.2538,3.84615e-05,0.0586154
8,480,7896,23,-38.3242,111.699,3.84615e-05,0.0586154
8,480,5384,24,-1.40996,121.187,3.84615e-05,0.0586154
8,480,7229,25,31.8291,125.534,3.84615e-05,0.0586154
8,480,2617,26,65.1867,152.125,3.84615e-05,0.0586154
8,480,4420,27,73.4637,-97.8924,3.84615e-05,0.0586154
8,480,7996,28,38.5733,-68.7372,3.84615e-05,0.0586154
8,480,2423,29,4.51857,-55.7666,3.84615e-05,0.0586154
8,480,4069,29,4.45508,-55.0092,3.84615e-05,0.0586154
8,480,4761,29,4.63689,-55.3819,3.84615e-05,0.0586154
8,480,3805,31,-15.6365,-43.861,3.84615e-05,0.0586154
8,480,5593,31,-15.6199,-43.6291,3.84615e-05,0.0586154
8,480,6575,31,-15.9726,-43.5492,3.84615e-05,0.0586154
8,480,2496,33,-88.0534,-74.6427,3.84615e-05,0.0586154
8,480,2233,35,-20.4619,142.339,3.84615e-05,0.0586154
8,480,4643,35,-20.105,142.575,3.84615e-05,0.0586154
8,480,2664,37,53.7231,139.486,3.84615e-05,0.0586154
8,480,5575,45,-32.7592,123.763,3.84615e-05,0.0586154
8,480,7785,47,21.5352,172.057,3.84615e-05,0.0586154
8,480,3869,49,54.4374,-100.492,3.84615e-05,0.0586154
8,480,7307,50,19.7828,-163.933,3.84615e-05,0.0586154
8,480,3160,52,48.3302,-80.2756,3.84615e-05,0.0586154
8,480,2108,54,7.63359,-8.43481,3.84615e-05,0.0586154
8,480,5217,54,7.72401,-8.65598,3.84615e-05,0.0586154
8,480,2195,55,-19.2804,16.6909,3.84615e-05,0.0586154
8,480,2646,55,-19.5372,16.8235,3.84615e-05,0.0586154
8,480,3338,58,-33.3565,139.689,3.84615e-05,0.0586154
8,480,7392,59,-5.44694,169.496,3.84615e-05,0.0586154
8,480,7379,62,-16.007,176.791,3.84615e-05,0.0586154
8,480,7017,63,8.19805,-155.903,3.84615e-05,0.0586154
8,480,3351,65,51.154,-83.2118,3.84615e-05,0.0586154
8,480,3563,67,15.0763,-2.06494,3.84615e-05,0.0586154
8,480,5663,67,15.0933,-1.6165,3.84615e-05,0.0586154
8,480,2403,68,-10.6343,23.8783,3.84615e-05,0.0586154
8,480,3627,68,-10.6778,24.3487,3.84615e-05,0.0586154
8,480,7023,70,-56.7841,65.0807,3.84615e-05,0.0586154
8,480,2334,71,-68.1737,135.429,3.84615e-05,0.0586154
8,480,7580,72,-39.824,-172.89,3.84615e-05,0.0586154
8,480,7430,74,22.0548,-134.512,3.84615e-05,0.0586154
8,480,3446,75,53.1609,-113.347,3.84615e-05,0.0586154
8,480,3595,75,52.8838,-112.958,3.84615e-05,0.0586154
8,480,2388,76,70.7876,-37.7138,3.84615e-05,0.0586154
8,480,6536,76,71.2016,-37.3307,3.84615e-05,0.0586154
8,480,2703,77,42.2134,13.5813,3.84615e-05,0.0586154
8,480,5429,77,42.2655,13.5892,3.84615e-05,0.0586154
8,480,3456,78,8.37878,25.0768,3.84615e-05,0.0586154
8,480,3476,78,8.26341,24.6237,3.84615e-05,0.0586154
8,480,4747,78,8.46592,24.23,3.84615e-05,0.0586154
8,480,2280,79,-22.0413,44.6438,3.84615e-05,0.0586154
8,480,6630,79,-22.0724,44.9884,3.84615e-05,0.0586154
8,480,7897,80,-30.0457,-153.492,3.84615e-05,0.0586154
8,480,3289,82,31.4929,-116.365,3.84615e-05,0.0586154
8,480,5694,82,31.6273,-116.701,3.84615e-05,0.0586154
8,480,3797,83,60.6265,-77.0886,3.84615e-05,0.0586154
8,480,2834,84,58.9007,-4.84987,3.84615e-05,0.0586154
8,480,2305,85,30.5655,27.0007,3.84615e-05,0.0586154
8,480,6872,87,-31.9633,63.6726,3.84615e-05,0.0586154
8,480,7946,88,-53.7278,106.545,3.84615e-05,0.0586154
8,480,7752,89,-55.0232,167.592,3.84615e-05,0.0586154
8,480,7397,90,42.0508,-37.485,3.84615e-05,0.0586154
8,480,2703,91,42.2134,13.5813,3.84615e-05,0.0586154
8,480,5429,91,42.2655,13.5892,3.84615e-05,0.0586154
8,480,2117,92,23.8825,48.2752,3.84615e-05,0.0586154
8,480,7559,93,-6.0844,69.6605,3.84615e-05,0.0586154
8,480,7922,94,-32.7674,96.5044,3.84615e-05,0.0586154
8,480,7891,95,-49.5162,138.91,3.84615e-05,0.0586154
8,480,7310,96,-40.3199,-167.961,3.84615e-05,0.0586154
8,480,6854,97,-18.4412,-133.229,3.84615e-05,0.0586154
8,480,2237,99,32.9357,-82.7848,3.84615e-05,0.0586154
8,480,5580,100,83.9426,-31.3903,3.84615e-05,0.0586154
8,480,2255,101,52.7715,84.8105,3.84615e-05,0.0586154
8,480,2022,102,17.8656,80.7752,3.84615e-05,0.0586154
8,480,3515,102,17.4086,80.3372,3.84615e-05,0.0586154
8,480,3607,102,17.5287,80.7576,3.84615e-05,0.0586154
8,480,7747,104,-55.4876,88.3644,3.84615e-05,0.0586154
8,480,2496,105,-88.0534,-74.6427,3.84615e-05,0.0586154
8,480,3524,108,17.1442,-97.2313,3.84615e-05,0.0586154
8,480,4345,109,52.0693,-89.306,3.84615e-05,0.0586154
8,480,2035,112,51.9102,30.4484,3.84615e-05,0.0586154
8,480,5913,113,31.4709,77.3438,3.84615e-05,0.0586154
8,480,6020,113,31.8934,77.3801,3.84615e-05,0.0586154
8,480,2858,114,1.90458,100.081,3.84615e-05,0.0586154
8,480,4967,115,-24.0763,126.051,3.84615e-05,0.0586154
8,480,6190,115,-23.8965,125.618,3.84615e-05,0.0586154
8,480,6917,116,-47.8008,155.17,3.84615e-05,0.0586154
8,480,2116,119,-6.28658,-78.7441,3.84615e-05,0.0586154
8,480,2498,120,-24.9148,-58.7869,3.84615e-05,0.0586154
8,480,4170,121,9.83929,-61.4443,3.84615e-05,0.0586154
8,480,5154,122,49.4748,-54.7448,3.84615e-05,0.0586154
8,480,4104,123,80.3497,-26.8835,3.84615e-05,0.0586154
8,480,2102,124,59.4873,103.684,3.84615e-05,0.0586154
8,480,2454,125,25.2444,114.172,3.84615e-05,0.0586154
8,480,7210,126,-11.55,125.127,3.84615e-05,0.0586154
8,480,6937,127,-46.5692,124.541,3.84615e-05,0.0586154
8,480,2641,128,-82.7327,154.263,3.84615e-05,0.0586154
8,480,7497,129,-59.3527,-76.2701,3.84615e-05,0.0586154
8,480,7759,130,-44.1915,179.812,3.84615e-05,0.0586154
8,480,7250,131,-54.5485,-128.591,3.84615e-05,0.0586154
8,480,2932,132,-39.4763,-72.9364,3.84615e-05,0.0586154
8,480,6444,132,-39.2221,-72.8201,3.84615e-05,0.0586154
8,480,6506,132,-39.5812,-72.7398,3.84615e-05,0.0586154
8,480,2283,133,-8.65512,-51.4218,3.84615e-05,0.0586154
8,480,3693,135,44.4039,-0.592392,3.84615e-05,0.0586154
8,480,2684,136,56.9996,55.1067,3.84615e-05,0.0586154
8,480,4277,136,56.6056,54.323,3.84615e-05,0.0586154
8,480,4740,136,57.0486,55.7149,3.84615e-05,0.0586154
8,480,2097,137,39.9579,106.098,3.84615e-05,0.0586154
8,480,3154,137,40.1332,106.576,3.84615e-05,0.0586154
8,480,7949,139,-17.0498,150.057,3.84615e-05,0.0586154
8,480,7750,140,15.8657,152.631,3.84615e-05,0.0586154
8,480,7752,142,-55.0232,167.592,3.84615e-05,0.0586154
8,480,2039,143,-82.3221,-92.5182,3.84615e-05,0.0586154
8,480,6838,144,-50.9729,-34.0259,3.84615e-05,0.0586154
8,480,7617,145,-17.2204,-28.114,3.84615e-05,0.0586154
8,480,7979,149,49.8572,147.643,3.84615e-05,0.0586154
8,480,5526,151,26.7482,27.6628,3.84615e-05,0.0586154
8,480,6184,151,26.7416,27.7467,3.84615e-05,0.0586154
8,480,2648,152,40.4599,66.8251,3.84615e-05,0.0586154
8,480,2486,153,39.009,115.743,3.84615e-05,0.0586154
8,480,4372,153,38.3756,116.153,3.84615e-05,0.0586154
8,480,7847,155,-3.61185,175.646,3.84615e-05,0.0586154
8,480,4642,158,-40.5639,-68.3808,3.84615e-05,0.0586154
8,480,7708,159,-23.4838,-25.4099,3.84615e-05,0.0586154
8,480,7597,160,-38.8408,-32.3857,3.84615e-05,0.0586154
8,480,7301,161,-13.8569,-3.6907,3.84615e-05,0.0586154
8,480,3456,162,8.37878,25.0768,3.84615e-05,0.0586154
8,480,3476,162,8.26341,24.6237,3.84615e-05,0.0586154
8,480,4747,162,8.46592,24.23,3.84615e-05,0.0586154
8,480,2038,163,30.5872,54.4546,3.84615e-05,0.0586154
8,480,2358,164,46.1218,98.4473,3.84615e-05,0.0586154
8,480,7577,165,40.7354,143.772,3.84615e-05,0.0586154
8,480,6996,166,15.9784,179.718,3.84615e-05,0.0586154
8,480,7076,167,-7.97305,-158.814,3.84615e-05,0.0586154
8,480,7239,168,-30.5704,-126.154,3.84615e-05,0.0586154
8,480,2111,170,-15.5921,33.1891,3.84615e-05,0.0586154
8,480,5755,170,-15.2957,33.5183,3.84615e-05,0.0586154
8,480,3778,171,17.3608,27.4609,3.84615e-05,0.0586154
8,480,6232,171,17.2038,27.4487,3.84615e-05,0.0586154
8,480,2580,172,54.019,37.1248,3.84615e-05,0.0586154
8,480,7409,175,16.3945,-149.994,3.84615e-05,0.0586154
8,480,6814,176,-20.5681,-147.09,3.84615e-05,0.0586154
8,480,6962,177,-56.9156,-151.219,3.84615e-05,0.0586154
8,480,2881,178,-85.7639,-26.1825,3.84615e-05,0.0586154
8,480,5216,178,-85.401,-22.0494,3.84615e-05,0.0586154
8,480,3141,180,-15.3284,39.304,3.84615e-05,0.0586154
8,480,3702,181,20.2844,56.4608,3.84615e-05,0.0586154
8,480,2437,182,52.398,79.6608,3.84615e-05,0.0586154
8,480,2701,183,62.8578,149.167,3.84615e-05,0.0586154
8,480,7564,185,16.4257,-134.085,3.84615e-05,0.0586154
8,480,7599,186,-18.8409,-123.68,3.84615e-05,0.0586154
8,480,7487,187,-50.4552,-103.239,3.84615e-05,0.0586154
8,480,3664,191,-74.211,3.08365,3.84615e-05,0.0586154
8,480,6187,191,-74.1172,3.16463,3.84615e-05,0.0586154
8,480,7742,193,-8.75764,61.0304,3.84615e-05,0.0586154
8,480,2179,194,26.5038,74.7048,3.84615e-05,0.0586154
8,480,2864,195,61.1079,94.4898,3.84615e-05,0.0586154
8,480,5037,195,61.2238,94.1188,3.84615e-05,0.0586154
8,480,2105,196,66.88,178.841,3.84615e-05,0.0586154
8,480,7388,198,9.47451,-113.425,3.84615e-05,0.0586154
8,480,7654,199,-22.8093,-107.493,3.84615e-05,0.0586154
9,540,6259,0,-44.3089,-73.9807,3.84615e-05,0.0649615
9,540,4406,1,-76.4745,-24.2705,3.84615e-05,0.0649615
9,540,7651,4,12.1057,84.7142,3.84615e-05,0.0649615
9,540,2183,5,46.0322,106.289,3.84615e-05,0.0649615
9,540,4047,5,45.8375,106.145,3.84615e-05,0.0649615
9,540,5398,6,70.0155,158.957,3.84615e-05,0.0649615
9,540,3457,7,56.3878,-115.628,3.84615e-05,0.0649615
9,540,4628,7,56.2367,-114.963,3.84615e-05,0.0649615
9,540,2734,8,24.0195,-98.4933,3.84615e-05,0.0649615
9,540,3512,8,24.3477,-98.7033,3.84615e-05,0.0649615
9,540,3803,8,24.3481,-99.1268,3.84615e-05,0.0649615
9,540,7689,9,-12.6857,-94.3501,3.84615e-05,0.0649615
9,540,7704,11,48.0244,158.981,3.84615e-05,0.0649615
9,540,7669,12,46.3978,-150.869,3.84615e-05,0.0649615
9,540,3245,13,28.2057,-108.431,3.84615e-05,0.0649615
9,540,4430,13,27.7437,-108.563,3.84615e-05,0.0649615
9,540,6796,13,27.6296,-109.063,3.84615e-05,0.0649615
9,540,7044,14,5.09271,-82.3827,3.84615e-05,0.0649615
9,540,3052,15,-20.5993,-52.9075,3.84615e-05,0.0649615
9,540,4896,15,-20.405,-52.3649,3.84615e-05,0.0649615
9,540,7705,16,-41.5524,-21.0193,3.84615e-05,0.0649615
9,540,7428,17,-44.534,33.3855,3.84615e-05,0.0649615
9,540,7935,18,-34.0143,74.6153,3.84615e-05,0.0649615
9,540,7262,19,-3.14414,100.636,3.84615e-05,0.0649615
9,540,5113,20,-34.4945,-55.9201,3.84615e-05,0.0649615
9,540,3099,22,-68.6147,99.3281,3.84615e-05,0.0649615
9,540,5490,22,-68.7273,99.3833,3.84615e-05,0.0649615
9,540,5071,23,-33.4366,115.227,3.84615e-05,0.0649615
9,540,3341,24,0.546692,117.612,3.84615e-05,0.0649615
9,540,3406,25,37.2362,128.845,3.84615e-05,0.0649615
9,540,4871,26,69.7335,137.861,3.84615e-05,0.0649615
9,540,3661,27,66.8174,-90.2509,3.84615e-05,0.0649615
9,540,3795,29,-1.22006,-54.8069,3.84615e-05,0.0649615
9,540,3954,29,-0.800278,-54.5354,3.84615e-05,0.0649615
9,540,2094,31,-17.7207,-40.9962,3.84615e-05,0.0649615
9,540,7203,32,-57.6771,-40.5159,3.84615e-05,0.0649615
9,540,2072,33,-84.6369,-144.693,3.84615e-05,0.0649615
9,540,7085,34,-52.7837,145.588,3.84615e-05,0.0649615
9,540,3736,35,-15.9567,143.858,3.84615e-05,0.0649615
9,540,3747,35,-15.8558,143.533,3.84615e-05,0.0649615
9,540,2186,37,55.8672,131.792,3.84615e-05,0.0649615
9,540,7587,42,-22.0401,0.515656,3.84615e-05,0.0649615
9,540,7428,43,-44.534,33.3855,3.84615e-05,0.0649615
9,540,2070,45,-28.4189,125.496,3.84615e-05,0.0649615
9,540,2917,45,-28.9259,125.599,3.84615e-05,0.0649615
9,540,7755,46,-1.72189,150.604,3.84615e-05,0.0649615
9,540,6546,49,46.5721,-91.1563,3.84615e-05,0.0649615
9,540,6795,49,46.9559,-91.249,3.84615e-05,0.0649615
9,540,2086,52,52.5453,-76.0657,3.84615e-05,0.0649615
9,540,7318,53,32.4027,-30.1455,3.84615e-05,0.0649615
9,540,3618,54,6.14118,-10.8011,3.84615e-05,0.0649615
9,540,5638,54,6.0879,-10.2859,3.84615e-05,0.0649615
9,540,4844,55,-20.6857,14.4393,3.84615e-05,0.0649615
9,540,6420,55,-20.6186,14.7521,3.84615e-05,0.0649615
9,540,2795,58,-28.7381,143.188,3.84615e-05,0.0649615
9,540,4516,58,-28.5058,142.668,3.84615e-05,0.0649615
9,540,7094,59,-3.77556,173.328,3.84615e-05,0.0649615
9,540,6998,62,-13.8308,-179.085,3.84615e-05,0.0649615
9,540,6848,64,38.615,-127.194,3.84615e-05,0.0649615
9,540,2086,65,52.5453,-76.0657,3.84615e-05,0.0649615
9,540,2574,67,13.5534,2.91829,3.84615e-05,0.0649615
9,540,6558,67,13.679,2.70821,3.84615e-05,0.0649615
9,540,2244,68,-15.1675,25.6691,3.84615e-05,0.0649615
9,540,2920,68,-14.9624,25.5523,3.84615e-05,0.0649615
9,540,3396,71,-69.6888,146.327,3.84615e-05,0.0649615
9,540,7407,72,-41.7293,-168.536,3.84615e-05,0.0649615
9,540,6990,73,-6.51266,-153.285,3.84615e-05,0.0649615
9,540,2596,75,56.9452,-104.215,3.84615e-05,0.0649615
9,540,3034,76,67.6276,-34.5034,3.84615e-05,0.0649615
9,540,3295,77,36.8353,9.88887,3.84615e-05,0.0649615
9,540,3970,78,4.54163,28.4156,3.84615e-05,0.0649615
9,540,4097,78,4.61422,28.5614,3.84615e-05,0.0649615
9,540,3410,79,-24.7054,45.1768,3.84615e-05,0.0649615
9,540,4186,82,34.5338,-113.656,3.84615e-05,0.0649615
9,540,4640,82,34.8638,-113.624,3.84615e-05,0.0649615
9,540,3219,83,55.1314,-70.1052,3.84615e-05,0.0649615
9,540,6244,84,57.2553,-5.43503,3.84615e-05,0.0649615
9,540,2003,85,31.5748,35.0688,3.84615e-05,0.0649615
9,540,7739,88,-55.2604,112.407,3.84615e-05,0.0649615
9,540,2721,91,41.365,19.4213,3.84615e-05,0.0649615
9,540,3960,92,20.3758,50.8653,3.84615e-05,0.0649615
9,540,6529,92,20.1235,51.0146,3.84615e-05,0.0649615
9,540,7124,93,-11.225,73.1367,3.84615e-05,0.0649615
9,540,7528,94,-34.3715,102.178,3.84615e-05,0.0649615
9,540,4735,99,35.5375,-78.9185,3.84615e-05,0.0649615
9,540,5853,99,35.7747,-79.0651,3.84615e-05,0.0649615
9,540,3535,101,50.3168,78.5578,3.84615e-05,0.0649615
9,540,3975,105,-85.3489,-102.392,3.84615e-05,0.0649615
9,540,7689,107,-12.6857,-94.3501,3.84615e-05,0.0649615
9,540,6278,108,20.2336,-97.2759,3.84615e-05,0.0649615
9,540,4555,109,59.0819,-97.1977,3.84615e-05,0.0649615
9,540,2695,112,52.252,40.5477,3.84615e-05,0.0649615
9,540,2145,113,27.637,79.4361,3.84615e-05,0.0649615
9,540,5988,114,1.94982,103.881,3.84615e-05,0.0649615
9,540,3781,115,-23.7255,127.779,3.84615e-05,0.0649615
9,540,4179,115,-24.2371,127.835,3.84615e-05,0.0649615
9,540,6877,117,-46.17,-139.207,3.84615e-05,0.0649615
9,540,5124,119,0.614876,-79.6756,3.84615e-05,0.0649615
9,540,5603,119,0.532356,-79.2965,3.84615e-05,0.0649615
9,540,2778,120,-19.2401,-58.4223,3.84615e-05,0.0649615
9,540,7414,121,14.9461,-54.361,3.84615e-05,0.0649615
9,540,7147,123,81.6438,3.24631,3.84615e-05,0.0649615
9,540,3990,124,55.1687,108.41,3.84615e-05,0.0649615
9,540,5474,124,54.8766,108.459,3.84615e-05,0.0649615
9,540,7871,125,19.1681,116.157,3.84615e-05,0.0649615
9,540,3979,126,-17.6908,126.815,3.84615e-05,0.0649615
9,540,7415,127,-51.9307,132.724,3.84615e-05,0.0649615
9,540,3055,128,-85.6009,162.686,3.84615e-05,0.0649615
9,540,7776,129,-54.8824,-72.9075,3.84615e-05,0.0649615
9,540,7960,129,-54.8981,-73.227,3.84615e-05,0.0649615
9,540,7941,131,-49.8064,-115.994,3.84615e-05,0.0649615
9,540,2047,132,-38.7165,-72.6276,3.84615e-05,0.0649615
9,540,2653,133,-7.88874,-49.7791,3.84615e-05,0.0649615
9,540,7915,134,19.9856,-27.3583,3.84615e-05,0.0649615
9,540,3951,135,45.9107,3.2986,3.84615e-05,0.0649615
9,540,5711,135,45.9115,3.63042,3.84615e-05,0.0649615
9,540,5541,136,50.2592,56.9428,3.84615e-05,0.0649615
9,540,6107,136,50.6561,57.3163,3.84615e-05,0.0649615
9,540,6243,136,49.8207,56.8832,3.84615e-05,0.0649615
9,540,3333,137,36.4276,102.182,3.84615e-05,0.0649615
9,540,5875,137,36.4201,102.211,3.84615e-05,0.0649615
9,540,7421,138,5.41713,130.245,3.84615e-05,0.0649615
9,540,7329,141,-25.9824,155.701,3.84615e-05,0.0649615
9,540,7417,142,-59.8241,158.054,3.84615e-05,0.0649615
9,540,4237,143,-83.2045,-21.7182,3.84615e-05,0.0649615
9,540,4731,143,-83.0709,-22.0927,3.84615e-05,0.0649615
9,540,7140,144,-46.9947,-31.1835,3.84615e-05,0.0649615
9,540,7704,149,48.0244,158.981,3.84615e-05,0.0649615
9,540,3473,150,7.28625,-0.903198,3.84615e-05,0.0649615
9,540,4708,150,7.31139,-0.621521,3.84615e-05,0.0649615
9,540,3711,151,30.4911,24.2561,3.84615e-05,0.0649615
9,540,2295,152,47.3054,69.4871,3.84615e-05,0.0649615
9,540,3597,152,47.4864,69.3374,3.84615e-05,0.0649615
9,540,2266,153,44.1677,123.482,3.84615e-05,0.0649615
9,540,7679,155,-7.87173,-179.344,3.84615e-05,0.0649615
9,540,3148,158,-37.2172,-61.1089,3.84615e-05,0.0649615
9,540,7431,161,-14.0928,-2.28566,3.84615e-05,0.0649615
9,540,2188,162,13.0263,20.945,3.84615e-05,0.0649615
9,540,2408,163,37.837,56.2326,3.84615e-05,0.0649615
9,540,4625,163,37.8765,55.8834,3.84615e-05,0.0649615
9,540,2645,164,48.6934,103.612,3.84615e-05,0.0649615
9,540,7054,165,34.4165,149.465,3.84615e-05,0.0649615
9,540,7238,169,-49.1433,-75.422,3.84615e-05,0.0649615
9,540,2859,170,-13.3201,29.1076,3.84615e-05,0.0649615
9,540,3342,171,24.8258,28.4748,3.84615e-05,0.0649615
9,540,2678,172,56.6997,30.041,3.84615e-05,0.0649615
9,540,7777,175,14.7606,-152.59,3.84615e-05,0.0649615
9,540,7121,176,-22.5987,-150.502,3.84615e-05,0.0649615
9,540,7744,177,-56.7962,-144.158,3.84615e-05,0.0649615
9,540,2187,178,-84.5637,12.5074,3.84615e-05,0.0649615
9,540,4399,178,-84.0429,9.23505,3.84615e-05,0.0649615
9,540,4518,178,-84.2201,10.9142,3.84615e-05,0.0649615
9,540,7687,180,-10.4819,45.9138,3.84615e-05,0.0649615
9,540,2331,181,23.4313,58.0243,3.84615e-05,0.0649615
9,540,2100,182,54.8983,83.4517,3.84615e-05,0.0649615
9,540,2110,183,60.1386,153.433,3.84615e-05,0.0649615
9,540,2576,183,60.4467,152.906,3.84615e-05,0.0649615
9,540,5404,183,60.1308,153.537,3.84615e-05,0.0649615
9,540,6927,185,8.28149,-138.084,3.84615e-05,0.0649615
9,540,7177,186,-21.6898,-122.534,3.84615e-05,0.0649615
9,540,3667,191,-71.4428,15.1185,3.84615e-05,0.0649615
9,540,4816,191,-71.36,14.1049,3.84615e-05,0.0649615
9,540,6933,192,-42.0421,54.2455,3.84615e-05,0.0649615
9,540,7721,193,-4.55537,61.7318,3.84615e-05,0.0649615
9,540,2145,194,27.637,79.4361,3.84615e-05,0.0649615
9,540,3064,195,61.7627,97.4456,3.84615e-05,0.0649615
9,540,5373,195,61.892,97.9048,3.84615e-05,0.0649615
9,540,2190,196,65.9715,-175.789,3.84615e-05,0.0649615
9,540,6588,197,41.4404,-123.554,3.84615e-05,0.0649615
9,540,7389,198,8.27721,-117.611,3.84615e-05,0.0649615
10,600,2002,0,-49.5235,-72.8763,3.84615e-05,0.0705769
10,600,3111,1,-71.5649,-7.6136,3.84615e-05,0.0705769
10,600,7812,3,-16.4402,76.0474,3.84615e-05,0.0705769
10,600,5291,5,50.3453,107.186,3.84615e-05,0.0705769
10,600,5620,5,50.4515,107.756,3.84615e-05,0.0705769
10,600,3107,7,55.3184,-118.69,3.84615e-05,0.0705769
10,600,2471,8,20.9007,-102.068,3.84615e-05,0.0705769
10,600,7683,9,-15.2531,-88.4734,3.84615e-05,0.0705769
10,600,6882,11,46.9446,161.66,3.84615e-05,0.0705769
10,600,4141,13,31.3678,-104.277,3.84615e-05,0.0705769
10,600,4678,13,31.2225,-104.723,3.84615e-05,0.0705769
10,600,2918,14,4.92612,-76.3034,3.84615e-05,0.0705769
10,600,3538,14,4.97883,-76.055,3.84615e-05,0.0705769
10,600,2075,15,-23.008,-50.89,3.84615e-05,0.0705769
10,600,7359,16,-47.9024,-17.6316,3.84615e-05,0.0705769
10,600,7663,17,-45.2466,34.6944,3.84615e-05,0.0705769
10,600,2285,19,-2.04437,105.25,3.84615e-05,0.0705769
10,600,7817,21,-72.1973,-19.7427,3.84615e-05,0.0705769
10,600,5483,22,-68.4644,102.765,3.84615e-05,0.0705769
10,600,6017,23,-32.572,119.794,3.84615e-05,0.0705769
10,600,6406,25,38.1396,125.597,3.84615e-05,0.0705769
10,600,3009,27,64.9115,-85.4842,3.84615e-05,0.0705769
10,600,3235,29,-4.69749,-54.5451,3.84615e-05,0.0705769
10,600,7123,30,11.7657,-37.3794,3.84615e-05,0.0705769
10,600,3469,31,-21.1916,-42.8205,3.84615e-05,0.0705769
10,600,7948,32,-58.1021,-38.7082,3.84615e-05,0.0705769
10,600,3502,33,-84.2502,125.551,3.84615e-05,0.0705769
10,600,7107,35,-10.9843,136.613,3.84615e-05,0.0705769
10,600,2230,37,58.4741,140.576,3.84615e-05,0.0705769
10,600,4684,37,58.288,140.533,3.84615e-05,0.0705769
10,600,7892,39,49.8238,-42.8947,3.84615e-05,0.0705769
10,600,7663,43,-45.2466,34.6944,3.84615e-05,0.0705769
10,600,2916,45,-30.991,133.482,3.84615e-05,0.0705769
10,600,7581,47,26.15,-178.055,3.84615e-05,0.0705769
10,600,5505,49,46.8434,-88.5123,3.84615e-05,0.0705769
10,600,6102,49,46.4776,-88.8879,3.84615e-05,0.0705769
10,600,3830,51,45.1614,-123.927,3.84615e-05,0.0705769
10,600,4462,52,50.7774,-66.0419,3.84615e-05,0.0705769
10,600,5876,52,50.8021,-65.2134,3.84615e-05,0.0705769
10,600,7718,53,29.1652,-26.6376,3.84615e-05,0.0705769
10,600,2385,55,-23.4533,21.3449,3.84615e-05,0.0705769
10,600,7410,57,-50.4659,111.403,3.84615e-05,0.0705769
10,600,2209,58,-32.7731,149.398,3.84615e-05,0.0705769
10,600,7507,59,-1.84028,170.108,3.84615e-05,0.0705769
10,600,6907,61,-40.8546,162.091,3.84615e-05,0.0705769
10,600,6926,62,-12.0715,-177.536,3.84615e-05,0.0705769
10,600,7475,63,19.7148,-157.427,3.84615e-05,0.0705769
10,600,3830,64,45.1614,-123.927,3.84615e-05,0.0705769
10,600,2015,65,51.6373,-69.0751,3.84615e-05,0.0705769
10,600,2229,67,11.6616,0.367569,3.84615e-05,0.0705769
10,600,2240,68,-18.1308,22.6758,3.84615e-05,0.0705769
10,600,7444,72,-33.0118,-168.079,3.84615e-05,0.0705769
10,600,6865,73,-4.76591,-146.245,3.84615e-05,0.0705769
10,600,7647,74,31.3883,-132.987,3.84615e-05,0.0705769
10,600,3566,75,63.5418,-107.389,3.84615e-05,0.0705769
10,600,5101,75,63.9345,-106.843,3.84615e-05,0.0705769
10,600,4351,77,35.4065,10.0406,3.84615e-05,0.0705769
10,600,3305,78,0.976334,27.8147,3.84615e-05,0.0705769
10,600,7790,81,6.86644,-130.763,3.84615e-05,0.0705769
10,600,2847,82,36.2487,-113.057,3.84615e-05,0.0705769
10,600,3620,83,56.6244,-63.1412,3.84615e-05,0.0705769
10,600,5012,84,52.3223,-0.820984,3.84615e-05,0.0705769
10,600,4751,85,25.6921,30.8321,3.84615e-05,0.0705769
10,600,6490,85,25.4354,30.872,3.84615e-05,0.0705769
10,600,7728,86,-3.69475,55.0481,3.84615e-05,0.0705769
10,600,7616,87,-35.0344,74.5087,3.84615e-05,0.0705769
10,600,7876,89,-51.795,-179.682,3.84615e-05,0.0705769
10,600,5259,91,38.7197,22.0497,3.84615e-05,0.0705769
10,600,2756,92,16.4356,48.9658,3.84615e-05,0.0705769
10,600,7193,97,-12.8233,-128.706,3.84615e-05,0.0705769
10,600,7494,98,11.8422,-106.206,3.84615e-05,0.0705769
10,600,3386,99,35.8785,-77.5647,3.84615e-05,0.0705769
10,600,3171,101,46.0441,78.7993,3.84615e-05,0.0705769
10,600,7483,102,10.0745,81.5038,3.84615e-05,0.0705769
10,600,7128,104,-62.5043,95.1133,3.84615e-05,0.0705769
10,600,2616,105,-80.7109,-95.8437,3.84615e-05,0.0705769
10,600,2374,109,63.3584,-97.983,3.84615e-05,0.0705769
10,600,3031,112,45.019,43.642,3.84615e-05,0.0705769
10,600,3484,112,44.4817,43.6644,3.84615e-05,0.0705769
10,600,2582,113,28.2912,81.8388,3.84615e-05,0.0705769
10,600,2042,114,-1.38385,102.204,3.84615e-05,0.0705769
10,600,3192,115,-27.8906,131.623,3.84615e-05,0.0705769
10,600,3844,119,2.22494,-73.7628,3.84615e-05,0.0705769
10,600,3845,119,2.48746,-73.623,3.84615e-05,0.0705769
10,600,2911,120,-19.7186,-58.0747,3.84615e-05,0.0705769
10,600,7515,121,16.2327,-53.62,3.84615e-05,0.0705769
10,600,7224,123,82.2833,21.377,3.84615e-05,0.0705769
10,600,4636,124,54.0839,109.539,3.84615e-05,0.0705769
10,600,4723,124,53.719,109.746,3.84615e-05,0.0705769
10,600,2572,125,15.1252,120.497,3.84615e-05,0.0705769
10,600,2332,126,-20.0545,126.31,3.84615e-05,0.0705769
10,600,3443,128,-85.4561,-122.814,3.84615e-05,0.0705769
10,600,4510,129,-51.782,-69.8828,3.84615e-05,0.0705769
10,600,6975,131,-53.5473,-110.379,3.84615e-05,0.0705769
10,600,5030,132,-34.7807,-64.8784,3.84615e-05,0.0705769
10,600,5302,132,-35.1702,-65.2702,3.84615e-05,0.0705769
10,600,2129,133,-2.35217,-47.4723,3.84615e-05,0.0705769
10,600,3540,133,-2.58131,-47.8373,3.84615e-05,0.0705769
10,600,4426,135,47.1856,5.13596,3.84615e-05,0.0705769
10,600,3320,136,54.5833,70.1407,3.84615e-05,0.0705769
10,600,3894,136,54.3073,70.3897,3.84615e-05,0.0705769
10,600,2396,137,30.7731,108.841,3.84615e-05,0.0705769
10,600,2960,137,30.9682,109.244,3.84615e-05,0.0705769
10,600,4889,137,30.6154,109.185,3.84615e-05,0.0705769
10,600,7958,138,8.97714,135.721,3.84615e-05,0.0705769
10,600,7605,139,-20.1917,158.253,3.84615e-05,0.0705769
10,600,7069,140,6.45587,153.056,3.84615e-05,0.0705769
10,600,7735,141,-25.451,160.805,3.84615e-05,0.0705769
10,600,3355,143,-80.8035,-22.8808,3.84615e-05,0.0705769
10,600,4289,143,-80.7554,-26.4389,3.84615e-05,0.0705769
10,600,7240,145,-6.58648,-26.5296,3.84615e-05,0.0705769
10,600,2261,147,65.3227,-22.3591,3.84615e-05,0.0705769
10,600,6666,147,65.3708,-21.2422,3.84615e-05,0.0705769
10,600,6968,149,42.412,153.396,3.84615e-05,0.0705769
10,600,2363,150,11.7693,2.03796,3.84615e-05,0.0705769
10,600,4267,151,29.9386,33.2488,3.84615e-05,0.0705769
10,600,4624,151,29.4847,33.4217,3.84615e-05,0.0705769
10,600,2470,152,43.5619,74.2517,3.84615e-05,0.0705769
10,600,2564,152,43.5614,75.1727,3.84615e-05,0.0705769
10,600,2621,152,43.2486,74.728,3.84615e-05,0.0705769
10,600,3252,153,37.6504,121.363,3.84615e-05,0.0705769
10,600,7799,155,-11.2513,-179.674,3.84615e-05,0.0705769
10,600,7221,157,-48.9351,-106.807,3.84615e-05,0.0705769
10,600,3231,158,-35.8044,-58.5239,3.84615e-05,0.0705769
10,600,2425,162,16.2691,25.9408,3.84615e-05,0.0705769
10,600,5934,162,16.1313,25.6987,3.84615e-05,0.0705769
10,600,2347,163,34.889,59.7322,3.84615e-05,0.0705769
10,600,5291,164,50.3453,107.186,3.84615e-05,0.0705769
10,600,5620,164,50.4515,107.756,3.84615e-05,0.0705769
10,600,2002,169,-49.5235,-72.8763,3.84615e-05,0.0705769
10,600,2483,170,-7.60921,28.1591,3.84615e-05,0.0705769
10,600,6037,170,-7.36408,28.1406,3.84615e-05,0.0705769
10,600,4219,171,27.3688,33.2327,3.84615e-05,0.0705769
10,600,3045,172,61.2657,26.5493,3.84615e-05,0.0705769
10,600,7067,174,46.9487,-142.945,3.84615e-05,0.0705769
10,600,7447,175,9.54649,-150.681,3.84615e-05,0.0705769
10,600,7757,176,-24.5589,-150.795,3.84615e-05,0.0705769
10,600,2074,178,-80.1708,24.1767,3.84615e-05,0.0705769
10,600,7663,179,-45.2466,34.6944,3.84615e-05,0.0705769
10,600,7211,180,-4.55972,42.817,3.84615e-05,0.0705769
10,600,2910,181,26.6261,60.7681,3.84615e-05,0.0705769
10,600,2144,182,53.3259,93.3242,3.84615e-05,0.0705769
10,600,2282,183,62.2654,156.035,3.84615e-05,0.0705769
10,600,6911,185,9.2322,-133.777,3.84615e-05,0.0705769
10,600,6909,186,-23.2177,-117.602,3.84615e-05,0.0705769
10,600,6855,188,-64.5447,-17.7915,3.84615e-05,0.0705769
10,600,2715,191,-70.9524,18.3399,3.84615e-05,0.0705769
10,600,3662,194,32.4702,81.6314,3.84615e-05,0.0705769
10,600,6366,194,32.2295,81.4379,3.84615e-05,0.0705769
10,600,2569,195,58.4399,109.14,3.84615e-05,0.0705769
10,600,2461,196,65.4566,-166.31,3.84615e-05,0.0705769
10,600,6819,197,35.17,-123.43,3.84615e-05,0.0705769
11,660,3913,0,-50.3172,-74.1013,3.84615e-05,0.0755
11,660,3250,1,-78.9206,8.26709,3.84615e-05,0.0755
11,660,4477,1,-78.6721,5.53278,3.84615e-05,0.0755
11,660,2124,4,20.7137,86.3182,3.84615e-05,0.0755
11,660,2263,5,55.4278,103.592,3.84615e-05,0.0755
11,660,7912,6,75.3424,-169.185,3.84615e-05,0.0755
11,660,2441,7,47.7352,-112.917,3.84615e-05,0.0755
11,660,4595,8,17.6435,-100.676,3.84615e-05,0.0755
11,660,7880,10,31.4441,128.193,3.84615e-05,0.0755
11,660,3647,13,24.0425,-100.384,3.84615e-05,0.0755
11,660,2419,14,2.91214,-75.0145,3.84615e-05,0.0755
11,660,3030,15,-28.3643,-55.5351,3.84615e-05,0.0755
11,660,7725,18,-22.1119,77.4732,3.84615e-05,0.0755
11,660,5036,19,1.84583,100.901,3.84615e-05,0.0755
11,660,6812,20,-45.6418,-53.1362,3.84615e-05,0.0755
11,660,3210,21,-73.4099,-7.20956,3.84615e-05,0.0755
11,660,3061,23,-25.8731,117.451,3.84615e-05,0.0755
11,660,4957,24,8.18948,125.624,3.84615e-05,0.0755
11,660,2944,25,45.4381,126.17,3.84615e-05,0.0755
11,660,2666,27,63.6665,-70.7248,3.84615e-05,0.0755
11,660,6804,28,28.62,-61.695,3.84615e-05,0.0755
11,660,3116,29,-9.60519,-58.5171,3.84615e-05,0.0755
11,660,6992,30,9.26628,-44.5655,3.84615e-05,0.0755
11,660,3621,33,-78.2973,157.29,3.84615e-05,0.0755
11,660,2933,35,-5.99475,142.235,3.84615e-05,0.0755
11,660,3395,37,61.5312,135.406,3.84615e-05,0.0755
11,660,2807,38,78.9493,-40.356,3.84615e-05,0.0755
11,660,2217,45,-28.5398,136.848,3.84615e-05,0.0755
11,660,7165,47,26.5823,-175.768,3.84615e-05,0.0755
11,660,2212,49,50.1972,-81.3132,3.84615e-05,0.0755
11,660,6846,50,32.402,-161.925,3.84615e-05,0.0755
11,660,4548,51,47.0548,-118.609,3.84615e-05,0.0755
11,660,4767,52,50.7823,-68.1157,3.84615e-05,0.0755
11,660,6810,55,-31.5774,17.3085,3.84615e-05,0.0755
11,660,7630,55,-31.8591,17.6151,3.84615e-05,0.0755
11,660,3200,58,-26.1528,147.068,3.84615e-05,0.0755
11,660,7991,59,-2.17908,175.658,3.84615e-05,0.0755
11,660,7322,62,-11.8635,-171.677,3.84615e-05,0.0755
11,660,6826,63,17.8688,-149.254,3.84615e-05,0.0755
11,660,3036,64,42.2135,-119.402,3.84615e-05,0.0755
11,660,4275,65,52.2635,-63.6052,3.84615e-05,0.0755
11,660,6053,67,6.467,5.0916,3.84615e-05,0.0755
11,660,6494,67,5.85609,5.03517,3.84615e-05,0.0755
11,660,2465,68,-17.893,29.1609,3.84615e-05,0.0755
11,660,7641,70,-60.9834,79.1523,3.84615e-05,0.0755
11,660,7947,72,-31.1408,-164.198,3.84615e-05,0.0755
11,660,7684,74,34.1904,-139.215,3.84615e-05,0.0755
11,660,4040,75,58.7539,-99.8987,3.84615e-05,0.0755
11,660,6773,75,59.0959,-99.5986,3.84615e-05,0.0755
11,660,3088,77,31.9256,14.0794,3.84615e-05,0.0755
11,660,5015,78,1.39899,33.7037,3.84615e-05,0.0755
11,660,6778,78,1.4361,33.301,3.84615e-05,0.0755
11,660,7711,81,9.63457,-129.334,3.84615e-05,0.0755
11,660,3149,82,41.187,-106.462,3.84615e-05,0.0755
11,660,4812,84,53.4325,13.0221,3.84615e-05,0.0755
11,660,3679,85,23.2124,31.764,3.84615e-05,0.0755
11,660,7436,86,-7.2034,55.6768,3.84615e-05,0.0755
11,660,7540,88,-64.9268,119.883,3.84615e-05,0.0755
11,660,3442,91,39.7319,26.9753,3.84615e-05,0.0755
11,660,7985,94,-34.7482,110.586,3.84615e-05,0.0755
11,660,7612,96,-37.9333,-154.239,3.84615e-05,0.0755
11,660,3384,101,40.4983,86.2042,3.84615e-05,0.0755
11,660,4764,101,40.3217,86.492,3.84615e-05,0.0755
11,660,4493,102,6.93244,80.8656,3.84615e-05,0.0755
11,660,5448,102,6.91991,81.2872,3.84615e-05,0.0755
11,660,2575,105,-76.8937,-111.277,3.84615e-05,0.0755
11,660,6841,107,-7.79401,-93.8734,3.84615e-05,0.0755
11,660,3113,108,30.5099,-92.9623,3.84615e-05,0.0755
11,660,2159,109,64.2571,-97.4293,3.84615e-05,0.0755
11,660,4998,111,50.2253,-3.56886,3.84615e-05,0.0755
11,660,2249,112,48.2646,50.1581,3.84615e-05,0.0755
11,660,3992,113,25.9258,84.7337,3.84615e-05,0.0755
11,660,6599,113,25.8023,84.3936,3.84615e-05,0.0755
11,660,2431,114,-4.50121,103.163,3.84615e-05,0.0755
11,660,4482,115,-30.0782,135.29,3.84615e-05,0.0755
11,660,2830,119,7.57648,-74.8818,3.84615e-05,0.0755
11,660,5261,119,7.66462,-75.2911,3.84615e-05,0.0755
11,660,2234,120,-13.7324,-56.5081,3.84615e-05,0.0755
11,660,4016,120,-13.7965,-56.0808,3.84615e-05,0.0755
11,660,3505,124,48.4585,118.792,3.84615e-05,0.0755
11,660,5555,126,-24.6928,124.521,3.84615e-05,0.0755
11,660,6128,126,-24.6111,124.821,3.84615e-05,0.0755
11,660,3081,128,-84.6458,-75.4059,3.84615e-05,0.0755
11,660,6129,129,-47.0276,-69.3389,3.84615e-05,0.0755
11,660,7839,131,-54.6787,-111.039,3.84615e-05,0.0755
11,660,2343,132,-27.2926,-69.394,3.84615e-05,0.0755
11,660,2194,133,-4.92895,-43.9203,3.84615e-05,0.0755
11,660,4320,135,44.1878,15.3488,3.84615e-05,0.0755
11,660,2644,136,55.5965,72.9634,3.84615e-05,0.0755
11,660,2009,137,29.23,112.967,3.84615e-05,0.0755
11,660,6868,138,0.892433,134.213,3.84615e-05,0.0755
11,660,7653,140,3.57534,153.393,3.84615e-05,0.0755
11,660,7142,141,-30.1798,154.436,3.84615e-05,0.0755
11,660,7523,143,-78.6805,-36.7862,3.84615e-05,0.0755
11,660,7019,145,-4.0293,-27.7474,3.84615e-05,0.0755
11,660,4936,150,12.4895,3.85895,3.84615e-05,0.0755
11,660,5426,150,12.8963,3.7233,3.84615e-05,0.0755
11,660,3624,151,30.9194,34.4847,3.84615e-05,0.0755
11,660,3136,152,42.6816,80.5792,3.84615e-05,0.0755
11,660,5366,153,40.2527,128.931,3.84615e-05,0.0755
11,660,7997,155,-12.6425,-174.849,3.84615e-05,0.0755
11,660,7964,159,-11.6305,-22.5328,3.84615e-05,0.0755
11,660,3104,162,15.298,32.847,3.84615e-05,0.0755
11,660,5740,162,15.7556,32.9062,3.84615e-05,0.0755
11,660,2232,163,37.1742,65.679,3.84615e-05,0.0755
11,660,2421,164,48.8407,112.505,3.84615e-05,0.0755
11,660,7919,166,6.98468,-178.495,3.84615e-05,0.0755
11,660,6978,167,-19.985,-154.007,3.84615e-05,0.0755
11,660,2865,169,-43.8195,-70.872,3.84615e-05,0.0755
11,660,3232,170,-3.73775,31.1138,3.84615e-05,0.0755
11,660,3624,171,30.9194,34.4847,3.84615e-05,0.0755
11,660,3310,172,67.5842,37.1354,3.84615e-05,0.0755
11,660,3668,172,67.8746,36.5009,3.84615e-05,0.0755
11,660,5106,172,67.3476,37.631,3.84615e-05,0.0755
11,660,7884,173,77.3103,-135.192,3.84615e-05,0.0755
11,660,7367,177,-67.9543,-142.67,3.84615e-05,0.0755
11,660,3250,178,-78.9206,8.26709,3.84615e-05,0.0755
11,660,2288,181,28.8534,60.0892,3.84615e-05,0.0755
11,660,3332,181,29.0266,59.8945,3.84615e-05,0.0755
11,660,2390,182,58.2546,88.8826,3.84615e-05,0.0755
11,660,4189,182,58.8798,88.6789,3.84615e-05,0.0755
11,660,2987,183,65.2246,171.222,3.84615e-05,0.0755
11,660,5973,189,-33.3996,25.8065,3.84615e-05,0.0755
11,660,5283,190,-69.1002,-70.8856,3.84615e-05,0.0755
11,660,2452,194,33.3178,74.4289,3.84615e-05,0.0755
11,660,4020,194,33.6827,75.1232,3.84615e-05,0.0755
11,660,2383,195,63.8184,118.455,3.84615e-05,0.0755
11,660,2956,196,61.8483,-161.719,3.84615e-05,0.0755
11,660,4661,196,61.8723,-160.82,3.84615e-05,0.0755
11,660,7288,197,32.9462,-120.553,3.84615e-05,0.0755
12,720,5266,0,-54.5418,-68.3909,3.84615e-05,0.0786538
12,720,2971,1,-71.7896,18.1726,3.84615e-05,0.0786538
12,720,2638,4,24.2608,94.3411,3.84615e-05,0.0786538
12,720,4745,7,44.003,-112.772,3.84615e-05,0.0786538
12,720,5872,7,44.0416,-112.799,3.84615e-05,0.0786538
12,720,7340,10,30.8063,133.936,3.84615e-05,0.0786538
12,720,4341,14,-2.31882,-72.6993,3.84615e-05,0.0786538
12,720,5441,14,-1.86333,-72.6797,3.84615e-05,0.0786538
12,720,6625,14,-2.18182,-72.78,3.84615e-05,0.0786538
12,720,6571,19,4.73724,102.191,3.84615e-05,0.0786538
12,720,3774,21,-80.1109,3.89055,3.84615e-05,0.0786538
12,720,3131,23,-21.8207,115.285,3.84615e-05,0.0786538
12,720,4177,25,46.7569,126.629,3.84615e-05,0.0786538
12,720,6346,25,46.8774,127.282,3.84615e-05,0.0786538
12,720,2449,27,57.5801,-71.3366,3.84615e-05,0.0786538
12,720,2041,29,-10.7411,-54.1221,3.84615e-05,0.0786538
12,720,7767,31,-29.8314,-47.5673,3.84615e-05,0.0786538
12,720,4933,34,-41.3482,145.045,3.84615e-05,0.0786538
12,720,7340,36,30.8063,133.936,3.84615e-05,0.0786538
12,720,3867,37,66.0736,123.484,3.84615e-05,0.0786538
12,720,2246,38,74.4728,-23.6691,3.84615e-05,0.0786538
12,720,7807,41,-4.45696,-16.4552,3.84615e-05,0.0786538
12,720,7199,42,-34.2489,1.6185,3.84615e-05,0.0786538
12,720,7317,43,-54.3231,45.0697,3.84615e-05,0.0786538
12,720,2512,45,-26.5294,139.619,3.84615e-05,0.0786538
12,720,7167,50,35.0934,-159.109,3.84615e-05,0.0786538
12,720,3669,51,46.9848,-111.592,3.84615e-05,0.0786538
12,720,5545,51,47.4007,-111.49,3.84615e-05,0.0786538
12,720,4234,55,-30.8626,26.8143,3.84615e-05,0.0786538
12,720,6114,55,-31.0726,27.1174,3.84615e-05,0.0786538
12,720,4211,58,-23.0968,150.316,3.84615e-05,0.0786538
12,720,7657,59,4.54662,-178.775,3.84615e-05,0.0786538
12,720,6919,63,23.3978,-153.465,3.84615e-05,0.0786538
12,720,2567,64,46.9555,-112.547,3.84615e-05,0.0786538
12,720,2220,67,5.22694,11.0968,3.84615e-05,0.0786538
12,720,3347,70,-68.307,84.6432,3.84615e-05,0.0786538
12,720,7772,72,-27.3532,-164.801,3.84615e-05,0.0786538
12,720,3519,75,61.6258,-95.2396,3.84615e-05,0.0786538
12,720,7130,76,59.0085,-14.5965,3.84615e-05,0.0786538
12,720,7489,81,13.2794,-128.497,3.84615e-05,0.0786538
12,720,3083,82,44.1277,-103.806,3.84615e-05,0.0786538
12,720,2051,83,61.4158,-46.5891,3.84615e-05,0.0786538
12,720,4733,84,49.9947,14.0343,3.84615e-05,0.0786538
12,720,7320,86,-13.1603,52.4784,3.84615e-05,0.0786538
12,720,4173,91,31.7211,26.2372,3.84615e-05,0.0786538
12,720,7600,92,8.64664,53.9471,3.84615e-05,0.0786538
12,720,3122,94,-34.9848,116.449,3.84615e-05,0.0786538
12,720,2927,98,19.4827,-99.0184,3.84615e-05,0.0786538
12,720,7990,99,35.0167,-64.9048,3.84615e-05,0.0786538
12,720,3760,100,75.5446,90.5056,3.84615e-05,0.0786538
12,720,5235,101,41.1948,82.4799,3.84615e-05,0.0786538
12,720,6908,102,1.06149,87.8304,3.84615e-05,0.0786538
12,720,2155,104,-69.8207,83.0172,3.84615e-05,0.0786538
12,720,2757,105,-73.696,-100.187,3.84615e-05,0.0786538
12,720,6610,105,-73.9478,-99.2715,3.84615e-05,0.0786538
12,720,4541,108,34.7356,-92.4204,3.84615e-05,0.0786538
12,720,5376,108,34.5036,-92.3422,3.84615e-05,0.0786538
12,720,5177,109,66.5444,-83.8363,3.84615e-05,0.0786538
12,720,6561,111,48.3251,0.574173,3.84615e-05,0.0786538
12,720,2170,115,-32.0229,135.729,3.84615e-05,0.0786538
12,720,2147,119,9.98748,-74.1034,3.84615e-05,0.0786538
12,720,2991,122,63.7076,-45.5671,3.84615e-05,0.0786538
12,720,3729,123,79.098,99.7737,3.84615e-05,0.0786538
12,720,3213,124,44.193,117.387,3.84615e-05,0.0786538
12,720,5225,124,44.4661,117.176,3.84615e-05,0.0786538
12,720,6943,125,7.31137,118.589,3.84615e-05,0.0786538
12,720,3864,126,-28.3995,119.721,3.84615e-05,0.0786538
12,720,7889,127,-63.2233,134.853,3.84615e-05,0.0786538
12,720,2624,128,-77.4082,-108.543,3.84615e-05,0.0786538
12,720,4582,129,-42.6327,-70.7204,3.84615e-05,0.0786538
12,720,7658,134,30.9749,-22.2523,3.84615e-05,0.0786538
12,720,4436,138,-2.49947,136.873,3.84615e-05,0.0786538
12,720,6961,142,-70.5135,179.706,3.84615e-05,0.0786538
12,720,7244,147,70.4654,-18.7936,3.84615e-05,0.0786538
12,720,6769,148,70.5417,144.547,3.84615e-05,0.0786538
12,720,5265,150,9.09032,7.98976,3.84615e-05,0.0786538
12,720,6402,150,9.81403,8.03078,3.84615e-05,0.0786538
12,720,7938,165,27.7162,160.045,3.84615e-05,0.0786538
12,720,7480,173,73.5954,-142.189,3.84615e-05,0.0786538
12,720,2499,178,-73.3193,14.8094,3.84615e-05,0.0786538
12,720,2087,181,29.2735,65.6376,3.84615e-05,0.0786538
12,720,7466,186,-29.4787,-112.406,3.84615e-05,0.0786538
12,720,3789,189,-31.4995,27.2519,3.84615e-05,0.0786538
12,720,4234,189,-30.8626,26.8143,3.84615e-05,0.0786538
12,720,6114,189,-31.0726,27.1174,3.84615e-05,0.0786538
13,780,4360,1,-74.7074,32.159,3.84615e-05,0.0816154
13,780,7306,3,-6.43185,79.6967,3.84615e-05,0.0816154
13,780,3224,4,26.9262,94.1844,3.84615e-05,0.0816154
13,780,5671,6,68.1542,-159.825,3.84615e-05,0.0816154
13,780,3561,7,41.3661,-114.535,3.84615e-05,0.0816154
13,780,4333,7,41.4316,-114.271,3.84615e-05,0.0816154
13,780,6697,10,34.5466,134.873,3.84615e-05,0.0816154
13,780,4313,21,-80.5483,25.1524,3.84615e-05,0.0816154
13,780,5961,21,-80.7246,24.978,3.84615e-05,0.0816154
13,780,4148,23,-21.9375,116.931,3.84615e-05,0.0816154
13,780,4520,25,47.7842,134.182,3.84615e-05,0.0816154
13,780,6787,25,48.2431,134.107,3.84615e-05,0.0816154
13,780,5411,27,56.7105,-70.8657,3.84615e-05,0.0816154
13,780,7228,28,19.1466,-67.3526,3.84615e-05,0.0816154
13,780,2493,29,-16.8045,-53.7217,3.84615e-05,0.0816154
13,780,6247,34,-37.9233,143.752,3.84615e-05,0.0816154
13,780,2435,38,74.9867,-34.8412,3.84615e-05,0.0816154
13,780,7125,42,-36.3016,7.94847,3.84615e-05,0.0816154
13,780,2689,45,-19.2669,135.684,3.84615e-05,0.0816154
13,780,7969,46,9.31388,158.361,3.84615e-05,0.0816154
13,780,7965,47,36.935,-172.009,3.84615e-05,0.0816154
13,780,3790,48,55.092,-128.456,3.84615e-05,0.0816154
13,780,2728,51,46.2685,-111.602,3.84615e-05,0.0816154
13,780,7233,54,-8.51933,-4.41708,3.84615e-05,0.0816154
13,780,3642,55,-30.2569,27.1308,3.84615e-05,0.0816154
13,780,7070,66,33.0688,-11.3189,3.84615e-05,0.0816154
13,780,2581,67,6.01683,11.8373,3.84615e-05,0.0816154
13,780,3749,70,-69.0781,89.8194,3.84615e-05,0.0816154
13,780,3980,70,-68.8993,91.2621,3.84615e-05,0.0816154
13,780,4842,75,71.1718,-85.8364,3.84615e-05,0.0816154
13,780,3949,76,55.6837,-3.34384,3.84615e-05,0.0816154
13,780,7041,81,16.9252,-126.493,3.84615e-05,0.0816154
13,780,4397,82,48.3627,-101.138,3.84615e-05,0.0816154
13,780,2706,84,48.9315,19.3768,3.84615e-05,0.0816154
13,780,7055,86,-17.4511,54.1315,3.84615e-05,0.0816154
13,780,7556,95,-50.0712,166.9,3.84615e-05,0.0816154
13,780,7532,97,-8.61707,-117.096,3.84615e-05,0.0816154
13,780,5573,98,18.6047,-97.7302,3.84615e-05,0.0816154
13,780,2310,100,69.6498,84.3183,3.84615e-05,0.0816154
13,780,2737,104,-74.3774,79.6967,3.84615e-05,0.0816154
13,780,4064,104,-74.7319,81.4833,3.84615e-05,0.0816154
13,780,4321,104,-74.9482,81.6438,3.84615e-05,0.0816154
13,780,2268,108,38.4287,-92.8256,3.84615e-05,0.0816154
13,780,4019,108,38.4618,-93.0804,3.84615e-05,0.0816154
13,780,6100,108,38.7847,-92.5598,3.84615e-05,0.0816154
13,780,7734,110,39.916,-44.6524,3.84615e-05,0.0816154
13,780,5784,111,49.0628,7.1232,3.84615e-05,0.0816154
13,780,2558,119,8.05946,-66.6469,3.84615e-05,0.0816154
13,780,3888,122,67.616,-52.4313,3.84615e-05,0.0816154
13,780,4827,122,67.816,-52.15,3.84615e-05,0.0816154
13,780,2492,127,-67.4514,124.387,3.84615e-05,0.0816154
13,780,3405,127,-67.0504,125.557,3.84615e-05,0.0816154
13,780,6929,127,-66.5499,126.355,3.84615e-05,0.0816154
13,780,7737,130,-47.5881,-152.074,3.84615e-05,0.0816154
13,780,5094,138,-4.2252,136.893,3.84615e-05,0.0816154
13,780,5300,138,-4.30794,136.534,3.84615e-05,0.0816154
13,780,2965,142,-75.8893,160.78,3.84615e-05,0.0816154
13,780,6944,145,2.3037,-25.4661,3.84615e-05,0.0816154
13,780,5932,147,73.9201,-23.6151,3.84615e-05,0.0816154
13,780,4634,148,65.8845,138.196,3.84615e-05,0.0816154
13,780,3390,150,16.4028,12.0324,3.84615e-05,0.0816154
13,780,4138,150,16.6948,12.0177,3.84615e-05,0.0816154
13,780,6989,156,-42.1141,-138.339,3.84615e-05,0.0816154
13,780,7879,158,-30.7948,-44.2214,3.84615e-05,0.0816154
13,780,2426,161,-3.50099,12.6755,3.84615e-05,0.0816154
13,780,4602,173,69.0545,-146.521,3.84615e-05,0.0816154
13,780,6840,176,-39.2476,-148.394,3.84615e-05,0.0816154
13,780,3819,177,-75.3178,-142.523,3.84615e-05,0.0816154
13,780,3022,178,-71.9421,37.0239,3.84615e-05,0.0816154
13,780,4217,178,-71.8313,35.6562,3.84615e-05,0.0816154
13,780,6523,179,-32.8568,26.1809,3.84615e-05,0.0816154
13,780,6262,180,6.01893,48.5629,3.84615e-05,0.0816154
13,780,2306,181,34.7414,64.3163,3.84615e-05,0.0816154
13,780,7474,185,-4.8886,-132.056,3.84615e-05,0.0816154
13,780,5567,189,-29.7858,30.5952,3.84615e-05,0.0816154
13,780,6890,192,-23.7449,53.1062,3.84615e-05,0.0816154
13,780,7959,197,28.799,-122.899,3.84615e-05,0.0816154
14,840,3267,1,-69.7485,41.8765,3.84615e-05,0.0837308
14,840,7878,3,-2.64819,82.6409,3.84615e-05,0.0837308
14,840,2464,4,27.8752,97.0806,3.84615e-05,0.0837308
14,840,7887,10,38.4847,136.148,3.84615e-05,0.0837308
14,840,6098,12,43.9145,-123.253,3.84615e-05,0.0837308
14,840,2655,21,-79.4332,28.2303,3.84615e-05,0.0837308
14,840,6912,23,-17.5455,118.672,3.84615e-05,0.0837308
14,840,7555,26,77.16,-148.516,3.84615e-05,0.0837308
14,840,3018,30,-2.15337,-45.4784,3.84615e-05,0.0837308
14,840,6236,34,-31.2329,143.452,3.84615e-05,0.0837308
14,840,2709,38,69.539,-45.7292,3.84615e-05,0.0837308
14,840,2451,45,-19.2921,145.708,3.84615e-05,0.0837308
14,840,2784,48,55.7008,-120.222,3.84615e-05,0.0837308
14,840,2843,51,51.7156,-100.926,3.84615e-05,0.0837308
14,840,7375,53,16.4764,-21.8768,3.84615e-05,0.0837308
14,840,7791,61,-26.0755,168.511,3.84615e-05,0.0837308
14,840,4632,66,30.9927,-7.35175,3.84615e-05,0.0837308
14,840,2151,67,0.166649,15.7343,3.84615e-05,0.0837308
14,840,7516,69,-52.2044,75.7294,3.84615e-05,0.0837308
14,840,2375,70,-72.1893,103.753,3.84615e-05,0.0837308
14,840,7231,71,-55.8856,179.514,3.84615e-05,0.0837308
14,840,7548,73,10.4937,-147.82,3.84615e-05,0.0837308
14,840,6098,74,43.9145,-123.253,3.84615e-05,0.0837308
14,840,3376,84,43.5673,22.1071,3.84615e-05,0.0837308
14,840,3944,84,43.3617,22.605,3.84615e-05,0.0837308
14,840,6734,90,41.8666,-6.59898,3.84615e-05,0.0837308
14,840,3546,95,-42.1949,172.446,3.84615e-05,0.0837308
14,840,7804,97,-4.87274,-121.657,3.84615e-05,0.0837308
14,840,2844,100,68.1329,84.7352,3.84615e-05,0.0837308
14,840,3005,100,68.0267,85.4618,3.84615e-05,0.0837308
14,840,6024,100,68.3753,85.6608,3.84615e-05,0.0837308
14,840,7053,103,-41.2019,83.3094,3.84615e-05,0.0837308
14,840,2135,104,-75.9837,78.2396,3.84615e-05,0.0837308
14,840,2142,108,40.0065,-90.0636,3.84615e-05,0.0837308
14,840,5051,111,49.5401,11.3083,3.84615e-05,0.0837308
14,840,3784,119,10.6931,-66.8124,3.84615e-05,0.0837308
14,840,3059,122,68.9817,-50.0962,3.84615e-05,0.0837308
14,840,4008,122,69.0526,-50.577,3.84615e-05,0.0837308
14,840,5272,127,-66.9641,137.132,3.84615e-05,0.0837308
14,840,3883,142,-77.3822,155.583,3.84615e-05,0.0837308
14,840,3586,147,80.282,-23.4376,3.84615e-05,0.0837308
14,840,2928,148,66.3657,156.887,3.84615e-05,0.0837308
14,840,5206,148,66.4681,156.168,3.84615e-05,0.0837308
14,840,2476,150,15.9618,12.8396,3.84615e-05,0.0837308
14,840,6951,160,-24.0743,-16.767,3.84615e-05,0.0837308
14,840,3016,161,-1.13577,13.6397,3.84615e-05,0.0837308
14,840,6903,165,28.4078,167.777,3.84615e-05,0.0837308
14,840,7760,166,-1.9544,-170.593,3.84615e-05,0.0837308
14,840,3986,173,64.3635,-152.992,3.84615e-05,0.0837308
14,840,6954,176,-43.5756,-149.375,3.84615e-05,0.0837308
14,840,2935,177,-79.3111,-142.042,3.84615e-05,0.0837308
14,840,3385,179,-28.4593,26.1541,3.84615e-05,0.0837308
14,840,7957,185,-9.13498,-131.845,3.84615e-05,0.0837308
14,840,4853,189,-23.6134,32.544,3.84615e-05,0.0837308
14,840,5732,189,-23.57,32.8032,3.84615e-05,0.0837308
14,840,7455,192,-24.7546,58.055,3.84615e-05,0.0837308
15,900,2123,4,32.3205,98.6334,3.84615e-05,0.0855769
15,900,4367,4,32.8855,98.282,3.84615e-05,0.0855769
15,900,7496,11,45.5644,-171.99,3.84615e-05,0.0855769
15,900,3291,12,40.1835,-116.45,3.84615e-05,0.0855769
15,900,2112,21,-78.9942,67.2215,3.84615e-05,0.0855769
15,900,7598,22,-48.7489,113.063,3.84615e-05,0.0855769
15,900,6818,28,13.5783,-66.199,3.84615e-05,0.0855769
15,900,3548,30,-5.85657,-38.7392,3.84615e-05,0.0855769
15,900,2356,34,-27.579,141.227,3.84615e-05,0.0855769
15,900,5104,36,42.4824,140.183,3.84615e-05,0.0855769
15,900,2895,38,67.4163,-43.1006,3.84615e-05,0.0855769
15,900,7485,39,26.9108,-37.1223,3.84615e-05,0.0855769
15,900,7830,47,40.6766,-170.185,3.84615e-05,0.0855769
15,900,4353,48,49.302,-119.827,3.84615e-05,0.0855769
15,900,3757,51,49.7937,-100.037,3.84615e-05,0.0855769
15,900,4590,53,15.7244,-15.1102,3.84615e-05,0.0855769
15,900,7726,60,-51.5535,137.094,3.84615e-05,0.0855769
15,900,3884,66,22.5579,-8.99051,3.84615e-05,0.0855769
15,900,2999,70,-71.4156,106.905,3.84615e-05,0.0855769
15,900,5758,74,46.5695,-119.819,3.84615e-05,0.0855769
15,900,6828,80,-8.03651,-138.873,3.84615e-05,0.0855769
15,900,3321,90,42.3441,-3.40904,3.84615e-05,0.0855769
15,900,7282,93,-22.0258,91.5857,3.84615e-05,0.0855769
15,900,6707,98,20.8223,-88.915,3.84615e-05,0.0855769
15,900,2335,104,-77.5424,108.215,3.84615e-05,0.0855769
15,900,7695,106,-28.8868,-93.2009,3.84615e-05,0.0855769
15,900,2137,108,44.4893,-90.0375,3.84615e-05,0.0855769
15,900,3713,108,44.6604,-90.1378,3.84615e-05,0.0855769
15,900,4570,111,53.5404,19.7164,3.84615e-05,0.0855769
15,900,7408,119,18.7281,-68.0279,3.84615e-05,0.0855769
15,900,2251,122,73.9836,-31.5694,3.84615e-05,0.0855769
15,900,2805,127,-75.3228,127.478,3.84615e-05,0.0855769
15,900,2874,134,34.0764,-6.21771,3.84615e-05,0.0855769
15,900,7396,140,-12.277,153.049,3.84615e-05,0.0855769
15,900,5422,142,-80.0161,158.38,3.84615e-05,0.0855769
15,900,4166,147,78.0251,16.1052,3.84615e-05,0.0855769
15,900,3363,148,60.4266,151.435,3.84615e-05,0.0855769
15,900,4621,148,60.402,151.407,3.84615e-05,0.0855769
15,900,7291,160,-22.3443,-15.4725,3.84615e-05,0.0855769
15,900,6019,161,4.97657,12.2671,3.84615e-05,0.0855769
15,900,6254,161,5.31816,11.9117,3.84615e-05,0.0855769
15,900,5909,173,62.9655,-159.095,3.84615e-05,0.0855769
15,900,6430,173,62.4834,-159.994,3.84615e-05,0.0855769
15,900,5098,177,-79.9586,-131.458,3.84615e-05,0.0855769
15,900,3915,179,-27.1484,27.3445,3.84615e-05,0.0855769
15,900,2387,189,-21.7543,33.4899,3.84615e-05,0.0855769
15,900,3158,193,14.1169,74.3826,3.84615e-05,0.0855769
15,900,7500,198,-17.2457,-113.159,3.84615e-05,0.0855769
16,960,7393,9,-36.9398,-88.1083,3.84615e-05,0.0874615
16,960,2460,12,38.1551,-116.52,3.84615e-05,0.0874615
16,960,6945,24,25.1741,127.042,3.84615e-05,0.0874615
16,960,3273,30,-9.8381,-46.4653,3.84615e-05,0.0874615
16,960,3448,30,-9.80078,-46.8344,3.84615e-05,0.0874615
16,960,2893,32,-79.5763,-82.907,3.84615e-05,0.0874615
16,960,4444,34,-26.6105,142.559,3.84615e-05,0.0874615
16,960,2969,36,47.2984,136.7,3.84615e-05,0.0874615
16,960,7588,41,-14.9127,-9.70171,3.84615e-05,0.0874615
16,960,3184,48,54.3529,-106.28,3.84615e-05,0.0874615
16,960,4433,51,55.0133,-91.1903,3.84615e-05,0.0874615
16,960,2667,53,11.9795,-12.7885,3.84615e-05,0.0874615
16,960,4976,53,12.3647,-12.6384,3.84615e-05,0.0874615
16,960,7086,57,-40.65,136.878,3.84615e-05,0.0874615
16,960,6894,61,-20.8559,173.022,3.84615e-05,0.0874615
16,960,6844,62,6.4276,-160.604,3.84615e-05,0.0874615
16,960,6613,66,21.0245,-4.79802,3.84615e-05,0.0874615
16,960,6732,66,21.0091,-4.78076,3.84615e-05,0.0874615
16,960,2998,70,-67.1204,120.448,3.84615e-05,0.0874615
16,960,7056,73,18.9794,-139.34,3.84615e-05,0.0874615
16,960,5487,74,47.8582,-121.12,3.84615e-05,0.0874615
16,960,6833,80,-4.72923,-138.833,3.84615e-05,0.0874615
16,960,7770,88,-57.4519,156.995,3.84615e-05,0.0874615
16,960,3837,90,42.3524,-1.59259,3.84615e-05,0.0874615
16,960,4459,108,46.1814,-99.2854,3.84615e-05,0.0874615
16,960,2906,111,50.2164,21.8042,3.84615e-05,0.0874615
16,960,7517,118,-9.7621,-83.8927,3.84615e-05,0.0874615
16,960,2203,122,77.0764,-50.3277,3.84615e-05,0.0874615
16,960,3721,127,-75.1991,132.433,3.84615e-05,0.0874615
16,960,7808,130,-49.5373,-139.404,3.84615e-05,0.0874615
16,960,3531,134,38.5252,-2.14909,3.84615e-05,0.0874615
16,960,5112,139,-39.1383,176.367,3.84615e-05,0.0874615
16,960,6861,140,-15.5922,152.829,3.84615e-05,0.0874615
16,960,3198,142,-85.5392,-144.579,3.84615e-05,0.0874615
16,960,7566,143,-56.6252,-26.0571,3.84615e-05,0.0874615
16,960,6956,145,13.4453,-19.6297,3.84615e-05,0.0874615
16,960,7762,147,81.4709,18.2274,3.84615e-05,0.0874615
16,960,7932,157,-40.3126,-75.5251,3.84615e-05,0.0874615
16,960,7387,160,-18.9112,-10.9369,3.84615e-05,0.0874615
16,960,2213,161,8.86682,15.4876,3.84615e-05,0.0874615
16,960,6950,167,-28.1563,-134.379,3.84615e-05,0.0874615
16,960,2500,179,-21.2163,31.3576,3.84615e-05,0.0874615
16,960,7484,184,19.887,-139.681,3.84615e-05,0.0874615
16,960,7553,184,20.0502,-139.407,3.84615e-05,0.0874615
16,960,3741,189,-17.5732,37.0673,3.84615e-05,0.0874615
16,960,4753,190,-75.4395,-16.1905,3.84615e-05,0.0874615
16,960,3798,193,19.582,75.9524,3.84615e-05,0.0874615
16,960,4160,193,19.116,75.7143,3.84615e-05,0.0874615
16,960,7536,198,-17.2445,-105.427,3.84615e-05,0.0874615
17,1020,3221,12,33.7348,-116.808,3.84615e-05,0.089
17,1020,2590,26,71.7521,-106.542,3.84615e-05,0.089
17,1020,4925,26,71.4953,-106.51,3.84615e-05,0.089
17,1020,5606,26,71.8605,-107.444,3.84615e-05,0.089
17,1020,2681,30,-13.2823,-47.4668,3.84615e-05,0.089
17,1020,3089,32,-85.3106,-52.1111,3.84615e-05,0.089
17,1020,3098,36,51.8496,136.537,3.84615e-05,0.089
17,1020,7077,39,21.2474,-39.5704,3.84615e-05,0.089
17,1020,7263,41,-16.9269,-7.0722,3.84615e-05,0.089
17,1020,3950,44,-32.1318,120.502,3.84615e-05,0.089
17,1020,3040,48,47.5029,-105.394,3.84615e-05,0.089
17,1020,7454,54,-17.3129,10.9624,3.84615e-05,0.089
17,1020,6242,57,-34.6252,140.621,3.84615e-05,0.089
17,1020,5764,66,16.4148,-5.25783,3.84615e-05,0.089
17,1020,5944,66,16.4568,-4.7265,3.84615e-05,0.089
17,1020,3409,70,-70.3123,135.196,3.84615e-05,0.089
17,1020,4134,74,55.7776,-123.195,3.84615e-05,0.089
17,1020,3846,81,29.0972,-114.486,3.84615e-05,0.089
17,1020,4407,81,29.5429,-114.593,3.84615e-05,0.089
17,1020,5390,90,43.5385,10.0915,3.84615e-05,0.089
17,1020,7621,96,-23.2747,-132.918,3.84615e-05,0.089
17,1020,7590,118,-8.18829,-80.5051,3.84615e-05,0.089
17,1020,4969,122,79.4133,-45.9639,3.84615e-05,0.089
17,1020,3812,134,42.9034,-2.49835,3.84615e-05,0.089
17,1020,7018,145,14.7405,-20.2074,3.84615e-05,0.089
17,1020,7509,154,-4.51007,172.677,3.84615e-05,0.089
17,1020,6115,157,-40.7031,-71.4672,3.84615e-05,0.089
17,1020,2598,161,7.07516,20.2225,3.84615e-05,0.089
17,1020,3587,161,7.30086,20.3486,3.84615e-05,0.089
17,1020,7707,166,-12.2785,-161.977,3.84615e-05,0.089
17,1020,7078,174,19.0343,-152.747,3.84615e-05,0.089
17,1020,2380,179,-18.4052,25.566,3.84615e-05,0.089
17,1020,6970,188,-44.705,13.8919,3.84615e-05,0.089
17,1020,4175,189,-14.2266,35.8482,3.84615e-05,0.089
17,1020,6584,190,-71.6997,-1.05978,3.84615e-05,0.089
17,1020,7816,192,-9.55602,58.4727,3.84615e-05,0.089
17,1020,3539,193,25.7306,70.1113,3.84615e-05,0.089
17,1020,3828,193,25.2122,70.0263,3.84615e-05,0.089
17,1020,6720,193,25.0327,69.322,3.84615e-05,0.089
17,1020,7057,197,14.1785,-114.995,3.84615e-05,0.089
18,1080,7936,2,-24.0309,73.1549,3.84615e-05,0.0899231
18,1080,5116,12,34.1981,-107.491,3.84615e-05,0.0899231
18,1080,6097,36,52.5584,137.471,3.84615e-05,0.0899231
18,1080,3526,44,-29.399,123.713,3.84615e-05,0.0899231
18,1080,7406,46,23.9468,169.225,3.84615e-05,0.0899231
18,1080,4690,48,53.5492,-94.895,3.84615e-05,0.0899231
18,1080,6484,54,-21.6386,14.622,3.84615e-05,0.0899231
18,1080,4266,57,-30.6129,139.657,3.84615e-05,0.0899231
18,1080,7241,61,-14.5711,179.559,3.84615e-05,0.0899231
18,1080,4916,70,-70.5954,138.043,3.84615e-05,0.0899231
18,1080,4035,74,58.9088,-115.716,3.84615e-05,0.0899231
18,1080,2746,81,32.1558,-110.235,3.84615e-05,0.0899231
18,1080,7842,89,-32.4152,-149.852,3.84615e-05,0.0899231
18,1080,7093,90,41.1445,7.6517,3.84615e-05,0.0899231
18,1080,7014,96,-22.4985,-131.686,3.84615e-05,0.0899231
18,1080,6784,121,48.7393,-57.6293,3.84615e-05,0.0899231
18,1080,6759,122,80.1795,-16.2819,3.84615e-05,0.0899231
18,1080,6888,149,15.1651,150.385,3.84615e-05,0.0899231
18,1080,7063,156,-48.8515,-116.351,3.84615e-05,0.0899231
18,1080,5006,157,-39.5329,-65.3626,3.84615e-05,0.0899231
18,1080,2886,159,5.24867,-6.4182,3.84615e-05,0.0899231
18,1080,2076,161,11.8924,19.8964,3.84615e-05,0.0899231
18,1080,3103,189,-11.0941,39.8242,3.84615e-05,0.0899231
18,1080,4562,190,-73.4641,9.30299,3.84615e-05,0.0899231
19,1140,7850,16,-46.3217,30.2356,3.84615e-05,0.0909231
19,1140,7207,18,-0.198853,95.8925,3.84615e-05,0.0909231
19,1140,2136,36,58.6572,129.4,3.84615e-05,0.0909231
19,1140,3813,44,-29.8122,129.21,3.84615e-05,0.0909231
19,1140,2412,57,-28.2526,142.241,3.84615e-05,0.0909231
19,1140,7758,60,-37.4512,151.789,3.84615e-05,0.0909231
19,1140,5171,70,-69.7577,150.38,3.84615e-05,0.0909231
19,1140,7505,72,-2.83032,-155.343,3.84615e-05,0.0909231
19,1140,7953,80,3.79736,-133.451,3.84615e-05,0.0909231
19,1140,3738,90,42.433,18.4083,3.84615e-05,0.0909231
19,1140,7972,103,-59.9876,90.8939,3.84615e-05,0.0909231
19,1140,4161,107,22.3088,-98.5814,3.84615e-05,0.0909231
19,1140,6893,116,-46.186,-141.372,3.84615e-05,0.0909231
19,1140,2204,118,-1.14317,-76.4592,3.84615e-05,0.0909231
19,1140,2814,131,-37.7216,-71.9437,3.84615e-05,0.0909231
19,1140,2929,131,-37.7193,-72.3883,3.84615e-05,0.0909231
19,1140,3690,140,-26.9264,152.429,3.84615e-05,0.0909231
19,1140,7135,146,59.6666,-13.2651,3.84615e-05,0.0909231
19,1140,6897,154,-4.35609,-178.512,3.84615e-05,0.0909231
19,1140,5461,157,-37.9969,-63.6355,3.84615e-05,0.0909231
19,1140,3012,159,9.31134,-2.85593,3.84615e-05,0.0909231
19,1140,6958,184,10.8839,-136.992,3.84615e-05,0.0909231
19,1140,6829,185,-25.2761,-123.021,3.84615e-05,0.0909231
19,1140,2357,189,-8.48321,38.6744,3.84615e-05,0.0909231
19,1140,2589,189,-8.40864,38.8663,3.84615e-05,0.0909231
19,1140,5279,190,-70.0983,16.277,3.84615e-05,0.0909231
20,1200,5289,3,19.5189,84.0222,3.84615e-05,0.0915769
20,1200,5809,9,-49.2168,-73.93,3.84615e-05,0.0915769
20,1200,3085,18,2.85278,98.8742,3.84615e-05,0.0915769
20,1200,3063,36,59.8713,133.944,3.84615e-05,0.0915769
20,1200,7675,41,-25.3652,-0.890854,3.84615e-05,0.0915769
20,1200,3024,44,-30.6399,131.478,3.84615e-05,0.0915769
20,1200,7413,62,21.1296,-157.104,3.84615e-05,0.0915769
20,1200,6969,72,-1.98626,-156.393,3.84615e-05,0.0915769
20,1200,4952,107,26.5135,-99.469,3.84615e-05,0.0915769
20,1200,3086,118,0.368614,-75.1777,3.84615e-05,0.0915769
20,1200,5363,118,0.063942,-74.9253,3.84615e-05,0.0915769
20,1200,6585,140,-28.3546,152.572,3.84615e-05,0.0915769
20,1200,7833,144,-6.53672,-22.3748,3.84615e-05,0.0915769
20,1200,5438,157,-35.1243,-58.3485,3.84615e-05,0.0915769
20,1200,3339,159,7.40191,0.879181,3.84615e-05,0.0915769
20,1200,5809,168,-49.2168,-73.93,3.84615e-05,0.0915769
20,1200,7299,190,-69.1299,21.5623,3.84615e-05,0.0915769
20,1200,7531,191,-34.2849,54.6864,3.84615e-05,0.0915769
21,1260,3398,0,-77.8441,17.2356,3.84615e-05,0.0993077
21,1260,5810,3,23.1496,85.4646,3.84615e-05,0.0993077
21,1260,6234,3,23.5008,85.7494,3.84615e-05,0.0993077
21,1260,3719,4,55.5433,100.483,3.84615e-05,0.0993077
21,1260,17,5,71.831,-179.161,0.000384615,0.0993077
21,1260,97,5,71.5563,178.986,0.000384615,0.0993077
21,1260,177,5,71.6175,179.971,0.000384615,0.0993077
21,1260,377,5,71.4358,179.213,0.000384615,0.0993077
21,1260,417,5,71.5361,178.871,0.000384615,0.0993077
21,1260,617,5,71.037,-179.037,0.000384615,0.0993077
21,1260,897,5,71.9371,-179.845,0.000384615,0.0993077
21,1260,1177,5,71.7051,-179.527,0.000384615,0.0993077
21,1260,1257,5,71.1737,-179.664,0.000384615,0.0993077
21,1260,1777,5,71.9689,-178.828,0.000384615,0.0993077
21,1260,1857,5,71.7322,179.224,0.000384615,0.0993077
21,1260,4558,6,51.2174,-114.498,3.84615e-05,0.0993077
21,1260,6779,9,-51.8888,-73.8854,3.84615e-05,0.0993077
21,1260,5203,12,23.8695,-105.481,3.84615e-05,0.0993077
21,1260,6302,12,23.6909,-105.668,3.84615e-05,0.0993077
21,1260,2491,13,-1.16123,-75.5359,3.84615e-05,0.0993077
21,1260,4072,14,-31.263,-55.3304,3.84615e-05,0.0993077
21,1260,7281,16,-41.3179,40.0805,3.84615e-05,0.0993077
21,1260,2968,18,5.52312,101.572,3.84615e-05,0.0993077
21,1260,7746,19,27.3415,130.154,3.84615e-05,0.0993077
21,1260,2469,20,-80.0686,-23.9725,3.84615e-05,0.0993077
21,1260,4451,22,-28.302,116.32,3.84615e-05,0.0993077
21,1260,7194,23,8.70607,118.956,3.84615e-05,0.0993077
21,1260,2852,24,46.4493,123.646,3.84615e-05,0.0993077
21,1260,4944,26,60.7076,-74.5247,3.84615e-05,0.0993077
21,1260,3952,28,-12.2779,-61.0182,3.84615e-05,0.0993077
21,1260,3898,32,-76.2381,148.894,3.84615e-05,0.0993077
21,1260,7206,33,-41.217,142.638,3.84615e-05,0.0993077
21,1260,4216,34,-4.96461,137.773,3.84615e-05,0.0993077
21,1260,6991,35,29.1093,132.367,3.84615e-05,0.0993077
21,1260,7572,39,5.644,-40.9138,3.84615e-05,0.0993077
21,1260,3720,44,-24.0276,129.98,3.84615e-05,0.0993077
21,1260,2276,48,45.6701,-85.0028,3.84615e-05,0.0993077
21,1260,7189,49,21.641,-48.8195,3.84615e-05,0.0993077
21,1260,5718,50,52.5136,-118.775,3.84615e-05,0.0993077
21,1260,4080,51,49.1489,-68.8598,3.84615e-05,0.0993077
21,1260,3238,54,-29.5129,23.1061,3.84615e-05,0.0993077
21,1260,3739,54,-29.3265,22.9828,3.84615e-05,0.0993077
21,1260,2979,57,-23.2335,147.261,3.84615e-05,0.0993077
21,1260,7323,62,23.1818,-157.526,3.84615e-05,0.0993077
21,1260,6491,63,48.8655,-120.854,3.84615e-05,0.0993077
21,1260,5147,64,53.7142,-61.6162,3.84615e-05,0.0993077
21,1260,7154,65,37.4053,-19.3339,3.84615e-05,0.0993077
21,1260,4119,66,7.40437,7.84056,3.84615e-05,0.0993077
21,1260,7983,69,-53.7944,118.394,3.84615e-05,0.0993077
21,1260,4946,75,64.112,-15.1962,3.84615e-05,0.0993077
21,1260,3090,76,30.857,10.6255,3.84615e-05,0.0993077
21,1260,5086,77,-2.51443,31.3506,3.84615e-05,0.0993077
21,1260,5099,77,-2.67958,31.5915,3.84615e-05,0.0993077
21,1260,3507,81,43.537,-107.089,3.84615e-05,0.0993077
21,1260,4982,83,48.7375,8.29039,3.84615e-05,0.0993077
21,1260,6901,86,-43.1404,69.9822,3.84615e-05,0.0993077
21,1260,6363,90,37.0147,21.1367,3.84615e-05,0.0993077
21,1260,7543,96,-8.36996,-127.277,3.84615e-05,0.0993077
21,1260,7399,98,40.7175,-73.0715,3.84615e-05,0.0993077
21,1260,4107,100,39.9137,75.666,3.84615e-05,0.0993077
21,1260,5191,103,-68.4172,89.2347,3.84615e-05,0.0993077
21,1260,5082,107,32.6363,-96.3708,3.84615e-05,0.0993077
21,1260,6180,107,32.9053,-96.5828,3.84615e-05,0.0993077
21,1260,2402,110,51.2616,-3.07907,3.84615e-05,0.0993077
21,1260,2160,111,46.7121,53.6112,3.84615e-05,0.0993077
21,1260,3035,111,46.9643,54.025,3.84615e-05,0.0993077
21,1260,6471,111,46.6063,53.5635,3.84615e-05,0.0993077
21,1260,5810,112,23.1496,85.4646,3.84615e-05,0.0993077
21,1260,6234,112,23.5008,85.7494,3.84615e-05,0.0993077
21,1260,7613,113,-7.96111,105.979,3.84615e-05,0.0993077
21,1260,6352,114,-30.9702,131.168,3.84615e-05,0.0993077
21,1260,7860,115,-49.9676,173.207,3.84615e-05,0.0993077
21,1260,5282,118,4.032,-71.6905,3.84615e-05,0.0993077
21,1260,7908,120,24.7343,-63.8623,3.84615e-05,0.0993077
21,1260,2654,123,49.554,112.935,3.84615e-05,0.0993077
21,1260,2982,125,-22.0891,120.92,3.84615e-05,0.0993077
21,1260,3370,127,-78.5144,-101.915,3.84615e-05,0.0993077
21,1260,2169,129,-9.85433,-61.4109,3.84615e-05,0.0993077
21,1260,5164,132,-1.43709,-49.163,3.84615e-05,0.0993077
21,1260,3545,134,48.6028,18.6986,3.84615e-05,0.0993077
21,1260,3091,135,54.1823,75.224,3.84615e-05,0.0993077
21,1260,2083,136,27.364,108.603,3.84615e-05,0.0993077
21,1260,5523,136,27.4228,108.476,3.84615e-05,0.0993077
21,1260,7079,145,34.1287,-27.6211,3.84615e-05,0.0993077
21,1260,7358,149,2.00692,149.9,3.84615e-05,0.0993077
21,1260,5645,150,31.8998,37.4877,3.84615e-05,0.0993077
21,1260,6589,150,32.4411,37.368,3.84615e-05,0.0993077
21,1260,3399,151,44.5337,80.765,3.84615e-05,0.0993077
21,1260,2191,159,15.7506,3.16406,3.84615e-05,0.0993077
21,1260,3365,159,15.9695,2.75456,3.84615e-05,0.0993077
21,1260,3801,162,38.1469,62.3813,3.84615e-05,0.0993077
21,1260,5230,162,38.3388,62.7298,3.84615e-05,0.0993077
21,1260,2654,163,49.554,112.935,3.84615e-05,0.0993077
21,1260,4932,168,-43.3828,-69.0035,3.84615e-05,0.0993077
21,1260,3878,170,30.0559,24.9586,3.84615e-05,0.0993077
21,1260,3567,171,67.1655,34.4708,3.84615e-05,0.0993077
21,1260,5520,171,67.4291,35.03,3.84615e-05,0.0993077
21,1260,5891,171,67.5236,33.7194,3.84615e-05,0.0993077
21,1260,3398,177,-77.8441,17.2356,3.84615e-05,0.0993077
21,1260,5086,179,-2.51443,31.3506,3.84615e-05,0.0993077
21,1260,5099,179,-2.67958,31.5915,3.84615e-05,0.0993077
21,1260,2114,180,30.0256,65.2593,3.84615e-05,0.0993077
21,1260,3168,182,59.4403,162.731,3.84615e-05,0.0993077
21,1260,4188,188,-31.3879,25.8678,3.84615e-05,0.0993077
21,1260,7681,191,-28.8151,49.7762,3.84615e-05,0.0993077
21,1260,2744,193,34.1695,76.7629,3.84615e-05,0.0993077
21,1260,3153,194,64.8006,116.184,3.84615e-05,0.0993077
21,1260,2401,195,59.9286,-159.809,3.84615e-05,0.0993077
22,1320,5807,18,5.26326,100.678,3.84615e-05,0.101
22,1320,3645,20,-82.8974,12.7775,3.84615e-05,0.101
22,1320,7618,30,-31.4054,-49.5388,3.84615e-05,0.101
22,1320,2502,36,69.1922,123.029,3.84615e-05,0.101
22,1320,2649,37,76.2538,-41.6582,3.84615e-05,0.101
22,1320,7311,41,-32.5785,7.05977,3.84615e-05,0.101
22,1320,2623,44,-21.3346,133.259,3.84615e-05,0.101
22,1320,7213,46,29.9621,-174.168,3.84615e-05,0.101
22,1320,4794,50,48.5472,-115.132,3.84615e-05,0.101
22,1320,5357,63,45.5004,-114.925,3.84615e-05,0.101
22,1320,5308,79,-69.5166,80.6546,3.84615e-05,0.101
22,1320,6622,82,64.3231,-48.0118,3.84615e-05,0.101
22,1320,3279,84,14.9922,33.5553,3.84615e-05,0.101
22,1320,7568,91,11.7023,56.538,3.84615e-05,0.101
22,1320,2134,97,20.6684,-101.178,3.84615e-05,0.101
22,1320,5337,97,20.6366,-100.655,3.84615e-05,0.101
22,1320,2788,103,-72.0726,96.7495,3.84615e-05,0.101
22,1320,4431,104,-74.0076,-97.4193,3.84615e-05,0.101
22,1320,7989,106,-2.10114,-102.029,3.84615e-05,0.101
22,1320,2033,107,35.6834,-92.908,3.84615e-05,0.101
22,1320,4480,108,67.7305,-85.4548,3.84615e-05,0.101
22,1320,4427,109,70.5715,68.8576,3.84615e-05,0.101
22,1320,3787,118,7.16376,-70.8627,3.84615e-05,0.101
22,1320,4787,118,7.45505,-70.9977,3.84615e-05,0.101
22,1320,7196,122,75.1488,84.6663,3.84615e-05,0.101
22,1320,2467,124,6.17648,116.083,3.84615e-05,0.101
22,1320,6012,128,-42.3114,-66.1035,3.84615e-05,0.101
22,1320,2044,131,-26.4587,-69.9997,3.84615e-05,0.101
22,1320,3863,131,-26.2404,-69.8522,3.84615e-05,0.101
22,1320,3190,137,-3.15968,134.153,3.84615e-05,0.101
22,1320,7834,140,-35.301,152.101,3.84615e-05,0.101
22,1320,5945,141,-73.9642,153.785,3.84615e-05,0.101
22,1320,7270,146,72.3151,-3.31584,3.84615e-05,0.101
22,1320,4739,147,68.1035,136.212,3.84615e-05,0.101
22,1320,6874,153,9.76074,157.425,3.84615e-05,0.101
22,1320,4096,157,-31.5135,-52.1556,3.84615e-05,0.101
22,1320,2319,159,15.5599,4.9801,3.84615e-05,0.101
22,1320,3258,161,23.1865,30.0504,3.84615e-05,0.101
22,1320,7471,172,71.4516,-148.562,3.84615e-05,0.101
22,1320,4163,181,62.7589,102.165,3.84615e-05,0.101
22,1320,6282,188,-28.0475,28.6672,3.84615e-05,0.101
22,1320,7512,191,-28.7584,56.5318,3.84615e-05,0.101
22,1320,7723,196,26.8205,-123.582,3.84615e-05,0.101
22,1320,5562,199,-72.6302,-65.9342,3.84615e-05,0.101
23,1380,4505,18,11.1811,106.855,3.84615e-05,0.102192
23,1380,4895,18,11.3957,106.758,3.84615e-05,0.102192
23,1380,3067,39,-1.71126,-46.728,3.84615e-05,0.102192
23,1380,7562,41,-37.0936,2.47467,3.84615e-05,0.102192
23,1380,3997,44,-16.2002,135.529,3.84615e-05,0.102192
23,1380,6298,44,-16.2553,135.95,3.84615e-05,0.102192
23,1380,5543,47,55.0979,-127.208,3.84615e-05,0.102192
23,1380,3938,50,53.7888,-108.256,3.84615e-05,0.102192
23,1380,4868,63,48.3102,-110.921,3.84615e-05,0.102192
23,1380,7106,69,-51.6176,130.188,3.84615e-05,0.102192
23,1380,3922,79,-71.2902,89.9434,3.84615e-05,0.102192
23,1380,7171,80,18.7671,-128.161,3.84615e-05,0.102192
23,1380,7782,87,-62.6512,143.372,3.84615e-05,0.102192
23,1380,4861,97,20.9109,-101.196,3.84615e-05,0.102192
23,1380,2679,103,-75.9329,101.736,3.84615e-05,0.102192
23,1380,3007,107,36.1145,-95.8256,3.84615e-05,0.102192
23,1380,6096,110,51.5623,9.1451,3.84615e-05,0.102192
23,1380,5629,118,11.0397,-69.4199,3.84615e-05,0.102192
23,1380,6389,121,66.9192,-37.7173,3.84615e-05,0.102192
23,1380,6608,121,66.5504,-38.3709,3.84615e-05,0.102192
23,1380,2633,126,-68.0351,120.605,3.84615e-05,0.102192
23,1380,4561,141,-76.5486,161.531,3.84615e-05,0.102192
23,1380,7002,146,74.2596,-1.22171,3.84615e-05,0.102192
23,1380,7672,152,30.8837,132.233,3.84615e-05,0.102192
23,1380,7172,155,-42.5028,-139.073,3.84615e-05,0.102192
23,1380,2904,160,-2.29903,10.2309,3.84615e-05,0.102192
23,1380,7327,166,-22.028,-144.941,3.84615e-05,0.102192
23,1380,4880,176,-76.7731,-138.196,3.84615e-05,0.102192
23,1380,4307,178,-31.34,24.2047,3.84615e-05,0.102192
23,1380,4506,188,-25.9727,30.097,3.84615e-05,0.102192
23,1380,2766,189,4.55043,45.5645,3.84615e-05,0.102192
24,1440,4719,11,41.2641,-121.411,3.84615e-05,0.103231
24,1440,3373,39,-6.8715,-47.0383,3.84615e-05,0.103231
24,1440,3204,44,-17.4688,143.364,3.84615e-05,0.103231
24,1440,5518,47,54.1595,-118.674,3.84615e-05,0.103231
24,1440,4292,50,49.3499,-106.418,3.84615e-05,0.103231
24,1440,4292,63,49.3499,-106.418,3.84615e-05,0.103231
24,1440,7394,71,-20.4279,-163.462,3.84615e-05,0.103231
24,1440,2690,74,70.1748,-70.4716,3.84615e-05,0.103231
24,1440,4673,79,-72.5946,108.13,3.84615e-05,0.103231
24,1440,7446,80,20.49,-126.533,3.84615e-05,0.103231
24,1440,4526,94,-44.2306,170.494,3.84615e-05,0.103231
24,1440,6450,99,41.5133,-8.291,3.84615e-05,0.103231
24,1440,2821,103,-76.3362,84.006,3.84615e-05,0.103231
24,1440,4965,110,48.8181,13.0821,3.84615e-05,0.103231
24,1440,3414,118,18.5081,-69.9034,3.84615e-05,0.103231
24,1440,5399,141,-77.0028,163.248,3.84615e-05,0.103231
24,1440,7403,146,77.337,2.08022,3.84615e-05,0.103231
24,1440,7692,148,26.3271,148.364,3.84615e-05,0.103231
24,1440,7334,155,-39.4049,-131.59,3.84615e-05,0.103231
24,1440,3708,160,4.53757,10.118,3.84615e-05,0.103231
24,1440,4469,160,4.86872,10.0806,3.84615e-05,0.103231
24,1440,7560,169,-20.7123,-15.5345,3.84615e-05,0.103231
24,1440,5699,176,-76.8602,-140.264,3.84615e-05,0.103231
24,1440,7628,187,-53.6682,11.26,3.84615e-05,0.103231
24,1440,3102,188,-22.206,29.8308,3.84615e-05,0.103231
24,1440,5172,188,-22.1151,30.4509,3.84615e-05,0.103231
24,1440,7011,190,-56.3761,39.8004,3.84615e-05,0.103231
24,1440,7606,197,-15.1502,-115.642,3.84615e-05,0.103231
25,1500,7607,7,0.0102539,-103.106,3.84615e-05,0.104115
25,1500,7370,8,-35.6546,-85.5573,3.84615e-05,0.104115
25,1500,2092,11,40.2812,-120.701,3.84615e-05,0.104115
25,1500,6674,11,40.2729,-120.389,3.84615e-05,0.104115
25,1500,3449,27,7.70105,-67.1707,3.84615e-05,0.104115
25,1500,3899,31,-82.897,-41.886,3.84615e-05,0.104115
25,1500,2082,39,-8.61495,-48.7486,3.84615e-05,0.104115
25,1500,7827,41,-41.8112,8.85367,3.84615e-05,0.104115
25,1500,3350,44,-16.1113,145.746,3.84615e-05,0.104115
25,1500,5614,47,53.6451,-117.09,3.84615e-05,0.104115
25,1500,4226,50,55.6745,-101.412,3.84615e-05,0.104115
25,1500,4226,63,55.6745,-101.412,3.84615e-05,0.104115
25,1500,7831,85,-25.9428,55.4343,3.84615e-05,0.104115
25,1500,5250,94,-40.5364,176.913,3.84615e-05,0.104115
25,1500,5240,99,46.9607,-0.38295,3.84615e-05,0.104115
25,1500,2340,103,-83.6629,96.2855,3.84615e-05,0.104115
25,1500,5247,110,49.0152,20.6192,3.84615e-05,0.104115
25,1500,7325,133,40.3071,-11.4433,3.84615e-05,0.104115
25,1500,6557,141,-84.2241,-175.062,3.84615e-05,0.104115
25,1500,7473,146,82.3997,-13.5745,3.84615e-05,0.104115
25,1500,7644,164,25.5568,170.118,3.84615e-05,0.104115
25,1500,7992,164,25.3029,170.194,3.84615e-05,0.104115
25,1500,3541,188,-19.9096,33.1929,3.84615e-05,0.104115
25,1500,7906,199,-74.2866,-21.5394,3.84615e-05,0.104115
26,1560,3404,11,36.2545,-115.019,3.84615e-05,0.104731
26,1560,2021,25,75.7809,-94.4747,3.84615e-05,0.104731
26,1560,4032,31,-84.6452,-57.0428,3.84615e-05,0.104731
26,1560,7441,45,18.7914,164.633,3.84615e-05,0.104731
26,1560,3726,52,12.2396,-16.0127,3.84615e-05,0.104731
26,1560,7928,56,-38.5226,138.077,3.84615e-05,0.104731
26,1560,7236,58,18.005,-176.689,3.84615e-05,0.104731
26,1560,2119,103,-85.4477,82.2134,3.84615e-05,0.104731
26,1560,3962,110,54.5289,23.1931,3.84615e-05,0.104731
26,1560,7335,117,-4.08003,-88.1111,3.84615e-05,0.104731
26,1560,7230,130,-37.7499,-86.223,3.84615e-05,0.104731
26,1560,3973,141,-87.3357,-167.812,3.84615e-05,0.104731
26,1560,7300,142,-54.2246,-27.3732,3.84615e-05,0.104731
26,1560,7476,144,17.0431,-29.4147,3.84615e-05,0.104731
26,1560,2656,188,-16.6332,38.4606,3.84615e-05,0.104731
26,1560,3636,192,20.7718,74.5657,3.84615e-05,0.104731
27,1620,4709,31,-86.5133,-54.3579,3.84615e-05,0.105385
27,1620,7611,40,-23.6126,-12.173,3.84615e-05,0.105385
27,1620,7006,43,-35.5434,125.03,3.84615e-05,0.105385
27,1620,6227,56,-31.6433,134.977,3.84615e-05,0.105385
27,1620,7749,60,-15.5893,173.369,3.84615e-05,0.105385
27,1620,4704,73,56.7978,-120.519,3.84615e-05,0.105385
27,1620,5125,80,29.3544,-114.137,3.84615e-05,0.105385
27,1620,3985,97,33.0336,-87.6845,3.84615e-05,0.105385
27,1620,5067,106,19.4157,-101.661,3.84615e-05,0.105385
27,1620,7635,117,-2.85326,-88.0744,3.84615e-05,0.105385
27,1620,7944,130,-35.3234,-83.8861,3.84615e-05,0.105385
27,1620,6698,156,-42.1869,-66.864,3.84615e-05,0.105385
27,1620,5885,158,5.44104,-8.79715,3.84615e-05,0.105385
27,1620,7113,165,-7.29851,-160.806,3.84615e-05,0.105385
27,1620,2662,188,-11.7094,35.5873,3.84615e-05,0.105385
27,1620,3862,188,-11.5335,35.2691,3.84615e-05,0.105385
27,1620,2281,192,24.7371,69.7051,3.84615e-05,0.105385
28,1680,7975,1,-23.9018,70.444,3.84615e-05,0.106154
28,1680,6152,2,12.6027,79.68,3.84615e-05,0.106154
28,1680,7294,53,-22.3261,12.5801,3.84615e-05,0.106154
28,1680,3179,56,-28.7505,140.182,3.84615e-05,0.106154
28,1680,6920,61,14.8622,-165.494,3.84615e-05,0.106154
28,1680,7264,70,-36.698,-174.387,3.84615e-05,0.106154
28,1680,3108,73,61.2926,-119.11,3.84615e-05,0.106154
28,1680,3677,80,31.2276,-112.524,3.84615e-05,0.106154
28,1680,7870,96,10.4098,-112.484,3.84615e-05,0.106154
28,1680,2165,97,35.4275,-82.4262,3.84615e-05,0.106154
28,1680,4215,103,-82.4475,-145.208,3.84615e-05,0.106154
28,1680,4565,106,20.5498,-102.766,3.84615e-05,0.106154
28,1680,6542,117,-4.17984,-80.3059,3.84615e-05,0.106154
28,1680,6886,143,-11.7253,-31.6113,3.84615e-05,0.106154
28,1680,3292,156,-37.6654,-67.861,3.84615e-05,0.106154
28,1680,3128,158,7.47877,-5.33232,3.84615e-05,0.106154
28,1680,7537,184,-23.6944,-125.821,3.84615e-05,0.106154
28,1680,2260,188,-8.59584,36.5729,3.84615e-05,0.106154
28,1680,3225,192,24.8944,70.6284,3.84615e-05,0.106154
28,1680,6035,192,24.7795,70.7868,3.84615e-05,0.106154
29,1740,4997,9,-77.7944,-11.7071,3.84615e-05,0.107
29,1740,7364,17,-2.4353,99.2117,3.84615e-05,0.107
29,1740,7295,21,-31.5489,115.239,3.84615e-05,0.107
29,1740,4085,43,-27.2046,123.451,3.84615e-05,0.107
29,1740,2450,56,-30.7232,146.583,3.84615e-05,0.107
29,1740,7761,61,19.4657,-160.88,3.84615e-05,0.107
29,1740,2563,69,-37.2867,149.762,3.84615e-05,0.107
29,1740,3786,80,37.0536,-110.175,3.84615e-05,0.107
29,1740,3335,97,36.0428,-81.4213,3.84615e-05,0.107
29,1740,6200,97,36.3286,-81.1372,3.84615e-05,0.107
29,1740,4912,106,23.9141,-102.571,3.84615e-05,0.107
29,1740,5336,117,1.11789,-77.7732,3.84615e-05,0.107
29,1740,4049,130,-34.1607,-71.791,3.84615e-05,0.107
29,1740,4877,156,-35.8765,-64.1141,3.84615e-05,0.107
29,1740,2068,158,9.99101,-3.54907,3.84615e-05,0.107
29,1740,7652,173,9.522,-156.595,3.84615e-05,0.107
29,1740,7565,175,-63.7002,-161.106,3.84615e-05,0.107
29,1740,6904,184,-26.7725,-125.671,3.84615e-05,0.107
29,1740,4796,188,-5.76499,37.8929,3.84615e-05,0.107
29,1740,4324,192,31.5276,76.2387,3.84615e-05,0.107
29,1740,6487,192,31.3535,76.3053,3.84615e-05,0.107
29,1740,6892,199,-67.7328,18.1815,3.84615e-05,0.107
30,1800,3050,2,19.301,80.834,3.84615e-05,0.107692
30,1800,5549,9,-76.3104,-0.412323,3.84615e-05,0.107692
30,1800,6424,17,-0.132675,102.109,3.84615e-05,0.107692
30,1800,5981,29,-76.3727,-9.84727,3.84615e-05,0.107692
30,1800,4230,43,-28.4572,130.919,3.84615e-05,0.107692
30,1800,3821,56,-30.0131,149.753,3.84615e-05,0.107692
30,1800,6677,56,-29.9404,149.519,3.84615e-05,0.107692
30,1800,4528,80,36.753,-108.848,3.84615e-05,0.107692
30,1800,7133,89,11.3141,-132.686,3.84615e-05,0.107692
30,1800,7382,105,-4.94132,-102.971,3.84615e-05,0.107692
30,1800,6210,106,27.5625,-100.968,3.84615e-05,0.107692
30,1800,2622,130,-34.1344,-69.4275,3.84615e-05,0.107692
30,1800,3994,156,-33.6497,-58.7836,3.84615e-05,0.107692
30,1800,7337,175,-64.4632,-161.996,3.84615e-05,0.107692
30,1800,2106,187,-34.0345,20.1128,3.84615e-05,0.107692
30,1800,7095,190,-32.8192,53.7159,3.84615e-05,0.107692
30,1800,7595,191,1.83259,60.0891,3.84615e-05,0.107692
30,1800,3276,192,33.302,69.1728,3.84615e-05,0.107692
31,1860,2741,2,22.8619,83.5219,3.84615e-05,0.113038
31,1860,2355,3,58.1092,96.7566,3.84615e-05,0.113038
31,1860,137,4,70.7625,177.094,0.000384615,0.113038
31,1860,337,4,71.2966,176.356,0.000384615,0.113038
31,1860,937,4,71.0494,175.091,0.000384615,0.113038
31,1860,1137,4,71.5107,177.673,0.000384615,0.113038
31,1860,1377,4,70.913,177.218,0.000384615,0.113038
31,1860,1577,4,71.5708,176.536,0.000384615,0.113038
31,1860,1737,4,71.6253,177.694,0.000384615,0.113038
31,1860,7664,6,12.1636,-105.557,3.84615e-05,0.113038
31,1860,5066,9,-78.0625,14.084,3.84615e-05,0.113038
31,1860,4374,12,-2.71474,-77.0045,3.84615e-05,0.113038
31,1860,3604,13,-32.7007,-55.8526,3.84615e-05,0.113038
31,1860,7571,18,32.1277,123.287,3.84615e-05,0.113038
31,1860,4323,21,-22.8776,115.849,3.84615e-05,0.113038
31,1860,7851,22,14.4026,114.749,3.84615e-05,0.113038
31,1860,2162,23,48.8669,123.786,3.84615e-05,0.113038
31,1860,7190,33,-3.11459,131.677,3.84615e-05,0.113038
31,1860,4658,35,67.9576,131.078,3.84615e-05,0.113038
31,1860,2566,43,-25.6451,132.571,3.84615e-05,0.113038
31,1860,2699,47,44.5713,-87.5233,3.84615e-05,0.113038
31,1860,5641,50,44.2611,-70.5458,3.84615e-05,0.113038
31,1860,7037,53,-31.9941,13.8059,3.84615e-05,0.113038
31,1860,2600,56,-27.7325,148.898,3.84615e-05,0.113038
31,1860,5319,63,54.7925,-66.136,3.84615e-05,0.113038
31,1860,2371,65,5.14368,5.83293,3.84615e-05,0.113038
31,1860,2762,66,-21.4557,26.2433,3.84615e-05,0.113038
31,1860,7963,70,-26.45,-169.768,3.84615e-05,0.113038
31,1860,7279,71,4.62303,-156.894,3.84615e-05,0.113038
31,1860,5046,73,60.9516,-99.5836,3.84615e-05,0.113038
31,1860,6544,73,61.206,-99.6823,3.84615e-05,0.113038
31,1860,3568,75,28.5619,8.8847,3.84615e-05,0.113038
31,1860,2561,76,-4.91253,24.3202,3.84615e-05,0.113038
31,1860,6191,78,-69.1245,77.8605,3.84615e-05,0.113038
31,1860,4559,80,41.2344,-105.186,3.84615e-05,0.113038
31,1860,4415,82,47.1119,2.76802,3.84615e-05,0.113038
31,1860,4935,83,21.3862,35.9614,3.84615e-05,0.113038
31,1860,7204,89,12.2851,-132.895,3.84615e-05,0.113038
31,1860,5095,90,10.322,49.5248,3.84615e-05,0.113038
31,1860,2544,97,40.5211,-75.1372,3.84615e-05,0.113038
31,1860,4054,102,-70.0954,75.7653,3.84615e-05,0.113038
31,1860,2914,106,33.7458,-93.5451,3.84615e-05,0.113038
31,1860,5052,110,41.735,47.0098,3.84615e-05,0.113038
31,1860,6158,110,41.2446,47.1655,3.84615e-05,0.113038
31,1860,2570,111,18.2754,79.2988,3.84615e-05,0.113038
31,1860,6326,111,18.4913,79.1024,3.84615e-05,0.113038
31,1860,3325,112,-5.65656,104.651,3.84615e-05,0.113038
31,1860,3573,117,6.93451,-74.1669,3.84615e-05,0.113038
31,1860,2685,122,47.7348,114.454,3.84615e-05,0.113038
31,1860,4986,124,-27.3998,119.876,3.84615e-05,0.113038
31,1860,2352,130,-29.5042,-65.2247,3.84615e-05,0.113038
31,1860,3824,133,48.3568,16.2887,3.84615e-05,0.113038
31,1860,3193,134,50.6923,74.729,3.84615e-05,0.113038
31,1860,2241,135,31.5906,111.696,3.84615e-05,0.113038
31,1860,3811,135,31.545,112.108,3.84615e-05,0.113038
31,1860,4799,135,31.319,112.196,3.84615e-05,0.113038
31,1860,7190,136,-3.11459,131.677,3.84615e-05,0.113038
31,1860,6070,137,-28.5498,151.577,3.84615e-05,0.113038
31,1860,7467,144,34.5715,-30.3427,3.84615e-05,0.113038
31,1860,7312,145,71.8989,-18.1711,3.84615e-05,0.113038
31,1860,4820,146,70.5554,127.509,3.84615e-05,0.113038
31,1860,2608,149,-34.0288,149.639,3.84615e-05,0.113038
31,1860,4355,150,46.0202,77.6383,3.84615e-05,0.113038
31,1860,3604,156,-32.7007,-55.8526,3.84615e-05,0.113038
31,1860,3678,158,11.4585,5.39644,3.84615e-05,0.113038
31,1860,6386,158,11.6703,5.07504,3.84615e-05,0.113038
31,1860,2197,160,19.1247,25.7588,3.84615e-05,0.113038
31,1860,2685,162,47.7348,114.454,3.84615e-05,0.113038
31,1860,5033,170,67.6883,17.7633,3.84615e-05,0.113038
31,1860,6239,170,67.9779,17.0396,3.84615e-05,0.113038
31,1860,7279,173,4.62303,-156.894,3.84615e-05,0.113038
31,1860,5121,176,-74.3869,10.4397,3.84615e-05,0.113038
31,1860,5550,176,-74.2029,12.3826,3.84615e-05,0.113038
31,1860,5983,176,-74.5463,9.72255,3.84615e-05,0.113038
31,1860,5929,180,62.3409,95.546,3.84615e-05,0.113038
31,1860,5129,192,36.6359,81.6164,3.84615e-05,0.113038
31,1860,6339,192,37.1743,81.4711,3.84615e-05,0.113038
31,1860,4246,193,63.2901,117.448,3.84615e-05,0.113038
31,1860,3161,194,65.715,-149.673,3.84615e-05,0.113038
31,1860,6948,195,29.7204,-126.071,3.84615e-05,0.113038
32,1920,2660,2,25.8839,82.3413,3.84615e-05,0.115038
32,1920,5446,5,42.5464,-110.11,3.84615e-05,0.115038
32,1920,4879,9,-74.2801,23.8289,3.84615e-05,0.115038
32,1920,4980,11,19.8602,-103.769,3.84615e-05,0.115038
32,1920,6696,17,7.97144,99.3359,3.84615e-05,0.115038
32,1920,4048,25,54.5507,-72.8011,3.84615e-05,0.115038
32,1920,2473,26,18.4407,-71.1763,3.84615e-05,0.115038
32,1920,7342,28,-53.3944,-56.4039,3.84615e-05,0.115038
32,1920,3203,29,-82.3885,25.025,3.84615e-05,0.115038
32,1920,3435,31,-73.2167,136.907,3.84615e-05,0.115038
32,1920,2840,36,75.5549,-48.6902,3.84615e-05,0.115038
32,1920,3838,38,-1.07045,-45.3477,3.84615e-05,0.115038
32,1920,7741,40,-32.0718,6.30231,3.84615e-05,0.115038
32,1920,4683,43,-23.7264,136.139,3.84615e-05,0.115038
32,1920,5602,56,-21.2235,146.582,3.84615e-05,0.115038
32,1920,6371,59,53.4246,-115.696,3.84615e-05,0.115038
32,1920,6371,62,53.4246,-115.696,3.84615e-05,0.115038
32,1920,3697,84,-16.2652,49.199,3.84615e-05,0.115038
32,1920,7326,89,15.2327,-130.85,3.84615e-05,0.115038
32,1920,4980,96,19.8602,-103.769,3.84615e-05,0.115038
32,1920,7105,99,33.461,27.9284,3.84615e-05,0.115038
32,1920,3378,102,-73.5771,73.9111,3.84615e-05,0.115038
32,1920,3257,106,33.9276,-96.1844,3.84615e-05,0.115038
32,1920,5190,107,72.7799,-79.1242,3.84615e-05,0.115038
32,1920,4026,108,69.992,76.4894,3.84615e-05,0.115038
32,1920,2993,109,36.6873,76.2196,3.84615e-05,0.115038
32,1920,5047,117,8.44558,-73.1587,3.84615e-05,0.115038
32,1920,6275,119,49.8948,4.27202,3.84615e-05,0.115038
32,1920,2127,121,75.9571,106.303,3.84615e-05,0.115038
32,1920,2722,121,76.3492,104.077,3.84615e-05,0.115038
32,1920,2440,123,4.49806,115.789,3.84615e-05,0.115038
32,1920,4792,125,-67.8288,123.279,3.84615e-05,0.115038
32,1920,3092,126,-77.5391,-80.7822,3.84615e-05,0.115038
32,1920,3653,128,-4.52217,-63.0576,3.84615e-05,0.115038
32,1920,4818,128,-4.75017,-62.7356,3.84615e-05,0.115038
32,1920,3971,130,-24.592,-69.3948,3.84615e-05,0.115038
32,1920,5328,130,-24.1638,-69.3373,3.84615e-05,0.115038
32,1920,6213,140,-71.0128,167.27,3.84615e-05,0.115038
32,1920,7493,144,36.3372,-29.8427,3.84615e-05,0.115038
32,1920,5048,146,70.3061,144.925,3.84615e-05,0.115038
32,1920,7942,148,-3.88049,151.727,3.84615e-05,0.115038
32,1920,7793,153,-19.8886,-175.982,3.84615e-05,0.115038
32,1920,2384,159,35.2184,38.8356,3.84615e-05,0.115038
32,1920,2298,161,40.3345,67.7494,3.84615e-05,0.115038
32,1920,4688,171,69.2827,-149.147,3.84615e-05,0.115038
32,1920,4440,177,-33.632,21.3977,3.84615e-05,0.115038
32,1920,5011,179,37.8213,21.0498,3.84615e-05,0.115038
32,1920,5175,187,-27.6334,25.2212,3.84615e-05,0.115038
32,1920,6272,187,-27.0796,25.0223,3.84615e-05,0.115038
32,1920,3871,188,4.71824,42.8907,3.84615e-05,0.115038
32,1920,3911,188,4.3259,43.0246,3.84615e-05,0.115038
32,1920,4838,188,4.37431,42.7362,3.84615e-05,0.115038
32,1920,3650,192,43.1589,72.8306,3.84615e-05,0.115038
32,1920,7603,196,-10.3437,-118.592,3.84615e-05,0.115038
33,1980,6988,1,-5.95871,74.0418,3.84615e-05,0.116
33,1980,2839,2,30.2186,83.1749,3.84615e-05,0.116
33,1980,3174,17,13.2501,105.205,3.84615e-05,0.116
33,1980,4294,17,12.6495,105.083,3.84615e-05,0.116
33,1980,4743,17,13.3035,105.141,3.84615e-05,0.116
33,1980,3411,27,-21.3861,-64.7552,3.84615e-05,0.116
33,1980,4432,38,-3.70059,-50.7621,3.84615e-05,0.116
33,1980,7253,40,-39.4234,3.15157,3.84615e-05,0.116
33,1980,7205,57,11.7707,175.188,3.84615e-05,0.116
33,1980,5158,59,48.7982,-106.039,3.84615e-05,0.116
33,1980,3222,62,52.3551,-109.08,3.84615e-05,0.116
33,1980,6396,78,-70.5892,97.3156,3.84615e-05,0.116
33,1980,7208,81,64.3288,-34.5498,3.84615e-05,0.116
33,1980,6800,103,-67.35,-117.438,3.84615e-05,0.116
33,1980,2294,106,40.9108,-95.682,3.84615e-05,0.116
33,1980,7036,117,11.7651,-68.8658,3.84615e-05,0.116
33,1980,6836,119,52.6958,3.29318,3.84615e-05,0.116
33,1980,3802,127,-36.5951,-68.4952,3.84615e-05,0.116
33,1980,6895,154,-43.7899,-138.674,3.84615e-05,0.116
33,1980,4919,156,-28.5272,-49.3539,3.84615e-05,0.116
33,1980,3183,169,-1.88284,9.28835,3.84615e-05,0.116
33,1980,4923,178,2.78298,22.2927,3.84615e-05,0.116
33,1980,5977,178,2.99384,22.1811,3.84615e-05,0.116
33,1980,4831,187,-22.4573,28.7518,3.84615e-05,0.116
33,1980,3439,189,39.0021,62.5676,3.84615e-05,0.116
34,2040,2019,9,-68.7357,45.8803,3.84615e-05,0.116769
34,2040,6755,9,-68.456,46.7641,3.84615e-05,0.116769
34,2040,3956,17,14.1145,106.647,3.84615e-05,0.116769
34,2040,5049,17,13.9743,106.435,3.84615e-05,0.116769
34,2040,3177,32,-29.2785,136.475,3.84615e-05,0.116769
34,2040,5682,34,43.578,132.46,3.84615e-05,0.116769
34,2040,3309,38,-5.61105,-48.752,3.84615e-05,0.116769
34,2040,5903,62,50.0419,-101.455,3.84615e-05,0.116769
34,2040,5019,64,27.4133,-9.62462,3.84615e-05,0.116769
34,2040,7065,69,-22.1421,166.07,3.84615e-05,0.116769
34,2040,6760,74,52.0067,-0.239975,3.84615e-05,0.116769
34,2040,6415,98,40.9842,-7.23479,3.84615e-05,0.116769
34,2040,5489,117,18.6073,-72.427,3.84615e-05,0.116769
34,2040,6516,117,18.657,-72.0061,3.84615e-05,0.116769
34,2040,2951,120,73.4018,-53.8699,3.84615e-05,0.116769
34,2040,2182,169,6.09921,7.83232,3.84615e-05,0.116769
34,2040,5189,175,-81.7507,-127.942,3.84615e-05,0.116769
34,2040,7646,181,48.6483,-175.903,3.84615e-05,0.116769
34,2040,7894,183,-11.1945,-135.694,3.84615e-05,0.116769
34,2040,4478,187,-21.5172,30.0604,3.84615e-05,0.116769
35,2100,4036,9,-66.6402,53.1522,3.84615e-05,0.117231
35,2100,4813,10,37.6522,-118.613,3.84615e-05,0.117231
35,2100,2474,17,14.1657,108.059,3.84615e-05,0.117231
35,2100,5010,30,-80.7892,-76.5048,3.84615e-05,0.117231
35,2100,7164,45,43.7716,-168.743,3.84615e-05,0.117231
35,2100,5844,46,54.9419,-113.699,3.84615e-05,0.117231
35,2100,7667,51,13.9657,-18.905,3.84615e-05,0.117231
35,2100,6806,56,-9.67613,158.09,3.84615e-05,0.117231
35,2100,7162,95,4.27753,-120.239,3.84615e-05,0.117231
35,2100,3656,169,2.98029,13.7356,3.84615e-05,0.117231
35,2100,5938,175,-82.3145,-121.882,3.84615e-05,0.117231
35,2100,3556,187,-16.9598,33.0752,3.84615e-05,0.117231
36,2160,4121,10,36.1044,-116.251,3.84615e-05,0.117885
36,2160,7714,16,-6.49752,87.3421,3.84615e-05,0.117885
36,2160,3208,24,70.9673,-109.353,3.84615e-05,0.117885
36,2160,6658,46,54.258,-111.654,3.84615e-05,0.117885
36,2160,7773,95,5.46541,-119.208,3.84615e-05,0.117885
36,2160,6733,105,16.8727,-96.6191,3.84615e-05,0.117885
36,2160,4513,132,38.2422,-5.2991,3.84615e-05,0.117885
36,2160,4744,132,37.6922,-5.24687,3.84615e-05,0.117885
36,2160,7981,142,-17.3492,-33.4573,3.84615e-05,0.117885
36,2160,7045,147,19.2588,146.581,3.84615e-05,0.117885
36,2160,7840,152,-3.06016,167.134,3.84615e-05,0.117885
36,2160,3137,169,7.49008,15.6764,3.84615e-05,0.117885
36,2160,7622,172,19.0021,-158.027,3.84615e-05,0.117885
36,2160,4760,175,-87.5165,-97.4471,3.84615e-05,0.117885
36,2160,2367,187,-14.4929,31.3542,3.84615e-05,0.117885
36,2160,6206,187,-14.4815,31.3841,3.84615e-05,0.117885
36,2160,5131,191,22.1617,72.4589,3.84615e-05,0.117885
37,2220,5715,10,34.5963,-116.124,3.84615e-05,0.118538
37,2220,7109,37,16.7172,-49.9546,3.84615e-05,0.118538
37,2220,7783,60,14.2662,-166.201,3.84615e-05,0.118538
37,2220,4417,72,59.6843,-124.898,3.84615e-05,0.118538
37,2220,3961,89,32.8297,-115.824,3.84615e-05,0.118538
37,2220,4990,129,50.3514,-61.2982,3.84615e-05,0.118538
37,2220,7649,141,-49.0685,-35.3746,3.84615e-05,0.118538
37,2220,6843,151,20.6781,143.663,3.84615e-05,0.118538
37,2220,2284,157,6.49025,-10.4136,3.84615e-05,0.118538
37,2220,4066,169,9.98083,19.0865,3.84615e-05,0.118538
37,2220,5449,169,9.74302,19.372,3.84615e-05,0.118538
37,2220,4870,175,-85.9252,12.3452,3.84615e-05,0.118538
37,2220,5936,175,-86.0451,15.7448,3.84615e-05,0.118538
37,2220,2379,187,-12.8568,32.674,3.84615e-05,0.118538
37,2220,3743,187,-12.7387,32.9947,3.84615e-05,0.118538
37,2220,7265,197,-58.9067,-97.1292,3.84615e-05,0.118538
37,2220,7854,198,-70.2773,0.883331,3.84615e-05,0.118538
38,2280,3123,10,30.8558,-108.901,3.84615e-05,0.119154
38,2280,7309,52,-22.4285,9.79742,3.84615e-05,0.119154
38,2280,5745,55,-28.0877,135.801,3.84615e-05,0.119154
38,2280,5931,55,-28.6633,136.013,3.84615e-05,0.119154
38,2280,7452,56,-1.22648,163.304,3.84615e-05,0.119154
38,2280,2755,72,58.7184,-113.238,3.84615e-05,0.119154
38,2280,6407,89,37.66,-119.695,3.84615e-05,0.119154
38,2280,6582,155,-37.1396,-69.3376,3.84615e-05,0.119154
38,2280,4674,157,9.22667,-8.52097,3.84615e-05,0.119154
38,2280,2693,169,10.3354,20.6554,3.84615e-05,0.119154
38,2280,3836,169,11.0267,20.3427,3.84615e-05,0.119154
38,2280,4055,169,10.5559,20.3389,3.84615e-05,0.119154
38,2280,2267,175,-85.3915,6.70239,3.84615e-05,0.119154
38,2280,7127,183,-25.0374,-127.572,3.84615e-05,0.119154
38,2280,2613,187,-8.73388,34.9792,3.84615e-05,0.119154
38,2280,3660,187,-8.31425,34.8688,3.84615e-05,0.119154
39,2340,5425,10,29.4893,-108.205,3.84615e-05,0.119654
39,2340,7061,20,-29.002,106.397,3.84615e-05,0.119654
39,2340,5561,42,-25.1658,124.221,3.84615e-05,0.119654
39,2340,2723,55,-29.7937,146.161,3.84615e-05,0.119654
39,2340,7258,58,51.3936,-135.065,3.84615e-05,0.119654
39,2340,3691,68,-35.5681,149.4,3.84615e-05,0.119654
39,2340,6300,68,-35.7184,148.994,3.84615e-05,0.119654
39,2340,2531,72,63.8827,-116.435,3.84615e-05,0.119654
39,2340,7506,104,-7.08055,-103.892,3.84615e-05,0.119654
39,2340,4693,116,1.9186,-78.8081,3.84615e-05,0.119654
39,2340,6576,139,-33.5967,-71.6143,3.84615e-05,0.119654
39,2340,2901,157,10.8071,-5.08817,3.84615e-05,0.119654
39,2340,5777,157,11.0332,-5.3615,3.84615e-05,0.119654
40,2400,6295,8,-76.0745,4.04375,3.84615e-05,0.120154
40,2400,3229,42,-22.7485,126.098,3.84615e-05,0.120154
40,2400,7504,49,-33.5642,-4.73232,3.84615e-05,0.120154
40,2400,3078,55,-24.529,146.956,3.84615e-05,0.120154
40,2400,3084,72,64.8705,-109.845,3.84615e-05,0.120154
40,2400,6002,101,-67.9696,88.9486,3.84615e-05,0.120154
40,2400,7589,116,9.79395,-81.1758,3.84615e-05,0.120154
40,2400,2717,139,-33.105,-71.0854,3.84615e-05,0.120154
40,2400,7443,143,33.2628,-32.3858,3.84615e-05,0.120154
40,2400,5527,157,8.33446,1.44528,3.84615e-05,0.120154
40,2400,5529,157,8.33909,1.02463,3.84615e-05,0.120154
40,2400,5686,186,-32.6565,24.6933,3.84615e-05,0.120154
40,2400,7980,199,-29.3574,45.3452,3.84615e-05,0.120154
41,2460,2888,1,21.2365,80.5947,3.84615e-05,0.125846
41,2460,3436,2,53.9616,104.646,3.84615e-05,0.125846
41,2460,7682,5,10.9722,-110.645,3.84615e-05,0.125846
41,2460,5159,8,-73.8861,15.4581,3.84615e-05,0.125846
41,2460,3974,10,23.5452,-103.315,3.84615e-05,0.125846
41,2460,3767,12,-31.941,-56.6196,3.84615e-05,0.125846
41,2460,7437,20,-20.3081,106.151,3.84615e-05,0.125846
41,2460,4366,22,47.2262,123.15,3.84615e-05,0.125846
41,2460,5990,24,56.8935,-74.8155,3.84615e-05,0.125846
41,2460,5443,25,19.9717,-72.0852,3.84615e-05,0.125846
41,2460,3377,26,-15.7326,-63.6912,3.84615e-05,0.125846
41,2460,4943,28,-80.598,9.73724,3.84615e-05,0.125846
41,2460,7290,32,-4.57103,131.25,3.84615e-05,0.125846
41,2460,5921,34,70.9369,126.384,3.84615e-05,0.125846
41,2460,3810,35,76.3185,-44.4473,3.84615e-05,0.125846
41,2460,3073,42,-20.0557,128.752,3.84615e-05,0.125846
41,2460,7010,44,34.6193,175.5,3.84615e-05,0.125846
41,2460,2199,46,41.5913,-85.7774,3.84615e-05,0.125846
41,2460,3676,52,-30.7633,18.757,3.84615e-05,0.125846
41,2460,2836,55,-20.0133,144.502,3.84615e-05,0.125846
41,2460,5097,59,42.575,-71.1636,3.84615e-05,0.125846
41,2460,2242,62,53.8475,-66.2757,3.84615e-05,0.125846
41,2460,3670,64,6.8664,4.49341,3.84615e-05,0.125846
41,2460,5214,65,-27.2392,22.0436,3.84615e-05,0.125846
41,2460,5558,65,-27.3584,21.6055,3.84615e-05,0.125846
41,2460,7645,70,5.83742,-158.615,3.84615e-05,0.125846
41,2460,2410,75,-6.41614,21.3866,3.84615e-05,0.125846
41,2460,4089,81,45.2942,2.09268,3.84615e-05,0.125846
41,2460,2683,82,15.7333,32.0112,3.84615e-05,0.125846
41,2460,4617,83,-17.2076,47.4771,3.84615e-05,0.125846
41,2460,3912,89,45.709,-106.524,3.84615e-05,0.125846
41,2460,5097,96,42.575,-71.1636,3.84615e-05,0.125846
41,2460,3038,98,30.1992,20.9462,3.84615e-05,0.125846
41,2460,3201,99,6.99943,48.974,3.84615e-05,0.125846
41,2460,2680,101,-71.5433,88.2261,3.84615e-05,0.125846
41,2460,3794,102,-74.1747,-122.96,3.84615e-05,0.125846
41,2460,5583,106,71.7098,-87.403,3.84615e-05,0.125846
41,2460,5453,107,73.6689,83.2197,3.84615e-05,0.125846
41,2460,2888,110,21.2365,80.5947,3.84615e-05,0.125846
41,2460,3300,116,10.3826,-74.9776,3.84615e-05,0.125846
41,2460,2636,121,42.2127,112.764,3.84615e-05,0.125846
41,2460,4358,123,-25.7058,120.24,3.84615e-05,0.125846
41,2460,3352,125,-76.751,-98.3309,3.84615e-05,0.125846
41,2460,5072,127,-8.25473,-65.322,3.84615e-05,0.125846
41,2460,5796,127,-8.10876,-64.6376,3.84615e-05,0.125846
41,2460,6534,127,-7.88316,-64.9612,3.84615e-05,0.125846
41,2460,5285,132,53.9704,10.3633,3.84615e-05,0.125846
41,2460,115,133,52.0838,76.9084,0.000384615,0.125846
41,2460,315,133,52.3768,77.2491,0.000384615,0.125846
41,2460,515,133,52.258,76.463,0.000384615,0.125846
41,2460,715,133,52.3486,76.6536,0.000384615,0.125846
41,2460,955,133,52.5105,77.076,0.000384615,0.125846
41,2460,1115,133,51.5206,77.1077,0.000384615,0.125846
41,2460,1155,133,52.6171,76.8759,0.000384615,0.125846
41,2460,1915,133,51.7932,77.3936,0.000384615,0.125846
41,2460,4876,134,25.0055,108.302,3.84615e-05,0.125846
41,2460,5556,134,25.4231,107.923,3.84615e-05,0.125846
41,2460,6330,134,25.3542,108.127,3.84615e-05,0.125846
41,2460,3841,136,-31.5239,151.87,3.84615e-05,0.125846
41,2460,3271,139,-28.7342,-67.0827,3.84615e-05,0.125846
41,2460,5352,144,72.4813,-31.355,3.84615e-05,0.125846
41,2460,5921,145,70.9369,126.384,3.84615e-05,0.125846
41,2460,6446,148,-32.721,148.502,3.84615e-05,0.125846
41,2460,5565,149,-71.2549,151.26,3.84615e-05,0.125846
41,2460,3767,155,-31.941,-56.6196,3.84615e-05,0.125846
41,2460,2053,157,14.3116,-1.71619,3.84615e-05,0.125846
41,2460,3124,157,14.1457,-2.1299,3.84615e-05,0.125846
41,2460,4167,158,39.7918,33.8456,3.84615e-05,0.125846
41,2460,2897,160,43.7103,59.1062,3.84615e-05,0.125846
41,2460,2945,169,20.9809,23.6257,3.84615e-05,0.125846
41,2460,2802,175,-72.4554,29.5388,3.84615e-05,0.125846
41,2460,2259,177,0.191139,25.9984,3.84615e-05,0.125846
41,2460,4052,179,68.6316,22.1762,3.84615e-05,0.125846
41,2460,4591,186,-28.6167,23.0666,3.84615e-05,0.125846
41,2460,2202,187,4.21502,40.4422,3.84615e-05,0.125846
41,2460,3069,187,4.0067,40.633,3.84615e-05,0.125846
41,2460,4264,192,71.1996,103.805,3.84615e-05,0.125846
41,2460,5087,192,70.7979,103.443,3.84615e-05,0.125846
41,2460,4068,193,61.221,-152.734,3.84615e-05,0.125846
41,2460,6983,198,-58.3276,16.3798,3.84615e-05,0.125846
42,2520,4691,4,41.6326,-111.957,3.84615e-05,0.127231
42,2520,2478,11,-7.1501,-75.2563,3.84615e-05,0.127231
42,2520,7764,21,17.615,112.072,3.84615e-05,0.127231
42,2520,3725,30,-71.9298,145.271,3.84615e-05,0.127231
42,2520,6496,31,-33.0226,136.605,3.84615e-05,0.127231
42,2520,4660,37,-2.70697,-45.7537,3.84615e-05,0.127231
42,2520,7104,41,-40.2765,98.055,3.84615e-05,0.127231
42,2520,4408,42,-16.7567,131.963,3.84615e-05,0.127231
42,2520,6839,49,-37.862,-0.686584,3.84615e-05,0.127231
42,2520,7219,88,17.5231,-133.315,3.84615e-05,0.127231
42,2520,2673,95,21.9139,-104.818,3.84615e-05,0.127231
42,2520,4028,101,-75.9356,87.8219,3.84615e-05,0.127231
42,2520,7801,104,0.859879,-104.898,3.84615e-05,0.127231
42,2520,3146,105,36.116,-96.8999,3.84615e-05,0.127231
42,2520,3764,108,35.927,71.647,3.84615e-05,0.127231
42,2520,7137,111,-13.8264,102.745,3.84615e-05,0.127231
42,2520,5140,116,10.3324,-73.566,3.84615e-05,0.127231
42,2520,6959,118,56.2982,1.18575,3.84615e-05,0.127231
42,2520,2157,119,39.7666,52.6557,3.84615e-05,0.127231
42,2520,4720,120,75.1047,95.1983,3.84615e-05,0.127231
42,2520,3759,122,4.69396,115.216,3.84615e-05,0.127231
42,2520,6563,122,4.97336,115.25,3.84615e-05,0.127231
42,2520,7937,124,-66.7271,119.164,3.84615e-05,0.127231
42,2520,2743,139,-20.656,-69.897,3.84615e-05,0.127231
42,2520,6604,144,75.2773,-29.3423,3.84615e-05,0.127231
42,2520,2751,147,-5.02374,145.19,3.84615e-05,0.127231
42,2520,4086,159,43.7508,87.1735,3.84615e-05,0.127231
42,2520,2287,161,45.5739,120.017,3.84615e-05,0.127231
42,2520,7710,168,1.00158,2.2076,3.84615e-05,0.127231
42,2520,7659,174,-74.8816,-172.43,3.84615e-05,0.127231
42,2520,6700,176,-31.5943,18.7431,3.84615e-05,0.127231
42,2520,4256,186,-25.8267,22.8739,3.84615e-05,0.127231
42,2520,2526,188,37.9862,57.8699,3.84615e-05,0.127231
42,2520,4573,191,39.757,73.3552,3.84615e-05,0.127231
42,2520,7552,194,24.4344,-133.008,3.84615e-05,0.127231
42,2520,5902,199,-24.4372,45.8147,3.84615e-05,0.127231
43,2580,2740,16,11.8711,105.766,3.84615e-05,0.127962
43,2580,7488,27,-55.4178,-58.8349,3.84615e-05,0.127962
43,2580,6291,33,42.4505,126.35,3.84615e-05,0.127962
43,2580,5496,39,-74.5659,-73.5455,3.84615e-05,0.127962
43,2580,2552,42,-14.3631,134.366,3.84615e-05,0.127962
43,2580,2997,42,-14.2095,134.608,3.84615e-05,0.127962
43,2580,5061,77,-72.4188,93.4498,3.84615e-05,0.127962
43,2580,5997,118,51.5737,5.75177,3.84615e-05,0.127962
43,2580,3269,129,68.3605,-46.6565,3.84615e-05,0.127962
43,2580,5439,135,-5.59192,139.22,3.84615e-05,0.127962
43,2580,2323,139,-20.3383,-66.7812,3.84615e-05,0.127962
43,2580,7907,152,-21.3642,-176.526,3.84615e-05,0.127962
43,2580,4676,168,-0.844406,9.43605,3.84615e-05,0.127962
43,2580,4672,170,65.3851,-152.966,3.84615e-05,0.127962
43,2580,2178,178,44.283,24.664,3.84615e-05,0.127962
43,2580,4421,186,-23.7307,24.5055,3.84615e-05,0.127962
43,2580,3752,189,59.5832,110.187,3.84615e-05,0.127962
43,2580,7479,198,-54.2019,23.4976,3.84615e-05,0.127962
43,2580,3479,199,-21.4188,47.3408,3.84615e-05,0.127962
44,2640,4018,3,68.3108,-137.574,3.84615e-05,0.128692
44,2640,5834,3,68.4415,-136.843,3.84615e-05,0.128692
44,2640,4474,16,14.2169,102.697,3.84615e-05,0.128692
44,2640,3256,42,-17.379,139.868,3.84615e-05,0.128692
44,2640,4569,58,51.2946,-101.445,3.84615e-05,0.128692
44,2640,3918,61,57.0528,-105.914,3.84615e-05,0.128692
44,2640,4707,63,25.7133,-12.161,3.84615e-05,0.128692
44,2640,7578,68,-21.6182,165.071,3.84615e-05,0.128692
44,2640,4379,74,20.2021,16.89,3.84615e-05,0.128692
44,2640,4665,74,19.9046,17.0568,3.84615e-05,0.128692
44,2640,5057,77,-72.5738,113.117,3.84615e-05,0.128692
44,2640,5054,95,26.0322,-98.4039,3.84615e-05,0.128692
44,2640,7371,97,40.9555,-9.14336,3.84615e-05,0.128692
44,2640,3474,126,-34.6533,-69.6048,3.84615e-05,0.128692
44,2640,2925,139,-22.0902,-61.9853,3.84615e-05,0.128692
44,2640,3575,168,5.23245,6.64433,3.84615e-05,0.128692
44,2640,7100,174,-80.9269,179.799,3.84615e-05,0.128692
44,2640,4940,186,-21.4221,33.9502,3.84615e-05,0.128692
44,2640,3916,199,-20.5857,48.3847,3.84615e-05,0.128692
45,2700,5262,16,17.2152,106.826,3.84615e-05,0.129115
45,2700,3896,23,72.5224,-113.433,3.84615e-05,0.129115
45,2700,3886,39,-82.453,-105.109,3.84615e-05,0.129115
45,2700,5491,61,52.25,-95.8292,3.84615e-05,0.129115
45,2700,6332,73,47.78,0.71106,3.84615e-05,0.129115
45,2700,7246,94,4.26214,-122.882,3.84615e-05,0.129115
45,2700,4938,95,30.1208,-92.8182,3.84615e-05,0.129115
45,2700,6067,168,3.43253,11.5945,3.84615e-05,0.129115
45,2700,4867,174,-86.0968,-100.345,3.84615e-05,0.129115
45,2700,3537,186,-15.984,33.6134,3.84615e-05,0.129115
45,2700,7832,195,-17.8487,-113.109,3.84615e-05,0.129115
46,2760,6091,16,21.9033,109.792,3.84615e-05,0.129769
46,2760,7811,17,44.3943,145.481,3.84615e-05,0.129769
46,2760,5344,19,36.0306,-117.103,3.84615e-05,0.129769
46,2760,4159,45,52.2072,-106.24,3.84615e-05,0.129769
46,2760,4918,61,53.5163,-91.8159,3.84615e-05,0.129769
46,2760,5205,71,56.7427,-125.618,3.84615e-05,0.129769
46,2760,6094,72,71.8932,-47.6816,3.84615e-05,0.129769
46,2760,7550,76,-56.4719,49.0522,3.84615e-05,0.129769
46,2760,3463,95,33.6234,-90.6949,3.84615e-05,0.129769
46,2760,6748,95,33.2265,-90.7525,3.84615e-05,0.129769
46,2760,7533,114,-28.2408,-115.487,3.84615e-05,0.129769
46,2760,6835,128,47.7001,-64.4727,3.84615e-05,0.129769
46,2760,4151,131,39.3352,-5.93411,3.84615e-05,0.129769
46,2760,7227,156,3.83636,-14.9661,3.84615e-05,0.129769
46,2760,2873,168,11.656,8.90633,3.84615e-05,0.129769
46,2760,5417,174,-86.2411,91.4872,3.84615e-05,0.129769
46,2760,4456,190,25.4388,63.722,3.84615e-05,0.129769
47,2820,6387,0,12.4186,76.6545,3.84615e-05,0.1305
47,2820,7522,36,14.6595,-51.7513,3.84615e-05,0.1305
47,2820,6010,54,-29.3598,132.51,3.84615e-05,0.1305
47,2820,6960,56,21.265,-172.269,3.84615e-05,0.1305
47,2820,3118,71,60.0357,-126.438,3.84615e-05,0.1305
47,2820,7861,94,10.2887,-116.856,3.84615e-05,0.1305
47,2820,2201,95,33.946,-91.2243,3.84615e-05,0.1305
47,2820,6881,115,2.73663,-87.5845,3.84615e-05,0.1305
47,2820,5146,131,40.0642,-4.63611,3.84615e-05,0.1305
47,2820,7277,140,-50.8242,-32.7856,3.84615e-05,0.1305
47,2820,7544,141,-14.3066,-36.1536,3.84615e-05,0.1305
47,2820,4826,156,7.65067,-11.4909,3.84615e-05,0.1305
47,2820,2534,168,13.894,10.9705,3.84615e-05,0.1305
47,2820,7450,173,-59.3563,-164.925,3.84615e-05,0.1305
47,2820,2257,174,-84.6557,26.3593,3.84615e-05,0.1305
47,2820,4319,174,-84.5992,24.3679,3.84615e-05,0.1305
47,2820,7083,182,-23.7199,-130.79,3.84615e-05,0.1305
47,2820,4155,190,26.7095,71.0138,3.84615e-05,0.1305
47,2820,5317,190,26.7756,71.5848,3.84615e-05,0.1305
48,2880,5531,0,15.0928,79.0165,3.84615e-05,0.131
48,2880,6212,19,30.5816,-111.234,3.84615e-05,0.131
48,2880,7709,29,-30.6402,110.019,3.84615e-05,0.131
48,2880,7223,51,-24.203,11.6283,3.84615e-05,0.131
48,2880,3928,54,-28.1101,134.759,3.84615e-05,0.131
48,2880,3402,71,60.7243,-123.198,3.84615e-05,0.131
48,2880,7671,78,-34.5202,-179.512,3.84615e-05,0.131
48,2880,4717,88,37.5606,-115.987,3.84615e-05,0.131
48,2880,2088,95,36.068,-82.7958,3.84615e-05,0.131
48,2880,6938,146,9.04453,149.254,3.84615e-05,0.131
48,2880,7557,150,14.3467,146.074,3.84615e-05,0.131
48,2880,5628,154,-36.0576,-65.4161,3.84615e-05,0.131
48,2880,2801,168,16.2506,18.7845,3.84615e-05,0.131
49,2940,7040,9,-14.7563,68.2555,3.84615e-05,0.131346
49,2940,7665,15,-1.01466,96.5084,3.84615e-05,0.131346
49,2940,4381,41,-27.1522,125.752,3.84615e-05,0.131346
49,2940,7346,43,30.848,169.579,3.84615e-05,0.131346
49,2940,3939,88,43.2888,-117.056,3.84615e-05,0.131346
49,2940,7416,103,-5.86903,-106.588,3.84615e-05,0.131346
49,2940,7549,115,7.30426,-85.2508,3.84615e-05,0.131346
49,2940,7787,142,31.6796,-31.9925,3.84615e-05,0.131346
49,2940,3287,154,-34.0826,-63.007,3.84615e-05,0.131346
50,3000,5424,7,-74.7981,5.26564,3.84615e-05,0.131654
50,3000,4269,41,-26.2552,127.161,3.84615e-05,0.131654
50,3000,6519,80,45.3328,0.721664,3.84615e-05,0.131654
50,3000,3735,88,44.1816,-116.121,3.84615e-05,0.131654
50,3000,4808,100,-70.3949,72.0883,3.84615e-05,0.131654
50,3000,7143,138,-25.4615,-77.2302,3.84615e-05,0.131654
50,3000,3297,154,-32.4026,-60.6438,3.84615e-05,0.131654
50,3000,5436,185,-30.7445,17.8483,3.84615e-05,0.131654
51,3060,3072,0,25.9976,78.0942,3.84615e-05,0.138923
51,3060,3353,1,60.0447,94.6122,3.84615e-05,0.138923
51,3060,6079,7,-74.2003,18.3762,3.84615e-05,0.138923
51,3060,7666,9,-12.4727,68.573,3.84615e-05,0.138923
51,3060,7798,10,-8.06477,-84.4154,3.84615e-05,0.138923
51,3060,4666,15,4.80664,101.068,3.84615e-05,0.138923
51,3060,6270,19,24.2539,-104.671,3.84615e-05,0.138923
51,3060,236,21,54.1611,118.948,0.000384615,0.138923
51,3060,1156,21,53.7483,118.677,0.000384615,0.138923
51,3060,2505,21,54.2988,118.658,3.84615e-05,0.138923
51,3060,4692,23,52.5784,-87.1115,3.84615e-05,0.138923
51,3060,3180,24,20.4489,-75.0909,3.84615e-05,0.138923
51,3060,2607,25,-15.4621,-68.5608,3.84615e-05,0.138923
51,3060,7343,26,-53.7484,-61.5048,3.84615e-05,0.138923
51,3060,4271,33,68.3224,112.69,3.84615e-05,0.138923
51,3060,4156,34,69.7792,-34.922,3.84615e-05,0.138923
51,3060,5292,39,-73.5301,131.671,3.84615e-05,0.138923
51,3060,4736,41,-24.6556,131.48,3.84615e-05,0.138923
51,3060,7713,42,8.15126,149.681,3.84615e-05,0.138923
51,3060,2056,45,41.5694,-86.5703,3.84615e-05,0.138923
51,3060,3223,54,-20.3568,143.53,3.84615e-05,0.138923
51,3060,4192,58,47.7736,-69.8808,3.84615e-05,0.138923
51,3060,6518,61,54.7428,-58.4803,3.84615e-05,0.138923
51,3060,6859,63,3.97987,4.8148,3.84615e-05,0.138923
51,3060,4387,64,-25.365,20.3566,3.84615e-05,0.138923
51,3060,2592,73,24.1272,7.80551,3.84615e-05,0.138923
51,3060,5863,73,24.3092,8.16161,3.84615e-05,0.138923
51,3060,7470,78,-25.7902,-173.055,3.84615e-05,0.138923
51,3060,3907,80,44.497,1.66289,3.84615e-05,0.138923
51,3060,2937,81,14.4175,26.6554,3.84615e-05,0.138923
51,3060,2871,82,-17.7825,46.4881,3.84615e-05,0.138923
51,3060,3999,88,43.2256,-106.128,3.84615e-05,0.138923
51,3060,7087,94,20.3454,-108.833,3.84615e-05,0.138923
51,3060,5772,95,42.4397,-75.7821,3.84615e-05,0.138923
51,3060,5880,95,42.0918,-75.6311,3.84615e-05,0.138923
51,3060,5192,97,30.3493,17.127,3.84615e-05,0.138923
51,3060,5773,98,6.24763,45.8134,3.84615e-05,0.138923
51,3060,5989,100,-72.0889,89.8544,3.84615e-05,0.138923
51,3060,5865,106,68.5304,58.7856,3.84615e-05,0.138923
51,3060,6509,106,68.9367,58.4755,3.84615e-05,0.138923
51,3060,3467,107,33.9526,69.1794,3.84615e-05,0.138923
51,3060,5197,107,33.5536,68.7006,3.84615e-05,0.138923
51,3060,5306,115,8.50379,-78.0365,3.84615e-05,0.138923
51,3060,2462,118,41.6921,51.5609,3.84615e-05,0.138923
51,3060,2322,120,41.4161,110.217,3.84615e-05,0.138923
51,3060,7046,121,5.73666,106.483,3.84615e-05,0.138923
51,3060,3452,124,-76.9325,-106.163,3.84615e-05,0.138923
51,3060,7520,129,76.574,100.595,3.84615e-05,0.138923
51,3060,1475,132,52.3238,75.8747,0.000384615,0.138923
51,3060,1795,132,52.0894,74.8044,0.000384615,0.138923
51,3060,4199,133,26.238,109.904,3.84615e-05,0.138923
51,3060,4560,135,-31.1372,150.411,3.84615e-05,0.138923
51,3060,3584,138,-28.1684,-70.7479,3.84615e-05,0.138923
51,3060,5706,148,-71.1246,148.439,3.84615e-05,0.138923
51,3060,4441,154,-30.9323,-58.0778,3.84615e-05,0.138923
51,3060,6368,154,-30.9759,-57.9027,3.84615e-05,0.138923
51,3060,3380,156,17.3064,-0.993515,3.84615e-05,0.138923
51,3060,5238,157,37.8631,35.5364,3.84615e-05,0.138923
51,3060,4585,158,46.7929,77.9374,3.84615e-05,0.138923
51,3060,5421,160,48.6765,109.963,3.84615e-05,0.138923
51,3060,6005,160,49.1719,109.405,3.84615e-05,0.138923
51,3060,2942,168,24.7195,21.7221,3.84615e-05,0.138923
51,3060,3482,169,40.216,60.5645,3.84615e-05,0.138923
51,3060,7554,173,-74.0179,-151.248,3.84615e-05,0.138923
51,3060,6611,174,-72.2064,25.9236,3.84615e-05,0.138923
51,3060,188,176,1.34284,24.3849,0.000384615,0.138923
51,3060,828,176,1.14159,24.3522,0.000384615,0.138923
51,3060,988,176,1.02952,24.4812,0.000384615,0.138923
51,3060,1108,176,0.7232,24.8535,0.000384615,0.138923
51,3060,1388,176,0.639231,24.4465,0.000384615,0.138923
51,3060,1828,176,1.38441,25.0553,0.000384615,0.138923
51,3060,1868,176,0.990381,25.0493,0.000384615,0.138923
51,3060,1908,176,1.408,24.2289,0.000384615,0.138923
51,3060,7492,177,35.177,16.6673,3.84615e-05,0.138923
51,3060,4994,185,-25.9912,21.6356,3.84615e-05,0.138923
51,3060,4281,186,1.4673,41.379,3.84615e-05,0.138923
51,3060,4334,186,2.05799,41.671,3.84615e-05,0.138923
51,3060,6517,186,1.82978,41.3661,3.84615e-05,0.138923
51,3060,2299,187,33.8782,61.1673,3.84615e-05,0.138923
51,3060,3701,190,38.6241,74.3588,3.84615e-05,0.138923
51,3060,4467,192,62.7289,-155.584,3.84615e-05,0.138923
52,3120,4934,3,39.4098,-118.206,3.84615e-05,0.140192
52,3120,7805,4,8.49133,-105.426,3.84615e-05,0.140192
52,3120,6747,15,13.0757,100.576,3.84615e-05,0.140192
52,3120,2481,20,19.2464,110.689,3.84615e-05,0.140192
52,3120,6977,29,-16.2176,110.758,3.84615e-05,0.140192
52,3120,7200,31,1.10303,126.319,3.84615e-05,0.140192
52,3120,2995,36,-4.70146,-53.3321,3.84615e-05,0.140192
52,3120,2938,41,-15.0883,128.696,3.84615e-05,0.140192
52,3120,7888,48,-34.248,3.73839,3.84615e-05,0.140192
52,3120,3572,71,64.5664,-91.977,3.84615e-05,0.140192
52,3120,7939,87,21.8875,-134.105,3.84615e-05,0.140192
52,3120,5757,88,45.5953,-101.808,3.84615e-05,0.140192
52,3120,6442,94,23.3803,-106.088,3.84615e-05,0.140192
52,3120,3172,100,-76.9643,78.3881,3.84615e-05,0.140192
52,3120,7028,101,-67.812,-118.496,3.84615e-05,0.140192
52,3120,3827,104,38.9255,-97.9842,3.84615e-05,0.140192
52,3120,3272,105,76.7986,-79.3653,3.84615e-05,0.140192
52,3120,7855,110,-17.8802,103.063,3.84615e-05,0.140192
52,3120,2632,119,13.5566,79.4945,3.84615e-05,0.140192
52,3120,3421,123,-70.4857,116.648,3.84615e-05,0.140192
52,3120,2049,126,-1.1235,-66.5034,3.84615e-05,0.140192
52,3120,7314,130,34.7178,-26.3467,3.84615e-05,0.140192
52,3120,5611,131,55.1145,13.3619,3.84615e-05,0.140192
52,3120,2827,138,-24.8807,-65.8873,3.84615e-05,0.140192
52,3120,7292,139,7.16424,-51.1907,3.84615e-05,0.140192
52,3120,4181,144,64.3073,132.8,3.84615e-05,0.140192
52,3120,4045,146,-6.9405,144.725,3.84615e-05,0.140192
52,3120,6224,154,-29.0735,-52.2277,3.84615e-05,0.140192
52,3120,4752,179,65.8322,-158.824,3.84615e-05,0.140192
52,3120,4539,185,-23.6022,26.1748,3.84615e-05,0.140192
52,3120,4133,188,64.9569,99.5947,3.84615e-05,0.140192
52,3120,6365,191,71.7565,110.386,3.84615e-05,0.140192
52,3120,7939,193,21.8875,-134.105,3.84615e-05,0.140192
52,3120,4971,198,-21.6371,45.5972,3.84615e-05,0.140192
53,3180,4786,2,69.0647,-143.378,3.84615e-05,0.141
53,3180,3046,15,10.7585,105.75,3.84615e-05,0.141
53,3180,2804,27,-75.6088,53.9173,3.84615e-05,0.141
53,3180,4894,30,-27.4154,132.663,3.84615e-05,0.141
53,3180,3157,32,45.0504,128.607,3.84615e-05,0.141
53,3180,4654,38,-77.0471,-82.608,3.84615e-05,0.141
53,3180,7260,48,-40.3455,0.424011,3.84615e-05,0.141
53,3180,4629,76,-69.4604,105.924,3.84615e-05,0.141
53,3180,7865,87,24.8146,-130.955,3.84615e-05,0.141
53,3180,3849,88,52.3031,-105.591,3.84615e-05,0.141
53,3180,4062,94,24.9522,-103.335,3.84615e-05,0.141
53,3180,5058,128,69.6528,-48.8931,3.84615e-05,0.141
53,3180,5326,134,-12.1039,132.595,3.84615e-05,0.141
53,3180,2907,138,-22.5221,-69.6796,3.84615e-05,0.141
53,3180,4609,154,-26.048,-50.9658,3.84615e-05,0.141
53,3180,7901,167,2.5777,6.58165,3.84615e-05,0.141
53,3180,3026,175,-25.5186,17.6917,3.84615e-05,0.141
53,3180,4675,175,-25.6548,17.7191,3.84615e-05,0.141
53,3180,5029,178,77.9722,22.5282,3.84615e-05,0.141
53,3180,3834,185,-19.7606,25.9149,3.84615e-05,0.141
53,3180,4667,198,-19.0349,46.6516,3.84615e-05,0.141
54,3240,4914,7,-68.1492,42.5546,3.84615e-05,0.141577
54,3240,4300,22,73.3257,-119.407,3.84615e-05,0.141577
54,3240,5273,38,-83.0656,-82.6281,3.84615e-05,0.141577
54,3240,7971,43,43.5975,-175.165,3.84615e-05,0.141577
54,3240,5904,60,51.6689,-105.11,3.84615e-05,0.141577
54,3240,5204,62,22.5574,-11.3255,3.84615e-05,0.141577
54,3240,2738,74,-16.1981,23.0945,3.84615e-05,0.141577
54,3240,4832,96,40.0167,-8.87849,3.84615e-05,0.141577
54,3240,3582,117,53.3491,17.4525,3.84615e-05,0.141577
54,3240,3933,125,-29.598,-69.2481,3.84615e-05,0.141577
54,3240,2442,154,-24.1871,-47.1807,3.84615e-05,0.141577
54,3240,3612,167,8.96195,5.14371,3.84615e-05,0.141577
54,3240,7792,194,-19.6458,-121.976,3.84615e-05,0.141577
54,3240,3902,198,-15.0356,49.1568,3.84615e-05,0.141577
54,3240,4180,199,19.0048,57.6636,3.84615e-05,0.141577
55,3300,902,16,45.0012,138.011,0.000384615,0.142346
55,3300,6722,57,53.5334,-98.1377,3.84615e-05,0.142346
55,3300,5661,60,57.4272,-98.3112,3.84615e-05,0.142346
55,3300,7670,72,44.9506,-6.27441,3.84615e-05,0.142346
55,3300,4608,94,31.5409,-96.0919,3.84615e-05,0.142346
55,3300,4656,117,52.8952,17.3319,3.84615e-05,0.142346
55,3300,6394,127,45.0203,-69.8907,3.84615e-05,0.142346
55,3300,4348,140,-19.8422,-40.1665,3.84615e-05,0.142346
55,3300,2696,154,-20.882,-43.4684,3.84615e-05,0.142346
55,3300,5845,167,11.0449,6.78706,3.84615e-05,0.142346
55,3300,7904,189,45.025,-176.495,3.84615e-05,0.142346
56,3360,5960,18,35.5425,-117.895,3.84615e-05,0.142731
56,3360,7385,37,-52.6615,-61.5025,3.84615e-05,0.142731
56,3360,2296,57,46.5861,-94.5554,3.84615e-05,0.142731
56,3360,5100,60,53.4526,-89.7168,3.84615e-05,0.142731
56,3360,7846,68,15.1713,-170.867,3.84615e-05,0.142731
56,3360,6260,70,58.7129,-130.908,3.84615e-05,0.142731
56,3360,6638,70,58.2994,-130.749,3.84615e-05,0.142731
56,3360,7502,103,17.4565,-101.414,3.84615e-05,0.142731
56,3360,5736,130,39.1374,-6.48155,3.84615e-05,0.142731
56,3360,2517,167,12.9839,10.1026,3.84615e-05,0.142731
57,3420,4204,60,51.826,-83.7307,3.84615e-05,0.142846
57,3420,5702,155,8.00517,-12.8972,3.84615e-05,0.142846
57,3420,3054,167,15.0005,12.7406,3.84615e-05,0.142846
58,3480,6367,18,28.8559,-111.467,3.84615e-05,0.143308
58,3480,5400,40,-24.5896,118.101,3.84615e-05,0.143308
58,3480,3872,44,44.7772,-99.4967,3.84615e-05,0.143308
58,3480,7917,46,-1.90293,-38.8028,3.84615e-05,0.143308
58,3480,4304,53,-30.2522,138.822,3.84615e-05,0.143308
58,3480,7400,55,23.5836,-170.183,3.84615e-05,0.143308
58,3480,6418,60,51.5901,-82.5085,3.84615e-05,0.143308
58,3480,5829,87,39.5991,-120.934,3.84615e-05,0.143308
58,3480,7004,145,7.75639,142.999,3.84615e-05,0.143308
58,3480,2216,167,15.2207,18.6874,3.84615e-05,0.143308
58,3480,7216,172,-63.0014,-167.045,3.84615e-05,0.143308
58,3480,7715,198,-5.61722,52.9095,3.84615e-05,0.143308
59,3540,7425,11,-45.1628,-18.2692,3.84615e-05,0.144
59,3540,7661,28,-23.1517,106.093,3.84615e-05,0.144
59,3540,5637,35,5.42429,-55.3417,3.84615e-05,0.144
59,3540,5145,40,-25.8277,125.935,3.84615e-05,0.144
59,3540,2797,44,44.6264,-93.4272,3.84615e-05,0.144
59,3540,4749,44,44.9306,-92.9381,3.84615e-05,0.144
59,3540,6560,44,44.8012,-93.8885,3.84615e-05,0.144
59,3540,4922,53,-23.0143,138.58,3.84615e-05,0.144
59,3540,7378,55,29.6722,-170.014,3.84615e-05,0.144
59,3540,3855,60,51.3903,-71.2971,3.84615e-05,0.144
59,3540,2838,66,-33.0957,147.306,3.84615e-05,0.144
59,3540,5878,87,39.5263,-111.013,3.84615e-05,0.144
59,3540,4233,109,-68.1796,68.8088,3.84615e-05,0.144
59,3540,2718,114,10.0841,-85.8204,3.84615e-05,0.144
59,3540,5768,142,67.2928,-35.8238,3.84615e-05,0.144
59,3540,4741,153,-39.4035,-62.4485,3.84615e-05,0.144
59,3540,3233,167,18.9811,21.0845,3.84615e-05,0.144
59,3540,7624,172,-64.9286,-165.751,3.84615e-05,0.144
60,3600,4783,6,-74.8839,7.93845,3.84615e-05,0.144385
60,3600,5018,40,-25.2334,127.662,3.84615e-05,0.144385
60,3600,4244,60,50.5341,-69.229,3.84615e-05,0.144385
60,3600,5916,87,44.0117,-107.651,3.84615e-05,0.144385
60,3600,7843,141,34.6108,-29.2643,3.84615e-05,0.144385
60,3600,4053,143,71.5822,120.571,3.84615e-05,0.144385
60,3600,6233,147,-70.3289,145.372,3.84615e-05,0.144385
60,3600,3025,153,-31.5173,-61.5763,3.84615e-05,0.144385
60,3600,7810,159,9.23055,149.927,3.84615e-05,0.144385
60,3600,3173,167,19.0423,20.0848,3.84615e-05,0.144385
61,3660,5220,0,58.6598,106.486,3.84615e-05,0.150385
61,3660,3451,9,27.3801,78.8069,3.84615e-05,0.150385
61,3660,5743,10,-33.4868,-57.9916,3.84615e-05,0.150385
61,3660,36,20,55.0274,119.928,0.000384615,0.150385
61,3660,476,20,55.1037,119.781,0.000384615,0.150385
61,3660,516,20,54.8805,120.343,0.000384615,0.150385
61,3660,796,20,55.5146,119.967,0.000384615,0.150385
61,3660,916,20,55.0426,120.248,0.000384615,0.150385
61,3660,996,20,55.3584,120.495,0.000384615,0.150385
61,3660,1476,20,55.423,120.564,0.000384615,0.150385
61,3660,1836,20,55.592,119.634,0.000384615,0.150385
61,3660,6099,20,55.1384,119.982,3.84615e-05,0.150385
61,3660,5377,22,50.4754,-86.0024,3.84615e-05,0.150385
61,3660,7287,23,17.5838,-71.5756,3.84615e-05,0.150385
61,3660,3768,24,-19.6681,-69.3873,3.84615e-05,0.150385
61,3660,3486,26,-78.864,26.1379,3.84615e-05,0.150385
61,3660,2118,32,73.2761,106.685,3.84615e-05,0.150385
61,3660,4594,33,67.9897,-36.7993,3.84615e-05,0.150385
61,3660,2448,35,-0.0771484,-57.6775,3.84615e-05,0.150385
61,3660,4083,38,-72.3978,134.988,3.84615e-05,0.150385
61,3660,2538,40,-18.0402,125.713,3.84615e-05,0.150385
61,3660,7197,41,9.59959,147.304,3.84615e-05,0.150385
61,3660,7563,42,36.4428,174.17,3.84615e-05,0.150385
61,3660,3217,53,-18.447,143.062,3.84615e-05,0.150385
61,3660,7911,62,4.32668,1.52136,3.84615e-05,0.150385
61,3660,5332,63,-23.668,22.6255,3.84615e-05,0.150385
61,3660,4139,70,65.2871,-97.7435,3.84615e-05,0.150385
61,3660,5498,73,-9.15962,19.8837,3.84615e-05,0.150385
61,3660,5801,73,-9.36707,19.5511,3.84615e-05,0.150385
61,3660,6043,73,-8.82835,19.915,3.84615e-05,0.150385
61,3660,6705,75,-70.8708,77.4457,3.84615e-05,0.150385
61,3660,921,80,14.8841,32.8025,0.000384615,0.150385
61,3660,1321,80,15.1465,32.264,0.000384615,0.150385
61,3660,4973,87,44.5434,-105.631,3.84615e-05,0.150385
61,3660,4866,89,42.99,1.28612,3.84615e-05,0.150385
61,3660,6620,96,29.299,18.2444,3.84615e-05,0.150385
61,3660,2790,97,5.33618,45.5954,3.84615e-05,0.150385
61,3660,3234,106,35.1866,68.9281,3.84615e-05,0.150385
61,3660,4325,109,-75.2308,87.9539,3.84615e-05,0.150385
61,3660,7970,114,15.6013,-81.9748,3.84615e-05,0.150385
61,3660,2378,118,17.3963,79.8956,3.84615e-05,0.150385
61,3660,7933,120,4.26411,110.117,3.84615e-05,0.150385
61,3660,5770,122,-66.9516,111.885,3.84615e-05,0.150385
61,3660,3533,123,-78.7271,-95.6089,3.84615e-05,0.150385
61,3660,2084,125,-5.06596,-69.1147,3.84615e-05,0.150385
61,3660,2707,129,43.8721,100.308,3.84615e-05,0.150385
61,3660,3823,132,22.1171,104.106,3.84615e-05,0.150385
61,3660,5623,137,-25.4448,-70.1146,3.84615e-05,0.150385
61,3660,5299,138,3.39147,-54.0971,3.84615e-05,0.150385
61,3660,5778,138,2.98196,-54.1351,3.84615e-05,0.150385
61,3660,4184,145,-4.38857,142.571,3.84615e-05,0.150385
61,3660,5389,153,-30.1937,-57.2504,3.84615e-05,0.150385
61,3660,4137,155,14.7607,0.316483,3.84615e-05,0.150385
61,3660,5096,155,14.5932,0.0126038,3.84615e-05,0.150385
61,3660,5835,156,37.3292,36.1122,3.84615e-05,0.150385
61,3660,4781,157,43.1161,79.4187,3.84615e-05,0.150385
61,3660,7545,158,29.2737,123.296,3.84615e-05,0.150385
61,3660,2315,167,26.2974,22.6252,3.84615e-05,0.150385
61,3660,3630,168,46.076,59.0555,3.84615e-05,0.150385
61,3660,3304,169,44.4844,110.029,3.84615e-05,0.150385
61,3660,7460,173,-70.956,27.8747,3.84615e-05,0.150385
61,3660,2792,175,2.20959,22.6748,3.84615e-05,0.150385
61,3660,5522,176,37.9036,13.3529,3.84615e-05,0.150385
61,3660,7013,183,-53.0561,-11.2077,3.84615e-05,0.150385
61,3660,2406,186,36.5601,52.5234,3.84615e-05,0.150385
61,3660,4261,187,65.5108,96.2825,3.84615e-05,0.150385
61,3660,2118,190,73.2761,106.685,3.84615e-05,0.150385
62,3720,2394,14,13.6531,98.6075,3.84615e-05,0.151692
62,3720,4005,19,-8.81368,-78.1911,3.84615e-05,0.151692
62,3720,4340,29,23.7474,109.839,3.84615e-05,0.151692
62,3720,6088,29,24.0033,109.522,3.84615e-05,0.151692
62,3720,7856,30,6.61754,123.678,3.84615e-05,0.151692
62,3720,4742,31,40.0118,120.731,3.84615e-05,0.151692
62,3720,7797,37,-76.224,-77.401,3.84615e-05,0.151692
62,3720,4504,40,-16.0818,131.053,3.84615e-05,0.151692
62,3720,7419,43,55.4988,-136.84,3.84615e-05,0.151692
62,3720,6738,75,-68.7017,96.5958,3.84615e-05,0.151692
62,3720,5039,81,-19.3193,48.4464,3.84615e-05,0.151692
62,3720,3150,93,24.1776,-106.321,3.84615e-05,0.151692
62,3720,4402,104,76.0536,-108.231,3.84615e-05,0.151692
62,3720,2348,105,66.8544,58.3316,3.84615e-05,0.151692
62,3720,3643,105,67.1826,58.9497,3.84615e-05,0.151692
62,3720,2593,109,-78.526,68.6675,3.84615e-05,0.151692
62,3720,2361,117,34.9111,52.0784,3.84615e-05,0.151692
62,3720,7994,119,-18.2443,100.239,3.84615e-05,0.151692
62,3720,5251,122,-68.4718,134.139,3.84615e-05,0.151692
62,3720,2509,128,72.3621,99.2342,3.84615e-05,0.151692
62,3720,6127,130,55.7648,22.0564,3.84615e-05,0.151692
62,3720,4024,131,50.0611,75.8176,3.84615e-05,0.151692
62,3720,7316,133,-4.59142,132.889,3.84615e-05,0.151692
62,3720,7071,137,-25.9654,-71.1731,3.84615e-05,0.151692
62,3720,4118,143,63.0415,134.36,3.84615e-05,0.151692
62,3720,5785,143,63.4543,134.391,3.84615e-05,0.151692
62,3720,3948,147,-78.7069,144.656,3.84615e-05,0.151692
62,3720,2073,167,28.6037,23.1249,3.84615e-05,0.151692
62,3720,6579,174,-27.3671,15.1395,3.84615e-05,0.151692
62,3720,3427,184,-21.0614,21.3439,3.84615e-05,0.151692
62,3720,3043,185,7.0123,38.3522,3.84615e-05,0.151692
62,3720,7353,188,56.0101,176.81,3.84615e-05,0.151692
62,3720,6161,191,55.0887,-161.028,3.84615e-05,0.151692
62,3720,2422,199,46.3619,68.8366,3.84615e-05,0.151692
63,3780,5790,1,65.586,-160.927,3.84615e-05,0.152615
63,3780,3438,14,17.1649,100.485,3.84615e-05,0.152615
63,3780,6048,14,17.4094,100.601,3.84615e-05,0.152615
63,3780,5676,39,-28.3747,129.448,3.84615e-05,0.152615
63,3780,3389,40,-12.5664,131.829,3.84615e-05,0.152615
63,3780,2535,44,38.571,-80.528,3.84615e-05,0.152615
63,3780,2749,44,38.1947,-80.3009,3.84615e-05,0.152615
63,3780,3593,44,37.9938,-80.0364,3.84615e-05,0.152615
63,3780,7694,47,-36.1341,5.38303,3.84615e-05,0.152615
63,3780,3516,89,36.9734,6.79605,3.84615e-05,0.152615
63,3780,4265,93,25.8828,-104.107,3.84615e-05,0.152615
63,3780,6809,100,-62.0623,-109.26,3.84615e-05,0.152615
63,3780,2976,103,44.3057,-100.315,3.84615e-05,0.152615
63,3780,5830,103,44.27,-99.8585,3.84615e-05,0.152615
63,3780,2983,114,20.1344,-77.2236,3.84615e-05,0.152615
63,3780,4530,127,74.5464,-55.6403,3.84615e-05,0.152615
63,3780,2351,137,-21.023,-66.2491,3.84615e-05,0.152615
63,3780,4196,143,59.6848,131.379,3.84615e-05,0.152615
63,3780,5382,143,59.9275,130.591,3.84615e-05,0.152615
63,3780,5986,166,6.35027,0.00389099,3.84615e-05,0.152615
63,3780,5000,167,26.664,32.6747,3.84615e-05,0.152615
63,3780,4567,178,60.1231,-164.662,3.84615e-05,0.152615
63,3780,3673,184,-21.4352,22.0858,3.84615e-05,0.152615
63,3780,4067,197,-17.273,45.7097,3.84615e-05,0.152615
64,3840,2064,14,16.5527,100.848,3.84615e-05,0.154385
64,3840,5751,15,43.8187,134.012,3.84615e-05,0.154385
64,3840,7068,21,72.1186,-118.448,3.84615e-05,0.154385
64,3840,7139,28,-5.48843,110.152,3.84615e-05,0.154385
64,3840,4414,40,-12.1217,132.22,3.84615e-05,0.154385
64,3840,5497,61,21.6629,-13.5464,3.84615e-05,0.154385
64,3840,6060,69,51.7361,-103.642,3.84615e-05,0.154385
64,3840,6023,87,51.9697,-93.2252,3.84615e-05,0.154385
64,3840,265,93,29.9377,-101.617,0.000384615,0.154385
64,3840,785,93,29.9007,-101.558,0.000384615,0.154385
64,3840,1345,93,30.2208,-101.329,0.000384615,0.154385
64,3840,7678,95,45.7157,-5.22218,3.84615e-05,0.154385
64,3840,6551,116,49.4896,13.9409,3.84615e-05,0.154385
64,3840,3260,149,-19.9276,-41.9969,3.84615e-05,0.154385
64,3840,4766,166,8.37728,4.28816,3.84615e-05,0.154385
64,3840,6337,166,8.66503,3.96045,3.84615e-05,0.154385
64,3840,5572,172,-85.9556,-110.613,3.84615e-05,0.154385
64,3840,4023,184,-17.4558,23.6958,3.84615e-05,0.154385
64,3840,5169,198,19.5238,56.8571,3.84615e-05,0.154385
65,3900,4824,14,22.3772,103.624,3.84615e-05,0.154808
65,3900,6357,69,58.5973,-98.126,3.84615e-05,0.154808
65,3900,3037,72,12.1252,14.8862,3.84615e-05,0.154808
65,3900,5814,87,53.663,-88.3671,3.84615e-05,0.154808
65,3900,2954,93,33.3249,-96.5924,3.84615e-05,0.154808
65,3900,5349,116,52.4539,24.0637,3.84615e-05,0.154808
65,3900,7469,124,-24.6594,-75.9967,3.84615e-05,0.154808
65,3900,3640,126,46.4426,-72.3211,3.84615e-05,0.154808
65,3900,3008,149,-18.7428,-41.7764,3.84615e-05,0.154808
65,3900,4492,166,9.5574,4.84097,3.84615e-05,0.154808
65,3900,2262,184,-10.6951,27.5226,3.84615e-05,0.154808
66,3960,5655,2,27.2534,-113.226,3.84615e-05,0.155192
66,3960,6119,56,48.2387,-93.2851,3.84615e-05,0.155192
66,3960,5040,69,56.1884,-89.1629,3.84615e-05,0.155192
66,3960,4295,71,38.9547,-2.84093,3.84615e-05,0.155192
66,3960,5802,79,57.3515,-123.339,3.84615e-05,0.155192
66,3960,3672,93,34.9605,-91.396,3.84615e-05,0.155192
66,3960,3330,116,47.5489,23.8962,3.84615e-05,0.155192
66,3960,3356,166,13.6189,7.11426,3.84615e-05,0.155192
66,3960,2290,184,-9.23494,27.6587,3.84615e-05,0.155192
66,3960,6985,197,-8.66645,46.5015,3.84615e-05,0.155192
67,4020,4103,8,10.5799,77.2347,3.84615e-05,0.155654
67,4020,5330,40,-5.02277,143.806,3.84615e-05,0.155654
67,4020,4027,56,47.5468,-85.1949,3.84615e-05,0.155654
67,4020,6481,69,51.7969,-88.3806,3.84615e-05,0.155654
67,4020,5395,79,57.6106,-117.992,3.84615e-05,0.155654
67,4020,7182,87,63.231,-77.0554,3.84615e-05,0.155654
67,4020,3343,93,36.6536,-89.1337,3.84615e-05,0.155654
67,4020,4926,102,26.6925,-104.518,3.84615e-05,0.155654
67,4020,7120,144,9.19955,139.609,3.84615e-05,0.155654
67,4020,7245,154,9.37859,-14.1711,3.84615e-05,0.155654
67,4020,3874,184,-7.36115,33.732,3.84615e-05,0.155654
67,4020,7952,194,-61.2709,-101.409,3.84615e-05,0.155654
68,4080,6649,8,14.2445,78.7106,3.84615e-05,0.157731
68,4080,3549,45,-3.24759,-40.3125,3.84615e-05,0.157731
68,4080,5992,49,-25.2768,115.59,3.84615e-05,0.157731
68,4080,4915,52,-23.7288,135.334,3.84615e-05,0.157731
68,4080,6268,65,-33.6632,146.075,3.84615e-05,0.157731
68,4080,4699,79,64.1097,-123.598,3.84615e-05,0.157731
68,4080,6130,79,64.1758,-122.822,3.84615e-05,0.157731
68,4080,6354,79,64.2145,-122.126,3.84615e-05,0.157731
68,4080,2615,87,58.3184,-71.744,3.84615e-05,0.157731
68,4080,2221,93,39.9551,-86.3613,3.84615e-05,0.157731
68,4080,2604,93,39.7809,-85.9971,3.84615e-05,0.157731
68,4080,4013,93,39.204,-86.212,3.84615e-05,0.157731
68,4080,345,102,30.3017,-103.972,0.000384615,0.157731
68,4080,1465,102,30.5387,-103.982,0.000384615,0.157731
68,4080,1585,102,30.3899,-103.645,0.000384615,0.157731
68,4080,1945,102,30.1976,-104.388,0.000384615,0.157731
68,4080,7803,142,79.6339,128.516,3.84615e-05,0.157731
68,4080,7432,197,-1.20021,49.6289,3.84615e-05,0.157731
69,4140,4349,25,-81.6706,-28.604,3.84615e-05,0.158192
69,4140,7950,27,-24.4993,106.092,3.84615e-05,0.158192
69,4140,3529,34,2.91493,-58.0769,3.84615e-05,0.158192
69,4140,5122,49,-21.6705,117.814,3.84615e-05,0.158192
69,4140,4758,52,-27.8303,140.472,3.84615e-05,0.158192
69,4140,4484,69,50.7861,-71.3929,3.84615e-05,0.158192
69,4140,6820,76,-28.5732,178.818,3.84615e-05,0.158192
69,4140,2468,79,63.2261,-103.723,3.84615e-05,0.158192
69,4140,4127,93,35.9252,-78.4906,3.84615e-05,0.158192
69,4140,6281,141,70.6089,-34.9828,3.84615e-05,0.158192
69,4140,6524,146,-69.6804,142.673,3.84615e-05,0.158192
69,4140,4819,152,-32.0077,-63.3266,3.84615e-05,0.158192
70,4200,4003,65,-28.8116,150.331,3.84615e-05,0.158615
70,4200,4978,69,50.4397,-70.5401,3.84615e-05,0.158615
70,4200,6438,86,46.4001,-110.679,3.84615e-05,0.158615
70,4200,2946,93,42.9759,-76.2737,3.84615e-05,0.158615
70,4200,4365,108,-74.7332,67.7762,3.84615e-05,0.158615
70,4200,3991,113,13.7298,-85.692,3.84615e-05,0.158615
70,4200,6540,121,-66.2767,110.991,3.84615e-05,0.158615
70,4200,6451,139,47.7793,9.89102,3.84615e-05,0.158615
70,4200,3349,152,-32.5229,-61.5274,3.84615e-05,0.158615
70,4200,7180,171,-71.7187,-173.945,3.84615e-05,0.158615
70,4200,5873,183,-26.5787,15.3596,3.84615e-05,0.158615
71,4260,6385,1,41.1269,-119.653,3.84615e-05,0.160885
71,4260,4258,5,-72.2074,20.2351,3.84615e-05,0.160885
71,4260,2924,8,27.4767,74.6258,3.84615e-05,0.160885
71,4260,4347,9,62.4643,90.1695,3.84615e-05,0.160885
71,4260,6117,9,62.7983,90.977,3.84615e-05,0.160885
71,4260,6870,13,13.1885,94.4962,3.84615e-05,0.160885
71,4260,4556,21,49.2687,-80.7539,3.84615e-05,0.160885
71,4260,3166,23,-18.1781,-69.866,3.84615e-05,0.160885
71,4260,3889,25,-81.4937,47.1967,3.84615e-05,0.160885
71,4260,4714,28,20.0065,106.416,3.84615e-05,0.160885
71,4260,2712,34,-3.8382,-59.3128,3.84615e-05,0.160885
71,4260,3212,34,-4.3654,-59.3736,3.84615e-05,0.160885
71,4260,3327,34,-3.71919,-59.6228,3.84615e-05,0.160885
71,4260,5077,34,-3.6551,-59.4702,3.84615e-05,0.160885
71,4260,6226,34,-4.02943,-59.2089,3.84615e-05,0.160885
71,4260,5678,36,-75.0779,-81.6181,3.84615e-05,0.160885
71,4260,7602,46,-37.5417,-7.62936,3.84615e-05,0.160885
71,4260,3732,49,-16.1166,124.323,3.84615e-05,0.160885
71,4260,4702,49,-16.7305,124.421,3.84615e-05,0.160885
71,4260,3379,52,-23.7874,145.036,3.84615e-05,0.160885
71,4260,6164,69,52.879,-63.31,3.84615e-05,0.160885
71,4260,5511,79,64.9087,-96.2992,3.84615e-05,0.160885
71,4260,6791,86,44.505,-109.448,3.84615e-05,0.160885
71,4260,3904,89,15.3895,27.9189,3.84615e-05,0.160885
71,4260,3831,93,43.6941,-75.3754,3.84615e-05,0.160885
71,4260,4338,93,44.1114,-75.5655,3.84615e-05,0.160885
71,4260,4042,95,28.7771,15.2307,3.84615e-05,0.160885
71,4260,4521,96,4.42139,43.7026,3.84615e-05,0.160885
71,4260,4058,102,38.0756,-110.817,3.84615e-05,0.160885
71,4260,2029,108,-74.0656,64.7453,3.84615e-05,0.160885
71,4260,4568,113,14.9734,-83.8149,3.84615e-05,0.160885
71,4260,2573,116,36.77,47.0276,3.84615e-05,0.160885
71,4260,7439,118,-14.86,96.2166,3.84615e-05,0.160885
71,4260,3498,122,-73.9168,-88.3663,3.84615e-05,0.160885
71,4260,5579,124,-4.99575,-70.5989,3.84615e-05,0.160885
71,4260,5815,124,-4.92186,-70.9845,3.84615e-05,0.160885
71,4260,6042,127,73.6042,95.4601,3.84615e-05,0.160885
71,4260,7324,129,2.15723,105.827,3.84615e-05,0.160885
71,4260,5950,132,-4.71738,122.687,3.84615e-05,0.160885
71,4260,6154,137,1.57061,-52.891,3.84615e-05,0.160885
71,4260,6754,144,-4.39172,144.221,3.84615e-05,0.160885
71,4260,4655,152,-29.184,-60.0714,3.84615e-05,0.160885
71,4260,2494,154,21.6708,-3.00699,3.84615e-05,0.160885
71,4260,6572,154,21.3755,-3.02327,3.84615e-05,0.160885
71,4260,5271,156,44.5626,77.0543,3.84615e-05,0.160885
71,4260,5923,157,30.8769,119.418,3.84615e-05,0.160885
71,4260,3077,166,21.2163,25.2101,3.84615e-05,0.160885
71,4260,3569,168,48.0625,109.37,3.84615e-05,0.160885
71,4260,3532,174,2.33087,19.041,3.84615e-05,0.160885
71,4260,6706,174,2.63573,19.4554,3.84615e-05,0.160885
71,4260,7118,176,77.8069,25.4273,3.84615e-05,0.160885
71,4260,2939,177,66.3619,-173.612,3.84615e-05,0.160885
71,4260,3517,183,-23.2581,18.0802,3.84615e-05,0.160885
71,4260,2525,184,5.01338,39.7367,3.84615e-05,0.160885
71,4260,6449,184,4.62305,40.0616,3.84615e-05,0.160885
71,4260,4038,186,61.1211,100.646,3.84615e-05,0.160885
71,4260,6472,190,61.3458,-157.39,3.84615e-05,0.160885
71,4260,5787,197,8.45761,49.9808,3.84615e-05,0.160885
71,4260,4288,198,42.7176,66.1176,3.84615e-05,0.160885
72,4320,5488,0,66.1657,-164.368,3.84615e-05,0.162308
72,4320,4030,13,12.2831,102.627,3.84615e-05,0.162308
72,4320,4357,18,-10.9618,-77.808,3.84615e-05,0.162308
72,4320,6871,22,12.1024,-78.5183,3.84615e-05,0.162308
72,4320,4404,29,57.2387,115.259,3.84615e-05,0.162308
72,4320,5654,29,57.455,115.164,3.84615e-05,0.162308
72,4320,5730,29,57.2407,114.889,3.84615e-05,0.162308
72,4320,6435,29,57.3975,116.037,3.84615e-05,0.162308
72,4320,2405,30,43.6026,117.218,3.84615e-05,0.162308
72,4320,6085,38,-27.0471,124.142,3.84615e-05,0.162308
72,4320,7465,41,39.0882,177.07,3.84615e-05,0.162308
72,4320,3019,43,42.0139,-79.1976,3.84615e-05,0.162308
72,4320,6489,68,56.5936,-116.546,3.84615e-05,0.162308
72,4320,2328,71,21.0889,4.43158,3.84615e-05,0.162308
72,4320,5304,71,20.8821,4.71465,3.84615e-05,0.162308
72,4320,5017,92,24.4341,-107.271,3.84615e-05,0.162308
72,4320,4445,104,66.3937,70.3217,3.84615e-05,0.162308
72,4320,6110,104,66.8164,70.2013,3.84615e-05,0.162308
72,4320,2889,105,27.7815,72.0594,3.84615e-05,0.162308
72,4320,2736,108,-80.024,104.07,3.84615e-05,0.162308
72,4320,4580,121,-72.3145,120.772,3.84615e-05,0.162308
72,4320,6650,126,71.6452,-43.7993,3.84615e-05,0.162308
72,4320,3248,128,38.6883,104.331,3.84615e-05,0.162308
72,4320,4120,128,38.2434,103.802,3.84615e-05,0.162308
72,4320,4388,128,38.8221,104,3.84615e-05,0.162308
72,4320,4213,130,50.1921,74.972,3.84615e-05,0.162308
72,4320,2167,131,23.5389,109.299,3.84615e-05,0.162308
72,4320,6921,139,57.4515,19.1524,3.84615e-05,0.162308
72,4320,3880,142,63.6402,142.459,3.84615e-05,0.162308
72,4320,3829,146,-81.3816,146.396,3.84615e-05,0.162308
72,4320,4364,155,37.8581,39.0309,3.84615e-05,0.162308
72,4320,5968,165,5.25484,-1.1955,3.84615e-05,0.162308
72,4320,7978,173,-26.6245,14.2775,3.84615e-05,0.162308
72,4320,4327,175,44.9709,18.0228,3.84615e-05,0.162308
72,4320,4646,177,65.0422,-160.67,3.84615e-05,0.162308
72,4320,2150,183,-20.8261,20.8136,3.84615e-05,0.162308
72,4320,4172,185,39.6882,59.6941,3.84615e-05,0.162308
73,4380,3214,13,18.796,99.2478,3.84615e-05,0.164423
73,4380,249,14,42.8558,130.424,0.000384615,0.164423
73,4380,7866,18,-13.6904,-76.7819,3.84615e-05,0.164423
73,4380,5387,36,-82.2014,-98.165,3.84615e-05,0.164423
73,4380,7390,46,-43.8175,-0.193436,3.84615e-05,0.164423
73,4380,4718,88,35.215,8.224,3.84615e-05,0.164423
73,4380,585,92,29.6293,-102.379,0.000384615,0.164423
73,4380,865,92,29.4573,-102.146,0.000384615,0.164423
73,4380,1625,92,28.9932,-101.992,0.000384615,0.164423
73,4380,2239,103,80.1617,-70.3587,3.84615e-05,0.164423
73,4380,6376,103,80.5616,-70.7414,3.84615e-05,0.164423
73,4380,7592,109,-59.0763,-109.422,3.84615e-05,0.164423
73,4380,6559,115,49.415,12.7154,3.84615e-05,0.164423
73,4380,2028,136,-15.1222,-72.9439,3.84615e-05,0.164423
73,4380,6562,148,-22.6102,-44.0095,3.84615e-05,0.164423
73,4380,7027,159,-26.8223,-178.717,3.84615e-05,0.164423
73,4380,5530,165,5.99666,-1.22729,3.84615e-05,0.164423
73,4380,3387,167,47.5789,67.2226,3.84615e-05,0.164423
73,4380,5824,171,-84.6158,-150.665,3.84615e-05,0.164423
74,4440,3191,13,20.3873,101.398,3.84615e-05,0.168423
74,4440,4785,20,70.5069,-110.18,3.84615e-05,0.168423
74,4440,4798,27,-5.51174,105.619,3.84615e-05,0.168423
74,4440,7766,62,-37.6535,31.6689,3.84615e-05,0.168423
74,4440,5727,74,-70.2625,121.805,3.84615e-05,0.168423
74,4440,5685,86,57.2825,-94.1246,3.84615e-05,0.168423
74,4440,5739,88,31.8573,10.1306,3.84615e-05,0.168423
74,4440,7984,91,2.81774,-122.282,3.84615e-05,0.168423
74,4440,65,92,31.0557,-101.647,0.000384615,0.168423
74,4440,145,92,30.9612,-101.948,0.000384615,0.168423
74,4440,425,92,30.8863,-102.319,0.000384615,0.168423
74,4440,745,92,31.1274,-101.476,0.000384615,0.168423
74,4440,1105,92,31.4375,-101.882,0.000384615,0.168423
74,4440,1145,92,30.5465,-101.835,0.000384615,0.168423
74,4440,1185,92,30.7073,-101.962,0.000384615,0.168423
74,4440,1785,92,31.0763,-102.381,0.000384615,0.168423
74,4440,1985,92,30.6679,-102.08,0.000384615,0.168423
74,4440,3644,125,45.0542,-74.5032,3.84615e-05,0.168423
74,4440,3382,136,-15.3448,-71.6768,3.84615e-05,0.168423
74,4440,3483,148,-18.9979,-44.8115,3.84615e-05,0.168423
74,4440,2992,165,8.91522,2.04779,3.84615e-05,0.168423
74,4440,6731,171,-86.0906,150.072,3.84615e-05,0.168423
74,4440,7877,196,-12.5593,43.5884,3.84615e-05,0.168423
75,4500,2725,60,18.4923,-12.2879,3.84615e-05,0.169346
75,4500,3105,60,18.6181,-13.2682,3.84615e-05,0.169346
75,4500,3724,60,18.6622,-12.7578,3.84615e-05,0.169346
75,4500,3877,72,-23.3913,20.1374,3.84615e-05,0.169346
75,4500,5941,74,-71.1196,128.611,3.84615e-05,0.169346
75,4500,6069,86,54.9462,-87.899,3.84615e-05,0.169346
75,4500,1385,92,32.1225,-100.639,0.000384615,0.169346
75,4500,3762,94,37.4521,-5.81158,3.84615e-05,0.169346
75,4500,7103,123,-24.0268,-76.7017,3.84615e-05,0.169346
75,4500,3822,136,-8.84969,-67.8195,3.84615e-05,0.169346
75,4500,6793,136,-8.67046,-67.7954,3.84615e-05,0.169346
75,4500,2594,165,13.3195,5.70276,3.84615e-05,0.169346
75,4500,7848,170,-57.0348,-171.636,3.84615e-05,0.169346
75,4500,5442,171,-85.8423,-46.9523,3.84615e-05,0.169346
75,4500,3989,199,66.7175,159.932,3.84615e-05,0.169346
76,4560,7526,31,83.4681,-59.0913,3.84615e-05,0.169923
76,4560,7962,33,14.8818,-58.5201,3.84615e-05,0.169923
76,4560,7900,39,23.2206,117.893,3.84615e-05,0.169923
76,4560,6513,55,50.8354,-90.9495,3.84615e-05,0.169923
76,4560,2675,60,14.7232,-10.2829,3.84615e-05,0.169923
76,4560,7269,61,-12.7842,10.3746,3.84615e-05,0.169923
76,4560,4078,70,40.2619,-0.877701,3.84615e-05,0.169923
76,4560,3861,78,60.7877,-132.112,3.84615e-05,0.169923
76,4560,7091,86,62.4859,-90.0976,3.84615e-05,0.169923
76,4560,4240,92,34.2287,-97.1972,3.84615e-05,0.169923
76,4560,4598,94,37.728,-3.94635,3.84615e-05,0.169923
76,4560,3663,115,45.0157,27.351,3.84615e-05,0.169923
76,4560,7625,143,11.1492,137.691,3.84615e-05,0.169923
76,4560,2602,165,16.089,8.82722,3.84615e-05,0.169923
76,4560,3049,165,16.3131,8.57745,3.84615e-05,0.169923
77,4620,6498,7,14.8358,75.8539,3.84615e-05,0.170269
77,4620,6671,48,-25.3062,114.224,3.84615e-05,0.170269
77,4620,6422,55,53.5713,-86.5584,3.84615e-05,0.170269
77,4620,3585,60,11.9198,-7.68201,3.84615e-05,0.170269
77,4620,5570,78,62.0283,-130.874,3.84615e-05,0.170269
77,4620,5879,78,61.809,-131.63,3.84615e-05,0.170269
77,4620,3734,92,33.8466,-85.6895,3.84615e-05,0.170269
77,4620,5501,101,25.1706,-108.13,3.84615e-05,0.170269
77,4620,5256,153,12.5636,-14.1717,3.84615e-05,0.170269
78,4680,2765,7,16.5421,75.4618,3.84615e-05,0.170808
78,4680,3853,24,-79.7897,-15.4508,3.84615e-05,0.170808
78,4680,2851,42,44.2566,-101.35,3.84615e-05,0.170808
78,4680,3963,44,-5.04134,-41.261,3.84615e-05,0.170808
78,4680,2974,48,-22.8175,116.053,3.84615e-05,0.170808
78,4680,6223,60,8.3762,-11.392,3.84615e-05,0.170808
78,4680,6607,64,-31.889,144.114,3.84615e-05,0.170808
78,4680,7795,66,25.1565,-170.191,3.84615e-05,0.170808
78,4680,6007,68,50.229,-80.3685,3.84615e-05,0.170808
78,4680,7724,73,-65.675,56.3365,3.84615e-05,0.170808
78,4680,5716,101,30.1579,-107.791,3.84615e-05,0.170808
78,4680,4551,141,74.5167,107.86,3.84615e-05,0.170808
78,4680,7875,145,-66.9527,141.048,3.84615e-05,0.170808
78,4680,7874,170,-66.888,-175.035,3.84615e-05,0.170808
79,4740,7881,19,-52.1689,-21.3299,3.84615e-05,0.171154
79,4740,7338,26,-21.3557,97.6708,3.84615e-05,0.171154
79,4740,5199,48,-24.992,120.565,3.84615e-05,0.171154
79,4740,5364,51,-21.8146,136.693,3.84615e-05,0.171154
79,4740,5059,64,-31.1458,144.929,3.84615e-05,0.171154
79,4740,2812,68,49.6884,-76.4285,3.84615e-05,0.171154
79,4740,6216,107,-70.6182,63.8554,3.84615e-05,0.171154
79,4740,7261,112,10.9941,-89.1076,3.84615e-05,0.171154
79,4740,4146,151,-32.7328,-68.1317,3.84615e-05,0.171154
80,4800,7869,40,32.1364,170.313,3.84615e-05,0.171462
80,4800,3554,51,-23.3503,143.6,3.84615e-05,0.171462
80,4800,6777,85,45.092,-111.331,3.84615e-05,0.171462
80,4800,6214,87,43.8574,4.20285,3.84615e-05,0.171462
80,4800,3793,107,-73.9133,61.4029,3.84615e-05,0.171462
80,4800,4231,151,-30.3207,-62.0854,3.84615e-05,0.171462
80,4800,7438,182,-25.5573,14.6508,3.84615e-05,0.171462
80,4800,4671,196,7.63171,48.2215,3.84615e-05,0.171462
81,4860,3683,8,60.0608,87.7281,3.84615e-05,0.175231
81,4860,5811,20,49.1387,-93.4551,3.84615e-05,0.175231
81,4860,4500,24,-77.4942,31.4122,3.84615e-05,0.175231
81,4860,4131,28,55.1751,116.961,3.84615e-05,0.175231
81,4860,3712,33,-4.41889,-56.8513,3.84615e-05,0.175231
81,4860,5528,38,7.30009,124.495,3.84615e-05,0.175231
81,4860,4557,39,41.3518,114.318,3.84615e-05,0.175231
81,4860,2711,42,44.3066,-85.4943,3.84615e-05,0.175231
81,4860,4114,48,-20.4124,128.078,3.84615e-05,0.175231
81,4860,3947,51,-18.5089,145.426,3.84615e-05,0.175231
81,4860,4368,64,-26.8158,151.014,3.84615e-05,0.175231
81,4860,3419,70,24.3858,4.72531,3.84615e-05,0.175231
81,4860,6595,70,24.4462,4.52274,3.84615e-05,0.175231
81,4860,6425,78,64.9036,-90.4155,3.84615e-05,0.175231
81,4860,5027,87,39.1358,-0.370392,3.84615e-05,0.175231
81,4860,514,92,44.7161,-71.6877,0.000384615,0.175231
81,4860,954,92,44.8263,-71.5783,0.000384615,0.175231
81,4860,1114,92,45.1123,-71.4975,0.000384615,0.175231
81,4860,1474,92,44.8137,-72.2546,0.000384615,0.175231
81,4860,1874,92,44.3571,-72.1052,0.000384615,0.175231
81,4860,4668,95,2.87292,43.8759,3.84615e-05,0.175231
81,4860,4904,102,75.7233,-91.5083,3.84615e-05,0.175231
81,4860,3206,107,-76.6308,95.4915,3.84615e-05,0.175231
81,4860,7511,112,18.8042,-83.1619,3.84615e-05,0.175231
81,4860,3057,115,36.4945,45.7604,3.84615e-05,0.175231
81,4860,4413,121,-74.3724,-90.5766,3.84615e-05,0.175231
81,4860,3011,123,-3.25912,-72.4285,3.84615e-05,0.175231
81,4860,3703,123,-3.37062,-73.0494,3.84615e-05,0.175231
81,4860,7859,124,34.0063,-76.9403,3.84615e-05,0.175231
81,4860,2258,125,68.3481,-71.8417,3.84615e-05,0.175231
81,4860,3334,125,68.9342,-71.4839,3.84615e-05,0.175231
81,4860,4992,125,68.7884,-72.4202,3.84615e-05,0.175231
81,4860,3071,127,38.9637,95.3835,3.84615e-05,0.175231
81,4860,3592,136,3.20047,-52.7513,3.84615e-05,0.175231
81,4860,5465,138,50.408,14.7158,3.84615e-05,0.175231
81,4860,6980,145,-77.7315,168.373,3.84615e-05,0.175231
81,4860,4125,151,-28.1077,-59.9594,3.84615e-05,0.175231
81,4860,2132,153,18.4331,-4.81557,3.84615e-05,0.175231
81,4860,5091,154,42.5294,26.0119,3.84615e-05,0.175231
81,4860,5313,155,46.9967,81.9808,3.84615e-05,0.175231
81,4860,2556,156,27.6654,119.933,3.84615e-05,0.175231
81,4860,3688,165,25.1715,19.8678,3.84615e-05,0.175231
81,4860,2141,166,47.129,55.5939,3.84615e-05,0.175231
81,4860,3937,173,7.79283,16.7932,3.84615e-05,0.175231
81,4860,3616,174,43.899,17.8533,3.84615e-05,0.175231
81,4860,2436,176,67.0951,-177.632,3.84615e-05,0.175231
81,4860,5480,182,-22.6318,23.4469,3.84615e-05,0.175231
81,4860,3041,183,5.33997,36.9146,3.84615e-05,0.175231
81,4860,3694,183,5.60894,36.646,3.84615e-05,0.175231
81,4860,3129,184,37.4737,57.5417,3.84615e-05,0.175231
81,4860,5374,195,-23.2588,45.4098,3.84615e-05,0.175231
81,4860,3657,197,43.8793,62.3893,3.84615e-05,0.175231
81,4860,3299,198,72.4417,103.103,3.84615e-05,0.175231
82,4920,3665,12,17.7903,96.7606,3.84615e-05,0.176423
82,4920,5287,21,8.13985,-75.679,3.84615e-05,0.176423
82,4920,6521,35,-83.4157,-55.9422,3.84615e-05,0.176423
82,4920,6312,37,-25.7496,124.994,3.84615e-05,0.176423
82,4920,7356,40,42.7416,176.197,3.84615e-05,0.176423
82,4920,2346,51,-17.4062,145.419,3.84615e-05,0.176423
82,4920,2677,51,-17.5681,145.205,3.84615e-05,0.176423
82,4920,6643,51,-17.3436,145.908,3.84615e-05,0.176423
82,4920,4224,67,56.9992,-115.142,3.84615e-05,0.176423
82,4920,5566,71,-12.8045,21.9841,3.84615e-05,0.176423
82,4920,5581,71,-13.2603,21.8531,3.84615e-05,0.176423
82,4920,5833,91,26.5231,-108.287,3.84615e-05,0.176423
82,4920,2869,104,27.9084,69.0054,3.84615e-05,0.176423
82,4920,5281,104,28.2676,69.5028,3.84615e-05,0.176423
82,4920,6910,112,21.1343,-82.4966,3.84615e-05,0.176423
82,4920,6510,116,10.6315,79.1527,3.84615e-05,0.176423
82,4920,4461,120,-73.7346,111.246,3.84615e-05,0.176423
82,4920,2518,126,68.3319,91.0202,3.84615e-05,0.176423
82,4920,5264,128,-3.07019,103.044,3.84615e-05,0.176423
82,4920,4442,130,20.2136,100.696,3.84615e-05,0.176423
82,4920,7458,135,-20.7708,-71.8636,3.84615e-05,0.176423
82,4920,4921,139,44.205,75.7717,3.84615e-05,0.176423
82,4920,3253,141,63.7722,135.795,3.84615e-05,0.176423
82,4920,6535,143,-6.98919,139.469,3.84615e-05,0.176423
82,4920,6930,147,-26.2491,-47.1579,3.84615e-05,0.176423
82,4920,4496,151,-26.316,-56.4048,3.84615e-05,0.176423
82,4920,4142,182,-20.4691,24.7583,3.84615e-05,0.176423
82,4920,5092,185,62.439,111.39,3.84615e-05,0.176423
82,4920,7604,195,-19.1429,39.3817,3.84615e-05,0.176423
82,4920,3360,196,16.4154,51.6089,3.84615e-05,0.176423
82,4920,7551,199,56.1312,-155.995,3.84615e-05,0.176423
83,4980,3901,7,32.9115,77.3093,3.84615e-05,0.179077
83,4980,5823,12,13.2305,101.509,3.84615e-05,0.179077
83,4980,129,13,43.3324,128.222,0.000384615,0.179077
83,4980,689,13,43.1031,128.685,0.000384615,0.179077
83,4980,4109,22,-28.3647,-69.0223,3.84615e-05,0.179077
83,4980,5134,27,27.7579,111.512,3.84615e-05,0.179077
83,4980,4680,29,72.1421,-124.911,3.84615e-05,0.179077
83,4980,5717,29,72.3799,-124.304,3.84615e-05,0.179077
83,4980,258,35,-86.0123,-45.0481,0.000384615,0.179077
83,4980,1698,35,-85.8471,-51.7879,0.000384615,0.179077
83,4980,3506,67,58.3691,-110.572,3.84615e-05,0.179077
83,4980,5888,73,-73.2418,110.568,3.84615e-05,0.179077
83,4980,6549,85,56.4017,-98.8429,3.84615e-05,0.179077
83,4980,3751,88,5.40765,26.7484,3.84615e-05,0.179077
83,4980,2720,91,29.9626,-105.354,3.84615e-05,0.179077
83,4980,2794,94,27.8358,24.3621,3.84615e-05,0.179077
83,4980,3528,103,59.589,59.5663,3.84615e-05,0.179077
83,4980,4701,103,59.3489,59.3487,3.84615e-05,0.179077
83,4980,4637,112,20.1004,-75.7301,3.84615e-05,0.179077
83,4980,6456,114,47.9301,12.0808,3.84615e-05,0.179077
83,4980,2337,120,-76.3308,118.434,3.84615e-05,0.179077
83,4980,7426,131,-13.044,127.315,3.84615e-05,0.179077
83,4980,6264,135,-13.993,-74.5792,3.84615e-05,0.179077
83,4980,6753,135,-14.1006,-74.1321,3.84615e-05,0.179077
83,4980,4507,138,57.3378,28.8952,3.84615e-05,0.179077
83,4980,4630,147,-21.2965,-46.2002,3.84615e-05,0.179077
83,4980,4900,151,-22.2213,-52.2348,3.84615e-05,0.179077
83,4980,4920,164,9.60226,-1.75688,3.84615e-05,0.179077
83,4980,3261,167,39.9187,117.683,3.84615e-05,0.179077
83,4980,5494,172,-21.4267,15.6882,3.84615e-05,0.179077
83,4980,2122,182,-15.6303,20.6904,3.84615e-05,0.179077
83,4980,3637,196,19.52,51.1228,3.84615e-05,0.179077
83,4980,4272,196,18.9105,51.5106,3.84615e-05,0.179077
84,5040,2345,9,62.6977,-138.151,3.84615e-05,0.180077
84,5040,2704,12,22.2246,100.358,3.84615e-05,0.180077
84,5040,3060,26,-3.22692,103.452,3.84615e-05,0.180077
84,5040,5688,37,-19.7976,125.582,3.84615e-05,0.180077
84,5040,4303,67,58.4221,-107.318,3.84615e-05,0.180077
84,5040,5928,85,60.0335,-100.2,3.84615e-05,0.180077
84,5040,2964,91,32.8209,-101.886,3.84615e-05,0.180077
84,5040,7297,112,26.4835,-78.101,3.84615e-05,0.180077
84,5040,2429,135,-10.6894,-72.2583,3.84615e-05,0.180077
84,5040,5854,135,-10.8851,-72.3747,3.84615e-05,0.180077
84,5040,3870,164,11.4203,2.67484,3.84615e-05,0.180077
84,5040,938,170,-86.6016,-61.4459,0.000384615,0.180077
84,5040,3044,172,-17.9161,14.5239,3.84615e-05,0.180077
84,5040,3905,182,-16.1663,26.805,3.84615e-05,0.180077
84,5040,6321,182,-16.0901,26.8864,3.84615e-05,0.180077
84,5040,7627,186,42.1166,179.591,3.84615e-05,0.180077
84,5040,3101,196,20.7998,53.0025,3.84615e-05,0.180077
85,5100,5582,12,21.9815,107.045,3.84615e-05,0.183154
85,5100,5153,69,13.0182,-16.2554,3.84615e-05,0.183154
85,5100,3715,85,62.2208,-94.6375,3.84615e-05,0.183154
85,5100,6279,91,33.2353,-95.3797,3.84615e-05,0.183154
85,5100,6051,93,38.8904,-2.02515,3.84615e-05,0.183154
85,5100,6724,101,57.7212,-116.169,3.84615e-05,0.183154
85,5100,4686,114,50.0317,26.3603,3.84615e-05,0.183154
85,5100,7637,142,16.2112,133.354,3.84615e-05,0.183154
85,5100,3628,164,12.8687,3.10736,3.84615e-05,0.183154
85,5100,138,170,-86.461,-29.9465,0.000384615,0.183154
85,5100,298,170,-86.1603,-34.7615,0.000384615,0.183154
85,5100,418,170,-86.3766,-28.2548,0.000384615,0.183154
85,5100,818,170,-86.6645,-24.9349,0.000384615,0.183154
85,5100,1218,170,-86.5856,-28.8982,0.000384615,0.183154
85,5100,1298,170,-86.5882,-25.6836,0.000384615,0.183154
85,5100,1618,170,-86.7419,-30.5042,0.000384615,0.183154
85,5100,7381,195,-8.81597,47.591,3.84615e-05,0.183154
86,5160,3969,30,81.8214,-60.7724,3.84615e-05,0.183423
86,5160,5760,69,14.7993,-14.5248,3.84615e-05,0.183423
86,5160,3943,77,61.965,-134.94,3.84615e-05,0.183423
86,5160,7596,85,63.123,-88.2074,3.84615e-05,0.183423
86,5160,6634,91,37.1852,-94.9076,3.84615e-05,0.183423
86,5160,7632,93,36.0066,0.587799,3.84615e-05,0.183423
86,5160,3400,164,16.3814,6.63766,3.84615e-05,0.183423
87,5220,2579,32,6.17259,-62.4878,3.84615e-05,0.183808
87,5220,5213,43,-2.72954,-44.4435,3.84615e-05,0.183808
87,5220,4911,63,-33.2071,141.106,3.84615e-05,0.183808
87,5220,5984,77,63.0349,-125.369,3.84615e-05,0.183808
87,5220,3062,79,32.7824,-5.34142,3.84615e-05,0.183808
87,5220,4848,85,58.6344,-70.4497,3.84615e-05,0.183808
87,5220,6459,100,27.251,-108.076,3.84615e-05,0.183808
87,5220,6427,152,13.4633,-15.6686,3.84615e-05,0.183808
87,5220,4395,164,19.0373,7.01373,3.84615e-05,0.183808
87,5220,5503,164,19.1472,6.76839,3.84615e-05,0.183808
88,5280,4190,6,19.1835,73.3038,3.84615e-05,0.184423
88,5280,2226,17,-27.2928,-64.1043,3.84615e-05,0.184423
88,5280,6267,23,-80.3107,-9.79718,3.84615e-05,0.184423
88,5280,4859,32,4.43626,-61.8967,3.84615e-05,0.184423
88,5280,6616,41,49.543,-94.9961,3.84615e-05,0.184423
88,5280,4649,47,-22.7371,114.367,3.84615e-05,0.184423
88,5280,6047,50,-22.1139,132.216,3.84615e-05,0.184423
88,5280,3371,54,43.6061,-85.4807,3.84615e-05,0.184423
88,5280,6315,67,50.1612,-77.0171,3.84615e-05,0.184423
88,5280,4285,77,63.8432,-112.608,3.84615e-05,0.184423
88,5280,6528,100,30.1803,-110.06,3.84615e-05,0.184423
88,5280,4638,106,-68.4959,61.1384,3.84615e-05,0.184423
88,5280,2601,122,-12.6428,-75.7237,3.84615e-05,0.184423
88,5280,5110,144,-68.7816,140.095,3.84615e-05,0.184423
88,5280,2629,164,23.1302,10.0766,3.84615e-05,0.184423
88,5280,5183,195,2.8289,44.9777,3.84615e-05,0.184423
89,5340,2796,6,24.847,67.7474,3.84615e-05,0.184846
89,5340,2959,17,-29.7532,-64.5571,3.84615e-05,0.184846
89,5340,7697,25,-17.526,97.6307,3.84615e-05,0.184846
89,5340,5722,50,-24.7682,139.207,3.84615e-05,0.184846
89,5340,6567,50,-25.2023,139.597,3.84615e-05,0.184846
89,5340,3293,54,44.248,-77.3041,3.84615e-05,0.184846
89,5340,3393,63,-28.254,146.001,3.84615e-05,0.184846
89,5340,4576,67,51.0697,-74.911,3.84615e-05,0.184846
89,5340,2780,77,69.1191,-116.953,3.84615e-05,0.184846
89,5340,4465,106,-73.7959,68.6915,3.84615e-05,0.184846
89,5340,4390,150,-30.8754,-66.4003,3.84615e-05,0.184846
90,5400,2996,6,26.6808,67.7863,3.84615e-05,0.190538
90,5400,183,17,-31.8711,-57.0315,0.000384615,0.190538
90,5400,543,17,-31.6944,-57.4468,0.000384615,0.190538
90,5400,983,17,-32.1797,-56.7123,0.000384615,0.190538
90,5400,1583,17,-32.1015,-57.0451,0.000384615,0.190538
90,5400,1663,17,-32.1469,-57.054,0.000384615,0.190538
90,5400,1823,17,-31.9267,-57.4824,0.000384615,0.190538
90,5400,1863,17,-32.2988,-57.3347,0.000384615,0.190538
90,5400,7138,18,-45.6616,-15.3899,3.84615e-05,0.190538
90,5400,7477,18,-45.4803,-15.8569,3.84615e-05,0.190538
90,5400,5723,47,-20.0776,124.906,3.84615e-05,0.190538
90,5400,7151,49,38.2011,168.223,3.84615e-05,0.190538
90,5400,3478,50,-22.5208,140.11,3.84615e-05,0.190538
90,5400,194,54,44.9068,-70.9792,0.000384615,0.190538
90,5400,274,54,44.5295,-70.7895,0.000384615,0.190538
90,5400,394,54,44.3441,-70.3306,0.000384615,0.190538
90,5400,994,54,44.4635,-70.272,0.000384615,0.190538
90,5400,1154,54,44.6239,-70.6666,0.000384615,0.190538
90,5400,1994,54,44.3326,-71.4092,0.000384615,0.190538
90,5400,6452,67,49.1588,-68.0166,3.84615e-05,0.190538
90,5400,743,150,-32.6124,-57.4956,0.000384615,0.190538
90,5400,1863,150,-32.2988,-57.3347,0.000384615,0.190538
90,5400,5669,175,66.5556,-176.637,3.84615e-05,0.190538
91,5460,2320,6,29.5716,77.3911,3.84615e-05,0.197231
91,5460,5852,8,66.9835,-172.482,3.84615e-05,0.197231
91,5460,5734,12,40.5723,120.807,3.84615e-05,0.197231
91,5460,1463,17,-33.1097,-56.1224,0.000384615,0.197231
91,5460,3557,23,-77.9094,51.7887,3.84615e-05,0.197231
91,5460,5568,26,26.4509,103.736,3.84615e-05,0.197231
91,5460,4150,32,-7.10167,-58.4722,3.84615e-05,0.197231
91,5460,4995,32,-6.90922,-58.8529,3.84615e-05,0.197231
91,5460,3658,38,43.3083,110.652,3.84615e-05,0.197231
91,5460,3218,41,38.6554,-86.9041,3.84615e-05,0.197231
91,5460,5725,47,-18.3616,124.541,3.84615e-05,0.197231
91,5460,3717,50,-18.2682,141.966,3.84615e-05,0.197231
91,5460,474,54,45.5478,-71.668,0.000384615,0.197231
91,5460,554,54,45.2724,-70.9026,0.000384615,0.197231
91,5460,1274,54,45.9249,-70.5973,0.000384615,0.197231
91,5460,1554,54,45.8354,-71.4963,0.000384615,0.197231
91,5460,1914,54,45.7738,-71.0187,0.000384615,0.197231
91,5460,6635,63,-26.2705,150.215,3.84615e-05,0.197231
91,5460,3138,70,-13.6664,13.6083,3.84615e-05,0.197231
91,5460,6124,70,-13.844,14.1293,3.84615e-05,0.197231
91,5460,7001,77,71.6779,-99.2836,3.84615e-05,0.197231
91,5460,4438,79,21.4634,5.65799,3.84615e-05,0.197231
91,5460,5182,79,21.7714,5.51125,3.84615e-05,0.197231
91,5460,2014,87,12.6547,25.9435,3.84615e-05,0.197231
91,5460,6695,100,40.7486,-108.885,3.84615e-05,0.197231
91,5460,3358,102,67.3018,66.6393,3.84615e-05,0.197231
91,5460,5560,102,67.0399,65.6075,3.84615e-05,0.197231
91,5460,3426,106,-78.0214,64.0853,3.84615e-05,0.197231
91,5460,2418,114,35.208,44.9057,3.84615e-05,0.197231
91,5460,7693,120,-69.8543,-99.0635,3.84615e-05,0.197231
91,5460,5318,122,0.502167,-76.408,3.84615e-05,0.197231
91,5460,5062,123,32.9124,-80.1024,3.84615e-05,0.197231
91,5460,3119,125,72.2181,96.569,3.84615e-05,0.197231
91,5460,6014,129,-70.3554,127.718,3.84615e-05,0.197231
91,5460,5836,135,5.35984,-53.4355,3.84615e-05,0.197231
91,5460,6780,138,49.8994,68.0566,3.84615e-05,0.197231
91,5460,4927,140,65.6865,135.221,3.84615e-05,0.197231
91,5460,7192,144,-78.3257,173.162,3.84615e-05,0.197231
91,5460,5710,146,-27.3603,-50.0722,3.84615e-05,0.197231
91,5460,23,150,-31.4012,-57.0361,0.000384615,0.197231
91,5460,1103,150,-31.2504,-56.6127,0.000384615,0.197231
91,5460,1303,150,-31.2842,-57.0159,0.000384615,0.197231
91,5460,1543,150,-31.6284,-56.8384,0.000384615,0.197231
91,5460,1743,150,-31.4564,-57.234,0.000384615,0.197231
91,5460,1943,150,-31.2545,-56.5542,0.000384615,0.197231
91,5460,2433,152,22.8309,-7.35205,3.84615e-05,0.197231
91,5460,2642,152,22.8066,-7.22769,3.84615e-05,0.197231
91,5460,5994,153,38.375,31.7771,3.84615e-05,0.197231
91,5460,5534,154,48.4189,81.7189,3.84615e-05,0.197231
91,5460,3816,155,29.1894,117.982,3.84615e-05,0.197231
91,5460,6594,163,5.71239,-7.02992,3.84615e-05,0.197231
91,5460,3932,164,25.1427,24.406,3.84615e-05,0.197231
91,5460,2395,165,47.5147,54.7709,3.84615e-05,0.197231
91,5460,3237,166,40.4203,111.476,3.84615e-05,0.197231
91,5460,3723,166,40.1569,111.111,3.84615e-05,0.197231
91,5460,3710,172,9.46456,11.1856,3.84615e-05,0.197231
91,5460,6126,173,44.7082,16.0052,3.84615e-05,0.197231
91,5460,5043,175,65.2524,-175.842,3.84615e-05,0.197231
91,5460,7192,179,-78.3257,173.162,3.84615e-05,0.197231
91,5460,5482,181,-22.5362,21.8965,3.84615e-05,0.197231
91,5460,2206,182,9.20538,35.5667,3.84615e-05,0.197231
91,5460,4247,183,41.0262,51.3466,3.84615e-05,0.197231
91,5460,5596,184,60.4153,104.877,3.84615e-05,0.197231
91,5460,4856,195,10.9808,47.1181,3.84615e-05,0.197231
91,5460,2984,196,47.3464,63.3969,3.84615e-05,0.197231
91,5460,4583,197,69.1741,109.85,3.84615e-05,0.197231
91,5460,7838,198,54.9038,-158.395,3.84615e-05,0.197231
92,5520,3518,6,30.9335,77.2384,3.84615e-05,0.200038
92,5520,4263,11,14.9469,98.1158,3.84615e-05,0.200038
92,5520,3239,29,41.623,-89.2479,3.84615e-05,0.200038
92,5520,5517,36,-23.457,123.398,3.84615e-05,0.200038
92,5520,6590,47,-16.6871,127.349,3.84615e-05,0.200038
92,5520,4129,50,-16.9464,141.64,3.84615e-05,0.200038
92,5520,6252,72,-68.9679,102.728,3.84615e-05,0.200038
92,5520,2731,86,34.1498,2.8246,3.84615e-05,0.200038
92,5520,6486,90,28.2687,-107.095,3.84615e-05,0.200038
92,5520,314,91,45.9083,-69.4032,0.000384615,0.200038
92,5520,794,91,46.0885,-69.6441,0.000384615,0.200038
92,5520,1074,91,46.1851,-69.4056,0.000384615,0.200038
92,5520,4332,93,25.8209,17.1527,3.84615e-05,0.200038
92,5520,2458,101,80.9296,-80.8843,3.84615e-05,0.200038
92,5520,7169,124,74.9852,-61.2318,3.84615e-05,0.200038
92,5520,3010,126,31.6666,101.428,3.84615e-05,0.200038
92,5520,4972,126,32.0583,100.98,3.84615e-05,0.200038
92,5520,7539,127,-1.39468,104.243,3.84615e-05,0.200038
92,5520,5479,129,-72.5071,127.445,3.84615e-05,0.200038
92,5520,7365,130,-10.3093,129.638,3.84615e-05,0.200038
92,5520,4487,139,17.0297,104.108,3.84615e-05,0.200038
92,5520,3958,140,60.0356,132.93,3.84615e-05,0.200038
92,5520,5771,142,-12.7768,134.92,3.84615e-05,0.200038
92,5520,3315,146,-24.7657,-48.3635,3.84615e-05,0.200038
92,5520,663,150,-30.0128,-55.7036,0.000384615,0.200038
92,5520,1143,150,-29.6078,-55.4806,0.000384615,0.200038
92,5520,6006,163,6.74351,-4.62737,3.84615e-05,0.200038
92,5520,2153,181,-16.9081,17.6465,3.84615e-05,0.200038
93,5580,6074,7,65.4031,113.993,3.84615e-05,0.201154
93,5580,2698,11,20.4033,97.324,3.84615e-05,0.201154
93,5580,4619,27,64.5587,130.952,3.84615e-05,0.201154
93,5580,2428,28,71.7566,-123.227,3.84615e-05,0.201154
93,5580,1898,34,-86.2434,-40.8831,0.000384615,0.201154
93,5580,5708,36,-18.7369,122.049,3.84615e-05,0.201154
93,5580,6883,50,-10.0197,140.892,3.84615e-05,0.201154
93,5580,2466,86,31.9257,5.88828,3.84615e-05,0.201154
93,5580,4511,86,32.0691,5.33434,3.84615e-05,0.201154
93,5580,5862,86,31.9075,5.41052,3.84615e-05,0.201154
93,5580,2588,90,31.8815,-104.643,3.84615e-05,0.201154
93,5580,3420,103,22.9684,59.8819,3.84615e-05,0.201154
93,5580,6219,111,26.6649,-80.1258,3.84615e-05,0.201154
93,5580,4790,134,-14.5256,-74.9426,3.84615e-05,0.201154
93,5580,4715,137,52.8979,27.776,3.84615e-05,0.201154
93,5580,4837,140,56.7133,123.685,3.84615e-05,0.201154
93,5580,2671,150,-21.6112,-52.8352,3.84615e-05,0.201154
93,5580,5495,181,-14.2182,18.1047,3.84615e-05,0.201154
93,5580,6751,181,-14.2067,18.084,3.84615e-05,0.201154
93,5580,4361,194,-15.1239,38.6434,3.84615e-05,0.201154
94,5640,4041,11,22.9411,99.5515,3.84615e-05,0.203615
94,5640,5974,11,23.1467,99.3475,3.84615e-05,0.203615
94,5640,3633,20,1.06252,-76.1026,3.84615e-05,0.203615
94,5640,3967,84,61.0648,-97.5569,3.84615e-05,0.203615
94,5640,4416,90,33.0435,-103.351,3.84615e-05,0.203615
94,5640,7890,111,26.6152,-79.4526,3.84615e-05,0.203615
94,5640,5466,113,46.6964,14.4617,3.84615e-05,0.203615
94,5640,3142,134,-12.3911,-74.1338,3.84615e-05,0.203615
94,5640,3013,137,58.1067,28.3418,3.84615e-05,0.203615
94,5640,5135,140,55.3006,133.474,3.84615e-05,0.203615
94,5640,6342,140,54.9365,133.838,3.84615e-05,0.203615
94,5640,5933,163,10.9563,-1.35925,3.84615e-05,0.203615
94,5640,1138,179,-85.7365,-41.4388,0.000384615,0.203615
94,5640,1258,179,-85.5958,-41.1197,0.000384615,0.203615
94,5640,1338,179,-86.1819,-40.1659,0.000384615,0.203615
94,5640,1378,179,-86.1763,-36.5304,0.000384615,0.203615
94,5640,1578,179,-86.2706,-38.0613,0.000384615,0.203615
94,5640,2485,181,-9.37695,21.1375,3.84615e-05,0.203615
94,5640,4489,194,-14.3474,37.3629,3.84615e-05,0.203615
95,5700,6343,11,22.1558,107.852,3.84615e-05,0.207269
95,5700,1067,25,5.11597,101.318,0.000384615,0.207269
95,5700,1347,25,5.42678,101.449,0.000384615,0.207269
95,5700,1747,25,5.22029,101.197,0.000384615,0.207269
95,5700,2775,34,-84.1562,113.178,3.84615e-05,0.207269
95,5700,2541,37,23.6808,112.625,3.84615e-05,0.207269
95,5700,6176,42,3.23277,-51.8957,3.84615e-05,0.207269
95,5700,5195,68,13.5589,-13.7679,3.84615e-05,0.207269
95,5700,4874,76,60.0984,-134.201,3.84615e-05,0.207269
95,5700,7058,84,60.9145,-94.4033,3.84615e-05,0.207269
95,5700,4099,113,48.3198,25.4192,3.84615e-05,0.207269
95,5700,7789,116,-26.4424,108.342,3.84615e-05,0.207269
95,5700,3543,134,-10.0197,-72.9866,3.84615e-05,0.207269
95,5700,4586,163,12.4597,7.4216,3.84615e-05,0.207269
95,5700,2777,171,-12.8311,14.1128,3.84615e-05,0.207269
95,5700,4663,171,-13.0972,13.5343,3.84615e-05,0.207269
95,5700,98,179,-84.9463,-27.3945,0.000384615,0.207269
95,5700,498,179,-84.9551,-29.8619,0.000384615,0.207269
95,5700,538,179,-84.5374,-27.337,0.000384615,0.207269
95,5700,1418,179,-84.7904,-30.5863,0.000384615,0.207269
95,5700,1858,179,-84.9392,-21.1604,0.000384615,0.207269
95,5700,2291,181,-9.7486,26.0306,3.84615e-05,0.207269
95,5700,3625,194,-9.33751,38.7231,3.84615e-05,0.207269
96,5760,3839,31,8.23578,-64.2958,3.84615e-05,0.208077
96,5760,5922,31,8.09276,-64.4523,3.84615e-05,0.208077
96,5760,3955,39,80.3039,-61.7203,3.84615e-05,0.208077
96,5760,5486,72,-67.7171,138.986,3.84615e-05,0.208077
96,5760,6349,76,57.9915,-126.445,3.84615e-05,0.208077
96,5760,5117,90,38.1196,-97.5218,3.84615e-05,0.208077
96,5760,5646,92,34.0095,-1.55495,3.84615e-05,0.208077
96,5760,3968,113,48.4692,31.6759,3.84615e-05,0.208077
96,5760,4073,134,-4.42539,-70.8166,3.84615e-05,0.208077
96,5760,5068,163,14.3425,9.84926,3.84615e-05,0.208077
96,5760,458,179,-83.8286,-17.2714,0.000384615,0.208077
96,5760,3188,181,-2.89552,24.2634,3.84615e-05,0.208077
97,5820,4063,31,4.14462,-64.9544,3.84615e-05,0.208462
97,5820,5519,53,44.1187,-90.9318,3.84615e-05,0.208462
97,5820,7456,68,6.36451,-12.5848,3.84615e-05,0.208462
97,5820,2565,76,66.2399,-128.293,3.84615e-05,0.208462
97,5820,4788,78,32.2706,-2.47597,3.84615e-05,0.208462
97,5820,5901,84,65.3444,-71.029,3.84615e-05,0.208462
97,5820,3866,90,38.2365,-89.4379,3.84615e-05,0.208462
97,5820,2101,113,47.7296,32.4871,3.84615e-05,0.208462
97,5820,7849,132,-53.7174,-130.934,3.84615e-05,0.208462
97,5820,3366,163,20.4547,8.7229,3.84615e-05,0.208462
98,5880,6994,5,20.9129,66.3805,3.84615e-05,0.210462
98,5880,4584,16,-29.7025,-67.8535,3.84615e-05,0.210462
98,5880,18,22,-83.1744,-26.7423,0.000384615,0.210462
98,5880,334,40,43.1562,-103.364,0.000384615,0.210462
98,5880,814,40,43.4925,-102.513,0.000384615,0.210462
98,5880,1814,40,43.2142,-103.783,0.000384615,0.210462
98,5880,4382,59,-21.6899,129.078,3.84615e-05,0.210462
98,5880,5843,62,-29.0879,142.53,3.84615e-05,0.210462
98,5880,7998,84,59.9929,-65.7333,3.84615e-05,0.210462
98,5880,3303,90,35.2373,-83.7947,3.84615e-05,0.210462
98,5880,4983,105,-72.1643,63.7473,3.84615e-05,0.210462
98,5880,2446,113,40.3546,34.6562,3.84615e-05,0.210462
98,5880,6245,151,12.9509,-11.8305,3.84615e-05,0.210462
98,5880,2273,163,24.3262,10.815,3.84615e-05,0.210462
98,5880,4212,171,-0.554123,10.9207,3.84615e-05,0.210462
98,5880,7074,189,-54.5295,-23.7759,3.84615e-05,0.210462
99,5940,6797,5,24.521,67.114,3.84615e-05,0.210808
99,5940,5951,46,-20.1153,120.463,3.84615e-05,0.210808
99,5940,3651,53,46.2822,-75.7512,3.84615e-05,0.210808
99,5940,6717,59,-20.3347,133.77,3.84615e-05,0.210808
99,5940,4612,66,55.9118,-71.4084,3.84615e-05,0.210808
99,5940,4647,105,-74.9324,62.611,3.84615e-05,0.210808
99,5940,6423,143,-75.4215,137.462,3.84615e-05,0.210808
99,5940,6041,159,-34.3455,-61.2803,3.84615e-05,0.210808
99,5940,5795,193,-28.6338,30.7837,3.84615e-05,0.210808
100,6000,3903,5,29.2175,66.586,3.84615e-05,0.213
100,6000,343,16,-32.5266,-59.1563,0.000384615,0.213
100,6000,354,53,44.0816,-72.7397,0.000384615,0.213
100,6000,714,53,43.7392,-72.5022,0.000384615,0.213
100,6000,754,53,44.3657,-72.5854,0.000384615,0.213
100,6000,4759,59,-17.9171,134.743,3.84615e-05,0.213
100,6000,4117,62,-25.8102,147.56,3.84615e-05,0.213
100,6000,914,66,46.5845,-69.6492,0.000384615,0.213
100,6000,5649,71,-72.4628,78.494,3.84615e-05,0.213
100,6000,6318,149,64.5354,121.707,3.84615e-05,0.213
100,6000,343,159,-32.5266,-59.1563,0.000384615,0.213
100,6000,3856,174,66.2759,179.93,3.84615e-05,0.213
100,6000,5987,193,-26.8703,31.1237,3.84615e-05,0.213
101,6060,3748,5,29.1427,73.9289,3.84615e-05,0.219577
101,6060,3460,6,65.9588,91.4639,3.84615e-05,0.219577
101,6060,6169,6,65.7884,91.1002,3.84615e-05,0.219577
101,6060,6869,10,15.7845,89.3842,3.84615e-05,0.219577
101,6060,4200,22,-78.8282,52.0492,3.84615e-05,0.219577
101,6060,4209,25,27.4169,103.591,3.84615e-05,0.219577
101,6060,5161,26,58.5559,120.719,3.84615e-05,0.219577
101,6060,3930,40,38.9609,-92.2405,3.84615e-05,0.219577
101,6060,7585,46,-13.6435,119.461,3.84615e-05,0.219577
101,6060,74,53,42.7919,-70.132,0.000384615,0.219577
101,6060,154,53,43.0105,-70.9546,0.000384615,0.219577
101,6060,834,53,43.075,-70.3132,0.000384615,0.219577
101,6060,1194,53,42.7338,-70.5065,0.000384615,0.219577
101,6060,1834,53,43.2066,-70.5748,0.000384615,0.219577
101,6060,5619,59,-18.1194,139.767,3.84615e-05,0.219577
101,6060,3842,62,-23.4701,149.144,3.84615e-05,0.219577
101,6060,2341,78,20.2026,-1.54558,3.84615e-05,0.219577
101,6060,3953,79,-12.428,14.7357,3.84615e-05,0.219577
101,6060,7909,85,35.3479,-1.61833,3.84615e-05,0.219577
101,6060,5367,86,6.0461,23.6937,3.84615e-05,0.219577
101,6060,5668,86,6.09103,24.0185,3.84615e-05,0.219577
101,6060,154,90,43.0105,-70.9546,0.000384615,0.219577
101,6060,1194,90,42.7338,-70.5065,0.000384615,0.219577
101,6060,1674,90,43.076,-71.041,0.000384615,0.219577
101,6060,1834,90,43.2066,-70.5748,0.000384615,0.219577
101,6060,2050,92,24.5514,12.3484,3.84615e-05,0.219577
101,6060,5312,100,79.0689,-88.9921,3.84615e-05,0.219577
101,6060,3718,102,28.4842,63.2571,3.84615e-05,0.219577
101,6060,7333,106,-62.8423,-129.845,3.84615e-05,0.219577
101,6060,3268,113,32.4704,45.4532,3.84615e-05,0.219577
101,6060,5335,113,32.7169,45.8927,3.84615e-05,0.219577
101,6060,5447,121,0.38324,-77.7879,3.84615e-05,0.219577
101,6060,3423,122,37.0003,-82.7279,3.84615e-05,0.219577
101,6060,5354,123,72.3082,-76.3529,3.84615e-05,0.219577
101,6060,2832,124,70.1145,90.2276,3.84615e-05,0.219577
101,6060,4833,124,70.8244,92.2773,3.84615e-05,0.219577
101,6060,6103,124,70.4687,91.2289,3.84615e-05,0.219577
101,6060,2753,125,36.8885,91.7757,3.84615e-05,0.219577
101,6060,3181,125,37.1229,91.9761,3.84615e-05,0.219577
101,6060,6031,128,-73.6105,103.725,3.84615e-05,0.219577
101,6060,6763,134,8.6999,-62.3024,3.84615e-05,0.219577
101,6060,2905,138,20.7259,98.3569,3.84615e-05,0.219577
101,6060,2879,149,61.8465,117.911,3.84615e-05,0.219577
101,6060,2955,151,25.3074,-7.74602,3.84615e-05,0.219577
101,6060,5626,151,24.7838,-7.42754,3.84615e-05,0.219577
101,6060,6266,152,39.7606,29.4785,3.84615e-05,0.219577
101,6060,6086,153,44.1117,76.652,3.84615e-05,0.219577
101,6060,2887,154,25.6853,117.716,3.84615e-05,0.219577
101,6060,143,159,-30.5739,-57.3211,0.000384615,0.219577
101,6060,823,159,-30.9504,-57.258,0.000384615,0.219577
101,6060,943,159,-30.3433,-57.2431,0.000384615,0.219577
101,6060,1263,159,-30.7849,-57.0103,0.000384615,0.219577
101,6060,1343,159,-30.5908,-57.6102,0.000384615,0.219577
101,6060,1423,159,-30.3914,-57.1699,0.000384615,0.219577
101,6060,4784,163,26.1947,20.0392,3.84615e-05,0.219577
101,6060,4136,164,48.4006,57.4025,3.84615e-05,0.219577
101,6060,2443,165,39.2745,111.82,3.84615e-05,0.219577
101,6060,5023,171,7.13927,9.71121,3.84615e-05,0.219577
101,6060,7814,172,43.7895,14.0825,3.84615e-05,0.219577
101,6060,6619,174,64.6062,-173.873,3.84615e-05,0.219577
101,6060,7102,178,-80.3394,166.889,3.84615e-05,0.219577
101,6060,6692,180,-18.5322,15.0184,3.84615e-05,0.219577
101,6060,3331,182,46.7949,50.3235,3.84615e-05,0.219577
101,6060,5014,183,62.6991,104.608,3.84615e-05,0.219577
101,6060,5371,194,14.9148,45.1637,3.84615e-05,0.219577
101,6060,3521,195,44.468,59.1975,3.84615e-05,0.219577
102,6120,3857,5,35.5246,68.013,3.84615e-05,0.220885
102,6120,5178,10,18.6942,95.5166,3.84615e-05,0.220885
102,6120,6495,28,39.8255,-89.1511,3.84615e-05,0.220885
102,6120,2264,31,-11.0614,-64.2923,3.84615e-05,0.220885
102,6120,4466,31,-11.0008,-64.2337,3.84615e-05,0.220885
102,6120,4991,33,-83.1586,-112.835,3.84615e-05,0.220885
102,6120,5127,35,-23.4441,114.157,3.84615e-05,0.220885
102,6120,4575,37,50.1014,114.63,3.84615e-05,0.220885
102,6120,6606,39,57.9815,-66.0073,3.84615e-05,0.220885
102,6120,5515,59,-14.8176,144.455,3.84615e-05,0.220885
102,6120,2381,85,33.7481,1.46832,3.84615e-05,0.220885
102,6120,5744,99,25.8532,-105.898,3.84615e-05,0.220885
102,6120,3906,101,60.1315,63.2144,3.84615e-05,0.220885
102,6120,6632,101,59.9187,64.1498,3.84615e-05,0.220885
102,6120,2806,105,-80.7023,102.959,3.84615e-05,0.220885
102,6120,5883,128,-75.1714,106.174,3.84615e-05,0.220885
102,6120,4942,137,45.3257,75.4554,3.84615e-05,0.220885
102,6120,5275,141,-14.3799,131.704,3.84615e-05,0.220885
102,6120,5956,143,-83.0193,132.85,3.84615e-05,0.220885
102,6120,4499,145,-21.4445,-51.5536,3.84615e-05,0.220885
102,6120,4537,149,60.993,130.323,3.84615e-05,0.220885
102,6120,863,159,-29.484,-56.4662,0.000384615,0.220885
102,6120,3205,180,-16.5559,15.8915,3.84615e-05,0.220885
102,6120,2771,181,15.5464,36.7661,3.84615e-05,0.220885
102,6120,4587,193,-16.1408,36.7187,3.84615e-05,0.220885
103,6180,70,10,17.4759,100.674,0.000384615,0.223077
103,6180,1070,10,17.5872,101.228,0.000384615,0.223077
103,6180,1230,10,17.2314,100.99,0.000384615,0.223077
103,6180,1390,10,17.2019,101.01,0.000384615,0.223077
103,6180,6111,11,46.128,129.13,3.84615e-05,0.223077
103,6180,2867,27,71.2451,-122.896,3.84615e-05,0.223077
103,6180,6605,33,-88.0149,-166.369,3.84615e-05,0.223077
103,6180,7732,36,18.8538,111.777,3.84615e-05,0.223077
103,6180,5601,83,59.2533,-106.091,3.84615e-05,0.223077
103,6180,5152,99,32.6841,-105.581,3.84615e-05,0.223077
103,6180,6503,110,27.7663,-82.3128,3.84615e-05,0.223077
103,6180,5003,133,-14.0437,-72.2652,3.84615e-05,0.223077
103,6180,4851,136,51.8533,27.736,3.84615e-05,0.223077
103,6180,3987,141,-16.5421,137.413,3.84615e-05,0.223077
103,6180,3359,145,-18.5793,-49.0726,3.84615e-05,0.223077
103,6180,5943,145,-18.4884,-49.3929,3.84615e-05,0.223077
103,6180,3130,149,56.5024,130.707,3.84615e-05,0.223077
103,6180,3424,162,11.2203,-4.91658,3.84615e-05,0.223077
103,6180,6133,178,-86.457,107.708,3.84615e-05,0.223077
103,6180,3560,180,-11.1049,19.5622,3.84615e-05,0.223077
103,6180,5208,193,-16.4417,35.1632,3.84615e-05,0.223077
104,6240,3074,7,61.5635,-143.59,3.84615e-05,0.223808
104,6240,2634,10,22.7057,97.7482,3.84615e-05,0.223808
104,6240,6248,41,2.53989,-53.0884,3.84615e-05,0.223808
104,6240,5816,59,-9.57716,148.996,3.84615e-05,0.223808
104,6240,6374,59,-9.43514,148.881,3.84615e-05,0.223808
104,6240,6821,75,57.0721,-144.279,3.84615e-05,0.223808
104,6240,4566,83,61.6926,-96.6166,3.84615e-05,0.223808
104,6240,5605,99,29.5605,-99.533,3.84615e-05,0.223808
104,6240,6497,109,58.3509,-121.606,3.84615e-05,0.223808
104,6240,5707,112,45.8693,17.8011,3.84615e-05,0.223808
104,6240,4111,133,-11.3919,-70.3347,3.84615e-05,0.223808
104,6240,4337,136,51.756,33.3745,3.84615e-05,0.223808
104,6240,5918,139,-16.6317,130.776,3.84615e-05,0.223808
104,6240,6109,162,13.5837,-0.12616,3.84615e-05,0.223808
104,6240,2747,180,-9.08866,22.9092,3.84615e-05,0.223808
104,6240,2962,193,-10.6541,36.6605,3.84615e-05,0.223808
104,6240,3753,193,-10.5555,37.2087,3.84615e-05,0.223808
104,6240,5084,193,-10.1124,36.4773,3.84615e-05,0.223808
104,6240,5050,196,66.8117,149.738,3.84615e-05,0.223808
105,6300,147,24,6.73179,101.896,0.000384615,0.227654
105,6300,307,24,6.4314,101.884,0.000384615,0.227654
105,6300,427,24,6.89799,101.915,0.000384615,0.227654
105,6300,587,24,7.00751,101.944,0.000384615,0.227654
105,6300,867,24,6.36576,101.743,0.000384615,0.227654
105,6300,1307,24,7.00607,101.575,0.000384615,0.227654
105,6300,1827,24,7.13181,101.552,0.000384615,0.227654
105,6300,619,30,10.9745,-67.4281,0.000384615,0.227654
105,6300,7768,35,-12.9453,119.725,3.84615e-05,0.227654
105,6300,4392,75,61.1138,-138.404,3.84615e-05,0.227654
105,6300,5334,75,60.4851,-138.131,3.84615e-05,0.227654
105,6300,2597,109,60.4027,-110.358,3.84615e-05,0.227654
105,6300,4546,112,49.2771,27.1008,3.84615e-05,0.227654
105,6300,4873,133,-11.9138,-68.9983,3.84615e-05,0.227654
105,6300,5578,133,-11.8993,-68.3952,3.84615e-05,0.227654
105,6300,1503,160,-32.3932,-54.3514,0.000384615,0.227654
105,6300,4060,162,16.8953,1.4194,3.84615e-05,0.227654
105,6300,5269,178,-82.6252,19.2934,3.84615e-05,0.227654
105,6300,2243,180,-5.78088,18.3482,3.84615e-05,0.227654
106,6360,347,24,7.66578,102.038,0.000384615,0.229692
106,6360,547,24,7.53506,101.9,0.000384615,0.229692
106,6360,987,24,7.04988,102.043,0.000384615,0.229692
106,6360,1467,24,7.93798,101.87,0.000384615,0.229692
106,6360,3562,30,9.201,-67.0211,3.84615e-05,0.229692
106,6360,2089,38,78.203,-59.4001,3.84615e-05,0.229692
106,6360,6527,58,-25.7804,122.313,3.84615e-05,0.229692
106,6360,6537,67,11.1761,-15.3515,3.84615e-05,0.229692
106,6360,6600,75,61.7336,-125.729,3.84615e-05,0.229692
106,6360,4425,91,34.0748,-4.49153,3.84615e-05,0.229692
106,6360,5444,99,32.4123,-93.0572,3.84615e-05,0.229692
106,6360,4075,109,64.7263,-107.503,3.84615e-05,0.229692
106,6360,4593,133,-3.42701,-70.9525,3.84615e-05,0.229692
106,6360,4128,162,14.4874,5.54231,3.84615e-05,0.229692
106,6360,4924,178,-80.8756,16.1373,3.84615e-05,0.229692
106,6360,2583,180,-1.15451,23.1041,3.84615e-05,0.229692
106,6360,6340,180,-1.20139,23.4048,3.84615e-05,0.229692
107,6420,6068,21,-82.4737,-36.662,3.84615e-05,0.230077
107,6420,5345,52,49.5865,-89.1414,3.84615e-05,0.230077
107,6420,5258,75,66.2874,-131.491,3.84615e-05,0.230077
107,6420,5656,77,30.1866,-5.41478,3.84615e-05,0.230077
107,6420,5500,99,35.125,-89.1989,3.84615e-05,0.230077
107,6420,4795,104,-69.7902,56.8913,3.84615e-05,0.230077
107,6420,5310,148,74.3985,101.893,3.84615e-05,0.230077
107,6420,5574,162,20.4604,3.35399,3.84615e-05,0.230077
107,6420,6081,162,20.9564,3.39369,3.84615e-05,0.230077
107,6420,2479,180,3.15576,24.1343,3.84615e-05,0.230077
108,6480,7499,4,19.5292,70.843,3.84615e-05,0.230538
108,6480,5009,15,-32.6876,-65.5651,3.84615e-05,0.230538
108,6480,5350,21,-84.0316,-7.88103,3.84615e-05,0.230538
108,6480,5930,52,47.9919,-83.9303,3.84615e-05,0.230538
108,6480,6156,58,-22.1225,127.505,3.84615e-05,0.230538
108,6480,5163,70,-68.6603,57.3937,3.84615e-05,0.230538
108,6480,3323,99,37.1986,-84.2222,3.84615e-05,0.230538
108,6480,5890,108,37.2119,-113.987,3.84615e-05,0.230538
108,6480,6437,150,17.4897,-14.6535,3.84615e-05,0.230538
108,6480,3027,162,18.6237,11.8275,3.84615e-05,0.230538
108,6480,4596,162,18.2397,12.0987,3.84615e-05,0.230538
108,6480,4670,170,-1.55237,10.2606,3.84615e-05,0.230538
109,6540,4959,4,25.8517,71.0048,3.84615e-05,0.232346
109,6540,6541,4,25.5264,71.0772,3.84615e-05,0.232346
109,6540,5249,15,-32.8358,-64.1873,3.84615e-05,0.232346
109,6540,7826,16,-47.9884,-21.5114,3.84615e-05,0.232346
109,6540,4393,49,40.623,-100.182,3.84615e-05,0.232346
109,6540,3329,52,46.4491,-79.5289,3.84615e-05,0.232346
109,6540,5996,58,-18.5908,128.716,3.84615e-05,0.232346
109,6540,3707,61,-28.4317,148.574,3.84615e-05,0.232346
109,6540,5416,65,47.3285,-71.2502,3.84615e-05,0.232346
109,6540,6105,104,-74.4563,62.619,3.84615e-05,0.232346
109,6540,3401,121,32.3732,-82.1005,3.84615e-05,0.232346
109,6540,6702,142,-74.5792,133.129,3.84615e-05,0.232346
109,6540,583,144,-31.6519,-55.1724,0.000384615,0.232346
109,6540,623,144,-31.7272,-55.3964,0.000384615,0.232346
109,6540,1383,144,-31.3817,-55.1001,0.000384615,0.232346
109,6540,5249,158,-32.8358,-64.1873,3.84615e-05,0.232346
109,6540,3590,162,27.0014,12.6972,3.84615e-05,0.232346
109,6540,6714,162,26.908,12.8743,3.84615e-05,0.232346
109,6540,5508,170,0.766396,9.83301,3.84615e-05,0.232346
109,6540,5402,173,65.9153,177.667,3.84615e-05,0.232346
109,6540,6598,192,-26.141,28.9121,3.84615e-05,0.232346
110,6600,4359,4,30.5604,65.6799,3.84615e-05,0.233462
110,6600,4775,4,30.0428,65.8656,3.84615e-05,0.233462
110,6600,5451,49,38.4027,-91.613,3.84615e-05,0.233462
110,6600,3574,58,-19.2501,136.572,3.84615e-05,0.233462
110,6600,4362,61,-27.7084,150.322,3.84615e-05,0.233462
110,6600,6628,65,48.8169,-71.3949,3.84615e-05,0.233462
110,6600,7168,135,56.678,3.82755,3.84615e-05,0.233462
110,6600,1623,158,-31.1184,-58.3337,0.000384615,0.233462
110,6600,1983,158,-31.3899,-58.8228,0.000384615,0.233462
110,6600,5781,189,-20.9471,16.4078,3.84615e-05,0.233462
110,6600,6465,192,-23.9085,28.5183,3.84615e-05,0.233462
111,6660,4599,4,33.3996,71.6464,3.84615e-05,0.235923
111,6660,2845,5,67.863,90.1416,3.84615e-05,0.235923
111,6660,6027,5,67.9683,90.2242,3.84615e-05,0.235923
111,6660,5397,10,43.0283,119.588,3.84615e-05,0.235923
111,6660,5427,10,42.3448,119.593,3.84615e-05,0.235923
111,6660,5378,21,-73.2543,49.5401,3.84615e-05,0.235923
111,6660,2091,24,29.1945,98.55,3.84615e-05,0.235923
111,6660,6431,25,62.4192,109.534,3.84615e-05,0.235923
111,6660,5038,41,-15.7477,-40.6986,3.84615e-05,0.235923
111,6660,4789,49,38.9944,-85.5646,3.84615e-05,0.235923
111,6660,5524,52,39.0119,-77.0396,3.84615e-05,0.235923
111,6660,6648,58,-14.5073,133.383,3.84615e-05,0.235923
111,6660,6400,61,-23.5733,148.356,3.84615e-05,0.235923
111,6660,2506,77,15.87,-4.96136,3.84615e-05,0.235923
111,6660,2016,78,-13.1603,14.8598,3.84615e-05,0.235923
111,6660,4183,84,36.2977,4.44749,3.84615e-05,0.235923
111,6660,3240,85,3.8191,19.5842,3.84615e-05,0.235923
111,6660,3196,92,0.16478,39.5079,3.84615e-05,0.235923
111,6660,5735,100,62.2814,63.518,3.84615e-05,0.235923
111,6660,6143,100,62.435,62.3331,3.84615e-05,0.235923
111,6660,6659,100,62.1965,63.6042,3.84615e-05,0.235923
111,6660,3493,112,31.2067,45.1285,3.84615e-05,0.235923
111,6660,5408,112,31.0653,44.5898,3.84615e-05,0.235923
111,6660,3654,121,37.512,-83.1431,3.84615e-05,0.235923
111,6660,2845,123,67.863,90.1416,3.84615e-05,0.235923
111,6660,6027,123,67.9683,90.2242,3.84615e-05,0.235923
111,6660,2062,124,33.8096,95.1117,3.84615e-05,0.235923
111,6660,6682,127,-71.5799,126.692,3.84615e-05,0.235923
111,6660,5268,133,10.0048,-63.3949,3.84615e-05,0.235923
111,6660,4079,136,46.8615,69.3303,3.84615e-05,0.235923
111,6660,5186,137,16.6053,97.9902,3.84615e-05,0.235923
111,6660,5648,144,-23.9436,-53.8271,3.84615e-05,0.235923
111,6660,6693,148,60.2116,127.027,3.84615e-05,0.235923
111,6660,3241,150,26.2402,-7.45572,3.84615e-05,0.235923
111,6660,6199,150,26.1623,-7.55119,3.84615e-05,0.235923
111,6660,4278,151,45.9987,27.6762,3.84615e-05,0.235923
111,6660,6148,152,41.6815,78.8558,3.84615e-05,0.235923
111,6660,5020,153,25.9023,116.129,3.84615e-05,0.235923
111,6660,1183,158,-30.2887,-56.6858,0.000384615,0.235923
111,6660,1703,158,-30.2478,-56.4961,0.000384615,0.235923
111,6660,4700,162,27.7138,21.3763,3.84615e-05,0.235923
111,6660,2040,163,49.606,56.547,3.84615e-05,0.235923
111,6660,4452,164,44.1088,114.317,3.84615e-05,0.235923
111,6660,2940,180,12.0338,33.6972,3.84615e-05,0.235923
111,6660,5776,182,62.0428,113.178,3.84615e-05,0.235923
111,6660,5290,189,-18.1127,18.3818,3.84615e-05,0.235923
111,6660,3372,193,13.5909,41.4728,3.84615e-05,0.235923
111,6660,4178,193,13.3179,41.3001,3.84615e-05,0.235923
111,6660,2040,194,49.606,56.547,3.84615e-05,0.235923
112,6720,3716,4,37.4272,68.7657,3.84615e-05,0.236654
112,6720,3596,26,69.6253,-124.602,3.84615e-05,0.236654
112,6720,3211,30,-12.6497,-65.1142,3.84615e-05,0.236654
112,6720,4863,36,48.8923,107.072,3.84615e-05,0.236654
112,6720,5651,38,56.6656,-67.5725,3.84615e-05,0.236654
112,6720,7348,61,-19.9543,148.764,3.84615e-05,0.236654
112,6720,2342,84,32.8225,6.30453,3.84615e-05,0.236654
112,6720,4081,91,19.118,16.5241,3.84615e-05,0.236654
112,6720,2841,101,22.4993,57.2067,3.84615e-05,0.236654
112,6720,4298,104,-82.9171,102.067,3.84615e-05,0.236654
112,6720,6592,109,82.3927,-78.1304,3.84615e-05,0.236654
112,6720,4592,122,77.8258,-55.6034,3.84615e-05,0.236654
112,6720,3144,127,-78.5872,117.767,3.84615e-05,0.236654
112,6720,3763,148,56.8336,127.522,3.84615e-05,0.236654
112,6720,3298,158,-23.8053,-59.6999,3.84615e-05,0.236654
112,6720,4401,170,16.5035,5.64011,3.84615e-05,0.236654
112,6720,2714,181,49.9428,52.8732,3.84615e-05,0.236654
112,6720,4235,189,-12.4881,16.5191,3.84615e-05,0.236654
112,6720,5779,192,-15.225,36.2793,3.84615e-05,0.236654
113,6780,4947,4,39.5962,74.0898,3.84615e-05,0.237269
113,6780,4025,19,22.7098,95.9277,3.84615e-05,0.237269
113,6780,5221,27,33.9176,-87.1306,3.84615e-05,0.237269
113,6780,4100,35,19.8306,110.352,3.84615e-05,0.237269
113,6780,7567,45,-5.047,124.13,3.84615e-05,0.237269
113,6780,4906,82,61.8951,-102.123,3.84615e-05,0.237269
113,6780,4243,84,26.6236,3.92126,3.84615e-05,0.237269
113,6780,5803,84,26.7866,3.39474,3.84615e-05,0.237269
113,6780,5341,135,56.2436,26.3575,3.84615e-05,0.237269
113,6780,3934,140,-17.0141,129.048,3.84615e-05,0.237269
113,6780,3383,148,53.2677,123.268,3.84615e-05,0.237269
113,6780,5729,158,-25.2616,-52.9948,3.84615e-05,0.237269
113,6780,6488,158,-25.7897,-52.9214,3.84615e-05,0.237269
113,6780,2913,161,12.0886,-4.86497,3.84615e-05,0.237269
113,6780,4037,189,-10.9107,20.349,3.84615e-05,0.237269
113,6780,4254,192,-13.3347,33.5775,3.84615e-05,0.237269
114,6840,5980,6,61.0691,-144.051,3.84615e-05,0.240231
114,6840,5791,19,27.1083,96.3587,3.84615e-05,0.240231
114,6840,4512,32,-83.9867,120.385,3.84615e-05,0.240231
114,6840,139,39,11.6469,-69.7303,0.000384615,0.240231
114,6840,219,39,11.4003,-69.5688,0.000384615,0.240231
114,6840,699,39,11.4965,-69.1681,0.000384615,0.240231
114,6840,819,39,11.3947,-69.7067,0.000384615,0.240231
114,6840,1219,39,11.4801,-69.6009,0.000384615,0.240231
114,6840,1859,39,11.3643,-69.1342,0.000384615,0.240231
114,6840,6397,40,3.39571,-55.3557,3.84615e-05,0.240231
114,6840,3466,82,62.2624,-100.255,3.84615e-05,0.240231
114,6840,3163,84,26.4889,11.5041,3.84615e-05,0.240231
114,6840,6455,98,35.5274,-104.621,3.84615e-05,0.240231
114,6840,6018,108,60.2281,-114.098,3.84615e-05,0.240231
114,6840,7153,119,32.1748,-79.8133,3.84615e-05,0.240231
114,6840,3705,132,-12.3337,-72.7134,3.84615e-05,0.240231
114,6840,6554,138,-17.4794,129.866,3.84615e-05,0.240231
114,6840,4579,140,-18.6356,135.264,3.84615e-05,0.240231
114,6840,5055,161,12.7862,-4.80739,3.84615e-05,0.240231
114,6840,2192,171,60.4847,10.5298,3.84615e-05,0.240231
114,6840,3740,189,-5.76427,16.7101,3.84615e-05,0.240231
114,6840,3917,192,-9.57343,33.2149,3.84615e-05,0.240231
114,6840,3601,195,66.4286,148.458,3.84615e-05,0.240231
115,6900,5713,19,28.2,97.9534,3.84615e-05,0.240615
115,6900,2772,32,-79.8385,123.651,3.84615e-05,0.240615
115,6900,5060,37,80.4355,-58.0077,3.84615e-05,0.240615
115,6900,6294,64,50.6406,-94.0753,3.84615e-05,0.240615
115,6900,3362,98,37.2492,-101.699,3.84615e-05,0.240615
115,6900,3865,108,60.0056,-109.068,3.84615e-05,0.240615
115,6900,2820,132,-3.80074,-74.0869,3.84615e-05,0.240615
115,6900,3477,161,18.0424,-1.8362,3.84615e-05,0.240615
115,6900,4588,177,-79.9446,-0.256058,3.84615e-05,0.240615
115,6900,5353,192,-5.32352,36.7184,3.84615e-05,0.240615
116,6960,5303,19,30.936,103.841,3.84615e-05,0.240962
116,6960,7610,23,12.4457,95.105,3.84615e-05,0.240962
116,6960,7453,34,-3.8429,110.513,3.84615e-05,0.240962
116,6960,6241,74,64.2386,-127.763,3.84615e-05,0.240962
116,6960,4446,98,39.5784,-97.6331,3.84615e-05,0.240962
116,6960,3306,108,64.3176,-110.17,3.84615e-05,0.240962
116,6960,5002,111,47.7642,28.7067,3.84615e-05,0.240962
116,6960,2175,132,-3.17007,-73.7408,3.84615e-05,0.240962
116,6960,4284,161,14.9131,4.62592,3.84615e-05,0.240962
117,7020,3416,23,15.3813,100.317,3.84615e-05,0.241346
117,7020,2254,34,-0.739403,115.461,3.84615e-05,0.241346
117,7020,3510,74,68.7811,-122.921,3.84615e-05,0.241346
117,7020,3003,76,29.8245,-5.01651,3.84615e-05,0.241346
117,7020,2846,90,33.7024,3.89427,3.84615e-05,0.241346
117,7020,6597,98,40.0346,-93.187,3.84615e-05,0.241346
117,7020,4403,103,-70.6568,54.7929,3.84615e-05,0.241346
117,7020,4543,103,-70.5766,54.0923,3.84615e-05,0.241346
117,7020,6274,111,46.4905,32.4604,3.84615e-05,0.241346
117,7020,2125,161,17.4099,8.09209,3.84615e-05,0.241346
118,7080,7899,3,21.857,66.4279,3.84615e-05,0.243615
118,7080,3923,20,-79.3743,2.53459,3.84615e-05,0.243615
118,7080,5323,48,41.5796,-103.496,3.84615e-05,0.243615
118,7080,5881,64,49.759,-74.5144,3.84615e-05,0.243615
118,7080,3993,74,69.6149,-120.327,3.84615e-05,0.243615
118,7080,2958,76,24.5074,-8.12796,3.84615e-05,0.243615
118,7080,5405,111,40.7552,38.1348,3.84615e-05,0.243615
118,7080,3175,120,30.2151,-85.6795,3.84615e-05,0.243615
118,7080,284,149,-1.571,126.187,0.000384615,0.243615
118,7080,364,149,-2.2048,126.174,0.000384615,0.243615
118,7080,444,149,-1.78024,126.633,0.000384615,0.243615
118,7080,924,149,-1.6422,126.978,0.000384615,0.243615
118,7080,1844,149,-1.6647,126.662,0.000384615,0.243615
118,7080,2599,161,24.1696,4.32356,3.84615e-05,0.243615
119,7140,3450,3,27.2686,60.7293,3.84615e-05,0.247692
119,7140,4373,20,-80.3826,44.2451,3.84615e-05,0.247692
119,7140,5639,51,40.2185,-83.5672,3.84615e-05,0.247692
119,7140,6743,64,53.4879,-67.2128,3.84615e-05,0.247692
119,7140,5392,74,63.7557,-108.666,3.84615e-05,0.247692
119,7140,5222,98,38.2002,-81.6094,3.84615e-05,0.247692
119,7140,5244,103,-78.0941,79.5898,3.84615e-05,0.247692
119,7140,141,107,42.7888,-117.358,0.000384615,0.247692
119,7140,301,107,42.8027,-117.798,0.000384615,0.247692
119,7140,381,107,42.6279,-117.847,0.000384615,0.247692
119,7140,461,107,42.8932,-117.831,0.000384615,0.247692
119,7140,1181,107,43.1375,-118.111,0.000384615,0.247692
119,7140,1261,107,43.2353,-117.985,0.000384615,0.247692
119,7140,1621,107,42.9458,-117.94,0.000384615,0.247692
119,7140,1661,107,42.9569,-118.108,0.000384615,0.247692
119,7140,1941,107,42.5159,-117.383,0.000384615,0.247692
119,7140,3709,111,39.7003,41.976,3.84615e-05,0.247692
119,7140,4092,120,32.4006,-87.0541,3.84615e-05,0.247692
119,7140,5514,141,-77.2756,131.843,3.84615e-05,0.247692
119,7140,6689,147,67.5971,107.145,3.84615e-05,0.247692
119,7140,2424,159,17.5498,-9.22673,3.84615e-05,0.247692
119,7140,5088,161,25.0148,13.5103,3.84615e-05,0.247692
119,7140,3746,172,67.6861,173.223,3.84615e-05,0.247692
119,7140,6675,179,6.78904,6.16925,3.84615e-05,0.247692
119,7140,5342,191,-26.3082,26.9382,3.84615e-05,0.247692
120,7200,4311,3,30.4866,63.611,3.84615e-05,0.250038
120,7200,5063,3,30.7626,63.8923,3.84615e-05,0.250038
120,7200,5774,51,45.0497,-75.4935,3.84615e-05,0.250038
120,7200,4606,57,-18.3264,135.796,3.84615e-05,0.250038
120,7200,3638,60,-23.0637,144.68,3.84615e-05,0.250038
120,7200,5467,98,39.9848,-77.0169,3.84615e-05,0.250038
120,7200,101,107,42.8611,-116.169,0.000384615,0.250038
120,7200,181,107,43.2172,-116.249,0.000384615,0.250038
120,7200,341,107,42.9629,-116.437,0.000384615,0.250038
120,7200,661,107,42.5783,-115.837,0.000384615,0.250038
120,7200,1221,107,42.5618,-116.241,0.000384615,0.250038
120,7200,2080,111,36.9816,41.7578,3.84615e-05,0.250038
120,7200,5391,147,62.7586,126.266,3.84615e-05,0.250038
120,7200,4339,157,-27.5821,-62.6005,3.84615e-05,0.250038
120,7200,5957,179,9.4944,-0.0410767,3.84615e-05,0.250038
120,7200,5868,191,-21.6925,26.82,3.84615e-05,0.250038
121,7260,7836,2,-0.147041,54.9955,3.84615e-05,0.256692
121,7260,2819,3,35.0785,62.6804,3.84615e-05,0.256692
121,7260,4698,4,68.0161,92.7932,3.84615e-05,0.256692
121,7260,6265,4,68.1701,93.6973,3.84615e-05,0.256692
121,7260,6914,18,19.2851,87.6516,3.84615e-05,0.256692
121,7260,4418,19,44.0104,120.705,3.84615e-05,0.256692
121,7260,6741,20,-72.1175,51.8157,3.84615e-05,0.256692
121,7260,4290,23,31.4917,96.7757,3.84615e-05,0.256692
121,7260,6699,23,31.4253,96.6584,3.84615e-05,0.256692
121,7260,6624,24,62.1486,120.819,3.84615e-05,0.256692
121,7260,7039,25,72.2243,-135.424,3.84615e-05,0.256692
121,7260,4966,26,41.8024,-97.7834,3.84615e-05,0.256692
121,7260,157,34,12.9397,106.42,0.000384615,0.256692
121,7260,237,34,13.0742,106.983,0.000384615,0.256692
121,7260,277,34,12.3214,106.708,0.000384615,0.256692
121,7260,397,34,13.0591,106.934,0.000384615,0.256692
121,7260,437,34,12.4132,106.968,0.000384615,0.256692
121,7260,1157,34,12.3548,106.602,0.000384615,0.256692
121,7260,1317,34,12.3035,106.846,0.000384615,0.256692
121,7260,1917,34,12.2971,106.683,0.000384615,0.256692
121,7260,1957,34,13.082,106.621,0.000384615,0.256692
121,7260,5428,34,12.6794,106.533,3.84615e-05,0.256692
121,7260,2936,35,47.4893,102.423,3.84615e-05,0.256692
121,7260,3765,39,-11.2178,-65.4667,3.84615e-05,0.256692
121,7260,5316,40,-17.4056,-40.9879,3.84615e-05,0.256692
121,7260,7273,51,37.1271,-75.8467,3.84615e-05,0.256692
121,7260,6520,57,-14.344,132.712,3.84615e-05,0.256692
121,7260,3699,60,-21.6415,146.195,3.84615e-05,0.256692
121,7260,2798,76,16.1251,-7.22902,3.84615e-05,0.256692
121,7260,4485,77,-13.9518,13.1683,3.84615e-05,0.256692
121,7260,3023,90,27.4472,14.149,3.84615e-05,0.256692
121,7260,3583,100,23.9759,54.2797,3.84615e-05,0.256692
121,7260,2034,111,30.5159,42.9225,3.84615e-05,0.256692
121,7260,2809,111,30.4544,42.8616,3.84615e-05,0.256692
121,7260,4174,120,36.7253,-79.9028,3.84615e-05,0.256692
121,7260,2484,122,68.1512,66.0727,3.84615e-05,0.256692
121,7260,3375,123,35.245,91.9915,3.84615e-05,0.256692
121,7260,4829,123,35.1899,91.6606,3.84615e-05,0.256692
121,7260,6202,126,-75.3151,117.005,3.84615e-05,0.256692
121,7260,5709,135,39.8148,67.249,3.84615e-05,0.256692
121,7260,5248,136,16.5695,98.8437,3.84615e-05,0.256692
121,7260,5749,143,-24.8261,-49.9264,3.84615e-05,0.256692
121,7260,4975,147,60.158,114.679,3.84615e-05,0.256692
121,7260,6538,150,39.8296,30.7102,3.84615e-05,0.256692
121,7260,3921,151,45.8661,80.2819,3.84615e-05,0.256692
121,7260,3649,152,25.1421,115.122,3.84615e-05,0.256692
121,7260,3296,157,-23.2143,-63.7026,3.84615e-05,0.256692
121,7260,4171,162,49.1992,55.4581,3.84615e-05,0.256692
121,7260,952,163,37.7837,110.848,0.000384615,0.256692
121,7260,1072,163,37.6231,110.132,0.000384615,0.256692
121,7260,1552,163,37.5842,110.455,0.000384615,0.256692
121,7260,1872,163,37.8466,111.082,0.000384615,0.256692
121,7260,6235,179,13.1171,0.984924,3.84615e-05,0.256692
121,7260,4087,180,47.9326,48.3024,3.84615e-05,0.256692
121,7260,4483,188,-15.9008,17.2387,3.84615e-05,0.256692
121,7260,6056,192,12.5153,42.4359,3.84615e-05,0.256692
121,7260,4171,193,49.1992,55.4581,3.84615e-05,0.256692
122,7320,4287,3,36.0462,66.3655,3.84615e-05,0.257423
122,7320,6850,18,17.1788,93.5757,3.84615e-05,0.257423
122,7320,6727,38,19.9067,-70.5268,3.84615e-05,0.257423
122,7320,5624,48,32.1947,-88.0348,3.84615e-05,0.257423
122,7320,5630,81,60.8053,-107.055,3.84615e-05,0.257423
122,7320,3731,83,33.0371,5.3119,3.84615e-05,0.257423
122,7320,2279,84,1.13338,17.8143,3.84615e-05,0.257423
122,7320,2825,109,53.7739,50.3595,3.84615e-05,0.257423
122,7320,3491,109,53.7696,50.8412,3.84615e-05,0.257423
122,7320,5139,109,53.3738,49.783,3.84615e-05,0.257423
122,7320,4653,121,78.9164,-64.0972,3.84615e-05,0.257423
122,7320,2764,126,-78.1829,100.109,3.84615e-05,0.257423
122,7320,2520,143,-21.2816,-55.2661,3.84615e-05,0.257423
122,7320,4984,147,56.6219,114.829,3.84615e-05,0.257423
122,7320,4457,157,-22.8887,-60.9558,3.84615e-05,0.257423
122,7320,2336,159,23.1619,-3.94325,3.84615e-05,0.257423
122,7320,6140,181,65.4522,123.691,3.84615e-05,0.257423
122,7320,5080,188,-12.906,17.2089,3.84615e-05,0.257423
122,7320,5368,191,-15.7655,31.1179,3.84615e-05,0.257423
123,7380,4806,3,37.7635,71.2502,3.84615e-05,0.258077
123,7380,5911,5,59.9564,-161.191,3.84615e-05,0.258077
123,7380,4846,48,31.8532,-84.1855,3.84615e-05,0.258077
123,7380,4344,81,62.4575,-102.229,3.84615e-05,0.258077
123,7380,2745,83,26.8378,0.808746,3.84615e-05,0.258077
123,7380,4552,97,29.1376,-104.614,3.84615e-05,0.258077
123,7380,7575,118,29.8724,-83.9876,3.84615e-05,0.258077
123,7380,3977,126,-79.2736,112.689,3.84615e-05,0.258077
123,7380,5979,134,57.2928,27.6835,3.84615e-05,0.258077
123,7380,3924,157,-19.7758,-54.0316,3.84615e-05,0.258077
123,7380,5674,160,12.8463,-6.45427,3.84615e-05,0.258077
123,7380,7780,161,38.6604,24.4167,3.84615e-05,0.258077
123,7380,2417,170,58.0339,7.88696,3.84615e-05,0.258077
123,7380,2548,188,-7.18153,15.026,3.84615e-05,0.258077
123,7380,3534,188,-7.08351,15.1638,3.84615e-05,0.258077
123,7380,3503,189,23.2026,29.3258,3.84615e-05,0.258077
123,7380,5245,191,-11.5777,32.7273,3.84615e-05,0.258077
124,7440,6614,3,45.6191,68.4752,3.84615e-05,0.259269
124,7440,4730,31,-81.0324,134.597,3.84615e-05,0.259269
124,7440,244,44,-2.97888,128.113,0.000384615,0.259269
124,7440,1884,44,-2.91603,127.704,0.000384615,0.259269
124,7440,6358,73,60.6381,-145.932,3.84615e-05,0.259269
124,7440,2742,83,23.5985,2.09769,3.84615e-05,0.259269
124,7440,3780,97,36.2285,-105.506,3.84615e-05,0.259269
124,7440,5635,118,34.3747,-79.7085,3.84615e-05,0.259269
124,7440,6230,131,-7.14863,-76.2823,3.84615e-05,0.259269
124,7440,6473,134,54.8229,34.9153,3.84615e-05,0.259269
124,7440,2815,157,-20.4698,-49.0726,3.84615e-05,0.259269
124,7440,2477,188,-4.2725,15.5092,3.84615e-05,0.259269
124,7440,4424,191,-6.08987,33.7859,3.84615e-05,0.259269
125,7500,3307,18,30.1204,99.8213,3.84615e-05,0.260577
125,7500,3770,31,-78.0557,113.041,3.84615e-05,0.260577
125,7500,6196,36,77.7441,-64.0715,3.84615e-05,0.260577
125,7500,644,44,-1.54262,125.413,0.000384615,0.260577
125,7500,901,47,44.7242,-116.67,0.000384615,0.260577
125,7500,3464,49,-0.440018,-53.506,3.84615e-05,0.260577
125,7500,5806,73,60.986,-130.615,3.84615e-05,0.260577
125,7500,3280,83,25.0358,10.562,3.84615e-05,0.260577
125,7500,5780,97,34.1135,-95.3566,3.84615e-05,0.260577
125,7500,3580,103,-78.3592,-128.584,3.84615e-05,0.260577
125,7500,5218,107,65.1069,-112.836,3.84615e-05,0.260577
125,7500,5506,131,-3.91013,-75.5107,3.84615e-05,0.260577
125,7500,6788,149,-26.9127,133.171,3.84615e-05,0.260577
125,7500,3155,160,19.8653,-0.796646,3.84615e-05,0.260577
125,7500,3126,188,-0.683273,17.9955,3.84615e-05,0.260577
125,7500,3509,191,-2.85223,33.7192,3.84615e-05,0.260577
126,7560,3066,18,33.6715,101.665,3.84615e-05,0.261192
126,7560,4989,18,33.2759,101.612,3.84615e-05,0.261192
126,7560,7648,22,15.1769,97.5743,3.84615e-05,0.261192
126,7560,2957,33,-1.75325,113.661,3.84615e-05,0.261192
126,7560,7722,57,4.40603,145.119,3.84615e-05,0.261192
126,7560,2292,73,66.6012,-133.279,3.84615e-05,0.261192
126,7560,3981,83,18.6755,12.6626,3.84615e-05,0.261192
126,7560,6032,97,35.2143,-94.0946,3.84615e-05,0.261192
126,7560,5542,99,32.0025,-5.87907,3.84615e-05,0.261192
126,7560,5499,107,68.4273,-126.711,3.84615e-05,0.261192
126,7560,5738,110,47.348,29.1178,3.84615e-05,0.261192
126,7560,4641,131,0.107574,-73.0207,3.84615e-05,0.261192
126,7560,7256,148,7.23416,123.58,3.84615e-05,0.261192
126,7560,3852,160,23.0647,0.933273,3.84615e-05,0.261192
126,7560,2729,188,-0.80925,21.3131,3.84615e-05,0.261192
126,7560,3552,194,64.4985,170.413,3.84615e-05,0.261192
127,7620,7459,2,20.892,58.8557,3.84615e-05,0.261731
127,7620,5001,33,-1.31268,111.593,3.84615e-05,0.261731
127,7620,6150,47,41.8533,-105.884,3.84615e-05,0.261731
127,7620,7050,57,6.53778,145.692,3.84615e-05,0.261731
127,7620,4481,73,68.6681,-119.32,3.84615e-05,0.261731
127,7620,4082,75,28.116,-5.80125,3.84615e-05,0.261731
127,7620,3413,83,14.5774,13.6446,3.84615e-05,0.261731
127,7620,6121,99,30.0523,0.658096,3.84615e-05,0.261731
127,7620,3288,108,71.4666,55.6203,3.84615e-05,0.261731
127,7620,7347,110,44.0128,35.0871,3.84615e-05,0.261731
127,7620,2207,131,-0.707458,-68.8102,3.84615e-05,0.261731
127,7620,4385,146,73.231,97.7812,3.84615e-05,0.261731
127,7620,3779,160,19.9941,6.14621,3.84615e-05,0.261731
127,7620,7845,168,-26.0032,-48.3581,3.84615e-05,0.261731
128,7680,3914,2,25.1537,60.334,3.84615e-05,0.263577
128,7680,6774,29,-77.5772,25.8852,3.84615e-05,0.263577
128,7680,4750,47,40.0907,-103.892,3.84615e-05,0.263577
128,7680,6785,69,-26.0189,137.429,3.84615e-05,0.263577
128,7680,4635,75,24.3737,-6.43155,3.84615e-05,0.263577
128,7680,741,106,41.4807,-118.285,0.000384615,0.263577
128,7680,941,106,41.5194,-117.811,0.000384615,0.263577
128,7680,1701,106,41.5075,-117.778,0.000384615,0.263577
128,7680,1901,106,41.4661,-118.62,0.000384615,0.263577
128,7680,5370,110,39.6512,38.9018,3.84615e-05,0.263577
128,7680,6333,129,31.3908,-86.913,3.84615e-05,0.263577
128,7680,4000,160,21.6377,9.62691,3.84615e-05,0.263577
129,7740,4195,2,26.7782,60.2436,3.84615e-05,0.266808
129,7740,4428,22,23.9163,98.7467,3.84615e-05,0.266808
129,7740,4542,29,-79.2697,47.8609,3.84615e-05,0.266808
129,7740,5360,30,-77.6112,-101.346,3.84615e-05,0.266808
129,7740,4144,50,43.8709,-79.0823,3.84615e-05,0.266808
129,7740,6320,69,-22.8912,140.782,3.84615e-05,0.266808
129,7740,6485,97,40.0282,-81.6533,3.84615e-05,0.266808
129,7740,4542,102,-79.2697,47.8609,3.84615e-05,0.266808
129,7740,221,106,43.8458,-117.141,0.000384615,0.266808
129,7740,701,106,43.5583,-117.234,0.000384615,0.266808
129,7740,1021,106,44.0933,-117.645,0.000384615,0.266808
129,7740,1061,106,44.2706,-117.176,0.000384615,0.266808
129,7740,1381,106,44.165,-117.802,0.000384615,0.266808
129,7740,1541,106,43.503,-117.706,0.000384615,0.266808
129,7740,1581,106,43.4684,-116.627,0.000384615,0.266808
129,7740,5577,110,38.5897,37.5775,3.84615e-05,0.266808
129,7740,2842,158,20.6037,-12.0072,3.84615e-05,0.266808
129,7740,3162,160,30.083,7.59679,3.84615e-05,0.266808
129,7740,5546,171,63.7824,177.014,3.84615e-05,0.266808
129,7740,6323,175,-79.2449,159.883,3.84615e-05,0.266808
129,7740,6355,178,6.71564,-1.58075,3.84615e-05,0.266808
129,7740,4605,190,-24.3554,24.9799,3.84615e-05,0.266808
130,7800,4335,2,32.439,63.4002,3.84615e-05,0.267385
130,7800,4774,29,-76.0549,40.0441,3.84615e-05,0.267385
130,7800,5510,50,42.5178,-76.727,3.84615e-05,0.267385
130,7800,6001,56,-17.6356,135.761,3.84615e-05,0.267385
130,7800,5228,69,-21.3533,142.08,3.84615e-05,0.267385
130,7800,5510,97,42.5178,-76.727,3.84615e-05,0.267385
130,7800,3504,102,-81.483,100.364,3.84615e-05,0.267385
130,7800,2139,110,30.6128,41.6166,3.84615e-05,0.267385
130,7800,6746,125,-74.144,98.7896,3.84615e-05,0.267385
130,7800,6078,129,37.8671,-79.7636,3.84615e-05,0.267385
130,7800,7005,133,57.4525,4.31636,3.84615e-05,0.267385
130,7800,6324,140,-81.83,135.469,3.84615e-05,0.267385
130,7800,6568,142,-26.1338,-59.9019,3.84615e-05,0.267385
130,7800,6192,146,61.4055,124.605,3.84615e-05,0.267385
130,7800,3374,156,-27.4571,-61.6629,3.84615e-05,0.267385
130,7800,4821,190,-22.0973,24.8587,3.84615e-05,0.267385
131,7860,2619,2,35.961,62.6836,3.84615e-05,0.278385
131,7860,5485,3,63.8056,101.769,3.84615e-05,0.278385
131,7860,4538,17,21.4777,86.5995,3.84615e-05,0.278385
131,7860,6132,18,44.7125,118.249,3.84615e-05,0.278385
131,7860,3228,22,34.7787,94.2593,3.84615e-05,0.278385
131,7860,6578,24,71.8963,-109.587,3.84615e-05,0.278385
131,7860,5827,25,38.3217,-101.02,3.84615e-05,0.278385
131,7860,357,33,12.8707,106.021,0.000384615,0.278385
131,7860,757,33,13.0727,105.599,0.000384615,0.278385
131,7860,837,33,13.2585,105.688,0.000384615,0.278385
131,7860,1117,33,13.135,105.957,0.000384615,0.278385
131,7860,1277,33,12.9718,105.291,0.000384615,0.278385
131,7860,1397,33,13.1042,105.962,0.000384615,0.278385
131,7860,1557,33,12.8429,105.4,0.000384615,0.278385
131,7860,3571,34,48.51,100.724,3.84615e-05,0.278385
131,7860,4713,38,-13.5094,-67.9224,3.84615e-05,0.278385
131,7860,6253,48,8.75667,-64.686,3.84615e-05,0.278385
131,7860,2837,49,-16.817,-42.585,3.84615e-05,0.278385
131,7860,4378,69,-17.547,144.499,3.84615e-05,0.278385
131,7860,2724,75,14.4744,-7.87071,3.84615e-05,0.278385
131,7860,3698,82,30.3588,-3.84776,3.84615e-05,0.278385
131,7860,3685,83,4.91422,19.8949,3.84615e-05,0.278385
131,7860,3051,90,1.35306,39.5812,3.84615e-05,0.278385
131,7860,4447,90,0.864784,39.6953,3.84615e-05,0.278385
131,7860,5277,99,22.1975,9.98393,3.84615e-05,0.278385
131,7860,5200,102,-84.5895,61.0491,3.84615e-05,0.278385
131,7860,2849,110,31.305,48.1255,3.84615e-05,0.278385
131,7860,4014,110,31.6956,48.2752,3.84615e-05,0.278385
131,7860,5653,120,75.602,-81.7678,3.84615e-05,0.278385
131,7860,2876,121,64.4916,74.1141,3.84615e-05,0.278385
131,7860,2611,122,32.318,83.0445,3.84615e-05,0.278385
131,7860,5150,134,41.4182,60.3605,3.84615e-05,0.278385
131,7860,3317,142,-21.4537,-56.6493,3.84615e-05,0.278385
131,7860,2672,146,58.7115,110.848,3.84615e-05,0.278385
131,7860,4255,150,45.2636,84.3755,3.84615e-05,0.278385
131,7860,3815,151,23.2017,116.801,3.84615e-05,0.278385
131,7860,5657,156,-22.1788,-64.2938,3.84615e-05,0.278385
131,7860,5130,158,27.5773,-7.75676,3.84615e-05,0.278385
131,7860,7806,160,35.3691,14.9158,3.84615e-05,0.278385
131,7860,312,162,36.8879,109.79,0.000384615,0.278385
131,7860,352,162,36.8618,110.539,0.000384615,0.278385
131,7860,432,162,37.2805,110.898,0.000384615,0.278385
131,7860,472,162,37.2935,110.663,0.000384615,0.278385
131,7860,712,162,36.9474,110.504,0.000384615,0.278385
131,7860,872,162,36.8715,110.772,0.000384615,0.278385
131,7860,992,162,37.135,110.423,0.000384615,0.278385
131,7860,1112,162,37.3226,110.013,0.000384615,0.278385
131,7860,1672,162,36.9662,110.532,0.000384615,0.278385
131,7860,1832,162,37.1751,110.492,0.000384615,0.278385
131,7860,4836,162,37.2847,110.397,3.84615e-05,0.278385
131,7860,92,178,14.6298,2.69392,0.000384615,0.278385
131,7860,412,178,14.8968,2.80586,0.000384615,0.278385
131,7860,572,178,15.0465,2.91423,0.000384615,0.278385
131,7860,732,178,15.0094,3.47726,0.000384615,0.278385
131,7860,1212,178,15.1902,2.8101,0.000384615,0.278385
131,7860,1532,178,15.2061,3.4424,0.000384615,0.278385
131,7860,1572,178,15.0199,3.06517,0.000384615,0.278385
131,7860,1612,178,14.7832,3.11549,0.000384615,0.278385
131,7860,2455,190,-17.2743,27.1097,3.84615e-05,0.278385
131,7860,4293,192,49.3325,53.0179,3.84615e-05,0.278385
131,7860,6623,192,49.6132,53.8635,3.84615e-05,0.278385
132,7920,4549,2,37.0343,61.0878,3.84615e-05,0.279346
132,7920,3766,17,20.8876,94.8362,3.84615e-05,0.279346
132,7920,5750,47,32.0361,-86.3586,3.84615e-05,0.279346
132,7920,6052,80,62.0423,-106.498,3.84615e-05,0.279346
132,7920,3282,82,26.8039,-0.894577,3.84615e-05,0.279346
132,7920,3262,108,52.3131,44.9173,3.84615e-05,0.279346
132,7920,4239,109,17.9346,49.3135,3.84615e-05,0.279346
132,7920,6736,109,17.6545,49.5853,3.84615e-05,0.279346
132,7920,4309,110,31.2725,47.2064,3.84615e-05,0.279346
132,7920,6441,125,-81.0964,108.43,3.84615e-05,0.279346
132,7920,5855,129,44.8306,-79.3758,3.84615e-05,0.279346
132,7920,3520,135,15.9621,99.6169,3.84615e-05,0.279346
132,7920,3186,142,-17.0401,-55.7642,3.84615e-05,0.279346
132,7920,2647,146,53.0685,117.292,3.84615e-05,0.279346
132,7920,4726,156,-21.3285,-61.5301,3.84615e-05,0.279346
132,7920,6022,159,46.9099,32.5917,3.84615e-05,0.279346
132,7920,2861,161,51.0908,65.9975,3.84615e-05,0.279346
132,7920,7771,168,-13.4945,-34.6073,3.84615e-05,0.279346
132,7920,6479,180,62.3358,122.851,3.84615e-05,0.279346
132,7920,4194,187,-10.0327,16.9304,3.84615e-05,0.279346
132,7920,2185,188,22.4923,30.7389,3.84615e-05,0.279346
132,7920,3194,188,22.8127,30.6844,3.84615e-05,0.279346
132,7920,3577,190,-11.238,28.9377,3.84615e-05,0.279346
132,7920,6627,190,-11.8432,29.0945,3.84615e-05,0.279346
132,7920,5338,191,21.1327,41.0979,3.84615e-05,0.279346
133,7980,6678,4,60.4569,-148.525,3.84615e-05,0.280538
133,7980,5693,17,24.7077,90.8467,3.84615e-05,0.280538
133,7980,2692,30,-84.4455,96.8987,3.84615e-05,0.280538
133,7980,6071,36,49.5974,-73.0284,3.84615e-05,0.280538
133,7980,7021,37,11.4706,-74.7064,3.84615e-05,0.280538
133,7980,7344,37,11.8067,-74.2764,3.84615e-05,0.280538
133,7980,124,43,-4.662,125.45,0.000384615,0.280538
133,7980,4514,48,1.44494,-59.8437,3.84615e-05,0.280538
133,7980,6719,80,61.0904,-103.053,3.84615e-05,0.280538
133,7980,2650,82,25.047,-0.807922,3.84615e-05,0.280538
133,7980,6775,96,36.1474,-109.887,3.84615e-05,0.280538
133,7980,6220,125,-83.5951,125.334,3.84615e-05,0.280538
133,7980,3783,156,-17.1779,-57.1336,3.84615e-05,0.280538
133,7980,5557,169,10.9994,-4.2511,3.84615e-05,0.280538
133,7980,6467,175,-84.8304,7.0661,3.84615e-05,0.280538
133,7980,2614,178,21.3044,-2.00856,3.84615e-05,0.280538
133,7980,2800,179,58.5337,7.77057,3.84615e-05,0.280538
133,7980,3097,179,58.9988,8.04094,3.84615e-05,0.280538
133,7980,5226,187,-9.83947,16.4772,3.84615e-05,0.280538
133,7980,2312,189,50.9315,60.0643,3.84615e-05,0.280538
133,7980,2754,190,-8.57993,30.2789,3.84615e-05,0.280538
133,7980,5892,193,66.8192,140.353,3.84615e-05,0.280538
134,8040,5869,17,28.3541,94.7435,3.84615e-05,0.284038
134,8040,5340,37,9.33354,-75.03,3.84615e-05,0.284038
134,8040,84,43,-4.20488,126.706,0.000384615,0.284038
134,8040,604,43,-3.41513,126.808,0.000384615,0.284038
134,8040,964,43,-3.96304,127.054,0.000384615,0.284038
134,8040,1404,43,-3.78343,126.752,0.000384615,0.284038
134,8040,1564,43,-3.69301,126.923,0.000384615,0.284038
134,8040,1604,43,-3.31149,126.632,0.000384615,0.284038
134,8040,1684,43,-3.66471,126.844,0.000384615,0.284038
134,8040,1724,43,-3.73389,127.409,0.000384615,0.284038
134,8040,6433,72,60.4622,-144.404,3.84615e-05,0.284038
134,8040,4004,82,22.2861,5.52571,3.84615e-05,0.284038
134,8040,5463,106,63.8082,-118.836,3.84615e-05,0.284038
134,8040,5536,130,-10.1292,-75.9459,3.84615e-05,0.284038
134,8040,6547,133,49.2368,29.3092,3.84615e-05,0.284038
134,8040,3006,156,-14.661,-54.2312,3.84615e-05,0.284038
134,8040,2947,169,16.7186,-6.35808,3.84615e-05,0.284038
134,8040,3722,187,-3.1299,18.8672,3.84615e-05,0.284038
134,8040,2763,190,-6.95925,30.1545,3.84615e-05,0.284038
135,8100,3348,17,32.4683,97.3087,3.84615e-05,0.286731
135,8100,7542,32,-4.51045,111.871,3.84615e-05,0.286731
135,8100,6026,35,78.0609,-77.4166,3.84615e-05,0.286731
135,8100,1244,43,-3.31274,127.125,0.000384615,0.286731
135,8100,1284,43,-3.36748,127.048,0.000384615,0.286731
135,8100,1324,43,-3.25663,127.431,0.000384615,0.286731
135,8100,7330,51,-3.13765,-38.0671,3.84615e-05,0.286731
135,8100,4223,72,65.0678,-139.53,3.84615e-05,0.286731
135,8100,5759,82,19.3217,4.36749,3.84615e-05,0.286731
135,8100,6580,96,39.5751,-103.175,3.84615e-05,0.286731
135,8100,6771,119,42.5026,24.6084,3.84615e-05,0.286731
135,8100,5613,130,-5.91623,-71.9674,3.84615e-05,0.286731
135,8100,52,169,15.6537,1.15477,0.000384615,0.286731
135,8100,172,169,15.3,1.14589,0.000384615,0.286731
135,8100,1292,169,15.8577,1.10736,0.000384615,0.286731
135,8100,4529,187,-3.53873,17.9782,3.84615e-05,0.286731
136,8160,3076,1,19.3813,54.1574,3.84615e-05,0.288192
136,8160,5540,72,66.5922,-137.372,3.84615e-05,0.288192
136,8160,6173,77,-67.1808,46.3394,3.84615e-05,0.288192
136,8160,1012,82,15.2924,4.49745,0.000384615,0.288192
136,8160,1932,82,15.139,4.54893,0.000384615,0.288192
136,8160,3281,101,-70.4969,50.0676,3.84615e-05,0.288192
136,8160,6691,107,72.7594,54.7098,3.84615e-05,0.288192
136,8160,6269,130,-5.43095,-73.1616,3.84615e-05,0.288192
136,8160,1412,169,16.4728,2.4975,0.000384615,0.288192
136,8160,5812,169,16.2232,2.91171,3.84615e-05,0.288192
136,8160,3995,187,0.0879822,21.5053,3.84615e-05,0.288192
137,8220,4122,1,20.7499,55.6722,3.84615e-05,0.289
137,8220,7525,21,17.9232,94.3239,3.84615e-05,0.289
137,8220,5512,32,2.41063,111.189,3.84615e-05,0.289
137,8220,2045,51,-5.98756,-35.4765,3.84615e-05,0.289
137,8220,2803,51,-6.16743,-35.4921,3.84615e-05,0.289
137,8220,4910,72,64.5011,-117.676,3.84615e-05,0.289
137,8220,4460,98,32.8181,1.86353,3.84615e-05,0.289
137,8220,6136,119,37.9575,27.6685,3.84615e-05,0.289
137,8220,2061,130,1.10899,-68.1725,3.84615e-05,0.289
137,8220,1924,147,-1.00023,126.055,0.000384615,0.289
137,8220,4571,169,25.2392,2.6152,3.84615e-05,0.289
137,8220,6036,187,3.29601,22.8705,3.84615e-05,0.289
138,8280,3599,1,23.9596,55.2355,3.84615e-05,0.292731
138,8280,5473,39,-75.7996,-99.0904,3.84615e-05,0.292731
138,8280,523,68,-26.8133,143.418,0.000384615,0.292731
138,8280,3996,74,21.7845,-11.3012,3.84615e-05,0.292731
138,8280,533,98,29.9627,7.64375,0.000384615,0.292731
138,8280,1413,98,29.8973,7.97255,0.000384615,0.292731
138,8280,21,105,42.743,-119.561,0.000384615,0.292731
138,8280,261,105,42.7128,-120.255,0.000384615,0.292731
138,8280,861,105,42.6426,-119.602,0.000384615,0.292731
138,8280,1821,105,42.7733,-119.711,0.000384615,0.292731
138,8280,4398,119,39.2185,35.9778,3.84615e-05,0.292731
138,8280,6351,167,-21.805,-45.9795,3.84615e-05,0.292731
138,8280,293,169,28.9431,6.66476,0.000384615,0.292731
138,8280,1493,169,28.713,6.70222,0.000384615,0.292731
138,8280,6147,170,68.9697,167.304,3.84615e-05,0.292731
138,8280,4090,187,8.7957,24.4695,3.84615e-05,0.292731
139,8340,5162,1,29.1347,63.3485,3.84615e-05,0.300308
139,8340,6123,21,25.5448,96.9707,3.84615e-05,0.300308
139,8340,3,68,-25.8556,144.382,0.000384615,0.300308
139,8340,83,68,-25.4605,144.893,0.000384615,0.300308
139,8340,243,68,-25.4784,144.433,0.000384615,0.300308
139,8340,323,68,-25.6829,144.161,0.000384615,0.300308
139,8340,403,68,-25.6494,144.021,0.000384615,0.300308
139,8340,483,68,-25.3334,144.379,0.000384615,0.300308
139,8340,683,68,-25.3156,144.537,0.000384615,0.300308
139,8340,763,68,-25.5732,144.274,0.000384615,0.300308
139,8340,883,68,-25.2373,144.09,0.000384615,0.300308
139,8340,1483,68,-25.3773,144.652,0.000384615,0.300308
139,8340,1923,68,-25.3956,144.408,0.000384615,0.300308
139,8340,5660,74,22.1782,-8.41035,3.84615e-05,0.300308
139,8340,3965,101,-81.6024,81.0939,3.84615e-05,0.300308
139,8340,4616,119,31.8186,35.7595,3.84615e-05,0.300308
139,8340,5143,128,36.215,-85.4889,3.84615e-05,0.300308
139,8340,5726,157,19.3745,-13.5821,3.84615e-05,0.300308
139,8340,133,169,29.1335,7.67415,0.000384615,0.300308
139,8340,333,169,28.8961,7.75778,0.000384615,0.300308
139,8340,933,169,29.2647,7.26712,0.000384615,0.300308
139,8340,1093,169,29.1925,7.23219,0.000384615,0.300308
139,8340,1293,169,29.29,7.38142,0.000384615,0.300308
139,8340,1333,169,29.37,7.35153,0.000384615,0.300308
139,8340,1453,169,29.2986,7.73747,0.000384615,0.300308
139,8340,1893,169,28.6641,7.59697,0.000384615,0.300308
140,8400,3527,1,33.7745,59.3652,3.84615e-05,0.304154
140,8400,4132,16,19.233,82.8828,3.84615e-05,0.304154
140,8400,7110,23,70.9422,-136.119,3.84615e-05,0.304154
140,8400,6932,47,11.0672,-68.1219,3.84615e-05,0.304154
140,8400,283,68,-24.4168,144.88,0.000384615,0.304154
140,8400,2981,119,33.6196,43.965,3.84615e-05,0.304154
140,8400,6255,124,-75.4562,95.5846,3.84615e-05,0.304154
140,8400,3927,141,-26.5987,-62.2925,3.84615e-05,0.304154
140,8400,6642,145,61.6575,122.714,3.84615e-05,0.304154
140,8400,3927,155,-26.5987,-62.2925,3.84615e-05,0.304154
140,8400,6034,167,-18.4564,-43.1647,3.84615e-05,0.304154
140,8400,12,177,14.4852,2.08191,0.000384615,0.304154
140,8400,252,177,14.0632,1.49937,0.000384615,0.304154
140,8400,972,177,14.162,1.86508,0.000384615,0.304154
140,8400,1252,177,14.0402,2.10825,0.000384615,0.304154
140,8400,1372,177,13.9954,2.38466,0.000384615,0.304154
140,8400,1772,177,14.3178,2.13322,0.000384615,0.304154
140,8400,1812,177,14.4176,2.23322,0.000384615,0.304154
140,8400,1892,177,14.305,2.21381,0.000384615,0.304154
140,8400,4356,199,-19.8559,23.0231,3.84615e-05,0.304154
141,8460,2760,1,36.2342,58.6453,3.84615e-05,0.308038
141,8460,5464,2,70.0981,84.6113,3.84615e-05,0.308038
141,8460,5719,16,23.4448,87.437,3.84615e-05,0.308038
141,8460,131,21,35.8077,94.7164,0.000384615,0.308038
141,8460,1091,21,35.8117,95.1191,0.000384615,0.308038
141,8460,1211,21,35.7693,95.0223,0.000384615,0.308038
141,8460,1891,21,36.0637,95.1699,0.000384615,0.308038
141,8460,5887,23,70.8593,-112.568,3.84615e-05,0.308038
141,8460,3458,32,15.0105,105.955,3.84615e-05,0.308038
141,8460,3132,33,52.2473,98.788,3.84615e-05,0.308038
141,8460,4732,47,6.46169,-64.3069,3.84615e-05,0.308038
141,8460,6469,48,-17.8025,-43.2361,3.84615e-05,0.308038
141,8460,5187,81,29.2637,-4.93079,3.84615e-05,0.308038
141,8460,4017,82,-1.33504,16.1738,3.84615e-05,0.308038
141,8460,5942,98,20.7298,13.453,3.84615e-05,0.308038
141,8460,80,99,-5.22855,34.0085,0.000384615,0.308038
141,8460,2317,107,57.6844,54.3886,3.84615e-05,0.308038
141,8460,3430,119,27.0859,43.4877,3.84615e-05,0.308038
141,8460,4778,120,63.8208,78.8611,3.84615e-05,0.308038
141,8460,5042,120,63.7591,78.5833,3.84615e-05,0.308038
141,8460,3302,121,28.5676,85.9117,3.84615e-05,0.308038
141,8460,4317,124,-77.9048,119.059,3.84615e-05,0.308038
141,8460,3308,129,76.8076,-57.2541,3.84615e-05,0.308038
141,8460,5617,129,76.7784,-57.3334,3.84615e-05,0.308038
141,8460,6453,133,42.8775,62.8084,3.84615e-05,0.308038
141,8460,4931,141,-22.1146,-61.179,3.84615e-05,0.308038
141,8460,4251,145,54.7031,111.987,3.84615e-05,0.308038
141,8460,3892,150,24.0346,115.305,3.84615e-05,0.308038
141,8460,5239,155,-25.3574,-60.3135,3.84615e-05,0.308038
141,8460,5679,157,26.6888,-11.6069,3.84615e-05,0.308038
141,8460,4644,160,46.5369,62.5637,3.84615e-05,0.308038
141,8460,6641,167,-15.0868,-39.5149,3.84615e-05,0.308038
141,8460,652,177,15.7938,2.90334,0.000384615,0.308038
141,8460,1652,177,15.5154,2.48148,0.000384615,0.308038
141,8460,4280,187,17.4756,26.7359,3.84615e-05,0.308038
141,8460,5254,190,18.4535,36.3503,3.84615e-05,0.308038
141,8460,5636,190,18.0691,36.7253,3.84615e-05,0.308038
141,8460,3576,199,-14.1732,27.1448,3.84615e-05,0.308038
142,8520,4803,1,37.4458,63.1866,3.84615e-05,0.309192
142,8520,4802,16,25.0784,88.837,3.84615e-05,0.309192
142,8520,4238,17,44.5389,122.907,3.84615e-05,0.309192
142,8520,6898,37,-18.2485,-72.0786,3.84615e-05,0.309192
142,8520,3496,81,26.6285,-2.97493,3.84615e-05,0.309192
142,8520,2193,108,16.6255,48.3547,3.84615e-05,0.309192
142,8520,3301,119,28.6589,47.4892,3.84615e-05,0.309192
142,8520,6550,124,-83.0069,107.915,3.84615e-05,0.309192
142,8520,5877,129,80.1814,-83.1172,3.84615e-05,0.309192
142,8520,3754,141,-15.7397,-55.1349,3.84615e-05,0.309192
142,8520,4455,145,55.42,121.965,3.84615e-05,0.309192
142,8520,3001,155,-18.6324,-62.3886,3.84615e-05,0.309192
142,8520,7893,158,42.9989,34.7013,3.84615e-05,0.309192
142,8520,4721,159,43.9884,89.1361,3.84615e-05,0.309192
142,8520,2903,161,34.5822,112.268,3.84615e-05,0.309192
142,8520,7754,169,35.8655,15.3085,3.84615e-05,0.309192
142,8520,692,177,16.6077,1.36652,0.000384615,0.309192
142,8520,3594,186,-8.33739,14.0415,3.84615e-05,0.309192
142,8520,3988,188,53.4305,52.1062,3.84615e-05,0.309192
142,8520,3056,191,49.8359,64.1754,3.84615e-05,0.309192
142,8520,4316,199,-10.7115,26.7647,3.84615e-05,0.309192
143,8580,484,42,-3.24638,123.849,0.000384615,0.312654
143,8580,3485,81,24.3438,-2.21068,3.84615e-05,0.312654
143,8580,3501,89,63.5522,-102.678,3.84615e-05,0.312654
143,8580,6297,105,60.3834,-128.517,3.84615e-05,0.312654
143,8580,3551,145,49.8203,125.673,3.84615e-05,0.312654
143,8580,3890,155,-17.513,-59.223,3.84615e-05,0.312654
143,8580,4777,168,16.927,-8.30154,3.84615e-05,0.312654
143,8580,3875,177,21.8491,-0.227768,3.84615e-05,0.312654
143,8580,3891,178,59.1594,6.35562,3.84615e-05,0.312654
143,8580,5898,186,-4.68569,15.9223,3.84615e-05,0.312654
143,8580,4419,189,63.5354,138.071,3.84615e-05,0.312654
143,8580,200,199,-8.18419,31.9801,0.000384615,0.312654
143,8580,360,199,-8.20233,31.9793,0.000384615,0.312654
143,8580,640,199,-8.65773,31.1901,0.000384615,0.312654
143,8580,920,199,-8.52909,31.4151,0.000384615,0.312654
143,8580,1000,199,-8.26615,31.9495,0.000384615,0.312654
143,8580,1720,199,-8.36702,31.6161,0.000384615,0.312654
143,8580,1760,199,-8.21699,31.6292,0.000384615,0.312654
144,8640,3646,36,7.12955,-72.413,3.84615e-05,0.319308
144,8640,44,42,-3.31892,125.226,0.000384615,0.319308
144,8640,164,42,-3.27597,125.446,0.000384615,0.319308
144,8640,204,42,-3.02861,125.893,0.000384615,0.319308
144,8640,324,42,-3.33049,125.506,0.000384615,0.319308
144,8640,564,42,-3.50595,125.98,0.000384615,0.319308
144,8640,804,42,-3.67926,125.961,0.000384615,0.319308
144,8640,1124,42,-3.40437,126.034,0.000384615,0.319308
144,8640,1164,42,-3.12357,126.396,0.000384615,0.319308
144,8640,1364,42,-3.17598,125.725,0.000384615,0.319308
144,8640,1644,42,-3.69386,125.667,0.000384615,0.319308
144,8640,6583,71,63.5075,-140.71,3.84615e-05,0.319308
144,8640,4302,81,25.2735,5.09895,3.84615e-05,0.319308
144,8640,5965,95,39.4098,-105.686,3.84615e-05,0.319308
144,8640,6372,95,39.6606,-106.376,3.84615e-05,0.319308
144,8640,6061,101,-80.1835,-121.732,3.84615e-05,0.319308
144,8640,5964,105,64.4278,-114.624,3.84615e-05,0.319308
144,8640,7514,134,9.75321,103.733,3.84615e-05,0.319308
144,8640,2694,155,-13.8852,-57.5758,3.84615e-05,0.319308
144,8640,4631,168,18.8118,-5.74207,3.84615e-05,0.319308
144,8640,4771,177,25.9512,1.36862,3.84615e-05,0.319308
144,8640,4259,186,-3.47984,17.2567,3.84615e-05,0.319308
144,8640,2866,192,65.3915,153.867,3.84615e-05,0.319308
144,8640,120,199,-8.82072,32.546,0.000384615,0.319308
144,8640,680,199,-8.74353,32.9404,0.000384615,0.319308
144,8640,800,199,-8.69276,33.0077,0.000384615,0.319308
144,8640,1040,199,-8.73242,32.3289,0.000384615,0.319308
144,8640,1320,199,-9.04944,32.9347,0.000384615,0.319308
144,8640,1960,199,-9.29659,32.5506,0.000384615,0.319308
145,8700,4963,42,0.516006,123.064,3.84615e-05,0.321154
145,8700,6443,71,62.3116,-127.267,3.84615e-05,0.321154
145,8700,812,81,15.9994,3.83803,0.000384615,0.321154
145,8700,1092,81,16.0482,3.8576,0.000384615,0.321154
145,8700,1172,81,16.0255,3.79002,0.000384615,0.321154
145,8700,5618,105,65.835,-114.323,3.84615e-05,0.321154
145,8700,2816,132,49.971,37.4318,3.84615e-05,0.321154
145,8700,5819,139,-6.56116,-74.9821,3.84615e-05,0.321154
145,8700,4553,168,16.9617,-1.72798,3.84615e-05,0.321154
145,8700,5324,177,32.0693,2.00174,3.84615e-05,0.321154
145,8700,6480,186,3.67201,13.2396,3.84615e-05,0.321154
145,8700,1360,199,-5.45842,31.1754,0.000384615,0.321154
146,8760,4917,0,19.1562,52.5537,3.84615e-05,0.325038
146,8760,51,16,35.1731,98.3031,0.000384615,0.325038
146,8760,291,16,35.5035,98.6514,0.000384615,0.325038
146,8760,7116,31,-0.795296,108.251,3.84615e-05,0.325038
146,8760,3275,50,-6.62624,-38.0208,3.84615e-05,0.325038
146,8760,5452,71,68.0101,-135.798,3.84615e-05,0.325038
146,8760,292,81,13.9495,3.33144,0.000384615,0.325038
146,8760,492,81,14.2446,3.02629,0.000384615,0.325038
146,8760,532,81,14.0233,3.82062,0.000384615,0.325038
146,8760,612,81,13.6316,2.92566,0.000384615,0.325038
146,8760,932,81,13.9507,3.63809,0.000384615,0.325038
146,8760,1132,81,13.6876,3.10107,0.000384615,0.325038
146,8760,1492,81,13.75,2.9283,0.000384615,0.325038
146,8760,7916,118,38.6184,25.2509,3.84615e-05,0.325038
146,8760,3139,132,54.1819,40.422,3.84615e-05,0.325038
146,8760,5431,132,54.7995,39.8159,3.84615e-05,0.325038
146,8760,6377,139,-1.09991,-72.0935,3.84615e-05,0.325038
146,8760,7703,146,1.96849,119.396,3.84615e-05,0.325038
146,8760,5999,168,18.3352,-0.535736,3.84615e-05,0.325038
146,8760,4396,186,6.39506,14.1681,3.84615e-05,0.325038
147,8820,4429,0,24.5503,55.1964,3.84615e-05,0.325462
147,8820,2759,16,34.0459,108.231,3.84615e-05,0.325462
147,8820,5813,16,34.2209,107.975,3.84615e-05,0.325462
147,8820,4890,50,-6.94437,-36.0528,3.84615e-05,0.325462
147,8820,6077,71,65.2493,-122.228,3.84615e-05,0.325462
147,8820,2370,106,67.4691,52.3451,3.84615e-05,0.325462
147,8820,4191,132,51.6903,47.4716,3.84615e-05,0.325462
147,8820,6391,132,51.499,46.7841,3.84615e-05,0.325462
147,8820,2773,139,1.0202,-70.4236,3.84615e-05,0.325462
147,8820,4124,168,21.8808,3.90109,3.84615e-05,0.325462
147,8820,2359,186,8.43618,20.6322,3.84615e-05,0.325462
148,8880,4352,0,28.5817,54.2587,3.84615e-05,0.327731
148,8880,3425,16,35.2435,107.603,3.84615e-05,0.327731
148,8880,163,67,-25.8438,143.38,0.000384615,0.327731
148,8880,603,67,-25.7473,143.273,0.000384615,0.327731
148,8880,923,67,-25.6909,143.009,0.000384615,0.327731
148,8880,6131,71,67.2159,-106.026,3.84615e-05,0.327731
148,8880,733,97,29.9629,6.09326,0.000384615,0.327731
148,8880,813,97,30.3107,6.49532,0.000384615,0.327731
148,8880,5359,100,-78.7405,75.6211,3.84615e-05,0.327731
148,8880,4098,118,36.683,38.4313,3.84615e-05,0.327731
148,8880,2625,139,2.81783,-69.8862,3.84615e-05,0.327731
148,8880,6388,166,-22.5045,-47.5944,3.84615e-05,0.327731
148,8880,6271,179,65.9868,171.979,3.84615e-05,0.327731
148,8880,5433,198,-25.3895,26.6788,3.84615e-05,0.327731
149,8940,3285,0,29.9729,54.4443,3.84615e-05,0.333577
149,8940,4748,20,27.5602,87.1048,3.84615e-05,0.333577
149,8940,5321,27,-76.931,43.0254,3.84615e-05,0.333577
149,8940,4260,31,13.1907,107.399,3.84615e-05,0.333577
149,8940,6409,31,13.2407,106.955,3.84615e-05,0.333577
149,8940,363,67,-24.9819,143.5,0.000384615,0.333577
149,8940,1003,67,-24.7594,143.197,0.000384615,0.333577
149,8940,1123,67,-25.261,143.753,0.000384615,0.333577
149,8940,1163,67,-25.1042,143.475,0.000384615,0.333577
149,8940,1243,67,-24.8853,143.001,0.000384615,0.333577
149,8940,1283,67,-25.1063,143.609,0.000384615,0.333577
149,8940,1323,67,-24.7428,143.732,0.000384615,0.333577
149,8940,1603,67,-24.8675,143.706,0.000384615,0.333577
149,8940,1803,67,-24.8629,143.378,0.000384615,0.333577
149,8940,1843,67,-25.1997,143.272,0.000384615,0.333577
149,8940,4044,73,17.0773,-10.6738,3.84615e-05,0.333577
149,8940,93,97,28.3711,9.21616,0.000384615,0.333577
149,8940,1173,97,28.7234,8.97424,0.000384615,0.333577
149,8940,1573,97,28.8537,8.51172,0.000384615,0.333577
149,8940,1853,97,28.2184,8.75301,0.000384615,0.333577
149,8940,4010,100,-80.8779,88.5511,3.84615e-05,0.333577
149,8940,3885,118,30.0277,36.1356,3.84615e-05,0.333577
149,8940,6306,140,-25.5079,-62.2689,3.84615e-05,0.333577
149,8940,6393,144,60.962,106.408,3.84615e-05,0.333577
149,8940,6189,166,-18.6027,-45.4135,3.84615e-05,0.333577
149,8940,4597,198,-20.9966,22.6671,3.84615e-05,0.333577
150,9000,2900,0,35.4764,60.7551,3.84615e-05,0.334115
150,9000,3887,15,21.8217,83.5847,3.84615e-05,0.334115
150,9000,3152,20,34.6708,89.2938,3.84615e-05,0.334115
150,9000,6369,22,69.0611,-129.354,3.84615e-05,0.334115
150,9000,5108,27,-71.2855,41.7325,3.84615e-05,0.334115
150,9000,6783,46,9.19542,-70.0096,3.84615e-05,0.334115
150,9000,5851,67,-22.8109,145.59,3.84615e-05,0.334115
150,9000,2668,118,28.8221,38.1321,3.84615e-05,0.334115
150,9000,3835,123,-76.7347,92.3882,3.84615e-05,0.334115
150,9000,6344,140,-23.1075,-62.9622,3.84615e-05,0.334115
150,9000,4409,144,58.1059,113.564,3.84615e-05,0.334115
150,9000,4046,166,-16.8426,-44.3891,3.84615e-05,0.334115
150,9000,6586,176,13.5127,-2.09006,3.84615e-05,0.334115
150,9000,4202,198,-18.2229,20.9344,3.84615e-05,0.334115
151,9060,4885,0,35.9178,64.6506,3.84615e-05,0.340038
151,9060,3809,1,72.7709,89.9492,3.84615e-05,0.340038
151,9060,986,20,37.3395,93.6864,0.000384615,0.340038
151,9060,1026,20,37.5978,94.0346,0.000384615,0.340038
151,9060,1386,20,37.8447,94.4481,0.000384615,0.340038
151,9060,1786,20,37.9284,93.7415,0.000384615,0.340038
151,9060,1866,20,37.9584,94.049,0.000384615,0.340038
151,9060,6664,22,67.0757,-129.187,3.84615e-05,0.340038
151,9060,3488,32,52.8671,95.4003,3.84615e-05,0.340038
151,9060,6476,80,29.9241,-1.05827,3.84615e-05,0.340038
151,9060,4696,81,0.962639,15.3601,3.84615e-05,0.340038
151,9060,5937,97,17.7829,9.88466,3.84615e-05,0.340038
151,9060,320,98,-7.73314,33.5159,0.000384615,0.340038
151,9060,1280,98,-7.58576,33.3034,0.000384615,0.340038
151,9060,3920,106,51.7727,45.0225,3.84615e-05,0.340038
151,9060,5252,107,19.319,48.0876,3.84615e-05,0.340038
151,9060,1224,117,47.9414,0.183823,0.000384615,0.340038
151,9060,1753,118,25.157,42.8606,0.000384615,0.340038
151,9060,3336,120,27.3858,85.5263,3.84615e-05,0.340038
151,9060,4210,123,-77.3183,93.8169,3.84615e-05,0.340038
151,9060,5926,128,78.2372,-85.6012,3.84615e-05,0.340038
151,9060,2227,129,62.9555,81.1125,3.84615e-05,0.340038
151,9060,3940,129,63.0819,79.9839,3.84615e-05,0.340038
151,9060,4227,129,62.9176,80.7699,3.84615e-05,0.340038
151,9060,6218,129,62.9734,79.6598,3.84615e-05,0.340038
151,9060,5677,132,37.4409,61.9646,3.84615e-05,0.340038
151,9060,45,144,56.8173,122.75,0.000384615,0.340038
151,9060,445,144,57.1321,123.179,0.000384615,0.340038
151,9060,1005,144,57.1322,122.484,0.000384615,0.340038
151,9060,1045,144,57.3308,123.326,0.000384615,0.340038
151,9060,5970,154,-20.2808,-65.5963,3.84615e-05,0.340038
151,9060,6752,158,40.4456,81.0134,3.84615e-05,0.340038
151,9060,3978,160,38.7824,104.98,3.84615e-05,0.340038
151,9060,6694,176,17.8108,-0.200272,3.84615e-05,0.340038
151,9060,3929,186,23.1389,23.417,3.84615e-05,0.340038
151,9060,3550,190,53.5151,54.2808,3.84615e-05,0.340038
151,9060,4411,198,-15.5288,24.1485,3.84615e-05,0.340038
152,9120,4554,0,40.7273,58.854,3.84615e-05,0.343808
152,9120,6439,16,44.0653,128.251,3.84615e-05,0.343808
152,9120,6552,31,24.6779,99.4932,3.84615e-05,0.343808
152,9120,4318,41,-2.48453,114.451,3.84615e-05,0.343808
152,9120,2883,46,3.52699,-65.8537,3.84615e-05,0.343808
152,9120,5296,46,3.86887,-65.7847,3.84615e-05,0.343808
152,9120,5209,88,62.8374,-107.885,3.84615e-05,0.343808
152,9120,113,118,24.7744,43.677,0.000384615,0.343808
152,9120,753,118,24.2512,44.1709,0.000384615,0.343808
152,9120,913,118,24.9105,43.8559,0.000384615,0.343808
152,9120,1233,118,24.674,43.9904,0.000384615,0.343808
152,9120,1313,118,24.9021,43.8626,0.000384615,0.343808
152,9120,1793,118,24.6477,44.056,0.000384615,0.343808
152,9120,5105,118,24.6382,44.0811,3.84615e-05,0.343808
152,9120,4021,140,-15.4174,-62.9538,3.84615e-05,0.343808
152,9120,4312,144,54.6664,110.126,3.84615e-05,0.343808
152,9120,4384,154,-19.1496,-62.9632,3.84615e-05,0.343808
152,9120,5278,166,-11.3476,-37.6803,3.84615e-05,0.343808
152,9120,6159,168,39.0673,16.2311,3.84615e-05,0.343808
152,9120,4563,169,47.572,61.5826,3.84615e-05,0.343808
152,9120,6308,176,22.8873,-5.72029,3.84615e-05,0.343808
152,9120,7461,177,59.3628,-4.10808,3.84615e-05,0.343808
152,9120,3613,187,54.3394,59.4903,3.84615e-05,0.343808
152,9120,85,188,59.8951,123.604,0.000384615,0.343808
152,9120,3094,198,-12.6241,29.5635,3.84615e-05,0.343808
152,9120,1593,199,22.0155,43.7843,0.000384615,0.343808
153,9180,4878,0,42.0858,59.8508,3.84615e-05,0.346538
153,9180,5589,35,7.79053,-73.2066,3.84615e-05,0.346538
153,9180,6205,38,-82.1634,93.9906,3.84615e-05,0.346538
153,9180,5185,41,-2.52686,115.777,3.84615e-05,0.346538
153,9180,2369,46,0.712067,-60.9247,3.84615e-05,0.346538
153,9180,5274,80,22.7491,2.04295,3.84615e-05,0.346538
153,9180,4043,154,-14.1232,-59.7299,3.84615e-05,0.346538
153,9180,2236,157,44.4678,41.4671,3.84615e-05,0.346538
153,9180,4508,167,17.1806,-9.89601,3.84615e-05,0.346538
153,9180,6185,185,-5.43255,14.9151,3.84615e-05,0.346538
153,9180,240,198,-7.46443,31.6841,0.000384615,0.346538
153,9180,440,198,-8.03473,31.229,0.000384615,0.346538
153,9180,480,198,-7.96258,32.1707,0.000384615,0.346538
153,9180,520,198,-8.08946,32.0604,0.000384615,0.346538
153,9180,720,198,-7.25247,32.0635,0.000384615,0.346538
153,9180,1120,198,-7.6684,31.8693,0.000384615,0.346538
153,9180,5721,198,-7.70484,32.2315,3.84615e-05,0.346538
154,9240,7656,9,14.69,50.6066,3.84615e-05,0.347038
154,9240,6166,15,31.4418,93.3734,3.84615e-05,0.347038
154,9240,6426,35,7.22685,-73.3054,3.84615e-05,0.347038
154,9240,7534,41,-0.0111084,117.388,3.84615e-05,0.347038
154,9240,3230,46,-2.79329,-58.9077,3.84615e-05,0.347038
154,9240,5705,80,23.4642,3.43269,3.84615e-05,0.347038
154,9240,5978,94,39.2282,-108.187,3.84615e-05,0.347038
154,9240,4716,100,-77.4937,-130.041,3.84615e-05,0.347038
154,9240,3189,131,54.1914,29.9564,3.84615e-05,0.347038
154,9240,4490,154,-18.62,-54.8208,3.84615e-05,0.347038
154,9240,6445,167,19.9295,-9.22975,3.84615e-05,0.347038
154,9240,5314,185,-2.36338,15.6546,3.84615e-05,0.347038
154,9240,5280,191,65.463,149.604,3.84615e-05,0.347038
155,9300,3555,9,18.6019,50.0555,3.84615e-05,0.348423
155,9300,4843,15,34.6793,97.77,3.84615e-05,0.348423
155,9300,6573,23,19.9221,-100.759,3.84615e-05,0.348423
155,9300,3440,46,-3.91019,-54.5124,3.84615e-05,0.348423
155,9300,6413,59,-4.93624,-42.0547,3.84615e-05,0.348423
155,9300,212,80,14.2982,2.94655,0.000384615,0.348423
155,9300,892,80,14.3691,3.0088,0.000384615,0.348423
155,9300,6709,104,68.6692,-115.679,3.84615e-05,0.348423
155,9300,6194,109,-70.3966,44.2229,3.84615e-05,0.348423
155,9300,4694,131,53.7159,39.6521,3.84615e-05,0.348423
155,9300,6432,138,-3.79115,-77.0857,3.84615e-05,0.348423
155,9300,7668,143,75.8585,84.5657,3.84615e-05,0.348423
155,9300,4153,145,4.34785,116.724,3.84615e-05,0.348423
155,9300,6411,145,3.8674,116.257,3.84615e-05,0.348423
155,9300,4394,154,-12.1208,-55.0951,3.84615e-05,0.348423
155,9300,6285,156,33.3022,4.73454,3.84615e-05,0.348423
155,9300,6463,167,20.3248,-8.32047,3.84615e-05,0.348423
155,9300,6474,185,3.69865,12.2932,3.84615e-05,0.348423
156,9360,3559,9,22.674,51.2429,3.84615e-05,0.349885
156,9360,2161,15,33.6597,103.172,3.84615e-05,0.349885
156,9360,3170,46,-5.03195,-51.3942,3.84615e-05,0.349885
156,9360,3468,59,-6.56108,-41.7952,3.84615e-05,0.349885
156,9360,132,80,13.3943,2.34039,0.000384615,0.349885
156,9360,1332,80,13.1734,2.22282,0.000384615,0.349885
156,9360,1692,80,13.532,1.71933,0.000384615,0.349885
156,9360,3553,105,67.7328,33.2634,3.84615e-05,0.349885
156,9360,3854,131,47.6322,43.187,3.84615e-05,0.349885
156,9360,6477,138,-1.94704,-75.6253,3.84615e-05,0.349885
156,9360,3776,143,71.5361,94.456,3.84615e-05,0.349885
157,9420,5081,9,21.519,53.3484,3.84615e-05,0.350654
157,9420,3946,15,33.0941,107.809,3.84615e-05,0.350654
157,9420,6287,29,25.7021,85.0716,3.84615e-05,0.350654
157,9420,4937,59,-8.32892,-37.6199,3.84615e-05,0.350654
157,9420,6347,72,23.4749,-13.452,3.84615e-05,0.350654
157,9420,5410,80,13.6747,7.75114,3.84615e-05,0.350654
157,9420,3825,123,-78.7784,-114.854,3.84615e-05,0.350654
157,9420,24,130,49.244,-5.16689,0.000384615,0.350654
157,9420,3465,138,0.191833,-72.1958,3.84615e-05,0.350654
157,9420,5967,178,66.3952,176.217,3.84615e-05,0.350654
157,9420,6289,185,11.3552,13.1302,3.84615e-05,0.350654
158,9480,3804,9,28.4253,51.4364,3.84615e-05,0.354
158,9480,6257,9,28.1486,52.0373,3.84615e-05,0.354
158,9480,2344,15,37.8223,111.81,3.84615e-05,0.354
158,9480,3344,29,29.2122,86.3838,3.84615e-05,0.354
158,9480,6179,30,10.3755,104.826,3.84615e-05,0.354
158,9480,5286,37,-78.0246,-110.786,3.84615e-05,0.354
158,9480,5775,59,-11.2382,-38.391,3.84615e-05,0.354
158,9480,5817,70,71.0834,-105.211,3.84615e-05,0.354
158,9480,5372,72,20.571,-9.98416,3.84615e-05,0.354
158,9480,5078,80,7.46768,10.355,3.84615e-05,0.354
158,9480,4006,96,28.1225,3.76025,3.84615e-05,0.354
158,9480,4475,109,-82.2204,60.5551,3.84615e-05,0.354
158,9480,4801,117,35.8393,38.5562,3.84615e-05,0.354
158,9480,384,130,48.6543,-3.34967,0.000384615,0.354
158,9480,1264,130,49.0163,-3.68231,0.000384615,0.354
158,9480,1984,130,48.336,-3.50214,0.000384615,0.354
158,9480,2857,138,5.57317,-68.9337,3.84615e-05,0.354
158,9480,3879,138,5.17771,-69.1298,3.84615e-05,0.354
158,9480,5971,165,-21.2477,-49.5693,3.84615e-05,0.354
158,9480,53,167,27.5245,7.7912,0.000384615,0.354
158,9480,893,167,27.5706,7.99313,0.000384615,0.354
158,9480,184,176,46.232,-2.07518,0.000384615,0.354
158,9480,904,176,46.0701,-1.67801,0.000384615,0.354
158,9480,5504,185,15.6536,17.1428,3.84615e-05,0.354
159,9540,3028,9,34.1909,54.7013,3.84615e-05,0.360538
159,9540,3850,14,19.9703,78.331,3.84615e-05,0.360538
159,9540,4860,15,43.9474,112.767,3.84615e-05,0.360538
159,9540,4823,29,30.7469,86.4465,3.84615e-05,0.360538
159,9540,4773,30,15.8488,104.166,3.84615e-05,0.360538
159,9540,5472,66,-19.6595,137.983,3.84615e-05,0.360538
159,9540,5867,70,65.5469,-102.102,3.84615e-05,0.360538
159,9540,373,96,27.9536,7.01213,0.000384615,0.360538
159,9540,1733,96,27.9349,7.3712,0.000384615,0.360538
159,9540,224,116,47.6758,-3.89316,0.000384615,0.360538
159,9540,264,116,47.3633,-4.05246,0.000384615,0.360538
159,9540,304,116,47.4911,-3.29008,0.000384615,0.360538
159,9540,1544,116,47.7702,-3.97057,0.000384615,0.360538
159,9540,1584,116,48.1014,-3.84467,0.000384615,0.360538
159,9540,1664,116,47.4613,-4.53192,0.000384615,0.360538
159,9540,5403,165,-19.2249,-48.6081,3.84615e-05,0.360538
159,9540,6163,175,13.9517,-2.65739,3.84615e-05,0.360538
159,9540,304,176,47.4911,-3.29008,0.000384615,0.360538
159,9540,504,176,47.6228,-2.84155,0.000384615,0.360538
159,9540,744,176,47.9946,-2.68744,0.000384615,0.360538
159,9540,984,176,47.8693,-2.15854,0.000384615,0.360538
159,9540,1184,176,48.0893,-2.41675,0.000384615,0.360538
159,9540,1424,176,47.8453,-2.77901,0.000384615,0.360538
159,9540,1784,176,47.56,-2.94705,0.000384615,0.360538
159,9540,1864,176,48.1552,-2.30309,0.000384615,0.360538
159,9540,1904,176,48.0184,-2.86865,0.000384615,0.360538
159,9540,3497,185,14.9044,21.2604,3.84615e-05,0.360538
160,9600,4343,9,31.6126,62.4753,3.84615e-05,0.364115
160,9600,4039,14,20.7319,79.9315,3.84615e-05,0.364115
160,9600,7576,21,70.0933,-131.778,3.84615e-05,0.364115
160,9600,6311,66,-19.1733,139.894,3.84615e-05,0.364115
160,9600,144,116,47.1903,-1.74278,0.000384615,0.364115
160,9600,464,116,46.3728,-2.40703,0.000384615,0.364115
160,9600,584,116,46.4678,-1.15265,0.000384615,0.364115
160,9600,784,116,46.6587,-1.14711,0.000384615,0.364115
160,9600,1064,116,46.777,-1.61516,0.000384615,0.364115
160,9600,1504,116,46.9685,-1.32593,0.000384615,0.364115
160,9600,3109,117,32.2409,41.6547,3.84615e-05,0.364115
160,9600,2591,128,63.2781,63.758,3.84615e-05,0.364115
160,9600,2705,128,63.8222,63.7522,3.84615e-05,0.364115
160,9600,5253,143,59.0327,103.994,3.84615e-05,0.364115
160,9600,6015,149,-20.3641,-59.5366,3.84615e-05,0.364115
160,9600,3121,165,-14.9389,-44.0588,3.84615e-05,0.364115
160,9600,6703,175,15.3426,-10.8487,3.84615e-05,0.364115
160,9600,344,176,49.0444,-4.58711,0.000384615,0.364115
160,9600,664,176,49.1402,-4.43971,0.000384615,0.364115
160,9600,3687,185,18.4455,22.7708,3.84615e-05,0.364115
160,9600,3695,197,-16.665,20.3209,3.84615e-05,0.364115
161,9660,4331,0,67.2748,94.8063,3.84615e-05,0.366808
161,9660,4793,8,5.3661,44.5794,3.84615e-05,0.366808
161,9660,4929,9,37.2923,56.1819,3.84615e-05,0.366808
161,9660,4536,14,24.3435,82.7645,3.84615e-05,0.366808
161,9660,5133,15,46.9688,118.795,3.84615e-05,0.366808
161,9660,2931,45,3.16444,-67.207,3.84615e-05,0.366808
161,9660,280,97,-7.03594,31.5721,0.000384615,0.366808
161,9660,1200,97,-6.90268,31.9347,0.000384615,0.366808
161,9660,1600,97,-6.64941,31.9801,0.000384615,0.366808
161,9660,1680,97,-6.97529,32.1962,0.000384615,0.366808
161,9660,5592,106,17.1738,50.1891,3.84615e-05,0.366808
161,9660,353,117,24.5037,42.9894,0.000384615,0.366808
161,9660,2890,128,61.1139,64.7727,3.84615e-05,0.366808
161,9660,6461,128,61.6018,65.1968,3.84615e-05,0.366808
161,9660,4059,129,27.2815,84.0077,3.84615e-05,0.366808
161,9660,4589,149,-17.5657,-65.0884,3.84615e-05,0.366808
161,9660,4522,153,-18.7989,-67.9614,3.84615e-05,0.366808
161,9660,6647,157,38.5384,76.1343,3.84615e-05,0.366808
161,9660,3847,158,24.8029,115.988,3.84615e-05,0.366808
161,9660,5215,165,-13.0534,-43.045,3.84615e-05,0.366808
161,9660,5698,175,20.0778,-10.7754,3.84615e-05,0.366808
161,9660,3689,186,52.0247,53.5231,3.84615e-05,0.366808
161,9660,4439,197,-15.567,21.3826,3.84615e-05,0.366808
161,9660,3758,198,20.6883,32.5096,3.84615e-05,0.366808
161,9660,4865,198,20.8384,31.9843,3.84615e-05,0.366808
162,9720,6145,8,9.80524,46.2983,3.84615e-05,0.371615
162,9720,5897,21,63.5294,-111.051,3.84615e-05,0.371615
162,9720,816,29,41.4595,95.7108,0.000384615,0.371615
162,9720,3966,31,61.9781,88.6229,3.84615e-05,0.371615
162,9720,3165,40,-2.35635,113.583,3.84615e-05,0.371615
162,9720,3782,45,1.01505,-66.2044,3.84615e-05,0.371615
162,9720,6737,80,-5.55611,17.6574,3.84615e-05,0.371615
162,9720,5691,89,25.634,0.717834,3.84615e-05,0.371615
162,9720,2977,96,13.1937,12.7429,3.84615e-05,0.371615
162,9720,3792,105,50.5038,47.3284,3.84615e-05,0.371615
162,9720,593,117,22.4019,44.3897,0.000384615,0.371615
162,9720,873,117,22.5551,44.6979,0.000384615,0.371615
162,9720,3270,117,22.2459,44.0111,3.84615e-05,0.371615
162,9720,3876,128,61.5399,77.4257,3.84615e-05,0.371615
162,9720,6626,128,61.2607,76.6007,3.84615e-05,0.371615
162,9720,5952,131,34.4601,63.2937,3.84615e-05,0.371615
162,9720,5193,143,51.0077,118.266,3.84615e-05,0.371615
162,9720,4222,149,-13.0778,-66.2117,3.84615e-05,0.371615
162,9720,6492,153,-16.7254,-62.5345,3.84615e-05,0.371615
162,9720,6198,165,-9.45174,-39.0029,3.84615e-05,0.371615
162,9720,5160,168,48.5524,62.221,3.84615e-05,0.371615
162,9720,6049,169,33.5979,111.251,3.84615e-05,0.371615
162,9720,6668,169,33.7271,111.882,3.84615e-05,0.371615
162,9720,5339,185,25.5495,21.6723,3.84615e-05,0.371615
162,9720,245,187,58.909,126.373,0.000384615,0.371615
162,9720,845,187,58.7688,125.234,0.000384615,0.371615
162,9720,925,187,58.6806,124.787,0.000384615,0.371615
162,9720,1325,187,58.7947,125.647,0.000384615,0.371615
162,9720,1485,187,58.4953,126.03,0.000384615,0.371615
162,9720,1725,187,58.3297,125.469,0.000384615,0.371615
162,9720,1965,187,58.7247,126.053,0.000384615,0.371615
162,9720,3259,197,-9.57925,23.4637,3.84615e-05,0.371615
162,9720,3674,199,54.8878,63.5709,3.84615e-05,0.371615
162,9720,5704,199,55.1255,62.0995,3.84615e-05,0.371615
162,9720,6750,199,55.108,62.9153,3.84615e-05,0.371615
163,9780,6916,8,11.0674,45.5713,3.84615e-05,0.379577
163,9780,5915,30,30.3194,98.9789,3.84615e-05,0.379577
163,9780,2457,40,1.46155,117.037,3.84615e-05,0.379577
163,9780,4113,40,2.01521,117.078,3.84615e-05,0.379577
163,9780,220,43,51.7447,-121.68,0.000384615,0.379577
163,9780,380,43,51.8057,-121.98,0.000384615,0.379577
163,9780,420,43,51.6512,-121.59,0.000384615,0.379577
163,9780,460,43,51.5367,-122.106,0.000384615,0.379577
163,9780,540,43,51.4754,-121.714,0.000384615,0.379577
163,9780,580,43,51.4595,-122.181,0.000384615,0.379577
163,9780,980,43,51.8628,-121.975,0.000384615,0.379577
163,9780,1300,43,50.9424,-121.444,0.000384615,0.379577
163,9780,1420,43,51.2401,-121.242,0.000384615,0.379577
163,9780,1460,43,51.6322,-121.563,0.000384615,0.379577
163,9780,1540,43,51.7271,-120.975,0.000384615,0.379577
163,9780,1740,43,51.226,-121.171,0.000384615,0.379577
163,9780,1780,43,51.9819,-121.698,0.000384615,0.379577
163,9780,1820,43,51.1674,-122.213,0.000384615,0.379577
163,9780,1900,43,51.8094,-121.63,0.000384615,0.379577
163,9780,5075,45,-0.147339,-65.1364,3.84615e-05,0.379577
163,9780,5797,45,-0.475349,-65.3096,3.84615e-05,0.379577
163,9780,4185,96,13.4042,17.6957,3.84615e-05,0.379577
163,9780,2898,117,22.6001,46.2946,3.84615e-05,0.379577
163,9780,2727,128,57.0996,80.1976,3.84615e-05,0.379577
163,9780,5848,130,54.7576,24.2337,3.84615e-05,0.379577
163,9780,4503,149,-12.9424,-63.4591,3.84615e-05,0.379577
163,9780,5695,153,-15.4225,-62.2371,3.84615e-05,0.379577
163,9780,4405,156,44.3726,39.6124,3.84615e-05,0.379577
163,9780,5103,165,-7.62699,-37.2272,3.84615e-05,0.379577
163,9780,6539,166,19.218,-12.3786,3.84615e-05,0.379577
163,9780,7623,176,63.04,-3.11293,3.84615e-05,0.379577
163,9780,4941,184,-1.06417,12.8519,3.84615e-05,0.379577
163,9780,0,197,-6.52375,30.3914,0.000384615,0.379577
163,9780,40,197,-6.93563,30.5565,0.000384615,0.379577
163,9780,1080,197,-7.25962,30.3472,0.000384615,0.379577
163,9780,1800,197,-6.98354,30.3599,0.000384615,0.379577
164,9840,6073,8,17.128,49.1912,3.84615e-05,0.382
164,9840,6309,14,32.042,92.7322,3.84615e-05,0.382
164,9840,3706,40,2.5308,117.463,3.84615e-05,0.382
164,9840,20,43,50.7109,-122.162,0.000384615,0.382
164,9840,500,43,50.2379,-121.722,0.000384615,0.382
164,9840,660,43,50.6548,-121.682,0.000384615,0.382
164,9840,740,43,50.8013,-122.827,0.000384615,0.382
164,9840,1380,43,50.8345,-122.087,0.000384615,0.382
164,9840,2326,45,0.688965,-59.2782,3.84615e-05,0.382
164,9840,6050,89,18.6134,3.57565,3.84615e-05,0.382
164,9840,4858,96,10.4338,15.5821,3.84615e-05,0.382
164,9840,6251,109,-75.9681,-127.741,3.84615e-05,0.382
164,9840,6256,117,19.9619,51.6746,3.84615e-05,0.382
164,9840,5701,153,-16.0807,-54.4173,3.84615e-05,0.382
164,9840,2560,156,42.6691,46.8938,3.84615e-05,0.382
164,9840,5658,184,1.60145,14.7486,3.84615e-05,0.382
164,9840,5210,190,63.5456,152.376,3.84615e-05,0.382
164,9840,2953,197,-3.06884,29.6827,3.84615e-05,0.382
165,9900,5805,7,-14.863,37.2816,3.84615e-05,0.3825
165,9900,2215,8,21.1824,48.936,3.84615e-05,0.3825
165,9900,4322,14,36.4433,97.2337,3.84615e-05,0.3825
165,9900,4088,45,-2.11407,-57.1407,3.84615e-05,0.3825
165,9900,5643,58,-6.32916,-42.5313,3.84615e-05,0.3825
165,9900,5445,89,16.4115,3.48332,3.84615e-05,0.3825
165,9900,3369,96,6.21843,20.7722,3.84615e-05,0.3825
165,9900,5114,117,18.4653,54.2818,3.84615e-05,0.3825
165,9900,5237,142,72.2357,92.5613,3.84615e-05,0.3825
165,9900,4677,144,2.52593,114.968,3.84615e-05,0.3825
165,9900,3368,153,-12.9657,-54.3377,3.84615e-05,0.3825
165,9900,7108,176,71.0955,4.35155,3.84615e-05,0.3825
165,9900,3417,197,-1.56364,30.4962,3.84615e-05,0.3825
166,9960,6016,8,22.5257,50.0825,3.84615e-05,0.382923
166,9960,2661,14,35.6726,103.053,3.84615e-05,0.382923
166,9960,4450,45,-3.97277,-53.7619,3.84615e-05,0.382923
166,9960,4645,58,-9.238,-41.1619,3.84615e-05,0.382923
166,9960,6462,89,14.1822,6.61787,3.84615e-05,0.382923
166,9960,5886,96,9.20605,24.0633,3.84615e-05,0.382923
166,9960,3629,104,65.7891,31.8825,3.84615e-05,0.382923
166,9960,4422,122,-77.5602,-119.74,3.84615e-05,0.382923
166,9960,5132,184,10.0843,12.4714,3.84615e-05,0.382923
166,9960,4248,197,2.62309,31.9845,3.84615e-05,0.382923
166,9960,6075,197,2.56834,31.4933,3.84615e-05,0.382923
167,10020,5007,8,25.7153,48.9962,3.84615e-05,0.384231
167,10020,4657,14,34.9004,105.408,3.84615e-05,0.384231
167,10020,5731,28,24.8718,83.2697,3.84615e-05,0.384231
167,10020,3926,45,-13.4386,-53.5348,3.84615e-05,0.384231
167,10020,4679,58,-9.69919,-40.1894,3.84615e-05,0.384231
167,10020,60,86,51.3327,-123.475,0.000384615,0.384231
167,10020,900,86,51.2318,-124.012,0.000384615,0.384231
167,10020,2540,104,66.2134,49.6743,3.84615e-05,0.384231
167,10020,4102,104,66.3242,48.6058,3.84615e-05,0.384231
167,10020,4012,122,-76.5459,-114.165,3.84615e-05,0.384231
167,10020,6421,137,2.31557,-74.7612,3.84615e-05,0.384231
167,10020,5966,142,65.9091,98.9654,3.84615e-05,0.384231
167,10020,6146,166,23.962,2.84787,3.84615e-05,0.384231
167,10020,2568,167,42.5677,43.4081,3.84615e-05,0.384231
167,10020,6021,177,64.5584,165.374,3.84615e-05,0.384231
167,10020,5198,184,10.7664,18.0484,3.84615e-05,0.384231
168,10080,5864,13,18.3107,76.5361,3.84615e-05,0.388538
168,10080,2882,14,42.3896,106.414,3.84615e-05,0.388538
168,10080,4524,28,29.2647,83.5536,3.84615e-05,0.388538
168,10080,3775,45,-11.3915,-47.7492,3.84615e-05,0.388538
168,10080,5894,71,19.9336,-12.7026,3.84615e-05,0.388538
168,10080,180,86,51.9941,-123.429,0.000384615,0.388538
168,10080,1020,86,52.3785,-123.306,0.000384615,0.388538
168,10080,1100,86,51.5571,-123.373,0.000384615,0.388538
168,10080,1980,86,51.7578,-123.597,0.000384615,0.388538
168,10080,4391,95,27.5369,3.23729,3.84615e-05,0.388538
168,10080,3785,104,62.0372,36.9927,3.84615e-05,0.388538
168,10080,5211,108,-80.5283,71.0717,3.84615e-05,0.388538
168,10080,4951,116,30.5073,32.4575,3.84615e-05,0.388538
168,10080,5430,137,5.63184,-72.3461,3.84615e-05,0.388538
168,10080,1464,139,50.2842,-3.50371,0.000384615,0.388538
168,10080,6685,166,26.9548,6.19319,3.84615e-05,0.388538
168,10080,104,175,47.1336,-3.55659,0.000384615,0.388538
168,10080,864,175,47.4481,-2.68867,0.000384615,0.388538
168,10080,944,175,47.1413,-3.1759,0.000384615,0.388538
168,10080,1024,175,46.8596,-3.00194,0.000384615,0.388538
168,10080,1744,175,47.4097,-2.73611,0.000384615,0.388538
168,10080,4825,184,15.0753,14.2602,3.84615e-05,0.388538
169,10140,2659,7,0.579514,42.7437,3.84615e-05,0.390885
169,10140,4051,13,20.3624,76.2908,3.84615e-05,0.390885
169,10140,5940,14,43.4675,109.665,3.84615e-05,0.390885
169,10140,3278,28,34.6543,84.1568,3.84615e-05,0.390885
169,10140,6639,39,15.2209,102,3.84615e-05,0.390885
169,10140,5201,45,-13.8066,-48.6441,3.84615e-05,0.390885
169,10140,260,68,52.5762,-123.557,0.000384615,0.390885
169,10140,860,68,52.7111,-123.899,0.000384615,0.390885
169,10140,1620,86,52.7574,-119.458,0.000384615,0.390885
169,10140,3490,104,58.371,46.7033,3.84615e-05,0.390885
169,10140,6505,104,58.5927,47.3016,3.84615e-05,0.390885
169,10140,824,115,48.6213,-2.49196,0.000384615,0.390885
169,10140,1144,115,48.6069,-2.26971,0.000384615,0.390885
169,10140,3147,127,67.3259,54.7935,3.84615e-05,0.390885
169,10140,6261,148,-22.622,-65.1839,3.84615e-05,0.390885
169,10140,824,175,48.6213,-2.49196,0.000384615,0.390885
169,10140,1144,175,48.6069,-2.26971,0.000384615,0.390885
169,10140,4242,184,17.083,21.1801,3.84615e-05,0.390885
170,10200,3381,7,0.346245,41.8804,3.84615e-05,0.394346
170,10200,3680,13,23.4949,79.77,3.84615e-05,0.394346
170,10200,4198,28,35.6812,90.2623,3.84615e-05,0.394346
170,10200,620,68,52.442,-122.678,0.000384615,0.394346
170,10200,940,68,52.1358,-122.443,0.000384615,0.394346
170,10200,1220,68,52.0098,-122.21,0.000384615,0.394346
170,10200,1340,68,51.654,-122.559,0.000384615,0.394346
170,10200,6690,89,0.108528,11.483,3.84615e-05,0.394346
170,10200,624,115,47.7674,-1.83768,0.000384615,0.394346
170,10200,1344,115,47.7486,-1.75281,0.000384615,0.394346
170,10200,1384,115,47.5184,-1.07188,0.000384615,0.394346
170,10200,1944,115,47.8516,-1.27386,0.000384615,0.394346
170,10200,3655,116,26.3496,39.8967,3.84615e-05,0.394346
170,10200,3133,127,63.4665,61.143,3.84615e-05,0.394346
170,10200,4601,142,54.7492,115.024,3.84615e-05,0.394346
170,10200,5665,164,-16.3155,-45.5656,3.84615e-05,0.394346
170,10200,4999,184,23.1034,21.9613,3.84615e-05,0.394346
170,10200,5551,196,-14.0122,19.4819,3.84615e-05,0.394346
171,10260,5109,7,4.86325,44.102,3.84615e-05,0.397231
171,10260,5537,8,35.6237,59.7264,3.84615e-05,0.397231
171,10260,5149,9,65.9698,93.9658,3.84615e-05,0.397231
171,10260,3893,13,24.0787,80.6894,3.84615e-05,0.397231
171,10260,3733,28,39.5142,90.8601,3.84615e-05,0.397231
171,10260,5028,44,4.52611,-70.0452,3.84615e-05,0.397231
171,10260,700,55,52.4014,-120.877,0.000384615,0.397231
171,10260,1260,55,52.2918,-120.288,0.000384615,0.397231
171,10260,1940,55,52.712,-121.153,0.000384615,0.397231
171,10260,5476,96,-6.12395,34.8081,3.84615e-05,0.397231
171,10260,3530,116,27.692,42.8592,3.84615e-05,0.397231
171,10260,3800,127,58.352,64.4466,3.84615e-05,0.397231
171,10260,5789,148,-16.3924,-66.9239,3.84615e-05,0.397231
171,10260,5789,152,-16.3924,-66.9239,3.84615e-05,0.397231
171,10260,5196,164,-12.6646,-43.2444,3.84615e-05,0.397231
171,10260,6526,164,-12.4924,-43.7153,3.84615e-05,0.397231
171,10260,7462,177,53.685,164.961,3.84615e-05,0.397231
171,10260,5,186,58.9863,123.26,0.000384615,0.397231
171,10260,205,186,58.9573,123.249,0.000384615,0.397231
171,10260,685,186,59.0126,122.656,0.000384615,0.397231
171,10260,3744,197,22.0999,31.4397,3.84615e-05,0.397231
171,10260,4622,198,57.0684,49.6673,3.84615e-05,0.397231
172,10320,4706,7,9.9003,43.5705,3.84615e-05,0.399269
172,10320,5963,13,27.0082,82.8694,3.84615e-05,0.399269
172,10320,5609,14,48.6746,120.35,3.84615e-05,0.399269
172,10320,3523,28,43.3074,93.4361,3.84615e-05,0.399269
172,10320,5584,30,64.6864,96.6435,3.84615e-05,0.399269
172,10320,4229,44,1.23126,-65.6321,3.84615e-05,0.399269
172,10320,3199,49,-1.11836,114.128,3.84615e-05,0.399269
172,10320,100,55,50.8697,-120.824,0.000384615,0.399269
172,10320,340,55,50.8192,-121.368,0.000384615,0.399269
172,10320,1860,55,50.654,-120.904,0.000384615,0.399269
172,10320,5712,95,13.8417,8.8389,3.84615e-05,0.399269
172,10320,4218,104,47.4257,46.87,3.84615e-05,0.399269
172,10320,4664,105,8.51794,41.0685,3.84615e-05,0.399269
172,10320,3095,116,19.5029,42.9006,3.84615e-05,0.399269
172,10320,4772,127,55.8008,63.4533,3.84615e-05,0.399269
172,10320,6428,127,55.478,63.8064,3.84615e-05,0.399269
172,10320,4015,128,24.4844,79.9376,3.84615e-05,0.399269
172,10320,5959,130,38.5226,70.7915,3.84615e-05,0.399269
172,10320,5288,142,49.0638,116.255,3.84615e-05,0.399269
172,10320,4241,148,-12.4501,-61.8728,3.84615e-05,0.399269
172,10320,5871,152,-16.2662,-66.3573,3.84615e-05,0.399269
172,10320,4274,156,43.2172,84.5705,3.84615e-05,0.399269
172,10320,2713,168,33.1458,111.634,3.84615e-05,0.399269
172,10320,5083,184,26.5148,23.117,3.84615e-05,0.399269
172,10320,3652,185,59.2782,50.2804,3.84615e-05,0.399269
172,10320,3817,196,-8.53721,27.3342,3.84615e-05,0.399269
173,10380,4949,28,45.9291,86.9692,3.84615e-05,0.400654
173,10380,6380,39,30.6372,99.6353,3.84615e-05,0.400654
173,10380,1060,42,50.5213,-123.062,0.000384615,0.400654
173,10380,1180,42,50.2316,-122.934,0.000384615,0.400654
173,10380,4945,44,1.54754,-60.6695,3.84615e-05,0.400654
173,10380,5041,44,1.51834,-60.3193,3.84615e-05,0.400654
173,10380,5737,49,1.32812,113.009,3.84615e-05,0.400654
173,10380,4854,57,-1.04959,-50.1535,3.84615e-05,0.400654
173,10380,6665,89,-9.5108,15.2547,3.84615e-05,0.400654
173,10380,5595,95,15.8457,15.9912,3.84615e-05,0.400654
173,10380,4907,116,21.1485,47.0858,3.84615e-05,0.400654
173,10380,3002,127,53.0108,79.0939,3.84615e-05,0.400654
173,10380,5954,127,53.4627,78.2365,3.84615e-05,0.400654
173,10380,4817,148,-8.90028,-61.759,3.84615e-05,0.400654
173,10380,5828,152,-13.2614,-60.5213,3.84615e-05,0.400654
173,10380,3471,155,50.1554,36.2472,3.84615e-05,0.400654
173,10380,5388,164,-6.84102,-39.6561,3.84615e-05,0.400654
173,10380,3659,196,-4.37709,23.6812,3.84615e-05,0.400654
174,10440,5804,7,17.008,44.969,3.84615e-05,0.401654
174,10440,5826,13,34.726,90.4504,3.84615e-05,0.401654
174,10440,2143,39,36.0895,93.37,3.84615e-05,0.401654
174,10440,1500,42,51.0178,-119.846,0.000384615,0.401654
174,10440,3500,44,-1.18942,-58.6663,3.84615e-05,0.401654
174,10440,4950,49,4.28211,114.373,3.84615e-05,0.401654
174,10440,5590,57,-3.2459,-48.6049,3.84615e-05,0.401654
174,10440,5882,116,18.2475,49.0977,3.84615e-05,0.401654
174,10440,4061,127,52.3102,69.6325,3.84615e-05,0.401654
174,10440,4950,143,4.28211,114.373,3.84615e-05,0.401654
174,10440,3859,148,-3.92855,-66.5663,3.84615e-05,0.401654
174,10440,5440,152,-10.2753,-61.0118,3.84615e-05,0.401654
174,10440,5263,155,43.6673,45.3159,3.84615e-05,0.401654
174,10440,5450,164,-6.43746,-36.3066,3.84615e-05,0.401654
174,10440,4872,167,50.3525,72.7355,3.84615e-05,0.401654
174,10440,5383,167,50.3334,73.1239,3.84615e-05,0.401654
174,10440,2817,196,0.150291,22.5062,3.84615e-05,0.401654
174,10440,6776,199,67.0973,164.668,3.84615e-05,0.401654
175,10500,5870,6,-12.8119,36.7733,3.84615e-05,0.402115
175,10500,6470,7,20.8289,47.9767,3.84615e-05,0.402115
175,10500,3145,13,37.0356,93.7085,3.84615e-05,0.402115
175,10500,5539,27,20.7875,81.42,3.84615e-05,0.402115
175,10500,3145,39,37.0356,93.7085,3.84615e-05,0.402115
175,10500,4958,44,-4.47312,-58.0647,3.84615e-05,0.402115
175,10500,3833,57,-5.97961,-46.043,3.84615e-05,0.402115
175,10500,4270,103,68.6813,33.1971,3.84615e-05,0.402115
175,10500,3114,139,52.2076,38.0272,3.84615e-05,0.402115
175,10500,4607,152,-6.3446,-57.9467,3.84615e-05,0.402115
175,10500,4473,155,48.7098,50.6597,3.84615e-05,0.402115
175,10500,7955,175,71.6332,1.9091,3.84615e-05,0.402115
175,10500,2447,196,2.15282,29.4411,3.84615e-05,0.402115
176,10560,4135,13,33.1331,100.782,3.84615e-05,0.4025
176,10560,4370,44,-7.36202,-54.9057,3.84615e-05,0.4025
176,10560,3508,57,-9.6668,-44.1399,3.84615e-05,0.4025
176,10560,6672,89,-20.5689,22.0339,3.84615e-05,0.4025
176,10560,4762,103,65.2059,28.797,3.84615e-05,0.4025
176,10560,2915,139,51.0586,44.0429,3.84615e-05,0.4025
176,10560,6322,141,68.7631,92.3772,3.84615e-05,0.4025
176,10560,6663,176,65.5178,176.962,3.84615e-05,0.4025
176,10560,5914,183,10.1445,16.2171,3.84615e-05,0.4025
176,10560,3251,196,4.1013,29.6953,3.84615e-05,0.4025
177,10620,6478,6,-7.24317,37.4266,3.84615e-05,0.403269
177,10620,3340,13,40.4852,100.196,3.84615e-05,0.403269
177,10620,5034,27,27.0874,81.6839,3.84615e-05,0.403269
177,10620,5379,44,-9.93285,-54.6673,3.84615e-05,0.403269
177,10620,140,85,50.9877,-124.786,0.000384615,0.403269
177,10620,4291,95,2.00392,25.5526,3.84615e-05,0.403269
177,10620,4070,103,61.8781,32.5463,3.84615e-05,0.403269
177,10620,5874,107,-81.4997,75.5335,3.84615e-05,0.403269
177,10620,5434,166,45.8016,41.6987,3.84615e-05,0.403269
177,10620,4389,183,15.9378,10.6793,3.84615e-05,0.403269
177,10620,2833,196,8.66293,30.7224,3.84615e-05,0.403269
178,10680,3236,6,-1.83163,39.4023,3.84615e-05,0.404462
178,10680,4650,27,33.4768,82.8728,3.84615e-05,0.404462
178,10680,5753,44,-13.1484,-51.0368,3.84615e-05,0.404462
178,10680,300,85,52.9712,-123.314,0.000384615,0.404462
178,10680,1660,85,53.21,-123.236,0.000384615,0.404462
178,10680,3346,95,0.466003,29.0891,3.84615e-05,0.404462
178,10680,2862,103,58.594,43.1975,3.84615e-05,0.404462
178,10680,4519,103,58.8942,42.9971,3.84615e-05,0.404462
178,10680,5293,107,-83.3035,46.9427,3.84615e-05,0.404462
178,10680,5478,115,28.7204,31.6286,3.84615e-05,0.404462
178,10680,6151,126,69.8104,70.7894,3.84615e-05,0.404462
178,10680,5219,141,59.4814,100.537,3.84615e-05,0.404462
178,10680,5207,183,17.3026,17.3934,3.84615e-05,0.404462
179,10740,2010,6,2.1657,39.6318,3.84615e-05,0.404846
179,10740,4620,12,22.7598,78.0337,3.84615e-05,0.404846
179,10740,4901,27,32.4074,85.7883,3.84615e-05,0.404846
179,10740,3125,95,-1.37622,29.5015,3.84615e-05,0.404846
179,10740,2364,103,57.8756,41.0103,3.84615e-05,0.404846
179,10740,6025,115,29.3345,39.026,3.84615e-05,0.404846
179,10740,5666,126,64.813,64.083,3.84615e-05,0.404846
179,10740,6564,126,64.8804,63.6838,3.84615e-05,0.404846
179,10740,3614,163,-15.318,-49.4207,3.84615e-05,0.404846
179,10740,4532,183,20.5508,19.8523,3.84615e-05,0.404846
180,10800,2079,6,5.22665,40.2295,3.84615e-05,0.405154
180,10800,4126,95,-5.27876,28.4798,3.84615e-05,0.405154
180,10800,6350,115,26.0045,33.7865,3.84615e-05,0.405154
180,10800,2043,126,61.6865,69.2208,3.84615e-05,0.405154
180,10800,5401,147,-17.9588,-70.7786,3.84615e-05,0.405154
180,10800,5401,151,-17.9588,-70.7786,3.84615e-05,0.405154
180,10800,4852,163,-12.2719,-46.3905,3.84615e-05,0.405154
180,10800,4535,183,21.4159,19.2931,3.84615e-05,0.405154
180,10800,6765,195,-17.3234,22.3068,3.84615e-05,0.405154
