step,time_s,satellite,az_deg,el_deg,boresight_lat_deg,boresight_lon_deg,corner1_lat_deg,corner1_lon_deg,corner2_lat_deg,corner2_lon_deg,corner3_lat_deg,corner3_lon_deg,corner4_lat_deg,corner4_lon_deg,targets_hit
1,60,0,29.4928,24.8759,-21.1907,-90.0465,-20.4462,-89.6912,-20.9355,-90.7168,-22.0788,-90.4388,-21.4769,-89.418,1
1,60,1,-29.1287,-9.9379,-49.1706,-69.1506,-48.4423,-68.7909,-49.0417,-70.0883,-49.8156,-69.4928,-49.2832,-68.1309,3
1,60,2,26.9874,3.3044,-77.544,-0.149168,-77.0847,-2.12355,-78.0652,-2.11262,-78.0288,2.18801,-77.0544,1.55051,1
1,60,3,30.5902,5.30044,-51.8607,72.7871,-52.0966,71.7549,-52.4635,73.3913,-51.5832,73.9256,-51.3016,72.2631,1
1,60,4,-32.5135,-21.602,-18.6533,78.24,-19.1788,77.3681,-19.202,78.6408,-18.2236,78.9873,-18.0942,77.7787,1
1,60,5,17.1368,23.7059,19.4476,94.7335,19.0783,94.1587,18.9323,95.0375,19.8814,95.3633,19.9837,94.4562,1
1,60,6,-11.0282,23.3005,54.0864,107.421,53.8744,106.516,53.4926,107.68,54.3257,108.343,54.7436,107.174,2
1,60,8,-30.9036,21.1356,50.1137,-106.061,50.6801,-105.448,50.4882,-107.159,49.5542,-106.578,49.6411,-104.82,2
1,60,9,-33.7849,4.57514,17.6354,-93.596,18.2321,-93.0946,17.9422,-94.2787,17.0912,-94.0352,17.2833,-92.8263,2
1,60,10,-37.8371,-2.39822,1.72,101.901,1.75554,101.119,1.07408,102.055,1.69032,102.582,2.45288,101.718,1
1,60,12,-9.19156,-18.6227,46.2824,165.238,46.4418,164.482,45.8305,164.933,46.1136,165.932,46.733,165.517,1
1,60,13,35.6458,-6.16843,43.5498,-141.351,44.1387,-141.632,43.1451,-142.234,42.8874,-141.061,43.901,-140.572,1
1,60,14,32.4891,17.6723,23.5673,-101.251,24.2546,-101.296,23.4341,-101.915,22.772,-101.18,23.6616,-100.626,3
1,60,15,32.285,-9.40046,-0.729278,-77.9897,-0.161843,-77.8702,-0.69373,-78.7061,-1.34511,-78.1358,-0.753334,-77.3572,2
1,60,16,26.7036,17.3375,-29.0128,-50.4831,-28.3996,-50.5213,-29.0859,-51.1225,-29.7047,-50.4194,-28.9636,-49.8697,2
1,60,17,27.3673,17.1532,-49.0694,-11.1305,-48.5169,-11.5574,-49.37,-11.8709,-49.685,-10.612,-48.7989,-10.4147,1
1,60,18,-34.092,-17.8616,-44.0876,37.0766,-43.7141,36.0388,-44.647,36.7883,-44.4141,37.9649,-43.4714,37.3411,1
1,60,19,-36.8572,-8.40408,-24.9891,76.1377,-24.8881,75.2587,-25.6198,76.2167,-25.0778,76.8981,-24.285,76.0314,1
1,60,20,40.2382,1.97785,-6.6772,-59.5621,-6.17583,-59.0721,-6.33869,-60.2789,-7.25733,-60.1353,-6.97657,-58.9436,2
1,60,21,25.0092,12.7334,-42.7653,-50.6923,-42.3025,-50.2785,-42.5105,-51.3299,-43.283,-51.145,-43.0183,-50.0909,1
1,60,22,14.2491,23.0767,-76.9541,-17.3837,-76.418,-17.4116,-76.9034,-19.5539,-77.5451,-17.2463,-77.0132,-15.1695,2
1,60,23,36.2369,-19.8503,-67.5269,109.136,-67.7097,107.635,-68.3262,110.155,-67.347,110.776,-66.8567,108.289,1
1,60,24,-16.942,-11.3227,-30.3077,116.094,-30.6144,115.584,-30.7005,116.406,-30.0285,116.57,-29.9116,115.765,1
1,60,25,35.492,21.1424,7.45277,128.074,6.99746,127.479,7.01852,128.551,8.01053,128.768,7.87941,127.658,1
1,60,26,-40.6199,-0.853129,41.8717,126.501,41.5036,125.526,41.3826,127.16,42.1853,127.345,42.4285,125.716,2
1,60,28,35.6935,-10.244,63.8305,-85.0675,64.3718,-84.4942,63.9922,-86.7674,63.236,-85.7148,63.6818,-83.6057,2
1,60,32,29.5287,20.6609,-27.1483,-43.0754,-26.6878,-42.5424,-26.7639,-43.5645,-27.6925,-43.679,-27.5352,-42.6298,1
1,60,33,-29.3602,19.8499,-63.2994,-38.1913,-62.9551,-37.1605,-62.8039,-39.1298,-63.6429,-39.1556,-63.8749,-37.1062,1
1,60,34,-6.81804,-20.9732,-84.0793,163.222,-84.5949,161.568,-84.2917,167.724,-83.6007,164.685,-83.86,159.085,2
1,60,35,39.1377,-11.7295,-47.484,150.22,-47.9162,149.491,-47.9703,151.315,-47.0096,151.05,-47.0714,149.3,2
1,60,38,10.1804,-18.2372,59.6909,138.296,59.3064,137.697,59.2996,139.031,60.0549,138.93,60.0398,137.575,2
1,60,39,38.573,12.2571,81.3147,-45.815,81.8564,-42.3645,81.5939,-50.3066,80.6349,-49.3011,81.0052,-42.1383,2
1,60,40,31.4139,13.9147,45.244,-82.9115,45.8683,-83.2967,44.8936,-83.6776,44.5348,-82.4633,45.5457,-82.176,2
1,60,41,-11.6078,-19.5577,29.8306,-45.5883,30.4219,-45.6508,29.857,-46.1956,29.2838,-45.5523,29.8242,-44.9892,1
1,60,42,-22.784,-24.7893,3.55168,-20.7104,4.31001,-20.7287,3.6233,-21.2761,2.88805,-20.7184,3.51553,-20.1378,1
1,60,45,-35.347,-15.8501,-45.8449,92.4864,-45.4491,91.3514,-46.4549,92.2082,-46.1869,93.4591,-45.1674,92.7422,1
1,60,46,27.1182,-7.47472,-30.1295,136.549,-30.096,135.897,-30.7897,136.588,-30.1737,137.248,-29.5325,136.508,2
1,60,47,-22.8379,-20.1918,-0.533402,156.276,-0.687349,155.589,-1.07981,156.358,-0.415081,156.891,0.0202194,156.165,1
1,60,48,-37.5312,-8.65272,29.3019,179.219,29.3135,178.226,28.643,179.396,29.2802,-179.927,30.0379,178.997,1
1,60,49,31.9613,10.6076,45.8599,-135.727,46.1625,-136.583,45.2291,-135.992,45.5173,-134.759,46.434,-135.453,1
1,60,50,-25.7121,15.9485,2.71178,176.312,2.70677,175.704,2.06176,176.369,2.73972,176.893,3.44354,176.265,1
1,60,51,34.224,-14.3581,23.612,-156.941,23.7097,-157.647,22.7326,-156.944,23.4736,-156.177,24.3691,-156.953,1
1,60,52,37.7249,-8.42585,43.9601,-119.716,44.358,-120.535,43.1041,-120.137,43.488,-118.822,44.6951,-119.352,2
1,60,53,-27.1376,-20.9977,51.606,-67.1032,52.3013,-67.7844,51.3142,-67.9434,50.9868,-66.5552,51.9326,-66.2474,2
1,60,54,-37.6817,-15.85,31.8181,-25.1656,32.8158,-25.1346,31.6974,-25.976,30.9795,-25.2082,31.9814,-24.2696,1
1,60,56,-26.1841,4.73477,-25.839,23.908,-25.2134,23.9646,-25.8676,23.2367,-26.4219,23.8635,-25.8074,24.6432,2
1,60,57,-11.2081,-24.1242,-46.284,56.8237,-45.7133,56.3573,-46.4481,56.0286,-46.8128,57.225,-46.0919,57.5756,1
1,60,58,26.4841,-5.41313,-50.9069,115.406,-50.6305,114.589,-51.5299,115.014,-51.2058,116.287,-50.3372,115.749,1
1,60,59,-33.8328,-7.01395,-25.625,149.553,-25.5594,148.668,-26.2763,149.641,-25.6828,150.33,-24.9063,149.44,1
1,60,60,25.0743,-0.758371,-46.284,56.8237,-45.7512,56.7743,-46.3841,55.9963,-46.8583,56.8741,-46.1871,57.587,1
1,60,61,-37.2113,13.5278,-50.9069,115.406,-50.3673,114.689,-51.5099,114.729,-51.3725,116.094,-50.2019,116.195,1
1,60,62,-23.5,-22.3927,-38.2134,158.025,-38.242,157.13,-38.7496,157.987,-38.203,158.814,-37.6668,158.024,1
1,60,63,-31.8776,23.1173,-7.00088,-173.287,-6.99552,-173.909,-7.73017,-173.225,-6.96701,-172.698,-6.14097,-173.333,1
1,60,64,-34.9377,-17.9718,19.0315,-155.154,18.8596,-156.045,18.4549,-154.955,19.1585,-154.39,19.647,-155.406,1
1,60,65,25.1773,1.9271,42.8316,-119.156,42.9483,-119.876,42.2617,-119.236,42.7002,-118.38,43.3611,-119.076,1
1,60,66,22.7812,-4.48528,52.8237,-67.2694,53.2406,-67.7738,52.4508,-67.9844,52.3756,-66.7538,53.1672,-66.5997,3
1,60,68,-33.482,7.78003,11.9556,10.8747,12.5763,11.0928,12.0281,10.2221,11.3878,10.6901,11.8655,11.6144,2
1,60,69,-27.2815,-13.8322,-15.9977,30.1581,-15.3266,30.229,-15.9723,29.5965,-16.5944,30.0822,-16.0031,30.7528,2
1,60,70,-20.7821,9.98109,-32.14,49.7795,-31.6217,50.0335,-31.9549,49.1449,-32.6421,49.547,-32.3466,50.4687,1
1,60,73,5.83966,-23.5302,-36.7365,-162.45,-36.9699,-163.09,-37.3273,-162.299,-36.5341,-161.828,-36.1949,-162.616,1
1,60,75,-35.0366,-14.5354,32.0636,-137.475,31.7196,-138.432,31.5114,-137.073,32.3407,-136.643,32.6521,-137.951,1
1,60,76,30.2083,8.16102,60.0365,-95.931,60.1539,-97.2058,59.3835,-95.9561,59.8973,-94.5097,60.638,-95.8797,2
1,60,77,-15.2874,-12.5961,65.319,-16.8428,65.8959,-17.1139,65.2335,-18.0786,64.78,-16.6277,65.4103,-15.5847,1
1,60,78,-22.581,0.246017,35.3747,20.5184,35.9179,20.8108,35.546,19.8702,34.8655,20.2509,35.189,21.2101,2
1,60,79,-31.6554,-23.7482,4.89067,34.9489,5.77752,35.2337,5.09047,34.3534,4.14742,34.6859,4.72293,35.588,3
1,60,80,-32.9305,-24.8864,-52.0962,-179.069,-52.0331,179.477,-52.6809,-179.144,-52.1586,-177.847,-51.4777,-179.065,1
1,60,81,23.0231,19.3346,-24.283,-139.742,-24.4711,-140.346,-24.7796,-139.542,-24.0514,-139.074,-23.7906,-139.91,1
1,60,82,26.3596,2.22752,5.92029,-122.873,5.79135,-123.398,5.38804,-122.664,6.06053,-122.301,6.41492,-123.063,1
1,60,83,-38.403,13.2995,41.1113,-107.677,41.1389,-108.625,40.389,-107.451,41.1039,-106.83,41.9659,-107.934,1
1,60,85,35.8013,11.3813,49.5672,5.4969,50.2475,5.4167,49.3548,4.51881,48.7805,5.60268,49.7339,6.3963,2
1,60,86,39.176,1.2408,22.6902,33.8236,23.3315,34.0917,22.7327,32.9812,21.9511,33.5136,22.6433,34.5561,1
1,60,87,37.4276,17.6254,-10.2252,52.5861,-9.4999,52.8162,-10.1788,51.889,-11.0921,52.3294,-10.297,53.2151,1
1,60,89,26.0641,11.5955,-63.1914,120.593,-62.6833,120.041,-63.4858,119.554,-63.7479,121.249,-62.9186,121.573,1
1,60,90,21.5898,-17.4168,32.6824,-70.0627,32.7984,-70.6728,32.0605,-70.2657,32.5384,-69.4455,33.246,-69.8955,1
1,60,92,-30.5624,-19.6096,41.0202,23.649,41.7784,23.3098,40.8187,22.9307,40.3585,23.9134,41.2589,24.3987,2
1,60,93,4.02468,18.5762,13.2107,56.2981,13.7148,56.2765,13.2292,55.7886,12.6784,56.3397,13.1713,56.8237,1
1,60,95,-25.2294,9.75536,-33.7748,112.749,-33.2115,112.663,-33.9064,112.076,-34.305,112.846,-33.634,113.49,1
1,60,96,-19.8861,-14.0126,-45.2587,154.514,-44.8247,153.92,-45.6095,153.979,-45.6611,155.053,-44.883,155.041,1
1,60,97,26.1411,24.5022,-38.186,-151.712,-38.118,-152.571,-38.7603,-151.789,-38.2301,-150.715,-37.6288,-151.592,1
1,60,98,34.3318,2.85162,-16.7429,-121.922,-16.6914,-122.592,-17.4338,-121.808,-16.7985,-121.164,-16.1228,-122.015,1
1,60,99,-35.3214,-16.9215,12.6384,-103.579,12.5868,-104.472,12.0286,-103.455,12.6648,-102.817,13.2975,-103.746,1
1,60,100,-37.6024,9.58424,64.3312,-96.0169,63.8995,-97.401,63.8618,-94.721,64.7195,-94.7718,64.8696,-97.5717,2
1,60,102,-29.0972,-22.056,47.0967,88.6026,47.7307,89.3449,47.4636,87.9452,46.5589,87.9524,46.738,89.3119,2
1,60,106,36.3779,-1.40938,-80.8541,-85.936,-81.2966,-89.1198,-81.2329,-81.6614,-80.3279,-82.6636,-80.4809,-89.3902,2
1,60,107,-7.5194,18.9446,-42.9596,-95.953,-43.2928,-96.4673,-43.3704,-95.5198,-42.6008,-95.4504,-42.5074,-96.3892,1
1,60,110,26.7462,-16.5037,0.248303,-71.5389,0.218627,-72.0507,-0.403201,-71.4886,0.257247,-71.0015,0.82539,-71.5973,2
1,60,111,22.6257,12.0352,29.8306,-45.5883,29.8327,-46.1935,29.322,-45.5503,29.8358,-44.9241,30.319,-45.609,1
1,60,112,-23.5697,-6.91898,52.0342,-9.5145,52.2777,-10.3361,51.5768,-9.81072,51.801,-8.77112,52.5204,-9.20809,1
1,60,113,34.6715,-10.2361,45.1982,45.2413,45.7588,45.0558,44.9012,44.2953,44.5764,45.4173,45.4578,46.0697,2
1,60,114,16.5807,-19.2853,25.5307,81.9706,26.0139,81.9815,25.6037,81.3435,25.0473,81.9363,25.4781,82.5434,1
1,60,115,38.8272,-3.15821,-4.84265,104.389,-4.22691,104.58,-4.83451,103.615,-5.54249,104.161,-4.84963,105.059,1
1,60,116,-34.0643,-11.2506,-27.459,133.624,-26.7314,133.636,-27.5451,132.991,-28.0935,133.604,-27.3429,134.314,1
1,60,118,34.8792,12.8626,-49.9395,-127.549,-49.7345,-128.515,-50.5685,-127.641,-50.1548,-126.417,-49.3684,-127.436,1
1,60,120,-34.0095,3.62539,-49.1706,-69.1506,-49.4658,-70.2112,-49.7283,-68.5021,-48.8894,-68.2157,-48.5353,-69.8659,2
1,60,121,-18.3322,-19.782,-16.3642,-60.2069,-16.8415,-60.7223,-16.8103,-59.8422,-15.9466,-59.7301,-15.9316,-60.5939,1
1,60,122,-26.2484,18.769,23.4966,-56.8988,23.1556,-57.4637,22.9453,-56.4525,23.8463,-56.3713,24.1337,-57.3919,1
1,60,123,-5.00803,22.3652,59.0884,-47.5255,58.7551,-48.3759,58.5942,-46.987,59.4515,-46.6509,59.629,-48.0785,1
1,60,124,37.868,-9.36737,79.6339,45.7771,80.2974,44.1807,79.0525,41.8114,78.8702,47.238,80.0939,49.4952,1
1,60,125,-35.255,-7.07824,51.553,121.972,52.1539,122.931,51.9065,121.027,51.0258,121.151,51.164,123.022,2
1,60,127,-11.5605,-18.0583,-19.3683,126.62,-18.8531,126.977,-19.0122,126.176,-19.8348,126.272,-19.7028,127.076,2
1,60,129,-33.3696,-21.03,-80.4759,-141.388,-79.8881,-145.871,-81.0255,-143.629,-80.9415,-137.235,-79.8528,-139.471,1
1,60,132,-40.0751,-4.5066,-47.9356,-110.652,-47.3536,-111.745,-48.6495,-111.04,-48.4234,-109.7,-47.1064,-110.24,1
1,60,133,30.2914,18.7546,-32.9522,-61.8049,-33.0174,-62.6679,-33.5885,-61.6432,-32.8486,-60.8132,-32.3462,-61.919,2
1,60,134,-32.842,-23.0517,-4.5637,-46.2117,-4.80061,-47.1508,-5.18555,-46.043,-4.38561,-45.4148,-3.91698,-46.4343,1
1,60,135,39.662,7.72282,22.0406,-15.2091,22.0764,-16.0841,21.2256,-14.96,21.9974,-14.179,22.7583,-15.4104,1
1,60,136,27.2055,14.7908,46.1624,18.7705,46.3643,17.8651,45.5574,18.584,45.9411,19.7895,46.73,18.9825,2
1,60,137,39.5303,8.08284,47.616,71.5638,48.3604,71.082,47.0525,70.6404,46.7389,72.1211,48.0893,72.4077,3
1,60,138,-34.4454,18.9538,33.2217,118.804,33.9048,119.028,33.2875,117.852,32.5824,118.641,33.1132,119.92,3
1,60,144,32.9565,-1.46071,-78.6095,-24.3694,-78.9689,-27.2439,-79.1186,-21.4842,-78.1836,-21.3609,-78.1318,-26.7268,2
1,60,145,-36.0935,-0.584805,-41.8654,-29.7176,-42.2477,-30.6861,-42.3827,-29.0573,-41.5188,-28.8775,-41.2789,-30.4595,1
1,60,147,-28.2231,11.0702,30.8309,-21.383,30.4644,-21.9973,30.3451,-20.8676,31.1852,-20.8159,31.3804,-21.9572,1
1,60,148,-29.1711,-21.4443,63.1732,-18.7838,62.5336,-20.0653,62.7401,-17.8087,63.6999,-17.5984,63.5904,-19.8924,2
1,60,149,23.9364,12.2145,75.6133,132.319,76.2046,133.094,75.7307,129.94,74.9534,131.578,75.4628,134.532,1
1,60,150,36.7876,5.23332,-18.7967,-15.8411,-18.727,-16.5762,-19.5302,-15.7038,-18.8709,-14.9956,-18.1435,-15.9502,1
1,60,151,-29.1821,-5.92615,10.7916,3.90377,10.8065,3.22319,10.222,3.97152,10.7731,4.51656,11.4079,3.8196,3
1,60,152,16.9747,16.9294,32.7233,38.1964,32.8071,37.5461,32.2076,38.0958,32.6444,38.9086,33.23,38.3208,1
1,60,153,25.796,-3.88916,43.8104,79.7611,44.1877,79.2051,43.3177,79.2495,43.3974,80.3439,44.2612,80.2352,1
1,60,154,32.3381,0.981481,35.647,126.609,36.2526,126.445,35.3675,125.845,34.9714,126.786,35.8906,127.304,1
1,60,155,-31.5719,19.9311,17.2275,164.814,17.8498,164.927,17.2617,164.064,16.6374,164.742,17.1625,165.685,1
1,60,156,-20.8943,-14.6757,-7.00088,-173.287,-6.37681,-173.312,-7.01292,-173.815,-7.5687,-173.277,-6.96907,-172.743,1
1,60,157,-21.5179,-12.397,-30.8403,-144.171,-30.2384,-144.323,-30.9568,-144.767,-31.3918,-144.043,-30.701,-143.559,1
1,60,158,33.6832,-17.7148,-49.2984,-103.44,-48.7625,-103.888,-49.7796,-104.525,-49.8906,-102.989,-48.8649,-102.541,1
1,60,160,19.2054,-11.8088,-49.1706,-69.1506,-48.8143,-69.732,-49.6085,-69.7806,-49.5458,-68.5578,-48.7575,-68.5919,2
1,60,162,-29.9852,17.3876,-6.4755,5.4225,-6.40033,4.80063,-7.15877,5.42261,-6.51874,6.0109,-5.6922,5.44094,1
1,60,163,-29.5759,-7.79891,17.9537,28.416,17.9611,27.6852,17.3752,28.4902,17.9389,29.0702,18.578,28.3214,2
1,60,164,-37.5209,2.56063,42.5876,61.0549,42.8932,60.0714,41.8832,60.9402,42.3195,61.9165,43.3963,61.1875,2
1,60,165,-28.4688,22.4032,49.8059,116.32,50.3343,115.851,49.424,115.404,49.3141,116.809,50.2175,117.42,1
1,60,166,29.3369,-24.8102,33.1936,152.65,33.7853,152.543,33.1215,151.611,32.5758,152.707,33.2724,153.534,1
1,60,168,37.7426,-3.6363,-18.978,-152.129,-18.2991,-151.998,-19.0542,-153,-19.7472,-152.29,-18.9089,-151.373,1
1,60,169,19.5467,-19.0514,-39.6779,-119.874,-39.1548,-120.028,-39.7661,-120.716,-40.2127,-119.747,-39.5757,-119.12,1
1,60,170,-37.819,-15.128,-45.3124,27.4858,-45.9249,26.439,-45.7275,28.2499,-44.7987,28.3635,-44.8702,26.62,1
1,60,171,-32.4422,-0.665868,-7.75598,30.098,-8.19729,29.5393,-8.15943,30.588,-7.35742,30.5967,-7.3104,29.5515,2
1,60,172,-26.722,-6.77333,27.6003,30.6227,27.1383,30.0976,27.2412,31.116,28.0141,31.1069,27.9747,30.0826,2
1,60,173,31.8558,-20.6129,61.834,40.5013,61.5055,39.414,61.108,41.5112,62.141,41.7214,62.4375,39.5636,1
1,60,174,39.0102,-6.77564,79.5497,-171.414,80.1496,-169.26,79.7442,-176.286,78.8597,-173.664,79.3299,-167.403,1
1,60,175,38.0495,-11.5074,44.8787,-152.504,45.2998,-151.74,45.4397,-153.532,44.4201,-153.371,44.4015,-151.638,1
1,60,176,28.7953,-5.23821,8.21878,-149.455,8.59648,-149.004,8.66805,-149.965,7.81604,-149.949,7.81495,-148.993,1
1,60,177,21.4789,17.9398,-30.0316,-148.794,-29.5887,-148.322,-29.6587,-149.272,-30.5349,-149.309,-30.4117,-148.342,1
1,60,179,-26.1999,16.6611,-77.7271,20.6353,-77.9751,18.0851,-78.2733,22.2348,-77.4481,22.9216,-77.093,19.0622,1
1,60,180,37.5207,-4.93716,-39.9968,33.6099,-40.0532,32.7883,-40.7148,33.9632,-39.9376,34.5379,-39.3726,33.307,1
1,60,182,-31.5639,4.59687,28.1518,62.3304,28.0361,61.6441,27.6076,62.5744,28.2619,62.9555,28.76,62.0576,1
1,60,183,39.0475,-9.8134,51.7648,97.281,51.951,96.2821,50.9197,97.2321,51.5246,98.3895,52.485,97.3131,2
1,60,184,-6.92387,24.7455,62.0111,171.509,62.4699,171.127,61.8978,170.44,61.5397,171.949,62.1007,172.69,1
1,60,186,27.4137,0.826894,4.79122,-133.558,5.28443,-133.346,4.94125,-134.119,4.25405,-133.789,4.65001,-133.042,1
1,60,187,-35.4106,1.00693,-24.8951,-111.783,-24.2583,-111.491,-24.8009,-112.458,-25.4624,-112.04,-24.9953,-111.019,1
1,60,190,10.674,21.0918,-35.8085,-98.5412,-35.2402,-98.3006,-35.5732,-99.1784,-36.4336,-98.7787,-36.0701,-97.8996,1
1,60,192,14.7614,-11.2871,-67.0785,25.3659,-67.0488,23.9424,-67.6939,25.256,-67.1102,26.8164,-66.5031,25.4364,1
1,60,193,-31.6196,-15.059,-34.8517,51.9138,-35.1694,50.9266,-35.4308,52.2869,-34.5826,52.7721,-34.2403,51.4869,1
1,60,194,-25.3122,-3.56599,-0.149636,66.6258,-0.432614,66.0107,-0.668888,66.938,0.108415,67.191,0.404195,66.2844,1
1,60,195,23.7069,13.9444,33.9007,85.0037,33.6482,84.2828,33.3479,85.3384,34.19,85.8021,34.4388,84.7012,1
1,60,196,31.5754,-22.3688,60.1148,112.693,60.1905,111.367,59.1479,112.47,59.976,114.071,60.9377,112.844,1
1,60,197,-12.1334,-18.4798,67.3836,-156.493,68.0191,-156.755,67.3612,-157.975,66.7942,-156.311,67.4155,-155.026,3
1,60,198,-24.1493,-9.45634,36.3952,-121.104,37.028,-120.745,36.6032,-121.796,35.8224,-121.435,36.1853,-120.371,2
2,120,0,-20.8869,-0.883063,-20.4364,-84.7729,-19.9017,-84.4436,-20.1863,-85.3266,-20.9377,-85.0831,-20.6976,-84.1812,1
2,120,1,-18.5978,4.03047,-54.3399,-67.0972,-53.7801,-66.7891,-54.1949,-68.0452,-54.8756,-67.3894,-54.4892,-66.0812,2
2,120,2,29.7048,21.6264,-76.3697,25.431,-76.1631,22.2607,-77.0345,24.9453,-76.5325,29.2474,-75.7424,26.0067,4
2,120,3,35.6496,-13.0056,-50.6312,74.4976,-50.8188,73.4338,-51.4679,75.1754,-50.4403,75.6759,-49.9167,73.9197,1
2,120,4,37.9025,9.59905,-13.5595,87.9527,-13.9216,87.1905,-14.1699,88.537,-13.1248,88.8395,-13.0027,87.4535,1
2,120,5,-36.9026,-1.43979,22.0514,88.8207,21.7141,87.9619,21.4674,89.318,22.3458,89.5731,22.7086,88.2426,1
2,120,6,-27.6652,-0.337955,56.0259,105.269,55.8141,104.101,55.4595,105.751,56.2123,106.348,56.64,104.721,2
2,120,8,21.194,12.7536,45.7011,-112.306,46.2832,-112.005,45.8664,-113.128,45.0573,-112.611,45.5192,-111.525,2
2,120,9,28.9838,-8.44901,13.6368,-99.8767,14.1543,-99.512,13.9794,-100.566,13.0866,-100.282,13.3349,-99.2582,1
2,120,10,24.3209,8.2415,1.54141,109.27,1.50804,108.721,0.997979,109.36,1.58484,109.87,2.05658,109.195,1
2,120,11,-37.8149,13.0603,32.4422,131.15,32.6228,130.327,31.6993,131.159,32.2987,131.89,33.316,131.153,2
2,120,12,32.0063,19.3193,44.9967,176.756,45.3277,175.889,44.4211,176.444,44.6218,177.765,45.5237,177.094,1
2,120,13,21.3486,8.71214,43.251,-134.108,43.7437,-134.38,43.0169,-134.758,42.7185,-133.809,43.4618,-133.476,1
2,120,14,40.1141,-4.79828,21.8432,-101.133,22.5301,-101.016,21.7079,-102.048,21.0563,-101.281,21.9556,-100.35,1
2,120,15,-36.6027,0.656489,-0.0858171,-70.0851,0.634163,-69.9252,-0.116462,-70.7394,-0.721951,-70.2213,-0.0472565,-69.3416,1
2,120,16,32.5258,-19.0728,-29.5855,-51.165,-29.007,-51.0887,-29.5421,-52.1016,-30.2002,-51.2848,-29.6003,-50.3593,1
2,120,17,-10.6283,-23.8192,-45.877,-9.75563,-45.3869,-10.2312,-46.0686,-10.4547,-46.3347,-9.34073,-45.6634,-9.09809,1
2,120,20,15.5791,22.3068,-11.7217,-56.2098,-11.2565,-55.9321,-11.4389,-56.6242,-12.246,-56.4985,-12.0274,-55.8056,3
2,120,21,8.01826,-19.8968,-43.4096,-48.6504,-42.982,-48.3269,-43.0801,-49.22,-43.8153,-48.9937,-43.7001,-48.0997,1
2,120,22,23.3084,11.8285,-79.5719,-10.9957,-79.0349,-11.0941,-79.6185,-13.8757,-80.1618,-10.8133,-79.5174,-8.26079,2
2,120,23,32.5996,-12.483,-62.8931,110.872,-63.1003,109.721,-63.5162,111.682,-62.6762,112.119,-62.3491,110.172,1
2,120,24,-18.436,18.4928,-24.0191,117.124,-24.2761,116.657,-24.4798,117.422,-23.7457,117.572,-23.5023,116.816,2
2,120,25,-25.7533,19.0194,11.6893,122.8,11.4223,122.323,11.1877,123.127,11.9674,123.248,12.2661,122.446,3
2,120,26,28.7076,24.2805,46.5557,137.196,46.179,136.391,46.0934,137.67,47.0082,138.127,47.0211,136.775,1
2,120,28,31.202,23.2891,57.5936,-77.8583,58.257,-77.4599,57.7222,-78.9321,56.8075,-78.2637,57.4278,-76.8616,2
2,120,29,36.4653,-3.53154,25.5721,-65.3868,26.0381,-64.9346,25.8994,-66.1145,25.0517,-65.8994,25.2826,-64.7522,1
2,120,30,28.7205,18.8914,41.1082,-39.9013,41.5675,-39.312,41.4645,-40.4987,40.5661,-40.5467,40.7459,-39.3619,1
2,120,31,3.99356,21.3558,5.0776,-38.9549,5.43678,-38.6085,5.4526,-39.2679,4.68014,-39.3084,4.67265,-38.6458,1
2,120,32,21.7427,19.467,-30.7265,-42.711,-30.3246,-42.2358,-30.3533,-43.1372,-31.1868,-43.2307,-31.1076,-42.3105,1
2,120,33,32.3154,16.1006,-66.0263,-52.6467,-65.6692,-51.279,-65.5615,-53.6228,-66.4361,-54.2492,-66.4682,-51.7538,1
2,120,34,-16.6271,-17.4004,-80.3435,149.104,-80.828,147.184,-80.6315,151.538,-79.8994,150.774,-80.0526,146.726,1
2,120,35,21.2012,16.5565,-41.2015,145.985,-41.641,145.537,-41.5024,146.548,-40.7043,146.457,-40.8899,145.458,3
2,120,36,21.8344,20.562,-4.89656,143.262,-5.35553,142.903,-5.22119,143.676,-4.36951,143.646,-4.55716,142.871,2
2,120,37,-30.7065,16.5785,30.5028,136.215,30.1125,135.696,30.0754,136.775,30.8847,136.686,31.002,135.58,1
2,120,38,33.8687,-1.37929,64.9916,142.709,64.6151,141.604,64.5522,143.943,65.3976,143.988,65.3757,141.578,1
2,120,39,-8.3909,17.6941,76.9323,-23.6937,77.1657,-21.8233,77.373,-24.7075,76.666,-25.4881,76.4507,-22.7478,1
2,120,40,17.7132,-15.6273,46.3075,-81.2423,46.7958,-81.5217,46.1121,-82.0808,45.8038,-80.9894,46.4946,-80.4756,1
2,120,41,-28.5478,20.8734,25.2969,-38.4559,25.8946,-38.3222,25.3853,-39.2188,24.7194,-38.5473,25.1676,-37.582,1
2,120,42,-18.4774,-14.5225,-0.612446,-18.2791,-0.00212903,-18.239,-0.559811,-18.8013,-1.17082,-18.3289,-0.648178,-17.7439,1
2,120,43,30.6368,5.43594,-32.5291,3.98286,-31.9042,4.03615,-32.5984,3.21303,-33.2269,3.92682,-32.471,4.68778,1
2,120,45,16.7877,14.2572,-47.9355,104.393,-47.7806,103.607,-48.4449,104.181,-48.0839,105.256,-47.4389,104.621,1
2,120,46,-29.4202,-17.4737,-24.4438,134.007,-24.4927,133.156,-25.0241,134.077,-24.4133,134.752,-23.833,133.903,2
2,120,48,-11.616,19.452,32.0255,-173.347,32.0306,-173.96,31.48,-173.397,32.0397,-172.725,32.6148,-173.268,1
2,120,49,-35.763,16.0075,53.7325,-132.738,54.1865,-133.661,53.0522,-133.329,53.3351,-131.883,54.5194,-131.993,1
2,120,50,23.8899,4.55134,1.7116,-178.577,1.66545,-179.161,1.11653,-178.465,1.76476,-177.944,2.27142,-178.676,1
2,120,51,33.8406,-9.90322,26.6385,-153.859,26.749,-154.578,25.814,-153.852,26.4932,-153.073,27.3581,-153.874,1
2,120,52,37.935,8.18697,45.7011,-112.306,46.1425,-113.234,44.9339,-112.656,45.1817,-111.236,46.3736,-111.962,2
2,120,53,-20.5577,12.5255,48.0328,-57.4957,48.5859,-57.7048,47.857,-58.3355,47.502,-57.2744,48.2058,-56.5659,1
2,120,56,-16.7426,-17.6252,-27.6336,24.1087,-26.9921,24.0403,-27.6369,23.4888,-28.2207,24.1527,-27.6049,24.7323,1
2,120,57,3.12007,24.4815,-50.3347,68.0023,-49.8711,67.4944,-50.5766,67.2178,-50.8147,68.5957,-50.0989,68.8432,1
2,120,58,-39.6697,-3.18333,-42.936,116.591,-42.4689,115.513,-43.6788,116.37,-43.3267,117.529,-42.0771,116.821,2
2,120,62,-19.2956,0.197875,-34.4918,163.591,-34.4655,162.948,-34.9947,163.604,-34.5123,164.201,-33.9597,163.577,1
2,120,64,-24.3624,21.2296,24.516,-149.346,24.4941,-149.95,23.8973,-149.312,24.5639,-148.758,25.2184,-149.36,1
2,120,65,27.9411,22.0821,45.7011,-112.306,45.8202,-113.245,45.1287,-112.42,45.5773,-111.222,46.2468,-112.147,2
2,120,66,20.9047,6.40702,52.2416,-59.7358,52.6856,-60.1893,51.9263,-60.4298,51.7638,-59.2499,52.5317,-59.0579,1
2,120,68,20.9586,-18.3448,7.98718,7.228,8.49525,7.32397,8.1423,6.60676,7.4735,7.10743,7.86256,7.79068,1
2,120,69,-30.7974,15.017,-20.9414,34.5709,-20.354,34.7341,-20.8708,33.8814,-21.4948,34.4407,-21.0336,35.3572,1
2,120,71,38.4769,12.3255,-68.3589,81.9012,-67.5536,81.7589,-68.6217,79.8766,-69.3095,82.1166,-68.1284,83.6853,1
2,120,73,-15.5537,-16.7073,-31.929,-162.477,-32.1728,-163.143,-32.4334,-162.273,-31.7163,-161.861,-31.4281,-162.703,1
2,120,76,-35.8218,-11.7457,66.2501,-102.931,66.3004,-105.093,65.5935,-102.735,66.173,-101.082,66.9737,-103.222,1
2,120,77,20.1383,7.45877,59.2383,-12.0489,59.794,-12.1113,59.1629,-13.132,58.6393,-11.9711,59.2923,-11.0061,1
2,120,78,38.8452,5.3159,28.7236,15.7657,29.4185,16.1354,28.8216,14.8335,27.9125,15.3429,28.6192,16.5792,2
2,120,79,20.9503,21.6966,-5.01457,32.9397,-4.41707,33.1505,-4.8113,32.4077,-5.69351,32.7247,-5.24317,33.4552,3
2,120,81,-22.8086,14.3231,-19.4414,-141.92,-19.5313,-142.47,-19.9789,-141.784,-19.3362,-141.395,-18.8444,-142.055,1
2,120,83,-35.0794,11.3329,43.7278,-104.696,43.7442,-105.607,43.0703,-104.515,43.7252,-103.87,44.4877,-104.896,2
2,120,84,-25.0473,9.79698,64.0186,-51.7291,64.3588,-52.7067,63.5551,-52.4031,63.7006,-50.8089,64.5205,-50.944,1
2,120,85,13.7452,-18.8671,50.7109,8.68637,51.2015,8.60862,50.7204,7.7951,50.2215,8.7301,50.7127,9.50585,2
2,120,86,-36.1665,-0.973266,23.3338,42.4231,23.9972,42.738,23.4297,41.7431,22.7472,42.1507,23.2274,43.1912,2
2,120,87,27.603,5.57693,-11.7878,54.5571,-11.2633,54.7496,-11.6718,53.9815,-12.3667,54.348,-11.9024,55.0901,1
2,120,90,-36.4789,9.95384,40.903,-67.2909,41.1929,-68.1558,40.2,-67.4437,40.6538,-66.5117,41.716,-67.0982,1
2,120,91,-16.2788,20.3796,48.4199,-15.5525,48.8189,-16.0558,48.0818,-16.2251,48.0338,-15.0284,48.7711,-14.7833,1
2,120,92,-36.0915,-12.2034,39.1981,28.8407,40.0247,28.6604,38.9715,28.0796,38.4856,28.9797,39.4653,29.6782,1
2,120,95,-39.9206,7.7888,-34.0783,117.523,-33.2813,117.474,-34.356,116.661,-34.7749,117.587,-33.7485,118.532,1
2,120,98,-36.9421,12.1299,-8.35506,-123.931,-8.20997,-124.641,-9.0893,-123.89,-8.46282,-123.289,-7.49667,-123.969,1
2,120,99,-30.7843,24.58,18.2124,-97.4809,18.2992,-98.1255,17.4708,-97.548,18.1683,-96.8593,19.0831,-97.3718,1
2,120,100,-29.4278,6.10002,67.6609,-93.7713,67.2717,-95.0355,67.251,-92.6188,68.0184,-92.5847,68.1101,-95.0921,1
2,120,101,-30.6672,23.7474,74.4337,88.6903,74.7852,90.6161,74.9987,86.888,74.052,87.02,73.7371,90.571,1
2,120,102,-32.6791,19.6035,38.9284,89.1052,39.2984,89.7824,39.4553,88.4568,38.5533,88.504,38.2942,89.8304,4
2,120,104,-40.5719,-2.03751,-30.4382,93.6607,-29.8516,94.4154,-30.0774,92.921,-30.9396,93.0097,-30.8421,94.5304,1
2,120,105,-34.873,13.7169,-67.6766,102.85,-67.1563,103.995,-67.3295,101.215,-68.1588,101.81,-68.0705,104.792,3
2,120,106,-35.93,-13.2029,-76.8458,-121.113,-77.0551,-124.765,-77.4094,-119.808,-76.637,-118.063,-76.2277,-122.528,1
2,120,107,-18.8437,-11.9241,-41.8773,-97.4738,-42.2682,-98.063,-42.2583,-97.014,-41.522,-96.9279,-41.4928,-97.9559,1
2,120,108,19.5956,-10.2656,-5.97633,-91.401,-6.30852,-91.7939,-6.41512,-91.0131,-5.64162,-90.9861,-5.57674,-91.7651,1
2,120,109,36.5575,-0.90613,30.6317,-87.026,30.2759,-87.6809,30.1086,-86.3767,31.0259,-86.274,31.0913,-87.6001,2
2,120,110,30.5853,-5.32934,3.83365,-68.5314,3.82122,-69.0742,3.21223,-68.4177,3.83787,-67.9391,4.39102,-68.6366,1
2,120,111,-25.4676,24.802,36.3103,-44.7993,36.3687,-45.4596,35.6882,-44.9025,36.2833,-44.1477,37.0224,-44.6472,1
2,120,112,-20.7856,17.3796,53.4151,-0.225235,53.7112,-0.902723,52.9785,-0.744427,53.138,0.447961,53.8856,0.383463,2
2,120,113,35.1527,9.24592,42.6311,52.1046,43.2535,51.9053,42.3397,51.3257,41.9186,52.3383,42.8765,52.8235,4
2,120,114,-26.4124,-3.70319,24.0932,88.454,24.6629,88.533,24.0965,87.8932,23.5717,88.3803,24.0934,89.0575,2
2,120,115,-34.4997,-21.3706,-2.18876,110.81,-1.34089,110.852,-2.19733,110.235,-2.90478,110.755,-2.14209,111.427,1
2,120,116,-26.0785,-0.775846,-31.4389,136.699,-30.8786,136.712,-31.4907,136.1,-31.9556,136.689,-31.377,137.346,2
2,120,117,19.8555,24.4694,-53.4794,-179.069,-53.0386,-179.682,-53.773,-179.764,-53.9568,-178.331,-53.2057,-178.352,1
2,120,118,-36.895,13.0536,-42.225,-127.542,-41.9056,-128.327,-42.8937,-127.771,-42.4893,-126.814,-41.4465,-127.264,1
2,120,119,39.2194,-4.64592,-25.1922,-90.3785,-25.1348,-91.0903,-25.9664,-90.1984,-25.2654,-89.5668,-24.5254,-90.5329,1
2,120,120,-26.504,16.0258,-44.4507,-66.4898,-44.7344,-67.2685,-45.0154,-65.9815,-44.1543,-65.7714,-43.8023,-67.0309,1
2,120,121,19.434,-7.04111,-11.7217,-56.2098,-12.053,-56.6591,-12.1958,-55.8129,-11.3831,-55.7362,-11.2841,-56.5823,3
2,120,122,-17.9143,-7.41087,24.4171,-56.0366,24.0323,-56.5444,24.0063,-55.645,24.77,-55.5552,24.8356,-56.4537,1
2,120,123,-36.3303,12.5134,62.6076,-53.9885,62.2451,-55.449,62.014,-52.8598,62.9425,-52.6678,63.298,-55.3454,1
2,120,125,-25.9366,1.69614,46.7336,120.55,47.1991,121.198,47.0841,119.834,46.2964,119.965,46.3476,121.318,2
2,120,126,-31.0041,19.9033,8.92118,125.462,9.36252,125.974,9.43368,124.89,8.47899,125.004,8.30712,126.109,3
2,120,127,-31.0072,-0.0786782,-24.5354,129.383,-24.0058,129.912,-24.1937,128.78,-25.0143,128.903,-24.9075,130.056,1
2,120,128,-33.4092,4.34271,-60.083,140.849,-59.4738,141.676,-59.8179,139.569,-60.6327,140.093,-60.3687,142.317,1
2,120,129,-19.112,3.32573,-79.2751,-102.995,-79.2192,-106.08,-79.8342,-103,-79.2947,-100.037,-78.6794,-102.98,1
2,120,130,-36.5876,-6.19186,-23.9248,165.68,-23.0792,165.8,-24.0044,164.928,-24.6582,165.572,-23.8155,166.523,1
2,120,131,-19.906,11.0225,-48.2482,-157.578,-47.7132,-157.844,-48.4576,-158.385,-48.7594,-157.297,-48.0243,-156.703,1
2,120,132,20.5712,20.0583,-51.8956,-98.3215,-51.7112,-99.2921,-52.4408,-98.6011,-52.071,-97.219,-51.366,-98.0103,1
2,120,133,7.54308,-22.7491,-31.7076,-64.5238,-31.7714,-65.1827,-32.32,-64.5937,-31.6689,-63.8871,-31.1407,-64.4868,1
2,120,134,13.0555,-14.4679,-3.20612,-39.7325,-3.29259,-40.2577,-3.7952,-39.676,-3.13589,-39.2027,-2.6588,-39.7987,1
2,120,135,31.9518,10.308,25.7067,-13.4726,25.7047,-14.2386,25.0364,-13.3301,25.714,-12.6023,26.3251,-13.5856,1
2,120,136,-6.38269,-21.3638,49.151,16.5949,49.2644,15.6965,48.6347,16.2754,49.0184,17.4196,49.6568,16.8751,2
2,120,137,19.4598,18.0046,48.5187,79.006,49.0627,78.6012,48.2695,78.2454,47.9239,79.469,48.7373,79.7766,2
2,120,138,15.4676,12.95,27.7716,116.382,28.3286,116.39,27.7704,115.77,27.1717,116.388,27.7545,116.984,3
2,120,139,35.2236,13.1871,-2.00962,137.992,-1.26098,138.132,-2.04203,137.263,-2.88288,137.843,-2.00429,138.655,1
2,120,140,29.1349,4.04964,37.8159,152.064,38.2975,152.594,38.1617,151.334,37.2788,151.487,37.4878,152.723,1
2,120,141,18.8507,22.2777,0.286715,157.301,0.807136,157.673,0.646199,156.851,-0.30982,156.905,-0.0964162,157.731,1
2,120,142,-13.4952,14.8821,-34.4918,163.591,-34.0773,164.017,-34.1202,163.079,-34.9145,163.18,-34.9009,164.136,1
2,120,143,33.4924,10.4339,-70.5027,160.615,-69.98,162.1,-70.1102,158.833,-71.093,158.839,-70.8608,162.268,1
2,120,144,36.381,-12.4124,-76.2037,-21.6809,-76.5677,-24.1693,-76.8436,-18.8247,-75.7939,-19.0058,-75.6395,-23.9534,1
2,120,145,-34.1685,15.7254,-36.3441,-28.5503,-36.653,-29.3569,-36.9615,-27.9655,-36.0303,-27.8322,-35.6106,-29.2033,2
2,120,146,-39.4857,-2.72943,-2.69119,-25.5195,-3.18452,-26.2971,-3.17894,-24.9285,-2.2649,-24.8533,-2.13827,-26.2073,1
2,120,147,21.5945,13.6349,34.343,-15.4236,33.9538,-15.9881,33.9146,-14.9471,34.7792,-14.8072,34.7673,-15.8716,1
2,120,148,-37.0856,0.695025,69.4297,-21.0152,68.9411,-22.9043,68.9618,-19.4227,69.846,-19.297,69.9418,-22.929,1
2,120,149,26.5462,3.5707,72.8998,135.638,73.4549,136.515,73.0694,133.525,72.2876,134.745,72.717,137.552,1
2,120,150,-36.505,6.70035,-10.7476,-18.5913,-10.6065,-19.3236,-11.4479,-18.5383,-10.8587,-17.9353,-9.9412,-18.6476,1
2,120,151,-21.893,23.3642,15.0244,8.99176,15.0538,8.41777,14.396,8.93035,15.026,9.56196,15.7335,9.0875,2
2,120,152,-39.0747,-3.18501,38.3813,36.0282,38.6393,34.9973,37.6769,36.0148,38.1527,36.9119,39.1884,36.0296,2
2,120,153,-30.5163,3.23432,49.353,85.5623,49.8479,84.9198,48.8852,84.9717,48.9027,86.1448,49.8682,86.2323,2
2,120,154,16.9419,23.4501,34.1543,133.608,34.7135,133.373,34.0213,132.983,33.5383,133.895,34.2562,134.25,2
2,120,156,28.491,20.2912,-15.3719,-171.685,-14.6955,-171.722,-15.4464,-172.301,-16.1479,-171.619,-15.3297,-171.093,1
2,120,157,36.2058,4.82096,-38.5256,-142.74,-37.8411,-142.827,-38.7833,-143.621,-39.3088,-142.636,-38.3006,-141.956,1
2,120,158,30.8732,-8.79255,-49.3613,-96.3052,-48.8859,-96.8274,-49.8549,-97.0978,-49.8836,-95.7454,-48.9134,-95.6216,1
2,120,159,17.4874,11.7187,-37.356,-45.632,-37.2443,-46.2894,-37.8705,-45.7465,-37.4618,-44.9174,-36.8568,-45.505,1
2,120,160,-28.9258,-23.1079,-44.4507,-66.4898,-44.0011,-67.4746,-44.9341,-66.9658,-44.8494,-65.6479,-43.9251,-66.0487,1
2,120,161,-27.5382,8.70251,-29.1984,-20.4268,-29.0456,-21.098,-29.7996,-20.5063,-29.3257,-19.795,-28.5318,-20.3309,1
2,120,162,31.3462,20.0486,-7.5297,12.4094,-7.59761,11.681,-8.15323,12.5446,-7.42715,13.2539,-6.93633,12.3151,1
2,120,163,-12.1009,21.5126,21.355,34.4177,21.3587,33.855,20.7989,34.3598,21.3749,34.9912,21.96,34.5053,2
2,120,164,25.955,6.3273,38.9627,69.5289,39.1735,68.8304,38.3862,69.3424,38.7313,70.2932,39.4992,69.7178,2
2,120,165,-2.43336,22.4529,46.7335,120.55,47.1503,120.088,46.4705,119.88,46.3081,121.056,46.9887,121.288,2
2,120,166,33.5165,22.6633,27.5691,160.574,28.3427,160.397,27.3551,159.863,26.6566,160.81,27.7272,161.256,1
2,120,168,4.42101,22.6688,-20.9174,-145.015,-20.3839,-145.071,-20.8993,-145.574,-21.4871,-144.929,-20.9594,-144.431,1
2,120,169,16.7679,22.6347,-43.1819,-110.857,-42.6423,-111.193,-43.3676,-111.552,-43.7702,-110.446,-43.0176,-110.147,1
2,120,170,20.8269,6.72722,-39.293,35.4235,-39.6846,34.9212,-39.6507,35.9773,-38.864,35.9537,-38.9429,34.9081,1
2,120,171,28.6103,5.39629,-3.40568,35.872,-3.81356,35.4193,-3.80178,36.3643,-2.95113,36.3701,-3.03279,35.4235,2
2,120,172,-25.7293,-19.2063,30.0774,30.4258,29.5019,29.8909,29.7079,30.9216,30.5715,30.9188,30.4361,29.8865,1
2,120,173,-24.0152,11.5183,69.0863,27.3724,68.6753,26.2543,68.703,28.622,69.4818,28.4455,69.5069,25.9629,2
2,120,174,-14.6357,19.3636,74.0823,-142.805,74.4184,-141.295,74.5284,-144.089,73.7175,-144.204,73.575,-141.538,1
2,120,175,-33.7457,-22.9557,42.488,-142.4,43.1936,-141.517,42.8971,-143.059,41.9049,-143.15,42.0826,-141.669,1
2,120,176,-39.0194,-2.97313,4.29037,-142.718,4.81407,-142.027,4.7087,-143.308,3.83693,-143.312,3.81937,-142.037,1
2,120,177,-16.6805,-11.9317,-30.9339,-145.002,-30.4953,-144.55,-30.5805,-145.444,-31.3323,-145.434,-31.283,-144.535,1
2,120,179,-18.7019,-3.44154,-76.1322,25.2118,-76.4595,23.2645,-76.5334,26.6341,-75.813,26.9656,-75.7065,23.7891,2
2,120,180,-36.3064,8.82764,-31.8543,29.3208,-31.8687,28.5239,-32.4945,29.5399,-31.8221,30.0348,-31.1137,29.0799,2
2,120,181,11.255,15.1249,-1.6999,51.3367,-1.88247,50.8843,-2.14287,51.5028,-1.49208,51.8147,-1.25049,51.1847,1
2,120,182,-28.659,5.31503,31.4101,64.4761,31.301,63.8095,30.8835,64.6945,31.5156,65.0917,31.993,64.2359,2
2,120,183,34.2355,15.5174,56.0259,105.269,56.1728,104.084,55.3965,105.232,55.8563,106.638,56.603,105.347,2
2,120,184,5.95716,-21.3654,61.1471,169.993,61.6025,169.573,61.0259,168.924,60.6991,170.347,61.2712,170.988,1
2,120,185,29.025,-3.01493,33.3215,-150.566,33.8388,-150.373,33.4122,-151.291,32.7598,-150.781,33.2365,-149.91,1
2,120,186,9.18545,16.6462,0.878385,-130.11,1.34309,-129.968,1.03748,-130.554,0.378461,-130.247,0.701467,-129.666,1
2,120,187,-33.1317,20.236,-29.9817,-108.963,-29.4232,-108.677,-29.7867,-109.736,-30.5153,-109.199,-30.2246,-108.061,1
2,120,188,-25.3225,7.99703,-56.4005,-77.0062,-55.8605,-77.1027,-56.5115,-77.962,-56.9076,-76.8944,-56.2767,-75.961,1
2,120,190,25.9886,-19.429,-35.8759,-100.938,-35.3325,-100.582,-35.4714,-101.804,-36.4227,-101.349,-36.2089,-100.159,1
2,120,191,38.3895,12.8116,-71.3205,-66.4342,-70.4528,-66.3981,-71.5329,-68.988,-72.35,-66.4382,-71.1305,-64.1885,2
2,120,193,-32.4341,24.8221,-26.9673,55.4318,-27.1231,54.6471,-27.8014,55.7305,-26.7668,56.1597,-25.9609,55.1144,1
2,120,194,-34.7689,16.9346,6.10459,67.0324,5.90307,66.3019,5.36702,67.4104,6.32032,67.6927,6.98,66.6045,1
2,120,195,-21.2099,-15.3765,36.1928,79.9488,35.8644,79.1802,35.6697,80.2676,36.4722,80.6583,36.7202,79.5912,1
2,120,196,24.9992,20.0465,66.0694,126.424,66.1865,124.703,65.4446,126.203,65.9361,128.368,66.669,126.727,2
2,120,197,-28.7311,-8.06272,65.2155,-145.394,65.9579,-145.129,65.2201,-146.895,64.5506,-145.633,65.2085,-143.775,2
2,120,198,-40.0018,3.3061,32.2876,-116.736,33.0161,-116.051,32.554,-117.674,31.647,-117.307,31.9694,-115.643,1
2,120,199,35.4047,17.2906,-6.19739,-113.042,-5.44482,-112.657,-5.99946,-113.786,-7.09478,-113.48,-6.41073,-112.372,1
3,180,0,26.9017,21.2723,-27.7597,-88.1683,-27.0931,-87.8168,-27.5098,-88.8394,-28.5349,-88.5515,-28.0301,-87.5341,1
3,180,2,15.6079,-18.4074,-75.1629,20.0446,-74.9411,18.0056,-75.7485,18.7785,-75.3891,22.11,-74.6142,21.0559,2
3,180,3,39.9325,0.122824,-45.8061,77.7089,-46.0611,76.6015,-46.5481,78.5461,-45.5039,78.9875,-45.1586,77.0146,1
3,180,5,-34.4041,11.3535,27.0113,90.4467,26.7617,89.6502,26.3595,90.9024,27.2546,91.1646,27.7679,89.9248,2
3,180,6,33.4491,-23.0502,53.8242,115.797,53.7528,114.653,52.7998,116.009,53.8389,117.025,54.6797,115.57,2
3,180,7,26.1779,20.8372,69.5741,-153.429,70.25,-154.173,69.3204,-155.096,68.8058,-152.57,69.7719,-151.747,1
3,180,8,-22.4717,-4.06147,45.457,-105.752,46.0301,-105.33,45.6762,-106.522,44.9262,-106.138,45.2253,-104.937,2
3,180,10,37.849,-13.8409,1.62979,111.239,1.70552,110.602,0.749945,111.322,1.51757,111.946,2.37503,111.157,1
3,180,11,-27.1285,24.0975,34.6714,136.208,34.7747,135.524,34.0089,136.067,34.6028,136.88,35.4328,136.406,1
3,180,13,-38.9709,-5.80823,47.4777,-127.791,48.2968,-128.039,47.1609,-128.666,46.7732,-127.587,47.8432,-126.792,1
3,180,14,33.3091,-21.4116,21.0934,-99.1188,21.682,-99.0456,21.1508,-100.045,20.47,-99.2366,21.0605,-98.3315,1
3,180,15,-32.6346,6.62041,-3.73913,-67.8697,-3.10914,-67.7312,-3.73262,-68.4954,-4.31459,-67.985,-3.75074,-67.164,2
3,180,16,22.9226,-0.303242,-32.7132,-45.6478,-32.1937,-45.6558,-32.7716,-46.3072,-33.2692,-45.6414,-32.6569,-45.0329,1
3,180,17,-35.8075,13.3605,-45.2113,1.08669,-44.5849,0.71843,-45.626,0.268073,-45.769,1.4572,-44.7318,2.03545,1
3,180,18,-33.6217,22.9241,-39.6869,51.4899,-39.3754,50.7688,-40.3881,51.1174,-39.9399,52.1956,-38.8637,51.9521,1
3,180,19,24.5359,0.651469,-23.2033,86.7709,-23.188,86.1931,-23.7702,86.8234,-23.2186,87.394,-22.6759,86.725,1
3,180,20,-26.3565,-6.26743,-12.3632,-52.638,-11.8842,-52.2791,-12.1021,-53.0946,-12.7965,-52.9697,-12.6339,-52.1437,2
3,180,22,36.0678,-5.03124,-82.1139,-6.48333,-81.5044,-6.31754,-82.2252,-11.8099,-82.7962,-6.78976,-81.961,-1.97682,2
3,180,24,-0.389777,-19.2245,-23.7327,118.609,-24.048,118.187,-24.1628,118.881,-23.4449,119.022,-23.3305,118.335,2
3,180,25,-36.0278,12.6254,15.1558,121.904,14.8825,121.281,14.6171,122.339,15.4203,122.46,15.7879,121.406,1
3,180,26,-32.8093,17.2068,50.9479,129.902,50.7047,129.021,50.3842,130.463,51.1915,130.712,51.6064,129.259,1
3,180,27,-36.7121,-10.1128,81.837,170.187,81.8775,164.639,81.2319,170.669,81.7348,174.885,82.5078,169.415,1
3,180,28,-20.1817,-22.2369,59.6492,-70.2505,60.2402,-69.7724,59.8945,-71.1336,59.1279,-70.6981,59.4208,-69.3499,1
3,180,31,-34.6525,12.0654,1.70283,-35.7468,2.04256,-35.1899,2.18538,-36.2131,1.37708,-36.2433,1.13863,-35.2178,1
3,180,32,39.6993,1.65542,-32.7132,-45.6478,-32.3514,-44.9361,-32.1938,-46.3559,-33.1244,-46.4817,-33.1665,-45.0318,1
3,180,33,-22.3822,0.683211,-68.9565,-40.9601,-68.6079,-39.8112,-68.5907,-41.9437,-69.2777,-42.0661,-69.3409,-39.8694,1
3,180,34,25.6491,13.1468,-73.1225,158.068,-73.6292,157.141,-73.3178,159.843,-72.5488,159.001,-72.9078,156.443,3
3,180,35,26.9328,18.3693,-37.108,145.995,-37.5974,145.529,-37.4097,146.584,-36.54,146.499,-36.7959,145.454,1
3,180,36,-25.6182,-12.7586,-4.38852,138.823,-4.86696,138.407,-4.7104,139.234,-3.96499,139.206,-4.06298,138.381,1
3,180,37,-25.4951,20.7569,34.6714,136.208,34.2887,135.733,34.2416,136.744,35.0606,136.649,35.172,135.611,2
3,180,38,-37.9524,4.60408,68.3954,123.488,67.8118,122.284,68.1361,125.194,68.9091,124.579,68.6736,121.473,2
3,180,39,-24.6735,18.491,72.6556,-22.7449,72.8599,-21.0563,73.1885,-23.6283,72.4234,-24.3051,72.0444,-21.8661,2
3,180,40,-5.51418,-23.3373,46.8962,-76.166,47.4255,-76.5407,46.7742,-76.9511,46.3953,-75.8558,47.0324,-75.421,2
3,180,41,-25.936,-11.3428,24.748,-38.6362,25.417,-38.5965,24.7403,-39.2482,24.1461,-38.6823,24.7702,-37.9889,1
3,180,43,24.9677,19.5366,-35.7015,8.73509,-35.0619,8.66254,-35.7748,8.02808,-36.4229,8.84423,-35.6541,9.4222,1
3,180,44,-18.2548,-6.13694,-48.9836,51.4326,-48.4971,50.9878,-49.2656,50.7698,-49.4398,51.8505,-48.6794,52.1079,1
3,180,46,-32.0831,19.3256,-18.6086,139.152,-18.5274,138.473,-19.3408,139.161,-18.6502,139.792,-17.7559,139.164,1
3,180,48,21.9169,-1.25154,31.0923,-169.576,31.1413,-170.202,30.5126,-169.582,31.0339,-168.911,31.634,-169.57,1
3,180,49,-25.4259,6.75248,53.1734,-128.175,53.5246,-128.97,52.6693,-128.653,52.847,-127.431,53.7209,-127.63,1
3,180,50,39.053,-1.67072,2.87148,-175.323,2.91227,-176.076,2.01048,-175.1,2.81423,-174.457,3.61581,-175.513,1
3,180,52,32.5304,7.16052,47.2879,-107.791,47.6969,-108.605,46.6497,-108.225,46.8229,-106.88,47.8613,-107.369,3
3,180,53,-27.7065,-8.85293,47.9851,-55.0807,48.6664,-55.3615,47.7672,-55.902,47.3701,-54.8451,48.2259,-54.2008,1
3,180,54,-17.8337,22.0181,21.5646,-18.9489,22.1274,-18.888,21.6614,-19.6114,20.9982,-18.9776,21.4297,-18.2164,1
3,180,56,-30.7411,1.82182,-30.3473,29.8143,-29.653,29.8454,-30.4387,29.0785,-30.978,29.792,-30.24,30.6287,1
3,180,57,38.2536,-2.38524,-54.3855,67.8511,-53.6982,67.4048,-54.9136,66.6516,-55.1732,68.3632,-53.9205,68.868,1
3,180,58,34.8837,-5.40909,-48.647,126.012,-48.3757,125.082,-49.4439,125.783,-48.9528,127.054,-47.947,126.204,1
3,180,59,4.65281,20.8734,-20.9124,159.872,-20.9827,159.287,-21.4508,159.886,-20.8126,160.494,-20.352,159.884,1
3,180,61,-28.4635,16.9803,-50.1882,127.21,-49.8568,126.467,-50.7428,126.731,-50.4775,127.944,-49.5637,127.764,1
3,180,63,31.4212,14.7645,-5.03613,-165.042,-5.15333,-165.689,-5.6158,-164.837,-4.88684,-164.306,-4.48998,-165.212,1
3,180,64,-26.8468,24.716,28.0062,-146.91,28.0017,-147.559,27.3288,-146.908,28.0449,-146.278,28.7906,-146.882,1
3,180,65,-24.5451,20.5015,51.5869,-111.427,51.7832,-112.257,51.0074,-111.76,51.4163,-110.611,52.2342,-111.007,1
3,180,66,28.1161,-9.8924,50.9823,-56.7239,51.478,-57.0891,50.6459,-57.6191,50.4446,-56.3628,51.2851,-55.9163,1
3,180,68,-37.4299,-0.515532,6.74142,14.7037,7.46734,14.9437,6.76749,14.0339,6.10418,14.4976,6.71632,15.4668,1
3,180,69,29.6064,20.7941,-27.8942,32.5543,-27.219,32.5929,-27.9115,31.8842,-28.6753,32.5343,-27.9062,33.1926,3
3,180,71,20.3831,-9.57478,-67.3094,88.1002,-66.7807,87.8559,-67.4284,86.5384,-67.8615,88.3328,-67.1782,89.5206,2
3,180,76,-32.756,24.6034,70.4174,-84.7539,70.7416,-86.5288,69.669,-85.7297,70.1351,-83.0589,71.2886,-83.411,1
3,180,77,2.20202,22.1389,56.7794,-3.24321,57.32,-3.24352,56.8427,-4.21165,56.2042,-3.19966,56.6804,-2.2354,1
3,180,78,-30.8792,2.57065,28.6169,24.655,29.2101,25.0336,28.8147,23.9706,28.0738,24.3207,28.3932,25.4125,2
3,180,79,31.7864,-10.3193,-5.89273,31.7032,-5.36797,32.0264,-5.59053,30.9928,-6.45349,31.335,-6.1503,32.3331,2
3,180,83,-34.653,18.1908,47.3146,-100.99,47.3689,-101.932,46.6036,-100.894,47.2872,-100.119,48.1496,-101.077,2
3,180,84,-34.3683,-2.11729,65.4638,-46.1221,65.9475,-47.337,64.9479,-46.8749,65.0271,-45.0794,66.039,-45.2588,1
3,180,85,40.1504,-6.95323,45.4388,10.7593,46.1075,10.9146,45.3107,9.5452,44.6763,10.5625,45.541,11.7966,1
3,180,86,33.0768,4.77609,16.3191,38.3896,16.8953,38.6019,16.3987,37.7222,15.6695,38.1547,16.2367,38.992,1
3,180,88,33.0206,1.65651,-45.8061,77.7089,-45.2212,77.8964,-45.7955,76.7684,-46.4595,77.4927,-45.814,78.5556,1
3,180,89,13.2575,21.6949,-63.479,139.128,-63.123,138.251,-63.8173,138.313,-63.8465,140.144,-63.1484,139.972,1
3,180,90,22.6092,-17.8171,36.5218,-62.7235,36.6839,-63.3532,35.9026,-63.0061,36.3294,-62.0888,37.0817,-62.4853,1
3,180,91,-4.9982,24.7435,46.9909,-9.82994,47.3848,-10.3253,46.7114,-10.4982,46.592,-9.2861,47.2664,-9.07979,1
3,180,92,-34.7982,-15.1862,37.0692,32.073,37.8962,31.8948,36.8756,31.3415,36.3567,32.2064,37.3021,32.8654,1
3,180,94,-22.9042,23.8643,-17.0953,88.5792,-16.5403,88.6034,-17.0443,87.914,-17.6451,88.59,-17.1761,89.3345,1
3,180,95,-37.8353,-16.2317,-34.8483,118.217,-33.953,117.892,-35.1501,117.508,-35.6054,118.478,-34.4792,118.977,1
3,180,96,-20.2908,5.95301,-45.0076,167.329,-44.6464,166.77,-45.4231,166.867,-45.344,167.875,-44.562,167.823,1
3,180,98,-39.0203,10.1753,-5.56457,-121.886,-5.40532,-122.64,-6.32336,-121.814,-5.68479,-121.216,-4.67086,-121.963,1
3,180,99,-34.1366,-13.5236,18.2795,-98.2415,18.2696,-99.0901,17.679,-98.1378,18.2735,-97.5071,18.9315,-98.3811,3
3,180,100,32.6924,12.8027,71.2369,-75.2118,70.93,-77.0689,70.7137,-74.0305,71.5766,-73.0301,71.7237,-76.304,2
3,180,101,34.8829,9.02277,71.2231,68.061,71.8158,69.148,71.4042,65.9754,70.5322,66.9134,71.0248,69.8945,2
3,180,102,31.5688,-9.36861,37.8581,80.9801,38.2638,81.5222,38.2995,80.2496,37.4256,80.383,37.4698,81.6249,2
3,180,103,-36.0355,7.98121,0.490684,90.4703,0.922585,91.0419,0.92266,89.9218,0.0918105,89.9674,-0.0114793,91.0979,1
3,180,105,28.4347,3.13325,-71.1376,86.3513,-70.7436,87.6676,-70.7413,84.8992,-71.5609,84.8434,-71.4966,87.7282,2
3,180,106,21.4632,-6.97432,-73.8272,-95.3005,-74.1518,-96.7736,-74.2537,-93.8456,-73.4828,-93.7936,-73.4281,-96.5945,1
3,180,107,-37.1968,11.3067,-35.5878,-99.6736,-35.9137,-100.477,-36.135,-99.06,-35.273,-98.9715,-34.938,-100.37,1
3,180,108,30.8816,4.08179,-0.911796,-90.2188,-1.29196,-90.6971,-1.33447,-89.7303,-0.486771,-89.6874,-0.520345,-90.6594,1
3,180,109,4.08443,18.9423,36.4217,-90.75,36.0636,-91.1991,36.0361,-90.3543,36.8125,-90.2865,36.832,-91.1445,1
3,180,110,-34.5788,14.75,11.9964,-69.909,12.0358,-70.5459,11.3388,-69.8148,11.9817,-69.3246,12.7607,-70.0042,2
3,180,111,-36.2202,-2.08816,38.0298,-44.9337,38.1257,-45.8244,37.4238,-44.8495,37.941,-44.1514,38.7119,-45.0389,1
3,180,112,16.3271,21.9166,51.0637,7.08563,51.3579,6.37701,50.6763,6.61438,50.7508,7.87693,51.4361,7.59876,1
3,180,113,37.6561,3.17877,40.752,55.3703,41.3954,55.2621,40.4669,54.5131,40.0138,55.4914,40.991,56.1364,1
3,180,114,-28.3906,-23.811,22.8414,89.678,23.5976,89.6485,22.857,89.0966,22.1891,89.6803,22.8586,90.2793,1
3,180,115,30.8365,-11.0902,-9.72905,108.891,-9.20696,109.025,-9.64539,108.216,-10.2885,108.73,-9.79335,109.49,2
3,180,116,-31.6315,11.7986,-34.2857,141.393,-33.6971,141.438,-34.3512,140.663,-34.8303,141.372,-34.2167,142.222,2
3,180,118,31.9764,-8.08675,-46.7574,-121.156,-46.5807,-121.916,-47.4168,-121.314,-46.957,-120.326,-46.1713,-121.027,1
3,180,120,-34.1676,-5.85982,-42.908,-67.6933,-43.2992,-68.6641,-43.4104,-67.0832,-42.56,-66.8478,-42.355,-68.3735,1
3,180,121,-33.6336,-7.08019,-7.53003,-61.5105,-7.99375,-62.1777,-7.98667,-61.0268,-7.12535,-60.9224,-7.0358,-62.0546,2
3,180,123,14.3405,-11.9084,62.7456,-42.4461,62.4824,-43.4666,62.2115,-41.8667,62.9921,-41.3773,63.2369,-43.0284,1
3,180,124,-10.7619,23.79,75.9291,102.818,76.4444,103.735,76.2179,100.635,75.3832,102.049,75.5681,105.053,1
3,180,125,33.5538,8.60021,41.3277,112.848,41.8983,113.429,41.6251,111.965,40.6687,112.206,41.0374,113.634,2
3,180,126,38.6367,12.1539,5.1757,117.977,5.80022,118.539,5.52077,117.23,4.42775,117.322,4.8454,118.628,1
3,180,127,-26.0317,-16.0672,-26.6509,128.789,-26.0293,129.256,-26.3285,128.237,-27.1928,128.357,-26.9647,129.387,1
3,180,128,3.15563,24.8706,-66.6324,136.059,-66.1097,136.665,-66.307,134.905,-67.2055,135.444,-66.9923,137.272,1
3,180,129,-37.356,15.1699,-73.8272,-95.3005,-73.7149,-98.0722,-74.6558,-94.8692,-73.8664,-92.7735,-72.8424,-95.7034,1
3,180,131,31.4983,24.297,-54.9716,-152.487,-54.2829,-153.207,-55.3571,-153.441,-55.7652,-151.559,-54.6344,-151.551,1
3,180,132,37.4475,14.4049,-52.2274,-92.0323,-51.977,-93.2962,-52.9981,-92.0853,-52.4912,-90.5139,-51.5369,-91.9403,1
3,180,133,32.6095,4.88657,-28.621,-57.5172,-28.6296,-58.2828,-29.3111,-57.3344,-28.6034,-56.6556,-27.9935,-57.6697,3
3,180,134,18.4644,13.8818,1.70284,-35.7468,1.59815,-36.3154,1.15962,-35.6316,1.83051,-35.1298,2.23687,-35.8422,1
3,180,135,33.9832,-9.81722,26.6337,-12.3275,26.7122,-13.0498,25.8131,-12.273,26.5236,-11.5364,27.3493,-12.3846,1
3,180,136,33.0861,18.3807,48.4074,29.7178,48.7444,28.6747,47.7503,29.4149,48.0204,30.9326,49.0064,30.0534,2
3,180,137,-4.94368,-23.9946,50.7522,79.6156,51.2817,79.1289,50.5902,78.743,50.2488,80.0223,50.9262,80.4391,2
3,180,138,-28.6367,-17.4202,30.1331,120.277,30.9243,120.292,30.1211,119.584,29.4405,120.244,30.1709,121.006,1
3,180,139,28.2783,12.5196,-4.34272,140.574,-3.69486,140.679,-4.32404,139.94,-5.07323,140.467,-4.3789,141.167,1
3,180,141,32.7361,15.4805,-3.04085,155.663,-2.47341,156.152,-2.6863,155.063,-3.70786,155.11,-3.39141,156.203,1
3,180,143,38.796,0.275304,-73.1225,158.068,-72.6525,160.116,-72.6003,155.674,-73.6326,155.554,-73.5574,160.25,3
3,180,144,-29.5118,6.82746,-68.9565,-40.9601,-69.1537,-42.7449,-69.5324,-40.0953,-68.7475,-39.3551,-68.3068,-41.8592,1
3,180,146,-8.65607,18.9294,2.90801,-21.7065,2.55046,-22.1117,2.46192,-21.3665,3.28971,-21.3072,3.39883,-22.0555,1
3,180,147,19.4576,-0.828682,36.6489,-15.6311,36.3203,-16.1838,36.1979,-15.1609,36.9915,-15.0399,37.0727,-16.0789,1
3,180,148,-40.2009,-3.52752,72.6557,-22.7449,72.0653,-25.2005,72.208,-20.6386,73.1358,-20.5241,73.1321,-25.3358,2
3,180,149,28.3399,17.6943,67.8721,140.45,68.5108,141.237,68.0682,138.829,67.1309,139.65,67.645,141.936,1
3,180,150,13.7052,22.7802,-10.5365,-11.6027,-10.597,-12.1763,-11.0603,-11.5966,-10.4452,-10.974,-10.0032,-11.5811,1
3,180,151,-27.0528,21.7616,18.025,11.0664,18.0943,10.4533,17.355,11.0091,17.9886,11.6615,18.792,11.1575,2
3,180,152,27.9676,-22.6801,33.6798,42.1028,33.8538,41.4437,32.9314,41.7641,33.4616,42.7682,34.3338,42.376,2
3,180,153,23.9288,-0.513857,44.2236,90.2015,44.6404,89.716,43.8045,89.6336,43.7723,90.7126,44.6098,90.7378,1
3,180,154,-31.3739,13.5651,36.3094,139.422,36.943,139.412,36.1887,138.611,35.7223,139.457,36.4269,140.354,1
3,180,155,4.30244,23.2707,9.44903,167.25,9.97907,167.211,9.48278,166.727,8.88155,167.317,9.3873,167.798,1
3,180,159,-24.933,-0.772865,-32.7132,-45.6478,-32.5488,-46.3276,-33.2543,-45.7544,-32.8611,-45.016,-32.1299,-45.5377,1
3,180,160,18.5736,10.5494,-47.5537,-55.3658,-47.2792,-56.0604,-48.0286,-55.7335,-47.8368,-54.6001,-47.0983,-54.9994,1
3,180,162,38.9007,-9.26801,-7.82579,13.2911,-7.72221,12.597,-8.72768,13.4014,-7.96326,14.0743,-7.05863,13.1913,1
3,180,163,-34.3567,-15.9638,23.0686,32.3588,23.0502,31.4239,22.4495,32.4611,23.0655,33.1611,23.7377,32.214,1
3,180,164,32.1993,20.7688,40.3944,76.1484,40.6594,75.2313,39.7653,75.9435,40.0968,77.2236,40.9755,76.3894,3
3,180,165,38.3341,10.5521,41.972,123.032,42.6525,122.542,41.4296,122.299,41.1747,123.604,42.4343,123.712,1
3,180,166,-3.80744,21.5183,28.458,165.758,28.9717,165.68,28.4487,165.156,27.9247,165.864,28.4424,166.399,2
3,180,167,18.8696,0.53256,3.08115,-170.248,3.60281,-170.211,3.08426,-170.8,2.52938,-170.288,3.07615,-169.726,1
3,180,169,23.8429,21.2477,-45.3631,-106.77,-44.7884,-107.175,-45.6199,-107.497,-46.0018,-106.272,-45.1346,-106.047,1
3,180,170,-20.2153,-20.5834,-38.1628,30.3542,-38.679,29.7862,-38.5593,30.837,-37.7111,30.8745,-37.7794,29.8465,1
3,180,171,12.8372,-22.6767,-2.33527,34.0146,-2.74162,33.6507,-2.83746,34.3987,-1.95589,34.3904,-1.89188,33.6483,1
3,180,172,31.4684,8.42819,36.6285,36.8949,36.2081,36.2729,36.2082,37.5273,37.1044,37.5988,37.0218,36.3199,2
3,180,173,9.13801,-23.8199,69.5514,35.7382,69.1425,34.6846,69.0396,36.7086,69.9201,36.8485,70.0013,34.7532,1
3,180,174,-23.4127,24.023,69.6189,-141.359,69.9508,-139.989,70.1704,-142.453,69.2531,-142.609,68.967,-140.24,1
3,180,175,17.5632,14.9605,34.7478,-149.197,35.1662,-148.742,35.0974,-149.692,34.2805,-149.674,34.3889,-148.73,1
3,180,178,22.7163,23.5325,-74.1051,-154.167,-73.6434,-152.49,-73.675,-155.531,-74.6326,-156.125,-74.5444,-152.84,1
3,180,179,-36.5896,4.48779,-71.2584,20.3855,-71.5485,18.1754,-71.8049,21.8132,-70.9702,22.2755,-70.6183,18.8478,2
3,180,180,-35.2603,21.5376,-27.5106,32.3117,-27.5289,31.5901,-28.2434,32.4767,-27.4539,32.9772,-26.6352,32.144,2
3,180,181,-14.1887,24.4156,3.44468,51.2071,3.27202,50.7388,2.9142,51.3355,3.64724,51.6758,4.038,51.0882,1
3,180,182,-37.7894,-12.2379,33.7134,64.1847,33.4944,63.2163,33.1618,64.5306,33.885,65.0177,34.3171,63.7679,2
3,180,183,-25.0234,22.083,62.8496,106.798,63.0274,105.683,62.2717,106.364,62.6957,107.894,63.4983,107.36,2
3,180,184,21.408,24.8891,55.8883,-178.541,56.4668,-178.83,55.78,-179.452,55.2376,-178.181,55.9579,-177.617,1
3,180,185,28.0724,22.6247,28.0062,-146.91,28.6464,-146.784,28.0778,-147.54,27.2636,-147.028,27.9024,-146.309,1
3,180,186,37.542,-6.73063,-1.89012,-132.224,-1.34361,-131.915,-1.68903,-132.979,-2.4984,-132.586,-2.06036,-131.57,1
3,180,189,-27.6735,11.8328,-56.0908,-0.954043,-55.9162,-1.9023,-56.6558,-1.14757,-56.2333,-0.0471602,-55.4611,-0.725768,1
3,180,191,36.1056,-4.09478,-72.0819,-61.9867,-71.3553,-61.901,-72.2468,-64.7769,-72.9003,-62.1346,-71.9057,-59.596,1
3,180,192,23.4739,12.4614,-60.0237,40.7251,-60.1584,39.4698,-60.6133,41.099,-59.8485,42.0935,-59.4541,40.4143,1
3,180,193,-32.461,-19.7895,-28.5401,54.4735,-28.9595,53.497,-29.1192,54.8523,-28.1952,55.3103,-27.9402,54.0341,1
3,180,194,-13.5969,24.4228,9.34838,70.5113,9.07403,69.987,8.74962,70.7428,9.65837,71.0333,10.0227,70.2807,1
3,180,195,-16.7753,-19.684,39.0987,81.7657,38.7604,80.9883,38.5608,82.0482,39.3833,82.4889,39.6259,81.4465,2
3,180,196,-5.83744,19.7399,70.4767,130.307,70.6266,128.688,69.9407,129.693,70.3296,131.974,71.0381,131.062,2
3,180,197,-20.091,-16.1728,62.2735,-143.438,62.9678,-143.31,62.3403,-144.678,61.6455,-143.582,62.2166,-142.168,1
3,180,198,-27.4446,-6.67877,29.2511,-118.068,29.8887,-117.679,29.4723,-118.731,28.6762,-118.42,29.0209,-117.352,1
3,180,199,22.0392,9.7916,-8.15528,-110.812,-7.60837,-110.525,-7.91825,-111.378,-8.75688,-111.117,-8.39379,-110.276,1
4,240,0,34.9334,12.1593,-30.7313,-88.7385,-30.0628,-88.2636,-30.4885,-89.5764,-31.5111,-89.2853,-30.9691,-87.9841,1
4,240,1,-25.0716,21.0227,-61.6748,-56.409,-61.0574,-56.1592,-61.5473,-57.8796,-62.28,-56.5906,-61.8249,-54.7271,1
4,240,2,20.7997,12.3693,-71.871,41.3236,-71.8464,39.3541,-72.4649,41.3869,-71.8621,43.4817,-71.2974,41.3193,2
4,240,3,-29.8866,-19.6657,-41.7188,68.0504,-42.097,66.9775,-42.2883,68.4421,-41.4021,68.9786,-41.1331,67.6017,1
4,240,4,-17.393,23.266,-3.57681,83.8874,-3.85757,83.368,-4.17514,84.1539,-3.26467,84.3941,-2.89703,83.6144,1
4,240,5,28.5321,-1.42782,27.2002,98.1394,26.9655,97.4782,26.5917,98.5374,27.4482,98.8669,27.7536,97.7745,2
4,240,6,-33.428,2.46364,63.3831,110.002,63.2386,108.326,62.7334,110.602,63.5033,111.516,64.1109,109.29,2
4,240,7,34.7467,21.4366,66.4216,-146.15,67.274,-146.623,66.1394,-147.864,65.4084,-145.564,66.6245,-144.492,1
4,240,8,-27.8509,-3.29589,42.0705,-103.484,42.6777,-103.001,42.3044,-104.264,41.5174,-103.916,41.8177,-102.64,1
4,240,11,-35.1749,-5.49959,35.8937,135.957,36.0062,135.048,35.277,136.008,35.7867,136.752,36.5805,135.884,1
4,240,12,35.2472,7.07877,45.7707,-174.813,46.2121,-175.524,45.1653,-175.271,45.2645,-174.01,46.3072,-174.377,1
4,240,13,-33.6407,17.9962,43.7063,-120.741,44.3447,-120.766,43.5636,-121.701,43.1163,-120.679,43.8439,-119.612,1
4,240,14,-27.0768,24.1583,18.887,-88.7627,19.4519,-88.6676,18.9856,-89.4662,18.3325,-88.817,18.7442,-87.9544,3
4,240,15,33.2825,6.58428,-10.6801,-70.3862,-10.0542,-70.2943,-10.7262,-71.0509,-11.3888,-70.486,-10.6483,-69.7829,2
4,240,17,-5.5346,23.5774,-48.8554,6.66392,-48.4803,6.15733,-49.1434,6.00383,-49.2281,7.23047,-48.5604,7.3876,1
4,240,19,29.7606,-4.83588,-21.2077,89.3725,-21.1746,88.7707,-21.8544,89.4386,-21.2499,90.0274,-20.6252,89.3106,1
4,240,20,29.2642,-11.1941,-16.4611,-57.2785,-16.0619,-56.9082,-16.0753,-57.8342,-16.8776,-57.6898,-16.7963,-56.7762,1
4,240,21,28.8198,11.495,-53.9349,-48.5239,-53.4443,-47.9911,-53.6923,-49.3944,-54.4879,-49.1215,-54.1699,-47.7123,1
4,240,22,-36.7971,18.8677,-76.8796,38.4713,-76.3457,36.7632,-77.4404,36.2476,-77.3351,40.264,-76.2035,40.9426,1
4,240,23,21.5339,-8.43637,-54.7674,112.14,-54.9963,111.386,-55.2454,112.639,-54.5318,112.928,-54.3281,111.68,1
4,240,24,1.65541,-24.9881,-20.5579,119.161,-20.9106,118.743,-21.0362,119.423,-20.2435,119.569,-20.1229,118.896,1
4,240,25,34.6511,9.09509,17.3728,129.073,17.0436,128.496,16.9063,129.542,17.7539,129.731,17.8043,128.657,1
4,240,26,-29.2521,-3.84185,52.5467,130.889,52.2408,130.012,52.1186,131.431,52.8164,131.696,53.0053,130.279,1
4,240,27,-31.079,6.08838,83.2665,-148.3,83.7275,-151.754,82.8144,-151.353,82.8313,-145.472,83.7433,-144.351,1
4,240,28,28.2694,22.7631,50.7158,-73.354,51.3201,-72.9661,50.8997,-74.1925,50.0076,-73.7557,50.5023,-72.5711,2
4,240,29,34.7941,-2.59774,18.078,-63.9807,18.5289,-63.5645,18.4044,-64.6265,17.5774,-64.4492,17.7869,-63.411,1
4,240,30,-15.8873,18.3202,33.5618,-35.9295,33.8741,-35.4646,33.9814,-36.3165,33.233,-36.3738,33.0915,-35.5276,1
4,240,32,32.4356,-0.0581593,-36.3969,-45.1655,-36.0683,-44.5583,-35.9334,-45.7405,-36.7558,-45.8485,-36.8135,-44.6448,1
4,240,33,-7.23545,-22.6623,-70.6064,-45.4725,-70.2073,-44.3245,-70.1781,-46.3031,-70.954,-46.619,-71.0017,-44.5806,1
4,240,34,-21.5807,-11.4381,-72.3195,143.217,-72.7608,141.947,-72.6301,144.52,-71.9148,144.35,-71.9984,141.879,3
4,240,35,22.5795,1.57472,-34.9833,144.95,-35.3606,144.524,-35.3092,145.479,-34.5767,145.401,-34.673,144.459,1
4,240,37,-24.6134,-6.53387,35.8937,135.957,35.4498,135.483,35.5885,136.468,36.2956,136.4,36.2084,135.402,1
4,240,38,-24.2553,-3.6526,71.7048,125.317,71.2152,124.386,71.4725,126.775,72.1514,126.226,71.9352,123.714,1
4,240,39,-17.2297,14.7655,69.5803,-27.6766,69.8284,-26.4297,70.0243,-28.4625,69.314,-28.8492,69.0872,-26.8923,1
4,240,40,32.2229,-16.4936,41.7071,-73.677,42.3065,-73.8013,41.5022,-74.7397,41.0584,-73.584,41.8912,-72.7568,1
4,240,42,-29.8613,23.082,-8.74885,-10.6801,-8.14307,-10.5263,-8.61345,-11.411,-9.33689,-10.7898,-8.93088,-9.83105,1
4,240,43,22.0455,12.9387,-37.5099,11.5496,-36.9336,11.4929,-37.5861,10.854,-38.1423,11.6291,-37.4492,12.2206,1
4,240,44,20.6422,13.5371,-53.4859,58.9658,-53.0393,58.3725,-53.846,58.2688,-53.9635,59.6478,-53.1462,59.6484,1
4,240,46,30.6874,-2.69854,-21.6049,144.826,-21.597,144.177,-22.2811,144.945,-21.6174,145.538,-20.9957,144.719,1
4,240,47,-18.7204,-4.44774,9.35896,163.847,9.29903,163.277,8.84544,163.927,9.41117,164.382,9.89532,163.757,1
4,240,48,38.2355,-1.11341,32.0318,-164.952,32.2026,-165.765,31.2072,-164.909,31.8226,-164.028,32.7492,-164.987,1
4,240,49,-13.3131,-20.5752,52.2619,-126.085,52.5381,-126.982,51.8287,-126.588,51.9862,-125.288,52.7013,-125.61,1
4,240,52,-30.2523,2.90377,54.1696,-104.736,54.6262,-105.61,53.626,-105.307,53.7528,-103.948,54.7693,-104.085,1
4,240,54,-33.9445,19.4002,19.9038,-15.0352,20.5775,-14.8181,20.0025,-15.8779,19.2697,-15.1979,19.7602,-14.0477,1
4,240,58,-23.61,-8.62135,-41.7466,125.887,-41.5712,125.045,-42.2994,125.733,-41.9084,126.658,-41.1605,126.03,1
4,240,59,28.3959,11.8123,-20.2017,163.669,-20.2505,162.97,-20.8249,163.813,-20.1318,164.452,-19.6147,163.554,1
4,240,61,-15.8985,-11.8051,-51.0221,129.216,-50.8059,128.413,-51.4697,128.893,-51.2276,129.963,-50.5594,129.52,1
4,240,64,25.1365,1.43094,26.0862,-142.099,26.076,-142.698,25.5175,-142.013,26.0941,-141.45,26.6151,-142.175,1
4,240,65,32.6088,22.7808,48.6027,-102.15,48.8405,-103.213,47.9922,-102.361,48.3337,-100.898,49.1684,-101.89,1
4,240,66,11.7677,24.8639,50.1219,-45.7562,50.6134,-46.158,49.9481,-46.507,49.59,-45.2878,50.2685,-44.9617,1
4,240,67,-30.2847,-2.58465,32.1766,-7.03424,32.8167,-6.9156,32.1677,-7.71032,31.5985,-7.14027,32.1883,-6.29327,3
4,240,68,-33.2945,1.19365,3.1782,16.2677,3.8253,16.4646,3.22638,15.6545,2.59589,16.0955,3.12589,16.9539,2
4,240,71,23.2185,-11.9571,-69.2505,95.7667,-68.7214,95.3293,-69.4501,93.997,-69.8073,96.2008,-69.0438,97.3338,1
4,240,73,29.0034,16.5603,-23.6777,-153.645,-23.9625,-154.321,-24.2122,-153.286,-23.3336,-152.886,-23.1596,-153.956,1
4,240,74,-34.373,-7.97598,9.73772,-147.455,9.44687,-148.213,9.1927,-147.1,9.98558,-146.788,10.3316,-147.863,1
4,240,75,36.9278,4.77619,40.6857,-122.285,40.5917,-123.235,39.9673,-121.888,40.7856,-121.189,41.3252,-122.63,1
4,240,76,-34.3083,-6.69105,70.6452,-84.727,70.9451,-86.951,70.0087,-85.104,70.3565,-82.8359,71.3531,-84.324,1
4,240,77,27.1688,18.5352,52.435,-2.61769,53.1074,-2.57645,52.408,-3.61431,51.6691,-2.63076,52.4249,-1.66349,1
4,240,78,3.19077,20.7299,22.3317,23.2735,22.8399,23.459,22.5514,22.7544,21.7846,23.1005,22.0799,23.8029,3
4,240,79,27.3883,10.9197,-11.2865,34.0968,-10.7164,34.366,-11.1006,33.499,-11.9267,33.805,-11.4751,34.6533,2
4,240,81,27.092,18.4181,-14.512,-134.328,-14.7188,-134.926,-15.0211,-134.094,-14.2583,-133.658,-14.015,-134.527,1
4,240,82,-22.2944,-5.87947,17.3221,-122.272,17.1684,-122.837,16.8496,-122.095,17.4587,-121.747,17.8179,-122.467,1
4,240,83,-28.4251,-23.0086,46.5506,-100.772,46.374,-101.862,46.0081,-100.636,46.6743,-99.8186,47.106,-100.966,2
4,240,84,-40.4923,3.81609,66.4284,-35.5666,67.1157,-36.597,65.8749,-36.7209,65.8323,-34.6956,67.0647,-34.1523,1
4,240,85,-28.3413,22.5097,44.8549,23.9158,45.4061,24.1212,44.9891,23.0023,44.3166,23.7668,44.668,24.9581,2
4,240,86,-38.7751,-6.26052,17.3264,45.7961,18.0798,46.1312,17.4042,45.1137,16.6791,45.5075,17.2499,46.5723,2
4,240,88,-11.3912,17.835,-47.0853,86.7656,-46.6022,86.7786,-47.0488,86.0271,-47.5732,86.7801,-47.136,87.5602,1
4,240,90,25.8796,11.5523,39.1815,-55.3331,39.3892,-56.0426,38.6289,-55.5197,38.956,-54.5455,39.6997,-55.1345,1
4,240,91,30.4238,16.1183,43.1988,-6.41786,43.7396,-6.94509,42.7804,-7.0296,42.5867,-5.80781,43.5696,-5.81481,1
4,240,92,-23.6527,2.88449,32.595,36.3717,33.1613,36.3373,32.5092,35.7381,32.0648,36.4092,32.6828,37.0577,1
4,240,93,40.255,5.25837,3.10192,59.9592,3.85008,60.0728,2.95269,59.1537,2.22437,59.8274,3.2182,60.6623,1
4,240,94,2.80667,23.5457,-21.2077,89.3725,-20.6877,89.3099,-21.1899,88.8212,-21.7615,89.4663,-21.2498,89.9528,1
4,240,96,-39.5981,-0.306303,-42.2868,171.043,-41.6955,170.256,-42.9248,170.599,-42.7902,171.739,-41.5449,171.535,3
4,240,97,22.8156,11.625,-32.0226,-142.931,-31.9626,-143.59,-32.5698,-142.949,-32.0739,-142.205,-31.4996,-142.897,1
4,240,98,-34.7567,-16.6659,-5.37881,-121.132,-5.42105,-121.99,-5.9839,-121.02,-5.35675,-120.397,-4.72579,-121.283,1
4,240,99,28.4281,18.0495,18.887,-88.7627,18.8867,-89.4512,18.2985,-88.7055,18.903,-87.9774,19.4481,-88.7895,2
4,240,100,1.18162,-24.3673,72.1728,-84.8346,71.7883,-86.1343,71.6757,-83.9741,72.5075,-83.5084,72.6214,-85.7518,2
4,240,101,36.4911,1.37064,68.3364,69.8139,68.8836,70.8957,68.5835,67.8771,67.7073,68.6383,68.0944,71.4825,3
4,240,102,37.032,-7.17537,33.8633,80.3271,34.2941,80.9268,34.3287,79.5104,33.3879,79.6478,33.4596,81.0296,2
4,240,103,-37.3965,7.79582,-3.26405,90.5923,-2.82034,91.1907,-2.82622,90.0192,-3.67049,90.0692,-3.77571,91.2538,1
4,240,104,-29.309,-9.99065,-37.3391,92.1164,-36.809,92.6753,-37.0227,91.5237,-37.8044,91.6033,-37.6629,92.7704,1
4,240,105,-6.39208,21.7189,-76.1809,99.7226,-75.7356,100.743,-75.8643,97.9762,-76.6498,98.6833,-76.5249,101.633,2
4,240,106,-34.3209,-0.839385,-68.6455,-109.592,-68.9116,-111.444,-69.1597,-108.552,-68.3898,-107.986,-68.065,-110.714,1
4,240,107,0.932671,-18.5351,-35.0032,-95.1198,-35.379,-95.5637,-35.4219,-94.7279,-34.6542,-94.6825,-34.6139,-95.5069,1
4,240,109,-36.9927,-11.9423,37.3457,-96.0932,36.7574,-96.8872,36.9708,-95.428,37.8378,-95.3956,37.7388,-96.8591,2
4,240,110,29.5868,-5.84681,9.85664,-64.4088,9.84936,-64.9495,9.24329,-64.3112,9.85431,-63.8221,10.4084,-64.5008,1
4,240,111,37.67,2.83655,35.5674,-35.4662,35.723,-36.2394,34.8556,-35.4349,35.3822,-34.5837,36.1951,-35.485,1
4,240,112,-35.2103,3.88752,55.8167,9.99989,56.3203,9.23055,55.3162,9.36529,55.3671,10.6821,56.3796,10.7412,2
4,240,113,-37.7972,1.26453,44.6056,64.6645,45.3277,64.6902,44.438,63.7936,43.9712,64.6502,44.7921,65.6658,1
4,240,114,-17.5887,-13.8422,18.3553,91.9203,18.8987,91.9496,18.3948,91.4229,17.855,91.8816,18.3288,92.4288,1
4,240,116,-29.4252,-11.2029,-35.5186,142.505,-34.8719,142.421,-35.6271,141.87,-36.0953,142.569,-35.3829,143.179,1
4,240,117,20.479,-9.76467,-54.1779,-171.9,-53.7962,-172.393,-54.5182,-172.633,-54.5795,-171.394,-53.8541,-171.244,1
4,240,118,-19.251,13.6163,-39.8458,-118.368,-39.7351,-118.99,-40.3463,-118.494,-39.9357,-117.756,-39.3025,-118.217,1
4,240,120,-23.3869,12.3863,-37.5791,-64.8772,-37.8819,-65.5287,-38.084,-64.4245,-37.2715,-64.2706,-37.0127,-65.3567,1
4,240,121,28.0863,8.96583,-2.74588,-54.8183,-3.14122,-55.3324,-3.19607,-54.3526,-2.29842,-54.251,-2.31625,-55.2418,2
4,240,123,-31.7564,24.5535,71.3605,-50.1547,71.0441,-52.0352,70.6454,-48.8674,71.6856,-48.3753,72.2132,-51.7277,2
4,240,124,21.8006,23.5164,71.1401,97.7971,71.7985,98.3188,71.2992,96.0147,70.3852,97.3242,70.9324,99.5008,3
4,240,125,28.5425,-11.3641,39.9151,113.825,40.3751,114.341,40.3399,113.021,39.433,113.262,39.5406,114.54,2
4,240,126,22.5554,-22.5404,5.53823,119.821,5.99381,120.197,6.09001,119.282,5.09878,119.414,5.06743,120.311,1
4,240,127,25.3499,5.86724,-33.2552,123.535,-32.7981,124.015,-32.9,122.922,-33.7567,123.008,-33.5925,124.106,1
4,240,128,36.6238,-11.476,-67.2264,126.471,-66.7671,127.811,-66.6605,124.612,-67.7044,124.876,-67.6853,128.148,1
4,240,129,35.4163,17.4924,-73.2598,-63.8674,-73.7469,-66.1837,-73.7306,-61.8577,-72.6384,-61.345,-72.7884,-65.5316,3
4,240,131,-38.221,3.03299,-48.2552,-147.319,-47.4751,-147.75,-48.7125,-148.223,-48.9334,-146.917,-47.7168,-146.296,1
4,240,132,-32.2028,11.3549,-44.2085,-93.2888,-43.9076,-94.1436,-44.8845,-93.5431,-44.4617,-92.4845,-43.4396,-92.9909,1
4,240,133,-32.6833,13.1448,-20.7167,-60.0583,-20.6474,-60.7897,-21.4326,-59.9888,-20.7552,-59.3828,-19.8934,-60.1228,2
4,240,134,-35.6066,-10.4812,5.91344,-39.7318,5.81087,-40.597,5.2777,-39.5183,5.99258,-38.983,6.61138,-39.9902,1
4,240,135,25.2601,6.58999,31.3131,-9.03775,31.3367,-9.73917,30.7042,-8.98331,31.2884,-8.26913,31.8848,-9.07777,2
4,240,136,30.6375,-21.2418,48.4953,28.2983,48.8286,27.5051,47.7483,27.5987,48.1063,29.0903,49.1437,28.8876,2
4,240,137,18.8042,-19.4342,47.0245,83.6869,47.5512,83.4213,46.8658,82.7247,46.4846,83.9135,47.179,84.5534,2
4,240,138,36.5713,14.9488,20.1215,119.702,20.9202,119.78,20.0062,118.911,19.1793,119.627,20.194,120.422,1
4,240,139,38.536,-1.15092,-7.02907,140.537,-6.32387,140.767,-7.01621,139.665,-7.83582,140.264,-7.04305,141.293,2
4,240,140,26.7165,-1.68945,31.0216,152.952,31.4625,153.426,31.3995,152.317,30.5453,152.439,30.6721,153.529,1
4,240,141,9.67588,22.0399,-6.98996,158.246,-6.51953,158.589,-6.62063,157.834,-7.5152,157.891,-7.38939,158.651,1
4,240,143,31.8747,-13.7649,-75.2548,161.833,-74.825,163.639,-74.6952,159.478,-75.683,159.699,-75.7122,164.064,2
4,240,144,-10.7706,16.2413,-65.1183,-33.0294,-65.4007,-34.1237,-65.5991,-32.3547,-64.81,-31.9756,-64.5917,-33.6911,1
4,240,145,38.2394,6.09162,-30.6609,-18.9834,-31.1262,-19.7176,-31.1482,-18.1993,-30.1122,-18.1399,-30.2163,-19.6566,1
4,240,146,-13.9136,-18.3461,3.08545,-22.4478,2.6301,-22.8877,2.65938,-22.0965,3.49106,-22.0306,3.49496,-22.8153,1
4,240,147,-25.0935,5.40426,41.3956,-20.899,41.023,-21.5594,40.9566,-20.3488,41.7478,-20.2808,41.8751,-21.5046,1
4,240,148,-19.5264,21.1953,78.7179,-9.4644,78.4204,-11.9585,78.1511,-8.01388,79.0178,-6.93355,79.3534,-11.1529,1
4,240,149,-19.0457,-2.33289,67.3368,153.087,67.7885,154.083,67.6572,151.922,66.9072,152.183,66.9941,154.286,2
4,240,150,32.0979,-13.323,-11.6818,-10.2642,-11.6155,-10.8674,-12.4527,-10.2534,-11.7748,-9.61389,-11.0083,-10.2854,1
4,240,151,-26.0097,-0.51339,18.9789,12.044,19.0219,11.4049,18.423,12.0743,18.9387,12.6332,19.5802,12.008,2
4,240,152,-36.0505,-15.0116,41.3632,42.6901,41.5789,41.5531,40.7278,42.6201,41.1577,43.6492,42.0649,42.7293,1
4,240,153,34.6178,19.9525,42.3812,98.0439,42.9776,97.3844,41.8744,97.4468,41.6861,98.8299,42.8232,98.64,2
4,240,155,-0.909818,22.446,7.11587,169.919,7.63256,169.896,7.16048,169.397,6.57153,169.968,7.04434,170.471,1
4,240,158,29.3085,17.1162,-48.6266,-81.291,-48.2475,-82.1107,-49.161,-81.7277,-49.0374,-80.3248,-48.133,-80.8534,1
4,240,159,-21.9606,24.5684,-29.4253,-39.629,-29.3053,-40.2546,-30.044,-39.8269,-29.5078,-38.9974,-28.7281,-39.3776,1
4,240,162,31.5532,20.1469,-1.97015,17.0334,-2.03931,16.3069,-2.59576,17.1697,-1.86699,17.8771,-1.37514,16.9381,2
4,240,163,-29.9613,18.1186,27.7969,38.476,27.9148,37.7852,27.1104,38.4147,27.7104,39.1319,28.584,38.5694,2
4,240,164,-21.8765,8.41226,46.0551,76.3289,46.3202,75.6207,45.545,76.0054,45.8078,77.0053,46.6052,76.6974,1
4,240,165,22.0421,-13.473,43.607,125.129,44.0816,124.787,43.3084,124.354,43.1056,125.456,43.8843,125.832,1
4,240,166,-10.5421,-20.99,28.9969,165.83,29.5813,165.697,28.9826,165.223,28.4551,165.929,29.032,166.424,1
4,240,170,-29.1637,24.1734,-29.7279,29.2254,-30.0884,28.6394,-30.3136,29.7505,-29.3459,29.7581,-29.0239,28.6448,1
4,240,171,-29.5978,15.3011,5.19181,29.751,4.81725,29.2484,4.71225,30.2203,5.56154,30.2089,5.74829,29.2276,2
4,240,172,14.5358,-17.0602,37.9833,34.4339,37.6147,33.9607,37.5166,34.9119,38.336,34.9304,38.4013,33.9728,1
4,240,173,23.1416,18.1311,77.1721,43.293,76.7862,41.1445,76.728,44.8641,77.5975,45.7984,77.6098,41.751,2
4,240,174,-25.6882,23.4504,65.8651,-141.845,66.1965,-140.637,66.4279,-142.822,65.5039,-142.944,65.1966,-140.826,3
4,240,176,-0.56668,-24.2198,-1.33157,-147.32,-0.874161,-146.969,-0.880905,-147.674,-1.74416,-147.669,-1.73881,-146.968,1
4,240,177,-29.6392,5.50136,-40.0765,-143.444,-39.6519,-142.814,-39.6832,-144.069,-40.4709,-144.022,-40.5128,-142.745,1
4,240,178,-13.4856,22.2337,-77.625,-140.805,-77.2028,-139.305,-77.221,-142.688,-78.0627,-142.334,-78.0706,-138.668,1
4,240,179,23.3591,-22.7796,-70.6315,38.6512,-71.06,37.5224,-71.1659,40.2408,-70.2112,39.8241,-70.1657,37.2753,1
4,240,180,-32.3003,21.9371,-24.4497,34.5134,-24.505,33.8554,-25.1363,34.6707,-24.3608,35.1285,-23.64,34.3562,1
4,240,182,27.8687,20.2401,36.5817,74.7984,36.4258,74.042,36.0513,75.0096,36.7741,75.6614,37.0978,74.6271,1
4,240,183,-22.2382,-1.04839,63.3831,110.002,63.5616,108.866,62.9004,109.719,63.2086,111.05,63.8976,110.308,2
4,240,184,30.5554,-16.7176,55.216,-179.96,55.7619,179.979,55.1172,178.78,54.6334,-179.941,55.306,-178.858,1
4,240,185,-27.4153,-3.20826,29.2525,-141.568,29.8093,-141.332,29.368,-142.16,28.7442,-141.783,29.1303,-140.928,1
4,240,189,-2.04349,19.0877,-55.2664,7.29349,-55.2496,6.46247,-55.7412,7.19437,-55.2593,8.15945,-54.7687,7.42655,1
4,240,191,-33.9714,-4.25234,-67.0637,-42.0202,-66.2922,-42.7329,-67.4334,-43.5413,-67.7421,-41.3553,-66.6258,-40.397,1
4,240,193,20.539,17.645,-23.0332,63.0982,-23.3481,62.487,-23.5498,63.4259,-22.6641,63.7625,-22.5145,62.8036,1
4,240,194,-31.1232,-14.4791,9.50148,68.1775,9.09393,67.42,8.96545,68.549,9.84347,68.8465,10.0619,67.7538,1
4,240,195,-30.1047,18.8156,47.0245,83.6869,46.8648,82.715,46.3046,84.0586,47.1998,84.5975,47.8621,83.2756,2
4,240,196,27.4511,-14.9373,67.4503,134.39,67.7237,132.936,66.7302,133.577,67.1254,135.859,68.0902,135.117,1
4,240,197,-23.6107,-24.8486,60.3503,-139.858,61.1945,-139.752,60.471,-141.098,59.618,-139.998,60.2574,-138.601,1
4,240,199,-19.1353,9.62608,-10.3968,-105.971,-9.88605,-105.674,-10.1297,-106.512,-10.8955,-106.247,-10.6931,-105.391,1
5,300,1,-23.2202,17.9949,-64.3192,-52.1518,-63.7108,-52.0006,-64.2619,-53.6829,-64.9118,-52.2422,-64.3844,-50.4315,1
5,300,2,27.584,22.554,-68.6442,52.8068,-68.8067,50.7653,-69.2725,53.2997,-68.3997,55.1094,-68.0271,52.4572,1
5,300,3,-26.0491,20.9757,-34.1861,72.3181,-34.3853,71.5858,-34.8621,72.6267,-33.9572,73.009,-33.4037,71.9987,1
5,300,4,21.3913,5.68564,-2.77838,87.809,-3.06287,87.2876,-3.28305,88.1443,-2.46677,88.3693,-2.29474,87.4983,1
5,300,5,-32.4357,6.85503,33.5763,92.4085,33.3156,91.5893,32.9771,92.8641,33.8211,93.1518,34.2547,91.8909,2
5,300,6,-24.7988,4.52943,66.203,116.662,66.1178,115.096,65.6043,117.015,66.2759,118.132,66.8553,116.264,3
5,300,7,23.9278,0.777686,66.851,-141.848,67.4499,-141.906,66.7501,-143.454,66.2055,-141.792,66.9272,-140.342,1
5,300,8,34.9168,21.2777,33.4754,-108.903,34.2901,-108.522,33.6214,-109.784,32.4924,-109.32,33.2924,-108.103,1
5,300,11,-30.3349,-2.5215,38.0436,140.153,38.1639,139.346,37.4725,140.136,37.93,140.88,38.6698,140.165,1
5,300,12,-21.627,16.6839,51.4414,-168.811,51.8251,-169.396,51.0402,-169.447,51.0794,-168.227,51.8701,-168.074,1
5,300,13,20.1782,11.3027,37.9524,-121.245,38.4698,-121.402,37.8026,-121.876,37.392,-121.063,38.0811,-120.628,1
5,300,14,22.8065,-12.162,15.6798,-92.2812,16.1915,-92.2347,15.7161,-92.9114,15.1474,-92.3454,15.6554,-91.7074,1
5,300,15,-31.9519,2.62709,-9.18305,-63.6757,-8.54464,-63.5629,-9.19792,-64.2846,-9.76235,-63.7724,-9.16531,-62.9967,3
5,300,18,7.63039,23.8917,-39.3408,61.6183,-39.2878,60.9383,-39.8308,61.4648,-39.3699,62.3606,-38.837,61.8086,1
5,300,19,29.7285,-12.9299,-19.0042,91.2657,-18.9722,90.6788,-19.7053,91.2946,-19.0562,91.8931,-18.3845,91.2288,1
5,300,20,29.7846,22.064,-23.4161,-56.4133,-22.8493,-56.0357,-23.1501,-56.9667,-24.0844,-56.8339,-23.697,-55.9,1
5,300,21,-31.8983,-11.8424,-53.8893,-39.1427,-53.2489,-38.6483,-53.7214,-40.04,-54.4468,-39.6051,-54.0458,-38.1539,1
5,300,22,-31.1632,8.21944,-77.0664,50.0521,-76.7095,47.9242,-77.6017,48.8826,-77.3683,52.1401,-76.4619,51.2834,2
5,300,23,28.8505,18.6711,-48.7573,115.329,-49.1226,114.555,-49.1796,115.898,-48.3186,116.183,-48.3368,114.827,1
5,300,24,-20.4333,19.8443,-12.6204,118.43,-12.8856,117.986,-13.097,118.723,-12.3382,118.854,-12.08,118.122,1
5,300,26,-39.3908,-8.25723,56.0088,129.653,55.5974,128.354,55.5443,130.465,56.3444,130.789,56.5165,128.685,2
5,300,27,-38.1724,-0.944426,83.4325,-120.267,84.1741,-121.554,83.1182,-125.144,82.7837,-119.335,83.7337,-114.175,1
5,300,28,29.629,24.5336,46.8225,-71.9687,47.4565,-71.5815,47.0184,-72.7597,46.07,-72.3749,46.5939,-71.2332,2
5,300,29,-32.5125,19.0807,13.2685,-56.7884,13.6857,-56.3413,13.6852,-57.337,12.8573,-57.1836,12.7672,-56.1654,1
5,300,30,21.7794,0.167512,31.543,-40.1184,31.8714,-39.6653,31.9205,-40.5713,31.1918,-40.5991,31.1863,-39.6981,1
5,300,31,-28.6035,18.6662,-6.42462,-37.3354,-6.09803,-36.8629,-5.93762,-37.7449,-6.75622,-37.7697,-6.99264,-36.8813,3
5,300,32,29.1064,9.52804,-41.1147,-45.5454,-40.7552,-44.9294,-40.7086,-46.1024,-41.5194,-46.2354,-41.4995,-45.0338,1
5,300,33,37.3172,-4.53739,-74.6217,-64.1681,-74.4818,-61.8233,-73.9269,-65.4125,-74.7387,-66.869,-75.2197,-62.9889,1
5,300,34,-38.799,-1.09753,-67.6415,137.009,-68.0789,135.278,-68.0527,138.424,-67.2444,138.455,-67.1608,135.435,1
5,300,35,-7.80422,-24.2528,-33.6357,141.447,-34.1076,141.062,-34.0186,141.87,-33.2139,141.819,-33.2846,141.024,1
5,300,37,33.6927,23.8905,43.1114,142.162,42.5256,141.507,42.7651,142.88,43.8202,142.929,43.4669,141.511,1
5,300,38,-39.5821,4.80492,75.3778,113.018,74.6983,111.591,75.2267,115.766,75.9696,114.334,75.5136,109.754,1
5,300,39,-6.04162,-24.5842,69.4158,-30.7902,69.8023,-29.6136,69.8695,-31.5426,69.0691,-31.8819,68.9931,-30.0413,1
5,300,40,31.1842,11.3136,38.316,-66.3542,38.9677,-66.4954,38.0973,-67.1274,37.5786,-66.1835,38.4965,-65.6286,2
5,300,43,34.1923,9.68846,-40.9158,13.5969,-40.2223,13.5653,-41.09,12.7067,-41.71,13.6455,-40.7683,14.4062,1
5,300,44,26.6486,-5.06237,-54.3322,61.9507,-53.8717,61.3959,-54.76,61.1243,-54.8295,62.549,-53.9352,62.685,1
5,300,45,-30.5624,20.2445,-37.804,114.726,-37.5944,113.975,-38.5021,114.516,-37.9663,115.453,-36.999,114.992,1
5,300,46,-25.2186,-11.5449,-15.9251,142.274,-15.9839,141.588,-16.4707,142.358,-15.8802,142.894,-15.3522,142.17,1
5,300,47,25.2632,-5.66446,9.66082,169.096,9.64355,168.535,9.03664,169.178,9.66931,169.696,10.2312,169.018,1
5,300,49,-36.5365,-0.320755,55.6133,-117.433,56.1902,-118.37,55.0374,-118.081,55.1029,-116.626,56.266,-116.682,1
5,300,52,29.3774,20.4566,48.6577,-95.0294,49.1312,-95.8808,48.1331,-95.5919,48.1204,-94.0419,49.1337,-94.4418,2
5,300,53,-38.3462,-3.81488,44.9076,-44.7136,45.7928,-44.7517,44.6741,-45.6918,44.1433,-44.6808,45.1761,-43.5932,1
5,300,54,-38.637,-8.26845,19.9491,-14.3881,20.8685,-14.2095,19.8799,-15.1561,19.1653,-14.5441,20.0446,-13.5184,1
5,300,55,18.4242,6.2875,-13.1193,4.71689,-12.5678,4.78131,-13.0889,4.14087,-13.7099,4.65332,-13.1555,5.26957,1
5,300,57,39.1955,9.20896,-55.9266,82.6873,-55.2736,81.8198,-56.6081,81.823,-56.6837,83.7582,-55.334,83.4526,1
5,300,58,28.0143,-8.39725,-44.002,133.645,-43.8442,132.848,-44.7017,133.495,-44.1791,134.5,-43.3719,133.767,1
5,300,59,4.16164,-23.6858,-18.445,161.592,-18.549,160.991,-19.0525,161.556,-18.3705,162.166,-17.8801,161.599,1
5,300,61,-38.1257,12.8862,-46.3165,136.221,-45.9221,135.342,-47.0341,135.903,-46.643,137.034,-45.4737,136.601,1
5,300,64,29.1349,23.1647,30.2297,-137.355,30.1528,-138.151,29.6472,-137.249,30.3378,-136.432,30.794,-137.417,1
5,300,65,-37.3137,6.39669,55.686,-103.498,56.0793,-104.592,55.0227,-103.854,55.3396,-102.532,56.4492,-103.064,3
5,300,66,18.1891,-19.7531,49.7091,-46.7663,50.1845,-47.0661,49.536,-47.6834,49.2215,-46.5048,49.8762,-45.9389,1
5,300,67,-25.4866,24.4154,26.8596,-3.01827,27.4106,-2.89049,27.0002,-3.7397,26.3127,-3.10343,26.6679,-2.19702,2
5,300,68,-24.4315,-22.5381,1.41171,16.0565,2.12883,16.0964,1.49172,15.5212,0.783664,16.001,1.36153,16.6069,2
5,300,71,-37.0491,-6.86962,-64.7006,110.48,-63.9493,109.532,-65.1688,109.292,-65.3472,111.336,-64.151,111.741,2
5,300,72,-24.7938,7.07696,-50.6564,-179.967,-50.6751,179.092,-51.238,-179.826,-50.6216,-179.085,-50.0184,179.891,1
5,300,73,31.2881,17.4551,-20.1429,-152.074,-20.4496,-152.768,-20.688,-151.691,-19.7684,-151.286,-19.6168,-152.405,1
5,300,74,35.2361,14.0166,12.9054,-138.556,12.6282,-139.277,12.3125,-138.143,13.2394,-137.719,13.458,-138.912,1
5,300,75,23.7727,16.9103,45.7055,-120.788,45.5519,-121.656,45.1497,-120.551,45.8866,-119.818,46.2481,-120.989,1
5,300,76,-20.6776,-11.4208,70.3175,-73.7795,70.607,-75.4377,69.8375,-74.5029,70.0302,-72.3157,70.8193,-73.0335,1
5,300,77,-6.88313,23.6336,51.1369,5.28795,51.669,5.41817,51.294,4.42649,50.5779,5.19861,50.935,6.20262,1
5,300,78,21.9436,12.4188,18.8382,22.5448,19.3848,22.7712,19.0092,21.9725,18.2335,22.31,18.6567,23.0885,2
5,300,79,-24.8735,-19.2061,-10.0941,38.8664,-9.39414,39.1022,-9.89432,38.3239,-10.7071,38.6394,-10.2725,39.4373,2
5,300,81,37.3431,10.5968,-12.2894,-131.96,-12.4603,-132.658,-12.8983,-131.605,-12.0792,-131.149,-11.7353,-132.259,1
5,300,82,32.6165,-9.37222,17.8611,-116.265,17.7882,-116.862,17.1808,-116.054,17.923,-115.61,18.4586,-116.46,1
5,300,83,19.6484,-0.434794,48.133,-90.3743,48.1616,-91.1128,47.6088,-90.3706,48.096,-89.5942,48.6276,-90.3767,2
5,300,85,-35.7641,12.0588,43.1089,26.9638,43.7323,27.2946,43.193,26.0305,42.5372,26.6956,42.9908,28.04,2
5,300,86,32.388,7.10817,9.54412,41.8815,10.1206,42.0907,9.63248,41.2505,8.89227,41.6516,9.45137,42.455,2
5,300,88,26.7285,24.2499,-52.731,87.9543,-52.0776,87.8405,-52.7884,87.0349,-53.4824,88.1327,-52.7033,88.854,1
5,300,89,-20.4282,-13.8478,-60.4348,147.832,-60.0904,146.88,-60.8333,147.227,-60.7528,148.705,-60.012,148.413,1
5,300,91,-21.6218,3.65059,47.3463,-1.74951,47.8342,-2.12409,47.0617,-2.40732,46.8867,-1.39505,47.6459,-1.03313,1
5,300,92,-25.9428,14.124,29.688,40.7067,30.2576,40.7269,29.6484,40.0172,29.146,40.7095,29.7142,41.4785,2
5,300,93,15.3603,19.978,1.41742,65.2358,1.97055,65.2157,1.42487,64.7199,0.811606,65.2778,1.3863,65.7529,1
5,300,94,-29.2529,-16.7131,-19.0042,91.2657,-18.2641,91.1933,-19.083,90.6731,-19.6545,91.3139,-18.8929,91.8886,1
5,300,96,23.7795,-2.61068,-47.698,177.505,-47.3959,176.856,-48.2093,177.082,-48.0207,178.203,-47.2228,177.888,1
5,300,98,-32.5944,19.6366,0.0176195,-115.92,0.10994,-116.551,-0.704462,-115.925,-0.0366826,-115.327,0.860219,-115.894,1
5,300,100,27.4091,11.1946,78.2661,-67.5387,78.0624,-70.3105,77.7317,-66.3395,78.4709,-64.3547,78.7699,-68.6946,2
5,300,101,26.6554,-12.0948,66.2631,74.1754,66.6965,75.0197,66.6285,72.7704,65.8099,73.2783,65.9334,75.4152,2
5,300,102,20.0999,-15.7996,30.9555,82.7062,31.3399,83.1175,31.3903,82.1867,30.5741,82.2715,30.5686,83.1856,1
5,300,104,-32.2337,1.23754,-42.171,92.968,-41.6907,93.6077,-41.8296,92.2767,-42.6042,92.387,-42.5448,93.7483,1
5,300,105,27.3889,0.258338,-78.4061,86.5531,-78.0208,88.5869,-78.0007,84.2878,-78.8069,84.1767,-78.7639,88.7657,2
5,300,107,-20.9169,-11.6251,-30.5531,-97.3498,-30.9594,-97.8683,-30.9301,-96.9349,-30.1865,-96.8707,-30.1708,-97.7893,1
5,300,109,39.4834,6.84986,42.6971,-85.5659,42.2982,-86.4355,42.1806,-84.7446,43.1593,-84.5358,43.1566,-86.2832,2
5,300,110,11.0659,18.4572,15.5032,-62.2232,15.4253,-62.7257,15.0362,-62.1741,15.6025,-61.6843,15.9776,-62.2536,1
5,300,111,-40.4105,4.29348,43.9275,-37.7025,44.1557,-38.723,43.2258,-37.6794,43.7318,-36.8172,44.7475,-37.7298,1
5,300,112,23.4442,-14.0138,50.6864,13.7284,51.05,13.1989,50.2771,13.047,50.294,14.2505,51.0615,14.3421,1
5,300,113,26.542,16.084,36.8219,65.0534,37.391,64.9441,36.6945,64.4036,36.1844,65.1929,36.9201,65.6803,2
5,300,114,28.3798,-4.31675,12.3372,91.5416,12.8531,91.643,12.3685,90.9297,11.78,91.4251,12.31,92.0971,1
5,300,115,-25.965,13.4734,-14.4057,118.629,-13.8842,118.739,-14.3459,118.057,-14.9043,118.54,-14.4829,119.265,1
5,300,116,-17.3813,-12.0309,-38.7938,145.154,-38.2686,145.034,-38.8677,144.557,-39.282,145.255,-38.702,145.761,1
5,300,117,34.8315,21.5885,-55.768,-160.182,-55.321,-161.193,-56.3129,-160.72,-56.2681,-158.929,-55.2773,-159.641,1
5,300,120,22.9788,3.55016,-35.3509,-59.1081,-35.7029,-59.68,-35.7938,-58.5968,-34.9658,-58.4977,-34.9287,-59.5781,1
5,300,121,-25.8232,23.2826,3.1275,-59.8954,2.78346,-60.4143,2.52785,-59.4924,3.49377,-59.4106,3.83249,-60.3372,2
5,300,122,-38.8137,-5.74202,35.8466,-58.6846,35.3157,-59.621,35.378,-57.9724,36.2943,-57.8709,36.3628,-59.5204,1
5,300,123,32.771,-0.0030973,70.0214,-30.1085,69.8811,-32.0149,69.3342,-29.2728,70.1493,-27.951,70.6351,-30.895,1
5,300,124,-25.1472,-6.49923,72.0476,111.98,72.5936,113.246,72.3248,110.306,71.5454,110.876,71.746,113.728,2
5,300,125,23.8508,0.683531,35.0543,115.317,35.5075,115.767,35.3901,114.674,34.5653,114.837,34.7363,115.909,2
5,300,126,23.1317,13.6894,-1.94952,120.311,-1.45895,120.695,-1.61569,119.818,-2.50097,119.897,-2.28562,120.774,1
5,300,128,10.9116,20.6013,-73.6167,139.292,-73.0805,140.066,-73.3552,137.592,-74.2045,138.47,-73.8916,141.04,1
5,300,129,24.6525,14.2041,-69.9442,-66.8936,-70.3077,-68.4421,-70.4057,-65.7305,-69.5121,-65.2574,-69.4838,-67.9115,2
5,300,130,-36.4182,3.32372,-32.6342,174.852,-31.851,174.95,-32.7489,174.004,-33.3286,174.774,-32.4954,175.819,1
5,300,131,26.9085,6.15326,-55.77,-143.652,-55.246,-144.213,-56.1656,-144.524,-56.3417,-143.008,-55.404,-142.844,1
5,300,132,20.7127,16.8787,-46.4774,-84.5341,-46.3951,-85.4097,-47.043,-84.6245,-46.543,-83.5594,-45.9277,-84.4155,1
5,300,133,38.2401,13.4552,-22.4368,-51.3635,-22.508,-52.2526,-23.1743,-51.0516,-22.3326,-50.3132,-21.7691,-51.6111,2
5,300,134,-35.5232,5.94427,10.4466,-36.6374,10.4548,-37.4075,9.74714,-36.4622,10.4506,-35.9488,11.2482,-36.8356,1
5,300,135,28.1266,-17.059,31.946,-7.92856,32.0113,-8.62561,31.1702,-8.00297,31.8455,-7.19954,32.6289,-7.8814,2
5,300,136,-33.7971,10.4695,56.7345,36.9981,57.2268,36.0563,56.1218,36.3195,56.294,37.8574,57.4271,37.8195,4
5,300,137,10.1841,-21.644,46.0646,88.6285,46.5909,88.3695,45.973,87.7418,45.5436,88.8413,46.1638,89.4416,1
5,300,138,26.7591,-10.12,20.2429,121.167,20.8162,121.271,20.2993,120.426,19.6353,121.04,20.1983,121.834,1
5,300,139,28.5811,-12.1924,-8.33224,142.946,-7.75623,143.097,-8.20976,142.208,-8.94216,142.764,-8.42917,143.603,1
5,300,140,18.099,6.29789,26.6223,154.316,27.0502,154.718,26.9583,153.806,26.1602,153.894,26.2911,154.797,1
5,300,142,-35.1819,-0.713674,-43.792,167.719,-43.2026,168.454,-43.4577,166.873,-44.3116,167.06,-44.1561,168.688,1
5,300,143,37.033,11.0604,-81.8686,159.616,-81.303,163.411,-81.4396,155.096,-82.4863,154.539,-82.2257,163.977,1
5,300,144,-26.9479,17.1239,-60.8143,-34.917,-61.0676,-36.0935,-61.4065,-34.2214,-60.5398,-33.8368,-60.1303,-35.6415,1
5,300,145,-17.1397,7.80629,-26.4897,-25.5611,-26.823,-26.0623,-26.9193,-25.1632,-26.1578,-25.0857,-26.0245,-25.9769,1
5,300,146,17.4218,22.4878,10.6622,-19.1343,10.2113,-19.5818,10.2363,-18.748,11.1812,-18.6524,11.1098,-19.5,1
5,300,148,-35.871,-0.47179,80.4965,-19.5141,80.0127,-23.3433,80.022,-16.398,80.8887,-15.8329,80.9921,-23.4457,1
5,300,149,-29.3679,-12.1241,64.789,156.313,65.3614,157.517,65.1371,155.127,64.2814,155.27,64.4225,157.579,2
5,300,151,36.9065,0.729289,17.1721,19.2132,17.2928,18.5107,16.4067,19.2871,17.0276,20.0118,17.8461,19.1534,2
5,300,152,-26.1552,7.93279,43.1577,50.6266,43.4082,49.9,42.6062,50.3766,42.9288,51.309,43.7626,50.9164,2
5,300,153,23.7007,-2.86395,43.471,99.8153,43.9259,99.4196,43.1096,99.1726,42.9812,100.225,43.8033,100.416,1
5,300,155,35.5891,1.87916,3.18272,168.401,3.84316,168.486,3.09144,167.67,2.43404,168.302,3.257,169.051,1
5,300,156,29.8281,-2.83218,-21.7508,-165.812,-21.168,-165.768,-21.8096,-166.522,-22.3877,-165.867,-21.6946,-165.171,1
5,300,159,28.7764,21.3021,-31.022,-33.2912,-30.9953,-34.0956,-31.6236,-33.269,-31.0233,-32.3618,-30.446,-33.2741,1
5,300,160,-23.1492,24.0621,-41.1147,-45.5454,-40.8524,-46.2178,-41.6889,-45.9758,-41.3388,-44.8552,-40.4707,-45.0334,1
5,300,161,-14.2592,-11.8609,-24.312,-12.092,-24.2981,-12.7103,-24.8198,-12.1236,-24.3332,-11.5142,-23.7961,-12.0751,1
5,300,162,-20.85,-16.2997,1.42826,13.1086,1.3562,12.4676,0.895449,13.1486,1.47856,13.6904,1.97278,13.0464,2
5,300,163,-30.3307,9.95681,29.7507,40.6459,29.8747,39.9276,29.1099,40.6228,29.6477,41.3121,30.4721,40.683,3
5,300,164,33.201,-1.65454,41.9197,82.0953,42.2812,81.3974,41.2578,81.7203,41.5074,82.8582,42.5088,82.4385,1
5,300,165,-23.3397,8.44961,45.7104,134.555,46.2489,134.294,45.4772,133.814,45.2028,134.813,45.9528,135.375,2
5,300,166,25.1275,-7.09617,23.2457,167.449,23.7957,167.452,23.1915,166.763,22.6605,167.435,23.2981,168.075,1
5,300,168,-38.0652,-9.26959,-23.1562,-136.069,-22.2723,-136.087,-23.3382,-136.784,-23.9126,-136.06,-22.9271,-135.272,1
5,300,170,-22.5661,11.0633,-27.5496,29.9132,-27.9046,29.4166,-27.9681,30.3632,-27.1974,30.3747,-27.0821,29.4324,2
5,300,171,-23.7756,-8.45416,6.54388,30.1699,6.09811,29.7201,6.18298,30.5827,6.94596,30.5865,6.91545,29.7254,4
5,300,172,-37.6301,-3.07535,42.9022,27.1769,42.35,26.3368,42.5232,27.9727,43.378,27.9188,43.3174,26.253,3
5,300,173,34.9962,-13.8143,77.2546,49.7505,77.0351,47.0477,76.4912,51.4912,77.437,52.8494,77.8949,48.0318,2
5,300,174,-25.814,-22.2635,66.851,-141.848,67.4069,-140.452,67.2743,-142.849,66.3709,-143.055,66.4331,-140.793,1
5,300,176,19.6941,9.66992,-8.26713,-149.408,-7.87539,-149.014,-7.90422,-149.822,-8.69697,-149.829,-8.62523,-149.017,1
5,300,177,-27.7089,-8.28458,-42.458,-143.846,-41.9634,-143.22,-42.1106,-144.461,-42.896,-144.425,-42.8161,-143.168,1
5,300,178,-18.1467,12.1518,-80.3169,-136.599,-79.8833,-134.749,-79.9887,-139.199,-80.7379,-138.492,-80.6586,-133.624,1
5,300,179,-19.6651,21.8547,-62.4235,28.0864,-62.7653,27.1394,-62.9177,28.8833,-62.0551,28.9667,-61.852,27.2659,1
5,300,180,34.9824,21.1701,-24.0273,42.2889,-24.2967,41.5354,-24.5728,42.648,-23.6823,43.1681,-23.5035,41.9925,1
5,300,181,-32.3462,18.3061,10.7872,52.1884,10.6844,51.5843,10.1502,52.3996,10.9092,52.7475,11.5311,51.9607,1
5,300,182,-4.55184,-17.9641,38.4464,71.8214,38.2968,71.2047,37.9673,71.9163,38.5696,72.4126,38.9082,71.7064,1
5,300,183,-34.6902,-0.488589,66.203,116.662,66.5407,115.178,65.6233,116.233,65.8933,117.952,66.8532,117.156,2
5,300,184,15.5082,24.6087,51.4414,-168.811,51.9923,-168.917,51.4347,-169.616,50.8311,-168.657,51.4135,-167.991,1
5,300,187,25.4834,19.4069,-42.2312,-107.871,-41.6415,-107.748,-42.1696,-108.593,-42.9007,-107.987,-42.3116,-107.177,1
5,300,190,-38.0575,13.8253,-46.4774,-84.5341,-45.7372,-83.994,-46.3047,-85.7696,-47.1491,-84.9891,-46.6794,-83.0615,1
5,300,194,31.068,18.475,14.5694,76.8111,14.2091,76.1017,14.0002,77.2222,15.0037,77.6258,15.1214,76.4519,1
5,300,195,-27.3634,-21.1183,46.1168,83.426,45.7139,82.3369,45.5493,83.8146,46.4388,84.3991,46.6878,82.9656,1
5,300,196,22.8848,12.4095,69.7082,151.477,70.0914,150.004,69.1945,150.523,69.2822,153.062,70.185,152.478,1
5,300,197,-29.9587,-12.1212,56.3026,-133.877,57.072,-133.449,56.4141,-135.011,55.6254,-134.259,56.1928,-132.657,1
5,300,198,-37.6406,-8.15199,22.9006,-114.544,23.7058,-113.996,23.1166,-115.315,22.2115,-115.012,22.6726,-113.669,1
5,300,199,-14.1655,-13.2436,-11.9281,-106.251,-11.3566,-105.998,-11.6805,-106.762,-12.4547,-106.5,-12.1624,-105.727,1
6,360,0,-36.4155,2.78593,-34.2787,-77.981,-33.5798,-77.4462,-34.0554,-78.851,-34.8993,-78.4513,-34.525,-76.9793,2
6,360,1,-36.195,12.1626,-65.2812,-44.0051,-64.4986,-43.8267,-65.3933,-45.9236,-65.9875,-44.1145,-65.1317,-41.7816,1
6,360,2,38.7094,-7.5023,-69.347,56.5277,-69.3529,54.3774,-70.269,57.3935,-69.3289,58.9723,-68.5584,55.835,1
6,360,5,-31.8282,-16.0727,34.6069,92.6013,34.1548,91.6872,34.0787,93.0662,34.9791,93.4104,35.1542,92.0645,2
6,360,6,-15.8265,-12.9037,67.2437,121.33,67.1292,119.733,66.6914,121.52,67.3232,122.828,67.8027,121.085,1
6,360,7,-32.8432,12.2972,66.8779,-122.151,67.5411,-121.402,67.0223,-124.028,66.2584,-122.751,66.6726,-120.033,1
6,360,8,-34.7416,17.0075,32.9028,-99.2406,33.4638,-98.6487,33.3086,-100.095,32.365,-99.7465,32.4018,-98.2588,2
6,360,11,-32.3151,6.69615,41.0505,144.594,41.2416,143.782,40.4332,144.507,40.8819,145.333,41.7453,144.7,1
6,360,13,-20.5198,-8.22002,39.7516,-116.8,40.3091,-116.932,39.6421,-117.437,39.2345,-116.689,39.8722,-116.136,1
6,360,14,-22.9428,9.55287,14.0956,-85.4406,14.6288,-85.36,14.1269,-86.0006,13.5862,-85.5051,14.0515,-84.8293,1
6,360,15,30.7909,10.0824,-16.451,-65.3271,-15.8355,-65.2681,-16.499,-65.9635,-17.1458,-65.3847,-16.4198,-64.7384,2
6,360,18,-22.4333,19.9502,-35.1811,63.1713,-35.0488,62.5369,-35.7551,62.9982,-35.2823,63.8012,-34.542,63.386,1
6,360,19,-33.2264,21.1512,-9.61869,91.5273,-9.53321,90.8923,-10.35,91.5269,-9.66275,92.1255,-8.75894,91.551,1
6,360,20,-29.4073,20.6408,-26.024,-50.1924,-25.5948,-49.7767,-25.6371,-50.7695,-26.451,-50.5658,-26.484,-49.5365,2
6,360,21,13.8098,24.1675,-61.9161,-42.0976,-61.4095,-41.6995,-61.6862,-43.027,-62.4832,-42.5054,-62.1691,-41.1601,1
6,360,22,-25.8881,9.21709,-75.9217,65.7881,-75.7484,63.6793,-76.4586,65.347,-76.0565,67.8306,-75.3301,66.2684,2
6,360,24,-5.25069,20.1219,-9.18645,120.135,-9.47285,119.751,-9.60076,120.394,-8.87373,120.519,-8.73496,119.876,1
6,360,26,-28.2545,24.9222,62.6423,135.284,62.4246,134.157,62.0225,135.844,62.8791,136.363,63.3713,134.657,1
6,360,27,-37.8886,10.7695,80.0764,-93.6344,80.7273,-92.0962,80.1112,-97.7175,79.4843,-94.7489,79.9646,-88.9364,1
6,360,28,-25.0514,-7.00847,47.3226,-65.1025,47.8041,-64.6143,47.5691,-65.7601,46.8837,-65.5472,47.0647,-64.4031,1
6,360,29,33.204,13.6564,9.06083,-62.5484,9.58723,-62.1665,9.31831,-63.1158,8.44809,-62.975,8.80466,-62.036,1
6,360,30,-25.316,-5.46761,28.0312,-35.8776,28.402,-35.3567,28.4006,-36.2936,27.6928,-36.3541,27.641,-35.43,1
6,360,31,-31.8866,10.4769,-9.43853,-37.3477,-9.0946,-36.83,-8.9933,-37.7905,-9.76717,-37.816,-9.94913,-36.8512,1
6,360,32,-29.3599,11.2672,-45.4181,-38.9035,-45.0712,-38.2347,-44.9905,-39.4986,-45.7504,-39.5209,-45.902,-38.2346,1
6,360,33,-29.6994,12.4075,-81.4926,-40.186,-81.1324,-37.1175,-81.0507,-42.9417,-81.8197,-43.2133,-81.9739,-36.7805,1
6,360,35,-35.6554,-1.84512,-28.0006,137.735,-28.4608,137.106,-28.3677,138.307,-27.5909,138.284,-27.5901,137.091,1
6,360,36,24.5092,16.2047,9.87721,141.823,9.43834,141.442,9.55268,142.259,10.377,142.237,10.205,141.415,1
6,360,37,34.7384,5.02045,44.8574,142.011,44.4403,141.337,44.463,142.778,45.3279,142.786,45.215,141.322,3
6,360,42,21.8302,23.2504,-17.5717,-10.2958,-16.9312,-10.2958,-17.5488,-10.8868,-18.2969,-10.2692,-17.6252,-9.71166,1
6,360,43,-28.5464,-2.01628,-37.587,20.8007,-36.9381,20.7193,-37.7287,20.0851,-38.1775,20.8763,-37.4225,21.5757,1
6,360,46,-13.4796,23.6751,-11.1825,147.662,-11.241,147.119,-11.764,147.662,-11.0927,148.212,-10.5405,147.687,1
6,360,49,-9.87664,-21.0731,52.8315,-114.24,53.1832,-115.036,52.4633,-114.877,52.4866,-113.538,53.2044,-113.636,1
6,360,51,-4.00626,19.3819,41.064,-141.111,41.1356,-141.813,40.5345,-141.273,41.0067,-140.381,41.6204,-140.909,1
6,360,52,-21.2349,12.607,53.616,-90.8232,54.0648,-91.4314,53.2181,-91.5647,53.1907,-90.2271,54.0371,-89.9804,1
6,360,53,-16.2226,-9.85896,40.7985,-43.5931,41.3836,-43.7214,40.7121,-44.2881,40.251,-43.487,40.8951,-42.8809,1
6,360,54,-31.9341,9.44858,14.8642,-11.6194,15.5294,-11.4367,14.9082,-12.3308,14.2504,-11.7695,14.803,-10.8137,2
6,360,55,-29.8107,23.9951,-14.5576,12.1048,-13.9205,12.2464,-14.4312,11.3128,-15.1768,12.0114,-14.7306,13.0302,1
6,360,57,-34.6033,-13.3422,-47.9766,84.6897,-47.3363,83.7998,-48.5002,84.0904,-48.5311,85.4614,-47.3829,85.3013,1
6,360,59,19.1317,19.5548,-13.2203,167.807,-13.3243,167.183,-13.7803,167.896,-13.0823,168.496,-12.6625,167.747,1
6,360,61,36.7223,8.06783,-51.2348,145.79,-51.0362,144.733,-51.946,145.77,-51.4463,147.025,-50.5999,145.831,1
6,360,64,-19.958,-9.7411,33.6406,-140.998,33.5982,-141.681,33.141,-140.942,33.6684,-140.366,34.1582,-141.071,1
6,360,65,-22.2852,9.74498,55.3717,-96.0779,55.6604,-96.8749,54.8942,-96.5254,55.1011,-95.3164,55.8864,-95.5637,1
6,360,66,-31.0699,-8.65674,51.5303,-37.1497,52.2076,-37.3919,51.3249,-38.0038,50.9266,-36.9507,51.7599,-36.221,1
6,360,67,38.8287,9.06082,21.0943,-6.91464,21.8205,-6.78033,20.9941,-7.71348,20.2423,-7.06289,21.1621,-6.20553,3
6,360,68,35.8023,0.750553,-6.80719,14.6179,-6.18976,14.8078,-6.7749,13.8904,-7.50501,14.3992,-6.83965,15.2623,2
6,360,71,11.5098,-24.8428,-69.9433,113.544,-69.5187,112.467,-70.2447,111.846,-70.3675,114.561,-69.6355,115.004,1
6,360,73,-36.0964,3.63241,-15.4483,-158.16,-15.6195,-158.936,-16.0721,-157.814,-15.2848,-157.475,-14.7351,-158.554,1
6,360,74,18.9027,-1.81499,15.4884,-139.861,15.2986,-140.377,14.9684,-139.619,15.6838,-139.315,15.978,-140.091,1
6,360,75,31.8243,17.3631,48.3933,-116.544,48.2697,-117.621,47.7646,-116.243,48.5424,-115.297,48.9874,-116.79,1
6,360,76,-33.9461,-21.3715,72.3744,-67.7455,72.848,-70.5029,71.8045,-68.7037,71.9288,-65.5686,72.9998,-66.7776,1
6,360,77,37.9885,4.1022,46.8162,0.971517,47.5339,1.254,46.7812,-0.206871,45.9859,0.6545,46.8259,2.00879,3
6,360,78,32.1223,-0.984378,16.1309,22.1567,16.6917,22.4682,16.3345,21.4436,15.5105,21.8085,15.9441,22.795,3
6,360,79,32.5298,-2.83083,-17.2098,35.2265,-16.6624,35.564,-16.9678,34.5047,-17.8115,34.8432,-17.4237,35.8723,1
6,360,81,-33.364,10.4361,-5.84529,-136.49,-5.92494,-137.123,-6.45087,-136.28,-5.75589,-135.915,-5.15122,-136.721,1
6,360,82,-39.2406,-12.3929,24.2035,-121.206,23.9852,-122.151,23.6291,-120.868,24.374,-120.402,24.8374,-121.615,1
6,360,83,30.7668,-11.4553,49.0903,-86.4017,49.1986,-87.2332,48.3988,-86.4865,48.9494,-85.5148,49.7024,-86.3392,1
6,360,85,27.0561,-22.1773,39.2587,20.8566,39.7931,20.9647,39.4092,19.9231,38.7121,20.7057,39.1412,21.6715,1
6,360,86,16.4759,21.387,5.89266,45.4547,6.42698,45.572,6.02888,44.9682,5.29808,45.346,5.73159,45.9359,2
6,360,87,24.4251,-7.45401,-23.9387,60.8691,-23.4555,61.0547,-23.7858,60.2481,-24.4474,60.6604,-24.071,61.4399,1
6,360,89,-38.6318,-5.91612,-57.6287,155.287,-57.1305,154.098,-58.2372,154.833,-58.0506,156.334,-56.9308,155.76,1
6,360,91,-22.5518,-11.7243,46.805,1.36929,47.3389,0.920149,46.5322,0.719526,46.3121,1.75814,47.0987,2.04261,3
6,360,92,15.9712,-12.6648,25.9861,38.8283,26.4857,38.7841,25.9582,38.2007,25.4765,38.8568,26.0206,39.4106,1
6,360,96,-19.2908,-6.81133,-43.1101,-179.473,-42.8373,179.855,-43.5634,-179.786,-43.3653,-178.844,-42.6326,-179.162,1
6,360,97,-23.9228,16.5685,-23.6393,-139.435,-23.5445,-140.03,-24.2307,-139.511,-23.7071,-138.856,-22.9809,-139.334,1
6,360,98,-38.9233,1.02825,1.90932,-115.564,2.01115,-116.364,1.21125,-115.437,1.82682,-114.867,2.71346,-115.715,1
6,360,99,24.5115,-5.7302,22.6867,-85.4301,22.7576,-86.0036,22.0832,-85.4598,22.6007,-84.8216,23.2407,-85.4071,1
6,360,100,-27.2858,-20.5245,80.0764,-93.6343,79.4881,-96.3215,79.692,-91.2935,80.5577,-90.9358,80.4327,-96.3782,1
6,360,101,19.6556,13.4764,60.2927,77.9641,60.7418,78.6152,60.579,77.0579,59.7916,77.2946,59.9952,78.8113,2
6,360,102,-36.1163,-8.12507,26.8283,88.8579,27.3711,89.5285,27.1923,88.2632,26.3587,88.2769,26.4332,89.5277,4
6,360,104,30.4899,17.1886,-47.9766,84.6897,-47.4787,85.3687,-47.6168,83.9439,-48.5553,83.9138,-48.3314,85.3761,1
6,360,105,-20.0732,19.356,-82.5355,122.363,-82.0096,123.164,-82.3881,118.051,-83.0572,121.655,-82.6678,127.304,2
6,360,109,35.3515,-12.1678,44.4393,-86.3358,44.1373,-87.1045,43.796,-85.6147,44.7457,-85.4639,44.9842,-86.982,3
6,360,110,20.1393,-12.6714,15.9229,-61.0673,15.8955,-61.5653,15.366,-61.0366,15.9354,-60.5526,16.433,-61.1064,1
6,360,112,33.8544,14.6152,49.1796,23.4416,49.6979,22.832,48.7198,22.8216,48.5857,24.1467,49.5843,24.0464,1
6,360,113,-1.38783,22.2976,35.9706,70.7077,36.4439,70.6373,35.9732,70.1141,35.4749,70.8076,35.9432,71.337,3
6,360,114,-19.2784,-3.4369,11.7875,97.0152,12.2963,97.0898,11.8285,96.5319,11.31,96.9433,11.7481,97.5229,1
6,360,115,19.5064,24.7484,-20.5704,118.508,-19.9975,118.497,-20.5372,117.969,-21.2156,118.546,-20.6325,119.047,1
6,360,116,23.2093,-9.14963,-43.89,146.553,-43.4019,146.486,-43.9736,145.775,-44.4042,146.608,-43.8018,147.262,1
6,360,117,40.1464,5.64553,-56.2277,-156.445,-55.7337,-157.341,-56.9083,-157.04,-56.7955,-155.364,-55.6367,-155.922,1
6,360,119,-19.2561,-7.55186,-10.108,-85.7355,-10.1708,-86.2676,-10.5764,-85.662,-10.0545,-85.2396,-9.62196,-85.8204,1
6,360,120,-22.6053,12.7836,-30.1599,-63.9032,-30.4726,-64.4849,-30.6557,-63.4834,-29.8424,-63.3595,-29.6044,-64.3487,2
6,360,121,-24.3986,11.2974,5.44825,-59.7233,5.11022,-60.2295,4.96627,-59.328,5.78241,-59.251,5.98763,-60.152,3
6,360,123,-35.241,-11.6813,74.6203,-50.5118,74.0982,-53.1729,74.1403,-48.7408,75.035,-48.0549,75.1149,-52.6599,2
6,360,124,-8.03318,21.958,65.2815,110.881,65.7539,111.563,65.6238,109.767,64.7772,110.256,64.8833,112.018,1
6,360,125,38.0536,-13.9355,32.8013,113.195,33.2917,113.817,33.3535,112.204,32.2727,112.481,32.3398,114.029,1
6,360,126,30.1061,-3.56226,-3.9861,119.444,-3.54056,119.888,-3.5684,118.857,-4.46762,118.951,-4.36094,119.974,1
6,360,128,-35.0575,-4.69698,-72.6079,155.639,-71.8188,156.378,-72.5575,153.353,-73.2974,154.931,-72.6209,158.208,1
6,360,129,22.9405,-5.32847,-68.1987,-66.7966,-68.4887,-68.1236,-68.7132,-65.771,-67.8873,-65.4146,-67.7211,-67.711,1
6,360,130,35.4013,13.235,-41.5608,172.687,-40.7957,172.681,-41.7293,171.732,-42.4516,172.713,-41.4252,173.556,1
6,360,131,-29.7178,3.8549,-50.7396,-136.693,-50.1788,-137.266,-51.1704,-137.43,-51.2463,-136.146,-50.2577,-135.89,1
6,360,132,-24.6061,-4.41328,-41.9841,-86.315,-41.837,-87.1508,-42.5495,-86.4146,-42.1165,-85.5443,-41.3789,-86.2205,1
6,360,133,-31.5484,8.06444,-15.5081,-55.7782,-15.4823,-56.4856,-16.1727,-55.6699,-15.5157,-55.1299,-14.7572,-55.8925,2
6,360,134,21.2168,-3.55776,9.22183,-30.546,9.17071,-31.1014,8.62711,-30.4468,9.26914,-29.958,9.77556,-30.6408,1
6,360,135,19.2615,14.4296,37.332,-2.6566,37.362,-3.39233,36.7725,-2.67478,37.3086,-1.8514,37.877,-2.61515,1
6,360,136,-35.3688,13.144,57.518,44.1563,58.0907,43.2988,56.9174,43.2848,57.0089,44.9461,58.2007,45.2271,1
6,360,137,-35.9017,18.6907,45.3807,101.751,46.1081,101.886,45.3104,100.581,44.7114,101.681,45.4271,103.144,1
6,360,140,33.026,9.28867,22.2927,152.624,22.8226,153.137,22.644,151.953,21.6811,152.051,21.9556,153.223,1
6,360,141,-13.6176,-24.7336,-9.65942,160.149,-9.07287,160.517,-9.25077,159.729,-10.1734,159.795,-10.0334,160.581,1
6,360,142,6.21278,-24.0676,-45.8184,161.698,-45.3315,162.156,-45.3542,161.092,-46.2652,161.219,-46.2259,162.291,1
6,360,143,37.0607,16.148,-86.2423,161.03,-85.5881,168.393,-85.8206,151.665,-86.9167,148.73,-86.5492,171.009,1
6,360,146,-33.2299,-9.12765,11.4715,-24.571,10.9583,-25.2139,11.0455,-24.0678,11.9147,-24.0008,11.9244,-25.1378,1
6,360,148,34.992,3.31425,80.3939,34.3033,80.5762,30.1479,79.6248,34.0994,80.1291,38.8114,81.0793,34.5723,1
6,360,149,20.2474,-22.4989,61.3872,146.134,61.878,146.786,61.8511,144.934,60.9086,145.444,60.9836,147.2,2
6,360,150,-38.0237,2.44554,-0.172226,-9.44031,-0.0592251,-10.2173,-0.872022,-9.33551,-0.26326,-8.75758,0.632615,-9.56288,1
6,360,151,-27.967,-4.55605,24.0663,16.9533,24.1208,16.249,23.5017,16.9812,24.0115,17.5919,24.6766,16.914,2
6,360,152,21.8054,-12.1917,39.8865,55.0029,40.1128,54.3839,39.3252,54.6685,39.6337,55.6327,40.4022,55.3001,1
6,360,153,-31.7099,-7.45585,47.9003,105.701,48.5301,105.186,47.5336,105.005,47.3366,106.141,48.3068,106.462,2
6,360,155,27.3372,-9.78571,2.00101,170.696,2.55375,170.757,2.01182,170.029,1.41273,170.616,1.99912,171.296,1
6,360,156,-35.4048,-14.8,-18.6943,-159.549,-17.8366,-159.609,-18.8359,-160.197,-19.4298,-159.511,-18.509,-158.846,1
6,360,158,16.0991,11.7631,-45.8421,-72.3358,-45.5885,-72.9989,-46.301,-72.6765,-46.1007,-71.6089,-45.3978,-71.9906,1
6,360,159,36.1667,0.172089,-30.7182,-31.4484,-30.5759,-32.2073,-31.473,-31.406,-30.8786,-30.5865,-30.0517,-31.4801,1
6,360,160,36.9628,13.2456,-45.4181,-38.9035,-45.1446,-39.9171,-46.1477,-39.0129,-45.7148,-37.696,-44.7646,-38.773,1
6,360,162,14.8778,-16.1666,2.09018,17.8267,2.06465,17.3086,1.49885,17.8092,2.09676,18.3483,2.63603,17.8281,1
6,360,163,-31.8596,3.46812,31.9232,42.9863,32.0567,42.2068,31.2918,42.9837,31.8052,43.6931,32.629,42.9905,3
6,360,164,36.1936,-1.72325,42.4626,86.8824,42.8934,86.1813,41.7591,86.4338,41.9649,87.6566,43.0785,87.2878,1
6,360,165,-35.3426,20.4238,44.8574,142.011,45.5483,141.917,44.6355,140.93,44.2247,142.148,45.0852,143.314,2
6,360,166,17.6194,-21.3888,22.2077,169.687,22.7463,169.648,22.2513,168.98,21.6685,169.697,22.1859,170.324,1
6,360,167,34.2073,-0.131585,-6.37997,-164.683,-5.73934,-164.58,-6.43046,-165.415,-7.09805,-164.803,-6.3377,-164.031,1
6,360,170,-34.4443,-0.262411,-24.8408,28.1861,-25.2796,27.5262,-25.2648,28.7412,-24.4452,28.7668,-24.3656,27.5638,1
6,360,171,-28.9172,21.265,13.3842,29.2817,13.0068,28.7797,12.8541,29.7639,13.7706,29.7412,14.0113,28.74,3
6,360,172,35.1733,3.65292,47.3808,37.651,46.9843,36.8329,46.8982,38.47,47.8246,38.5953,47.8134,36.9159,2
6,360,173,-8.8891,-19.4313,81.3166,28.2682,80.8385,26.148,80.9382,30.6774,81.7379,30.5562,81.6543,25.6109,1
6,360,174,-25.0952,1.62839,60.6481,-143.434,61.0105,-142.443,61.0526,-144.25,60.3021,-144.33,60.2046,-142.572,2
6,360,176,29.0393,24.8251,-13.8253,-150.748,-13.2496,-150.259,-13.4408,-151.252,-14.5164,-151.302,-14.2281,-150.287,1
6,360,177,37.0271,-8.45811,-46.054,-153.23,-45.7001,-152.406,-45.4467,-154.096,-46.4275,-154.18,-46.5681,-152.462,1
6,360,178,-25.2719,2.79512,-82.9126,-126.516,-82.3759,-124.383,-82.688,-130.709,-83.4046,-128.77,-83.1124,-121.682,1
6,360,180,37.1582,4.73297,-22.2935,43.2693,-22.443,42.5747,-22.9114,43.6418,-22.1164,44.0645,-21.7402,42.9512,1
6,360,181,-33.5522,1.54828,12.7546,52.7415,12.6079,52.0862,12.2144,53.0036,12.8896,53.3295,13.3588,52.4451,1
6,360,182,13.5453,-13.2541,41.0827,76.2142,41.004,75.5957,40.5613,76.291,41.145,76.8422,41.5684,76.1266,1
6,360,183,-37.1801,-15.7431,67.2437,121.33,67.6307,119.331,66.6587,120.87,66.8848,122.957,67.8974,121.791,2
6,360,184,-34.5095,20.8503,51.6383,-159.58,52.2344,-159.252,51.7539,-160.738,51.0739,-159.826,51.4654,-158.228,1
6,360,185,-20.0402,-0.692158,21.9527,-138.809,22.4411,-138.614,22.0891,-139.316,21.4923,-138.992,21.8085,-138.274,1
6,360,186,-27.3791,-12.96,-9.15281,-122.81,-8.53679,-122.612,-9.02625,-123.324,-9.69977,-122.999,-9.26872,-122.261,1
6,360,190,-21.1964,6.07672,-49.8768,-85.6374,-49.2968,-85.3595,-49.7431,-86.5391,-50.43,-85.8943,-50.0185,-84.6601,1
6,360,191,25.6087,24.1108,-74.5404,-11.4135,-74.159,-13.8206,-75.095,-12.6514,-74.9204,-8.4424,-74.0116,-10.1546,1
6,360,193,23.9759,20.6191,-15.6874,65.5966,-16.0488,64.9742,-16.2155,65.9424,-15.2554,66.2864,-15.1557,65.2899,1
6,360,194,24.7895,20.2551,18.4151,77.109,18.0716,76.4602,17.8735,77.4473,18.823,77.8367,18.956,76.8081,1
6,360,195,39.3184,3.96279,48.4555,97.4364,48.3913,96.1992,47.6197,97.9514,48.5125,98.8845,49.1856,96.9928,2
6,360,196,25.7414,5.60315,69.5075,159.934,69.9791,158.721,69.0172,158.73,68.9841,161.214,69.951,161.129,1
6,360,199,-23.9946,2.53295,-16.6021,-103.694,-16.0444,-103.367,-16.3632,-104.277,-17.125,-103.996,-16.8595,-103.062,1
7,420,0,-26.6849,-22.6816,-35.5307,-79.3442,-34.7078,-79.0306,-35.3013,-80.0582,-36.2359,-79.649,-35.7255,-78.5881,1
7,420,2,-25.2219,13.4261,-60.3316,51.1004,-60.3425,49.8307,-60.9847,51.2619,-60.2897,52.3049,-59.6016,50.9558,1
7,420,3,20.15,-6.68039,-31.4243,78.7413,-31.6708,78.1407,-31.9803,79.0985,-31.1721,79.3717,-30.9101,78.4077,1
7,420,5,-39.4711,-8.81203,39.2223,92.4957,38.8021,91.3146,38.6373,93.1389,39.5634,93.5091,39.8689,91.7252,2
7,420,6,37.3837,6.00036,66.8754,141.979,67.1075,140.049,66.0404,141.925,66.5805,144.17,67.6129,142.069,1
7,420,7,29.2047,-17.7175,62.642,-134.319,63.2665,-134.122,62.7171,-136.151,61.9862,-134.586,62.5748,-132.727,2
7,420,8,15.6244,15.0586,28.3035,-104.338,28.8411,-104.056,28.5393,-104.925,27.7135,-104.623,28.0504,-103.77,2
7,420,10,6.88789,20.9682,17.5703,120.334,17.516,119.8,17.0766,120.335,17.6476,120.904,18.0802,120.355,2
7,420,12,-33.9565,-0.79144,52.6586,-159.571,53.2342,-160.216,52.2111,-160.262,52.1439,-159.007,53.1575,-158.788,1
7,420,13,2.52798,-24.7837,36.7855,-116.106,37.3042,-116.297,36.7691,-116.802,36.2897,-115.959,36.821,-115.46,1
7,420,15,-33.2492,6.31078,-14.9326,-58.5626,-14.2877,-58.4442,-14.9564,-59.215,-15.5191,-58.6594,-14.9078,-57.825,1
7,420,16,-16.0833,23.3126,-40.1657,-26.6813,-39.6673,-26.8511,-40.2582,-27.4135,-40.6622,-26.4712,-40.0807,-25.8653,1
7,420,18,-16.879,-21.9567,-35.6682,63.1946,-35.6367,62.4275,-36.1751,63.069,-35.7122,63.8855,-35.1594,63.2863,1
7,420,19,-30.4209,23.7198,-6.84173,94.2172,-6.79089,93.6142,-7.55507,94.2008,-6.85171,94.7963,-6.00714,94.2626,1
7,420,20,33.6189,-13.3226,-27.5234,-56.6614,-27.1126,-56.2143,-27.0832,-57.3432,-27.9536,-57.1699,-27.8944,-56.057,1
7,420,22,-23.2869,-23.9119,-75.707,68.5373,-75.6779,65.7383,-76.2239,68.2149,-75.7268,70.9998,-75.1802,68.7164,1
7,420,24,18.9111,-19.818,-9.16839,121.945,-9.45761,121.535,-9.69196,122.249,-8.89547,122.371,-8.70421,121.656,1
7,420,25,-16.6208,17.7431,30.0568,125.832,29.7913,125.357,29.6132,126.146,30.3351,126.294,30.5493,125.503,1
7,420,26,-20.8666,6.75483,64.2478,137.931,64.0451,136.856,63.7978,138.456,64.4411,138.965,64.7334,137.358,1
7,420,27,36.4049,3.14553,72.986,-107.313,73.6255,-107.258,72.8083,-109.605,72.2572,-107.371,73.1145,-105.236,1
7,420,28,-32.2831,-24.4334,45.6169,-63.6587,46.3771,-63.0858,45.8879,-64.3796,44.9827,-64.159,45.3643,-62.8804,1
7,420,29,-9.81599,23.419,5.30732,-58.2082,5.71229,-57.9354,5.64609,-58.6008,4.87534,-58.4681,4.92054,-57.7955,1
7,420,30,36.2244,2.21421,23.7976,-42.715,24.1854,-42.1503,24.2346,-43.3294,23.3552,-43.3539,23.403,-42.1781,1
7,420,31,26.8428,-12.916,-10.7307,-43.0826,-10.4127,-42.6539,-10.2356,-43.5106,-11.0519,-43.5479,-11.1662,-42.69,1
7,420,32,27.8168,-17.1174,-46.1332,-46.6288,-45.8339,-45.9868,-45.5606,-47.201,-46.423,-47.3305,-46.6269,-46.0967,1
7,420,33,38.649,7.29759,-81.6429,-92.2414,-81.7669,-87.3986,-80.9045,-92.6271,-81.4314,-97.6713,-82.2953,-91.9481,2
7,420,35,15.8609,-22.3435,-25.8146,142.701,-26.2094,142.343,-26.2707,143.151,-25.4396,143.076,-25.4146,142.281,1
7,420,36,-25.7782,-6.79969,11.3253,137.001,10.8848,136.584,11.0075,137.423,11.7229,137.386,11.656,136.543,1
7,420,37,-18.7479,-6.49658,47.3098,134.517,46.8917,134.019,47.0139,135.087,47.6952,134.994,47.6086,133.909,1
7,420,42,-29.9049,9.9423,-16.2772,-4.97202,-15.658,-4.83952,-16.2502,-5.63602,-16.8537,-5.07984,-16.3142,-4.22579,1
7,420,45,-33.5707,12.2761,-33.5002,120.533,-33.307,119.755,-34.1983,120.465,-33.6527,121.255,-32.6987,120.624,2
7,420,46,-21.0928,-5.32432,-9.93919,147.494,-9.99013,146.9,-10.4631,147.574,-9.89483,148.046,-9.3887,147.403,1
7,420,47,-0.118349,21.2682,18.8712,173.356,18.8006,172.809,18.349,173.366,18.9664,173.929,19.4224,173.369,1
7,420,48,-34.0597,5.47248,45.2309,-159.235,45.4486,-160.189,44.5633,-159.32,45.0382,-158.378,45.9876,-159.132,1
7,420,49,4.29995,-22.9157,51.5596,-108.622,51.9265,-109.285,51.2239,-109.377,51.1887,-108.027,51.8862,-107.931,2
7,420,50,-26.8195,14.6999,20.2051,-170.91,20.2248,-171.569,19.55,-170.863,20.206,-170.285,20.9427,-170.947,1
7,420,51,32.0623,3.71997,39.3012,-136.187,39.5005,-137.007,38.5971,-136.283,39.0721,-135.274,39.9379,-136.088,1
7,420,52,36.201,-3.04482,47.6079,-88.2516,48.1982,-88.8095,47.0047,-89.0802,46.9332,-87.6495,48.1305,-87.5095,1
7,420,53,8.25475,23.3586,34.6859,-38.7562,35.2544,-38.8805,34.6588,-39.4228,34.0724,-38.5923,34.6819,-38.063,1
7,420,54,-39.5694,0.815286,13.37,-9.15409,14.221,-8.89571,13.3404,-9.94957,12.6318,-9.36869,13.4072,-8.23134,1
7,420,55,-35.2539,8.13241,-15.5645,13.7326,-14.8371,13.9151,-15.5695,12.9725,-16.2218,13.5837,-15.562,14.6059,1
7,420,56,-31.9303,1.25062,-39.1756,43.5071,-38.4645,43.3996,-39.3773,42.7043,-39.8163,43.6125,-38.9424,44.395,1
7,420,57,-37.9444,7.21783,-47.2264,93.4769,-46.5982,92.7284,-47.8701,92.8342,-47.7669,94.1717,-46.4753,94.2113,1
7,420,58,-35.1113,18.6895,-32.4276,138.903,-32.1961,138.092,-33.2343,138.778,-32.6017,139.664,-31.4769,139.073,2
7,420,59,-24.3317,24.1903,-7.17817,167.072,-7.19199,166.462,-7.88198,167.071,-7.12592,167.67,-6.37057,167.101,1
7,420,60,23.1925,-0.465498,-56.172,88.556,-55.7173,88.0965,-56.4936,87.7244,-56.658,89.0568,-55.8682,89.3198,1
7,420,62,33.634,-2.1662,-23.517,-179.4,-23.5299,179.937,-24.1953,-179.22,-23.5058,-178.661,-22.9126,-179.557,1
7,420,63,-28.5961,-3.3283,9.08531,-162.949,9.01142,-163.581,8.54798,-162.804,9.15024,-162.374,9.66744,-163.113,1
7,420,64,-28.6916,22.218,39.3012,-136.187,39.3722,-136.938,38.6261,-136.249,39.2618,-135.463,40.0799,-136.083,1
7,420,65,35.611,-12.8182,50.4992,-91.5861,50.9075,-92.3123,49.8,-92.2461,50.0264,-90.8252,51.1037,-91.0164,1
7,420,67,37.4274,-3.35536,19.3568,-5.34807,19.9918,-5.17092,19.3451,-6.1762,18.6394,-5.55722,19.3636,-4.62646,2
7,420,68,-1.90665,20.4285,-9.19445,20.564,-8.70383,20.6237,-9.08363,20.0715,-9.70988,20.5223,-9.33071,21.0803,1
7,420,69,29.4486,19.791,-39.1756,43.5071,-38.5106,43.4697,-39.2524,42.7513,-39.9398,43.578,-39.1274,44.2282,1
7,420,71,7.06867,18.2913,-69.1739,135.862,-68.9105,134.556,-69.6097,135.051,-69.4267,137.312,-68.7348,136.707,2
7,420,72,-18.9149,4.684,-45.0628,-173.498,-45.1551,-174.275,-45.59,-173.315,-44.9635,-172.76,-44.4988,-173.685,1
7,420,73,17.149,-20.5366,-16.2071,-152.733,-16.4352,-153.253,-16.8357,-152.527,-16.002,-152.204,-15.6448,-152.938,1
7,420,75,-18.6946,8.12346,53.3867,-120.747,53.3069,-121.658,52.8471,-120.568,53.4671,-119.868,53.968,-120.931,1
7,420,76,-24.7999,-10.1294,71.3396,-51.1303,71.8508,-52.4623,70.9572,-52.3964,70.8631,-50.0035,71.7452,-49.7696,1
7,420,77,24.1449,-14.4294,46.3346,4.36738,46.8755,4.5712,46.4903,3.40137,45.7753,4.13027,46.2005,5.23563,2
7,420,78,-23.6692,-17.3981,16.2167,28.0096,16.878,28.2586,16.4188,27.4645,15.6314,27.7726,16.0298,28.5808,1
7,420,79,-32.1331,3.7119,-18.8942,43.0797,-18.2857,43.4322,-18.7013,42.423,-19.4488,42.7657,-19.1087,43.8168,1
7,420,80,-18.894,1.85343,-34.9031,-153.905,-34.9637,-154.528,-35.3876,-153.793,-34.8396,-153.314,-34.3891,-154.022,1
7,420,82,37.7412,-3.12057,24.4982,-111.585,24.4575,-112.296,23.7705,-111.31,24.531,-110.778,25.1316,-111.828,4
7,420,83,31.2773,-6.15062,51.6979,-81.2624,51.8475,-82.1409,51.0353,-81.3795,51.5169,-80.3141,52.2901,-81.1612,1
7,420,84,-12.6921,21.427,60.0787,-10.2704,60.5449,-10.5956,59.9462,-11.2905,59.6118,-9.9047,60.1941,-9.13749,1
7,420,85,-18.1311,8.62053,36.2017,29.6545,36.6878,29.8084,36.2988,29.0422,35.7295,29.5192,36.0867,30.3082,1
7,420,86,27.4513,-2.96286,3.97797,45.0298,4.47681,45.2273,4.12302,44.4454,3.44016,44.8111,3.84614,45.5634,1
7,420,88,31.3949,20.372,-57.9074,96.4867,-57.2361,96.2573,-58.0771,95.4036,-58.6828,96.8045,-57.7691,97.5149,1
7,420,89,-34.7236,-11.4586,-57.2287,161.115,-56.8669,159.872,-57.7941,160.783,-57.5408,162.207,-56.6,161.435,1
7,420,91,11.221,-22.4096,43.1038,3.65023,43.5578,3.28634,42.9056,2.88088,42.648,3.96996,43.3004,4.34909,1
7,420,92,32.8132,6.91972,20.9836,41.9743,21.6248,41.9725,20.8436,41.2834,20.259,41.9819,21.0969,42.6062,1
7,420,96,17.9584,-8.58713,-45.0628,-173.498,-44.8389,-174.134,-45.5688,-173.839,-45.2999,-172.841,-44.5874,-173.195,1
7,420,98,-38.9789,4.2318,4.94717,-113.012,5.0647,-113.796,4.23099,-112.896,4.85437,-112.324,5.77855,-113.146,1
7,420,99,7.50393,21.4783,27.9118,-81.5217,27.9243,-82.1172,27.4104,-81.5971,27.917,-80.8799,28.4262,-81.4167,2
7,420,100,31.1778,-9.5381,82.4576,-46.0844,82.5353,-50.5257,81.7385,-46.2286,82.3081,-41.4248,83.0948,-45.9948,1
7,420,101,33.6564,10.1124,56.498,75.8757,57.0285,76.6324,56.7809,74.7726,55.8805,75.0495,56.2169,76.8524,1
7,420,102,-8.25606,17.8736,20.4959,85.6453,20.8675,86.0031,20.8638,85.2582,20.1037,85.2977,20.0899,86.0432,2
7,420,103,27.1803,-5.2819,-13.5091,83.9146,-13.1339,84.3359,-13.0936,83.4196,-13.9057,83.4535,-13.8833,84.3684,1
7,420,104,-32.8425,-21.3354,-47.2264,93.4769,-46.4852,94.1685,-46.917,92.7142,-47.8422,92.8484,-47.5165,94.3269,1
7,420,105,-38.4601,12.5922,-82.8898,154.057,-82.1471,153.135,-83.1934,148.176,-83.5447,155.266,-82.4554,160.364,2
7,420,108,22.7821,11.3436,14.8688,-91.3003,14.4906,-91.7336,14.4889,-90.8878,15.2908,-90.8304,15.2418,-91.6858,1
7,420,109,22.2338,-21.3515,47.6079,-88.2516,47.2725,-88.8813,47.0215,-87.7053,47.9215,-87.5779,48.1153,-88.7715,1
7,420,112,-19.9597,4.34364,53.3903,28.7561,53.8224,28.3283,53.1127,28.0861,52.98,29.1628,53.6803,29.4849,2
7,420,113,36.626,-16.6604,33.1367,67.8443,33.7283,67.9113,33.0767,66.8451,32.4895,67.7362,33.1955,68.6925,1
7,420,114,-26.2736,2.35715,8.78348,99.9697,9.32445,100.086,8.82421,99.4435,8.28088,99.8665,8.7377,100.542,1
7,420,115,40.1966,1.72522,-23.3892,117.546,-22.7241,117.728,-23.4486,116.703,-24.1606,117.33,-23.3412,118.277,1
7,420,116,26.1221,17.2016,-47.5495,153.449,-46.9939,153.213,-47.7315,152.706,-48.1697,153.744,-47.3912,154.166,1
7,420,119,29.3212,21.5318,-7.50253,-78.6113,-7.63205,-79.2474,-8.04205,-78.4588,-7.33042,-77.8818,-6.97931,-78.7267,1
7,420,120,28.6877,-16.0738,-30.0555,-58.2005,-30.398,-58.7831,-30.6852,-57.6421,-29.7126,-57.5703,-29.5096,-58.6995,2
7,420,121,29.5674,-17.9146,5.48314,-54.4996,5.14602,-55.0196,4.80563,-54.0178,5.81293,-53.9318,6.06246,-54.9344,2
7,420,123,22.4433,-23.9642,74.9006,-25.8803,74.7622,-28.094,74.1167,-25.6598,74.9815,-23.5911,75.5859,-26.1901,2
7,420,124,36.5326,-7.10903,63.1514,100.787,63.7388,101.649,63.4244,98.9347,62.4954,99.8278,62.8998,102.364,2
7,420,125,33.4114,1.20126,27.4155,114.787,27.9188,115.305,27.7838,114.048,26.8503,114.21,27.0775,115.442,1
7,420,126,-17.4619,23.0621,-9.94588,124.617,-9.50552,124.991,-9.50123,124.155,-10.4089,124.265,-10.4602,125.117,2
7,420,128,4.2962,-21.7652,-76.5433,145.78,-75.9892,146.403,-76.2609,143.52,-77.065,145.031,-76.7675,148.014,2
7,420,130,-7.42441,-23.0748,-38.2756,176.286,-37.6714,176.125,-38.2668,175.565,-38.837,176.407,-38.2534,176.978,1
7,420,131,-26.3649,-23.7768,-51.1779,-135.777,-50.6152,-136.749,-51.5824,-136.488,-51.6759,-134.942,-50.731,-135.104,2
7,420,132,-39.0774,10.5069,-37.2454,-82.2521,-36.9406,-83.2076,-38.0625,-82.3226,-37.4867,-81.3925,-36.2808,-82.1594,1
7,420,133,5.57166,20.7877,-13.9692,-49.9201,-14.0804,-50.4762,-14.5019,-49.8643,-13.8269,-49.3307,-13.4147,-49.9534,2
7,420,135,18.2215,-9.77863,38.3152,-1.62215,38.3836,-2.30124,37.7151,-1.71473,38.228,-0.924567,38.8729,-1.54597,1
7,420,136,-17.7703,-7.7627,55.5297,46.8679,55.9234,46.0837,55.1236,46.2575,55.1528,47.5779,55.9537,47.4999,1
7,420,137,-14.8155,24.0521,40.969,103.46,41.5259,103.401,40.9836,102.647,40.4043,103.561,40.9195,104.361,1
7,420,138,-34.2465,3.18243,17.0996,131.61,17.8136,131.829,17.1321,130.891,16.4577,131.424,17.0599,132.423,1
7,420,139,-27.3883,18.1632,-13.5668,153.519,-12.9653,153.672,-13.4553,152.825,-14.147,153.4,-13.711,154.305,1
7,420,142,-20.7033,12.3702,-52.7585,166.81,-52.3107,167.408,-52.4043,166.022,-53.1983,166.242,-53.1499,167.674,1
7,420,143,-17.3917,-6.25082,-83.5672,-135.712,-83.0134,-137.499,-83.7605,-140.289,-84.0819,-133.783,-83.3186,-131.303,1
7,420,144,30.1687,1.97552,-55.8118,-22.9349,-56.1995,-23.8491,-56.2739,-22.011,-55.3754,-21.943,-55.3811,-23.7503,1
7,420,145,3.11894,22.3983,-17.7792,-23.195,-18.1743,-23.613,-18.2157,-22.8423,-17.3384,-22.7691,-17.3045,-23.5417,1
7,420,146,35.984,1.64632,15.836,-16.8757,15.4459,-17.5032,15.298,-16.2622,16.2752,-16.1571,16.3156,-17.4161,1
7,420,147,36.3869,17.0116,53.1771,-9.70622,52.7245,-10.8634,52.6444,-8.81498,53.7148,-8.32107,53.6789,-10.495,1
7,420,148,32.2224,-14.0309,81.6025,42.8778,81.8786,38.8756,80.8133,41.0265,81.2392,46.8132,82.2858,44.7029,1
7,420,149,-32.4727,-13.6187,57.5633,157.482,58.182,158.549,57.9234,156.49,57.0262,156.566,57.1852,158.563,1
7,420,151,13.4569,-23.7492,22.5713,21.0768,22.5738,20.4936,21.9532,20.9341,22.5386,21.6456,23.1349,21.1831,1
7,420,152,33.3569,-0.43969,40.3125,61.319,40.658,60.6295,39.6548,60.9867,39.9184,62.0772,40.8987,61.6252,2
7,420,153,32.1237,6.86301,40.537,110.164,41.1193,109.815,40.1508,109.465,39.8817,110.556,40.8759,110.817,3
7,420,154,-16.3713,18.4804,25.488,151.373,26.01,151.354,25.4844,150.755,24.9692,151.415,25.4705,152.049,1
7,420,155,24.9286,3.82924,-1.50252,174.152,-0.945461,174.189,-1.53206,173.57,-2.1084,174.113,-1.48083,174.696,1
7,420,158,29.0554,1.83099,-46.2643,-68.0367,-45.9646,-68.7662,-46.854,-68.3696,-46.5892,-67.2253,-45.7253,-67.732,1
7,420,160,30.1388,-14.7521,-44.2787,-38.7924,-44.0317,-39.5323,-44.9918,-39.1582,-44.5593,-38.0088,-43.6472,-38.4957,1
7,420,161,-24.421,20.7618,-16.2772,-4.97201,-16.2179,-5.56676,-16.9189,-5.02788,-16.3038,-4.39023,-15.5519,-4.88622,1
7,420,162,37.3619,11.4074,5.14867,23.9167,5.16563,23.1562,4.42502,24.1002,5.13834,24.8066,5.80092,23.7734,2
7,420,163,-2.68488,-20.2982,30.6942,46.3053,30.7014,45.6631,30.1675,46.1842,30.6647,46.9103,31.2024,46.3987,1
7,420,164,37.968,14.9392,43.1587,94.322,43.6627,93.469,42.473,93.9058,42.5652,95.3285,43.7601,94.7392,1
7,420,165,-28.693,-1.5838,43.4892,142.787,44.1217,142.578,43.2676,142.043,42.9131,142.974,43.7298,143.602,1
7,420,166,17.0567,-9.42926,18.8712,173.356,19.3841,173.358,18.8699,172.752,18.3433,173.342,18.8788,173.919,1
7,420,168,-18.3787,-3.0674,-30.1648,-130.932,-29.6119,-131.009,-30.2515,-131.522,-30.6858,-130.861,-30.0666,-130.315,1
7,420,170,-32.5592,12.3319,-19.7426,28.35,-20.1146,27.761,-20.2311,28.8689,-19.3821,28.8768,-19.1732,27.7693,1
7,420,171,-37.2639,-8.64971,13.8925,27.9111,13.3144,27.2492,13.5116,28.4872,14.3842,28.4875,14.3024,27.2509,3
7,420,172,19.7453,-14.7979,49.4377,34.8848,49.0867,34.2709,48.9499,35.4925,49.7797,35.5424,49.8711,34.3041,1
7,420,174,30.2773,-17.6764,58.8386,-154.21,59.2504,-153.377,59.3776,-155.362,58.4169,-155.114,58.3738,-153.216,1
7,420,178,-20.218,20.7272,-87.6759,-85.6442,-87.1356,-88.4017,-87.7348,-100.886,-88.1926,-80.4739,-87.453,-70.3917,2
7,420,180,-19.5051,1.44969,-16.902,39.7215,-17.0395,39.2052,-17.3628,39.8935,-16.7682,40.2094,-16.4127,39.5401,1
7,420,181,22.3765,-15.2362,12.6396,58.1228,12.501,57.6311,12.0569,58.2872,12.7638,58.6368,13.1629,57.9609,1
7,420,182,27.7389,-7.23136,43.655,80.8867,43.6451,80.1587,43.0441,80.9946,43.6499,81.6688,44.2067,80.78,1
7,420,183,39.9857,-7.18711,60.6776,134.823,61.197,133.967,59.9774,133.857,60.0678,135.739,61.2708,135.674,1
7,420,185,23.8767,-2.63253,17.0299,-140.832,17.5026,-140.642,17.1779,-141.393,16.5263,-141.039,16.8925,-140.313,1
7,420,191,20.7851,17.1674,-73.2894,-2.40348,-73.0227,-4.42352,-73.8417,-3.22282,-73.5437,-0.0681845,-72.7562,-1.5763,2
7,420,193,-25.7006,17.9792,-10.8194,61.5145,-11.0368,60.9058,-11.4583,61.8001,-10.5831,62.0879,-10.0882,61.2119,1
7,420,194,-31.5694,1.22408,21.8737,71.4752,21.6066,70.7276,21.2985,71.8637,22.1169,72.1504,22.5116,71.0368,1
7,420,195,26.2958,-18.8029,50.4255,95.7625,50.3285,94.8081,49.6243,95.9345,50.4869,96.7658,51.1269,95.5763,1
7,420,196,39.4988,-5.97394,67.3509,165.695,68.0489,164.758,66.6555,163.903,66.536,166.661,67.9278,167.301,1
7,420,197,-35.3153,7.36836,47.8521,-126.551,48.5143,-125.909,48.0857,-127.637,47.2471,-127.092,47.5659,-125.318,1
7,420,199,29.1612,-1.23523,-21.5161,-108.288,-20.968,-107.924,-21.239,-108.998,-22.113,-108.694,-21.7665,-107.641,1
8,480,0,-37.9478,10.5682,-41.9232,-73.9683,-41.2238,-73.3684,-41.6844,-75.0385,-42.5541,-74.4855,-42.2004,-72.704,1
8,480,3,-26.0907,13.9226,-24.4043,75.4814,-24.6265,74.8261,-25.0048,75.8083,-24.1709,76.0927,-23.7243,75.1337,1
8,480,4,1.55484,-22.8872,5.78918,87.3541,5.4348,86.8637,5.22362,87.5946,6.10274,87.8332,6.30902,87.105,1
8,480,5,15.6584,9.76531,42.7294,102.367,42.5026,101.654,42.2157,102.689,42.976,103.131,43.235,102.063,1
8,480,6,39.3899,-0.98202,67.9952,148.68,68.3609,146.783,67.0762,148.263,67.5378,150.785,68.785,149.081,1
8,480,7,34.7519,-1.43147,57.881,-128.573,58.565,-128.215,57.8949,-130.105,57.1126,-128.973,57.8506,-127.22,2
8,480,8,-25.3673,2.00943,27.159,-99.3872,27.7026,-98.9824,27.429,-100.007,26.6507,-99.755,26.8625,-98.7173,2
8,480,11,27.13,-9.17613,39.6112,154.637,39.8044,153.985,38.9964,154.413,39.3886,155.323,40.1674,154.834,1
8,480,13,6.02046,21.4416,31.7292,-109.051,32.2333,-109.149,31.7015,-109.632,31.1921,-108.923,31.7325,-108.447,1
8,480,14,-19.4587,13.5304,7.88934,-80.9142,8.40027,-80.8425,7.94344,-81.4526,7.39028,-80.9681,7.81699,-80.3285,1
8,480,15,-38.0898,11.4465,-17.6409,-55.1384,-16.9335,-54.9651,-17.6767,-55.9103,-18.2759,-55.2725,-17.6055,-54.2328,2
8,480,16,38.5339,-9.79249,-44.9722,-29.8962,-44.3158,-29.9329,-45.217,-31.0632,-45.7131,-29.8838,-44.7474,-28.911,1
8,480,17,13.149,23.3989,-49.6781,29.1331,-49.4206,28.3834,-50.0998,28.6921,-49.935,29.9842,-49.2608,29.6103,1
8,480,19,34.089,1.06696,-9.75304,99.5719,-9.73676,98.9413,-10.4271,99.7122,-9.77232,100.28,-9.14931,99.4516,1
8,480,20,12.0544,14.6307,-33.4174,-53.2146,-33.004,-52.9053,-33.1577,-53.6878,-33.8656,-53.5351,-33.6874,-52.7489,1
8,480,22,-39.9166,-3.52974,-70.5017,78.5729,-70.3956,76.1592,-71.1602,78.9853,-70.5664,80.6646,-69.7463,78.1,2
8,480,23,-20.9475,1.23381,-38.3242,111.699,-38.5737,111.115,-38.7368,112.048,-38.0843,112.245,-37.8834,111.331,1
8,480,24,-2.44656,23.5381,-1.40996,121.187,-1.71796,120.808,-1.83515,121.441,-1.06665,121.571,-0.943612,120.935,1
8,480,25,-20.6093,-6.14865,31.8291,125.534,31.5224,125.011,31.4422,125.88,32.1085,126.026,32.2291,125.16,1
8,480,26,36.2794,2.28733,65.1867,152.125,65.1028,150.628,64.537,152.729,65.2627,153.837,65.7632,151.578,1
8,480,27,13.908,-21.2282,73.4637,-97.8924,73.9575,-97.8235,73.566,-99.8827,72.9775,-98.0356,73.3722,-96.0854,1
8,480,28,23.8077,-2.47232,38.5733,-68.7372,38.9898,-68.3707,38.8384,-69.36,38.1294,-69.1285,38.3254,-68.1636,1
8,480,29,-38.348,-5.87602,4.63689,-55.3819,5.23043,-54.8565,4.91495,-55.9605,4.1259,-55.8365,4.33347,-54.7209,3
8,480,31,28.9329,-0.810535,-15.6365,-43.861,-15.304,-43.4014,-15.2091,-44.3146,-15.9961,-44.3672,-16.0263,-43.4467,3
8,480,33,-19.7088,5.87995,-88.0534,-74.6427,-87.9224,-60.4293,-87.5554,-77.0144,-88.0628,-89.1895,-88.5822,-70.4409,1
8,480,35,18.603,-5.27618,-20.4619,142.339,-20.8153,141.98,-20.8114,142.769,-20.0967,142.717,-20.1363,141.935,2
8,480,37,24.5289,19.2714,53.7231,139.486,53.2637,138.847,53.3895,140.201,54.249,140.198,54.062,138.809,1
8,480,45,-22.4425,2.84694,-32.7592,123.763,-32.6825,123.088,-33.3069,123.739,-32.8234,124.4,-32.17,123.79,1
8,480,47,-26.4284,-4.50708,21.5352,172.057,21.5061,171.373,20.9795,172.153,21.5567,172.682,22.1316,171.945,1
8,480,49,-30.889,-11.2825,54.4374,-100.492,55.0431,-101.241,54.0344,-101.239,53.8934,-99.8631,54.8817,-99.6914,1
8,480,50,27.4874,18.3358,19.7828,-163.933,19.7225,-164.663,19.1672,-163.823,19.8681,-163.102,20.3743,-164.007,1
8,480,52,24.744,12.41,48.3302,-80.2756,48.8433,-80.8095,47.9447,-80.9668,47.7653,-79.6806,48.6793,-79.5917,1
8,480,54,-16.8741,14.8498,7.63359,-8.43482,8.17791,-8.34751,7.71865,-9.00926,7.09505,-8.50208,7.52525,-7.81307,2
8,480,55,-33.5001,17.4059,-19.2804,16.6909,-18.6002,16.8585,-19.2367,15.8759,-19.9156,16.5673,-19.3464,17.6416,2
8,480,58,-25.2944,-14.1907,-33.3565,139.689,-33.3116,138.839,-33.9328,139.67,-33.4049,140.451,-32.7517,139.683,1
8,480,59,-15.0513,19.087,-5.44694,169.496,-5.49413,168.947,-6.0325,169.522,-5.37529,170.045,-4.8056,169.489,1
8,480,62,-39.5644,-0.915748,-16.007,176.791,-15.9776,175.939,-16.6802,176.992,-16.0257,177.527,-15.2327,176.552,1
8,480,63,37.8325,-5.88784,8.19805,-155.903,8.20708,-156.566,7.41397,-155.7,8.17256,-155.154,8.87535,-156.082,1
8,480,65,37.2894,3.19525,51.154,-83.2118,51.6388,-83.9712,50.5097,-83.7942,50.5919,-82.3613,51.716,-82.6723,1
8,480,67,37.455,12.0737,15.0763,-2.06494,15.7962,-1.93308,15.0088,-2.80099,14.2315,-2.20668,15.1132,-1.40343,2
8,480,68,-24.333,12.9408,-10.6343,23.8783,-10.1033,24.0155,-10.54,23.3066,-11.145,23.7633,-10.7496,24.5097,2
8,480,70,10.3331,19.2129,-56.7841,65.0807,-56.2329,65.1246,-56.7209,64.126,-57.3795,65.0688,-56.8631,66.0505,1
8,480,71,-4.06085,-20.5694,-68.1737,135.429,-67.9147,134.064,-68.6106,134.529,-68.425,136.715,-67.7371,136.215,1
8,480,72,-37.3712,12.5821,-39.824,-172.89,-39.828,-173.882,-40.5791,-172.605,-39.7888,-172.003,-38.9328,-173.201,1
8,480,74,39.0285,4.60776,22.0548,-134.512,21.8728,-135.315,21.3461,-134.045,22.2622,-133.576,22.6798,-134.913,1
8,480,75,22.1658,-4.43369,53.1609,-113.347,53.1385,-114.259,52.5591,-113.238,53.17,-112.382,53.7183,-113.456,2
8,480,76,-28.7967,-3.17975,70.7876,-37.7138,71.4104,-38.5145,70.4764,-39.2469,70.2196,-37.0326,71.1176,-36.0011,2
8,480,77,-15.8855,18.6255,42.2134,13.5813,42.7229,13.8254,42.42,12.8535,41.6972,13.3709,41.964,14.3629,2
8,480,78,34.3017,7.00173,8.26341,24.6237,8.88126,24.9468,8.43642,23.9186,7.5565,24.2614,8.09331,25.2558,3
8,480,79,-34.2778,1.88011,-22.0413,44.6438,-21.3905,45.0201,-21.8668,43.9436,-22.625,44.3108,-22.2327,45.4359,2
8,480,80,-39.6496,5.92991,-30.0457,-153.492,-30.0146,-154.377,-30.7354,-153.259,-30.055,-152.716,-29.2387,-153.757,1
8,480,82,-35.6045,-2.66753,31.4929,-116.365,31.3851,-117.201,30.9193,-116.093,31.5839,-115.626,32.1334,-116.683,2
8,480,83,-33.6102,24.5252,60.6265,-77.0885,60.8751,-78.2658,59.9019,-77.5571,60.4217,-75.9617,61.4789,-76.4478,1
8,480,84,-16.6783,13.556,58.9007,-4.84988,59.385,-5.04272,58.7875,-5.81372,58.4279,-4.63798,59.0028,-3.79625,1
8,480,85,34.9845,4.59088,30.5655,27.0007,31.1785,27.1943,30.5783,26.215,29.8687,26.786,30.541,27.7044,1
8,480,87,37.1855,1.4429,-31.9633,63.6726,-31.3541,63.9549,-31.8859,62.8151,-32.6567,63.3429,-32.0325,64.4286,1
8,480,88,-38.2799,7.69752,-53.7278,106.545,-53.0011,106.454,-53.9752,105.43,-54.3697,106.653,-53.432,107.828,1
8,480,89,-39.5711,-6.10531,-55.0232,167.592,-54.6424,166.295,-55.6831,167.393,-55.3404,168.72,-54.2671,167.785,1
8,480,90,38.829,4.26092,42.0508,-37.485,42.5206,-38.2274,41.3274,-37.8971,41.5003,-36.6372,42.6791,-37.1025,1
8,480,91,-11.9529,16.284,42.2134,13.5813,42.6873,13.3629,42.0606,12.9111,41.7431,13.8197,42.3581,14.3106,2
8,480,92,-32.0515,-5.6522,23.8825,48.2752,24.5853,48.306,23.7992,47.6316,23.2569,48.2445,23.9816,48.9814,1
8,480,93,28.5108,-5.07942,-6.0844,69.6605,-5.52629,69.7324,-6.08935,69.0092,-6.68753,69.5736,-6.07617,70.2498,1
8,480,94,39.2553,0.793953,-32.7674,96.5044,-32.0541,96.5549,-32.9675,95.5631,-33.591,96.4392,-32.5942,97.3202,1
8,480,95,37.8219,-3.54591,-49.5162,138.91,-48.8916,138.521,-50.0098,137.921,-50.2283,139.348,-49.0811,139.752,1
8,480,96,-13.7276,13.4843,-40.3199,-167.961,-40.1285,-168.57,-40.7982,-168.219,-40.4925,-167.347,-39.8113,-167.673,1
8,480,97,-20.702,22.4398,-18.4412,-133.229,-18.3961,-133.798,-19.0431,-133.307,-18.4548,-132.663,-17.7674,-133.118,1
8,480,99,-37.5334,6.00077,32.9357,-82.7848,33.1394,-83.6445,32.2276,-82.7812,32.7627,-82.0227,33.7539,-82.7853,1
8,480,100,29.1552,-23.3551,83.9427,-31.3902,84.136,-36.6732,83.1814,-34.3152,83.657,-26.453,84.5907,-28.4429,1
8,480,101,-18.1462,16.6104,52.7715,84.8105,53.1373,85.4355,53.166,84.1593,52.3942,84.2286,52.324,85.4912,1
8,480,102,37.3899,1.67982,17.8656,80.7752,18.3248,81.3173,18.2739,80.0875,17.3403,80.1562,17.4988,81.3734,3
8,480,104,7.17736,20.3597,-55.4876,88.3644,-55.0703,88.919,-55.1431,87.7145,-55.9448,87.7856,-55.8551,89.0193,1
8,480,105,33.4106,19.6163,-88.0534,-74.6428,-88.7012,-87.5875,-88.1069,-55.137,-87.2284,-67.9861,-87.7933,-89.8637,1
8,480,108,-35.2278,-6.3785,17.1442,-97.2313,16.6557,-97.8579,16.751,-96.711,17.5674,-96.6777,17.5699,-97.8223,1
8,480,109,12.0255,-16.443,52.0693,-89.306,51.7379,-89.9265,51.6067,-88.7846,52.382,-88.6603,52.4886,-89.8203,1
8,480,112,-5.71768,-23.4107,51.9102,30.4484,52.3234,29.8971,51.6878,29.7241,51.5121,30.924,52.1391,31.1312,1
8,480,113,-11.75,19.4656,31.4709,77.3438,31.9434,77.3495,31.5069,76.762,30.9922,77.3618,31.4111,77.9714,2
8,480,114,19.9845,23.1628,1.90458,100.081,2.46922,100.1,1.94967,99.5786,1.27002,100.081,1.83147,100.578,1
8,480,115,-20.3252,23.7533,-24.0763,126.051,-23.5716,126.096,-23.9934,125.431,-24.5821,126.037,-24.1896,126.746,2
8,480,116,21.4754,-11.1714,-47.8008,155.17,-47.329,155.014,-47.9333,154.357,-48.2943,155.317,-47.6658,155.908,1
8,480,119,23.1179,-7.97731,-6.28658,-78.7441,-6.32286,-79.2358,-6.84169,-78.6674,-6.2578,-78.2253,-5.77769,-78.8203,1
8,480,120,22.0642,-4.0124,-24.9148,-58.7869,-25.2501,-59.289,-25.3852,-58.3351,-24.563,-58.2534,-24.4787,-59.2052,1
8,480,121,-36.6994,-17.093,9.8393,-61.4443,9.18596,-62.2108,9.39481,-60.9037,10.3757,-60.7857,10.2987,-62.0659,1
8,480,122,-22.2482,19.0386,49.4748,-54.7448,49.1416,-55.4929,48.9427,-54.1804,49.818,-54.0281,50.0794,-55.3649,1
8,480,123,-9.27834,-18.5503,80.3497,-26.8835,80.1435,-30.2399,79.8063,-26.3244,80.4934,-23.6122,80.8774,-27.6291,1
8,480,124,35.4405,-5.31257,59.4873,103.684,60.0508,104.475,59.7847,102.142,58.8587,102.807,59.2147,105.011,1
8,480,125,37.661,-12.477,25.2444,114.172,25.7242,114.753,25.7879,113.288,24.7261,113.505,24.7876,114.923,1
8,480,126,-22.943,2.9412,-11.55,125.127,-11.0978,125.543,-11.2049,124.649,-11.9773,124.739,-11.9224,125.643,1
8,480,127,23.7071,-9.56324,-46.5692,124.541,-46.1454,125.098,-46.1454,123.793,-47.0029,123.93,-46.9444,125.241,1
8,480,128,20.8225,3.22021,-82.7327,154.263,-82.1788,155.244,-82.6186,149.716,-83.3238,153.049,-82.803,158.668,1
8,480,129,-35.5841,-4.13173,-59.3527,-76.2701,-59.6404,-77.8012,-59.9215,-75.4787,-59.0868,-74.9499,-58.7151,-77.1463,1
8,480,130,22.1375,-0.281018,-44.1915,179.812,-43.6332,179.753,-44.2868,178.985,-44.788,179.872,-44.0984,-179.418,1
8,480,131,7.14957,-18.6652,-54.5485,-128.591,-54.1947,-129.299,-54.9305,-129.354,-54.905,-127.912,-54.173,-127.911,1
8,480,132,23.1445,17.9593,-39.4763,-72.9364,-39.4828,-73.761,-40.0606,-72.8985,-39.4428,-72.0144,-38.9083,-72.94,3
8,480,133,-35.0387,14.764,-8.65512,-51.4218,-8.60309,-52.1516,-9.41763,-51.3078,-8.67422,-50.7549,-7.7629,-51.5385,1
8,480,135,-25.2933,-1.22804,44.4039,-0.592393,44.5076,-1.46797,43.8251,-0.634938,44.3032,0.212942,45.0282,-0.550962,1
8,480,136,-31.5453,1.85559,56.9996,55.1067,57.5789,54.3691,56.5359,54.2832,56.475,55.763,57.5102,56.0462,3
8,480,137,-21.838,9.76777,39.9579,106.098,40.5351,106.12,39.9275,105.337,39.4058,106.094,39.9761,106.929,2
8,480,139,19.9979,-9.98714,-17.0498,150.057,-16.5141,150.155,-16.9544,149.415,-17.6036,149.94,-17.1271,150.65,1
8,480,140,34.2646,-0.00874158,15.8657,152.631,16.342,153.146,16.2816,151.954,15.3324,152.052,15.4905,153.228,1
8,480,142,-22.6084,-1.80019,-55.0232,167.592,-54.5257,168.228,-54.7228,166.752,-55.4831,166.985,-55.3337,168.505,1
8,480,143,-29.2818,7.78383,-82.3221,-92.5182,-81.9495,-96.5228,-82.9199,-94.5822,-82.619,-88.429,-81.647,-90.5194,1
8,480,144,-36.5641,3.5075,-50.9729,-34.0259,-51.2921,-35.1997,-51.5395,-33.2715,-50.6719,-33.0077,-50.3182,-34.8685,1
8,480,145,-38.0056,-11.7613,-17.2204,-28.114,-17.795,-28.9256,-17.6759,-27.5357,-16.7378,-27.4231,-16.7284,-28.7783,1
8,480,149,30.5197,15.4846,49.8572,147.643,50.4485,148.271,50.1421,146.708,49.167,146.965,49.5614,148.489,1
8,480,151,21.2049,15.351,26.7482,27.6628,26.7979,27.0229,26.2067,27.6319,26.7052,28.3693,27.2729,27.7148,2
8,480,152,40.5108,3.87974,40.4599,66.8251,40.94,66.0424,39.6669,66.4545,39.8899,67.7272,41.1416,67.1675,1
8,480,153,31.6529,15.9197,39.009,115.743,39.6331,115.377,38.6598,115.063,38.2968,116.176,39.3092,116.4,2
8,480,155,26.6557,-7.05747,-3.61186,175.646,-3.06235,175.705,-3.60968,175.003,-4.1989,175.571,-3.60815,176.229,1
8,480,158,-28.4431,-18.1081,-40.5639,-68.3808,-40.2699,-69.291,-41.0921,-68.6569,-40.8309,-67.5854,-39.9977,-68.1295,1
8,480,159,22.7128,16.8882,-23.4838,-25.4098,-23.4831,-26.0569,-24.0354,-25.3854,-23.4645,-24.6898,-22.9485,-25.4094,1
8,480,160,6.32067,18.5987,-38.8408,-32.3857,-38.7393,-33.0437,-39.3319,-32.5597,-38.9263,-31.6789,-38.3415,-32.1847,1
8,480,161,-30.539,10.4351,-13.8569,-3.6907,-13.7645,-4.33987,-14.5028,-3.67413,-13.9247,-3.08765,-13.1278,-3.69925,1
8,480,162,25.9891,4.55465,8.26341,24.6237,8.27264,24.0412,7.66818,24.6912,8.2554,25.2607,8.81869,24.5679,3
8,480,163,39.1154,1.3499,30.5872,54.4546,30.8247,53.6479,29.7569,54.4341,30.3023,55.3806,31.3088,54.4813,1
8,480,164,14.9505,14.6302,46.1218,98.4473,46.4609,97.8393,45.7182,97.9759,45.7633,99.1081,46.5086,98.9396,1
8,480,165,-8.43185,-19.9683,40.7354,143.772,41.2673,143.48,40.6133,143.095,40.2335,144.017,40.8718,144.428,1
8,480,166,-9.96514,20.4621,15.9784,179.718,16.4961,179.719,16.0243,179.155,15.4493,179.742,15.9061,-179.674,1
8,480,167,-1.72531,-22.9122,-7.97305,-158.814,-7.409,-158.861,-7.89341,-159.368,-8.50349,-158.793,-8.02429,-158.286,1
8,480,168,-37.2645,-2.59856,-30.5704,-126.154,-29.7635,-126.214,-30.7936,-126.908,-31.2741,-126.1,-30.303,-125.306,1
8,480,170,17.2862,18.3839,-15.5921,33.1891,-16.0239,32.7934,-15.9552,33.6013,-15.1046,33.6072,-15.2144,32.7976,2
8,480,171,-38.1432,-10.9697,17.3608,27.4609,16.7355,26.7647,16.9869,28.0637,17.8851,28.0634,17.7583,26.7665,2
8,480,172,31.186,-4.89206,54.019,37.1248,53.6748,36.2761,53.5054,37.9532,54.381,38.0807,54.4717,36.3632,1
8,480,175,16.6196,10.1599,16.3945,-149.994,16.7824,-149.605,16.7474,-150.407,15.971,-150.402,16.0411,-149.601,1
8,480,176,-12.7263,20.4423,-20.5681,-147.09,-20.1915,-146.696,-20.1465,-147.485,-20.9657,-147.473,-21.0407,-146.674,1
8,480,177,18.8369,23.1933,-56.9156,-151.219,-56.4513,-150.476,-56.5195,-151.924,-57.4474,-152.04,-57.3301,-150.54,1
8,480,178,-33.5322,14.6467,-85.7639,-26.1826,-85.4525,-34.0543,-86.4651,-28.6838,-85.9462,-17.9295,-84.9487,-23.9874,2
8,480,180,-27.9959,-23.8955,-15.3284,39.304,-15.654,38.5851,-15.8359,39.5071,-15.0654,39.9317,-14.8185,39.0609,1
8,480,181,-30.0514,11.4822,20.2844,56.4608,20.1718,55.8515,19.7225,56.6778,20.4029,57.0247,20.9209,56.225,1
8,480,182,-36.9227,18.1661,52.398,79.6608,52.4718,78.5701,51.657,79.7865,52.3531,80.6555,53.2784,79.5378,1
8,480,183,18.4865,24.5328,62.8578,149.167,63.2772,148.302,62.543,148.291,62.397,150.15,63.1448,150.109,1
8,480,185,-38.2212,-5.07036,16.4257,-134.085,17.1318,-133.728,16.5368,-134.744,15.8151,-134.393,16.3094,-133.336,1
8,480,186,25.2403,-2.95967,-18.8409,-123.68,-18.3663,-123.47,-18.678,-124.257,-19.3479,-123.911,-18.9882,-123.147,1
8,480,187,38.9671,-6.62646,-50.4552,-103.239,-49.8415,-102.906,-50.4022,-104.516,-51.1459,-103.65,-50.4862,-102.14,1
8,480,191,32.576,-6.7405,-74.211,3.08365,-73.8844,0.949346,-74.9819,2.14166,-74.5589,5.50707,-73.5255,3.82902,2
8,480,193,-32.6248,1.0989,-8.75764,61.0304,-9.01439,60.303,-9.34571,61.4008,-8.5207,61.6809,-8.10107,60.615,1
8,480,194,-18.5415,17.4987,26.5038,74.7048,26.2731,74.1026,25.9256,74.9764,26.7508,75.2901,27.1476,74.4224,1
8,480,195,-32.01,23.9304,61.1079,94.4898,61.0584,93.0266,60.2625,94.7418,61.1874,95.8741,62.1155,94.2361,2
8,480,196,34.6141,5.84137,66.88,178.841,67.5763,178.171,66.435,177.224,66.0835,179.569,67.2536,-179.639,1
8,480,198,-19.3858,11.3779,9.47451,-113.425,9.98081,-113.119,9.75624,-113.966,8.97659,-113.707,9.15709,-112.844,1
8,480,199,24.7768,-21.0995,-22.8093,-107.493,-22.2716,-107.172,-22.3696,-108.232,-23.3433,-107.857,-23.174,-106.828,1
9,540,0,-32.3758,-1.6225,-44.3089,-73.9807,-43.6134,-73.529,-44.146,-74.8965,-44.9301,-74.3915,-44.4746,-72.9555,1
9,540,1,24.1618,13.5858,-76.4746,-24.2705,-75.8936,-25.476,-76.788,-26.5796,-77.1057,-22.7502,-76.1729,-22.1169,1
9,540,4,-34.5745,-4.47918,12.1057,84.7142,11.751,83.9463,11.5559,85.1537,12.4148,85.3918,12.7114,84.2114,1
9,540,5,27.9953,13.3036,46.0322,106.289,45.7972,105.36,45.4454,106.712,46.3012,107.339,46.5919,105.912,2
9,540,6,36.1296,3.30221,70.0155,158.957,70.4408,157.126,69.2446,158.166,69.5066,160.957,70.6917,159.736,1
9,540,7,-16.0241,10.9188,56.3878,-115.628,56.9141,-115.242,56.5829,-116.612,55.8671,-115.971,56.1593,-114.589,2
9,540,8,-25.797,-5.56919,24.3477,-98.7033,24.9357,-98.3091,24.6035,-99.3036,23.8126,-99.0634,24.08,-98.0583,3
9,540,9,29.2383,2.52006,-12.6857,-94.3501,-12.1452,-93.9767,-12.3964,-95.0007,-13.282,-94.7643,-12.9546,-93.7564,1
9,540,11,-35.9869,19.4022,48.0244,158.981,48.3817,158.125,47.3112,158.577,47.7203,159.783,48.8605,159.505,1
9,540,12,23.4322,-9.15124,46.3978,-150.869,46.8458,-151.241,46.0717,-151.593,45.9192,-150.499,46.6982,-150.206,1
9,540,13,33.0796,11.2512,27.7437,-108.563,28.3961,-108.6,27.5839,-109.262,26.9989,-108.509,27.8698,-107.915,3
9,540,14,12.6148,-14.3657,5.09271,-82.3827,5.58013,-82.3507,5.16483,-82.9209,4.60497,-82.43,5.03734,-81.8786,1
9,540,15,-34.8512,11.6704,-20.5993,-52.9075,-19.9434,-52.7836,-20.6314,-53.635,-21.1982,-53.0006,-20.5694,-52.0682,2
9,540,16,-25.8297,-7.15464,-41.5524,-21.0193,-40.971,-21.2756,-41.7647,-21.6694,-42.0829,-20.7886,-41.3125,-20.3363,1
9,540,17,-33.1597,23.3022,-44.534,33.3855,-44.1213,32.717,-45.155,32.7846,-44.8878,34.0586,-43.8091,34.1106,1
9,540,18,35.0086,-8.90951,-34.0143,74.6153,-33.8878,73.8957,-34.7803,74.6123,-34.1658,75.4103,-33.3463,74.6101,1
9,540,19,-0.512931,24.7571,-3.14414,100.636,-3.22531,100.129,-3.65821,100.633,-3.03171,101.171,-2.59526,100.665,1
9,540,20,34.0989,-18.3123,-34.4945,-55.9201,-34.0789,-55.4359,-33.9881,-56.6883,-34.9192,-56.4754,-34.9111,-55.2436,1
9,540,22,13.449,16.7559,-68.6147,99.3281,-68.8131,98.0612,-69.0573,99.8361,-68.3762,100.652,-68.1642,98.8838,2
9,540,23,2.22967,20.6628,-33.4365,115.227,-33.7269,114.764,-33.8454,115.524,-33.1117,115.699,-32.9981,114.941,1
9,540,24,-38.9679,-3.9542,0.546692,117.612,0.167628,116.915,0.0856297,118.077,0.873805,118.213,1.06492,117.073,1
9,540,25,1.39475,18.5154,37.2362,128.845,36.96,128.362,36.8308,129.147,37.538,129.343,37.6664,128.547,1
9,540,26,-35.4712,-17.0383,69.7335,137.861,69.3329,135.786,69.2517,138.835,70.0418,139.711,70.2345,136.675,1
9,540,27,32.31,13.0357,66.8174,-90.2509,67.4324,-89.8797,66.8392,-91.7891,66.1114,-90.6232,66.7651,-88.8383,1
9,540,29,-37.1845,14.2835,-1.22006,-54.8069,-0.768702,-54.301,-0.821299,-55.4006,-1.64468,-55.2468,-1.69964,-54.1172,2
9,540,31,-6.00783,-22.5712,-17.7207,-40.9962,-17.3053,-40.6217,-17.3122,-41.3199,-18.092,-41.3617,-18.0982,-40.6653,1
9,540,32,-26.9039,20.3422,-57.6771,-40.5159,-57.3385,-39.6902,-57.1936,-41.2603,-58.0203,-41.2929,-58.2366,-39.6725,1
9,540,33,27.3365,-4.02956,-84.6369,-144.693,-85.111,-141.899,-84.2793,-139.625,-84.1105,-147.137,-84.9236,-149.884,1
9,540,34,18.252,-8.08521,-52.7837,145.588,-53.1538,145.064,-53.1217,146.288,-52.4038,146.133,-52.4699,144.938,1
9,540,35,36.6622,1.33063,-15.9567,143.858,-16.3897,143.355,-16.3478,144.492,-15.4646,144.429,-15.6051,143.302,2
9,540,37,-22.5284,5.71861,55.8672,131.792,55.464,131.173,55.5597,132.54,56.2506,132.379,56.1983,130.973,1
9,540,42,-32.3723,14.5567,-22.0401,0.51566,-21.3963,0.65473,-22.0218,-0.237074,-22.6396,0.411181,-22.0719,1.38097,1
9,540,43,-21.2277,7.16499,-44.534,33.3855,-43.9969,33.1846,-44.7169,32.6549,-45.043,33.5931,-44.3368,34.1734,1
9,540,45,-39.2896,5.70185,-28.4189,125.496,-28.2108,124.601,-29.1787,125.551,-28.5827,126.286,-27.5314,125.436,2
9,540,46,-39.8184,5.41915,-1.72188,150.604,-1.6457,149.777,-2.47136,150.784,-1.77427,151.326,-0.843839,150.395,1
9,540,49,32.5138,24.5279,46.5721,-91.1563,47.2349,-91.8014,46.1627,-91.8996,45.7955,-90.3752,46.9198,-90.4028,2
9,540,52,-24.1635,-6.46146,52.5453,-76.0657,53.1079,-76.5969,52.2226,-76.8329,52.0254,-75.598,52.8911,-75.2478,1
9,540,53,-27.3959,17.7619,32.4027,-30.1455,33.021,-30.052,32.4286,-30.9553,31.8105,-30.2013,32.3476,-29.2266,1
9,540,54,10.8536,-24.8698,6.14118,-10.8011,6.71867,-10.7893,6.31076,-11.4441,5.58534,-10.8432,6.0112,-10.2121,2
9,540,55,-12.6654,-20.5255,-20.6857,14.4393,-20.0526,14.3983,-20.6332,13.8499,-21.2666,14.4556,-20.7106,15.0224,2
9,540,58,-36.3265,2.0844,-28.7381,143.188,-28.5701,142.301,-29.4564,143.237,-28.8741,143.976,-27.9188,143.131,2
9,540,59,8.14831,20.4517,-3.77556,173.328,-3.87885,172.775,-4.31182,173.378,-3.6424,173.918,-3.22228,173.3,1
9,540,62,-22.6968,4.56824,-13.8308,-179.085,-13.8721,-179.646,-14.3522,-178.991,-13.7844,-178.557,-13.2671,-179.183,1
9,540,64,30.5346,-3.40203,38.615,-127.194,38.7255,-127.914,37.96,-127.219,38.4819,-126.409,39.2049,-127.172,1
9,540,65,27.6382,12.3176,52.5453,-76.0657,52.9698,-76.7592,52.0931,-76.6503,52.0736,-75.2918,52.9574,-75.4832,1
9,540,67,7.11769,20.5078,13.5534,2.91829,14.063,2.96217,13.6405,2.4181,13.0052,2.89207,13.4411,3.42926,2
9,540,68,-12.5967,24.6276,-15.1675,25.6691,-14.6584,25.7342,-15.0279,25.1106,-15.6942,25.6318,-15.3445,26.2802,2
9,540,71,24.2451,-22.4686,-69.6888,146.327,-69.4544,144.817,-70.3579,145.235,-69.9457,147.863,-69.0867,147.175,1
9,540,72,-0.0440552,-23.3659,-41.7293,-168.536,-41.9542,-169.249,-42.2973,-168.404,-41.5364,-167.858,-41.1994,-168.69,1
9,540,73,-21.4951,-5.32865,-6.51267,-153.285,-6.74611,-153.845,-6.99813,-153.041,-6.29926,-152.765,-6.0042,-153.55,1
9,540,75,32.544,20.1992,56.9452,-104.215,56.9423,-105.616,56.282,-104.06,56.9518,-102.573,57.5695,-104.299,1
9,540,76,-3.36108,-19.6156,67.6276,-34.5034,68.1243,-35.2108,67.4519,-35.8531,67.1474,-33.9079,67.8053,-33.2041,1
9,540,77,33.6649,13.4907,36.8353,9.88887,37.5303,10.1497,36.8929,9.02746,36.0285,9.61013,36.7539,10.6737,1
9,540,78,12.5683,20.4097,4.54163,28.4156,5.07653,28.6076,4.7573,27.925,3.95146,28.227,4.30023,28.9026,2
9,540,79,-30.841,-7.87665,-24.7054,45.1768,-24.0271,45.4831,-24.5591,44.5272,-25.3061,44.8954,-24.8475,45.8892,1
9,540,82,-31.1681,-1.84643,34.5338,-113.656,34.4381,-114.427,33.9932,-113.436,34.6166,-112.959,35.1271,-113.907,2
9,540,83,36.2749,-4.52115,55.1314,-70.1052,55.4163,-71.0784,54.4052,-70.4069,54.7928,-69.0376,55.7665,-69.8344,1
9,540,84,1.30274,-22.4815,57.2553,-5.43503,57.7418,-5.7726,57.1794,-6.39799,56.7863,-5.16048,57.3408,-4.53104,1
9,540,85,-34.2629,-3.18839,31.5748,35.0688,32.2332,35.3465,31.6472,34.3683,30.9907,34.8255,31.4973,35.8492,1
9,540,88,-39.678,8.1597,-55.2604,112.407,-54.5098,112.214,-55.5832,111.249,-55.9167,112.611,-54.8725,113.747,1
9,540,91,-25.7805,20.9502,41.365,19.4213,41.9266,19.2927,41.2337,18.5829,40.8263,19.5825,41.4854,20.3856,1
9,540,92,-26.1944,-0.188252,20.3758,50.8653,20.9746,50.9032,20.3372,50.2774,19.8233,50.8326,20.4177,51.5024,2
9,540,93,34.8955,18.3474,-11.225,73.1367,-10.4759,73.1461,-11.3414,72.4631,-12.106,73.1458,-11.1478,73.7611,1
9,540,94,24.6165,12.3512,-34.3715,102.178,-33.7979,102.076,-34.5007,101.517,-35.0047,102.306,-34.2609,102.809,1
9,540,99,-36.8151,10.6727,35.5375,-78.9185,35.7703,-79.7548,34.8163,-78.982,35.3422,-78.1651,36.3755,-78.8313,2
9,540,101,25.3311,-1.04962,50.3168,78.5578,50.7257,79.1324,50.6563,77.7842,49.8751,77.9456,49.9981,79.2617,1
9,540,105,22.1695,12.0282,-85.3489,-102.392,-85.6698,-108.305,-85.7422,-97.5038,-84.9399,-96.9207,-84.9355,-106.209,1
9,540,107,9.8572,20.5163,-12.6856,-94.3501,-13.0735,-94.726,-13.0648,-94.0025,-12.2516,-93.9604,-12.2824,-94.6867,1
9,540,108,-34.3561,-12.7243,20.2336,-97.2759,19.6831,-97.9057,19.8557,-96.7587,20.7006,-96.7191,20.6273,-97.8606,1
9,540,109,-35.6819,14.2942,59.0819,-97.1977,58.6901,-98.3059,58.577,-96.1689,59.4501,-96.1965,59.6713,-98.4179,1
9,540,112,-30.3619,1.99488,52.252,40.5477,52.8207,40.2431,51.9888,39.7524,51.7341,40.8256,52.5368,41.4375,1
9,540,113,3.18248,23.7601,27.637,79.4361,28.1267,79.4051,27.6796,78.8953,27.1136,79.495,27.5661,80.0024,1
9,540,114,-19.3304,8.16242,1.94982,103.881,2.43394,103.975,2.01372,103.392,1.48258,103.8,1.87422,104.406,1
9,540,115,-35.2732,-6.95502,-23.7255,127.779,-23.0097,127.852,-23.7957,127.142,-24.352,127.71,-23.6315,128.484,2
9,540,117,-32.344,24.9454,-46.17,-139.207,-45.8423,-139.919,-46.7989,-139.717,-46.443,-138.492,-45.4351,-138.585,1
9,540,119,-31.4582,6.06086,0.614879,-79.6756,0.612806,-80.2754,0.046666,-79.5649,0.626013,-79.1272,1.25185,-79.7955,2
9,540,120,22.1579,15.3442,-19.24,-58.4223,-19.6509,-58.9196,-19.6623,-57.9884,-18.7714,-57.8857,-18.8161,-58.8236,1
9,540,121,25.9698,0.102211,14.9461,-54.361,14.6054,-54.8695,14.4637,-53.9139,15.3122,-53.8063,15.3921,-54.7734,1
9,540,123,15.3075,-12.8479,81.6438,3.24631,81.791,-0.374589,81.0679,1.92275,81.4471,6.74288,82.1786,4.56511,1
9,540,124,24.7876,5.36598,55.1687,108.41,55.6731,108.991,55.4389,107.43,54.6129,107.799,54.9009,109.31,2
9,540,125,29.0748,9.91683,19.1681,116.157,19.6827,116.601,19.4986,115.555,18.5839,115.669,18.8456,116.705,1
9,540,126,-31.8817,24.3687,-17.6908,126.815,-17.2263,127.343,-17.1263,126.179,-18.1642,126.345,-18.38,127.554,1
9,540,127,-23.0704,14.2653,-51.9307,132.724,-51.4569,133.303,-51.5806,131.886,-52.3955,132.181,-52.324,133.653,1
9,540,128,29.7639,-5.77893,-85.6009,162.686,-84.9867,163.83,-85.5331,153.307,-86.2644,160.845,-85.5565,171.142,1
9,540,129,-31.3579,5.80163,-54.8824,-72.9075,-55.1432,-74.0383,-55.4415,-72.2542,-54.6254,-71.8964,-54.2489,-73.6133,2
9,540,131,-30.7247,24.8956,-49.8064,-115.994,-49.3637,-116.748,-50.4259,-116.781,-50.191,-115.214,-49.0862,-115.054,1
9,540,132,20.8051,-11.1055,-38.7165,-72.6276,-38.6744,-73.3277,-39.3502,-72.6723,-38.7709,-71.9009,-38.135,-72.5999,1
9,540,133,-27.1942,-3.04432,-7.88874,-49.7791,-7.94521,-50.4463,-8.46628,-49.6503,-7.83728,-49.1702,-7.26509,-49.9245,1
9,540,134,-16.7202,-7.96783,19.9856,-27.3583,19.907,-27.9749,19.4605,-27.2762,20.0504,-26.7796,20.5259,-27.4544,1
9,540,135,-20.1189,-6.60427,45.9107,3.2986,46.0085,2.43898,45.3709,3.20535,45.8089,4.09294,46.4767,3.38483,2
9,540,136,32.9156,-15.2206,50.2592,56.9428,50.8031,56.4266,49.732,55.8994,49.6536,57.4504,50.7188,57.8502,3
9,540,137,25.3635,-24.4231,36.4276,102.182,37.0248,102.136,36.4672,101.159,35.8182,102.18,36.4107,103.07,2
9,540,138,37.9359,14.0449,5.41713,130.245,6.22749,130.391,5.34114,129.463,4.455,130.088,5.45598,130.948,1
9,540,141,32.1927,20.0295,-25.9824,155.701,-25.3764,156.248,-25.6212,155.055,-26.7034,155.074,-26.3484,156.288,1
9,540,142,32.2357,2.25136,-59.8241,158.054,-59.3679,159.016,-59.3988,156.896,-60.3248,156.946,-60.2042,159.117,1
9,540,143,38.8835,10.559,-83.2045,-21.7182,-83.7205,-27.4157,-83.5952,-15.3498,-82.5166,-16.1165,-82.7792,-26.6095,2
9,540,144,-27.0023,9.09787,-46.9947,-31.1834,-47.3041,-31.9956,-47.4999,-30.6161,-46.688,-30.4423,-46.4257,-31.7906,1
9,540,149,-38.3521,4.78823,48.0244,158.981,48.5107,160.01,48.4869,158.042,47.5799,158.106,47.4775,160.05,1
9,540,150,-25.3653,7.80865,7.28625,-0.903199,7.32578,-1.48478,6.7129,-0.875838,7.25916,-0.355853,7.91637,-0.926546,2
9,540,151,-28.9118,-20.7421,30.4911,24.2561,30.4925,23.3372,29.9153,24.2458,30.4651,25.0523,31.0935,24.2279,1
9,540,152,-21.5093,2.20997,47.3053,69.4871,47.6356,68.8223,46.8514,69.0795,46.9937,70.1094,47.7894,69.9325,2
9,540,153,-39.0029,10.9453,44.1676,123.482,44.9379,123.387,43.8698,122.485,43.488,123.593,44.4986,124.675,1
9,540,155,18.1688,23.3249,-7.87173,-179.344,-7.27376,-179.391,-7.87419,-179.887,-8.53857,-179.266,-7.89872,-178.798,1
9,540,158,-36.4998,9.59393,-37.2173,-61.1089,-36.8243,-61.8699,-37.9016,-61.3864,-37.5502,-60.4084,-36.4261,-60.7839,1
9,540,161,-18.395,-18.2229,-14.0928,-2.28566,-14.1506,-2.93826,-14.6239,-2.28012,-14.0555,-1.69239,-13.5562,-2.31484,1
9,540,162,-32.9591,-19.6971,13.0263,20.945,12.9347,20.0514,12.4204,21.0505,13.0834,21.7104,13.6683,20.7948,1
9,540,163,-11.3547,19.3157,37.837,56.2326,37.945,55.5916,37.3142,56.044,37.7455,56.8866,38.3968,56.4636,2
9,540,164,-12.8145,14.4922,48.6934,103.612,49.0642,103.073,48.3322,103.027,48.3327,104.159,49.0668,104.263,1
9,540,165,25.0875,16.6896,34.4165,149.465,35.0176,149.269,34.2297,148.805,33.7461,149.702,34.5705,150.111,1
9,540,169,17.6179,20.3852,-49.1433,-75.422,-48.7673,-76.1027,-49.5407,-75.9772,-49.5382,-74.6365,-48.7618,-74.8485,1
9,540,170,-23.2574,2.48513,-13.3201,29.1076,-13.7008,28.6517,-13.702,29.5233,-12.9593,29.5305,-12.9069,28.6616,1
9,540,171,-28.0634,22.7279,24.8258,28.4748,24.4411,27.9529,24.2907,28.9891,25.2227,28.9553,25.4597,27.8954,1
9,540,172,-10.201,-18.67,56.6997,30.041,56.243,29.3859,56.3158,30.6953,57.1092,30.6885,57.0591,29.3571,1
9,540,175,36.4503,-10.95,14.7606,-152.59,15.1513,-152.038,15.333,-153.263,14.3428,-153.217,14.2735,-152.009,1
9,540,176,19.8659,1.92152,-22.5987,-150.502,-22.2348,-150.078,-22.2166,-150.944,-22.9852,-150.955,-22.9618,-150.084,1
9,540,177,-24.2819,-15.5886,-56.7962,-144.158,-56.2547,-143.398,-56.4544,-144.949,-57.2684,-144.88,-57.1288,-143.296,1
9,540,178,-19.8922,10.534,-84.2201,10.9142,-84.3929,5.67226,-84.7232,13.4033,-83.9989,15.5917,-83.6603,8.74729,3
9,540,180,16.6267,13.3976,-10.4819,45.9138,-10.6632,45.4353,-10.934,46.1006,-10.274,46.4257,-10.0327,45.7446,1
9,540,181,-28.9887,9.19627,23.4313,58.0243,23.316,57.4107,22.8901,58.2395,23.5487,58.593,24.0378,57.7902,1
9,540,182,-35.1818,15.5154,54.8983,83.4517,54.984,82.3408,54.2081,83.5327,54.8357,84.4688,55.7038,83.381,1
9,540,183,39.0243,9.84208,60.1386,153.433,60.773,152.741,59.6183,152.418,59.3934,154.225,60.5791,154.383,3
9,540,185,33.7932,14.0419,8.28149,-138.084,8.90311,-137.86,8.37193,-138.71,7.55998,-138.329,8.17638,-137.514,1
9,540,186,26.0053,-10.2356,-21.6898,-122.534,-21.2165,-122.318,-21.4907,-123.156,-22.1856,-122.779,-21.86,-121.967,1
9,540,191,28.2626,0.156437,-71.4428,15.1185,-71.2833,13.182,-72.1386,14.9307,-71.5973,17.2713,-70.8069,15.2881,2
9,540,192,25.2576,-8.01746,-42.0421,54.2455,-42.2342,53.4771,-42.6822,54.6298,-41.8447,55.0635,-41.4621,53.8947,1
9,540,193,-35.5692,5.78438,-4.55537,61.7318,-4.78856,60.9639,-5.20081,62.1329,-4.33362,62.4128,-3.81349,61.2756,1
9,540,194,19.7749,6.67602,27.637,79.4361,27.4059,78.8246,27.1055,79.7397,27.8883,80.0943,28.1488,79.1526,1
9,540,195,-25.1121,5.44147,61.7627,97.4456,61.6926,96.0948,61.1519,97.7278,61.8252,98.7127,62.4308,97.133,2
9,540,196,34.3731,-5.26135,65.9715,-175.789,66.6548,-176.143,65.618,-177.642,65.2067,-175.449,66.2653,-174.122,1
9,540,197,-35.1384,2.60622,41.4404,-123.554,42.1157,-122.965,41.6696,-124.489,40.8329,-124.058,41.1723,-122.5,1
9,540,198,21.4895,-24.1374,8.27722,-117.611,8.82776,-117.339,8.73312,-118.277,7.74218,-117.917,7.89656,-117.012,1
10,600,0,-20.5061,11.6262,-49.5235,-72.8763,-48.9755,-72.5311,-49.3203,-73.7576,-50.0571,-73.1936,-49.7489,-71.9122,1
10,600,1,-30.4945,12.0214,-71.5649,-7.6136,-70.9887,-8.79271,-72.0459,-9.2953,-72.0803,-6.4012,-71.0109,-5.77919,1
10,600,3,-36.6455,15.6894,-16.4403,76.0474,-16.6381,75.2521,-17.1857,76.4728,-16.2278,76.7556,-15.549,75.5645,1
10,600,5,17.3385,18.9017,50.3453,107.186,50.1072,106.286,49.8029,107.503,50.619,108.177,50.8924,106.902,2
10,600,7,3.67236,-24.0321,55.3184,-118.69,55.9137,-118.493,55.578,-119.709,54.7597,-118.919,55.0938,-117.738,1
10,600,8,11.5896,-18.2031,20.9007,-102.068,21.4073,-101.799,21.2483,-102.635,20.4094,-102.354,20.5928,-101.535,1
10,600,9,-20.3596,6.0732,-15.2531,-88.4734,-14.7468,-88.1456,-14.9792,-89.0121,-15.7398,-88.7797,-15.5513,-87.8945,1
10,600,11,-20.054,-3.54675,46.9446,161.66,47.153,160.921,46.471,161.42,46.7433,162.346,47.4443,161.911,1
10,600,13,-24.5455,-21.5713,31.3678,-104.277,32.0661,-104.404,31.3251,-104.904,30.7502,-104.19,31.4384,-103.638,2
10,600,14,-36.8578,-7.64157,4.92612,-76.3034,5.71361,-76.1794,4.87225,-76.9396,4.24474,-76.4153,5.00175,-75.5915,2
10,600,15,-32.679,6.17863,-23.008,-50.89,-22.3651,-50.8121,-23.0661,-51.5641,-23.5934,-50.9501,-22.9433,-50.1305,1
10,600,16,26.9294,5.3861,-47.9023,-17.6316,-47.3737,-17.9102,-48.1673,-18.4023,-48.4811,-17.3135,-47.6584,-16.9164,1
10,600,17,-24.7153,-4.52114,-45.2466,34.6944,-44.945,33.9781,-45.7221,34.3765,-45.5223,35.3575,-44.7349,35.019,1
10,600,19,31.3086,22.8637,-2.04437,105.25,-2.15722,104.541,-2.63598,105.397,-1.88704,106.078,-1.47454,105.147,1
10,600,21,-22.1744,1.55445,-72.1973,-19.7427,-71.6731,-19.5103,-72.1665,-21.379,-72.69,-19.9638,-72.2153,-17.9854,1
10,600,22,26.2835,-18.506,-68.4644,102.765,-68.6443,101.428,-69.0974,103.418,-68.2897,104.159,-67.9086,102.178,1
10,600,23,40.3725,-4.7558,-32.572,119.794,-32.8604,119.066,-33.1778,120.481,-32.2473,120.631,-32.0518,119.214,1
10,600,25,-27.2191,-19.3951,38.1396,125.597,37.6941,124.917,37.7275,126.015,38.5144,126.215,38.55,125.131,1
10,600,27,24.9229,1.7577,64.9115,-85.4842,65.3993,-85.0632,65.031,-86.7553,64.3825,-85.9226,64.7874,-84.3136,1
10,600,29,-36.5968,11.7877,-4.69749,-54.5451,-4.23851,-54.0518,-4.32725,-55.1259,-5.12472,-54.9762,-5.13649,-53.8747,1
10,600,30,-31.152,6.11005,11.7657,-37.3794,12.1119,-36.8579,12.1876,-37.8095,11.44,-37.8501,11.2898,-36.9029,1
10,600,31,9.74495,-24.8825,-21.1916,-42.8205,-20.8098,-42.4405,-20.6996,-43.1636,-21.5395,-43.2086,-21.6266,-42.4854,1
10,600,32,-36.2376,-13.3931,-58.1021,-38.7082,-57.5198,-37.6174,-57.7508,-39.6503,-58.5856,-39.6866,-58.4611,-37.6196,1
10,600,33,-40.5457,1.18237,-84.2502,125.551,-84.4963,117.597,-84.7722,130.664,-83.9505,131.765,-83.5984,120.658,1
10,600,35,-32.1649,16.4791,-10.9843,136.613,-11.355,136.117,-11.4422,137.103,-10.6191,137.056,-10.4435,136.06,1
10,600,37,33.3525,-10.3593,58.4741,140.576,58.1194,139.7,57.9681,141.583,58.8411,141.575,58.9049,139.66,2
10,600,39,35.6453,-11.9247,49.8238,-42.8947,50.171,-42.1235,50.3702,-43.7927,49.4522,-43.7529,49.3535,-42.1254,1
10,600,43,-19.4858,-18.6649,-45.2466,34.6944,-44.6558,34.3051,-45.4328,33.978,-45.786,35.0303,-45.0308,35.403,1
10,600,45,27.9081,2.29503,-30.991,133.482,-30.9657,132.797,-31.6151,133.563,-31.0144,134.234,-30.416,133.414,1
10,600,47,16.3133,19.2294,26.15,-178.055,26.1041,-178.688,25.6184,-178.03,26.2167,-177.36,26.6813,-178.053,1
10,600,49,25.5143,8.2632,46.8434,-88.5123,47.3755,-88.8755,46.5336,-89.242,46.2596,-88.1112,47.1204,-87.8099,2
10,600,51,25.4362,3.87261,45.1614,-123.927,45.4117,-124.696,44.5693,-124.197,44.8849,-123.096,45.7105,-123.662,1
10,600,52,-26.911,20.5268,50.7774,-66.0419,51.3726,-66.3168,50.5442,-67.0842,50.2133,-65.7355,51.0106,-64.8252,2
10,600,53,-27.8414,24.4524,29.1652,-26.6376,29.7912,-26.5299,29.2615,-27.4925,28.5525,-26.6939,29.0176,-25.6485,1
10,600,55,-37.4439,7.14862,-23.4533,21.3449,-22.6696,21.5108,-23.5216,20.5131,-24.1506,21.2132,-23.3732,22.3095,1
10,600,57,19.0371,8.39713,-50.4659,111.403,-50.2262,110.602,-50.9898,111.076,-50.7108,112.279,-49.9648,111.726,1
10,600,58,28.4905,-20.5002,-32.7731,149.398,-32.7236,148.679,-33.6006,149.31,-32.8554,150.147,-32.0534,149.45,1
10,600,59,-27.896,-19.6663,-1.84028,170.108,-1.99668,169.314,-2.43057,170.221,-1.72249,170.804,-1.22992,169.958,1
10,600,61,33.1015,14.7903,-40.8546,162.091,-40.8454,161.195,-41.4812,162.238,-40.8417,163.124,-40.2728,161.988,1
10,600,62,-18.9164,-10.3285,-12.0715,-177.536,-12.1696,-178.105,-12.5613,-177.442,-11.9881,-177.008,-11.5676,-177.645,1
10,600,63,-38.0996,4.74322,19.7147,-157.427,19.7311,-158.226,19.041,-157.23,19.7083,-156.723,20.4933,-157.655,1
10,600,64,-8.39527,22.3159,45.1614,-123.927,45.215,-124.633,44.6502,-124.092,45.1258,-123.196,45.7095,-123.714,1
10,600,65,33.0178,18.1046,51.6373,-69.0751,52.1721,-69.8127,51.1572,-69.7339,51.0217,-68.2155,52.0606,-68.4154,1
10,600,67,35.8957,-16.7405,11.6616,0.36757,12.2484,0.563309,11.8037,-0.507961,11.0288,0.123699,11.5534,1.11391,1
10,600,68,30.2713,-7.31271,-18.1308,22.6758,-17.5855,22.831,-18.0489,21.9734,-18.7195,22.4938,-18.1967,23.3052,1
10,600,72,-34.9551,17.4159,-33.0118,-168.079,-33.072,-168.919,-33.7599,-167.812,-32.9201,-167.313,-32.1267,-168.364,1
10,600,73,38.6092,-0.393857,-4.76591,-146.245,-4.96493,-146.954,-5.4773,-145.78,-4.54299,-145.429,-4.14501,-146.644,1
10,600,74,20.0789,22.376,31.3883,-132.987,31.1277,-133.659,30.8634,-132.744,31.699,-132.239,31.9211,-133.198,1
10,600,75,-25.8895,18.9615,63.5418,-107.389,63.6058,-108.723,62.8816,-107.48,63.4965,-106.103,64.2889,-107.233,2
10,600,77,36.6581,-7.56925,35.4065,10.0406,36.0199,10.4014,35.5742,9.0143,34.7248,9.62336,35.2591,10.9265,1
10,600,78,28.1145,13.3808,0.976336,27.8147,1.57025,28.0774,1.15441,27.221,0.30219,27.5316,0.789673,28.367,1
10,600,81,-33.0892,2.53336,6.86644,-130.763,6.74764,-131.41,6.30982,-130.529,6.9786,-130.181,7.48985,-131.026,1
10,600,82,-33.6603,-20.5846,36.2487,-113.057,35.999,-114.057,35.7015,-112.805,36.4366,-112.195,36.8214,-113.372,1
10,600,83,37.6941,0.488776,56.6244,-63.1412,56.9798,-64.1552,55.9083,-63.5285,56.205,-62.0103,57.25,-62.7806,1
10,600,84,30.1661,-7.35132,52.3223,-0.820988,52.8733,-0.886319,52.178,-1.86819,51.7237,-0.770936,52.4486,0.1202,1
10,600,85,31.1163,-9.77139,25.6921,30.8321,26.2195,31.0363,25.8235,30.0833,25.125,30.5966,25.5798,31.4963,2
10,600,86,-36.5865,1.32181,-3.69475,55.0481,-3.04349,55.3561,-3.58142,54.4115,-4.27248,54.7806,-3.82046,55.7727,1
10,600,87,-28.7829,3.55737,-35.0344,74.5087,-34.4585,74.6817,-34.9851,73.8256,-35.5655,74.3546,-35.0859,75.2623,1
10,600,89,-30.4166,1.83144,-51.795,-179.682,-51.631,179.356,-52.3651,-179.761,-51.9332,-178.798,-51.1646,-179.598,1
10,600,91,-13.8523,17.1667,38.7197,22.0497,39.2141,21.9072,38.6177,21.3812,38.2293,22.2144,38.8094,22.7795,1
10,600,92,17.2969,-22.9313,16.4356,48.9658,16.9673,48.9396,16.5109,48.2917,15.907,48.962,16.3873,49.5726,1
10,600,97,-27.1429,19.7671,-12.8233,-128.706,-12.7526,-129.296,-13.4714,-128.746,-12.8615,-128.136,-12.0853,-128.639,1
10,600,98,-33.3246,-6.93692,11.8422,-106.206,11.8602,-106.956,11.2441,-106.106,11.82,-105.544,12.4992,-106.331,1
10,600,99,-32.9299,-13.1415,35.8785,-77.5647,35.9855,-78.5147,35.2825,-77.5683,35.7681,-76.7412,36.5262,-77.5889,1
10,600,101,26.8865,4.24088,46.044,78.7993,46.4725,79.3487,46.3713,78.0764,45.5697,78.2096,45.7306,79.4569,1
10,600,102,32.1388,4.81023,10.0745,81.5038,10.5116,81.9623,10.4466,80.9481,9.58158,80.9929,9.72836,82.0024,1
10,600,104,-24.6559,17.1425,-62.5043,95.1133,-62.0743,95.8947,-62.1312,94.0758,-62.9291,94.3781,-62.9273,96.2851,1
10,600,105,26.3062,20.2529,-80.7109,-95.8437,-81.1762,-98.7101,-81.0716,-92.9977,-80.1423,-93.0109,-80.3221,-98.2635,1
10,600,109,-36.7737,18.3372,63.3584,-97.983,62.9658,-99.2863,62.8023,-96.7417,63.7334,-96.8079,64.0194,-99.49,1
10,600,112,34.4771,12.0335,45.019,43.642,45.6273,43.3365,44.6869,42.8912,44.3217,44.0001,45.3015,44.3473,2
10,600,113,-22.8692,-8.09658,28.2912,81.8388,28.8491,81.8713,28.2863,81.2836,27.7789,81.8024,28.304,82.4231,1
10,600,114,19.0781,-15.5605,-1.38385,102.204,-0.909277,102.278,-1.27285,101.65,-1.86543,102.111,-1.47247,102.714,1
10,600,115,-32.8142,11.0188,-27.8906,131.623,-27.2915,131.727,-27.9149,130.926,-28.4423,131.545,-27.8684,132.418,1
10,600,119,13.9281,20.8268,2.22494,-73.7628,2.11778,-74.2656,1.74986,-73.6956,2.36099,-73.217,2.70791,-73.8085,2
10,600,120,27.2919,-23.4167,-19.7186,-58.0747,-20.0865,-58.5994,-20.4433,-57.5795,-19.3708,-57.5116,-19.1053,-58.5195,1
10,600,121,32.0645,-20.2689,16.2327,-53.62,15.9012,-54.1934,15.4672,-53.094,16.5501,-52.9871,16.8742,-54.0901,1
10,600,123,17.4749,-23.0497,82.2833,21.377,82.5863,17.634,81.7485,17.9967,81.9279,24.6618,82.7527,24.6823,1
10,600,124,19.879,-19.2264,54.0839,109.539,54.5618,110.069,54.5058,108.585,53.6118,108.976,53.7131,110.399,2
10,600,125,-10.2361,18.9768,15.1252,120.497,15.5486,120.851,15.5104,120.063,14.6799,120.156,14.694,120.948,1
10,600,126,-27.9083,13.5617,-20.0545,126.31,-19.6016,126.788,-19.6416,125.748,-20.4943,125.873,-20.5286,126.937,1
10,600,128,19.4832,9.57031,-85.4561,-122.814,-85.2369,-129.413,-86.0043,-125.022,-85.6101,-115.024,-84.926,-121.002,1
10,600,129,-21.5104,3.70089,-51.782,-69.8828,-52.0705,-70.7266,-52.2547,-69.3535,-51.4989,-69.1002,-51.27,-70.4361,1
10,600,131,14.9049,17.7954,-53.5473,-110.379,-53.2981,-111.249,-54.0308,-110.801,-53.7946,-109.407,-53.0732,-109.936,1
10,600,132,35.5186,20.6883,-34.7807,-64.8784,-34.8503,-65.8974,-35.4792,-64.6401,-34.6622,-63.6689,-34.127,-65.0469,2
10,600,133,-36.6109,16.1094,-2.35217,-47.4723,-2.29274,-48.2212,-3.15574,-47.3439,-2.37442,-46.7921,-1.39964,-47.6064,2
10,600,135,-22.0585,-23.7873,47.1856,5.13595,47.2198,4.01359,46.6135,4.97446,47.123,6.11891,47.7673,5.25011,1
10,600,136,-25.2661,16.5586,54.5833,70.1407,55.1391,69.7447,54.2938,69.1435,54.0585,70.5482,54.8826,71.2907,2
10,600,137,28.1987,15.8197,30.7731,108.841,31.4487,108.814,30.6812,108.118,30.0074,108.89,30.832,109.529,3
10,600,138,-26.16,-14.9593,8.97714,135.721,9.69927,135.804,9.02298,135.136,8.3355,135.634,8.95099,136.337,1
10,600,139,-26.5869,-8.55013,-20.1917,158.253,-19.5099,158.324,-20.1894,157.634,-20.8071,158.181,-20.178,158.914,1
10,600,140,33.5883,17.1039,6.45587,153.056,7.05537,153.554,6.80092,152.434,5.74344,152.491,6.10979,153.613,1
10,600,141,-15.8298,-16.4781,-25.451,160.805,-24.9328,161.21,-25.0993,160.339,-25.9167,160.417,-25.7877,161.293,1
10,600,143,38.1438,-0.407492,-80.8035,-22.8808,-81.2218,-26.8573,-81.2986,-18.3237,-80.2805,-18.7311,-80.3267,-26.4309,2
10,600,145,-30.4723,16.9363,-6.58648,-26.5296,-6.93161,-27.1003,-7.15034,-26.0696,-6.23835,-26.0105,-5.92616,-27.0423,1
10,600,147,-34.3304,17.1259,65.3227,-22.3591,64.9436,-23.8124,64.7307,-21.1163,65.686,-21.0259,66.016,-23.8529,2
10,600,149,-1.42848,22.6358,42.412,153.396,42.8602,153.837,42.7944,152.844,41.9222,152.966,41.9838,153.952,1
10,600,150,-32.2591,21.976,11.7693,2.03796,11.8688,1.39181,11.0219,2.00282,11.7112,2.65149,12.6463,2.10476,1
10,600,151,27.0974,1.0598,29.9386,33.2488,30.0726,32.6108,29.3296,33.1775,29.7879,33.9419,30.4993,33.3192,2
10,600,152,28.7502,-4.37874,43.2486,74.728,43.6346,74.1467,42.708,74.2234,42.8205,75.343,43.7374,75.1898,3
10,600,153,26.0399,-9.68043,37.6504,121.363,38.1787,121.182,37.4294,120.593,37.0855,121.536,37.8535,122.06,1
10,600,155,38.6534,7.55632,-11.2513,-179.674,-10.5101,-179.585,-11.3938,179.547,-12.1171,-179.772,-11.1397,-178.985,1
10,600,157,31.8263,-6.70824,-48.9351,-106.807,-48.4148,-107.25,-49.3843,-107.656,-49.5091,-106.326,-48.5271,-106.069,1
10,600,158,-38.8377,-0.522772,-35.8044,-58.5239,-35.413,-59.4134,-36.5015,-58.6894,-36.1349,-57.7419,-35.0016,-58.3454,1
10,600,162,-20.1883,-0.951643,16.2691,25.9408,16.2769,25.3537,15.7425,25.9713,16.2607,26.4928,16.8267,25.9056,2
10,600,163,31.6389,-9.31809,34.889,59.7322,35.1074,59.0492,34.1676,59.5333,34.6316,60.464,35.5282,59.9021,1
10,600,164,-29.6434,-0.192248,50.3453,107.186,50.8673,106.558,49.9095,106.551,49.8692,107.749,50.8224,107.894,2
10,600,169,22.1736,-0.181187,-49.5235,-72.8763,-49.1437,-73.4637,-49.9677,-73.4462,-49.9272,-72.2408,-49.1064,-72.3507,1
10,600,170,-29.736,20.3549,-7.60921,28.1591,-7.97628,27.6479,-8.14457,28.6319,-7.23397,28.6239,-6.97487,27.6312,2
10,600,171,19.5472,12.6825,27.3688,33.2327,26.9702,32.7856,26.9992,33.6831,27.8102,33.7138,27.7375,32.8049,1
10,600,172,-25.2669,-8.71305,61.2657,26.5493,60.7758,25.669,60.9292,27.4633,61.7008,27.3841,61.6054,25.5419,1
10,600,174,-39.1847,-10.9241,46.9487,-142.945,47.5177,-141.834,47.3739,-143.77,46.4656,-143.874,46.4808,-142.004,1
10,600,175,19.2143,2.7078,9.54649,-150.681,9.91692,-150.293,9.91627,-151.099,9.15082,-151.093,9.19146,-150.288,1
10,600,176,19.9724,-16.905,-24.5589,-150.795,-24.1906,-150.365,-24.0642,-151.252,-24.9172,-151.252,-24.9957,-150.364,1
10,600,178,-11.0962,17.0611,-80.1708,24.1767,-80.4783,21.7031,-80.6049,26.0761,-79.829,26.446,-79.6843,22.3951,1
10,600,179,27.8159,5.13038,-45.2466,34.6944,-45.6667,34.0836,-45.6177,35.4067,-44.7771,35.3539,-44.8924,34.0504,1
10,600,180,-38.323,13.6366,-4.55971,42.817,-4.62917,42.1153,-5.24245,43.0862,-4.4732,43.4417,-3.74928,42.5121,1
10,600,181,-19.2229,13.1118,26.6261,60.7681,26.5045,60.2267,26.1293,60.9277,26.7566,61.2918,27.1698,60.6056,1
10,600,182,23.0499,10.3955,53.3259,93.3242,53.3655,92.4366,52.8032,93.3267,53.2841,94.2953,53.8244,93.3427,1
10,600,183,17.1502,-21.7011,62.2654,156.035,62.6931,155.471,62.0253,154.846,61.8246,156.535,62.4906,157.108,1
10,600,185,-16.1861,-15.0724,9.2322,-133.777,9.76148,-133.622,9.39082,-134.237,8.74744,-133.931,9.08662,-133.306,1
10,600,186,-15.7226,-13.8465,-23.2177,-117.602,-22.6919,-117.464,-23.0832,-118.101,-23.7021,-117.743,-23.338,-117.091,1
10,600,188,19.0872,-0.0586276,-64.5447,-17.7915,-64.3284,-18.7986,-65.0187,-18.2532,-64.7667,-16.7113,-64.0953,-17.367,1
10,600,191,30.2326,-21.5045,-70.9524,18.3399,-70.8131,16.3993,-71.8583,17.7491,-71.1172,20.3846,-70.1707,18.7399,1
10,600,194,20.9885,20.7743,32.4702,81.6314,32.1683,80.9234,31.925,81.9402,32.8256,82.4187,33.0202,81.3563,2
10,600,195,36.6333,-15.3585,58.4399,109.14,58.5623,107.788,57.4331,109.144,58.2537,110.609,59.2914,109.108,1
10,600,196,22.1714,-6.06964,65.4566,-166.31,66.0343,-166.493,65.3214,-167.847,64.8453,-166.147,65.5722,-164.879,1
10,600,197,-19.6834,23.7596,35.17,-123.43,35.7102,-123.097,35.513,-124.154,34.6128,-123.72,34.7538,-122.638,1
11,660,0,-11.5764,-20.9619,-50.3172,-74.1013,-49.678,-73.878,-50.0951,-74.9339,-50.8979,-74.3446,-50.5045,-73.263,1
11,660,1,38.5874,8.35613,-78.9206,8.26708,-78.4009,4.97282,-79.723,6.66095,-79.4751,12.544,-78.2139,9.59362,2
11,660,4,-36.1165,7.27065,20.7137,86.3182,20.4418,85.5139,20.0793,86.7885,20.9684,87.0325,21.4469,85.7753,1
11,660,5,-22.9911,18.2398,55.4278,103.592,55.2514,102.564,54.7942,103.951,55.6168,104.585,56.1429,103.209,1
11,660,6,-11.325,24.0977,75.3424,-169.185,75.8331,-170.402,75.0823,-171.392,74.8465,-167.906,75.5777,-166.628,1
11,660,7,2.55632,23.1131,47.7352,-112.917,48.2882,-112.658,47.9765,-113.687,47.1352,-113.149,47.4503,-112.131,1
11,660,8,5.71296,-20.0859,17.6435,-100.676,18.1669,-100.422,17.9906,-101.205,17.1476,-100.941,17.335,-100.17,1
11,660,10,-35.3973,20.1579,31.4441,128.193,31.6011,127.437,30.6857,128.138,31.3296,128.897,32.3412,128.284,1
11,660,13,7.19703,20.8744,24.0425,-100.384,24.5526,-100.43,24.0501,-100.924,23.4964,-100.312,24.0105,-99.8271,1
11,660,14,-35.7209,-19.0306,2.91214,-75.0145,3.80421,-74.9842,2.85956,-75.6273,2.15876,-75.0575,3.00479,-74.3509,1
11,660,15,35.8308,-20.7263,-28.3643,-55.5351,-27.756,-55.4184,-28.2969,-56.5791,-29.0167,-55.7082,-28.3956,-54.656,1
11,660,18,-34.7308,16.4905,-22.1119,77.4732,-21.9623,76.7841,-22.826,77.4499,-22.22,78.1129,-21.2789,77.5185,1
11,660,19,-29.3686,-11.2071,1.84582,100.901,1.79142,100.22,1.30198,101.003,1.88482,101.507,2.4261,100.775,1
11,660,20,29.6864,19.8935,-45.6418,-53.1362,-45.0879,-52.6653,-45.3911,-53.8697,-46.2875,-53.6649,-45.9012,-52.4519,1
11,660,21,-37.6448,-1.03534,-73.4099,-7.20956,-72.6667,-7.19767,-73.5717,-9.39987,-74.0602,-7.21036,-73.1925,-4.77643,1
11,660,23,13.4861,22.8117,-25.8731,117.451,-26.2156,117,-26.2765,117.762,-25.4782,117.928,-25.4474,117.159,1
11,660,24,35.1257,9.27051,8.18948,125.624,7.84865,125.066,7.72796,126.092,8.5861,126.261,8.61663,125.211,1
11,660,25,-33.5212,16.4054,45.4381,126.17,45.1857,125.369,44.8808,126.7,45.6891,126.902,46.0901,125.563,1
11,660,27,-36.5484,-1.34815,63.6665,-70.7248,64.2356,-69.714,63.902,-72.0379,63.1589,-71.577,63.3916,-69.261,1
11,660,28,-26.7115,-6.43003,28.62,-61.695,29.0975,-61.2831,28.885,-62.2042,28.1873,-62.0704,28.3418,-61.1469,1
11,660,29,12.121,19.1168,-9.6052,-58.5171,-9.17578,-58.2474,-9.32838,-58.9144,-10.0793,-58.7944,-9.90102,-58.1267,1
11,660,30,38.7292,-3.53621,9.26628,-44.5655,9.63049,-44.0018,9.78095,-45.1857,8.85853,-45.213,8.81999,-44.0307,1
11,660,33,11.5155,20.911,-78.2973,157.29,-78.7783,156.289,-78.5103,159.493,-77.7638,158.2,-78.0439,155.183,1
11,660,35,32.5119,24.3323,-5.99475,142.235,-6.5888,141.788,-6.31898,142.761,-5.27471,142.742,-5.6529,141.76,1
11,660,37,9.55051,-19.5434,61.5312,135.406,61.1378,134.779,61.1345,136.186,61.9009,136.069,61.8832,134.638,1
11,660,38,28.5103,18.3755,78.9493,-40.356,79.3959,-37.9782,79.2967,-42.759,78.4067,-42.7733,78.5832,-38.296,1
11,660,45,33.0584,3.75589,-28.5398,136.848,-28.5161,136.11,-29.2225,136.993,-28.5606,137.679,-27.9222,136.728,1
11,660,47,28.8815,-0.4186,26.5823,-175.768,26.6326,-176.426,25.9342,-175.718,26.5206,-175.049,27.1735,-175.812,1
11,660,49,-27.0326,3.80296,50.1972,-81.3132,50.7887,-81.5693,49.9624,-82.148,49.6505,-81.0717,50.4457,-80.3874,1
11,660,50,-37.7118,13.36,32.402,-161.925,32.5627,-162.835,31.5866,-161.866,32.2792,-161.107,33.3654,-161.979,1
11,660,51,21.456,9.35328,47.0548,-118.609,47.3169,-119.375,46.5208,-118.933,46.7718,-117.777,47.5598,-118.276,1
11,660,52,-23.1669,-24.5996,50.7823,-68.1157,51.4521,-68.7993,50.5362,-68.9675,50.1815,-67.5677,51.0588,-67.2737,1
11,660,55,37.1904,4.74209,-31.5774,17.3085,-30.8365,17.424,-31.6938,16.3753,-32.4314,17.1745,-31.4807,18.1333,2
11,660,58,-30.6207,-23.2419,-26.1528,147.068,-26.236,146.049,-26.7806,147.118,-26.0998,147.937,-25.4992,146.968,1
11,660,59,20.6061,-24.3999,-2.17909,175.658,-2.25815,175.079,-2.93463,175.637,-2.13533,176.241,-1.51256,175.653,1
11,660,62,32.7484,-10.3799,-11.8635,-171.677,-11.886,-172.274,-12.5845,-171.529,-11.8553,-171.024,-11.2318,-171.814,1
11,660,63,37.0058,0.735382,17.8688,-149.254,17.878,-149.951,17.1452,-149.056,17.8514,-148.46,18.5068,-149.425,1
11,660,64,37.2668,-6.4181,42.2135,-119.402,42.4421,-120.22,41.4189,-119.522,41.9358,-118.495,42.9023,-119.3,1
11,660,65,22.6633,16.0899,52.2635,-63.6052,52.7245,-64.161,51.9268,-64.2839,51.758,-62.9813,52.5696,-62.9184,1
11,660,67,28.5918,15.3171,6.467,5.0916,7.08385,5.18356,6.48434,4.50502,5.7665,5.00284,6.4285,5.64382,2
11,660,68,-27.1489,-8.85837,-17.893,29.1609,-17.2594,29.2496,-17.873,28.5945,-18.4638,29.0731,-17.8996,29.7666,1
11,660,70,-16.6147,-11.9538,-60.9835,79.1523,-60.3963,78.969,-61.0486,78.0747,-61.5295,79.3061,-60.8936,80.244,1
11,660,72,-14.8366,15.7025,-31.1409,-164.198,-31.3015,-164.792,-31.6728,-164.007,-30.9609,-163.617,-30.5603,-164.386,1
11,660,74,-36.6572,-9.0916,34.1904,-139.215,33.9067,-140.203,33.6162,-138.784,34.4224,-138.356,34.8199,-139.726,1
11,660,75,34.4345,-18.5862,58.7539,-99.8987,58.9265,-101.097,57.8478,-100.2,58.5199,-98.6368,59.5266,-99.6647,2
11,660,77,24.5016,1.31248,31.9256,14.0794,32.4563,14.3256,32.0797,13.3866,31.3519,13.8159,31.7756,14.7209,1
11,660,78,-31.4813,-5.50312,1.39899,33.7037,2.04506,34.0409,1.58635,33.1142,0.824144,33.4002,1.20401,34.3533,2
11,660,81,-31.4264,-3.32825,9.63457,-129.334,9.484,-129.979,9.11179,-129.104,9.76784,-128.754,10.2063,-129.594,1
11,660,82,-18.2817,13.0582,41.187,-106.462,41.1365,-107.124,40.6732,-106.375,41.2472,-105.817,41.746,-106.542,1
11,660,84,-37.2013,11.7565,53.4325,13.0221,54.1081,13.295,53.405,11.8341,52.8215,12.8175,53.4389,14.4104,1
11,660,85,34.3726,-19.7159,23.2124,31.764,23.7608,32.0001,23.452,30.8752,22.6339,31.4765,23.0218,32.5224,1
11,660,86,-29.3439,-1.5886,-7.2034,55.6768,-6.62649,55.8989,-7.08903,55.1304,-7.72789,55.4751,-7.3234,56.2754,1
11,660,88,37.9541,3.4641,-64.9268,119.883,-64.2972,119.312,-65.376,118.487,-65.6486,120.573,-64.5277,121.086,1
11,660,91,-40.2767,5.14525,39.7319,26.9753,40.551,27.0008,39.4972,26.0417,39.0195,26.9705,39.9966,28.0784,1
11,660,94,-18.5189,-1.5055,-34.7482,110.586,-34.2193,110.455,-34.8764,109.989,-35.2479,110.711,-34.6076,111.211,1
11,660,96,24.2994,8.60699,-37.9333,-154.239,-37.8111,-154.934,-38.4913,-154.319,-38.055,-153.472,-37.4069,-154.15,1
11,660,101,-28.7218,23.9375,40.4983,86.2042,40.8735,86.824,41.0356,85.5883,40.1042,85.6452,39.8515,86.8824,2
11,660,102,36.3636,-1.54969,6.93244,80.8656,7.36058,81.3749,7.37036,80.2322,6.45291,80.2861,6.54496,81.42,2
11,660,105,-12.1673,17.1528,-76.8937,-111.277,-77.1232,-113.281,-77.3671,-110.23,-76.6315,-109.374,-76.3723,-112.26,1
11,660,107,18.1786,-8.59364,-7.79401,-93.8734,-8.12452,-94.2614,-8.21541,-93.4929,-7.45951,-93.4656,-7.40612,-94.2324,1
11,660,108,6.22428,17.3729,30.5099,-92.9623,30.1535,-93.3828,30.1327,-92.5869,30.8984,-92.527,30.9067,-93.3335,1
11,660,109,-34.2186,-7.71694,64.2571,-97.4293,63.7345,-98.6951,63.8892,-96.2898,64.7022,-96.2711,64.6407,-98.7447,1
11,660,111,15.2942,21.7029,50.2253,-3.56886,50.4624,-4.30369,49.8099,-3.95854,49.9771,-2.75341,50.6303,-3.13663,1
11,660,112,-21.772,1.22913,48.2646,50.158,48.7693,49.9758,48.1078,49.4596,47.7904,50.3297,48.4276,50.9091,1
11,660,113,-28.1838,-9.67242,25.9258,84.7337,26.5476,84.7899,25.9136,84.1566,25.3681,84.6756,25.95,85.3513,2
11,660,114,28.5691,-20.3086,-4.50121,103.163,-3.98465,103.275,-4.34224,102.462,-5.0346,103.016,-4.62196,103.778,1
11,660,115,-38.7365,11.8885,-30.0782,135.29,-29.3877,135.438,-30.1494,134.468,-30.696,135.18,-29.9984,136.258,1
11,660,119,-31.4812,17.452,7.57648,-74.8818,7.59378,-75.4687,6.94069,-74.8124,7.58466,-74.3323,8.31017,-74.9447,2
11,660,120,36.3769,-1.89643,-13.7324,-56.5082,-14.1084,-57.1341,-14.301,-55.8822,-13.312,-55.7969,-13.231,-57.0525,2
11,660,124,-30.0723,7.23939,48.4585,118.792,48.919,119.542,48.8529,117.986,48.0215,118.127,48.0058,119.674,1
11,660,126,-8.84758,21.8096,-24.6928,124.521,-24.2505,124.881,-24.2998,124.055,-25.1634,124.171,-25.1348,125.011,2
11,660,128,39.3566,2.88907,-84.6458,-75.4059,-84.8691,-83.7185,-85.2978,-68.6406,-84.261,-66.7422,-84.0256,-79.9495,1
11,660,129,-25.7145,13.2442,-47.0276,-69.3389,-47.3079,-70.1473,-47.5676,-68.8191,-46.7392,-68.593,-46.4151,-69.8897,1
11,660,131,24.5865,-24.194,-54.6787,-111.039,-54.3797,-111.923,-55.323,-111.888,-55.0088,-110.162,-54.0995,-110.355,1
11,660,132,-37.2106,13.8213,-27.2926,-69.394,-27.1234,-70.2359,-28.0974,-69.356,-27.4136,-68.6295,-26.3438,-69.422,1
11,660,133,7.23005,-17.8985,-4.92895,-43.9203,-5.03871,-44.4512,-5.50633,-43.88,-4.84069,-43.3979,-4.3887,-43.9755,1
11,660,135,38.176,-12.0894,44.1878,15.3488,44.5348,14.4878,43.2674,14.9851,43.7667,16.2838,44.97,15.6528,1
11,660,136,-36.9684,-5.91292,55.5965,72.9634,56.4013,72.4207,55.1909,71.961,54.8962,73.4117,56.0563,74.103,1
11,660,137,12.8207,17.6541,29.2301,112.967,29.7936,112.95,29.2364,112.352,28.6209,113.007,29.1997,113.585,1
11,660,138,31.8104,4.46785,0.89243,134.213,1.53566,134.361,0.910235,133.516,0.171108,134.05,0.86702,134.846,1
11,660,140,31.0858,10.5445,3.57534,153.393,4.0867,153.858,3.93567,152.815,2.98887,152.874,3.22777,153.916,1
11,660,141,38.3196,-8.45748,-30.1798,154.436,-29.7438,155.108,-29.5999,153.588,-30.6517,153.655,-30.6665,155.173,1
11,660,143,16.2076,-20.2358,-78.6805,-36.7862,-78.9682,-39.2786,-79.284,-35.2877,-78.3957,-34.3534,-78.1353,-38.103,1
11,660,145,-38.6672,5.0604,-4.0293,-27.7474,-4.44228,-28.4885,-4.56561,-27.1712,-3.65514,-27.1053,-3.40378,-28.4163,1
11,660,150,-24.1676,5.74533,12.4895,3.85895,12.5264,3.27479,11.932,3.88343,12.4617,4.40865,13.0966,3.83677,2
11,660,151,26.1513,-20.4677,30.9194,34.4847,31.0548,33.8521,30.2079,34.241,30.7465,35.1277,31.5485,34.68,1
11,660,152,36.4567,1.76441,42.6816,80.5792,43.1894,79.9642,42.0511,80.0204,42.0977,81.2649,43.2329,81.0901,1
11,660,153,-28.988,-5.58709,40.2527,128.931,40.9019,128.746,40.0538,128.229,39.6662,129.09,40.4728,129.692,1
11,660,155,16.0293,16.7301,-12.6425,-174.849,-12.096,-174.871,-12.6557,-175.38,-13.2367,-174.807,-12.6478,-174.321,1
11,660,159,-39.9345,8.06367,-11.6305,-22.5328,-11.4326,-23.331,-12.4042,-22.4702,-11.7849,-21.829,-10.7186,-22.6008,1
11,660,162,36.47,2.90479,15.298,32.847,15.3855,32.1337,14.546,32.9563,15.1944,33.6607,15.9649,32.7581,2
11,660,163,34.6347,7.07444,37.1742,65.679,37.4339,64.883,36.4756,65.5418,36.8762,66.5832,37.8013,65.8214,1
11,660,164,-18.5957,-0.653002,48.8407,112.505,49.2847,112.006,48.507,111.901,48.4191,112.971,49.1906,113.15,1
11,660,166,35.2366,-11.1527,6.98468,-178.495,7.61259,-178.375,6.97928,-179.33,6.29517,-178.648,6.99726,-177.772,1
11,660,167,39.4545,-8.41914,-19.985,-154.007,-19.2948,-153.845,-20.0428,-154.981,-20.7659,-154.215,-19.9266,-153.18,1
11,660,169,-35.0852,-16.7334,-43.8195,-70.872,-43.2573,-71.821,-44.3623,-71.3302,-44.3046,-70.0621,-43.209,-70.4199,1
11,660,170,2.91557,24.6107,-3.73775,31.1138,-4.15714,30.7609,-4.14446,31.4652,-3.26933,31.4721,-3.28917,30.7634,1
11,660,171,30.5948,9.82523,30.9194,34.4847,30.4905,33.9169,30.5123,35.0668,31.4067,35.1239,31.305,33.9542,1
11,660,172,23.5217,17.6234,67.5842,37.1354,67.1669,35.9463,67.1717,38.1607,68.0545,38.4844,67.9941,36.1543,3
11,660,173,-32.5152,3.52863,77.3103,-135.192,77.5771,-132.261,77.8262,-136.997,77.0355,-137.72,76.718,-133.338,1
11,660,177,-23.7948,21.0085,-67.9543,-142.67,-67.5352,-141.628,-67.5074,-143.9,-68.3776,-143.665,-68.4652,-141.261,1
11,660,178,-38.0936,-14.6636,-78.9206,8.2671,-79.2427,3.50815,-79.4777,10.3659,-78.6058,12.0808,-78.3007,6.02801,1
11,660,181,-32.5152,-8.8632,28.8534,60.0892,28.6642,59.3266,28.3411,60.3607,29.0107,60.7671,29.4065,59.7741,2
11,660,182,-34.878,-13.0012,58.2546,88.8826,58.2682,87.4117,57.674,89.0345,58.2186,90.1522,58.888,88.6671,2
11,660,183,-39.326,-4.93443,65.2246,171.222,66.0247,170.896,64.9263,169.825,64.5359,171.484,65.5607,172.841,1
11,660,189,-36.6379,7.76294,-33.3996,25.8065,-33.4062,24.9845,-34.04,26.0265,-33.3754,26.5407,-32.6596,25.5635,1
11,660,190,31.1811,16.9529,-69.1002,-70.8856,-68.3366,-70.933,-69.2053,-72.8223,-69.9812,-70.7696,-69.0122,-69.0798,1
11,660,194,-33.3092,-22.751,33.3178,74.4289,32.7752,73.3853,32.7465,74.8732,33.7462,75.3302,33.8968,73.901,2
11,660,195,29.3867,12.2798,63.8183,118.455,63.9229,116.875,63.1395,118.435,63.6923,120.23,64.4507,118.521,1
11,660,196,34.6431,-3.98453,61.8483,-161.719,62.5529,-161.669,61.6754,-163.444,61.0607,-161.796,61.983,-160.186,2
11,660,197,-33.3969,15.1955,32.9462,-120.553,33.5317,-120.027,33.2865,-121.399,32.3892,-121.004,32.529,-119.589,1
12,720,0,-23.2506,-3.95698,-54.5418,-68.3909,-53.9156,-68.0832,-54.4247,-69.3812,-55.1189,-68.6878,-54.6505,-67.3284,1
12,720,1,-16.1815,18.8874,-71.7896,18.1726,-71.5481,16.5148,-72.3407,17.2843,-71.9926,19.8982,-71.1891,19.1479,1
12,720,4,23.193,24.2463,24.2608,94.3411,23.8655,93.6826,23.7279,94.6907,24.734,95.0823,24.8068,94.0294,1
12,720,7,15.022,20.6811,44.0031,-112.772,44.5925,-112.509,44.2081,-113.519,43.3471,-113.025,43.7662,-112.04,2
12,720,10,5.4842,20.5128,30.8063,133.936,30.8105,133.347,30.3173,133.873,30.819,134.564,31.3101,134.026,1
12,720,14,-23.377,-2.29912,-2.31882,-72.6993,-1.75481,-72.6333,-2.30675,-73.2192,-2.84218,-72.7614,-2.3273,-72.1443,3
12,720,19,-35.0265,-15.8049,4.73723,102.191,4.65435,101.359,4.14964,102.337,4.79365,102.905,5.37178,102.003,1
12,720,21,8.36811,21.3907,-80.1109,3.89056,-79.6478,2.79675,-80.2425,1.18421,-80.5977,5.30319,-79.9745,6.64009,1
12,720,23,-16.3418,21.1269,-21.8207,115.285,-22.0883,114.837,-22.2871,115.57,-21.5309,115.718,-21.2959,114.991,1
12,720,25,-31.6096,-7.95297,46.7569,126.629,46.3986,125.801,46.3355,127.156,47.0654,127.378,47.205,126.03,2
12,720,27,-20.5194,21.0552,57.5801,-71.3366,58.0069,-70.8125,57.8953,-72.2121,57.1425,-71.8029,57.2043,-70.3983,1
12,720,29,-35.4498,-2.67127,-10.7411,-54.1221,-10.204,-53.6539,-10.4645,-54.6724,-11.2148,-54.5362,-11.0436,-53.5001,1
12,720,31,39.6532,-8.15407,-29.8314,-47.5673,-29.5144,-46.8904,-29.2152,-48.2597,-30.1714,-48.3531,-30.35,-46.967,1
12,720,34,32.1886,-7.48033,-41.3482,145.045,-41.7467,144.496,-41.7527,145.795,-40.9183,145.651,-40.9896,144.384,1
12,720,36,-28.8727,-0.405765,30.8063,133.936,30.3721,133.439,30.4813,134.457,31.2022,134.391,31.1569,133.359,1
12,720,37,-36.5599,-1.54541,66.0736,123.484,65.4814,122.414,65.8261,124.926,66.5889,124.462,66.3308,121.815,1
12,720,38,-22.9209,18.5533,74.4728,-23.6691,74.668,-21.8198,74.9986,-24.5769,74.2472,-25.3877,73.8736,-22.783,1
12,720,41,-27.9051,24.7005,-4.45696,-16.4552,-3.86465,-16.3162,-4.30071,-17.1645,-5.04033,-16.5509,-4.66553,-15.6349,1
12,720,42,38.7742,1.54032,-34.2489,1.6185,-33.5273,1.75006,-34.3725,0.633376,-35.081,1.45915,-34.1422,2.476,1
12,720,43,39.3185,3.95115,-54.3231,45.0697,-53.6196,44.617,-54.8382,43.9596,-55.1397,45.6155,-53.8744,46.0275,1
12,720,45,37.87,-0.768282,-26.5294,139.619,-26.4749,138.835,-27.325,139.812,-26.5933,140.516,-25.8343,139.457,1
12,720,50,-38.1234,12.9956,35.0934,-159.109,35.2781,-160.054,34.2713,-159.067,34.9485,-158.262,36.0658,-159.143,1
12,720,51,32.9629,17.0026,46.9848,-111.592,47.3762,-112.546,46.3427,-111.962,46.5361,-110.485,47.5667,-111.199,2
12,720,55,-23.7251,21.8073,-30.8626,26.8143,-30.2664,26.8296,-30.8449,26.0283,-31.4466,26.8373,-30.9015,27.7065,2
12,720,58,-30.1483,-18.014,-23.0968,150.316,-23.1528,149.413,-23.7074,150.394,-23.0614,151.1,-22.4531,150.2,1
12,720,59,23.9316,24.2815,4.54662,-178.775,4.39816,-179.462,3.9541,-178.666,4.74332,-177.994,5.13728,-178.846,1
12,720,63,-28.9714,-16.4583,23.3978,-153.465,23.2635,-154.238,22.8589,-153.327,23.4984,-152.782,23.962,-153.639,1
12,720,64,24.7863,23.4545,46.9555,-112.547,47.0777,-113.471,46.4111,-112.713,46.8309,-111.488,47.4815,-112.333,1
12,720,67,-19.9812,24.3679,5.22694,11.0968,5.74801,11.2095,5.39616,10.5139,4.69866,11.0155,5.01111,11.747,1
12,720,70,30.0429,13.2324,-68.307,84.6432,-67.6482,84.2943,-68.5185,82.9965,-69.0506,85.1012,-68.115,86.1696,1
12,720,72,-32.3132,9.35431,-27.3532,-164.801,-27.4757,-165.554,-27.9831,-164.514,-27.2219,-164.117,-26.6344,-165.113,1
12,720,75,27.1513,-21.0119,61.6258,-95.2396,61.776,-96.4369,60.8663,-95.7283,61.4267,-94.0311,62.2923,-94.8355,1
12,720,76,21.9433,-7.90683,59.0085,-14.5965,59.5526,-14.6114,58.9614,-15.7938,58.4369,-14.6025,59.0486,-13.4921,1
12,720,81,-37.2737,-3.71721,13.2795,-128.497,13.1306,-129.266,12.7059,-128.207,13.4071,-127.826,13.9232,-128.836,1
12,720,82,-19.1592,11.1911,44.1277,-103.806,44.0955,-104.509,43.6143,-103.73,44.1673,-103.126,44.6848,-103.876,1
12,720,83,10.5577,23.0018,61.4158,-46.5891,61.7151,-47.4972,61.045,-47.2682,61.1008,-45.5906,61.7764,-45.8345,1
12,720,84,-21.2587,5.50431,49.9947,14.0343,50.5154,14.1118,49.9981,13.2377,49.4993,13.9727,49.9808,14.8916,1
12,720,86,30.0636,-0.56126,-13.1603,52.4784,-12.639,52.6959,-13.0252,51.8544,-13.7316,52.2352,-13.2834,53.0453,1
12,720,91,28.4087,9.93074,31.721,26.2372,32.3162,26.1157,31.5346,25.5702,31.0579,26.3815,31.8783,26.8668,1
12,720,92,33.4883,-4.14979,8.64665,53.9471,9.25411,54.0319,8.59698,53.2212,7.97426,53.844,8.69099,54.5911,1
12,720,94,-38.4627,4.91537,-34.9848,116.449,-34.2144,116.353,-35.2645,115.639,-35.6607,116.549,-34.6553,117.382,1
12,720,98,-32.7667,21.9097,19.4827,-99.0184,19.5944,-99.6864,18.7366,-99.064,19.4123,-98.3854,20.3594,-98.9382,1
12,720,99,34.4681,-3.97222,35.0167,-64.9048,35.2632,-65.6077,34.293,-65.0717,34.7284,-64.1309,35.656,-64.7561,1
12,720,100,-38.8126,-3.65022,75.5446,90.5056,75.9822,93.4178,75.9849,88.3177,75.1393,88.1329,75.0269,92.8778,1
12,720,101,-1.43339,-22.9063,41.1948,82.4799,41.6486,82.9049,41.5981,81.9903,40.7805,82.062,40.827,82.96,1
12,720,102,-33.1592,20.7905,1.06149,87.8304,1.4497,88.3503,1.59328,87.3048,0.670665,87.3664,0.420297,88.4314,1
12,720,104,31.4759,9.57823,-69.8207,83.0172,-69.384,84.3646,-69.4284,81.5677,-70.3078,81.443,-70.1826,84.3715,1
12,720,105,13.5622,15.8751,-73.696,-100.187,-74.0461,-101.612,-74.0757,-98.9734,-73.2973,-98.7529,-73.2994,-101.295,2
12,720,108,10.7942,22.0199,34.7356,-92.4204,34.3421,-92.879,34.3425,-92.0182,35.1777,-91.9356,35.1531,-92.8127,2
12,720,109,23.6311,-18.4846,66.5444,-83.8364,66.2624,-84.9868,65.9434,-83.0324,66.8036,-82.593,67.068,-84.6237,1
12,720,111,38.4313,4.88797,48.3251,0.574173,48.7679,-0.183079,47.671,0.126504,47.8085,1.435,48.8954,0.992391,1
12,720,115,-30.3047,-8.74711,-32.0228,135.729,-31.3762,135.706,-32.1093,135.105,-32.6,135.742,-31.9129,136.4,1
12,720,119,-36.9546,4.18002,9.98748,-74.1034,10.0095,-74.806,9.36369,-73.9498,9.97557,-73.4799,10.7019,-74.2789,1
12,720,122,7.688,20.4283,63.7076,-45.5671,63.3872,-46.6148,63.2282,-44.987,64.062,-44.442,64.2102,-46.1362,1
12,720,123,-20.6775,16.2137,79.098,99.7737,79.6088,101.248,79.3518,96.7697,78.5845,98.5638,78.7703,102.884,1
12,720,124,-19.2096,12.1239,44.193,117.387,44.6152,117.922,44.5634,116.752,43.7707,116.892,43.7769,118.058,2
12,720,125,13.3561,20.0022,7.31137,118.589,7.79554,118.927,7.65453,118.151,6.77031,118.238,6.94471,119.014,1
12,720,126,33.9941,14.3467,-28.3995,119.721,-27.8214,120.286,-28.0462,119.01,-29.0774,119.071,-28.7425,120.362,1
12,720,127,-10.9772,16.2366,-63.2232,134.853,-62.7551,135.446,-62.9209,133.814,-63.7016,134.274,-63.5533,135.972,1
12,720,128,-34.127,-2.97711,-77.4082,-108.543,-77.25,-112.067,-78.085,-108.377,-77.5086,-105.361,-76.6528,-108.748,1
12,720,129,-38.0735,14.53,-42.6327,-70.7204,-42.8884,-71.7532,-43.3271,-70.0575,-42.3679,-69.8184,-41.7944,-71.4715,1
12,720,134,-39.5099,-1.14544,30.9749,-22.2523,31.031,-23.2929,30.2381,-22.0346,30.9245,-21.3559,31.8232,-22.5182,1
12,720,138,28.9737,11.275,-2.49947,136.873,-1.85166,136.986,-2.48305,136.231,-3.22961,136.758,-2.53207,137.471,1
12,720,142,-33.0539,11.8331,-70.5135,179.706,-69.9086,-179.214,-70.2517,177.686,-71.0726,178.713,-70.7969,-177.926,1
12,720,147,-25.3227,-2.48619,70.4654,-18.7936,70.073,-20.3239,70.0325,-17.6222,70.8141,-17.3324,70.9184,-20.1224,1
12,720,148,-0.364426,23.2036,70.5417,144.547,71.0314,145.357,70.868,143.174,70.0063,143.799,70.163,145.91,1
12,720,150,32.9014,-23.6957,9.09033,7.98976,9.16061,7.37302,8.17214,7.88594,8.97074,8.63589,9.86641,8.05448,2
12,720,165,23.465,21.3162,27.7162,160.045,28.3431,159.907,27.6054,159.415,27.0112,160.224,27.7924,160.668,1
12,720,173,-23.8627,5.80608,73.5954,-142.189,73.9113,-140.441,74.0285,-143.512,73.2785,-143.758,73.1123,-140.838,1
12,720,178,-39.8361,3.0093,-73.3193,14.8094,-73.5746,11.967,-73.917,16.4911,-73.0577,17.191,-72.6081,12.9869,1
12,720,181,15.384,-21.226,29.2735,65.6376,29.1295,65.093,28.6931,65.7332,29.3912,66.1867,29.7978,65.5289,1
12,720,186,-29.5573,-8.69245,-29.4787,-112.406,-28.8532,-112.213,-29.4027,-113.019,-30.0365,-112.589,-29.5446,-111.742,1
12,720,189,-37.8486,-3.16502,-31.0726,27.1174,-31.1448,26.2308,-31.6693,27.3924,-31.0044,27.8879,-30.3978,26.7993,3
13,780,1,28.6925,3.03528,-74.7074,32.159,-74.5564,29.7817,-75.3948,32.0127,-74.8435,34.8309,-74.0768,32.3072,1
13,780,3,-27.1927,14.4361,-6.43185,79.6967,-6.67765,79.0943,-7.03377,80.0271,-6.17774,80.2569,-5.74617,79.3393,1
13,780,4,16.5341,15.0027,26.9262,94.1844,26.6342,93.6013,26.4285,94.4981,27.2548,94.8128,27.4256,93.8916,1
13,780,6,39.6088,2.92145,68.1542,-159.825,68.9537,-160.305,67.6712,-161.884,67.2189,-159.313,68.5413,-157.955,1
13,780,7,32.7928,3.17609,41.3661,-114.535,41.9923,-114.121,41.5406,-115.51,40.6605,-114.99,41.1937,-113.663,2
13,780,10,-20.2215,13.0443,34.5466,134.873,34.6246,134.249,34.0109,134.803,34.4831,135.48,35.1302,134.965,1
13,780,21,1.4396,19.126,-80.5483,25.1524,-80.1927,23.2591,-80.8292,22.7979,-80.8975,27.3792,-80.254,27.5298,2
13,780,23,4.9766,-20.6855,-21.9375,116.931,-22.2507,116.518,-22.3934,117.204,-21.6504,117.341,-21.5189,116.66,1
13,780,25,23.695,-24.4819,47.7842,134.182,47.5353,133.494,47.1225,134.54,48.0017,134.907,48.3543,133.831,2
13,780,27,-22.269,-10.9278,56.7105,-70.8657,57.2118,-70.3461,56.9356,-71.6695,56.2544,-71.3427,56.4818,-70.0257,1
13,780,28,40.7695,2.24646,19.1466,-67.3526,19.6745,-66.8483,19.452,-68.1374,18.5307,-67.9393,18.8725,-66.6804,1
13,780,29,-31.1804,20.2139,-16.8045,-53.7217,-16.3779,-53.3007,-16.4006,-54.2763,-17.2265,-54.0973,-17.2875,-53.0888,1
13,780,34,28.2397,-10.9713,-37.9233,143.752,-38.3025,143.268,-38.3389,144.395,-37.5273,144.276,-37.5554,143.175,1
13,780,38,11.1431,-22.2474,74.9867,-34.8412,75.3167,-33.3411,75.4779,-36.0048,74.6736,-36.3032,74.5418,-33.7742,1
13,780,42,20.1929,17.7203,-36.3016,7.94847,-35.7163,7.87496,-36.3601,7.2733,-36.9473,8.05362,-36.2631,8.61249,1
13,780,45,-34.0235,-6.4893,-19.2669,135.684,-19.2492,134.873,-19.8889,135.806,-19.2834,136.399,-18.5804,135.536,1
13,780,46,-39.2362,-2.94151,9.31388,158.361,9.32171,157.485,8.62413,158.573,9.30711,159.117,10.1021,158.107,1
13,780,47,-24.4264,21.2801,36.935,-172.009,37.0125,-172.724,36.29,-172.11,36.8856,-171.308,37.6641,-171.863,1
13,780,48,-37.9323,5.74352,55.092,-128.456,55.6331,-129.448,54.4385,-129.039,54.6172,-127.587,55.8441,-127.752,1
13,780,51,37.9791,-15.0082,46.2685,-111.602,46.7553,-112.342,45.4212,-112.352,45.6959,-110.826,46.9848,-110.969,1
13,780,54,39.0849,-11.3421,-8.51933,-4.41709,-7.8301,-4.18226,-8.45502,-5.40954,-9.28974,-4.7102,-8.56284,-3.57825,1
13,780,55,-30.3938,-13.7714,-30.2569,27.1308,-29.4691,27.0578,-30.364,26.4306,-30.9497,27.1811,-30.1143,27.8751,1
13,780,66,-23.6952,-1.63512,33.0688,-11.3189,33.6355,-11.2445,33.0727,-11.9439,32.5427,-11.3871,33.0647,-10.65,1
13,780,67,-31.9013,-15.2864,6.01683,11.8373,6.77093,11.9534,6.04568,11.2589,5.36218,11.7232,6.01016,12.4607,1
13,780,70,27.1872,-2.72003,-69.0781,89.8194,-68.5079,89.4819,-69.2901,88.0855,-69.6958,90.1884,-68.8687,91.3725,2
13,780,75,-36.3896,17.0086,71.1718,-85.8364,71.5681,-87.7675,70.4167,-86.6832,70.8217,-84.0944,72.0526,-84.6897,1
13,780,76,-1.40764,23.0215,55.6837,-3.34384,56.2219,-3.30542,55.7767,-4.29431,55.1141,-3.33835,55.5518,-2.34544,1
13,780,81,-35.5405,0.596463,16.9252,-126.493,16.8058,-127.217,16.3507,-126.228,17.0332,-125.85,17.5723,-126.797,1
13,780,82,-30.0191,17.6622,48.3627,-101.138,48.3971,-102.016,47.721,-101.088,48.3495,-100.309,49.0986,-101.17,1
13,780,84,-38.9781,-1.14782,48.9315,19.3768,49.6939,19.6778,48.8925,18.3523,48.2684,19.1278,48.9721,20.5537,1
13,780,86,33.2879,8.10638,-17.4511,54.1315,-16.8616,54.3579,-17.3606,53.469,-18.1219,53.8793,-17.5444,54.7329,1
13,780,95,34.7,-4.7673,-50.0712,166.9,-49.6253,166.217,-50.699,166.267,-50.5711,167.664,-49.5145,167.441,1
13,780,97,33.9702,19.2266,-8.61707,-117.096,-8.66816,-117.844,-9.25514,-116.941,-8.5344,-116.22,-8.01862,-117.207,1
13,780,98,-17.613,-11.1814,18.6047,-97.7302,18.5872,-98.3305,18.1012,-97.7184,18.6097,-97.1732,19.1215,-97.7563,1
13,780,100,-26.4228,17.8132,69.6498,84.3183,70.0115,85.6219,70.1033,83.0408,69.2759,83.1583,69.1139,85.6601,1
13,780,104,33.4978,19.5589,-74.7319,81.4833,-74.1986,83.4058,-74.3385,79.5252,-75.3504,79.1167,-75.1088,83.3181,3
13,780,108,6.56392,21.2545,38.4287,-92.8256,38.0535,-93.2943,38.035,-92.417,38.8446,-92.3367,38.8493,-93.23,3
13,780,110,-35.5441,5.66858,39.916,-44.6524,40.0553,-45.496,39.2886,-44.6272,39.796,-43.8966,40.6315,-44.6775,1
13,780,111,36.9281,12.1541,49.0628,7.1232,49.5294,6.35588,48.4766,6.64046,48.5207,8.01097,49.5785,7.59413,1
13,780,119,38.8578,-2.2129,8.05946,-66.6469,8.08933,-67.3007,7.31706,-66.4579,8.01589,-65.8998,8.7038,-66.8096,1
13,780,122,-27.5599,13.9075,67.616,-52.4313,67.3022,-53.87,67.0692,-51.4324,67.9189,-51.0662,68.2326,-53.5806,2
13,780,127,32.9762,7.28778,-67.0504,125.557,-66.5203,126.722,-66.6916,123.968,-67.6449,124.184,-67.3743,127.023,3
13,780,130,-39.4135,6.43914,-47.5881,-152.074,-46.7756,-152.423,-48.039,-153.054,-48.293,-151.738,-47.0515,-150.945,1
13,780,138,35.0174,-8.92838,-4.22521,136.893,-3.59279,137.097,-4.13576,136.058,-4.92057,136.647,-4.29562,137.62,2
13,780,142,30.0026,12.8821,-75.8892,160.78,-75.3549,162.539,-75.5339,158.518,-76.4875,158.666,-76.2184,162.943,1
13,780,145,-20.9152,-3.5574,2.3037,-25.4661,1.9165,-25.937,1.8986,-25.083,2.66293,-25.0254,2.72749,-25.8754,1
13,780,147,-37.3944,-5.35916,73.9201,-23.6151,73.3628,-26.0388,73.4808,-21.5887,74.3773,-21.3818,74.3804,-26.0702,1
13,780,148,32.4152,20.51,65.8845,138.196,66.6055,138.999,66.0687,136.568,65.0244,137.363,65.6611,139.67,1
13,780,150,10.8641,18.8717,16.4028,12.0324,16.3812,11.4781,15.8946,12.02,16.4434,12.6297,16.9177,12.067,2
13,780,156,37.4308,13.4549,-42.1141,-138.339,-41.3711,-138.575,-42.4599,-139.211,-42.9839,-138.036,-41.82,-137.549,1
13,780,158,-22.4631,20.5779,-30.7948,-44.2214,-30.6533,-44.8439,-31.3896,-44.4035,-30.9037,-43.6017,-30.1312,-43.9953,1
13,780,161,27.2872,16.6801,-3.50099,12.6755,-3.55059,12.0309,-4.08784,12.7756,-3.42705,13.4033,-2.93903,12.6043,1
13,780,173,-14.5708,15.404,69.0544,-146.521,69.3909,-145.387,69.471,-147.518,68.6998,-147.579,68.5886,-145.517,1
13,780,176,-9.39183,19.155,-39.2476,-148.394,-38.8709,-147.936,-38.8474,-148.861,-39.6448,-148.847,-39.6891,-147.905,1
13,780,177,-17.6403,20.117,-75.3178,-142.523,-74.8996,-141.181,-74.9163,-144.196,-75.743,-143.856,-75.7628,-140.623,1
13,780,178,24.0746,-15.6341,-71.9421,37.0239,-72.3491,35.8072,-72.3905,38.7059,-71.5259,38.286,-71.5388,35.5533,2
13,780,179,-33.7355,14.34,-32.8568,26.1809,-33.2145,25.4892,-33.3823,26.7724,-32.5048,26.795,-32.2355,25.5183,1
13,780,180,-27.0672,24.595,6.01893,48.5629,5.88625,48.0207,5.38236,48.7212,6.18215,49.0822,6.76161,48.4044,1
13,780,181,-25.7486,-14.9309,34.7414,64.3163,34.5413,63.5772,34.2561,64.5244,34.9046,64.9848,35.2428,64.0727,1
13,780,185,27.9983,12.0246,-4.8886,-132.056,-4.34493,-131.856,-4.76387,-132.605,-5.50077,-132.27,-5.02077,-131.544,1
13,780,189,-18.9135,-15.4936,-29.7858,30.5952,-29.9627,29.9653,-30.2559,30.7475,-29.634,31.1735,-29.3108,30.4216,1
13,780,192,-38.2203,9.34217,-23.7449,53.1062,-23.8998,52.1947,-24.483,53.5338,-23.5825,53.9057,-22.8733,52.6177,1
13,780,197,-8.03973,-22.5434,28.799,-122.899,29.4169,-122.672,29.0905,-123.487,28.237,-123.132,28.5395,-122.32,1
14,840,1,12.8348,21.0559,-69.7485,41.8765,-69.7947,40.1225,-70.3176,41.8954,-69.6547,43.7765,-69.1706,41.9354,1
14,840,3,-7.70331,23.2231,-2.64819,82.6409,-2.95018,82.1575,-3.19128,82.8892,-2.30953,83.1272,-2.04748,82.3959,1
14,840,4,35.6861,-3.62606,27.8752,97.0806,27.6596,96.3077,27.1484,97.5788,28.1016,97.9578,28.5103,96.6389,1
14,840,10,-39.4515,7.61225,38.4847,136.148,38.7216,135.211,37.7468,136.145,38.2855,136.973,39.3494,136.158,1
14,840,12,-35.1588,-1.26355,43.9146,-123.253,44.6293,-123.36,43.6996,-124.072,43.2818,-123.158,44.1546,-122.329,1
14,840,21,-12.6509,-19.8576,-79.4332,28.2302,-79.0615,26.0179,-79.7465,26.1579,-79.7738,30.3405,-79.096,30.0822,1
14,840,23,18.0822,-10.5285,-17.5455,118.672,-17.8115,118.255,-17.9931,118.989,-17.2804,119.108,-17.1346,118.372,1
14,840,26,35.2914,-10.4109,77.16,-148.516,77.6423,-150.086,76.6069,-150.799,76.6069,-146.98,77.6287,-146.4,1
14,840,30,36.2295,-3.20633,-2.15337,-45.4784,-1.80264,-44.9571,-1.66007,-46.0302,-2.54068,-46.0704,-2.5862,-44.9939,1
14,840,34,33.1654,17.8797,-31.2329,143.452,-31.7719,142.947,-31.5354,144.09,-30.5925,144.015,-30.9251,142.881,1
14,840,38,39.4637,-1.81112,69.539,-45.7292,69.9548,-44.1647,69.9803,-47.6809,69.0508,-47.4678,69.1385,-44.1123,1
14,840,45,37.7598,15.838,-19.2921,145.708,-19.3609,144.858,-19.9944,145.978,-19.1886,146.715,-18.6503,145.498,1
14,840,48,-37.1611,15.209,55.7008,-120.222,56.2878,-121.015,55.0856,-121.085,55.1845,-119.487,56.4088,-119.145,1
14,840,51,-2.08801,23.89,51.7156,-100.926,52.0471,-101.643,51.323,-101.569,51.3822,-100.151,52.1124,-100.195,1
14,840,53,19.012,7.11422,16.4764,-21.8768,17.0352,-21.8315,16.4836,-22.4653,15.8759,-21.9184,16.4586,-21.3121,1
14,840,61,-27.242,14.1541,-26.0755,168.511,-26.043,167.877,-26.6771,168.547,-26.0845,169.113,-25.3994,168.487,1
14,840,66,-35.7248,-0.371778,30.9927,-7.35175,31.7014,-7.16056,30.9752,-8.09887,30.365,-7.51465,31.0122,-6.50801,1
14,840,67,-32.2805,17.7036,0.166648,15.7343,0.751606,15.9479,0.303296,15.0602,-0.387632,15.5614,-0.00965862,16.511,1
14,840,69,1.75458,23.6352,-52.2044,75.7294,-51.7521,75.3386,-52.3731,74.9481,-52.6741,76.1907,-52.0438,76.5628,1
14,840,70,35.813,13.0062,-72.1893,103.753,-71.5152,102.634,-72.665,101.921,-72.9599,105.204,-71.7628,105.382,1
14,840,71,17.8254,-7.36255,-55.8856,179.514,-55.9439,178.581,-56.4611,179.664,-55.8271,-179.519,-55.3485,179.368,1
14,840,73,-19.7794,-10.7757,10.4937,-147.82,10.2289,-148.383,10.0134,-147.579,10.728,-147.297,10.9846,-148.083,1
14,840,74,31.0278,20.6151,43.9145,-123.253,43.7184,-124.247,43.3083,-122.932,44.1546,-122.096,44.4982,-123.517,1
14,840,84,-24.7955,16.9566,43.5673,22.1071,44.0914,22.2825,43.6668,21.3142,43.058,21.9702,43.4331,22.9878,2
14,840,90,37.6698,15.8089,41.8666,-6.59898,42.5298,-7.15182,41.3433,-7.26706,41.086,-5.93982,42.3137,-5.96021,1
14,840,95,-36.5871,9.36709,-42.1949,172.446,-41.691,171.759,-42.8134,171.971,-42.6301,173.087,-41.48,172.993,1
14,840,97,-25.6462,-19.2303,-4.87274,-121.657,-4.95229,-122.367,-5.41829,-121.611,-4.81936,-121.028,-4.31027,-121.732,1
14,840,100,-28.533,-5.00902,68.1329,84.7352,68.5704,86.0456,68.4886,83.5414,67.7307,83.5867,67.7451,86.0018,3
14,840,103,25.5378,8.10214,-41.2019,83.3095,-40.7936,83.8439,-40.8444,82.7097,-41.6529,82.7205,-41.5438,83.8701,1
14,840,104,38.5487,-3.19203,-75.9837,78.2396,-75.6201,80.6406,-75.4077,75.8269,-76.3589,75.3296,-76.4621,80.4836,1
14,840,108,29.3007,-1.03715,40.0065,-90.0636,39.6762,-90.6852,39.5394,-89.4874,40.3609,-89.373,40.4298,-90.5932,1
14,840,111,34.2018,3.60447,49.5401,11.3083,49.9961,10.7004,49.0184,10.7234,49.0227,11.9816,50.0021,11.8536,1
14,840,119,25.1493,-20.8773,10.6931,-66.8124,10.6584,-67.3327,10.0206,-66.8067,10.7002,-66.2756,11.2855,-66.8358,1
14,840,122,-21.4387,-7.57263,68.9817,-50.0962,68.6244,-51.5428,68.5298,-49.1838,69.2946,-48.7105,69.4437,-51.1194,2
14,840,127,-11.4619,-20.593,-66.964,137.132,-66.3698,137.691,-66.6794,135.904,-67.5006,136.543,-67.2119,138.395,1
14,840,142,38.5331,-7.54457,-77.3822,155.583,-76.9514,158.252,-76.7688,152.433,-77.8198,152.288,-77.8714,158.53,1
14,840,147,-37.4565,16.3907,80.282,-23.4376,79.8699,-27.2816,79.6591,-20.1266,80.6433,-19.7968,80.9892,-27.8705,1
14,840,148,-38.1624,-4.6696,66.3657,156.887,66.9271,158.651,66.7712,155.349,65.8665,155.428,65.8979,158.598,2
14,840,150,21.708,-17.1861,15.9618,12.8396,15.9934,12.2873,15.3133,12.7712,15.9054,13.4044,16.5472,12.8854,1
14,840,160,-29.9226,-5.21362,-24.0743,-16.767,-23.9809,-17.51,-24.6633,-16.7547,-24.1582,-16.0985,-23.4329,-16.7909,1
14,840,161,20.8317,5.25213,-1.13577,13.6397,-1.14879,13.0977,-1.68726,13.6975,-1.11751,14.2225,-0.610869,13.5919,1
14,840,165,-31.4108,-3.17137,28.4078,167.777,29.1043,167.801,28.3142,167.095,27.7829,167.756,28.5143,168.529,1
14,840,166,33.4312,-0.817387,-1.9544,-170.593,-1.32538,-170.495,-1.99771,-171.311,-2.65577,-170.709,-1.918,-169.952,1
14,840,173,12.9862,24.3718,64.3635,-152.992,64.8365,-152.18,64.7292,-153.916,63.8204,-153.808,63.9606,-152.118,1
14,840,176,-2.57759,24.7434,-43.5756,-149.375,-43.1643,-148.898,-43.157,-149.86,-44.0273,-149.858,-44.0408,-148.875,1
14,840,177,-13.9466,22.5225,-79.3111,-142.042,-78.88,-140.359,-78.9108,-144.266,-79.7565,-143.772,-79.7505,-139.485,1
14,840,179,-33.4832,19.7919,-28.4593,26.1541,-28.8124,25.5024,-29.0387,26.7242,-28.099,26.7348,-27.7615,25.5118,1
14,840,185,39.1861,12.5909,-9.13498,-131.845,-8.4512,-131.551,-9.05727,-132.573,-9.94794,-132.183,-9.22547,-131.2,1
14,840,189,-32.3324,12.0378,-23.6134,32.544,-23.6801,31.8832,-24.2136,32.7451,-23.5319,33.1496,-22.9258,32.3286,2
14,840,192,4.33506,-18.7085,-24.7547,58.055,-25.035,57.5016,-25.317,58.2868,-24.5004,58.5986,-24.2311,57.8181,1
15,900,4,35.266,4.75164,32.3205,98.6334,32.0763,97.8036,31.6581,99.147,32.5943,99.5857,32.9163,98.1804,2
15,900,11,39.1293,-9.82441,45.5644,-171.99,46.0984,-172.562,44.8726,-172.754,44.9441,-171.38,46.153,-171.332,1
15,900,12,-34.1277,23.1385,40.1835,-116.45,40.8267,-116.402,40.1236,-117.452,39.5802,-116.442,40.2175,-115.253,1
15,900,21,9.10112,17.7767,-78.9942,67.2214,-78.9395,64.6839,-79.461,66.8395,-79.0128,69.9604,-78.522,67.6676,1
15,900,22,30.3976,-2.21002,-48.7489,113.063,-49.0087,112.32,-49.2399,113.651,-48.4631,113.874,-48.3024,112.542,1
15,900,28,37.2882,-14.959,13.5783,-66.199,14.0106,-65.7525,14.0542,-66.9246,13.1186,-66.7119,13.1828,-65.5777,1
15,900,30,-37.4399,-7.18921,-5.85657,-38.7392,-5.36731,-38.1098,-5.46808,-39.2449,-6.27575,-39.2869,-6.28086,-38.16,1
15,900,34,19.7658,20.0428,-27.579,141.227,-28.028,140.845,-27.895,141.686,-27.0671,141.631,-27.2463,140.794,1
15,900,36,36.9171,-0.435301,42.4824,140.183,42.0841,139.495,42.037,140.979,42.9256,140.979,42.8723,139.477,1
15,900,38,31.6521,-18.2621,67.4163,-43.1006,67.7603,-41.9229,67.9907,-44.4738,67.0632,-44.3668,66.9211,-41.9345,1
15,900,39,-33.7808,22.4028,26.9108,-37.1223,27.2153,-36.5032,27.5066,-37.6203,26.591,-37.6772,26.1891,-36.5619,1
15,900,47,-37.2845,-13.5047,40.6766,-170.185,40.7534,-171.383,40.0148,-170.084,40.5902,-169.171,41.4094,-170.338,1
15,900,48,26.7272,-20.939,49.302,-119.827,49.6971,-120.465,48.7658,-120.669,48.8663,-119.211,49.7799,-119.096,1
15,900,51,18.8886,-8.78089,49.7937,-100.037,50.1683,-100.645,49.3447,-100.67,49.3934,-99.4279,50.2124,-99.4474,1
15,900,53,-28.8264,17.1236,15.7244,-15.1102,16.3439,-14.9516,15.8154,-15.8285,15.1326,-15.2317,15.5991,-14.2937,1
15,900,60,21.1571,-9.62094,-51.5535,137.094,-51.3822,136.328,-52.1062,136.809,-51.7381,137.892,-51.0419,137.338,1
15,900,66,30.5865,18.4834,22.5579,-8.99051,23.2271,-8.9534,22.5158,-9.64119,21.7862,-9.01212,22.5672,-8.37604,1
15,900,70,28.1217,-13.7998,-71.4156,106.905,-70.8968,106.081,-71.7884,104.898,-71.9727,107.767,-71.0574,108.599,1
15,900,74,35.6595,18.7393,46.5695,-119.819,46.4217,-120.972,45.9017,-119.439,46.7506,-118.451,47.1927,-120.127,1
15,900,80,-25.0531,9.53606,-8.0365,-138.873,-8.14293,-139.413,-8.56117,-138.707,-7.92346,-138.366,-7.45644,-139.048,1
15,900,90,29.5255,3.74756,42.3441,-3.40904,42.8737,-3.76726,41.9747,-4.08934,41.7576,-3.01756,42.6738,-2.77266,1
15,900,93,-25.0272,5.16228,-22.0258,91.5857,-21.4521,91.5971,-22.0799,90.9881,-22.5632,91.5831,-21.9682,92.2375,1
15,900,98,30.3461,-6.66642,20.8223,-88.915,20.9167,-89.5236,20.1401,-88.9269,20.7057,-88.256,21.4329,-88.9092,1
15,900,104,-27.1722,-15.216,-77.5424,108.215,-76.8743,109.181,-77.3793,105.776,-78.1279,107.205,-77.6681,110.871,1
15,900,106,37.5843,-8.57588,-28.8868,-93.2009,-29.2551,-93.8317,-29.4505,-92.4766,-28.4849,-92.4851,-28.4033,-93.822,1
15,900,108,26.9731,6.25909,44.4893,-90.0375,44.1412,-90.6854,44.0643,-89.458,44.8724,-89.319,44.889,-90.5754,2
15,900,111,-14.0487,20.2073,53.5404,19.7164,53.9163,19.215,53.2483,19.013,53.1728,20.2415,53.8389,20.5135,1
15,900,119,-37.9106,-0.331356,18.7281,-68.0279,18.7456,-68.8017,18.1097,-67.8573,18.7138,-67.3507,19.4323,-68.2294,1
15,900,122,18.9751,21.3446,73.9836,-31.5694,73.7489,-33.6952,73.4356,-30.9339,74.2425,-29.1563,74.5364,-32.1401,1
15,900,127,35.5023,13.9273,-75.3228,127.478,-74.6904,129.292,-75.0008,124.843,-76.0513,125.205,-75.6127,129.922,1
15,900,134,34.4248,6.2812,34.0764,-6.21771,34.1764,-7.06035,33.3444,-6.13862,33.9597,-5.25949,34.7362,-6.27463,1
15,900,140,34.3093,17.5548,-12.277,153.049,-11.6727,153.577,-11.9193,152.412,-12.9975,152.443,-12.6331,153.62,1
15,900,142,35.0662,-16.9642,-80.0161,158.38,-79.5827,161.268,-79.3459,154.659,-80.4293,154.82,-80.5368,162.006,1
15,900,147,33.3138,-10.1001,78.0251,16.1052,78.0457,12.962,77.2068,16.5263,77.9426,19.5181,78.7391,15.6451,1
15,900,148,-16.2218,15.2074,60.4266,151.435,60.8404,152.186,60.8055,150.543,60.0016,150.742,59.9969,152.36,2
15,900,160,-32.8348,-19.1084,-22.3443,-15.4725,-22.334,-16.4069,-22.9557,-15.4309,-22.3669,-14.6725,-21.6916,-15.5539,1
15,900,161,-31.3979,4.61582,4.97657,12.2671,5.0279,11.6028,4.35047,12.3396,4.93789,12.8727,5.67683,12.1884,2
15,900,173,37.1919,-2.51652,62.9655,-159.095,63.4464,-157.993,63.3632,-160.669,62.4163,-160.316,62.6032,-157.758,2
15,900,177,-30.6624,-5.31277,-79.9586,-131.458,-79.3421,-129.569,-79.733,-134.622,-80.4991,-133.37,-80.1594,-127.83,1
15,900,179,-23.2168,-2.14405,-27.1484,27.3445,-27.5426,26.8384,-27.5232,27.7941,-26.7811,27.8115,-26.7497,26.8644,1
15,900,189,-31.8347,-4.80139,-21.7543,33.4899,-21.8965,32.7967,-22.2743,33.7256,-21.6272,34.1089,-21.1864,33.2242,1
15,900,193,32.8472,3.91931,14.1169,74.3825,13.8644,73.7023,13.4858,74.8083,14.4001,75.15,14.6907,74.0047,1
15,900,198,37.9051,9.02741,-17.2457,-113.159,-16.5461,-112.701,-17.0211,-114.007,-18.0674,-113.693,-17.4614,-112.412,1
16,960,9,26.2628,-5.11151,-36.9398,-88.1083,-36.4259,-87.7046,-36.6354,-88.8845,-37.4851,-88.5582,-37.2096,-87.3938,1
16,960,12,-20.3443,0.612327,38.1551,-116.52,38.6881,-116.59,38.0641,-117.154,37.6525,-116.453,38.2488,-115.845,1
16,960,24,29.0621,-9.69813,25.1741,127.042,24.9272,126.519,24.6377,127.438,25.4247,127.612,25.6488,126.677,1
16,960,30,36.6583,-2.02655,-9.8381,-46.4653,-9.48552,-45.9267,-9.34515,-47.0276,-10.2296,-47.0798,-10.2711,-45.9715,2
16,960,32,39.8941,-1.62725,-79.5763,-82.9069,-79.6138,-79.0848,-78.7794,-83.862,-79.4691,-87.2507,-80.2615,-81.9776,1
16,960,34,33.7062,-11.0268,-26.6105,142.559,-26.9966,142.067,-27.0778,143.209,-26.2,143.107,-26.2067,141.989,1
16,960,36,16.8347,11.9674,47.2984,136.7,46.9158,136.208,46.9795,137.258,47.7155,137.225,47.6177,136.159,1
16,960,41,-21.6266,5.33089,-14.9127,-9.70171,-14.357,-9.61763,-14.8797,-10.2685,-15.4406,-9.77433,-14.9509,-9.09046,1
16,960,48,-27.4493,23.6344,54.3529,-106.28,54.8623,-106.836,53.9608,-107.284,53.8768,-105.7,54.7737,-105.068,1
16,960,51,-33.5083,8.13043,55.0133,-91.1903,55.6215,-91.857,54.5186,-92.0594,54.4665,-90.5807,55.5641,-90.1659,1
16,960,53,-25.2317,23.9418,11.9795,-12.7885,12.5783,-12.6653,12.1262,-13.501,11.3859,-12.8705,11.7814,-11.9758,2
16,960,57,28.038,-5.5989,-40.65,136.878,-40.5322,136.106,-41.3398,136.819,-40.7816,137.713,-40.0258,136.926,1
16,960,61,-25.8203,7.94574,-20.8559,173.022,-20.8601,172.417,-21.4131,173.1,-20.8394,173.59,-20.242,172.944,1
16,960,62,28.7079,20.353,6.4276,-160.604,6.28054,-161.252,5.86976,-160.431,6.61639,-159.863,6.96838,-160.74,1
16,960,66,7.37353,21.3662,21.0245,-4.79802,21.5402,-4.77356,21.0976,-5.32442,20.4687,-4.80157,20.9248,-4.25887,2
16,960,70,-21.3398,-7.95203,-67.1204,120.448,-66.6894,119.336,-67.5237,119.512,-67.5158,121.498,-66.6851,121.375,1
16,960,73,30.4846,23.064,18.9794,-139.34,18.641,-140.059,18.4235,-138.996,19.3964,-138.505,19.5284,-139.633,1
16,960,74,25.2531,-9.55061,47.8582,-121.12,47.8016,-121.954,47.2037,-120.957,47.8973,-120.233,48.4499,-121.284,1
16,960,80,-36.4003,1.22193,-4.72923,-138.833,-4.83807,-139.545,-5.3169,-138.573,-4.6271,-138.206,-4.06265,-139.131,1
16,960,88,-35.5399,-3.74606,-57.4519,156.995,-57.0465,155.88,-58.0299,156.599,-57.8009,157.996,-56.7998,157.409,1
16,960,90,25.5669,-19.7091,42.3524,-1.59259,42.8469,-1.91379,42.0648,-2.47815,41.8283,-1.30047,42.6169,-0.814765,1
16,960,108,-37.9499,-15.9198,46.1814,-99.2854,45.5081,-100.228,45.8158,-98.4945,46.7321,-98.4595,46.5531,-100.203,1
16,960,111,23.6297,-2.81278,50.2163,21.8042,50.6282,21.3703,49.8714,21.1478,49.7728,22.2531,50.5337,22.4198,1
16,960,118,19.2935,2.02196,-9.7621,-83.8927,-9.81043,-84.3778,-10.256,-83.8067,-9.70921,-83.3778,-9.29252,-83.9711,1
16,960,122,-33.7441,-2.4663,77.0764,-50.3277,76.6903,-53.3044,76.5593,-48.4324,77.3901,-47.544,77.6302,-52.6515,1
16,960,127,25.2996,-18.5332,-75.199,132.433,-74.7079,133.696,-74.7429,130.074,-75.6833,130.94,-75.566,134.676,1
16,960,130,-38.1211,-11.5926,-49.5373,-139.404,-48.7727,-140.265,-50.0803,-140.104,-50.187,-138.663,-48.9056,-138.667,1
16,960,134,24.4898,23.2594,38.5252,-2.14909,38.5395,-3.03428,37.9247,-2.17646,38.527,-1.13562,39.1121,-2.0757,1
16,960,139,-12.8579,20.184,-39.1383,176.367,-38.5982,176.298,-39.1534,175.623,-39.6822,176.469,-39.1379,177.178,1
16,960,140,35.5495,13.8536,-15.5922,152.829,-15.0173,153.384,-15.2213,152.158,-16.272,152.189,-15.9496,153.427,1
16,960,142,4.41053,20.9159,-85.5391,-144.579,-85.0089,-146.635,-85.6254,-151.557,-86.0882,-141.462,-85.4055,-137.599,1
16,960,143,26.5336,15.5735,-56.6252,-26.0571,-57.0729,-26.9577,-57.0389,-25.2094,-56.1014,-25.089,-56.2095,-26.8173,1
16,960,145,34.2395,0.328891,13.4453,-19.6297,13.0666,-20.2191,12.9169,-19.0551,13.866,-18.9622,13.9181,-20.1401,1
16,960,147,16.2048,-20.2598,81.4709,18.2275,81.4187,14.4632,80.8042,17.9426,81.4601,22.0081,82.0766,18.3824,1
16,960,157,-38.9744,2.30344,-40.3126,-75.5251,-39.7891,-76.3313,-40.9822,-75.8893,-40.758,-74.8049,-39.5357,-75.116,1
16,960,160,-29.3766,-2.28517,-18.9112,-10.9369,-18.8411,-11.633,-19.4996,-10.9032,-18.9725,-10.3053,-18.2684,-10.9795,1
16,960,161,-31.8728,17.763,8.86682,15.4876,8.94844,14.8401,8.15383,15.5,8.81841,16.0953,9.69236,15.4927,1
16,960,167,-27.5918,-2.71325,-28.1563,-134.379,-27.5167,-134.429,-28.2713,-135.016,-28.74,-134.334,-28.0227,-133.692,1
16,960,179,18.6151,20.4915,-21.2163,31.3576,-21.6718,30.9424,-21.5826,31.7935,-20.6957,31.798,-20.8318,30.9459,1
16,960,184,-24.7366,4.91427,19.887,-139.681,20.3856,-139.452,20.0386,-140.218,19.4168,-139.889,19.717,-139.1,2
16,960,189,-19.8149,12.8882,-17.5732,37.0673,-17.6956,36.5562,-18.071,37.2238,-17.4392,37.5587,-17.0273,36.9094,1
16,960,190,32.0484,6.2535,-75.4395,-16.1905,-74.9685,-18.251,-76.0743,-17.6726,-75.944,-13.697,-74.8606,-14.9064,1
16,960,193,31.0533,20.8284,19.582,75.9524,19.2055,75.2048,19.0067,76.3648,20.0402,76.8177,20.1452,75.5947,2
16,960,198,-27.9976,-1.73842,-17.2445,-105.427,-16.63,-105.07,-17.0195,-106.045,-17.8043,-105.754,-17.4823,-104.75,1
17,1020,12,20.7215,-12.3407,33.7348,-116.808,34.2372,-116.87,33.669,-117.511,33.2134,-116.761,33.8019,-116.164,1
17,1020,26,38.2992,-1.52285,71.7521,-106.542,72.3986,-106.276,71.6135,-108.922,71.0145,-106.846,71.846,-104.442,3
17,1020,30,40.2356,-4.68239,-13.2823,-47.4667,-12.9334,-46.8587,-12.7176,-48.117,-13.6698,-48.1747,-13.7634,-46.908,1
17,1020,32,-23.0173,-7.58325,-85.3106,-52.1111,-84.9575,-46.7267,-84.9055,-55.6759,-85.5883,-57.8091,-85.7076,-47.5466,1
17,1020,36,19.5282,19.6836,51.8496,136.537,51.4126,135.977,51.5203,137.171,52.3433,137.147,52.1898,135.926,1
17,1020,39,-21.5234,6.44446,21.2474,-39.5704,21.5669,-39.1228,21.6298,-39.9452,20.9363,-39.9891,20.8302,-39.1719,1
17,1020,41,-28.819,0.672377,-16.9269,-7.07221,-16.2895,-6.97154,-16.9307,-7.69153,-17.51,-7.16138,-16.9185,-6.3929,1
17,1020,44,-31.3376,19.5131,-32.1318,120.502,-31.973,119.771,-32.8485,120.395,-32.2461,121.2,-31.3024,120.65,1
17,1020,48,38.736,2.22771,47.5029,-105.394,48.1353,-105.943,46.8956,-106.201,46.7676,-104.778,48.0225,-104.665,1
17,1020,54,-24.6132,5.5239,-17.3129,10.9624,-16.7088,11.0522,-17.296,10.3405,-17.8806,10.8865,-17.3335,11.6409,1
17,1020,57,2.33036,20.7918,-34.6252,140.621,-34.6213,139.958,-35.1611,140.547,-34.6027,141.324,-34.0671,140.725,1
17,1020,66,36.6229,14.7214,16.4148,-5.25783,17.1432,-5.15007,16.3443,-5.97578,15.5581,-5.36799,16.451,-4.6057,2
17,1020,70,20.3862,4.523,-70.3123,135.196,-70.0192,133.823,-70.8143,134.413,-70.6116,136.717,-69.835,135.922,1
17,1020,74,-30.4669,11.0369,55.7776,-123.195,55.7393,-124.349,55.1288,-122.945,55.8209,-122.126,56.5126,-123.469,1
17,1020,81,10.9812,16.1693,29.0972,-114.486,28.968,-115.034,28.6295,-114.363,29.2474,-113.902,29.5713,-114.591,2
17,1020,90,-20.6797,21.2412,43.5385,10.0915,44.0533,9.87068,43.3739,9.3001,43.0373,10.3421,43.6951,10.9904,1
17,1020,96,33.665,22.8365,-23.2747,-132.918,-23.3153,-133.759,-23.9156,-132.79,-23.1948,-131.923,-22.6677,-132.994,1
17,1020,118,37.0666,-2.0231,-8.18829,-80.5051,-8.18325,-81.1329,-8.88884,-80.3187,-8.19988,-79.7942,-7.57382,-80.6665,1
17,1020,122,-30.8585,-13.834,79.4133,-45.9639,78.9816,-49.6264,78.9027,-44.0368,79.7425,-42.4844,79.9322,-48.3598,1
17,1020,134,-12.172,14.4918,42.9034,-2.49835,42.9747,-3.21729,42.3623,-2.61279,42.8444,-1.77915,43.4801,-2.35366,1
17,1020,145,30.7936,-21.4606,14.7405,-20.2074,14.3861,-20.7484,13.9958,-19.6809,15.0791,-19.6126,15.3645,-20.6792,1
17,1020,154,35.7938,13.5454,-4.51007,172.677,-3.77763,172.716,-4.63515,171.985,-5.36457,172.644,-4.41961,173.307,1
17,1020,157,-29.143,-4.87153,-40.7031,-71.4672,-40.3702,-72.2208,-41.2369,-71.7489,-41.0019,-70.7822,-40.1194,-71.1771,1
17,1020,161,18.9221,1.94928,7.07516,20.2225,7.07159,19.6933,6.52877,20.2626,7.07905,20.7842,7.59451,20.1877,2
17,1020,166,34.0008,22.1891,-12.2785,-161.977,-11.4858,-161.995,-12.3856,-162.657,-13.2186,-161.929,-12.2169,-161.337,1
17,1020,174,21.0814,4.11757,19.0343,-152.747,19.4157,-152.333,19.4022,-153.199,18.6216,-153.187,18.6803,-152.325,1
17,1020,179,-34.794,9.00216,-18.4052,25.566,-18.7961,24.9395,-18.885,26.1097,-18.0369,26.1198,-17.8472,24.9515,1
17,1020,188,-33.7269,0.88161,-44.705,13.8919,-44.6701,12.9627,-45.2937,14.0384,-44.7257,14.7255,-44.0459,13.7281,1
17,1020,189,-40.4339,-1.20175,-14.2266,35.8482,-14.3472,35.0165,-14.8406,36.1765,-14.1169,36.5623,-13.5192,35.4632,1
17,1020,190,10.299,21.1809,-71.6997,-1.05977,-71.5047,-2.85714,-72.2195,-1.80037,-71.869,0.95455,-71.1753,-0.265779,1
17,1020,192,-32.6873,14.4953,-9.55601,58.4727,-9.7547,57.7684,-10.2428,58.8214,-9.3462,59.1133,-8.75564,58.0864,1
17,1020,193,-32.1437,19.4612,25.2122,70.0263,25.007,69.2763,24.4805,70.3935,25.4353,70.7179,26.0759,69.615,3
17,1020,197,-35.7117,-5.885,14.1785,-114.995,14.9164,-114.51,14.4085,-115.695,13.5361,-115.418,13.9328,-114.208,1
18,1080,2,-25.8167,5.42209,-24.0309,73.1549,-24.2712,72.4967,-24.578,73.4923,-23.7957,73.7629,-23.4282,72.7922,1
18,1080,12,-36.6412,8.74324,34.1981,-107.491,34.8964,-107.37,34.1113,-108.322,33.5712,-107.58,34.2845,-106.528,1
18,1080,36,27.1288,-14.0498,52.5584,137.471,52.2044,136.824,52.0844,138.227,52.9133,138.187,52.9683,136.769,1
18,1080,44,-31.9659,21.6295,-29.399,123.713,-29.2558,122.989,-30.1475,123.618,-29.4939,124.406,-28.5239,123.85,1
18,1080,46,-39.874,-4.14463,23.9468,169.225,23.9812,168.248,23.2444,169.437,23.9128,170.061,24.7504,168.964,1
18,1080,48,-32.0953,18.2731,53.5492,-94.895,54.1615,-95.2622,53.2094,-95.965,52.9869,-94.5144,53.9135,-93.6167,1
18,1080,54,-22.712,23.6036,-21.6386,14.622,-21.048,14.6842,-21.5471,13.8971,-22.2255,14.5983,-21.7655,15.4446,1
18,1080,57,-31.4715,3.74674,-30.6129,139.657,-30.4771,138.861,-31.2695,139.659,-30.7241,140.383,-29.8793,139.655,1
18,1080,61,-10.1,24.7246,-14.5711,179.559,-14.6637,179.041,-15.1161,179.582,-14.4462,-179.91,-13.9724,179.56,1
18,1080,70,25.4301,-22.9388,-70.5954,138.043,-70.3033,136.532,-71.2433,136.655,-70.9126,139.581,-70.0104,139.127,1
18,1080,74,-17.1016,24.2459,58.9088,-115.716,58.8649,-116.791,58.287,-115.744,58.9767,-114.629,59.6042,-115.63,1
18,1080,81,27.081,23.1692,32.1558,-110.235,31.9843,-110.976,31.6177,-110.05,32.3713,-109.384,32.6861,-110.377,1
18,1080,89,20.3368,-4.56181,-32.4152,-149.852,-32.5041,-150.427,-32.9403,-149.697,-32.3248,-149.247,-31.9257,-149.998,1
18,1080,90,11.6522,-24.469,41.1445,7.65171,41.6248,7.33322,40.9991,6.85488,40.6664,7.92234,41.2941,8.3705,1
18,1080,96,36.9221,2.36601,-22.4985,-131.686,-22.413,-132.417,-23.2418,-131.564,-22.5938,-130.85,-21.8411,-131.785,1
18,1080,121,-23.848,-2.40366,48.7393,-57.6293,48.3617,-58.3996,48.3078,-57.0487,49.0835,-56.9057,49.1943,-58.2674,1
18,1080,122,10.5677,-20.4749,80.1795,-16.2819,80.1326,-19.5478,79.5559,-16.6526,80.1704,-13.0668,80.7559,-16.0233,1
18,1080,149,32.9225,-6.73272,15.1651,150.385,15.6087,150.88,15.6304,149.726,14.6855,149.831,14.7562,150.967,1
18,1080,156,38.3856,1.91441,-48.8515,-116.351,-48.1976,-116.775,-49.3655,-117.28,-49.6038,-115.852,-48.4017,-115.546,1
18,1080,157,-23.8973,7.52884,-39.5329,-65.3626,-39.2701,-66.0115,-40.0547,-65.6323,-39.7688,-64.7391,-38.9647,-65.0649,1
18,1080,159,-33.4069,-9.14759,5.24867,-6.4182,5.25737,-7.18199,4.64618,-6.3174,5.23328,-5.74796,5.90749,-6.54587,1
18,1080,161,-18.4222,-1.4162,11.8924,19.8964,11.8879,19.3318,11.3746,19.9302,11.8953,20.43,12.4368,19.8579,1
18,1080,189,-20.7799,8.35862,-11.0941,39.8242,-11.2264,39.3222,-11.576,39.9956,-10.9573,40.3018,-10.5704,39.6463,1
18,1080,190,35.9465,3.50134,-73.4641,9.303,-73.2083,6.82959,-74.2814,9.11966,-73.7201,12.2167,-72.7397,9.48594,1
19,1140,16,-18.2679,-3.41422,-46.3217,30.2356,-46.0435,29.5796,-46.7555,29.8918,-46.582,30.8578,-45.8643,30.5839,1
19,1140,18,-37.0295,10.0398,-0.19885,95.8925,-0.109485,95.1891,-0.899379,95.9914,-0.260916,96.524,0.616321,95.7862,1
19,1140,36,-17.7767,14.7681,58.6572,129.4,58.2721,128.787,58.3243,130.173,59.0429,129.989,59.0248,128.559,1
19,1140,44,6.69346,21.0573,-29.8122,129.21,-29.8519,128.593,-30.3301,129.194,-29.7447,129.869,-29.2774,129.253,1
19,1140,57,-32.3727,0.6485,-28.2526,142.241,-28.1398,141.427,-28.9086,142.28,-28.3455,142.975,-27.5214,142.193,1
19,1140,60,-36.203,10.1608,-37.4512,151.789,-37.2494,150.952,-38.1469,151.755,-37.6105,152.551,-36.6465,151.837,1
19,1140,70,33.143,-17.3057,-69.7577,150.38,-69.4974,148.736,-70.5832,149.572,-70.0507,152.162,-69.0411,150.982,1
19,1140,72,-29.5657,14.067,-2.83032,-155.343,-3.00231,-155.955,-3.4446,-155.073,-2.64816,-154.777,-2.12748,-155.636,1
19,1140,80,-23.5521,-9.53247,3.79736,-133.451,3.61666,-134.014,3.32369,-133.269,3.95482,-132.935,4.29119,-133.654,1
19,1140,90,-37.8593,6.34905,42.433,18.4083,43.1861,18.3437,42.1829,17.5014,41.7678,18.4821,42.7103,19.4694,1
19,1140,103,-19.4597,11.1592,-59.9876,90.8939,-59.5811,91.5703,-59.6563,90.0416,-60.3861,90.2442,-60.3491,91.8252,1
19,1140,107,-25.4742,-10.8245,22.3088,-98.5814,21.8616,-99.0851,21.9415,-98.152,22.7049,-98.1166,22.6844,-99.0488,1
19,1140,116,-31.7564,6.98992,-46.186,-141.372,-45.8733,-142.112,-46.7358,-141.666,-46.4588,-140.681,-45.5694,-141.042,1
19,1140,118,31.6764,5.7004,-1.14318,-76.4592,-1.1845,-77.0378,-1.72584,-76.3018,-1.09302,-75.8116,-0.608937,-76.5943,1
19,1140,131,29.9636,-1.24943,-37.7216,-71.9437,-37.6657,-72.7249,-38.4118,-71.8699,-37.7819,-71.0846,-37.0962,-72.0075,2
19,1140,140,37.3165,14.4675,-26.9264,152.429,-26.329,153.069,-26.5463,151.666,-27.6395,151.678,-27.2898,153.104,1
19,1140,146,23.3158,-6.35605,59.6666,-13.2651,59.3858,-14.241,59.1275,-12.5719,59.9473,-12.2044,60.156,-13.9305,1
19,1140,154,-32.9373,2.35141,-4.3561,-178.512,-3.67677,-178.418,-4.40326,-179.144,-4.96884,-178.591,-4.30201,-177.804,1
19,1140,157,-31.1058,-10.2377,-37.9969,-63.6355,-37.7169,-64.4848,-38.5644,-63.8241,-38.2473,-62.8827,-37.3773,-63.4553,1
19,1140,159,-33.8386,7.82056,9.31134,-2.85593,9.40382,-3.54018,8.64694,-2.79833,9.23999,-2.23445,10.0681,-2.91544,1
19,1140,184,-14.5356,-16.6114,10.8839,-136.992,11.4132,-136.846,11.0487,-137.452,10.3989,-137.14,10.7346,-136.524,1
19,1140,185,25.5453,11.8203,-25.2761,-123.021,-24.7471,-122.832,-25.1616,-123.604,-25.8656,-123.221,-25.3971,-122.47,1
19,1140,189,-38.1274,-10.6311,-8.48321,38.6744,-8.70772,37.8677,-9.03032,38.9892,-8.2975,39.3654,-7.87945,38.3036,2
19,1140,190,25.5234,4.63126,-70.0983,16.277,-69.9988,14.4644,-70.7481,16.24,-70.1826,18.2776,-69.4925,16.3327,1
20,1200,3,-34.1832,17.4742,19.5189,84.0222,19.2819,83.2812,18.8071,84.4449,19.7661,84.6943,20.3627,83.5403,1
20,1200,9,-28.9335,0.0654057,-49.2168,-73.93,-48.5649,-73.5282,-49.069,-74.8841,-49.8109,-74.301,-49.3669,-72.8754,1
20,1200,18,-33.2976,16.4758,2.85278,98.8742,2.91845,98.2416,2.16321,98.9232,2.81778,99.4615,3.65327,98.8343,1
20,1200,36,12.7443,-17.783,59.8713,133.944,59.4934,133.326,59.47,134.697,60.2316,134.602,60.2276,133.21,1
20,1200,41,-19.8456,-7.01536,-25.3652,-0.890855,-24.7815,-0.881313,-25.3781,-1.47032,-25.9075,-0.906103,-25.34,-0.286082,1
20,1200,44,28.4822,-9.12008,-30.6399,131.478,-30.5977,130.812,-31.329,131.511,-30.696,132.192,-30.0223,131.44,1
20,1200,62,-27.6108,13.8163,21.1296,-157.104,21.1159,-157.72,20.5308,-157.016,21.1594,-156.523,21.804,-157.189,1
20,1200,72,-37.2503,-15.1585,-1.98626,-156.393,-2.3689,-157.265,-2.54374,-156.005,-1.67484,-155.65,-1.38653,-156.849,1
20,1200,107,-31.6363,-6.17457,26.5135,-99.469,26.0549,-100.065,26.1329,-98.9611,26.9169,-98.9308,26.9193,-100.037,1
20,1200,118,34.1746,-11.584,0.368611,-75.1777,0.377807,-75.7467,-0.355489,-75.0671,0.339243,-74.5545,0.998082,-75.283,2
20,1200,140,35.6078,-4.8173,-28.3546,152.572,-27.9143,153.177,-27.8526,151.82,-28.8353,151.878,-28.7891,153.236,1
20,1200,144,33.1353,8.54276,-6.53672,-22.3748,-6.97275,-22.9368,-6.99439,-21.8197,-6.0338,-21.7411,-6.10797,-22.8685,1
20,1200,157,-36.3713,4.01293,-35.1243,-58.3485,-34.7838,-59.1521,-35.7963,-58.5227,-35.4135,-57.6242,-34.3556,-58.152,1
20,1200,159,9.67457,-17.8226,7.40191,0.879181,7.37356,0.363768,6.84236,0.838968,7.41008,1.38754,7.92462,0.900233,1
20,1200,168,19.6854,-8.23729,-49.2168,-73.93,-48.8578,-74.5073,-49.6547,-74.5289,-49.5953,-73.3312,-48.8036,-73.392,1
20,1200,190,29.9314,-10.3405,-69.1299,21.5623,-69.0409,19.7908,-69.9182,21.5584,-69.2243,23.4836,-68.4308,21.5407,1
20,1200,191,21.2819,21.0897,-34.2849,54.6864,-34.6128,53.9703,-34.8187,55.0368,-33.8902,55.4701,-33.743,54.3788,1
21,1260,0,36.6796,17.9313,-77.8441,17.2356,-77.511,13.4491,-78.6218,16.7227,-78.1496,22.0254,-77.1426,17.8147,1
21,1260,3,-29.9509,19.8674,23.1496,85.4646,22.9045,84.7798,22.4656,85.8394,23.4112,86.101,23.9512,85.0485,2
21,1260,4,-26.1796,5.47372,55.5433,100.483,55.3549,99.3853,54.9656,100.929,55.7189,101.511,56.1774,99.9854,1
21,1260,5,29.13,-4.20354,71.6175,179.971,72.1503,178.866,71.1333,178.27,71.0256,-178.919,72.0424,-178.424,11
21,1260,6,-17.1386,-19.5085,51.2174,-114.498,51.8779,-114.175,51.4412,-115.35,50.624,-114.812,51.0112,-113.635,1
21,1260,9,-19.6191,-12.518,-51.8888,-73.8854,-51.2502,-73.6133,-51.7366,-74.7719,-52.4706,-74.1606,-52.0219,-72.9583,1
21,1260,12,26.2716,-17.3326,23.8695,-105.481,24.4054,-105.458,23.8917,-106.233,23.3111,-105.532,23.862,-104.815,2
21,1260,13,-26.4021,4.49856,-1.16123,-75.5359,-0.59282,-75.4407,-1.14238,-76.0898,-1.6912,-75.6178,-1.18464,-74.9299,1
21,1260,14,38.9651,-4.25081,-31.263,-55.3304,-30.5945,-55.2076,-31.3706,-56.2861,-32.024,-55.4868,-31.1641,-54.5084,1
21,1260,16,-39.0305,7.15724,-41.3179,40.0805,-40.8805,39.2531,-42.0121,39.7921,-41.6855,40.8288,-40.5076,40.4151,1
21,1260,18,-28.9435,18.7284,5.52312,101.572,5.55621,100.987,4.87456,101.596,5.51831,102.129,6.26609,101.564,1
21,1260,19,24.769,4.23786,27.3415,130.154,27.395,129.548,26.7796,130.163,27.2831,130.812,27.8673,130.152,1
21,1260,20,35.9815,1.50193,-80.0687,-23.9725,-79.4565,-23.1996,-80.0637,-28.0101,-80.7597,-24.984,-80.038,-20.3998,1
21,1260,22,30.2193,-22.4415,-28.302,116.32,-28.5821,115.779,-28.9836,116.763,-28.0372,116.903,-27.7254,115.925,1
21,1260,23,-10.5967,-15.6052,8.70607,118.956,8.37629,118.551,8.31355,119.225,9.00415,119.345,9.08699,118.676,1
21,1260,24,-35.2044,6.02145,46.4493,123.646,46.1618,122.778,45.9564,124.223,46.7116,124.426,47.0097,122.979,1
21,1260,26,-24.56,5.84631,60.7076,-74.5247,61.1539,-73.9036,60.9466,-75.4864,60.2816,-75.0799,60.4357,-73.4973,1
21,1260,28,17.0803,24.6692,-12.2779,-61.0182,-11.7854,-60.7374,-11.9883,-61.4416,-12.8404,-61.3117,-12.5948,-60.6061,1
21,1260,32,3.20089,24.9937,-76.2381,148.894,-76.6946,147.888,-76.5297,150.633,-75.7312,149.813,-75.8961,147.199,1
21,1260,33,31.3033,12.569,-41.217,142.638,-41.6999,142.102,-41.5169,143.338,-40.6579,143.225,-40.9198,142.007,1
21,1260,34,13.9286,19.7551,-4.96461,137.773,-5.37822,137.447,-5.29088,138.145,-4.50166,138.113,-4.61946,137.413,1
21,1260,35,-24.5061,0.555723,29.1092,132.367,28.7054,131.923,28.7886,132.84,29.485,132.782,29.452,131.854,1
21,1260,39,-27.3221,10.5542,5.644,-40.9138,5.97167,-40.4506,6.06639,-41.3063,5.32477,-41.3398,5.16729,-40.4847,1
21,1260,44,-27.9141,-6.85678,-24.0276,129.98,-24.0163,129.249,-24.5961,130.047,-24.0399,130.641,-23.4168,129.897,1
21,1260,48,20.9156,-2.11454,45.6701,-85.0028,46.1727,-85.2511,45.4424,-85.7558,45.136,-84.7499,45.8794,-84.293,1
21,1260,49,34.6079,16.3068,21.641,-48.8195,22.3885,-48.8005,21.5192,-49.5475,20.7675,-48.8227,21.7218,-48.146,1
21,1260,50,-27.3137,22.6276,52.5137,-118.775,52.8714,-119.622,51.9058,-119.422,52.1925,-117.936,53.1962,-117.97,1
21,1260,51,-12.383,-24.8836,49.1489,-68.8598,49.7218,-69.4052,48.9653,-69.6949,48.6168,-68.411,49.3507,-68.0601,1
21,1260,54,-25.0972,24.83,-29.5129,23.1061,-28.9016,23.1332,-29.4646,22.2812,-30.1149,23.1253,-29.5911,24.0569,2
21,1260,57,-33.5497,-3.24191,-23.2335,147.261,-23.1668,146.428,-23.8886,147.353,-23.2891,148.001,-22.5056,147.149,1
21,1260,62,-38.4216,-8.23748,23.1818,-157.526,23.1208,-158.442,22.5578,-157.293,23.2247,-156.74,23.8804,-157.811,1
21,1260,63,-17.1682,18.5031,48.8655,-120.854,48.9906,-121.607,48.3394,-121.077,48.7573,-120.101,49.4374,-120.577,1
21,1260,64,-0.224832,21.9354,53.7142,-61.6162,54.1299,-62.0925,53.486,-62.3699,53.2857,-61.0923,53.93,-60.7941,1
21,1260,65,-16.9515,-11.1697,37.4053,-19.3339,37.9596,-19.352,37.3966,-19.9545,36.89,-19.3291,37.4237,-18.698,1
21,1260,66,-24.4073,19.383,7.40437,7.84056,7.9336,7.98738,7.5454,7.2454,6.88469,7.72371,7.22544,8.50625,1
21,1260,69,1.17709,21.7801,-53.7944,118.394,-53.5667,117.637,-54.2099,117.921,-54.0105,119.221,-53.3676,118.912,1
21,1260,75,-24.0092,-14.329,64.112,-15.1962,64.7911,-15.3301,64.051,-16.465,63.5,-15.1106,64.1844,-13.8718,1
21,1260,76,34.3134,-8.05768,30.857,10.6255,31.436,10.9621,31.0603,9.72157,30.2228,10.2405,30.6794,11.4151,1
21,1260,77,-20.3491,15.6761,-2.51443,31.3506,-2.02087,31.6106,-2.25419,30.82,-3.00473,31.115,-2.81511,31.928,2
21,1260,81,-21.4365,20.3616,43.537,-107.089,43.5004,-107.806,42.9629,-107.043,43.5938,-106.385,44.1801,-107.113,1
21,1260,83,8.3782,18.8269,48.7375,8.29039,49.234,8.235,48.7347,7.56161,48.2073,8.37517,48.7162,9.03442,1
21,1260,86,35.0335,2.81206,-43.1404,69.9822,-42.5333,70.2056,-43.121,69.0448,-43.8268,69.7236,-43.1581,70.8197,1
21,1260,90,-6.00989,-21.5333,37.0147,21.1367,37.5435,20.9042,36.9393,20.4867,36.5154,21.3263,37.1061,21.7596,1
21,1260,96,-28.7782,23.4908,-8.36996,-127.277,-8.30183,-127.877,-9.07093,-127.329,-8.39791,-126.696,-7.55702,-127.191,1
21,1260,98,-38.3037,4.28979,40.7175,-73.0715,41.0126,-74.017,40.0078,-73.1633,40.4616,-72.2419,41.538,-72.962,1
21,1260,100,34.7398,8.55986,39.9137,75.666,40.4168,76.2663,40.2433,74.872,39.3292,74.9962,39.5983,76.3668,1
21,1260,103,-0.888107,19.7235,-68.4172,89.2347,-68.0023,90.0082,-68.0847,88.2032,-68.8593,88.4403,-68.7754,90.3169,1
21,1260,107,-4.14007,20.4562,32.6363,-96.3708,32.2827,-96.7984,32.2322,-95.9915,33.0177,-95.9409,33.0777,-96.7587,2
21,1260,110,7.7518,21.8739,51.2616,-3.07908,51.505,-3.76784,50.8779,-3.52152,51.0124,-2.32807,51.6426,-2.58546,1
21,1260,111,-28.9789,23.1631,46.7121,53.6112,47.269,53.5481,46.6282,52.6664,46.1798,53.7189,46.7759,54.7139,3
21,1260,112,-32.2818,10.8246,23.1496,85.4646,23.7304,85.6264,23.1857,84.803,22.6118,85.3335,23.0956,86.2147,2
21,1260,113,5.03149,22.9344,-7.96111,105.979,-7.47056,106.002,-7.8769,105.505,-8.48888,105.977,-8.07128,106.47,1
21,1260,114,-24.961,-14.2258,-30.9702,131.168,-30.3577,131.115,-31.0183,130.586,-31.5216,131.201,-30.8992,131.773,1
21,1260,115,-17.0628,-8.89278,-49.9676,173.207,-49.5298,172.779,-50.2201,172.594,-50.379,173.605,-49.696,173.824,1
21,1260,118,39.6773,2.28692,4.032,-71.6905,4.04131,-72.3709,3.30668,-71.4632,4.01827,-70.9021,4.66546,-71.8813,1
21,1260,120,-39.8164,1.51115,24.7343,-63.8623,24.2781,-64.7179,24.2129,-63.2049,25.1323,-63.1228,25.3337,-64.6382,1
21,1260,123,-10.9441,-20.684,49.554,112.935,50.096,113.437,49.9137,112.269,49.0642,112.456,49.2173,113.603,1
21,1260,125,-1.36175,-21.1204,-22.0891,120.92,-21.5966,121.261,-21.6885,120.474,-22.541,120.577,-22.4523,121.364,1
21,1260,127,-16.0758,24.2835,-78.5144,-101.915,-78.5412,-104.794,-79.1501,-102.022,-78.4254,-99.0327,-77.8053,-101.678,1
21,1260,129,13.2238,19.9613,-9.85433,-61.4109,-10.2574,-61.8461,-10.2799,-61.0525,-9.39831,-60.9524,-9.4081,-61.7525,1
21,1260,132,-34.4301,-17.4565,-1.43709,-49.163,-1.60787,-50.0662,-2.05923,-48.9659,-1.30764,-48.3901,-0.772256,-49.41,1
21,1260,134,19.1252,24.5728,48.6028,18.6986,48.7849,17.7517,48.0672,18.3854,48.4145,19.7709,49.1275,19.0697,1
21,1260,135,-34.7214,7.5914,54.1823,75.224,54.9011,74.9526,53.864,74.1318,53.5376,75.4849,54.5288,76.4986,1
21,1260,136,34.8244,3.22853,27.364,108.603,28.0561,108.691,27.2622,107.761,26.5789,108.504,27.4421,109.357,2
21,1260,145,-36.9296,12.4502,34.1286,-27.6211,33.737,-28.4304,33.5609,-26.9406,34.497,-26.9038,34.7985,-28.42,1
21,1260,149,38.6529,9.66677,2.00692,149.9,2.58381,150.478,2.39041,149.168,1.32234,149.227,1.64917,150.537,1
21,1260,150,39.4176,5.87333,31.8998,37.4877,32.1611,36.6564,31.0977,37.4496,31.59,38.454,32.6011,37.538,2
21,1260,151,21.2591,4.78811,44.5337,80.765,44.913,80.2317,44.1133,80.2679,44.1255,81.3346,44.9261,81.2501,1
21,1260,159,-32.8212,21.3815,15.7506,3.16406,15.8628,2.50154,15,3.12571,15.6797,3.79059,16.6318,3.23446,2
21,1260,162,25.0694,-10.9766,38.1469,62.3813,38.3512,61.7325,37.5263,62.1171,37.9131,63.0541,38.7107,62.6126,2
21,1260,163,-27.9212,0.298824,49.554,112.935,50.0937,112.422,49.1799,112.251,49.0587,113.399,49.9597,113.692,1
21,1260,168,-35.885,-3.43033,-43.3828,-69.0035,-42.8455,-69.7824,-43.9609,-69.4501,-43.8497,-68.3086,-42.7258,-68.5231,1
21,1260,170,-30.9765,-14.533,30.0559,24.9586,29.477,24.3564,29.6976,25.511,30.5513,25.5026,30.418,24.3443,1
21,1260,171,23.4576,-3.58536,67.1655,34.4708,66.8396,33.3447,66.7065,35.4792,67.4988,35.7132,67.5828,33.4999,3
21,1260,177,-22.9017,-17.2054,-77.8441,17.2356,-78.253,14.6012,-78.2814,18.8421,-77.4699,19.4962,-77.3982,15.6068,1
21,1260,179,30.4728,17.5181,-2.51444,31.3506,-3.02118,30.8706,-2.88824,31.8632,-1.91871,31.8882,-2.14087,30.8861,2
21,1260,180,26.298,14.9828,30.0256,65.2593,29.8733,64.616,29.5153,65.4763,30.2061,65.9781,30.5174,65.0716,1
21,1260,182,28.5338,-24.9505,59.4403,162.731,59.9624,162.387,59.2487,161.227,58.8904,163.003,59.6128,164.023,1
21,1260,188,-30.5363,16.7576,-31.3879,25.8678,-31.4285,25.1869,-32.009,26.0192,-31.3227,26.5035,-30.6734,25.7158,1
21,1260,191,-32.8087,18.1923,-28.8151,49.7762,-28.9587,48.9705,-29.5652,50.1047,-28.6442,50.5138,-27.9307,49.4211,1
21,1260,193,-1.90089,-19.4055,34.1695,76.7629,33.8843,76.1328,33.6169,76.989,34.4182,77.3755,34.691,76.519,1
21,1260,194,23.431,7.01615,64.8006,116.184,64.9025,114.753,64.1781,116.075,64.68,117.735,65.3876,116.317,1
21,1260,195,34.8047,9.39132,59.9286,-159.809,60.6957,-159.769,59.7566,-161.305,59.0452,-159.835,60.0506,-158.439,1
22,1320,18,-31.5599,-24.0091,5.26326,100.678,5.09035,99.8265,4.68842,100.781,5.38684,101.405,5.85815,100.528,1
22,1320,20,29.765,23.3808,-82.8974,12.7775,-82.332,9.88087,-83.2356,8.92758,-83.5136,16.9432,-82.573,16.3029,1
22,1320,30,35.257,-12.875,-31.4054,-49.5388,-31.1004,-48.9344,-30.7996,-50.1387,-31.7175,-50.2214,-31.919,-49.0054,1
22,1320,36,-23.2312,7.90813,69.1922,123.029,68.7587,122.155,68.914,124.3,69.6048,123.868,69.4902,121.617,1
22,1320,37,24.6926,-13.9684,76.2538,-41.6582,76.5694,-39.9173,76.7311,-43.4239,75.9254,-43.444,75.8216,-40.1326,1
22,1320,41,-18.6248,21.9856,-32.5785,7.05977,-32.0326,7.04279,-32.5613,6.34368,-33.1226,7.11118,-32.6162,7.85826,1
22,1320,44,-23.1516,-2.69917,-21.3346,133.259,-21.3371,132.62,-21.8753,133.316,-21.3313,133.852,-20.7586,133.194,1
22,1320,46,30.3412,-3.8532,29.962,-174.168,30.0493,-174.85,29.2761,-174.156,29.8545,-173.425,30.5794,-174.181,1
22,1320,50,18.6709,0.958087,48.5472,-115.132,48.8436,-115.826,48.0477,-115.554,48.2286,-114.406,49.0183,-114.721,1
22,1320,63,36.2485,-1.8845,45.5004,-114.925,45.766,-115.763,44.7656,-115.11,45.1868,-113.993,46.146,-114.756,1
22,1320,79,39.3704,0.228904,-69.5166,80.6546,-68.7655,80.5997,-69.7921,78.2937,-70.3852,80.7037,-69.2588,82.6534,1
22,1320,82,-23.0871,8.29823,64.3231,-48.0118,64.7023,-48.8784,63.9176,-48.798,63.9656,-47.1941,64.7556,-47.1157,1
22,1320,84,38.452,13.1145,14.9922,33.5553,15.6993,33.7882,15.0103,32.8141,14.154,33.2948,14.9505,34.2156,1
22,1320,91,-27.0427,-10.1007,11.7023,56.538,12.3591,56.5583,11.6705,55.9795,11.1115,56.5114,11.7499,57.1322,1
22,1320,97,-37.3593,14.585,20.6685,-101.178,20.828,-101.928,19.9063,-101.154,20.548,-100.498,21.5672,-101.19,2
22,1320,103,-21.6696,21.1812,-72.0726,96.7495,-71.6159,97.7188,-71.7183,95.1535,-72.5332,95.8246,-72.4728,98.575,1
22,1320,104,28.4102,-6.16429,-74.0076,-97.4193,-74.3603,-99.0352,-74.449,-95.6322,-73.6214,-95.7276,-73.5998,-98.9619,1
22,1320,106,-38.9489,-8.02489,-2.10114,-102.029,-2.63469,-102.729,-2.51226,-101.479,-1.6489,-101.428,-1.64966,-102.663,1
22,1320,107,26.9947,13.2093,35.6834,-92.908,35.2878,-93.4779,35.2818,-92.3881,36.133,-92.2737,36.0741,-93.3885,1
22,1320,108,24.3974,-23.4316,67.7305,-85.4548,67.4363,-86.6963,67.0514,-84.6431,67.9897,-84.1157,68.3111,-86.2575,1
22,1320,109,20.9928,23.463,70.5715,68.8576,71.1282,69.6965,70.8298,67.3939,69.9281,68.0298,70.276,70.228,1
22,1320,118,31.1133,-4.67941,7.16376,-70.8627,7.15657,-71.4143,6.53826,-70.7479,7.16257,-70.2587,7.72441,-70.9683,2
22,1320,122,23.5853,22.12,75.1488,84.6663,75.8295,84.9729,75.2065,82.3174,74.3721,84.4426,75.036,86.9268,1
22,1320,124,14.6063,16.8279,6.17648,116.083,6.64492,116.426,6.51056,115.642,5.65743,115.726,5.82659,116.51,1
22,1320,128,9.68536,15.99,-42.3114,-66.1035,-42.6678,-66.6779,-42.7336,-65.6533,-41.9153,-65.5123,-41.8719,-66.5322,1
22,1320,131,-31.5116,-15.6186,-26.4587,-69.9997,-26.5034,-70.9223,-27.0728,-69.8941,-26.4297,-69.1972,-25.8035,-70.1427,2
22,1320,137,33.3817,0.535457,-3.15968,134.153,-2.51643,134.325,-3.12878,133.412,-3.87912,133.956,-3.19139,134.815,1
22,1320,140,37.4273,-9.15941,-35.301,152.101,-34.8719,152.793,-34.7215,151.233,-35.7611,151.299,-35.7878,152.861,1
22,1320,141,37.8894,13.8795,-73.9642,153.785,-73.3763,155.889,-73.5466,151.366,-74.6425,151.131,-74.3384,155.999,1
22,1320,146,26.2907,13.9118,72.3151,-3.31585,72.0514,-5.26697,71.7688,-2.36515,72.6006,-1.08268,72.8389,-4.20993,1
22,1320,147,26.0675,23.4981,68.1035,136.212,68.7773,136.943,68.3199,134.639,67.3135,135.487,67.8434,137.675,1
22,1320,153,36.391,-12.616,9.76074,157.425,10.395,157.535,9.73404,156.553,9.06207,157.279,9.7924,158.173,1
22,1320,157,-39.1407,-4.07076,-31.5135,-52.1556,-31.2074,-53.0912,-32.2149,-52.2083,-31.7712,-51.3456,-30.7101,-52.1109,1
22,1320,159,-18.9705,-1.93934,15.5599,4.9801,15.573,4.40929,15.0465,4.99813,15.5455,5.51792,16.1001,4.95754,1
22,1320,161,-21.607,3.10923,23.1865,30.0504,23.2272,29.4382,22.6447,30.0583,23.1507,30.6283,23.768,30.0438,1
22,1320,172,-14.0397,12.3172,71.4516,-148.562,71.7824,-147.289,71.8528,-149.674,71.1065,-149.748,71.0078,-147.452,1
22,1320,181,-23.9799,19.7649,62.7589,102.165,62.9327,101.071,62.2029,101.77,62.6056,103.234,63.3773,102.668,1
22,1320,188,-25.417,21.7828,-28.0475,28.6672,-28.132,28.0629,-28.6511,28.7903,-27.934,29.248,-27.3562,28.5531,1
22,1320,191,21.5819,6.67863,-28.7584,56.5318,-29.009,55.9072,-29.2875,56.8774,-28.4785,57.2017,-28.25,56.2164,1
22,1320,196,-14.5059,23.7599,26.8205,-123.582,27.3489,-123.299,27.155,-124.197,26.2677,-123.835,26.4228,-122.921,1
22,1320,199,37.7851,9.38404,-72.6302,-65.9342,-71.8055,-66.0639,-72.8908,-68.6181,-73.5953,-65.7384,-72.3896,-63.5975,1
23,1380,18,-22.5436,23.9461,11.1811,106.855,11.1747,106.302,10.5595,106.836,11.2189,107.402,11.8866,106.903,2
23,1380,39,27.9766,10.6594,-1.71126,-46.728,-1.32718,-46.2907,-1.33622,-47.1594,-2.14689,-47.2097,-2.07307,-46.3334,1
23,1380,41,38.3748,-10.3722,-37.0936,2.47466,-36.417,2.62274,-37.1587,1.33967,-37.8514,2.27547,-37.0219,3.43888,1
23,1380,44,-36.6944,12.3668,-16.2002,135.529,-16.0881,134.776,-16.9504,135.611,-16.2761,136.211,-15.3223,135.447,2
23,1380,47,-35.3185,9.78139,55.0979,-127.208,55.6162,-128.071,54.4993,-127.879,54.6374,-126.427,55.7782,-126.398,1
23,1380,50,-26.1412,16.2527,53.7888,-108.256,54.2076,-109.014,53.2733,-108.947,53.4021,-107.518,54.3533,-107.434,1
23,1380,63,26.0227,-1.37637,48.3102,-110.921,48.5265,-111.665,47.7439,-111.177,48.0681,-110.126,48.8311,-110.679,1
23,1380,69,6.59103,23.2359,-51.6176,130.188,-51.475,129.379,-52.0795,129.867,-51.7426,131.078,-51.1455,130.553,1
23,1380,79,38.8026,-0.618768,-71.2902,89.9434,-70.5647,89.5505,-71.6725,87.5332,-72.1251,90.4094,-70.9389,91.9626,1
23,1380,80,-36.7217,0.817399,18.7671,-128.161,18.6536,-128.917,18.1779,-127.883,18.8695,-127.493,19.4351,-128.482,1
23,1380,87,5.65968,24.8037,-62.6512,143.372,-62.3682,142.432,-63.0213,142.639,-62.9292,144.439,-62.2762,144.164,1
23,1380,97,-37.4401,-16.2585,20.9109,-101.196,20.897,-102.184,20.2749,-101.062,20.9038,-100.362,21.6081,-101.381,1
23,1380,103,-23.8439,23.8302,-75.9329,101.736,-75.4382,102.837,-75.5884,99.4878,-76.4319,100.701,-76.3222,104.382,1
23,1380,107,3.70643,-24.3321,36.1144,-95.8256,35.7051,-96.2778,35.6364,-95.4328,36.4832,-95.37,36.5433,-96.2189,1
23,1380,110,13.5357,24.5122,51.5623,9.1451,51.8904,8.46664,51.2167,8.59142,51.2137,9.90764,51.8937,9.75182,1
23,1380,118,20.1581,-2.00112,11.0397,-69.4199,11.0043,-69.9071,10.5289,-69.3468,11.073,-68.9049,11.5193,-69.4895,1
23,1380,121,35.2315,11.1191,66.9192,-37.7173,66.6786,-39.5498,66.2759,-36.7515,67.1812,-35.5601,67.5063,-38.5874,2
23,1380,126,39.7492,1.97494,-68.0351,120.605,-67.5016,122.162,-67.5772,118.562,-68.6334,118.693,-68.4185,122.425,1
23,1380,141,24.2707,6.72602,-76.5486,161.531,-76.0704,163.069,-76.2176,159.352,-77.0634,159.744,-76.851,163.656,1
23,1380,146,24.8604,-2.33042,74.2596,-1.22171,74.0865,-3.26463,73.664,-0.345337,74.419,1.02401,74.8053,-2.09047,1
23,1380,152,26.6495,-5.72239,30.8837,132.233,31.4339,132.159,30.7399,131.513,30.292,132.3,31.0149,132.889,1
23,1380,155,35.4037,10.0106,-42.5028,-139.073,-41.8192,-139.293,-42.8221,-139.923,-43.2884,-138.801,-42.2252,-138.302,1
23,1380,160,20.1513,9.78206,-2.29903,10.2309,-2.32493,9.68003,-2.8405,10.2906,-2.26166,10.8276,-1.77689,10.1856,1
23,1380,166,-23.744,-7.5018,-22.028,-144.941,-21.4085,-144.97,-22.0899,-145.521,-22.5958,-144.92,-21.9497,-144.329,1
23,1380,176,-30.1969,18.6586,-76.7731,-138.196,-76.2853,-136.481,-76.3711,-140.679,-77.2415,-139.828,-77.2222,-135.197,1
23,1380,178,-30.7325,13.664,-31.34,24.2047,-31.6981,23.5818,-31.8304,24.7467,-30.9868,24.7654,-30.7694,23.6062,1
23,1380,188,-22.881,9.12671,-25.9727,30.097,-26.0715,29.5258,-26.478,30.2591,-25.8659,30.6375,-25.419,29.9301,1
23,1380,189,-25.4972,-12.7859,4.55043,45.5645,4.32394,44.9835,4.08255,45.7729,4.74404,46.0916,5.03566,45.3295,1
24,1440,11,-31.5812,20.3288,41.2641,-121.411,41.8758,-121.414,41.1764,-122.331,40.6889,-121.365,41.3353,-120.334,1
24,1440,39,25.827,24.1873,-6.87149,-47.0383,-6.39156,-46.5997,-6.49509,-47.4485,-7.44022,-47.5251,-7.26438,-46.6605,1
24,1440,44,30.1666,15.8386,-17.4688,143.364,-17.548,142.66,-18.0758,143.53,-17.3587,144.166,-16.8939,143.234,1
24,1440,47,-23.5489,22.5741,54.1595,-118.674,54.5804,-119.34,53.7232,-119.497,53.7645,-117.993,54.6298,-117.691,1
24,1440,50,21.0154,-13.2483,49.3499,-106.418,49.7117,-107.064,48.855,-107.07,48.9585,-105.778,49.8058,-105.826,1
24,1440,63,28.4512,-6.56681,49.3499,-106.418,49.6161,-107.16,48.7528,-106.782,49.0483,-105.634,49.8895,-106.088,1
24,1440,71,-26.1548,-1.67085,-20.4279,-163.462,-20.6267,-164.106,-20.9484,-163.197,-20.2428,-162.872,-19.8669,-163.751,1
24,1440,74,-13.7377,21.7545,70.1748,-70.4716,70.5003,-71.7548,69.7409,-71.6045,69.8568,-69.1625,70.6269,-69.1212,1
24,1440,79,35.4534,17.3462,-72.5946,108.13,-71.9552,106.61,-73.1243,106.497,-73.3199,110.117,-72.1204,109.619,1
24,1440,80,-30.6533,-13.8612,20.49,-126.533,20.2746,-127.256,19.9809,-126.302,20.6658,-125.892,21.0273,-126.804,1
24,1440,94,-18.213,-9.28243,-44.2306,170.494,-43.9321,169.827,-44.6625,170.13,-44.5112,171.115,-43.7773,170.851,1
24,1440,99,39.1986,5.66642,41.5133,-8.291,42.1785,-8.71813,40.9689,-9.05023,40.7367,-7.80132,41.9765,-7.60322,1
24,1440,103,22.0606,-19.0638,-76.3362,84.006,-75.9439,85.525,-75.8382,82.1481,-76.7087,82.2868,-76.7568,85.8362,1
24,1440,110,39.2419,10.0115,48.8181,13.0821,49.3778,12.4097,48.2257,12.4682,48.1608,13.8627,49.3285,13.6597,1
24,1440,118,-34.52,17.0719,18.5081,-69.9034,18.5601,-70.5556,17.8313,-69.8304,18.4846,-69.3013,19.2991,-69.9712,1
24,1440,141,20.6925,-24.2205,-77.0028,163.248,-76.5083,164.649,-76.4728,160.859,-77.4679,161.607,-77.4319,165.588,1
24,1440,146,19.1476,-8.65294,77.337,2.08021,77.1921,-0.317204,76.7428,2.80395,77.4528,4.63413,77.884,1.31195,1
24,1440,148,27.8666,14.962,26.3271,148.364,26.8601,148.831,26.6577,147.758,25.7131,147.856,25.993,148.919,1
24,1440,155,-20.0497,12.9916,-39.4049,-131.59,-38.8951,-131.801,-39.5967,-132.265,-39.8938,-131.363,-39.2028,-130.852,1
24,1440,160,-28.0622,21.7661,4.53757,10.118,4.58563,9.51395,3.84317,10.0984,4.52471,10.7006,5.33749,10.1648,2
24,1440,169,-31.7092,23.3857,-20.7123,-15.5345,-20.5705,-16.2052,-21.471,-15.6439,-20.8044,-14.8888,-19.8217,-15.3787,1
24,1440,176,-26.6308,-17.4689,-76.8602,-140.264,-76.2154,-138.748,-76.5752,-142.407,-77.4133,-141.794,-77.1145,-137.875,1
24,1440,187,26.9474,24.1341,-53.6682,11.26,-53.7654,10.174,-54.2143,11.415,-53.5191,12.5,-53.1314,11.1701,1
24,1440,188,-38.9723,2.65979,-22.206,29.8308,-22.2783,29.0181,-22.8313,30.1215,-22.1315,30.5396,-21.4836,29.4966,2
24,1440,190,24.158,-6.89879,-56.3761,39.8004,-56.4939,38.7466,-57.0277,40.1562,-56.2524,40.9162,-55.7807,39.4757,1
24,1440,197,35.2296,12.2739,-15.1502,-115.642,-14.4582,-115.236,-14.9348,-116.409,-15.9602,-116.106,-15.3664,-114.954,1
25,1500,7,37.9626,-7.87799,0.0102538,-103.106,0.57805,-102.626,0.412053,-103.966,-0.618599,-103.665,-0.329545,-102.367,1
25,1500,8,-14.6543,18.517,-35.6546,-85.5573,-35.1449,-85.2487,-35.3638,-86.2071,-36.1749,-85.8436,-35.9859,-84.8547,1
25,1500,11,-28.4729,-5.48867,40.2812,-120.701,40.9123,-120.802,40.1413,-121.398,39.7098,-120.616,40.4365,-119.947,2
25,1500,27,33.8348,23.2522,7.70105,-67.1707,8.33571,-66.7898,7.95006,-67.7429,6.93484,-67.5992,7.43168,-66.6513,1
25,1500,31,-32.85,23.41,-82.8969,-41.886,-82.5087,-38.0941,-82.3404,-45.6542,-83.2641,-45.6561,-83.5276,-36.7833,1
25,1500,39,37.3765,3.77719,-8.61495,-48.7486,-8.22781,-48.1963,-8.15992,-49.3224,-9.05863,-49.3837,-9.02333,-48.2461,1
25,1500,41,37.9974,-13.9617,-41.8112,8.85367,-41.1388,8.95273,-41.9042,7.60047,-42.5583,8.69999,-41.7101,9.90838,1
25,1500,44,38.4736,4.64294,-16.1113,145.746,-16.1095,144.977,-16.8742,145.995,-16.1091,146.638,-15.4379,145.541,1
25,1500,47,-18.4572,-4.51236,53.6451,-117.09,54.0437,-117.766,53.2624,-117.677,53.2654,-116.471,54.0463,-116.472,1
25,1500,50,-37.4512,-11.8434,55.6745,-101.412,56.3325,-102.607,55.08,-102.06,55.0983,-100.438,56.3495,-100.704,1
25,1500,63,-26.0532,7.11802,55.6745,-101.412,55.9861,-102.26,55.1712,-101.848,55.3856,-100.62,56.2232,-100.909,1
25,1500,85,37.392,5.87096,-25.9428,55.4343,-25.312,55.7085,-25.8725,54.6411,-26.6703,55.1178,-26.0132,56.1372,1
25,1500,94,-38.2868,9.78742,-40.5364,176.913,-40.0465,176.166,-41.2172,176.514,-40.9525,177.602,-39.7412,177.38,1
25,1500,99,-29.7748,9.71234,46.9607,-0.38295,47.5421,-0.670929,46.6708,-1.17993,46.4257,-0.101744,47.2715,0.527494,1
25,1500,103,11.3965,21.1399,-83.6629,96.2855,-83.168,98.2418,-83.3893,92.4408,-84.2015,93.9706,-83.9318,100.438,1
25,1500,110,33.5401,22.6958,49.0152,20.6192,49.5609,19.9098,48.5706,19.9952,48.3804,21.4656,49.4035,21.2548,1
25,1500,133,-25.6549,16.3736,40.3071,-11.4433,40.3947,-12.2274,39.6579,-11.5063,40.242,-10.6904,41.0358,-11.3479,1
25,1500,141,13.1755,16.6409,-84.2241,-175.062,-83.6632,-174.131,-84.0861,179.76,-84.8312,-176.104,-84.3332,-169.699,1
25,1500,146,-25.5323,-8.60915,82.3997,-13.5745,82.0266,-17.7937,81.9205,-11.1499,82.6931,-9.37119,82.8838,-16.5883,1
25,1500,164,-38.9397,-4.68628,25.5568,170.118,26.4196,170.22,25.4224,169.349,24.8147,170.032,25.7189,170.996,2
25,1500,188,-22.8475,1.26416,-19.9096,33.1929,-20.0393,32.6393,-20.3863,33.3741,-19.784,33.71,-19.3979,32.9996,1
25,1500,199,21.912,22.6073,-74.2866,-21.5394,-73.8792,-23.5911,-74.7749,-22.9324,-74.7012,-19.0367,-73.8162,-20.1426,1
26,1560,11,-24.9174,19.1578,36.2545,-115.019,36.8052,-115.022,36.2245,-115.772,35.7225,-114.984,36.2635,-114.167,1
26,1560,25,-22.6668,12.1448,75.7809,-94.4747,76.2755,-93.8406,75.8897,-96.611,75.3012,-94.989,75.6294,-92.1804,1
26,1560,31,-19.2725,6.24299,-84.6452,-57.0428,-84.3751,-52.5001,-84.217,-59.7975,-84.876,-61.7776,-85.091,-53.6156,1
26,1560,45,-29.4366,-1.56063,18.7914,164.633,18.7748,163.934,18.2084,164.747,18.8051,165.267,19.4288,164.502,1
26,1560,52,-21.9937,4.37818,12.2396,-16.0127,12.8209,-15.9104,12.2838,-16.5959,11.6893,-16.1023,12.1873,-15.3845,1
26,1560,56,29.6859,13.6217,-38.5226,138.077,-38.4732,137.205,-39.1711,138.141,-38.5566,139.068,-37.9154,138.045,1
26,1560,58,-20.7531,-0.413664,18.005,-176.689,17.9746,-177.31,17.4548,-176.615,18.0328,-176.105,18.5894,-176.77,1
26,1560,103,27.3285,-2.95222,-85.4477,82.2134,-85.0563,87.0574,-85.0169,76.7217,-85.823,75.9518,-85.797,88.1668,1
26,1560,110,-30.2708,-7.81972,54.5289,23.1931,55.0712,22.6006,54.1822,22.4913,54.0386,23.7018,54.9092,23.9542,1
26,1560,117,-35.1002,15.0205,-4.08003,-88.1111,-4.03178,-88.7424,-4.748,-88.0203,-4.10034,-87.5327,-3.30127,-88.2019,1
26,1560,130,-33.7506,18.643,-37.7499,-86.223,-37.5218,-87.0551,-38.5222,-86.3818,-37.9235,-85.4352,-36.8471,-86.0146,1
26,1560,141,26.1191,6.89844,-87.3357,-167.812,-86.7224,-166.38,-87.2597,178.933,-88.0084,-170.235,-87.2851,-155.317,1
26,1560,142,30.692,22.7956,-54.2246,-27.3732,-54.7914,-28.3104,-54.64,-26.4766,-53.5325,-26.3402,-53.7922,-28.1642,1
26,1560,144,-34.4059,14.0478,17.0431,-29.4147,16.6743,-30.067,16.4788,-28.8741,17.4002,-28.8309,17.7068,-30.0353,1
26,1560,188,15.163,18.4861,-16.6332,38.4606,-16.8302,37.9609,-17.0899,38.6384,-16.401,38.9973,-16.1696,38.3036,1
26,1560,192,34.9541,21.1751,20.7718,74.5657,20.3714,73.729,20.1666,75.0455,21.2678,75.5574,21.3555,74.1568,1
27,1620,31,-25.121,-15.6927,-86.5133,-54.358,-86.0754,-46.9343,-86.0965,-59.2036,-86.8312,-62.736,-86.8992,-47.6894,1
27,1620,40,34.2003,16.6562,-23.6126,-12.173,-22.871,-12.1135,-23.6897,-12.9116,-24.4791,-12.2237,-23.5671,-11.4911,1
27,1620,43,33.4354,21.7062,-35.5434,125.03,-35.5754,124.072,-36.1994,125.178,-35.471,126.157,-34.9237,124.94,1
27,1620,56,-35.4879,3.42091,-31.6433,134.977,-31.451,134.1,-32.3551,134.983,-31.8005,135.764,-30.8329,134.971,1
27,1620,60,-34.0431,9.96231,-15.5893,173.369,-15.5585,172.686,-16.2408,173.488,-15.5991,173.991,-14.8423,173.243,1
27,1620,73,-14.2414,21.5142,56.7978,-120.519,56.7327,-121.499,56.2146,-120.48,56.8825,-119.528,57.4397,-120.52,1
27,1620,80,31.0984,10.0877,29.3544,-114.137,29.2557,-114.828,28.783,-113.91,29.4703,-113.357,29.886,-114.333,1
27,1620,97,-38.5338,6.96899,33.0336,-87.6845,33.2538,-88.5625,32.3018,-87.68,32.8485,-86.9089,33.8859,-87.6847,1
27,1620,106,-33.1974,16.885,19.4157,-101.661,19.0627,-102.24,18.8898,-101.151,19.7639,-101.138,20.0365,-102.242,1
27,1620,117,-39.0867,-10.8743,-2.85326,-88.0744,-2.91291,-88.914,-3.45127,-87.8709,-2.80995,-87.36,-2.18589,-88.3244,1
27,1620,130,-38.0034,12.8116,-35.3234,-83.8861,-35.0611,-84.795,-36.136,-83.9419,-35.5269,-83.0604,-34.3648,-83.8061,1
27,1620,156,5.75002,24.2878,-42.1869,-66.864,-42.0283,-67.5618,-42.6575,-67.1687,-42.329,-66.0953,-41.7045,-66.5165,1
27,1620,158,-35.0605,10.2519,5.44104,-8.79715,5.54995,-9.48697,4.74432,-8.74309,5.35957,-8.17081,6.24408,-8.85027,1
27,1620,165,-27.6352,-3.6849,-7.29851,-160.806,-6.65447,-160.754,-7.32843,-161.382,-7.88468,-160.855,-7.25823,-160.184,1
27,1620,188,-34.4871,10.7429,-11.7094,35.5873,-11.799,34.9381,-12.3167,35.8233,-11.6099,36.1744,-11.0088,35.3269,2
27,1620,192,-14.9899,11.9841,24.7371,69.7051,24.5071,69.1355,24.2105,69.9713,24.975,70.2603,25.3069,69.4293,1
28,1680,1,-27.5986,-6.51116,-23.9018,70.444,-24.2051,69.731,-24.4242,70.8032,-23.6293,71.0877,-23.3446,70.0493,1
28,1680,2,-37.0342,7.86974,12.6027,79.68,12.3345,78.8875,11.9522,80.1459,12.8558,80.3796,13.3604,79.1409,1
28,1680,53,-21.3625,17.538,-22.3261,12.5801,-21.7525,12.6424,-22.2756,11.9106,-22.8878,12.5448,-22.3975,13.3231,1
28,1680,56,-28.3895,19.333,-28.7505,140.182,-28.638,139.472,-29.4568,140.107,-28.8236,140.866,-27.9424,140.292,1
28,1680,61,-37.5906,-14.7978,14.8622,-165.494,14.7152,-166.403,14.2644,-165.26,14.9714,-164.721,15.5152,-165.785,1
28,1680,70,-31.4557,21.1289,-36.698,-174.387,-36.7667,-175.2,-37.4356,-174.182,-36.5921,-173.629,-35.8304,-174.594,1
28,1680,73,-33.4862,20.6834,61.2926,-119.11,61.3503,-120.526,60.5076,-119.03,61.2628,-117.789,62.219,-119.159,1
28,1680,80,33.3235,-3.63136,31.2276,-112.524,31.1953,-113.212,30.5642,-112.324,31.2511,-111.761,31.8174,-112.707,1
28,1680,96,-35.4818,9.16182,10.4098,-112.484,10.5125,-113.186,9.72179,-112.417,10.332,-111.85,11.2022,-112.554,1
28,1680,97,-31.2868,19.6238,35.4275,-82.4262,35.612,-83.1549,34.7375,-82.5842,35.2797,-81.7325,36.2236,-82.2137,1
28,1680,103,-29.4357,19.1597,-82.4475,-145.208,-82.329,-149.688,-83.1232,-145.554,-82.4874,-140.84,-81.6718,-144.74,1
28,1680,106,-39.2289,-7.57984,20.5498,-102.766,19.9982,-103.502,20.1494,-102.164,21.0148,-102.13,20.9875,-103.465,1
28,1680,117,36.3614,-11.2783,-4.17984,-80.3059,-4.15888,-80.9011,-4.94462,-80.174,-4.22287,-79.6465,-3.52175,-80.428,1
28,1680,143,-31.5181,11.4326,-11.7253,-31.6113,-12.0776,-32.2111,-12.2514,-31.1367,-11.3828,-31.0702,-11.1182,-32.1402,1
28,1680,156,-37.9541,-3.10404,-37.6654,-67.861,-37.2577,-68.7528,-38.3315,-68.0666,-38.0132,-67.0781,-36.9046,-67.644,1
28,1680,158,-24.3118,14.0275,7.47877,-5.33232,7.51913,-5.89885,6.88707,-5.3295,7.45796,-4.78921,8.136,-5.32156,1
28,1680,184,22.7492,13.5494,-23.6944,-125.821,-23.1764,-125.648,-23.5732,-126.372,-24.2686,-126,-23.8247,-125.295,1
28,1680,188,-36.8085,5.94168,-8.59584,36.5729,-8.69952,35.8771,-9.19819,36.8451,-8.49129,37.1903,-7.90222,36.2645,1
28,1680,192,-5.21882,-20.5567,24.8944,70.6284,24.5713,70.0498,24.3497,70.8582,25.1757,71.1844,25.4097,70.3806,2
29,1740,9,28.6583,24.3669,-77.7944,-11.7071,-77.2549,-14.4118,-78.2993,-13.8049,-78.3653,-8.14531,-77.3206,-9.6829,1
29,1740,17,25.0172,13.3151,-2.43529,99.2117,-2.4887,98.6379,-2.97756,99.3113,-2.36312,99.8478,-1.91571,99.1337,1
29,1740,21,40.5103,2.23217,-31.5489,115.239,-31.877,114.505,-32.0884,115.925,-31.1638,116.09,-31.0732,114.659,1
29,1740,43,-33.0365,0.195742,-27.2046,123.451,-27.1084,122.661,-27.8393,123.508,-27.2834,124.16,-26.4963,123.383,1
29,1740,56,26.4819,10.7507,-30.7232,146.583,-30.7248,145.848,-31.3373,146.673,-30.7059,147.399,-30.1432,146.517,1
29,1740,61,-29.0526,10.7265,19.4657,-160.88,19.4508,-161.509,18.8707,-160.772,19.4928,-160.295,20.1342,-160.992,1
29,1740,69,-35.3767,-4.00041,-37.2867,149.762,-37.1484,148.848,-37.9118,149.802,-37.4035,150.569,-36.5875,149.706,1
29,1740,80,16.8852,20.4548,37.0536,-110.175,36.9341,-110.839,36.5587,-110.068,37.2003,-109.445,37.552,-110.254,1
29,1740,97,-30.5129,-5.39715,36.0428,-81.4213,36.1784,-82.2429,35.4637,-81.4546,35.9133,-80.6878,36.6752,-81.3967,2
29,1740,106,-36.9095,-11.4048,23.9141,-102.571,23.3438,-103.269,23.532,-101.998,24.3937,-101.961,24.3184,-103.228,1
29,1740,117,27.7304,10.4792,1.11789,-77.7732,1.05258,-78.3289,0.584334,-77.6379,1.19957,-77.1555,1.62111,-77.887,1
29,1740,130,21.615,23.0819,-34.1607,-71.791,-34.2391,-72.5843,-34.7414,-71.7316,-34.0403,-70.8993,-33.5828,-71.809,1
29,1740,156,-40.2348,-4.00359,-35.8765,-64.1141,-35.4609,-65.0786,-36.5901,-64.2612,-36.2249,-63.2814,-35.0517,-63.964,1
29,1740,158,-26.9932,8.03955,9.99101,-3.54907,10.0407,-4.14933,9.40267,-3.52015,9.95506,-2.98733,10.6419,-3.57412,1
29,1740,173,29.6642,6.78076,9.522,-156.595,9.94789,-156.13,9.91025,-157.111,9.04245,-157.107,9.15476,-156.126,1
29,1740,175,34.2073,18.9046,-63.7002,-161.106,-63.1992,-159.8,-63.2559,-162.269,-64.2897,-162.671,-64.128,-160.048,1
29,1740,184,32.8322,3.27902,-26.7725,-125.671,-26.2242,-125.413,-26.6503,-126.372,-27.3866,-125.962,-26.8865,-125.037,1
29,1740,188,-35.6188,0.401102,-5.76499,37.8929,-5.90663,37.2074,-6.32257,38.1661,-5.63477,38.4998,-5.13672,37.5819,1
29,1740,192,19.7907,21.314,31.5276,76.2387,31.2216,75.5491,30.986,76.5383,31.8875,77.0029,32.0774,75.9713,2
29,1740,199,18.8563,18.5847,-67.7328,18.1815,-67.7412,16.5015,-68.3224,18.2079,-67.6827,20.0337,-67.1504,18.2233,1
30,1800,2,-38.0026,3.18668,19.301,80.834,18.9988,79.9756,18.6765,81.3384,19.5725,81.5846,20.02,80.2449,1
30,1800,9,17.3976,17.455,-76.3104,-0.412319,-75.9677,-2.5446,-76.7887,-1.80346,-76.6478,2.0889,-75.8425,0.953005,1
30,1800,17,33.0288,12.3013,-0.132674,102.109,-0.169357,101.451,-0.750193,102.267,-0.0789716,102.861,0.438735,101.983,1
30,1800,29,-18.6611,20.4567,-76.3727,-9.84726,-75.8753,-10.1039,-76.4126,-12.1658,-76.8633,-9.46906,-76.3231,-7.28603,1
30,1800,43,26.2869,1.43512,-28.4572,130.919,-28.4461,130.268,-29.0658,130.999,-28.4664,131.627,-27.8941,130.85,1
30,1800,56,38.7443,-0.823643,-30.0131,149.753,-29.9272,148.892,-30.8711,149.949,-30.1129,150.744,-29.2684,149.591,2
30,1800,80,28.9404,-15.026,36.753,-108.848,36.7362,-109.523,36.0621,-108.771,36.7446,-108.131,37.3617,-108.934,1
30,1800,89,-27.2557,17.2634,11.3141,-132.686,11.2132,-133.246,10.7272,-132.524,11.4322,-132.157,11.9827,-132.854,1
30,1800,105,-29.8146,19.9304,-4.94132,-102.971,-5.27846,-103.48,-5.47568,-102.535,-4.59583,-102.507,-4.31092,-103.457,1
30,1800,106,-23.8737,-14.0485,27.5625,-100.968,27.0983,-101.479,27.194,-100.532,27.9706,-100.494,27.9313,-101.44,1
30,1800,130,34.75,1.12259,-34.1344,-69.4275,-34.0911,-70.2556,-34.8852,-69.2591,-34.1799,-68.4919,-33.4653,-69.568,1
30,1800,156,-39.7186,7.57208,-33.6497,-58.7836,-33.2556,-59.6224,-34.4045,-58.9564,-33.9755,-58.0331,-32.7633,-58.5788,1
30,1800,175,35.7143,-7.68651,-64.4632,-161.996,-64.1413,-160.677,-63.8462,-163.227,-64.7931,-163.521,-64.9878,-160.871,1
30,1800,187,-38.7622,-4.03581,-34.0345,20.1128,-34.0873,19.161,-34.6456,20.3918,-33.9832,20.9345,-33.3412,19.7872,1
30,1800,190,27.1896,24.0596,-32.8192,53.7159,-33.2169,52.9234,-33.3753,54.1306,-32.3259,54.6093,-32.2561,53.3609,1
30,1800,191,-24.4661,14.518,1.83259,60.0891,1.60284,59.5073,1.2384,60.3786,2.07238,60.6376,2.50193,59.7802,1
30,1800,192,-36.0488,-14.8663,33.302,69.1728,32.8644,68.1242,32.7307,69.6722,33.6542,70.0795,33.9099,68.5821,1
31,1860,2,-25.504,7.7181,22.8619,83.5218,22.5996,82.8906,22.3188,83.8747,23.1169,84.1111,23.4624,83.1369,1
31,1860,3,-37.6914,10.9549,58.1092,96.7566,57.956,95.2283,57.3632,97.4388,58.2535,98.1197,58.9853,95.9358,1
31,1860,4,31.6788,-18.053,71.2966,176.356,71.849,175.253,70.7568,174.134,70.6818,177.376,71.7544,178.336,7
31,1860,6,19.764,6.50921,12.1636,-105.557,12.6716,-105.26,12.4199,-106.104,11.6141,-105.871,11.9094,-105.04,1
31,1860,9,37.7803,5.67189,-78.0625,14.084,-77.6748,10.7793,-78.8936,13.2724,-78.4586,18.1819,-77.331,14.7774,1
31,1860,12,-24.2614,4.0469,-2.71475,-77.0045,-2.16301,-76.9213,-2.6938,-77.5415,-3.23263,-77.0766,-2.73977,-76.422,1
31,1860,13,38.1506,-1.44278,-32.7007,-55.8526,-32.0333,-55.7591,-32.8289,-56.7723,-33.4617,-55.9699,-32.5863,-55.0532,1
31,1860,18,-38.6571,-9.817,32.1277,123.287,32.2007,122.271,31.4781,123.417,32.0521,124.151,32.8568,123.114,1
31,1860,21,38.0591,12.9299,-22.8776,115.849,-23.277,115.196,-23.3306,116.426,-22.3945,116.605,-22.4537,115.353,1
31,1860,22,-36.0067,19.0412,14.4027,114.749,14.145,114.132,13.7984,115.179,14.6665,115.302,15.1277,114.254,1
31,1860,23,-23.6004,14.2642,48.8668,123.786,48.622,123.085,48.3972,124.219,49.1132,124.453,49.3919,123.314,1
31,1860,33,-26.2071,18.7277,-3.11458,131.677,-3.47884,131.261,-3.54725,132.106,-2.74576,132.058,-2.61151,131.204,1
31,1860,35,18.091,8.90974,67.9576,131.078,67.5754,130.204,67.6418,132.113,68.3679,132.033,68.2644,130.066,1
31,1860,43,20.1985,-4.38946,-25.645,132.571,-25.6499,131.988,-26.22,132.616,-25.6438,133.185,-25.1085,132.526,1
31,1860,47,30.0249,-14.0772,44.5713,-87.5233,45.1372,-87.7384,44.3082,-88.5117,43.9596,-87.3286,44.8075,-86.6522,1
31,1860,50,30.9696,-14.5999,44.2611,-70.5458,44.8581,-70.777,43.9669,-71.5967,43.6129,-70.3373,44.523,-69.6255,1
31,1860,53,32.6915,-11.5737,-31.9941,13.8059,-31.3642,13.9184,-31.9899,12.8448,-32.6772,13.6557,-31.9818,14.6458,1
31,1860,56,23.8915,-23.7507,-27.7325,148.898,-27.7445,148.229,-28.5235,148.811,-27.7543,149.577,-27.0395,148.947,1
31,1860,63,-9.36294,-15.9482,54.7925,-66.136,55.2226,-66.6857,54.5432,-66.8688,54.3785,-65.6506,55.0489,-65.4168,1
31,1860,65,-15.094,22.9728,5.14368,5.83293,5.64835,5.92559,5.29338,5.291,4.62737,5.7662,4.9553,6.42573,1
31,1860,66,-20.5543,-6.80554,-21.4557,26.2433,-20.8966,26.3093,-21.4237,25.7032,-21.9739,26.176,-21.4786,26.8097,1
31,1860,70,-36.1308,19.4724,-26.45,-169.768,-26.5263,-170.575,-27.235,-169.483,-26.3391,-169.037,-25.508,-170.079,1
31,1860,71,-38.9794,-1.26282,4.62303,-156.894,4.38603,-157.728,4.00732,-156.486,4.83115,-156.172,5.32619,-157.37,1
31,1860,73,32.658,-16.9621,60.9516,-99.5836,61.1576,-100.8,60.1233,-100.008,60.6887,-98.3155,61.6683,-99.2324,2
31,1860,75,37.3615,-1.2092,28.5619,8.88471,29.1938,9.25119,28.7143,7.96433,27.8441,8.46482,28.4202,9.68578,1
31,1860,76,31.767,5.21074,-4.91253,24.3202,-4.33732,24.6289,-4.71481,23.6638,-5.55914,23.9761,-5.10136,24.915,1
31,1860,78,37.8805,15.1943,-69.1245,77.8605,-68.3138,77.5344,-69.4206,75.8618,-70.0832,78.3274,-68.8669,79.641,1
31,1860,80,24.5577,1.71406,41.2344,-105.186,41.2161,-105.882,40.6839,-105.081,41.2494,-104.433,41.7477,-105.281,1
31,1860,82,34.5047,-7.32836,47.1118,2.76801,47.705,2.8477,47.0247,1.70418,46.4563,2.66196,47.185,3.70382,1
31,1860,83,-34.0334,-1.74676,21.3862,35.9614,22.0219,36.2438,21.4873,35.3242,20.8196,35.7134,21.2763,36.6727,1
31,1860,89,-31.0452,-12.975,12.2851,-132.895,12.0672,-133.587,11.7772,-132.662,12.4651,-132.282,12.8233,-133.166,1
31,1860,90,20.7222,-13.5177,10.322,49.5248,10.8379,49.5515,10.3559,48.9073,9.79039,49.4802,10.3017,50.0889,1
31,1860,97,-35.8264,-10.8427,40.5211,-75.1372,40.7234,-76.1819,39.8912,-75.1807,40.3306,-74.2428,41.2202,-75.116,1
31,1860,102,37.7207,13.1454,-70.0954,75.7654,-69.5993,77.4491,-69.667,74.0285,-70.668,73.7038,-70.4844,77.3408,1
31,1860,106,38.7104,12.9609,33.7458,-93.5451,33.2792,-94.2981,33.2875,-92.8224,34.3022,-92.6525,34.1699,-94.1763,1
31,1860,110,35.1074,2.57221,41.735,47.0098,42.337,46.8812,41.474,46.1915,41.054,47.1517,41.9573,47.7494,2
31,1860,111,32.115,4.50043,18.2753,79.2988,18.8499,79.3854,18.2391,78.6546,17.6319,79.205,18.2988,79.8851,2
31,1860,112,-23.0866,-14.6009,-5.65656,104.651,-5.06191,104.697,-5.61966,104.157,-6.19301,104.597,-5.6766,105.165,1
31,1860,117,24.6181,5.07734,6.93451,-74.1669,6.88884,-74.6851,6.4128,-74.0602,6.98711,-73.6033,7.42526,-74.2606,1
31,1860,122,-32.9096,-12.1322,47.7348,114.454,48.3672,115.273,48.075,113.632,47.1859,113.744,47.3771,115.356,1
31,1860,124,-8.83561,20.1161,-27.3998,119.876,-26.9636,120.243,-27.0196,119.4,-27.8603,119.518,-27.824,120.376,1
31,1860,130,33.1631,20.4879,-29.5042,-65.2247,-29.6062,-66.1261,-30.1658,-65.0077,-29.3529,-64.1706,-28.8773,-65.3834,1
31,1860,133,21.7119,9.68673,48.3568,16.2887,48.5832,15.4784,47.8106,16.0122,48.1121,17.1691,48.8742,16.5772,1
31,1860,134,-10.2707,19.3725,50.6924,74.729,51.1924,74.4252,50.5277,73.8845,50.1908,75.065,50.8435,75.6559,1
31,1860,135,-30.2332,-6.53994,31.545,112.108,32.2665,112.203,31.5176,111.39,30.9001,112.02,31.5827,112.891,3
31,1860,136,34.2763,18.2507,-3.11459,131.677,-2.33356,131.783,-3.14666,130.97,-4.03474,131.572,-3.11809,132.329,1
31,1860,137,35.3636,-18.0249,-28.5498,151.577,-27.9082,151.771,-28.4196,150.503,-29.2389,151.322,-28.6361,152.491,1
31,1860,144,-38.2549,3.77319,34.5715,-30.3427,34.1181,-31.2027,34.0703,-29.6342,34.9734,-29.5887,35.1459,-31.1743,1
31,1860,145,-10.5009,22.6116,71.8989,-18.1711,71.5727,-19.5983,71.3824,-17.2756,72.2462,-16.7043,72.4703,-19.1345,1
31,1860,146,35.5718,14.7887,70.5554,127.509,71.2917,128.415,70.6515,125.285,69.6821,126.572,70.4171,129.493,1
31,1860,149,38.2207,-0.783349,-34.0288,149.639,-33.5585,150.34,-33.5358,148.779,-34.5571,148.82,-34.4562,150.393,1
31,1860,150,4.78095,-19.4175,46.0202,77.6383,46.3498,77.0542,45.6577,77.0495,45.6838,78.1775,46.3721,78.1816,1
31,1860,156,-36.5045,-1.06347,-32.7007,-55.8526,-32.4118,-56.6993,-33.3651,-55.9475,-32.9471,-55.1027,-31.9471,-55.7543,1
31,1860,158,31.7284,7.78195,11.4585,5.39644,11.4971,4.74597,10.8143,5.48283,11.4198,6.1297,12.0497,5.32995,2
31,1860,160,-4.43384,-20.3374,19.1247,25.7588,19.0713,25.1697,18.5926,25.7112,19.1534,26.3139,19.6381,25.7825,1
31,1860,162,-15.2622,13.8933,47.7348,114.454,48.1816,114.055,47.4551,113.771,47.3006,114.861,48.0201,115.208,1
31,1860,170,-32.5935,-13.1476,67.6883,17.7633,67.0501,16.5165,67.3773,19.1472,68.2293,18.9308,67.9915,16.1906,2
31,1860,173,28.2367,-18.5529,4.62303,-156.894,5.00113,-156.451,5.20258,-157.407,4.24856,-157.376,4.12725,-156.432,1
31,1860,176,-37.3787,-1.98557,-74.3869,10.4397,-74.6843,7.59256,-74.9253,12.1076,-74.0963,12.8309,-73.7654,8.65102,3
31,1860,180,-30.8108,17.0756,62.3409,95.546,62.5347,94.3523,61.7152,95.2585,62.173,96.6691,63.054,95.9273,1
31,1860,192,37.7778,11.7363,36.6359,81.6164,36.4021,80.6071,35.9318,82.1584,36.9115,82.8093,37.2743,81.1525,2
31,1860,193,39.1643,-0.517384,63.2901,117.448,63.5709,115.78,62.3629,117.334,62.9337,119.326,64.0901,117.566,1
31,1860,194,-37.7039,-5.8634,65.715,-149.673,66.6104,-149.062,65.6988,-151.493,64.9423,-150.171,65.7242,-147.606,1
31,1860,195,-21.7459,19.6446,29.7204,-126.071,30.2479,-125.724,30.047,-126.744,29.1885,-126.38,29.331,-125.335,1
32,1920,2,-37.2741,-1.81957,25.8839,82.3413,25.5432,81.4435,25.2971,82.8586,26.1791,83.1265,26.5443,81.7373,1
32,1920,5,-30.8224,23.1245,42.5464,-110.11,43.0993,-109.55,42.9739,-111.057,41.9931,-110.585,42.0097,-109.033,1
32,1920,9,21.0691,8.35129,-74.2801,23.8289,-74.1392,21.6869,-74.8729,23.5018,-74.4011,26.197,-73.7149,24.1611,1
32,1920,11,26.0387,-16.6241,19.8602,-103.769,20.393,-103.727,19.9009,-104.489,19.3055,-103.836,19.8362,-103.128,1
32,1920,17,-38.3143,-14.6556,7.97144,99.3359,7.90761,98.4221,7.34943,99.5185,8.01136,100.108,8.6569,99.1025,1
32,1920,25,-32.2346,12.574,54.5507,-72.8011,54.9985,-72.0949,54.8768,-73.7302,54.122,-73.4152,54.1603,-71.7705,1
32,1920,26,35.5041,8.22684,18.4407,-71.1763,18.9546,-70.7572,18.7053,-71.8177,17.8464,-71.6486,18.1881,-70.6067,1
32,1920,28,32.0944,19.1251,-53.3944,-56.4039,-52.8158,-55.8371,-53.1574,-57.3213,-54.0726,-57.0527,-53.6365,-55.5549,1
32,1920,29,22.4668,22.5728,-82.3885,25.025,-81.9937,21.7978,-82.7694,22.2605,-82.7845,29.1858,-82.0159,27.6492,1
32,1920,31,-20.0012,-2.7622,-73.2167,136.907,-73.6074,135.629,-73.522,138.266,-72.8442,138.057,-72.8886,135.518,1
32,1920,36,34.1603,-23.6627,75.5549,-48.6901,75.9225,-46.7868,76.2345,-51.1712,75.1809,-50.7233,74.9801,-46.7143,1
32,1920,38,-13.1448,22.6932,-1.07045,-45.3477,-0.732865,-44.9802,-0.640585,-45.6711,-1.43326,-45.7048,-1.55593,-45.0104,1
32,1920,40,-31.0921,11.7358,-32.0718,6.30231,-31.4296,6.3564,-32.1351,5.52416,-32.6668,6.27348,-32.0055,7.18537,1
32,1920,43,32.2477,-4.26861,-23.7264,136.139,-23.7024,135.466,-24.4372,136.258,-23.759,136.88,-23.0929,136.032,1
32,1920,56,-33.353,-23.9257,-21.2235,146.582,-21.3532,145.515,-21.8718,146.683,-21.134,147.478,-20.5439,146.425,1
32,1920,59,-27.6921,8.13386,53.4246,-115.696,53.8259,-116.528,52.8834,-116.239,53.0555,-114.921,54.0187,-115.065,1
32,1920,62,-31.3427,24.1915,53.4246,-115.696,53.703,-116.615,52.749,-116.178,53.1886,-114.801,54.2069,-115.066,1
32,1920,84,29.7731,-5.0928,-16.2652,49.199,-15.7557,49.4196,-16.1091,48.5535,-16.8157,48.9492,-16.4012,49.7821,1
32,1920,89,-25.5514,-15.22,15.2327,-130.85,15.0137,-131.482,14.7463,-130.658,15.4148,-130.279,15.7341,-131.071,1
32,1920,96,-33.6945,-7.91363,19.8602,-103.769,19.8935,-104.563,19.2575,-103.677,19.8225,-103.07,20.5223,-103.886,1
32,1920,99,-23.1178,9.67167,33.461,27.9284,34.0116,27.8972,33.3844,27.2674,32.9376,27.9723,33.5322,28.6542,1
32,1920,102,39.5075,10.5732,-73.5771,73.9111,-73.106,76.0837,-73.1044,71.7338,-74.1108,71.2051,-73.9917,75.8877,1
32,1920,106,22.2972,-23.3419,33.9276,-96.1844,33.5713,-96.6874,33.3249,-95.7186,34.2597,-95.6479,34.4452,-96.6226,1
32,1920,107,36.1471,14.0783,72.7799,-79.1242,72.4833,-81.3974,72.2076,-77.7694,73.1066,-76.3895,73.3046,-80.3585,1
32,1920,108,-16.0464,17.2783,69.992,76.4894,70.3664,77.5418,70.3695,75.3212,69.6007,75.5242,69.5601,77.6807,1
32,1920,109,13.2033,-13.5931,36.6873,76.2196,37.0665,76.6285,37.0717,75.7185,36.314,75.7978,36.3351,76.6933,1
32,1920,117,25.0362,-15.6255,8.44558,-73.1587,8.41771,-73.6662,7.82183,-73.1174,8.45393,-72.6283,9.00307,-73.2088,1
32,1920,119,30.5328,21.7445,49.8948,4.27201,50.3029,3.46087,49.4173,3.78593,49.4312,5.21863,50.3283,4.78404,1
32,1920,121,-33.2292,20.6335,75.9571,106.303,76.4395,108.44,76.4326,103.56,75.4651,104.551,75.3414,109.241,2
32,1920,123,-7.0137,21.511,4.49807,115.789,4.93453,116.122,4.88961,115.374,4.03085,115.466,4.05903,116.219,1
32,1920,125,26.1949,23.2538,-67.8288,123.279,-67.1993,124.229,-67.5119,121.862,-68.5612,122.184,-68.1582,124.646,1
32,1920,126,23.8171,4.95523,-77.5391,-80.7822,-77.7867,-83.3075,-78.0533,-79.2133,-77.2413,-78.1612,-77.0444,-82.1135,1
32,1920,128,18.7436,21.3379,-4.52217,-63.0576,-4.96141,-63.5159,-4.95308,-62.6752,-4.0152,-62.5638,-4.07346,-63.4157,2
32,1920,130,-24.9766,0.207836,-24.592,-69.3948,-24.5863,-70.0821,-25.1684,-69.3243,-24.5921,-68.7578,-23.9695,-69.4723,2
32,1920,140,-10.7352,-20.1884,-71.0128,167.27,-70.4358,167.989,-70.714,165.835,-71.5341,166.511,-71.2738,168.756,1
32,1920,144,-34.6448,-13.0107,36.3372,-29.8426,35.7457,-30.6546,35.9209,-29.1996,36.8339,-29.1231,36.7694,-30.577,1
32,1920,146,-18.6978,-1.42851,70.3061,144.925,70.7585,146.037,70.6188,143.578,69.8732,143.919,69.9687,146.304,1
32,1920,148,1.84109,22.5496,-3.88049,151.727,-3.43216,152.06,-3.49526,151.33,-4.37294,151.392,-4.30491,152.127,1
32,1920,153,36.4437,18.9907,-19.8886,-175.982,-19.0946,-176.004,-20.0525,-176.71,-20.832,-175.933,-19.7706,-175.31,1
32,1920,159,30.6583,-2.55666,35.2184,38.8356,35.4415,38.1624,34.5615,38.6603,34.9633,39.5677,35.8103,38.996,1
32,1920,161,30.3772,0.881217,40.3345,67.7494,40.6182,67.0444,39.7037,67.4844,40.0145,68.5199,40.9059,67.9993,1
32,1920,171,-22.1016,16.1687,69.2827,-149.147,69.6048,-147.84,69.7512,-150.211,68.9443,-150.342,68.746,-148.057,1
32,1920,177,-33.6558,11.2879,-33.632,21.3977,-33.9979,20.6994,-34.1298,21.9904,-33.2786,22.0169,-33.0499,20.7354,1
32,1920,179,-36.0994,7.51599,37.8213,21.0498,37.3718,20.3077,37.3784,21.7613,38.2313,21.7097,38.3303,20.2243,1
32,1920,187,-33.9364,-0.372403,-27.6334,25.2212,-27.7236,24.4709,-28.1917,25.4591,-27.5468,25.8897,-27.0099,24.9539,2
32,1920,188,-27.1158,3.08625,4.3259,43.0246,4.17899,42.4731,3.82918,43.235,4.46648,43.534,4.86958,42.7954,3
32,1920,192,-37.6037,9.03296,43.1589,72.8306,42.9752,71.7173,42.44,73.3657,43.3328,73.8178,43.9995,72.198,1
32,1920,196,31.0723,23.0686,-10.3437,-118.592,-9.58315,-118.266,-10.126,-119.264,-11.2502,-118.951,-10.5906,-117.968,1
33,1980,1,-32.9031,-7.09776,-5.95871,74.0418,-6.31647,73.3059,-6.49539,74.4459,-5.64685,74.6919,-5.37637,73.585,1
33,1980,2,-38.4504,3.99603,30.2186,83.1749,29.9273,82.224,29.578,83.7265,30.4794,84.0068,30.9589,82.5248,1
33,1980,17,-30.012,24.2013,13.3035,105.141,13.3457,104.528,12.5911,105.124,13.3002,105.73,14.137,105.188,3
33,1980,27,37.1742,13.8979,-21.3861,-64.7552,-20.8231,-64.2878,-21.1157,-65.4229,-22.053,-65.2965,-21.6489,-64.1618,1
33,1980,38,39.2922,10.095,-3.70059,-50.762,-3.24887,-50.1757,-3.2747,-51.375,-4.23831,-51.4478,-4.09207,-50.2314,1
33,1980,40,38.4055,4.69388,-39.4234,3.15156,-38.6867,3.21212,-39.6065,2.14567,-40.2772,3.08099,-39.2668,4.03428,1
33,1980,57,-28.0679,9.33356,11.7707,175.188,11.7748,174.536,11.1354,175.277,11.78,175.796,12.4801,175.098,1
33,1980,59,27.1588,23.6317,48.7982,-106.039,49.2197,-106.955,48.2806,-106.57,48.3235,-104.974,49.2752,-105.465,1
33,1980,62,-3.56048,23.9023,52.3551,-109.08,52.5258,-109.862,51.8996,-109.481,52.1938,-108.249,52.8309,-108.605,1
33,1980,78,24.7679,10.7749,-70.5892,97.3156,-70.0548,96.4882,-70.9107,95.8126,-71.1698,98.3097,-70.2858,98.7211,1
33,1980,81,-27.2359,20.2656,64.3288,-34.5498,64.8234,-35.1561,64.0023,-35.7835,63.8645,-33.9309,64.6705,-33.0822,1
33,1980,103,-38.3716,-4.43365,-67.35,-117.438,-67.6488,-119.471,-67.8852,-116.313,-67.0723,-115.722,-66.7395,-118.682,1
33,1980,106,22.4717,10.0257,40.9108,-95.682,40.5539,-96.2468,40.516,-95.1772,41.3046,-95.0656,41.2944,-96.1575,1
33,1980,117,37.5036,1.74669,11.7651,-68.8658,11.7805,-69.5199,11.074,-68.6832,11.7435,-68.1184,12.375,-69.0214,1
33,1980,119,-1.33816,-23.6803,52.6958,3.29318,52.9894,2.58498,52.3549,2.66807,52.3994,3.92718,53.0311,3.86751,1
33,1980,127,5.0432,21.0615,-36.5951,-68.4952,-36.9686,-69.0174,-37.0378,-68.0958,-36.1761,-67.9618,-36.1194,-68.8807,1
33,1980,154,36.4716,15.9935,-43.7899,-138.674,-43.0607,-138.997,-44.1546,-139.518,-44.6424,-138.26,-43.4786,-137.897,1
33,1980,156,-38.3991,-2.97478,-28.5272,-49.3539,-28.2722,-50.2487,-29.2204,-49.3705,-28.7421,-48.5748,-27.7358,-49.3468,1
33,1980,169,28.3469,5.67612,-1.88284,9.28835,-1.8816,8.68662,-2.49706,9.38241,-1.87982,9.95399,-1.31341,9.21044,1
33,1980,178,-31.0561,-19.0326,2.78298,22.2927,2.15725,21.7432,2.40647,22.7634,3.31091,22.781,3.15665,21.7719,2
33,1980,187,-30.2302,23.4745,-22.4573,28.7518,-22.5346,28.129,-23.1299,28.8972,-22.3456,29.3407,-21.6669,28.61,1
33,1980,189,-24.8471,-4.96189,39.0021,62.5676,38.8803,61.8465,38.5157,62.7637,39.1069,63.2327,39.5185,62.3463,1
34,2040,9,28.8557,20.1601,-68.7357,45.8804,-68.8825,43.8382,-69.3699,46.4279,-68.5133,48.1841,-68.1208,45.4766,2
34,2040,17,-23.2573,5.07324,14.1145,106.647,14.1173,106.082,13.5842,106.698,14.1174,107.179,14.6892,106.595,2
34,2040,32,18.6813,-0.140084,-29.2785,136.475,-29.6392,136.092,-29.6053,136.938,-28.8975,136.877,-28.9668,136.04,1
34,2040,34,17.1549,11.1748,43.578,132.46,43.1983,131.996,43.2583,132.984,43.9913,132.954,43.8968,131.953,1
34,2040,38,18.6096,-10.3263,-5.61105,-48.752,-5.29524,-48.3773,-5.1916,-49.1137,-5.92763,-49.147,-5.99392,-48.4101,1
34,2040,62,35.206,20.9451,50.0419,-101.455,50.388,-102.524,49.4101,-101.76,49.639,-100.189,50.6133,-101.11,1
34,2040,64,-32.8279,4.68007,27.4133,-9.62462,28.0479,-9.43768,27.4386,-10.3233,26.8363,-9.78264,27.3784,-8.83957,1
34,2040,69,-33.7517,19.6852,-22.1421,166.07,-22.0718,165.382,-22.8693,166.109,-22.1723,166.713,-21.2879,166.048,1
34,2040,74,-21.4168,10.837,52.0067,-0.239975,52.5471,0.029472,52.1321,-1.15529,51.4834,-0.470837,51.8515,0.749078,1
34,2040,98,38.0594,13.7835,40.9842,-7.23479,41.6681,-7.70587,40.4822,-7.94444,40.1804,-6.67492,41.4105,-6.56779,1
34,2040,117,-35.2616,-3.23162,18.6073,-72.427,18.595,-73.1608,18.031,-72.2737,18.6155,-71.7791,19.2501,-72.6078,2
34,2040,120,-25.9877,7.28507,73.4018,-53.8699,73.1057,-55.7916,72.8871,-52.6791,73.6726,-52.0287,73.9639,-55.2473,1
34,2040,169,-35.1672,16.7997,6.09921,7.83232,6.21177,7.14324,5.34013,7.86407,6.02488,8.46722,6.9904,7.81322,1
34,2040,175,-34.5398,18.1359,-81.7507,-127.942,-81.1473,-125.701,-81.4648,-132.829,-82.3106,-130.106,-82.025,-121.848,1
34,2040,181,34.1886,18.919,48.6483,-175.903,49.3512,-175.94,48.5179,-176.828,47.8256,-175.831,48.7327,-175.034,1
34,2040,183,38.0993,-3.32737,-11.1945,-135.694,-10.6309,-135.376,-11.0189,-136.458,-11.8299,-136.067,-11.3458,-135.03,1
34,2040,187,-22.5289,0.858417,-21.5172,30.0604,-21.6448,29.5019,-21.9927,30.2393,-21.3938,30.5823,-21.008,29.8695,1
35,2100,9,37.7393,14.9256,-66.6402,53.1522,-66.8383,51.0154,-67.3448,54.1934,-66.3521,55.6318,-65.9884,52.3375,1
35,2100,10,-28.797,20.0868,37.6522,-118.613,38.2348,-118.598,37.6109,-119.442,37.0966,-118.59,37.6716,-117.658,1
35,2100,17,-10.341,-24.6558,14.1657,108.059,14.0426,107.455,13.6388,108.043,14.2541,108.613,14.6743,108.046,1
35,2100,30,20.5829,-4.75744,-80.7892,-76.5048,-80.6649,-73.5259,-80.2652,-77.4179,-80.8867,-79.7226,-81.2745,-75.5354,1
35,2100,45,-33.053,6.95669,43.7716,-168.743,43.9639,-169.652,43.1104,-168.813,43.6026,-167.917,44.5197,-168.654,1
35,2100,46,-31.3465,12.2791,54.9419,-113.699,55.4896,-114.3,54.4942,-114.559,54.4431,-113.129,55.4344,-112.683,1
35,2100,51,-27.3278,9.01289,13.9657,-18.905,14.5813,-18.7645,14.0164,-19.5541,13.3873,-19.0217,13.899,-18.1849,1
35,2100,56,-23.6268,22.6559,-9.67613,158.09,-9.68591,157.484,-10.3574,158.094,-9.6313,158.684,-8.90052,158.112,1
35,2100,95,-36.7469,17.4113,4.27753,-120.239,4.41198,-120.931,3.50249,-120.212,4.18587,-119.605,5.19604,-120.252,1
35,2100,169,31.3228,-0.394603,2.98029,13.7356,3.0139,13.1224,2.30433,13.8259,2.93885,14.4137,3.59063,13.6566,1
35,2100,175,-37.9985,-7.00868,-82.3145,-121.882,-81.479,-120.164,-82.2622,-127.027,-83.0254,-123.715,-82.282,-116.043,1
35,2100,187,-15.556,19.9388,-16.9598,33.0752,-17.1009,32.5834,-17.471,33.2084,-16.7961,33.5606,-16.3948,32.9493,1
36,2160,10,-29.9769,8.43272,36.1044,-116.251,36.7096,-116.222,36.0254,-116.989,35.5447,-116.262,36.1804,-115.423,1
36,2160,16,-30.0602,10.8262,-6.49752,87.3421,-6.45405,86.7376,-7.10854,87.3965,-6.5216,87.9041,-5.80867,87.2909,1
36,2160,24,39.1561,5.21971,70.9673,-109.353,71.6564,-109.09,70.8128,-111.583,70.1657,-109.631,71.0691,-107.365,1
36,2160,46,-26.6183,-11.0497,54.258,-111.654,54.7793,-112.398,53.8693,-112.342,53.7796,-111.014,54.6782,-110.93,1
36,2160,95,-35.9918,-0.862941,5.46541,-119.208,5.52864,-119.958,4.82,-119.098,5.41186,-118.546,6.19375,-119.338,1
36,2160,105,37.2791,14.222,16.8727,-96.6191,16.3866,-97.2331,16.4481,-96.0073,17.4538,-95.9018,17.2742,-97.1556,1
36,2160,132,33.7399,3.45642,38.2422,-5.29911,38.3952,-6.14571,37.5088,-5.30223,38.0627,-4.34795,38.901,-5.28538,2
36,2160,142,-26.151,16.0149,-17.3492,-33.4573,-17.6871,-33.9996,-17.8716,-33.027,-17.0055,-32.9561,-16.7494,-33.9247,1
36,2160,147,24.3966,-2.07912,19.2588,146.581,19.6825,147.002,19.6413,146.041,18.8063,146.128,18.9041,147.078,1
36,2160,152,32.6325,1.29197,-3.06016,167.134,-2.44021,167.209,-3.11975,166.451,-3.75202,167.048,-3.0109,167.75,1
36,2160,169,17.5837,10.6518,7.49008,15.6764,7.46671,15.1331,6.96166,15.7202,7.5245,16.2612,8.00477,15.6463,1
36,2160,172,25.679,8.54131,19.0021,-158.027,19.42,-157.581,19.3698,-158.52,18.535,-158.509,18.6459,-157.573,1
36,2160,175,-20.7753,5.85896,-87.5165,-97.4471,-86.9644,-99.1793,-87.5895,-110.204,-88.0371,-94.6727,-87.3165,-85.0897,1
36,2160,187,-37.9848,-4.90002,-14.4929,31.3542,-14.6494,30.5674,-15.0606,31.6567,-14.3566,32.0355,-13.8548,31.0025,2
36,2160,191,33.9414,22.3741,22.1617,72.4589,21.7551,71.6257,21.562,72.9201,22.6657,73.4446,22.7458,72.0658,1
37,2220,10,-20.7035,-19.0814,34.5963,-116.124,35.2219,-116.263,34.5412,-116.748,34.0308,-116.021,34.6729,-115.493,1
37,2220,37,32.3416,14.0243,16.7172,-49.9546,17.1569,-49.4541,17.09,-50.4671,16.2018,-50.5156,16.3547,-49.4962,1
37,2220,60,-24.619,7.04407,14.2662,-166.201,14.2215,-166.774,13.7266,-166.095,14.3163,-165.663,14.8572,-166.312,1
37,2220,72,-36.2502,18.5103,59.6843,-124.898,59.7346,-126.339,58.8742,-124.687,59.6599,-123.581,60.6487,-125.119,1
37,2220,89,17.2869,24.7261,32.8297,-115.824,32.6621,-116.477,32.3257,-115.707,33.0373,-115.098,33.3455,-115.908,1
37,2220,129,-18.9008,22.1731,50.3514,-61.2982,50.0119,-62.0284,49.8108,-60.7608,50.7108,-60.5876,50.9665,-61.881,1
37,2220,141,-5.65601,23.1133,-49.0685,-35.3746,-49.4269,-36.0188,-49.5473,-34.895,-48.6696,-34.7392,-48.536,-35.8486,1
37,2220,151,24.9884,-5.90827,20.6781,143.663,21.2204,143.665,20.6212,143.006,20.0998,143.651,20.7321,144.264,1
37,2220,157,-35.667,6.55329,6.49025,-10.4136,6.59329,-11.1284,5.80643,-10.3389,6.40976,-9.77197,7.27401,-10.495,1
37,2220,169,26.3591,15.1001,9.98083,19.0865,9.9548,18.452,9.39859,19.1654,10.0239,19.7982,10.5373,19.0326,2
37,2220,175,-7.30964,22.4188,-85.9252,12.3452,-86.2033,5.82769,-86.3994,16.482,-85.5694,17.9408,-85.3843,9.11842,2
37,2220,187,-33.0075,-21.0571,-12.8568,32.674,-13.1769,31.8928,-13.3725,32.9267,-12.5997,33.3457,-12.3224,32.3731,2
37,2220,197,37.5615,-2.17857,-58.9067,-97.1292,-58.221,-96.507,-58.7496,-98.83,-59.6805,-97.8883,-59.0277,-95.64,1
37,2220,198,7.21487,21.7738,-70.2773,0.883331,-70.151,-0.819792,-70.8159,0.350083,-70.3709,2.75529,-69.7264,1.48093,1
38,2280,10,-33.6762,15.6194,30.8558,-108.901,31.4885,-108.777,30.839,-109.706,30.2692,-108.986,30.8532,-107.969,1
38,2280,52,-19.0039,1.63228,-22.4285,9.79743,-21.8563,9.84138,-22.4253,9.20404,-22.9716,9.75879,-22.4299,10.4271,1
38,2280,55,-39.8162,-1.59434,-28.0877,135.801,-27.8924,134.793,-28.8521,135.898,-28.2455,136.672,-27.2048,135.68,2
38,2280,56,-29.7358,13.477,-1.22648,163.304,-1.20654,162.653,-1.90555,163.383,-1.22344,163.912,-0.454645,163.229,1
38,2280,72,15.1158,18.114,58.7184,-113.238,58.6962,-114.334,58.1815,-113.24,58.7506,-112.043,59.2544,-113.194,1
38,2280,89,-37.6457,8.09963,37.66,-119.695,37.6433,-120.597,36.997,-119.439,37.6842,-118.894,38.4302,-119.991,1
38,2280,155,-39.016,-10.1099,-37.1396,-69.3376,-36.7417,-70.3575,-37.8139,-69.4964,-37.4772,-68.4668,-36.3725,-69.1895,1
38,2280,157,-38.0681,3.43728,9.22667,-8.52097,9.34177,-9.30391,8.52123,-8.41651,9.13358,-7.83212,10.04,-8.64257,1
38,2280,169,32.0263,-7.86095,10.5559,20.3389,10.6219,19.7259,9.821,20.3808,10.4679,21.0073,11.2063,20.2957,3
38,2280,175,-13.2023,-13.8533,-85.3915,6.70238,-85.657,0.199121,-85.8423,9.97074,-85.1067,12.1601,-84.9324,3.84534,1
38,2280,183,22.7386,7.79284,-25.0374,-127.572,-24.5441,-127.388,-24.9135,-128.133,-25.5755,-127.767,-25.1622,-127.041,1
38,2280,187,-29.5704,-12.1208,-8.73388,34.9792,-8.95518,34.338,-9.22144,35.2095,-8.5459,35.551,-8.21893,34.7168,2
39,2340,10,-30.3393,-6.4266,29.4893,-108.205,30.1555,-108.182,29.4194,-108.849,28.8926,-108.23,29.5728,-107.505,1
39,2340,20,-21.5362,-3.24814,-29.002,106.397,-29.282,105.871,-29.4012,106.727,-28.7405,106.885,-28.5813,106.046,1
39,2340,42,-27.9162,18.0017,-25.1658,124.221,-25.0903,123.561,-25.8292,124.195,-25.2082,124.854,-24.411,124.271,1
39,2340,55,31.7974,13.7062,-29.7937,146.161,-29.8087,145.339,-30.4582,146.315,-29.7559,147.101,-29.1746,146.046,1
39,2340,58,-38.7534,-1.97592,51.3936,-135.065,51.7982,-136.328,50.6594,-135.279,51.0359,-133.988,52.2378,-134.826,1
39,2340,68,-36.7117,1.17775,-35.5681,149.4,-35.4117,148.513,-36.2275,149.449,-35.6952,150.187,-34.8176,149.342,2
39,2340,72,-32.6012,5.52486,63.8827,-116.435,63.9583,-118.007,63.2209,-116.305,63.8101,-115.014,64.6287,-116.581,1
39,2340,104,-16.0119,21.3276,-7.08055,-103.892,-7.42438,-104.291,-7.53213,-103.543,-6.71514,-103.509,-6.56873,-104.259,1
39,2340,116,33.8614,3.91675,1.9186,-78.8081,1.89209,-79.4065,1.30146,-78.6387,1.94963,-78.1339,2.47643,-78.9536,1
39,2340,139,32.1064,23.9745,-33.5967,-71.6142,-33.7038,-72.5811,-34.2543,-71.4325,-33.4314,-70.4767,-32.9642,-71.7318,1
39,2340,157,-25.9182,2.72077,10.8071,-5.08816,10.8418,-5.69263,10.2454,-5.04895,10.7789,-4.5267,11.4188,-5.13006,2
40,2400,8,18.5926,20.3296,-76.0745,4.04375,-75.7926,1.67031,-76.5968,2.90522,-76.3385,6.82512,-75.5633,5.19717,1
40,2400,42,-30.4419,11.3816,-22.7485,126.098,-22.6705,125.413,-23.3999,126.128,-22.8008,126.735,-22.0117,126.075,1
40,2400,49,32.2819,22.7043,-33.5642,-4.73232,-32.7959,-4.79323,-33.6725,-5.5043,-34.4681,-4.62751,-33.497,-3.9982,1
40,2400,55,3.90668,23.3676,-24.529,146.956,-24.5963,146.342,-25.0779,146.944,-24.4281,147.611,-23.9529,146.999,1
40,2400,72,-21.4222,-3.47688,64.8705,-109.845,64.9312,-111.241,64.3274,-109.895,64.8003,-108.552,65.4455,-109.803,1
40,2400,101,-20.0623,18.7996,-67.9696,88.9486,-67.5383,89.7894,-67.6155,87.7297,-68.4039,88.1418,-68.3668,90.3141,1
40,2400,116,-36.2639,14.9816,9.79394,-81.1758,9.84629,-81.8333,9.10875,-81.0717,9.76942,-80.5773,10.5976,-81.2833,1
40,2400,139,33.5987,-1.57154,-33.105,-71.0854,-33.0646,-71.8741,-33.8505,-70.9398,-33.1509,-70.2044,-32.441,-71.2107,1
40,2400,143,-36.7064,12.018,33.2628,-32.3858,32.8706,-33.1817,32.7016,-31.7177,33.6311,-31.6798,33.9232,-33.1682,1
40,2400,157,39.3389,-5.15417,8.33446,1.44528,8.46285,0.74644,7.47018,1.54415,8.17189,2.24101,9.07547,1.35896,2
40,2400,186,6.27903,21.7621,-32.6565,24.6933,-32.8197,24.1342,-33.1258,24.8207,-32.4588,25.283,-32.1649,24.5884,1
40,2400,199,-29.1748,24.5221,-29.3574,45.3452,-29.5284,44.5942,-30.1331,45.6173,-29.1449,46.0519,-28.4372,45.0642,1
41,2460,1,-24.8883,-20.0623,21.2365,80.5947,20.7786,79.8984,20.7226,80.9416,21.6205,81.2238,21.7476,80.2054,1
41,2460,2,27.0387,-10.1022,53.9616,104.646,53.86,103.625,53.25,104.949,54.0435,105.744,54.5977,104.35,1
41,2460,5,40.2588,-1.93186,10.9722,-110.645,11.6039,-110.13,11.2949,-111.576,10.2453,-111.251,10.6899,-109.853,1
41,2460,8,9.46991,20.0207,-73.8861,15.4581,-73.7349,13.4282,-74.4154,14.79,-74.0056,17.7051,-73.3507,16.1803,1
41,2460,10,-23.1795,-6.4585,23.5452,-103.315,24.127,-103.293,23.5248,-103.877,23.0099,-103.341,23.5735,-102.722,1
41,2460,12,25.2137,-15.7966,-31.941,-56.6197,-31.4123,-56.6094,-31.935,-57.3981,-32.4921,-56.656,-31.9286,-55.9242,1
41,2460,20,-35.6596,6.73634,-20.3081,106.151,-20.5769,105.496,-20.815,106.576,-20.0541,106.732,-19.7242,105.672,1
41,2460,22,-5.34552,-24.2282,47.2262,123.15,46.8788,122.53,46.7616,123.47,47.5271,123.751,47.6571,122.808,1
41,2460,24,-37.2625,7.00843,56.8935,-74.8155,57.3949,-73.9179,57.2038,-75.9083,56.4334,-75.5767,56.5196,-73.5809,1
41,2460,25,21.2346,15.0466,19.9717,-72.0852,20.4245,-71.779,20.2259,-72.5544,19.4653,-72.4078,19.7088,-71.6409,1
41,2460,26,-2.93124,22.6773,-15.7326,-63.6912,-15.3209,-63.4267,-15.4201,-64.0862,-16.1765,-63.9498,-16.0824,-63.2829,1
41,2460,28,4.80236,20.4724,-80.598,9.73726,-80.1962,8.08495,-80.8234,7.13929,-81.005,11.7555,-80.3626,12.3636,1
41,2460,32,-3.91848,-20.3082,-4.57103,131.25,-4.99217,130.937,-4.93791,131.597,-4.18596,131.56,-4.2319,130.904,1
41,2460,34,12.0553,20.944,70.9369,126.384,70.506,125.487,70.6196,127.528,71.4128,127.355,71.27,125.229,1
41,2460,35,19.9125,-16.9625,76.3185,-44.4473,76.6292,-42.763,76.8009,-45.9984,76.0059,-46.1428,75.8815,-43.0821,1
41,2460,42,-29.2717,11.9937,-20.0557,128.752,-19.9988,128.094,-20.6961,128.791,-20.0887,129.369,-19.3336,128.722,1
41,2460,44,-35.968,-1.94807,34.6193,175.5,34.7043,174.561,33.9558,175.611,34.5405,176.325,35.3668,175.363,1
41,2460,46,39.9125,7.92436,41.5913,-85.7774,42.3612,-86.0074,41.1626,-86.7111,40.6847,-85.5066,41.9447,-84.9383,1
41,2460,52,-20.3701,9.56412,-30.7633,18.757,-30.1926,18.7662,-30.7913,18.0868,-31.3115,18.7627,-30.7381,19.4841,1
41,2460,55,-38.5007,3.32391,-20.0133,144.502,-19.8804,143.617,-20.7697,144.624,-20.1154,145.279,-19.1373,144.36,1
41,2460,59,38.0132,-9.88738,42.575,-71.1636,43.2757,-71.3319,42.1853,-72.3105,41.7817,-71.0096,42.9051,-70.1778,1
41,2460,62,-2.42315,-19.6706,53.8475,-66.2757,54.2751,-66.7944,53.6245,-67.0551,53.4306,-65.82,54.0739,-65.5344,1
41,2460,64,-33.7798,-5.33227,6.8664,4.49341,7.56256,4.67323,6.89451,3.88634,6.25148,4.33221,6.84527,5.16629,1
41,2460,65,32.1135,10.5535,-27.2392,22.0436,-26.608,22.1517,-27.2605,21.3354,-27.9572,21.9301,-27.2327,22.6947,2
41,2460,70,-37.0127,-2.98184,5.83742,-158.615,5.58626,-159.405,5.25249,-158.234,6.05656,-157.926,6.49445,-159.056,1
41,2460,75,38.3364,1.769,-6.41614,21.3866,-5.79046,21.7806,-6.20285,20.5811,-7.13496,20.9283,-6.60906,22.0886,1
41,2460,81,38.072,-5.21211,45.2942,2.09268,45.9352,2.22367,45.1858,0.977922,44.5695,1.93018,45.381,3.06031,1
41,2460,82,8.85926,24.3396,15.7333,32.0112,16.2516,32.1083,15.8889,31.5202,15.1635,31.9306,15.5452,32.5114,1
41,2460,83,29.4479,23.7983,-17.2076,47.4771,-16.5344,47.6221,-17.1152,46.8768,-17.9972,47.333,-17.3307,48.0479,1
41,2460,89,-1.90523,24.2772,45.709,-106.524,45.6396,-107.231,45.2038,-106.539,45.8026,-105.777,46.249,-106.472,1
41,2460,96,-30.2348,21.4273,42.575,-71.1636,42.8323,-71.9161,41.9151,-71.4916,42.3568,-70.4352,43.332,-70.744,1
41,2460,98,30.8469,15.2659,30.1992,20.9461,30.8504,20.8066,29.9976,20.2707,29.4575,21.1209,30.3622,21.5872,1
41,2460,99,29.4371,6.79645,6.99943,48.974,7.59957,49.0143,6.93879,48.3567,6.33093,48.9347,7.04422,49.5448,1
41,2460,101,-10.7759,16.5182,-71.5433,88.2261,-71.1269,89.0996,-71.2294,86.9287,-71.9691,87.3542,-71.8826,89.6334,1
41,2460,102,-30.3424,-15.3869,-74.1747,-122.96,-74.4981,-125.484,-74.6658,-121.833,-73.8805,-120.809,-73.6568,-124.166,1
41,2460,106,24.3774,19.8132,71.7098,-87.403,71.3595,-89.0357,71.2463,-86.4004,72.1056,-85.5222,72.1703,-88.3514,1
41,2460,107,-39.8414,-1.11033,73.6689,83.2196,74.0928,85.8716,74.129,81.2087,73.2747,81.0502,73.1211,85.4262,1
41,2460,110,-21.311,-18.3438,21.2365,80.5947,21.8418,80.5997,21.269,80.0676,20.692,80.5737,21.2236,81.1341,1
41,2460,116,15.5379,23.8128,10.3826,-74.9776,10.2651,-75.5131,9.89522,-74.918,10.5345,-74.3881,10.8803,-75.0108,1
41,2460,121,-33.406,22.9432,42.2127,112.764,42.651,113.511,42.7959,111.944,41.7633,112.111,41.4917,113.693,1
41,2460,123,-33.9355,-7.44702,-25.7058,120.24,-25.0789,120.82,-25.386,119.594,-26.2505,119.722,-26.042,120.968,1
41,2460,125,-11.6611,21.1714,-76.751,-98.3309,-76.8666,-100.699,-77.3318,-97.9458,-76.5856,-95.9937,-76.114,-98.6191,1
41,2460,127,25.1424,11.2366,-7.88316,-64.9612,-8.28024,-65.4538,-8.31613,-64.5221,-7.43392,-64.4239,-7.46114,-65.3645,3
41,2460,132,-36.8657,-2.93268,53.9704,10.3633,54.343,9.08759,53.2793,10.1215,53.6353,11.4586,54.7548,10.6297,1
41,2460,133,-33.3877,20.0715,52.0838,76.9084,52.7713,76.7922,51.8798,75.6687,51.448,77.0717,52.2843,78.3893,8
41,2460,134,21.5906,15.3965,25.3542,108.127,25.9619,108.14,25.3397,107.493,24.6824,108.131,25.345,108.743,3
41,2460,136,35.974,1.70651,-31.5239,151.87,-30.8286,152.028,-31.5751,150.95,-32.314,151.686,-31.4801,152.685,1
41,2460,139,32.8268,15.8451,-28.7342,-67.0827,-28.8028,-67.9249,-29.3949,-66.8717,-28.6311,-66.1113,-28.1161,-67.2453,1
41,2460,144,-38.5272,8.33932,72.4813,-31.355,72.0287,-33.6316,71.9482,-29.3849,72.8741,-29.2857,73.0843,-33.7999,1
41,2460,145,31.625,0.977047,70.9369,126.384,71.5182,127.324,71.1205,124.245,70.2864,125.396,70.746,128.276,1
41,2460,148,29.4072,-24.621,-32.721,148.502,-32.2785,149.036,-32.0181,147.793,-33.1436,147.906,-33.2994,149.137,1
41,2460,149,32.8364,-1.75008,-71.2549,151.26,-70.8073,152.76,-70.7992,149.412,-71.7328,149.494,-71.647,152.98,1
41,2460,155,-35.7459,-2.15426,-31.941,-56.6196,-31.679,-57.4592,-32.5922,-56.6982,-32.1658,-55.8758,-31.2069,-56.5414,1
41,2460,157,-23.273,-21.6906,14.3116,-1.71618,14.2245,-2.4474,13.7625,-1.69952,14.3666,-1.06764,14.8696,-1.76487,2
41,2460,158,-23.2288,21.1304,39.7918,33.8456,39.9767,33.1583,39.2012,33.5767,39.6343,34.5273,40.4505,34.1823,1
41,2460,160,-22.5153,-8.80735,43.7103,59.1062,43.9063,58.2994,43.196,58.905,43.5186,59.8381,44.2533,59.305,1
41,2460,169,-16.3356,-21.0719,20.9809,23.6257,20.9116,22.9437,20.4448,23.6062,21.0216,24.2454,21.5149,23.6172,1
41,2460,175,22.2986,5.1067,-72.4554,29.5388,-72.8735,28.3085,-72.7794,31.1115,-71.993,30.7955,-72.1323,28.118,1
41,2460,177,27.6582,12.2058,0.191138,25.9984,-0.250127,25.5505,-0.185018,26.4755,0.693918,26.4916,0.558512,25.561,1
41,2460,179,-7.00643,-24.711,68.6316,22.1762,68.1323,21.2192,68.1992,23.147,69.07,23.1474,69.0204,21.1566,1
41,2460,186,-28.8665,9.97026,-28.6167,23.0666,-28.6861,22.4191,-29.1737,23.2443,-28.5358,23.6669,-27.9916,22.8797,1
41,2460,187,-29.2838,18.6868,4.21502,40.4422,4.09895,39.8834,3.61113,40.6313,4.3504,40.9664,4.91203,40.2433,2
41,2460,192,-37.9549,0.431867,71.1996,103.805,71.348,101.081,70.427,104.048,71.045,106.146,72.0863,103.48,2
41,2460,193,-15.0258,14.7073,61.221,-152.734,61.7791,-152.51,61.3269,-153.943,60.6649,-152.91,61.0792,-151.443,1
41,2460,198,-39.3758,0.483478,-58.3276,16.3798,-58.1491,14.6498,-59.1255,16.601,-58.4553,17.8899,-57.4027,16.1224,1
42,2520,4,-32.2862,20.4206,41.6326,-111.957,42.1878,-111.369,42.0408,-112.898,41.087,-112.457,41.1232,-110.885,1
42,2520,11,-28.7925,10.0585,-7.1501,-75.2563,-6.57127,-75.1445,-7.12417,-75.8565,-7.69197,-75.3468,-7.1872,-74.5856,1
42,2520,21,-39.2351,-6.06183,17.615,112.072,17.2026,111.334,17.1663,112.57,17.9646,112.709,18.1137,111.491,1
42,2520,30,20.0437,-16.2866,-71.9298,145.271,-72.3523,144.394,-72.2628,146.889,-71.5042,146.179,-71.6273,143.825,1
42,2520,31,33.031,16.9246,-33.0226,136.605,-33.5519,136.094,-33.3244,137.254,-32.396,137.173,-32.7172,136.022,1
42,2520,37,-34.4601,15.321,-2.70697,-45.7537,-2.37386,-45.2025,-2.19907,-46.2213,-3.03299,-46.2465,-3.30703,-45.2215,1
42,2520,41,-37.9883,4.49066,-40.2765,98.055,-39.9313,97.1284,-40.9971,97.9068,-40.564,98.8845,-39.4436,98.2233,1
42,2520,42,-26.9544,20.4291,-16.7567,131.963,-16.727,131.342,-17.428,131.966,-16.7529,132.561,-15.9894,131.983,1
42,2520,49,36.2891,5.76559,-37.862,-0.686584,-37.1571,-0.636636,-38.0125,-1.61242,-38.6713,-0.741155,-37.7337,0.138156,1
42,2520,88,-34.6876,-13.1935,17.5231,-133.315,17.2977,-134.1,16.9913,-133.044,17.7051,-132.631,18.0952,-133.635,1
42,2520,95,-37.3047,-2.03078,21.9139,-104.818,22.0116,-105.658,21.2501,-104.715,21.827,-104.086,22.6665,-104.946,1
42,2520,101,-0.459147,22.225,-75.9356,87.8219,-75.4894,88.8606,-75.6144,86.179,-76.4139,86.7378,-76.2819,89.5841,1
42,2520,104,-22.5574,-15.0332,0.85988,-104.898,0.402954,-105.348,0.485789,-104.523,1.26314,-104.481,1.23288,-105.299,1
42,2520,105,33.4925,-16.5877,36.116,-96.8999,35.8012,-97.5395,35.4555,-96.2787,36.4271,-96.1839,36.6725,-97.4577,1
42,2520,108,29.9723,-22.513,35.927,71.647,36.3427,72.1558,36.5217,70.9245,35.5168,71.0878,35.4281,72.2772,1
42,2520,111,28.0158,-2.69799,-13.8264,102.745,-13.3123,102.854,-13.7875,102.142,-14.3829,102.621,-13.8598,103.296,1
42,2520,116,29.447,-8.09882,10.3324,-73.566,10.3277,-74.1041,9.70709,-73.479,10.3245,-72.9851,10.8923,-73.6503,1
42,2520,118,-38.6769,0.0086568,56.2982,1.18575,56.8732,0.315966,55.7529,0.544261,55.7947,1.92899,56.9222,1.93675,1
42,2520,119,17.2119,8.93854,39.7666,52.6557,40.2451,52.5533,39.6667,52.0424,39.2555,52.7733,39.8512,53.2546,1
42,2520,120,-13.2081,13.0624,75.1047,95.1983,75.5827,96.2138,75.3563,93.2496,74.6197,94.3054,74.8063,97.1859,1
42,2520,122,-26.0895,6.1425,4.69396,115.216,5.14332,115.661,5.06655,114.723,4.26731,114.807,4.28023,115.753,2
42,2520,124,30.1097,-0.780059,-66.7271,119.164,-66.2527,120.222,-66.3437,117.675,-67.2376,117.943,-67.0637,120.548,1
42,2520,139,-34.3565,22.5063,-20.656,-69.897,-20.5593,-70.6439,-21.4932,-69.8894,-20.6998,-69.1952,-19.6573,-69.8772,1
42,2520,144,-34.9945,0.705117,75.2773,-29.3423,74.8155,-31.7928,74.809,-27.3264,75.6689,-27.0534,75.7809,-31.7828,1
42,2520,147,38.3479,12.799,-5.02374,145.19,-4.4216,145.771,-4.65107,144.47,-5.74479,144.512,-5.37843,145.819,1
42,2520,159,24.4123,15.7429,43.7508,87.1735,44.214,86.6396,43.3632,86.609,43.2409,87.7764,44.1048,87.7421,1
42,2520,161,-8.73997,20.3698,45.5739,120.017,46.0294,119.669,45.3627,119.31,45.1165,120.396,45.7772,120.795,1
42,2520,168,-29.2359,14.5962,1.00158,2.2076,1.05999,1.59426,0.347682,2.23095,0.968447,2.78501,1.74359,2.19599,1
42,2520,174,39.2745,5.77883,-74.8816,-172.43,-74.559,-169.791,-74.2613,-174.444,-75.2201,-175.644,-75.4184,-170.573,1
42,2520,176,-35.1633,14.2208,-31.5943,18.7431,-31.9544,18.0302,-32.133,19.3499,-31.2416,19.3717,-30.9532,18.0577,1
42,2520,186,-39.8529,-4.09276,-25.8267,22.8739,-25.9259,21.9701,-26.4358,23.1877,-25.7371,23.6486,-25.132,22.506,1
42,2520,188,-34.9553,-5.21376,37.9862,57.8699,37.8523,56.9798,37.4367,58.1654,38.096,58.6565,38.593,57.523,1
42,2520,191,-9.51934,-24.4852,39.757,73.3552,39.4083,72.6007,39.1806,73.5829,40.0477,74.0659,40.3013,73.0941,1
42,2520,194,29.9024,6.56055,24.4344,-133.008,25.0414,-132.671,24.6329,-133.744,23.7528,-133.375,24.2372,-132.337,1
42,2520,199,-36.8213,2.73278,-24.4372,45.8147,-24.6383,44.9141,-25.1001,46.237,-24.2463,46.6033,-23.6764,45.3337,1
43,2580,16,5.37762,18.038,11.8711,105.766,11.8165,105.263,11.3862,105.785,11.9452,106.297,12.3702,105.766,1
43,2580,27,34.0822,-18.6422,-55.4178,-58.8349,-54.9816,-58.1732,-54.936,-59.9881,-55.8629,-59.6074,-55.8072,-57.8106,1
43,2580,33,-17.0736,20.6895,42.4506,126.35,42.0723,125.898,42.0661,126.878,42.8429,126.782,42.8866,125.778,1
43,2580,39,37.201,-7.80607,-74.5659,-73.5455,-74.434,-71.2358,-73.8423,-74.7477,-74.6689,-76.188,-75.1837,-72.397,1
43,2580,42,-23.5296,18.4197,-14.3631,134.366,-14.3601,133.78,-14.9833,134.385,-14.3395,134.934,-13.6671,134.364,2
43,2580,77,39.088,-3.38469,-72.4188,93.4498,-71.7178,92.7663,-72.9022,90.9675,-73.2231,94.2611,-71.98,95.4829,1
43,2580,118,13.4707,-13.0104,51.5737,5.75177,51.9048,5.2263,51.232,5.13665,51.228,6.25889,51.8982,6.32396,1
43,2580,129,19.3607,-8.95702,68.3604,-46.6565,68.1521,-48.0323,67.7875,-46.0137,68.5532,-45.1899,68.8855,-47.3013,1
43,2580,135,-33.1528,11.6062,-5.59192,139.22,-4.92842,139.437,-5.51079,138.505,-6.205,139.04,-5.69528,140.038,1
43,2580,139,-15.4237,12.5775,-20.3383,-66.7812,-20.3673,-67.3573,-20.8925,-66.7395,-20.2929,-66.216,-19.7415,-66.8125,1
43,2580,152,33.7313,-8.33315,-21.3642,-176.526,-20.7533,-176.445,-21.411,-177.342,-22.0351,-176.633,-21.3138,-175.811,1
43,2580,168,37.8547,12.3739,-0.844406,9.43605,-0.841058,8.66123,-1.57097,9.6386,-0.836186,10.3474,-0.189302,9.27817,1
43,2580,170,-21.0474,0.638277,65.3851,-152.966,65.7387,-151.882,65.7741,-153.869,65.0439,-153.956,64.9654,-152.031,1
43,2580,178,12.9888,19.2744,44.283,24.664,43.8724,24.1417,43.9046,25.1719,44.74,25.2199,44.6782,24.168,1
43,2580,186,-36.6992,-14.9297,-23.7307,24.5055,-23.9502,23.6226,-24.2768,24.7942,-23.5518,25.2591,-23.1394,24.1627,1
43,2580,189,36.3452,-14.6894,59.5832,110.187,59.9373,109.219,58.8416,109.48,59.1638,111.197,60.2193,110.794,1
43,2580,198,-37.1372,-12.0436,-54.2019,23.4976,-54.2592,21.8275,-54.8976,23.8627,-54.1453,24.9168,-53.4318,23.0583,1
43,2580,199,-34.0179,0.125432,-21.4188,47.3408,-21.6538,46.5242,-22.0287,47.7295,-21.2019,48.0641,-20.7349,46.9034,1
44,2640,3,-24.6585,10.4337,68.3108,-137.574,68.919,-137.167,68.3871,-139.289,67.7303,-137.9,68.1958,-135.701,2
44,2640,16,-33.1203,-21.5493,14.2169,102.697,14.0809,101.817,13.6372,102.816,14.3102,103.448,14.8266,102.531,1
44,2640,42,38.1671,-6.65034,-17.379,139.868,-17.3312,139.145,-18.2265,140.051,-17.4465,140.685,-16.6504,139.707,1
44,2640,58,3.56466,22.0796,51.2946,-101.445,51.6663,-102.107,50.9393,-102.101,50.9113,-100.725,51.6431,-100.722,1
44,2640,61,-36.6513,11.2369,57.0528,-105.914,57.5002,-106.911,56.4096,-106.465,56.6593,-105.015,57.7933,-105.231,1
44,2640,63,-23.1288,-1.13786,25.7133,-12.161,26.2694,-12.0593,25.7475,-12.7382,25.1954,-12.2544,25.6771,-11.5441,1
44,2640,68,-27.5403,15.4539,-21.6182,165.071,-21.6027,164.455,-22.2294,165.123,-21.6096,165.656,-20.9278,165.03,1
44,2640,74,-22.0034,-12.7859,20.2021,16.89,20.8044,17.1434,20.3947,16.3446,19.6581,16.6497,20.0166,17.4617,2
44,2640,77,33.7826,15.8454,-72.5738,113.117,-72.0446,111.388,-73.1446,111.803,-73.1564,115.296,-72.0566,114.329,1
44,2640,95,-25.9991,-3.82875,26.0322,-98.4039,26.0834,-99.0824,25.4871,-98.3875,25.9805,-97.7831,26.6178,-98.4292,1
44,2640,97,37.5154,1.60935,40.9556,-9.14336,41.5942,-9.48127,40.4819,-9.94206,40.222,-8.76798,41.3618,-8.42669,1
44,2640,126,16.675,-11.2315,-34.6533,-69.6048,-34.9842,-70.1292,-35.1407,-69.156,-34.3234,-69.0615,-34.2053,-70.027,1
44,2640,139,32.6097,-9.01345,-22.0902,-61.9853,-22.0849,-62.6707,-22.8662,-61.8473,-22.1101,-61.2348,-21.4083,-62.1131,1
44,2640,168,-22.1498,4.388,5.23245,6.64433,5.24275,6.07637,4.68581,6.68464,5.22856,7.18085,5.82205,6.60393,1
44,2640,174,35.9856,-5.81739,-80.9269,179.799,-80.747,-176.186,-80.2011,177.615,-81.0608,175.122,-81.5464,-177.978,1
44,2640,186,35.5656,8.18508,-21.4221,33.9502,-21.5924,33.274,-22.0023,34.3021,-21.2174,34.722,-20.8929,33.6489,1
44,2640,199,-27.5663,-21.966,-20.5857,48.3847,-21.0319,47.5802,-21.1426,48.7057,-20.2162,49.0896,-20.0269,48.0181,1
45,2700,16,-22.6661,-11.3795,17.2152,106.826,17.1683,106.197,16.7056,106.883,17.2467,107.399,17.7457,106.75,1
45,2700,23,33.7848,8.27172,72.5224,-113.433,73.1477,-113.365,72.3937,-115.498,71.8112,-113.483,72.6077,-111.527,1
45,2700,39,35.8465,12.9992,-82.453,-105.109,-82.5689,-99.842,-81.7834,-105.213,-82.2537,-111.006,-83.0597,-105.176,1
45,2700,61,26.0449,22.3558,52.25,-95.8292,52.5877,-96.7325,51.7652,-96.2955,51.8748,-94.7917,52.7021,-95.3218,1
45,2700,73,-20.1953,5.64053,47.78,0.711058,48.3128,0.98098,47.9138,-0.0869593,47.2692,0.469501,47.6256,1.56189,1
45,2700,94,-37.5552,0.229185,4.26214,-122.882,4.34439,-123.657,3.58997,-122.763,4.19429,-122.203,5.02898,-123.023,1
45,2700,95,-22.7073,24.5321,30.1208,-92.8182,30.2013,-93.4544,29.4912,-92.9619,30.072,-92.1826,30.8332,-92.6221,1
45,2700,168,30.9428,-11.2839,3.43253,11.5945,3.48034,11.0028,2.69053,11.6284,3.36144,12.2324,4.08707,11.555,1
45,2700,174,-31.1778,17.3073,-86.0968,-100.345,-85.4549,-100.753,-86.1662,-110.772,-86.6949,-99.3359,-85.8835,-89.0918,1
45,2700,186,10.9444,21.816,-15.984,33.6134,-16.1903,33.1229,-16.445,33.7709,-15.7391,34.1372,-15.5051,33.4763,1
45,2700,195,-23.207,0.629323,-17.8487,-113.109,-17.2879,-112.79,-17.6169,-113.687,-18.3727,-113.406,-18.0945,-112.485,1
46,2760,16,-31.2098,6.93188,21.9033,109.792,21.9607,109.122,21.2971,109.852,21.8592,110.407,22.5837,109.73,1
46,2760,17,-18.8423,17.7838,44.3943,145.481,44.5648,144.8,43.8748,145.223,44.2424,146.158,44.9597,145.794,1
46,2760,19,-36.4786,-0.150957,36.0306,-117.103,36.7684,-117.049,35.8967,-117.89,35.38,-117.146,36.1808,-116.21,1
46,2760,45,-14.0077,23.2491,52.2072,-106.24,52.6552,-106.719,51.9392,-107.08,51.7646,-105.723,52.4741,-105.283,1
46,2760,61,16.3325,12.7479,53.5163,-91.8159,53.8384,-92.4995,53.1172,-92.3281,53.1738,-91.0781,53.8969,-91.2851,1
46,2760,71,-15.3597,24.909,56.7427,-125.618,56.6672,-126.619,56.1279,-125.605,56.8442,-124.6,57.4291,-125.583,1
46,2760,72,-36.3659,2.4464,71.8932,-47.6816,72.6346,-48.4587,71.5027,-49.5571,71.2372,-47.0202,72.3171,-45.4491,1
46,2760,76,35.1086,4.83409,-56.4719,49.0522,-55.8036,49.4089,-56.4319,47.7119,-57.2325,48.6338,-56.5061,50.2525,1
46,2760,95,-34.9572,21.8056,33.6234,-90.6949,33.8318,-91.4605,32.8475,-90.8452,33.4633,-89.9739,34.5422,-90.4829,2
46,2760,114,-36.1752,10.4863,-28.2408,-115.487,-28.0979,-116.216,-28.902,-115.463,-28.3495,-114.826,-27.4761,-115.505,1
46,2760,128,-21.6141,18.149,47.7001,-64.4727,47.3674,-65.187,47.1805,-63.9313,48.0416,-63.788,48.2875,-65.0648,1
46,2760,131,33.5994,6.06459,39.3352,-5.93411,39.4936,-6.805,38.6142,-5.94511,39.1515,-4.95012,39.9862,-5.90828,1
46,2760,156,-34.449,-7.48997,3.83636,-14.9661,3.86109,-15.7364,3.22018,-14.8597,3.80909,-14.2912,4.51618,-15.099,1
46,2760,168,-40.401,-4.56583,11.656,8.90633,11.7326,7.97991,10.9407,9.08062,11.5883,9.69555,12.4771,8.68957,1
46,2760,174,36.0144,13.5213,-86.2411,91.4872,-86.924,96.9333,-85.7727,99.3903,-85.419,87.0569,-86.5661,82.4373,1
46,2760,190,-26.2956,23.0706,25.4388,63.722,25.2108,63.0532,24.7392,64.0232,25.6941,64.359,26.2551,63.3991,1
47,2820,0,-24.397,20.8189,12.4186,76.6545,12.157,76.0754,11.7875,76.9667,12.7016,77.2049,13.1455,76.3204,1
47,2820,36,25.4765,15.7126,14.6595,-51.7513,15.0671,-51.3192,15.0191,-52.1763,14.1916,-52.222,14.2999,-51.3601,1
47,2820,54,-37.6183,4.4248,-29.3598,132.51,-29.1563,131.606,-30.1129,132.547,-29.5225,133.313,-28.4901,132.47,1
47,2820,56,27.3376,15.7657,21.265,-172.269,21.2273,-172.986,20.6494,-172.167,21.3209,-171.46,21.8523,-172.342,1
47,2820,71,-35.1762,10.1607,60.0357,-126.438,60.065,-127.889,59.3205,-126.172,60.0144,-125.129,60.8616,-126.741,1
47,2820,94,-32.6622,12.5105,10.2887,-116.856,10.3746,-117.506,9.6207,-116.819,10.2281,-116.256,11.0536,-116.886,1
47,2820,95,-37.9688,-11.9017,33.946,-91.2243,34.0681,-92.2814,33.2894,-91.1547,33.8255,-90.3284,34.6788,-91.3336,1
47,2820,115,-31.1927,24.2264,2.73664,-87.5845,2.74935,-88.1653,2.04273,-87.5544,2.76185,-87.0302,3.55306,-87.5943,1
47,2820,131,34.1337,-14.8658,40.0643,-4.63611,40.2747,-5.43906,39.2023,-4.85244,39.8013,-3.77921,40.8081,-4.46334,1
47,2820,140,28.8249,-6.36492,-50.8242,-32.7856,-51.1828,-33.5695,-51.3347,-31.9907,-50.4397,-31.9395,-50.3634,-33.4913,1
47,2820,141,-28.0743,-4.65501,-14.3066,-36.1536,-14.7247,-36.7251,-14.7353,-35.7119,-13.9288,-35.6358,-13.8479,-36.6366,1
47,2820,156,-33.948,7.18832,7.65067,-11.4909,7.74105,-12.1762,6.98826,-11.4291,7.58074,-10.8696,8.40446,-11.556,1
47,2820,168,-39.4482,-9.6323,13.894,10.9705,13.9239,10.0136,13.2104,11.1444,13.8592,11.7812,14.6647,10.7486,1
47,2820,173,35.2365,17.3005,-59.3563,-164.925,-58.8562,-163.777,-58.9148,-165.988,-59.9458,-166.295,-59.7772,-163.967,1
47,2820,174,7.09447,19.2346,-84.6557,26.3593,-85.0704,22.6218,-84.9842,30.7735,-84.1804,29.5883,-84.2748,22.5301,2
47,2820,182,24.6165,9.83535,-23.7199,-130.79,-23.2078,-130.601,-23.5989,-131.359,-24.2855,-130.991,-23.8444,-130.254,1
47,2820,190,30.1056,20.6827,26.7095,71.0138,26.3583,70.2327,26.1295,71.416,27.1345,71.9155,27.2774,70.6644,2
48,2880,0,-7.69407,18.2664,15.0928,79.0165,14.8142,78.5223,14.5811,79.2773,15.3954,79.5118,15.648,78.7551,1
48,2880,19,-33.0468,0.173475,30.5816,-111.234,31.2537,-111.165,30.5055,-111.933,29.9784,-111.292,30.6654,-110.454,1
48,2880,29,36.7735,7.76526,-30.6402,110.019,-30.9872,109.356,-31.1096,110.604,-30.2312,110.774,-30.2089,109.513,1
48,2880,51,-32.6504,23.0804,-24.203,11.6283,-23.529,11.7623,-24.141,10.7369,-24.8449,11.5479,-24.2973,12.6835,1
48,2880,54,-34.0399,-6.81117,-28.1101,134.759,-28.0195,133.855,-28.7663,134.83,-28.1892,135.554,-27.3846,134.665,1
48,2880,71,-28.075,-9.82856,60.7243,-123.198,60.6632,-124.63,60.1507,-122.99,60.7578,-121.91,61.3353,-123.462,1
48,2880,78,-39.537,8.39692,-34.5202,-179.512,-34.5586,179.484,-35.2657,-179.156,-34.4608,-178.634,-33.6386,-179.917,1
48,2880,88,5.50314,18.5678,37.5606,-115.987,37.4586,-116.59,37.0866,-115.909,37.6828,-115.35,38.0508,-116.044,1
48,2880,95,-15.1694,20.2688,36.068,-82.7958,36.1709,-83.4215,35.5324,-82.9705,35.9847,-82.1628,36.6499,-82.577,1
48,2880,146,-23.6348,14.1037,9.04452,149.254,9.45685,149.691,9.46605,148.783,8.63436,148.849,8.56524,149.765,1
48,2880,150,36.1709,16.185,14.3467,146.074,15.1084,146.053,14.1701,145.372,13.4509,146.116,14.4772,146.72,1
48,2880,154,-29.871,21.0706,-36.0577,-65.4161,-35.7843,-66.0933,-36.7112,-65.7369,-36.2838,-64.7504,-35.3078,-65.0248,1
48,2880,168,-2.09135,23.7363,16.2506,18.7845,16.2104,18.2354,15.7164,18.7434,16.3177,19.3632,16.82,18.8554,1
49,2940,9,-26.8817,22.1742,-14.7563,68.2555,-14.9974,67.6356,-15.4369,68.5684,-14.4873,68.8384,-13.9611,67.9222,1
49,2940,15,32.5729,0.167467,-1.01466,96.5084,-1.00347,95.9076,-1.67041,96.6316,-1.03013,97.177,-0.424488,96.4009,1
49,2940,41,14.8761,13.4518,-27.1522,125.752,-27.1863,125.15,-27.6714,125.794,-27.0996,126.398,-26.6386,125.728,1
49,2940,43,-34.1657,5.78619,30.848,169.579,30.93,168.763,30.1789,169.666,30.7809,170.315,31.608,169.484,1
49,2940,88,-35.5778,19.2211,43.2888,-117.056,43.3205,-117.954,42.556,-116.918,43.2859,-116.229,44.1572,-117.194,1
49,2940,103,-18.687,15.188,-5.86903,-106.588,-6.20046,-106.999,-6.29189,-106.23,-5.53018,-106.197,-5.39706,-106.968,1
49,2940,115,-35.7869,1.6489,7.30426,-85.2508,7.30622,-85.9375,6.70761,-85.0989,7.30701,-84.6408,7.97943,-85.4251,1
49,2940,142,-17.6323,22.1178,31.6796,-31.9925,31.3163,-32.5086,31.1695,-31.5615,32.065,-31.4938,32.2604,-32.4547,1
49,2940,154,-35.6485,11.8551,-34.0826,-63.007,-33.756,-63.7554,-34.7804,-63.2165,-34.3554,-62.3142,-33.2757,-62.7553,1
50,3000,7,9.37665,20.6831,-74.7981,5.26563,-74.5744,3.20251,-75.2986,4.27726,-74.9964,7.59084,-74.2922,6.30008,1
50,3000,41,19.9441,-9.37335,-26.2552,127.161,-26.2586,126.576,-26.8502,127.184,-26.2612,127.769,-25.7058,127.131,1
50,3000,80,34.5271,16.2853,45.3328,0.721663,46.0288,0.701648,45.1926,-0.16745,44.5223,0.767553,45.4298,1.54914,1
50,3000,88,-34.4603,-5.18206,44.1816,-116.121,44.1248,-117.114,43.6069,-115.887,44.222,-115.244,44.8166,-116.401,1
50,3000,100,34.9523,17.8418,-70.3949,72.0883,-69.8667,73.6581,-69.9998,70.4668,-71.0112,70.1789,-70.7702,73.5802,1
50,3000,138,-37.3157,14.8501,-25.4615,-77.2302,-25.3019,-78.0612,-26.2774,-77.1838,-25.5722,-76.4748,-24.4961,-77.2669,1
50,3000,154,-38.3448,2.25348,-32.4026,-60.6438,-32.0742,-61.4983,-33.1096,-60.749,-32.6779,-59.887,-31.5876,-60.5275,1
50,3000,185,-37.7706,-4.43866,-30.7445,17.8483,-30.8283,16.9583,-31.335,18.1262,-30.6679,18.6202,-30.0794,17.5259,1
51,3060,0,-34.5103,9.14739,25.9976,78.0942,25.7382,77.2989,25.3645,78.5518,26.2453,78.8088,26.7275,77.5701,1
51,3060,1,-33.9126,9.02925,60.0447,94.6122,59.8968,93.142,59.361,95.1982,60.1818,95.949,60.8274,93.9261,1
51,3060,7,19.4447,17.388,-74.2003,18.3762,-74.0807,16.1142,-74.7796,18.0072,-74.2858,20.9179,-73.6348,18.7978,1
51,3060,9,-25.8848,-22.7228,-12.4727,68.573,-12.9653,67.8658,-13.0044,68.9022,-12.0622,69.1993,-11.9472,68.203,1
51,3060,10,33.1771,-9.14792,-8.06477,-84.4154,-7.48924,-84.2879,-8.03237,-85.1534,-8.69224,-84.5713,-8.08529,-83.766,1
51,3060,15,32.9124,1.56782,4.80664,101.068,4.82095,100.457,4.15162,101.192,4.78855,101.75,5.3971,100.96,1
51,3060,19,-34.0866,-21.2131,24.2539,-104.671,25.135,-104.719,24.186,-105.324,23.5074,-104.652,24.3621,-103.975,1
51,3060,21,-32.7875,23.1921,54.1611,118.948,53.925,117.997,53.5269,119.526,54.4114,119.829,54.9178,118.281,3
51,3060,23,33.221,12.6683,52.5784,-87.1115,53.1533,-86.6398,52.7346,-88.0977,51.9122,-87.6198,52.4096,-86.2212,1
51,3060,24,25.0565,-13.9846,20.4489,-75.0909,20.8507,-74.7568,20.8159,-75.6294,20.0386,-75.4543,20.127,-74.6018,1
51,3060,25,23.0818,-8.71719,-15.4621,-68.5608,-15.0753,-68.2365,-15.127,-69.0417,-15.8614,-68.9121,-15.7628,-68.1145,1
51,3060,26,34.3148,18.8184,-53.7484,-61.5048,-53.1482,-60.8911,-53.5126,-62.483,-54.4579,-62.2181,-53.9872,-60.6096,1
51,3060,33,-34.6889,-18.6034,68.3224,112.69,67.5602,111.712,68.1115,114.186,68.959,113.618,68.5039,111.012,1
51,3060,34,-31.5732,22.0146,69.7792,-34.922,69.9703,-33.26,70.4144,-35.804,69.5521,-36.4286,69.0218,-34.0161,1
51,3060,39,-21.6294,-7.7238,-73.5301,131.671,-73.949,130.316,-73.8374,133.074,-73.14,132.879,-73.2057,130.233,1
51,3060,41,37.1676,-6.39525,-24.6556,131.48,-24.5955,130.74,-25.4806,131.635,-24.7342,132.314,-23.9418,131.344,1
51,3060,42,-29.11,0.0794399,8.15126,149.681,8.12548,149.024,7.56929,149.8,8.17654,150.28,8.78907,149.547,1
51,3060,45,36.1858,3.49048,41.5694,-86.5702,42.2503,-86.747,41.2359,-87.4704,40.7916,-86.373,41.8513,-85.7583,1
51,3060,54,-29.3479,-3.61583,-20.3568,143.53,-20.3367,142.785,-20.9647,143.614,-20.3735,144.204,-19.6947,143.431,1
51,3060,58,-17.8754,-24.6749,47.7736,-69.8808,48.4209,-70.3716,47.6145,-70.7095,47.1858,-69.4876,47.9576,-69.0715,1
51,3060,61,-31.8914,17.4362,54.7428,-58.4803,55.347,-58.7069,54.5006,-59.5778,54.1844,-58.2299,54.9929,-57.1863,1
51,3060,63,-38.5434,13.9003,3.97987,4.81481,4.64816,5.11446,4.0869,4.05382,3.37298,4.57138,3.83869,5.71349,1
51,3060,64,15.0804,-20.4731,-25.365,20.3566,-24.8564,20.4034,-25.232,19.7115,-25.8677,20.2837,-25.4657,20.9495,1
51,3060,73,27.4102,20.53,24.1272,7.80551,24.7888,8.02836,24.2707,7.15384,23.3619,7.57666,23.956,8.42093,2
51,3060,78,-27.7557,3.32201,-25.7902,-173.055,-25.9525,-173.739,-26.3423,-172.788,-25.6315,-172.428,-25.1826,-173.345,1
51,3060,80,34.6532,-9.06968,44.497,1.66288,45.0851,1.78788,44.4581,0.619341,43.8498,1.50522,44.5297,2.5753,1
51,3060,81,38.3845,-0.405272,14.4175,26.6554,15.0289,26.9317,14.5076,25.8673,13.7195,26.3356,14.3329,27.3417,1
51,3060,82,19.7313,18.0325,-17.7825,46.4881,-17.2483,46.6204,-17.6653,45.9667,-18.3765,46.3589,-17.9172,46.9961,1
51,3060,88,32.8686,-3.14898,43.2256,-106.128,43.2736,-106.928,42.5545,-106.025,43.1588,-105.244,43.8244,-106.221,1
51,3060,94,-37.68,-4.85013,20.3454,-108.833,20.4229,-109.697,19.6866,-108.713,20.2734,-108.086,21.089,-108.984,1
51,3060,95,-35.4655,-9.40969,42.4397,-75.782,42.6808,-76.8135,41.8152,-75.8716,42.2162,-74.8957,43.1341,-75.7057,2
51,3060,97,35.0073,-11.9343,30.3493,17.127,30.9687,17.1078,30.1795,16.2104,29.667,17.1221,30.5007,17.9202,1
51,3060,98,37.1263,-9.65456,6.24763,45.8134,6.88511,45.941,6.21599,44.9698,5.53827,45.6512,6.28082,46.5391,1
51,3060,100,-22.8693,5.43321,-72.0888,89.8544,-71.6225,90.8443,-71.8234,88.3157,-72.5286,88.8934,-72.366,91.5639,1
51,3060,106,33.8617,21.9377,68.5304,58.7856,69.224,59.7276,68.722,57.0571,67.6925,57.8023,68.2995,60.3355,2
51,3060,107,33.0077,14.7946,33.9526,69.1794,34.4843,69.7186,34.2702,68.4931,33.3271,68.58,33.6357,69.7934,2
51,3060,115,23.6949,-20.2102,8.50379,-78.0365,8.4612,-78.5452,7.85635,-78.0236,8.52092,-77.5133,9.07802,-78.0655,1
51,3060,118,-8.43373,23.7327,41.6921,51.5609,42.1641,51.4426,41.6649,50.8847,41.207,51.7143,41.6944,52.2977,1
51,3060,120,-32.8454,18.0074,41.4161,110.217,41.855,110.941,41.9276,109.437,40.9799,109.58,40.7979,111.092,1
51,3060,121,34.8213,10.4806,5.73666,106.483,6.29858,106.981,6.08486,105.823,5.08145,105.917,5.4035,107.07,1
51,3060,124,-20.6512,-2.18869,-76.9325,-106.163,-76.981,-108.831,-77.4825,-105.714,-76.8632,-103.687,-76.3502,-106.617,1
51,3060,129,-32.4401,22.2404,76.574,100.595,77.0619,102.739,77.0528,97.7163,76.072,98.8451,75.9495,103.664,1
51,3060,132,-37.9087,12.198,52.3238,75.8747,53.1102,75.814,52.0586,74.6319,51.6239,75.9668,52.6079,77.3631,2
51,3060,133,-15.56,19.1431,26.238,109.904,26.7829,109.972,26.3247,109.258,25.6905,109.864,26.1197,110.608,1
51,3060,135,28.9773,-10.0046,-31.1372,150.411,-30.5467,150.527,-31.0938,149.56,-31.7688,150.265,-31.1626,151.171,1
51,3060,138,23.4798,0.143465,-28.1684,-70.7479,-28.1851,-71.3933,-28.7733,-70.6547,-28.1489,-70.0548,-27.6045,-70.8314,1
51,3060,148,33.3813,-15.6917,-71.1246,148.439,-70.7037,149.955,-70.5076,146.512,-71.5423,146.663,-71.6279,150.228,1
51,3060,154,-38.3923,-6.29964,-30.9323,-58.0778,-30.6593,-59.0185,-31.6153,-58.1151,-31.1644,-57.2653,-30.1567,-58.0543,2
51,3060,156,-22.6188,4.35148,17.3064,-0.993516,17.3454,-1.58039,16.763,-0.979449,17.2742,-0.439892,17.8931,-1.0056,1
51,3060,157,13.0311,24.0518,37.8631,35.5364,37.9769,34.8261,37.3636,35.3264,37.7571,36.3245,38.365,35.7897,1
51,3060,158,-4.4856,-18.2123,46.7929,77.9374,47.1555,77.3521,46.4649,77.3559,46.435,78.4661,47.1221,78.4903,1
51,3060,160,-25.0899,-19.9319,48.6765,109.963,49.2523,109.278,48.3518,109.274,48.1542,110.532,49.0312,110.656,2
51,3060,168,-36.4705,-6.28308,24.7195,21.7221,24.7934,20.8271,24.0631,21.8299,24.6476,22.499,25.4538,21.5838,1
51,3060,169,25.1077,-13.4026,40.216,60.5645,40.4528,59.9131,39.5997,60.2154,39.9464,61.2322,40.7737,60.8694,1
51,3060,173,-21.4329,15.7899,-74.0179,-151.248,-73.5975,-149.941,-73.6362,-152.868,-74.432,-152.526,-74.4375,-149.406,1
51,3060,174,19.2028,-9.68049,-72.2064,25.9236,-72.5914,24.7422,-72.5931,27.4168,-71.8086,27.1258,-71.8451,24.5792,1
51,3060,176,35.4925,3.73816,1.02952,24.4812,0.596024,23.9466,0.587925,25.0787,1.52326,25.0896,1.43031,23.954,8
51,3060,177,-34.6672,-12.6641,35.177,16.6673,34.5667,15.9651,34.8214,17.3121,35.6936,17.2923,35.5432,15.9365,1
51,3060,185,-33.1907,16.4086,-25.9912,21.6356,-26.0368,20.9539,-26.6381,21.8199,-25.9212,22.2634,-25.2382,21.4425,1
51,3060,186,18.0334,-10.7329,1.82978,41.3661,1.68108,40.9098,1.31464,41.5339,1.97123,41.8396,2.30478,41.2021,3
51,3060,187,30.2823,1.04399,33.8782,61.1673,33.8049,60.497,33.2942,61.385,33.9534,61.9082,34.4104,60.9706,1
51,3060,190,18.9317,-1.09602,38.6241,74.3588,38.4429,73.669,38.061,74.6465,38.8082,75.0916,39.1548,74.0836,1
51,3060,192,-22.1995,-11.0119,62.7289,-155.584,63.4055,-155.389,62.7792,-156.853,62.1128,-155.776,62.6805,-154.261,1
52,3120,3,-0.798663,23.0556,39.4098,-118.206,39.9426,-117.935,39.6904,-118.857,38.8349,-118.457,39.0838,-117.537,1
52,3120,4,-22.1996,-7.76819,8.49133,-105.426,9.06112,-105.091,8.75213,-105.948,7.97059,-105.738,8.22682,-104.872,1
52,3120,15,-27.4066,24.2364,13.0757,100.576,13.0987,99.9862,12.3984,100.555,13.0885,101.149,13.8593,100.626,1
52,3120,20,-33.1243,-9.28016,19.2464,110.689,18.8507,110.07,18.8342,111.105,19.5871,111.241,19.686,110.22,1
52,3120,29,31.1869,1.01594,-16.2176,110.758,-16.5101,110.249,-16.6818,111.189,-15.8938,111.32,-15.7936,110.371,1
52,3120,31,-25.1748,-18.3061,1.10304,126.319,0.57228,125.907,0.772894,126.726,1.5641,126.697,1.42565,125.88,1
52,3120,36,19.7515,20.3316,-4.70146,-53.3321,-4.29381,-52.9413,-4.33739,-53.6972,-5.16837,-53.7528,-5.07876,-52.9882,1
52,3120,41,-39.4685,10.142,-15.0882,128.696,-14.9508,127.879,-15.8746,128.814,-15.1859,129.42,-14.158,128.567,1
52,3120,48,-28.0825,8.01939,-34.248,3.73838,-33.6332,3.7443,-34.3298,3.00726,-34.82,3.74749,-34.159,4.55002,1
52,3120,71,28.3589,-18.5797,64.5664,-91.977,64.8456,-93.1928,63.8692,-92.8153,64.2365,-90.7626,65.1802,-91.2456,1
52,3120,87,-39.2864,11.7125,21.8875,-134.105,21.8467,-134.899,21.1853,-133.827,21.9423,-133.403,22.7201,-134.427,1
52,3120,88,37.6963,-1.11102,45.5953,-101.808,45.7059,-102.73,44.8426,-101.699,45.454,-100.765,46.2536,-101.903,1
52,3120,94,-38.9225,-1.7174,23.3803,-106.088,23.5007,-106.975,22.6894,-105.974,23.2749,-105.32,24.1714,-106.229,1
52,3120,100,19.2727,10.999,-76.9643,78.3881,-76.547,79.884,-76.6372,76.5655,-77.4129,76.6933,-77.2786,80.2025,1
52,3120,101,-26.6938,-3.95981,-67.812,-118.496,-68.1113,-119.956,-68.2563,-117.613,-67.5294,-117.193,-67.3323,-119.426,1
52,3120,104,39.4035,-5.69125,38.9255,-97.9842,38.5982,-98.7771,38.3021,-97.2039,39.2791,-97.0604,39.4538,-98.6651,1
52,3120,105,32.6108,20.053,76.7986,-79.3653,76.5122,-82.2809,76.2362,-78.0407,77.1106,-75.8372,77.3346,-80.5759,1
52,3120,110,31.1387,24.9957,-17.8802,103.063,-17.1783,103.074,-17.9028,102.454,-18.7075,103.079,-17.896,103.647,1
52,3120,119,22.632,-7.0123,13.5566,79.4945,14.0386,79.573,13.6072,78.9292,13.05,79.4032,13.5139,80.0159,1
52,3120,123,33.7292,18.7185,-70.4857,116.648,-69.8326,117.999,-70.1644,114.767,-71.2519,115.002,-70.7968,118.397,1
52,3120,126,29.2589,24.567,-1.1235,-66.5034,-1.67661,-67.0615,-1.57209,-66.0258,-0.453467,-65.8699,-0.659723,-66.9329,1
52,3120,130,-30.7676,-1.66108,34.7178,-26.3467,34.747,-27.2062,34.0952,-26.246,34.6875,-25.5723,35.4028,-26.4665,1
52,3120,131,-35.208,-17.9635,55.1145,13.3619,55.4704,11.8194,54.4759,13.0589,54.782,14.6352,55.8189,13.6398,1
52,3120,138,35.0616,14.842,-24.8807,-65.8873,-24.9579,-66.7341,-25.5673,-65.6344,-24.7687,-64.902,-24.2463,-66.0868,1
52,3120,139,-37.4803,-0.275359,7.16424,-51.1907,7.15032,-52.0295,6.47081,-50.9757,7.18003,-50.4574,7.95455,-51.4433,1
52,3120,144,21.401,21.8672,64.3073,132.8,64.8987,133.477,64.5719,131.583,63.6271,132.121,64.0085,133.944,1
52,3120,146,24.0914,20.3359,-6.9405,144.725,-6.40303,145.133,-6.58683,144.233,-7.56204,144.279,-7.30864,145.185,1
52,3120,154,-27.5308,9.66112,-29.0735,-52.2277,-28.9073,-52.8818,-29.6679,-52.328,-29.2127,-51.6097,-28.4136,-52.1076,1
52,3120,179,-4.85506,19.3613,65.8322,-158.824,66.2022,-157.94,66.226,-159.686,65.4301,-159.673,65.3957,-157.973,1
52,3120,185,-5.20095,23.8208,-23.6022,26.1748,-23.77,25.6736,-24.0961,26.2889,-23.4016,26.6889,-23.065,26.0778,1
52,3120,188,-32.459,-13.3152,64.9569,99.5947,65.1813,97.9502,64.4059,99.3386,64.7359,101,65.5573,99.8338,1
52,3120,191,-27.8895,-20.3743,71.7565,110.386,71.8212,107.648,71.1302,110.164,71.6482,112.736,72.4133,110.515,1
52,3120,193,27.3636,20.0953,21.8875,-134.105,22.5743,-133.819,22.0816,-134.777,21.0911,-134.406,21.667,-133.474,1
52,3120,198,-30.0296,20.6313,-21.6371,45.5972,-21.8193,44.89,-22.3652,45.9,-21.4262,46.2546,-20.7817,45.2739,1
53,3180,2,-19.7597,20.0406,69.0647,-143.378,69.6518,-143.146,69.1554,-145.182,68.4805,-143.518,68.9193,-141.399,1
53,3180,15,32.0746,4.49798,10.7585,105.75,10.7714,105.13,10.1253,105.866,10.7449,106.444,11.3352,105.652,1
53,3180,27,-28.3317,22.3466,-75.6088,53.9173,-75.4152,51.8124,-76.2298,53.1449,-75.7462,56.0285,-74.8957,54.8161,1
53,3180,30,28.3574,17.0078,-27.4154,132.663,-27.8987,132.224,-27.7245,133.203,-26.8543,133.143,-27.1009,132.169,1
53,3180,32,24.404,23.6224,45.0504,128.607,44.5518,128.069,44.7092,129.205,45.6318,129.205,45.4077,128.041,1
53,3180,38,39.184,1.44043,-77.0471,-82.608,-76.956,-79.5655,-76.3301,-83.9418,-77.1042,-86.1626,-77.6682,-81.3516,1
53,3180,48,35.1405,-8.53158,-40.3455,0.424013,-39.7045,0.49155,-40.4435,-0.626554,-41.0553,0.324512,-40.2463,1.33538,1
53,3180,76,4.57209,23.5063,-69.4604,105.924,-69.0709,104.813,-69.7849,104.691,-69.8526,107.216,-69.132,107.225,1
53,3180,87,-28.7545,16.1731,24.8146,-130.955,24.7349,-131.579,24.216,-130.787,24.9096,-130.368,25.4975,-131.129,1
53,3180,88,-30.1663,-9.09661,52.3031,-105.591,52.3034,-106.683,51.7564,-105.481,52.2874,-104.617,52.8923,-105.735,1
53,3180,94,-33.3087,-8.73521,24.9522,-103.335,25.0009,-104.157,24.3524,-103.262,24.8992,-102.613,25.6092,-103.433,1
53,3180,128,15.6021,-11.3554,69.6529,-48.8931,69.4391,-50.3131,69.09,-48.2756,69.8456,-47.401,70.1712,-49.5274,1
53,3180,134,35.0649,21.5552,-12.1039,132.595,-11.2681,132.683,-12.1477,131.863,-13.1035,132.515,-12.1036,133.274,1
53,3180,138,-3.39688,-23.5818,-22.5221,-69.6796,-22.6513,-70.3149,-23.099,-69.6908,-22.4236,-69.084,-21.975,-69.697,1
53,3180,154,-40.1105,0.319222,-26.048,-50.9658,-25.7766,-51.8634,-26.7856,-50.9599,-26.2717,-50.1859,-25.1922,-50.9794,1
53,3180,167,15.5306,21.0889,2.5777,6.58165,2.5071,6.01038,2.0471,6.61344,2.67682,7.20823,3.11293,6.57555,1
53,3180,175,-24.4415,22.2644,-25.5186,17.6917,-25.8814,17.1874,-26.0344,18.1538,-25.1371,18.1588,-24.9141,17.1912,2
53,3180,178,2.92016,-23.5267,77.9722,22.5282,77.5428,20.8254,77.4956,24.0896,78.3518,24.3444,78.3936,20.8665,1
53,3180,185,-25.623,17.5883,-19.7605,25.9149,-19.8628,25.353,-20.3278,26.073,-19.6385,26.4489,-19.1177,25.7558,1
53,3180,198,-28.2891,13.9173,-19.0349,46.6516,-19.2324,45.981,-19.671,46.9612,-18.8255,47.273,-18.3093,46.319,1
54,3240,7,30.3407,4.21629,-68.1492,42.5546,-68.2174,40.7593,-68.8245,43.1308,-68.0485,44.539,-67.5282,42.0796,1
54,3240,22,34.7693,12.1384,73.3257,-119.407,73.9851,-119.543,73.1392,-121.536,72.5659,-119.226,73.4576,-117.417,1
54,3240,38,9.46494,17.6729,-83.0656,-82.628,-82.9021,-78.7729,-82.5979,-83.5334,-83.2207,-86.9057,-83.5428,-81.7335,1
54,3240,43,-37.3443,0.452193,43.5975,-175.165,43.8031,-176.226,42.8977,-175.154,43.4143,-174.239,44.3967,-175.185,1
54,3240,60,23.6243,-2.81385,51.6689,-105.11,51.96,-105.81,51.1655,-105.55,51.3496,-104.376,52.1342,-104.694,1
54,3240,62,-27.5714,23.4476,22.5574,-11.3255,23.1153,-11.1677,22.7096,-12.0369,22.0089,-11.4402,22.3531,-10.5116,1
54,3240,74,30.2669,-16.7119,-16.1981,23.0945,-15.6785,23.4103,-15.8368,22.3507,-16.736,22.731,-16.4969,23.7526,1
54,3240,96,39.3459,5.8009,40.0167,-8.8785,40.7104,-9.22085,39.5197,-9.68061,39.2066,-8.48471,40.4367,-8.15569,1
54,3240,117,-20.0888,17.7551,53.3491,17.4525,53.781,17.0401,53.0816,16.6821,52.934,17.8783,53.6243,18.3279,1
54,3240,125,33.0348,22.9478,-29.598,-69.2481,-30.1775,-69.9375,-30.0373,-68.6209,-28.8856,-68.4622,-29.149,-69.7997,1
54,3240,154,-35.0765,2.83953,-24.1871,-47.1807,-24.0003,-47.9437,-24.8492,-47.1911,-24.3433,-46.4961,-23.4368,-47.1696,1
54,3240,167,-36.6983,18.5112,8.96195,5.14371,9.09673,4.42817,8.15593,5.16892,8.87241,5.80068,9.92125,5.13451,1
54,3240,194,36.8337,17.4929,-19.6458,-121.976,-18.865,-121.55,-19.4537,-122.794,-20.5841,-122.471,-19.8523,-121.244,1
54,3240,198,-18.2506,23.1975,-15.0356,49.1568,-15.2811,48.5936,-15.6597,49.3968,-14.7572,49.7063,-14.3266,48.9157,1
54,3240,199,-37.7565,11.8957,19.0048,57.6636,18.7956,56.8171,18.2774,58.1173,19.213,58.4124,19.8667,57.1345,1
55,3300,16,-39.5161,5.39234,45.0012,138.011,45.3231,137.002,44.2794,137.896,44.7238,138.891,45.843,138.15,1
55,3300,57,-22.6005,3.88161,53.5334,-98.1377,54.0201,-98.7197,53.1576,-98.8654,53.0762,-97.5933,53.932,-97.335,1
55,3300,60,-29.8993,10.9985,57.4272,-98.3112,57.8468,-99.1171,56.9257,-98.9654,57.0442,-97.5583,57.9817,-97.5375,1
55,3300,72,23.7671,-2.68267,44.9506,-6.27442,45.4887,-6.06338,45.0521,-7.13046,44.3765,-6.50262,44.8521,-5.4848,1
55,3300,94,-35.8139,9.51605,31.5409,-96.0918,31.7258,-96.8881,30.8425,-96.1089,31.3868,-95.373,32.3465,-96.0621,1
55,3300,117,-15.1817,-23.8948,52.8952,17.3319,53.3448,16.6771,52.646,16.6176,52.4738,17.8841,53.1589,18.0191,1
55,3300,127,-36.7467,10.7545,45.0203,-69.8907,44.6421,-70.8538,44.4503,-69.1272,45.3712,-69.0326,45.6857,-70.7903,1
55,3300,140,-37.9982,-1.41518,-19.8422,-40.1665,-20.2867,-40.9592,-20.3415,-39.582,-19.4498,-39.483,-19.2751,-40.8369,1
55,3300,154,-36.7018,13.137,-20.882,-43.4684,-20.6679,-44.2016,-21.6281,-43.5078,-21.0494,-42.7989,-20.0096,-43.4089,1
55,3300,167,-37.0516,10.3606,11.0449,6.78707,11.166,6.04003,10.3045,6.86537,10.9545,7.45778,11.9082,6.70478,1
55,3300,189,35.6361,-10.648,45.025,-176.495,45.607,-176.307,45.0377,-177.583,44.385,-176.724,45.0139,-175.552,1
56,3360,18,-40.2303,-4.9219,35.5425,-117.895,36.4049,-117.825,35.3686,-118.724,34.8059,-117.955,35.7491,-116.942,1
56,3360,37,34.6417,-9.68793,-52.6615,-61.5025,-52.3835,-60.6364,-52.069,-62.2628,-52.9452,-62.4835,-53.1698,-60.8128,1
56,3360,57,39.5081,0.0808071,46.5861,-94.5554,47.2722,-95.0669,45.9513,-95.4585,45.7858,-93.9883,47.1241,-93.7515,1
56,3360,60,18.478,21.2436,53.4526,-89.7168,53.8113,-90.4652,53.0632,-90.2929,53.0648,-88.8772,53.8201,-89.0996,1
56,3360,68,-28.747,14.7265,15.1713,-170.867,15.1528,-171.473,14.5568,-170.769,15.208,-170.298,15.8685,-170.963,1
56,3360,70,-35.9958,13.584,58.7129,-130.908,58.7375,-132.317,57.9604,-130.628,58.7026,-129.633,59.5943,-131.224,2
56,3360,103,38.4459,-12.249,17.4565,-101.414,17.1245,-102.024,16.7932,-100.763,17.8039,-100.713,18.0104,-101.977,1
56,3360,130,40.3689,2.15717,39.1374,-6.48155,39.3946,-7.45178,38.2401,-6.47687,38.8227,-5.35834,39.9114,-6.47281,1
56,3360,167,-27.346,11.9325,12.9839,10.1026,13.0336,9.48983,12.3662,10.1269,12.9528,10.6801,13.6748,10.0872,1
57,3420,60,32.7907,19.0986,51.826,-83.7307,52.3403,-84.5206,51.3329,-84.358,51.2337,-82.8087,52.263,-83.0948,1
57,3420,155,-29.5686,-0.0464668,8.00517,-12.8972,8.04375,-13.5486,7.42056,-12.835,7.9717,-12.3043,8.64703,-12.9687,1
57,3420,167,-21.2443,8.66493,15.0005,12.7406,15.0247,12.1689,14.4464,12.7581,14.987,13.2875,15.6019,12.7297,1
58,3480,18,-34.1644,7.1807,28.8559,-111.467,29.5144,-111.348,28.808,-112.204,28.2586,-111.56,28.9002,-110.628,1
58,3480,40,-37.6805,15.271,-24.5896,118.101,-24.4077,117.306,-25.3876,118.115,-24.721,118.825,-23.6441,118.102,1
58,3480,44,38.7043,10.682,44.7772,-99.4967,45.5051,-99.9018,44.2896,-100.352,43.9219,-99.0205,45.1865,-98.7082,1
58,3480,46,39.6755,4.78377,-1.90293,-38.8028,-1.16169,-38.6174,-1.9686,-39.6301,-2.76911,-39.0191,-1.85804,-38.0809,1
58,3480,53,20.7932,3.72815,-30.2522,138.822,-30.242,138.171,-30.8328,138.867,-30.257,139.52,-29.7018,138.786,1
58,3480,55,38.8743,9.9014,23.5836,-170.183,23.649,-171.069,22.781,-169.986,23.5083,-169.139,24.2963,-170.335,1
58,3480,60,34.2204,-8.34709,51.5901,-82.5085,52.1033,-83.0222,51.0805,-83.3844,51.0131,-81.9759,52.0358,-81.731,1
58,3480,87,-26.0425,1.59348,39.5992,-120.934,39.5355,-121.669,39.0795,-120.773,39.6575,-120.252,40.1633,-121.111,1
58,3480,145,15.9111,10.2818,7.75639,142.999,8.18522,143.361,8.09601,142.561,7.29019,142.621,7.41443,143.419,1
58,3480,167,23.6771,14.2715,15.2207,18.6874,15.2095,18.0701,14.6567,18.7381,15.2454,19.3719,15.7634,18.6581,1
58,3480,172,30.3735,1.23273,-63.0014,-167.045,-62.6452,-165.952,-62.5276,-168.073,-63.3838,-168.287,-63.4286,-166.088,1
58,3480,198,-3.63179,-20.6053,-5.61722,52.9095,-5.94796,52.3945,-6.16016,53.1328,-5.32489,53.4045,-5.10589,52.6742,1
59,3540,11,-29.6394,14.9104,-45.1628,-18.2692,-44.6144,-18.5855,-45.4752,-19.0492,-45.6678,-17.9388,-44.8143,-17.3832,1
59,3540,28,15.0321,24.407,-23.1517,106.093,-23.514,105.643,-23.5602,106.405,-22.7299,106.572,-22.7189,105.802,1
59,3540,35,27.2707,12.3999,5.42429,-55.3417,5.81746,-54.9089,5.79208,-55.7697,4.9761,-55.8168,5.06509,-54.9497,1
59,3540,40,23.7245,21.2309,-25.8277,125.935,-25.9114,125.227,-26.3937,126.024,-25.7062,126.732,-25.2706,125.882,1
59,3540,44,26.785,16.6948,44.6264,-93.4272,45.2193,-93.7739,44.3527,-94.1639,43.962,-93.0217,44.8612,-92.7037,3
59,3540,53,-30.3906,16.367,-23.0143,138.58,-22.9197,137.875,-23.7271,138.575,-23.0735,139.245,-22.1973,138.605,1
59,3540,55,2.27471,20.87,29.6722,-170.014,29.6442,-170.641,29.1335,-170.051,29.7214,-169.349,30.2345,-169.947,1
59,3540,60,25.0329,24.3982,51.3903,-71.2971,51.9143,-71.9257,51.065,-72.0242,50.7998,-70.5595,51.6762,-70.5413,1
59,3540,66,-38.1678,-1.93246,-33.0957,147.306,-32.9633,146.377,-33.7633,147.404,-33.203,148.117,-32.3348,147.186,1
59,3540,87,39.4776,10.1188,39.5263,-111.013,39.5302,-111.974,38.8118,-110.731,39.5199,-109.882,40.1615,-111.243,1
59,3540,109,38.1723,15.3042,-68.1796,68.8088,-67.6539,70.3808,-67.7604,67.1835,-68.7957,66.8759,-68.5657,70.273,1
59,3540,114,-36.9145,13.9075,10.0841,-85.8204,10.1402,-86.4915,9.39705,-85.7069,10.0551,-85.2132,10.8905,-85.9406,1
59,3540,142,-38.0117,3.04323,67.2928,-35.8238,66.8133,-37.5931,66.8066,-34.3196,67.705,-34.2293,67.8345,-37.6394,1
59,3540,153,24.6434,-10.3333,-39.4035,-62.4485,-39.233,-63.1092,-40.0188,-62.661,-39.5931,-61.754,-38.8428,-62.2698,1
59,3540,167,14.2405,21.7871,18.9811,21.0845,18.9426,20.4813,18.4515,21.0765,19.0438,21.7466,19.5168,21.1208,1
59,3540,172,22.8729,-17.9493,-64.9286,-165.751,-64.5806,-164.75,-64.3723,-166.696,-65.2592,-166.843,-65.4106,-164.84,1
60,3600,6,15.283,19.2227,-74.8839,7.93844,-74.6965,5.71965,-75.4227,7.18977,-75.0432,10.4485,-74.3502,8.72647,1
60,3600,40,32.0854,-0.0724746,-25.2334,127.662,-25.2149,126.972,-25.9177,127.794,-25.254,128.429,-24.6171,127.548,1
60,3600,60,29.2767,2.76853,50.5341,-69.229,51.0564,-69.6126,50.1863,-70.0223,49.9569,-68.8149,50.8435,-68.4868,1
60,3600,87,31.2528,23.6677,44.0117,-107.651,43.9337,-108.635,43.4225,-107.505,44.1181,-106.497,44.5785,-107.741,1
60,3600,141,26.4728,3.74533,34.6108,-29.2643,34.2576,-29.8677,34.1414,-28.7377,34.9955,-28.5994,35.0489,-29.7521,1
60,3600,143,32.0024,1.71704,71.5822,120.571,72.1756,121.518,71.7481,118.337,70.9158,119.579,71.4049,122.548,1
60,3600,147,35.1467,-2.88196,-70.3289,145.372,-69.8831,146.921,-69.8347,143.497,-70.8053,143.534,-70.7478,147.096,1
60,3600,153,-38.8252,0.761415,-31.5173,-61.5763,-31.1981,-62.4534,-32.2289,-61.6553,-31.7845,-60.8052,-30.6969,-61.4923,1
60,3600,159,28.2615,8.8561,9.23056,149.927,9.83488,149.945,9.1599,149.319,8.55752,149.915,9.28258,150.496,1
60,3600,167,8.32835,-23.4596,19.0423,20.0848,19.0022,19.5088,18.4469,19.9897,19.053,20.641,19.5925,20.1488,1
61,3660,0,31.1061,19.4307,58.6598,106.486,58.5074,105.017,58.001,106.88,58.8384,108.201,59.2883,106.167,1
61,3660,9,-14.3263,18.3924,27.3801,78.8069,27.1181,78.2412,26.8355,79.0925,27.6614,79.3641,27.9815,78.513,1
61,3660,10,16.2211,-21.7837,-33.4868,-57.9916,-32.9746,-58.0597,-33.459,-58.7303,-33.9976,-57.9541,-33.4884,-57.3229,1
61,3660,20,-15.33,20.4629,55.1384,119.982,54.8988,119.236,54.6629,120.377,55.3944,120.721,55.6671,119.568,9
61,3660,22,18.99,21.4548,50.4754,-86.0024,50.9854,-85.6557,50.6907,-86.7205,49.8986,-86.3499,50.2339,-85.3121,1
61,3660,23,-32.4083,5.12835,17.5838,-71.5756,18.0359,-71.1227,17.8978,-72.1065,17.1661,-71.9785,17.2271,-70.9835,1
61,3660,24,13.2051,18.7392,-19.6681,-69.3872,-19.2355,-69.1046,-19.3946,-69.8077,-20.1461,-69.6798,-19.9587,-68.9748,1
61,3660,26,-18.1269,15.461,-78.864,26.1379,-78.5391,24.2397,-79.2591,24.3662,-79.1571,28.1648,-78.4306,27.9886,1
61,3660,32,-31.3652,11.6681,73.2761,106.685,72.7699,105.536,73.0114,108.633,73.7477,107.759,73.5635,104.419,1
61,3660,33,-37.2874,17.9065,67.9897,-36.7993,68.153,-35.0125,68.6606,-37.7794,67.7948,-38.3725,67.177,-35.75,1
61,3660,35,39.8564,-7.62418,-0.0771487,-57.6775,0.268026,-57.0999,0.504436,-58.3148,-0.455408,-58.3455,-0.569372,-57.1319,1
61,3660,38,-0.463446,-20.1388,-72.3978,134.988,-72.8363,134.1,-72.728,136.285,-71.9873,135.845,-72.09,133.755,1
61,3660,40,-28.9994,5.78495,-18.0402,125.713,-18.0058,125.051,-18.6468,125.783,-18.0605,126.325,-17.3668,125.641,1
61,3660,41,-35.2879,-4.29727,9.59958,147.304,9.57522,146.516,8.96844,147.476,9.61835,147.997,10.3031,147.1,1
61,3660,42,-29.9782,-1.79133,36.4428,174.17,36.5124,173.34,35.846,174.213,36.3755,174.919,37.097,174.115,1
61,3660,53,-28.3174,7.84051,-18.447,143.062,-18.4031,142.385,-19.0818,143.119,-18.473,143.692,-17.7403,143.007,1
61,3660,62,-35.4197,-10.2746,4.32668,1.52136,5.09679,1.69221,4.33757,0.904558,3.6604,1.36572,4.33339,2.20425,1
61,3660,63,-32.8823,-21.467,-23.668,22.6255,-22.8087,22.6174,-23.6942,21.9812,-24.3989,22.6106,-23.5993,23.3084,1
61,3660,70,16.8957,-9.73757,65.2871,-97.7435,65.4803,-98.9145,64.7441,-98.259,65.0681,-96.569,65.7948,-97.263,1
61,3660,73,19.7691,8.35684,-9.15962,19.8837,-8.6522,20.1163,-8.96289,19.3567,-9.71028,19.6389,-9.35774,20.3864,3
61,3660,75,39.2441,-0.238085,-70.8708,77.4457,-70.1299,77.1629,-71.2256,75.0155,-71.7263,77.777,-70.5437,79.4849,1
61,3660,80,-38.4512,14.4927,14.8841,32.8025,15.4929,33.1872,15.0859,32.0515,14.3258,32.4832,14.6284,33.6857,2
61,3660,87,37.6523,1.62312,44.5434,-105.631,44.6308,-106.554,43.8101,-105.483,44.4317,-104.579,45.1887,-105.756,1
61,3660,89,34.2504,-7.40689,42.99,1.28612,43.5741,1.42337,42.9638,0.295168,42.3464,1.11907,43.0108,2.15732,1
61,3660,96,27.1032,0.869499,29.299,18.2444,29.8587,18.1877,29.1614,17.568,28.6891,18.3039,29.4197,18.8697,1
61,3660,97,29.199,-6.52206,5.33618,45.5954,5.89846,45.6657,5.32733,44.9279,4.72875,45.5085,5.34805,46.1958,1
61,3660,106,14.5796,-14.5231,35.1866,68.9281,35.5679,69.3341,35.5831,68.4275,34.8115,68.5074,34.8262,69.3992,1
61,3660,109,-15.8488,19.3968,-75.2308,87.9539,-74.7819,88.966,-74.9196,86.161,-75.6869,86.9599,-75.5719,89.9639,1
61,3660,114,-37.0332,7.6917,15.6013,-81.9748,15.6447,-82.6806,14.9553,-81.8364,15.5742,-81.3445,16.3479,-82.1299,1
61,3660,118,-28.8953,-3.11243,17.3963,79.8956,17.9867,80.0045,17.4098,79.3393,16.8602,79.7962,17.3857,80.5007,1
61,3660,120,-22.6635,17.9951,4.26411,110.117,4.69135,110.529,4.69613,109.638,3.83099,109.736,3.76632,110.639,1
61,3660,122,37.2396,7.24193,-66.9516,111.885,-66.3938,113.236,-66.5607,110.104,-67.5868,110.248,-67.2954,113.493,1
61,3660,123,13.8529,-18.2355,-78.7271,-95.6089,-78.9199,-98.2838,-79.3369,-94.7089,-78.5328,-92.9929,-78.1691,-96.4393,1
61,3660,125,29.8819,10.5416,-5.06596,-69.1147,-5.48166,-69.6512,-5.51846,-68.6238,-4.5888,-68.5174,-4.63352,-69.5574,1
61,3660,129,17.0949,-24.3595,43.8721,100.308,44.3641,100.748,44.3681,99.5758,43.4038,99.8427,43.444,100.974,1
61,3660,132,33.88,13.1713,22.1171,104.106,22.8526,104.173,22.0281,103.35,21.2663,104.045,22.1721,104.802,1
61,3660,137,26.9357,21.9271,-25.4448,-70.1146,-25.5702,-70.8885,-26.0482,-69.9668,-25.2712,-69.232,-24.8548,-70.2183,1
61,3660,138,-24.3599,-12.4389,3.39147,-54.0971,3.26736,-54.7692,2.83865,-53.9723,3.492,-53.4881,3.96727,-54.2459,2
61,3660,145,21.567,18.4081,-4.38857,142.571,-3.88582,142.96,-4.03855,142.102,-4.96106,142.152,-4.75084,143.014,1
61,3660,153,-31.4137,3.3205,-30.1937,-57.2504,-29.9914,-57.9752,-30.8065,-57.3335,-30.3674,-56.5867,-29.5106,-57.1578,1
61,3660,155,25.4461,-5.31962,14.7607,0.316481,14.8118,-0.245611,14.1416,0.320488,14.6962,0.91637,15.3272,0.309065,2
61,3660,156,28.4744,23.2452,37.3292,36.1122,37.5036,35.2531,36.742,35.9521,37.144,37.1125,37.8863,36.3141,1
61,3660,157,32.0775,-3.23427,43.1161,79.4187,43.6203,78.9559,42.6258,78.741,42.5533,79.912,43.5518,80.0337,1
61,3660,158,35.1767,11.5353,29.2737,123.296,29.9749,123.177,29.0153,122.558,28.4646,123.444,29.4856,123.975,1
61,3660,167,-28.7831,9.09354,26.2974,22.6252,26.3914,21.9428,25.6778,22.6226,26.2206,23.2608,26.9892,22.6373,1
61,3660,168,-29.037,-0.753493,46.076,59.0555,46.3673,58.2138,45.5146,58.7982,45.8068,59.8154,46.691,59.3381,1
61,3660,169,14.8736,-11.2781,44.4844,110.029,44.9251,109.67,44.2128,109.336,44.0284,110.373,44.7432,110.675,1
61,3660,173,32.8848,-13.8883,-70.956,27.8747,-71.3948,26.5331,-71.4273,29.9259,-70.4865,29.3191,-70.5388,26.149,1
61,3660,175,40.0724,-0.619217,2.2096,22.6748,1.77645,22.0612,1.69252,23.3856,2.70473,23.3912,2.65859,22.0657,1
61,3660,176,-38.3642,-2.68087,37.9036,13.3529,37.3524,12.544,37.5153,14.1051,38.378,14.0621,38.3327,12.4769,1
61,3660,183,-36.2704,2.92749,-53.0561,-11.2077,-52.8582,-12.3177,-53.6944,-11.2283,-53.2161,-10.2105,-52.3294,-11.1855,1
61,3660,186,-32.24,-22.0751,36.5601,52.5234,36.2629,51.5698,36.0339,52.785,36.7887,53.3506,37.1023,52.2,1
61,3660,187,-37.9517,2.96862,65.5108,96.2825,65.842,94.6997,64.8584,95.9809,65.213,97.6507,66.2598,96.6463,1
61,3660,190,-38.4061,5.04088,73.2761,106.685,73.561,103.796,72.4671,106.552,73.0075,109.154,74.2172,106.86,1
62,3720,14,-27.438,13.7738,13.6531,98.6075,13.6826,98.0202,13.0535,98.6443,13.6426,99.163,14.3267,98.5797,1
62,3720,19,-32.6039,-2.30145,-8.81368,-78.1911,-8.14166,-78.0911,-8.84422,-78.7922,-9.41493,-78.2804,-8.77243,-77.5256,1
62,3720,29,-25.7591,18.677,23.7474,109.839,23.4815,109.328,23.2474,110.187,24.0229,110.32,24.321,109.46,2
62,3720,30,-23.6996,19.4937,6.61754,123.678,6.25199,123.285,6.19618,124.093,6.99093,124.043,7.10435,123.223,1
62,3720,31,-26.1718,-7.10112,40.0118,120.731,39.5499,120.219,39.7097,121.29,40.4266,121.208,40.3231,120.122,1
62,3720,37,30.1607,4.85507,-76.224,-77.401,-76.033,-75.113,-75.6851,-78.5581,-76.4135,-80.0099,-76.7169,-76.2895,1
62,3720,40,-0.0840194,19.7308,-16.0818,131.053,-16.1519,130.521,-16.5977,131.075,-15.9862,131.608,-15.5395,131.051,1
62,3720,43,-37.8622,-15.5284,55.4988,-136.84,56.0595,-138.214,54.8878,-137.336,55.0039,-135.727,56.1901,-136.324,1
62,3720,75,-0.201744,19.2837,-68.7017,96.5958,-68.2796,95.7448,-68.9727,95.3488,-69.1265,97.5678,-68.4253,97.901,1
62,3720,81,-17.5272,-7.39626,-19.3193,48.4464,-18.8048,48.5872,-19.2079,47.9492,-19.7992,48.3079,-19.4248,48.964,1
62,3720,93,-32.5321,0.420705,24.1776,-106.321,24.2635,-107.06,23.5656,-106.27,24.1009,-105.656,24.8589,-106.381,1
62,3720,104,-28.0506,-17.2302,76.0536,-108.231,75.5001,-110.192,75.683,-106.502,76.5157,-106.33,76.4089,-110.218,1
62,3720,105,30.7386,-12.7175,66.8544,58.3316,67.3085,59.2567,67.233,56.7103,66.3725,57.3325,66.5169,59.7326,2
62,3720,109,33.372,7.2624,-78.526,68.6676,-78.1069,71.1509,-78.0915,66.134,-78.9785,65.6493,-78.9101,71.0918,1
62,3720,117,33.9282,22.2377,34.9111,52.0784,35.6177,51.9285,34.7264,51.3698,34.0796,52.2803,35.0455,52.7557,1
62,3720,119,35.3197,5.18115,-18.2443,100.239,-17.6344,100.37,-18.2712,99.5458,-18.9386,100.092,-18.2276,100.861,1
62,3720,122,-34.4946,7.78005,-68.4718,134.139,-67.813,135.073,-68.2759,132.239,-69.0686,133.286,-68.6752,136.348,1
62,3720,128,-29.4144,14.8709,72.3621,99.2342,72.8351,100.746,72.7567,97.3143,71.8927,97.9456,71.879,101.286,1
62,3720,130,-26.6107,24.3439,55.7648,22.0564,56.1561,21.1999,55.199,21.2429,55.4085,22.9196,56.3948,23.0675,1
62,3720,131,-30.0359,-11.5721,50.0611,75.8176,50.7986,75.5323,49.8478,74.9336,49.4057,76.0475,50.302,76.7672,1
62,3720,133,-28.0672,2.205,-4.59143,132.889,-3.95637,133.042,-4.53988,132.278,-5.17635,132.753,-4.64734,133.559,1
62,3720,137,24.9261,-21.3754,-25.9654,-71.1731,-25.9981,-71.8231,-26.7407,-71.1817,-25.9621,-70.5046,-25.285,-71.1889,1
62,3720,143,6.31231,24.7174,63.0415,134.36,63.5527,134.989,63.3802,133.371,62.4698,133.755,62.6555,135.331,2
62,3720,147,37.2504,4.83736,-78.7069,144.656,-78.2029,147.478,-78.2411,141.325,-79.2529,141.092,-79.0956,147.791,1
62,3720,167,-38.1003,-6.98762,28.6037,23.1249,28.7084,22.1479,27.9235,23.2348,28.5044,23.9631,29.3709,22.9796,1
62,3720,174,-26.3704,23.9316,-27.3671,15.1395,-27.7317,14.6045,-27.9195,15.626,-26.9805,15.6314,-26.711,14.6078,1
62,3720,184,-36.8218,11.7769,-21.0614,21.3439,-21.1093,20.6186,-21.7169,21.5845,-20.9959,21.9939,-20.2943,21.0772,1
62,3720,185,-11.6226,-24.7799,7.0123,38.3522,6.73303,37.8295,6.51814,38.4851,7.24546,38.8372,7.48321,38.1971,1
62,3720,188,-22.6571,-19.9796,56.0101,176.81,56.6515,176.684,55.9883,175.899,55.4368,176.888,56.051,177.739,1
62,3720,191,32.8106,-8.47407,55.0887,-161.028,55.7402,-160.741,55.1346,-162.475,54.3767,-161.362,55.0409,-159.758,1
62,3720,199,-29.7755,9.96597,46.3619,68.8366,46.1865,67.874,45.7253,69.2384,46.5337,69.7274,47.0808,68.3861,1
63,3780,1,39.1898,-8.97005,65.586,-160.927,66.3492,-160.849,65.3295,-163.258,64.7185,-161.069,65.7806,-158.921,1
63,3780,14,-34.0023,14.6931,17.1649,100.485,17.2459,99.8123,16.4777,100.535,17.1119,101.104,17.9612,100.442,2
63,3780,39,21.5898,-13.7238,-28.3747,129.448,-28.7399,129.055,-28.7833,129.943,-28.0073,129.866,-28.0098,128.992,1
63,3780,40,-16.6359,14.5977,-12.5664,131.829,-12.5932,131.289,-13.1156,131.863,-12.5218,132.36,-11.9699,131.807,1
63,3780,44,29.8747,-9.86924,38.1947,-80.3009,38.7786,-80.3574,38.0497,-81.1925,37.5636,-80.2617,38.326,-79.5067,3
63,3780,47,-33.7588,-6.18756,-36.1341,5.38302,-35.3778,5.30244,-36.3104,4.63342,-36.8011,5.45082,-35.9212,6.20397,1
63,3780,89,37.9861,-7.25881,36.9734,6.79605,37.5897,7.01964,36.9849,5.78704,36.2818,6.52921,36.9607,7.6656,1
63,3780,93,-30.0941,-9.44275,25.8828,-104.107,25.9206,-104.88,25.3127,-104.062,25.8382,-103.42,26.4976,-104.174,1
63,3780,100,20.3681,4.34794,-62.0623,-109.26,-62.4093,-110.113,-62.4375,-108.417,-61.6825,-108.371,-61.697,-110.032,1
63,3780,103,37.0905,-7.50903,44.3057,-100.315,43.9948,-101.123,43.6899,-99.5514,44.6331,-99.3869,44.8307,-100.993,2
63,3780,114,-27.6743,-1.93645,20.1344,-77.2236,20.1096,-77.8416,19.6191,-77.1253,20.1552,-76.6581,20.6926,-77.3354,1
63,3780,127,-14.9068,16.6476,74.5464,-55.6403,74.298,-57.4761,74.0178,-54.7586,74.797,-53.7894,75.1237,-56.605,1
63,3780,137,30.4205,7.73265,-21.023,-66.2491,-21.0757,-66.9507,-21.6677,-66.0649,-20.9539,-65.4633,-20.4265,-66.4036,1
63,3780,143,25.7423,16.2124,59.6848,131.379,60.2539,132.051,59.9478,130.275,59.0322,130.679,59.4035,132.396,2
63,3780,166,-39.2518,2.86803,6.35027,0.0038893,6.46096,-0.81928,5.61938,0.138142,6.26229,0.721886,7.1981,-0.154446,1
63,3780,167,32.0548,7.29122,26.664,32.6747,26.7727,31.9578,25.9992,32.6951,26.5428,33.4827,27.2711,32.6698,1
63,3780,178,11.9939,21.41,60.1231,-164.662,60.5645,-163.956,60.4818,-165.446,59.6238,-165.376,59.7348,-163.916,1
63,3780,184,-28.345,-24.7934,-21.4352,22.0858,-21.7574,21.3165,-21.9522,22.2837,-21.1763,22.7533,-20.9161,21.8451,1
63,3780,197,-21.3981,22.2085,-17.273,45.7097,-17.5023,45.1177,-17.9153,45.9621,-17.0135,46.28,-16.5385,45.4522,1
64,3840,14,-26.6189,-23.3682,16.5527,100.848,16.4124,100.069,16.0035,100.907,16.6509,101.529,17.1123,100.751,1
64,3840,15,-37.2444,7.40582,43.8187,134.012,44.0967,133.087,43.1283,133.893,43.5782,134.835,44.6161,134.16,1
64,3840,21,36.5094,7.37861,72.1186,-118.448,72.7781,-118.338,71.9625,-120.606,71.3595,-118.549,72.2249,-116.483,1
64,3840,28,36.1786,13.7844,-5.48843,110.152,-5.87906,109.576,-5.93228,110.645,-5.02125,110.816,-5.0695,109.722,1
64,3840,40,-14.4861,-18.0091,-12.1218,132.22,-12.2322,131.613,-12.6446,132.263,-12.0355,132.779,-11.6015,132.156,1
64,3840,61,-24.6544,14.3515,21.6629,-13.5464,22.197,-13.4062,21.7543,-14.1622,21.1479,-13.6602,21.5449,-12.8648,1
64,3840,69,28.0416,2.86473,51.7361,-103.642,52.0784,-104.371,51.2108,-104.106,51.356,-102.855,52.2159,-103.198,1
64,3840,87,36.1004,2.44178,51.9697,-93.2252,52.1588,-94.2238,51.2649,-93.2785,51.7435,-92.101,52.5949,-93.1655,1
64,3840,93,-40.2026,-1.69834,29.9377,-101.617,30.1118,-102.587,29.2198,-101.521,29.7858,-100.785,30.7667,-101.74,3
64,3840,95,-30.0787,11.0526,45.7157,-5.22218,46.31,-5.44779,45.4591,-6.04075,45.168,-4.99458,45.9884,-4.28472,1
64,3840,116,26.2911,-4.33114,49.4896,13.9409,49.9336,13.5516,49.1501,13.2281,49.008,14.3425,49.7983,14.5996,1
64,3840,149,-35.1529,17.4617,-19.9276,-41.9969,-20.2572,-42.6941,-20.5611,-41.4586,-19.594,-41.3777,-19.167,-42.609,1
64,3840,166,-23.8377,11.3611,8.37728,4.28816,8.40426,3.71372,7.79431,4.31158,8.36583,4.83593,9.01997,4.27326,2
64,3840,172,-30.3137,17.7865,-85.9556,-110.613,-85.3239,-110.329,-85.9552,-120.514,-86.5503,-110.505,-85.8287,-99.5372,1
64,3840,184,-31.3248,-19.325,-17.4558,23.6958,-17.7341,22.9444,-17.9637,23.9316,-17.2291,24.3494,-16.9288,23.4176,1
64,3840,198,-28.2511,10.6125,19.5238,56.8571,19.2947,56.1921,18.9238,57.1955,19.7518,57.4731,20.2004,56.485,1
65,3900,14,-40.6565,1.15178,22.3772,103.624,22.4861,102.73,21.6641,103.782,22.2866,104.394,23.207,103.432,1
65,3900,69,-37.6242,6.95127,58.5973,-98.126,59.1554,-99.0466,58.0113,-98.8614,58.1057,-97.3139,59.2677,-97.2362,1
65,3900,72,-22.0273,4.64253,12.1252,14.8862,12.6363,15.1616,12.3394,14.3558,11.6387,14.633,11.8899,15.456,1
65,3900,87,37.4336,-0.240306,53.663,-88.3671,53.917,-89.3847,52.9233,-88.5281,53.3587,-87.2266,54.3111,-88.2146,1
65,3900,93,-37.7176,14.7105,33.3249,-96.5924,33.5591,-97.4166,32.556,-96.6571,33.1355,-95.8455,34.2321,-96.4964,1
65,3900,116,-27.1699,14.3417,52.4539,24.0637,52.9666,23.7746,52.2113,23.2156,51.9738,24.3594,52.7066,25.0349,1
65,3900,124,-5.80531,21.4599,-24.6594,-75.9967,-25.0135,-76.457,-25.1275,-75.6479,-24.2712,-75.5396,-24.1431,-76.3464,1
65,3900,126,-37.1058,10.4562,46.4426,-72.3211,46.0611,-73.3207,45.8718,-71.5289,46.7947,-71.4316,47.1089,-73.2575,1
65,3900,149,-33.0592,-4.09962,-18.7428,-41.7764,-19.1814,-42.4485,-19.1973,-41.272,-18.3526,-41.182,-18.245,-42.3398,1
65,3900,166,-25.8193,-12.8653,9.5574,4.84097,9.51205,4.15587,9.00706,4.90578,9.58563,5.45676,10.135,4.75358,1
65,3900,184,-27.0511,21.8104,-10.6951,27.5226,-10.8113,26.9738,-11.3063,27.6818,-10.5524,28.0452,-9.98907,27.3629,1
66,3960,2,-30.3857,-2.33463,27.2534,-113.226,27.8642,-112.761,27.5167,-113.896,26.7014,-113.641,26.9668,-112.49,1
66,3960,56,23.7484,7.05067,48.2387,-93.2851,48.7425,-93.7545,47.8721,-93.9945,47.69,-92.7755,48.5724,-92.5969,1
66,3960,69,-13.4608,20.3864,56.1884,-89.1629,56.5538,-89.7864,55.8468,-89.9019,55.8318,-88.5147,56.5406,-88.3186,1
66,3960,71,14.7493,19.6131,38.9547,-2.84093,39.5163,-2.67952,39.0958,-3.50976,38.3356,-2.98913,38.786,-2.1806,1
66,3960,79,13.194,23.7298,57.3515,-123.339,57.2757,-124.426,56.806,-123.331,57.4498,-122.138,57.9095,-123.29,1
66,3960,93,-25.556,24.0578,34.9605,-91.396,35.0931,-92.0761,34.3127,-91.5931,34.8617,-90.7227,35.6987,-91.1343,1
66,3960,116,26.4781,-9.09248,47.5489,23.8962,48.0235,23.6255,47.2844,23.1004,47.0387,24.1622,47.7898,24.6189,1
66,3960,166,-33.75,-3.53125,13.6189,7.11426,13.6562,6.35433,12.9935,7.21803,13.5833,7.78789,14.313,6.98906,1
66,3960,184,-30.0529,-2.40486,-9.23494,27.6587,-9.39293,27.0489,-9.73832,27.8876,-9.09124,28.21,-8.68596,27.4038,1
66,3960,197,-32.7598,-1.35113,-8.66645,46.5015,-8.93991,45.7639,-9.24458,46.876,-8.41888,47.1585,-8.02575,46.0802,1
67,4020,8,31.2309,-6.18621,10.5799,77.2347,10.3317,76.6212,9.92184,77.6509,10.8382,77.9126,11.1633,76.8591,1
67,4020,40,37.21,1.44553,-5.02277,143.806,-5.02126,143.101,-5.77812,144.022,-5.02687,144.611,-4.35671,143.622,1
67,4020,56,15.7028,24.9657,47.5468,-85.1949,48.075,-85.7085,47.2929,-85.9447,46.9689,-84.5983,47.7699,-84.4016,1
67,4020,69,33.7238,-11.8045,51.7969,-88.3806,52.286,-88.9296,51.265,-89.2668,51.2477,-87.8211,52.262,-87.6021,1
67,4020,79,30.9998,8.53968,57.6106,-117.992,57.6754,-119.215,56.9497,-117.902,57.5311,-116.619,58.2191,-118.051,1
67,4020,87,-27.8249,19.9333,63.231,-77.0554,63.533,-78.1175,62.6758,-77.7246,62.9581,-76.0259,63.8515,-76.2184,1
67,4020,93,-27.3151,13.2724,36.6536,-89.1337,36.8178,-89.8313,36.0535,-89.2647,36.5126,-88.4716,37.3238,-88.9684,1
67,4020,102,30.8521,21.2026,26.6924,-104.518,26.1937,-105.09,26.29,-103.991,27.2868,-103.864,27.0975,-104.996,1
67,4020,144,25.2636,16.5339,9.19955,139.609,9.71594,140.023,9.5426,139.098,8.6077,139.16,8.85002,140.084,1
67,4020,154,-30.1298,0.622269,9.37859,-14.1711,9.42339,-14.8294,8.78674,-14.1086,9.3402,-13.5725,10.0309,-14.2426,1
67,4020,184,24.9241,4.12784,-7.36115,33.732,-7.51919,33.2266,-7.85954,33.9582,-7.18623,34.2802,-6.89255,33.5263,1
67,4020,194,35.9537,-10.9119,-61.2709,-101.409,-60.6207,-100.82,-61.0654,-103.289,-61.9802,-102.141,-61.4177,-99.7703,1
68,4080,8,35.3086,-3.61582,14.2445,78.7106,13.9973,78.0229,13.5463,79.1945,14.509,79.4888,14.8564,78.2834,1
68,4080,45,39.9313,4.59614,-3.24759,-40.3125,-2.50303,-40.1222,-3.31373,-41.1486,-4.1186,-40.5352,-3.20204,-39.5844,1
68,4080,49,-34.4133,-3.89548,-25.2768,115.59,-25.2027,114.757,-25.9146,115.68,-25.3393,116.326,-24.5667,115.48,1
68,4080,52,-31.3143,24.8342,-23.7288,135.334,-23.6234,134.612,-24.5386,135.252,-23.7805,136.031,-22.772,135.462,1
68,4080,65,-30.2609,18.8983,-33.6632,146.075,-33.5576,145.367,-34.3308,146.023,-33.731,146.75,-32.8955,146.156,1
68,4080,79,-32.0667,0.124329,64.1758,-122.822,64.2363,-124.443,63.541,-122.677,64.1094,-121.369,64.8809,-122.999,3
68,4080,87,32.3825,-6.9975,58.3184,-71.744,58.6654,-72.6171,57.7062,-72.3428,57.9216,-70.8206,58.8612,-71.2031,1
68,4080,93,-36.0577,13.5988,39.7809,-85.9971,40.0575,-86.8314,39.0618,-86.1609,39.5472,-85.2353,40.6174,-85.784,3
68,4080,102,34.0396,19.4563,30.3017,-103.972,29.7987,-104.614,29.8877,-103.376,30.9046,-103.225,30.7087,-104.505,4
68,4080,142,-17.9206,-5.55156,79.6338,128.516,80.1394,130.281,79.882,125.802,79.1541,126.99,79.359,131.226,1
68,4080,197,-24.1829,5.91786,-1.20021,49.6289,-1.44175,49.0433,-1.7429,49.927,-0.964385,50.1755,-0.6058,49.3082,1
69,4140,25,37.4894,-4.6663,-81.6706,-28.604,-81.0466,-28.0107,-81.7244,-33.8717,-82.3726,-29.4738,-81.567,-24.1112,1
69,4140,27,38.3973,-7.88951,-24.4993,106.092,-24.7745,105.461,-25.1101,106.676,-24.2005,106.81,-23.9759,105.591,1
69,4140,34,28.2552,17.7215,2.91493,-58.0769,3.35244,-57.6311,3.28149,-58.5125,2.4044,-58.571,2.54791,-57.6794,1
69,4140,49,-40.5819,-0.149154,-21.6705,117.814,-21.5315,116.874,-22.4162,117.963,-21.7797,118.623,-20.8038,117.634,1
69,4140,52,30.6915,-4.62608,-27.8303,140.472,-27.7911,139.767,-28.5518,140.56,-27.8789,141.243,-27.1837,140.391,1
69,4140,69,26.7413,21.6601,50.7861,-71.3929,51.3294,-71.9553,50.4593,-72.1248,50.173,-70.7347,51.0716,-70.6485,1
69,4140,76,-39.9837,6.14017,-28.5732,178.818,-28.6577,177.855,-29.2943,179.202,-28.4788,179.654,-27.7236,178.375,1
69,4140,79,27.0089,23.7045,63.2261,-103.723,63.3623,-105.289,62.6251,-103.972,63.0737,-101.917,63.8015,-103.386,1
69,4140,93,30.2667,9.63401,35.9252,-78.4906,36.1167,-79.2233,35.3126,-78.6031,35.7128,-77.6676,36.4894,-78.3671,1
69,4140,141,-30.4138,20.0944,70.6089,-34.9828,70.2495,-36.6429,70.011,-33.6252,70.9638,-33.4146,71.3039,-36.6056,1
69,4140,146,35.9485,11.0748,-69.6804,142.673,-69.1378,144.232,-69.2713,140.843,-70.3005,140.781,-70.0505,144.347,1
69,4140,152,-34.0779,19.9826,-32.0078,-63.3266,-31.7267,-64.0361,-32.7387,-63.5692,-32.233,-62.6481,-31.1524,-63.0209,1
70,4200,65,-34.7158,6.34616,-28.8116,150.331,-28.7194,149.562,-29.4608,150.409,-28.8795,151.026,-28.072,150.248,1
70,4200,69,28.0704,-9.10753,50.4397,-70.5401,50.9444,-70.8685,50.1263,-71.4359,49.8927,-70.2155,50.7217,-69.7302,1
70,4200,86,11.7356,22.0361,46.4001,-110.679,46.3399,-111.436,45.907,-110.67,46.4814,-109.855,46.9039,-110.654,1
70,4200,93,-26.8919,21.409,42.9759,-76.2737,43.2131,-76.9968,42.3643,-76.6099,42.7714,-75.5637,43.6664,-75.8511,1
70,4200,108,32.1707,24.6944,-74.7332,67.7762,-74.1427,69.6422,-74.3433,65.881,-75.4315,65.4571,-75.1232,69.5648,1
70,4200,113,-36.8481,1.34322,13.7298,-85.692,13.741,-86.4152,13.1201,-85.532,13.7234,-85.0534,14.4229,-85.8776,1
70,4200,121,32.8387,21.5825,-66.2767,110.991,-65.605,112.111,-65.9485,109.475,-67.0734,109.643,-66.6065,112.4,1
70,4200,139,33.0078,4.22467,47.7793,9.89102,48.116,9.01817,47.0958,9.56824,47.3937,10.8618,48.3927,10.203,1
70,4200,152,-22.4724,-4.12581,-32.5229,-61.5274,-32.3832,-62.2002,-33.0451,-61.6275,-32.6518,-60.9025,-31.9681,-61.4298,1
70,4200,171,33.226,-2.16998,-71.7187,-173.945,-71.4025,-172.199,-71.1624,-175.426,-72.045,-175.966,-72.2051,-172.553,1
70,4200,183,-39.8473,1.76456,-26.5787,15.3596,-26.6305,14.4873,-27.2186,15.6562,-26.5222,16.1156,-25.8372,15.0166,1
71,4260,1,-28.8537,22.0814,41.1269,-119.653,41.6693,-119.141,41.529,-120.531,40.5836,-120.094,40.6292,-118.667,1
71,4260,5,14.9517,18.7664,-72.2074,20.2351,-72.1694,18.2552,-72.775,20.0693,-72.2053,22.4067,-71.6411,20.4688,1
71,4260,8,-27.5948,1.85225,27.4767,74.6258,27.1942,73.9315,26.9449,75.0119,27.7382,75.2651,28.0578,74.1979,1
71,4260,9,-38.7882,5.61954,62.4643,90.1695,62.3211,88.3094,61.732,90.9403,62.5842,91.8073,63.3143,89.2239,2
71,4260,13,-36.1462,15.5342,13.1885,94.4962,13.2846,93.8041,12.4599,94.5595,13.1259,95.1281,14.0444,94.4378,1
71,4260,21,-32.2736,22.1934,49.2687,-80.7539,49.6995,-80.1117,49.6947,-81.6119,48.8356,-81.31,48.7426,-79.7886,1
71,4260,23,-13.106,-18.4204,-18.1781,-69.866,-17.6996,-69.5835,-17.8922,-70.2764,-18.6112,-70.1424,-18.4454,-69.4452,1
71,4260,25,25.7472,23.1647,-81.4937,47.1968,-81.3756,43.0662,-82.0297,46.6133,-81.5506,52.0515,-80.9752,47.9002,1
71,4260,28,-30.2614,-3.9237,20.0065,106.416,19.6691,105.85,19.5944,106.802,20.3077,106.929,20.4509,105.986,1
71,4260,34,30.9124,11.262,-4.02943,-59.2089,-3.62699,-58.7412,-3.64551,-59.6741,-4.492,-59.7315,-4.39699,-58.7884,5
71,4260,36,37.3851,13.5038,-75.0779,-81.6181,-74.8416,-78.9694,-74.4865,-83.0186,-75.3277,-84.8126,-75.6145,-80.3434,1
71,4260,46,33.2865,-6.73613,-37.5417,-7.62936,-36.921,-7.55656,-37.6112,-8.57635,-38.2249,-7.72817,-37.4697,-6.79566,1
71,4260,49,-32.7904,9.7769,-16.1166,124.323,-16.0525,123.627,-16.7866,124.399,-16.157,124.961,-15.3531,124.246,2
71,4260,52,35.9307,-16.4187,-23.7874,145.036,-23.7206,144.303,-24.7374,145.1,-23.8911,145.839,-22.9826,144.966,1
71,4260,69,-15.7446,-13.1999,52.879,-63.31,53.3845,-63.6966,52.6899,-64.0625,52.4042,-62.9762,53.0799,-62.5482,1
71,4260,79,26.2879,-11.1302,64.9087,-96.2992,65.1799,-97.4863,64.2837,-96.966,64.5964,-95.0872,65.4724,-95.6936,1
71,4260,86,32.4814,-23.8274,44.505,-109.448,44.5612,-110.257,43.6429,-109.577,44.3983,-108.603,45.2361,-109.367,1
71,4260,89,-23.1146,-20.5706,15.3895,27.9189,16.0421,28.0507,15.5259,27.3991,14.8137,27.7842,15.2751,28.4562,1
71,4260,93,-29.4355,-5.62037,43.6941,-75.3754,43.9321,-76.233,43.139,-75.5518,43.4711,-74.6108,44.2988,-75.1934,2
71,4260,95,32.7757,-16.9094,28.7771,15.2307,29.372,15.2166,28.6788,14.3104,28.1362,15.2124,28.872,16.0241,1
71,4260,96,30.7153,-13.5126,4.42139,43.7026,4.99098,43.7855,4.45143,42.9626,3.81274,43.592,4.4061,44.3536,1
71,4260,102,-23.4422,-18.1389,38.0756,-110.817,37.5722,-111.39,37.6987,-110.329,38.5113,-110.282,38.4436,-111.346,1
71,4260,108,38.0809,-14.8776,-74.0656,64.7453,-73.7303,66.8053,-73.3566,62.5964,-74.3874,62.2988,-74.6371,66.7419,1
71,4260,113,-29.473,-15.1688,14.9734,-83.8149,14.8666,-84.5111,14.4581,-83.6939,15.0533,-83.1988,15.5164,-83.9662,1
71,4260,116,33.5389,10.824,36.77,47.0276,37.3921,46.9474,36.5808,46.2962,36.0605,47.1293,36.9235,47.7047,1
71,4260,118,28.5868,-16.022,-14.86,96.2166,-14.3488,96.3311,-14.7469,95.5282,-15.3955,96.0722,-14.9448,96.827,1
71,4260,122,19.1002,20.1785,-73.9168,-88.3663,-74.2588,-90.2889,-74.3989,-87.2202,-73.4993,-86.368,-73.419,-89.3547,1
71,4260,124,37.1157,-1.22813,-4.99575,-70.5989,-5.37331,-71.2254,-5.57218,-69.9774,-4.57192,-69.8822,-4.48886,-71.1387,2
71,4260,127,-27.6293,23.3602,73.6042,95.4601,74.0863,96.9594,74.0594,93.3318,73.1041,94.197,73.0302,97.7233,1
71,4260,129,-2.39765,23.7847,2.15723,105.827,2.61414,106.15,2.55039,105.416,1.65816,105.509,1.71633,106.247,1
71,4260,132,34.9956,-18.299,-4.71738,122.687,-4.0909,122.894,-4.52903,121.756,-5.38638,122.425,-4.85872,123.48,1
71,4260,137,18.3848,-20.8284,1.57061,-52.891,1.47878,-53.444,0.88665,-52.8617,1.63495,-52.3321,2.18464,-52.9376,1
71,4260,144,-21.3818,7.37962,-4.39172,144.221,-3.97356,144.632,-4.01934,143.773,-4.79696,143.836,-4.79991,144.702,1
71,4260,152,-38.6331,-9.66551,-29.184,-60.0713,-28.9505,-61.0551,-29.8645,-60.0717,-29.3839,-59.2312,-28.4156,-60.0958,1
71,4260,154,-32.6052,18.1243,21.6708,-3.00699,21.7972,-3.68812,20.9545,-3.04276,21.5799,-2.36796,22.5024,-2.9439,2
71,4260,156,18.5468,-22.2684,44.5626,77.0543,44.9683,76.5573,44.2021,76.2738,44.137,77.5132,44.8983,77.7457,1
71,4260,157,29.7326,-22.7072,30.8769,119.418,31.4587,119.336,30.798,118.45,30.2655,119.458,30.9605,120.247,1
71,4260,166,39.1478,-6.43421,21.2163,25.2101,21.3931,24.4761,20.3282,25.242,20.9945,26.0399,21.9761,25.1795,1
71,4260,168,-26.1318,-23.3979,48.0625,109.37,48.695,108.659,47.7599,108.64,47.4966,109.946,48.3987,110.098,1
71,4260,174,32.157,-15.1262,2.33087,19.041,1.96258,18.5554,1.74241,19.5973,2.70644,19.5808,2.83252,18.5472,2
71,4260,176,19.8404,20.4657,77.8069,25.4273,77.4099,23.2904,77.3703,27.0006,78.2457,27.9079,78.2466,23.8607,1
71,4260,177,35.0583,12.4024,66.3619,-173.612,66.9319,-172.461,66.6532,-175.227,65.684,-174.857,66.0637,-172.203,1
71,4260,183,-34.9488,6.17622,-23.2581,18.0802,-23.3307,17.3641,-23.8524,18.3187,-23.1793,18.7221,-22.5797,17.8153,1
71,4260,184,34.2227,-6.59849,5.01338,39.7367,4.89743,39.1601,4.3597,40.0147,5.12904,40.3775,5.58737,39.4878,2
71,4260,186,19.0877,-7.97148,61.1211,100.646,61.3313,99.7458,60.6316,100.19,60.8882,101.561,61.5777,101.072,1
71,4260,190,-25.8754,-16.0914,61.3458,-157.39,62.1101,-157.154,61.4169,-158.653,60.6691,-157.623,61.2848,-156.068,1
71,4260,197,-37.9139,-8.23017,8.45761,49.9808,8.08145,49.0901,7.86949,50.4461,8.77309,50.7464,9.10835,49.4359,1
71,4260,198,-20.5546,0.428154,42.7176,66.1176,42.505,65.3335,42.1889,66.4414,42.9148,66.8594,43.2786,65.7651,1
72,4320,0,38.0878,4.3581,66.1657,-164.368,66.958,-164.497,65.8458,-166.335,65.2472,-164.228,66.4135,-162.592,1
72,4320,13,33.0642,24.3944,12.2831,102.627,12.1827,101.851,11.6679,102.771,12.4267,103.545,12.8728,102.532,1
72,4320,18,-37.6391,12.5944,-10.9618,-77.808,-10.2733,-77.6146,-10.96,-78.5578,-11.5841,-77.9598,-10.9736,-76.9283,1
72,4320,22,23.0561,-7.17285,12.1024,-78.5183,12.4935,-78.2035,12.4207,-78.996,11.6951,-78.857,11.8133,-78.0768,1
72,4320,29,-31.1905,-22.7062,57.2387,115.259,56.7382,114.096,56.7926,115.878,57.6412,116.302,57.681,114.539,4
72,4320,30,-29.5927,10.7527,43.6026,117.218,43.1944,116.635,43.2367,117.871,43.9905,117.752,44.0169,116.484,1
72,4320,38,-9.19552,23.6613,-27.0471,124.142,-27.4254,123.78,-27.4358,124.54,-26.638,124.491,-26.6067,123.731,1
72,4320,41,-20.9451,-5.82405,39.0882,177.07,39.144,176.316,38.5597,177.042,39.0276,177.769,39.644,177.09,1
72,4320,43,-18.9769,10.0438,42.0139,-79.1976,42.5511,-79.2619,41.9352,-79.9251,41.4958,-79.1203,42.0844,-78.408,1
72,4320,68,-37.9423,9.88149,56.5935,-116.546,57.0351,-117.608,55.9176,-117.018,56.2078,-115.601,57.3773,-115.957,1
72,4320,71,24.2922,-13.1627,21.0889,4.43159,21.594,4.68695,21.356,3.76515,20.5678,4.14781,20.8567,5.0354,2
72,4320,92,-25.6515,-6.00692,24.4341,-107.271,24.4687,-107.948,23.8938,-107.247,24.3956,-106.653,25.0109,-107.307,1
72,4320,104,-28.7065,-18.9041,66.3937,70.3216,66.9688,71.5861,66.7527,69.213,65.8948,69.2319,66.0311,71.4994,2
72,4320,105,-34.6152,7.07235,27.7815,72.0594,28.1949,72.69,28.2096,71.4739,27.3961,71.504,27.2862,72.7179,1
72,4320,108,-31.3683,20.8331,-80.024,104.07,-79.4334,105.24,-79.8287,100.112,-80.5886,103.027,-80.213,108.83,1
72,4320,121,11.9892,17.2845,-72.3145,120.772,-71.8009,121.562,-72.0519,119.214,-72.8728,119.924,-72.5847,122.353,1
72,4320,126,33.0481,24.6974,71.6452,-43.7993,71.3466,-46.3276,71.0061,-42.9003,71.9863,-40.7053,72.2648,-44.5595,1
72,4320,128,-27.2894,-17.6399,38.6883,104.331,39.3227,104.927,39.0324,103.699,38.1378,103.798,38.3477,105.009,3
72,4320,130,-34.954,-16.7097,50.1921,74.972,51.0866,74.6155,49.9426,74.0226,49.4253,75.2418,50.4867,75.9995,1
72,4320,131,-30.0358,-1.91793,23.5389,109.299,24.2229,109.445,23.5525,108.623,22.9203,109.168,23.5265,110.041,1
72,4320,139,-39.1982,10.2512,57.4515,19.1524,58.0484,18.0855,56.7325,18.4277,56.9333,20.0941,58.2909,20.0606,1
72,4320,142,-38.124,7.13788,63.6402,142.459,64.0976,144.013,64.1234,141.047,63.2098,141.151,63.0569,144.039,1
72,4320,146,33.2101,15.8925,-81.3816,146.396,-80.7812,149.404,-81.0207,142.454,-82.0563,142.445,-81.7016,150.23,1
72,4320,155,38.6318,10.8147,37.8581,39.0309,38.2048,38.1614,37.1051,38.8607,37.4507,40.0489,38.5216,39.2115,1
72,4320,165,-27.662,21.8944,5.25484,-1.1955,5.2999,-1.79696,4.56446,-1.21661,5.24466,-0.614289,6.04911,-1.14689,1
72,4320,173,-12.0811,17.6064,-26.6245,14.2774,-26.9828,13.855,-27.0338,14.679,-26.248,14.6844,-26.17,13.8624,1
72,4320,175,17.5433,13.4866,44.9709,18.0228,44.58,17.4694,44.5979,18.5629,45.4014,18.6185,45.3452,17.5033,1
72,4320,177,-19.4299,-8.84402,65.0422,-160.67,65.4379,-159.617,65.4186,-161.545,64.6747,-161.629,64.6538,-159.766,1
72,4320,183,-23.521,3.17312,-20.8261,20.8136,-20.9478,20.2537,-21.3116,20.9943,-20.7057,21.3369,-20.3012,20.6215,1
72,4320,185,22.7229,-14.0973,39.6882,59.6941,39.6298,59.0496,39.092,59.7855,39.7276,60.3664,40.2267,59.5946,1
73,4380,13,-35.3587,15.4937,18.796,99.2478,18.8946,98.5504,18.0804,99.2961,18.7293,99.8873,19.6326,99.2076,1
73,4380,14,-35.2052,12.6989,42.8558,130.424,43.1078,129.576,42.171,130.271,42.641,131.199,43.6467,130.622,1
73,4380,18,-30.4637,4.51777,-13.6904,-76.7819,-13.0761,-76.6844,-13.7049,-77.3905,-14.2537,-76.8636,-13.675,-76.1049,1
73,4380,36,26.961,15.7076,-82.2014,-98.165,-82.1278,-93.8131,-81.6519,-98.8502,-82.2455,-103.129,-82.7264,-97.5808,1
73,4380,46,39.2402,3.56325,-43.8175,-0.19344,-43.0689,-0.183711,-44.0613,-1.28665,-44.6874,-0.20653,-43.6065,0.757073,1
73,4380,88,26.0111,6.46142,35.215,8.224,35.753,8.34441,35.2435,7.54145,34.6236,8.09973,35.1761,8.86145,1
73,4380,92,-29.9492,24.3017,29.4573,-102.146,29.5834,-102.831,28.7388,-102.282,29.372,-101.481,30.2946,-101.954,3
73,4380,103,36.9459,-7.71548,80.1617,-70.3587,80.1961,-74.1951,79.3477,-69.6636,80.0555,-66.1228,80.8635,-71.0888,2
73,4380,109,30.3827,15.7566,-59.0763,-109.422,-59.5472,-110.339,-59.4397,-108.448,-58.5195,-108.427,-58.7108,-110.287,1
73,4380,115,25.4898,21.4365,49.415,12.7154,49.8919,12.1524,49.0835,12.0813,48.8821,13.3685,49.7112,13.3658,1
73,4380,136,-35.2854,12.5555,-15.1222,-72.9439,-15.0521,-73.699,-15.8728,-72.8352,-15.1604,-72.2574,-14.2486,-73.0563,1
73,4380,148,-31.6002,15.1681,-22.6102,-44.0095,-22.9435,-44.6522,-23.1777,-43.5137,-22.2762,-43.4296,-21.9459,-44.5604,1
73,4380,159,38.2936,9.82549,-26.8223,-178.717,-26.0688,-178.695,-27.0192,-179.541,-27.705,-178.734,-26.6624,-177.983,1
73,4380,165,-30.7183,-7.67546,5.99666,-1.22729,5.9902,-1.94362,5.41071,-1.13343,5.99594,-0.588889,6.63183,-1.34309,1
73,4380,167,-19.3748,-16.892,47.5789,67.2226,47.8544,66.373,47.1155,66.841,47.3096,67.9758,48.0599,67.59,1
73,4380,171,-12.3878,13.9117,-84.6158,-150.665,-84.173,-147.949,-84.31,-155.164,-85.0518,-153.695,-84.9138,-145.366,1
74,4440,13,-30.5227,5.73825,20.3873,101.398,20.4333,100.74,19.794,101.463,20.3522,102.002,21.0495,101.329,1
74,4440,20,22.722,23.6123,70.5068,-110.18,71.1062,-110.084,70.5458,-111.751,69.8255,-110.214,70.4245,-108.645,1
74,4440,27,17.442,-11.3618,-5.51174,105.619,-5.78001,105.222,-5.96057,105.92,-5.2467,106.033,-5.10038,105.333,1
74,4440,62,-12.5838,20.7224,-37.6535,31.6689,-37.1525,31.6415,-37.6345,30.9955,-38.1606,31.7267,-37.6903,32.4026,1
74,4440,74,20.5159,23.4625,-70.2624,121.805,-69.9958,120.082,-70.769,121.026,-70.5191,123.832,-69.7693,122.63,1
74,4440,86,-5.93814,22.5627,57.2825,-94.1246,57.3654,-95.0192,56.7981,-94.3995,57.2127,-93.1899,57.7962,-93.7811,1
74,4440,88,30.7238,5.93986,31.8573,10.1306,32.4308,10.2877,31.8837,9.41343,31.216,9.96231,31.8204,10.7872,1
74,4440,91,30.6562,24.7008,2.81774,-122.282,2.72227,-123.021,2.21072,-122.171,2.95724,-121.416,3.40579,-122.348,1
74,4440,92,-37.0709,0.71341,30.9612,-101.948,31.1227,-102.819,30.2857,-101.904,30.8195,-101.184,31.7311,-102.005,9
74,4440,125,-35.9364,17.8889,45.0542,-74.5032,44.7034,-75.4374,44.4121,-73.7556,45.3986,-73.6645,45.8219,-75.3886,1
74,4440,136,-25.1833,-15.2992,-15.3448,-71.6768,-15.4582,-72.4099,-15.9096,-71.5709,-15.2555,-71.0204,-14.7586,-71.8104,1
74,4440,148,-37.7596,12.3801,-18.9979,-44.8115,-19.3442,-45.5703,-19.6066,-44.2324,-18.6634,-44.1491,-18.2703,-45.4787,1
74,4440,165,-25.47,-0.414582,8.91523,2.04779,8.92579,1.43215,8.35757,2.10512,8.90612,2.61673,9.51734,1.98298,1
74,4440,171,30.4155,-0.39693,-86.0906,150.072,-86.0959,159.025,-85.418,149.315,-85.973,140.505,-86.6994,150.982,1
74,4440,196,-29.5439,17.7146,-12.5593,43.5884,-12.7613,42.9274,-13.24,43.9002,-12.3384,44.201,-11.7688,43.2513,1
75,4500,60,-32.714,0.614109,18.6622,-12.7578,19.3078,-12.5703,18.6977,-13.3958,18.0805,-12.9213,18.6227,-12.0467,3
75,4500,72,34.5859,-11.3456,-23.3913,20.1374,-22.8468,20.5152,-23.0722,19.2956,-23.9775,19.6974,-23.6555,20.8744,1
75,4500,74,34.0407,5.02714,-71.1196,128.611,-70.7953,126.771,-71.8177,128.04,-71.4623,130.771,-70.4927,129.12,1
75,4500,86,35.1203,1.32251,54.9462,-87.899,55.1995,-88.8964,54.2652,-88.1142,54.6486,-86.7902,55.5513,-87.6924,1
75,4500,92,-37.0202,-17.2474,32.1225,-100.639,32.1758,-101.729,31.4833,-100.562,32.0548,-99.7225,32.8229,-100.766,1
75,4500,94,39.7808,2.0814,37.4521,-5.81159,38.1636,-6.02077,37.0188,-6.68893,36.6244,-5.57749,37.8156,-5.03675,1
75,4500,123,11.0865,15.0179,-24.0268,-76.7017,-24.3915,-77.1605,-24.4406,-76.3237,-23.6239,-76.2254,-23.5997,-77.0634,1
75,4500,136,-31.8088,20.1569,-8.84969,-67.8195,-8.82331,-68.4962,-9.61054,-67.7532,-8.83807,-67.1834,-7.95949,-67.8733,2
75,4500,165,-26.9806,19.7752,13.3195,5.70276,13.3691,5.09536,12.6555,5.68541,13.2998,6.28788,14.0764,5.74453,1
75,4500,170,35.6335,18.7847,-57.0348,-171.636,-56.5089,-170.547,-56.5989,-172.652,-57.6609,-172.94,-57.4543,-170.723,1
75,4500,171,-34.1962,8.55938,-85.8423,-46.9523,-85.4863,-54.9651,-86.512,-49.5856,-86.0687,-38.5246,-85.0707,-44.7401,1
75,4500,199,37.2046,15.9717,66.7175,159.932,67.497,158.934,66.1878,158.416,65.7911,161.079,67.1551,161.408,1
76,4560,31,31.629,23.7783,83.4681,-59.0913,84.0138,-54.7564,83.7882,-63.7161,82.7717,-63.1582,83.0985,-55.3206,1
76,4560,33,20.707,-9.96682,14.8818,-58.5201,15.201,-58.1268,15.306,-58.9109,14.5583,-58.9361,14.496,-58.1552,1
76,4560,39,-33.9543,13.659,23.2206,117.893,22.8196,117.353,22.7915,118.453,23.6031,118.376,23.7233,117.252,1
76,4560,55,-10.8608,16.9431,50.8354,-90.9495,51.3033,-91.3599,50.5876,-91.7336,50.3714,-90.5164,51.0796,-90.0864,1
76,4560,60,-31.2053,10.0698,14.7232,-10.2829,15.3122,-10.0852,14.8066,-10.9232,14.1756,-10.4493,14.618,-9.56151,1
76,4560,61,-37.0616,-6.28354,-12.7842,10.3746,-12.0104,10.5555,-12.7999,9.71467,-13.4548,10.2135,-12.7505,11.1165,1
76,4560,70,-24.4768,6.88048,40.2619,-0.877697,40.8031,-0.556295,40.4391,-1.60951,39.7478,-1.16372,40.0574,-0.0844796,1
76,4560,78,-34.0226,10.5039,60.7877,-132.112,60.8248,-133.553,60.0851,-131.891,60.7591,-130.803,61.595,-132.358,1
76,4560,86,-38.6128,-9.68701,62.4859,-90.0976,62.765,-91.8299,61.8423,-90.2252,62.2245,-88.6496,63.2134,-89.9918,1
76,4560,92,-34.6417,-18.2327,34.2287,-97.1972,34.2868,-98.2512,33.6146,-97.1681,34.1555,-96.3027,34.8929,-97.2706,1
76,4560,94,32.8179,-19.9116,37.728,-3.94634,38.3121,-4.1102,37.4912,-4.97931,37.0962,-3.81737,37.9411,-3.0646,1
76,4560,115,33.8028,18.3977,45.0157,27.351,45.6432,26.9791,44.6901,26.624,44.2892,27.7989,45.289,28.0527,1
76,4560,143,20.7648,20.3756,11.1492,137.691,11.6675,138.077,11.4977,137.216,10.5557,137.28,10.7822,138.141,1
76,4560,165,-22.609,24.7995,16.089,8.82723,16.1095,8.23431,15.4317,8.76562,16.1031,9.41705,16.8368,8.92644,2
77,4620,7,29.9236,20.5311,14.8358,75.8539,14.4294,75.1749,14.2956,76.2738,15.3257,76.6318,15.3689,75.484,1
77,4620,48,-29.5834,20.7318,-25.3062,114.224,-25.2162,113.546,-26.0129,114.178,-25.3561,114.875,-24.4903,114.302,1
77,4620,55,-39.959,-2.17568,53.5713,-86.5584,54.4513,-87.0194,53.1201,-87.603,52.8163,-86.1726,54.0907,-85.3335,1
77,4620,60,-36.3208,10.4008,11.9198,-7.682,12.5683,-7.42164,12.0024,-8.39217,11.3301,-7.89765,11.8127,-6.86092,1
77,4620,78,-35.6626,-10.5475,62.0283,-130.874,61.9723,-132.691,61.3887,-130.525,62.0489,-129.3,62.7308,-131.325,2
77,4620,92,27.0463,19.7393,33.8466,-85.6895,33.9548,-86.4592,33.2712,-85.7664,33.7379,-84.81,34.3953,-85.5804,1
77,4620,101,23.0815,-12.0438,25.1706,-108.13,24.8451,-108.59,24.6867,-107.691,25.4963,-107.637,25.6024,-108.542,1
77,4620,153,-33.3554,20.9522,12.5635,-14.1717,12.6756,-14.8324,11.8078,-14.1978,12.4931,-13.5495,13.4523,-14.1167,1
78,4680,7,25.1501,2.27387,16.5421,75.4618,16.2778,74.886,15.9947,75.824,16.8276,76.0889,17.053,75.1278,1
78,4680,24,7.64899,24.8092,-79.7897,-15.4508,-79.3081,-16.4856,-79.8895,-18.1786,-80.3005,-14.0751,-79.6876,-12.626,1
78,4680,42,36.6318,1.24984,44.2566,-101.35,44.9215,-101.616,43.8523,-102.268,43.4973,-101.06,44.6016,-100.526,1
78,4680,44,39.087,10.4436,-5.04134,-41.261,-4.26826,-41.1059,-5.12608,-42.0504,-5.95478,-41.4355,-4.98706,-40.5619,1
78,4680,48,-32.7635,14.3954,-22.8175,116.053,-22.7129,115.344,-23.52,116.072,-22.8879,116.712,-22.0084,116.047,1
78,4680,60,14.7779,-19.6155,8.3762,-11.392,8.87824,-11.3212,8.53044,-11.967,7.88005,-11.4845,8.25142,-10.8624,1
78,4680,64,-37.7444,14.4165,-31.889,144.114,-31.7109,143.3,-32.6435,144.127,-32.0192,144.855,-30.9985,144.116,1
78,4680,66,-38.3134,14.2091,25.1565,-170.191,25.2282,-170.99,24.4033,-170.047,25.1147,-169.475,26.0499,-170.348,1
78,4680,68,39.32,0.182022,50.229,-80.3685,50.8614,-80.842,49.675,-81.2775,49.4949,-79.8456,50.6998,-79.557,1
78,4680,73,36.2351,-0.317851,-65.675,56.3365,-64.9855,56.5158,-65.7826,54.4318,-66.4561,56.107,-65.5649,58.0012,1
78,4680,101,24.6991,1.07738,30.1579,-107.791,29.8218,-108.291,29.7382,-107.321,30.5183,-107.247,30.5487,-108.23,1
78,4680,141,36.9897,8.69994,74.5167,107.86,75.2558,108.752,74.5146,104.9,73.6518,106.947,74.4672,110.488,1
78,4680,145,33.6621,7.57253,-66.9527,141.048,-66.4541,142.329,-66.5458,139.517,-67.5116,139.535,-67.3202,142.457,1
78,4680,170,36.2958,7.20943,-66.888,-175.035,-66.4991,-173.508,-66.3754,-176.399,-67.3215,-176.847,-67.3462,-173.794,1
79,4740,19,37.8686,5.34471,-52.1689,-21.3299,-51.5429,-21.8211,-52.6682,-22.2315,-52.8885,-20.7417,-51.7307,-20.5377,1
79,4740,26,-25.3703,-8.06596,-21.3557,97.6708,-21.6797,97.1385,-21.7567,98.0092,-21.0642,98.1571,-20.9356,97.3042,1
79,4740,48,15.871,-9.34982,-24.992,120.565,-25.008,120.002,-25.5562,120.585,-24.9845,121.144,-24.4642,120.539,1
79,4740,51,-19.2941,16.4866,-21.8146,136.693,-21.8011,136.086,-22.4141,136.687,-21.8042,137.289,-21.1553,136.718,1
79,4740,64,-37.0644,-9.58146,-31.1458,144.929,-31.0935,143.972,-31.7739,145.057,-31.1921,145.754,-30.4466,144.765,1
79,4740,68,38.7968,-9.1951,49.6884,-76.4285,50.3141,-76.7745,49.1928,-77.5162,48.9731,-76.077,50.1083,-75.488,1
79,4740,107,37.3441,5.5265,-70.6182,63.8554,-70.1904,65.5343,-70.1525,62.0968,-71.0938,61.8348,-71.0257,65.4589,1
79,4740,112,-30.3706,-10.9314,10.9941,-89.1076,10.9123,-89.7769,10.4748,-88.9772,11.057,-88.5122,11.5498,-89.2646,1
79,4740,151,-36.921,-14.3726,-32.7328,-68.1317,-32.4946,-69.1555,-33.3804,-68.1876,-32.9408,-67.2605,-32.0134,-68.1048,1
80,4800,40,8.75403,-23.4295,32.1364,170.313,32.1106,169.668,31.5394,170.188,32.1318,170.936,32.688,170.402,1
80,4800,51,37.9236,9.44827,-23.3503,143.6,-23.3543,142.738,-24.1159,143.857,-23.3318,144.607,-22.665,143.395,1
80,4800,85,30.8577,-0.840515,45.092,-111.331,45.1409,-112.136,44.4601,-111.254,45.0279,-110.447,45.6638,-111.401,1
80,4800,87,-18.4869,22.7188,43.8574,4.20285,44.3638,4.3119,43.976,3.43099,43.3463,4.13323,43.6968,5.05366,1
80,4800,107,40.2322,1.47528,-73.9133,61.4029,-73.5176,63.6406,-73.3604,59.1393,-74.3391,58.6568,-74.3768,63.4636,1
80,4800,151,-30.8301,4.46133,-30.3207,-62.0854,-30.1206,-62.7975,-30.9303,-62.1757,-30.4923,-61.4299,-29.6416,-61.9834,1
80,4800,182,-33.2807,-1.46752,-25.5573,14.6508,-25.6641,13.9231,-26.1029,14.8888,-25.4575,15.3,-24.9518,14.3833,1
80,4800,196,-33.277,6.60576,7.6317,48.2215,7.39015,47.5033,7.01166,48.6021,7.86209,48.8675,8.33762,47.7923,1
81,4860,8,-31.6427,-23.3822,60.0608,87.7281,59.6125,85.9784,59.462,88.2955,60.3989,89.2644,60.6666,87.0222,1
81,4860,20,36.7212,-13.2582,49.1387,-93.4551,49.6258,-92.901,49.4796,-94.5939,48.6106,-94.0861,48.8478,-92.4858,1
81,4860,24,-27.1881,-4.3188,-77.4942,31.4122,-77.1899,29.0829,-77.9768,30.4438,-77.7556,33.627,-76.9679,32.3479,1
81,4860,28,-2.21133,-23.0569,55.1751,116.961,54.8693,116.214,54.7002,117.297,55.4396,117.691,55.6156,116.598,1
81,4860,33,-23.4259,-7.99023,-4.41889,-56.8513,-4.02784,-56.4181,-4.0648,-57.217,-4.7726,-57.253,-4.78472,-56.4578,1
81,4860,38,36.0855,19.5087,7.30008,124.495,6.73082,123.996,6.97051,125.077,7.98829,125.073,7.63058,123.979,1
81,4860,39,-35.643,6.58025,41.3518,114.318,40.893,113.646,40.9858,115.04,41.7687,114.918,41.7686,113.485,1
81,4860,42,-20.6552,-7.76461,44.3066,-85.4943,44.8891,-85.656,44.1804,-86.2089,43.7662,-85.3561,44.4439,-84.7471,1
81,4860,48,38.5608,-0.877409,-20.4124,128.078,-20.3743,127.315,-21.2192,128.296,-20.4594,128.953,-19.7103,127.894,1
81,4860,51,25.5296,21.8322,-18.5089,145.426,-18.625,144.703,-19.1075,145.548,-18.3485,146.247,-17.9212,145.344,1
81,4860,64,-27.0481,-15.5005,-26.8158,151.015,-26.8851,150.251,-27.3507,151.099,-26.7642,151.693,-26.2561,150.902,1
81,4860,70,-12.7492,-13.7656,24.3858,4.72531,24.9302,4.93607,24.5876,4.19689,23.8812,4.51693,24.1958,5.26131,2
81,4860,78,34.5515,6.1783,64.9036,-90.4155,65.3121,-91.7519,64.2336,-91.0674,64.4273,-88.9369,65.4987,-89.7736,1
81,4860,87,39.4789,-1.32516,39.1358,-0.370394,39.7999,-0.165882,39.0694,-1.39922,38.3731,-0.610477,39.1827,0.521154,1
81,4860,92,-20.8679,21.8896,44.7161,-71.6877,44.9508,-72.375,44.181,-72.0792,44.5056,-70.9951,45.3046,-71.211,5
81,4860,95,22.6851,-2.47319,2.87293,43.8759,3.39707,43.9201,2.87106,43.3011,2.31527,43.8246,2.87533,44.4104,1
81,4860,102,27.4708,-9.05775,75.7233,-91.5083,75.5357,-93.6122,75.1196,-90.4424,75.8898,-89.1848,76.2594,-92.574,1
81,4860,107,-36.629,5.89044,-76.6308,95.4915,-75.9722,96.8736,-76.4729,92.5728,-77.2158,94.1936,-76.7733,98.9193,1
81,4860,112,-29.5691,14.4062,18.8042,-83.162,18.8212,-83.7573,18.2102,-83.0981,18.8059,-82.6034,19.4782,-83.2206,1
81,4860,115,30.2175,-1.03015,36.4945,45.7604,37.0402,45.7351,36.3679,45.0221,35.8951,45.7832,36.6041,46.4324,1
81,4860,121,21.0951,1.83146,-74.3724,-90.5766,-74.6316,-92.466,-74.8696,-89.3367,-74.0777,-88.6258,-73.8959,-91.6652,1
81,4860,123,40.165,1.62076,-3.25912,-72.4285,-3.66727,-73.1201,-3.84687,-71.7293,-2.78674,-71.6195,-2.74487,-73.0247,2
81,4860,124,-33.5611,7.61316,34.0063,-76.9403,33.6279,-77.6901,33.4911,-76.3498,34.3575,-76.2647,34.5935,-77.6159,1
81,4860,125,-36.7675,-1.65017,68.7884,-72.4202,68.3369,-74.3579,68.2902,-70.9926,69.1672,-70.6648,69.3327,-74.1357,3
81,4860,127,24.4194,-5.58715,38.9637,95.3835,39.4111,95.8562,39.3272,94.6816,38.4909,94.8774,38.6302,96.0239,1
81,4860,136,29.0668,-7.05483,3.20047,-52.7513,3.16948,-53.3534,2.50172,-52.6205,3.221,-52.0993,3.82692,-52.8741,1
81,4860,138,23.7497,6.831,50.408,14.7158,50.7255,13.9363,49.8758,14.2953,50.0608,15.5591,50.904,15.1352,1
81,4860,145,-18.2641,19.7528,-77.7315,168.373,-77.1901,169.17,-77.5101,165.685,-78.2749,167.633,-77.9656,171.425,1
81,4860,151,-35.8011,-3.33405,-28.1077,-59.9594,-27.898,-60.7967,-28.7594,-59.9811,-28.2877,-59.2213,-27.3749,-59.946,1
81,4860,153,-4.65976,-18.034,18.4331,-4.81557,18.4008,-5.3828,17.9191,-4.86142,18.445,-4.27857,18.9328,-4.79014,1
81,4860,154,-36.3401,-19.5366,42.5294,26.0119,42.7445,24.7541,41.8912,25.9171,42.3205,27.0552,43.23,26.0637,1
81,4860,155,-16.7075,9.98067,46.9967,81.9808,47.4371,81.5764,46.702,81.3451,46.5727,82.3824,47.3012,82.6778,1
81,4860,156,38.6733,-1.6069,27.6654,119.933,28.3681,119.922,27.4101,119.048,26.8599,119.935,27.8792,120.704,1
81,4860,165,-6.26596,-19.5582,25.1715,19.8678,25.1434,19.2472,24.6472,19.8012,25.1767,20.4497,25.6819,19.91,1
81,4860,166,-33.4665,-19.1224,47.129,55.5939,47.426,54.3733,46.5325,55.3533,46.8484,56.6151,47.7789,55.8078,1
81,4860,173,33.6628,19.4573,7.79283,16.7932,7.23856,16.2613,7.4105,17.3544,8.45782,17.4036,8.17506,16.2914,1
81,4860,174,31.4104,21.4374,43.899,17.8533,43.3659,17.1304,43.4933,18.5466,44.5336,18.6909,44.3064,17.2221,1
81,4860,176,38.2917,-9.68633,67.0951,-177.632,67.5725,-176.335,67.5493,-179.66,66.5604,-179.075,66.6938,-175.954,1
81,4860,182,31.269,24.5304,-22.6318,23.447,-22.9218,22.7414,-23.1553,23.7471,-22.2624,24.262,-22.1142,23.2004,1
81,4860,183,30.3521,-24.8874,5.33996,36.9146,5.19445,36.3708,4.53199,37.0825,5.45119,37.4897,6.02267,36.7489,2
81,4860,184,35.0908,-12.237,37.4737,57.5417,37.4689,56.7996,36.7149,57.7155,37.4523,58.3577,38.1284,57.376,1
81,4860,195,32.3349,23.3967,-23.2588,45.4098,-23.7036,44.6154,-23.8254,45.8822,-22.7008,46.3288,-22.6953,45.0079,1
81,4860,197,-31.0048,-4.65735,43.8793,62.3893,43.6185,61.392,43.3064,62.8331,44.1029,63.2893,44.5004,61.8792,1
81,4860,198,-32.1972,-17.9269,72.4417,103.103,72.5449,100.068,71.7804,102.979,72.2987,105.667,73.1526,103.124,1
82,4920,12,-31.1441,24.9021,17.7903,96.7606,17.8489,96.1231,17.0532,96.7292,17.7736,97.3732,18.6589,96.8272,1
82,4920,21,-28.7908,21.6742,8.13985,-75.679,8.54999,-75.2871,8.55528,-76.1825,7.7256,-76.0304,7.64288,-75.114,1
82,4920,35,-32.8656,24.2433,-83.4157,-55.9422,-83.0231,-51.8841,-82.8485,-60.0125,-83.787,-60.0129,-84.057,-50.3253,1
82,4920,37,26.2471,13.1503,-25.7496,124.994,-26.189,124.577,-26.062,125.501,-25.2504,125.444,-25.438,124.526,1
82,4920,40,-37.7337,9.14552,42.7416,176.197,42.973,175.204,41.9904,176.167,42.5463,177.081,43.6174,176.243,1
82,4920,51,20.9035,-4.34318,-17.4062,145.419,-17.4303,144.841,-18.0089,145.489,-17.3858,146.028,-16.8455,145.351,3
82,4920,67,-35.9199,12.6613,56.9992,-115.142,57.4371,-116.113,56.3647,-115.714,56.613,-114.259,57.7278,-114.433,1
82,4920,71,-34.6153,-1.22436,-12.8045,21.9841,-12.1389,22.3624,-12.6235,21.3265,-13.3953,21.6494,-12.9996,22.7253,2
82,4920,91,-31.1046,0.238663,26.5231,-108.287,26.6117,-109.017,25.9264,-108.256,26.4428,-107.627,27.1831,-108.326,1
82,4920,104,-30.7772,-11.6111,27.9084,69.0054,28.4328,69.5789,28.2555,68.4785,27.4501,68.4957,27.5468,69.5831,2
82,4920,112,-36.356,-1.01272,21.1343,-82.4966,21.1456,-83.2519,20.5369,-82.3424,21.124,-81.8309,21.808,-82.6781,1
82,4920,116,-21.6275,-3.21531,10.6315,79.1527,11.1551,79.2358,10.6701,78.6604,10.1437,79.0737,10.5945,79.674,1
82,4920,120,32.7427,10.1932,-73.7346,111.246,-73.1646,112.756,-73.4109,109.02,-74.3769,109.422,-74.0259,113.328,1
82,4920,126,-11.9774,24.3128,68.3319,91.0202,68.8168,91.8077,68.6994,89.6918,67.8136,90.3171,67.8934,92.39,1
82,4920,128,3.75617,23.7192,-3.07019,103.044,-2.59734,103.365,-2.69276,102.633,-3.59354,102.721,-3.48799,103.458,1
82,4920,130,33.2468,-23.6166,20.2136,100.696,20.8505,100.832,20.3909,99.6603,19.5481,100.504,20.0837,101.568,1
82,4920,135,23.7245,12.0593,-20.7708,-71.8636,-20.848,-72.5095,-21.3472,-71.7297,-20.6708,-71.1531,-20.2173,-71.9731,1
82,4920,139,0.722691,18.3434,44.205,75.7717,44.7225,75.6063,44.1277,75.042,43.6672,75.9683,44.2611,76.5385,1
82,4920,141,-24.3366,-8.29452,63.7722,135.795,64.275,136.792,64.1086,134.735,63.3125,134.904,63.4179,136.907,1
82,4920,143,1.36817,-21.3594,-6.98919,139.469,-6.51824,139.804,-6.56368,139.065,-7.42294,139.132,-7.37445,139.867,1
82,4920,147,-34.6816,2.29826,-26.2491,-47.1579,-26.6369,-47.8988,-26.7497,-46.6089,-25.8937,-46.5057,-25.6812,-47.7747,1
82,4920,151,-31.5154,-3.35993,-26.316,-56.4048,-26.1703,-57.1563,-26.9156,-56.4241,-26.444,-55.7296,-25.6558,-56.3923,1
82,4920,182,34.4583,12.8378,-20.4691,24.7583,-20.6697,24.0846,-21.021,25.099,-20.2231,25.5292,-19.9551,24.4682,1
82,4920,185,22.9905,-0.238002,62.439,111.39,62.7535,110.532,61.9861,110.754,62.0953,112.285,62.8584,112.003,1
82,4920,195,-28.0269,11.4567,-19.1429,39.3817,-19.3448,38.7121,-19.7576,39.6946,-18.9341,40.0009,-18.4477,39.0448,1
82,4920,196,-25.6784,24.866,16.4154,51.6089,16.1733,50.9865,15.7033,51.8923,16.6905,52.2037,17.2506,51.3079,1
82,4920,199,-17.536,-12.1694,56.1312,-155.995,56.7595,-155.743,56.2572,-156.984,55.5528,-156.24,56.0097,-154.981,1
83,4980,7,3.03668,-20.0827,32.9115,77.3093,32.6086,76.7196,32.3515,77.5646,33.1798,77.8919,33.4308,77.042,1
83,4980,12,37.3069,-11.7861,13.2305,101.509,13.3243,100.862,12.3863,101.57,13.1008,102.225,13.952,101.446,1
83,4980,13,-37.294,-1.1293,43.3324,128.222,43.5749,127.227,42.674,128.171,43.1156,129.088,44.0813,128.272,2
83,4980,22,-28.8521,-5.83422,-28.3647,-69.0223,-27.8559,-68.6184,-28.1175,-69.5611,-28.8209,-69.394,-28.6216,-68.4318,1
83,4980,27,33.949,-10.3959,27.7579,111.512,27.5199,110.919,27.1531,111.973,27.9999,112.174,28.2809,111.097,1
83,4980,29,38.9695,0.663679,72.1421,-124.911,72.8101,-124.718,71.9618,-127.321,71.3736,-125.131,72.2694,-122.773,2
83,4980,35,-37.9548,13.7134,-86.0123,-45.0481,-85.4804,-38.754,-85.6056,-53.5126,-86.4558,-51.9555,-86.3677,-33.0444,2
83,4980,67,-40.6392,3.58173,58.3691,-110.572,58.9341,-111.719,57.6927,-111.147,57.8796,-109.595,59.1581,-109.872,1
83,4980,73,39.3039,9.93343,-73.2418,110.568,-72.6894,108.561,-73.9812,109.348,-73.8608,113.124,-72.5938,111.623,1
83,4980,85,-6.00971,24.6527,56.4017,-98.8429,56.4617,-99.7372,55.9038,-99.1004,56.3582,-97.9022,56.9337,-98.5126,1
83,4980,88,13.0993,-20.9277,5.40766,26.7484,5.89125,26.8754,5.63788,26.2193,4.93707,26.6012,5.21357,27.2394,1
83,4980,91,-36.3368,5.91082,29.9626,-105.354,30.1306,-106.168,29.2754,-105.333,29.8202,-104.627,30.7513,-105.374,1
83,4980,94,-29.893,-21.8152,27.8358,24.3621,28.6415,24.2198,27.7528,23.715,27.1393,24.4601,27.9552,25.035,1
83,4980,103,15.9695,-10.9517,59.589,59.5663,59.981,60.1899,59.941,58.7007,59.1932,58.9243,59.263,60.3687,2
83,4980,112,26.8402,-5.22591,20.1004,-75.7301,20.1076,-76.2765,19.5182,-75.6687,20.083,-75.1433,20.6307,-75.7899,1
83,4980,114,35.9853,13.989,47.9301,12.0808,48.5184,11.566,47.4843,11.3836,47.2485,12.6831,48.3144,12.7464,1
83,4980,120,22.1577,3.5833,-76.3308,118.434,-75.8288,119.625,-76.0672,116.172,-76.8659,117.06,-76.5653,120.632,1
83,4980,131,25.9188,0.0390863,-13.044,127.315,-12.4699,127.44,-12.9905,126.665,-13.6656,127.177,-13.0943,127.915,1
83,4980,135,-35.6488,11.4287,-13.993,-74.5792,-13.9265,-75.3407,-14.7401,-74.4584,-14.0294,-73.89,-13.1242,-74.7072,2
83,4980,138,-33.0262,22.6209,57.3378,28.8952,57.8921,28.1401,56.7831,27.8037,56.8384,29.6459,57.9621,30.2649,1
83,4980,147,-30.419,14.2543,-21.2965,-46.2002,-21.6329,-46.8169,-21.8428,-45.7213,-20.961,-45.6409,-20.6625,-46.7293,1
83,4980,151,-36.7632,14.2554,-22.2213,-52.2348,-21.9945,-52.969,-22.9763,-52.2942,-22.3985,-51.562,-21.3359,-52.1504,1
83,4980,164,-37.9028,13.0162,9.60227,-1.75689,9.74093,-2.50833,8.82444,-1.68731,9.50154,-1.0812,10.5201,-1.82627,1
83,4980,167,25.9828,-12.9877,39.9187,117.683,40.4494,117.47,39.6843,116.852,39.3535,117.881,40.1346,118.428,1
83,4980,172,28.4644,13.4891,-21.4267,15.6882,-21.89,15.2058,-21.7926,16.2193,-20.8934,16.2179,-21.0656,15.2049,1
83,4980,182,-25.3598,2.34236,-15.6303,20.6904,-15.7625,20.131,-16.1205,20.8841,-15.5021,21.2092,-15.0982,20.482,1
83,4980,196,-34.4882,16.5411,19.52,51.1228,19.3157,50.3583,18.7912,51.5172,19.7353,51.8158,20.3818,50.6741,2
84,5040,9,-26.6469,22.8918,62.6977,-138.151,63.2919,-137.6,62.962,-139.685,62.1052,-138.587,62.347,-136.438,1
84,5040,12,-32.4902,9.29244,22.2246,100.358,22.2968,99.675,21.5918,100.414,22.1705,100.984,22.9429,100.302,1
84,5040,26,16.9921,-8.31549,-3.22692,103.452,-3.49193,103.059,-3.65722,103.751,-2.96109,103.863,-2.82797,103.168,1
84,5040,37,38.2614,-4.66393,-19.7976,125.582,-20.2146,125.046,-20.2459,126.282,-19.3314,126.196,-19.4084,124.979,1
84,5040,67,-38.5354,-14.0782,58.4221,-107.318,58.9545,-108.737,57.8224,-107.81,57.9514,-106.167,59.1024,-106.8,1
84,5040,85,-38.6045,-0.338119,60.0335,-100.2,60.2655,-101.682,59.3626,-100.226,59.822,-98.9236,60.8029,-100.181,1
84,5040,91,-37.0625,10.3228,32.8209,-101.886,33.0318,-102.712,32.0961,-101.914,32.6458,-101.145,33.6641,-101.843,1
84,5040,112,-36.0958,-7.34101,26.4835,-78.101,26.4746,-78.9258,25.9037,-77.9464,26.4829,-77.3821,27.1269,-78.2907,1
84,5040,135,-36.081,14.6981,-10.6894,-72.2583,-10.6203,-73.0109,-11.4713,-72.1428,-10.7227,-71.5741,-9.76958,-72.3773,2
84,5040,164,-19.9138,22.3318,11.4203,2.67484,11.4257,2.11287,10.8068,2.63998,11.4437,3.23404,12.107,2.73829,1
84,5040,170,-31.0162,18.5209,-86.6016,-61.4459,-86.1718,-68.9904,-87.1886,-68.9773,-86.9112,-52.3136,-85.8817,-55.264,1
84,5040,172,20.9426,11.9454,-17.9161,14.5239,-18.3261,14.1081,-18.2752,14.967,-17.4591,14.9673,-17.5575,14.1089,1
84,5040,182,36.9683,-13.1445,-16.1663,26.805,-16.2642,26.1771,-16.9362,27.1116,-16.0797,27.505,-15.5114,26.5345,2
84,5040,186,35.8952,4.07799,42.1166,179.591,42.7411,179.765,42.0767,178.668,41.4048,179.398,42.1375,-179.586,1
84,5040,196,-22.9694,1.0349,20.7998,53.0025,20.5449,52.3815,20.2791,53.3137,21.0389,53.5833,21.3583,52.6647,1
85,5100,12,19.9439,15.8539,21.9815,107.045,21.9622,106.453,21.4633,107.077,22.0153,107.695,22.4884,107.035,1
85,5100,69,11.8941,23.8899,13.0182,-16.2554,13.566,-16.2269,13.1049,-16.7706,12.4148,-16.2618,12.9008,-15.7315,1
85,5100,85,-40.6282,-2.55823,62.2208,-94.6375,62.5379,-96.3179,61.5233,-94.743,61.9353,-93.2248,63.028,-94.5319,1
85,5100,91,-6.78971,22.9826,33.2353,-95.3797,33.2905,-95.9869,32.7188,-95.5301,33.1999,-94.7457,33.7873,-95.1878,1
85,5100,93,7.99568,24.5733,38.8905,-2.02515,39.3922,-2.30017,38.7598,-2.66758,38.3527,-1.69973,38.9956,-1.34456,1
85,5100,101,-35.5766,9.25379,57.7212,-116.169,57.3123,-117.236,57.261,-115.192,58.0952,-115.205,58.2477,-117.315,1
85,5100,114,-21.8263,24.5424,50.0317,26.3603,50.5235,26.1225,49.8876,25.4705,49.5513,26.6382,50.1632,27.3847,1
85,5100,142,33.8279,-7.59527,16.2112,133.354,16.6573,133.863,16.6912,132.669,15.7287,132.782,15.7926,133.955,1
85,5100,164,-24.9204,-0.725142,12.8687,3.10736,12.8816,2.48817,12.315,3.15899,12.8567,3.68037,13.465,3.04848,1
85,5100,170,-23.4402,-0.940778,-86.461,-29.9465,-86.4119,-39.5121,-87.0086,-28.8933,-86.4166,-21.0451,-85.8737,-30.806,7
85,5100,195,20.1308,24.2722,-8.81597,47.591,-9.19667,47.0057,-9.34551,47.8937,-8.35988,48.2362,-8.26782,47.3216,1
86,5160,30,31.0174,21.2051,81.8214,-60.7724,82.3264,-57.3953,82.1518,-64.3367,81.1894,-64.0862,81.4569,-57.8029,1
86,5160,69,-18.4529,-20.9616,14.7993,-14.5248,15.4303,-14.4935,14.8866,-15.0526,14.2325,-14.5722,14.7359,-13.9917,1
86,5160,77,-39.7575,3.20171,61.965,-134.94,62.0156,-136.765,61.2156,-134.535,61.9123,-133.359,62.8367,-135.441,1
86,5160,85,-36.1995,-9.06977,63.123,-88.2074,63.4219,-89.806,62.5199,-88.4548,62.8437,-86.8546,63.7972,-87.9584,1
86,5160,91,-34.8016,10.3201,37.1852,-94.9076,37.4111,-95.7175,36.5022,-95.0026,36.9924,-94.1707,37.9694,-94.7845,1
86,5160,93,23.4217,19.1163,36.0066,0.5878,36.5811,0.34567,35.8148,-0.0510559,35.3674,0.878137,36.1658,1.22239,1
86,5160,164,-22.6148,12.8217,16.3814,6.63767,16.4159,6.05602,15.8013,6.64082,16.3634,7.19691,17.0202,6.64722,1
87,5220,32,28.6046,21.33,6.17259,-62.4878,6.64764,-62.033,6.54034,-62.9299,5.60971,-62.9944,5.79657,-62.0855,1
87,5220,43,34.3866,8.26417,-2.72954,-44.4435,-2.05234,-44.3168,-2.76154,-45.1448,-3.50475,-44.5817,-2.71516,-43.8089,1
87,5220,63,-33.8959,19.7854,-33.2071,141.106,-33.0645,140.357,-33.9372,141.051,-33.3032,141.811,-32.351,141.194,1
87,5220,77,-18.6735,5.00895,63.0349,-125.369,63.073,-126.588,62.4929,-125.386,62.9954,-124.205,63.6135,-125.342,1
87,5220,79,23.4639,14.2331,32.7824,-5.34142,33.3635,-5.12812,32.9121,-6.01175,32.1336,-5.55833,32.6357,-4.70525,1
87,5220,85,34.8578,21.6706,58.6344,-70.4497,59.0354,-71.6773,58.0456,-70.9401,58.1633,-69.0045,59.1633,-69.9142,1
87,5220,100,40.0846,-5.81508,27.251,-108.076,26.9067,-108.775,26.6335,-107.351,27.6275,-107.259,27.7731,-108.701,1
87,5220,152,-32.8046,17.3953,13.4633,-15.6686,13.5699,-16.3264,12.7492,-15.6722,13.391,-15.0539,14.292,-15.6453,1
87,5220,164,-34.6827,-1.97859,19.0373,7.01373,19.1016,6.22488,18.3944,7.11147,18.9791,7.71185,19.7568,6.89578,2
88,5280,6,21.1598,14.7673,19.1835,73.3038,18.8701,72.7277,18.679,73.6401,19.5406,73.9332,19.6828,72.9944,1
88,5280,17,-37.4468,0.908673,-27.2928,-64.1043,-26.5401,-64.0498,-27.4336,-64.8408,-27.9543,-64.1465,-27.1237,-63.2662,1
88,5280,23,6.12693,19.146,-80.3107,-9.79718,-79.8768,-11.0627,-80.4824,-12.4372,-80.7582,-8.22331,-80.1309,-7.134,1
88,5280,32,19.6983,0.166333,4.43626,-61.8967,4.7581,-61.518,4.81089,-62.2653,4.09591,-62.2982,4.08128,-61.5498,1
88,5280,41,-35.2449,14.7478,49.543,-94.9961,50.2416,-95.083,49.3184,-96.0901,48.909,-94.8796,49.7772,-93.7007,1
88,5280,47,-28.8709,4.30492,-22.7371,114.367,-22.6861,113.683,-23.3387,114.422,-22.774,114.998,-22.0719,114.31,1
88,5280,50,-30.5146,20.0194,-22.1139,132.216,-22.0223,131.514,-22.8595,132.191,-22.1639,132.884,-21.2497,132.27,1
88,5280,54,36.6848,3.42952,43.6061,-85.4807,44.3082,-85.7678,43.1795,-86.4081,42.8005,-85.1604,43.9687,-84.6426,1
88,5280,67,33.2835,17.183,50.1612,-77.0171,50.7642,-77.5717,49.7511,-77.7732,49.4664,-76.3664,50.5151,-76.2784,1
88,5280,77,13.1054,19.0824,63.8432,-112.608,63.9318,-113.872,63.3233,-112.869,63.7539,-111.234,64.3615,-112.283,1
88,5280,100,26.4889,-16.7011,30.1803,-110.06,29.8524,-110.572,29.6181,-109.569,30.5016,-109.504,30.6679,-110.513,1
88,5280,106,39.1738,4.24977,-68.4959,61.1384,-68.0684,62.7521,-68.0035,59.4353,-68.9726,59.1859,-68.9206,62.6697,1
88,5280,122,36.2765,4.03999,-12.6428,-75.7237,-13.0526,-76.3524,-13.1623,-75.1046,-12.1712,-75.0062,-12.1728,-76.2634,1
88,5280,144,30.0166,11.4803,-68.7816,140.095,-68.2714,141.33,-68.4132,138.58,-69.3548,138.653,-69.1271,141.517,1
88,5280,164,-39.0932,9.6266,23.1302,10.0766,23.3042,9.23669,22.3528,10.1464,22.9925,10.8205,24.0458,10.002,1
88,5280,195,-31.1381,16.8991,2.8289,44.9777,2.6155,44.3138,2.14374,45.3131,3.05634,45.5884,3.62788,44.6076,1
89,5340,6,-37.1236,15.2264,24.847,67.7474,24.6145,66.9058,24.1154,68.2347,25.0826,68.4972,25.7205,67.1786,1
89,5340,17,-19.6736,-23.7834,-29.7532,-64.5571,-29.0993,-64.7274,-29.785,-65.1662,-30.3384,-64.4285,-29.6881,-63.9529,1
89,5340,25,-7.55653,17.1329,-17.526,97.6307,-17.7968,97.2285,-17.9342,97.8995,-17.2354,98.0288,-17.0834,97.3603,1
89,5340,50,34.1943,8.98242,-24.7682,139.207,-24.7762,138.414,-25.473,139.399,-24.746,140.114,-24.1259,139.052,2
89,5340,54,8.31266,19.4915,44.248,-77.3041,44.77,-77.5754,44.1011,-78.0228,43.6941,-76.9911,44.3719,-76.5562,1
89,5340,63,-35.4472,12.5268,-28.254,146.001,-28.1403,145.245,-28.9514,146.053,-28.3328,146.692,-27.4447,145.955,1
89,5340,67,21.5369,-9.12256,51.0697,-74.911,51.5318,-75.2491,50.8052,-75.7319,50.5809,-74.5813,51.3146,-74.1526,1
89,5340,77,-38.358,-3.45379,69.1191,-116.953,69.3503,-119.3,68.4008,-116.956,68.8947,-114.965,69.9389,-116.984,1
89,5340,106,17.9048,21.3352,-73.7959,68.6915,-73.3239,69.8909,-73.4562,67.2456,-74.3248,67.3428,-74.146,70.1347,1
89,5340,150,-34.8381,6.28525,-30.8754,-66.4003,-30.6155,-67.1608,-31.5431,-66.5066,-31.094,-65.7083,-30.1148,-66.2763,1
90,5400,6,-38.5966,0.0362304,26.6808,67.7863,26.3522,66.8482,26.0692,68.3311,26.9668,68.602,27.3785,67.1447,1
90,5400,17,-40.4876,4.80497,-31.8711,-57.0315,-31.0633,-56.985,-32.0788,-57.8723,-32.5731,-57.058,-31.6212,-56.0503,7
90,5400,18,-36.6642,-5.55818,-45.6616,-15.3899,-45.0114,-15.9945,-46.1305,-16.0112,-46.2266,-14.8547,-45.1221,-14.7175,2
90,5400,47,32.1731,15.7317,-20.0776,124.906,-20.1487,124.16,-20.7067,125.091,-19.9753,125.762,-19.4873,124.762,1
90,5400,49,-34.4683,4.35059,38.2011,168.223,38.3344,167.327,37.5307,168.261,38.085,169.027,38.9613,168.181,1
90,5400,50,29.1378,-3.31624,-22.5208,140.11,-22.5103,139.449,-23.2089,140.214,-22.5367,140.832,-21.8983,140.016,1
90,5400,54,-20.5596,20.7302,44.5295,-70.7895,45.0986,-70.9118,44.4428,-71.6728,43.9719,-70.6313,44.5959,-69.7944,6
90,5400,67,23.3734,3.84037,49.1588,-68.0166,49.6595,-68.2927,48.9184,-68.7757,48.6177,-67.721,49.3752,-67.293,1
90,5400,150,26.2752,22.0691,-32.6124,-57.4956,-32.5786,-58.2847,-33.1934,-57.5108,-32.6212,-56.5899,-32.0503,-57.4426,2
90,5400,175,29.4897,16.3019,66.5557,-176.637,67.0945,-175.603,66.8573,-178.017,65.923,-177.729,66.2396,-175.402,1
91,5460,6,29.2747,14.1662,29.5716,77.3911,29.2599,76.6591,29.0129,77.8165,29.9344,78.2199,30.1065,77.0111,1
91,5460,8,38.3609,0.254956,66.9835,-172.482,67.759,-172.667,66.6284,-174.563,66.0898,-172.301,67.2634,-170.619,1
91,5460,12,-37.8061,6.21118,40.5723,120.807,40.808,119.885,39.8739,120.768,40.3697,121.623,41.3801,120.858,1
91,5460,17,-37.3978,-15.7649,-33.1097,-56.1224,-32.2288,-56.308,-33.3328,-56.8323,-33.857,-55.9787,-32.8291,-55.3542,1
91,5460,23,4.21518,19.1659,-77.9094,51.7887,-77.8868,49.4965,-78.3786,51.524,-77.8948,54.2201,-77.4258,52.1281,1
91,5460,26,-19.5745,24.6467,26.4509,103.736,26.1676,103.258,25.9408,104.048,26.7595,104.199,27.0371,103.405,1
91,5460,32,-32.6478,-0.426354,-7.10167,-58.4722,-6.70593,-57.939,-6.70903,-58.9174,-7.45849,-58.9503,-7.53483,-57.9739,2
91,5460,38,-39.9339,6.91679,43.3083,110.652,42.8073,109.848,42.925,111.507,43.7533,111.354,43.7531,109.639,1
91,5460,41,24.8812,14.6489,38.6554,-86.9041,39.2533,-87.0612,38.4939,-87.6125,37.9913,-86.7135,38.7865,-86.2173,1
91,5460,47,21.9254,-8.75553,-18.3616,124.541,-18.3831,123.98,-18.9693,124.598,-18.3492,125.13,-17.8036,124.481,1
91,5460,50,17.7898,4.45145,-18.2682,141.966,-18.3055,141.39,-18.8241,142.042,-18.2231,142.577,-17.7347,141.9,1
91,5460,54,-29.695,-20.7863,45.7738,-71.0187,46.5951,-71.3823,45.5905,-71.8605,45.0588,-70.7416,45.9948,-70.1442,5
91,5460,63,-19.1403,-21.2617,-26.2705,150.215,-26.3887,149.512,-26.7895,150.254,-26.1803,150.849,-25.7513,150.148,1
91,5460,70,24.2383,6.35203,-13.6664,13.6083,-13.1419,13.8665,-13.4693,13.0334,-14.2407,13.3302,-13.8594,14.147,2
91,5460,77,-34.7794,-12.0639,71.6779,-99.2836,72.0532,-101.729,71.0582,-99.8736,71.3202,-97.2647,72.3647,-98.6632,1
91,5460,79,-30.2859,9.66939,21.4634,5.65799,22.0173,6.02577,21.7063,5.00428,20.9428,5.33477,21.1786,6.38759,2
91,5460,87,-34.9688,-19.6666,12.6547,25.9435,13.4933,26.1601,12.7423,25.3395,11.9483,25.7434,12.5937,26.6014,1
91,5460,100,31.4733,-21.5783,40.7486,-108.885,40.4254,-109.541,40.0382,-108.27,41.054,-108.16,41.3419,-109.445,1
91,5460,102,-32.0775,-24.1308,67.3018,66.6392,68,68.1583,67.6846,65.417,66.7157,65.3775,66.9233,67.955,2
91,5460,106,28.9357,-13.531,-78.0214,64.0853,-77.6574,66.1376,-77.4952,61.8088,-78.3751,61.6999,-78.4622,66.3103,1
91,5460,114,31.7955,-3.73893,35.2081,44.9057,35.7635,44.9072,35.0918,44.1348,34.5972,44.8952,35.3094,45.5981,1
91,5460,120,-11.8334,24.5024,-69.8543,-99.0635,-70.0933,-100.556,-70.4333,-98.4951,-69.5669,-97.6032,-69.2052,-99.5809,1
91,5460,122,26.9584,21.3979,0.50217,-76.408,0.0103793,-76.9318,0.0624529,-75.9583,1.08483,-75.8233,0.950561,-76.8172,1
91,5460,123,-36.5733,-14.4978,32.9124,-80.1024,32.2925,-80.9692,32.4741,-79.4648,33.4241,-79.3464,33.3689,-80.8391,1
91,5460,125,-38.9454,10.9114,72.2181,96.569,72.7102,98.7963,72.6865,94.2752,71.745,94.7492,71.6238,99.1114,1
91,5460,129,-30.0265,18.6664,-70.3554,127.718,-69.7626,128.566,-70.0925,125.686,-70.9249,126.959,-70.6496,130.105,1
91,5460,135,30.4809,5.155,5.35984,-53.4355,5.30526,-54.0826,4.70821,-53.2575,5.42322,-52.7138,5.95856,-53.5894,1
91,5460,138,-27.4193,-21.1605,49.8994,68.0566,50.6647,67.6193,49.7122,67.1764,49.2257,68.3958,50.12,68.9607,1
91,5460,140,-31.3734,-3.91409,65.6865,135.221,66.1964,136.538,66.0532,133.94,65.2218,134.084,65.2784,136.602,1
91,5460,144,-26.8936,17.2206,-78.3257,173.162,-77.7225,173.941,-78.1816,169.892,-78.9059,172.474,-78.4621,176.938,1
91,5460,146,-37.6004,11.3517,-27.3603,-50.0722,-27.6981,-50.8842,-27.9649,-49.4699,-27.0341,-49.3639,-26.6401,-50.7616,1
91,5460,150,20.0041,-2.48986,-31.2842,-57.0159,-31.1999,-57.6135,-31.8406,-57.0789,-31.3741,-56.3851,-30.7621,-56.9588,6
91,5460,152,-35.8493,-3.24429,22.8309,-7.35205,22.926,-8.18024,22.1825,-7.26896,22.744,-6.62566,23.5589,-7.45653,2
91,5460,153,29.4542,-1.51327,38.375,31.7771,38.6344,31.1094,37.7538,31.5311,38.0824,32.4999,38.9383,32.0053,1
91,5460,154,-32.5302,3.20569,48.4189,81.7189,49.0275,81.2725,48.0325,80.9725,47.8704,82.1229,48.8455,82.569,1
91,5460,155,26.5387,-23.6449,29.1894,117.982,29.7552,117.9,29.1565,117.08,28.6052,118.024,29.2355,118.763,1
91,5460,163,-36.2352,19.6252,5.71239,-7.02992,5.84156,-7.7315,4.90396,-7.01413,5.62977,-6.38204,6.67532,-7.02643,1
91,5460,164,35.6328,12.1127,25.1427,24.406,25.244,23.6061,24.4351,24.481,25.0313,25.3347,25.7845,24.3613,1
91,5460,165,-32.9999,-23.2826,47.5147,54.7709,47.8055,53.4541,46.9229,54.4914,47.2365,55.8582,48.1543,55.0106,1
91,5460,166,32.2994,13.0468,40.4203,111.476,41.0481,111.115,40.0532,110.764,39.7056,111.895,40.7373,112.154,2
91,5460,172,3.77511,23.1926,9.46456,11.1856,9.05269,10.8286,9.06741,11.5408,9.92208,11.5502,9.8984,10.8315,1
91,5460,173,34.7344,13.7544,44.7082,16.0053,44.2329,15.2207,44.2799,16.7788,45.2639,16.9194,45.1131,15.311,1
91,5460,175,27.2532,-7.17976,65.2524,-175.842,65.661,-174.885,65.6514,-177.123,64.8154,-176.855,64.8866,-174.707,1
91,5460,179,36.0878,-4.09304,-78.3257,173.162,-78.0876,176.225,-77.6514,171.101,-78.5426,169.563,-78.902,175.169,1
91,5460,181,37.5068,9.15065,-22.5362,21.8965,-22.7127,21.1759,-23.1358,22.2852,-22.3201,22.729,-21.9925,21.5679,1
91,5460,182,24.4603,-6.51837,9.20538,35.5666,9.07224,35.0717,8.6634,35.7662,9.33751,36.0951,9.7005,35.3787,1
91,5460,183,-13.0631,-22.5293,41.0262,51.3465,40.8349,50.6222,40.5314,51.4438,41.1776,52.0179,41.5072,51.2174,1
91,5460,184,37.2281,-6.08041,60.4153,104.877,60.8282,103.921,59.7308,104.178,59.933,105.907,61.0079,105.503,1
91,5460,195,-29.2825,-5.28658,10.9808,47.1181,10.6724,46.432,10.4457,47.4711,11.2541,47.738,11.5563,46.7234,1
91,5460,196,-23.4659,21.2823,47.3464,63.3969,47.1688,62.5197,46.6754,63.6861,47.5454,64.2467,48.1133,63.0956,1
91,5460,197,8.97575,-23.6619,69.1741,109.85,69.3151,108.211,68.5807,109.013,68.9956,111.383,69.7251,110.592,1
91,5460,198,-10.6339,21.8428,54.9038,-158.395,55.4586,-158.159,55.0997,-159.394,54.3284,-158.582,54.6578,-157.332,1
92,5520,6,26.3432,-7.90785,30.9335,77.2384,30.7164,76.5803,30.298,77.6043,31.1492,77.9503,31.505,76.8961,1
92,5520,11,19.9088,12.4536,14.9469,98.1158,14.9162,97.5634,14.4314,98.1707,14.9903,98.717,15.4477,98.0774,1
92,5520,29,11.0867,16.1092,41.623,-89.2479,42.0512,-88.9302,41.8638,-89.7932,41.1567,-89.5661,41.3643,-88.715,1
92,5520,36,34.874,14.3268,-23.457,123.398,-23.9736,122.899,-23.7736,124.019,-22.8461,123.96,-23.1458,122.846,1
92,5520,47,32.3979,-13.6314,-16.6871,127.349,-16.6704,126.715,-17.4768,127.432,-16.727,128.035,-15.9999,127.264,1
92,5520,50,8.2439,-24.2052,-16.9464,141.64,-17.0484,141.048,-17.5814,141.602,-16.875,142.213,-16.3636,141.649,1
92,5520,72,-1.44046,20.3232,-68.9679,102.728,-68.6234,101.624,-69.3323,101.642,-69.3036,103.961,-68.5915,103.878,1
92,5520,86,35.1752,9.45535,34.1498,2.82459,34.7981,2.98218,34.1207,2.02252,33.4034,2.65597,34.156,3.55006,1
92,5520,90,-22.8728,18.9549,28.2687,-107.095,28.3485,-107.711,27.6728,-107.181,28.2129,-106.491,28.9335,-106.975,1
92,5520,91,-19.7516,2.66638,45.9083,-69.4032,46.1665,-70.0836,45.4377,-69.7121,45.6629,-68.7605,46.408,-69.0664,3
92,5520,93,17.9276,-24.5509,25.8209,17.1527,26.357,17.0724,25.8567,16.4043,25.2873,17.1968,25.8087,17.8198,1
92,5520,101,27.2352,-6.3176,80.9296,-80.8843,80.8585,-84.3631,80.3012,-80.0776,80.9587,-77.0987,81.4968,-81.7475,1
92,5520,124,-12.0255,16.2248,74.9852,-61.2318,74.7474,-63.1002,74.4656,-60.3995,75.2257,-59.3306,75.5471,-62.1295,1
92,5520,126,-35.502,19.452,31.6666,101.428,32.1086,102.126,32.2274,100.689,31.2276,100.821,30.9781,102.276,2
92,5520,127,-33.412,-3.74674,-1.39468,104.243,-0.83265,104.783,-1.04282,103.678,-1.89237,103.764,-1.77702,104.878,1
92,5520,129,-21.6809,2.51378,-72.5071,127.445,-71.9457,128.13,-72.3445,125.627,-73.0353,126.775,-72.6639,129.43,1
92,5520,130,-27.3066,24.7956,-10.3093,129.638,-9.70179,129.789,-10.1338,128.903,-10.9098,129.531,-10.5396,130.487,1
92,5520,139,12.7835,17.9919,17.0297,104.108,17.594,104.141,17.083,103.548,16.4177,104.092,16.9531,104.668,1
92,5520,140,-19.7107,14.0937,60.0356,132.93,60.4483,133.724,60.4261,132.023,59.6172,132.203,59.5904,133.879,1
92,5520,142,25.6498,19.7924,-12.7768,134.92,-12.2335,135.35,-12.4223,134.406,-13.4069,134.448,-13.1427,135.4,1
92,5520,146,-26.9454,3.83416,-24.7657,-48.3635,-25.1243,-48.9545,-25.2221,-47.9091,-24.4257,-47.8236,-24.2622,-48.8564,1
92,5520,150,18.2,-22.5889,-30.0129,-55.7036,-29.9656,-56.3227,-30.658,-55.8849,-30.0858,-55.0892,-29.4302,-55.5667,2
92,5520,163,-26.438,10.4588,6.74351,-4.62737,6.78061,-5.22254,6.1422,-4.59356,6.72259,-4.06644,7.41143,-4.65508,1
92,5520,181,-26.2359,5.48699,-16.9081,17.6465,-17.0279,17.0797,-17.4147,17.8388,-16.7876,18.1729,-16.3516,17.4408,1
93,5580,7,35.3229,5.69524,65.4032,113.993,65.5387,112.218,64.6145,114.099,65.2258,116.002,66.1086,113.925,1
93,5580,11,-26.2925,10.487,20.4033,97.324,20.4384,96.7228,19.8299,97.3559,20.3821,97.891,21.0393,97.2986,1
93,5580,27,39.0333,3.34583,64.5587,130.952,64.4784,129.375,63.8684,131.637,64.6298,132.786,65.1636,130.343,1
93,5580,28,34.2968,-7.72977,71.7566,-123.227,72.3331,-122.931,71.7125,-125.511,71.1213,-123.576,71.7782,-121.215,1
93,5580,34,-40.5086,-1.15914,-86.2434,-40.8833,-85.5275,-34.9846,-86.0063,-50.715,-86.8165,-47.9484,-86.3557,-28.3318,1
93,5580,36,28.9999,24.431,-18.7369,122.049,-19.2978,121.624,-19.0584,122.559,-18.0664,122.518,-18.3946,121.582,1
93,5580,50,-37.5807,-9.57038,-10.0197,140.892,-10.0392,139.961,-10.6993,141.082,-10.0079,141.688,-9.26166,140.657,1
93,5580,86,30.217,4.05325,31.9075,5.41053,32.4683,5.57014,31.9419,4.69454,31.2844,5.23797,31.8655,6.06498,3
93,5580,90,-33.5827,20.0113,31.8815,-104.643,32.0607,-105.38,31.1458,-104.756,31.7436,-103.949,32.7423,-104.482,1
93,5580,103,31.5578,-19.8253,22.9684,59.8819,23.3679,60.3559,23.5533,59.243,22.5677,59.3568,22.4766,60.4411,1
93,5580,111,-35.7375,12.3197,26.6649,-80.1258,26.742,-80.8441,26.0032,-80.0428,26.6114,-79.4734,27.4328,-80.2104,1
93,5580,134,-19.4079,6.74325,-14.5256,-74.9426,-14.5614,-75.5244,-15.0794,-74.8668,-14.4812,-74.3862,-13.9298,-75.0176,1
93,5580,137,11.1482,18.9884,52.8978,27.7761,53.2643,27.0655,52.5141,27.1581,52.5121,28.5522,53.2675,28.4403,1
93,5580,140,31.9256,1.63792,56.7133,123.685,57.2379,124.423,57.0198,122.491,56.1244,122.884,56.4219,124.742,1
93,5580,150,-31.7845,15.0455,-21.6112,-52.8352,-21.4526,-53.4985,-22.2896,-52.8991,-21.7331,-52.2122,-20.834,-52.7461,1
93,5580,181,-31.9102,-6.23528,-14.2182,18.1047,-14.3894,17.4381,-14.7289,18.3481,-14.0679,18.6987,-13.6629,17.8292,2
93,5580,194,-24.2056,6.31078,-15.1239,38.6434,-15.3503,38.031,-15.675,38.9397,-14.9003,39.2144,-14.5193,38.3267,1
94,5640,11,-26.7425,6.67055,22.9411,99.5515,22.9801,98.9286,22.3786,99.5899,22.9119,100.133,23.5606,99.5147,2
94,5640,20,-40.0517,-1.14025,1.06252,-76.1026,1.63553,-75.5412,1.36273,-76.716,0.565697,-76.584,0.722515,-75.3913,1
94,5640,84,-34.6774,6.62677,61.0648,-97.5569,61.3198,-98.8303,60.4339,-97.7744,60.8354,-96.4177,61.7817,-97.2891,1
94,5640,90,-34.315,1.26224,33.0435,-103.351,33.2002,-104.173,32.405,-103.348,32.904,-102.618,33.7618,-103.357,1
94,5640,111,-30.0406,-21.2429,26.6152,-79.4525,26.49,-80.2825,26.0826,-79.3563,26.7009,-78.7311,27.1685,-79.5903,1
94,5640,113,37.9159,-7.78757,46.6964,14.4617,47.2881,14.1917,46.2802,13.499,46.0248,14.737,47.0527,15.3,1
94,5640,134,-24.1051,-7.92106,-12.3911,-74.1338,-12.4672,-74.7959,-12.9452,-74.0233,-12.3266,-73.5285,-11.8067,-74.2623,1
94,5640,137,-38.3559,-12.2738,58.1067,28.3418,58.8127,27.0833,57.515,27.6074,57.4931,29.3543,58.7824,29.1511,1
94,5640,140,-21.1492,-13.2504,55.3006,133.474,55.819,134.201,55.6434,132.693,54.8323,132.811,54.9551,134.287,2
94,5640,163,-27.4271,-8.92293,10.9563,-1.35925,10.9379,-2.04316,10.396,-1.28645,10.9642,-0.743024,11.5538,-1.45149,1
94,5640,179,-28.2928,17.63,-86.1819,-40.1659,-86.0023,-48.7363,-86.8453,-41.7067,-86.2406,-31.4305,-85.4256,-38.7209,5
94,5640,181,-25.2046,14.9485,-9.37696,21.1375,-9.49763,20.6086,-9.91817,21.3117,-9.24266,21.6381,-8.76883,20.9572,1
94,5640,194,-33.2157,-21.8332,-14.3474,37.3629,-14.8577,36.4633,-14.9171,37.7447,-13.9341,38.1303,-13.7644,36.9182,1
95,5700,11,37.4738,16.893,22.1558,107.852,22.1796,107.023,21.4686,108.009,22.1398,108.837,22.7827,107.741,1
95,5700,25,7.83401,21.01,5.11597,101.318,4.7986,100.933,4.71876,101.586,5.47252,101.72,5.53691,101.06,3
95,5700,34,-34.1245,15.8199,-84.1562,113.178,-84.4437,107.439,-84.6604,117.996,-83.8247,117.807,-83.5188,108.674,1
95,5700,37,-37.1318,16.2248,23.6808,112.625,23.2729,112.023,23.2023,113.246,24.0703,113.154,24.2554,111.897,1
95,5700,42,38.474,-11.5483,3.23277,-51.8957,3.88634,-51.6846,3.2934,-52.8185,2.50553,-52.1574,3.18975,-51.112,1
95,5700,68,-33.6658,24.4341,13.5589,-13.7679,14.1577,-13.5331,13.7558,-14.5424,12.9804,-13.9461,13.2941,-12.8534,1
95,5700,76,-21.6583,20.1111,60.0984,-134.201,60.0908,-135.342,59.4705,-134.198,60.1241,-133.08,60.802,-134.161,1
95,5700,84,-26.2974,-18.5796,60.9144,-94.4033,61.0548,-95.7902,60.399,-94.646,60.7629,-93.1971,61.456,-94.1953,1
95,5700,113,-9.12133,21.4653,48.3198,25.4192,48.7642,25.172,48.1941,24.6975,47.8703,25.6997,48.431,26.2105,1
95,5700,116,-30.9415,-11.8161,-26.4424,108.342,-25.765,108.348,-26.5005,107.743,-27.0407,108.325,-26.3593,108.984,1
95,5700,134,-27.1513,-17.284,-10.0197,-72.9866,-10.1662,-73.7485,-10.5953,-72.8615,-9.90529,-72.3123,-9.42221,-73.1445,1
95,5700,163,28.7211,23.7294,12.4597,7.4216,12.3879,6.68487,11.853,7.50601,12.5675,8.27714,13.049,7.37917,1
95,5700,171,39.4919,6.577,-12.8311,14.1128,-13.325,13.4984,-13.2659,14.8285,-12.248,14.8276,-12.4359,13.4971,2
95,5700,179,-29.4412,-3.46036,-84.9463,-27.3946,-84.9521,-35.0709,-85.5218,-25.6612,-84.8656,-20.5749,-84.316,-28.9581,5
95,5700,181,28.8277,-6.20903,-9.7486,26.0306,-9.88153,25.5038,-10.3273,26.2683,-9.61338,26.6021,-9.22777,25.813,1
95,5700,194,-34.5,-9.62262,-9.33751,38.7231,-9.68971,37.9074,-9.90434,39.1248,-9.03692,39.434,-8.72249,38.263,1
96,5760,31,25.3165,19.5795,8.23578,-64.2958,8.6712,-63.8698,8.59856,-64.7078,7.72917,-64.7622,7.8655,-63.916,2
96,5760,39,28.8794,17.513,80.3039,-61.7202,80.7451,-58.9891,80.6493,-64.4973,79.7656,-64.467,79.9392,-59.3637,1
96,5760,72,32.1383,0.171608,-67.7171,138.986,-67.5535,137.363,-68.4254,138.899,-67.8833,140.815,-67.08,139.069,1
96,5760,76,25.0566,-3.80547,57.9915,-126.445,58.0514,-127.506,57.3599,-126.455,57.9108,-125.313,58.5719,-126.439,1
96,5760,90,-40.3942,-2.13587,38.1196,-97.5218,38.3782,-98.5752,37.3949,-97.5052,37.8932,-96.6236,38.9578,-97.5546,1
96,5760,92,36.774,11.6945,34.0095,-1.55495,34.7218,-1.74406,33.6817,-2.31973,33.181,-1.32564,34.2811,-0.851652,1
96,5760,113,-32.4048,17.5161,48.4692,31.6759,49.0603,31.6112,48.3208,30.719,47.9207,31.7732,48.6137,32.7943,1
96,5760,134,-38.0444,2.93178,-4.4254,-70.8166,-4.40144,-71.6467,-5.14841,-70.6168,-4.43599,-70.0887,-3.59163,-71.0484,1
96,5760,163,32.9555,17.8452,14.3425,9.84926,14.3293,9.09514,13.6934,9.96902,14.3742,10.7266,14.95,9.76806,1
96,5760,179,-26.8398,-24.7513,-83.8286,-17.2713,-84.1485,-24.5925,-84.3775,-15.1789,-83.5015,-11.5027,-83.2736,-19.3838,1
96,5760,181,-20.6896,13.3314,-2.89551,24.2634,-3.03209,23.7747,-3.39541,24.4296,-2.74839,24.7323,-2.34479,24.0934,1
97,5820,31,27.3943,22.1014,4.14461,-64.9544,4.61753,-64.5105,4.51337,-65.3815,3.5852,-65.4469,3.76491,-64.5637,1
97,5820,53,38.9384,2.46443,44.1187,-90.9318,44.853,-91.2548,43.6188,-91.901,43.2656,-90.5713,44.5394,-90.0669,1
97,5820,68,-5.58187,21.9838,6.36451,-12.5848,6.85841,-12.5193,6.49082,-13.0858,5.8479,-12.6295,6.20718,-12.053,1
97,5820,76,-38.6264,8.04127,66.2399,-128.293,66.4153,-130.251,65.463,-128.165,66.0821,-126.579,67.1491,-128.439,1
97,5820,78,-18.0157,22.2541,32.2706,-2.47597,32.7819,-2.21844,32.5415,-3.12815,31.7468,-2.69885,31.9432,-1.76634,1
97,5820,84,-33.7186,20.9329,65.3444,-71.029,65.8126,-72.0375,64.7902,-72.133,64.9248,-70.0599,65.9709,-69.628,1
97,5820,90,-8.33921,17.0951,38.2365,-89.4379,38.3516,-90.0519,37.7477,-89.6237,38.1337,-88.8102,38.7521,-89.2169,1
97,5820,113,-30.1475,-11.7334,47.7296,32.4871,48.3757,32.2545,47.5474,31.7439,47.1543,32.6751,47.9364,33.2831,1
97,5820,132,18.8106,-2.16583,-53.7174,-130.934,-53.4487,-131.723,-54.2361,-131.372,-53.9977,-130.097,-53.227,-130.533,1
97,5820,163,-18.3626,19.6436,20.4547,8.7229,20.4789,8.14803,19.8715,8.67794,20.4536,9.2942,21.0982,8.79464,1
98,5880,5,-23.7219,6.77344,20.9129,66.3805,20.6484,65.7768,20.3859,66.7179,21.1697,66.9471,21.4901,66.0152,1
98,5880,16,-13.798,-12.4476,-29.7025,-67.8535,-29.1678,-67.9276,-29.7392,-68.4122,-30.2037,-67.7958,-29.6495,-67.2903,1
98,5880,22,40.1286,-8.48769,-83.1744,-26.7423,-82.5119,-26.561,-83.3405,-33.9493,-83.9291,-27.1785,-82.9489,-20.9771,1
98,5880,40,37.6353,-7.29517,43.1562,-103.364,43.8256,-103.537,42.7849,-104.419,42.3978,-103.196,43.4721,-102.447,3
98,5880,59,-35.9199,5.4188,-21.6899,129.078,-21.5695,128.258,-22.4142,129.162,-21.7816,129.812,-20.8594,128.985,1
98,5880,62,-36.8222,17.1128,-29.0879,142.53,-28.941,141.757,-29.8476,142.547,-29.1877,143.241,-28.1889,142.531,1
98,5880,84,26.7773,5.14711,59.9928,-65.7333,60.3785,-66.5195,59.5387,-66.4112,59.567,-64.8867,60.4077,-65.0739,1
98,5880,90,40.2837,3.31704,35.2373,-83.7947,35.5553,-84.6236,34.4134,-83.9052,34.8573,-82.8356,35.9501,-83.6844,1
98,5880,105,24.9014,23.1906,-72.1643,63.7473,-71.6436,65.0376,-71.8039,62.3182,-72.7647,62.2448,-72.533,65.1312,1
98,5880,113,30.0446,5.55848,40.3546,34.6562,40.9108,34.5453,40.168,33.9311,39.7366,34.7822,40.5141,35.3296,1
98,5880,151,19.1805,5.26461,12.9509,-11.8305,12.964,-12.3697,12.4151,-11.8079,12.9399,-11.2538,13.4634,-11.8453,1
98,5880,163,-29.8693,22.0621,24.3262,10.815,24.4255,10.141,23.6065,10.745,24.2642,11.4627,25.1608,10.9247,1
98,5880,171,20.2926,18.2678,-0.554123,10.9207,-0.997454,10.5222,-0.920892,11.3327,-0.0499671,11.3484,-0.176515,10.5323,1
98,5880,189,-35.9398,11.0079,-54.5295,-23.7759,-54.2829,-24.8366,-55.1972,-23.9274,-54.727,-22.7971,-53.7582,-23.5903,1
99,5940,5,-24.4883,6.62631,24.521,67.114,24.2578,66.4846,23.9888,67.4632,24.7754,67.7033,25.1051,66.7341,1
99,5940,46,18.0037,24.5497,-20.1153,120.463,-20.2334,119.816,-20.6628,120.523,-19.9538,121.183,-19.5595,120.437,1
99,5940,53,-24.913,17.3854,46.2822,-75.7512,46.8777,-75.8723,46.1506,-76.6765,45.713,-75.6011,46.4028,-74.7003,1
99,5940,59,-14.9826,10.7276,-20.3347,133.77,-20.3403,133.192,-20.8846,133.79,-20.3145,134.336,-19.7464,133.759,1
99,5940,66,-38.5939,-9.30387,55.9118,-71.4084,56.7253,-71.9056,55.5438,-72.383,55.2132,-71.0105,56.3348,-70.3057,1
99,5940,105,27.7718,13.3562,-74.9324,62.611,-74.4835,64.2249,-74.5666,60.8471,-75.4316,60.7205,-75.2792,64.3057,1
99,5940,143,32.7926,22.6349,-75.4215,137.462,-74.7608,139.358,-75.0551,135.15,-76.1996,135.078,-75.7815,139.651,1
99,5940,159,31.4789,20.4561,-34.3455,-61.2803,-34.2795,-62.149,-34.9757,-61.2596,-34.3923,-60.2648,-33.7516,-61.2593,1
99,5940,193,-30.1858,-4.11168,-28.6338,30.7837,-28.8753,29.9753,-29.2041,31.1377,-28.4144,31.5076,-28.0132,30.3912,1
100,6000,5,-35.6582,11.8651,29.2175,66.586,28.9728,65.7434,28.5434,67.0681,29.4563,67.3411,30.0062,66.0286,1
100,6000,16,-38.1991,-6.64019,-32.5266,-59.1564,-31.7066,-59.2262,-32.7442,-59.8938,-33.2333,-59.0991,-32.2608,-58.3325,1
100,6000,53,-19.1571,12.0934,44.0816,-72.7397,44.638,-72.8505,43.9728,-73.5292,43.544,-72.613,44.1817,-71.8752,3
100,6000,59,-22.4019,-1.66961,-17.9171,134.743,-17.9274,134.102,-18.4764,134.806,-17.9057,135.34,-17.3213,134.672,1
100,6000,62,-25.0776,0.394799,-25.8101,147.56,-25.8139,146.92,-26.342,147.635,-25.8019,148.154,-25.236,147.479,1
100,6000,66,40.5568,0.269959,46.5845,-69.6492,47.2937,-69.8651,46.1501,-70.6889,45.7583,-69.4139,46.9457,-68.7363,1
100,6000,71,39.6894,8.92648,-72.4628,78.4941,-71.7067,77.5678,-72.9791,76.3084,-73.3466,79.7133,-72.0063,80.351,1
100,6000,149,17.1094,22.6629,64.5354,121.707,65.0985,122.366,64.8188,120.55,63.8941,121.056,64.2151,122.808,1
100,6000,159,29.6915,10.8357,-32.5266,-59.1564,-32.4363,-59.8945,-33.1439,-59.1451,-32.613,-58.3226,-31.9529,-59.1477,1
100,6000,174,32.8404,2.52527,66.2759,179.93,66.7514,-178.972,66.6176,178.401,65.7344,178.747,65.9498,-178.736,1
100,6000,193,-31.3174,-19.9478,-26.8703,31.1237,-27.2916,30.1965,-27.4415,31.4878,-26.5226,31.9234,-26.2822,30.7035,1
101,6060,5,24.0548,-4.20471,29.1427,73.9289,28.9143,73.3041,28.5582,74.2819,29.3762,74.6021,29.6788,73.5977,1
101,6060,6,-26.8253,14.6915,65.9588,91.4639,65.8867,89.8976,65.2895,91.7921,66.0353,92.9509,66.7146,91.113,2
101,6060,10,-35.8127,-5.26842,15.7845,89.3841,15.7975,88.5985,15.1721,89.5231,15.7685,90.0718,16.4673,89.2157,1
101,6060,22,16.9198,-7.57593,-78.8282,52.0492,-78.789,49.6177,-79.3478,51.922,-78.8564,54.5729,-78.3407,52.129,1
101,6060,25,3.11671,18.5616,27.4169,103.591,27.1298,103.162,27.0186,103.873,27.7321,104.033,27.8386,103.313,1
101,6060,26,33.9927,-12.2134,58.5559,120.719,58.4269,119.646,57.8612,121.237,58.6665,121.91,59.1549,120.234,1
101,6060,40,32.9522,-20.3943,38.9609,-92.2405,39.576,-92.3063,38.833,-93.37,38.3009,-92.2193,39.0806,-91.2785,1
101,6060,46,-30.1695,-4.91279,-13.6435,119.461,-13.6603,118.752,-14.2272,119.572,-13.6294,120.098,-13.0083,119.33,1
101,6060,53,-21.7255,-4.13472,43.075,-70.3132,43.6811,-70.4368,42.9515,-71.0545,42.5114,-70.2042,43.2068,-69.5276,5
101,6060,59,19.04,-8.17633,-18.1194,139.767,-18.1455,139.197,-18.7244,139.817,-18.1014,140.359,-17.558,139.713,1
101,6060,62,-27.4282,-9.33993,-23.4701,149.144,-23.5182,148.442,-24.0031,149.247,-23.4314,149.776,-22.9029,149.021,1
101,6060,78,16.9029,-11.4842,20.2026,-1.54558,20.6862,-1.32356,20.4437,-2.12412,19.7128,-1.78529,19.9867,-1.00585,1
101,6060,79,-16.005,-9.12798,-12.428,14.7357,-11.8939,14.9564,-12.2321,14.2409,-12.9247,14.5206,-12.6179,15.2486,1
101,6060,85,40.141,6.68252,35.3479,-1.61834,36.0615,-1.41474,35.2659,-2.56389,34.5091,-1.84865,35.399,-0.789359,1
101,6060,86,-6.03123,22.1363,6.04609,23.6937,6.51807,23.8207,6.2333,23.2218,5.5498,23.5844,5.8244,24.1922,2
101,6060,90,13.5638,19.4419,43.0105,-70.9546,43.219,-71.6387,42.5522,-71.2588,42.7966,-70.2045,43.4614,-70.6161,4
101,6060,92,38.9454,-12.0806,24.5514,12.3485,25.2226,12.4168,24.4051,11.3552,23.798,12.2437,24.6796,13.189,1
101,6060,100,28.2062,-7.55153,79.0689,-88.9921,78.9482,-91.8675,78.4374,-87.9831,79.1562,-85.827,79.6329,-90.0348,1
101,6060,102,-23.0442,-16.5339,28.4842,63.2571,28.9921,63.7354,28.8306,62.7943,28.0362,62.8185,28.1418,63.7483,1
101,6060,106,-32.664,-5.93171,-62.8423,-129.845,-63.1895,-131.236,-63.3025,-128.979,-62.5261,-128.634,-62.3372,-130.787,1
101,6060,113,35.6725,12.3921,32.4704,45.4532,33.1352,45.4225,32.295,44.7181,31.7007,45.5017,32.6067,46.1279,2
101,6060,121,35.6748,7.66244,0.38324,-77.7879,-0.0422857,-78.4012,-0.117169,-77.2046,0.877683,-77.0853,0.843427,-78.3,1
101,6060,122,-39.1962,7.26368,37.0003,-82.7279,36.5901,-83.6621,36.4395,-81.9923,37.3693,-81.9114,37.6557,-83.6017,1
101,6060,123,-37.0243,3.76919,72.3082,-76.3529,71.9072,-78.6612,71.7663,-74.6748,72.6485,-74.2482,72.9124,-78.4078,1
101,6060,124,-31.3392,13.5929,70.4687,91.2288,70.9394,92.7157,70.8801,89.4602,70.0062,89.9605,69.9668,93.1372,3
101,6060,125,17.2082,-12.8131,36.8885,91.7757,37.3221,92.1934,37.2784,91.1651,36.4541,91.3375,36.5351,92.3435,2
101,6060,128,37.7438,14.2952,-73.6105,103.725,-72.9602,105.559,-73.2663,101.217,-74.3685,101.405,-73.9196,106.014,1
101,6060,134,-37.0332,-17.0555,8.6999,-62.3024,8.52517,-63.287,8.05481,-62.0669,8.82908,-61.4706,9.39876,-62.5986,1
101,6060,138,15.2777,-10.8303,20.7259,98.3569,21.252,98.4172,20.798,97.7332,20.1905,98.2818,20.6663,98.9402,1
101,6060,149,35.8836,6.41288,61.8465,117.911,62.4623,118.792,62.0829,116.341,61.1303,116.949,61.6074,119.282,1
101,6060,151,-39.0423,8.69825,25.3074,-7.74602,25.5019,-8.58436,24.5471,-7.70163,25.1496,-7.00443,26.1998,-7.79153,2
101,6060,152,17.8373,-13.3841,39.7606,29.4785,39.9596,28.8631,39.2244,29.162,39.5392,30.0954,40.2587,29.7603,1
101,6060,153,15.9563,-24.4847,44.1117,76.652,44.541,76.1848,43.8173,75.8288,43.6701,77.0703,44.3911,77.382,1
101,6060,154,39.517,-4.62592,25.6853,117.716,26.3928,117.746,25.4539,116.786,24.8753,117.668,25.8796,118.517,1
101,6060,159,26.0533,-0.799045,-30.5739,-57.3211,-30.4799,-57.9577,-31.1806,-57.3513,-30.6752,-56.6317,-30.0148,-57.2922,6
101,6060,163,19.4348,-10.719,26.1947,20.0392,26.2587,19.4618,25.6025,19.9637,26.1126,20.6338,26.7419,20.0993,1
101,6060,164,-31.2856,-7.51527,48.4006,57.4025,48.7645,56.4619,47.8432,57.0738,48.066,58.2232,49.0126,57.75,1
101,6060,165,34.1079,19.1698,39.2745,111.82,39.9701,111.414,38.8969,111.099,38.4639,112.312,39.5916,112.518,1
101,6060,171,15.2161,-19.4082,7.13928,9.71121,6.75619,9.33719,6.65429,10.1051,7.50425,10.1015,7.57008,9.33676,1
101,6060,172,38.1018,-9.004,43.7895,14.0825,43.4399,13.2617,43.1545,14.9447,44.1584,15.0338,44.3233,13.324,1
101,6060,174,8.54205,-17.5879,64.6062,-173.873,65.0021,-173.071,65.0227,-174.776,64.2257,-174.673,64.2227,-173.025,1
101,6060,178,36.075,0.117545,-80.3394,166.889,-80.1217,170.703,-79.6729,164.634,-80.5283,162.371,-80.9162,169.123,1
101,6060,180,-21.8326,7.55548,-18.5322,15.0184,-18.6526,14.4874,-19.0204,15.1892,-18.4074,15.5211,-18.001,14.8407,1
101,6060,182,-35.8132,13.4999,46.7949,50.3235,46.8014,49.3634,46.1231,50.5355,46.804,51.1947,47.5787,50.0889,1
101,6060,183,18.5158,-13.4019,62.6991,104.608,62.9798,103.744,62.2517,103.883,62.394,105.456,63.114,105.274,1
101,6060,194,-34.0068,16.9009,14.9148,45.1637,14.7082,44.4281,14.1901,45.5435,15.1339,45.832,15.7711,44.7341,1
101,6060,195,-22.9003,-19.3783,44.468,59.1975,44.1151,58.2531,43.9189,59.5342,44.7574,60.0588,45.0168,58.8075,1
102,6120,5,-36.4865,4.06791,35.5246,68.013,35.2447,67.0637,34.9017,68.5489,35.7767,68.8543,36.2366,67.3878,1
102,6120,10,-10.5918,21.4518,18.6942,95.5166,18.6671,94.9911,18.1676,95.4935,18.7439,96.053,19.2651,95.5642,1
102,6120,28,-7.79663,17.8919,39.8256,-89.1511,40.2225,-88.82,40.1104,-89.6637,39.4101,-89.4654,39.5063,-88.6224,1
102,6120,31,-2.29998,-20.115,-11.0614,-64.2923,-10.6787,-63.9372,-10.6599,-64.6054,-11.4101,-64.6428,-11.4336,-63.9763,2
102,6120,33,26.9003,7.82677,-83.1586,-112.835,-83.19,-108.124,-82.5932,-112.988,-83.0779,-117.959,-83.6875,-112.763,1
102,6120,35,-31.0794,-1.37442,-23.4441,114.157,-23.872,113.635,-23.7938,114.652,-23.0555,114.625,-23.0605,113.612,1
102,6120,37,14.5114,15.3555,50.1014,114.63,49.7091,114.125,49.7827,115.206,50.5314,115.166,50.4277,114.066,1
102,6120,39,35.8452,12.2724,57.9815,-66.0073,58.4506,-65.044,58.3444,-67.0776,57.42,-67.0788,57.6287,-65.0794,1
102,6120,59,32.5049,9.31537,-14.8176,144.455,-14.8598,143.736,-15.4905,144.643,-14.7584,145.271,-14.1984,144.3,1
102,6120,85,30.891,-1.26717,33.7481,1.46832,34.2997,1.63649,33.7894,0.704046,33.1414,1.28057,33.7055,2.15815,1
102,6120,99,21.5471,10.4112,25.8532,-105.898,25.9043,-106.505,25.3137,-105.913,25.8042,-105.236,26.3701,-105.869,1
102,6120,101,-30.0985,-10.2521,60.1315,63.2144,60.6236,64.2409,60.4853,62.2996,59.6937,62.3161,59.7559,64.2002,2
102,6120,105,-34.8013,-17.8767,-80.7023,102.959,-79.8242,103.126,-80.7345,99.1182,-81.4493,102.681,-80.5881,107.048,1
102,6120,128,34.5804,-3.10709,-75.1714,106.174,-74.6655,107.941,-74.7565,103.541,-75.7137,104.027,-75.5119,108.616,1
102,6120,137,-28.4206,6.33269,45.3257,75.4554,45.9709,75.4429,45.2171,74.5757,44.7289,75.4815,45.4333,76.4357,1
102,6120,141,31.9757,19.2732,-14.3799,131.704,-13.7825,132.205,-14.0238,131.104,-15.0889,131.135,-14.7407,132.248,1
102,6120,143,39.1416,-8.06756,-83.0193,132.85,-82.5878,137.677,-82.3607,127.369,-83.4236,126.553,-83.5169,138.367,1
102,6120,145,-34.242,18.48,-21.4445,-51.5536,-21.7718,-52.239,-22.0796,-51.0251,-21.1096,-50.9416,-20.6826,-52.151,1
102,6120,149,-20.1153,-10.4323,60.993,130.323,61.487,131.149,61.3254,129.407,60.5397,129.571,60.6528,131.271,1
102,6120,159,23.6134,-24.0931,-29.484,-56.4662,-29.4246,-57.105,-30.2116,-56.6657,-29.5759,-55.824,-28.8423,-56.3194,1
102,6120,180,-21.3151,-10.2495,-16.5559,15.8915,-16.739,15.3333,-17.0153,16.0725,-16.3942,16.4062,-16.0815,15.6918,1
102,6120,181,30.339,10.382,15.5464,36.7661,15.378,36.1734,15.017,37.0305,15.7429,37.4316,16.0429,36.5337,1
102,6120,193,-18.3476,21.199,-16.1408,36.7187,-16.3776,36.1537,-16.7473,36.9639,-15.8757,37.2679,-15.4564,36.471,1
103,6180,10,37.1723,7.28467,17.4759,100.674,17.5275,99.9481,16.7694,100.822,17.4181,101.512,18.1072,100.555,4
103,6180,11,-38.3564,10.2813,46.128,129.13,46.4676,128.186,45.4085,128.926,45.8369,129.972,46.9687,129.389,1
103,6180,27,31.5659,-18.3739,71.2451,-122.896,71.7909,-122.582,71.3207,-125.253,70.6681,-123.299,71.172,-120.866,1
103,6180,33,-10.0648,21.1736,-88.0149,-166.369,-88.3992,-156.588,-87.7241,-154.865,-87.5921,-173.461,-88.1917,177.534,1
103,6180,36,-31.3673,23.8425,18.8537,111.777,18.4685,111.289,18.336,112.302,19.2484,112.218,19.4787,111.176,1
103,6180,83,-36.3994,-10.7336,59.2533,-106.091,59.396,-107.629,58.6396,-106.067,59.1078,-104.778,59.9349,-106.158,1
103,6180,99,-31.8511,17.9785,32.6841,-105.581,32.8514,-106.301,31.9937,-105.688,32.5516,-104.902,33.4804,-105.432,1
103,6180,110,-39.5227,1.49934,27.7663,-82.3128,27.8365,-83.1686,27.1093,-82.1496,27.7074,-81.5684,28.5246,-82.5075,1
103,6180,133,19.8571,24.6672,-14.0437,-72.2652,-14.2084,-72.9224,-14.6128,-72.1603,-13.8282,-71.5301,-13.4667,-72.3338,1
103,6180,136,21.5324,17.7709,51.8533,27.736,52.2795,27.0013,51.4277,27.1143,51.3876,28.5581,52.2488,28.3828,1
103,6180,141,-23.0305,10.363,-16.5421,137.413,-16.1187,137.848,-16.1547,136.929,-16.9548,137.007,-16.9735,137.939,1
103,6180,145,-14.6191,15.7157,-18.5793,-49.0726,-18.9189,-49.5272,-19.0325,-48.7031,-18.2258,-48.6354,-18.0782,-49.4565,2
103,6180,149,-19.4361,-2.78952,56.5024,130.707,56.9466,131.427,56.8382,129.913,56.0828,130.044,56.1472,131.533,1
103,6180,162,-36.2789,4.5866,11.2203,-4.91658,11.3116,-5.67342,10.5294,-4.81654,11.148,-4.24284,12.0115,-5.0302,1
103,6180,178,35.8929,7.90155,-86.457,107.708,-86.8606,117.877,-85.7779,111.868,-85.89,98.7194,-87.035,102.129,1
103,6180,180,-10.1015,21.8411,-11.1049,19.5622,-11.2709,19.0985,-11.6002,19.6911,-10.912,20.0288,-10.562,19.4434,1
103,6180,193,-27.7319,-19.4953,-16.4417,35.1632,-16.8625,34.4004,-16.986,35.4885,-16.0896,35.836,-15.8896,34.7945,1
104,6240,7,-20.5906,8.06347,61.5635,-143.59,62.1241,-143.161,61.717,-144.801,61.0224,-143.964,61.3781,-142.298,1
104,6240,10,-20.4435,-11.2028,22.7057,97.7482,22.6751,97.1201,22.2037,97.7832,22.7223,98.326,23.2252,97.6967,1
104,6240,41,35.6614,17.1798,2.53988,-53.0884,3.31013,-53.0036,2.46809,-53.7898,1.63074,-53.1694,2.57411,-52.445,1
104,6240,59,36.6748,6.08335,-9.57717,148.996,-9.59527,148.24,-10.3278,149.231,-9.55093,149.867,-8.90618,148.802,2
104,6240,75,-33.5426,-6.57369,57.0721,-144.279,56.9698,-145.688,56.4641,-143.916,57.145,-143.029,57.7384,-144.718,1
104,6240,83,-32.4889,4.45659,61.6926,-96.6166,61.9493,-97.8528,61.1038,-96.887,61.4575,-95.5062,62.3518,-96.2961,1
104,6240,99,28.9587,4.87242,29.5605,-99.533,29.6834,-100.196,28.9463,-99.5694,29.4237,-98.8,30.1259,-99.4899,1
104,6240,109,-37.8877,16.077,58.3509,-121.606,57.9536,-122.772,57.8074,-120.517,58.7246,-120.566,58.9968,-122.922,1
104,6240,112,33.1628,12.106,45.8693,17.8011,46.4528,17.4681,45.5386,17.0693,45.2048,18.188,46.1534,18.4937,1
104,6240,133,21.1071,21.4478,-11.3919,-70.3347,-11.5383,-70.9732,-11.9562,-70.2129,-11.2029,-69.6237,-10.8286,-70.4243,1
104,6240,136,20.0864,16.8918,51.756,33.3745,52.2078,32.7231,51.3738,32.7042,51.2646,34.1001,52.1095,34.0655,1
104,6240,139,-21.0436,11.7869,-16.6317,130.776,-16.0705,130.883,-16.5601,130.168,-17.1748,130.688,-16.7195,131.439,1
104,6240,162,-19.0203,19.0636,13.5837,-0.126161,13.595,-0.682825,12.9983,-0.14785,13.5956,0.424292,14.2309,-0.0818761,1
104,6240,180,17.9962,16.3694,-9.08866,22.9092,-9.28622,22.4185,-9.54622,23.1007,-8.8579,23.4393,-8.63124,22.7384,1
104,6240,193,-30.2353,0.913796,-10.6541,36.6605,-10.908,35.9705,-11.2223,37.0069,-10.4181,37.2841,-10.0266,36.2768,3
104,6240,196,38.8191,5.49272,66.8117,149.738,67.5653,148.893,66.2234,148.091,65.9269,150.664,67.3001,151.269,1
105,6300,24,35.7365,17.7473,6.73179,101.896,6.31265,101.31,6.29308,102.376,7.23885,102.576,7.15416,101.476,7
105,6300,30,34.0527,9.73372,10.9745,-67.4281,11.3914,-66.9217,11.3676,-67.9532,10.4905,-67.9996,10.604,-66.9617,1
105,6300,35,37.553,-12.5016,-12.9453,119.725,-13.3317,119.215,-13.4838,120.396,-12.5325,120.307,-12.4922,119.148,1
105,6300,75,-32.843,6.0623,61.1138,-138.404,61.1381,-139.847,60.4529,-138.178,61.09,-137.096,61.8606,-138.661,2
105,6300,109,20.4151,5.05027,60.4027,-110.358,60.094,-111.225,59.9838,-109.666,60.7308,-109.414,60.8022,-111.022,1
105,6300,112,-31.8565,17.4045,49.2771,27.1008,49.86,27.0037,49.1131,26.1476,48.7357,27.2274,49.4397,28.2136,1
105,6300,133,34.231,-9.50364,-11.9138,-68.9983,-11.9172,-69.6663,-12.7228,-68.8336,-11.9275,-68.2614,-11.2096,-69.1487,2
105,6300,160,-37.8331,7.93712,-32.3932,-54.3514,-32.0748,-55.1775,-33.1298,-54.4716,-32.656,-53.6066,-31.5369,-54.2074,1
105,6300,162,-28.6705,16.056,16.8953,1.4194,16.9636,0.786825,16.2383,1.41904,16.8529,2.01874,17.6416,1.43731,1
105,6300,178,19.0355,12.4189,-82.6252,19.2934,-83.0924,16.8253,-82.8788,23.0941,-82.0979,21.5658,-82.3375,15.9187,1
105,6300,180,-38.736,-11.6127,-5.78088,18.3482,-6.02258,17.5237,-6.32951,18.6736,-5.58301,19.0508,-5.17579,17.9628,1
106,6360,24,36.6691,-10.7736,7.53506,101.9,7.27806,101.344,6.90498,102.383,7.80183,102.527,8.07258,101.476,4
106,6360,30,27.8565,-11.2827,9.201,-67.0211,9.5248,-66.5904,9.68303,-67.4659,8.86822,-67.4891,8.77524,-66.6171,1
106,6360,38,18.6102,19.7401,78.203,-59.4,78.5726,-57.3595,78.5791,-61.1054,77.7647,-61.4486,77.8058,-57.8983,1
106,6360,58,-36.9967,5.35426,-25.7804,122.313,-25.6161,121.449,-26.5255,122.375,-25.9092,123.083,-24.9213,122.245,1
106,6360,67,-30.4315,-4.10242,11.1761,-15.3515,11.8152,-15.1948,11.2169,-15.932,10.6014,-15.4938,11.1382,-14.7164,1
106,6360,75,6.85699,18.3031,61.7336,-125.729,61.7522,-126.859,61.2161,-125.853,61.7224,-124.524,62.2612,-125.554,1
106,6360,91,37.6563,-8.00001,34.0748,-4.49154,34.7328,-4.56373,33.7898,-5.44123,33.3324,-4.43271,34.3191,-3.67072,1
106,6360,99,36.6877,-4.87588,32.4123,-93.0572,32.654,-93.7771,31.6295,-93.1781,32.1241,-92.2567,33.0947,-92.952,1
106,6360,109,26.7247,12.1969,64.7263,-107.503,64.3895,-108.665,64.278,-106.641,65.1009,-106.189,65.1555,-108.313,1
106,6360,133,-28.485,9.77554,-3.42701,-70.9525,-3.44386,-71.5919,-4.0616,-70.8411,-3.39574,-70.3574,-2.71602,-71.0676,1
106,6360,162,21.4001,-9.58233,14.4874,5.54231,14.5117,4.99609,13.8798,5.53537,14.448,6.11186,15.0458,5.54031,1
106,6360,178,18.0983,-8.65943,-80.8756,16.1373,-81.2807,14.0281,-81.212,19.1802,-80.4512,18.1834,-80.547,13.4757,1
106,6360,180,-15.4358,15.0665,-1.15451,23.1041,-1.30159,22.6424,-1.63561,23.2559,-0.993589,23.5559,-0.630306,22.9531,2
107,6420,21,40.5686,-3.1994,-82.4737,-36.662,-81.7952,-35.9698,-82.5765,-42.9992,-83.2534,-37.7246,-82.3168,-31.4195,1
107,6420,52,-19.833,-5.11055,49.5865,-89.1414,50.1457,-89.48,49.36,-89.9056,49.0626,-88.838,49.8255,-88.3369,1
107,6420,75,-40.0369,-6.92381,66.2874,-131.491,66.3791,-133.832,65.5611,-131.155,66.179,-129.519,67.1152,-131.949,1
107,6420,77,-5.3749,24.6541,30.1866,-5.41478,30.7045,-5.22524,30.4367,-5.999,29.6335,-5.58005,29.8887,-4.79955,1
107,6420,99,32.2337,0.209081,35.125,-89.1989,35.3426,-89.8961,34.4585,-89.3362,34.8755,-88.4296,35.7243,-89.0694,1
107,6420,104,37.3278,17.2997,-69.7902,56.8913,-69.2498,58.5457,-69.3795,55.1984,-70.4252,54.8499,-70.1741,58.4274,1
107,6420,148,35.4595,5.6749,74.3985,101.893,75.0862,102.818,74.44,99.0334,73.6062,100.939,74.3177,104.426,1
107,6420,162,-35.1013,-15.4907,20.4604,3.35399,20.4364,2.42251,19.8353,3.47176,20.4631,4.15159,21.1389,3.1926,2
107,6420,180,-22.803,20.9498,3.15576,24.1343,3.0157,23.63,2.59413,24.2898,3.31826,24.6213,3.79325,23.9791,1
108,6480,4,37.8862,-0.754056,19.5292,70.843,19.2814,70.0755,18.8062,71.3869,19.8013,71.7281,20.1597,70.3702,1
108,6480,15,-17.0445,22.6267,-32.6876,-65.5651,-32.1738,-65.6253,-32.7011,-66.2402,-33.2015,-65.4711,-32.6912,-64.8142,1
108,6480,21,38.5954,-4.35162,-84.0316,-7.88101,-83.4229,-9.91367,-84.4726,-14.3895,-84.7175,-5.11892,-83.5964,-3.02933,1
108,6480,52,-20.6561,-3.1833,47.9919,-83.9303,48.567,-84.1871,47.7976,-84.6993,47.4537,-83.698,48.1966,-83.1145,1
108,6480,58,-29.0447,-5.759,-22.1225,127.505,-22.1047,126.743,-22.725,127.583,-22.1393,128.192,-21.4703,127.41,1
108,6480,70,37.16,-3.3637,-68.6603,57.3937,-67.962,57.3949,-68.8655,55.1687,-69.4517,57.3614,-68.4586,59.2968,1
108,6480,99,33.2321,9.14042,37.1986,-84.2221,37.4394,-84.9916,36.5472,-84.3605,36.9258,-83.3488,37.7893,-84.0752,1
108,6480,108,29.0889,18.1927,37.2119,-113.987,36.7665,-114.605,36.8054,-113.431,37.7318,-113.286,37.6144,-114.495,1
108,6480,150,-19.615,17.721,17.4897,-14.6536,17.5241,-15.2135,16.9165,-14.6905,17.4765,-14.1022,18.1215,-14.5938,1
108,6480,162,34.6649,-8.18474,18.6237,11.8275,18.7406,11.1679,17.8336,11.8413,18.4755,12.5537,19.3142,11.8093,2
108,6480,170,36.0051,-8.02456,-1.55237,10.2606,-1.93711,9.72435,-2.09908,10.882,-1.13693,10.869,-1.08177,9.71793,1
109,6540,4,26.2268,20.8086,25.8517,71.0048,25.4819,70.3156,25.3154,71.3888,26.2915,71.7847,26.3867,70.6627,2
109,6540,15,-24.6267,-5.81558,-32.8358,-64.1873,-32.2462,-64.2664,-32.9398,-64.7984,-33.377,-64.1187,-32.7136,-63.5405,1
109,6540,16,-13.9396,-14.3518,-47.9884,-21.5114,-47.5725,-22.0442,-48.2845,-22.0969,-48.3812,-21.0223,-47.6751,-20.9429,1
109,6540,49,39.4373,-10.181,40.623,-100.182,41.326,-100.255,40.2944,-101.337,39.8235,-100.132,40.899,-99.1991,1
109,6540,52,-22.2384,-5.55824,46.4492,-79.5289,47.055,-79.7444,46.2773,-80.2979,45.8878,-79.3397,46.6333,-78.7147,1
109,6540,58,-39.1454,-6.96336,-18.5908,128.716,-18.5282,127.73,-19.3099,128.891,-18.6434,129.558,-17.7748,128.499,1
109,6540,61,19.3605,19.6391,-28.4317,148.574,-28.5231,147.937,-28.9472,148.661,-28.3077,149.275,-27.9187,148.515,1
109,6540,65,34.3111,18.9718,47.3285,-71.2502,48.005,-71.6614,46.9817,-72.0577,46.5402,-70.7534,47.6168,-70.4703,1
109,6540,104,21.3852,-10.0074,-74.4563,62.619,-74.0833,63.9555,-74.0425,61.0258,-74.827,61.1235,-74.8194,64.1771,1
109,6540,121,-19.1167,24.0087,32.3732,-82.1005,32.0179,-82.6475,31.821,-81.6779,32.7548,-81.5723,33.0085,-82.5556,1
109,6540,142,36.0934,2.86645,-74.5792,133.129,-74.097,135.141,-74.1188,130.724,-75.1051,130.677,-74.9718,135.357,1
109,6540,144,-37.3477,13.1832,-31.6519,-55.1724,-31.9731,-56.0147,-32.2784,-54.5562,-31.3353,-54.4359,-30.9016,-55.8753,3
109,6540,158,18.5812,11.5109,-32.8358,-64.1873,-32.7638,-64.8242,-33.3615,-64.2433,-32.8994,-63.4951,-32.3267,-64.1176,1
109,6540,162,-21.743,18.1941,27.0014,12.6972,27.0667,12.079,26.403,12.6288,26.959,13.303,27.6659,12.7952,2
109,6540,170,34.4799,-20.522,0.766398,9.83301,0.389948,9.31936,0.0577992,10.4452,1.13911,10.41,1.35186,9.30076,1
109,6540,173,32.916,23.9364,65.9153,177.667,66.5892,178.744,66.205,176.191,65.0905,176.516,65.5907,178.977,1
109,6540,192,-33.1996,6.63105,-26.141,28.9121,-26.3249,28.101,-26.7866,29.2803,-25.9575,29.6401,-25.4051,28.504,1
110,6600,4,-28.5971,15.8032,30.5604,65.6799,30.3187,64.9659,29.9304,66.065,30.8089,66.3453,31.2836,65.2541,2
110,6600,49,26.4713,19.5496,38.4027,-91.613,39.043,-91.8111,38.231,-92.3329,37.6788,-91.3662,38.536,-90.9077,1
110,6600,58,19.545,0.12525,-19.2501,136.572,-19.2764,135.992,-19.8271,136.646,-19.2217,137.188,-18.7051,136.506,1
110,6600,61,28.4497,-3.20972,-27.7084,150.322,-27.7221,149.695,-28.3259,150.442,-27.6967,151.003,-27.1473,150.213,1
110,6600,65,21.9311,-24.0787,48.8169,-71.3949,49.3201,-71.6862,48.6624,-72.4346,48.2997,-71.1542,48.9669,-70.4812,1
110,6600,135,-39.3134,-5.50455,56.678,3.82755,57.2029,2.43534,55.973,3.41616,56.2159,4.9861,57.4881,4.28861,1
110,6600,158,34.8727,21.4526,-31.1184,-58.3337,-31.0827,-59.2549,-31.7899,-58.2384,-31.1278,-57.2373,-30.492,-58.376,2
110,6600,189,26.3476,19.3472,-20.9471,16.4078,-21.1726,15.8064,-21.4399,16.6562,-20.6711,17.08,-20.4622,16.1955,1
110,6600,192,-39.2372,-7.39834,-23.9085,28.5183,-24.2055,27.4811,-24.5466,28.9985,-23.6539,29.3976,-23.1902,27.9565,1
111,6660,4,12.5503,22.7079,33.3996,71.6464,33.0784,71.0158,32.8807,71.9382,33.7712,72.3289,33.9419,71.3774,1
111,6660,5,-31.7402,18.1316,67.863,90.1416,67.8324,88.2879,67.0956,90.4835,67.9054,91.8746,68.7569,89.7726,2
111,6660,10,-40.06,5.34192,43.0283,119.588,43.3247,118.577,42.2926,119.529,42.7746,120.468,43.8893,119.662,2
111,6660,21,-30.0171,11.798,-73.2543,49.5401,-73.1445,47.5681,-73.8517,49.4975,-73.3233,51.4033,-72.581,49.6207,1
111,6660,24,-26.1004,9.38266,29.1945,98.55,28.9244,98.0073,28.7511,98.9209,29.4571,99.0565,29.6878,98.1442,1
111,6660,25,-25.4339,-12.4718,62.4192,109.534,62.107,108.389,61.9881,110.119,62.6832,110.597,62.8611,108.869,1
111,6660,41,37.4801,-12.0344,-15.7477,-40.6986,-15.1071,-40.4923,-15.6757,-41.63,-16.4551,-40.956,-15.796,-39.9032,1
111,6660,49,-10.3509,19.6913,38.9944,-85.5646,39.5088,-85.6418,38.97,-86.2623,38.4732,-85.4585,38.996,-84.8096,1
111,6660,52,30.2515,-20.5721,39.0119,-77.0396,39.6271,-77.1368,38.8908,-78.1446,38.3594,-76.9859,39.128,-76.0888,1
111,6660,58,-32.6544,-17.4775,-14.5073,133.383,-14.6031,132.479,-15.1314,133.515,-14.4389,134.161,-13.8428,133.209,1
111,6660,61,-14.2133,-20.6329,-23.5733,148.356,-23.6952,147.722,-24.0822,148.391,-23.4779,148.937,-23.0712,148.296,1
111,6660,77,37.7988,8.36842,15.87,-4.96137,16.5526,-4.60417,16.0064,-5.76498,15.0709,-5.36864,15.7293,-4.25311,1
111,6660,78,-34.5542,-7.3443,-13.1603,14.8598,-12.4411,15.2213,-12.9991,14.2123,-13.7873,14.537,-13.322,15.5828,1
111,6660,84,-24.6272,21.5004,36.2977,4.44749,36.8151,4.64444,36.4666,3.71801,35.7851,4.29211,36.0798,5.26372,1
111,6660,85,22.7004,12.8149,3.8191,19.5842,4.34215,19.7379,3.93195,19.0698,3.24032,19.4267,3.69543,20.0745,1
111,6660,92,17.9103,-16.8999,0.164781,39.5079,0.678048,39.5308,0.232777,38.9063,-0.354157,39.4645,0.117725,40.0585,1
111,6660,100,-39.0231,-10.6529,62.2814,63.518,62.8512,65.0542,62.6725,62.3089,61.791,62.2491,61.8463,64.8766,3
111,6660,112,33.3846,13.9642,31.2067,45.1285,31.8478,45.0981,31.0662,44.4365,30.47,45.1782,31.3125,45.772,2
111,6660,121,-27.7685,0.790392,37.512,-83.1431,37.127,-83.8277,37.0647,-82.6116,37.8648,-82.5114,37.9972,-83.7333,1
111,6660,123,-32.1311,23.0709,67.863,90.1416,68.3208,91.5145,68.4002,88.4894,67.3894,88.9731,67.1872,91.9481,2
111,6660,124,-27.3188,8.85082,33.8096,95.1117,34.2517,95.6682,34.2038,94.5046,33.3845,94.6087,33.3619,95.7733,1
111,6660,127,-34.145,7.76099,-71.5799,126.692,-70.8993,127.585,-71.4404,124.46,-72.1969,125.875,-71.713,129.275,1
111,6660,133,-34.6302,-14.8524,10.0048,-63.3949,9.85812,-64.2862,9.38243,-63.1892,10.1152,-62.627,10.6758,-63.6491,1
111,6660,136,-25.2935,-2.00946,46.8615,69.3303,47.4935,69.218,46.7246,68.5096,46.2792,69.4313,47.007,70.2168,1
111,6660,137,25.1827,18.405,16.6053,97.9902,17.2642,98.0291,16.6068,97.3636,15.8602,97.9674,16.575,98.5935,1
111,6660,144,-32.4886,17.1649,-23.9436,-53.8271,-24.2718,-54.4926,-24.5429,-53.3164,-23.61,-53.2284,-23.2341,-54.3973,1
111,6660,148,-14.2438,20.0495,60.2116,127.027,60.6371,127.746,60.6121,126.142,59.7632,126.36,59.7509,127.941,1
111,6660,150,-31.5683,16.3224,26.2402,-7.45572,26.3755,-8.14562,25.5545,-7.507,26.1362,-6.80822,27.0278,-7.37688,2
111,6660,151,-38.408,-0.79909,45.9987,27.6762,46.4081,26.6612,45.3173,27.4399,45.6388,28.5499,46.7806,27.9442,1
111,6660,152,31.7828,-2.18779,41.6815,78.8558,42.228,78.506,41.2734,78.1168,41.0741,79.2278,42.0434,79.5275,1
111,6660,153,34.7635,-16.1614,25.9023,116.129,26.5243,116.144,25.8003,115.18,25.2251,116.079,25.9993,116.941,1
111,6660,158,38.0752,3.77155,-30.2887,-56.6858,-30.148,-57.4967,-31.0646,-56.5951,-30.4451,-55.7473,-29.6057,-56.753,2
111,6660,162,28.5702,9.11217,27.7138,21.3763,27.8044,20.6861,27.0975,21.3754,27.6169,22.1463,28.2871,21.3926,1
111,6660,163,-37.5719,-9.79148,49.606,56.547,50.0747,55.4005,48.9689,56.2135,49.1894,57.5061,50.3268,56.9001,1
111,6660,164,-26.5445,18.0707,44.1088,114.317,44.6838,114.14,43.9234,113.456,43.5638,114.518,44.2926,115.306,1
111,6660,180,37.5585,-7.06874,12.0338,33.6972,11.9412,33.0627,11.3121,34.0083,12.1215,34.414,12.656,33.4229,1
111,6660,182,29.9604,18.9608,62.0428,113.178,62.4684,112.143,61.5745,112.469,61.5584,114.36,62.4657,113.917,1
111,6660,189,32.2669,15.0759,-18.1127,18.3818,-18.3273,17.741,-18.6402,18.6918,-17.8499,19.1104,-17.6128,18.1167,1
111,6660,193,-38.5774,-7.04436,13.5909,41.4728,13.2233,40.5533,12.9929,41.9582,13.8992,42.2622,14.2576,40.9015,2
111,6660,194,-38.2571,10.4687,49.606,56.547,49.4609,55.2646,48.8478,57.1167,49.7459,57.6834,50.4995,55.8664,1
112,6720,4,-21.2192,16.5879,37.4272,68.7657,37.189,68.0769,36.8472,69.1027,37.6769,69.4289,38.0766,68.407,1
112,6720,26,38.8804,11.936,69.6253,-124.602,70.3491,-124.326,69.4963,-126.621,68.7705,-124.874,69.6989,-122.781,1
112,6720,30,-21.9952,-23.0638,-12.6497,-65.1142,-12.1288,-64.6678,-12.2638,-65.4789,-13.096,-65.5265,-13.0174,-64.7228,1
112,6720,36,-24.6225,-16.8541,48.8923,107.072,48.3543,106.514,48.5919,107.714,49.3619,107.598,49.1817,106.377,1
112,6720,38,31.8114,6.45163,56.6656,-67.5726,57.0598,-66.7339,57.0452,-68.4792,56.2129,-68.488,56.3052,-66.7722,1
112,6720,61,-31.8495,-23.1394,-19.9543,148.764,-20.1339,147.868,-20.5272,148.893,-19.8195,149.528,-19.3596,148.587,1
112,6720,84,-20.3662,22.8095,32.8225,6.30454,33.3236,6.47122,33.0033,5.64407,32.3164,6.17342,32.5936,7.03448,1
112,6720,91,38.918,12.9195,19.118,16.5241,19.8989,16.5174,18.8927,15.7602,18.1933,16.5452,19.2918,17.2121,1
112,6720,101,13.3789,-14.6624,22.4993,57.2067,22.8772,57.567,22.8975,56.7769,22.1297,56.8336,22.1369,57.6145,1
112,6720,104,-23.739,-19.8591,-82.9171,102.067,-82.2205,101.802,-82.8928,97.6693,-83.5357,102.189,-82.8713,106.566,1
112,6720,109,26.7913,-22.9275,82.3927,-78.1304,82.3724,-82.4031,81.6156,-78.52,82.3345,-73.7593,83.0685,-77.9008,1
112,6720,122,-0.00327193,23.2171,77.8258,-55.6034,77.626,-58.0639,77.2766,-55.0964,78.0388,-52.9453,78.4133,-56.0634,1
112,6720,127,16.3658,23.0262,-78.5872,117.767,-77.9836,118.625,-78.3683,115.131,-79.2632,116.832,-78.813,120.474,1
112,6720,148,-14.6326,16.7592,56.8336,127.522,57.2475,128.186,57.2184,126.731,56.4044,126.903,56.3976,128.34,1
112,6720,158,-28.076,-10.9949,-23.8053,-59.6999,-23.7364,-60.4444,-24.3664,-59.7036,-23.8731,-59.0345,-23.2061,-59.7143,1
112,6720,170,0.307442,22.6001,16.5035,5.64011,16.104,5.27456,16.1027,6.00261,16.9425,6.01,16.9431,5.27427,1
112,6720,181,-27.2794,1.95463,49.9428,52.8732,49.9147,51.9824,49.414,53.024,49.9667,53.6959,50.52,52.7047,1
112,6720,189,-11.0978,23.6934,-12.4881,16.5191,-12.6573,16.0468,-12.9997,16.6422,-12.2886,16.9949,-11.9223,16.4077,1
112,6720,192,-2.33303,24.1224,-15.225,36.2793,-15.5178,35.7608,-15.7723,36.5033,-14.8883,36.8112,-14.6271,36.0679,1
113,6780,4,13.5703,15.0113,39.5962,74.0898,39.3382,73.4159,39.0903,74.3993,39.8841,74.812,40.1069,73.7993,1
113,6780,19,-17.3586,13.1298,22.7098,95.9277,22.7228,95.3795,22.1873,95.9254,22.71,96.4645,23.2753,95.9434,1
113,6780,27,-35.09,20.5364,33.9176,-87.1306,34.3426,-86.5585,34.3679,-87.8279,33.4975,-87.6264,33.3629,-86.3317,1
113,6780,35,-21.293,15.6873,19.8306,110.352,19.4669,109.96,19.4519,110.775,20.1964,110.721,20.2579,109.894,1
113,6780,45,-26.5328,17.0282,-5.047,124.13,-5.04534,123.537,-5.68634,124.18,-5.02364,124.696,-4.32358,124.092,1
113,6780,82,-39.4727,9.29149,61.8951,-102.123,62.2289,-103.556,61.1693,-102.368,61.6049,-100.869,62.7468,-101.804,1
113,6780,84,33.488,23.7854,26.6237,3.92127,27.3678,4.02765,26.6324,3.22267,25.7368,3.82568,26.572,4.57656,2
113,6780,135,-24.5574,7.57372,56.2436,26.3575,56.7196,25.6892,55.8278,25.5901,55.7985,26.9876,56.6886,27.2258,1
113,6780,140,32.6395,-3.37943,-17.0141,129.048,-16.5769,129.558,-16.5578,128.413,-17.4901,128.474,-17.4184,129.616,1
113,6780,148,14.6219,11.7658,53.2677,123.268,53.7237,123.807,53.5703,122.507,52.77,122.721,52.9537,123.994,1
113,6780,158,27.7798,-10.3539,-25.2616,-52.9948,-25.1818,-53.6065,-25.9371,-53.0302,-25.3597,-52.3431,-24.6556,-52.9729,2
113,6780,161,-26.2239,11.5192,12.0886,-4.86498,12.1307,-5.46575,11.4839,-4.84069,12.0636,-4.29685,12.7612,-4.88076,1
113,6780,189,23.4498,15.7023,-10.9107,20.349,-11.1148,19.8209,-11.386,20.5722,-10.6693,20.9293,-10.4446,20.1523,1
113,6780,192,-29.406,-2.51172,-13.3347,33.5776,-13.6041,32.8828,-13.8866,33.9194,-13.0893,34.2047,-12.734,33.1991,1
114,6840,6,-26.1487,3.61311,61.0691,-144.051,61.6734,-143.522,61.2242,-145.305,60.5036,-144.511,60.8845,-142.695,1
114,6840,19,-39.9756,8.69402,27.1083,96.3587,27.2693,95.5023,26.3573,96.4524,26.9804,97.1119,27.9941,96.2538,1
114,6840,32,-22.9239,17.6521,-83.9867,120.385,-84.3676,116.767,-84.3393,124.822,-83.5832,123.321,-83.5442,116.144,1
114,6840,39,33.048,22.631,11.4003,-69.5688,11.9336,-69.0565,11.7697,-70.0777,10.7529,-70.1525,11.0226,-69.115,6
114,6840,40,30.334,-2.73094,3.39571,-55.3557,3.98158,-55.2294,3.42485,-56.0365,2.75464,-55.5006,3.36929,-54.7416,1
114,6840,82,-38.1377,-15.9157,62.2624,-100.255,62.4936,-102.132,61.6313,-100.357,62.0352,-98.7054,62.9659,-100.206,1
114,6840,84,-30.0419,24.392,26.4889,11.5041,27.0272,11.767,26.7368,10.7697,25.9573,11.2933,26.1694,12.3493,1
114,6840,98,-34.5688,4.47183,35.5274,-104.621,35.7194,-105.445,34.8739,-104.658,35.3592,-103.881,36.2682,-104.576,1
114,6840,108,12.7757,23.419,60.2281,-114.098,59.8385,-114.913,59.8103,-113.473,60.6689,-113.212,60.6693,-114.709,1
114,6840,119,-36.1245,5.72199,32.1748,-79.8133,32.261,-80.6,31.5434,-79.7205,32.104,-79.1101,32.8972,-79.9172,1
114,6840,132,27.221,-0.313482,-12.3337,-72.7134,-12.3814,-73.3226,-12.9699,-72.5671,-12.2833,-72.0504,-11.7493,-72.845,1
114,6840,138,-26.9466,11.9811,-17.4794,129.865,-16.875,130.004,-17.4163,129.199,-18.0523,129.752,-17.5592,130.609,1
114,6840,140,-26.3193,-18.9687,-18.6356,135.264,-17.9953,135.736,-18.2853,134.757,-19.187,134.83,-18.9736,135.813,1
114,6840,161,-28.3753,-18.544,12.7862,-4.80738,12.7045,-5.58975,12.2142,-4.73698,12.8385,-4.12088,13.3831,-4.91163,1
114,6840,171,26.3112,24.9927,60.4847,10.5298,59.9667,9.54922,60.0625,11.3893,61.0955,11.6636,60.9207,9.72406,1
114,6840,189,-34.7072,8.07731,-5.76428,16.7101,-5.87157,16.0637,-6.35299,16.9594,-5.65362,17.2917,-5.08949,16.432,1
114,6840,192,-38.456,-3.85716,-9.57343,33.2149,-9.87581,32.3188,-10.1974,33.672,-9.31032,33.9851,-8.86746,32.6828,1
114,6840,195,40.1737,-0.322447,66.4286,148.458,67.203,147.773,65.825,146.615,65.5207,149.183,66.9228,150.121,1
115,6900,19,-37.2065,-8.30739,28.2,97.9534,28.2478,97.0345,27.5703,98.0819,28.1484,98.7455,28.903,97.7879,1
115,6900,32,-10.0078,21.1631,-79.8385,123.651,-80.246,122.078,-80.1496,126.017,-79.4024,125.03,-79.468,121.322,1
115,6900,37,14.5444,15.1185,80.4355,-58.0077,80.7378,-55.5074,80.8203,-59.8624,80.08,-60.4774,80.0352,-56.386,1
115,6900,64,39.6038,8.55124,50.6406,-94.0753,51.2721,-94.7153,50.0427,-94.8414,49.897,-93.3365,51.1504,-93.3648,1
115,6900,98,-33.5491,-2.25441,37.2492,-101.699,37.4283,-102.563,36.6315,-101.735,37.0852,-100.933,37.9372,-101.666,1
115,6900,108,36.8869,-12.5291,60.0056,-109.068,59.7495,-110.252,59.2883,-108.1,60.2541,-107.711,60.6071,-109.946,1
115,6900,132,-32.0963,21.1792,-3.80074,-74.0869,-3.78142,-74.7611,-4.57668,-74.0164,-3.78059,-73.4527,-2.88827,-74.1449,1
115,6900,161,-38.601,2.43479,18.0424,-1.8362,18.1593,-2.68055,17.3229,-1.71685,17.9457,-1.09796,18.8728,-1.97778,1
115,6900,177,-7.71368,24.3834,-79.9446,-0.256058,-80.299,-2.58672,-80.4038,1.64203,-79.5387,1.89135,-79.4193,-2.01415,1
115,6900,192,-22.358,9.76126,-5.32352,36.7184,-5.55539,36.1503,-5.87428,37.0012,-5.08891,37.2546,-4.71679,36.4186,1
116,6960,19,-22.1189,11.7181,30.936,103.841,30.998,103.225,30.3905,103.809,30.8879,104.433,31.533,103.889,1
116,6960,23,-18.1796,11.2653,12.4457,95.105,12.1803,94.6794,12.0319,95.3989,12.7134,95.5126,12.8978,94.795,1
116,6960,34,-25.0521,23.9297,-3.8429,110.513,-4.21507,110.108,-4.31719,110.939,-3.45351,110.886,-3.28244,110.043,1
116,6960,74,-13.2326,19.3257,64.2386,-127.763,64.2951,-128.985,63.6812,-127.981,64.1944,-126.53,64.8413,-127.469,1
116,6960,98,-33.6375,0.955942,39.5784,-97.6331,39.7978,-98.4908,38.9531,-97.7174,39.3809,-96.8677,40.2794,-97.5402,1
116,6960,108,26.8603,-10.4559,64.3176,-110.17,64.048,-111.272,63.7642,-109.343,64.5815,-108.959,64.8065,-110.961,1
116,6960,111,-33.4754,-9.88655,47.7642,28.7067,48.4572,28.5053,47.5629,27.9255,47.1543,28.8684,47.994,29.5611,1
116,6960,132,-31.5433,-4.4635,-3.17007,-73.7407,-3.22977,-74.4744,-3.77918,-73.5779,-3.11828,-73.0852,-2.50295,-73.9291,1
116,6960,161,28.5988,-12.0572,14.9131,4.62592,14.9723,4.03625,14.2028,4.61475,14.8294,5.25305,15.5453,4.62505,1
117,7020,23,34.4316,9.78973,15.3813,100.317,15.0461,99.7493,14.9208,100.78,15.7703,100.964,15.809,99.9065,1
117,7020,34,33.312,13.5934,-0.739403,115.461,-1.22281,115.01,-1.07294,115.995,-0.174612,115.969,-0.41513,114.981,1
117,7020,74,-34.7774,20.8177,68.7811,-122.921,69.0419,-124.731,67.9892,-123.412,68.5589,-121.243,69.7134,-122.223,1
117,7020,76,-27.2133,19.696,29.8245,-5.01652,30.3555,-4.67135,30.1178,-5.72807,29.3002,-5.31357,29.4654,-4.21991,1
117,7020,90,-10.5804,16.7559,33.7024,3.89427,34.1952,3.80505,33.6462,3.27736,33.2078,4.00464,33.7431,4.55794,1
117,7020,98,-19.9271,-4.13159,40.0346,-93.187,40.1831,-93.8896,39.5356,-93.3288,39.8892,-92.5337,40.56,-93.043,1
117,7020,103,36.2198,9.52908,-70.6568,54.7929,-70.2023,56.4225,-70.2252,53.0901,-71.17,52.8311,-71.0445,56.3528,2
117,7020,111,-36.9474,-17.1561,46.4905,32.4604,47.3277,32.2155,46.2787,31.6496,45.7789,32.6411,46.7463,33.3436,1
117,7020,161,34.1314,-6.39089,17.4099,8.09209,17.5136,7.43839,16.6449,8.12299,17.2793,8.81331,18.0827,8.06065,1
118,7080,3,19.3201,2.58917,21.857,66.4279,21.602,65.8751,21.3422,66.7513,22.1277,67.0179,22.3475,66.1227,1
118,7080,20,-13.3976,-15.3069,-79.3743,2.53459,-79.0063,0.481377,-79.6927,0.587981,-79.7134,4.52353,-79.0324,4.31284,1
118,7080,48,36.4452,-2.52071,41.5796,-103.496,42.2466,-103.637,41.2582,-104.46,40.8242,-103.352,41.8533,-102.643,1
118,7080,64,16.0094,24.9148,49.759,-74.5144,50.2711,-74.9362,49.5672,-75.2631,49.1972,-74.019,49.9201,-73.7299,1
118,7080,74,-36.0509,-0.351142,69.6149,-120.327,69.8778,-122.468,68.9276,-120.52,69.3657,-118.481,70.3937,-120.111,1
118,7080,76,19.3657,21.945,24.5074,-8.12796,25.105,-7.93836,24.6849,-8.71261,23.8322,-8.31297,24.3003,-7.55825,1
118,7080,111,-18.1468,14.973,40.7552,38.1348,41.2406,38.0988,40.7169,37.4651,40.2803,38.1909,40.7791,38.8664,1
118,7080,120,-27.2778,22.8252,30.2151,-85.6795,29.8677,-86.2915,29.6094,-85.1956,30.58,-85.1079,30.9281,-86.2206,1
118,7080,149,33.5576,13.9311,-1.78024,126.633,-1.21943,127.131,-1.42205,126.018,-2.43829,126.067,-2.12996,127.183,5
118,7080,161,-36.2282,-18.6087,24.1696,4.32356,24.135,3.28674,23.5295,4.44243,24.1758,5.19787,24.8627,4.15116,1
119,7140,3,-38.3953,2.8473,27.2686,60.7293,26.9657,59.8035,26.6393,61.2688,27.5379,61.538,27.9929,60.0948,1
119,7140,20,25.1137,15.4175,-80.3826,44.2451,-80.3302,40.868,-80.916,44.2837,-80.3875,48.0443,-79.872,44.3217,1
119,7140,51,35.9938,0.690307,40.2185,-83.5672,40.9188,-83.7075,39.8967,-84.519,39.4224,-83.4168,40.4909,-82.7163,1
119,7140,64,-39.7019,9.30855,53.4879,-67.2128,54.2593,-67.2613,53.2202,-68.398,52.8104,-67.1407,53.7812,-65.7933,1
119,7140,74,34.3414,-19.0599,63.7557,-108.666,64.0974,-109.904,62.9296,-109.59,63.3437,-107.408,64.4607,-107.875,1
119,7140,98,39.2606,-3.22471,38.2002,-81.6094,38.5715,-82.366,37.3861,-81.8829,37.7593,-80.7593,38.9009,-81.3674,1
119,7140,103,-20.3085,18.7513,-78.0941,79.5898,-77.6113,80.7098,-77.8224,77.1191,-78.5748,78.5051,-78.3866,82.4212,1
119,7140,107,16.0618,20.2428,42.8932,-117.831,42.4986,-118.377,42.5015,-117.362,43.3389,-117.242,43.2998,-118.282,9
119,7140,111,-30.5355,5.75917,39.7003,41.976,40.2885,42.0211,39.6305,41.2435,39.16,41.9465,39.7688,42.7946,1
119,7140,120,-36.0347,7.57809,32.4006,-87.0541,32.0112,-87.8477,31.8657,-86.4292,32.7581,-86.3483,33.0173,-87.7789,1
119,7140,141,34.7533,13.5916,-77.2756,131.843,-76.7064,134.136,-76.8865,129.069,-77.9201,128.963,-77.6254,134.455,1
119,7140,147,39.6032,-8.32475,67.5971,107.145,68.2159,108.275,67.8683,104.668,66.8941,105.878,67.343,109.201,1
119,7140,159,35.3743,16.7083,17.5498,-9.22673,17.5853,-10.0143,16.8704,-9.1128,17.5218,-8.30195,18.175,-9.30115,1
119,7140,161,16.557,10.6595,25.0148,13.5102,25.0459,12.922,24.4897,13.4942,24.9889,14.1422,25.5267,13.5398,1
119,7140,172,36.6731,-7.30863,67.6861,173.223,68.159,174.488,68.1033,171.292,67.1559,171.831,67.3107,174.845,1
119,7140,179,24.7412,19.9012,6.78904,6.16925,6.30687,5.73521,6.41543,6.61698,7.3484,6.64546,7.17247,5.75325,1
119,7140,191,-29.5026,-4.70332,-26.3082,26.9382,-26.5614,26.1603,-26.8687,27.2856,-26.0791,27.6363,-25.7013,26.5534,1
120,7200,3,-25.5856,4.36007,30.4866,63.611,30.2211,62.9271,29.9545,63.984,30.7378,64.248,31.0683,63.2017,2
120,7200,51,-33.6671,-9.52093,45.0497,-75.4935,45.8595,-75.652,44.844,-76.3652,44.3404,-75.3691,45.2864,-74.5359,1
120,7200,57,25.6415,2.58321,-18.3264,135.796,-18.3496,135.17,-18.9456,135.906,-18.2982,136.476,-17.7505,135.699,1
120,7200,60,-27.9229,-4.20085,-23.0637,144.68,-23.087,144.001,-23.6049,144.783,-23.0422,145.296,-22.4794,144.562,1
120,7200,98,37.0367,0.123688,39.9848,-77.0169,40.3534,-77.7551,39.2551,-77.319,39.5554,-76.1896,40.6238,-76.7404,1
120,7200,107,29.5944,-17.5381,42.8611,-116.169,42.5466,-116.821,42.2388,-115.57,43.1663,-115.452,43.3925,-116.721,5
120,7200,111,-8.42164,-17.7058,36.9816,41.7578,37.4872,41.6632,36.971,41.1662,36.5058,41.8266,37.0062,42.3381,1
120,7200,147,-23.4759,17.2636,62.7586,126.266,63.1753,127.204,63.1918,125.215,62.3326,125.423,62.2514,127.379,1
120,7200,157,-2.42908,19.0446,-27.5821,-62.6005,-27.5451,-63.1669,-28.0845,-62.6915,-27.5984,-62.0097,-27.0555,-62.4841,1
120,7200,179,-35.0163,8.65375,9.4944,-0.0410797,9.08113,-0.633407,9.03077,0.497699,9.87911,0.484726,10.031,-0.65647,1
120,7200,191,-39.9664,0.792256,-21.6925,26.82,-21.9104,25.8302,-22.3831,27.2988,-21.4921,27.6676,-20.8901,26.2617,1
121,7260,2,-21.9976,10.2089,-0.147038,54.9955,-0.405882,54.4496,-0.679412,55.3005,0.113468,55.5112,0.439944,54.6711,1
121,7260,3,-38.4699,7.99423,35.0785,62.6804,34.8216,61.6865,34.3988,63.2495,35.3162,63.5543,35.8746,62.0072,1
121,7260,4,-19.4672,19.5433,68.0161,92.7932,67.969,91.2226,67.3734,92.8798,68.0754,94.3467,68.7316,92.7515,2
121,7260,18,-35.6212,3.291,19.2851,87.6516,19.3505,86.9067,18.6425,87.7592,19.2322,88.3155,20.0154,87.5284,1
121,7260,19,-35.563,13.4785,44.0104,120.705,44.2843,119.846,43.3183,120.517,43.7769,121.49,44.8123,120.947,1
121,7260,20,-28.0624,9.58979,-72.1175,51.8157,-72.0696,49.9894,-72.6836,51.9472,-72.1341,53.5301,-71.4867,51.7046,1
121,7260,23,-23.7445,13.1589,31.4917,96.7757,31.2292,96.244,31.0398,97.1343,31.7546,97.2781,31.9966,96.3872,2
121,7260,24,39.0478,-8.98795,62.1486,120.819,62.0845,119.449,61.3645,121.43,62.1857,122.38,62.8137,120.261,1
121,7260,25,39.8772,-7.21733,72.2243,-135.424,72.8808,-135.152,72.0608,-138.12,71.4767,-135.763,72.3377,-133.091,1
121,7260,26,21.0264,-15.601,41.8025,-97.7834,42.2187,-97.4256,42.1318,-98.4453,41.3836,-98.1672,41.5113,-97.1788,1
121,7260,34,-40.0571,0.0815702,12.6794,106.533,12.166,105.891,12.305,107.14,13.1258,107.086,13.1061,105.825,10
121,7260,35,-39.3092,-8.47298,47.4893,102.423,46.8437,101.599,47.2024,103.304,48.0315,103.148,47.7894,101.401,1
121,7260,39,-37.7097,-16.8968,-11.2178,-65.4667,-10.5919,-64.8023,-10.8482,-65.985,-11.733,-66.0388,-11.5986,-64.8721,1
121,7260,40,33.0935,-4.18616,-17.4056,-40.9879,-16.7957,-40.8404,-17.3842,-41.7562,-18.0786,-41.1622,-17.4206,-40.3052,1
121,7260,51,30.0713,-3.18223,37.1271,-75.8467,37.7461,-75.9086,36.9531,-76.7063,36.4487,-75.7896,37.2794,-75.0686,1
121,7260,57,-22.3305,-21.2823,-14.344,132.712,-14.4811,131.96,-14.9185,132.768,-14.2411,133.381,-13.7637,132.624,1
121,7260,60,-24.4272,-21.1935,-21.6415,146.195,-21.7852,145.455,-22.1735,146.274,-21.5309,146.851,-21.1007,146.083,1
121,7260,76,35.7215,-6.98677,16.1251,-7.22902,16.6976,-6.87145,16.3757,-8.04716,15.4932,-7.64,15.9083,-6.51682,1
121,7260,77,-37.4429,-11.8574,-13.9518,13.1683,-13.1174,13.5588,-13.8133,12.4778,-14.6586,12.8241,-14.0787,13.9463,1
121,7260,90,-23.5997,-22.2234,27.4472,14.149,28.152,14.0051,27.4014,13.5356,26.8229,14.2515,27.5223,14.7707,1
121,7260,100,19.0602,-9.16971,23.9759,54.2797,24.346,54.6647,24.3616,53.8129,23.5991,53.8739,23.6227,54.7157,1
121,7260,111,36.2103,-0.813221,30.5159,42.9225,31.127,42.981,30.3935,42.1222,29.8259,42.8516,30.6173,43.631,2
121,7260,120,19.4845,-15.8537,36.7253,-79.9028,36.404,-80.4729,36.163,-79.4606,37.033,-79.3004,37.2269,-80.3266,1
121,7260,122,37.9341,-11.7977,68.1512,66.0727,68.7776,67.02,68.3822,63.5411,67.4551,65.0057,67.9346,68.187,1
121,7260,123,-24.0536,-19.064,35.245,91.9915,35.8623,92.5155,35.5953,91.4162,34.7065,91.5149,34.9048,92.6001,2
121,7260,126,-0.778336,18.6559,-75.3151,117.005,-74.8017,117.652,-75.0941,115.069,-75.8557,116.361,-75.5481,119.066,1
121,7260,135,30.6538,22.9448,39.8149,67.249,40.566,67.0032,39.6056,66.4406,38.94,67.5643,39.9701,68.0384,1
121,7260,136,-0.601681,24.945,16.5695,98.8437,17.1269,98.8679,16.6858,98.2718,15.9739,98.8478,16.4154,99.4485,1
121,7260,143,25.3862,1.02213,-24.8261,-49.9264,-25.1932,-50.4413,-25.2726,-49.426,-24.427,-49.3709,-24.4084,-50.3841,1
121,7260,147,33.2855,-3.00921,60.158,114.679,60.6858,115.496,60.476,113.263,59.5705,113.786,59.8628,115.913,1
121,7260,150,33.1337,-2.51364,39.8296,30.7102,40.1618,30.0274,39.1636,30.384,39.45,31.4559,40.4224,31.007,1
121,7260,151,-19.2864,-3.74274,45.8661,80.2819,46.3598,79.9078,45.602,79.6505,45.4008,80.6236,46.1441,80.9472,1
121,7260,152,33.0397,-18.516,25.1421,115.122,25.7474,115.13,25.0795,114.188,24.4925,115.077,25.2082,115.923,1
121,7260,157,-39.2611,0.370092,-23.2143,-63.7026,-22.9866,-64.568,-23.935,-63.6736,-23.4023,-62.9478,-22.3825,-63.7417,1
121,7260,162,-32.8943,-18.591,49.1992,55.4581,49.5878,54.2814,48.634,55.0986,48.8413,56.4395,49.8176,55.805,1
121,7260,163,36.8538,17.559,37.5842,110.455,38.3351,110.105,37.1851,109.696,36.6982,110.884,37.9141,111.174,4
121,7260,179,-24.5468,8.24059,13.1171,0.984925,12.7397,0.527934,12.7151,1.41704,13.4812,1.40984,13.5626,0.514638,1
121,7260,180,-27.2812,-6.29384,47.9326,48.3024,47.8554,47.4063,47.4226,48.4839,47.9924,49.1187,48.4778,48.0898,1
121,7260,188,34.03,19.5561,-15.9008,17.2387,-16.1612,16.5554,-16.4352,17.573,-15.5739,18.0298,-15.389,16.9582,1
121,7260,192,-9.31938,-21.6326,12.5153,42.4359,12.1545,41.8834,11.9765,42.669,12.8276,42.9586,13.0276,42.1836,1
121,7260,193,-31.6724,-0.0311614,49.1992,55.4581,48.9926,54.3543,48.5945,55.9194,49.3798,56.458,49.8668,54.9266,1
122,7320,3,-16.5837,-9.06884,36.0462,66.3655,35.7516,65.6986,35.5591,66.6926,36.3105,66.9975,36.5405,66.0115,1
122,7320,18,25.5257,-10.8178,17.1788,93.5757,17.2056,93.0245,16.5495,93.5837,17.1341,94.1573,17.7475,93.559,1
122,7320,38,27.2272,-5.82241,19.9067,-70.5268,20.2355,-70.0805,20.3403,-70.9878,19.5589,-71.0104,19.5144,-70.1072,1
122,7320,48,39.6517,6.85782,32.1947,-88.0348,32.9707,-88.0322,31.9337,-88.9509,31.2841,-88.0335,32.4024,-87.2235,1
122,7320,81,-37.7866,10.8929,60.8053,-107.055,61.0892,-108.391,60.0995,-107.263,60.5585,-105.866,61.6282,-106.779,1
122,7320,83,-31.9344,6.31073,33.0371,5.3119,33.6181,5.58586,33.1419,4.6025,32.5029,5.07629,32.9103,6.10568,1
122,7320,84,26.3763,-18.7572,1.13338,17.8143,1.62794,18.0042,1.38939,17.1734,0.628585,17.5924,0.92272,18.3857,1
122,7320,109,20.3978,15.5135,53.7739,50.3595,54.2306,50.928,54.073,49.6054,53.2597,49.7689,53.4625,51.0652,3
122,7320,121,-16.612,12.7312,78.9164,-64.0972,78.7243,-66.7886,78.3771,-63.1193,79.0959,-61.3988,79.4996,-65.1983,1
122,7320,126,39.0908,-2.60159,-78.1829,100.109,-77.6473,102.689,-77.7171,96.3623,-78.758,96.8118,-78.5442,103.558,1
122,7320,143,-25.0704,-4.76828,-21.2816,-55.2661,-21.6807,-55.8256,-21.7038,-54.836,-20.9167,-54.7538,-20.8345,-55.7299,1
122,7320,147,37.8881,-5.0226,56.6219,114.829,57.1729,115.7,56.9847,113.341,55.9984,113.85,56.2957,116.091,1
122,7320,157,-27.8269,-13.9363,-22.8887,-60.9558,-22.8433,-61.7179,-23.4485,-60.9559,-22.9382,-60.2792,-22.2955,-60.9785,1
122,7320,159,31.0726,-14.7269,23.1619,-3.94325,23.2867,-4.56546,22.4026,-4.04322,23.0014,-3.28274,23.8275,-3.86911,1
122,7320,181,-15.0233,17.7616,65.4522,123.691,65.8628,123.06,65.1888,122.635,65.0502,124.34,65.7157,124.883,1
122,7320,188,24.2491,11.305,-12.906,17.2089,-13.0878,16.6833,-13.3873,17.4378,-12.6949,17.7837,-12.4421,17.0048,1
122,7320,191,-24.3971,-2.03922,-15.7655,31.1179,-16.0222,30.4857,-16.2908,31.4223,-15.5268,31.7004,-15.2036,30.7882,1
123,7380,3,17.5881,-16.2977,37.7635,71.2502,37.5327,70.5933,37.1362,71.5385,37.9734,71.9312,38.3302,70.9634,1
123,7380,5,36.2902,-3.10322,59.9564,-161.191,60.6656,-160.856,59.9191,-162.91,59.1563,-161.574,59.9696,-159.687,1
123,7380,48,24.2797,-0.957582,31.8532,-84.1855,32.406,-84.1902,31.7831,-84.8868,31.2592,-84.1841,31.9139,-83.5342,1
123,7380,81,-39.0284,2.68621,62.4575,-102.229,62.788,-103.734,61.7743,-102.446,62.1631,-100.933,63.2471,-101.969,1
123,7380,83,36.3935,0.689583,26.8378,0.80875,27.4444,1.0387,26.881,0.00379884,26.1501,0.54713,26.7911,1.51903,1
123,7380,97,30.5063,1.48506,29.1376,-104.614,29.2745,-105.277,28.4931,-104.655,28.9813,-103.883,29.7235,-104.572,1
123,7380,118,-33.3484,-5.59098,29.8724,-83.9876,29.8811,-84.7664,29.3135,-83.8725,29.8578,-83.2974,30.4873,-84.1279,1
123,7380,126,22.6965,-22.5276,-79.2736,112.689,-78.7361,113.969,-78.8524,109.285,-79.7965,111.084,-79.5917,115.962,1
123,7380,134,-34.1426,11.077,57.2928,27.6835,57.9165,27.029,56.8047,26.6907,56.7325,28.2916,57.8362,28.8716,1
123,7380,157,-6.25768,21.2077,-19.7758,-54.0316,-19.7714,-54.5734,-20.2992,-54.0952,-19.7555,-53.4704,-19.2169,-53.941,1
123,7380,160,-25.0001,6.14195,12.8463,-6.45427,12.8765,-7.05461,12.2741,-6.41677,12.8256,-5.89077,13.4722,-6.49041,1
123,7380,161,-31.4485,20.517,38.6603,24.4167,38.8752,23.6448,37.9487,24.2023,38.4855,25.1539,39.4837,24.7006,1
123,7380,170,26.3969,21.9621,58.0339,7.88696,57.5474,6.98959,57.623,8.6969,58.601,8.91356,58.4511,7.12851,1
123,7380,188,-24.4685,16.8915,-7.18153,15.026,-7.3068,14.5068,-7.72861,15.1941,-7.03981,15.5206,-6.56485,14.8542,2
123,7380,189,-28.9514,-10.4509,23.2026,29.3258,22.9977,28.6545,22.7158,29.5638,23.3753,29.9301,23.7178,29.0536,1
123,7380,191,-21.3565,5.96274,-11.5777,32.7273,-11.8108,32.1531,-12.1082,33.009,-11.3471,33.2682,-11.0021,32.429,1
124,7440,3,-26.812,12.506,45.6191,68.4752,45.4028,67.6085,45.0162,68.8892,45.8355,69.2896,46.2977,68.0184,1
124,7440,31,10.8619,21.4563,-81.0324,134.597,-81.531,133.612,-81.201,137.589,-80.4825,135.43,-80.8149,131.721,1
124,7440,44,16.6469,21.3378,-2.97888,128.113,-3.09798,127.539,-3.5104,128.192,-2.82502,128.743,-2.44193,128.061,2
124,7440,73,-38.1918,-0.0806957,60.6381,-145.932,60.6367,-147.637,59.9389,-145.526,60.6269,-144.447,61.4369,-146.433,1
124,7440,83,40.5469,-2.21941,23.5985,2.09769,24.2438,2.39156,23.6514,1.18671,22.8553,1.75173,23.5464,2.87814,1
124,7440,97,-32.8083,1.21036,36.2285,-105.506,36.4031,-106.322,35.61,-105.547,36.0711,-104.773,36.9193,-105.462,1
124,7440,118,-35.4859,15.4446,34.3747,-79.7085,34.4945,-80.4668,33.6916,-79.6907,34.2853,-79.0128,35.172,-79.711,1
124,7440,131,-13.712,20.3506,-7.14863,-76.2823,-7.2228,-76.8267,-7.72963,-76.2402,-7.04805,-75.7363,-6.51175,-76.3064,1
124,7440,134,-18.5861,19.9997,54.8229,34.9153,55.3037,34.4082,54.5198,33.9964,54.3573,35.4459,55.1319,35.9683,1
124,7440,157,33.8234,11.3721,-20.4698,-49.0726,-20.4368,-49.8044,-21.1327,-48.9536,-20.4932,-48.2319,-19.8621,-49.1603,1
124,7440,188,-30.2834,7.25195,-4.2725,15.5092,-4.39736,14.9275,-4.81144,15.7283,-4.14675,16.0425,-3.66818,15.2701,1
124,7440,191,-25.6081,22.2605,-6.08987,33.7859,-6.31883,33.1858,-6.77025,34.0622,-5.83247,34.3553,-5.29959,33.4947,1
125,7500,18,-26.4167,13.5013,30.1204,99.8213,30.1969,99.1766,29.5315,99.7964,30.0627,100.434,30.7777,99.8645,1
125,7500,31,-24.4289,19.4721,-78.0557,113.041,-78.4166,111.074,-78.4717,115.145,-77.6755,114.753,-77.5563,110.906,1
125,7500,36,17.839,22.9503,77.7441,-64.0715,78.1344,-62.1001,78.1297,-65.6851,77.2777,-66.0508,77.3306,-62.6494,1
125,7500,44,-14.7631,-22.1662,-1.54262,125.413,-1.69827,124.793,-2.08159,125.455,-1.42189,125.979,-1.01344,125.345,1
125,7500,47,39.6547,3.71361,44.7242,-116.67,45.4445,-117.003,44.2233,-117.605,43.8832,-116.292,45.1447,-115.834,1
125,7500,49,18.7602,1.32394,-0.440019,-53.506,0.0792258,-53.4281,-0.393697,-54.0538,-0.990029,-53.5885,-0.486556,-52.9862,1
125,7500,73,12.7471,18.237,60.986,-130.615,61.0016,-131.765,60.4577,-130.705,60.9768,-129.37,61.5158,-130.476,1
125,7500,83,-36.0877,-11.6554,25.0358,10.562,25.7965,10.8325,25.1016,9.89366,24.3826,10.3218,24.9809,11.3039,1
125,7500,97,33.5834,20.8479,34.1135,-95.3566,34.2623,-96.2457,33.4645,-95.4033,33.9527,-94.3079,34.7158,-95.2691,1
125,7500,103,18.0243,18.804,-78.3592,-128.584,-78.7403,-130.698,-78.7442,-126.772,-77.9093,-126.474,-77.9524,-130.181,1
125,7500,107,23.7559,17.7132,65.1069,-112.836,64.7408,-113.972,64.673,-112.014,65.521,-111.553,65.5373,-113.613,1
125,7500,131,-24.5565,14.0625,-3.91013,-75.5107,-3.94044,-76.1066,-4.53101,-75.4282,-3.86096,-74.9424,-3.21728,-75.5879,1
125,7500,149,-24.5915,10.3505,-26.9127,133.171,-26.4777,133.647,-26.5261,132.632,-27.3337,132.73,-27.3447,133.764,1
125,7500,160,-29.9128,20.7868,19.8653,-0.796648,19.9501,-1.45165,19.1554,-0.834639,19.8157,-0.170652,20.6865,-0.727707,1
125,7500,188,-21.1299,14.7091,-0.683271,17.9955,-0.820217,17.5049,-1.19249,18.1609,-0.533968,18.4666,-0.11924,17.8267,1
125,7500,191,-32.1628,16.2611,-2.85222,33.7192,-3.05828,33.0369,-3.54626,34.062,-2.6325,34.343,-2.04072,33.3395,1
126,7560,18,-37.7491,11.2159,33.6715,101.665,33.8551,100.828,32.9432,101.677,33.5225,102.416,34.5236,101.664,2
126,7560,22,30.6319,24.1858,15.1769,97.5743,14.7315,97.0192,14.7492,97.9855,15.7173,98.2111,15.6105,97.2084,1
126,7560,33,36.3134,19.9699,-1.75325,113.661,-2.33548,113.167,-2.07629,114.246,-1.04668,114.232,-1.42679,113.143,1
126,7560,57,-33.1269,18.8495,4.40602,145.119,4.45499,144.427,3.63116,145.186,4.39382,145.764,5.31457,145.062,1
126,7560,73,-36.3073,7.10959,66.6012,-133.279,66.7699,-135.143,65.8727,-133.234,66.4464,-131.628,67.4407,-133.32,1
126,7560,83,-26.3095,17.1603,18.6755,12.6626,19.182,12.8906,18.8668,12.0642,18.182,12.4678,18.4416,13.3296,1
126,7560,97,31.1591,1.15747,35.2143,-94.0946,35.4215,-94.7854,34.5676,-94.228,34.9785,-93.3338,35.7995,-93.9668,1
126,7560,99,39.14,-7.43091,32.0025,-5.87908,32.6878,-5.90951,31.7243,-6.85399,31.2226,-5.86603,32.2381,-5.04269,1
126,7560,107,-34.8963,7.37562,68.4273,-126.711,68.0016,-128.2,67.9919,-125.314,68.8098,-125.344,68.9144,-128.364,1
126,7560,110,-39.097,-11.244,47.348,29.1178,48.185,28.9484,47.1061,28.2592,46.6358,29.2455,47.6339,30.0824,1
126,7560,131,-25.8706,23.5662,0.107567,-73.0207,0.0723025,-73.6312,-0.603289,-72.9782,0.179382,-72.4277,0.927711,-73.0427,1
126,7560,148,35.9239,-12.5512,7.23416,123.58,7.67241,124.108,7.80613,122.863,6.76896,122.979,6.75144,124.2,1
126,7560,160,-37.0142,17.5222,23.0647,0.933272,23.2328,0.164407,22.2618,0.930974,22.9414,1.63666,24.0184,0.957108,1
126,7560,188,17.9758,-12.7156,-0.80925,21.3131,-0.961348,20.8561,-1.33525,21.477,-0.666964,21.7856,-0.326875,21.1518,1
126,7560,194,15.3781,11.7824,64.4985,170.413,65.0759,170.264,64.4202,169.108,63.8795,170.594,64.5492,171.705,1
127,7620,2,-25.6561,3.2965,20.892,58.8557,20.6144,58.2262,20.3688,59.2102,21.1537,59.4401,21.4625,58.4678,1
127,7620,33,20.3245,-12.3869,-1.31268,111.593,-1.66759,111.246,-1.71525,112.006,-0.956303,111.962,-0.950976,111.207,1
127,7620,47,34.9438,14.2767,41.8533,-105.884,42.5609,-106.163,41.517,-106.701,41.0334,-105.549,42.1327,-105.117,1
127,7620,57,-37.9054,5.07196,6.53778,145.692,6.59268,144.87,5.79457,145.865,6.50119,146.417,7.39882,145.493,1
127,7620,73,-24.6015,24.9367,68.6681,-119.32,68.8706,-120.869,68.0199,-120.033,68.4911,-117.784,69.3991,-118.372,1
127,7620,75,-33.0785,22.8376,28.116,-5.80125,28.6771,-5.37193,28.4801,-6.61408,27.565,-6.16053,27.6545,-4.85921,1
127,7620,83,-16.8865,22.1452,14.5774,13.6446,15.058,13.8071,14.7836,13.113,14.0864,13.5077,14.3273,14.2243,1
127,7620,99,26.3331,13.4819,30.0523,0.658095,30.6442,0.539587,29.8963,0.0208706,29.3931,0.803643,30.1796,1.26941,1
127,7620,108,-26.4154,11.7711,71.4666,55.6202,71.8315,57.0507,71.8753,54.2364,71.1005,54.3523,70.9925,57.0674,1
127,7620,110,-38.4214,4.69981,44.0128,35.0871,44.731,35.1581,43.8597,34.1845,43.3796,35.0399,44.1793,36.1362,1
127,7620,131,16.7289,8.00513,-0.707458,-68.8102,-0.792421,-69.3513,-1.24425,-68.7011,-0.609274,-68.2333,-0.185365,-68.9062,1
127,7620,146,37.8711,-9.592,73.231,97.7812,73.874,98.9,73.3895,94.5723,72.5099,96.5477,73.0638,100.476,1
127,7620,160,20.9093,-2.51849,19.9941,6.14621,20.0338,5.58436,19.4202,6.14339,19.9458,6.7401,20.5307,6.14768,1
127,7620,168,-32.9505,16.9158,-26.0032,-48.3581,-25.8112,-49.0602,-26.7203,-48.4585,-26.1508,-47.697,-25.1731,-48.2232,1
128,7680,2,-22.2049,11.1275,25.1537,60.334,24.8999,59.728,24.6117,60.6639,25.4086,60.9093,25.7525,59.9801,1
128,7680,29,-21.3732,22.2267,-77.5772,25.8852,-77.3563,23.7366,-78.094,24.6541,-77.7528,28.1312,-76.9993,27.2423,1
128,7680,47,39.965,1.25742,40.0908,-103.892,40.8372,-104.011,39.7153,-104.896,39.2225,-103.763,40.4013,-103.01,1
128,7680,69,-40.5802,-0.770941,-26.0189,137.429,-25.9149,136.495,-26.723,137.6,-26.0988,138.234,-25.2031,137.225,1
128,7680,75,-18.0853,22.2728,24.3737,-6.43155,24.8791,-6.17717,24.6604,-7.02869,23.8552,-6.65464,24.0301,-5.78138,1
128,7680,106,30.0072,24.2215,41.4807,-118.285,40.9664,-118.979,41.0615,-117.688,42.0978,-117.482,41.9089,-118.827,4
128,7680,110,-26.1242,19.4233,39.6512,38.9018,40.1841,38.9274,39.6402,38.1328,39.1374,38.91,39.6386,39.7734,1
128,7680,129,-18.5739,22.8429,31.3908,-86.913,31.0396,-87.4498,30.8542,-86.4974,31.7657,-86.3943,32.0043,-87.359,1
128,7680,160,31.1535,-3.09034,21.6377,9.62691,21.7344,8.98414,20.9454,9.63822,21.5213,10.3314,22.2596,9.61604,1
129,7740,2,-24.8659,-9.33952,26.7782,60.2436,26.4358,59.5622,26.2809,60.6076,27.0788,60.8699,27.2955,59.8407,1
129,7740,22,31.6501,-0.299541,23.9163,98.7467,23.6488,98.1964,23.4216,99.1786,24.2071,99.36,24.3632,98.356,1
129,7740,29,24.346,10.2406,-79.2697,47.8609,-79.2606,44.9681,-79.7975,48.1739,-79.2399,51.0352,-78.7674,47.6547,1
129,7740,30,36.7292,0.472036,-77.6112,-101.346,-77.5143,-98.3775,-76.9338,-102.577,-77.6777,-104.765,-78.2051,-100.166,1
129,7740,50,-21.0501,10.7858,43.8709,-79.0823,44.4411,-79.1777,43.7605,-79.8794,43.3247,-78.9728,43.9745,-78.2073,1
129,7740,69,-38.0228,6.00792,-22.8912,140.782,-22.8036,139.979,-23.5841,140.917,-22.9526,141.494,-22.0881,140.631,1
129,7740,97,32.0082,2.72799,40.0282,-81.6533,40.3234,-82.3593,39.3961,-81.9102,39.6938,-80.8725,40.5982,-81.4087,1
129,7740,102,38.4833,3.30956,-79.2697,47.8609,-78.8827,51.044,-78.7311,44.8451,-79.6726,43.9012,-79.7229,50.72,1
129,7740,106,36.0415,11.7351,43.8458,-117.141,43.4253,-117.951,43.3847,-116.403,44.3362,-116.195,44.2735,-117.798,7
129,7740,110,-11.1362,-22.935,38.5897,37.5775,39.1365,37.4235,38.5807,36.9468,38.0854,37.6914,38.6191,38.1907,1
129,7740,158,12.7552,20.9444,20.6037,-12.0072,20.5885,-12.5958,20.0875,-12.0359,20.6392,-11.3652,21.126,-11.9519,1
129,7740,160,-40.2755,3.16028,30.083,7.59678,30.2828,6.63855,29.3209,7.67963,29.9147,8.42617,30.9736,7.49584,1
129,7740,171,18.7308,17.7306,63.7824,177.014,64.2386,177.838,64.1148,176.036,63.2638,176.17,63.4313,177.924,1
129,7740,175,38.584,12.9356,-79.2449,159.883,-78.9291,163.781,-78.621,157.473,-79.5642,155.015,-79.799,162.156,1
129,7740,178,-29.651,2.56099,6.71564,-1.58075,6.30136,-2.08856,6.31651,-1.11669,7.09835,-1.11946,7.15635,-2.09434,1
129,7740,190,-31.422,1.59719,-24.3554,24.9799,-24.5747,24.2036,-24.9507,25.3384,-24.1482,25.6774,-23.6925,24.5829,1
130,7800,2,-13.3214,15.7107,32.439,63.4002,32.1884,62.808,31.912,63.6932,32.7038,63.984,33.0136,63.0984,1
130,7800,29,-16.611,-21.9199,-76.0549,40.0441,-76.0465,37.552,-76.5493,39.7344,-76.0599,42.2962,-75.5602,40.2312,1
130,7800,50,-20.8923,-3.68274,42.5178,-76.727,43.1158,-76.8402,42.403,-77.4587,41.9598,-76.6266,42.6399,-75.9532,1
130,7800,56,36.2316,6.76042,-17.6356,135.761,-17.6474,134.984,-18.3779,135.989,-17.6138,136.656,-16.9695,135.575,1
130,7800,69,-37.2868,-9.59011,-21.3533,142.08,-21.3768,141.192,-21.9713,142.262,-21.3362,142.843,-20.6663,141.857,1
130,7800,97,22.1269,10.6523,42.5178,-76.727,42.773,-77.3948,42.0188,-77.0173,42.2432,-75.9973,42.9895,-76.4282,1
130,7800,102,-34.665,11.8451,-81.483,100.364,-80.812,101.139,-81.4825,95.641,-82.0951,99.6889,-81.4243,105.78,1
130,7800,110,30.7755,21.9358,30.6128,41.6166,31.2751,41.5322,30.5001,40.9626,29.8445,41.7393,30.6846,42.2456,1
130,7800,125,33.9713,15.07,-74.144,98.7897,-73.5181,100.393,-73.8292,96.4496,-74.8657,96.8154,-74.4351,100.973,1
130,7800,129,33.5016,18.4336,37.8671,-79.7636,37.3976,-80.5673,37.3723,-79.1264,38.4272,-78.8248,38.3464,-80.331,1
130,7800,133,-39.4533,-5.31478,57.4525,4.31635,58.0379,2.97229,56.7636,3.79772,56.9402,5.43015,58.2453,4.9067,1
130,7800,140,29.7747,9.39687,-81.83,135.469,-81.2935,138.176,-81.4933,131.513,-82.4139,132.035,-82.1186,139.364,1
130,7800,142,-38.8826,3.71263,-26.1338,-59.9019,-26.5261,-60.7552,-26.6831,-59.2792,-25.7771,-59.1678,-25.4929,-60.6192,1
130,7800,146,-26.0121,16.1166,61.4055,124.605,61.8209,125.563,61.85,123.569,60.9856,123.748,60.8834,125.711,1
130,7800,156,18.4129,24.3195,-27.4571,-61.6629,-27.4722,-62.3495,-27.9982,-61.6982,-27.4102,-60.8931,-26.9141,-61.5919,1
130,7800,190,-36.1802,-11.4895,-22.0973,24.8587,-22.4448,23.9119,-22.689,25.2889,-21.8042,25.6707,-21.4528,24.3612,1
131,7860,2,-26.2816,10.1039,35.961,62.6836,35.7183,61.9499,35.3901,63.0698,36.1996,63.3704,36.598,62.2594,1
131,7860,3,38.3215,7.10607,63.8056,101.769,63.9248,99.9371,62.9599,102.036,63.6415,103.889,64.5522,101.56,1
131,7860,17,-38.8085,8.93882,21.4777,86.5995,21.602,85.8044,20.7505,86.7025,21.3819,87.3041,22.3299,86.485,1
131,7860,18,-39.6862,-0.633908,44.7125,118.249,45.0089,117.174,44.012,118.189,44.4523,119.172,45.5213,118.31,1
131,7860,22,-29.0905,23.9153,34.7787,94.2593,34.5129,93.6475,34.1945,94.6645,35.0633,94.8315,35.4695,93.8073,1
131,7860,24,-31.7291,24.236,71.8963,-109.587,72.3971,-108.538,72.2201,-111.654,71.3953,-110.428,71.4649,-107.285,1
131,7860,25,34.43,-1.96544,38.3217,-101.02,38.7964,-100.558,38.601,-101.819,37.7928,-101.536,38.0682,-100.316,1
131,7860,33,-27.6425,-17.2893,13.0727,105.599,12.5242,105.159,12.7501,106.039,13.5464,106.001,13.3906,105.121,7
131,7860,34,-34.1971,-18.6996,48.51,100.724,47.8166,100.025,48.2252,101.5,49.0888,101.357,48.7825,99.8533,1
131,7860,38,-38.6751,-13.8731,-13.5094,-67.9224,-12.9133,-67.2383,-13.1372,-68.4625,-14.0028,-68.5107,-13.9016,-67.2992,1
131,7860,48,34.7406,2.69933,8.75667,-64.686,9.41162,-64.5517,8.72604,-65.422,8.01575,-64.8381,8.77546,-64.0283,1
131,7860,49,24.0292,-20.3911,-16.817,-42.585,-16.2643,-42.5053,-16.6719,-43.3243,-17.3795,-42.6977,-16.9243,-41.9266,1
131,7860,69,-40.4448,-2.43135,-17.547,144.499,-17.5121,143.604,-18.2292,144.711,-17.5712,145.266,-16.761,144.245,1
131,7860,75,27.8316,-1.6672,14.4744,-7.87071,15.0002,-7.593,14.6853,-8.51152,13.9043,-8.17571,14.2797,-7.28683,1
131,7860,82,35.8755,13.928,30.3588,-3.84777,31.0458,-3.68714,30.3344,-4.6192,29.5553,-4.01679,30.354,-3.14704,1
131,7860,83,-34.4429,-12.8536,4.91422,19.8949,5.64961,20.1362,5.00379,19.3106,4.28017,19.6762,4.83761,20.538,1
131,7860,90,-30.9425,-24.1969,1.35305,39.5812,2.22382,39.5066,1.3237,38.9896,0.611694,39.6214,1.42592,40.1967,2
131,7860,99,29.7312,-16.4847,22.1975,9.98393,22.7662,10.0036,22.1761,9.17511,21.5945,9.93521,22.2277,10.692,1
131,7860,102,22.4346,-19.7213,-84.5895,61.0491,-84.1673,64.457,-84.0972,56.2898,-84.979,56.7748,-84.9772,66.1762,1
131,7860,110,-21.717,22.1059,31.305,48.1255,31.8128,48.1756,31.3657,47.4606,30.8016,48.1082,31.2113,48.8694,2
131,7860,120,-36.1652,-4.9304,75.602,-81.7678,75.149,-84.6105,75.0978,-79.8358,75.9663,-79.145,76.1391,-84.1403,1
131,7860,121,17.7456,20.8466,64.4916,74.1141,65.064,74.6886,64.7314,72.9083,63.8454,73.5525,64.2174,75.2668,1
131,7860,122,31.9444,-11.2672,32.318,83.0445,32.7816,83.5637,32.7793,82.2578,31.8262,82.468,31.9173,83.735,1
131,7860,134,34.5961,-21.9803,41.4182,60.3605,42.0761,60.2965,41.2771,59.0469,40.7087,60.3677,41.5469,61.4627,1
131,7860,142,-17.2811,17.1747,-21.4537,-56.6493,-21.7929,-57.1292,-21.9295,-56.2646,-21.0994,-56.1916,-20.9206,-57.0523,1
131,7860,146,39.9932,-4.73717,58.7115,110.848,59.2972,111.816,59.0551,109.127,58.0386,109.75,58.4008,112.288,1
131,7860,150,-27.8007,23.6054,45.2636,84.3755,45.8321,84.1223,45.0355,83.4388,44.7244,84.6652,45.4934,85.4816,1
131,7860,151,25.6516,4.47548,23.2017,116.801,23.7667,116.771,23.099,116.171,22.5851,116.837,23.2885,117.39,1
131,7860,156,-37.2146,2.74695,-22.1788,-64.2938,-21.9805,-65.0913,-22.8737,-64.2788,-22.3425,-63.5865,-21.3825,-64.3123,1
131,7860,158,-14.8428,23.5474,27.5773,-7.75676,27.6221,-8.35136,27.0085,-7.87784,27.5581,-7.14998,28.2027,-7.59378,1
131,7860,160,-38.4539,11.1196,35.3691,14.9158,35.6208,14.0205,34.5924,14.8728,35.1609,15.715,36.2825,14.9801,1
131,7860,162,33.5062,20.4781,37.135,110.423,37.8495,110.078,36.8072,109.697,36.301,110.847,37.4046,111.125,11
131,7860,178,23.1183,10.8815,15.0199,3.06517,14.6138,2.63514,14.6465,3.5095,15.4722,3.53164,15.3862,2.64961,8
131,7860,190,-32.8012,1.96639,-17.2743,27.1097,-17.5093,26.3499,-17.8761,27.481,-17.0543,27.7888,-16.5996,26.6947,1
131,7860,192,-31.717,-10.2425,49.3325,53.0179,49.0456,51.8397,48.7543,53.4936,49.5666,54.0703,49.9499,52.4599,2
132,7920,2,-36.0323,-15.7602,37.0343,61.0878,36.5445,60.0182,36.4871,61.6391,37.4287,62.0146,37.6113,60.4375,1
132,7920,17,24.8522,22.8111,20.8876,94.8362,20.8312,94.1591,20.3356,94.8867,20.9725,95.6075,21.4296,94.8206,1
132,7920,47,22.4026,19.4138,32.0361,-86.3586,32.648,-86.4501,31.9574,-87.0138,31.3529,-86.234,32.0836,-85.7137,1
132,7920,80,-39.6853,9.86834,62.0423,-106.498,62.3854,-107.935,61.3095,-106.76,61.7449,-105.24,62.9042,-106.154,1
132,7920,82,33.0872,21.03,26.8039,-0.894575,27.5099,-0.772528,26.8144,-1.5877,25.9719,-1.01117,26.7572,-0.24766,1
132,7920,108,37.1556,7.80985,52.3131,44.9173,52.8561,45.6863,52.616,43.8105,51.6748,44.0573,52.0211,45.8787,1
132,7920,109,39.7163,-4.45411,17.9346,49.3135,18.3766,49.8967,18.4168,48.5503,17.4359,48.639,17.5192,49.9643,2
132,7920,110,-16.8797,-24.6709,31.2724,47.2064,31.8863,47.1093,31.3039,46.6176,30.721,47.2672,31.2675,47.7877,1
132,7920,125,30.6394,13.6802,-81.0964,108.43,-80.4601,110.341,-80.8707,104.398,-81.8148,105.985,-81.2875,112.311,1
132,7920,129,28.6145,15.0892,44.8306,-79.3758,44.4377,-80.171,44.3456,-78.779,45.283,-78.4736,45.3002,-79.9213,1
132,7920,135,-24.6865,-3.4544,15.9621,99.6169,16.5877,99.7354,16.005,99.0237,15.3864,99.5066,15.9208,100.252,1
132,7920,142,-10.2101,24.5677,-17.0401,-55.7642,-17.4168,-56.1991,-17.5363,-55.4105,-16.6258,-55.3377,-16.4789,-56.1267,1
132,7920,146,21.8422,19.4809,53.0685,117.292,53.6178,117.858,53.3676,116.449,52.4394,116.706,52.7465,118.082,1
132,7920,156,-28.1775,-7.94359,-21.3285,-61.5301,-21.2614,-62.2417,-21.8917,-61.5196,-21.3925,-60.8896,-20.7233,-61.5548,1
132,7920,159,-27.0689,-4.96009,46.9099,32.5917,47.24,31.7932,46.4026,32.2543,46.6022,33.3074,47.4587,32.951,1
132,7920,161,-36.1282,10.9034,51.0908,65.9975,51.6557,65.2742,50.5067,65.3014,50.5911,66.6581,51.7571,66.8404,1
132,7920,168,-31.5821,17.2445,-13.4945,-34.6073,-13.3857,-35.2573,-14.1988,-34.6249,-13.567,-33.9954,-12.6821,-34.5681,1
132,7920,180,19.7466,10.0703,62.3358,122.851,62.7651,122.255,62.0403,121.979,61.873,123.492,62.6062,123.722,1
132,7920,187,31.0314,24.5894,-10.0327,16.9304,-10.3353,16.2787,-10.5499,17.2182,-9.65124,17.684,-9.5201,16.6913,1
132,7920,188,9.4085,20.0194,22.4923,30.7389,22.3118,30.2346,22.033,30.8846,22.7025,31.2763,22.9672,30.6107,2
132,7920,190,-33.2498,23.2616,-11.238,28.9377,-11.4249,28.2219,-12.0464,29.2671,-11.0158,29.5956,-10.2633,28.5753,2
132,7920,191,-22.8229,13.2906,21.1327,41.0979,20.9039,40.4894,20.5573,41.3944,21.3681,41.6759,21.7739,40.7812,1
133,7980,4,-24.7028,18.9166,60.4569,-148.525,61.028,-148.011,60.6983,-149.839,59.8918,-148.952,60.1489,-147.081,1
133,7980,17,-31.1999,-12.5316,24.7077,90.8467,24.6874,90.0516,24.1454,90.9356,24.7115,91.5468,25.3111,90.7281,1
133,7980,30,-38.8255,9.02007,-84.4455,96.8988,-84.6706,89.4761,-84.9904,102.07,-84.1603,102.82,-83.7578,92.0884,1
133,7980,36,32.0813,-0.253652,49.5974,-73.0284,49.9608,-72.3176,50.0147,-73.8037,49.1919,-73.8078,49.2153,-72.344,1
133,7980,37,35.9688,20.2178,11.4706,-74.7064,12.0062,-74.1566,11.8423,-75.266,10.8176,-75.3412,11.0995,-74.2143,2
133,7980,43,23.6681,24.6983,-4.662,125.45,-4.8161,124.794,-5.22895,125.561,-4.45808,126.195,-4.09493,125.377,1
133,7980,48,37.575,15.5815,1.44495,-59.8437,2.23634,-59.7359,1.35532,-60.5818,0.504998,-59.9549,1.49584,-59.1762,1
133,7980,80,-25.9043,-17.3763,61.0904,-103.053,61.2431,-104.407,60.5803,-103.308,60.9291,-101.871,61.6271,-102.827,1
133,7980,82,38.6314,0.286048,25.047,-0.807931,25.6788,-0.54883,25.0877,-1.65723,24.3227,-1.10717,25.0026,-0.0682698,1
133,7980,96,-39.7214,5.8763,36.1473,-109.887,36.4095,-110.826,35.3983,-109.901,35.9254,-109.066,37.0239,-109.868,1
133,7980,125,23.0847,9.90566,-83.5951,125.334,-82.9981,126.184,-83.5178,120.053,-84.2491,124.296,-83.6315,130.438,1
133,7980,156,-29.7531,14.5628,-17.1779,-57.1336,-17.0622,-57.7637,-17.8282,-57.1684,-17.2631,-56.539,-16.44,-57.0791,1
133,7980,169,24.6672,7.50111,10.9994,-4.2511,11.0027,-4.83708,10.4219,-4.18996,11.001,-3.60932,11.5443,-4.29832,1
133,7980,175,9.22333,17.6425,-84.8304,7.0661,-85.2557,3.34641,-85.134,11.8223,-84.3455,10.2592,-84.4755,2.93851,1
133,7980,178,-23.7905,-2.17623,21.3044,-2.00856,20.8906,-2.47931,20.9411,-1.56401,21.6863,-1.56973,21.6884,-2.48976,1
133,7980,179,36.0642,11.0503,58.5337,7.77058,58.0982,6.63568,58.061,8.82555,59.0349,9.11195,58.9674,6.82166,2
133,7980,187,28.9091,-12.7104,-9.83947,16.4772,-9.96879,15.9521,-10.469,16.6976,-9.71836,17.0415,-9.2834,16.2721,1
133,7980,189,30.719,-16.3815,50.9315,60.0643,51.014,59.2041,50.2084,59.9672,50.8119,60.9714,51.5643,60.1291,1
133,7980,190,-28.795,19.0034,-8.57992,30.2789,-8.79045,29.6386,-9.26258,30.5834,-8.34842,30.8755,-7.78615,29.9508,1
133,7980,193,39.9818,-2.41338,66.8192,140.352,67.5681,139.58,66.1828,138.516,65.9431,141.16,67.343,142.005,1
134,8040,17,-30.49,1.71859,28.3541,94.7435,28.4191,94.03,27.7726,94.7914,28.2962,95.3927,28.9971,94.689,1
134,8040,37,36.1189,5.15492,9.33354,-75.03,9.73199,-74.5015,9.75949,-75.5895,8.87509,-75.6312,8.94481,-74.5384,1
134,8040,43,29.9406,4.06399,-3.78343,126.752,-3.81979,126.138,-4.41321,126.903,-3.74054,127.433,-3.20492,126.622,8
134,8040,72,-25.4729,-5.15323,60.4622,-144.404,60.4256,-145.705,59.9017,-144.235,60.4811,-143.213,61.0605,-144.61,1
134,8040,82,1.29967,20.4514,22.2861,5.52571,22.7637,5.63285,22.4323,5.02605,21.7782,5.43461,22.112,6.04112,1
134,8040,106,9.0274,23.5879,63.8082,-118.836,63.433,-119.732,63.3852,-118.167,64.2286,-117.871,64.2587,-119.501,1
134,8040,130,28.0933,-2.86388,-10.1292,-75.9459,-10.1715,-76.5533,-10.788,-75.8005,-10.0885,-75.2855,-9.53,-76.0783,1
134,8040,133,37.8287,-3.60333,49.2368,29.3092,49.8791,28.8081,48.6468,28.3473,48.4982,29.8476,49.7412,30.1621,1
134,8040,156,-27.7453,16.384,-14.661,-54.2312,-14.5707,-54.8352,-15.2995,-54.2664,-14.722,-53.6544,-13.9391,-54.1742,1
134,8040,169,-30.7048,-1.71647,16.7186,-6.35808,16.7563,-7.06574,16.1194,-6.2835,16.6834,-5.71959,17.3773,-6.44634,1
134,8040,187,24.1224,23.2284,-3.1299,18.8672,-3.39047,18.3128,-3.61597,19.0877,-2.81147,19.4882,-2.64012,18.6794,1
134,8040,190,-31.9499,0.120732,-6.95925,30.1545,-7.22439,29.4413,-7.53562,30.5191,-6.71619,30.7938,-6.31984,29.7465,1
135,8100,17,-39.9453,8.85075,32.4683,97.3087,32.6626,96.4157,31.7138,97.3667,32.3102,98.0943,33.3581,97.2469,1
135,8100,32,38.7667,11.1474,-4.51045,111.871,-5.02604,111.344,-4.86111,112.514,-3.89656,112.484,-4.18079,111.311,1
135,8100,35,38.4074,-1.48001,78.0609,-77.4166,78.4851,-74.8904,78.4613,-80.6962,77.5557,-80.1138,77.6812,-74.7488,1
135,8100,43,31.2949,-23.5766,-3.31274,127.125,-3.33,126.515,-4.21145,127.134,-3.33713,127.766,-2.55011,127.095,3
135,8100,51,32.5694,24.0828,-3.13765,-38.0671,-2.31128,-38.0405,-3.17993,-38.7515,-4.12102,-38.0694,-3.14301,-37.4181,1
135,8100,72,-36.4073,6.29427,65.0678,-139.53,65.1897,-141.319,64.3449,-139.375,64.9547,-137.946,65.8998,-139.71,1
135,8100,82,26.4762,0.812291,19.3217,4.3675,19.831,4.54402,19.4263,3.76631,18.7686,4.17585,19.2206,4.92153,1
135,8100,96,-36.0945,-2.44406,39.5751,-103.175,39.8041,-104.117,38.925,-103.226,39.3687,-102.352,40.3085,-103.128,1
135,8100,119,14.2462,21.6527,42.5026,24.6084,42.999,24.3991,42.395,23.9711,41.9633,24.8605,42.5846,25.262,1
135,8100,130,34.9164,15.8728,-5.91623,-71.9674,-6.03637,-72.7403,-6.58834,-71.7092,-5.75716,-71.0663,-5.2917,-72.1753,1
135,8100,169,31.499,5.24832,15.6537,1.15477,15.7029,0.498342,14.995,1.23322,15.5996,1.88986,16.2553,1.09267,3
135,8100,187,19.9125,-24.4997,-3.53873,17.9782,-3.72582,17.4948,-4.18575,18.1087,-3.38104,18.47,-2.97009,17.8414,1
136,8160,1,-38.6785,5.55628,19.3813,54.1574,19.0962,53.2856,18.7292,54.6719,19.6417,54.9184,20.1411,53.5533,1
136,8160,72,-38.9905,-10.736,66.5922,-137.372,66.6613,-139.763,65.8909,-137.076,66.4974,-135.361,67.38,-137.792,1
136,8160,77,35.6017,1.87807,-67.1808,46.3394,-66.4889,46.3778,-67.3454,44.4068,-67.9662,46.2872,-67.0222,48.0355,1
136,8160,82,40.2509,-0.493298,15.2924,4.49745,15.9302,4.79644,15.3705,3.65478,14.5562,4.14706,15.218,5.22288,2
136,8160,101,36.1745,9.8795,-70.4969,50.0676,-70.0395,51.6826,-70.0677,48.3796,-71.0143,48.1235,-70.8833,51.6136,1
136,8160,107,-30.0275,17.837,72.7594,54.7098,73.112,56.4119,73.2487,53.1218,72.3932,53.2234,72.1711,56.3803,1
136,8160,130,26.7776,-19.5839,-5.43095,-73.1616,-5.48467,-73.7523,-6.2126,-73.1046,-5.40579,-72.5448,-4.74727,-73.2304,1
136,8160,169,35.0113,-14.1089,16.4728,2.4975,16.5883,1.84714,15.6183,2.47798,16.3172,3.20444,17.2074,2.50139,2
136,8160,187,37.0736,-11.133,0.0879801,21.5053,-0.0128188,20.8994,-0.659933,21.8075,0.179421,22.1839,0.727183,21.2379,1
137,8220,1,-30.1853,-11.5707,20.7499,55.6722,20.3523,54.933,20.2374,56.0749,21.0892,56.3338,21.2884,55.2169,1
137,8220,21,21.4128,-9.02563,17.9232,94.3239,17.6661,93.886,17.4588,94.6503,18.1815,94.7888,18.3465,94.0155,1
137,8220,32,39.9241,5.08826,2.41063,111.189,1.93991,110.641,2.0124,111.86,2.96128,111.828,2.76808,110.609,1
137,8220,51,27.7452,-5.07433,-5.98756,-35.4765,-5.4035,-35.3559,-5.9366,-36.1626,-6.61655,-35.6163,-6.02984,-34.854,2
137,8220,72,22.4234,6.35198,64.5011,-117.676,64.7008,-118.916,63.945,-118.035,64.278,-116.347,65.0245,-117.302,1
137,8220,98,-19.3174,4.13582,32.8181,1.86352,33.3494,1.81363,32.7405,1.25407,32.312,1.91694,32.8947,2.51559,1
137,8220,119,36.4363,-9.54372,37.9575,27.6685,38.5545,27.6657,37.7856,26.7271,37.2928,27.6493,38.1068,28.485,1
137,8220,130,29.832,22.7241,1.10899,-68.1725,0.934313,-68.9109,0.49082,-67.9821,1.33846,-67.3167,1.71039,-68.3169,1
137,8220,147,-7.54938,20.0591,-1.00023,126.055,-0.581597,126.399,-0.605814,125.654,-1.4456,125.719,-1.43898,126.469,1
137,8220,169,-27.2286,9.71333,25.2392,2.61521,25.3207,1.9567,24.6327,2.61016,25.174,3.23332,25.9131,2.63083,1
137,8220,187,37.6298,-12.922,3.296,22.8705,3.20328,22.2567,2.51236,23.17,3.37436,23.5581,3.9602,22.6052,1
138,8280,1,-36.9517,-15.7904,23.9596,55.2355,23.4422,54.28,23.418,55.7478,24.3784,56.0554,24.5333,54.6333,1
138,8280,39,36.3201,-2.05172,-75.7996,-99.0904,-75.6648,-96.5828,-75.1336,-100.33,-75.9127,-101.975,-76.38,-97.9086,1
138,8280,68,23.7253,24.1044,-26.8133,143.418,-26.9477,142.721,-27.3549,143.532,-26.6309,144.207,-26.2733,143.344,1
138,8280,74,14.6713,22.1415,21.7845,-11.3012,22.3496,-11.1175,21.9824,-11.8474,21.1542,-11.4777,21.5563,-10.7609,1
138,8280,98,-29.0627,22.9138,29.9627,7.64375,30.561,7.68457,29.9652,6.83461,29.387,7.64629,29.9285,8.58295,2
138,8280,105,36.0203,19.203,42.743,-119.561,42.2418,-120.379,42.3044,-118.833,43.3465,-118.592,43.1673,-120.207,4
138,8280,119,-20.6322,-3.22841,39.2185,35.9778,39.7404,35.942,39.1599,35.3623,38.7303,36.0086,39.2813,36.6277,1
138,8280,167,-34.267,23.2734,-21.805,-45.9795,-21.6229,-46.6816,-22.6083,-46.1006,-21.9305,-45.3105,-20.8501,-45.8079,1
138,8280,169,-28.1459,23.7365,28.9431,6.66476,29.0491,5.98133,28.2359,6.54409,28.875,7.33112,29.7603,6.83743,2
138,8280,170,37.8148,-14.8722,68.9697,167.304,69.4415,168.674,69.4789,165.04,68.4543,165.785,68.5282,169.154,1
138,8280,187,31.8275,6.1451,8.7957,24.4695,8.63749,23.8903,8.24505,24.7474,8.97627,25.1188,9.30249,24.2239,1
139,8340,1,15.9652,13.9253,29.1347,63.3485,28.8534,62.7572,28.6373,63.6617,29.449,63.9839,29.6324,63.0552,1
139,8340,21,34.2617,-3.44397,25.5448,96.9707,25.288,96.3811,25.0007,97.4397,25.8206,97.634,26.0253,96.5508,1
139,8340,68,24.5596,3.48677,-25.4784,144.433,-25.5201,143.838,-26.0312,144.554,-25.4284,145.079,-24.9604,144.327,11
139,8340,74,-16.5353,-9.22408,22.1782,-8.41035,22.7167,-8.1766,22.3705,-8.93614,21.678,-8.63517,21.9894,-7.86672,1
139,8340,101,-15.5999,20.0619,-81.6024,81.0939,-81.106,82.1273,-81.3884,77.6013,-82.1047,80.0937,-81.8194,85.0789,1
139,8340,119,40.0216,7.13322,31.8186,35.7595,32.5278,35.7846,31.6001,34.9205,30.9867,35.7354,31.9914,36.5021,1
139,8340,128,11.6246,23.6796,36.215,-85.4889,35.8058,-86.0368,35.7584,-85.0865,36.6815,-84.9021,36.7007,-85.8767,1
139,8340,157,27.9299,-0.11302,19.3745,-13.5821,19.4477,-14.1845,18.7487,-13.5713,19.2896,-12.9259,19.9478,-13.5897,1
139,8340,169,-23.0483,-3.14588,29.1335,7.67415,29.1912,6.99668,28.593,7.66676,29.0754,8.3013,29.709,7.67588,8
140,8400,1,-27.9818,10.3942,33.7745,59.3652,33.5286,58.6287,33.1906,59.7618,34.0159,60.0496,34.4312,58.9262,1
140,8400,16,-35.3923,2.6858,19.233,82.8828,19.294,82.1396,18.5962,82.9909,19.1831,83.5452,19.9548,82.7585,1
140,8400,23,40.3492,6.95389,70.9422,-136.119,71.665,-135.881,70.7553,-138.389,70.092,-136.366,71.0679,-134.096,1
140,8400,47,30.2878,-1.60429,11.0672,-68.1219,11.6582,-68.0091,11.0754,-68.8088,10.4187,-68.2505,11.0575,-67.5008,1
140,8400,68,22.8511,-23.2374,-24.4168,144.88,-24.4781,144.293,-25.1216,144.876,-24.3842,145.477,-23.7963,144.861,1
140,8400,119,-26.5794,10.214,33.6196,43.965,34.1566,44.0389,33.6144,43.3068,33.1129,43.9116,33.6124,44.6944,1
140,8400,124,36.5654,13.084,-75.4562,95.5846,-74.823,97.5006,-75.1238,92.8468,-76.1856,93.1659,-75.751,98.1106,1
140,8400,141,-37.812,-12.1853,-26.5987,-62.2925,-27.1612,-63.1689,-27.0625,-61.6875,-26.1254,-61.5485,-26.0975,-62.985,1
140,8400,145,-28.7112,-0.010661,61.6575,122.714,62.126,123.761,62.0269,121.657,61.2213,121.79,61.246,123.847,1
140,8400,155,22.8313,24.1341,-26.5987,-62.2925,-26.6212,-63.0155,-27.1606,-62.2946,-26.5427,-61.4705,-26.043,-62.2522,1
140,8400,167,-37.4826,-2.86765,-18.4564,-43.1647,-18.3229,-44.0126,-19.1404,-43.0833,-18.5683,-42.4251,-17.6805,-43.2666,1
140,8400,177,31.8909,20.9336,14.162,1.86508,13.6114,1.34106,13.778,2.40634,14.8207,2.4633,14.5507,1.37641,8
140,8400,199,-37.6014,-3.10473,-19.8559,23.0231,-20.121,22.1052,-20.4871,23.4664,-19.6207,23.8162,-19.1422,22.5118,1
141,8460,1,-35.6887,-2.92063,36.2342,58.6453,35.9031,57.6828,35.6587,59.1782,36.5193,59.4958,36.8736,58.0251,1
141,8460,2,-36.4909,3.0405,70.0981,84.6113,70.0724,82.1806,69.3711,85.2132,70.103,86.7617,70.9276,83.8641,1
141,8460,16,-31.4709,24.7254,23.4448,87.437,23.5226,86.7741,22.7054,87.385,23.409,88.0738,24.3161,87.5294,1
141,8460,21,-5.14263,21.1931,35.8077,94.7164,35.5275,94.2394,35.3801,95.0132,36.114,95.1999,36.2739,94.4177,4
141,8460,23,-27.0646,14.4934,70.8593,-112.568,71.3375,-111.735,71.0806,-114.216,70.394,-113.273,70.5815,-110.782,1
141,8460,32,4.91597,-21.4484,15.0105,105.955,14.607,105.636,14.6088,106.321,15.3845,106.28,15.3723,105.597,1
141,8460,33,-26.8561,-2.89668,52.2473,98.788,51.7916,98.1648,51.9533,99.5132,52.6609,99.3711,52.5552,97.9894,1
141,8460,47,28.3706,20.7905,6.46169,-64.3069,7.15301,-64.2757,6.44791,-64.9187,5.66511,-64.3199,6.44191,-63.7214,1
141,8460,48,16.7013,-19.5899,-17.8025,-43.2361,-17.271,-43.1921,-17.6797,-43.8881,-18.3324,-43.3057,-17.8942,-42.6396,1
141,8460,81,32.7953,10.8842,29.2637,-4.93079,29.8836,-4.76956,29.2777,-5.64739,28.555,-5.10116,29.2309,-4.27482,1
141,8460,82,8.70974,19.6546,-1.33504,16.1738,-0.84693,16.2924,-1.18393,15.715,-1.8637,16.0646,-1.50895,16.6367,1
141,8460,98,1.9272,18.5157,20.7298,13.453,21.2289,13.4116,20.7313,12.9219,20.2066,13.5158,20.7076,14.0049,1
141,8460,99,37.1151,-15.0179,-5.22855,34.0085,-4.60063,34.1534,-5.19507,33.1081,-5.91696,33.8182,-5.24284,34.7728,1
141,8460,107,-33.925,-18.0857,57.6844,54.3886,58.3104,55.5001,58.0486,53.4662,57.1529,53.4459,57.3097,55.4014,1
141,8460,119,28.2644,17.2454,27.0859,43.4877,27.6856,43.4678,27.0154,42.8752,26.4057,43.5287,27.1276,44.0726,1
141,8460,120,-12.9262,21.1151,63.8208,78.8611,64.2793,79.5763,64.1867,77.795,63.3374,78.2088,63.394,79.963,2
141,8460,121,-8.32363,17.1218,28.5676,85.9117,28.9884,86.2924,28.9332,85.4379,28.1264,85.5454,28.1625,86.3996,1
141,8460,124,-3.38612,19.9608,-77.9048,119.059,-77.3727,119.553,-77.7318,116.578,-78.4621,118.608,-78.0847,121.736,1
141,8460,129,16.7917,14.605,76.8076,-57.2541,76.6738,-59.7212,76.263,-56.7396,76.9404,-54.5349,77.3464,-57.7207,2
141,8460,133,4.259,-20.3975,42.8775,62.8084,43.4172,62.6281,42.8413,62.0173,42.3536,62.9495,42.9271,63.5499,1
141,8460,141,-32.9296,-5.52927,-22.1146,-61.179,-22.561,-61.8696,-22.5666,-60.6677,-21.7195,-60.5694,-21.6224,-61.7493,1
141,8460,145,33.5824,19.9112,54.7031,111.987,55.397,112.7,54.9532,110.843,53.8695,111.213,54.427,113.013,1
141,8460,150,12.9832,-13.1279,24.0346,115.305,24.5345,115.258,24.0155,114.699,23.5299,115.337,24.0619,115.872,1
141,8460,155,26.7948,9.83339,-25.3574,-60.3135,-25.3156,-60.9696,-25.9447,-60.276,-25.3913,-59.5844,-24.8054,-60.3332,1
141,8460,157,-15.9828,-11.5227,26.6888,-11.6069,26.7098,-12.2396,26.1846,-11.6409,26.6567,-11.0188,27.2042,-11.587,1
141,8460,160,8.75293,22.4606,46.537,62.5637,46.8453,61.9008,46.1415,62.0689,46.2175,63.2936,46.9257,63.1104,1
141,8460,167,-36.649,8.52614,-15.0868,-39.5149,-14.9317,-40.2646,-15.811,-39.4719,-15.2072,-38.8408,-14.2485,-39.5573,1
141,8460,177,40.4574,1.70084,15.7938,2.90334,15.3532,2.24835,15.2811,3.63902,16.3017,3.67421,16.241,2.27137,2
141,8460,187,19.3546,-19.4986,17.4756,26.7359,17.3245,26.2382,16.8827,26.8702,17.6048,27.2467,18.0066,26.5967,1
141,8460,190,-33.8811,4.70512,18.4535,36.3503,18.202,35.5832,17.8392,36.7568,18.6874,37.0378,19.15,35.8876,2
141,8460,199,-22.452,24.1426,-14.1732,27.1448,-14.4098,26.553,-14.8453,27.3969,-13.902,27.7148,-13.3964,26.8869,1
142,8520,1,-6.81347,-18.1576,37.4458,63.1866,37.1309,62.5381,36.9251,63.4644,37.7217,63.8118,37.9442,62.8878,1
142,8520,16,-32.0143,10.5594,25.0784,88.837,25.1605,88.1507,24.4438,88.874,25.016,89.4695,25.7989,88.8052,1
142,8520,17,-14.8207,-14.5456,44.5389,122.907,44.6728,122.149,44.0698,122.7,44.3983,123.601,45.0169,123.097,1
142,8520,37,-29.1803,-24.5476,-18.2485,-72.0786,-17.6225,-71.538,-17.8622,-72.507,-18.7685,-72.5627,-18.618,-71.6055,1
142,8520,81,31.4329,5.80702,26.6285,-2.97493,27.2026,-2.79581,26.6767,-3.66556,25.9845,-3.16914,26.5722,-2.34537,1
142,8520,108,29.3536,-8.95104,16.6255,48.3547,17.011,48.7925,17.0683,47.8068,16.2194,47.8745,16.2338,48.8472,1
142,8520,119,-16.564,-8.86155,28.6589,47.4892,29.1736,47.5014,28.6651,46.9582,28.1774,47.47,28.6599,48.0356,1
142,8520,124,33.3806,16.8641,-83.0069,107.915,-82.2928,110.25,-82.8072,102.426,-83.8294,104.683,-83.1622,113.182,1
142,8520,129,-38.9017,-9.75527,80.1814,-83.1172,79.6438,-87.7462,79.6625,-80.1281,80.5772,-78.7835,80.7151,-86.9905,1
142,8520,141,20.3062,23.8764,-15.7397,-55.1349,-16.2266,-55.607,-16.1649,-54.7142,-15.1697,-54.6247,-15.2905,-55.5267,1
142,8520,145,-23.9519,-12.4729,55.42,121.965,55.95,122.744,55.7648,121.155,54.9441,121.263,55.0679,122.818,1
142,8520,155,-36.2739,3.61411,-18.6324,-62.3886,-18.4676,-63.1508,-19.3153,-62.3581,-18.7673,-61.7087,-17.8525,-62.423,1
142,8520,158,22.9087,-0.376612,42.9989,34.7013,43.3066,34.0998,42.4986,34.3132,42.6645,35.3367,43.4638,35.0705,1
142,8520,159,-35.5322,20.679,43.9884,89.1361,44.6713,89.0297,43.7559,88.083,43.3638,89.2837,44.2296,90.4082,1
142,8520,161,37.079,11.5198,34.5822,112.268,35.3179,112.072,34.2383,111.474,33.7246,112.505,34.8665,112.997,1
142,8520,169,-29.5956,-17.9058,35.8655,15.3085,35.9226,14.3457,35.282,15.2807,35.7928,16.145,36.4835,15.302,1
142,8520,177,31.4463,-24.7634,16.6077,1.36652,16.2203,0.863813,15.8602,1.94245,16.9749,1.92403,17.2227,0.856261,1
142,8520,186,20.8594,20.4981,-8.33739,14.0415,-8.56607,13.5202,-8.80828,14.245,-8.06309,14.6146,-7.86348,13.8647,1
142,8520,188,-17.6137,-6.55683,53.4305,52.1062,53.4076,51.2306,52.9549,52.158,53.4411,52.9281,53.9233,52.0385,1
142,8520,191,37.3396,-11.273,49.8359,64.1754,49.8313,63.0413,48.8865,64.5144,49.8008,65.4447,50.642,63.8616,1
142,8520,199,-32.4256,18.2916,-10.7115,26.7647,-10.9038,26.0646,-11.4371,27.1011,-10.4985,27.4057,-9.85618,26.3944,1
143,8580,42,22.1692,24.7642,-3.24638,123.849,-3.39842,123.208,-3.80675,123.949,-3.04609,124.572,-2.68303,123.784,1
143,8580,81,35.1908,-7.99069,24.3439,-2.21067,24.9054,-1.96988,24.4617,-3.02217,23.7258,-2.49077,24.2427,-1.5021,1
143,8580,89,-39.1782,-12.1061,63.5522,-102.678,63.8792,-104.536,62.9072,-102.881,63.2486,-101.149,64.2822,-102.496,1
143,8580,105,-26.4059,5.03665,60.3834,-128.517,60.01,-129.439,59.9868,-127.691,60.7312,-127.65,60.8146,-129.441,1
143,8580,145,-39.745,5.64515,49.8203,125.673,50.3058,126.804,50.3044,124.655,49.3762,124.719,49.24,126.839,1
143,8580,155,-25.2423,-2.31545,-17.513,-59.223,-17.4581,-59.854,-18.061,-59.2102,-17.5624,-58.6413,-16.9241,-59.2418,1
143,8580,168,-29.8902,21.0492,16.927,-8.30155,17.0037,-8.9464,16.2146,-8.33136,16.8859,-7.68502,17.7518,-8.24225,1
143,8580,177,19.4539,-13.9561,21.8491,-0.227769,21.4907,-0.648452,21.3817,0.211579,22.2026,0.219107,22.2673,-0.642399,1
143,8580,178,39.3355,2.2344,59.1594,6.35563,58.7836,5.09904,58.5897,7.5489,59.577,7.8507,59.652,5.29745,1
143,8580,186,24.5144,23.7856,-4.68569,15.9223,-4.95264,15.3604,-5.17431,16.1456,-4.35818,16.5534,-4.19274,15.7329,1
143,8580,189,-26.9093,22.9885,63.5354,138.071,64.0789,137.856,63.4062,136.67,63.0138,138.343,63.6435,139.707,1
143,8580,199,5.46389,22.4637,-8.36702,31.6161,-8.67518,31.1098,-8.88552,31.8543,-8.01268,32.1462,-7.8147,31.3938,7
144,8640,36,-19.9228,6.0983,7.12956,-72.413,7.45214,-72.0077,7.50178,-72.7612,6.81536,-72.7951,6.7264,-72.0435,1
144,8640,42,36.0221,0.951451,-3.17598,125.725,-3.1782,125.044,-3.9118,125.923,-3.17645,126.499,-2.52385,125.555,10
144,8640,71,-24.8989,20.3206,63.5075,-140.71,63.5662,-142.029,62.8484,-140.827,63.4686,-139.429,64.253,-140.521,1
144,8640,81,-32.5245,-18.5923,25.2735,5.09895,26.0489,5.29043,25.3559,4.47337,24.6096,4.91833,25.2128,5.7725,1
144,8640,95,-35.7912,13.3375,39.4098,-105.686,39.678,-106.515,38.6963,-105.841,39.183,-104.93,40.2381,-105.485,2
144,8640,101,36.9488,1.08394,-80.1835,-121.732,-80.6434,-124.746,-80.547,-117.715,-79.632,-118.613,-79.822,-125.002,1
144,8640,105,35.4691,13.9528,64.4278,-114.624,64.0555,-116.062,63.9193,-113.55,64.8555,-112.916,64.8993,-115.593,1
144,8640,134,-39.0623,-2.17611,9.75321,103.733,10.6016,104,9.74769,102.975,9.02031,103.507,9.76796,104.605,1
144,8640,155,-36.7446,-1.66829,-13.8852,-57.5758,-13.765,-58.3682,-14.5519,-57.499,-13.9862,-56.88,-13.1305,-57.6698,1
144,8640,168,-24.6,17.0688,18.8118,-5.74207,18.861,-6.34517,18.1921,-5.76188,18.786,-5.15983,19.5061,-5.70103,1
144,8640,177,33.4718,-8.79681,25.9512,1.36862,25.589,0.801006,25.4056,1.9839,26.3331,2.00764,26.4231,0.818764,1
144,8640,186,33.155,2.28011,-3.47983,17.2566,-3.63011,16.6794,-4.05679,17.5499,-3.3116,17.903,-2.95756,16.9977,1
144,8640,192,33.3462,11.2558,65.3915,153.867,66.1226,153.41,65.0567,152.294,64.5531,154.388,65.6631,155.359,1
144,8640,199,18.0511,-15.1731,-8.82072,32.546,-9.07347,32.0272,-9.43241,32.8181,-8.58119,33.0828,-8.26701,32.2841,6
145,8700,42,-5.57851,-24.0447,0.516007,123.064,0.364506,122.49,-0.0391166,123.073,0.63284,123.6,1.04416,123.028,1
145,8700,71,24.9524,23.7253,62.3116,-127.267,62.3923,-128.747,61.7214,-127.442,62.2262,-125.571,62.8841,-127.01,1
145,8700,81,26.6029,19.9442,15.9994,3.83803,16.6058,3.97116,16.0844,3.26871,15.3054,3.70798,15.8894,4.38063,3
145,8700,105,34.7034,-7.8778,65.835,-114.323,65.5911,-115.722,65.1907,-113.29,66.0755,-112.729,66.3895,-115.281,1
145,8700,132,18.6817,10.1778,49.971,37.4318,50.4707,37.0201,49.6861,36.69,49.4341,37.8804,50.231,38.1677,1
145,8700,139,34.8399,-4.71843,-6.56116,-74.9821,-6.57373,-75.6569,-7.33754,-74.7862,-6.55796,-74.2284,-5.87912,-75.1555,1
145,8700,168,20.8019,-5.52927,16.9617,-1.72798,16.9917,-2.27791,16.3779,-1.72823,16.9209,-1.15058,17.5043,-1.73209,1
145,8700,177,37.1898,12.6263,32.0693,2.00174,31.573,1.30745,31.6388,2.72028,32.6562,2.81627,32.4716,1.36787,1
145,8700,186,-35.9762,12.4952,3.67201,13.2396,3.57692,12.5831,3.03796,13.4949,3.77778,13.8305,4.41251,12.9535,1
145,8700,199,-3.38632,-23.9808,-5.45842,31.1754,-5.81903,30.6496,-6.02961,31.3906,-5.145,31.6779,-4.92795,30.9461,1
146,8760,0,-32.962,-5.66092,19.1562,52.5537,18.7989,51.7911,18.6205,52.9857,19.4667,53.2323,19.7389,52.0619,1
146,8760,16,-39.1692,-5.19022,35.1731,98.3031,35.3097,97.293,34.5006,98.404,35.0476,99.1681,35.9386,98.1692,2
146,8760,31,33.8322,-7.86533,-0.795296,108.251,-1.17314,107.799,-1.25247,108.811,-0.389656,108.758,-0.397354,107.755,1
146,8760,50,32.4829,17.9982,-6.62624,-38.0208,-5.87079,-37.9511,-6.6685,-38.707,-7.50691,-38.0817,-6.61761,-37.3808,1
146,8760,71,-39.1849,-6.42235,68.0101,-135.798,68.1725,-138.205,67.2888,-135.624,67.8413,-133.772,68.8312,-136.059,1
146,8760,81,37.0827,-2.12162,13.9495,3.33143,14.5367,3.59711,14.0579,2.56754,13.2869,3.0249,13.8512,3.99944,7
146,8760,118,32.6823,2.67591,38.6184,25.2509,39.1968,25.1855,38.4342,24.4851,37.9718,25.3229,38.7751,25.9483,1
146,8760,132,-28.8441,-20.7238,54.1819,40.422,54.9044,39.6977,53.8813,39.5254,53.5429,40.999,54.5201,41.344,2
146,8760,139,29.6038,18.2541,-1.09991,-72.0935,-1.23707,-72.7931,-1.71329,-71.9017,-0.922267,-71.2938,-0.512029,-72.2462,1
146,8760,146,33.1765,8.18704,1.96849,119.396,2.47831,119.886,2.34379,118.783,1.38355,118.844,1.61438,119.945,1
146,8760,168,20.3163,-23.6545,18.3352,-0.535735,18.3374,-1.12059,17.635,-0.653478,18.2989,0.0483648,18.9588,-0.45423,1
146,8760,186,-36.7344,4.42793,6.39506,14.1681,6.2684,13.4754,5.80824,14.4529,6.51595,14.782,7.06729,13.8426,1
147,8820,0,-23.6176,14.5702,24.5503,55.1964,24.2982,54.5812,23.9771,55.5297,24.8094,55.7796,25.194,54.8376,1
147,8820,16,24.5232,15.4248,34.0459,108.231,34.1182,107.534,33.5,108.193,33.9755,109.01,34.5682,108.293,2
147,8820,50,19.5083,-0.990813,-6.94436,-36.0528,-6.40305,-35.9708,-6.89554,-36.6389,-7.51614,-36.1424,-6.99009,-35.5006,1
147,8820,71,11.6519,-15.5989,65.2493,-122.228,65.3974,-123.434,64.7102,-122.738,65.0753,-121.054,65.7559,-121.767,1
147,8820,106,-31.4764,15.1042,67.4691,52.3451,67.8269,53.7093,67.9472,51.0924,67.1076,51.1495,66.8993,53.6907,1
147,8820,132,-24.1722,-9.91669,51.6903,47.4716,52.3152,47.1099,51.4678,46.6363,51.1185,47.7788,51.9319,48.3519,2
147,8820,139,32.0631,9.94752,1.0202,-70.4236,0.940865,-71.1088,0.367487,-70.2157,1.11943,-69.6464,1.62369,-70.598,1
147,8820,168,24.3591,-4.92669,21.8808,3.90109,21.9436,3.3157,21.2665,3.885,21.8038,4.52349,22.4455,3.91244,1
147,8820,186,19.5689,15.4116,8.43618,20.6322,8.24418,20.1347,7.97319,20.8269,8.65913,21.1728,8.89499,20.458,1
148,8880,0,-36.1771,12.6355,28.5817,54.2587,28.3401,53.4096,27.8928,54.7462,28.8191,55.0179,29.3921,53.6931,1
148,8880,16,12.2033,-21.1768,35.2435,107.603,35.2942,106.982,34.6832,107.415,35.1676,108.208,35.7617,107.754,1
148,8880,67,33.7399,23.7897,-25.8438,143.38,-26.0015,142.54,-26.4516,143.608,-25.6237,144.37,-25.2602,143.212,3
148,8880,71,15.3642,17.6476,67.2159,-106.026,67.496,-107.31,66.7569,-106.739,66.9146,-104.636,67.6583,-105.24,1
148,8880,97,-33.6968,11.4074,29.9629,6.09326,30.6216,6.17563,29.8917,5.31639,29.3596,6.04031,30.0282,6.98653,2
148,8880,100,-23.8467,10.9999,-78.7405,75.6211,-78.2315,76.7789,-78.5339,72.9168,-79.2267,74.4878,-78.9484,78.6891,1
148,8880,118,-28.0081,23.1272,36.683,38.4313,37.2311,38.4967,36.7198,37.6325,36.1513,38.4094,36.6103,39.3505,1
148,8880,139,28.6916,-7.23795,2.81782,-69.8862,2.78509,-70.4845,2.12317,-69.7579,2.84012,-69.2395,3.44128,-70.007,1
148,8880,166,-25.7097,11.2831,-22.5045,-47.5944,-22.4078,-48.2182,-23.1027,-47.6312,-22.5783,-47.0012,-21.8416,-47.5423,1
148,8880,179,18.3943,-0.884551,65.9868,171.979,66.3706,172.862,66.3344,170.905,65.5789,171.073,65.6511,172.967,1
148,8880,198,24.6296,21.0971,-25.3895,26.6788,-25.7504,25.9998,-25.9246,27.0468,-24.954,27.4324,-24.8507,26.3557,1
149,8940,0,-36.2355,-6.30183,29.9729,54.4443,29.5963,53.5206,29.4124,54.962,30.2916,55.2534,30.5894,53.8411,1
149,8940,20,-37.9075,-15.0143,27.5603,87.1048,27.0501,86.3147,27.139,87.6176,27.9782,87.7875,28.0048,86.5083,1
149,8940,27,6.02528,-17.6618,-76.931,43.0254,-76.9556,40.8986,-77.4386,42.8731,-76.9072,45.0958,-76.4514,43.0929,1
149,8940,31,37.4144,16.7669,13.1907,107.399,12.6409,106.869,12.8509,108.016,13.8526,108.017,13.5222,106.855,2
149,8940,67,31.963,-3.11187,-24.9819,143.5,-24.9942,142.851,-25.6421,143.656,-24.9724,144.215,-24.3905,143.36,10
149,8940,73,2.15862,24.7509,17.0773,-10.6738,17.6046,-10.4952,17.3274,-11.1821,16.5025,-10.8371,16.7854,-10.1498,1
149,8940,97,-40.0424,2.46902,28.7234,8.97425,29.5419,9.10893,28.5841,8.1489,28.0127,8.86935,28.8821,9.93744,4
149,8940,100,-31.5817,2.90893,-80.8779,88.5511,-80.2349,89.452,-80.8336,84.6925,-81.4609,87.6593,-80.8795,92.874,1
149,8940,118,37.7639,16.108,30.0277,36.1356,30.7562,36.1075,29.8366,35.3893,29.1662,36.1868,30.1699,36.8193,1
149,8940,140,-23.1078,20.2419,-25.5079,-62.2689,-25.8452,-62.8139,-26.0484,-61.8435,-25.1523,-61.7586,-24.8842,-62.7236,1
149,8940,144,35.7873,15.3139,60.962,106.408,61.6563,107.246,61.1682,104.922,60.1321,105.499,60.7327,107.721,1
149,8940,166,-36.593,14.5589,-18.6027,-45.4135,-18.4133,-46.1499,-19.3698,-45.4293,-18.7454,-44.7398,-17.7019,-45.3793,1
149,8940,198,-22.0343,15.192,-20.9966,22.6671,-21.2065,22.0574,-21.587,22.9382,-20.7712,23.2467,-20.336,22.3855,1
150,9000,0,-3.57734,23.7491,35.4764,60.7551,35.1882,60.1486,34.9312,61.0173,35.8018,61.3809,36.0721,60.5011,1
150,9000,15,-31.3008,22.2012,21.8217,83.5847,21.8954,82.9333,21.1108,83.5611,21.7847,84.2055,22.652,83.6388,1
150,9000,20,-30.4837,19.8521,34.6708,89.2938,34.4108,88.6646,34.1169,89.7178,34.9395,89.8762,35.3194,88.818,1
150,9000,22,31.2006,21.9603,69.0611,-129.354,69.7421,-129.193,69.0468,-130.998,68.2648,-129.467,69.0266,-127.798,1
150,9000,27,-38.0277,-13.6095,-71.2855,41.7325,-71.2488,39.0732,-71.8964,42.1214,-71.2982,43.9951,-70.6084,41.2489,1
150,9000,46,35.8215,-0.237844,9.19542,-70.0096,9.85206,-69.8592,9.17041,-70.7832,8.45371,-70.1842,9.21218,-69.3262,1
150,9000,67,35.0804,-10.2434,-22.8109,145.59,-22.8027,144.927,-23.5787,145.745,-22.8357,146.322,-22.145,145.448,1
150,9000,118,34.3851,1.47405,28.8221,38.1321,29.4169,38.1868,28.7218,37.3907,28.1535,38.0696,28.9037,38.7972,1
150,9000,123,38.7317,11.0201,-76.7347,92.3881,-76.0993,94.6702,-76.3778,89.1821,-77.4633,89.4395,-77.0377,95.322,1
150,9000,140,-28.7874,6.82698,-23.1074,-62.9622,-23.4602,-63.5677,-23.5885,-62.4955,-22.7696,-62.412,-22.5672,-63.4727,1
150,9000,144,8.99452,17.5491,58.1059,113.564,58.573,114.138,58.4177,112.732,57.5937,112.996,57.7673,114.371,1
150,9000,166,-39.7571,-0.273597,-16.8425,-44.3891,-16.6748,-45.2683,-17.5752,-44.2912,-16.979,-43.6279,-15.9956,-44.5089,1
150,9000,176,19.6266,-0.351579,13.5127,-2.09005,13.1548,-2.49212,13.1235,-1.67181,13.8896,-1.66187,13.8799,-2.48513,1
150,9000,198,-38.8285,-0.1036,-18.223,20.9345,-18.4645,20.0041,-18.8847,21.3932,-18.004,21.7361,-17.462,20.4024,1
151,9060,0,26.3687,1.892,35.9178,64.6506,35.6952,63.9347,35.334,65.0382,36.1552,65.4358,36.4585,64.2925,1
151,9060,1,-34.3775,21.7321,72.7709,89.9492,72.8756,87.4721,71.9027,89.9247,72.6901,92.2473,73.8052,90.0781,1
151,9060,20,7.9846,21.1957,37.5978,94.0346,37.2982,93.5316,37.1865,94.344,37.9343,94.5656,38.0319,93.7362,5
151,9060,22,39.5335,0.961739,67.0757,-129.187,67.7249,-128.646,67.0565,-131.178,66.3248,-129.786,67.0662,-127.457,1
151,9060,32,-30.7823,-15.637,52.8671,95.4003,52.2634,94.7196,52.5855,96.1933,53.3839,96.0299,53.1409,94.5216,1
151,9060,80,-22.9227,16.7455,29.9241,-1.05827,30.4227,-0.861607,30.082,-1.68531,29.4346,-1.2243,29.7296,-0.36851,1
151,9060,81,-21.5537,-17.0695,0.962636,15.3601,1.56333,15.5015,1.09847,14.8729,0.424305,15.2182,0.843674,15.8652,1
151,9060,97,31.4638,10.6555,17.7829,9.88466,18.4252,9.87973,17.6641,9.23243,17.0553,9.90051,17.8742,10.4895,1
151,9060,98,38.8121,-2.56726,-7.73314,33.5159,-7.05333,33.6563,-7.81014,32.6864,-8.50922,33.345,-7.66702,34.2335,2
151,9060,106,10.1054,21.6876,51.7727,45.0225,52.2147,45.528,52.1047,44.3901,51.2778,44.5137,51.4103,45.6352,1
151,9060,107,8.43092,-16.7533,19.319,48.0876,19.7079,48.4311,19.7137,47.6872,18.947,47.7369,18.9584,48.4732,1
151,9060,117,27.6478,-24.6488,47.9414,0.183822,48.4268,-0.153453,47.6845,-0.873837,47.4275,0.474173,48.1758,1.0928,1
151,9060,118,29.4739,21.3764,25.157,42.8606,25.8006,42.8272,25.0884,42.245,24.4147,42.9226,25.1897,43.452,1
151,9060,120,-25.3819,14.766,27.3858,85.5263,27.8133,86.0222,27.8097,84.97,26.961,85.0742,26.8972,86.1321,1
151,9060,123,36.8734,-14.6394,-77.3183,93.8169,-76.8289,96.0368,-76.7334,90.375,-77.8129,91.0549,-77.7651,97.0124,1
151,9060,128,-37.1636,-7.03797,78.2372,-85.6013,77.7596,-89.2273,77.7241,-83.2256,78.6063,-82.233,78.7764,-88.5903,1
151,9060,129,-26.8816,15.2943,63.0819,79.9839,63.5295,80.9606,63.4927,78.8075,62.6352,79.1218,62.595,81.2473,4
151,9060,132,37.1835,6.88006,37.4409,61.9646,38.1951,61.9189,37.1829,61.0271,36.5681,62.0217,37.6493,62.8076,1
151,9060,144,-38.9484,-5.1216,57.1321,123.179,57.7136,124.513,57.5395,122.019,56.6232,122.068,56.6667,124.491,4
151,9060,154,-31.3007,6.24028,-20.2808,-65.5963,-20.1498,-66.2726,-20.9075,-65.6043,-20.3879,-64.9747,-19.5783,-65.5825,1
151,9060,158,16.0487,19.5536,40.4456,81.0134,40.9459,80.6777,40.2273,80.39,39.9042,81.3991,40.639,81.653,1
151,9060,160,22.1667,-21.9953,38.7824,104.98,39.3096,104.761,38.6345,104.086,38.239,105.161,38.928,105.769,1
151,9060,176,36.4358,4.85092,17.8108,-0.200267,17.3744,-0.785836,17.3571,0.435851,18.3105,0.473635,18.2211,-0.761157,1
151,9060,186,-19.4631,10.7396,23.1389,23.417,23.0113,22.8904,22.6527,23.5843,23.2721,23.9236,23.6681,23.2442,1
151,9060,190,-17.5167,16.5924,53.5151,54.2808,53.3708,53.3363,52.9178,54.5263,53.6716,55.2099,54.1729,54.0339,1
151,9060,198,-22.702,-0.76056,-15.5288,24.1485,-15.7785,23.5391,-16.0484,24.4424,-15.2936,24.7147,-14.9741,23.833,1
152,9120,0,-29.0181,-3.99505,40.7273,58.854,40.4274,57.9855,40.1939,59.3026,40.991,59.6463,41.3013,58.3475,1
152,9120,16,17.6559,19.0785,44.0653,128.251,44.2462,127.526,43.5868,127.999,43.8784,129.053,44.5317,128.534,1
152,9120,31,-27.7639,22.7144,24.6779,99.4932,24.2952,99.0334,24.2072,99.9975,25.0701,99.9147,25.2352,98.9257,1
152,9120,41,-38.3196,6.78804,-2.48453,114.451,-2.41685,113.668,-3.21592,114.609,-2.52898,115.144,-1.63252,114.271,1
152,9120,46,35.5489,-2.14926,3.52699,-65.8537,4.16997,-65.6913,3.52841,-66.6245,2.80525,-66.0438,3.52372,-65.1745,2
152,9120,88,-38.8671,-9.44879,62.8374,-107.885,63.1362,-109.634,62.1906,-108.039,62.5597,-106.427,63.5703,-107.749,1
152,9120,118,23.6442,-5.16316,24.6382,44.0811,25.13,44.1315,24.6421,43.4724,24.1165,44.0204,24.6357,44.6424,7
152,9120,140,-30.9109,8.64098,-15.4174,-62.9538,-15.7747,-63.557,-15.9199,-62.4813,-15.0749,-62.4092,-14.8447,-63.4774,1
152,9120,144,29.7762,-23.9337,54.6664,110.126,55.1655,110.799,55.2543,108.894,54.1706,109.383,54.1744,111.175,1
152,9120,154,-22.746,-3.85448,-19.1496,-62.9632,-19.102,-63.5815,-19.6803,-62.9616,-19.1942,-62.3901,-18.586,-62.9713,1
152,9120,166,-32.964,12.0483,-11.3476,-37.6803,-11.2393,-38.3516,-12.035,-37.656,-11.426,-37.0611,-10.56,-37.696,1
152,9120,168,-37.1423,4.59172,39.0673,16.2311,39.3224,15.2989,38.3564,16.172,38.8458,17.055,39.885,16.3022,1
152,9120,169,-1.83352,-22.9336,47.572,61.5825,47.8855,60.881,47.1907,60.9875,47.2555,62.2129,47.9473,62.1295,1
152,9120,176,-13.7307,19.1665,22.8873,-5.72029,22.5173,-6.12745,22.468,-5.31899,23.2746,-5.32582,23.3558,-6.14422,1
152,9120,177,0.135342,24.3342,59.3628,-4.10808,58.9526,-4.79269,58.9482,-3.43512,59.8139,-3.40009,59.8182,-4.80242,1
152,9120,187,21.6871,24.5635,54.3394,59.4903,54.3325,58.4611,53.8167,59.4417,54.3614,60.6588,54.8577,59.5954,1
152,9120,188,34.8912,1.41629,59.8951,123.604,60.4686,123.163,59.5073,122.5,59.2462,124.079,60.2288,124.616,1
152,9120,198,20.4337,6.79947,-12.6241,29.5635,-12.8874,29.0174,-13.1402,29.8782,-12.3332,30.1484,-12.1262,29.2729,1
152,9120,199,36.7068,16.2556,22.0155,43.7843,21.6715,42.9324,21.3827,44.299,22.4348,44.792,22.6065,43.3445,1
153,9180,0,-24.9303,-23.2091,42.0858,59.8508,41.6142,58.9212,41.5409,60.2424,42.4701,60.6893,42.6212,59.3985,1
153,9180,35,-33.1476,15.9041,7.79054,-73.2066,8.11498,-72.668,8.29603,-73.6573,7.46922,-73.6905,7.19508,-72.6991,1
153,9180,38,-39.8783,-6.04931,-82.1634,93.9906,-82.5506,88.3005,-82.6076,97.8497,-81.7794,98.4044,-81.6277,90.0179,1
153,9180,41,-28.7051,-19.5844,-2.52685,115.777,-2.68089,115.003,-3.0969,115.894,-2.41053,116.454,-1.93569,115.623,1
153,9180,46,14.5629,15.3864,0.712066,-60.9247,1.2529,-60.8809,0.759558,-61.4434,0.12668,-60.9568,0.647136,-60.4112,1
153,9180,80,-13.8312,20.1018,22.7491,2.04295,23.2227,2.19086,22.9239,1.50538,22.2654,1.91802,22.5382,2.62102,1
153,9180,154,-34.8701,15.8596,-14.1232,-59.7299,-13.9655,-60.4126,-14.8584,-59.7503,-14.2393,-59.0982,-13.2653,-59.6891,1
153,9180,157,19.1912,15.5187,44.4678,41.4671,44.8046,40.8379,44.0372,41.0323,44.1068,42.1612,44.8761,41.9201,1
153,9180,167,-26.0952,13.3462,17.1806,-9.89601,17.233,-10.5071,16.5676,-9.88989,17.1477,-9.31512,17.865,-9.88901,1
153,9180,185,38.8865,1.738,-5.43255,14.9151,-5.57448,14.252,-6.09196,15.2915,-5.27083,15.6796,-4.85325,14.5931,1
153,9180,198,27.8292,21.4557,-7.6684,31.8693,-8.0621,31.2183,-8.21032,32.2465,-7.19107,32.6055,-7.12718,31.5388,7
154,9240,9,-23.3357,11.326,14.69,50.6066,14.4311,50.0317,14.1432,50.9285,14.9504,51.1489,15.2973,50.2607,1
154,9240,15,-30.7575,7.92004,31.4418,93.3734,31.5422,92.6603,30.8341,93.3814,31.3579,94.0304,32.1237,93.3721,1
154,9240,35,-34.599,-15.6141,7.22685,-73.3054,7.77511,-72.7068,7.60135,-73.7675,6.76496,-73.8279,6.83949,-72.7854,1
154,9240,41,-29.3458,-24.735,-0.0111086,117.388,-0.230675,116.542,-0.6007,117.498,0.152578,118.115,0.590383,117.231,1
154,9240,46,18.4268,18.9059,-2.79329,-58.9077,-2.21183,-58.873,-2.75177,-59.4466,-3.43634,-58.9266,-2.85784,-58.3762,1
154,9240,80,-30.7313,-19.2044,23.4642,3.43269,24.2133,3.60754,23.5591,2.83326,22.819,3.26473,23.391,4.07223,1
154,9240,94,-34.7434,-4.47233,39.2282,-108.187,39.4324,-109.113,38.6015,-108.235,39.0407,-107.376,39.9276,-108.146,1
154,9240,100,29.3611,10.8007,-77.4937,-130.041,-77.9198,-132.173,-77.8523,-127.725,-76.9895,-127.847,-77.1309,-132.034,1
154,9240,131,-15.737,-10.9446,54.1914,29.9564,54.6846,29.395,53.9054,29.1954,53.724,30.4536,54.49,30.7323,1
154,9240,154,32.6496,-15.2499,-18.62,-54.8208,-18.5362,-55.4475,-19.4211,-54.8421,-18.7345,-54.1472,-17.925,-54.8169,1
154,9240,167,-36.4412,1.23369,19.9295,-9.22975,20.0257,-10.0394,19.2499,-9.13002,19.8474,-8.51495,20.7024,-9.34777,1
154,9240,185,35.8924,-4.10377,-2.36338,15.6546,-2.48644,15.0553,-3.01977,15.966,-2.23451,16.3285,-1.78751,15.3806,1
154,9240,191,35.2882,-5.64632,65.463,149.604,66.1635,149.317,65.1193,147.712,64.6764,149.872,65.746,151.295,1
155,9300,9,-33.4803,9.9769,18.6019,50.0555,18.3426,49.3247,17.9761,50.4786,18.853,50.7152,19.3225,49.5757,1
155,9300,15,-28.8755,20.4418,34.6793,97.77,34.7988,97.0749,34.0234,97.6637,34.5912,98.4385,35.4306,97.9203,1
155,9300,23,22.3333,-3.88803,19.9221,-100.759,20.3172,-100.44,20.2161,-101.249,19.5061,-101.1,19.6499,-100.305,1
155,9300,46,-14.5699,19.0102,-3.91018,-54.5124,-3.38919,-54.44,-3.80832,-55.0637,-4.43569,-54.5625,-4.03995,-53.9141,1
155,9300,59,34.9767,15.9323,-4.93625,-42.0547,-4.15776,-41.96,-5.00021,-42.7792,-5.84983,-42.1485,-4.90662,-41.3906,1
155,9300,80,21.3295,23.3572,14.2982,2.94655,14.8839,3.05597,14.4146,2.41737,13.6329,2.84764,14.1523,3.46421,2
155,9300,104,32.4454,2.28406,68.6692,-115.679,68.4036,-117.219,68.1219,-114.606,68.9485,-113.916,69.1608,-116.682,1
155,9300,109,38.6786,10.5183,-70.3966,44.2229,-69.9218,45.9824,-69.9454,42.4076,-70.9392,42.0656,-70.7976,45.8634,1
155,9300,131,-27.9939,9.01533,53.7159,39.6521,54.3226,39.3368,53.4429,38.6858,53.1538,39.9602,54.0031,40.7487,1
155,9300,138,24.4084,4.17624,-3.79115,-77.0857,-3.86022,-77.6681,-4.38279,-76.9453,-3.71289,-76.4531,-3.23577,-77.2103,1
155,9300,143,37.5464,-9.80995,75.8585,84.5657,76.5275,85.5755,75.9152,80.7679,75.1097,83.4521,75.7703,87.7844,1
155,9300,145,34.8021,6.87462,4.34785,116.724,4.86283,117.236,4.73285,116.077,3.75516,116.143,3.9893,117.298,2
155,9300,154,-16.4402,-9.24452,-12.1208,-55.0951,-12.1294,-55.6661,-12.6247,-55.0855,-12.1194,-54.5613,-11.6031,-55.116,1
155,9300,156,33.4617,-1.27075,33.3022,4.73454,33.5261,4.03303,32.5993,4.60518,33.0428,5.51014,33.929,4.85404,1
155,9300,167,-32.4246,-23.2507,20.3248,-8.32046,20.2149,-9.29199,19.7129,-8.24135,20.3909,-7.49538,20.9653,-8.45091,1
155,9300,185,-23.5455,-0.678343,3.69865,12.2932,3.5382,11.7691,3.23078,12.4893,3.84853,12.781,4.19892,12.0807,1
156,9360,9,-31.6305,14.8948,22.674,51.2429,22.4285,50.532,22.0236,51.6446,22.9235,51.8945,23.4286,50.792,1
156,9360,15,12.9707,14.286,33.6597,103.172,33.7055,102.566,33.1714,103.111,33.6205,103.822,34.1439,103.252,1
156,9360,46,-32.6263,9.22733,-5.03195,-51.3942,-4.38544,-51.216,-4.98746,-52.0639,-5.62657,-51.5422,-5.08983,-50.6339,1
156,9360,59,39.0629,-2.56126,-6.56108,-41.7952,-5.84146,-41.5819,-6.57716,-42.6974,-7.3845,-42.0519,-6.54842,-41.0177,1
156,9360,80,28.7465,-10.4891,13.3943,2.34039,13.8959,2.5436,13.5695,1.6897,12.8624,2.1089,13.2444,2.92348,3
156,9360,105,33.2878,22.5235,67.7328,33.2634,68.421,34.1788,67.9363,31.6252,66.9017,32.3068,67.4904,34.7358,1
156,9360,131,20.2188,17.6477,47.6321,43.187,48.1901,42.8207,47.3972,42.4233,47.0205,43.6086,47.8358,43.956,1
156,9360,138,27.0009,-8.20338,-1.94703,-75.6253,-1.98846,-76.2083,-2.62514,-75.5066,-1.91584,-75.0007,-1.33582,-75.7391,1
156,9360,143,36.2774,2.16636,71.5361,94.456,72.1889,95.4792,71.662,91.9433,70.786,93.3647,71.3899,96.641,1
157,9420,9,-10.0502,-24.8818,21.519,53.3484,21.1013,52.7699,20.9684,53.6069,21.8755,53.8937,22.035,53.067,1
157,9420,15,39.1974,3.71667,33.0941,107.809,33.3036,106.996,32.3134,107.818,32.844,108.747,33.7764,107.813,1
157,9420,29,-35.8629,20.0093,25.7021,85.0716,25.4445,84.4121,25.0881,85.5302,25.9672,85.665,26.4403,84.5412,1
157,9420,59,20.781,0.577758,-8.32892,-37.6199,-7.77881,-37.5362,-8.28719,-38.2139,-8.91464,-37.7104,-8.36959,-37.0609,1
157,9420,72,-16.8016,21.1543,23.4749,-13.452,23.9743,-13.2046,23.7496,-14.0309,22.9629,-13.671,23.1485,-12.8257,1
157,9420,80,-26.7923,-24.4164,13.6747,7.75114,14.4269,7.87901,13.8152,7.20738,13.028,7.61868,13.565,8.31628,1
157,9420,123,22.5428,-10.3888,-78.7784,-114.854,-78.9777,-117.601,-79.3768,-113.382,-78.5574,-112.055,-78.23,-116.11,1
157,9420,130,31.865,22.5951,49.244,-5.16688,49.5958,-6.25578,48.6178,-5.53217,48.8405,-3.8856,49.819,-4.75448,1
157,9420,138,39.4451,-5.73579,0.191833,-72.1958,0.217692,-72.9381,-0.705008,-71.9518,0.145235,-71.3465,0.957479,-72.4058,1
157,9420,178,-10.9186,18.0944,66.3952,176.217,66.7469,177.175,66.8072,175.333,66.0188,175.31,65.9345,177.102,1
157,9420,185,-40.6467,-1.46068,11.3552,13.1302,11.1972,12.3071,10.7531,13.4826,11.4925,13.837,12.048,12.7127,1
158,9480,9,-37.7026,-0.206058,28.4253,51.4364,28.0994,50.5107,27.8237,51.9702,28.7096,52.2459,29.1077,50.8109,2
158,9480,15,21.9322,22.3121,37.8223,111.81,37.9021,111.052,37.2932,111.7,37.749,112.666,38.3395,111.956,1
158,9480,29,-29.1132,20.5876,29.2122,86.3838,28.9483,85.8099,28.666,86.7728,29.4874,86.9178,29.8505,85.9515,1
158,9480,30,34.4357,8.33414,10.3755,104.826,9.92782,104.352,10.0156,105.385,10.8906,105.364,10.712,104.326,1
158,9480,37,37.8691,-13.551,-78.0247,-110.786,-77.9949,-107.744,-77.1802,-111.698,-77.9923,-114.179,-78.7364,-109.85,1
158,9480,59,38.078,-14.3191,-11.2382,-38.391,-10.5667,-38.1669,-11.1387,-39.3942,-11.978,-38.6744,-11.3069,-37.5438,1
158,9480,70,-23.2434,18.9857,71.0834,-105.211,71.4589,-106.579,70.5912,-106.432,70.7287,-103.877,71.6126,-103.719,1
158,9480,72,-35.2401,19.5797,20.571,-9.98416,21.1409,-9.53135,20.9212,-10.7626,20.0243,-10.3659,20.1313,-9.07684,1
158,9480,80,-23.0594,6.6877,7.46768,10.355,7.96367,10.5542,7.61418,9.84516,6.99516,10.1748,7.30276,10.9068,1
158,9480,96,-22.3451,7.62031,28.1225,3.76025,28.6705,3.76366,28.0763,3.14499,27.6017,3.76801,28.163,4.42968,1
158,9480,109,10.6968,20.4125,-82.2204,60.5551,-81.7431,62.3121,-81.9338,57.4986,-82.7384,58.5359,-82.5083,63.8126,1
158,9480,117,-35.5851,21.3113,35.8393,38.5562,36.4573,38.7274,35.871,37.648,35.2611,38.4431,35.7701,39.6326,1
158,9480,130,38.2795,0.20696,48.6543,-3.34967,49.1363,-4.20775,47.8753,-3.8603,48.0882,-2.38988,49.3285,-2.88371,3
158,9480,138,36.868,16.6622,5.57317,-68.9337,5.45966,-69.7543,4.87094,-68.6556,5.72465,-67.9629,6.22021,-69.1553,2
158,9480,165,-31.0094,5.86796,-21.2477,-49.5693,-21.127,-50.259,-21.8783,-49.567,-21.3455,-48.9355,-20.5419,-49.5674,1
158,9480,167,20.5748,23.316,27.5245,7.7912,27.5278,7.08328,26.9694,7.75369,27.5416,8.58971,28.075,7.86499,2
158,9480,176,26.6171,24.6005,46.232,-2.07518,45.7018,-2.75605,45.8266,-1.43532,46.8598,-1.3001,46.653,-2.67028,2
158,9480,185,-24.7781,18.4014,15.6536,17.1428,15.5262,16.6058,15.0937,17.3135,15.7981,17.6561,16.2881,16.9677,1
159,9540,9,-28.0789,22.8019,34.1909,54.7013,33.9486,53.9629,33.4874,55.0728,34.4571,55.3987,35.017,54.293,1
159,9540,14,-37.8476,8.68601,19.9703,78.331,20.0785,77.5628,19.2628,78.4312,19.8876,79.0152,20.7943,78.2204,1
159,9540,15,-30.1218,22.5649,43.9474,112.767,44.1697,111.996,43.284,112.469,43.7632,113.515,44.7112,113.154,1
159,9540,29,-29.1655,-2.57522,30.7469,86.4465,30.425,85.8445,30.3333,86.854,31.0364,86.9968,31.1928,85.9934,1
159,9540,30,32.5846,24.0588,15.8488,104.166,15.2656,103.693,15.5142,104.703,16.5541,104.708,16.1977,103.68,1
159,9540,66,-27.3192,2.88137,-19.6595,137.983,-19.6732,137.355,-20.2104,138.082,-19.6397,138.563,-19.0563,137.877,1
159,9540,70,33.706,-11.7241,65.5469,-102.102,66.0145,-103.15,64.8998,-103.306,65.0124,-101.037,66.1082,-101.025,1
159,9540,96,-38.4413,-5.96674,27.9536,7.01213,28.7935,7.06873,27.8051,6.2641,27.2306,6.96132,28.1319,7.86011,2
159,9540,116,33.6221,18.6755,47.6758,-3.89316,48.259,-4.41337,47.2843,-4.57985,47.002,-3.27677,48.013,-3.21986,6
159,9540,165,-36.5437,-8.69718,-19.2249,-48.6081,-19.132,-49.4901,-19.8799,-48.5227,-19.3078,-47.8457,-18.495,-48.7223,1
159,9540,175,33.6458,22.2585,13.9517,-2.65739,13.3643,-3.20844,13.5658,-2.08805,14.6639,-2.02025,14.3443,-3.16705,1
159,9540,176,23.3264,4.61617,47.8453,-2.77901,47.4789,-3.41121,47.4432,-2.15846,48.2407,-2.08728,48.2254,-3.36462,9
159,9540,185,23.075,-10.272,14.9045,21.2604,14.7759,20.7618,14.3496,21.44,15.0256,21.787,15.4086,21.0873,1
160,9600,9,37.7512,-11.3609,31.6126,62.4753,31.442,61.6386,30.7359,62.9923,31.7708,63.4253,32.3519,62.0185,1
160,9600,14,-31.9049,-11.1651,20.7319,79.9315,20.7066,79.158,20.1655,80.0364,20.7423,80.6128,21.3434,79.7973,1
160,9600,21,25.4909,-7.24576,70.0933,-131.778,70.5911,-131.436,70.1641,-133.498,69.5648,-132.152,70.0197,-130.218,1
160,9600,66,-13.7875,-20.8681,-19.1733,139.894,-19.3117,139.285,-19.6819,139.94,-19.0634,140.454,-18.6732,139.824,1
160,9600,116,36.638,-0.282466,46.777,-1.61516,47.3616,-1.92159,46.3735,-2.45851,46.112,-1.28201,47.1247,-0.858591,6
160,9600,117,-32.8194,-7.594,32.2409,41.6547,32.9176,41.7174,32.1845,40.9969,31.6425,41.5939,32.3116,42.3758,1
160,9600,128,32.1582,19.1244,63.2781,63.758,63.9916,64.4336,63.4421,62.2708,62.434,63.0555,63.0782,65.1103,2
160,9600,143,38.1404,-12.3159,59.0327,103.994,59.5723,104.919,59.4679,102.287,58.4382,102.948,58.6561,105.415,1
160,9600,149,24.0544,22.7995,-20.3641,-59.5366,-20.8671,-60.0478,-20.7846,-59.0702,-19.7705,-58.9776,-19.9255,-59.965,1
160,9600,165,-36.2916,13.8419,-14.9389,-44.0588,-14.7742,-44.7831,-15.6945,-44.0491,-15.0612,-43.3975,-14.0544,-44.0555,1
160,9600,175,-39.6939,1.22267,15.3426,-10.8487,14.8391,-11.5651,14.9051,-10.216,15.7827,-10.2302,15.8439,-11.5891,1
160,9600,176,12.2052,-22.8227,49.0444,-4.58711,48.6435,-5.14997,48.5339,-4.03053,49.4142,-3.99907,49.4936,-5.13103,2
160,9600,185,21.9035,-9.03358,18.4455,22.7708,18.3205,22.2681,17.9059,22.9453,18.5642,23.3007,18.9395,22.6022,1
160,9600,197,-31.1476,6.85002,-16.665,20.3209,-16.8789,19.6075,-17.2777,20.668,-16.4548,20.9677,-15.9729,19.9383,1
161,9660,0,19.4361,-6.71574,67.2748,94.8063,67.3331,93.3504,66.649,94.6894,67.1902,96.3146,67.8573,94.9055,1
161,9660,8,-35.978,7.84992,5.36609,44.5794,5.10103,43.8264,4.72773,45.0179,5.61824,45.2474,6.10593,44.0771,1
161,9660,9,-22.9246,-13.5149,37.2923,56.1819,36.9403,55.4173,36.7882,56.5538,37.595,56.8873,37.8052,55.7675,1
161,9660,14,-34.8979,-3.09445,24.3435,82.7645,24.3913,81.9715,23.7313,82.8725,24.2978,83.4646,25.0268,82.6335,1
161,9660,15,-33.7243,2.17259,46.9688,118.795,47.255,117.893,46.3626,118.599,46.7112,119.6,47.6495,119.018,1
161,9660,45,31.6147,24.1326,3.16444,-67.207,3.9393,-67.1861,3.13248,-67.8521,2.24834,-67.2036,3.15195,-66.5922,1
161,9660,97,29.1942,-20.3309,-6.90268,31.9347,-6.3365,32.0053,-6.80592,31.1526,-7.49205,31.8281,-6.96685,32.6157,4
161,9660,106,-35.6811,-8.82132,17.1738,50.1891,17.7252,50.8004,17.5306,49.6378,16.698,49.6566,16.7901,50.8101,1
161,9660,117,15.9516,23.6732,24.5037,42.9894,25.0439,42.9532,24.5192,42.4493,23.9051,43.0541,24.4588,43.5349,1
161,9660,128,33.6073,6.16339,61.1139,64.7727,61.7219,65.5183,61.323,63.3102,60.4171,63.968,60.8999,66.0681,2
161,9660,129,-32.4106,2.47472,27.2815,84.0077,27.7767,84.6096,27.6661,83.3862,26.8275,83.4746,26.8482,84.6988,1
161,9660,149,-28.3919,10.2433,-17.5657,-65.0884,-17.9124,-65.6613,-18.0617,-64.6381,-17.2274,-64.5653,-17.0031,-65.5815,1
161,9660,153,-38.8738,-0.542866,-18.7989,-67.9614,-18.6175,-68.8094,-19.5068,-67.8983,-18.9489,-67.2229,-17.9857,-68.0405,1
161,9660,157,37.5982,-8.70579,38.5384,76.1343,39.1839,75.9233,38.1287,75.1808,37.8078,76.3434,38.8896,76.959,1
161,9660,158,-30.172,-13.0416,24.8029,115.988,25.5352,115.944,24.7128,115.36,24.1563,116.014,24.9174,116.659,1
161,9660,165,-39.6356,-0.136331,-13.0534,-43.045,-12.9085,-43.9087,-13.7819,-42.9314,-13.1709,-42.2969,-12.2119,-43.1826,1
161,9660,175,-37.0631,9.85385,20.0778,-10.7754,19.6516,-11.4343,19.5948,-10.1675,20.472,-10.1954,20.6438,-11.4817,1
161,9660,186,25.0818,9.6004,52.0247,53.5231,52.0557,52.6411,51.4867,53.5607,51.9913,54.4935,52.5337,53.5065,1
161,9660,197,-24.5604,-14.0457,-15.567,21.3826,-15.9094,20.7076,-16.0883,21.6878,-15.27,21.9929,-15.032,21.045,1
161,9660,198,-31.2381,3.62151,20.6883,32.5096,20.4342,31.7806,20.1044,32.8894,20.9245,33.1708,21.3401,32.0829,2
162,9720,8,-30.6457,17.4702,9.80525,46.2983,9.55928,45.6495,9.14191,46.6636,10.0631,46.896,10.5792,45.8931,1
162,9720,21,-27.098,13.3581,63.5294,-111.051,63.9787,-110.332,63.8006,-112.195,63.092,-111.677,63.2047,-109.81,1
162,9720,29,33.0579,5.44075,41.4595,95.7108,41.1987,94.9852,40.9562,96.221,41.7509,96.5332,41.9195,95.2512,1
162,9720,31,-34.8164,19.3539,61.9781,88.6229,61.5163,87.672,61.5585,89.885,62.4211,89.477,62.4743,87.1168,1
162,9720,40,-29.3612,1.93668,-2.35635,113.583,-2.37074,112.935,-2.94679,113.696,-2.33804,114.175,-1.70564,113.458,1
162,9720,45,34.5013,12.6436,1.01505,-66.2044,1.72495,-66.0991,0.966153,-66.8949,0.192735,-66.3135,1.03765,-65.574,1
162,9720,80,-34.6561,7.92768,-5.55611,17.6574,-4.96505,17.9528,-5.40888,17.0258,-6.09573,17.402,-5.72935,18.3773,1
162,9720,89,-34.8367,14.3307,25.634,0.717837,26.2109,1.04767,25.81,-0.0187959,25.0962,0.442112,25.4116,1.56572,1
162,9720,96,27.4317,24.8253,13.1937,12.7429,13.8881,12.6644,13.1264,12.1432,12.3901,12.8614,13.2195,13.3306,1
162,9720,105,-24.3105,-21.6007,50.5038,47.3284,51.0783,48.0253,50.8687,46.677,50.0069,46.704,50.1501,48.0164,1
162,9720,117,19.3869,9.9222,22.4019,44.3897,22.8995,44.4166,22.3985,43.8573,21.8639,44.37,22.3927,44.9035,3
162,9720,128,-25.8322,-19.0018,61.5399,77.4257,62.191,78.3227,61.8673,76.3789,60.9715,76.6336,61.2169,78.5239,2
162,9720,131,38.9359,-0.314136,34.4601,63.2937,35.2109,63.3518,34.244,62.2713,33.5952,63.2193,34.6351,64.1854,1
162,9720,143,-28.3132,2.35303,51.0077,118.266,51.4595,119.048,51.3892,117.48,50.5842,117.568,50.5822,119.116,1
162,9720,149,-37.4191,14.3622,-13.0778,-66.2117,-13.4234,-66.9339,-13.6991,-65.6491,-12.74,-65.5788,-12.3317,-66.8614,1
162,9720,153,-21.6175,16.5157,-16.7254,-62.5345,-16.6664,-63.1002,-17.3064,-62.5801,-16.7604,-61.9819,-16.0832,-62.4672,1
162,9720,165,-36.4864,15.4286,-9.45175,-39.0029,-9.30217,-39.7166,-10.2241,-38.9806,-9.55821,-38.3505,-8.5424,-39.0126,1
162,9720,168,-11.6074,-18.1375,48.5524,62.221,48.9074,61.5214,48.182,61.6703,48.2068,62.8443,48.9306,62.7517,1
162,9720,169,30.623,11.8671,33.5979,111.251,34.239,111.089,33.3663,110.541,32.8739,111.445,33.7919,111.92,2
162,9720,185,-22.2255,-24.9516,25.5495,21.6723,25.2405,20.9859,25.048,21.844,25.7979,22.2882,26.0418,21.4636,1
162,9720,187,36.6669,6.50855,58.7947,125.647,59.4224,125.249,58.4125,124.542,58.0729,126.094,59.1171,126.665,7
162,9720,197,-22.7532,11.2621,-9.57926,23.4637,-9.80525,22.8857,-10.1426,23.7459,-9.34734,24.0093,-8.95486,23.1653,1
162,9720,199,28.5921,14.4541,55.108,62.9153,55.0057,61.6932,54.4639,63.2129,55.2249,64.3039,55.7189,62.6676,3
163,9780,8,-36.1863,-5.23615,11.0674,45.5713,10.6973,44.7634,10.5081,46.0336,11.3862,46.277,11.6866,45.0375,1
163,9780,30,-1.74281,22.9366,30.3193,98.9789,29.9293,98.6264,29.9593,99.3804,30.7441,99.3323,30.7174,98.5675,1
163,9780,40,-24.2809,17.3464,1.46154,117.037,1.44584,116.464,0.842925,117.086,1.50038,117.588,2.15639,117,2
163,9780,43,-31.8548,14.4363,51.4754,-121.714,52.1093,-121.944,51.2102,-122.733,50.8929,-121.47,51.7547,-120.522,15
163,9780,45,32.1378,-6.28822,-0.147335,-65.1364,0.446245,-64.9901,-0.100265,-65.8644,-0.796066,-65.3088,-0.185126,-64.4894,2
163,9780,96,-13.8014,23.6569,13.4042,17.6957,13.9252,17.7014,13.4706,17.1167,12.8724,17.7192,13.3051,18.3319,1
163,9780,117,-0.389253,-21.6941,22.6001,46.2946,23.1035,46.2761,22.6838,45.7588,22.1236,46.2906,22.5388,46.8053,1
163,9780,128,-33.9468,-10.4184,57.0996,80.1976,57.7272,81.2428,57.4375,79.1465,56.5519,79.3039,56.7361,81.3518,1
163,9780,130,-17.026,-9.56833,54.7576,24.2337,55.2404,23.6298,54.4451,23.4886,54.3002,24.7714,55.0841,25.0002,1
163,9780,149,-13.0118,-16.7842,-12.9424,-63.4591,-13.3755,-63.9074,-13.3647,-63.1042,-12.5525,-63.0339,-12.5336,-63.8279,1
163,9780,153,-27.249,-9.51893,-15.4225,-62.2371,-15.3972,-62.925,-15.9771,-62.2038,-15.4512,-61.618,-14.8313,-62.2874,1
163,9780,156,20.675,1.40093,44.3726,39.6124,44.7215,39.0599,43.9309,39.1477,43.9978,40.1941,44.7859,40.0605,1
163,9780,165,-35.3455,6.32147,-7.62699,-37.2272,-7.5222,-37.9486,-8.31469,-37.1545,-7.70749,-36.5786,-6.8402,-37.3059,1
163,9780,166,-37.1533,9.77231,19.218,-12.3786,19.3545,-13.1566,18.4784,-12.3114,19.1118,-11.6815,20.0794,-12.4487,1
163,9780,176,18.6092,6.20556,63.04,-3.11293,62.6877,-4.00161,62.6471,-2.28842,63.4146,-2.1458,63.4178,-3.91262,1
163,9780,184,26.6036,23.7274,-1.06417,12.8519,-1.33807,12.2708,-1.56034,13.0906,-0.726458,13.5104,-0.5671,12.6501,1
163,9780,197,34.4906,18.085,-6.93563,30.5565,-7.33339,29.8176,-7.5136,31.0345,-6.44696,31.4147,-6.38143,30.1458,4
164,9840,8,-19.8266,23.1772,17.128,49.1912,16.8518,48.6346,16.5117,49.4784,17.4326,49.7317,17.8327,48.8912,1
164,9840,14,-24.9942,4.85056,32.042,92.7322,32.1131,92.0736,31.4979,92.7242,31.9793,93.3488,32.6348,92.7449,1
164,9840,40,-25.5188,-8.10185,2.5308,117.463,2.45889,116.822,1.98791,117.572,2.58943,118.047,3.1058,117.336,1
164,9840,43,-25.3765,-20.2327,50.7109,-122.162,51.3651,-122.714,50.469,-122.964,50.1244,-121.716,50.982,-121.346,5
164,9840,45,-23.3773,-13.6145,0.688966,-59.2782,1.34136,-59.2237,0.724925,-59.8199,0.100429,-59.3396,0.670137,-58.7127,1
164,9840,89,-29.4419,15.9116,18.6134,3.57566,19.1387,3.8333,18.8033,2.94838,18.1098,3.35612,18.3801,4.28215,1
164,9840,96,24.1856,-7.76883,10.4338,15.5821,10.9629,15.6234,10.4346,14.9613,9.87448,15.5276,10.4382,16.1498,1
164,9840,109,38.3161,6.82978,-75.9681,-127.741,-76.4704,-129.977,-76.3191,-124.888,-75.3571,-125.347,-75.6193,-130.112,1
164,9840,117,-27.3234,-2.40536,19.9619,51.6746,20.5333,51.7726,19.9754,51.1214,19.4391,51.5851,19.9501,52.2735,1
164,9840,153,34.1425,3.62945,-16.0807,-54.4173,-16.0259,-55.0935,-16.7739,-54.3088,-16.1393,-53.6528,-15.4572,-54.5056,1
164,9840,156,36.9959,15.4495,42.6691,46.8938,43.2234,46.1605,42.059,46.3787,42.0205,47.758,43.2028,47.4003,1
164,9840,184,33.7879,17.9025,1.60145,14.7486,1.35641,14.1052,1.06702,15.0651,1.90392,15.4922,2.10994,14.4799,1
164,9840,190,38.6339,7.61759,63.5456,152.376,64.3701,152.128,63.1673,150.639,62.5793,152.66,63.8433,153.958,1
164,9840,197,20.6069,18.7123,-3.06884,29.6827,-3.40078,29.121,-3.58345,29.9906,-2.68096,30.2968,-2.55007,29.4041,1
165,9900,7,-39.0927,6.24189,-14.863,37.2816,-15.103,36.406,-15.5465,37.7642,-14.6346,38.041,-14.0597,36.7222,1
165,9900,8,-28.881,22.9312,21.1824,48.936,20.9298,48.2754,20.4741,49.29,21.4601,49.5553,22.0185,48.5464,1
165,9900,14,-31.4393,23.8167,36.4433,97.2337,36.5944,96.4961,35.7245,97.0747,36.3334,97.9443,37.2841,97.4571,1
165,9900,45,-24.7738,-14.309,-2.11406,-57.1407,-1.43946,-57.0879,-2.08405,-57.691,-2.71853,-57.201,-2.1249,-56.5643,1
165,9900,58,29.4255,23.8208,-6.32916,-42.5313,-5.56043,-42.5109,-6.34223,-43.1825,-7.22929,-42.5268,-6.35741,-41.9057,1
165,9900,89,-20.5962,-2.76461,16.4115,3.48332,16.9217,3.65845,16.5332,2.98231,15.9341,3.31885,16.2857,4.01285,1
165,9900,96,14.0663,24.2532,6.21843,20.7722,6.78938,20.727,6.23742,20.2459,5.5879,20.8473,6.16899,21.3085,1
165,9900,117,-37.2956,-11.3437,18.4653,54.2818,19.2542,54.4131,18.4251,53.6446,17.7898,54.1611,18.5288,54.991,1
165,9900,142,33.3038,16.9278,72.2357,92.5613,72.9652,93.3927,72.3245,90.2705,71.3762,91.7295,72.1002,94.6367,1
165,9900,144,30.3244,10.9859,2.52593,114.968,3.03417,115.424,2.88424,114.402,1.94404,114.46,2.17867,115.481,1
165,9900,153,16.0948,-10.5655,-12.9657,-54.3377,-12.9596,-54.8552,-13.5274,-54.3507,-12.9832,-53.8083,-12.4416,-54.3351,1
165,9900,176,35.8494,12.7279,71.0955,4.35155,70.6952,2.42679,70.582,5.89078,71.5466,6.67157,71.565,2.94038,1
165,9900,197,25.5625,0.0294345,-1.56364,30.4962,-1.8112,29.9338,-2.13448,30.8374,-1.29778,31.1061,-1.03508,30.1834,1
166,9960,8,-21.5966,5.54279,22.5257,50.0825,22.2611,49.491,22.0142,50.4099,22.782,50.6413,23.0796,49.7305,1
166,9960,14,7.94898,23.7299,35.6726,103.053,35.7015,102.402,35.1785,102.934,35.6612,103.761,36.1808,103.209,1
166,9960,45,-38.0692,-12.7072,-3.97277,-53.7619,-3.05783,-53.6281,-4.0295,-54.44,-4.74721,-53.886,-3.88109,-53.0052,1
166,9960,58,33.6326,19.1642,-9.238,-41.1619,-8.45075,-41.0951,-9.29276,-41.8681,-10.1643,-41.2183,-9.22101,-40.5049,1
166,9960,89,-37.0874,-5.13183,14.1822,6.61787,14.8898,6.92787,14.273,5.9714,13.5668,6.34784,14.0896,7.34754,1
166,9960,96,-34.4683,-12.2283,9.20606,24.0633,10.0054,24.106,9.13385,23.4467,8.51369,24.0162,9.30629,24.7375,1
166,9960,104,33.6875,24.0331,65.7891,31.8825,66.4979,32.7649,66.0053,30.3637,64.9259,30.9515,65.5321,33.2464,1
166,9960,122,13.2716,21.9848,-77.5602,-119.74,-77.8263,-122.268,-78.0744,-118.709,-77.221,-117.144,-77.0234,-120.589,1
166,9960,184,-24.3616,12.4926,10.0843,12.4714,9.95286,11.9496,9.56555,12.6548,10.2236,12.9655,10.6613,12.2789,1
166,9960,197,28.5139,7.29083,2.62309,31.9844,2.34466,31.3782,2.05837,32.3597,2.93836,32.6567,3.15294,31.6471,2
167,10020,8,-34.1659,-2.53254,25.7153,48.9962,25.3824,48.1794,25.158,49.4608,26.0071,49.7222,26.3316,48.4633,1
167,10020,14,27.8998,-4.17073,34.9004,105.408,35.0411,104.762,34.2834,105.309,34.7373,106.101,35.4615,105.495,1
167,10020,28,-29.7089,-6.89148,24.8718,83.2697,24.5179,82.6855,24.4666,83.6639,25.1838,83.8001,25.3025,82.8309,1
167,10020,45,17.2518,24.9517,-13.4386,-53.5348,-12.8226,-53.5389,-13.3846,-54.0966,-14.1297,-53.5023,-13.5252,-52.9686,1
167,10020,58,28.7695,-4.0519,-9.69919,-40.1894,-9.10502,-40.0647,-9.65766,-40.8913,-10.3433,-40.3339,-9.73361,-39.554,1
167,10020,86,26.632,24.6737,51.3327,-123.475,51.346,-124.532,50.7736,-123.504,51.3315,-122.254,51.8768,-123.389,2
167,10020,104,-38.5877,-6.95062,66.2134,49.6743,66.7235,51.4078,66.6185,48.3021,65.7635,48.2369,65.7528,51.2032,2
167,10020,122,22.0757,-1.6766,-76.5459,-114.165,-76.7801,-116.406,-77.0727,-112.776,-76.2789,-111.856,-76.0483,-115.366,1
167,10020,137,30.3805,-5.17906,2.31557,-74.7612,2.28658,-75.378,1.61107,-74.6131,2.33647,-74.0871,2.94665,-74.8971,1
167,10020,142,34.2713,10.921,65.9091,98.9654,66.5577,99.8525,66.0962,97.2316,65.1515,98.0207,65.7032,100.502,1
167,10020,166,31.5895,2.22816,23.962,2.84787,24.0636,2.17383,23.2872,2.86934,23.8448,3.59702,24.5734,2.83455,1
167,10020,167,31.0347,22.6471,42.5678,43.4081,42.8887,42.4908,41.9742,43.1029,42.2056,44.486,43.1162,43.7518,1
167,10020,177,26.8016,16.7121,64.5584,165.374,65.0699,166.303,64.873,164.188,63.9635,164.399,64.2298,166.448,1
167,10020,184,30.7792,4.56625,10.7664,18.0484,10.6172,17.4813,10.2184,18.3124,10.9338,18.6797,11.2705,17.8131,1
168,10080,13,-25.9674,19.4069,18.3107,76.5361,18.3412,75.9487,17.6902,76.5322,18.3063,77.1032,19.014,76.5615,1
168,10080,14,-32.8528,8.42788,42.3896,106.414,42.6053,105.592,41.7605,106.294,42.2005,107.164,43.1016,106.562,1
168,10080,28,-31.8512,-0.337361,29.2647,83.5536,28.9435,82.9247,28.8333,83.9835,29.5538,84.1226,29.7387,83.0702,1
168,10080,45,-39.9946,7.22168,-11.3915,-47.7492,-10.6035,-47.4948,-11.4074,-48.5506,-12.0844,-47.9562,-11.3741,-46.8059,1
168,10080,71,-32.3827,11.0384,19.9336,-12.7026,20.4992,-12.3066,20.1925,-13.3832,19.4038,-13.0469,19.6253,-11.9337,1
168,10080,86,22.754,-9.12349,51.9941,-123.429,52.0882,-124.233,51.42,-123.561,51.8782,-122.592,52.5213,-123.316,4
168,10080,95,-29.1254,5.98872,27.5369,3.23729,28.1498,3.27913,27.4748,2.56985,26.9708,3.20964,27.5976,3.97945,1
168,10080,104,18.7745,-7.82438,62.0372,36.9927,62.4349,37.6739,62.3721,36.0129,61.6266,36.2876,61.7244,37.8937,1
168,10080,108,-16.8229,-9.89718,-80.5283,71.0717,-79.9928,72.0667,-80.361,68.2111,-81.0219,69.9876,-80.664,74.1275,1
168,10080,116,29.6191,17.4371,30.5073,32.4575,31.1223,32.4092,30.4052,31.8157,29.8061,32.5314,30.5772,33.0689,1
168,10080,137,31.6646,-0.443384,5.63184,-72.3461,5.60114,-72.9899,4.93719,-72.1747,5.66071,-71.6321,6.25788,-72.498,1
168,10080,139,28.918,3.00169,50.2842,-3.50371,50.6661,-4.27487,49.7039,-3.99704,49.8577,-2.66647,50.8115,-3.03163,1
168,10080,166,29.4648,8.61252,26.9548,6.19319,27.0458,5.4994,26.3272,6.20185,26.8565,6.96914,27.5359,6.20004,1
168,10080,175,34.0758,17.1627,47.1413,-3.1759,46.6388,-3.99229,46.7208,-2.38787,47.7348,-2.22088,47.5474,-3.88573,5
168,10080,184,-25.617,-11.1235,15.0753,14.2602,14.8637,13.6648,14.6062,14.4728,15.2566,14.8022,15.5646,14.0206,1
169,10140,7,-25.316,22.3377,0.579516,42.7437,0.319067,42.167,-0.0785329,43.0501,0.866105,43.2899,1.34444,42.4164,1
169,10140,13,-37.4342,-3.56619,20.3623,76.2908,20.4075,75.4594,19.7222,76.4341,20.3199,77.0144,21.0852,76.1164,1
169,10140,14,-28.7421,-2.09921,43.4675,109.665,43.648,108.841,42.9158,109.552,43.2982,110.41,44.0695,109.783,1
169,10140,28,-33.1208,16.0475,34.6543,84.1568,34.3925,83.485,34.1113,84.6164,34.915,84.7693,35.2888,83.634,1
169,10140,39,35.3279,-0.665328,15.2209,102,14.8203,101.506,14.8022,102.591,15.6668,102.561,15.5929,101.476,1
169,10140,45,-24.2304,-15.0579,-13.8066,-48.6441,-13.1314,-48.6187,-13.7913,-49.2088,-14.4121,-48.681,-13.8,-48.0553,1
169,10140,68,25.2954,24.1979,52.5762,-123.557,52.9343,-124.461,52.1121,-124.072,52.1777,-122.512,53.0086,-122.993,2
169,10140,86,30.8484,-20.5068,52.7574,-119.458,52.92,-120.346,52.0034,-119.81,52.5475,-118.544,53.4115,-119.174,1
169,10140,104,-31.2909,-4.5631,58.371,46.7033,58.8236,47.7014,58.7378,45.8112,57.961,45.8286,57.9688,47.6716,2
169,10140,115,16.8662,22.4969,48.6213,-2.49196,49.0817,-2.91876,48.3954,-3.15051,48.1198,-1.99996,48.8215,-1.80627,2
169,10140,127,38.7727,-2.87962,67.3259,54.7935,67.9898,55.7312,67.4754,52.4766,66.5639,53.7543,67.1686,56.7653,1
169,10140,148,-6.67484,22.9233,-22.622,-65.1839,-22.9948,-65.6252,-23.0911,-64.8242,-22.2126,-64.7473,-22.0995,-65.5472,1
169,10140,175,37.8033,-2.91145,48.6213,-2.49196,48.255,-3.39143,48.0526,-1.57798,49.0206,-1.44445,49.1103,-3.30152,2
169,10140,184,33.1751,0.645084,17.083,21.1801,16.9627,20.5754,16.4848,21.4555,17.2129,21.8566,17.6214,20.9348,1
170,10200,7,-29.703,-14.577,0.346244,41.8804,-0.0785936,41.1812,-0.165525,42.2515,0.707198,42.5015,0.877309,41.4629,1
170,10200,13,-34.2023,4.75176,23.4949,79.77,23.5697,79.038,22.8624,79.8506,23.4337,80.4291,24.2109,79.6804,1
170,10200,28,21.8825,-2.01991,35.6812,90.2623,35.4382,89.7319,35.2352,90.6281,35.9337,90.8312,36.0963,89.9163,1
170,10200,68,30.1787,-6.12629,52.1358,-122.443,52.5443,-123.084,51.6095,-123.1,51.6804,-121.773,52.6072,-121.846,4
170,10200,89,-25.5691,-5.97733,0.10853,11.483,0.669781,11.6746,0.227493,10.9768,-0.403069,11.304,-0.0100862,12.0254,1
170,10200,115,21.4022,-7.73953,47.8516,-1.27387,48.2985,-1.54549,47.6211,-2.00744,47.3793,-1.00703,48.0658,-0.593885,4
170,10200,116,7.54299,22.6821,26.3496,39.8967,26.8462,39.8686,26.3825,39.3665,25.8141,39.9508,26.2902,40.4437,1
170,10200,127,32.1996,4.97939,63.4665,61.143,64.0609,61.8884,63.6658,59.6008,62.7925,60.3465,63.2618,62.5158,1
170,10200,142,-23.7673,23.213,54.7492,115.024,55.1722,115.778,55.2491,114.183,54.3038,114.343,54.1535,115.926,1
170,10200,164,-22.6082,-4.54913,-16.3155,-45.5656,-16.2943,-46.186,-16.8516,-45.5408,-16.3364,-44.9914,-15.7474,-45.599,1
170,10200,184,13.2113,23.2117,23.1034,21.9613,22.8998,21.4264,22.6305,22.1118,23.3463,22.5424,23.5932,21.834,1
170,10200,196,-25.988,22.2587,-14.0122,19.4819,-14.2302,18.8591,-14.7009,19.7571,-13.7643,20.072,-13.2112,19.1934,1
171,10260,7,-19.5273,-3.59948,4.86325,44.102,4.56648,43.5608,4.38359,44.4041,5.13869,44.6104,5.36434,43.7788,1
171,10260,8,27.5075,-23.7172,35.6237,59.7264,35.3934,59.0006,34.7665,60.0406,35.8161,60.496,36.353,59.4214,1
171,10260,9,31.1812,-19.9844,65.9698,93.9658,66.0992,92.3943,65.0659,93.5838,65.7778,95.5913,66.7479,94.2647,1
171,10260,13,-30.9129,-20.8384,24.0786,80.6894,23.9859,79.814,23.5115,80.7697,24.1354,81.4455,24.6725,80.5665,1
171,10260,28,19.3233,-1.0966,39.5142,90.8601,39.276,90.3146,39.0806,91.2214,39.7608,91.4412,39.9223,90.5152,1
171,10260,44,27.002,-2.9202,4.52611,-70.0452,5.08536,-69.9374,4.56477,-70.6829,3.92257,-70.1675,4.49123,-69.4623,1
171,10260,55,-17.3976,12.1832,52.4014,-120.877,52.8746,-121.348,52.0925,-121.655,51.9456,-120.406,52.7193,-120.013,3
171,10260,96,-19.1838,-9.06968,-6.12395,34.8081,-5.55267,34.8152,-6.12865,34.2979,-6.65349,34.794,-6.1074,35.3373,1
171,10260,116,-27.9716,-10.6015,27.692,42.8592,28.3176,42.902,27.6741,42.2752,27.1314,42.8119,27.723,43.4823,1
171,10260,127,32.042,19.2391,58.352,64.4466,59.0469,65.0994,58.5563,63.1967,57.5284,63.7547,58.1178,65.5803,1
171,10260,148,-23.8547,8.36729,-16.3924,-66.9239,-16.7381,-67.4407,-16.8491,-66.5121,-16.0544,-66.4439,-15.8864,-67.3664,1
171,10260,152,-35.4866,20.4104,-16.3924,-66.9239,-16.2113,-67.6138,-17.1798,-66.9928,-16.5212,-66.2778,-15.4589,-66.819,1
171,10260,164,-30.099,1.42924,-12.6646,-43.2444,-12.603,-43.9144,-13.2678,-43.1932,-12.7148,-42.6336,-11.9983,-43.3019,2
171,10260,177,32.5081,-22.2982,53.685,164.961,54.1068,165.734,54.3337,163.867,53.2631,164.111,53.1426,165.889,1
171,10260,186,35.2643,21.6756,58.9863,123.26,59.6578,122.61,58.6123,122.257,58.1941,124.039,59.2948,124.248,3
171,10260,197,-24.584,8.17302,22.0999,31.4397,21.8662,30.8055,21.5418,31.7563,22.3296,32.0345,22.7157,31.0965,1
171,10260,198,-30.1739,19.9646,57.0684,49.6673,56.9723,48.4245,56.3134,49.9932,57.1833,50.8398,57.9487,49.3157,1
172,10320,7,-32.5083,6.22105,9.9003,43.5705,9.62521,42.8789,9.31291,43.9712,10.1604,44.1943,10.5658,43.1197,1
172,10320,13,-34.5261,-21.2614,27.0082,82.8694,26.9254,81.8703,26.4117,82.975,27.0529,83.7156,27.6425,82.7108,1
172,10320,14,-35.7663,-19.481,48.6746,120.35,48.9462,119.046,48.0717,120.166,48.4173,121.43,49.337,120.498,1
172,10320,28,30.1739,3.33991,43.3074,93.4361,43.0634,92.7364,42.8161,93.91,43.5738,94.2169,43.7585,93.0027,1
172,10320,30,19.9142,23.0413,64.6864,96.6435,64.216,95.844,64.3509,97.5682,65.2231,97.5306,65.0374,95.7422,1
172,10320,44,10.5908,15.6453,1.23126,-65.6322,1.75635,-65.5904,1.28821,-66.1396,0.669064,-65.6613,1.1567,-65.1237,1
172,10320,49,-13.4289,14.865,-1.11836,114.128,-1.16789,113.614,-1.65177,114.173,-1.05218,114.639,-0.543745,114.095,1
172,10320,55,-1.75944,-21.9589,50.8697,-120.824,51.3173,-121.423,50.5994,-121.623,50.4318,-120.299,51.1421,-120.075,3
172,10320,95,31.9006,-6.63384,13.8417,8.8389,14.4297,8.90472,13.7962,8.11242,13.1989,8.75475,13.8847,9.48474,1
172,10320,104,-35.4461,-7.78614,47.4257,46.87,47.9443,47.7529,47.7973,46.1072,46.9721,46.1093,47.0192,47.7199,1
172,10320,105,31.2887,17.7516,8.51794,41.0685,9.04525,41.5205,8.85348,40.5341,7.89688,40.5632,8.17977,41.5526,1
172,10320,116,31.4818,15.8802,19.5029,42.9006,20.1308,42.9339,19.4435,42.2854,18.7825,42.879,19.5339,43.4767,1
172,10320,127,39.7738,6.36071,55.8008,63.4533,56.4788,64.2838,56.0189,61.944,54.9953,62.517,55.5798,64.7465,2
172,10320,128,-20.1399,-21.7518,24.4844,79.9376,25.097,80.37,24.8523,79.4459,23.9493,79.536,24.1368,80.4509,1
172,10320,130,-38.2169,13.022,38.5226,70.7915,39.2894,71.0466,38.4927,69.7439,37.8324,70.6015,38.5328,72.0318,1
172,10320,142,-29.9969,6.89011,49.0637,116.255,49.5017,117.041,49.4774,115.471,48.6473,115.557,48.5909,117.112,1
172,10320,148,25.3122,13.7251,-12.4501,-61.8728,-12.8786,-62.3621,-12.8651,-61.413,-11.9604,-61.3389,-12.0398,-62.295,1
172,10320,152,-32.3857,-7.87453,-16.2662,-66.3573,-16.2031,-67.1168,-16.8653,-66.3031,-16.3254,-65.6856,-15.6111,-66.4311,1
172,10320,156,-37.7364,-6.43796,43.2172,84.5705,44.0356,84.3303,42.9091,83.7517,42.5096,84.7685,43.572,85.496,1
172,10320,168,22.1513,18.336,33.1458,111.634,33.733,111.456,32.9963,110.994,32.4949,111.853,33.2648,112.268,1
172,10320,184,9.55466,-21.6174,26.5148,23.117,26.3452,22.5963,25.9715,23.2161,26.6569,23.6332,27.0126,23.0037,1
172,10320,185,-35.9086,-2.94322,59.2782,50.2804,59.3779,48.8831,58.6665,50.3917,59.1784,51.5027,59.9648,50.1343,1
172,10320,196,31.3751,23.3395,-8.5372,27.3342,-8.97956,26.6182,-9.09677,27.7602,-7.98861,28.1619,-7.97943,26.9678,1
173,10380,28,-25.5807,-21.0931,45.9291,86.9692,45.4865,86.2079,45.5065,87.4102,46.2994,87.665,46.3449,86.4746,1
173,10380,39,28.8574,2.27562,30.6372,99.6353,30.2549,99.1599,30.2668,100.183,31.0558,100.162,30.9788,99.1329,1
173,10380,42,-26.9965,8.93549,50.5213,-123.062,51.1021,-123.311,50.2866,-123.933,49.9806,-122.815,50.7663,-122.082,2
173,10380,44,-33.7337,5.7105,1.54754,-60.6695,2.22027,-60.4817,1.57878,-61.3357,0.937358,-60.8283,1.50837,-59.9149,2
173,10380,49,-33.7549,-9.50501,1.32812,113.009,1.26224,112.227,0.725049,113.172,1.37818,113.694,1.9865,112.812,1
173,10380,57,37.7544,8.8205,-1.04959,-50.1535,-0.281358,-50.0029,-1.12453,-50.9494,-1.9475,-50.3225,-1.00167,-49.4458,1
173,10380,89,-20.0913,-14.8845,-9.5108,15.2547,-8.93888,15.3927,-9.38235,14.7679,-10.0292,15.116,-9.62474,15.759,1
173,10380,95,-34.995,-7.99328,15.8457,15.9912,16.6184,16.0559,15.7649,15.348,15.1712,15.9294,15.9488,16.7033,1
173,10380,116,-17.4152,-9.78636,21.1485,47.0859,21.6711,47.1233,21.1772,46.584,20.6621,47.043,21.128,47.603,1
173,10380,127,-36.9323,12.6353,53.0109,79.0939,53.4743,80.1411,53.5029,78.0284,52.5674,78.1991,52.4117,80.2998,2
173,10380,148,26.3493,11.9629,-8.90028,-61.759,-9.32148,-62.2503,-9.32081,-61.2945,-8.42086,-61.2207,-8.4897,-62.1843,1
173,10380,152,-14.3734,19.0308,-13.2614,-60.5213,-13.2468,-61.052,-13.8091,-60.5628,-13.2528,-59.9881,-12.6656,-60.4567,1
173,10380,155,-38.2513,-14.5811,50.1554,36.2472,50.7519,35.1133,49.5625,35.7689,49.6343,37.1689,50.8293,36.752,1
173,10380,164,-38.6843,-3.51006,-6.84102,-39.656,-6.7545,-40.509,-7.53469,-39.5201,-6.91378,-38.9192,-6.05062,-39.8223,1
173,10380,196,-11.5167,19.9155,-4.37709,23.6812,-4.63502,23.1751,-4.92802,23.9155,-4.09224,24.1833,-3.77017,23.4477,1
174,10440,7,-32.7449,5.24589,17.008,44.969,16.7274,44.2507,16.4245,45.3852,17.2702,45.6164,17.6672,44.4988,1
174,10440,13,-39.9919,4.35086,34.726,90.4504,34.9195,89.5075,33.9979,90.5186,34.5627,91.2709,35.5761,90.3693,1
174,10440,39,-24.0384,22.4894,36.0895,93.37,35.7044,92.902,35.6531,93.9045,36.4862,93.806,36.5989,92.7754,1
174,10440,42,-37.6451,-9.73696,51.0178,-119.846,51.8659,-120.221,50.6841,-120.778,50.2883,-119.546,51.4024,-118.8,1
174,10440,44,-34.3827,3.6295,-1.18942,-58.6663,-0.496301,-58.4806,-1.17183,-59.3331,-1.81281,-58.8247,-1.20979,-57.9118,1
174,10440,49,-37.5618,-12.7722,4.28211,114.373,4.19501,113.464,3.64391,114.581,4.34471,115.147,4.98575,114.114,1
174,10440,57,37.4915,1.17961,-3.24591,-48.6049,-2.53268,-48.4234,-3.27635,-49.4344,-4.06228,-48.8173,-3.22561,-47.8776,1
174,10440,116,-15.0502,-12.4569,18.2475,49.0977,18.7671,49.129,18.2899,48.6089,17.7638,49.058,18.2161,49.5949,1
174,10440,127,16.6722,-22.953,52.3102,69.6325,52.8033,70.124,52.7655,68.7543,51.8364,69.114,51.9137,70.4295,1
174,10440,143,14.0232,18.8481,4.28211,114.373,4.74912,114.726,4.63362,113.947,3.76091,114.005,3.91079,114.785,1
174,10440,148,-23.2569,20.276,-3.92855,-66.5663,-4.27844,-67.0511,-4.46171,-66.1689,-3.56276,-66.1111,-3.31346,-66.9957,1
174,10440,152,-35.5056,-0.956536,-10.2753,-61.0118,-10.1788,-61.7657,-10.9255,-60.9332,-10.3563,-60.3447,-9.543,-61.1059,1
174,10440,155,29.3493,6.40846,43.6673,45.3159,44.1209,44.7586,43.184,44.7755,43.1629,45.9309,44.1043,45.8329,1
174,10440,164,-19.3104,-15.069,-6.43746,-36.3066,-6.49453,-36.9288,-6.9634,-36.2759,-6.39827,-35.7376,-5.90063,-36.357,1
174,10440,167,-32.7339,-20.2853,50.3525,72.7355,51.0091,71.8142,49.9217,72.0546,49.7741,73.4787,50.8345,73.4349,2
174,10440,196,-31.4404,19.5285,0.150285,22.5062,-0.0587926,21.8386,-0.570005,22.8364,0.380507,23.1217,0.999193,22.1426,1
174,10440,199,-21.6216,20.8006,67.0973,164.668,67.7038,164.791,67.1467,162.933,66.4984,164.63,66.9956,166.601,1
175,10500,6,-30.5177,17.2411,-12.8119,36.7733,-13.0399,36.112,-13.48,37.1254,-12.5684,37.3816,-12.0329,36.3882,1
175,10500,7,-15.9795,13.6847,20.8289,47.9767,20.5706,47.4361,20.3078,48.2672,21.0971,48.502,21.3984,47.674,1
175,10500,13,-39.0764,3.30913,37.0356,93.7085,37.2351,92.7628,36.3289,93.7493,36.8641,94.5338,37.8542,93.659,1
175,10500,27,-21.7319,10.4092,20.7875,81.4199,20.5206,80.9519,20.3622,81.7419,21.0523,81.8634,21.2557,81.0748,1
175,10500,39,-18.4309,-8.63665,37.0356,93.7085,36.6154,93.2767,36.7317,94.1846,37.4208,94.1213,37.3404,93.2035,1
175,10500,44,-22.7566,-2.88519,-4.47312,-58.0647,-3.88718,-57.9763,-4.43889,-58.6059,-5.01694,-58.1483,-4.50405,-57.4883,1
175,10500,57,34.0237,2.49535,-5.97961,-46.043,-5.30989,-45.8955,-5.99091,-46.7941,-6.73478,-46.2108,-5.97596,-45.3705,1
175,10500,103,15.5839,22.8687,68.6813,33.197,69.1848,33.9768,68.9688,31.9758,68.1086,32.4294,68.3587,34.3567,1
175,10500,139,-22.7147,3.32616,52.2076,38.0272,52.7751,37.7343,51.982,37.1739,51.675,38.3043,52.4421,38.9581,1
175,10500,152,-38.6383,10.8177,-6.3446,-57.9467,-6.17511,-58.6973,-7.11042,-57.8908,-6.47321,-57.2762,-5.44303,-58.0025,1
175,10500,155,-26.5436,4.83212,48.7098,50.6597,49.1976,50.1394,48.3203,50.0232,48.2583,51.144,49.1302,51.3722,1
175,10500,175,35.3199,2.66295,71.6332,1.90911,71.3106,0.0216556,71.0712,3.43555,71.9751,4.12886,72.1279,0.491286,1
175,10500,196,27.2575,23.3779,2.15281,29.4411,1.74365,28.7912,1.60665,29.8032,2.65078,30.1798,2.70383,29.1244,1
176,10560,13,30.5151,-11.5297,33.1331,100.782,33.2806,100.133,32.4378,100.657,32.953,101.472,33.7496,100.883,1
176,10560,44,-30.3047,3.30287,-7.36203,-54.9057,-6.7223,-54.7649,-7.33941,-55.5255,-7.94749,-55.0278,-7.38716,-54.2178,1
176,10560,57,38.071,6.35213,-9.66681,-44.1399,-8.91159,-43.9707,-9.73055,-44.966,-10.5454,-44.3343,-9.62391,-43.4107,1
176,10560,89,-28.9088,5.21383,-20.5689,22.0339,-20.0154,22.252,-20.4575,21.4393,-21.0821,21.8394,-20.6931,22.6921,1
176,10560,103,36.6857,12.709,65.2059,28.797,65.8254,29.7736,65.421,27.163,64.4679,27.7369,64.9758,30.2262,1
176,10560,139,-28.8647,5.46537,51.0586,44.0429,51.7017,43.8617,50.8483,43.1005,50.467,44.2202,51.2792,45.0997,1
176,10560,141,37.886,2.15126,68.7631,92.3772,69.419,93.4255,68.9276,90.0893,68.0018,91.2373,68.5857,94.3449,1
176,10560,176,-32.4457,24.7019,65.5178,176.962,65.8234,178.381,66.1869,175.879,65.1769,175.701,64.6972,178.12,1
176,10560,183,35.9692,17.432,10.1445,16.2171,9.90826,15.5256,9.58481,16.5602,10.4377,17.0262,10.6701,15.928,1
176,10560,196,26.4744,8.99934,4.1013,29.6953,3.81871,29.1059,3.55533,30.0496,4.42177,30.3451,4.62064,29.3748,1
177,10620,6,-33.9409,1.58786,-7.24317,37.4266,-7.53234,36.6955,-7.82288,37.8372,-6.97781,38.0764,-6.59113,36.9631,1
177,10620,13,-34.0926,-7.78508,40.4852,100.196,40.6314,99.2424,39.8842,100.188,40.3452,101.028,41.149,100.185,1
177,10620,27,-25.4031,-4.09453,27.0874,81.6839,26.7711,81.146,26.6901,82.0476,27.374,82.1819,27.5078,81.2859,1
177,10620,44,-18.769,-12.1178,-9.93285,-54.6673,-9.33443,-54.627,-9.894,-55.1961,-10.4834,-54.7154,-9.95687,-54.1221,1
177,10620,85,33.2752,8.52021,50.9877,-124.786,51.1097,-125.768,50.3503,-124.777,50.846,-123.674,51.568,-124.772,1
177,10620,95,-18.0514,13.9045,2.00392,25.5526,2.5214,25.5992,2.03962,25.0133,1.49639,25.5233,1.95171,26.138,1
177,10620,103,28.7279,12.6874,61.8781,32.5463,62.3912,33.3108,62.1442,31.3975,61.2888,31.7374,61.6041,33.5861,1
177,10620,107,-21.2814,24.9146,-81.4997,75.5334,-80.9648,76.4604,-81.2705,71.5724,-82.0408,74.7251,-81.7348,80.225,1
177,10620,166,0.72988,23.1852,45.8016,41.6987,46.0362,41.0152,45.3663,41.2719,45.57,42.4354,46.2463,42.1879,1
177,10620,183,-38.4689,9.34238,15.9378,10.6793,15.8439,9.93971,15.2928,10.9788,16.0359,11.3335,16.6938,10.3341,1
177,10620,196,24.4712,18.1344,8.66292,30.7224,8.32691,30.1188,8.13258,31.0579,9.05823,31.3935,9.18922,30.4217,1
178,10680,6,-28.696,19.9571,-1.83164,39.4023,-2.07734,38.7873,-2.50139,39.7364,-1.56596,39.9748,-1.04951,39.0386,1
178,10680,27,-23.8271,24.716,33.4768,82.8728,33.2016,82.3258,32.9324,83.2272,33.7748,83.3957,34.1103,82.4886,1
178,10680,44,-27.2449,0.0433938,-13.1484,-51.0368,-12.5283,-50.9355,-13.1369,-51.6292,-13.7184,-51.1279,-13.1569,-50.3917,1
178,10680,85,24.2765,-10.2456,52.9712,-123.314,53.0899,-124.14,52.3803,-123.494,52.8271,-122.454,53.5099,-123.159,2
178,10680,95,-33.9055,11.3105,0.466004,29.0891,1.11688,29.2301,0.466349,28.4095,-0.131277,28.9788,0.45491,29.8689,1
178,10680,103,-25.5228,13.4157,58.594,43.1975,58.9594,44.0427,59.0092,42.3701,58.228,42.4327,58.1162,44.0785,2
178,10680,107,23.7523,-8.75083,-83.3035,46.9428,-82.914,49.9584,-82.8866,43.1783,-83.6829,43.2972,-83.6506,50.8363,1
178,10680,115,32.2056,18.6739,28.7204,31.6286,29.378,31.5881,28.6058,30.9694,27.9593,31.6962,28.7975,32.2517,1
178,10680,126,-27.4603,15.7978,69.8104,70.7894,70.2728,72.0529,70.2084,69.1776,69.3482,69.6949,69.3298,72.5093,1
178,10680,141,33.6801,23.1372,59.4814,100.537,60.2375,101.289,59.7055,99.2123,58.5628,99.7316,59.2174,101.729,1
178,10680,183,19.6339,15.4418,17.3026,17.3934,17.1212,16.8733,16.8351,17.5841,17.5133,17.9596,17.7653,17.2234,1
179,10740,6,-32.9878,20.9629,2.1657,39.6318,1.93169,38.9537,1.42506,40.0078,2.42206,40.2518,3.05076,39.2106,1
179,10740,12,-26.7134,21.8457,22.7598,78.0337,22.8043,77.4215,22.113,78,22.7457,78.6277,23.4995,78.0975,1
179,10740,27,9.33946,-23.2686,32.4074,85.7883,32.0981,85.3191,31.9016,86.0732,32.6855,86.2621,32.8619,85.5019,1
179,10740,95,-27.496,-8.198,-1.37622,29.5015,-0.72576,29.5357,-1.40576,28.9503,-1.96281,29.4643,-1.33193,30.0914,1
179,10740,103,-14.8802,-19.5879,57.8756,41.0103,58.3609,41.6926,58.2313,40.2954,57.4398,40.376,57.5343,41.7371,1
179,10740,115,-26.8549,23.6109,29.3345,39.026,29.8705,39.1212,29.4213,38.3072,28.8089,38.9715,29.206,39.848,1
179,10740,126,8.38324,23.049,64.813,64.083,65.3448,64.6526,65.0964,62.9566,64.2225,63.5433,64.4867,65.1895,2
179,10740,163,-37.2271,10.8535,-15.318,-49.4207,-15.1464,-50.1722,-16.0685,-49.3898,-15.4491,-48.743,-14.4415,-49.4463,1
179,10740,183,27.3979,17.17,20.5508,19.8523,20.3552,19.2454,20.0453,20.0902,20.7854,20.5351,21.0408,19.6468,1
180,10800,6,-32.9227,16.7474,5.22664,40.2295,4.98737,39.5497,4.54111,40.6154,5.47642,40.8483,6.03303,39.7965,1
180,10800,95,8.06885,-24.5867,-5.27876,28.4798,-4.74019,28.4451,-5.17224,27.8916,-5.79607,28.4861,-5.35274,29.0227,1
180,10800,115,34.4203,-21.2764,26.0044,33.7865,26.572,33.882,26.0729,32.8484,25.4011,33.6445,25.9607,34.5813,1
180,10800,126,-9.30346,21.6728,61.6865,69.2208,62.1481,69.8582,62.045,68.2562,61.1948,68.6317,61.2719,70.2101,1
180,10800,147,-34.696,12.2984,-17.9588,-70.7786,-18.3054,-71.4591,-18.5282,-70.2526,-17.6218,-70.1743,-17.2896,-71.3735,1
180,10800,151,-34.522,19.1886,-17.9588,-70.7786,-17.7841,-71.4603,-18.7152,-70.8473,-18.0855,-70.1393,-17.0702,-70.6764,1
180,10800,163,-36.7058,16.3901,-12.2719,-46.3905,-12.1074,-47.1102,-13.0576,-46.3852,-12.3897,-45.731,-11.3435,-46.3787,1
180,10800,183,20.7161,-17.4566,21.4159,19.2931,21.2818,18.7789,20.8264,19.4329,21.5309,19.8251,21.9452,19.1502,1
180,10800,195,30.5891,-2.82228,-17.3234,22.3068,-17.5638,21.6669,-17.9601,22.7188,-17.0641,23.0113,-16.75,21.9387,1
