step,time_s,target,satellite,lat_deg,lon_deg,priority,cumulative_return
1,60,5418,1,-49.1706,-69.1506,3.84615e-05,0.00580769
1,60,5475,1,-49.1207,-69.0506,3.84615e-05,0.00580769
1,60,5598,1,-48.6257,-68.7137,3.84615e-05,0.00580769
1,60,2316,2,-77.544,-0.14917,3.84615e-05,0.00580769
1,60,7280,4,-18.6533,78.24,3.84615e-05,0.00580769
1,60,2057,8,50.1137,-106.061,3.84615e-05,0.00580769
1,60,3858,8,49.9906,-106.621,3.84615e-05,0.00580769
1,60,2373,9,17.6354,-93.596,3.84615e-05,0.00580769
1,60,7943,13,43.5498,-141.351,3.84615e-05,0.00580769
1,60,2735,14,23.5183,-101.854,3.84615e-05,0.00580769
1,60,4245,14,23.5673,-101.251,3.84615e-05,0.00580769
1,60,4928,14,23.4683,-100.93,3.84615e-05,0.00580769
1,60,2235,15,-0.729279,-77.9897,3.84615e-05,0.00580769
1,60,2630,16,-29.0128,-50.4831,3.84615e-05,0.00580769
1,60,4857,16,-28.6934,-50.4577,3.84615e-05,0.00580769
1,60,7341,18,-44.0876,37.0766,3.84615e-05,0.00580769
1,60,7131,19,-24.9891,76.1377,3.84615e-05,0.00580769
1,60,2779,20,-6.6772,-59.5621,3.84615e-05,0.00580769
1,60,3895,20,-6.85862,-59.4989,3.84615e-05,0.00580769
1,60,2875,23,-67.5269,109.136,3.84615e-05,0.00580769
1,60,3610,24,-30.3077,116.094,3.84615e-05,0.00580769
1,60,2682,28,63.8305,-85.0675,3.84615e-05,0.00580769
1,60,5842,28,63.7786,-85.3107,3.84615e-05,0.00580769
1,60,7642,32,-27.1483,-43.0754,3.84615e-05,0.00580769
1,60,7255,33,-63.2994,-38.1913,3.84615e-05,0.00580769
1,60,7266,35,-47.484,150.22,3.84615e-05,0.00580769
1,60,7702,35,-47.8364,149.783,3.84615e-05,0.00580769
1,60,2855,38,59.6909,138.296,3.84615e-05,0.00580769
1,60,6514,38,59.3808,138.233,3.84615e-05,0.00580769
1,60,4182,39,81.3147,-45.8151,3.84615e-05,0.00580769
1,60,3277,40,45.2441,-82.9115,3.84615e-05,0.00580769
1,60,6361,40,44.9269,-82.984,3.84615e-05,0.00580769
1,60,7092,42,3.55167,-20.7104,3.84615e-05,0.00580769
1,60,6801,45,-45.8449,92.4865,3.84615e-05,0.00580769
1,60,3591,46,-30.1295,136.549,3.84615e-05,0.00580769
1,60,4154,46,-30.1647,137.158,3.84615e-05,0.00580769
1,60,6976,47,-0.533401,156.276,3.84615e-05,0.00580769
1,60,6842,49,45.8599,-135.727,3.84615e-05,0.00580769
1,60,7003,51,23.612,-156.941,3.84615e-05,0.00580769
1,60,4115,52,43.9601,-119.716,3.84615e-05,0.00580769
1,60,6794,52,44.1307,-119.527,3.84615e-05,0.00580769
1,60,2245,53,51.606,-67.1032,3.84615e-05,0.00580769
1,60,2508,53,51.3799,-67.216,3.84615e-05,0.00580769
1,60,7161,54,31.8181,-25.1656,3.84615e-05,0.00580769
1,60,7973,57,-46.284,56.8237,3.84615e-05,0.00580769
1,60,2533,59,-25.625,149.553,3.84615e-05,0.00580769
1,60,7276,61,-50.9069,115.406,3.84615e-05,0.00580769
1,60,6879,62,-38.2134,158.025,3.84615e-05,0.00580769
1,60,7225,63,-7.00088,-173.287,3.84615e-05,0.00580769
1,60,2758,64,19.0315,-155.154,3.84615e-05,0.00580769
1,60,2389,65,42.8316,-119.156,3.84615e-05,0.00580769
1,60,2545,66,52.7176,-66.9923,3.84615e-05,0.00580769
1,60,5074,66,53.0569,-67.8097,3.84615e-05,0.00580769
1,60,6044,66,52.8237,-67.2694,3.84615e-05,0.00580769
1,60,3579,68,11.9556,10.8747,3.84615e-05,0.00580769
1,60,4725,68,11.7877,10.799,3.84615e-05,0.00580769
1,60,2559,69,-15.9977,30.1581,3.84615e-05,0.00580769
1,60,5008,69,-15.9,30.3105,3.84615e-05,0.00580769
1,60,6873,73,-36.7365,-162.45,3.84615e-05,0.00580769
1,60,7862,75,32.0636,-137.475,3.84615e-05,0.00580769
1,60,2489,76,60.0365,-95.931,3.84615e-05,0.00580769
1,60,7699,78,35.3747,20.5184,3.84615e-05,0.00580769
1,60,2399,79,4.89067,34.9489,3.84615e-05,0.00580769
1,60,2578,79,4.35068,34.9038,3.84615e-05,0.00580769
1,60,5782,79,4.92005,35.4129,3.84615e-05,0.00580769
1,60,7508,80,-52.0962,-179.069,3.84615e-05,0.00580769
1,60,2880,83,41.1113,-107.677,3.84615e-05,0.00580769
1,60,5120,85,49.5672,5.4969,3.84615e-05,0.00580769
1,60,5692,85,49.4092,5.30305,3.84615e-05,0.00580769
1,60,2571,86,22.6902,33.8236,3.84615e-05,0.00580769
1,60,7674,87,-10.2252,52.5861,3.84615e-05,0.00580769
1,60,7448,90,32.6824,-70.0627,3.84615e-05,0.00580769
1,60,3169,92,41.0202,23.649,3.84615e-05,0.00580769
1,60,5993,92,40.6613,23.6021,3.84615e-05,0.00580769
1,60,7119,97,-38.186,-151.712,3.84615e-05,0.00580769
1,60,7863,98,-16.7429,-121.922,3.84615e-05,0.00580769
1,60,6902,99,12.6384,-103.579,3.84615e-05,0.00580769
1,60,2393,100,64.3312,-96.0169,3.84615e-05,0.00580769
1,60,6195,100,64.4118,-96.228,3.84615e-05,0.00580769
1,60,4626,102,47.0967,88.6026,3.84615e-05,0.00580769
1,60,4763,102,47.2742,88.1784,3.84615e-05,0.00580769
1,60,2409,106,-80.8541,-85.936,3.84615e-05,0.00580769
1,60,4479,106,-81.0477,-87.3807,3.84615e-05,0.00580769
1,60,4076,110,0.248299,-71.5389,3.84615e-05,0.00580769
1,60,6653,110,-0.356552,-71.4887,3.84615e-05,0.00580769
1,60,2676,112,52.0342,-9.5145,3.84615e-05,0.00580769
1,60,2434,114,25.5307,81.9706,3.84615e-05,0.00580769
1,60,2095,115,-4.84265,104.389,3.84615e-05,0.00580769
1,60,2398,116,-27.459,133.624,3.84615e-05,0.00580769
1,60,7062,118,-49.9395,-127.549,3.84615e-05,0.00580769
1,60,5418,120,-49.1706,-69.1506,3.84615e-05,0.00580769
1,60,5475,120,-49.1207,-69.0506,3.84615e-05,0.00580769
1,60,2001,121,-16.3642,-60.2069,3.84615e-05,0.00580769
1,60,6813,122,23.4966,-56.8988,3.84615e-05,0.00580769
1,60,7420,124,79.6339,45.7771,3.84615e-05,0.00580769
1,60,3617,125,51.553,121.972,3.84615e-05,0.00580769
1,60,5935,125,51.1848,121.922,3.84615e-05,0.00580769
1,60,4105,127,-19.3683,126.62,3.84615e-05,0.00580769
1,60,5670,127,-19.5964,126.379,3.84615e-05,0.00580769
1,60,2184,129,-80.4759,-141.388,3.84615e-05,0.00580769
1,60,6856,132,-47.9356,-110.652,3.84615e-05,0.00580769
1,60,2024,134,-4.56371,-46.2117,3.84615e-05,0.00580769
1,60,2223,135,22.0406,-15.2091,3.84615e-05,0.00580769
1,60,2961,136,46.1624,18.7705,3.84615e-05,0.00580769
1,60,5085,136,45.8451,18.6708,3.84615e-05,0.00580769
1,60,3004,137,47.616,71.5638,3.84615e-05,0.00580769
1,60,5435,137,47.8661,71.1103,3.84615e-05,0.00580769
1,60,6399,137,47.7626,71.3585,3.84615e-05,0.00580769
1,60,3087,138,33.2217,118.804,3.84615e-05,0.00580769
1,60,3246,138,33.721,118.779,3.84615e-05,0.00580769
1,60,5949,138,32.7593,118.715,3.84615e-05,0.00580769
1,60,5035,144,-78.6095,-24.3694,3.84615e-05,0.00580769
1,60,5769,144,-78.6025,-21.8123,3.84615e-05,0.00580769
1,60,7601,145,-41.8654,-29.7176,3.84615e-05,0.00580769
1,60,7209,147,30.8309,-21.383,3.84615e-05,0.00580769
1,60,2686,148,63.1731,-18.7838,3.84615e-05,0.00580769
1,60,4257,148,63.459,-18.0444,3.84615e-05,0.00580769
1,60,7126,150,-18.7967,-15.8411,3.84615e-05,0.00580769
1,60,5128,151,10.7916,3.90376,3.84615e-05,0.00580769
1,60,2697,152,32.7233,38.1964,3.84615e-05,0.00580769
1,60,2519,153,43.8104,79.7611,3.84615e-05,0.00580769
1,60,2133,154,35.647,126.609,3.84615e-05,0.00580769
1,60,7225,156,-7.00088,-173.287,3.84615e-05,0.00580769
1,60,6974,158,-49.2984,-103.44,3.84615e-05,0.00580769
1,60,5418,160,-49.1706,-69.1506,3.84615e-05,0.00580769
1,60,5475,160,-49.1207,-69.0506,3.84615e-05,0.00580769
1,60,7051,162,-6.47551,5.4225,3.84615e-05,0.00580769
1,60,2511,163,17.9537,28.416,3.84615e-05,0.00580769
1,60,5260,163,17.468,28.4279,3.84615e-05,0.00580769
1,60,2577,164,42.5876,61.0549,3.84615e-05,0.00580769
1,60,2930,164,42.813,61.2369,3.84615e-05,0.00580769
1,60,2529,165,49.8059,116.32,3.84615e-05,0.00580769
1,60,7700,166,33.1936,152.65,3.84615e-05,0.00580769
1,60,7867,168,-18.978,-152.129,3.84615e-05,0.00580769
1,60,7059,169,-39.6779,-119.874,3.84615e-05,0.00580769
1,60,7178,170,-45.3124,27.4858,3.84615e-05,0.00580769
1,60,3814,171,-7.75598,30.098,3.84615e-05,0.00580769
1,60,4386,171,-7.64447,29.9132,3.84615e-05,0.00580769
1,60,2222,173,61.834,40.5013,3.84615e-05,0.00580769
1,60,7440,174,79.5497,-171.414,3.84615e-05,0.00580769
1,60,7026,175,44.8787,-152.504,3.84615e-05,0.00580769
1,60,7242,176,8.21878,-149.455,3.84615e-05,0.00580769
1,60,3322,179,-77.7271,20.6353,3.84615e-05,0.00580769
1,60,7882,180,-39.9967,33.6099,3.84615e-05,0.00580769
1,60,2415,182,28.1518,62.3304,3.84615e-05,0.00580769
1,60,3631,183,51.7648,97.281,3.84615e-05,0.00580769
1,60,4756,183,51.9053,96.9122,3.84615e-05,0.00580769
1,60,7527,186,4.79122,-133.558,3.84615e-05,0.00580769
1,60,6924,193,-34.8517,51.9138,3.84615e-05,0.00580769
1,60,2000,195,33.9007,85.0037,3.84615e-05,0.00580769
1,60,2128,196,60.1148,112.693,3.84615e-05,0.00580769
1,60,2822,197,67.3732,-155.463,3.84615e-05,0.00580769
1,60,3021,197,67.3836,-156.493,3.84615e-05,0.00580769
1,60,4262,197,67.2161,-157.011,3.84615e-05,0.00580769
1,60,2943,198,36.3952,-121.104,3.84615e-05,0.00580769
1,60,4828,198,36.3999,-121.101,3.84615e-05,0.00580769
2,120,3020,2,-76.1322,25.2118,3.84615e-05,0.0107308
2,120,5393,2,-76.8346,25.4581,3.84615e-05,0.0107308
2,120,6072,2,-76.3697,25.431,3.84615e-05,0.0107308
2,120,6440,2,-76.8035,27.0008,3.84615e-05,0.0107308
2,120,7619,3,-50.6312,74.4976,3.84615e-05,0.0107308
2,120,7945,4,-13.5595,87.9527,3.84615e-05,0.0107308
2,120,2716,6,56.0259,105.269,3.84615e-05,0.0107308
2,120,2863,6,56.007,104.812,3.84615e-05,0.0107308
2,120,3075,8,45.7011,-112.306,3.84615e-05,0.0107308
2,120,5910,8,46.0621,-112.289,3.84615e-05,0.0107308
2,120,2532,11,32.4422,131.15,3.84615e-05,0.0107308
2,120,7360,12,44.9967,176.756,3.84615e-05,0.0107308
2,120,2463,14,21.8432,-101.133,3.84615e-05,0.0107308
2,120,2480,15,-0.0858154,-70.0851,3.84615e-05,0.0107308
2,120,3159,16,-29.5855,-51.165,3.84615e-05,0.0107308
2,120,7913,17,-49.0694,-11.1305,3.84615e-05,0.0107308
2,120,2620,22,-76.9541,-17.3837,3.84615e-05,0.0107308
2,120,5747,22,-76.8037,-17.7856,3.84615e-05,0.0107308
2,120,7052,23,-62.8931,110.872,3.84615e-05,0.0107308
2,120,2098,25,11.9882,122.428,3.84615e-05,0.0107308
2,120,3082,25,11.6893,122.8,3.84615e-05,0.0107308
2,120,3908,25,11.5338,122.835,3.84615e-05,0.0107308
2,120,7857,29,25.5721,-65.3868,3.84615e-05,0.0107308
2,120,7993,30,41.1082,-39.9013,3.84615e-05,0.0107308
2,120,6947,33,-66.0263,-52.6467,3.84615e-05,0.0107308
2,120,2037,34,-80.3435,149.104,3.84615e-05,0.0107308
2,120,3598,35,-41.2015,145.985,3.84615e-05,0.0107308
2,120,6116,35,-41.0401,145.821,3.84615e-05,0.0107308
2,120,7940,37,30.5028,136.215,3.84615e-05,0.0107308
2,120,2353,39,76.9323,-23.6937,3.84615e-05,0.0107308
2,120,2726,40,46.3075,-81.2423,3.84615e-05,0.0107308
2,120,7903,41,25.2969,-38.4559,3.84615e-05,0.0107308
2,120,4412,46,-24.4438,134.007,3.84615e-05,0.0107308
2,120,7031,50,2.71178,176.312,3.84615e-05,0.0107308
2,120,7569,51,26.6385,-153.859,3.84615e-05,0.0107308
2,120,3075,52,45.7011,-112.306,3.84615e-05,0.0107308
2,120,5910,52,46.0621,-112.289,3.84615e-05,0.0107308
2,120,2414,56,-27.6336,24.1087,3.84615e-05,0.0107308
2,120,6884,58,-42.936,116.591,3.84615e-05,0.0107308
2,120,7677,58,-43.0942,116.788,3.84615e-05,0.0107308
2,120,7099,64,24.516,-149.346,3.84615e-05,0.0107308
2,120,3075,65,45.7011,-112.306,3.84615e-05,0.0107308
2,120,5910,65,46.0621,-112.289,3.84615e-05,0.0107308
2,120,2949,66,52.2416,-59.7358,3.84615e-05,0.0107308
2,120,2077,68,7.98718,7.228,3.84615e-05,0.0107308
2,120,2066,69,-20.9414,34.5709,3.84615e-05,0.0107308
2,120,2539,76,66.2501,-102.931,3.84615e-05,0.0107308
2,120,7072,77,59.2383,-12.0489,3.84615e-05,0.0107308
2,120,3361,79,-5.01457,32.9397,3.84615e-05,0.0107308
2,120,4804,79,-5.04887,32.8146,3.84615e-05,0.0107308
2,120,5004,79,-5.18544,32.4966,3.84615e-05,0.0107308
2,120,6878,81,-19.4414,-141.92,3.84615e-05,0.0107308
2,120,2036,83,43.7278,-104.696,3.84615e-05,0.0107308
2,120,2761,83,44.0856,-104.866,3.84615e-05,0.0107308
2,120,5839,85,50.7109,8.68637,3.84615e-05,0.0107308
2,120,5991,85,50.7907,9.03789,3.84615e-05,0.0107308
2,120,7368,90,40.903,-67.2909,3.84615e-05,0.0107308
2,120,2149,95,-34.0783,117.523,3.84615e-05,0.0107308
2,120,7518,98,-8.35506,-123.931,3.84615e-05,0.0107308
2,120,2972,100,67.6609,-93.7713,3.84615e-05,0.0107308
2,120,2444,102,38.9284,89.1053,3.84615e-05,0.0107308
2,120,2651,102,38.9613,89.4201,3.84615e-05,0.0107308
2,120,3441,102,39.1938,88.9337,3.84615e-05,0.0107308
2,120,6087,102,39.0813,89.5193,3.84615e-05,0.0107308
2,120,7974,104,-30.4382,93.6607,3.84615e-05,0.0107308
2,120,2562,105,-67.7742,101.762,3.84615e-05,0.0107308
2,120,3737,105,-67.6766,102.85,3.84615e-05,0.0107308
2,120,5763,105,-67.2985,102.235,3.84615e-05,0.0107308
2,120,2120,106,-76.8458,-121.113,3.84615e-05,0.0107308
2,120,2020,110,3.83365,-68.5313,3.84615e-05,0.0107308
2,120,7650,111,36.3103,-44.7993,3.84615e-05,0.0107308
2,120,2488,113,42.9567,52.1294,3.84615e-05,0.0107308
2,120,2892,113,42.3801,51.5798,3.84615e-05,0.0107308
2,120,3032,113,42.253,52.3991,3.84615e-05,0.0107308
2,120,4232,113,42.6311,52.1046,3.84615e-05,0.0107308
2,120,2782,114,24.0932,88.454,3.84615e-05,0.0107308
2,120,2497,115,-2.18876,110.81,3.84615e-05,0.0107308
2,120,7999,118,-42.225,-127.542,3.84615e-05,0.0107308
2,120,7159,119,-25.1922,-90.3785,3.84615e-05,0.0107308
2,120,3263,121,-11.7217,-56.2098,3.84615e-05,0.0107308
2,120,6799,121,-11.8629,-56.208,3.84615e-05,0.0107308
2,120,7501,123,62.6076,-53.9885,3.84615e-05,0.0107308
2,120,2277,125,46.7336,120.55,3.84615e-05,0.0107308
2,120,4899,125,46.6501,120.03,3.84615e-05,0.0107308
2,120,2546,127,-24.5354,129.383,3.84615e-05,0.0107308
2,120,3720,127,-24.0276,129.98,3.84615e-05,0.0107308
2,120,6949,130,-23.9248,165.68,3.84615e-05,0.0107308
2,120,3242,133,-32.9522,-61.8049,3.84615e-05,0.0107308
2,120,3349,133,-32.5229,-61.5274,3.84615e-05,0.0107308
2,120,3388,133,-32.8705,-61.0411,3.84615e-05,0.0107308
2,120,3117,134,-3.20612,-39.7325,3.84615e-05,0.0107308
2,120,5502,137,48.5187,79.006,3.84615e-05,0.0107308
2,120,4158,138,27.3961,116.546,3.84615e-05,0.0107308
2,120,6225,138,27.7716,116.382,3.84615e-05,0.0107308
2,120,6504,138,27.6671,116.072,3.84615e-05,0.0107308
2,120,4577,139,-2.00963,137.992,3.84615e-05,0.0107308
2,120,2063,144,-76.2037,-21.6808,3.84615e-05,0.0107308
2,120,7345,145,-36.3441,-28.5503,3.84615e-05,0.0107308
2,120,7738,145,-36.4409,-28.3696,3.84615e-05,0.0107308
2,120,2438,151,15.0244,8.99176,3.84615e-05,0.0107308
2,120,4614,151,14.7439,8.78688,3.84615e-05,0.0107308
2,120,4791,152,38.3813,36.0282,3.84615e-05,0.0107308
2,120,5238,152,37.8631,35.5364,3.84615e-05,0.0107308
2,120,6045,152,38.5393,36.2164,3.84615e-05,0.0107308
2,120,4305,153,49.353,85.5623,3.84615e-05,0.0107308
2,120,5532,153,49.234,85.5006,3.84615e-05,0.0107308
2,120,7259,155,17.2275,164.814,3.84615e-05,0.0107308
2,120,7982,157,-38.5256,-142.74,3.84615e-05,0.0107308
2,120,7232,158,-42.9596,-95.953,3.84615e-05,0.0107308
2,120,3840,160,-44.4507,-66.4898,3.84615e-05,0.0107308
2,120,7175,162,-7.5297,12.4093,3.84615e-05,0.0107308
2,120,2277,165,46.7336,120.55,3.84615e-05,0.0107308
2,120,4899,165,46.6501,120.03,3.84615e-05,0.0107308
2,120,3264,171,-3.40568,35.872,3.84615e-05,0.0107308
2,120,4501,171,-3.2304,35.7993,3.84615e-05,0.0107308
2,120,2416,172,30.0774,30.4258,3.84615e-05,0.0107308
2,120,2391,173,69.0863,27.3724,3.84615e-05,0.0107308
2,120,7179,175,42.488,-142.4,3.84615e-05,0.0107308
2,120,7468,176,4.29037,-142.718,3.84615e-05,0.0107308
2,120,6971,177,-30.0316,-148.794,3.84615e-05,0.0107308
2,120,3020,179,-76.1322,25.2118,3.84615e-05,0.0107308
2,120,6072,179,-76.3697,25.431,3.84615e-05,0.0107308
2,120,3495,180,-31.8543,29.3208,3.84615e-05,0.0107308
2,120,6392,180,-31.7288,28.6412,3.84615e-05,0.0107308
2,120,3453,182,31.4101,64.4761,3.84615e-05,0.0107308
2,120,3851,182,31.4931,64.3366,3.84615e-05,0.0107308
2,120,2716,183,56.0259,105.269,3.84615e-05,0.0107308
2,120,2863,183,56.007,104.812,3.84615e-05,0.0107308
2,120,2069,184,62.0111,171.509,3.84615e-05,0.0107308
2,120,7187,187,-29.9817,-108.963,3.84615e-05,0.0107308
2,120,7629,190,-35.8759,-100.938,3.84615e-05,0.0107308
2,120,2670,191,-71.3205,-66.4342,3.84615e-05,0.0107308
2,120,4471,191,-70.7358,-66.9322,3.84615e-05,0.0107308
2,120,7383,194,6.10458,67.0324,3.84615e-05,0.0107308
2,120,2411,195,36.1928,79.9488,3.84615e-05,0.0107308
2,120,2826,196,66.0694,126.423,3.84615e-05,0.0107308
2,120,3983,198,32.2876,-116.736,3.84615e-05,0.0107308
2,120,7445,199,-6.19739,-113.042,3.84615e-05,0.0107308
3,180,2304,2,-75.1629,20.0446,3.84615e-05,0.0144615
3,180,2308,5,27.0113,90.4467,3.84615e-05,0.0144615
3,180,3639,6,53.8242,115.797,3.84615e-05,0.0144615
3,180,4077,6,53.6832,115.508,3.84615e-05,0.0144615
3,180,2733,8,45.4571,-105.752,3.84615e-05,0.0144615
3,180,4755,8,45.7897,-105.536,3.84615e-05,0.0144615
3,180,5458,10,1.62979,111.239,3.84615e-05,0.0144615
3,180,7574,13,47.4777,-127.791,3.84615e-05,0.0144615
3,180,2527,14,21.0934,-99.1188,3.84615e-05,0.0144615
3,180,7404,17,-45.2113,1.0867,3.84615e-05,0.0144615
3,180,7144,18,-39.6869,51.4899,3.84615e-05,0.0144615
3,180,2868,24,-24.0191,117.124,3.84615e-05,0.0144615
3,180,6375,24,-23.9477,117.167,3.84615e-05,0.0144615
3,180,2270,25,15.1558,121.904,3.84615e-05,0.0144615
3,180,2065,26,50.9479,129.902,3.84615e-05,0.0144615
3,180,7784,27,81.837,170.187,3.84615e-05,0.0144615
3,180,6984,28,57.5936,-77.8583,3.84615e-05,0.0144615
3,180,7376,28,57.7109,-78.2993,3.84615e-05,0.0144615
3,180,6922,32,-32.7132,-45.6478,3.84615e-05,0.0144615
3,180,3728,34,-73.5144,157.556,3.84615e-05,0.0144615
3,180,4533,34,-73.1225,158.068,3.84615e-05,0.0144615
3,180,5481,34,-72.9514,158.28,3.84615e-05,0.0144615
3,180,3623,36,-4.38852,138.823,3.84615e-05,0.0144615
3,180,2439,38,68.3954,123.488,3.84615e-05,0.0144615
3,180,3666,38,68.5391,123.609,3.84615e-05,0.0144615
3,180,3635,39,72.6557,-22.7449,3.84615e-05,0.0144615
3,180,5126,39,72.2537,-22.2963,3.84615e-05,0.0144615
3,180,2130,40,46.8962,-76.166,3.84615e-05,0.0144615
3,180,4639,40,46.6996,-75.6835,3.84615e-05,0.0144615
3,180,7156,45,-47.9355,104.393,3.84615e-05,0.0144615
3,180,7535,50,2.87148,-175.323,3.84615e-05,0.0144615
3,180,2247,52,46.8907,-107.296,3.84615e-05,0.0144615
3,180,4648,52,47.2879,-107.791,3.84615e-05,0.0144615
3,180,2163,53,48.0328,-57.4957,3.84615e-05,0.0144615
3,180,2286,56,-30.3473,29.8143,3.84615e-05,0.0144615
3,180,7351,64,28.0062,-146.91,3.84615e-05,0.0144615
3,180,3860,66,50.9823,-56.7239,3.84615e-05,0.0144615
3,180,4033,69,-27.5106,32.3117,3.84615e-05,0.0144615
3,180,6331,69,-27.8942,32.5543,3.84615e-05,0.0144615
3,180,7883,69,-28.5156,32.5165,3.84615e-05,0.0144615
3,180,2824,71,-67.3094,88.1002,3.84615e-05,0.0144615
3,180,5470,71,-67.4644,87.0412,3.84615e-05,0.0144615
3,180,2350,76,70.4174,-84.7539,3.84615e-05,0.0144615
3,180,3632,78,28.6169,24.655,3.84615e-05,0.0144615
3,180,3626,79,-5.89273,31.7032,3.84615e-05,0.0144615
3,180,5233,79,-5.68978,31.2076,3.84615e-05,0.0144615
3,180,2205,83,47.3146,-100.99,3.84615e-05,0.0144615
3,180,6657,83,47.4855,-100.469,3.84615e-05,0.0144615
3,180,7472,91,48.4199,-15.5526,3.84615e-05,0.0144615
3,180,4903,95,-34.8483,118.217,3.84615e-05,0.0144615
3,180,3964,99,18.2278,-98.8511,3.84615e-05,0.0144615
3,180,4627,99,18.2795,-98.2415,3.84615e-05,0.0144615
3,180,6296,99,18.6994,-98.5904,3.84615e-05,0.0144615
3,180,2397,101,71.2231,68.0609,3.84615e-05,0.0144615
3,180,7289,101,70.7777,66.9765,3.84615e-05,0.0144615
3,180,3283,102,37.8582,80.9801,3.84615e-05,0.0144615
3,180,6217,102,38.17,81.3556,3.84615e-05,0.0144615
3,180,2635,106,-73.8272,-95.3005,3.84615e-05,0.0144615
3,180,3536,112,53.4151,-0.225235,3.84615e-05,0.0144615
3,180,5022,112,53.7714,-0.0136719,3.84615e-05,0.0144615
3,180,3151,113,40.752,55.3703,3.84615e-05,0.0144615
3,180,2146,114,22.0514,88.8207,3.84615e-05,0.0144615
3,180,2196,116,-33.6357,141.447,3.84615e-05,0.0144615
3,180,3605,116,-34.2857,141.393,3.84615e-05,0.0144615
3,180,6405,116,-34.236,141.734,3.84615e-05,0.0144615
3,180,2536,120,-42.908,-67.6933,3.84615e-05,0.0144615
3,180,2785,126,8.98334,125.125,3.84615e-05,0.0144615
3,180,5767,126,8.7845,125.847,3.84615e-05,0.0144615
3,180,6501,126,8.92118,125.462,3.84615e-05,0.0144615
3,180,2848,127,-26.6509,128.789,3.84615e-05,0.0144615
3,180,2635,129,-73.8272,-95.3005,3.84615e-05,0.0144615
3,180,2154,135,25.7067,-13.4726,3.84615e-05,0.0144615
3,180,3080,136,48.4074,29.7178,3.84615e-05,0.0144615
3,180,4809,136,48.3878,29.1543,3.84615e-05,0.0144615
3,180,2853,137,50.7522,79.6156,3.84615e-05,0.0144615
3,180,3570,137,50.823,79.6401,3.84615e-05,0.0144615
3,180,2054,139,-4.34273,140.574,3.84615e-05,0.0144615
3,180,4533,143,-73.1225,158.068,3.84615e-05,0.0144615
3,180,5481,143,-72.9514,158.28,3.84615e-05,0.0144615
3,180,7315,147,34.343,-15.4236,3.84615e-05,0.0144615
3,180,3635,148,72.6557,-22.7449,3.84615e-05,0.0144615
3,180,5126,148,72.2537,-22.2963,3.84615e-05,0.0144615
3,180,2327,151,18.025,11.0664,3.84615e-05,0.0144615
3,180,5946,152,33.6798,42.1028,3.84615e-05,0.0144615
3,180,6633,152,33.659,42.0409,3.84615e-05,0.0144615
3,180,2218,154,34.1543,133.608,3.84615e-05,0.0144615
3,180,6553,154,34.2426,133.658,3.84615e-05,0.0144615
3,180,2238,162,-7.82579,13.2911,3.84615e-05,0.0144615
3,180,2688,163,21.3551,34.4177,3.84615e-05,0.0144615
3,180,2148,165,41.972,123.032,3.84615e-05,0.0144615
3,180,7163,166,28.458,165.758,3.84615e-05,0.0144615
3,180,7631,166,28.1318,165.818,3.84615e-05,0.0144615
3,180,2265,171,-2.33527,34.0146,3.84615e-05,0.0144615
3,180,2605,179,-71.2584,20.3855,3.84615e-05,0.0144615
3,180,6680,179,-71.5861,21.5415,3.84615e-05,0.0144615
3,180,2303,182,33.7134,64.1847,3.84615e-05,0.0144615
3,180,3015,182,33.6878,64.7177,3.84615e-05,0.0144615
3,180,7594,186,-1.89011,-132.224,3.84615e-05,0.0144615
3,180,3499,191,-72.0819,-61.9867,3.84615e-05,0.0144615
3,180,5762,195,39.0987,81.7657,3.84615e-05,0.0144615
3,180,2248,197,62.2735,-143.438,3.84615e-05,0.0144615
3,180,7176,198,29.2511,-118.068,3.84615e-05,0.0144615
4,240,6925,3,-41.7188,68.0504,3.84615e-05,0.0180769
4,240,2990,5,27.2002,98.1394,3.84615e-05,0.0180769
4,240,6039,5,27.054,98.4198,3.84615e-05,0.0180769
4,240,3565,11,34.6715,136.208,3.84615e-05,0.0180769
4,240,6502,11,34.9062,136.261,3.84615e-05,0.0180769
4,240,3314,15,-10.6801,-70.3862,3.84615e-05,0.0180769
4,240,2250,20,-16.4612,-57.2785,3.84615e-05,0.0180769
4,240,2297,22,-76.8797,38.4713,3.84615e-05,0.0180769
4,240,4197,24,-20.5579,119.161,3.84615e-05,0.0180769
4,240,3565,37,34.6715,136.208,3.84615e-05,0.0180769
4,240,6502,37,34.9062,136.261,3.84615e-05,0.0180769
4,240,4695,38,70.4767,130.307,3.84615e-05,0.0180769
4,240,5724,38,70.7547,129.991,3.84615e-05,0.0180769
4,240,2181,40,41.7071,-73.677,3.84615e-05,0.0180769
4,240,7733,42,-8.74885,-10.6801,3.84615e-05,0.0180769
4,240,6830,43,-35.7015,8.73509,3.84615e-05,0.0180769
4,240,2173,46,-18.6086,139.152,3.84615e-05,0.0180769
4,240,2640,52,54.1696,-104.736,3.84615e-05,0.0180769
4,240,4754,54,19.9038,-15.0352,3.84615e-05,0.0180769
4,240,6923,59,-20.9124,159.872,3.84615e-05,0.0180769
4,240,7148,63,-5.03613,-165.042,3.84615e-05,0.0180769
4,240,5181,67,32.4967,-7.23721,3.84615e-05,0.0180769
4,240,5362,67,32.2246,-6.34232,3.84615e-05,0.0180769
4,240,5365,67,32.1766,-7.03424,3.84615e-05,0.0180769
4,240,2691,71,-69.2505,95.7667,3.84615e-05,0.0180769
4,240,4765,77,52.435,-2.61769,3.84615e-05,0.0180769
4,240,2430,78,22.3317,23.2735,3.84615e-05,0.0180769
4,240,6645,78,22.4742,23.3382,3.84615e-05,0.0180769
4,240,7372,80,-48.2482,-157.578,3.84615e-05,0.0180769
4,240,2663,83,46.5506,-100.772,3.84615e-05,0.0180769
4,240,3931,83,46.7782,-100.339,3.84615e-05,0.0180769
4,240,3434,85,44.8549,23.9158,3.84615e-05,0.0180769
4,240,4525,85,44.936,23.6133,3.84615e-05,0.0180769
4,240,2152,86,17.3264,45.7961,3.84615e-05,0.0180769
4,240,4029,86,17.2359,45.6988,3.84615e-05,0.0180769
4,240,2595,92,32.595,36.3717,3.84615e-05,0.0180769
4,240,7673,93,3.10192,59.9592,3.84615e-05,0.0180769
4,240,2870,96,-42.2868,171.043,3.84615e-05,0.0180769
4,240,3418,96,-42.5094,171.185,3.84615e-05,0.0180769
4,240,4768,96,-42.289,171.022,3.84615e-05,0.0180769
4,240,3433,100,72.1728,-84.8346,3.84615e-05,0.0180769
4,240,4009,100,72.5274,-84.6216,3.84615e-05,0.0180769
4,240,2404,101,68.3364,69.8139,3.84615e-05,0.0180769
4,240,2482,102,33.8633,80.3271,3.84615e-05,0.0180769
4,240,5469,102,33.995,80.5485,3.84615e-05,0.0180769
4,240,2107,109,37.3457,-96.0932,3.84615e-05,0.0180769
4,240,2200,109,37.1604,-95.6398,3.84615e-05,0.0180769
4,240,2610,110,9.85664,-64.4088,3.84615e-05,0.0180769
4,240,2211,113,44.6056,64.6645,3.84615e-05,0.0180769
4,240,2008,121,-2.74588,-54.8184,3.84615e-05,0.0180769
4,240,2639,121,-3.0075,-55.1076,3.84615e-05,0.0180769
4,240,2553,123,71.3605,-50.1547,3.84615e-05,0.0180769
4,240,6410,123,71.3651,-50.2041,3.84615e-05,0.0180769
4,240,2164,124,71.1401,97.7971,3.84615e-05,0.0180769
4,240,2311,124,71.0937,97.8958,3.84615e-05,0.0180769
4,240,4084,124,70.8289,97.3107,3.84615e-05,0.0180769
4,240,4187,125,39.9151,113.825,3.84615e-05,0.0180769
4,240,6310,125,40.1277,113.955,3.84615e-05,0.0180769
4,240,7481,126,5.53823,119.821,3.84615e-05,0.0180769
4,240,6931,130,-34.4918,163.591,3.84615e-05,0.0180769
4,240,2269,133,-20.7167,-60.0583,3.84615e-05,0.0180769
4,240,6654,133,-20.8453,-60.1591,3.84615e-05,0.0180769
4,240,7152,134,1.70284,-35.7468,3.84615e-05,0.0180769
4,240,4531,136,48.4953,28.2983,3.84615e-05,0.0180769
4,240,5982,136,48.5364,27.5875,3.84615e-05,0.0180769
4,240,3641,137,47.0245,83.6869,3.84615e-05,0.0180769
4,240,7272,141,-3.04085,155.663,3.84615e-05,0.0180769
4,240,2104,143,-75.2548,161.833,3.84615e-05,0.0180769
4,240,4314,143,-74.9122,162.551,3.84615e-05,0.0180769
4,240,2515,149,67.3368,153.087,3.84615e-05,0.0180769
4,240,5137,149,67.3549,153.059,3.84615e-05,0.0180769
4,240,2004,151,18.9789,12.044,3.84615e-05,0.0180769
4,240,3027,151,18.6237,11.8275,3.84615e-05,0.0180769
4,240,4168,151,19.0945,12.1398,3.84615e-05,0.0180769
4,240,2055,152,41.3632,42.6901,3.84615e-05,0.0180769
4,240,2330,153,42.3812,98.0439,3.84615e-05,0.0180769
4,240,4996,153,42.1452,97.9947,3.84615e-05,0.0180769
4,240,3202,154,36.3094,139.422,3.84615e-05,0.0180769
4,240,6875,159,-29.4253,-39.629,3.84615e-05,0.0180769
4,240,2156,162,-1.97015,17.0334,3.84615e-05,0.0180769
4,240,2700,162,-1.94328,17.2404,3.84615e-05,0.0180769
4,240,3053,164,41.0827,76.2142,3.84615e-05,0.0180769
4,240,4652,164,40.3944,76.1484,3.84615e-05,0.0180769
4,240,5765,164,40.8211,76.3152,3.84615e-05,0.0180769
4,240,5307,165,41.8717,126.501,3.84615e-05,0.0180769
4,240,5783,165,41.9959,126.51,3.84615e-05,0.0180769
4,240,6291,165,42.4505,126.35,3.84615e-05,0.0180769
4,240,4970,170,-29.7279,29.2254,3.84615e-05,0.0180769
4,240,2776,179,-70.6315,38.6512,3.84615e-05,0.0180769
4,240,5905,180,-24.4497,34.5134,3.84615e-05,0.0180769
4,240,2669,183,62.8496,106.798,3.84615e-05,0.0180769
4,240,5276,183,62.7526,106.339,3.84615e-05,0.0180769
4,240,7405,192,-60.0237,40.7251,3.84615e-05,0.0180769
4,240,7686,194,9.50148,68.1775,3.84615e-05,0.0180769
4,240,2891,196,67.4503,134.39,3.84615e-05,0.0180769
4,240,7090,199,-8.15527,-110.812,3.84615e-05,0.0180769
5,300,7048,0,-30.7313,-88.7385,3.84615e-05,0.0217308
5,300,2952,6,66.0268,115.688,3.84615e-05,0.0217308
5,300,3750,6,66.203,116.662,3.84615e-05,0.0217308
5,300,4145,6,66.0585,117.244,3.84615e-05,0.0217308
5,300,3807,7,65.8651,-141.845,3.84615e-05,0.0217308
5,300,6066,7,65.9369,-141.263,3.84615e-05,0.0217308
5,300,6118,7,65.7509,-141.828,3.84615e-05,0.0217308
5,300,3589,22,-77.0664,50.0521,3.84615e-05,0.0217308
5,300,4057,22,-77.0219,49.1095,3.84615e-05,0.0217308
5,300,4746,26,56.0088,129.653,3.84615e-05,0.0217308
5,300,5664,26,56.0344,130.396,3.84615e-05,0.0217308
5,300,2362,28,50.7158,-73.354,3.84615e-05,0.0217308
5,300,2967,28,50.9541,-73.8789,3.84615e-05,0.0217308
5,300,6967,29,13.2685,-56.7884,3.84615e-05,0.0217308
5,300,3808,34,-67.6415,137.009,3.84615e-05,0.0217308
5,300,2450,35,-30.7232,146.583,3.84615e-05,0.0217308
5,300,6995,43,-37.5099,11.5496,3.84615e-05,0.0217308
5,300,6823,44,-53.4859,58.9658,3.84615e-05,0.0217308
5,300,2372,46,-15.9251,142.274,3.84615e-05,0.0217308
5,300,2386,49,55.6133,-117.433,3.84615e-05,0.0217308
5,300,3788,52,48.6577,-95.0294,3.84615e-05,0.0217308
5,300,4884,52,48.1995,-95.4909,3.84615e-05,0.0217308
5,300,3058,65,55.686,-103.498,3.84615e-05,0.0217308
5,300,5548,65,55.956,-104.386,3.84615e-05,0.0217308
5,300,5690,65,55.6728,-103.261,3.84615e-05,0.0217308
5,300,3185,67,26.8596,-3.01826,3.84615e-05,0.0217308
5,300,5212,67,26.9575,-3.62024,3.84615e-05,0.0217308
5,300,4509,68,1.41171,16.0565,3.84615e-05,0.0217308
5,300,5413,68,1.36861,16.472,3.84615e-05,0.0217308
5,300,7451,70,-48.9836,51.4326,3.84615e-05,0.0217308
5,300,7696,71,-64.7006,110.48,3.84615e-05,0.0217308
5,300,7786,71,-65.1829,109.694,3.84615e-05,0.0217308
5,300,7844,74,12.9054,-138.556,3.84615e-05,0.0217308
5,300,5032,76,71.2369,-75.2118,3.84615e-05,0.0217308
5,300,6768,76,71.1329,-74.4679,3.84615e-05,0.0217308
5,300,2012,79,-11.2865,34.0968,3.84615e-05,0.0217308
5,300,3941,79,-11.3077,34.1304,3.84615e-05,0.0217308
5,300,3976,83,48.133,-90.3743,3.84615e-05,0.0217308
5,300,4326,83,48.155,-90.3569,3.84615e-05,0.0217308
5,300,3761,85,43.1089,26.9638,3.84615e-05,0.0217308
5,300,4095,85,42.9022,27.1769,3.84615e-05,0.0217308
5,300,3472,86,9.54412,41.8815,3.84615e-05,0.0217308
5,300,3772,86,9.34811,41.96,3.84615e-05,0.0217308
5,300,7220,90,39.1815,-55.3331,3.84615e-05,0.0217308
5,300,7060,94,-23.2033,86.7709,3.84615e-05,0.0217308
5,300,4954,99,18.887,-88.7627,3.84615e-05,0.0217308
5,300,5687,99,19.4096,-88.6813,3.84615e-05,0.0217308
5,300,6276,99,19.0794,-89.1266,3.84615e-05,0.0217308
5,300,2177,101,66.2631,74.1754,3.84615e-05,0.0217308
5,300,3156,101,65.99,74.2401,3.84615e-05,0.0217308
5,300,2289,105,-78.4061,86.5531,3.84615e-05,0.0217308
5,300,6193,105,-78.6074,87.8351,3.84615e-05,0.0217308
5,300,2172,109,42.6971,-85.5658,3.84615e-05,0.0217308
5,300,6013,109,42.3122,-85.9183,3.84615e-05,0.0217308
5,300,2585,112,49.151,16.5949,3.84615e-05,0.0217308
5,300,6745,112,49.0469,16.3798,3.84615e-05,0.0217308
5,300,3065,113,36.8219,65.0534,3.84615e-05,0.0217308
5,300,4106,113,36.4459,65.2399,3.84615e-05,0.0217308
5,300,2781,116,-37.108,145.995,3.84615e-05,0.0217308
5,300,7122,117,-55.768,-160.182,3.84615e-05,0.0217308
5,300,2099,120,-37.5791,-64.8772,3.84615e-05,0.0217308
5,300,7934,122,35.8466,-58.6846,3.84615e-05,0.0217308
5,300,2005,123,69.5803,-27.6766,3.84615e-05,0.0217308
5,300,2828,124,72.0477,111.98,3.84615e-05,0.0217308
5,300,6448,124,72.146,111.89,3.84615e-05,0.0217308
5,300,2631,125,35.0543,115.317,3.84615e-05,0.0217308
5,300,5064,125,34.8252,115.063,3.84615e-05,0.0217308
5,300,3247,128,-73.6167,139.292,3.84615e-05,0.0217308
5,300,2071,129,-73.2598,-63.8674,3.84615e-05,0.0217308
5,300,3312,129,-73.6519,-65.3346,3.84615e-05,0.0217308
5,300,5102,129,-73.2681,-64.9286,3.84615e-05,0.0217308
5,300,7745,132,-44.2085,-93.2888,3.84615e-05,0.0217308
5,300,2884,133,-22.4368,-51.3635,3.84615e-05,0.0217308
5,300,6122,133,-22.769,-51.663,3.84615e-05,0.0217308
5,300,2180,135,31.946,-7.92856,3.84615e-05,0.0217308
5,300,3622,135,31.9636,-8.49219,3.84615e-05,0.0217308
5,300,6183,135,31.5106,-8.72205,3.84615e-05,0.0217308
5,300,3176,136,56.7345,36.9981,3.84615e-05,0.0217308
5,300,4250,136,57.347,37.4509,3.84615e-05,0.0217308
5,300,4550,136,56.4309,36.6182,3.84615e-05,0.0217308
5,300,7638,138,20.1215,119.702,3.84615e-05,0.0217308
5,300,2093,143,-81.8686,159.616,3.84615e-05,0.0217308
5,300,3603,149,64.789,156.313,3.84615e-05,0.0217308
5,300,4112,149,64.8835,157.459,3.84615e-05,0.0217308
5,300,4108,151,17.1721,19.2132,3.84615e-05,0.0217308
5,300,2214,164,41.9197,82.0953,3.84615e-05,0.0217308
5,300,6824,168,-23.1562,-136.069,3.84615e-05,0.0217308
5,300,6972,173,77.1721,43.293,3.84615e-05,0.0217308
5,300,7910,173,76.8859,42.3681,3.84615e-05,0.0217308
5,300,3807,174,65.8651,-141.845,3.84615e-05,0.0217308
5,300,6066,174,65.9369,-141.263,3.84615e-05,0.0217308
5,300,6118,174,65.7509,-141.828,3.84615e-05,0.0217308
5,300,2487,178,-80.3169,-136.599,3.84615e-05,0.0217308
5,300,7639,181,10.7872,52.1884,3.84615e-05,0.0217308
5,300,2793,182,38.9627,69.5289,3.84615e-05,0.0217308
5,300,3432,182,38.903,69.465,3.84615e-05,0.0217308
5,300,2986,195,44.2236,90.2015,3.84615e-05,0.0217308
5,300,2912,196,67.8721,140.45,3.84615e-05,0.0217308
6,360,2060,6,67.2437,121.33,3.84615e-05,0.0248077
6,360,2432,8,32.9028,-99.2406,3.84615e-05,0.0248077
6,360,4711,8,32.8576,-99.6535,3.84615e-05,0.0248077
6,360,5184,15,-16.451,-65.3271,3.84615e-05,0.0248077
6,360,5236,20,-26.024,-50.1924,3.84615e-05,0.0248077
6,360,5976,20,-26.14,-50.4241,3.84615e-05,0.0248077
6,360,7073,23,-48.7573,115.329,3.84615e-05,0.0248077
6,360,2885,28,46.8225,-71.9687,3.84615e-05,0.0248077
6,360,3640,28,46.4426,-72.3211,3.84615e-05,0.0248077
6,360,6601,28,47.1049,-72.2165,3.84615e-05,0.0248077
6,360,4898,31,-6.42462,-37.3354,3.84615e-05,0.0248077
6,360,5156,31,-6.09097,-36.9879,3.84615e-05,0.0248077
6,360,5900,31,-6.12755,-36.9708,3.84615e-05,0.0248077
6,360,4476,37,44.4838,142.489,3.84615e-05,0.0248077
6,360,4618,37,44.8574,142.011,3.84615e-05,0.0248077
6,360,6807,37,44.7005,141.477,3.84615e-05,0.0248077
6,360,7706,40,38.316,-66.3542,3.84615e-05,0.0248077
6,360,7956,40,37.9224,-66.2611,3.84615e-05,0.0248077
6,360,2831,49,52.8315,-114.24,3.84615e-05,0.0248077
6,360,6162,55,-14.5576,12.1048,3.84615e-05,0.0248077
6,360,4001,67,21.5837,-6.77431,3.84615e-05,0.0248077
6,360,4905,67,20.9671,-6.65474,3.84615e-05,0.0248077
6,360,6329,67,21.0943,-6.91464,3.84615e-05,0.0248077
6,360,2329,68,-6.80719,14.6179,3.84615e-05,0.0248077
6,360,6177,68,-7.19033,14.2868,3.84615e-05,0.0248077
6,360,3265,71,-67.2264,126.471,3.84615e-05,0.0248077
6,360,3405,71,-67.0504,125.557,3.84615e-05,0.0248077
6,360,6935,73,-20.1429,-152.074,3.84615e-05,0.0248077
6,360,2752,75,52.2619,-126.085,3.84615e-05,0.0248077
6,360,7186,76,72.3744,-67.7455,3.84615e-05,0.0248077
6,360,3771,77,46.8162,0.971512,3.84615e-05,0.0248077
6,360,5355,77,46.805,1.36929,3.84615e-05,0.0248077
6,360,2445,78,16.1309,22.1567,3.84615e-05,0.0248077
6,360,3178,78,16.0238,21.7045,3.84615e-05,0.0248077
6,360,5907,78,16.1835,22.2331,3.84615e-05,0.0248077
6,360,2271,79,-17.2098,35.2265,3.84615e-05,0.0248077
6,360,2231,85,39.2587,20.8567,3.84615e-05,0.0248077
6,360,3771,91,46.8162,0.971512,3.84615e-05,0.0248077
6,360,5355,91,46.805,1.36929,3.84615e-05,0.0248077
6,360,2377,92,29.688,40.7067,3.84615e-05,0.0248077
6,360,4034,92,29.7507,40.6459,3.84615e-05,0.0248077
6,360,2158,100,80.0764,-93.6343,3.84615e-05,0.0248077
6,360,3197,102,26.9473,88.4029,3.84615e-05,0.0248077
6,360,4071,102,26.8283,88.8579,3.84615e-05,0.0248077
6,360,4468,102,27.2222,89.3724,3.84615e-05,0.0248077
6,360,6353,102,26.8227,88.8825,3.84615e-05,0.0248077
6,360,2626,105,-82.5355,122.363,3.84615e-05,0.0248077
6,360,5138,105,-82.3809,122.561,3.84615e-05,0.0248077
6,360,2453,109,44.4393,-86.3358,3.84615e-05,0.0248077
6,360,6033,109,44.688,-85.5538,3.84615e-05,0.0248077
6,360,6249,109,44.1488,-86.1538,3.84615e-05,0.0248077
6,360,2475,112,49.1796,23.4416,3.84615e-05,0.0248077
6,360,2300,123,74.6203,-50.5118,3.84615e-05,0.0248077
6,360,5322,123,74.345,-51.7968,3.84615e-05,0.0248077
6,360,3033,126,-3.9861,119.444,3.84615e-05,0.0248077
6,360,2011,128,-72.6079,155.639,3.84615e-05,0.0248077
6,360,4228,129,-69.9442,-66.8936,3.84615e-05,0.0248077
6,360,5166,129,-69.9486,-67.2734,3.84615e-05,0.0248077
6,360,4437,142,-45.0076,167.329,3.84615e-05,0.0248077
6,360,6946,146,11.4715,-24.571,3.84615e-05,0.0248077
6,360,6857,148,80.3939,34.3033,3.84615e-05,0.0248077
6,360,5591,149,61.3872,146.134,3.84615e-05,0.0248077
6,360,5746,149,61.1519,146.508,3.84615e-05,0.0248077
6,360,2923,153,47.9003,105.701,3.84615e-05,0.0248077
6,360,3615,153,48.056,105.83,3.84615e-05,0.0248077
6,360,7751,156,-18.6943,-159.549,3.84615e-05,0.0248077
6,360,2702,163,32.2984,43.1642,3.84615e-05,0.0248077
6,360,2789,163,31.9232,42.9863,3.84615e-05,0.0248077
6,360,4214,163,31.717,42.723,3.84615e-05,0.0248077
6,360,2850,164,46.0646,88.6285,3.84615e-05,0.0248077
6,360,4780,171,13.3842,29.2817,3.84615e-05,0.0248077
6,360,4822,171,13.4573,29.1146,3.84615e-05,0.0248077
6,360,5423,171,13.4042,28.927,3.84615e-05,0.0248077
6,360,2253,172,47.3808,37.651,3.84615e-05,0.0248077
6,360,7145,173,81.3166,28.2682,3.84615e-05,0.0248077
6,360,3207,174,60.6481,-143.434,3.84615e-05,0.0248077
6,360,5297,174,60.6053,-143.444,3.84615e-05,0.0248077
6,360,5980,174,61.0691,-144.051,3.84615e-05,0.0248077
6,360,2060,183,67.2437,121.33,3.84615e-05,0.0248077
6,360,3254,183,66.928,122.675,3.84615e-05,0.0248077
6,360,7464,188,-61.6748,-56.409,3.84615e-05,0.0248077
6,360,5563,197,53.7325,-132.738,3.84615e-05,0.0248077
6,360,7271,198,17.3221,-122.272,3.84615e-05,0.0248077
7,420,6834,1,-65.2812,-44.0051,3.84615e-05,0.0271154
7,420,3318,7,62.642,-134.319,3.84615e-05,0.0271154
7,420,4727,7,62.7794,-135.657,3.84615e-05,0.0271154
7,420,3634,8,28.3035,-104.338,3.84615e-05,0.0271154
7,420,3919,8,28.154,-104.387,3.84615e-05,0.0271154
7,420,2988,13,36.7855,-116.106,3.84615e-05,0.0271154
7,420,2627,20,-28.621,-57.5172,3.84615e-05,0.0271154
7,420,4449,20,-28.9,-57.3235,3.84615e-05,0.0271154
7,420,4377,27,72.986,-107.313,3.84615e-05,0.0271154
7,420,4659,28,45.6169,-63.6587,3.84615e-05,0.0271154
7,420,2210,31,-10.7307,-43.0826,3.84615e-05,0.0271154
7,420,3226,33,-81.6429,-92.2414,3.84615e-05,0.0271154
7,420,6083,33,-81.6059,-90.9932,3.84615e-05,0.0271154
7,420,6913,36,9.8772,141.823,3.84615e-05,0.0271154
7,420,2420,37,45.7104,134.555,3.84615e-05,0.0271154
7,420,2748,37,45.83,134.34,3.84615e-05,0.0271154
7,420,7463,40,36.5218,-62.7235,3.84615e-05,0.0271154
7,420,3799,65,50.4992,-91.5861,3.84615e-05,0.0271154
7,420,2719,67,19.3568,-5.34807,3.84615e-05,0.0271154
7,420,3394,82,24.5733,-111.209,3.84615e-05,0.0271154
7,420,5633,82,24.4982,-111.585,3.84615e-05,0.0271154
7,420,5792,82,24.2352,-111.47,3.84615e-05,0.0271154
7,420,6008,82,24.3167,-111.928,3.84615e-05,0.0271154
7,420,2131,83,51.698,-81.2624,3.84615e-05,0.0271154
7,420,2790,86,5.33618,45.5954,3.84615e-05,0.0271154
7,420,4253,86,5.89266,45.4547,3.84615e-05,0.0271154
7,420,6058,86,5.53173,45.5176,3.84615e-05,0.0271154
7,420,7185,89,-57.2287,161.116,3.84615e-05,0.0271154
7,420,2007,91,45.4388,10.7593,3.84615e-05,0.0271154
7,420,7951,97,-23.6393,-139.435,3.84615e-05,0.0271154
7,420,5329,100,82.4576,-46.0845,3.84615e-05,0.0271154
7,420,5840,100,81.7288,-46.6858,3.84615e-05,0.0271154
7,420,2366,101,56.498,75.8757,3.84615e-05,0.0271154
7,420,6602,105,-82.8898,154.057,3.84615e-05,0.0271154
7,420,6701,105,-82.9539,152.589,3.84615e-05,0.0271154
7,420,2627,120,-28.621,-57.5172,3.84615e-05,0.0271154
7,420,4449,120,-28.9,-57.3235,3.84615e-05,0.0271154
7,420,4888,120,-28.4889,-57.8836,3.84615e-05,0.0271154
7,420,2278,121,5.44825,-59.7233,3.84615e-05,0.0271154
7,420,5231,121,5.36303,-59.7488,3.84615e-05,0.0271154
7,420,3445,123,74.9007,-25.8803,3.84615e-05,0.0271154
7,420,2495,125,30.1331,120.277,3.84615e-05,0.0271154
7,420,2513,128,-76.5433,145.78,3.84615e-05,0.0271154
7,420,3324,128,-76.2163,146.259,3.84615e-05,0.0271154
7,420,7349,131,-51.1779,-135.777,3.84615e-05,0.0271154
7,420,2023,136,55.5297,46.8679,3.84615e-05,0.0271154
7,420,7541,140,22.2927,152.624,3.84615e-05,0.0271154
7,420,3403,146,15.836,-16.8757,3.84615e-05,0.0271154
7,420,2046,151,22.5713,21.0768,3.84615e-05,0.0271154
7,420,7620,156,-23.6777,-153.645,3.84615e-05,0.0271154
7,420,2171,163,30.6942,46.3053,3.84615e-05,0.0271154
7,420,2324,170,-19.7426,28.35,3.84615e-05,0.0271154
7,420,4891,171,13.8925,27.9111,3.84615e-05,0.0271154
7,420,5420,171,13.6264,27.7223,3.84615e-05,0.0271154
7,420,5955,171,13.4975,27.6586,3.84615e-05,0.0271154
7,420,2313,172,49.4377,34.8848,3.84615e-05,0.0271154
7,420,2587,182,46.0551,76.3289,3.84615e-05,0.0271154
7,420,2376,183,62.6423,135.284,3.84615e-05,0.0271154
7,420,7720,184,51.6383,-159.58,3.84615e-05,0.0271154
7,420,6993,187,-45.3631,-106.77,3.84615e-05,0.0271154
7,420,3818,194,21.8737,71.4752,3.84615e-05,0.0271154
7,420,2618,195,50.4255,95.7625,3.84615e-05,0.0271154
8,480,5394,7,57.881,-128.573,3.84615e-05,0.0286923
8,480,6238,7,58.0615,-127.894,3.84615e-05,0.0286923
8,480,3805,31,-15.6365,-43.861,3.84615e-05,0.0286923
8,480,5593,31,-15.6199,-43.6291,3.84615e-05,0.0286923
8,480,6575,31,-15.9726,-43.5492,3.84615e-05,0.0286923
8,480,7136,42,-16.2772,-4.97202,3.84615e-05,0.0286923
8,480,2314,45,-33.5002,120.533,3.84615e-05,0.0286923
8,480,3048,45,-33.7057,120.287,3.84615e-05,0.0286923
8,480,3437,58,-32.4276,138.903,3.84615e-05,0.0286923
8,480,3826,58,-32.8918,138.732,3.84615e-05,0.0286923
8,480,3351,65,51.154,-83.2118,3.84615e-05,0.0286923
8,480,2403,68,-10.6343,23.8783,3.84615e-05,0.0286923
8,480,3627,68,-10.6778,24.3487,3.84615e-05,0.0286923
8,480,4883,71,-72.3195,143.217,3.84615e-05,0.0286923
8,480,5333,71,-72.061,143.962,3.84615e-05,0.0286923
8,480,5553,71,-72.1237,142.978,3.84615e-05,0.0286923
8,480,7580,72,-39.824,-172.89,3.84615e-05,0.0286923
8,480,3446,75,53.1609,-113.347,3.84615e-05,0.0286923
8,480,3595,75,52.8838,-112.958,3.84615e-05,0.0286923
8,480,7752,89,-55.0232,167.592,3.84615e-05,0.0286923
8,480,2117,92,23.8825,48.2752,3.84615e-05,0.0286923
8,480,6854,97,-18.4412,-133.229,3.84615e-05,0.0286923
8,480,5580,100,83.9426,-31.3903,3.84615e-05,0.0286923
8,480,3215,108,18.2124,-97.4809,3.84615e-05,0.0286923
8,480,5573,108,18.6047,-97.7302,3.84615e-05,0.0286923
8,480,2926,109,55.3717,-96.0779,3.84615e-05,0.0286923
8,480,4170,121,9.83929,-61.4443,3.84615e-05,0.0286923
8,480,2454,125,25.2444,114.172,3.84615e-05,0.0286923
8,480,2948,133,-13.9692,-49.9201,3.84615e-05,0.0286923
8,480,3714,133,-13.9134,-50.0809,3.84615e-05,0.0286923
8,480,6825,142,-52.7585,166.81,3.84615e-05,0.0286923
8,480,6838,144,-50.9729,-34.0259,3.84615e-05,0.0286923
8,480,7617,145,-17.2204,-28.114,3.84615e-05,0.0286923
8,480,5167,147,53.1771,-9.70621,3.84615e-05,0.0286923
8,480,2648,152,40.4599,66.8251,3.84615e-05,0.0286923
8,480,2486,153,39.009,115.743,3.84615e-05,0.0286923
8,480,4642,158,-40.5639,-68.3808,3.84615e-05,0.0286923
8,480,7136,161,-16.2772,-4.97202,3.84615e-05,0.0286923
8,480,3476,162,8.26341,24.6237,3.84615e-05,0.0286923
8,480,2881,178,-85.7639,-26.1825,3.84615e-05,0.0286923
8,480,7015,185,15.4884,-139.861,3.84615e-05,0.0286923
8,480,2524,191,-73.2894,-2.40347,3.84615e-05,0.0286923
9,540,7704,11,48.0244,158.981,3.84615e-05,0.0307692
9,540,4430,13,27.7437,-108.563,3.84615e-05,0.0307692
9,540,6796,13,27.6296,-109.063,3.84615e-05,0.0307692
9,540,7304,18,-34.1861,72.3181,3.84615e-05,0.0307692
9,540,5113,20,-34.4945,-55.9201,3.84615e-05,0.0307692
9,540,6973,21,-68.9565,-40.9601,3.84615e-05,0.0307692
9,540,3341,24,0.546692,117.612,3.84615e-05,0.0307692
9,540,3795,29,-1.22006,-54.8069,3.84615e-05,0.0307692
9,540,3954,29,-0.800278,-54.5354,3.84615e-05,0.0307692
9,540,2072,33,-84.6369,-144.693,3.84615e-05,0.0307692
9,540,3736,35,-15.9567,143.858,3.84615e-05,0.0307692
9,540,3747,35,-15.8558,143.533,3.84615e-05,0.0307692
9,540,2108,54,7.63359,-8.43481,3.84615e-05,0.0307692
9,540,5217,54,7.72401,-8.65598,3.84615e-05,0.0307692
9,540,2195,55,-19.2804,16.6909,3.84615e-05,0.0307692
9,540,2646,55,-19.5372,16.8235,3.84615e-05,0.0307692
9,540,7395,61,-45.2587,154.514,3.84615e-05,0.0307692
9,540,2219,76,70.0214,-30.1085,3.84615e-05,0.0307692
9,540,3960,92,20.3758,50.8653,3.84615e-05,0.0307692
9,540,2255,101,52.7715,84.8105,3.84615e-05,0.0307692
9,540,6278,108,20.2336,-97.2759,3.84615e-05,0.0307692
9,540,2542,112,47.7572,37.1251,3.84615e-05,0.0307692
9,540,5154,122,49.4748,-54.7448,3.84615e-05,0.0307692
9,540,2934,124,54.0864,107.421,3.84615e-05,0.0307692
9,540,3407,124,53.6859,107.302,3.84615e-05,0.0307692
9,540,7941,131,-49.8064,-115.994,3.84615e-05,0.0307692
9,540,2283,133,-8.65512,-51.4218,3.84615e-05,0.0307692
9,540,6403,133,-8.10071,-51.6883,3.84615e-05,0.0307692
9,540,3951,135,45.9107,3.2986,3.84615e-05,0.0307692
9,540,5711,135,45.9115,3.63042,3.84615e-05,0.0307692
9,540,5541,136,50.2592,56.9428,3.84615e-05,0.0307692
9,540,6107,136,50.6561,57.3163,3.84615e-05,0.0307692
9,540,6243,136,49.8207,56.8832,3.84615e-05,0.0307692
9,540,3333,137,36.4276,102.182,3.84615e-05,0.0307692
9,540,5875,137,36.4201,102.211,3.84615e-05,0.0307692
9,540,4237,143,-83.2045,-21.7182,3.84615e-05,0.0307692
9,540,4731,143,-83.0709,-22.0927,3.84615e-05,0.0307692
9,540,3881,151,27.6003,30.6227,3.84615e-05,0.0307692
9,540,6325,151,27.2385,30.6609,3.84615e-05,0.0307692
9,540,7301,161,-13.8569,-3.6907,3.84615e-05,0.0307692
9,540,2188,162,13.0263,20.945,3.84615e-05,0.0307692
9,540,2275,164,43.471,99.8153,3.84615e-05,0.0307692
9,540,2707,164,43.8721,100.308,3.84615e-05,0.0307692
9,540,6955,167,-15.4483,-158.16,3.84615e-05,0.0307692
9,540,2111,170,-15.5921,33.1891,3.84615e-05,0.0307692
9,540,3537,170,-15.984,33.6134,3.84615e-05,0.0307692
9,540,5755,170,-15.2957,33.5183,3.84615e-05,0.0307692
9,540,2899,172,56.4994,37.7632,3.84615e-05,0.0307692
9,540,6581,172,56.2273,37.6492,3.84615e-05,0.0307692
9,540,7777,175,14.7606,-152.59,3.84615e-05,0.0307692
9,540,2110,183,60.1386,153.433,3.84615e-05,0.0307692
9,540,2576,183,60.4467,152.906,3.84615e-05,0.0307692
9,540,5404,183,60.1308,153.537,3.84615e-05,0.0307692
9,540,6852,190,-56.4005,-77.0062,3.84615e-05,0.0307692
10,600,7134,4,12.3372,91.5416,3.84615e-05,0.0328846
10,600,3457,7,56.3878,-115.628,3.84615e-05,0.0328846
10,600,4628,7,56.2367,-114.963,3.84615e-05,0.0328846
10,600,2285,19,-2.04437,105.25,3.84615e-05,0.0328846
10,600,6406,25,38.1396,125.597,3.84615e-05,0.0328846
10,600,3100,26,69.5075,159.934,3.84615e-05,0.0328846
10,600,5398,26,70.0155,158.957,3.84615e-05,0.0328846
10,600,7587,42,-22.0401,0.515656,3.84615e-05,0.0328846
10,600,6896,44,-47.0853,86.7656,3.84615e-05,0.0328846
10,600,6934,53,28.0312,-35.8776,3.84615e-05,0.0328846
10,600,2209,58,-32.7731,149.398,3.84615e-05,0.0328846
10,600,2574,67,13.5534,2.91829,3.84615e-05,0.0328846
10,600,6558,67,13.679,2.70821,3.84615e-05,0.0328846
10,600,2244,68,-15.1675,25.6691,3.84615e-05,0.0328846
10,600,2920,68,-14.9624,25.5523,3.84615e-05,0.0328846
10,600,7444,72,-33.0118,-168.079,3.84615e-05,0.0328846
10,600,3566,75,63.5418,-107.389,3.84615e-05,0.0328846
10,600,5392,75,63.7557,-108.666,3.84615e-05,0.0328846
10,600,3295,77,36.8353,9.88887,3.84615e-05,0.0328846
10,600,2847,82,36.2487,-113.057,3.84615e-05,0.0328846
10,600,5012,84,52.3223,-0.820984,3.84615e-05,0.0328846
10,600,2756,92,16.4356,48.9658,3.84615e-05,0.0328846
10,600,7124,93,-11.225,73.1367,3.84615e-05,0.0328846
10,600,7528,94,-34.3715,102.178,3.84615e-05,0.0328846
10,600,3386,99,35.8785,-77.5647,3.84615e-05,0.0328846
10,600,4127,99,35.9252,-78.4906,3.84615e-05,0.0328846
10,600,2374,109,63.3584,-97.983,3.84615e-05,0.0328846
10,600,2917,115,-28.9259,125.599,3.84615e-05,0.0328846
10,600,6877,117,-46.17,-139.207,3.84615e-05,0.0328846
10,600,2778,120,-19.2401,-58.4223,3.84615e-05,0.0328846
10,600,2911,120,-19.7186,-58.0747,3.84615e-05,0.0328846
10,600,4636,124,54.0839,109.539,3.84615e-05,0.0328846
10,600,2332,126,-20.0545,126.31,3.84615e-05,0.0328846
10,600,5030,132,-34.7807,-64.8784,3.84615e-05,0.0328846
10,600,5302,132,-35.1702,-65.2702,3.84615e-05,0.0328846
10,600,2129,133,-2.35217,-47.4723,3.84615e-05,0.0328846
10,600,3540,133,-2.58131,-47.8373,3.84615e-05,0.0328846
10,600,4426,135,47.1856,5.13596,3.84615e-05,0.0328846
10,600,3355,143,-80.8035,-22.8808,3.84615e-05,0.0328846
10,600,7609,156,-30.8403,-144.171,3.84615e-05,0.0328846
10,600,7174,157,-42.2312,-107.871,3.84615e-05,0.0328846
10,600,2408,163,37.837,56.2326,3.84615e-05,0.0328846
10,600,4625,163,37.8765,55.8834,3.84615e-05,0.0328846
10,600,2483,170,-7.60921,28.1591,3.84615e-05,0.0328846
10,600,6037,170,-7.36408,28.1406,3.84615e-05,0.0328846
10,600,5526,171,26.7482,27.6628,3.84615e-05,0.0328846
10,600,6184,171,26.7416,27.7467,3.84615e-05,0.0328846
10,600,3045,172,61.2657,26.5493,3.84615e-05,0.0328846
10,600,7398,173,83.4325,-120.267,3.84615e-05,0.0328846
10,600,7067,174,46.9487,-142.945,3.84615e-05,0.0328846
10,600,2100,182,54.8983,83.4517,3.84615e-05,0.0328846
10,600,2715,191,-70.9524,18.3399,3.84615e-05,0.0328846
10,600,7559,193,-6.0844,69.6605,3.84615e-05,0.0328846
10,600,3662,194,32.4702,81.6314,3.84615e-05,0.0328846
10,600,6366,194,32.2295,81.4379,3.84615e-05,0.0328846
11,660,3250,1,-78.9206,8.26709,3.84615e-05,0.0343846
11,660,4477,1,-78.6721,5.53278,3.84615e-05,0.0343846
11,660,7812,3,-16.4402,76.0474,3.84615e-05,0.0343846
11,660,3647,13,24.0425,-100.384,3.84615e-05,0.0343846
11,660,2419,14,2.91214,-75.0145,3.84615e-05,0.0343846
11,660,3030,15,-28.3643,-55.5351,3.84615e-05,0.0343846
11,660,2858,19,1.90458,100.081,3.84615e-05,0.0343846
11,660,2217,45,-28.5398,136.848,3.84615e-05,0.0343846
11,660,7043,47,29.3019,179.219,3.84615e-05,0.0343846
11,660,3200,58,-26.1528,147.068,3.84615e-05,0.0343846
11,660,7991,59,-2.17908,175.658,3.84615e-05,0.0343846
11,660,6907,61,-40.8546,162.091,3.84615e-05,0.0343846
11,660,4040,75,58.7539,-99.8987,3.84615e-05,0.0343846
11,660,6773,75,59.0959,-99.5986,3.84615e-05,0.0343846
11,660,4812,84,53.4325,13.0221,3.84615e-05,0.0343846
11,660,3442,91,39.7319,26.9753,3.84615e-05,0.0343846
11,660,3384,101,40.4983,86.2042,3.84615e-05,0.0343846
11,660,4764,101,40.3217,86.492,3.84615e-05,0.0343846
11,660,7128,104,-62.5043,95.1133,3.84615e-05,0.0343846
11,660,2431,114,-4.50121,103.163,3.84615e-05,0.0343846
11,660,2830,119,7.57648,-74.8818,3.84615e-05,0.0343846
11,660,5261,119,7.66462,-75.2911,3.84615e-05,0.0343846
11,660,6975,131,-53.5473,-110.379,3.84615e-05,0.0343846
11,660,7781,134,21.5646,-18.9489,3.84615e-05,0.0343846
11,660,2396,137,30.7731,108.841,3.84615e-05,0.0343846
11,660,2960,137,30.9682,109.244,3.84615e-05,0.0343846
11,660,4889,137,30.6154,109.185,3.84615e-05,0.0343846
11,660,7142,141,-30.1798,154.436,3.84615e-05,0.0343846
11,660,4936,150,12.4895,3.85895,3.84615e-05,0.0343846
11,660,5426,150,12.8963,3.7233,3.84615e-05,0.0343846
11,660,2421,164,48.8407,112.505,3.84615e-05,0.0343846
11,660,6978,167,-19.985,-154.007,3.84615e-05,0.0343846
11,660,2865,169,-43.8195,-70.872,3.84615e-05,0.0343846
11,660,2074,178,-80.1708,24.1767,3.84615e-05,0.0343846
11,660,2288,181,28.8534,60.0892,3.84615e-05,0.0343846
11,660,3332,181,29.0266,59.8945,3.84615e-05,0.0343846
11,660,7790,185,6.86644,-130.763,3.84615e-05,0.0343846
11,660,2452,194,33.3178,74.4289,3.84615e-05,0.0343846
11,660,4020,194,33.6827,75.1232,3.84615e-05,0.0343846
12,720,7150,9,-20.4364,-84.7729,3.84615e-05,0.0357308
12,720,4096,15,-31.5135,-52.1556,3.84615e-05,0.0357308
12,720,7725,18,-22.1119,77.4732,3.84615e-05,0.0357308
12,720,3068,21,-79.5719,-10.9957,3.84615e-05,0.0357308
12,720,7226,32,-64.3192,-52.1518,3.84615e-05,0.0357308
12,720,2965,33,-75.8893,160.78,3.84615e-05,0.0357308
12,720,3164,37,66.8754,141.979,3.84615e-05,0.0357308
12,720,2510,45,-28.0006,137.735,3.84615e-05,0.0357308
12,720,4234,55,-30.8626,26.8143,3.84615e-05,0.0357308
12,720,6114,55,-31.0726,27.1174,3.84615e-05,0.0357308
12,720,4275,65,52.2635,-63.6052,3.84615e-05,0.0357308
12,720,3519,75,61.6258,-95.2396,3.84615e-05,0.0357308
12,720,2763,78,-6.95925,30.1545,3.84615e-05,0.0357308
12,720,3083,82,44.1277,-103.806,3.84615e-05,0.0357308
12,720,2813,85,20.9836,41.9743,3.84615e-05,0.0357308
12,720,2757,105,-73.696,-100.187,3.84615e-05,0.0357308
12,720,6610,105,-73.9478,-99.2715,3.84615e-05,0.0357308
12,720,2160,112,46.7121,53.6112,3.84615e-05,0.0357308
12,720,3035,112,46.9643,54.025,3.84615e-05,0.0357308
12,720,6471,112,46.6063,53.5635,3.84615e-05,0.0357308
12,720,3429,113,23.7229,88.4771,3.84615e-05,0.0357308
12,720,4330,115,-31.4389,136.699,3.84615e-05,0.0357308
12,720,4882,115,-31.6411,136.584,3.84615e-05,0.0357308
12,720,2147,119,9.98748,-74.1034,3.84615e-05,0.0357308
12,720,2039,128,-82.3221,-92.5182,3.84615e-05,0.0357308
12,720,2048,132,-31.7076,-64.5238,3.84615e-05,0.0357308
12,720,7653,140,3.57534,153.393,3.84615e-05,0.0357308
12,720,5265,150,9.09032,7.98976,3.84615e-05,0.0357308
12,720,6402,150,9.81403,8.03078,3.84615e-05,0.0357308
12,720,3310,172,67.5842,37.1354,3.84615e-05,0.0357308
12,720,3668,172,67.8746,36.5009,3.84615e-05,0.0357308
12,720,5106,172,67.3476,37.631,3.84615e-05,0.0357308
12,720,2087,181,29.2735,65.6376,3.84615e-05,0.0357308
12,720,2383,195,63.8184,118.455,3.84615e-05,0.0357308
12,720,7288,197,32.9462,-120.553,3.84615e-05,0.0357308
13,780,7497,0,-59.3527,-76.2701,3.84615e-05,0.0373462
13,780,3667,1,-71.4428,15.1185,3.84615e-05,0.0373462
13,780,4816,1,-71.36,14.1049,3.84615e-05,0.0373462
13,780,3561,7,41.3661,-114.535,3.84615e-05,0.0373462
13,780,4333,7,41.4316,-114.271,3.84615e-05,0.0373462
13,780,2732,10,32.177,131.732,3.84615e-05,0.0373462
13,780,2989,23,-20.5704,118.508,3.84615e-05,0.0373462
13,780,4520,25,47.7842,134.182,3.84615e-05,0.0373462
13,780,6787,25,48.2431,134.107,3.84615e-05,0.0373462
13,780,2234,29,-13.7324,-56.5081,3.84615e-05,0.0373462
13,780,5772,49,42.4397,-75.7821,3.84615e-05,0.0373462
13,780,5880,49,42.0918,-75.6311,3.84615e-05,0.0373462
13,780,3669,51,46.9848,-111.592,3.84615e-05,0.0373462
13,780,5545,51,47.4007,-111.49,3.84615e-05,0.0373462
13,780,7915,53,19.9856,-27.3583,3.84615e-05,0.0373462
13,780,7233,54,-8.51933,-4.41708,3.84615e-05,0.0373462
13,780,3669,64,46.9848,-111.592,3.84615e-05,0.0373462
13,780,5545,64,47.4007,-111.49,3.84615e-05,0.0373462
13,780,7772,72,-27.3532,-164.801,3.84615e-05,0.0373462
13,780,7897,96,-30.0457,-153.492,3.84615e-05,0.0373462
13,780,2737,104,-74.3774,79.6967,3.84615e-05,0.0373462
13,780,4064,104,-74.7319,81.4833,3.84615e-05,0.0373462
13,780,4321,104,-74.9482,81.6438,3.84615e-05,0.0373462
13,780,2268,108,38.4287,-92.8256,3.84615e-05,0.0373462
13,780,4019,108,38.4618,-93.0804,3.84615e-05,0.0373462
13,780,6100,108,38.7847,-92.5598,3.84615e-05,0.0373462
13,780,7547,118,-21.1908,-90.0465,3.84615e-05,0.0373462
13,780,3110,124,40.872,109.997,3.84615e-05,0.0373462
13,780,3704,124,40.1488,109.995,3.84615e-05,0.0373462
13,780,5180,124,40.537,110.164,3.84615e-05,0.0373462
13,780,5094,138,-4.2252,136.893,3.84615e-05,0.0373462
13,780,5300,138,-4.30794,136.534,3.84615e-05,0.0373462
13,780,2246,147,74.4728,-23.6691,3.84615e-05,0.0373462
13,780,5932,147,73.9201,-23.6151,3.84615e-05,0.0373462
13,780,3523,152,43.3074,93.4361,3.84615e-05,0.0373462
13,780,3487,162,23.0686,32.3588,3.84615e-05,0.0373462
13,780,3679,162,23.2124,31.764,3.84615e-05,0.0373462
13,780,5015,170,1.39899,33.7037,3.84615e-05,0.0373462
13,780,6778,170,1.4361,33.301,3.84615e-05,0.0373462
13,780,3000,178,-71.871,41.3236,3.84615e-05,0.0373462
13,780,5742,178,-72.2439,40.7172,3.84615e-05,0.0373462
13,780,4301,181,36.0005,70.3333,3.84615e-05,0.0373462
13,780,5414,181,35.8131,70.5161,3.84615e-05,0.0373462
13,780,3140,189,-27.5496,29.9132,3.84615e-05,0.0373462
14,840,2464,4,27.8752,97.0806,3.84615e-05,0.0385769
14,840,2655,21,-79.4332,28.2303,3.84615e-05,0.0385769
14,840,6864,22,-54.7674,112.14,3.84615e-05,0.0385769
14,840,2973,24,17.5703,120.334,3.84615e-05,0.0385769
14,840,3547,24,17.8465,120.531,3.84615e-05,0.0385769
14,840,2493,29,-16.8045,-53.7217,3.84615e-05,0.0385769
14,840,2334,33,-68.1737,135.429,3.84615e-05,0.0385769
14,840,5251,33,-68.4718,134.139,3.84615e-05,0.0385769
14,840,2174,51,47.7397,-108.045,3.84615e-05,0.0385769
14,840,2315,77,26.2974,22.6252,3.84615e-05,0.0385769
14,840,5083,77,26.5148,23.117,3.84615e-05,0.0385769
14,840,2797,82,44.6264,-93.4272,3.84615e-05,0.0385769
14,840,6560,82,44.8012,-93.8885,3.84615e-05,0.0385769
14,840,2703,84,42.2134,13.5813,3.84615e-05,0.0385769
14,840,5429,84,42.2655,13.5892,3.84615e-05,0.0385769
14,840,7690,88,-60.0829,140.849,3.84615e-05,0.0385769
14,840,2872,98,17.2262,-93.213,3.84615e-05,0.0385769
14,840,7380,110,40.7985,-43.5931,3.84615e-05,0.0385769
14,840,2712,120,-3.8382,-59.3128,3.84615e-05,0.0385769
14,840,5077,120,-3.6551,-59.4702,3.84615e-05,0.0385769
14,840,6226,120,-4.02943,-59.2089,3.84615e-05,0.0385769
14,840,3296,132,-23.2143,-63.7026,3.84615e-05,0.0385769
14,840,3621,142,-78.2973,157.29,3.84615e-05,0.0385769
14,840,6891,144,-30.7182,-31.4484,3.84615e-05,0.0385769
14,840,2928,148,66.3657,156.887,3.84615e-05,0.0385769
14,840,5206,148,66.4681,156.168,3.84615e-05,0.0385769
14,840,3390,150,16.4028,12.0324,3.84615e-05,0.0385769
14,840,4138,150,16.6948,12.0177,3.84615e-05,0.0385769
14,840,6989,156,-42.1141,-138.339,3.84615e-05,0.0385769
14,840,7354,159,-10.5365,-11.6027,3.84615e-05,0.0385769
14,840,7299,178,-69.1299,21.5623,3.84615e-05,0.0385769
14,840,2232,181,37.1742,65.679,3.84615e-05,0.0385769
15,900,2018,1,-68.6442,52.8068,3.84615e-05,0.0397308
15,900,2799,6,65.2155,-145.394,3.84615e-05,0.0397308
15,900,3143,6,64.6341,-145.757,3.84615e-05,0.0397308
15,900,7884,26,77.3103,-135.192,3.84615e-05,0.0397308
15,900,2194,30,-4.92895,-43.9203,3.84615e-05,0.0397308
15,900,2895,38,67.4163,-43.1006,3.84615e-05,0.0397308
15,900,7830,47,40.6766,-170.185,3.84615e-05,0.0397308
15,900,2784,48,55.7008,-120.222,3.84615e-05,0.0397308
15,900,2829,51,48.6027,-102.15,3.84615e-05,0.0397308
15,900,7791,61,-26.0755,168.511,3.84615e-05,0.0397308
15,900,2829,64,48.6027,-102.15,3.84615e-05,0.0397308
15,900,2151,67,0.166649,15.7343,3.84615e-05,0.0397308
15,900,2375,70,-72.1893,103.753,3.84615e-05,0.0397308
15,900,2367,78,-14.4929,31.3542,3.84615e-05,0.0397308
15,900,6206,78,-14.4815,31.3841,3.84615e-05,0.0397308
15,900,2706,111,48.9315,19.3768,3.84615e-05,0.0397308
15,900,2241,124,31.5906,111.696,3.84615e-05,0.0397308
15,900,3811,124,31.545,112.108,3.84615e-05,0.0397308
15,900,2805,127,-75.3228,127.478,3.84615e-05,0.0397308
15,900,2085,132,-23.4161,-56.4133,3.84615e-05,0.0397308
15,900,3014,136,42.4626,86.8824,3.84615e-05,0.0397308
15,900,7570,157,-48.6266,-81.291,3.84615e-05,0.0397308
15,900,7291,160,-22.3443,-15.4725,3.84615e-05,0.0397308
15,900,5246,170,6.91271,30.0078,3.84615e-05,0.0397308
15,900,5513,170,6.78617,29.8351,3.84615e-05,0.0397308
15,900,5909,173,62.9655,-159.095,3.84615e-05,0.0397308
15,900,6990,175,-6.51266,-153.285,3.84615e-05,0.0397308
15,900,2879,182,61.8465,117.911,3.84615e-05,0.0397308
15,900,7030,184,26.0862,-142.099,3.84615e-05,0.0397308
15,900,4853,189,-23.6134,32.544,3.84615e-05,0.0397308
15,900,5732,189,-23.57,32.8032,3.84615e-05,0.0397308
16,960,7712,0,-67.0637,-42.0202,3.84615e-05,0.0412692
16,960,4699,6,64.1097,-123.598,3.84615e-05,0.0412692
16,960,6130,6,64.1758,-122.822,3.84615e-05,0.0412692
16,960,6354,6,64.2145,-122.126,3.84615e-05,0.0412692
16,960,2537,7,33.4754,-108.903,3.84615e-05,0.0412692
16,960,2607,14,-15.4621,-68.5608,3.84615e-05,0.0412692
16,960,2543,21,-75.9217,65.7881,3.84615e-05,0.0412692
16,960,4434,21,-76.1766,66.8572,3.84615e-05,0.0412692
16,960,2230,25,58.4741,140.576,3.84615e-05,0.0412692
16,960,4684,25,58.288,140.533,3.84615e-05,0.0412692
16,960,2498,29,-24.9148,-58.7869,3.84615e-05,0.0412692
16,960,3273,30,-9.8381,-46.4653,3.84615e-05,0.0412692
16,960,3448,30,-9.80078,-46.8344,3.84615e-05,0.0412692
16,960,2893,32,-79.5763,-82.907,3.84615e-05,0.0412692
16,960,2356,34,-27.579,141.227,3.84615e-05,0.0412692
16,960,3184,48,54.3529,-106.28,3.84615e-05,0.0412692
16,960,7195,60,-46.3165,136.221,3.84615e-05,0.0412692
16,960,2492,70,-67.4514,124.387,3.84615e-05,0.0412692
16,960,2427,74,53.1734,-128.175,3.84615e-05,0.0412692
16,960,5011,84,37.8213,21.0498,3.84615e-05,0.0412692
16,960,7593,87,-56.172,88.556,3.84615e-05,0.0412692
16,960,2189,90,46.3346,4.36739,3.84615e-05,0.0412692
16,960,5174,90,46.1717,4.66747,3.84615e-05,0.0412692
16,960,3909,100,60.7448,71.8227,3.84615e-05,0.0412692
16,960,4811,100,61.4101,73.1452,3.84615e-05,0.0412692
16,960,5672,100,61.0721,72.564,3.84615e-05,0.0412692
16,960,7111,107,13.6368,-99.8767,3.84615e-05,0.0412692
16,960,5505,108,46.8434,-88.5123,3.84615e-05,0.0412692
16,960,6102,108,46.4776,-88.8879,3.84615e-05,0.0412692
16,960,3955,109,80.3039,-61.7203,3.84615e-05,0.0412692
16,960,2906,111,50.2164,21.8042,3.84615e-05,0.0412692
16,960,2423,120,4.51857,-55.7666,3.84615e-05,0.0412692
16,960,4761,120,4.63689,-55.3819,3.84615e-05,0.0412692
16,960,2203,122,77.0764,-50.3277,3.84615e-05,0.0412692
16,960,7885,131,-46.4774,-84.5341,3.84615e-05,0.0412692
16,960,2400,142,-84.0793,163.222,3.84615e-05,0.0412692
16,960,6782,142,-84.2232,164.329,3.84615e-05,0.0412692
16,960,2230,148,58.4741,140.576,3.84615e-05,0.0412692
16,960,4684,148,58.288,140.533,3.84615e-05,0.0412692
16,960,2168,161,3.1782,16.2677,3.84615e-05,0.0412692
16,960,3074,173,61.5635,-143.59,3.84615e-05,0.0412692
16,960,4354,190,-74.5404,-11.4136,3.84615e-05,0.0412692
17,1020,7724,1,-65.675,56.3365,3.84615e-05,0.0426923
17,1020,3289,12,31.4929,-116.365,3.84615e-05,0.0426923
17,1020,5694,12,31.6273,-116.701,3.84615e-05,0.0426923
17,1020,3253,25,63.7722,135.795,3.84615e-05,0.0426923
17,1020,2681,30,-13.2823,-47.4668,3.84615e-05,0.0426923
17,1020,3098,36,51.8496,136.537,3.84615e-05,0.0426923
17,1020,6844,62,6.4276,-160.604,3.84615e-05,0.0426923
17,1020,5764,66,16.4148,-5.25783,3.84615e-05,0.0426923
17,1020,5944,66,16.4568,-4.7265,3.84615e-05,0.0426923
17,1020,3907,76,44.497,1.66289,3.84615e-05,0.0426923
17,1020,2693,77,10.3354,20.6554,3.84615e-05,0.0426923
17,1020,2659,85,0.579514,42.7437,3.84615e-05,0.0426923
17,1020,2119,104,-85.4477,82.2134,3.84615e-05,0.0426923
17,1020,3422,111,53.3903,28.7561,3.84615e-05,0.0426923
17,1020,5680,111,53.5154,28.4796,3.84615e-05,0.0426923
17,1020,2274,112,33.1367,67.8443,3.84615e-05,0.0426923
17,1020,2963,114,-23.7327,118.609,3.84615e-05,0.0426923
17,1020,3313,114,-23.9597,118.511,3.84615e-05,0.0426923
17,1020,4268,123,63.1514,100.787,3.84615e-05,0.0426923
17,1020,5093,123,62.8484,100.096,3.84615e-05,0.0426923
17,1020,3829,127,-81.3816,146.396,3.84615e-05,0.0426923
17,1020,2031,135,57.518,44.1563,3.84615e-05,0.0426923
17,1020,2346,138,-17.4062,145.419,3.84615e-05,0.0426923
17,1020,2677,138,-17.5681,145.205,3.84615e-05,0.0426923
17,1020,6643,138,-17.3436,145.908,3.84615e-05,0.0426923
17,1020,2121,139,-41.5608,172.687,3.84615e-05,0.0426923
17,1020,6861,140,-15.5922,152.829,3.84615e-05,0.0426923
17,1020,7018,145,14.7405,-20.2074,3.84615e-05,0.0426923
17,1020,7966,147,81.6025,42.8778,3.84615e-05,0.0426923
17,1020,7112,160,-17.5717,-10.2958,3.84615e-05,0.0426923
17,1020,6867,169,-44.2787,-38.7924,3.84615e-05,0.0426923
17,1020,2380,179,-18.4052,25.566,3.84615e-05,0.0426923
17,1020,7056,184,18.9794,-139.34,3.84615e-05,0.0426923
17,1020,4175,189,-14.2266,35.8482,3.84615e-05,0.0426923
17,1020,2281,193,24.7371,69.7051,3.84615e-05,0.0426923
17,1020,3828,193,25.2122,70.0263,3.84615e-05,0.0426923
17,1020,6720,193,25.0327,69.322,3.84615e-05,0.0426923
18,1080,7561,8,-5.97633,-91.401,3.84615e-05,0.0439231
18,1080,7662,9,-41.9841,-86.3149,3.84615e-05,0.0439231
18,1080,3187,21,-70.5017,78.5729,3.84615e-05,0.0439231
18,1080,4757,21,-70.4919,80.2538,3.84615e-05,0.0439231
18,1080,3997,34,-16.2002,135.529,3.84615e-05,0.0439231
18,1080,3526,44,-29.399,123.713,3.84615e-05,0.0439231
18,1080,2166,57,-34.9833,144.95,3.84615e-05,0.0439231
18,1080,4933,60,-41.3482,145.045,3.84615e-05,0.0439231
18,1080,6055,60,-41.3988,145.564,3.84615e-05,0.0439231
18,1080,4204,64,51.826,-83.7307,3.84615e-05,0.0439231
18,1080,2305,84,30.5655,27.0007,3.84615e-05,0.0439231
18,1080,2215,91,21.1824,48.936,3.84615e-05,0.0439231
18,1080,3392,98,27.9118,-81.5217,3.84615e-05,0.0439231
18,1080,4855,98,27.6629,-81.7457,3.84615e-05,0.0439231
18,1080,2022,101,17.8656,80.7752,3.84615e-05,0.0439231
18,1080,3607,101,17.5287,80.7576,3.84615e-05,0.0439231
18,1080,3544,104,-87.6759,-85.6443,3.84615e-05,0.0439231
18,1080,6555,104,-87.4433,-78.4346,3.84615e-05,0.0439231
18,1080,2555,108,53.616,-90.8232,3.84615e-05,0.0439231
18,1080,6022,111,46.9099,32.5917,3.84615e-05,0.0439231
18,1080,6274,111,46.4905,32.4604,3.84615e-05,0.0439231
18,1080,2496,142,-88.0534,-74.6427,3.84615e-05,0.0439231
18,1080,3544,142,-87.6759,-85.6443,3.84615e-05,0.0439231
18,1080,6555,142,-87.4433,-78.4346,3.84615e-05,0.0439231
18,1080,3692,148,51.615,142.99,3.84615e-05,0.0439231
18,1080,7868,148,51.9591,143.367,3.84615e-05,0.0439231
18,1080,3213,152,44.193,117.387,3.84615e-05,0.0439231
18,1080,5225,152,44.4661,117.176,3.84615e-05,0.0439231
18,1080,4090,161,8.7957,24.4695,3.84615e-05,0.0439231
18,1080,4747,161,8.46592,24.23,3.84615e-05,0.0439231
18,1080,3664,190,-74.211,3.08365,3.84615e-05,0.0439231
18,1080,6187,190,-74.1172,3.16463,3.84615e-05,0.0439231
18,1080,3225,193,24.8944,70.6284,3.84615e-05,0.0439231
18,1080,6035,193,24.7795,70.7868,3.84615e-05,0.0439231
19,1140,3790,6,55.092,-128.456,3.84615e-05,0.0454231
19,1140,5543,6,55.0979,-127.208,3.84615e-05,0.0454231
19,1140,4141,12,31.3678,-104.277,3.84615e-05,0.0454231
19,1140,4678,12,31.2225,-104.723,3.84615e-05,0.0454231
19,1140,7428,16,-44.534,33.3855,3.84615e-05,0.0454231
19,1140,3099,21,-68.6147,99.3281,3.84615e-05,0.0454231
19,1140,5490,21,-68.7273,99.3833,3.84615e-05,0.0454231
19,1140,2440,23,4.49806,115.789,3.84615e-05,0.0454231
19,1140,6411,23,3.8674,116.257,3.84615e-05,0.0454231
19,1140,2284,53,6.49025,-10.4136,3.84615e-05,0.0454231
19,1140,5638,53,6.0879,-10.2859,3.84615e-05,0.0454231
19,1140,2412,57,-28.2526,142.241,3.84615e-05,0.0454231
19,1140,4516,57,-28.5058,142.668,3.84615e-05,0.0454231
19,1140,7025,80,0.878387,-130.11,3.84615e-05,0.0454231
19,1140,2746,81,32.1558,-110.235,3.84615e-05,0.0454231
19,1140,2449,82,57.5801,-71.3366,3.84615e-05,0.0454231
19,1140,6853,86,-35.1811,63.1713,3.84615e-05,0.0454231
19,1140,7757,89,-24.5589,-150.795,3.84615e-05,0.0454231
19,1140,3335,98,36.0428,-81.4213,3.84615e-05,0.0454231
19,1140,6200,98,36.3286,-81.1372,3.84615e-05,0.0454231
19,1140,3193,100,50.6923,74.729,3.84615e-05,0.0454231
19,1140,2734,107,24.0195,-98.4933,3.84615e-05,0.0454231
19,1140,3512,107,24.3477,-98.7033,3.84615e-05,0.0454231
19,1140,3803,107,24.3481,-99.1268,3.84615e-05,0.0454231
19,1140,6915,115,-45.8184,161.698,3.84615e-05,0.0454231
19,1140,2985,127,-86.2423,161.03,3.84615e-05,0.0454231
19,1140,6731,127,-86.0906,150.072,3.84615e-05,0.0454231
19,1140,3066,136,33.6715,101.665,3.84615e-05,0.0454231
19,1140,4989,136,33.2759,101.612,3.84615e-05,0.0454231
19,1140,7033,146,60.0787,-10.2704,3.84615e-05,0.0454231
19,1140,3711,150,30.4911,24.2561,3.84615e-05,0.0454231
19,1140,7708,158,-23.4838,-25.4099,3.84615e-05,0.0454231
19,1140,4399,177,-84.0429,9.23505,3.84615e-05,0.0454231
19,1140,4518,177,-84.2201,10.9142,3.84615e-05,0.0454231
19,1140,2379,179,-12.8568,32.674,3.84615e-05,0.0454231
19,1140,3743,179,-12.7387,32.9947,3.84615e-05,0.0454231
19,1140,3583,180,23.9759,54.2797,3.84615e-05,0.0454231
19,1140,2145,193,27.637,79.4361,3.84615e-05,0.0454231
19,1140,3451,193,27.3801,78.8069,3.84615e-05,0.0454231
20,1200,2134,7,20.6684,-101.178,3.84615e-05,0.0469231
20,1200,4861,7,20.9109,-101.196,3.84615e-05,0.0469231
20,1200,5203,12,23.8695,-105.481,3.84615e-05,0.0469231
20,1200,6302,12,23.6909,-105.668,3.84615e-05,0.0469231
20,1200,3653,28,-4.52217,-63.0576,3.84615e-05,0.0469231
20,1200,4818,28,-4.75017,-62.7356,3.84615e-05,0.0469231
20,1200,2970,36,60.6776,134.823,3.84615e-05,0.0469231
20,1200,2916,44,-30.991,133.482,3.84615e-05,0.0469231
20,1200,4462,51,50.7774,-66.0419,3.84615e-05,0.0469231
20,1200,7094,58,-3.77556,173.328,3.84615e-05,0.0469231
20,1200,3678,66,11.4585,5.39644,3.84615e-05,0.0469231
20,1200,6386,66,11.6703,5.07504,3.84615e-05,0.0469231
20,1200,7417,70,-59.8241,158.054,3.84615e-05,0.0469231
20,1200,2472,77,5.19181,29.751,3.84615e-05,0.0469231
20,1200,3489,77,5.53384,30.0363,3.84615e-05,0.0469231
20,1200,2402,83,51.2616,-3.07907,3.84615e-05,0.0469231
20,1200,2185,84,22.4923,30.7389,3.84615e-05,0.0469231
20,1200,3194,84,22.8127,30.6844,3.84615e-05,0.0469231
20,1200,2721,90,41.365,19.4213,3.84615e-05,0.0469231
20,1200,5046,108,60.9516,-99.5836,3.84615e-05,0.0469231
20,1200,6544,108,61.206,-99.6823,3.84615e-05,0.0469231
20,1200,2224,111,45.1982,45.2413,3.84615e-05,0.0469231
20,1200,6313,111,45.3144,45.0955,3.84615e-05,0.0469231
20,1200,6887,116,-50.7396,-136.693,3.84615e-05,0.0469231
20,1200,2918,118,4.92612,-76.3034,3.84615e-05,0.0469231
20,1200,3538,118,4.97883,-76.055,3.84615e-05,0.0469231
20,1200,3198,127,-85.5392,-144.579,3.84615e-05,0.0469231
20,1200,3170,132,-5.03195,-51.3942,3.84615e-05,0.0469231
20,1200,3320,135,54.5833,70.1407,3.84615e-05,0.0469231
20,1200,3894,135,54.3073,70.3897,3.84615e-05,0.0469231
20,1200,6106,135,54.7192,69.3558,3.84615e-05,0.0469231
20,1200,2469,142,-80.0686,-23.9725,3.84615e-05,0.0469231
20,1200,2507,161,18.8382,22.5448,3.84615e-05,0.0469231
20,1200,3687,161,18.4455,22.7708,3.84615e-05,0.0469231
20,1200,2002,168,-49.5235,-72.8763,3.84615e-05,0.0469231
20,1200,3203,177,-82.3885,25.025,3.84615e-05,0.0469231
20,1200,6909,185,-23.2177,-117.602,3.84615e-05,0.0469231
20,1200,2320,193,29.5716,77.3911,3.84615e-05,0.0469231
20,1200,7366,197,4.94717,-113.012,3.84615e-05,0.0469231
21,1260,17,5,71.831,-179.161,0.000384615,0.0516923
21,1260,97,5,71.5563,178.986,0.000384615,0.0516923
21,1260,177,5,71.6175,179.971,0.000384615,0.0516923
21,1260,377,5,71.4358,179.213,0.000384615,0.0516923
21,1260,417,5,71.5361,178.871,0.000384615,0.0516923
21,1260,897,5,71.9371,-179.845,0.000384615,0.0516923
21,1260,1177,5,71.7051,-179.527,0.000384615,0.0516923
21,1260,1257,5,71.1737,-179.664,0.000384615,0.0516923
21,1260,1777,5,71.9689,-178.828,0.000384615,0.0516923
21,1260,1857,5,71.7322,179.224,0.000384615,0.0516923
21,1260,5123,34,-7.02908,140.537,3.84615e-05,0.0516923
21,1260,5194,34,-6.99319,140.289,3.84615e-05,0.0516923
21,1260,2252,36,64.2478,137.931,3.84615e-05,0.0516923
21,1260,2212,48,50.1972,-81.3132,3.84615e-05,0.0516923
21,1260,3238,54,-29.5129,23.1061,3.84615e-05,0.0516923
21,1260,3739,54,-29.3265,22.9828,3.84615e-05,0.0516923
21,1260,2979,57,-23.2335,147.261,3.84615e-05,0.0516923
21,1260,6919,62,23.3978,-153.465,3.84615e-05,0.0516923
21,1260,3339,66,7.40191,0.879181,3.84615e-05,0.0516923
21,1260,3673,67,-21.4352,22.0858,3.84615e-05,0.0516923
21,1260,3084,74,64.8705,-109.845,3.84615e-05,0.0516923
21,1260,7332,88,-54.1779,-171.9,3.84615e-05,0.0516923
21,1260,5259,90,38.7197,22.0497,3.84615e-05,0.0516923
21,1260,2017,104,-79.2751,-102.995,3.84615e-05,0.0516923
21,1260,3845,118,2.48746,-73.623,3.84615e-05,0.0516923
21,1260,2191,159,15.7506,3.16406,3.84615e-05,0.0516923
21,1260,3365,159,15.9695,2.75456,3.84615e-05,0.0516923
21,1260,3778,161,17.3608,27.4609,3.84615e-05,0.0516923
21,1260,6232,161,17.2038,27.4487,3.84615e-05,0.0516923
21,1260,2654,163,49.554,112.935,3.84615e-05,0.0516923
21,1260,3878,170,30.0559,24.9586,3.84615e-05,0.0516923
21,1260,3567,171,67.1655,34.4708,3.84615e-05,0.0516923
21,1260,5520,171,67.4291,35.03,3.84615e-05,0.0516923
21,1260,6819,196,35.17,-123.43,3.84615e-05,0.0516923
22,1320,817,5,70.8623,-175.735,0.000384615,0.0533462
22,1320,1537,5,70.4504,-175.223,0.000384615,0.0533462
22,1320,2649,37,76.2538,-41.6582,3.84615e-05,0.0533462
22,1320,2500,67,-21.2163,31.3576,3.84615e-05,0.0533462
22,1320,2159,74,64.2571,-97.4293,3.84615e-05,0.0533462
22,1320,5086,77,-2.51443,31.3506,3.84615e-05,0.0533462
22,1320,5099,77,-2.67958,31.5915,3.84615e-05,0.0533462
22,1320,7286,88,-45.0628,-173.498,3.84615e-05,0.0533462
22,1320,2081,103,-68.3589,81.9012,3.84615e-05,0.0533462
22,1320,7989,106,-2.10114,-102.029,3.84615e-05,0.0533462
22,1320,3787,118,7.16376,-70.8627,3.84615e-05,0.0533462
22,1320,4787,118,7.45505,-70.9977,3.84615e-05,0.0533462
22,1320,5555,125,-24.6928,124.521,3.84615e-05,0.0533462
22,1320,5561,125,-25.1658,124.221,3.84615e-05,0.0533462
22,1320,6128,125,-24.6111,124.821,3.84615e-05,0.0533462
22,1320,2044,131,-26.4587,-69.9997,3.84615e-05,0.0533462
22,1320,3863,131,-26.2404,-69.8522,3.84615e-05,0.0533462
22,1320,7735,138,-25.451,160.805,3.84615e-05,0.0533462
22,1320,3022,177,-71.9421,37.0239,3.84615e-05,0.0533462
22,1320,5086,179,-2.51443,31.3506,3.84615e-05,0.0533462
22,1320,5099,179,-2.67958,31.5915,3.84615e-05,0.0533462
22,1320,4775,180,30.0428,65.8656,3.84615e-05,0.0533462
22,1320,3385,188,-28.4593,26.1541,3.84615e-05,0.0533462
22,1320,4573,193,39.757,73.3552,3.84615e-05,0.0533462
22,1320,4947,193,39.5962,74.0898,3.84615e-05,0.0533462
22,1320,2401,195,59.9286,-159.809,3.84615e-05,0.0533462
22,1320,7524,198,-35.8085,-98.5412,3.84615e-05,0.0533462
23,1380,2971,0,-71.7896,18.1726,3.84615e-05,0.0543077
23,1380,3227,32,-69.1739,135.862,3.84615e-05,0.0543077
23,1380,4093,32,-69.1235,135.56,3.84615e-05,0.0543077
23,1380,7311,41,-32.5785,7.05977,3.84615e-05,0.0543077
23,1380,2544,48,40.5211,-75.1372,3.84615e-05,0.0543077
23,1380,2441,50,47.7352,-112.917,3.84615e-05,0.0543077
23,1380,3789,54,-31.4995,27.2519,3.84615e-05,0.0543077
23,1380,2441,63,47.7352,-112.917,3.84615e-05,0.0543077
23,1380,2976,81,44.3057,-100.315,3.84615e-05,0.0543077
23,1380,5830,81,44.27,-99.8585,3.84615e-05,0.0543077
23,1380,2927,97,19.4827,-99.0184,3.84615e-05,0.0543077
23,1380,2033,107,35.6834,-92.908,3.84615e-05,0.0543077
23,1380,2157,111,39.7666,52.6557,3.84615e-05,0.0543077
23,1380,7689,117,-12.6857,-94.3501,3.84615e-05,0.0543077
23,1380,3092,127,-77.5391,-80.7822,3.84615e-05,0.0543077
23,1380,2978,135,43.6551,80.8867,3.84615e-05,0.0543077
23,1380,3883,141,-77.3822,155.583,3.84615e-05,0.0543077
23,1380,7755,149,-1.72189,150.604,3.84615e-05,0.0543077
23,1380,4086,151,43.7508,87.1735,3.84615e-05,0.0543077
23,1380,4751,161,25.6921,30.8321,3.84615e-05,0.0543077
23,1380,6490,161,25.4354,30.872,3.84615e-05,0.0543077
23,1380,4572,170,37.0692,32.073,3.84615e-05,0.0543077
23,1380,5279,177,-70.0983,16.277,3.84615e-05,0.0543077
23,1380,3276,180,33.302,69.1728,3.84615e-05,0.0543077
23,1380,5197,180,33.5536,68.7006,3.84615e-05,0.0543077
23,1380,3915,188,-27.1484,27.3445,3.84615e-05,0.0543077
24,1440,3344,3,29.2122,86.3838,3.84615e-05,0.0552692
24,1440,7695,8,-28.8868,-93.2009,3.84615e-05,0.0552692
24,1440,3822,13,-8.84969,-67.8195,3.84615e-05,0.0552692
24,1440,6793,13,-8.67046,-67.7954,3.84615e-05,0.0552692
24,1440,2015,26,51.6373,-69.0751,3.84615e-05,0.0552692
24,1440,2233,44,-20.4619,142.339,3.84615e-05,0.0552692
24,1440,7919,58,6.98468,-178.495,3.84615e-05,0.0552692
24,1440,2750,66,1.42826,13.1086,3.84615e-05,0.0552692
24,1440,3326,66,1.23008,13.2226,3.84615e-05,0.0552692
24,1440,2637,74,70.6452,-84.727,3.84615e-05,0.0552692
24,1440,2788,79,-72.0726,96.7495,3.84615e-05,0.0552692
24,1440,2296,81,46.5861,-94.5554,3.84615e-05,0.0552692
24,1440,4324,100,31.5276,76.2387,3.84615e-05,0.0552692
24,1440,6487,100,31.3535,76.3053,3.84615e-05,0.0552692
24,1440,3354,103,-76.1809,99.7226,3.84615e-05,0.0552692
24,1440,5953,103,-76.4213,99.4617,3.84615e-05,0.0552692
24,1440,5399,141,-77.0028,163.248,3.84615e-05,0.0552692
24,1440,2560,150,42.6691,46.8938,3.84615e-05,0.0552692
24,1440,7172,155,-42.5028,-139.073,3.84615e-05,0.0552692
24,1440,2476,159,15.9618,12.8396,3.84615e-05,0.0552692
24,1440,7221,167,-48.9351,-106.807,3.84615e-05,0.0552692
24,1440,7560,169,-20.7123,-15.5345,3.84615e-05,0.0552692
24,1440,2603,181,65.2815,110.881,3.84615e-05,0.0552692
24,1440,7636,192,9.34837,70.5113,3.84615e-05,0.0552692
24,1440,3171,193,46.0441,78.7993,3.84615e-05,0.0552692
25,1500,7212,2,-3.57681,83.8874,3.84615e-05,0.0589231
25,1500,2474,18,14.1657,108.059,3.84615e-05,0.0589231
25,1500,2082,39,-8.61495,-48.7486,3.84615e-05,0.0589231
25,1500,7827,41,-41.8112,8.85367,3.84615e-05,0.0589231
25,1500,3107,47,55.3184,-118.69,3.84615e-05,0.0589231
25,1500,3757,50,49.7937,-100.037,3.84615e-05,0.0589231
25,1500,2596,63,56.9452,-104.215,3.84615e-05,0.0589231
25,1500,7723,80,26.8205,-123.582,3.84615e-05,0.0589231
25,1500,2301,99,47.3464,-1.74951,3.84615e-05,0.0589231
25,1500,6546,107,46.5721,-91.1563,3.84615e-05,0.0589231
25,1500,3414,118,18.5081,-69.9034,3.84615e-05,0.0589231
25,1500,2388,121,70.7876,-37.7138,3.84615e-05,0.0589231
25,1500,6536,121,71.2016,-37.3307,3.84615e-05,0.0589231
25,1500,2518,122,68.3319,91.0202,3.84615e-05,0.0589231
25,1500,6027,122,67.9683,90.2242,3.84615e-05,0.0589231
25,1500,2609,123,35.5091,117.106,3.84615e-05,0.0589231
25,1500,2957,124,-1.75325,113.661,3.84615e-05,0.0589231
25,1500,3721,126,-75.1991,132.433,3.84615e-05,0.0589231
25,1500,358,129,5.10708,-61.8865,0.000384615,0.0589231
25,1500,638,129,4.97233,-62.0051,0.000384615,0.0589231
25,1500,718,129,5.07476,-62.3296,0.000384615,0.0589231
25,1500,878,129,5.30605,-62.3165,0.000384615,0.0589231
25,1500,1278,129,5.58145,-62.5443,0.000384615,0.0589231
25,1500,1438,129,4.95843,-62.3069,0.000384615,0.0589231
25,1500,1518,129,5.20355,-62.2345,0.000384615,0.0589231
25,1500,4166,146,78.0251,16.1052,3.84615e-05,0.0589231
25,1500,3363,147,60.4266,151.435,3.84615e-05,0.0589231
25,1500,4621,147,60.402,151.407,3.84615e-05,0.0589231
25,1500,7334,155,-39.4049,-131.59,3.84615e-05,0.0589231
25,1500,7034,174,-8.26713,-149.408,3.84615e-05,0.0589231
25,1500,3936,178,-25.839,23.908,3.84615e-05,0.0589231
25,1500,6749,178,-25.9183,23.5278,3.84615e-05,0.0589231
26,1560,2292,5,66.6012,-133.279,3.84615e-05,0.0619231
26,1560,2460,11,38.1551,-116.52,3.84615e-05,0.0619231
26,1560,7202,16,-39.3409,61.6183,3.84615e-05,0.0619231
26,1560,4647,20,-74.9324,62.611,3.84615e-05,0.0619231
26,1560,6105,20,-74.4563,62.619,3.84615e-05,0.0619231
26,1560,3395,24,61.5312,135.406,3.84615e-05,0.0619231
26,1560,2946,26,42.9759,-76.2737,3.84615e-05,0.0619231
26,1560,118,27,5.00828,-63.5932,0.000384615,0.0619231
26,1560,758,27,5.01797,-63.5059,0.000384615,0.0619231
26,1560,1718,27,4.81787,-63.7551,0.000384615,0.0619231
26,1560,4177,35,46.7569,126.629,3.84615e-05,0.0619231
26,1560,6346,35,46.8774,127.282,3.84615e-05,0.0619231
26,1560,2494,65,21.6708,-3.00699,3.84615e-05,0.0619231
26,1560,6572,65,21.3755,-3.02327,3.84615e-05,0.0619231
26,1560,6826,72,17.8688,-149.254,3.84615e-05,0.0619231
26,1560,4345,81,52.0693,-89.306,3.84615e-05,0.0619231
26,1560,7373,87,-57.6287,155.287,3.84615e-05,0.0619231
26,1560,7327,95,-22.028,-144.941,3.84615e-05,0.0619231
26,1560,3693,99,44.4039,-0.592392,3.84615e-05,0.0619231
26,1560,2340,103,-83.6629,96.2855,3.84615e-05,0.0619231
26,1560,7335,117,-4.08003,-88.1111,3.84615e-05,0.0619231
26,1560,2251,121,73.9836,-31.5694,3.84615e-05,0.0619231
26,1560,3064,122,61.7627,97.4456,3.84615e-05,0.0619231
26,1560,5373,122,61.892,97.9048,3.84615e-05,0.0619231
26,1560,118,129,5.00828,-63.5932,0.000384615,0.0619231
26,1560,758,129,5.01797,-63.5059,0.000384615,0.0619231
26,1560,1558,129,4.81959,-63.2998,0.000384615,0.0619231
26,1560,1718,129,4.81787,-63.7551,0.000384615,0.0619231
26,1560,1878,129,5.36951,-63.7997,0.000384615,0.0619231
26,1560,5346,147,58.7847,139.663,3.84615e-05,0.0619231
26,1560,3023,159,27.4472,14.149,3.84615e-05,0.0619231
26,1560,7009,175,-48.2552,-147.319,3.84615e-05,0.0619231
26,1560,2295,180,47.3054,69.4871,3.84615e-05,0.0619231
26,1560,3597,180,47.4864,69.3374,3.84615e-05,0.0619231
26,1560,4079,180,46.8615,69.3303,3.84615e-05,0.0619231
26,1560,6885,198,-51.8956,-98.3215,3.84615e-05,0.0619231
27,1620,7550,0,-56.4719,49.0522,3.84615e-05,0.0690385
27,1620,3071,3,38.9637,95.3835,3.84615e-05,0.0690385
27,1620,2323,13,-20.3383,-66.7812,3.84615e-05,0.0690385
27,1620,7811,19,44.3943,145.481,3.84615e-05,0.0690385
27,1620,3266,23,34.161,119.247,3.84615e-05,0.0690385
27,1620,3558,23,34.4823,119.032,3.84615e-05,0.0690385
27,1620,798,27,4.70325,-62.7602,0.000384615,0.0690385
27,1620,998,27,5.0557,-62.8639,0.000384615,0.0690385
27,1620,1078,27,4.57013,-62.6351,0.000384615,0.0690385
27,1620,1478,27,4.78094,-62.728,0.000384615,0.0690385
27,1620,1678,27,4.77291,-63.0256,0.000384615,0.0690385
27,1620,5256,52,12.5636,-14.1717,3.84615e-05,0.0690385
27,1620,3059,74,68.9817,-50.0962,3.84615e-05,0.0690385
27,1620,4008,74,69.0526,-50.577,3.84615e-05,0.0690385
27,1620,4281,84,1.4673,41.379,3.84615e-05,0.0690385
27,1620,6517,84,1.82978,41.3661,3.84615e-05,0.0690385
27,1620,7747,102,-55.4876,88.3644,3.84615e-05,0.0690385
27,1620,7635,117,-2.85326,-88.0744,3.84615e-05,0.0690385
27,1620,5179,122,63.3831,110.002,3.84615e-05,0.0690385
27,1620,6770,122,63.258,109.589,3.84615e-05,0.0690385
27,1620,4340,123,23.7474,109.839,3.84615e-05,0.0690385
27,1620,6088,123,24.0033,109.522,3.84615e-05,0.0690385
27,1620,2770,133,38.3152,-1.62215,3.84615e-05,0.0690385
27,1620,3531,133,38.5252,-2.14909,3.84615e-05,0.0690385
27,1620,6051,133,38.8904,-2.02515,3.84615e-05,0.0690385
27,1620,2141,150,47.129,55.5939,3.84615e-05,0.0690385
27,1620,5144,159,28.7236,15.7657,3.84615e-05,0.0690385
27,1620,6317,159,28.7012,16.3943,3.84615e-05,0.0690385
27,1620,349,161,32.8936,49.8318,0.000384615,0.0690385
27,1620,629,161,32.796,48.9744,0.000384615,0.0690385
27,1620,669,161,32.474,49.2121,0.000384615,0.0690385
27,1620,829,161,32.884,49.6629,0.000384615,0.0690385
27,1620,989,161,32.6483,49.5923,0.000384615,0.0690385
27,1620,1589,161,32.7155,49.1499,0.000384615,0.0690385
27,1620,1949,161,32.7132,50.0249,0.000384615,0.0690385
27,1620,7214,166,-30.1648,-130.932,3.84615e-05,0.0690385
27,1620,2240,178,-18.1308,22.6758,3.84615e-05,0.0690385
27,1620,57,194,72.0023,-178.404,0.000384615,0.0690385
27,1620,457,194,72.2595,-177.064,0.000384615,0.0690385
27,1620,737,194,71.6879,-178.209,0.000384615,0.0690385
27,1620,857,194,71.9195,-177.179,0.000384615,0.0690385
28,1680,2155,20,-69.8207,83.0172,3.84615e-05,0.0731154
28,1680,4514,27,1.44494,-59.8437,3.84615e-05,0.0731154
28,1680,4945,27,1.54754,-60.6695,3.84615e-05,0.0731154
28,1680,5041,27,1.51834,-60.3193,3.84615e-05,0.0731154
28,1680,2096,28,-33.4174,-53.2146,3.84615e-05,0.0731154
28,1680,3039,31,-83.5672,-135.712,3.84615e-05,0.0731154
28,1680,2552,33,-14.3631,134.366,3.84615e-05,0.0731154
28,1680,2997,33,-14.2095,134.608,3.84615e-05,0.0731154
28,1680,3359,39,-18.5793,-49.0726,3.84615e-05,0.0731154
28,1680,5943,39,-18.4884,-49.3929,3.84615e-05,0.0731154
28,1680,7303,49,9.22183,-30.546,3.84615e-05,0.0731154
28,1680,7788,55,-47.2264,93.4769,3.84615e-05,0.0731154
28,1680,2606,56,-35.5186,142.505,3.84615e-05,0.0731154
28,1680,6920,61,14.8622,-165.494,3.84615e-05,0.0731154
28,1680,3108,73,61.2926,-119.11,3.84615e-05,0.0731154
28,1680,2598,76,7.07516,20.2225,3.84615e-05,0.0731154
28,1680,3587,76,7.30086,20.3486,3.84615e-05,0.0731154
28,1680,3396,79,-69.6888,146.327,3.84615e-05,0.0731154
28,1680,6233,79,-70.3289,145.372,3.84615e-05,0.0731154
28,1680,2073,83,28.6037,23.1249,3.84615e-05,0.0731154
28,1680,2165,97,35.4275,-82.4262,3.84615e-05,0.0731154
28,1680,7584,105,-16.6021,-103.694,3.84615e-05,0.0731154
28,1680,2471,106,20.9007,-102.068,3.84615e-05,0.0731154
28,1680,4226,107,55.6745,-101.412,3.84615e-05,0.0731154
28,1680,2101,110,47.7296,32.4871,3.84615e-05,0.0731154
28,1680,4404,122,57.2387,115.259,3.84615e-05,0.0731154
28,1680,5654,122,57.455,115.164,3.84615e-05,0.0731154
28,1680,5730,122,57.2407,114.889,3.84615e-05,0.0731154
28,1680,3494,131,-12.3632,-52.638,3.84615e-05,0.0731154
28,1680,3648,131,-12.5816,-52.6914,3.84615e-05,0.0731154
28,1680,3699,137,-21.6415,146.195,3.84615e-05,0.0731154
28,1680,2616,141,-80.7109,-95.8437,3.84615e-05,0.0731154
28,1680,3237,151,40.4203,111.476,3.84615e-05,0.0731154
28,1680,3723,151,40.1569,111.111,3.84615e-05,0.0731154
28,1680,909,161,34.194,49.5341,0.000384615,0.0731154
28,1680,1069,161,34.0088,48.6613,0.000384615,0.0731154
28,1680,1349,161,33.6236,49.0113,0.000384615,0.0731154
28,1680,1429,161,33.9652,49.302,0.000384615,0.0731154
28,1680,7198,186,-60.8143,-34.9171,3.84615e-05,0.0731154
28,1680,137,194,70.7625,177.094,0.000384615,0.0731154
28,1680,697,194,70.3068,177.57,0.000384615,0.0731154
28,1680,1377,194,70.913,177.218,0.000384615,0.0731154
28,1680,3755,199,-73.4079,-0.75145,3.84615e-05,0.0731154
29,1740,2126,3,45.3807,101.751,3.84615e-05,0.0742308
29,1740,4203,3,44.6565,102.039,3.84615e-05,0.0742308
29,1740,4224,5,56.9992,-115.142,3.84615e-05,0.0742308
29,1740,7044,12,5.09271,-82.3827,3.84615e-05,0.0742308
29,1740,3759,22,4.69396,115.216,3.84615e-05,0.0742308
29,1740,3063,35,59.8713,133.944,3.84615e-05,0.0742308
29,1740,7644,45,25.5568,170.118,3.84615e-05,0.0742308
29,1740,4690,47,53.5492,-94.895,3.84615e-05,0.0742308
29,1740,6926,60,-12.0715,-177.536,3.84615e-05,0.0742308
29,1740,2531,73,63.8827,-116.435,3.84615e-05,0.0742308
29,1740,4186,80,34.5338,-113.656,3.84615e-05,0.0742308
29,1740,4640,80,34.8638,-113.624,3.84615e-05,0.0742308
29,1740,2263,122,55.4278,103.592,3.84615e-05,0.0742308
29,1740,4089,133,45.2942,2.09268,3.84615e-05,0.0742308
29,1740,6886,143,-11.7253,-31.6113,3.84615e-05,0.0742308
29,1740,7597,168,-38.8408,-32.3857,3.84615e-05,0.0742308
29,1740,2357,188,-8.48321,38.6744,3.84615e-05,0.0742308
29,1740,2589,188,-8.40864,38.8663,3.84615e-05,0.0742308
29,1740,6816,190,-39.1756,43.5071,3.84615e-05,0.0742308
29,1740,1417,194,71.7304,-170.451,0.000384615,0.0742308
30,1800,2144,3,53.3259,93.3242,3.84615e-05,0.0771538
30,1800,337,4,71.2966,176.356,0.000384615,0.0771538
30,1800,937,4,71.0494,175.091,0.000384615,0.0771538
30,1800,1137,4,71.5107,177.673,0.000384615,0.0771538
30,1800,1577,4,71.5708,176.536,0.000384615,0.0771538
30,1800,1737,4,71.6253,177.694,0.000384615,0.0771538
30,1800,4609,39,-26.048,-50.9658,3.84615e-05,0.0771538
30,1800,7663,41,-45.2466,34.6944,3.84615e-05,0.0771538
30,1800,3781,43,-23.7255,127.779,3.84615e-05,0.0771538
30,1800,4179,43,-24.2371,127.835,3.84615e-05,0.0771538
30,1800,3644,50,45.0542,-74.5032,3.84615e-05,0.0771538
30,1800,3821,56,-30.0131,149.753,3.84615e-05,0.0771538
30,1800,6677,56,-29.9404,149.519,3.84615e-05,0.0771538
30,1800,2615,63,58.3184,-71.744,3.84615e-05,0.0771538
30,1800,7834,69,-35.301,152.101,3.84615e-05,0.0771538
30,1800,3593,97,37.9938,-80.0364,3.84615e-05,0.0771538
30,1800,6078,97,37.8671,-79.7636,3.84615e-05,0.0771538
30,1800,2236,110,44.4678,41.4671,3.84615e-05,0.0771538
30,1800,3443,126,-85.4561,-122.814,3.84615e-05,0.0771538
30,1800,2622,130,-34.1344,-69.4275,3.84615e-05,0.0771538
30,1800,3309,131,-5.61105,-48.752,3.84615e-05,0.0771538
30,1800,3998,147,43.4892,142.787,3.84615e-05,0.0771538
30,1800,7032,154,-34.9031,-153.905,3.84615e-05,0.0771538
30,1800,3913,167,-50.3172,-74.1013,3.84615e-05,0.0771538
30,1800,4313,176,-80.5483,25.1524,3.84615e-05,0.0771538
30,1800,5961,176,-80.7246,24.978,3.84615e-05,0.0771538
30,1800,2794,179,27.8358,24.3621,3.84615e-05,0.0771538
30,1800,6855,186,-64.5447,-17.7915,3.84615e-05,0.0771538
30,1800,3518,192,30.9335,77.2384,3.84615e-05,0.0771538
30,1800,5913,192,31.4709,77.3438,3.84615e-05,0.0771538
30,1800,4133,193,64.9569,99.5947,3.84615e-05,0.0771538
31,1860,297,4,70.5401,-179.219,0.000384615,0.0813846
31,1860,577,4,71.1469,-178.638,0.000384615,0.0813846
31,1860,617,4,71.037,-179.037,0.000384615,0.0813846
31,1860,777,4,70.8355,-178.858,0.000384615,0.0813846
31,1860,1097,4,71.007,-178.185,0.000384615,0.0813846
31,1860,1217,4,70.6353,-177.341,0.000384615,0.0813846
31,1860,1457,4,71.4233,-177.751,0.000384615,0.0813846
31,1860,1697,4,71.29,-177.268,0.000384615,0.0813846
31,1860,3398,9,-77.8441,17.2356,3.84615e-05,0.0813846
31,1860,3604,13,-32.7007,-55.8526,3.84615e-05,0.0813846
31,1860,2968,17,5.52312,101.572,3.84615e-05,0.0813846
31,1860,2162,23,48.8669,123.786,3.84615e-05,0.0813846
31,1860,2264,27,-11.0614,-64.2923,3.84615e-05,0.0813846
31,1860,4466,27,-11.0008,-64.2337,3.84615e-05,0.0813846
31,1860,2807,36,78.9493,-40.356,3.84615e-05,0.0813846
31,1860,2566,43,-25.6451,132.571,3.84615e-05,0.0813846
31,1860,2699,47,44.5713,-87.5233,3.84615e-05,0.0813846
31,1860,4080,50,49.1489,-68.8598,3.84615e-05,0.0813846
31,1860,2600,56,-27.7325,148.898,3.84615e-05,0.0813846
31,1860,2902,59,53.3867,-120.747,3.84615e-05,0.0813846
31,1860,3773,62,43.7063,-120.741,3.84615e-05,0.0813846
31,1860,2385,66,-23.4533,21.3449,3.84615e-05,0.0813846
31,1860,2468,73,63.2261,-103.723,3.84615e-05,0.0813846
31,1860,4946,74,64.112,-15.1962,3.84615e-05,0.0813846
31,1860,4415,82,47.1119,2.76802,3.84615e-05,0.0813846
31,1860,5242,82,46.8453,1.90356,3.84615e-05,0.0813846
31,1860,2575,103,-76.8937,-111.277,3.84615e-05,0.0813846
31,1860,2378,111,17.3963,79.8956,3.84615e-05,0.0813846
31,1860,3515,111,17.4086,80.3372,3.84615e-05,0.0813846
31,1860,6352,113,-30.9702,131.168,3.84615e-05,0.0813846
31,1860,3018,131,-2.15337,-45.4784,3.84615e-05,0.0813846
31,1860,3091,134,54.1823,75.224,3.84615e-05,0.0813846
31,1860,7839,139,-54.6787,-111.039,3.84615e-05,0.0813846
31,1860,3136,150,42.6816,80.5792,3.84615e-05,0.0813846
31,1860,4137,158,14.7607,0.316483,3.84615e-05,0.0813846
31,1860,5096,158,14.5932,0.0126038,3.84615e-05,0.0813846
31,1860,2685,162,47.7348,114.454,3.84615e-05,0.0813846
31,1860,5129,192,36.6359,81.6164,3.84615e-05,0.0813846
32,1920,3990,3,55.1687,108.41,3.84615e-05,0.0881154
32,1920,5474,3,54.8766,108.459,3.84615e-05,0.0881154
32,1920,4360,9,-74.7074,32.159,3.84615e-05,0.0881154
32,1920,4161,11,22.3088,-98.5814,3.84615e-05,0.0881154
32,1920,6991,18,29.1093,132.367,3.84615e-05,0.0881154
32,1920,2504,27,-14.9326,-58.5626,3.84615e-05,0.0881154
32,1920,2840,36,75.5549,-48.6902,3.84615e-05,0.0881154
32,1920,4683,43,-23.7264,136.139,3.84615e-05,0.0881154
32,1920,7069,44,6.45587,153.056,3.84615e-05,0.0881154
32,1920,2567,59,46.9555,-112.547,3.84615e-05,0.0881154
32,1920,3009,73,64.9115,-85.4842,3.84615e-05,0.0881154
32,1920,2333,80,42.0705,-103.484,3.84615e-05,0.0881154
32,1920,5323,80,41.5796,-103.496,3.84615e-05,0.0881154
32,1920,2549,83,16.3191,38.3896,3.84615e-05,0.0881154
32,1920,3007,106,36.1145,-95.8256,3.84615e-05,0.0881154
32,1920,5047,117,8.44558,-73.1587,3.84615e-05,0.0881154
32,1920,2624,126,-77.4082,-108.543,3.84615e-05,0.0881154
32,1920,3971,130,-24.592,-69.3948,3.84615e-05,0.0881154
32,1920,115,134,52.0838,76.9084,0.000384615,0.0881154
32,1920,315,134,52.3768,77.2491,0.000384615,0.0881154
32,1920,355,134,52.8338,77.3793,0.000384615,0.0881154
32,1920,475,134,52.8451,77.2152,0.000384615,0.0881154
32,1920,515,134,52.258,76.463,0.000384615,0.0881154
32,1920,555,134,52.7926,78.0862,0.000384615,0.0881154
32,1920,595,134,52.3399,77.661,0.000384615,0.0881154
32,1920,715,134,52.3486,76.6536,0.000384615,0.0881154
32,1920,795,134,52.4105,77.9471,0.000384615,0.0881154
32,1920,835,134,52.7754,77.0863,0.000384615,0.0881154
32,1920,955,134,52.5105,77.076,0.000384615,0.0881154
32,1920,1035,134,52.869,76.801,0.000384615,0.0881154
32,1920,1155,134,52.6171,76.8759,0.000384615,0.0881154
32,1920,1395,134,53.0208,77.1508,0.000384615,0.0881154
32,1920,1995,134,53.0256,77.1154,0.000384615,0.0881154
32,1920,4876,135,25.0055,108.302,3.84615e-05,0.0881154
32,1920,5556,135,25.4231,107.923,3.84615e-05,0.0881154
32,1920,6330,135,25.3542,108.127,3.84615e-05,0.0881154
32,1920,2594,158,13.3195,5.70276,3.84615e-05,0.0881154
32,1920,2384,159,35.2184,38.8356,3.84615e-05,0.0881154
32,1920,6012,167,-42.3114,-66.1035,3.84615e-05,0.0881154
32,1920,2499,176,-73.3193,14.8094,3.84615e-05,0.0881154
33,1980,2839,2,30.2186,83.1749,3.84615e-05,0.0889615
33,1980,2672,3,58.7115,110.848,3.84615e-05,0.0889615
33,1980,4595,11,17.6435,-100.676,3.84615e-05,0.0889615
33,1980,3174,17,13.2501,105.205,3.84615e-05,0.0889615
33,1980,4294,17,12.6495,105.083,3.84615e-05,0.0889615
33,1980,4743,17,13.3035,105.141,3.84615e-05,0.0889615
33,1980,3019,47,42.0139,-79.1976,3.84615e-05,0.0889615
33,1980,4188,53,-31.3879,25.8678,3.84615e-05,0.0889615
33,1980,2834,74,58.9007,-4.84987,3.84615e-05,0.0889615
33,1980,2262,76,-10.6951,27.5226,3.84615e-05,0.0889615
33,1980,3749,78,-69.0781,89.8194,3.84615e-05,0.0889615
33,1980,3524,96,17.1442,-97.2313,3.84615e-05,0.0889615
33,1980,3742,119,55.8167,9.99989,3.84615e-05,0.0889615
33,1980,5533,119,56.054,9.41154,3.84615e-05,0.0889615
33,1980,2226,130,-27.2928,-64.1043,3.84615e-05,0.0889615
33,1980,5271,134,44.5626,77.0543,3.84615e-05,0.0889615
33,1980,6086,134,44.1117,76.652,3.84615e-05,0.0889615
33,1980,2328,158,21.0889,4.43158,3.84615e-05,0.0889615
33,1980,5304,158,20.8821,4.71465,3.84615e-05,0.0889615
33,1980,6889,172,33.3215,-150.566,3.84615e-05,0.0889615
33,1980,2672,180,58.7115,110.848,3.84615e-05,0.0889615
33,1980,2766,188,4.55043,45.5645,3.84615e-05,0.0889615
33,1980,7047,190,-26.9673,55.4318,3.84615e-05,0.0889615
34,2040,3221,5,33.7348,-116.808,3.84615e-05,0.0908462
34,2040,4873,12,-11.9138,-68.9983,3.84615e-05,0.0908462
34,2040,5578,12,-11.8993,-68.3952,3.84615e-05,0.0908462
34,2040,3956,17,14.1145,106.647,3.84615e-05,0.0908462
34,2040,5049,17,13.9743,106.435,3.84615e-05,0.0908462
34,2040,5135,23,55.3006,133.474,3.84615e-05,0.0908462
34,2040,6342,23,54.9365,133.838,3.84615e-05,0.0908462
34,2040,3411,27,-21.3861,-64.7552,3.84615e-05,0.0908462
34,2040,3256,43,-17.379,139.868,3.84615e-05,0.0908462
34,2040,7205,57,11.7707,175.188,3.84615e-05,0.0908462
34,2040,7065,69,-22.1421,166.07,3.84615e-05,0.0908462
34,2040,7310,87,-40.3199,-167.961,3.84615e-05,0.0908462
34,2040,7756,94,-30.9339,-145.002,3.84615e-05,0.0908462
34,2040,2550,110,40.3125,61.319,3.84615e-05,0.0908462
34,2040,6786,110,40.3814,61.8512,3.84615e-05,0.0908462
34,2040,4264,121,71.1996,103.805,3.84615e-05,0.0908462
34,2040,2457,123,1.46155,117.037,3.84615e-05,0.0908462
34,2040,398,128,3.22375,-63.6436,0.000384615,0.0908462
34,2040,1158,128,3.15827,-63.8827,0.000384615,0.0908462
34,2040,7990,129,35.0167,-64.9048,3.84615e-05,0.0908462
34,2040,2351,130,-21.023,-66.2491,3.84615e-05,0.0908462
34,2040,6992,131,9.26628,-44.5655,3.84615e-05,0.0908462
34,2040,3399,134,44.5337,80.765,3.84615e-05,0.0908462
34,2040,2641,140,-82.7327,154.263,3.84615e-05,0.0908462
34,2040,4118,146,63.0415,134.36,3.84615e-05,0.0908462
34,2040,5785,146,63.4543,134.391,3.84615e-05,0.0908462
34,2040,6895,154,-43.7899,-138.674,3.84615e-05,0.0908462
34,2040,3031,159,45.019,43.642,3.84615e-05,0.0908462
34,2040,3484,159,44.4817,43.6644,3.84615e-05,0.0908462
34,2040,3201,188,6.99943,48.974,3.84615e-05,0.0908462
34,2040,4274,192,43.2172,84.5705,3.84615e-05,0.0908462
35,2100,3611,23,60.7931,138.732,3.84615e-05,0.0970769
35,2100,2029,29,-74.0656,64.7453,3.84615e-05,0.0970769
35,2100,6849,31,-63.479,139.128,3.84615e-05,0.0970769
35,2100,3729,35,79.098,99.7737,3.84615e-05,0.0970769
35,2100,4252,38,-11.9255,-44.6075,3.84615e-05,0.0970769
35,2100,3945,46,48.3933,-116.544,3.84615e-05,0.0970769
35,2100,3869,59,54.4374,-100.492,3.84615e-05,0.0970769
35,2100,2433,64,22.8309,-7.35205,3.84615e-05,0.0970769
35,2100,2642,64,22.8066,-7.22769,3.84615e-05,0.0970769
35,2100,2806,102,-80.7023,102.959,3.84615e-05,0.0970769
35,2100,2227,108,62.9555,81.1125,3.84615e-05,0.0970769
35,2100,4227,108,62.9176,80.7699,3.84615e-05,0.0970769
35,2100,2179,109,26.5038,74.7048,3.84615e-05,0.0970769
35,2100,3545,119,48.6028,18.6986,3.84615e-05,0.0970769
35,2100,3460,121,65.9588,91.4639,3.84615e-05,0.0970769
35,2100,6169,121,65.7884,91.1002,3.84615e-05,0.0970769
35,2100,238,128,3.63517,-61.7,0.000384615,0.0970769
35,2100,438,128,4.06037,-62.0186,0.000384615,0.0970769
35,2100,1118,128,4.21381,-62.1447,0.000384615,0.0970769
35,2100,1238,128,4.38489,-62.2265,0.000384615,0.0970769
35,2100,1358,128,4.38638,-62.3001,0.000384615,0.0970769
35,2100,1598,128,3.65546,-61.716,0.000384615,0.0970769
35,2100,1758,128,3.78476,-61.9267,0.000384615,0.0970769
35,2100,1838,128,3.91904,-62.3672,0.000384615,0.0970769
35,2100,1998,128,3.88926,-62.3447,0.000384615,0.0970769
35,2100,4859,128,4.43626,-61.8967,3.84615e-05,0.0970769
35,2100,4581,134,42.3022,84.6501,3.84615e-05,0.0970769
35,2100,2182,169,6.09921,7.83232,3.84615e-05,0.0970769
35,2100,2956,171,61.8483,-161.719,3.84615e-05,0.0970769
35,2100,195,192,53.3717,78.2393,0.000384615,0.0970769
35,2100,275,192,53.0889,78.6389,0.000384615,0.0970769
35,2100,1755,192,53.1388,78.199,0.000384615,0.0970769
35,2100,1835,192,53.6979,78.577,0.000384615,0.0970769
35,2100,1875,192,53.5762,78.1403,0.000384615,0.0970769
35,2100,5954,192,53.4627,78.2365,3.84615e-05,0.0970769
35,2100,7487,197,-50.4552,-103.239,3.84615e-05,0.0970769
36,2160,2753,2,36.8885,91.7757,3.84615e-05,0.100077
36,2160,3181,2,37.1229,91.9761,3.84615e-05,0.100077
36,2160,3404,10,36.2545,-115.019,3.84615e-05,0.100077
36,2160,2743,12,-20.656,-69.897,3.84615e-05,0.100077
36,2160,3106,22,29.2247,116.981,3.84615e-05,0.100077
36,2160,5097,25,42.575,-71.1636,3.84615e-05,0.100077
36,2160,3089,30,-85.3106,-52.1111,3.84615e-05,0.100077
36,2160,7828,39,-47.5536,-55.3658,3.84615e-05,0.100077
36,2160,4433,59,55.0133,-91.1903,3.84615e-05,0.100077
36,2160,4433,80,55.0133,-91.1903,3.84615e-05,0.100077
36,2160,7770,86,-57.4519,156.995,3.84615e-05,0.100077
36,2160,5250,93,-40.5364,176.913,3.84615e-05,0.100077
36,2160,3113,96,30.5099,-92.9623,3.84615e-05,0.100077
36,2160,4938,96,30.1208,-92.8182,3.84615e-05,0.100077
36,2160,2843,106,51.7156,-100.926,3.84615e-05,0.100077
36,2160,4569,106,51.2946,-101.445,3.84615e-05,0.100077
36,2160,915,108,54.1573,77.6286,0.000384615,0.100077
36,2160,1355,108,54.2164,77.0168,0.000384615,0.100077
36,2160,1515,108,54.539,76.7924,0.000384615,0.100077
36,2160,4311,110,30.4866,63.611,3.84615e-05,0.100077
36,2160,5063,110,30.7626,63.8923,3.84615e-05,0.100077
36,2160,2352,127,-29.5042,-65.2247,3.84615e-05,0.100077
36,2160,2365,128,9.06083,-62.5484,3.84615e-05,0.100077
36,2160,6763,128,8.6999,-62.3024,3.84615e-05,0.100077
36,2160,2932,155,-39.4763,-72.9364,3.84615e-05,0.100077
36,2160,6444,155,-39.2221,-72.8201,3.84615e-05,0.100077
36,2160,6506,155,-39.5812,-72.7398,3.84615e-05,0.100077
36,2160,789,160,31.6323,46.1629,0.000384615,0.100077
36,2160,3608,160,31.7822,46.1661,3.84615e-05,0.100077
36,2160,2392,178,16.2167,28.0096,3.84615e-05,0.100077
36,2160,7007,185,-61.9161,-42.0976,3.84615e-05,0.100077
36,2160,2656,187,-16.6332,38.4606,3.84615e-05,0.100077
36,2160,1675,192,53.3917,79.902,0.000384615,0.100077
36,2160,3002,192,53.0108,79.0939,3.84615e-05,0.100077
37,2220,3882,2,40.8761,97.6029,3.84615e-05,0.1105
37,2220,3402,4,60.7243,-123.198,3.84615e-05,0.1105
37,2220,7035,16,-9.6187,91.5273,3.84615e-05,0.1105
37,2220,3483,38,-18.9979,-44.8115,3.84615e-05,0.1105
37,2220,3040,46,47.5029,-105.394,3.84615e-05,0.1105
37,2220,7248,48,5.07761,-38.9549,3.84615e-05,0.1105
37,2220,7427,60,9.08531,-162.949,3.84615e-05,0.1105
37,2220,4692,62,52.5784,-87.1115,3.84615e-05,0.1105
37,2220,4417,72,59.6843,-124.898,3.84615e-05,0.1105
37,2220,3456,75,8.37878,25.0768,3.84615e-05,0.1105
37,2220,7389,95,8.27721,-117.611,3.84615e-05,0.1105
37,2220,4918,106,53.5163,-91.8159,3.84615e-05,0.1105
37,2220,35,108,53.7688,78.1955,0.000384615,0.1105
37,2220,75,108,53.7544,77.6295,0.000384615,0.1105
37,2220,395,108,53.485,77.5995,0.000384615,0.1105
37,2220,435,108,53.7967,77.1917,0.000384615,0.1105
37,2220,635,108,53.3234,77.4966,0.000384615,0.1105
37,2220,1195,108,53.7081,77.3498,0.000384615,0.1105
37,2220,1315,108,53.7543,77.6906,0.000384615,0.1105
37,2220,1555,108,53.7826,77.5626,0.000384615,0.1105
37,2220,4730,125,-81.0324,134.597,3.84615e-05,0.1105
37,2220,2915,133,51.0586,44.0429,3.84615e-05,0.1105
37,2220,2097,150,39.9579,106.098,3.84615e-05,0.1105
37,2220,3154,150,40.1332,106.576,3.84615e-05,0.1105
37,2220,2942,158,24.7195,21.7221,3.84615e-05,0.1105
37,2220,29,160,32.9906,47.6089,0.000384615,0.1105
37,2220,69,160,33.3296,47.2753,0.000384615,0.1105
37,2220,269,160,33.2631,47.8172,0.000384615,0.1105
37,2220,509,160,33.5496,47.6503,0.000384615,0.1105
37,2220,869,160,32.8498,47.8467,0.000384615,0.1105
37,2220,1029,160,33.101,47.5379,0.000384615,0.1105
37,2220,1189,160,33.1775,46.9555,0.000384615,0.1105
37,2220,1469,160,32.9987,47.3314,0.000384615,0.1105
37,2220,1509,160,33.2829,47.7633,0.000384615,0.1105
37,2220,1629,160,33.1791,47.572,0.000384615,0.1105
37,2220,1869,160,33.5506,47.4968,0.000384615,0.1105
37,2220,1989,160,33.2527,47.5414,0.000384615,0.1105
37,2220,7685,167,-36.3969,-45.1655,3.84615e-05,0.1105
37,2220,2613,187,-8.73388,34.9792,3.84615e-05,0.1105
37,2220,6683,187,-8.83704,34.3739,3.84615e-05,0.1105
37,2220,155,189,53.2283,76.0056,0.000384615,0.1105
37,2220,1275,189,53.7584,76.4584,0.000384615,0.1105
37,2220,1595,189,53.7379,76.8581,0.000384615,0.1105
37,2220,1635,189,53.3434,76.8385,0.000384615,0.1105
37,2220,1955,189,53.8612,76.5947,0.000384615,0.1105
37,2220,5599,189,53.4952,76.2792,3.84615e-05,0.1105
38,2280,2673,5,21.9139,-104.818,3.84615e-05,0.113
38,2280,4897,26,-3.73913,-67.8697,3.84615e-05,0.113
38,2280,6057,26,-4.1095,-68.3542,3.84615e-05,0.113
38,2280,6398,26,-3.97185,-67.837,3.84615e-05,0.113
38,2280,7106,31,-51.6176,130.188,3.84615e-05,0.113
38,2280,2938,32,-15.0883,128.696,3.84615e-05,0.113
38,2280,7109,37,16.7172,-49.9546,3.84615e-05,0.113
38,2280,5745,55,-28.0877,135.801,3.84615e-05,0.113
38,2280,5931,55,-28.6633,136.013,3.84615e-05,0.113
38,2280,2632,109,13.5566,79.4945,3.84615e-05,0.113
38,2280,3812,132,42.9034,-2.49835,3.84615e-05,0.113
38,2280,2317,133,57.6844,54.3886,3.84615e-05,0.113
38,2280,2684,133,56.9996,55.1067,3.84615e-05,0.113
38,2280,4277,133,56.6056,54.323,3.84615e-05,0.113
38,2280,5053,136,-24.0705,146.172,3.84615e-05,0.113
38,2280,7771,142,-13.4945,-34.6073,3.84615e-05,0.113
38,2280,7530,153,-31.929,-162.477,3.84615e-05,0.113
38,2280,4700,158,27.7138,21.3763,3.84615e-05,0.113
38,2280,549,160,33.611,48.1119,0.000384615,0.113
38,2280,1149,160,33.4015,48.3407,0.000384615,0.113
38,2280,1709,160,32.9847,48.3392,0.000384615,0.113
38,2280,3836,169,11.0267,20.3427,3.84615e-05,0.113
38,2280,4055,169,10.5559,20.3389,3.84615e-05,0.113
38,2280,2027,179,60.4693,17.7968,3.84615e-05,0.113
38,2280,2382,187,-10.0941,38.8664,3.84615e-05,0.113
38,2280,875,189,55.6515,77.7373,0.000384615,0.113
38,2280,6652,189,56.2116,77.608,3.84615e-05,0.113
38,2280,2355,192,58.1092,96.7566,3.84615e-05,0.113
38,2280,7281,199,-41.3179,40.0805,3.84615e-05,0.113
39,2340,3123,10,30.8558,-108.901,3.84615e-05,0.113923
39,2340,3261,22,39.9187,117.683,3.84615e-05,0.113923
39,2340,3572,24,64.5664,-91.977,3.84615e-05,0.113923
39,2340,3502,30,-84.2502,125.551,3.84615e-05,0.113923
39,2340,4196,34,59.6848,131.379,3.84615e-05,0.113923
39,2340,2512,55,-26.5294,139.619,3.84615e-05,0.113923
39,2340,2901,64,10.8071,-5.08817,3.84615e-05,0.113923
39,2340,5777,64,11.0332,-5.3615,3.84615e-05,0.113923
39,2340,2755,72,58.7184,-113.238,3.84615e-05,0.113923
39,2340,2535,96,38.571,-80.528,3.84615e-05,0.113923
39,2340,2749,96,38.1947,-80.3009,3.84615e-05,0.113923
39,2340,4351,98,35.4065,10.0406,3.84615e-05,0.113923
39,2340,5124,116,0.614876,-79.6756,3.84615e-05,0.113923
39,2340,5603,116,0.532356,-79.2965,3.84615e-05,0.113923
39,2340,3132,121,52.2473,98.788,3.84615e-05,0.113923
39,2340,4371,132,43.1038,3.65024,3.84615e-05,0.113923
39,2340,2759,134,34.0459,108.231,3.84615e-05,0.113923
39,2340,5813,134,34.2209,107.975,3.84615e-05,0.113923
39,2340,4527,140,-81.4926,-40.1859,3.84615e-05,0.113923
39,2340,2901,157,10.8071,-5.08817,3.84615e-05,0.113923
39,2340,5777,157,11.0332,-5.3615,3.84615e-05,0.113923
39,2340,2361,160,34.9111,52.0784,3.84615e-05,0.113923
39,2340,7431,168,-14.0928,-2.28566,3.84615e-05,0.113923
39,2340,5498,177,-9.15962,19.8837,3.84615e-05,0.113923
39,2340,5801,177,-9.36707,19.5511,3.84615e-05,0.113923
39,2340,6043,177,-8.82835,19.915,3.84615e-05,0.113923
40,2400,4062,10,24.9522,-103.335,3.84615e-05,0.115192
40,2400,2287,22,45.5739,120.017,3.84615e-05,0.115192
40,2400,3153,34,64.8006,116.184,3.84615e-05,0.115192
40,2400,2723,55,-29.7937,146.161,3.84615e-05,0.115192
40,2400,3831,59,43.6941,-75.3754,3.84615e-05,0.115192
40,2400,4338,59,44.1114,-75.5655,3.84615e-05,0.115192
40,2400,3517,65,-23.2581,18.0802,3.84615e-05,0.115192
40,2400,2259,75,0.191139,25.9984,3.84615e-05,0.115192
40,2400,3758,82,20.6883,32.5096,3.84615e-05,0.115192
40,2400,6958,88,10.8839,-136.992,3.84615e-05,0.115192
40,2400,3620,129,56.6244,-63.1412,3.84615e-05,0.115192
40,2400,5809,166,-49.2168,-73.93,3.84615e-05,0.115192
40,2400,2425,169,16.2691,25.9408,3.84615e-05,0.115192
40,2400,3093,169,15.9635,26.3867,3.84615e-05,0.115192
40,2400,5934,169,16.1313,25.6987,3.84615e-05,0.115192
40,2400,7337,174,-64.4632,-161.996,3.84615e-05,0.115192
40,2400,5121,175,-74.3869,10.4397,3.84615e-05,0.115192
40,2400,5983,175,-74.5463,9.72255,3.84615e-05,0.115192
40,2400,3553,179,67.7328,33.2634,3.84615e-05,0.115192
40,2400,5891,179,67.5236,33.7194,3.84615e-05,0.115192
40,2400,3791,180,57.6391,159.6,3.84615e-05,0.115192
40,2400,322,189,59.9977,85.8041,0.000384615,0.115192
40,2400,2744,191,34.1695,76.7629,3.84615e-05,0.115192
40,2400,4163,192,62.7589,102.165,3.84615e-05,0.115192
41,2460,4208,1,20.4959,85.6453,3.84615e-05,0.117115
41,2460,5343,1,20.2932,85.3381,3.84615e-05,0.117115
41,2460,3431,16,1.72,101.901,3.84615e-05,0.117115
41,2460,3505,22,48.4585,118.792,3.84615e-05,0.117115
41,2460,2325,59,47.3226,-65.1025,3.84615e-05,0.117115
41,2460,4548,61,47.0548,-118.609,3.84615e-05,0.117115
41,2460,3466,72,62.2624,-100.255,3.84615e-05,0.117115
41,2460,7540,85,-64.9268,119.883,3.84615e-05,0.117115
41,2460,4745,89,44.003,-112.772,3.84615e-05,0.117115
41,2460,5872,89,44.0416,-112.799,3.84615e-05,0.117115
41,2460,7193,94,-12.8233,-128.706,3.84615e-05,0.117115
41,2460,2888,110,21.2365,80.5947,3.84615e-05,0.117115
41,2460,3331,119,46.7949,50.3235,3.84615e-05,0.117115
41,2460,2530,127,-9.18305,-63.6757,3.84615e-05,0.117115
41,2460,3412,127,-9.18301,-63.9147,3.84615e-05,0.117115
41,2460,6304,127,-8.97107,-63.4532,3.84615e-05,0.117115
41,2460,3067,130,-1.71126,-46.728,3.84615e-05,0.117115
41,2460,675,133,52.5497,76.0849,0.000384615,0.117115
41,2460,1475,133,52.3238,75.8747,0.000384615,0.117115
41,2460,3841,136,-31.5239,151.87,3.84615e-05,0.117115
41,2460,7443,143,33.2628,-32.3858,3.84615e-05,0.117115
41,2460,2557,144,69.4158,-30.7902,3.84615e-05,0.117115
41,2460,5171,149,-69.7577,150.38,3.84615e-05,0.117115
41,2460,2053,157,14.3116,-1.71619,3.84615e-05,0.117115
41,2460,3124,157,14.1457,-2.1299,3.84615e-05,0.117115
41,2460,3801,160,38.1469,62.3813,3.84615e-05,0.117115
41,2460,5230,160,38.3388,62.7298,3.84615e-05,0.117115
41,2460,4582,166,-42.6327,-70.7204,3.84615e-05,0.117115
41,2460,2197,169,19.1247,25.7588,3.84615e-05,0.117115
41,2460,2202,187,4.21502,40.4422,3.84615e-05,0.117115
41,2460,3069,187,4.0067,40.633,3.84615e-05,0.117115
41,2460,6449,187,4.62305,40.0616,3.84615e-05,0.117115
42,2520,5489,25,18.6073,-72.427,3.84615e-05,0.118808
42,2520,3160,46,48.3302,-80.2756,3.84615e-05,0.118808
42,2520,2371,64,5.14368,5.83293,3.84615e-05,0.118808
42,2520,7688,87,-13.8253,-150.748,3.84615e-05,0.118808
42,2520,3764,108,35.927,71.647,3.84615e-05,0.118808
42,2520,3300,116,10.3826,-74.9776,3.84615e-05,0.118808
42,2520,2991,129,63.7076,-45.5671,3.84615e-05,0.118808
42,2520,995,133,52.4713,78.2532,0.000384615,0.118808
42,2520,1075,133,51.8839,78.8344,0.000384615,0.118808
42,2520,1715,133,51.7527,78.3356,0.000384615,0.118808
42,2520,4072,155,-31.263,-55.3304,3.84615e-05,0.118808
42,2520,5574,157,20.4604,3.35399,3.84615e-05,0.118808
42,2520,6081,157,20.9564,3.39369,3.84615e-05,0.118808
42,2520,6698,166,-42.1869,-66.864,3.84615e-05,0.118808
42,2520,2079,187,5.22665,40.2295,3.84615e-05,0.118808
42,2520,2525,187,5.01338,39.7367,3.84615e-05,0.118808
42,2520,2306,188,34.7414,64.3163,3.84615e-05,0.118808
43,2580,3752,2,59.5832,110.187,3.84615e-05,0.119923
43,2580,2092,4,40.2812,-120.701,3.84615e-05,0.119923
43,2580,6674,4,40.2729,-120.389,3.84615e-05,0.119923
43,2580,2429,11,-10.6894,-72.2583,3.84615e-05,0.119923
43,2580,5854,11,-10.8851,-72.3747,3.84615e-05,0.119923
43,2580,3406,17,37.2362,128.845,3.84615e-05,0.119923
43,2580,3888,35,67.616,-52.4313,3.84615e-05,0.119923
43,2580,4827,35,67.816,-52.15,3.84615e-05,0.119923
43,2580,2689,42,-19.2669,135.684,3.84615e-05,0.119923
43,2580,7125,49,-36.3016,7.94847,3.84615e-05,0.119923
43,2580,4307,65,-31.34,24.2047,3.84615e-05,0.119923
43,2580,7041,88,16.9252,-126.493,3.84615e-05,0.119923
43,2580,3849,89,52.3031,-105.591,3.84615e-05,0.119923
43,2580,4159,89,52.2072,-106.24,3.84615e-05,0.119923
43,2580,7842,93,-32.4152,-149.852,3.84615e-05,0.119923
43,2580,3974,95,23.5452,-103.315,3.84615e-05,0.119923
43,2580,7731,99,3.44469,51.2071,3.84615e-05,0.119923
43,2580,2135,101,-75.9837,78.2396,3.84615e-05,0.119923
43,2580,2294,105,40.9108,-95.682,3.84615e-05,0.119923
43,2580,2021,106,75.7809,-94.4747,3.84615e-05,0.119923
43,2580,3950,123,-32.1318,120.502,3.84615e-05,0.119923
43,2580,2633,124,-68.0351,120.605,3.84615e-05,0.119923
43,2580,7794,153,-42.458,-143.846,3.84615e-05,0.119923
43,2580,4880,174,-76.7731,-138.196,3.84615e-05,0.119923
43,2580,5699,174,-76.8602,-140.264,3.84615e-05,0.119923
43,2580,3127,177,5.14867,23.9167,3.84615e-05,0.119923
43,2580,6798,177,4.77706,24.008,3.84615e-05,0.119923
43,2580,3752,189,59.5832,110.187,3.84615e-05,0.119923
43,2580,7552,194,24.4344,-133.008,3.84615e-05,0.119923
43,2580,7479,198,-54.2019,23.4976,3.84615e-05,0.119923
44,2640,2019,8,-68.7357,45.8803,3.84615e-05,0.123269
44,2640,6755,8,-68.456,46.7641,3.84615e-05,0.123269
44,2640,6733,10,16.8727,-96.6191,3.84615e-05,0.123269
44,2640,2112,28,-78.9942,67.2215,3.84615e-05,0.123269
44,2640,3813,31,-29.8122,129.21,3.84615e-05,0.123269
44,2640,3987,42,-16.5421,137.413,3.84615e-05,0.123269
44,2640,7121,93,-22.5987,-150.502,3.84615e-05,0.123269
44,2640,7804,94,-4.87274,-121.657,3.84615e-05,0.123269
44,2640,4267,98,29.9386,33.2488,3.84615e-05,0.123269
44,2640,802,107,61.7985,80.0097,0.000384615,0.123269
44,2640,1362,107,61.3672,80.0396,0.000384615,0.123269
44,2640,1442,107,61.6369,79.3176,0.000384615,0.123269
44,2640,1842,107,61.4571,80.1115,0.000384615,0.123269
44,2640,1882,107,61.6512,78.379,0.000384615,0.123269
44,2640,7853,114,-39.8458,-118.368,3.84615e-05,0.123269
44,2640,2844,120,68.1329,84.7352,3.84615e-05,0.123269
44,2640,3005,120,68.0267,85.4618,3.84615e-05,0.123269
44,2640,6024,120,68.3753,85.6608,3.84615e-05,0.123269
44,2640,2994,122,0.295517,115.044,3.84615e-05,0.123269
44,2640,3409,124,-70.3123,135.196,3.84615e-05,0.123269
44,2640,2925,139,-22.0902,-61.9853,3.84615e-05,0.123269
44,2640,5422,149,-80.0161,158.38,3.84615e-05,0.123269
44,2640,1115,191,51.5206,77.1077,0.000384615,0.123269
44,2640,1915,191,51.7932,77.3936,0.000384615,0.123269
45,2700,2459,1,34.6069,92.6013,3.84615e-05,0.125038
45,2700,6762,1,34.517,92.2334,3.84615e-05,0.125038
45,2700,3867,2,66.0736,123.484,3.84615e-05,0.125038
45,2700,6140,2,65.4522,123.691,3.84615e-05,0.125038
45,2700,4353,45,49.302,-119.827,3.84615e-05,0.125038
45,2700,7396,55,-12.277,153.049,3.84615e-05,0.125038
45,2700,4397,58,48.3627,-101.138,3.84615e-05,0.125038
45,2700,3105,63,18.6181,-13.2682,3.84615e-05,0.125038
45,2700,7578,68,-21.6182,165.071,3.84615e-05,0.125038
45,2700,7020,78,-50.6564,-179.967,3.84615e-05,0.125038
45,2700,3258,98,23.1865,30.0504,3.84615e-05,0.125038
45,2700,3503,98,23.2026,29.3258,3.84615e-05,0.125038
45,2700,7595,99,1.83259,60.0891,3.84615e-05,0.125038
45,2700,1122,107,60.0415,77.5256,0.000384615,0.125038
45,2700,2878,107,60.2927,77.9641,3.84615e-05,0.125038
45,2700,3195,107,59.9003,77.9462,3.84615e-05,0.125038
45,2700,2299,119,33.8782,61.1673,3.84615e-05,0.125038
45,2700,3001,139,-18.6324,-62.3886,3.84615e-05,0.125038
45,2700,7779,156,-0.61245,-18.2791,3.84615e-05,0.125038
45,2700,2358,159,46.1218,98.4473,3.84615e-05,0.125038
45,2700,2581,168,6.01683,11.8373,3.84615e-05,0.125038
45,2700,3462,169,27.7969,38.476,3.84615e-05,0.125038
45,2700,3942,169,27.9275,37.8748,3.84615e-05,0.125038
45,2700,7737,173,-47.5881,-152.074,3.84615e-05,0.125038
45,2700,235,191,52.4975,79.7122,0.000384615,0.125038
45,2700,2437,191,52.398,79.6608,3.84615e-05,0.125038
45,2700,7362,196,-52.2274,-92.0323,3.84615e-05,0.125038
45,2700,3697,199,-16.2652,49.199,3.84615e-05,0.125038
46,2760,2345,3,62.6977,-138.151,3.84615e-05,0.127
46,2760,4121,19,36.1044,-116.251,3.84615e-05,0.127
46,2760,5344,19,36.0306,-117.103,3.84615e-05,0.127
46,2760,2623,31,-21.3346,133.259,3.84615e-05,0.127
46,2760,636,33,53.5089,120.985,0.000384615,0.127
46,2760,1996,33,54.3212,120.885,0.000384615,0.127
46,2760,6713,33,53.8628,121.42,3.84615e-05,0.127
46,2760,3006,37,-14.661,-54.2312,3.84615e-05,0.127
46,2760,2725,63,18.4923,-12.2879,3.84615e-05,0.127
46,2760,3724,63,18.6622,-12.7578,3.84615e-05,0.127
46,2760,6833,87,-4.72923,-138.833,3.84615e-05,0.127
46,2760,5814,89,53.663,-88.3671,3.84615e-05,0.127
46,2760,7676,96,49.7091,-46.7663,3.84615e-05,0.127
46,2760,3837,97,42.3524,-1.59259,3.84615e-05,0.127
46,2760,1435,107,53.1274,75.632,0.000384615,0.127
46,2760,3209,127,11.9964,-69.909,3.84615e-05,0.127
46,2760,6866,127,12.0307,-70.4492,3.84615e-05,0.127
46,2760,2674,139,-15.5081,-55.7782,3.84615e-05,0.127
46,2760,5021,139,-15.5303,-56.4283,3.84615e-05,0.127
46,2760,6888,146,15.1651,150.385,3.84615e-05,0.127
46,2760,3886,149,-82.453,-105.109,3.84615e-05,0.127
46,2760,3447,157,24.0663,16.9533,3.84615e-05,0.127
46,2760,4310,157,24.1389,17.3245,3.84615e-05,0.127
46,2760,4110,160,50.9265,83.7307,3.84615e-05,0.127
47,2820,4493,0,6.93244,80.8656,3.84615e-05,0.138692
47,2820,5448,0,6.91991,81.2872,3.84615e-05,0.138692
47,2820,3245,4,28.2057,-108.431,3.84615e-05,0.138692
47,2820,4735,24,35.5375,-78.9185,3.84615e-05,0.138692
47,2820,5853,24,35.7747,-79.0651,3.84615e-05,0.138692
47,2820,2307,26,-35.3508,-59.1081,3.84615e-05,0.138692
47,2820,2516,28,-71.1376,86.3513,3.84615e-05,0.138692
47,2820,3328,28,-71.4866,86.86,3.84615e-05,0.138692
47,2820,36,33,55.0274,119.928,0.000384615,0.138692
47,2820,156,33,55.7912,120.729,0.000384615,0.138692
47,2820,316,33,55.1699,120.673,0.000384615,0.138692
47,2820,476,33,55.1037,119.781,0.000384615,0.138692
47,2820,796,33,55.5146,119.967,0.000384615,0.138692
47,2820,916,33,55.0426,120.248,0.000384615,0.138692
47,2820,996,33,55.3584,120.495,0.000384615,0.138692
47,2820,1196,33,55.6659,120.982,0.000384615,0.138692
47,2820,1316,33,55.6225,120.053,0.000384615,0.138692
47,2820,1356,33,55.7132,120.879,0.000384615,0.138692
47,2820,1476,33,55.423,120.564,0.000384615,0.138692
47,2820,1836,33,55.592,119.634,0.000384615,0.138692
47,2820,6099,33,55.1384,119.982,3.84615e-05,0.138692
47,2820,7402,47,5.91344,-39.7318,3.84615e-05,0.138692
47,2820,6966,57,41.064,-141.111,3.84615e-05,0.138692
47,2820,2132,63,18.4331,-4.81557,3.84615e-05,0.138692
47,2820,2657,75,-24.8408,28.1861,3.84615e-05,0.138692
47,2820,3236,82,-1.83163,39.4023,3.84615e-05,0.138692
47,2820,3463,95,33.6234,-90.6949,3.84615e-05,0.138692
47,2820,6748,95,33.2265,-90.7525,3.84615e-05,0.138692
47,2820,5067,104,19.4157,-101.661,3.84615e-05,0.138692
47,2820,1795,107,52.0894,74.8044,0.000384615,0.138692
47,2820,4472,128,47.9851,-55.0807,3.84615e-05,0.138692
47,2820,4191,132,51.6903,47.4716,3.84615e-05,0.138692
47,2820,6391,132,51.499,46.7841,3.84615e-05,0.138692
47,2820,342,145,46.8912,138.174,0.000384615,0.138692
47,2820,382,145,47.2071,138.022,0.000384615,0.138692
47,2820,542,145,46.9457,138.126,0.000384615,0.138692
47,2820,582,145,47.0342,138.216,0.000384615,0.138692
47,2820,622,145,47.2162,138.884,0.000384615,0.138692
47,2820,1502,145,47.0163,138.18,0.000384615,0.138692
47,2820,1662,145,46.9337,137.607,0.000384615,0.138692
47,2820,1862,145,46.949,137.994,0.000384615,0.138692
47,2820,3975,149,-85.3489,-102.392,3.84615e-05,0.138692
47,2820,2213,168,8.86682,15.4876,3.84615e-05,0.138692
47,2820,3076,187,19.3813,54.1574,3.84615e-05,0.138692
47,2820,755,188,54.6373,74.3208,0.000384615,0.138692
47,2820,1235,188,54.3928,74.6106,0.000384615,0.138692
47,2820,442,191,61.476,82.8783,0.000384615,0.138692
47,2820,722,191,61.6242,83.0522,0.000384615,0.138692
47,2820,1482,191,61.6203,82.8403,0.000384615,0.138692
47,2820,1602,191,61.1806,82.0556,0.000384615,0.138692
47,2820,1642,191,61.6213,83.8124,0.000384615,0.138692
47,2820,3210,197,-73.4099,-7.20956,3.84615e-05,0.138692
48,2880,7140,12,-46.9947,-31.1835,3.84615e-05,0.143923
48,2880,5579,25,-4.99575,-70.5989,3.84615e-05,0.143923
48,2880,5815,25,-4.92186,-70.9845,3.84615e-05,0.143923
48,2880,7336,30,-50.1882,127.21,3.84615e-05,0.143923
48,2880,1116,33,57.0079,121.289,0.000384615,0.143923
48,2880,2442,37,-24.1871,-47.1807,3.84615e-05,0.143923
48,2880,6900,40,-45.8061,77.7089,3.84615e-05,0.143923
48,2880,6960,56,21.265,-172.269,3.84615e-05,0.143923
48,2880,2276,58,45.6701,-85.0028,3.84615e-05,0.143923
48,2880,7379,68,-16.007,176.791,3.84615e-05,0.143923
48,2880,2769,72,62.7456,-42.4461,3.84615e-05,0.143923
48,2880,1668,74,3.12576,23.531,0.000384615,0.143923
48,2880,7861,94,10.2887,-116.856,3.84615e-05,0.143923
48,2880,6982,114,-24.8951,-111.783,3.84615e-05,0.143923
48,2880,2796,119,24.847,67.7474,3.84615e-05,0.143923
48,2880,142,145,46.4065,137.877,0.000384615,0.143923
48,2880,1062,145,46.5853,136.986,0.000384615,0.143923
48,2880,1182,145,46.1417,137.575,0.000384615,0.143923
48,2880,1382,145,46.2816,138.27,0.000384615,0.143923
48,2880,1702,145,46.7434,137.567,0.000384615,0.143923
48,2880,1742,145,46.1286,138.543,0.000384615,0.143923
48,2880,2514,145,46.5557,137.196,3.84615e-05,0.143923
48,2880,3899,149,-82.897,-41.886,3.84615e-05,0.143923
48,2880,2076,168,11.8924,19.8964,3.84615e-05,0.143923
48,2880,282,191,62.0845,83.6104,0.000384615,0.143923
48,2880,1322,191,62.238,85.144,0.000384615,0.143923
48,2880,1682,191,61.9603,83.7993,0.000384615,0.143923
48,2880,1722,191,62.0547,83.5483,0.000384615,0.143923
49,2940,7040,9,-14.7563,68.2555,3.84615e-05,0.149385
49,2940,3025,11,-31.5173,-61.5763,3.84615e-05,0.149385
49,2940,7213,56,29.9621,-174.168,3.84615e-05,0.149385
49,2940,2597,71,60.4027,-110.358,3.84615e-05,0.149385
49,2940,2466,73,31.9257,5.88828,3.84615e-05,0.149385
49,2940,4511,73,32.0691,5.33434,3.84615e-05,0.149385
49,2940,5862,73,31.9075,5.41052,3.84615e-05,0.149385
49,2940,68,74,1.8299,25.2423,0.000384615,0.149385
49,2940,108,74,1.91003,24.6792,0.000384615,0.149385
49,2940,148,74,2.11949,24.8486,0.000384615,0.149385
49,2940,348,74,1.65438,25.3638,0.000384615,0.149385
49,2940,868,74,1.84044,24.9719,0.000384615,0.149385
49,2940,1188,74,1.81633,24.857,0.000384615,0.149385
49,2940,1268,74,2.13587,25.0052,0.000384615,0.149385
49,2940,1548,74,1.8305,25.0572,0.000384615,0.149385
49,2940,1708,74,2.07257,25.2654,0.000384615,0.149385
49,2940,1828,74,1.38441,25.0553,0.000384615,0.149385
49,2940,2945,81,20.9809,23.6257,3.84615e-05,0.149385
49,2940,3939,88,43.2888,-117.056,3.84615e-05,0.149385
49,2940,2666,89,63.6665,-70.7248,3.84615e-05,0.149385
49,2940,2088,95,36.068,-82.7958,3.84615e-05,0.149385
49,2940,5151,104,27.159,-99.3872,3.84615e-05,0.149385
49,2940,6621,104,26.8648,-98.8877,3.84615e-05,0.149385
49,2940,3501,105,63.5522,-102.678,3.84615e-05,0.149385
49,2940,4772,132,55.8008,63.4533,3.84615e-05,0.149385
49,2940,6428,132,55.478,63.8064,3.84615e-05,0.149385
49,2940,3379,135,-23.7874,145.036,3.84615e-05,0.149385
49,2940,2913,156,12.0886,-4.86497,3.84615e-05,0.149385
49,2940,4742,159,40.0118,120.731,3.84615e-05,0.149385
49,2940,5734,159,40.5723,120.807,3.84615e-05,0.149385
49,2940,7216,173,-63.0014,-167.045,3.84615e-05,0.149385
49,2940,3774,174,-80.1109,3.89055,3.84615e-05,0.149385
49,2940,122,188,60.5984,83.0933,0.000384615,0.149385
49,2940,1562,188,60.2754,83.6029,0.000384615,0.149385
50,3000,3150,19,24.1776,-106.321,3.84615e-05,0.152731
50,3000,3675,36,5.48314,-54.4996,3.84615e-05,0.152731
50,3000,4221,36,5.41785,-54.4647,3.84615e-05,0.152731
50,3000,3229,41,-22.7485,126.098,3.84615e-05,0.152731
50,3000,7869,43,32.1364,170.313,3.84615e-05,0.152731
50,3000,3293,58,44.248,-77.3041,3.84615e-05,0.152731
50,3000,3219,61,55.1314,-70.1052,3.84615e-05,0.152731
50,3000,2608,67,-34.0288,149.639,3.84615e-05,0.152731
50,3000,3306,71,64.3176,-110.17,3.84615e-05,0.152731
50,3000,668,74,0.520127,25.1092,0.000384615,0.152731
50,3000,988,74,1.02952,24.4812,0.000384615,0.152731
50,3000,1108,74,0.7232,24.8535,0.000384615,0.152731
50,3000,1348,74,0.468394,24.3716,0.000384615,0.152731
50,3000,1388,74,0.639231,24.4465,0.000384615,0.152731
50,3000,6082,74,0.189308,24.8189,3.84615e-05,0.152731
50,3000,5136,81,17.6563,25.1648,3.84615e-05,0.152731
50,3000,6089,81,17.8067,25.1777,3.84615e-05,0.152731
50,3000,7249,86,-16.2071,-152.733,3.84615e-05,0.152731
50,3000,6911,87,9.2322,-133.777,3.84615e-05,0.152731
50,3000,2568,118,42.5677,43.4081,3.84615e-05,0.152731
50,3000,2645,120,48.6934,103.612,3.84615e-05,0.152731
50,3000,4260,121,13.1907,107.399,3.84615e-05,0.152731
50,3000,6409,121,13.2407,106.955,3.84615e-05,0.152731
50,3000,3142,126,-12.3911,-74.1338,3.84615e-05,0.152731
50,3000,7143,138,-25.4615,-77.2302,3.84615e-05,0.152731
50,3000,6149,139,-4.70908,-50.3718,3.84615e-05,0.152731
50,3000,6414,139,-4.22192,-50.272,3.84615e-05,0.152731
50,3000,3287,154,-34.0826,-63.007,3.84615e-05,0.152731
50,3000,6810,185,-31.5774,17.3085,3.84615e-05,0.152731
50,3000,7630,185,-31.8591,17.6151,3.84615e-05,0.152731
50,3000,482,188,62.2962,88.1127,0.000384615,0.152731
50,3000,3966,188,61.9781,88.6229,3.84615e-05,0.152731
50,3000,6892,197,-67.7328,18.1815,3.84615e-05,0.152731
51,3060,3992,0,25.9258,84.7337,3.84615e-05,0.157038
51,3060,6287,0,25.7021,85.0716,3.84615e-05,0.157038
51,3060,6599,0,25.8023,84.3936,3.84615e-05,0.157038
51,3060,7776,6,-54.8824,-72.9075,3.84615e-05,0.157038
51,3060,7960,6,-54.8981,-73.227,3.84615e-05,0.157038
51,3060,7666,9,-12.4727,68.573,3.84615e-05,0.157038
51,3060,7815,14,-24.4043,75.4814,3.84615e-05,0.157038
51,3060,236,21,54.1611,118.948,0.000384615,0.157038
51,3060,2505,21,54.2988,118.658,3.84615e-05,0.157038
51,3060,5040,23,56.1884,-89.1629,3.84615e-05,0.157038
51,3060,4494,27,-82.1139,-6.48332,3.84615e-05,0.157038
51,3060,6708,27,-82.2826,-10.8386,3.84615e-05,0.157038
51,3060,5299,36,3.39147,-54.0971,3.84615e-05,0.157038
51,3060,5778,36,2.98196,-54.1351,3.84615e-05,0.157038
51,3060,2908,38,-68.1987,-66.7966,3.84615e-05,0.157038
51,3060,3979,41,-17.6908,126.815,3.84615e-05,0.157038
51,3060,2451,54,-19.2921,145.708,3.84615e-05,0.157038
51,3060,5056,60,45.7055,-120.788,3.84615e-05,0.157038
51,3060,7410,66,-50.4659,111.403,3.84615e-05,0.157038
51,3060,7323,69,23.1818,-157.526,3.84615e-05,0.157038
51,3060,3715,71,62.2208,-94.6375,3.84615e-05,0.157038
51,3060,4982,80,48.7375,8.29039,3.84615e-05,0.157038
51,3060,7896,90,-38.3242,111.699,3.84615e-05,0.157038
51,3060,3592,139,3.20047,-52.7513,3.84615e-05,0.157038
51,3060,7079,142,34.1287,-27.6211,3.84615e-05,0.157038
51,3060,7358,146,2.00692,149.9,3.84615e-05,0.157038
51,3060,4441,154,-30.9323,-58.0778,3.84615e-05,0.157038
51,3060,6368,154,-30.9759,-57.9027,3.84615e-05,0.157038
51,3060,3563,156,15.0763,-2.06494,3.84615e-05,0.157038
51,3060,3535,158,50.3168,78.5578,3.84615e-05,0.157038
51,3060,188,176,1.34284,24.3849,0.000384615,0.157038
51,3060,228,176,0.632972,23.6434,0.000384615,0.157038
51,3060,428,176,0.982867,23.8588,0.000384615,0.157038
51,3060,708,176,0.909892,23.8247,0.000384615,0.157038
51,3060,828,176,1.14159,24.3522,0.000384615,0.157038
51,3060,1428,176,1.03123,23.5858,0.000384615,0.157038
51,3060,1908,176,1.408,24.2289,0.000384615,0.157038
51,3060,5087,191,70.7979,103.443,3.84615e-05,0.157038
51,3060,3986,192,64.3635,-152.992,3.84615e-05,0.157038
51,3060,6803,198,-32.14,49.7795,3.84615e-05,0.157038
52,3120,3072,0,25.9976,78.0942,3.84615e-05,0.161577
52,3120,2864,1,61.1079,94.4898,3.84615e-05,0.161577
52,3120,5037,1,61.2238,94.1188,3.84615e-05,0.161577
52,3120,2802,7,-72.4554,29.5388,3.84615e-05,0.161577
52,3120,4565,19,20.5498,-102.766,3.84615e-05,0.161577
52,3120,196,21,55.4718,119.232,0.000384615,0.161577
52,3120,1036,21,55.6788,119.374,0.000384615,0.161577
52,3120,1236,21,55.6924,118.878,0.000384615,0.161577
52,3120,1676,21,55.7682,118.631,0.000384615,0.161577
52,3120,1756,21,55.7818,119.502,0.000384615,0.161577
52,3120,1916,21,55.6566,117.678,0.000384615,0.161577
52,3120,1956,21,55.9532,117.702,0.000384615,0.161577
52,3120,3166,25,-18.1781,-69.866,3.84615e-05,0.161577
52,3120,2658,34,66.4284,-35.5666,3.84615e-05,0.161577
52,3120,2199,45,41.5913,-85.7774,3.84615e-05,0.161577
52,3120,3350,54,-16.1113,145.746,3.84615e-05,0.161577
52,3120,6835,58,47.7001,-64.4727,3.84615e-05,0.161577
52,3120,4794,60,48.5472,-115.132,3.84615e-05,0.161577
52,3120,4990,61,50.3514,-61.2982,3.84615e-05,0.161577
52,3120,3104,81,15.298,32.847,3.84615e-05,0.161577
52,3120,5740,81,15.7556,32.9062,3.84615e-05,0.161577
52,3120,7600,98,8.64664,53.9471,3.84615e-05,0.161577
52,3120,5531,119,15.0928,79.0165,3.84615e-05,0.161577
52,3120,2052,129,75.9291,102.818,3.84615e-05,0.161577
52,3120,2722,129,76.3492,104.077,3.84615e-05,0.161577
52,3120,4987,147,-38.7938,145.154,3.84615e-05,0.161577
52,3120,7240,155,-6.58648,-26.5296,3.84615e-05,0.161577
52,3120,2319,156,15.5599,4.9801,3.84615e-05,0.161577
52,3120,3461,157,36.6285,36.8949,3.84615e-05,0.161577
52,3120,3686,157,36.2778,36.6158,3.84615e-05,0.161577
52,3120,2636,160,42.2127,112.764,3.84615e-05,0.161577
52,3120,3932,168,25.1427,24.406,3.84615e-05,0.161577
52,3120,388,176,2.14097,23.7674,0.000384615,0.161577
52,3120,788,176,2.16188,23.7147,0.000384615,0.161577
52,3120,2526,187,37.9862,57.8699,3.84615e-05,0.161577
52,3120,2102,188,59.4873,103.684,3.84615e-05,0.161577
52,3120,5253,188,59.0327,103.994,3.84615e-05,0.161577
53,3180,3267,7,-69.7485,41.8765,3.84615e-05,0.163154
53,3180,4505,15,11.1811,106.855,3.84615e-05,0.163154
53,3180,4895,15,11.3957,106.758,3.84615e-05,0.163154
53,3180,436,21,56.8421,121.341,0.000384615,0.163154
53,3180,4491,39,-66.6324,136.059,3.84615e-05,0.163154
53,3180,5272,39,-66.9641,137.132,3.84615e-05,0.163154
53,3180,4414,41,-12.1217,132.22,3.84615e-05,0.163154
53,3180,5326,41,-12.1039,132.595,3.84615e-05,0.163154
53,3180,7852,50,-11.6818,-10.2642,3.84615e-05,0.163154
53,3180,4440,51,-33.632,21.3977,3.84615e-05,0.163154
53,3180,3922,76,-71.2902,89.9434,3.84615e-05,0.163154
53,3180,7814,80,43.7895,14.0825,3.84615e-05,0.163154
53,3180,3454,81,9.78267,35.5638,3.84615e-05,0.163154
53,3180,3696,81,10.0271,35.2925,3.84615e-05,0.163154
53,3180,7171,87,18.7671,-128.161,3.84615e-05,0.163154
53,3180,2593,100,-78.526,68.6675,3.84615e-05,0.163154
53,3180,5666,106,64.813,64.083,3.84615e-05,0.163154
53,3180,6564,106,64.8804,63.6838,3.84615e-05,0.163154
53,3180,7734,116,39.916,-44.6524,3.84615e-05,0.163154
53,3180,4341,126,-2.31882,-72.6993,3.84615e-05,0.163154
53,3180,5441,126,-1.86333,-72.6797,3.84615e-05,0.163154
53,3180,6625,126,-2.18182,-72.78,3.84615e-05,0.163154
53,3180,2564,132,43.5614,75.1727,3.84615e-05,0.163154
53,3180,2621,132,43.2486,74.728,3.84615e-05,0.163154
53,3180,2827,138,-24.8807,-65.8873,3.84615e-05,0.163154
53,3180,7558,141,10.4467,-36.6374,3.84615e-05,0.163154
53,3180,2854,143,80.4965,-19.5141,3.84615e-05,0.163154
53,3180,2080,157,36.9816,41.7578,3.84615e-05,0.163154
53,3180,4066,176,9.98083,19.0865,3.84615e-05,0.163154
53,3180,5449,176,9.74302,19.372,3.84615e-05,0.163154
53,3180,2178,177,44.283,24.664,3.84615e-05,0.163154
53,3180,7568,199,11.7023,56.538,3.84615e-05,0.163154
54,3240,2740,15,11.8711,105.766,3.84615e-05,0.165192
54,3240,2009,20,29.23,112.967,3.84615e-05,0.165192
54,3240,4967,30,-24.0763,126.051,3.84615e-05,0.165192
54,3240,6190,30,-23.8965,125.618,3.84615e-05,0.165192
54,3240,7717,51,-38.1628,30.3542,3.84615e-05,0.165192
54,3240,2272,57,51.5596,-108.622,3.84615e-05,0.165192
54,3240,6545,57,51.8194,-108.01,3.84615e-05,0.165192
54,3240,2534,73,13.894,10.9705,3.84615e-05,0.165192
54,3240,3872,104,44.7772,-99.4967,3.84615e-05,0.165192
54,3240,2239,105,80.1617,-70.3587,3.84615e-05,0.165192
54,3240,6376,105,80.5616,-70.7414,3.84615e-05,0.165192
54,3240,42,106,61.5447,77.9631,0.000384615,0.165192
54,3240,1282,106,61.7191,77.7498,0.000384615,0.165192
54,3240,3876,106,61.5399,77.4257,3.84615e-05,0.165192
54,3240,6626,106,61.2607,76.6007,3.84615e-05,0.165192
54,3240,4959,107,25.8517,71.0048,3.84615e-05,0.165192
54,3240,6541,107,25.5264,71.0772,3.84615e-05,0.165192
54,3240,2473,115,18.4407,-71.1763,3.84615e-05,0.165192
54,3240,3010,120,31.6666,101.428,3.84615e-05,0.165192
54,3240,4972,120,32.0583,100.98,3.84615e-05,0.165192
54,3240,5381,120,31.6713,101.673,3.84615e-05,0.165192
54,3240,7123,141,11.7657,-37.3794,3.84615e-05,0.165192
54,3240,7692,145,26.3271,148.364,3.84615e-05,0.165192
54,3240,3315,154,-24.7657,-48.3635,3.84615e-05,0.165192
54,3240,2599,156,24.1696,4.32356,3.84615e-05,0.165192
54,3240,3419,156,24.3858,4.72531,3.84615e-05,0.165192
54,3240,6595,156,24.4462,4.52274,3.84615e-05,0.165192
54,3240,2612,157,39.7975,43.9144,3.84615e-05,0.165192
54,3240,3026,175,-25.5186,17.6917,3.84615e-05,0.165192
54,3240,4675,175,-25.6548,17.7191,3.84615e-05,0.165192
54,3240,4185,176,13.4042,17.6957,3.84615e-05,0.165192
54,3240,4068,179,61.221,-152.734,3.84615e-05,0.165192
54,3240,3905,185,-16.1663,26.805,3.84615e-05,0.165192
54,3240,6321,185,-16.0901,26.8864,3.84615e-05,0.165192
54,3240,4180,199,19.0048,57.6636,3.84615e-05,0.165192
55,3300,902,16,45.0012,138.011,0.000384615,0.169115
55,3300,2528,18,37.9524,-121.245,3.84615e-05,0.169115
55,3300,4798,29,-5.51174,105.619,3.84615e-05,0.169115
55,3300,5518,44,54.1595,-118.674,3.84615e-05,0.169115
55,3300,6802,47,-17.7792,-23.195,3.84615e-05,0.169115
55,3300,7234,52,-47.9766,84.6897,3.84615e-05,0.169115
55,3300,3996,62,21.7845,-11.3012,3.84615e-05,0.169115
55,3300,2216,73,15.2207,18.6874,3.84615e-05,0.169115
55,3300,7409,79,16.3945,-149.994,3.84615e-05,0.169115
55,3300,7084,86,-1.33157,-147.32,3.84615e-05,0.169115
55,3300,6784,95,48.7393,-57.6293,3.84615e-05,0.169115
55,3300,3582,117,53.3491,17.4525,3.84615e-05,0.169115
55,3300,2619,118,35.961,62.6836,3.84615e-05,0.169115
55,3300,3308,128,76.8076,-57.2541,3.84615e-05,0.169115
55,3300,5617,128,76.7784,-57.3334,3.84615e-05,0.169115
55,3300,3055,148,-85.6009,162.686,3.84615e-05,0.169115
55,3300,7129,165,-42.7653,-50.6923,3.84615e-05,0.169115
55,3300,3708,167,4.53757,10.118,3.84615e-05,0.169115
55,3300,4469,167,4.86872,10.0806,3.84615e-05,0.169115
55,3300,3427,175,-21.0614,21.3439,3.84615e-05,0.169115
55,3300,7063,182,-48.8515,-116.351,3.84615e-05,0.169115
55,3300,111,186,19.328,44.9576,0.000384615,0.169115
55,3300,551,186,19.9626,44.8575,0.000384615,0.169115
55,3300,631,186,20.3487,44.8789,0.000384615,0.169115
55,3300,671,186,19.812,45.0302,0.000384615,0.169115
55,3300,991,186,20.2667,44.7307,0.000384615,0.169115
55,3300,1591,186,19.7699,44.9589,0.000384615,0.169115
55,3300,1791,186,19.3542,45.1489,0.000384615,0.169115
55,3300,7691,195,-49.3613,-96.3052,3.84615e-05,0.169115
55,3300,4406,196,-76.4745,-24.2705,3.84615e-05,0.169115
56,3360,3120,0,39.2223,92.4957,3.84615e-05,0.175731
56,3360,5562,6,-72.6302,-65.9342,3.84615e-05,0.175731
56,3360,2665,16,43.1114,142.162,3.84615e-05,0.175731
56,3360,3208,22,70.9673,-109.353,3.84615e-05,0.175731
56,3360,4785,22,70.5069,-110.18,3.84615e-05,0.175731
56,3360,3297,25,-32.4026,-60.6438,3.84615e-05,0.175731
56,3360,116,32,54.5101,119.071,0.000384615,0.175731
56,3360,276,32,54.9462,118.347,0.000384615,0.175731
56,3360,596,32,54.6432,118.807,0.000384615,0.175731
56,3360,1516,32,54.4959,118.853,0.000384615,0.175731
56,3360,1636,32,54.8693,118.515,0.000384615,0.175731
56,3360,2774,36,-17.6409,-55.1384,3.84615e-05,0.175731
56,3360,7218,49,-54.3855,67.8511,3.84615e-05,0.175731
56,3360,2010,81,2.1657,39.6318,3.84615e-05,0.175731
56,3360,7947,85,-31.1408,-164.198,3.84615e-05,0.175731
56,3360,6069,88,54.9462,-87.899,3.84615e-05,0.175731
56,3360,7614,90,-48.647,126.012,3.84615e-05,0.175731
56,3360,5112,91,-39.1383,176.367,3.84615e-05,0.175731
56,3360,281,97,16.1148,35.1635,0.000384615,0.175731
56,3360,2035,117,51.9102,30.4484,3.84615e-05,0.175731
56,3360,3718,118,28.4842,63.2571,3.84615e-05,0.175731
56,3360,2343,125,-27.2926,-69.394,3.84615e-05,0.175731
56,3360,3562,126,9.201,-67.0211,3.84615e-05,0.175731
56,3360,7476,141,17.0431,-29.4147,3.84615e-05,0.175731
56,3360,7085,147,-52.7837,145.588,3.84615e-05,0.175731
56,3360,2696,154,-20.882,-43.4684,3.84615e-05,0.175731
56,3360,4379,176,20.2021,16.89,3.84615e-05,0.175731
56,3360,4665,176,19.9046,17.0568,3.84615e-05,0.175731
56,3360,151,186,20.4015,43.4113,0.000384615,0.175731
56,3360,191,186,20.3806,43.9152,0.000384615,0.175731
56,3360,511,186,20.8938,43.5916,0.000384615,0.175731
56,3360,751,186,20.6181,43.9259,0.000384615,0.175731
56,3360,1071,186,20.4983,43.5361,0.000384615,0.175731
56,3360,1391,186,20.3062,43.4224,0.000384615,0.175731
56,3360,1471,186,19.9439,43.9742,0.000384615,0.175731
56,3360,1911,186,20.6445,44.1044,0.000384615,0.175731
56,3360,242,190,59.4846,79.2581,0.000384615,0.175731
57,3420,3311,0,43.1587,94.322,3.84615e-05,0.190423
57,3420,2049,24,-1.1235,-66.5034,3.84615e-05,0.190423
57,3420,76,32,56.2939,120.877,0.000384615,0.190423
57,3420,756,32,56.1809,121.094,0.000384615,0.190423
57,3420,876,32,56.4139,120.642,0.000384615,0.190423
57,3420,1556,32,56.4525,120.523,0.000384615,0.190423
57,3420,1796,32,55.8446,120.829,0.000384615,0.190423
57,3420,2075,36,-23.008,-50.89,3.84615e-05,0.190423
57,3420,2506,62,15.87,-4.96136,3.84615e-05,0.190423
57,3420,2016,63,-13.1603,14.8598,3.84615e-05,0.190423
57,3420,6260,70,58.7129,-130.908,3.84615e-05,0.190423
57,3420,6638,70,58.2994,-130.749,3.84615e-05,0.190423
57,3420,2359,73,8.43618,20.6322,3.84615e-05,0.190423
57,3420,4916,76,-70.5954,138.043,3.84615e-05,0.190423
57,3420,2503,94,30.6317,-87.026,3.84615e-05,0.190423
57,3420,6792,94,30.423,-87.2152,3.84615e-05,0.190423
57,3420,41,97,15.3668,34.7281,0.000384615,0.190423
57,3420,161,97,15.8122,35.294,0.000384615,0.190423
57,3420,241,97,15.4078,34.383,0.000384615,0.190423
57,3420,681,97,15.678,35.3085,0.000384615,0.190423
57,3420,801,97,15.8377,34.6575,0.000384615,0.190423
57,3420,1081,97,15.6352,34.6119,0.000384615,0.190423
57,3420,1721,97,15.5015,34.9405,0.000384615,0.190423
57,3420,4410,97,15.0928,34.9722,3.84615e-05,0.190423
57,3420,6618,97,15.618,34.5725,3.84615e-05,0.190423
57,3420,7038,109,-55.9266,82.6873,3.84615e-05,0.190423
57,3420,7331,112,-46.054,-153.23,3.84615e-05,0.190423
57,3420,3321,130,42.3441,-3.40904,3.84615e-05,0.190423
57,3420,3262,131,52.3131,44.9173,3.84615e-05,0.190423
57,3420,3920,131,51.7727,45.0225,3.84615e-05,0.190423
57,3420,4710,138,-7.53003,-61.5105,3.84615e-05,0.190423
57,3420,5800,138,-7.57802,-62.0338,3.84615e-05,0.190423
57,3420,102,144,46.24,136.424,0.000384615,0.190423
57,3420,422,144,46.2577,136.289,0.000384615,0.190423
57,3420,502,144,45.9312,136.747,0.000384615,0.190423
57,3420,862,144,46.3864,136.616,0.000384615,0.190423
57,3420,982,144,46.4343,136.339,0.000384615,0.190423
57,3420,1102,144,46.2141,135.754,0.000384615,0.190423
57,3420,1222,144,46.0263,135.756,0.000384615,0.190423
57,3420,1822,144,46.5521,136.81,0.000384615,0.190423
57,3420,1942,144,46.3799,136.395,0.000384615,0.190423
57,3420,5554,144,45.9153,136.664,3.84615e-05,0.190423
57,3420,2208,146,-21.6049,144.826,3.84615e-05,0.190423
57,3420,4032,148,-84.6452,-57.0428,3.84615e-05,0.190423
57,3420,3248,158,38.6883,104.331,3.84615e-05,0.190423
57,3420,3978,158,38.7824,104.98,3.84615e-05,0.190423
57,3420,3268,168,32.4704,45.4532,3.84615e-05,0.190423
57,3420,3096,176,22.4246,23.5995,3.84615e-05,0.190423
57,3420,2662,185,-11.7094,35.5873,3.84615e-05,0.190423
57,3420,3862,185,-11.5335,35.2691,3.84615e-05,0.190423
57,3420,2898,186,22.6001,46.2946,3.84615e-05,0.190423
57,3420,2,190,61.5252,82.4808,0.000384615,0.190423
57,3420,162,190,61.5433,81.0273,0.000384615,0.190423
57,3420,202,190,61.3754,81.6018,0.000384615,0.190423
57,3420,402,190,61.4971,81.0534,0.000384615,0.190423
57,3420,562,190,61.4669,80.8487,0.000384615,0.190423
57,3420,882,190,62.4305,81.3467,0.000384615,0.190423
57,3420,962,190,61.5457,80.99,0.000384615,0.190423
57,3420,1002,190,61.7967,81.6166,0.000384615,0.190423
57,3420,1042,190,62.1318,81.5772,0.000384615,0.190423
57,3420,1082,190,61.2874,81.7502,0.000384615,0.190423
57,3420,1242,190,61.6208,81.5186,0.000384615,0.190423
57,3420,1522,190,61.9505,82.7234,0.000384615,0.190423
57,3420,1802,190,62.1637,81.3429,0.000384615,0.190423
57,3420,1962,190,61.6433,80.976,0.000384615,0.190423
57,3420,2869,199,27.9084,69.0054,3.84615e-05,0.190423
57,3420,5281,199,28.2676,69.5028,3.84615e-05,0.190423
58,3480,5048,1,70.3061,144.925,3.84615e-05,0.193308
58,3480,7975,8,-23.9018,70.444,3.84615e-05,0.193308
58,3480,2765,9,16.5421,75.4618,3.84615e-05,0.193308
58,3480,2887,15,25.6853,117.716,3.84615e-05,0.193308
58,3480,6968,16,42.412,153.396,3.84615e-05,0.193308
58,3480,7046,29,5.73666,106.483,3.84615e-05,0.193308
58,3480,2751,41,-5.02374,145.19,3.84615e-05,0.193308
58,3480,7850,48,-46.3217,30.2356,3.84615e-05,0.193308
58,3480,3179,53,-28.7505,140.182,3.84615e-05,0.193308
58,3480,2318,57,49.0903,-86.4017,3.84615e-05,0.193308
58,3480,2068,62,9.99101,-3.54907,3.84615e-05,0.193308
58,3480,7023,75,-56.7841,65.0807,3.84615e-05,0.193308
58,3480,3688,80,25.1715,19.8678,3.84615e-05,0.193308
58,3480,7264,91,-36.698,-174.387,3.84615e-05,0.193308
58,3480,1361,97,13.7426,36.6055,0.000384615,0.193308
58,3480,1625,103,28.9932,-101.992,0.000384615,0.193308
58,3480,3865,104,60.0056,-109.068,3.84615e-05,0.193308
58,3480,6804,115,28.62,-61.695,3.84615e-05,0.193308
58,3480,6827,137,-34.2787,-77.981,3.84615e-05,0.193308
58,3480,1262,144,46.3728,138.678,0.000384615,0.193308
58,3480,1542,144,45.9977,138.19,0.000384615,0.193308
58,3480,2886,155,5.24867,-6.4182,3.84615e-05,0.193308
58,3480,2548,175,-7.18153,15.026,3.84615e-05,0.193308
58,3480,3534,175,-7.08351,15.1638,3.84615e-05,0.193308
58,3480,2078,177,61.6059,14.1997,3.84615e-05,0.193308
58,3480,3135,177,61.5137,14.8394,3.84615e-05,0.193308
58,3480,2260,185,-8.59584,36.5729,3.84615e-05,0.193308
58,3480,82,190,62.3314,82.3079,0.000384615,0.193308
58,3480,7436,198,-7.2034,55.6768,3.84615e-05,0.193308
58,3480,2996,199,26.6808,67.7863,3.84615e-05,0.193308
59,3540,2783,0,48.4555,97.4364,3.84615e-05,0.1975
59,3540,3511,10,-30.1599,-63.9032,3.84615e-05,0.1975
59,3540,6288,10,-30.4135,-64.3078,3.84615e-05,0.1975
59,3540,7207,14,-0.198853,95.8925,3.84615e-05,0.1975
59,3540,2381,72,33.7481,1.46832,3.84615e-05,0.1975
59,3540,2583,73,-1.15451,23.1041,3.84615e-05,0.1975
59,3540,6340,73,-1.20139,23.4048,3.84615e-05,0.1975
59,3540,6815,84,-53.4794,-179.069,3.84615e-05,0.1975
59,3540,3323,94,37.1986,-84.2222,3.84615e-05,0.1975
59,3540,3370,100,-78.5144,-101.915,3.84615e-05,0.1975
59,3540,7506,102,-7.08055,-103.892,3.84615e-05,0.1975
59,3540,65,103,31.0557,-101.647,0.000384615,0.1975
59,3540,145,103,30.9612,-101.948,0.000384615,0.1975
59,3540,425,103,30.8863,-102.319,0.000384615,0.1975
59,3540,745,103,31.1274,-101.476,0.000384615,0.1975
59,3540,1145,103,30.5465,-101.835,0.000384615,0.1975
59,3540,1185,103,30.7073,-101.962,0.000384615,0.1975
59,3540,1785,103,31.0763,-102.381,0.000384615,0.1975
59,3540,1985,103,30.6679,-102.08,0.000384615,0.1975
59,3540,4075,104,64.7263,-107.503,3.84615e-05,0.1975
59,3540,6779,124,-51.8888,-73.8854,3.84615e-05,0.1975
59,3540,5443,126,19.9717,-72.0852,3.84615e-05,0.1975
59,3540,5704,131,55.1255,62.0995,3.84615e-05,0.1975
59,3540,6750,131,55.108,62.9153,3.84615e-05,0.1975
59,3540,4290,132,31.4917,96.7757,3.84615e-05,0.1975
59,3540,6699,132,31.4253,96.6584,3.84615e-05,0.1975
59,3540,3017,134,-25.8146,142.701,3.84615e-05,0.1975
59,3540,2448,138,-0.0771484,-57.6775,3.84615e-05,0.1975
59,3540,3275,140,-6.62624,-38.0208,3.84615e-05,0.1975
59,3540,2795,146,-28.7381,143.188,3.84615e-05,0.1975
59,3540,5843,146,-29.0879,142.53,3.84615e-05,0.1975
59,3540,2477,175,-4.2725,15.5092,3.84615e-05,0.1975
59,3540,5898,175,-4.68569,15.9223,3.84615e-05,0.1975
59,3540,3428,177,66.0896,25.484,3.84615e-05,0.1975
59,3540,6904,181,-26.7725,-125.671,3.84615e-05,0.1975
59,3540,5436,184,-30.7445,17.8483,3.84615e-05,0.1975
59,3540,7923,198,-1.69991,51.3367,3.84615e-05,0.1975
60,3600,2896,0,55.2464,88.6224,3.84615e-05,0.199962
60,3600,2852,20,46.4493,123.646,3.84615e-05,0.199962
60,3600,7567,30,-5.047,124.13,3.84615e-05,0.199962
60,3600,2982,40,-22.0891,120.92,3.84615e-05,0.199962
60,3600,6845,55,32.0255,-173.347,3.84615e-05,0.199962
60,3600,3855,60,51.3903,-71.2971,3.84615e-05,0.199962
60,3600,3473,62,7.28625,-0.903198,3.84615e-05,0.199962
60,3600,4708,62,7.31139,-0.621521,3.84615e-05,0.199962
60,3600,3830,69,45.1614,-123.927,3.84615e-05,0.199962
60,3600,4344,70,62.4575,-102.229,3.84615e-05,0.199962
60,3600,4906,70,61.8951,-102.123,3.84615e-05,0.199962
60,3600,7135,71,59.6666,-13.2651,3.84615e-05,0.199962
60,3600,7687,81,-10.4819,45.9138,3.84615e-05,0.199962
60,3600,7104,99,-40.2765,98.055,3.84615e-05,0.199962
60,3600,385,103,31.8698,-102.843,0.000384615,0.199962
60,3600,545,103,31.6227,-103.038,0.000384615,0.199962
60,3600,625,103,31.6397,-102.718,0.000384615,0.199962
60,3600,1425,103,32.1385,-102.74,0.000384615,0.199962
60,3600,2718,114,10.0841,-85.8204,3.84615e-05,0.199962
60,3600,2478,125,-7.1501,-75.2563,3.84615e-05,0.199962
60,3600,7330,140,-3.13765,-38.0671,3.84615e-05,0.199962
60,3600,2724,155,14.4744,-7.87071,3.84615e-05,0.199962
60,3600,4872,157,50.3525,72.7355,3.84615e-05,0.199962
60,3600,5383,157,50.3334,73.1239,3.84615e-05,0.199962
60,3600,6129,164,-47.0276,-69.3389,3.84615e-05,0.199962
60,3600,4562,173,-73.4641,9.30299,3.84615e-05,0.199962
60,3600,4698,190,68.0161,92.7932,3.84615e-05,0.199962
60,3600,6265,190,68.1701,93.6973,3.84615e-05,0.199962
61,3660,3231,10,-35.8044,-58.5239,3.84615e-05,0.202423
61,3660,6981,15,30.0568,125.832,3.84615e-05,0.202423
61,3660,7173,17,43.251,-134.108,3.84615e-05,0.202423
61,3660,1596,20,54.9872,121.702,0.000384615,0.202423
61,3660,1876,20,54.8063,121.432,0.000384615,0.202423
61,3660,5157,20,54.708,121.269,3.84615e-05,0.202423
61,3660,3486,26,-78.864,26.1379,3.84615e-05,0.202423
61,3660,4820,32,70.5554,127.509,3.84615e-05,0.202423
61,3660,5921,32,70.9369,126.384,3.84615e-05,0.202423
61,3660,3725,38,-71.9298,145.271,3.84615e-05,0.202423
61,3660,2538,40,-18.0402,125.713,3.84615e-05,0.202423
61,3660,7019,46,-4.0293,-27.7474,3.84615e-05,0.202423
61,3660,6700,50,-31.5943,18.7431,3.84615e-05,0.202423
61,3660,7598,52,-48.7489,113.063,3.84615e-05,0.202423
61,3660,3078,53,-24.529,146.956,3.84615e-05,0.202423
61,3660,4192,57,47.7736,-69.8808,3.84615e-05,0.202423
61,3660,5487,69,47.8582,-121.12,3.84615e-05,0.202423
61,3660,921,80,14.8841,32.8025,0.000384615,0.202423
61,3660,1321,80,15.1465,32.264,0.000384615,0.202423
61,3660,4276,117,43.1577,50.6266,3.84615e-05,0.202423
61,3660,6165,117,43.3386,50.5581,3.84615e-05,0.202423
61,3660,3824,130,48.3568,16.2887,3.84615e-05,0.202423
61,3660,4069,138,4.45508,-55.0092,3.84615e-05,0.202423
61,3660,3691,146,-35.5681,149.4,3.84615e-05,0.202423
61,3660,2522,153,-30.0555,-58.2005,3.84615e-05,0.202423
61,3660,2811,153,-29.647,-58.7105,3.84615e-05,0.202423
61,3660,3077,167,21.2163,25.2101,3.84615e-05,0.202423
61,3660,3482,168,40.216,60.5645,3.84615e-05,0.202423
62,3720,2059,2,39.7516,-116.8,3.84615e-05,0.203615
62,3720,3291,2,40.1835,-116.45,3.84615e-05,0.203615
62,3720,4879,6,-74.2801,23.8289,3.84615e-05,0.203615
62,3720,2660,9,25.8839,82.3413,3.84615e-05,0.203615
62,3720,4980,18,19.8602,-103.769,3.84615e-05,0.203615
62,3720,3578,19,-7.50253,-78.6113,3.84615e-05,0.203615
62,3720,3684,20,53.5499,126.053,3.84615e-05,0.203615
62,3720,4792,38,-67.8288,123.279,3.84615e-05,0.203615
62,3720,7419,43,55.4988,-136.84,3.84615e-05,0.203615
62,3720,7189,45,21.641,-48.8195,3.84615e-05,0.203615
62,3720,3204,53,-17.4688,143.364,3.84615e-05,0.203615
62,3720,4395,72,19.0373,7.01373,3.84615e-05,0.203615
62,3720,5503,72,19.1472,6.76839,3.84615e-05,0.203615
62,3720,2291,73,-9.7486,26.0306,3.84615e-05,0.203615
62,3720,761,80,13.0649,33.62,0.000384615,0.203615
62,3720,7155,82,-50.3347,68.0023,3.84615e-05,0.203615
62,3720,2907,137,-22.5221,-69.6796,3.84615e-05,0.203615
62,3720,7435,163,-43.1819,-110.857,3.84615e-05,0.203615
62,3720,3877,184,-23.3913,20.1374,3.84615e-05,0.203615
62,3720,3043,185,7.0123,38.3522,3.84615e-05,0.203615
62,3720,5684,185,7.44019,38.4235,3.84615e-05,0.203615
62,3720,2810,186,39.8866,55.0029,3.84615e-05,0.203615
63,3780,4261,0,65.5108,96.2825,3.84615e-05,0.207962
63,3780,6988,8,-5.95871,74.0418,3.84615e-05,0.207962
63,3780,3438,14,17.1649,100.485,3.84615e-05,0.207962
63,3780,6048,14,17.4094,100.601,3.84615e-05,0.207962
63,3780,6848,17,38.615,-127.194,3.84615e-05,0.207962
63,3780,7664,18,12.1636,-105.557,3.84615e-05,0.207962
63,3780,3584,24,-28.1684,-70.7479,3.84615e-05,0.207962
63,3780,2083,29,27.364,108.603,3.84615e-05,0.207962
63,3780,5523,29,27.4228,108.476,3.84615e-05,0.207962
63,3780,89,31,45.318,128.608,0.000384615,0.207962
63,3780,169,31,45.2636,128.811,0.000384615,0.207962
63,3780,329,31,45.0261,128.362,0.000384615,0.207962
63,3780,489,31,45.4082,128.056,0.000384615,0.207962
63,3780,609,31,45.2209,127.847,0.000384615,0.207962
63,3780,849,31,45.4339,128.57,0.000384615,0.207962
63,3780,1209,31,44.6944,128.856,0.000384615,0.207962
63,3780,3157,31,45.0504,128.607,3.84615e-05,0.207962
63,3780,4654,37,-77.0471,-82.608,3.84615e-05,0.207962
63,3780,7522,45,14.6595,-51.7513,3.84615e-05,0.207962
63,3780,3938,56,53.7888,-108.256,3.84615e-05,0.207962
63,3780,4998,71,50.2253,-3.56886,3.84615e-05,0.207962
63,3780,7188,77,-15.3719,-171.685,3.84615e-05,0.207962
63,3780,2851,103,44.2566,-101.35,3.84615e-05,0.207962
63,3780,5460,105,60.05,71.6729,3.84615e-05,0.207962
63,3780,6447,105,60.1978,72.0712,3.84615e-05,0.207962
63,3780,6901,108,-43.1404,69.9822,3.84615e-05,0.207962
63,3780,6880,141,43.9275,-37.7025,3.84615e-05,0.207962
63,3780,5816,145,-9.57716,148.996,3.84615e-05,0.207962
63,3780,6374,145,-9.43514,148.881,3.84615e-05,0.207962
63,3780,7285,154,-2.69119,-25.5195,3.84615e-05,0.207962
63,3780,4173,167,31.7211,26.2372,3.84615e-05,0.207962
63,3780,1769,169,45.2529,126.515,0.000384615,0.207962
63,3780,2944,169,45.4381,126.17,3.84615e-05,0.207962
63,3780,7076,170,-7.97305,-158.814,3.84615e-05,0.207962
63,3780,2935,172,-79.3111,-142.042,3.84615e-05,0.207962
63,3780,5214,174,-27.2392,22.0436,3.84615e-05,0.207962
63,3780,5558,174,-27.3584,21.6055,3.84615e-05,0.207962
63,3780,4023,184,-17.4558,23.6958,3.84615e-05,0.207962
63,3780,7603,193,-10.3437,-118.592,3.84615e-05,0.207962
63,3780,2280,197,-22.0413,44.6438,3.84615e-05,0.207962
63,3780,6630,197,-22.0724,44.9884,3.84615e-05,0.207962
64,3840,4018,1,68.3108,-137.574,3.84615e-05,0.213269
64,3840,5834,1,68.4415,-136.843,3.84615e-05,0.213269
64,3840,7306,13,-6.43185,79.6967,3.84615e-05,0.213269
64,3840,2064,14,16.5527,100.848,3.84615e-05,0.213269
64,3840,6264,19,-13.993,-74.5792,3.84615e-05,0.213269
64,3840,49,31,46.6676,126.884,0.000384615,0.213269
64,3840,289,31,46.0647,127.417,0.000384615,0.213269
64,3840,729,31,46.3689,126.815,0.000384615,0.213269
64,3840,1329,31,46.7155,127.423,0.000384615,0.213269
64,3840,265,93,29.9377,-101.617,0.000384615,0.213269
64,3840,785,93,29.9007,-101.558,0.000384615,0.213269
64,3840,1345,93,30.2208,-101.329,0.000384615,0.213269
64,3840,3528,105,59.589,59.5663,3.84615e-05,0.213269
64,3840,4701,105,59.3489,59.3487,3.84615e-05,0.213269
64,3840,6516,114,18.657,-72.0061,3.84615e-05,0.213269
64,3840,4570,116,53.5404,19.7164,3.84615e-05,0.213269
64,3840,2760,117,36.2342,58.6453,3.84615e-05,0.213269
64,3840,5915,129,30.3194,98.9789,3.84615e-05,0.213269
64,3840,6380,129,30.6372,99.6353,3.84615e-05,0.213269
64,3840,7147,142,81.6438,3.24631,3.84615e-05,0.213269
64,3840,2186,143,55.8672,131.792,3.84615e-05,0.213269
64,3840,6512,143,55.3051,131.245,3.84615e-05,0.213269
64,3840,7433,145,-11.1825,147.661,3.84615e-05,0.213269
64,3840,3244,156,40.1572,44.748,3.84615e-05,0.213269
64,3840,6812,164,-45.6418,-53.1362,3.84615e-05,0.213269
64,3840,529,169,44.4951,127.924,0.000384615,0.213269
64,3840,569,169,44.4293,127.958,0.000384615,0.213269
64,3840,1049,169,44.3618,127.289,0.000384615,0.213269
64,3840,1089,169,44.4223,128.069,0.000384615,0.213269
64,3840,1249,169,44.1753,128.095,0.000384615,0.213269
65,3900,302,15,46.0643,139.956,0.000384615,0.215346
65,3900,662,15,46.2476,139.551,0.000384615,0.215346
65,3900,1302,15,45.9758,139.049,0.000384615,0.215346
65,3900,3896,21,72.5224,-113.433,3.84615e-05,0.215346
65,3900,2717,24,-33.105,-71.0854,3.84615e-05,0.215346
65,3900,2694,35,-13.8852,-57.5758,3.84615e-05,0.215346
65,3900,7996,44,38.5733,-68.7372,3.84615e-05,0.215346
65,3900,7328,48,-54.3322,61.9507,3.84615e-05,0.215346
65,3900,6863,66,-18.445,161.592,3.84615e-05,0.215346
65,3900,2517,72,12.9839,10.1026,3.84615e-05,0.215346
65,3900,3421,75,-70.4857,116.648,3.84615e-05,0.215346
65,3900,7322,77,-11.8635,-171.677,3.84615e-05,0.215346
65,3900,7796,82,-52.731,87.9543,3.84615e-05,0.215346
65,3900,7257,141,51.5303,-37.1497,3.84615e-05,0.215346
65,3900,3590,155,27.0014,12.6972,3.84615e-05,0.215346
65,3900,6714,155,26.908,12.8743,3.84615e-05,0.215346
65,3900,249,169,42.8558,130.424,0.000384615,0.215346
65,3900,2422,186,46.3619,68.8366,3.84615e-05,0.215346
66,3960,5570,1,62.0283,-130.874,3.84615e-05,0.219
66,3960,5879,1,61.809,-131.63,3.84615e-05,0.219
66,3960,6493,5,-74.6217,-64.1681,3.84615e-05,0.219
66,3960,6970,11,-44.705,13.8919,3.84615e-05,0.219
66,3960,6948,17,29.7204,-126.071,3.84615e-05,0.219
66,3960,3086,23,0.368614,-75.1777,3.84615e-05,0.219
66,3960,5363,23,0.063942,-74.9253,3.84615e-05,0.219
66,3960,3934,39,-17.0141,129.048,3.84615e-05,0.219
66,3960,3122,49,-34.9848,116.449,3.84615e-05,0.219
66,3960,2667,61,11.9795,-12.7885,3.84615e-05,0.219
66,3960,4976,61,12.3647,-12.6384,3.84615e-05,0.219
66,3960,5831,90,-38.2756,176.286,3.84615e-05,0.219
66,3960,2954,93,33.3249,-96.5924,3.84615e-05,0.219
66,3960,5082,93,32.6363,-96.3708,3.84615e-05,0.219
66,3960,6180,93,32.9053,-96.5828,3.84615e-05,0.219
66,3960,441,96,15.5397,34.131,0.000384615,0.219
66,3960,841,96,14.932,34.1571,0.000384615,0.219
66,3960,881,96,15.2444,33.8832,0.000384615,0.219
66,3960,1241,96,15.3284,34.3371,0.000384615,0.219
66,3960,1441,96,15.0718,33.3482,0.000384615,0.219
66,3960,3279,96,14.9922,33.5553,3.84615e-05,0.219
66,3960,7500,101,-17.2457,-113.159,3.84615e-05,0.219
66,3960,4760,109,-87.5165,-97.4471,3.84615e-05,0.219
66,3960,4512,122,-83.9867,120.385,3.84615e-05,0.219
66,3960,6220,122,-83.5951,125.334,3.84615e-05,0.219
66,3960,7021,125,11.4706,-74.7064,3.84615e-05,0.219
66,3960,7344,125,11.8067,-74.2764,3.84615e-05,0.219
66,3960,2390,128,58.2546,88.8826,3.84615e-05,0.219
66,3960,2364,130,57.8756,41.0103,3.84615e-05,0.219
66,3960,5796,137,-8.10876,-64.6376,3.84615e-05,0.219
66,3960,6534,137,-7.88316,-64.9612,3.84615e-05,0.219
66,3960,1982,143,48.7173,139.149,0.000384615,0.219
66,3960,4207,143,49.0315,139.07,3.84615e-05,0.219
66,3960,2094,153,-17.7207,-40.9962,3.84615e-05,0.219
66,3960,5316,153,-17.4056,-40.9879,3.84615e-05,0.219
66,3960,3356,166,13.6189,7.11426,3.84615e-05,0.219
66,3960,3138,174,-13.6664,13.6083,3.84615e-05,0.219
66,3960,4485,174,-13.9518,13.1683,3.84615e-05,0.219
66,3960,3173,175,19.0423,20.0848,3.84615e-05,0.219
66,3960,3962,176,54.5289,23.1931,3.84615e-05,0.219
66,3960,6970,183,-44.705,13.8919,3.84615e-05,0.219
66,3960,2290,184,-9.23494,27.6587,3.84615e-05,0.219
67,4020,4871,0,69.7335,137.861,3.84615e-05,0.224
67,4020,7763,7,-23.9387,60.8691,3.84615e-05,0.224
67,4020,4255,9,45.2636,84.3755,3.84615e-05,0.224
67,4020,6872,12,-31.9633,63.6726,3.84615e-05,0.224
67,4020,3846,17,29.0972,-114.486,3.84615e-05,0.224
67,4020,4407,17,29.5429,-114.593,3.84615e-05,0.224
67,4020,5125,17,29.3544,-114.137,3.84615e-05,0.224
67,4020,2084,23,-5.06596,-69.1147,3.84615e-05,0.224
67,4020,5191,26,-68.4172,89.2347,3.84615e-05,0.224
67,4020,6002,26,-67.9696,88.9486,3.84615e-05,0.224
67,4020,2671,35,-21.6112,-52.8352,3.84615e-05,0.224
67,4020,4864,40,-4.89657,143.262,3.84615e-05,0.224
67,4020,5330,40,-5.02277,143.806,3.84615e-05,0.224
67,4020,3762,71,37.4521,-5.81158,3.84615e-05,0.224
67,4020,4744,71,37.6922,-5.24687,3.84615e-05,0.224
67,4020,6019,72,4.97657,12.2671,3.84615e-05,0.224
67,4020,6254,72,5.31816,11.9117,3.84615e-05,0.224
67,4020,4332,89,25.8209,17.1527,3.84615e-05,0.224
67,4020,4541,93,34.7356,-92.4204,3.84615e-05,0.224
67,4020,5376,93,34.5036,-92.3422,3.84615e-05,0.224
67,4020,1,96,14.2115,34.346,0.000384615,0.224
67,4020,361,96,14.5996,34.9031,0.000384615,0.224
67,4020,401,96,14.7191,34.6945,0.000384615,0.224
67,4020,641,96,14.5305,34.3885,0.000384615,0.224
67,4020,1041,96,14.5208,34.7503,0.000384615,0.224
67,4020,1121,96,14.3856,34.613,0.000384615,0.224
67,4020,1161,96,14.8682,34.5472,0.000384615,0.224
67,4020,1561,96,14.4438,34.6617,0.000384615,0.224
67,4020,1761,96,14.644,34.2663,0.000384615,0.224
67,4020,3506,103,58.3691,-110.572,3.84615e-05,0.224
67,4020,3481,130,57.2867,46.1224,3.84615e-05,0.224
67,4020,702,143,47.0321,135.46,0.000384615,0.224
67,4020,2040,156,49.606,56.547,3.84615e-05,0.224
67,4020,7588,165,-14.9127,-9.70171,3.84615e-05,0.224
67,4020,2257,172,-84.6557,26.3593,3.84615e-05,0.224
67,4020,4319,172,-84.5992,24.3679,3.84615e-05,0.224
67,4020,2349,174,-9.19445,20.564,3.84615e-05,0.224
67,4020,3660,184,-8.31425,34.8688,3.84615e-05,0.224
67,4020,7247,189,9.73772,-147.455,3.84615e-05,0.224
67,4020,3111,195,-71.5649,-7.6136,3.84615e-05,0.224
68,4080,3649,14,25.1421,115.122,3.84615e-05,0.226769
68,4080,2089,32,78.203,-59.4001,3.84615e-05,0.226769
68,4080,6937,38,-46.5692,124.541,3.84615e-05,0.226769
68,4080,7519,46,-24.312,-12.092,3.84615e-05,0.226769
68,4080,7611,46,-23.6126,-12.173,3.84615e-05,0.226769
68,4080,2170,52,-32.0229,135.729,3.84615e-05,0.226769
68,4080,7802,64,-57.9074,96.4867,3.84615e-05,0.226769
68,4080,6760,88,52.0067,-0.239975,3.84615e-05,0.226769
68,4080,2221,93,39.9551,-86.3613,3.84615e-05,0.226769
68,4080,2604,93,39.7809,-85.9971,3.84615e-05,0.226769
68,4080,4013,93,39.204,-86.212,3.84615e-05,0.226769
68,4080,5522,95,37.9036,13.3529,3.84615e-05,0.226769
68,4080,2321,96,12.7737,37.7664,3.84615e-05,0.226769
68,4080,2768,96,12.8476,37.6906,3.84615e-05,0.226769
68,4080,345,102,30.3017,-103.972,0.000384615,0.226769
68,4080,1465,102,30.5387,-103.982,0.000384615,0.226769
68,4080,1585,102,30.3899,-103.645,0.000384615,0.226769
68,4080,1945,102,30.1976,-104.388,0.000384615,0.226769
68,4080,2816,116,49.971,37.4318,3.84615e-05,0.226769
68,4080,222,143,45.2792,136.815,0.000384615,0.226769
68,4080,4296,143,45.2452,136.857,3.84615e-05,0.226769
68,4080,7066,164,-30.7265,-42.711,3.84615e-05,0.226769
68,4080,2801,166,16.2506,18.7845,3.84615e-05,0.226769
68,4080,2573,167,36.77,47.0276,3.84615e-05,0.226769
68,4080,6950,180,-28.1563,-134.379,3.84615e-05,0.226769
68,4080,7037,183,-31.9941,13.8059,3.84615e-05,0.226769
68,4080,2105,190,66.88,178.841,3.84615e-05,0.226769
69,4140,7924,4,-49.8768,-85.6374,3.84615e-05,0.229462
69,4140,2959,19,-29.7532,-64.5571,3.84615e-05,0.229462
69,4140,4604,24,-46.2643,-68.0367,3.84615e-05,0.229462
69,4140,7669,42,46.3978,-150.869,3.84615e-05,0.229462
69,4140,7452,53,-1.22648,163.304,3.84615e-05,0.229462
69,4140,2812,56,49.6884,-76.4285,3.84615e-05,0.229462
69,4140,6315,56,50.1612,-77.0171,3.84615e-05,0.229462
69,4140,2563,65,-37.2867,149.762,3.84615e-05,0.229462
69,4140,7307,67,19.7828,-163.933,3.84615e-05,0.229462
69,4140,4910,79,64.5011,-117.676,3.84615e-05,0.229462
69,4140,7416,101,-5.86903,-106.588,3.84615e-05,0.229462
69,4140,105,102,31.6521,-103.496,0.000384615,0.229462
69,4140,665,102,31.2506,-103.651,0.000384615,0.229462
69,4140,1265,102,31.6824,-103.799,0.000384615,0.229462
69,4140,1505,102,31.1845,-103.637,0.000384615,0.229462
69,4140,1665,102,31.5599,-103.64,0.000384615,0.229462
69,4140,3452,109,-76.9325,-106.163,3.84615e-05,0.229462
69,4140,3854,116,47.6322,43.187,3.84615e-05,0.229462
69,4140,3712,137,-4.41889,-56.8513,3.84615e-05,0.229462
69,4140,2045,149,-5.98756,-35.4765,3.84615e-05,0.229462
69,4140,2803,149,-6.16743,-35.4921,3.84615e-05,0.229462
69,4140,4500,172,-77.4942,31.4122,3.84615e-05,0.229462
69,4140,7555,177,77.16,-148.516,3.84615e-05,0.229462
69,4140,4248,184,2.62309,31.9845,3.84615e-05,0.229462
69,4140,6075,184,2.56834,31.4933,3.84615e-05,0.229462
70,4200,2502,31,69.1922,123.029,3.84615e-05,0.229885
70,4200,3500,34,-1.18942,-58.6663,3.84615e-05,0.229885
70,4200,3756,34,-1.65199,-58.9839,3.84615e-05,0.229885
70,4200,2242,69,53.8475,-66.2757,3.84615e-05,0.229885
70,4200,3141,80,-15.3284,39.304,3.84615e-05,0.229885
70,4200,4361,80,-15.1239,38.6434,3.84615e-05,0.229885
70,4200,3871,96,4.71824,42.8907,3.84615e-05,0.229885
70,4200,4838,96,4.37431,42.7362,3.84615e-05,0.229885
70,4200,6242,145,-34.6252,140.621,3.84615e-05,0.229885
70,4200,7000,148,-37.356,-45.632,3.84615e-05,0.229885
70,4200,4231,152,-30.3207,-62.0854,3.84615e-05,0.229885
71,4260,7586,11,-39.293,35.4235,3.84615e-05,0.231231
71,4260,5110,37,-68.7816,140.095,3.84615e-05,0.231231
71,4260,7200,39,1.10303,126.319,3.84615e-05,0.231231
71,4260,3732,49,-16.1166,124.323,3.84615e-05,0.231231
71,4260,3554,52,-23.3503,143.6,3.84615e-05,0.231231
71,4260,930,71,25.6327,2.45978,0.000384615,0.231231
71,4260,4571,71,25.2392,2.6152,3.84615e-05,0.231231
71,4260,7237,83,-43.1101,-179.473,3.84615e-05,0.231231
71,4260,7484,85,19.887,-139.681,3.84615e-05,0.231231
71,4260,7553,85,20.0502,-139.407,3.84615e-05,0.231231
71,4260,7957,91,-9.13498,-131.845,3.84615e-05,0.231231
71,4260,4568,113,14.9734,-83.8149,3.84615e-05,0.231231
71,4260,5052,116,41.735,47.0098,3.84615e-05,0.231231
71,4260,7061,120,-29.002,106.397,3.84615e-05,0.231231
71,4260,2116,124,-6.28658,-78.7441,3.84615e-05,0.231231
71,4260,5637,137,5.42429,-55.3417,3.84615e-05,0.231231
71,4260,4733,139,49.9947,14.0343,3.84615e-05,0.231231
71,4260,6551,139,49.4896,13.9409,3.84615e-05,0.231231
71,4260,6697,143,34.5466,134.873,3.84615e-05,0.231231
71,4260,4655,152,-29.184,-60.0714,3.84615e-05,0.231231
71,4260,5923,157,30.8769,119.418,3.84615e-05,0.231231
71,4260,3929,166,23.1389,23.417,3.84615e-05,0.231231
71,4260,2643,168,41.3277,112.848,3.84615e-05,0.231231
71,4260,3843,168,41.5395,112.301,3.84615e-05,0.231231
71,4260,3532,174,2.33087,19.041,3.84615e-05,0.231231
71,4260,6706,174,2.63573,19.4554,3.84615e-05,0.231231
72,4320,2995,34,-4.70146,-53.3321,3.84615e-05,0.232
72,4320,4408,49,-16.7567,131.963,3.84615e-05,0.232
72,4320,7680,51,-37.804,114.726,3.84615e-05,0.232
72,4320,7652,77,9.522,-156.595,3.84615e-05,0.232
72,4320,3661,79,66.8174,-90.2509,3.84615e-05,0.232
72,4320,2030,86,51.5869,-111.427,3.84615e-05,0.232
72,4320,7208,87,64.3288,-34.5498,3.84615e-05,0.232
72,4320,3149,102,41.187,-106.462,3.84615e-05,0.232
72,4320,2114,105,30.0256,65.2593,3.84615e-05,0.232
72,4320,2661,128,35.6726,103.053,3.84615e-05,0.232
72,4320,2584,142,64.9916,142.709,3.84615e-05,0.232
72,4320,4045,144,-6.9405,144.725,3.84615e-05,0.232
72,4320,7879,148,-30.7948,-44.2214,3.84615e-05,0.232
72,4320,7572,149,5.644,-40.9138,3.84615e-05,0.232
72,4320,6899,151,-41.8773,-97.4738,3.84615e-05,0.232
72,4320,3294,155,37.9833,34.4339,3.84615e-05,0.232
72,4320,3676,173,-30.7633,18.757,3.84615e-05,0.232
72,4320,2206,184,9.20538,35.5667,3.84615e-05,0.232
72,4320,7872,187,55.216,-179.96,3.84615e-05,0.232
72,4320,3410,196,-24.7054,45.1768,3.84615e-05,0.232
73,4380,5092,9,62.439,111.39,3.84615e-05,0.235346
73,4380,3214,13,18.796,99.2478,3.84615e-05,0.235346
73,4380,2823,28,27.4155,114.787,3.84615e-05,0.235346
73,4380,1849,30,46.6676,125.744,0.000384615,0.235346
73,4380,4085,38,-27.2046,123.451,3.84615e-05,0.235346
73,4380,3423,43,37.0003,-82.7279,3.84615e-05,0.235346
73,4380,4504,49,-16.0818,131.053,3.84615e-05,0.235346
73,4380,7167,54,35.0934,-159.109,3.84615e-05,0.235346
73,4380,825,92,29.6295,-103.488,0.000384615,0.235346
73,4380,1705,92,29.2865,-102.887,0.000384615,0.235346
73,4380,1905,92,29.5881,-103.057,0.000384615,0.235346
73,4380,4965,115,48.8181,13.0821,3.84615e-05,0.235346
73,4380,2013,116,34.1715,52.3179,3.84615e-05,0.235346
73,4380,4461,121,-73.7346,111.246,3.84615e-05,0.235346
73,4380,5888,121,-73.2418,110.568,3.84615e-05,0.235346
73,4380,7693,122,-69.8543,-99.0635,3.84615e-05,0.235346
73,4380,2625,124,2.81783,-69.8862,3.84615e-05,0.235346
73,4380,10,154,27.0038,1.68297,0.000384615,0.235346
73,4380,1610,154,26.9174,1.20743,0.000384615,0.235346
73,4380,1650,154,26.7809,2.03613,0.000384615,0.235346
73,4380,4741,163,-39.4035,-62.4485,3.84615e-05,0.235346
73,4380,5529,165,8.33909,1.02463,3.84615e-05,0.235346
73,4380,2738,183,-16.1981,23.0945,3.84615e-05,0.235346
73,4380,7824,190,52.6586,-159.571,3.84615e-05,0.235346
74,4440,4790,18,-14.5256,-74.9426,3.84615e-05,0.238192
74,4440,2032,25,-75.707,68.5372,3.84615e-05,0.238192
74,4440,3551,30,49.8203,125.673,3.84615e-05,0.238192
74,4440,7412,32,59.0884,-47.5255,3.84615e-05,0.238192
74,4440,3368,34,-12.9657,-54.3377,3.84615e-05,0.238192
74,4440,4134,42,55.7776,-123.195,3.84615e-05,0.238192
74,4440,7498,63,-51.8607,72.7871,3.84615e-05,0.238192
74,4440,3918,68,57.0528,-105.914,3.84615e-05,0.238192
74,4440,3334,79,68.9342,-71.4839,3.84615e-05,0.238192
74,4440,4992,79,68.7884,-72.4202,3.84615e-05,0.238192
74,4440,3357,89,5.60465,34.401,3.84615e-05,0.238192
74,4440,4979,89,5.73121,33.9139,3.84615e-05,0.238192
74,4440,225,92,30.0517,-103.212,0.000384615,0.238192
74,4440,705,92,30.0766,-103.1,0.000384615,0.238192
74,4440,1065,92,30.0593,-103.385,0.000384615,0.238192
74,4440,6841,112,-7.79401,-93.8734,3.84615e-05,0.238192
74,4440,2980,115,50.6864,13.7283,3.84615e-05,0.238192
74,4440,7437,118,-20.3081,106.151,3.84615e-05,0.238192
74,4440,2091,128,29.1945,98.55,3.84615e-05,0.238192
74,4440,2028,136,-15.1222,-72.9439,3.84615e-05,0.238192
74,4440,3763,142,56.8336,127.522,3.84615e-05,0.238192
74,4440,6384,142,56.7497,126.495,3.84615e-05,0.238192
74,4440,1970,154,27.0048,3.77234,0.000384615,0.238192
74,4440,4243,154,26.6236,3.92126,3.84615e-05,0.238192
74,4440,5803,154,26.7866,3.39474,3.84615e-05,0.238192
74,4440,2470,167,43.5619,74.2517,3.84615e-05,0.238192
74,4440,129,168,43.3324,128.222,0.000384615,0.238192
74,4440,6439,168,44.0653,128.251,3.84615e-05,0.238192
74,4440,2871,196,-17.7825,46.4881,3.84615e-05,0.238192
75,4500,7081,41,45.7707,-174.813,3.84615e-05,0.241346
75,4500,5614,42,53.6451,-117.09,3.84615e-05,0.241346
75,4500,4580,74,-72.3145,120.772,3.84615e-05,0.241346
75,4500,3957,86,60.4748,-96.2882,3.84615e-05,0.241346
75,4500,3090,88,30.857,10.6255,3.84615e-05,0.241346
75,4500,1385,92,32.1225,-100.639,0.000384615,0.241346
75,4500,7499,105,19.5292,70.843,3.84615e-05,0.241346
75,4500,3683,127,60.0608,87.7281,3.84615e-05,0.241346
75,4500,2836,144,-20.0133,144.502,3.84615e-05,0.241346
75,4500,2273,154,24.3262,10.815,3.84615e-05,0.241346
75,4500,2003,166,31.5748,35.0688,3.84615e-05,0.241346
75,4500,689,168,43.1031,128.685,0.000384615,0.241346
75,4500,2859,183,-13.3201,29.1076,3.84615e-05,0.241346
75,4500,3902,196,-15.0356,49.1568,3.84615e-05,0.241346
75,4500,207,198,55.4571,85.557,0.000384615,0.241346
75,4500,487,198,55.5391,86.0919,0.000384615,0.241346
75,4500,1047,198,55.3448,84.8492,0.000384615,0.241346
75,4500,1727,198,55.4351,85.5233,0.000384615,0.241346
75,4500,1927,198,54.8709,85.2296,0.000384615,0.241346
76,4560,4100,13,19.8306,110.352,3.84615e-05,0.248615
76,4560,2814,23,-37.7216,-71.9437,3.84615e-05,0.248615
76,4560,2929,23,-37.7193,-72.3883,3.84615e-05,0.248615
76,4560,3220,28,36.6583,115.473,3.84615e-05,0.248615
76,4560,5071,48,-33.4366,115.227,3.84615e-05,0.248615
76,4560,2675,60,14.7232,-10.2829,3.84615e-05,0.248615
76,4560,7130,87,59.0085,-14.5965,3.84615e-05,0.248615
76,4560,2368,89,-0.819832,36.1711,3.84615e-05,0.248615
76,4560,7183,93,50.1219,-45.7562,3.84615e-05,0.248615
76,4560,4031,94,37.332,-2.6566,3.84615e-05,0.248615
76,4560,7606,100,-15.1502,-115.642,3.84615e-05,0.248615
76,4560,2312,104,50.9315,60.0643,3.84615e-05,0.248615
76,4560,2910,116,26.6261,60.7681,3.84615e-05,0.248615
76,4560,4195,116,26.7782,60.2436,3.84615e-05,0.248615
76,4560,367,127,56.0636,88.7952,0.000384615,0.248615
76,4560,647,127,55.7414,88.2381,0.000384615,0.248615
76,4560,687,127,56.1337,87.8513,0.000384615,0.248615
76,4560,887,127,55.4275,88.2836,0.000384615,0.248615
76,4560,1127,127,55.8662,87.4056,0.000384615,0.248615
76,4560,1367,127,55.6247,87.7615,0.000384615,0.248615
76,4560,1447,127,56.1683,88.6034,0.000384615,0.248615
76,4560,1767,127,55.4772,88.2909,0.000384615,0.248615
76,4560,3223,144,-20.3568,143.53,3.84615e-05,0.248615
76,4560,2837,152,-16.817,-42.585,3.84615e-05,0.248615
76,4560,2249,155,48.2646,50.1581,3.84615e-05,0.248615
76,4560,7350,163,-41.1147,-45.5454,3.84615e-05,0.248615
76,4560,2754,183,-8.57993,30.2789,3.84615e-05,0.248615
76,4560,727,198,55.0902,87.0417,0.000384615,0.248615
76,4560,767,198,55.0751,87.3001,0.000384615,0.248615
76,4560,887,198,55.4275,88.2836,0.000384615,0.248615
76,4560,1127,198,55.8662,87.4056,0.000384615,0.248615
76,4560,1167,198,55.9533,86.8832,0.000384615,0.248615
76,4560,1287,198,55.3876,87.3352,0.000384615,0.248615
76,4560,1327,198,55.239,86.8878,0.000384615,0.248615
76,4560,1367,198,55.6247,87.7615,0.000384615,0.248615
76,4560,1407,198,55.1219,87.1619,0.000384615,0.248615
76,4560,1527,198,55.5753,86.3616,0.000384615,0.248615
76,4560,1767,198,55.4772,88.2909,0.000384615,0.248615
76,4560,1847,198,55.6156,86.4728,0.000384615,0.248615
76,4560,1887,198,55.3293,86.8183,0.000384615,0.248615
77,4620,7649,19,-49.0685,-35.3746,3.84615e-05,0.250385
77,4620,7719,65,-7.17817,167.072,3.84615e-05,0.250385
77,4620,3861,78,60.7877,-132.112,3.84615e-05,0.250385
77,4620,3874,89,-7.36115,33.732,3.84615e-05,0.250385
77,4620,2025,92,36.4217,-90.75,3.84615e-05,0.250385
77,4620,2940,95,12.0338,33.6972,3.84615e-05,0.250385
77,4620,5017,101,24.4341,-107.271,3.84615e-05,0.250385
77,4620,7936,106,-24.0309,73.1549,3.84615e-05,0.250385
77,4620,3663,115,45.0157,27.351,3.84615e-05,0.250385
77,4620,87,127,55.6013,91.6688,0.000384615,0.250385
77,4620,7230,135,-37.7499,-86.223,3.84615e-05,0.250385
77,4620,4150,136,-7.10167,-58.4722,3.84615e-05,0.250385
77,4620,4995,136,-6.90922,-58.8529,3.84615e-05,0.250385
77,4620,1129,142,45.1851,130.127,0.000384615,0.250385
77,4620,2602,165,16.089,8.82722,3.84615e-05,0.250385
77,4620,3049,165,16.3131,8.57745,3.84615e-05,0.250385
77,4620,2192,175,60.4847,10.5298,3.84615e-05,0.250385
77,4620,7016,181,-65.1183,-33.0294,3.84615e-05,0.250385
77,4620,607,198,58.0365,85.2537,0.000384615,0.250385
78,4680,247,8,54.4517,86.0247,0.000384615,0.253615
78,4680,5655,16,27.2534,-113.226,3.84615e-05,0.253615
78,4680,2405,28,43.6026,117.218,3.84615e-05,0.253615
78,4680,3177,51,-29.2785,136.475,3.84615e-05,0.253615
78,4680,3128,60,7.47877,-5.33232,3.84615e-05,0.253615
78,4680,5567,72,-29.7858,30.5952,3.84615e-05,0.253615
78,4680,7313,75,-32.6342,174.852,3.84615e-05,0.253615
78,4680,2103,78,66.8779,-122.151,3.84615e-05,0.253615
78,4680,7394,83,-20.4279,-163.462,3.84615e-05,0.253615
78,4680,4813,85,37.6522,-118.613,3.84615e-05,0.253615
78,4680,3745,86,59.6492,-70.2505,3.84615e-05,0.253615
78,4680,7891,98,-49.5162,138.91,3.84615e-05,0.253615
78,4680,2394,128,13.6531,98.6075,3.84615e-05,0.253615
78,4680,3706,131,2.5308,117.463,3.84615e-05,0.253615
78,4680,7944,135,-35.3234,-83.8861,3.84615e-05,0.253615
78,4680,3613,139,54.3394,59.4903,3.84615e-05,0.253615
78,4680,2261,140,65.3227,-22.3591,3.84615e-05,0.253615
78,4680,6666,140,65.3708,-21.2422,3.84615e-05,0.253615
78,4680,2127,141,75.9571,106.303,3.84615e-05,0.253615
78,4680,3393,144,-28.254,146.001,3.84615e-05,0.253615
78,4680,7968,147,-43.4096,-48.6504,3.84615e-05,0.253615
78,4680,4890,148,-6.94437,-36.0528,3.84615e-05,0.253615
78,4680,3413,165,14.5774,13.6446,3.84615e-05,0.253615
78,4680,3057,166,36.4945,45.7604,3.84615e-05,0.253615
78,4680,7566,181,-56.6252,-26.0571,3.84615e-05,0.253615
78,4680,47,185,56.161,84.7933,0.000384615,0.253615
78,4680,167,185,55.6775,85.8268,0.000384615,0.253615
78,4680,407,185,55.9286,85.5063,0.000384615,0.253615
78,4680,1007,185,55.9364,85.8562,0.000384615,0.253615
78,4680,1487,185,55.7124,85.6662,0.000384615,0.253615
79,4740,4753,4,-75.4395,-16.1905,3.84615e-05,0.259654
79,4740,4094,7,18.4151,77.1089,3.84615e-05,0.259654
79,4740,127,8,56.7924,84.9207,0.000384615,0.259654
79,4740,447,8,56.7191,84.424,0.000384615,0.259654
79,4740,807,8,56.8428,84.2119,0.000384615,0.259654
79,4740,927,8,56.9278,84.6931,0.000384615,0.259654
79,4740,1607,8,57.1722,83.8335,0.000384615,0.259654
79,4740,1807,8,56.3622,83.8637,0.000384615,0.259654
79,4740,3374,18,-27.4571,-61.6629,3.84615e-05,0.259654
79,4740,5133,28,46.9688,118.795,3.84615e-05,0.259654
79,4740,4249,39,32.5027,115.458,3.84615e-05,0.259654
79,4740,2974,48,-22.8175,116.053,3.84615e-05,0.259654
79,4740,4323,48,-22.8776,115.849,3.84615e-05,0.259654
79,4740,7920,56,24.748,-38.6362,3.84615e-05,0.259654
79,4740,5494,61,-21.4267,15.6882,3.84615e-05,0.259654
79,4740,2086,68,52.5453,-76.0657,3.84615e-05,0.259654
79,4740,410,70,27.5548,-0.320465,0.000384615,0.259654
79,4740,530,70,27.5312,0.0466461,0.000384615,0.259654
79,4740,610,70,27.7541,0.0875549,0.000384615,0.259654
79,4740,890,70,27.2191,-0.294739,0.000384615,0.259654
79,4740,1050,70,27.8712,0.0212555,0.000384615,0.259654
79,4740,1930,70,27.4575,0.204956,0.000384615,0.259654
79,4740,3372,95,13.5909,41.4728,3.84615e-05,0.259654
79,4740,4178,95,13.3179,41.3001,3.84615e-05,0.259654
79,4740,7308,111,-21.5161,-108.288,3.84615e-05,0.259654
79,4740,7608,117,-6.84173,94.2172,3.84615e-05,0.259654
79,4740,4944,125,60.7076,-74.5247,3.84615e-05,0.259654
79,4740,2395,139,47.5147,54.7709,3.84615e-05,0.259654
79,4740,3034,140,67.6276,-34.5034,3.84615e-05,0.259654
79,4740,2838,144,-33.0957,147.306,3.84615e-05,0.259654
79,4740,5278,152,-11.3476,-37.6803,3.84615e-05,0.259654
79,4740,6049,156,33.5979,111.251,3.84615e-05,0.259654
79,4740,6668,156,33.7271,111.882,3.84615e-05,0.259654
79,4740,4258,171,-72.2074,20.2351,3.84615e-05,0.259654
79,4740,7252,178,3.08115,-170.248,3.84615e-05,0.259654
79,4740,6942,181,-55.8118,-22.9349,3.84615e-05,0.259654
79,4740,1247,185,56.8416,86.8892,0.000384615,0.259654
79,4740,2950,185,57.3389,87.4007,3.84615e-05,0.259654
79,4740,2360,186,57.5633,157.482,3.84615e-05,0.259654
79,4740,2832,198,70.1145,90.2276,3.84615e-05,0.259654
80,4800,847,8,56.6647,86.1805,0.000384615,0.265846
80,4800,6882,14,46.9446,161.66,3.84615e-05,0.265846
80,4800,7339,43,24.4171,-56.0366,3.84615e-05,0.265846
80,4800,3249,44,-9.43853,-37.3477,3.84615e-05,0.265846
80,4800,5517,48,-23.457,123.398,3.84615e-05,0.265846
80,4800,3574,51,-19.2501,136.572,3.84615e-05,0.265846
80,4800,34,55,44.9655,-70.3006,0.000384615,0.265846
80,4800,194,55,44.9068,-70.9792,0.000384615,0.265846
80,4800,274,55,44.5295,-70.7895,0.000384615,0.265846
80,4800,554,55,45.2724,-70.9026,0.000384615,0.265846
80,4800,954,55,44.8263,-71.5783,0.000384615,0.265846
80,4800,1154,55,44.6239,-70.6666,0.000384615,0.265846
80,4800,250,70,27.8855,1.29842,0.000384615,0.265846
80,4800,570,70,28.1891,1.24414,0.000384615,0.265846
80,4800,690,70,28.054,1.12067,0.000384615,0.265846
80,4800,850,70,27.6705,1.70647,0.000384615,0.265846
80,4800,970,70,28.2481,1.30008,0.000384615,0.265846
80,4800,1290,70,27.5574,1.29805,0.000384615,0.265846
80,4800,1690,70,27.7032,1.51184,0.000384615,0.265846
80,4800,3741,89,-17.5732,37.0673,3.84615e-05,0.265846
80,4800,2590,102,71.7521,-106.542,3.84615e-05,0.265846
80,4800,4925,102,71.4953,-106.51,3.84615e-05,0.265846
80,4800,5606,102,71.8605,-107.444,3.84615e-05,0.265846
80,4800,2819,104,35.0785,62.6804,3.84615e-05,0.265846
80,4800,3949,114,55.6837,-3.34384,3.84615e-05,0.265846
80,4800,7006,118,-35.5434,125.03,3.84615e-05,0.265846
80,4800,3148,151,-37.2172,-61.1089,3.84615e-05,0.265846
80,4800,6808,163,-31.0219,-33.2912,3.84615e-05,0.265846
80,4800,4532,165,20.5508,19.8523,3.84615e-05,0.265846
80,4800,2586,167,42.7294,102.367,3.84615e-05,0.265846
80,4800,7854,171,-70.2773,0.883331,3.84615e-05,0.265846
80,4800,2140,173,2.09018,17.8267,3.84615e-05,0.265846
80,4800,4994,182,-25.9912,21.6356,3.84615e-05,0.265846
80,4800,4878,197,42.0858,59.8508,3.84615e-05,0.265846
80,4800,5150,197,41.4182,60.3605,3.84615e-05,0.265846
81,4860,5159,4,-73.8861,15.4581,3.84615e-05,0.269923
81,4860,4155,7,26.7095,71.0138,3.84615e-05,0.269923
81,4860,5317,7,26.7756,71.5848,3.84615e-05,0.269923
81,4860,7912,9,75.3424,-169.185,3.84615e-05,0.269923
81,4860,7411,29,83.2665,-148.3,3.84615e-05,0.269923
81,4860,5496,35,-74.5659,-73.5455,3.84615e-05,0.269923
81,4860,2142,42,40.0065,-90.0636,3.84615e-05,0.269923
81,4860,3073,48,-20.0557,128.752,3.84615e-05,0.269923
81,4860,314,55,45.9083,-69.4032,0.000384615,0.269923
81,4860,794,55,46.0885,-69.6441,0.000384615,0.269923
81,4860,914,55,46.5845,-69.6492,0.000384615,0.269923
81,4860,1074,55,46.1851,-69.4056,0.000384615,0.269923
81,4860,2592,70,24.1272,7.80551,3.84615e-05,0.269923
81,4860,5863,70,24.3092,8.16161,3.84615e-05,0.269923
81,4860,4139,78,65.2871,-97.7435,3.84615e-05,0.269923
81,4860,514,92,44.7161,-71.6877,0.000384615,0.269923
81,4860,1114,92,45.1123,-71.4975,0.000384615,0.269923
81,4860,1474,92,44.8137,-72.2546,0.000384615,0.269923
81,4860,1874,92,44.3571,-72.1052,0.000384615,0.269923
81,4860,3911,95,4.3259,43.0246,3.84615e-05,0.269923
81,4860,2652,103,67.012,54.0746,3.84615e-05,0.269923
81,4860,3147,103,67.3259,54.7935,3.84615e-05,0.269923
81,4860,4335,104,32.439,63.4002,3.84615e-05,0.269923
81,4860,6860,108,-68.6455,-109.592,3.84615e-05,0.269923
81,4860,4041,130,22.9411,99.5515,3.84615e-05,0.269923
81,4860,5974,130,23.1467,99.3475,3.84615e-05,0.269923
81,4860,2293,136,5.30732,-58.2082,3.84615e-05,0.269923
81,4860,5051,138,49.5401,11.3083,3.84615e-05,0.269923
81,4860,2435,140,74.9867,-34.8412,3.84615e-05,0.269923
81,4860,6115,162,-40.7031,-71.4672,3.84615e-05,0.269923
81,4860,3041,183,5.33997,36.9146,3.84615e-05,0.269923
81,4860,3694,183,5.60894,36.646,3.84615e-05,0.269923
81,4860,4038,185,61.1211,100.646,3.84615e-05,0.269923
81,4860,4671,196,7.63171,48.2215,3.84615e-05,0.269923
82,4920,7721,6,-4.55537,61.7318,3.84615e-05,0.272385
82,4920,6093,27,25.1462,110.631,3.84615e-05,0.272385
82,4920,5528,38,7.30009,124.495,3.84615e-05,0.272385
82,4920,2266,39,44.1677,123.482,3.84615e-05,0.272385
82,4920,3218,42,38.6554,-86.9041,3.84615e-05,0.272385
82,4920,1314,55,41.5138,-68.3718,0.000384615,0.272385
82,4920,2680,73,-71.5433,88.2261,3.84615e-05,0.272385
82,4920,7474,90,-4.8886,-132.056,3.84615e-05,0.272385
82,4920,474,92,45.5478,-71.668,0.000384615,0.272385
82,4920,634,92,45.3344,-71.6028,0.000384615,0.272385
82,4920,1554,92,45.8354,-71.4963,0.000384615,0.272385
82,4920,1914,92,45.7738,-71.0187,0.000384615,0.272385
82,4920,3948,145,-78.7069,144.656,3.84615e-05,0.272385
82,4920,2336,153,23.1619,-3.94325,3.84615e-05,0.272385
82,4920,6954,159,-43.5756,-149.375,3.84615e-05,0.272385
82,4920,7495,163,-26.4897,-25.5611,3.84615e-05,0.272385
82,4920,3137,173,7.49008,15.6764,3.84615e-05,0.272385
82,4920,3616,174,43.899,17.8533,3.84615e-05,0.272385
82,4920,4142,182,-20.4691,24.7583,3.84615e-05,0.272385
83,4980,1529,13,43.9593,129.792,0.000384615,0.276231
83,4980,4016,33,-13.7965,-56.0808,3.84615e-05,0.276231
83,4980,258,35,-86.0123,-45.0481,0.000384615,0.276231
83,4980,1698,35,-85.8471,-51.7879,0.000384615,0.276231
83,4980,5442,35,-85.8423,-46.9523,3.84615e-05,0.276231
83,4980,4366,39,47.2262,123.15,3.84615e-05,0.276231
83,4980,3654,42,37.512,-83.1431,3.84615e-05,0.276231
83,4980,7657,65,4.54662,-178.775,3.84615e-05,0.276231
83,4980,2122,71,-15.6303,20.6904,3.84615e-05,0.276231
83,4980,3342,94,24.8258,28.4748,3.84615e-05,0.276231
83,4980,2983,112,20.1344,-77.2236,3.84615e-05,0.276231
83,4980,4900,151,-22.2213,-52.2348,3.84615e-05,0.276231
83,4980,370,153,27.446,0.943192,0.000384615,0.276231
83,4980,650,153,28.1452,0.504959,0.000384615,0.276231
83,4980,730,153,28.0951,0.570557,0.000384615,0.276231
83,4980,1170,153,27.7962,0.798141,0.000384615,0.276231
83,4980,1330,153,27.2195,0.74147,0.000384615,0.276231
83,4980,1450,153,27.4339,0.684326,0.000384615,0.276231
83,4980,7473,175,82.3997,-13.5745,3.84615e-05,0.276231
84,5040,2551,9,66.851,-141.848,3.84615e-05,0.278192
84,5040,3343,20,36.6536,-89.1337,3.84615e-05,0.278192
84,5040,3377,33,-15.7326,-63.6912,3.84615e-05,0.278192
84,5040,938,35,-86.6016,-61.4459,0.000384615,0.278192
84,5040,4709,35,-86.5133,-54.3579,3.84615e-05,0.278192
84,5040,5122,37,-21.6705,117.814,3.84615e-05,0.278192
84,5040,6017,50,-32.572,119.794,3.84615e-05,0.278192
84,5040,4303,67,58.4221,-107.318,3.84615e-05,0.278192
84,5040,5901,78,65.3444,-71.029,3.84615e-05,0.278192
84,5040,3125,88,-1.37622,29.5015,3.84615e-05,0.278192
84,5040,2964,91,32.8209,-101.886,3.84615e-05,0.278192
84,5040,7239,110,-30.5704,-126.154,3.84615e-05,0.278192
84,5040,7892,113,49.8238,-42.8947,3.84615e-05,0.278192
84,5040,2038,115,30.5872,54.4546,3.84615e-05,0.278192
84,5040,1594,124,43.4112,-68.4619,0.000384615,0.278192
84,5040,1714,124,43.2777,-68.3942,0.000384615,0.278192
84,5040,2523,125,78.2661,-67.5387,3.84615e-05,0.278192
84,5040,3681,125,78.0386,-66.4836,3.84615e-05,0.278192
84,5040,6944,152,2.3037,-25.4661,3.84615e-05,0.278192
84,5040,3650,166,43.1589,72.8306,3.84615e-05,0.278192
84,5040,938,170,-86.6016,-61.4459,0.000384615,0.278192
84,5040,4709,170,-86.5133,-54.3579,3.84615e-05,0.278192
84,5040,3576,182,-14.1732,27.1448,3.84615e-05,0.278192
84,5040,3637,196,19.52,51.1228,3.84615e-05,0.278192
84,5040,6416,196,19.8675,50.6305,3.84615e-05,0.278192
84,5040,6529,196,20.1235,51.0146,3.84615e-05,0.278192
85,5100,7141,5,-28.5401,54.4735,3.84615e-05,0.284231
85,5100,2175,21,-3.17007,-73.7408,3.84615e-05,0.284231
85,5100,5147,31,53.7142,-61.6162,3.84615e-05,0.284231
85,5100,7766,61,-37.6535,31.6689,3.84615e-05,0.284231
85,5100,7236,65,18.005,-176.689,3.84615e-05,0.284231
85,5100,4832,79,40.0167,-8.87849,3.84615e-05,0.284231
85,5100,7728,95,-3.69475,55.0481,3.84615e-05,0.284231
85,5100,434,124,45.3193,-70.1693,0.000384615,0.284231
85,5100,1234,124,45.3229,-69.5308,0.000384615,0.284231
85,5100,6394,124,45.0203,-69.8907,3.84615e-05,0.284231
85,5100,567,126,56.1821,87.3914,0.000384615,0.284231
85,5100,967,126,56.1464,86.505,0.000384615,0.284231
85,5100,1647,126,56.1497,87.5973,0.000384615,0.284231
85,5100,2664,141,53.7231,139.486,3.84615e-05,0.284231
85,5100,1898,145,-86.2434,-40.8831,0.000384615,0.284231
85,5100,526,151,-18.4983,-48.5685,0.000384615,0.284231
85,5100,2363,164,11.7693,2.03796,3.84615e-05,0.284231
85,5100,5645,165,31.8998,37.4877,3.84615e-05,0.284231
85,5100,6589,165,32.4411,37.368,3.84615e-05,0.284231
85,5100,3921,166,45.8661,80.2819,3.84615e-05,0.284231
85,5100,378,170,-85.5173,-22.9253,0.000384615,0.284231
85,5100,698,170,-85.513,-17.5338,0.000384615,0.284231
85,5100,978,170,-85.4345,-11.7349,0.000384615,0.284231
85,5100,1178,170,-85.6659,-15.8319,0.000384615,0.284231
85,5100,1538,170,-85.8148,-16.74,0.000384615,0.284231
85,5100,1658,170,-85.1513,-15.6913,0.000384615,0.284231
85,5100,5216,170,-85.401,-22.0494,3.84615e-05,0.284231
85,5100,7841,171,-48.8554,6.66393,3.84615e-05,0.284231
85,5100,3095,183,19.5029,42.9006,3.84615e-05,0.284231
85,5100,527,197,55.6685,83.5833,0.000384615,0.284231
85,5100,4815,197,55.7213,83.4191,3.84615e-05,0.284231
86,5160,3175,20,30.2151,-85.6795,3.84615e-05,0.289115
86,5160,2047,22,-38.7165,-72.6276,3.84615e-05,0.289115
86,5160,6951,44,-24.0743,-16.767,3.84615e-05,0.289115
86,5160,4056,69,14.8642,-11.6194,3.84615e-05,0.289115
86,5160,5155,69,14.5537,-11.4074,3.84615e-05,0.289115
86,5160,3575,70,5.23245,6.64433,3.84615e-05,0.289115
86,5160,4078,79,40.2619,-0.877701,3.84615e-05,0.289115
86,5160,2050,87,24.5514,12.3484,3.84615e-05,0.289115
86,5160,7671,98,-34.5202,-179.512,3.84615e-05,0.289115
86,5160,6814,99,-20.5681,-147.09,3.84615e-05,0.289115
86,5160,7533,110,-28.2408,-115.487,3.84615e-05,0.289115
86,5160,3330,114,47.5489,23.8962,3.84615e-05,0.289115
86,5160,7,126,54.7021,86.0875,0.000384615,0.289115
86,5160,1087,126,54.6339,87.3162,0.000384615,0.289115
86,5160,1567,126,54.7585,86.9068,0.000384615,0.289115
86,5160,3211,135,-12.6497,-65.1142,3.84615e-05,0.289115
86,5160,2873,164,11.656,8.90633,3.84615e-05,0.289115
86,5160,98,170,-84.9463,-27.3945,0.000384615,0.289115
86,5160,498,170,-84.9551,-29.8619,0.000384615,0.289115
86,5160,538,170,-84.5374,-27.337,0.000384615,0.289115
86,5160,578,170,-84.4786,-23.6696,0.000384615,0.289115
86,5160,1418,170,-84.7904,-30.5863,0.000384615,0.289115
86,5160,1498,170,-84.344,-23.6231,0.000384615,0.289115
86,5160,1818,170,-84.4095,-21.4225,0.000384615,0.289115
86,5160,2777,172,-12.8311,14.1128,3.84615e-05,0.289115
86,5160,7447,187,9.54649,-150.681,3.84615e-05,0.289115
86,5160,6927,190,8.28149,-138.084,3.84615e-05,0.289115
86,5160,1207,197,56.2783,84.0364,0.000384615,0.289115
87,5220,7296,5,-23.0332,63.0983,3.84615e-05,0.29
87,5220,4949,7,45.9291,86.9692,3.84615e-05,0.29
87,5220,2183,27,46.0322,106.289,3.84615e-05,0.29
87,5220,4047,27,45.8375,106.145,3.84615e-05,0.29
87,5220,423,33,-30.0041,-58.9022,0.000384615,0.29
87,5220,7516,46,-52.2044,75.7294,3.84615e-05,0.29
87,5220,7825,97,-44.002,133.645,3.84615e-05,0.29
87,5220,6917,118,-47.8008,155.17,3.84615e-05,0.29
87,5220,3478,131,-22.5208,140.11,3.84615e-05,0.29
87,5220,6111,141,46.128,129.13,3.84615e-05,0.29
87,5220,3188,182,-2.89552,24.2634,3.84615e-05,0.29
87,5220,7592,189,-59.0763,-109.422,3.84615e-05,0.29
87,5220,6584,193,-71.6997,-1.05978,3.84615e-05,0.29
87,5220,7211,195,-4.55972,42.817,3.84615e-05,0.29
88,5280,7800,16,-0.911797,-90.2188,3.84615e-05,0.292038
88,5280,3046,26,10.7585,105.75,3.84615e-05,0.292038
88,5280,4555,29,59.0819,-97.1977,3.84615e-05,0.292038
88,5280,1623,33,-31.1184,-58.3337,0.000384615,0.292038
88,5280,1783,33,-30.8366,-57.8686,0.000384615,0.292038
88,5280,6986,44,-30.6609,-18.9834,3.84615e-05,0.292038
88,5280,7858,55,29.8306,-45.5883,3.84615e-05,0.292038
88,5280,7840,64,-3.06016,167.134,3.84615e-05,0.292038
88,5280,7258,66,51.3936,-135.065,3.84615e-05,0.292038
88,5280,7467,68,34.5715,-30.3427,3.84615e-05,0.292038
88,5280,4674,69,9.22667,-8.52097,3.84615e-05,0.292038
88,5280,3003,79,29.8245,-5.01651,3.84615e-05,0.292038
88,5280,5656,79,30.1866,-5.41478,3.84615e-05,0.292038
88,5280,2975,84,40.6857,-122.285,3.84615e-05,0.292038
88,5280,3233,87,18.9811,21.0845,3.84615e-05,0.292038
88,5280,3625,88,-9.33751,38.7231,3.84615e-05,0.292038
88,5280,2056,91,41.5694,-86.5703,3.84615e-05,0.292038
88,5280,2342,93,32.8225,6.30453,3.84615e-05,0.292038
88,5280,3794,107,-74.1747,-122.96,3.84615e-05,0.292038
88,5280,2254,130,-0.739403,115.461,3.84615e-05,0.292038
88,5280,7250,133,-54.5485,-128.591,3.84615e-05,0.292038
88,5280,2118,140,73.2761,106.685,3.84615e-05,0.292038
88,5280,7797,145,-76.224,-77.401,3.84615e-05,0.292038
88,5280,3468,147,-6.56108,-41.7952,3.84615e-05,0.292038
88,5280,2447,182,2.15282,29.4411,3.84615e-05,0.292038
88,5280,1687,184,57.22,86.2454,0.000384615,0.292038
89,5340,4997,3,-77.7944,-11.7071,3.84615e-05,0.295
89,5340,2713,12,33.1458,111.634,3.84615e-05,0.295
89,5340,3416,26,15.3813,100.317,3.84615e-05,0.295
89,5340,4966,41,41.8024,-97.7834,3.84615e-05,0.295
89,5340,7053,46,-41.2019,83.3094,3.84615e-05,0.295
89,5340,3079,47,-23.3893,117.546,3.84615e-05,0.295
89,5340,6903,49,28.4078,167.777,3.84615e-05,0.295
89,5340,7769,76,34.7478,-149.197,3.84615e-05,0.295
89,5340,2780,77,69.1191,-116.953,3.84615e-05,0.295
89,5340,7057,90,14.1785,-114.995,3.84615e-05,0.295
89,5340,2780,101,69.1191,-116.953,3.84615e-05,0.295
89,5340,3602,114,45.367,40.8456,3.84615e-05,0.295
89,5340,7384,119,-40.0765,-143.444,3.84615e-05,0.295
89,5340,27,127,7.32339,102.291,0.000384615,0.295
89,5340,147,127,6.73179,101.896,0.000384615,0.295
89,5340,427,127,6.89799,101.915,0.000384615,0.295
89,5340,587,127,7.00751,101.944,0.000384615,0.295
89,5340,987,127,7.04988,102.043,0.000384615,0.295
89,5340,1187,127,6.7924,102.145,0.000384615,0.295
89,5340,3549,147,-3.24759,-40.3125,3.84615e-05,0.295
89,5340,2228,155,36.5441,118.977,3.84615e-05,0.295
89,5340,5409,170,-74.7003,20.584,3.84615e-05,0.295
89,5340,2904,172,-2.29903,10.2309,3.84615e-05,0.295
89,5340,3168,185,59.4403,162.731,3.84615e-05,0.295
90,5400,7265,2,-58.9067,-97.1292,3.84615e-05,0.301385
90,5400,4783,3,-74.8839,7.93845,3.84615e-05,0.301385
90,5400,4205,12,36.3815,114.757,3.84615e-05,0.301385
90,5400,183,17,-31.8711,-57.0315,0.000384615,0.301385
90,5400,543,17,-31.6944,-57.4468,0.000384615,0.301385
90,5400,983,17,-32.1797,-56.7123,0.000384615,0.301385
90,5400,1583,17,-32.1015,-57.0451,0.000384615,0.301385
90,5400,1663,17,-32.1469,-57.054,0.000384615,0.301385
90,5400,1823,17,-31.9267,-57.4824,0.000384615,0.301385
90,5400,1863,17,-32.2988,-57.3347,0.000384615,0.301385
90,5400,4236,22,-54.3399,-67.0972,3.84615e-05,0.301385
90,5400,6686,22,-54.0777,-66.7703,3.84615e-05,0.301385
90,5400,3645,23,-82.8974,12.7775,3.84615e-05,0.301385
90,5400,2709,30,69.539,-45.7292,3.84615e-05,0.301385
90,5400,3212,32,-4.3654,-59.3736,3.84615e-05,0.301385
90,5400,4679,43,-9.69919,-40.1894,3.84615e-05,0.301385
90,5400,4579,50,-18.6356,135.264,3.84615e-05,0.301385
90,5400,394,54,44.3441,-70.3306,0.000384615,0.301385
90,5400,994,54,44.4635,-70.272,0.000384615,0.301385
90,5400,5641,54,44.2611,-70.5458,3.84615e-05,0.301385
90,5400,7739,62,-55.2604,112.407,3.84615e-05,0.301385
90,5400,4484,67,50.7861,-71.3929,3.84615e-05,0.301385
90,5400,3786,100,37.0536,-110.175,3.84615e-05,0.301385
90,5400,67,127,5.70002,102.801,0.000384615,0.301385
90,5400,187,127,5.66148,102.471,0.000384615,0.301385
90,5400,1587,127,5.89555,102.656,0.000384615,0.301385
90,5400,1707,127,5.7064,102.267,0.000384615,0.301385
90,5400,1987,127,6.10229,102.399,0.000384615,0.301385
90,5400,7097,133,-46.7574,-121.156,3.84615e-05,0.301385
90,5400,7064,148,38.0298,-44.9337,3.84615e-05,0.301385
90,5400,743,150,-32.6124,-57.4956,0.000384615,0.301385
90,5400,1863,150,-32.2988,-57.3347,0.000384615,0.301385
91,5460,3353,7,60.0447,94.6122,3.84615e-05,0.307192
91,5460,1463,17,-33.1097,-56.1224,0.000384615,0.307192
91,5460,2998,35,-67.1204,120.448,3.84615e-05,0.307192
91,5460,7504,44,-33.5642,-4.73232,3.84615e-05,0.307192
91,5460,7357,46,-37.3391,92.1164,3.84615e-05,0.307192
91,5460,354,54,44.0816,-72.7397,0.000384615,0.307192
91,5460,714,54,43.7392,-72.5022,0.000384615,0.307192
91,5460,754,54,44.3657,-72.5854,0.000384615,0.307192
91,5460,4211,63,-23.0968,150.316,3.84615e-05,0.307192
91,5460,6164,67,52.879,-63.31,3.84615e-05,0.307192
91,5460,7718,68,29.1652,-26.6376,3.84615e-05,0.307192
91,5460,5511,77,64.9087,-96.2992,3.84615e-05,0.307192
91,5460,4438,79,21.4634,5.65799,3.84615e-05,0.307192
91,5460,5182,79,21.7714,5.51125,3.84615e-05,0.307192
91,5460,2014,87,12.6547,25.9435,3.84615e-05,0.307192
91,5460,154,91,43.0105,-70.9546,0.000384615,0.307192
91,5460,1674,91,43.076,-71.041,0.000384615,0.307192
91,5460,1834,91,43.2066,-70.5748,0.000384615,0.307192
91,5460,3381,94,0.346245,41.8804,3.84615e-05,0.307192
91,5460,4904,101,75.7233,-91.5083,3.84615e-05,0.307192
91,5460,2821,106,-76.3362,84.006,3.84615e-05,0.307192
91,5460,2698,139,20.4033,97.324,3.84615e-05,0.307192
91,5460,23,150,-31.4012,-57.0361,0.000384615,0.307192
91,5460,1103,150,-31.2504,-56.6127,0.000384615,0.307192
91,5460,1303,150,-31.2842,-57.0159,0.000384615,0.307192
91,5460,1543,150,-31.6284,-56.8384,0.000384615,0.307192
91,5460,1743,150,-31.4564,-57.234,0.000384615,0.307192
91,5460,1943,150,-31.2545,-56.5542,0.000384615,0.307192
91,5460,6594,163,5.71239,-7.02992,3.84615e-05,0.307192
91,5460,5029,174,77.9722,22.5282,3.84615e-05,0.307192
91,5460,2190,175,65.9715,-175.789,3.84615e-05,0.307192
91,5460,4956,194,-22.2935,43.2693,3.84615e-05,0.307192
91,5460,2298,196,40.3345,67.7494,3.84615e-05,0.307192
91,5460,3299,197,72.4417,103.103,3.84615e-05,0.307192
92,5520,3525,6,35.9706,70.7077,3.84615e-05,0.309769
92,5520,3217,50,-18.447,143.062,3.84615e-05,0.309769
92,5520,7042,51,9.44903,167.25,3.84615e-05,0.309769
92,5520,1634,54,43.1927,-66.8238,0.000384615,0.309769
92,5520,7329,63,-25.9824,155.701,3.84615e-05,0.309769
92,5520,7783,75,14.2662,-166.201,3.84615e-05,0.309769
92,5520,7505,82,-2.83032,-155.343,3.84615e-05,0.309769
92,5520,3222,84,52.3551,-109.08,3.84615e-05,0.309769
92,5520,74,91,42.7919,-70.132,0.000384615,0.309769
92,5520,1194,91,42.7338,-70.5065,0.000384615,0.309769
92,5520,5285,113,53.9704,10.3633,3.84615e-05,0.309769
92,5520,2999,129,-71.4156,106.905,3.84615e-05,0.309769
92,5520,3958,140,60.0356,132.93,3.84615e-05,0.309769
92,5520,7746,141,27.3415,130.154,3.84615e-05,0.309769
92,5520,5710,146,-27.3603,-50.0722,3.84615e-05,0.309769
92,5520,7967,148,44.9076,-44.7136,3.84615e-05,0.309769
92,5520,663,150,-30.0128,-55.7036,0.000384615,0.309769
92,5520,1143,150,-29.6078,-55.4806,0.000384615,0.309769
92,5520,2341,152,20.2026,-1.54558,3.84615e-05,0.309769
92,5520,7449,167,25.488,151.373,3.84615e-05,0.309769
92,5520,2984,196,47.3464,63.3969,3.84615e-05,0.309769
92,5520,6028,196,47.3047,64.1648,3.84615e-05,0.309769
93,5580,2730,11,19.4476,94.7336,3.84615e-05,0.311846
93,5580,4680,28,72.1421,-124.911,3.84615e-05,0.311846
93,5580,5717,28,72.3799,-124.304,3.84615e-05,0.311846
93,5580,4043,32,-14.1232,-59.7299,3.84615e-05,0.311846
93,5580,5193,38,51.0077,118.266,3.84615e-05,0.311846
93,5580,7981,43,-17.3492,-33.4573,3.84615e-05,0.311846
93,5580,7753,57,-37.587,20.8007,3.84615e-05,0.311846
93,5580,7626,62,-41.7466,125.887,3.84615e-05,0.311846
93,5580,4844,70,-20.6857,14.4393,3.84615e-05,0.311846
93,5580,6420,70,-20.6186,14.7521,3.84615e-05,0.311846
93,5580,6969,82,-1.98626,-156.393,3.84615e-05,0.311846
93,5580,2846,86,33.7024,3.89427,3.84615e-05,0.311846
93,5580,7681,88,-28.8151,49.7762,3.84615e-05,0.311846
93,5580,2588,90,31.8815,-104.643,3.84615e-05,0.311846
93,5580,4535,93,21.4159,19.2931,3.84615e-05,0.311846
93,5580,3420,103,22.9684,59.8819,3.84615e-05,0.311846
93,5580,7661,116,-23.1517,106.093,3.84615e-05,0.311846
93,5580,594,123,43.7474,-70.8174,0.000384615,0.311846
93,5580,1034,123,43.7288,-70.8941,0.000384615,0.311846
93,5580,1794,123,43.5215,-71.4784,0.000384615,0.311846
93,5580,2335,129,-77.5424,108.215,3.84615e-05,0.311846
93,5580,5461,161,-37.9969,-63.6355,3.84615e-05,0.311846
93,5580,5305,164,28.9343,28.042,3.84615e-05,0.311846
93,5580,2176,173,51.1369,5.28795,3.84615e-05,0.311846
93,5580,5495,181,-14.2182,18.1047,3.84615e-05,0.311846
93,5580,6751,181,-14.2067,18.084,3.84615e-05,0.311846
93,5580,3630,183,46.076,59.0555,3.84615e-05,0.311846
94,5640,4510,33,-51.782,-69.8828,3.84615e-05,0.317077
94,5640,5062,41,32.9124,-80.1024,3.84615e-05,0.317077
94,5640,7365,47,-10.3093,129.638,3.84615e-05,0.317077
94,5640,3682,50,-8.33224,142.946,3.84615e-05,0.317077
94,5640,6996,64,15.9784,179.718,3.84615e-05,0.317077
94,5640,7711,99,9.63457,-129.334,3.84615e-05,0.317077
94,5640,2861,102,51.0908,65.9975,3.84615e-05,0.317077
94,5640,6219,111,26.6649,-80.1258,3.84615e-05,0.317077
94,5640,834,123,43.075,-70.3132,0.000384615,0.317077
94,5640,1354,123,43.4355,-69.9294,0.000384615,0.317077
94,5640,1954,123,43.6627,-69.5575,0.000384615,0.317077
94,5640,2815,146,-20.4698,-49.0726,3.84615e-05,0.317077
94,5640,4218,153,47.4257,46.87,3.84615e-05,0.317077
94,5640,3733,154,39.5142,90.8601,3.84615e-05,0.317077
94,5640,7929,156,0.286713,157.301,3.84615e-05,0.317077
94,5640,138,179,-86.461,-29.9465,0.000384615,0.317077
94,5640,298,179,-86.1603,-34.7615,0.000384615,0.317077
94,5640,418,179,-86.3766,-28.2548,0.000384615,0.317077
94,5640,1218,179,-86.5856,-28.8982,0.000384615,0.317077
94,5640,1298,179,-86.5882,-25.6836,0.000384615,0.317077
94,5640,1378,179,-86.1763,-36.5304,0.000384615,0.317077
94,5640,1578,179,-86.2706,-38.0613,0.000384615,0.317077
94,5640,1618,179,-86.7419,-30.5042,0.000384615,0.317077
94,5640,1938,179,-85.8444,-31.0861,0.000384615,0.317077
94,5640,7643,193,-49.6781,29.1331,3.84615e-05,0.317077
94,5640,2841,195,22.4993,57.2067,3.84615e-05,0.317077
94,5640,4024,196,50.0611,75.8176,3.84615e-05,0.317077
94,5640,4213,196,50.1921,74.972,3.84615e-05,0.317077
95,5700,7615,2,-70.6064,-45.4725,3.84615e-05,0.320577
95,5700,7095,19,-32.8192,53.7159,3.84615e-05,0.320577
95,5700,1067,25,5.11597,101.318,0.000384615,0.320577
95,5700,1347,25,5.42678,101.449,0.000384615,0.320577
95,5700,1747,25,5.22029,101.197,0.000384615,0.320577
95,5700,4766,79,8.37728,4.28816,3.84615e-05,0.320577
95,5700,6337,79,8.66503,3.96045,3.84615e-05,0.320577
95,5700,7058,84,60.9145,-94.4033,3.84615e-05,0.320577
95,5700,1967,125,55.7951,89.8114,0.000384615,0.320577
95,5700,1138,144,-85.7365,-41.4388,0.000384615,0.320577
95,5700,1258,144,-85.5958,-41.1197,0.000384615,0.320577
95,5700,1338,144,-86.1819,-40.1659,0.000384615,0.320577
95,5700,4766,163,8.37728,4.28816,3.84615e-05,0.320577
95,5700,6337,163,8.66503,3.96045,3.84615e-05,0.320577
95,5700,4355,165,46.0202,77.6383,3.84615e-05,0.320577
95,5700,2339,171,-15.5645,13.7326,3.84615e-05,0.320577
95,5700,1138,179,-85.7365,-41.4388,0.000384615,0.320577
95,5700,1258,179,-85.5958,-41.1197,0.000384615,0.320577
95,5700,1338,179,-86.1819,-40.1659,0.000384615,0.320577
95,5700,1738,179,-85.7775,-32.5145,0.000384615,0.320577
95,5700,7260,180,-40.3455,0.424011,3.84615e-05,0.320577
95,5700,2410,181,-6.41614,21.3866,3.84615e-05,0.320577
95,5700,7906,192,-74.2866,-21.5394,3.84615e-05,0.320577
95,5700,3103,194,-11.0941,39.8242,3.84615e-05,0.320577
96,5760,5623,16,-25.4448,-70.1146,3.84615e-05,0.327231
96,5760,107,25,5.66431,101.831,0.000384615,0.327231
96,5760,1427,25,5.81189,101.599,0.000384615,0.327231
96,5760,1627,25,5.41975,101.884,0.000384615,0.327231
96,5760,1787,25,5.67544,101.805,0.000384615,0.327231
96,5760,2115,26,40.969,103.46,3.84615e-05,0.327231
96,5760,2728,40,46.2685,-111.602,3.84615e-05,0.327231
96,5760,7992,51,25.3029,170.194,3.84615e-05,0.327231
96,5760,7434,63,-9.65942,160.149,3.84615e-05,0.327231
96,5760,4151,78,39.3352,-5.93411,3.84615e-05,0.327231
96,5760,5736,78,39.1374,-6.48155,3.84615e-05,0.327231
96,5760,7596,84,63.123,-88.2074,3.84615e-05,0.327231
96,5760,7829,96,-51.0221,129.216,3.84615e-05,0.327231
96,5760,4215,106,-82.4475,-145.208,3.84615e-05,0.327231
96,5760,2331,114,23.4313,58.0243,3.84615e-05,0.327231
96,5760,4048,123,54.5507,-72.8011,3.84615e-05,0.327231
96,5760,287,125,53.4623,85.3244,0.000384615,0.327231
96,5760,30,126,16.3514,100.757,0.000384615,0.327231
96,5760,510,126,16.7962,101.075,0.000384615,0.327231
96,5760,590,126,16.8058,100.958,0.000384615,0.327231
96,5760,750,126,16.9666,101.209,0.000384615,0.327231
96,5760,1230,126,17.2314,100.99,0.000384615,0.327231
96,5760,1390,126,17.2019,101.01,0.000384615,0.327231
96,5760,1470,126,17.1459,101.601,0.000384615,0.327231
96,5760,1510,126,16.2824,101.412,0.000384615,0.327231
96,5760,1990,126,16.4909,100.789,0.000384615,0.327231
96,5760,4073,134,-4.42539,-70.8166,3.84615e-05,0.327231
96,5760,2969,140,47.2984,136.7,3.84615e-05,0.327231
96,5760,6370,140,47.8268,136.645,3.84615e-05,0.327231
96,5760,7803,149,79.6339,128.516,3.84615e-05,0.327231
96,5760,2714,153,49.9428,52.8732,3.84615e-05,0.327231
96,5760,7618,161,-31.4054,-49.5388,3.84615e-05,0.327231
96,5760,2446,164,40.3546,34.6562,3.84615e-05,0.327231
96,5760,458,179,-83.8286,-17.2714,0.000384615,0.327231
96,5760,7562,180,-37.0936,2.47467,3.84615e-05,0.327231
96,5760,3255,183,53.251,71.7403,3.84615e-05,0.327231
96,5760,4286,184,62.4803,150.912,3.84615e-05,0.327231
96,5760,5846,184,62.087,151.007,3.84615e-05,0.327231
97,5820,6742,8,56.3026,-133.877,3.84615e-05,0.331308
97,5820,7446,9,20.49,-126.533,3.84615e-05,0.331308
97,5820,3972,11,26.2196,112.158,3.84615e-05,0.331308
97,5820,5014,38,62.6991,104.608,3.84615e-05,0.331308
97,5820,4436,47,-2.49947,136.873,3.84615e-05,0.331308
97,5820,3024,59,-30.6399,131.478,3.84615e-05,0.331308
97,5820,5377,66,50.4754,-86.0024,3.84615e-05,0.331308
97,5820,7875,72,-66.9527,141.048,3.84615e-05,0.331308
97,5820,2565,76,66.2399,-128.293,3.84615e-05,0.331308
97,5820,2201,90,33.946,-91.2243,3.84615e-05,0.331308
97,5820,110,126,16.0813,101.264,0.000384615,0.331308
97,5820,230,126,15.7882,102.089,0.000384615,0.331308
97,5820,430,126,16.0734,101.443,0.000384615,0.331308
97,5820,710,126,16.3551,101.76,0.000384615,0.331308
97,5820,870,126,15.984,101.176,0.000384615,0.331308
97,5820,990,126,15.8498,101.501,0.000384615,0.331308
97,5820,1310,126,15.7302,101.877,0.000384615,0.331308
97,5820,1550,126,16.5246,101.917,0.000384615,0.331308
97,5820,1750,126,15.9822,101.008,0.000384615,0.331308
97,5820,3973,129,-87.3357,-167.812,3.84615e-05,0.331308
97,5820,3928,142,-28.1101,134.759,3.84615e-05,0.331308
97,5820,2897,153,43.7103,59.1062,3.84615e-05,0.331308
97,5820,4623,164,37.7492,45.3067,3.84615e-05,0.331308
97,5820,3897,179,-79.7182,-9.44846,3.84615e-05,0.331308
97,5820,5615,194,-2.51156,40.4277,3.84615e-05,0.331308
98,5880,327,6,54.4672,89.293,0.000384615,0.3355
98,5880,3115,6,53.9584,89.5034,3.84615e-05,0.3355
98,5880,6906,14,22.9006,-114.544,3.84615e-05,0.3355
98,5880,7238,21,-49.1433,-75.422,3.84615e-05,0.3355
98,5880,18,22,-83.1744,-26.7423,0.000384615,0.3355
98,5880,670,25,16.5986,102.521,0.000384615,0.3355
98,5880,1350,25,16.2892,102.254,0.000384615,0.3355
98,5880,1790,25,16.009,102.44,0.000384615,0.3355
98,5880,1950,25,16.1356,102.264,0.000384615,0.3355
98,5880,5291,26,50.3453,107.186,3.84615e-05,0.3355
98,5880,5620,26,50.4515,107.756,3.84615e-05,0.3355
98,5880,2337,34,-76.3308,118.434,3.84615e-05,0.3355
98,5880,334,40,43.1562,-103.364,0.000384615,0.3355
98,5880,1814,40,43.2142,-103.783,0.000384615,0.3355
98,5880,7581,51,26.15,-178.055,3.84615e-05,0.3355
98,5880,3192,59,-27.8906,131.623,3.84615e-05,0.3355
98,5880,4848,84,58.6344,-70.4497,3.84615e-05,0.3355
98,5880,3677,109,31.2276,-112.524,3.84615e-05,0.3355
98,5880,7556,117,-50.0712,166.9,3.84615e-05,0.3355
98,5880,1270,126,14.2842,101.079,0.000384615,0.3355
98,5880,6159,152,39.0673,16.2311,3.84615e-05,0.3355
98,5880,5033,173,67.6883,17.7633,3.84615e-05,0.3355
98,5880,6239,173,67.9779,17.0396,3.84615e-05,0.3355
98,5880,6566,173,67.217,18.2179,3.84615e-05,0.3355
98,5880,2479,181,3.15576,24.1343,3.84615e-05,0.3355
98,5880,2849,182,31.305,48.1255,3.84615e-05,0.3355
98,5880,4014,182,31.6956,48.2752,3.84615e-05,0.3355
98,5880,7074,189,-54.5295,-23.7759,3.84615e-05,0.3355
99,5940,7080,10,5.78918,87.3541,3.84615e-05,0.3405
99,5940,2903,11,34.5822,112.268,3.84615e-05,0.3405
99,5940,3923,22,-79.3743,2.53459,3.84615e-05,0.3405
99,5940,310,25,16.2498,103.518,0.000384615,0.3405
99,5940,350,25,16.4468,103.444,0.000384615,0.3405
99,5940,3199,36,-1.11836,114.128,3.84615e-05,0.3405
99,5940,414,40,41.6996,-99.5376,0.000384615,0.3405
99,5940,6936,64,31.0923,-169.576,3.84615e-05,0.3405
99,5940,5885,68,5.44104,-8.79715,3.84615e-05,0.3405
99,5940,4285,76,63.8432,-112.608,3.84615e-05,0.3405
99,5940,5240,85,46.9607,-0.38295,3.84615e-05,0.3405
99,5940,4489,87,-14.3474,37.3629,3.84615e-05,0.3405
99,5940,5805,87,-14.863,37.2816,3.84615e-05,0.3405
99,5940,6952,95,-42.171,92.968,3.84615e-05,0.3405
99,5940,4300,100,73.3257,-119.407,3.84615e-05,0.3405
99,5940,4885,102,35.9178,64.6506,3.84615e-05,0.3405
99,5940,7243,103,-0.149635,66.6258,3.84615e-05,0.3405
99,5940,3709,113,39.7003,41.976,3.84615e-05,0.3405
99,5940,227,126,5.87742,101.221,0.000384615,0.3405
99,5940,267,126,5.91544,100.966,0.000384615,0.3405
99,5940,627,126,5.3695,100.58,0.000384615,0.3405
99,5940,1147,126,5.86098,100.489,0.000384615,0.3405
99,5940,1267,126,5.2866,100.596,0.000384615,0.3405
99,5940,1387,126,5.5898,100.874,0.000384615,0.3405
99,5940,1507,126,5.9671,100.743,0.000384615,0.3405
99,5940,1667,126,5.76327,100.944,0.000384615,0.3405
99,5940,5807,126,5.26326,100.678,3.84615e-05,0.3405
99,5940,3338,130,-33.3565,139.689,3.84615e-05,0.3405
99,5940,6961,178,-70.5135,179.706,3.84615e-05,0.3405
99,5940,4521,194,4.42139,43.7026,3.84615e-05,0.3405
99,5940,2900,195,35.4764,60.7551,3.84615e-05,0.3405
100,6000,7429,15,-10.108,-85.7355,3.84615e-05,0.343038
100,6000,343,16,-32.5266,-59.1563,0.000384615,0.343038
100,6000,2708,31,-5.17911,-65.61,3.84615e-05,0.343038
100,6000,6953,41,18.078,-63.9807,3.84615e-05,0.343038
100,6000,1274,53,45.9249,-70.5973,0.000384615,0.343038
100,6000,7716,65,47.8521,-126.551,3.84615e-05,0.343038
100,6000,4978,66,50.4397,-70.5401,3.84615e-05,0.343038
100,6000,5873,69,-26.5787,15.3596,3.84615e-05,0.343038
100,6000,7027,73,-26.8223,-178.717,3.84615e-05,0.343038
100,6000,6613,78,21.0245,-4.79802,3.84615e-05,0.343038
100,6000,6732,78,21.0091,-4.78076,3.84615e-05,0.343038
100,6000,7113,81,-7.29851,-160.806,3.84615e-05,0.343038
100,6000,7963,97,-26.45,-169.768,3.84615e-05,0.343038
100,6000,6828,98,-8.03651,-138.873,3.84615e-05,0.343038
100,6000,467,126,6.33339,100.706,0.000384615,0.343038
100,6000,1547,126,6.88529,100.732,0.000384615,0.343038
100,6000,1947,126,6.6626,100.712,0.000384615,0.343038
100,6000,2501,134,3.1275,-59.8954,3.84615e-05,0.343038
100,6000,343,159,-32.5266,-59.1563,0.000384615,0.343038
100,6000,5987,193,-26.8703,31.1237,3.84615e-05,0.343038
100,6000,6876,198,29.2525,-141.568,3.84615e-05,0.343038
100,6000,7894,199,-11.1945,-135.694,3.84615e-05,0.343038
101,6060,2889,5,27.7815,72.0594,3.84615e-05,0.347538
101,6060,7215,8,39.3012,-136.187,3.84615e-05,0.347538
101,6060,6851,9,5.92029,-122.873,3.84615e-05,0.347538
101,6060,5438,16,-35.1243,-58.3485,3.84615e-05,0.347538
101,6060,6943,36,7.31137,118.589,3.84615e-05,0.347538
101,6060,2711,40,44.3066,-85.4943,3.84615e-05,0.347538
101,6060,5718,52,52.5136,-118.775,3.84615e-05,0.347538
101,6060,674,53,44.5743,-68.67,0.000384615,0.347538
101,6060,874,53,44.7373,-68.6949,0.000384615,0.347538
101,6060,7964,55,-11.6305,-22.5328,3.84615e-05,0.347538
101,6060,3717,59,-18.2682,141.966,3.84615e-05,0.347538
101,6060,3690,62,-26.9264,152.429,3.84615e-05,0.347538
101,6060,2614,78,21.3044,-2.00856,3.84615e-05,0.347538
101,6060,114,90,42.8102,-71.5233,0.000384615,0.347538
101,6060,4042,92,28.7771,15.2307,3.84615e-05,0.347538
101,6060,2026,93,3.97797,45.0298,3.84615e-05,0.347538
101,6060,5493,93,4.77357,45.0712,3.84615e-05,0.347538
101,6060,3047,101,62.0034,50.1833,3.84615e-05,0.347538
101,6060,4306,101,61.6354,50.0503,3.84615e-05,0.347538
101,6060,7029,110,22.6867,-85.4301,3.84615e-05,0.347538
101,6060,2418,113,35.208,44.9057,3.84615e-05,0.347538
101,6060,7231,117,-55.8856,179.514,3.84615e-05,0.347538
101,6060,4629,128,-69.4604,105.924,3.84615e-05,0.347538
101,6060,7206,142,-41.217,142.638,3.84615e-05,0.347538
101,6060,143,159,-30.5739,-57.3211,0.000384615,0.347538
101,6060,823,159,-30.9504,-57.258,0.000384615,0.347538
101,6060,943,159,-30.3433,-57.2431,0.000384615,0.347538
101,6060,1263,159,-30.7849,-57.0103,0.000384615,0.347538
101,6060,1343,159,-30.5908,-57.6102,0.000384615,0.347538
101,6060,1423,159,-30.3914,-57.1699,0.000384615,0.347538
101,6060,5389,159,-30.1937,-57.2504,3.84615e-05,0.347538
101,6060,3612,171,8.96195,5.14371,3.84615e-05,0.347538
101,6060,3777,181,10.8016,35.0399,3.84615e-05,0.347538
101,6060,5596,183,60.4153,104.877,3.84615e-05,0.347538
101,6060,3521,195,44.468,59.1975,3.84615e-05,0.347538
101,6060,4271,196,68.3224,112.69,3.84615e-05,0.347538
102,6120,7460,2,-70.956,27.8747,3.84615e-05,0.35
102,6120,2845,6,67.863,90.1416,3.84615e-05,0.35
102,6120,3569,37,48.0625,109.37,3.84615e-05,0.35
102,6120,234,53,42.8669,-68.4222,0.000384615,0.35
102,6120,7985,58,-34.7482,110.586,3.84615e-05,0.35
102,6120,5061,71,-72.4188,93.4498,3.84615e-05,0.35
102,6120,4480,76,67.7305,-85.4548,3.84615e-05,0.35
102,6120,234,90,42.8669,-68.4222,0.000384615,0.35
102,6120,6829,107,-25.2761,-123.021,3.84615e-05,0.35
102,6120,2860,123,71.3396,-51.1303,3.84615e-05,0.35
102,6120,630,138,14.659,101.73,0.000384615,0.35
102,6120,1150,138,14.6285,101.929,0.000384615,0.35
102,6120,1430,138,14.7597,102.122,0.000384615,0.35
102,6120,6639,138,15.2209,102,3.84615e-05,0.35
102,6120,7545,154,29.2737,123.296,3.84615e-05,0.35
102,6120,863,159,-29.484,-56.4662,0.000384615,0.35
102,6120,7761,185,19.4657,-160.88,3.84615e-05,0.35
102,6120,7961,189,-45.877,-9.75563,3.84615e-05,0.35
102,6120,4563,195,47.572,61.5826,3.84615e-05,0.35
102,6120,7954,199,-14.512,-134.328,3.84615e-05,0.35
103,6180,2856,5,38.4464,71.8214,3.84615e-05,0.353
103,6180,70,10,17.4759,100.674,0.000384615,0.353
103,6180,1070,10,17.5872,101.228,0.000384615,0.353
103,6180,7980,18,-29.3574,45.3452,3.84615e-05,0.353
103,6180,2428,27,71.7566,-123.227,3.84615e-05,0.353
103,6180,2237,40,32.9357,-82.7848,3.84615e-05,0.353
103,6180,7922,45,-32.7674,96.5044,3.84615e-05,0.353
103,6180,4558,52,51.2174,-114.498,3.84615e-05,0.353
103,6180,5515,59,-14.8176,144.455,3.84615e-05,0.353
103,6180,4265,99,25.8828,-104.107,3.84615e-05,0.353
103,6180,7526,100,83.4681,-59.0913,3.84615e-05,0.353
103,6180,2775,105,-84.1562,113.178,3.84615e-05,0.353
103,6180,7177,107,-21.6898,-122.534,3.84615e-05,0.353
103,6180,3028,113,34.1909,54.7013,3.84615e-05,0.353
103,6180,1514,122,43.7286,-73.7324,0.000384615,0.353
103,6180,2856,137,38.4464,71.8214,3.84615e-05,0.353
103,6180,550,138,15.1901,101.132,0.000384615,0.353
103,6180,830,138,15.2901,101.525,0.000384615,0.353
103,6180,1590,138,15.5181,101.407,0.000384615,0.353
103,6180,4499,145,-21.4445,-51.5536,3.84615e-05,0.353
103,6180,2136,149,58.6572,129.4,3.84615e-05,0.353
103,6180,2650,151,25.047,-0.807922,3.84615e-05,0.353
103,6180,4596,171,18.2397,12.0987,3.84615e-05,0.353
103,6180,6182,171,17.9457,11.5489,3.84615e-05,0.353
103,6180,2006,193,-16.902,39.7215,3.84615e-05,0.353
104,6240,2634,10,22.7057,97.7482,3.84615e-05,0.353769
104,6240,7274,12,51.4414,-168.811,3.84615e-05,0.353769
104,6240,4054,22,-70.0954,75.7653,3.84615e-05,0.353769
104,6240,3401,40,32.3732,-82.1005,3.84615e-05,0.353769
104,6240,7295,58,-31.5489,115.239,3.84615e-05,0.353769
104,6240,7470,80,-25.7902,-173.055,3.84615e-05,0.353769
104,6240,3967,83,61.0648,-97.5569,3.84615e-05,0.353769
104,6240,7641,88,-60.9834,79.1523,3.84615e-05,0.353769
104,6240,7935,94,-34.0143,74.6153,3.84615e-05,0.353769
104,6240,4656,112,52.8952,17.3319,3.84615e-05,0.353769
104,6240,7726,116,-51.5535,137.094,3.84615e-05,0.353769
104,6240,7607,119,0.0102539,-103.106,3.84615e-05,0.353769
104,6240,5306,121,8.50379,-78.0365,3.84615e-05,0.353769
104,6240,7952,129,-61.2709,-101.409,3.84615e-05,0.353769
104,6240,7778,132,-35.5878,-99.6736,3.84615e-05,0.353769
104,6240,4682,137,36.0017,77.5431,3.84615e-05,0.353769
104,6240,4974,137,35.4059,77.4684,3.84615e-05,0.353769
104,6240,4030,138,12.2831,102.627,3.84615e-05,0.353769
104,6240,6839,189,-37.862,-0.686584,3.84615e-05,0.353769
104,6240,3674,195,54.8878,63.5709,3.84615e-05,0.353769
105,6300,307,24,6.4314,101.884,0.000384615,0.356
105,6300,867,24,6.36576,101.743,0.000384615,0.356
105,6300,619,30,10.9745,-67.4281,0.000384615,0.356
105,6300,3927,31,-26.5987,-62.2925,3.84615e-05,0.356
105,6300,2569,37,58.4399,109.14,3.84615e-05,0.356
105,6300,6371,49,53.4246,-115.696,3.84615e-05,0.356
105,6300,3546,72,-42.1949,172.446,3.84615e-05,0.356
105,6300,2953,86,-3.06884,29.6827,3.84615e-05,0.356
105,6300,7715,93,-5.61722,52.9095,3.84615e-05,0.356
105,6300,7489,98,13.2794,-128.497,3.84615e-05,0.356
105,6300,4171,101,49.1992,55.4581,3.84615e-05,0.356
105,6300,7709,115,-30.6402,110.019,3.84615e-05,0.356
105,6300,4244,122,50.5341,-69.229,3.84615e-05,0.356
105,6300,3543,133,-10.0197,-72.9866,3.84615e-05,0.356
105,6300,4114,139,-20.4124,128.078,3.84615e-05,0.356
105,6300,2051,147,61.4158,-46.5891,3.84615e-05,0.356
105,6300,1503,160,-32.3932,-54.3514,0.000384615,0.356
105,6300,3070,162,10.2767,4.02039,3.84615e-05,0.356
105,6300,5366,165,40.2527,128.931,3.84615e-05,0.356
105,6300,2629,171,23.1302,10.0766,3.84615e-05,0.356
105,6300,2243,180,-5.78088,18.3482,3.84615e-05,0.356
105,6300,3599,194,23.9596,55.2355,3.84615e-05,0.356
106,6360,7455,3,-24.7546,58.055,3.84615e-05,0.357808
106,6360,7959,13,28.799,-122.899,3.84615e-05,0.357808
106,6360,7071,15,-25.9654,-71.1731,3.84615e-05,0.357808
106,6360,347,24,7.66578,102.038,0.000384615,0.357808
106,6360,547,24,7.53506,101.9,0.000384615,0.357808
106,6360,1467,24,7.93798,101.87,0.000384615,0.357808
106,6360,3816,36,29.1894,117.982,3.84615e-05,0.357808
106,6360,7950,45,-24.4993,106.092,3.84615e-05,0.357808
106,6360,6496,61,-33.0226,136.605,3.84615e-05,0.357808
106,6360,3366,85,20.4547,8.7229,3.84615e-05,0.357808
106,6360,3968,112,48.4692,31.6759,3.84615e-05,0.357808
106,6360,7683,120,-15.2531,-88.4734,3.84615e-05,0.357808
106,6360,6956,150,13.4453,-19.6297,3.84615e-05,0.357808
106,6360,2198,172,62.0499,13.2353,3.84615e-05,0.357808
106,6360,2687,172,62.3888,13.1548,3.84615e-05,0.357808
106,6360,3853,178,-79.7897,-15.4508,3.84615e-05,0.357808
106,6360,7898,186,-32.0226,-142.931,3.84615e-05,0.357808
106,6360,7948,188,-58.1021,-38.7082,3.84615e-05,0.357808
106,6360,7199,189,-34.2489,1.6185,3.84615e-05,0.357808
106,6360,6809,190,-62.0623,-109.26,3.84615e-05,0.357808
107,6420,7523,1,-78.6805,-36.7862,3.84615e-05,0.358731
107,6420,7317,2,-54.3231,45.0697,3.84615e-05,0.358731
107,6420,6769,6,70.5417,144.547,3.84615e-05,0.358731
107,6420,4357,29,-10.9618,-77.808,3.84615e-05,0.358731
107,6420,3507,49,43.537,-107.089,3.84615e-05,0.358731
107,6420,5916,49,44.0117,-107.651,3.84615e-05,0.358731
107,6420,4230,58,-28.4572,130.919,3.84615e-05,0.358731
107,6420,4266,61,-30.6129,139.657,3.84615e-05,0.358731
107,6420,7309,68,-22.4285,9.79742,3.84615e-05,0.358731
107,6420,7760,73,-1.9544,-170.593,3.84615e-05,0.358731
107,6420,5258,75,66.2874,-131.491,3.84615e-05,0.358731
107,6420,3981,85,18.6755,12.6626,3.84615e-05,0.358731
107,6420,3700,92,7.88982,31.4551,3.84615e-05,0.358731
107,6420,5720,92,7.34445,31.5526,3.84615e-05,0.358731
107,6420,3672,99,34.9605,-91.396,3.84615e-05,0.358731
107,6420,3510,109,68.7811,-122.921,3.84615e-05,0.358731
107,6420,4610,112,42.83,27.7849,3.84615e-05,0.358731
107,6420,3797,122,60.6265,-77.0886,3.84615e-05,0.358731
107,6420,4230,141,-28.4572,130.919,3.84615e-05,0.358731
107,6420,4534,172,64.9043,13.5836,3.84615e-05,0.358731
107,6420,7624,177,-64.9286,-165.751,3.84615e-05,0.358731
107,6420,4923,180,2.78298,22.2927,3.84615e-05,0.358731
107,6420,5977,180,2.99384,22.1811,3.84615e-05,0.358731
107,6420,2034,181,30.5159,42.9225,3.84615e-05,0.358731
107,6420,2809,181,30.4544,42.8616,3.84615e-05,0.358731
108,6480,3425,10,35.2435,107.603,3.84615e-05,0.359231
108,6480,7958,46,8.97714,135.721,3.84615e-05,0.359231
108,6480,2137,52,44.4893,-90.0375,3.84615e-05,0.359231
108,6480,3713,52,44.6604,-90.1378,3.84615e-05,0.359231
108,6480,4304,61,-30.2522,138.822,3.84615e-05,0.359231
108,6480,6865,97,-4.76591,-146.245,3.84615e-05,0.359231
108,6480,6840,117,-39.2476,-148.394,3.84615e-05,0.359231
108,6480,4004,162,22.2861,5.52571,3.84615e-05,0.359231
108,6480,3274,163,39.5278,45.6964,3.84615e-05,0.359231
108,6480,3051,193,1.35306,39.5812,3.84615e-05,0.359231
108,6480,4447,193,0.864784,39.6953,3.84615e-05,0.359231
108,6480,2347,194,34.889,59.7322,3.84615e-05,0.359231
108,6480,2939,196,66.3619,-173.612,3.84615e-05,0.359231
109,6540,3243,5,54.3629,91.4561,3.84615e-05,0.361962
109,6540,3292,15,-37.6654,-67.861,3.84615e-05,0.361962
109,6540,2207,30,-0.707458,-68.8102,3.84615e-05,0.361962
109,6540,4113,35,2.01521,117.078,3.84615e-05,0.361962
109,6540,3119,37,72.2181,96.569,3.84615e-05,0.361962
109,6540,5058,38,69.6528,-48.8931,3.84615e-05,0.361962
109,6540,3508,41,-9.6668,-44.1399,3.84615e-05,0.361962
109,6540,7946,60,-53.7278,106.545,3.84615e-05,0.361962
109,6540,3241,77,26.2402,-7.45572,3.84615e-05,0.361962
109,6540,6199,77,26.1623,-7.55119,3.84615e-05,0.361962
109,6540,4850,83,64.0186,-51.7291,3.84615e-05,0.361962
109,6540,4098,112,36.683,38.4313,3.84615e-05,0.361962
109,6540,7182,122,63.231,-77.0554,3.84615e-05,0.361962
109,6540,1027,125,6.16548,99.9732,0.000384615,0.361962
109,6540,1227,125,6.35176,99.9581,0.000384615,0.361962
109,6540,3352,128,-76.751,-98.3309,3.84615e-05,0.361962
109,6540,2883,133,3.52699,-65.8537,3.84615e-05,0.361962
109,6540,5296,133,3.86887,-65.7847,3.84615e-05,0.361962
109,6540,3165,138,-2.35635,113.583,3.84615e-05,0.361962
109,6540,3435,142,-73.2167,136.907,3.84615e-05,0.361962
109,6540,5283,143,-69.1002,-70.8856,3.84615e-05,0.361962
109,6540,583,144,-31.6519,-55.1724,0.000384615,0.361962
109,6540,623,144,-31.7272,-55.3964,0.000384615,0.361962
109,6540,1383,144,-31.3817,-55.1001,0.000384615,0.361962
109,6540,7612,156,-37.9333,-154.239,3.84615e-05,0.361962
109,6540,5508,170,0.766396,9.83301,3.84615e-05,0.361962
110,6600,5424,1,-74.7981,5.26564,3.84615e-05,0.3645
110,6600,4459,27,46.1814,-99.2854,3.84615e-05,0.3645
110,6600,5770,33,-66.9516,111.885,3.84615e-05,0.3645
110,6600,3760,37,75.5446,90.5056,3.84615e-05,0.3645
110,6600,4937,41,-8.32892,-37.6199,3.84615e-05,0.3645
110,6600,3651,52,46.2822,-75.7512,3.84615e-05,0.3645
110,6600,3707,61,-28.4317,148.574,3.84615e-05,0.3645
110,6600,5205,64,56.7427,-125.618,3.84615e-05,0.3645
110,6600,5416,65,47.3285,-71.2502,3.84615e-05,0.3645
110,6600,7809,67,-0.172226,-9.44031,3.84615e-05,0.3645
110,6600,4808,70,-70.3949,72.0883,3.84615e-05,0.3645
110,6600,4513,84,38.2422,-5.2991,3.84615e-05,0.3645
110,6600,3088,91,31.9256,14.0794,3.84615e-05,0.3645
110,6600,6800,105,-67.35,-117.438,3.84615e-05,0.3645
110,6600,6707,119,20.8223,-88.915,3.84615e-05,0.3645
110,6600,6542,120,-4.17984,-80.3059,3.84615e-05,0.3645
110,6600,5784,135,49.0628,7.1232,3.84615e-05,0.3645
110,6600,63,144,-30.8949,-55.4033,0.000384615,0.3645
110,6600,383,144,-30.761,-55.5972,0.000384615,0.3645
110,6600,903,144,-30.3644,-54.8033,0.000384615,0.3645
110,6600,3810,147,76.3185,-44.4473,3.84615e-05,0.3645
110,6600,1983,158,-31.3899,-58.8228,0.000384615,0.3645
110,6600,4293,163,49.3325,53.0179,3.84615e-05,0.3645
110,6600,5402,173,65.9153,177.667,3.84615e-05,0.3645
110,6600,6663,173,65.5178,176.962,3.84615e-05,0.3645
110,6600,7407,176,-41.7293,-168.536,3.84615e-05,0.3645
110,6600,4331,182,67.2748,94.8063,3.84615e-05,0.3645
110,6600,3102,192,-22.206,29.8308,3.84615e-05,0.3645
110,6600,4478,192,-21.5172,30.0604,3.84615e-05,0.3645
110,6600,5172,192,-22.1151,30.4509,3.84615e-05,0.3645
111,6660,7013,16,-53.0561,-11.2077,3.84615e-05,0.365885
111,6660,3239,27,41.623,-89.2479,3.84615e-05,0.365885
111,6660,7253,55,-39.4234,3.15157,3.84615e-05,0.365885
111,6660,4129,58,-16.9464,141.64,3.84615e-05,0.365885
111,6660,2894,77,19.0622,-5.10951,3.84615e-05,0.365885
111,6660,7765,86,-24.0273,42.2889,3.84615e-05,0.365885
111,6660,7424,96,-21.7508,-165.812,3.84615e-05,0.365885
111,6660,5735,100,62.2814,63.518,3.84615e-05,0.365885
111,6660,6143,100,62.435,62.3331,3.84615e-05,0.365885
111,6660,6659,100,62.1965,63.6042,3.84615e-05,0.365885
111,6660,3504,104,-81.483,100.364,3.84615e-05,0.365885
111,6660,7149,118,-10.3968,-105.971,3.84615e-05,0.365885
111,6660,7848,130,-57.0348,-171.636,3.84615e-05,0.365885
111,6660,7292,145,7.16424,-51.1907,3.84615e-05,0.365885
111,6660,2894,150,19.0622,-5.10951,3.84615e-05,0.365885
111,6660,5020,153,25.9023,116.129,3.84615e-05,0.365885
111,6660,1183,158,-30.2887,-56.6858,0.000384615,0.365885
111,6660,1703,158,-30.2478,-56.4961,0.000384615,0.365885
111,6660,6759,172,80.1795,-16.2819,3.84615e-05,0.365885
112,6720,4833,5,70.8244,92.2773,3.84615e-05,0.366731
112,6720,6103,5,70.4687,91.2289,3.84615e-05,0.366731
112,6720,7388,13,9.47451,-113.425,3.84615e-05,0.366731
112,6720,2628,21,-69.347,56.5277,3.84615e-05,0.366731
112,6720,4795,21,-69.7902,56.8913,3.84615e-05,0.366731
112,6720,3081,32,-84.6458,-75.4059,3.84615e-05,0.366731
112,6720,4575,36,50.1014,114.63,3.84615e-05,0.366731
112,6720,2106,68,-34.0345,20.1128,3.84615e-05,0.366731
112,6720,5601,82,59.2533,-106.091,3.84615e-05,0.366731
112,6720,7782,88,-62.6512,143.372,3.84615e-05,0.366731
112,6720,7599,106,-18.8409,-123.68,3.84615e-05,0.366731
112,6720,6491,108,48.8655,-120.854,3.84615e-05,0.366731
112,6720,6592,109,82.3927,-78.1304,3.84615e-05,0.366731
112,6720,6910,119,21.1343,-82.4966,3.84615e-05,0.366731
112,6720,6881,120,2.73663,-87.5845,3.84615e-05,0.366731
112,6720,4778,123,63.8208,78.8611,3.84615e-05,0.366731
112,6720,5042,123,63.7591,78.5833,3.84615e-05,0.366731
112,6720,7364,125,-2.4353,99.2117,3.84615e-05,0.366731
112,6720,5465,135,50.408,14.7158,3.84615e-05,0.366731
112,6720,3191,137,20.3873,101.398,3.84615e-05,0.366731
112,6720,7488,143,-55.4178,-58.8349,3.84615e-05,0.366731
112,6720,2344,164,37.8223,111.81,3.84615e-05,0.366731
113,6780,2993,4,36.6873,76.2196,3.84615e-05,0.367538
113,6780,3993,26,69.6149,-120.327,3.84615e-05,0.367538
113,6780,6843,46,20.6781,143.663,3.84615e-05,0.367538
113,6780,7164,50,43.7716,-168.743,3.84615e-05,0.367538
113,6780,7375,66,16.4764,-21.8768,3.84615e-05,0.367538
113,6780,6821,74,57.0721,-144.279,3.84615e-05,0.367538
113,6780,2729,85,-0.80925,21.3131,3.84615e-05,0.367538
113,6780,6452,99,49.1588,-68.0166,3.84615e-05,0.367538
113,6780,5466,111,46.6964,14.4617,3.84615e-05,0.367538
113,6780,7382,118,-4.94132,-102.971,3.84615e-05,0.367538
113,6780,3329,121,46.4491,-79.5289,3.84615e-05,0.367538
113,6780,2736,127,-80.024,104.07,3.84615e-05,0.367538
113,6780,4372,164,38.3756,116.153,3.84615e-05,0.367538
113,6780,4877,169,-35.8765,-64.1141,3.84615e-05,0.367538
113,6780,7774,174,20.2051,-170.91,3.84615e-05,0.367538
113,6780,7876,176,-51.795,-179.682,3.84615e-05,0.367538
113,6780,4867,177,-86.0968,-100.345,3.84615e-05,0.367538
113,6780,6822,178,-56.0908,-0.954041,3.84615e-05,0.367538
113,6780,4176,182,66.5801,126.541,3.84615e-05,0.367538
113,6780,4739,195,68.1035,136.212,3.84615e-05,0.367538
113,6780,6997,197,17.0299,-140.832,3.84615e-05,0.367538
114,6840,6191,21,-69.1245,77.8605,3.84615e-05,0.370385
114,6840,3985,27,33.0336,-87.6845,3.84615e-05,0.370385
114,6840,219,39,11.4003,-69.5688,0.000384615,0.370385
114,6840,299,39,11.3738,-68.777,0.000384615,0.370385
114,6840,579,39,11.816,-69.0011,0.000384615,0.370385
114,6840,699,39,11.4965,-69.1681,0.000384615,0.370385
114,6840,1219,39,11.4801,-69.6009,0.000384615,0.370385
114,6840,1859,39,11.3643,-69.1342,0.000384615,0.370385
114,6840,7036,39,11.7651,-68.8658,3.84615e-05,0.370385
114,6840,7235,61,-13.5668,153.519,3.84615e-05,0.370385
114,6840,7667,66,13.9657,-18.905,3.84615e-05,0.370385
114,6840,7075,71,-43.792,167.719,3.84615e-05,0.370385
114,6840,4283,74,60.3503,-139.858,3.84615e-05,0.370385
114,6840,7133,97,11.3141,-132.686,3.84615e-05,0.370385
114,6840,4352,112,28.5817,54.2587,3.84615e-05,0.370385
114,6840,4662,151,41.5878,42.1436,3.84615e-05,0.370385
114,6840,7846,174,15.1713,-170.867,3.84615e-05,0.370385
114,6840,3056,181,49.8359,64.1754,3.84615e-05,0.370385
114,6840,3917,192,-9.57343,33.2149,3.84615e-05,0.370385
114,6840,3101,193,20.7998,53.0025,3.84615e-05,0.370385
115,6900,7865,7,24.8146,-130.955,3.84615e-05,0.375885
115,6900,6259,29,-44.3089,-73.9807,3.84615e-05,0.375885
115,6900,3892,35,24.0346,115.305,3.84615e-05,0.375885
115,6900,419,39,11.1515,-69.9732,0.000384615,0.375885
115,6900,499,39,10.4527,-69.9701,0.000384615,0.375885
115,6900,779,39,10.7899,-70.1605,0.000384615,0.375885
115,6900,899,39,10.8301,-69.8329,0.000384615,0.375885
115,6900,1099,39,10.9823,-69.7378,0.000384615,0.375885
115,6900,1299,39,10.641,-69.9947,0.000384615,0.375885
115,6900,1579,39,10.58,-70.3778,0.000384615,0.375885
115,6900,1619,39,10.5986,-70.4932,0.000384615,0.375885
115,6900,1659,39,11.0619,-70.6895,0.000384615,0.375885
115,6900,1779,39,10.8748,-69.8272,0.000384615,0.375885
115,6900,1819,39,10.9394,-70.1764,0.000384615,0.375885
115,6900,1939,39,10.8061,-70.3472,0.000384615,0.375885
115,6900,1979,39,10.8126,-70.0063,0.000384615,0.375885
115,6900,2921,57,-33.2552,123.535,3.84615e-05,0.375885
115,6900,7926,61,-6.98996,158.246,3.84615e-05,0.375885
115,6900,6928,70,-63.1914,120.593,3.84615e-05,0.375885
115,6900,3904,91,15.3895,27.9189,3.84615e-05,0.375885
115,6900,7204,97,12.2851,-132.895,3.84615e-05,0.375885
115,6900,7537,117,-23.6944,-125.821,3.84615e-05,0.375885
115,6900,4576,121,51.0697,-74.911,3.84615e-05,0.375885
115,6900,3380,161,17.3064,-0.993515,3.84615e-05,0.375885
115,6900,4152,162,39.1981,28.8407,3.84615e-05,0.375885
115,6900,7390,178,-43.8175,-0.193436,3.84615e-05,0.375885
116,6960,4336,4,51.9047,71.6686,3.84615e-05,0.376615
116,6960,2772,32,-79.8385,123.651,3.84615e-05,0.376615
116,6960,2456,39,3.8038,-64.8929,3.84615e-05,0.376615
116,6960,4063,39,4.14462,-64.9544,3.84615e-05,0.376615
116,6960,6023,64,51.9697,-93.2252,3.84615e-05,0.376615
116,6960,6933,86,-42.0421,54.2455,3.84615e-05,0.376615
116,6960,2914,98,33.7458,-93.5451,3.84615e-05,0.376615
116,6960,5101,108,63.9345,-106.843,3.84615e-05,0.376615
116,6960,3944,111,43.3617,22.605,3.84615e-05,0.376615
116,6960,6847,114,-33.7748,112.749,3.84615e-05,0.376615
116,6960,3665,124,17.7903,96.7606,3.84615e-05,0.376615
116,6960,3139,135,54.1819,40.422,3.84615e-05,0.376615
116,6960,3619,146,65.4638,-46.1221,3.84615e-05,0.376615
116,6960,3400,161,16.3814,6.63766,3.84615e-05,0.376615
116,6960,2745,170,26.8378,0.808746,3.84615e-05,0.376615
116,6960,4924,177,-80.8756,16.1373,3.84615e-05,0.376615
116,6960,7694,188,-36.1341,5.38303,3.84615e-05,0.376615
116,6960,3126,189,-0.683273,17.9955,3.84615e-05,0.376615
116,6960,3982,192,-1.38297,35.5785,3.84615e-05,0.376615
117,7020,7817,0,-72.1973,-19.7427,3.84615e-05,0.385423
117,7020,7320,2,-13.1603,52.4784,3.84615e-05,0.385423
117,7020,3571,24,48.51,100.724,3.84615e-05,0.385423
117,7020,592,35,35.8461,111.008,0.000384615,0.385423
117,7020,832,35,35.8049,111.289,0.000384615,0.385423
117,7020,6671,44,-25.3062,114.224,3.84615e-05,0.385423
117,7020,6868,45,0.892433,134.213,3.84615e-05,0.385423
117,7020,7284,46,27.5691,160.574,3.84615e-05,0.385423
117,7020,7938,46,27.7162,160.045,3.84615e-05,0.385423
117,7020,4292,48,49.3499,-106.418,3.84615e-05,0.385423
117,7020,4749,51,44.9306,-92.9381,3.84615e-05,0.385423
117,7020,6227,60,-31.6433,134.977,3.84615e-05,0.385423
117,7020,7101,72,1.7116,-178.577,3.84615e-05,0.385423
117,7020,4523,91,13.5954,31.8369,3.84615e-05,0.385423
117,7020,7491,102,-35.6682,63.1946,3.84615e-05,0.385423
117,7020,4612,121,55.9118,-71.4084,3.84615e-05,0.385423
117,7020,4482,140,-30.0782,135.29,3.84615e-05,0.385423
117,7020,3373,144,-6.8715,-47.0383,3.84615e-05,0.385423
117,7020,312,152,36.8879,109.79,0.000384615,0.385423
117,7020,352,152,36.8618,110.539,0.000384615,0.385423
117,7020,472,152,37.2935,110.663,0.000384615,0.385423
117,7020,712,152,36.9474,110.504,0.000384615,0.385423
117,7020,872,152,36.8715,110.772,0.000384615,0.385423
117,7020,992,152,37.135,110.423,0.000384615,0.385423
117,7020,1352,152,36.8132,109.672,0.000384615,0.385423
117,7020,1672,152,36.9662,110.532,0.000384615,0.385423
117,7020,1832,152,37.1751,110.492,0.000384615,0.385423
117,7020,1912,152,36.5822,110.562,0.000384615,0.385423
117,7020,1992,152,36.5181,110.483,0.000384615,0.385423
117,7020,4836,152,37.2847,110.397,3.84615e-05,0.385423
117,7020,8,158,-11.5298,-47.0416,0.000384615,0.385423
117,7020,368,158,-11.1956,-46.7177,0.000384615,0.385423
117,7020,608,158,-11.4737,-46.5014,0.000384615,0.385423
117,7020,1208,158,-11.3607,-46.6161,0.000384615,0.385423
117,7020,1368,158,-11.8327,-46.4778,0.000384615,0.385423
117,7020,1808,158,-11.2719,-46.1623,0.000384615,0.385423
117,7020,1848,158,-11.2932,-46.886,0.000384615,0.385423
117,7020,1888,158,-11.0817,-46.7285,0.000384615,0.385423
117,7020,2125,161,17.4099,8.09209,3.84615e-05,0.385423
117,7020,7300,187,-54.2246,-27.3732,3.84615e-05,0.385423
118,7080,272,19,37.0413,109.039,0.000384615,0.393269
118,7080,552,19,37.4834,108.728,0.000384615,0.393269
118,7080,1032,19,37.5818,109.092,0.000384615,0.393269
118,7080,1112,19,37.3226,110.013,0.000384615,0.393269
118,7080,1272,19,37.3806,109.552,0.000384615,0.393269
118,7080,1592,19,37.2933,109.439,0.000384615,0.393269
118,7080,1712,19,37.5765,108.78,0.000384615,0.393269
118,7080,1952,19,37.5717,108.909,0.000384615,0.393269
118,7080,4588,20,-79.9446,-0.256058,3.84615e-05,0.393269
118,7080,5628,30,-36.0576,-65.4161,3.84615e-05,0.393269
118,7080,792,35,36.3363,111.662,0.000384615,0.393269
118,7080,1152,35,36.1583,111.896,0.000384615,0.393269
118,7080,1232,35,36.5633,111.733,0.000384615,0.393269
118,7080,168,40,-10.953,-45.4176,0.000384615,0.393269
118,7080,4758,60,-27.8303,140.472,3.84615e-05,0.393269
118,7080,7267,65,33.5618,-35.9295,3.84615e-05,0.393269
118,7080,4006,90,28.1225,3.76025,3.84615e-05,0.393269
118,7080,4807,91,6.86278,30.5658,3.84615e-05,0.393269
118,7080,3866,98,38.2365,-89.4379,3.84615e-05,0.393269
118,7080,2406,100,36.5601,52.5234,3.84615e-05,0.393269
118,7080,2867,108,71.2451,-122.896,3.84615e-05,0.393269
118,7080,7442,113,-13.5091,83.9146,3.84615e-05,0.393269
118,7080,4423,123,46.1168,83.426,3.84615e-05,0.393269
118,7080,5075,132,-0.147339,-65.1364,3.84615e-05,0.393269
118,7080,5797,132,-0.475349,-65.3096,3.84615e-05,0.393269
118,7080,6332,134,47.78,0.71106,3.84615e-05,0.393269
118,7080,6561,134,48.3251,0.574173,3.84615e-05,0.393269
118,7080,3550,135,53.5151,54.2808,3.84615e-05,0.393269
118,7080,284,149,-1.571,126.187,0.000384615,0.393269
118,7080,364,149,-2.2048,126.174,0.000384615,0.393269
118,7080,444,149,-1.78024,126.633,0.000384615,0.393269
118,7080,924,149,-1.6422,126.978,0.000384615,0.393269
118,7080,1844,149,-1.6647,126.662,0.000384615,0.393269
118,7080,3387,151,47.5789,67.2226,3.84615e-05,0.393269
118,7080,272,152,37.0413,109.039,0.000384615,0.393269
118,7080,1032,152,37.5818,109.092,0.000384615,0.393269
118,7080,1112,152,37.3226,110.013,0.000384615,0.393269
118,7080,1272,152,37.3806,109.552,0.000384615,0.393269
118,7080,1592,152,37.2933,109.439,0.000384615,0.393269
118,7080,1752,152,36.693,109.643,0.000384615,0.393269
118,7080,1952,152,37.5717,108.909,0.000384615,0.393269
118,7080,5195,159,13.5589,-13.7679,3.84615e-05,0.393269
118,7080,4302,161,25.2735,5.09895,3.84615e-05,0.393269
118,7080,6930,169,-26.2491,-47.1579,3.84615e-05,0.393269
118,7080,7965,173,36.935,-172.009,3.84615e-05,0.393269
118,7080,3514,180,33.8289,44.8737,3.84615e-05,0.393269
118,7080,7881,187,-52.1689,-21.3299,3.84615e-05,0.393269
118,7080,5175,191,-27.6334,25.2212,3.84615e-05,0.393269
119,7140,952,19,37.7837,110.848,0.000384615,0.405462
119,7140,1552,19,37.5842,110.455,0.000384615,0.405462
119,7140,1872,19,37.8466,111.082,0.000384615,0.405462
119,7140,2638,23,24.2608,94.3411,3.84615e-05,0.405462
119,7140,4251,24,54.7031,111.987,3.84615e-05,0.405462
119,7140,5266,29,-54.5418,-68.3909,3.84615e-05,0.405462
119,7140,3498,31,-73.9168,-88.3663,3.84615e-05,0.405462
119,7140,752,35,38.9728,112.19,0.000384615,0.405462
119,7140,2443,35,39.2745,111.82,3.84615e-05,0.405462
119,7140,48,40,-11.3231,-45.7711,0.000384615,0.405462
119,7140,88,40,-11.431,-45.7873,0.000384615,0.405462
119,7140,128,40,-11.8581,-45.8083,0.000384615,0.405462
119,7140,488,40,-11.9395,-45.2843,0.000384615,0.405462
119,7140,728,40,-11.7518,-46.1583,0.000384615,0.405462
119,7140,928,40,-11.4399,-45.808,0.000384615,0.405462
119,7140,1168,40,-11.8733,-45.6402,0.000384615,0.405462
119,7140,1328,40,-12.1437,-45.7504,0.000384615,0.405462
119,7140,4453,40,-11.534,-45.7855,3.84615e-05,0.405462
119,7140,7833,53,-6.53672,-22.3748,3.84615e-05,0.405462
119,7140,7355,54,-32.5291,3.98286,3.84615e-05,0.405462
119,7140,5918,57,-16.6317,130.776,3.84615e-05,0.405462
119,7140,7810,58,9.23055,149.927,3.84615e-05,0.405462
119,7140,6894,71,-20.8559,173.022,3.84615e-05,0.405462
119,7140,5948,83,43.1988,-6.41786,3.84615e-05,0.405462
119,7140,141,107,42.7888,-117.358,0.000384615,0.405462
119,7140,301,107,42.8027,-117.798,0.000384615,0.405462
119,7140,381,107,42.6279,-117.847,0.000384615,0.405462
119,7140,461,107,42.8932,-117.831,0.000384615,0.405462
119,7140,1181,107,43.1375,-118.111,0.000384615,0.405462
119,7140,1261,107,43.2353,-117.985,0.000384615,0.405462
119,7140,1621,107,42.9458,-117.94,0.000384615,0.405462
119,7140,1661,107,42.9569,-118.108,0.000384615,0.405462
119,7140,1941,107,42.5159,-117.383,0.000384615,0.405462
119,7140,7860,115,-49.9676,173.207,3.84615e-05,0.405462
119,7140,204,149,-3.02861,125.893,0.000384615,0.405462
119,7140,404,149,-2.72731,126.204,0.000384615,0.405462
119,7140,684,149,-2.66014,126.454,0.000384615,0.405462
119,7140,1004,149,-2.78051,126.657,0.000384615,0.405462
119,7140,1084,149,-2.8798,126.145,0.000384615,0.405462
119,7140,1164,149,-3.12357,126.396,0.000384615,0.405462
119,7140,1364,149,-3.17598,125.725,0.000384615,0.405462
119,7140,1604,149,-3.31149,126.632,0.000384615,0.405462
119,7140,1964,149,-2.52886,125.742,0.000384615,0.405462
119,7140,4288,151,42.7176,66.1176,3.84615e-05,0.405462
119,7140,7227,160,3.83636,-14.9661,3.84615e-05,0.405462
119,7140,6905,171,78.7179,-9.4644,3.84615e-05,0.405462
119,7140,2462,193,41.6921,51.5609,3.84615e-05,0.405462
120,7200,4343,3,31.6126,62.4753,3.84615e-05,0.408577
120,7200,7138,15,-45.6616,-15.3899,3.84615e-05,0.408577
120,7200,3426,20,-78.0214,64.0853,3.84615e-05,0.408577
120,7200,5962,34,11.371,108.727,3.84615e-05,0.408577
120,7200,7908,38,24.7343,-63.8623,3.84615e-05,0.408577
120,7200,7602,41,-37.5417,-7.62936,3.84615e-05,0.408577
120,7200,7888,54,-34.248,3.73839,3.84615e-05,0.408577
120,7200,7191,73,45.2309,-159.235,3.84615e-05,0.408577
120,7200,6622,82,64.3231,-48.0118,3.84615e-05,0.408577
120,7200,7127,105,-25.0374,-127.572,3.84615e-05,0.408577
120,7200,101,107,42.8611,-116.169,0.000384615,0.408577
120,7200,181,107,43.2172,-116.249,0.000384615,0.408577
120,7200,341,107,42.9629,-116.437,0.000384615,0.408577
120,7200,661,107,42.5783,-115.837,0.000384615,0.408577
120,7200,1221,107,42.5618,-116.241,0.000384615,0.408577
120,7200,3133,109,63.4665,61.143,3.84615e-05,0.408577
120,7200,5571,134,51.0637,7.08563,3.84615e-05,0.408577
120,7200,7086,140,-40.65,136.878,3.84615e-05,0.408577
120,7200,5836,144,5.35984,-53.4355,3.84615e-05,0.408577
120,7200,1484,149,-4.95684,127.586,0.000384615,0.408577
120,7200,2424,159,17.5498,-9.22673,3.84615e-05,0.408577
120,7200,7456,160,6.36451,-12.5848,3.84615e-05,0.408577
120,7200,4348,169,-19.8422,-40.1665,3.84615e-05,0.408577
120,7200,6980,176,-77.7315,168.373,3.84615e-05,0.408577
120,7200,7359,187,-47.9024,-17.6316,3.84615e-05,0.408577
120,7200,2509,194,72.3621,99.2342,3.84615e-05,0.408577
120,7200,4567,195,60.1231,-164.662,3.84615e-05,0.408577
121,7260,7682,12,10.9722,-110.645,3.84615e-05,0.413808
121,7260,7088,22,-3.26405,90.5923,3.84615e-05,0.413808
121,7260,157,34,12.9397,106.42,0.000384615,0.413808
121,7260,237,34,13.0742,106.983,0.000384615,0.413808
121,7260,277,34,12.3214,106.708,0.000384615,0.413808
121,7260,397,34,13.0591,106.934,0.000384615,0.413808
121,7260,437,34,12.4132,106.968,0.000384615,0.413808
121,7260,1157,34,12.3548,106.602,0.000384615,0.413808
121,7260,1317,34,12.3035,106.846,0.000384615,0.413808
121,7260,1917,34,12.2971,106.683,0.000384615,0.413808
121,7260,1957,34,13.082,106.621,0.000384615,0.413808
121,7260,5428,34,12.6794,106.533,3.84615e-05,0.413808
121,7260,7976,53,-10.7476,-18.5913,3.84615e-05,0.413808
121,7260,3389,57,-12.5664,131.829,3.84615e-05,0.413808
121,7260,6846,62,32.402,-161.925,3.84615e-05,0.413808
121,7260,2798,76,16.1251,-7.22902,3.84615e-05,0.413808
121,7260,3196,91,0.16478,39.5079,3.84615e-05,0.413808
121,7260,5997,110,51.5737,5.75177,3.84615e-05,0.413808
121,7260,7918,128,-35.0032,-95.1198,3.84615e-05,0.413808
121,7260,32,163,38.42,109.035,0.000384615,0.413808
121,7260,72,163,38.024,108.693,0.000384615,0.413808
121,7260,1312,163,37.7443,109.056,0.000384615,0.413808
121,7260,6979,175,-47.698,177.505,3.84615e-05,0.413808
121,7260,7573,182,46.2824,165.238,3.84615e-05,0.413808
121,7260,2387,191,-21.7543,33.4899,3.84615e-05,0.413808
121,7260,4856,192,10.9808,47.1181,3.84615e-05,0.413808
121,7260,3657,193,43.8793,62.3893,3.84615e-05,0.413808
121,7260,7634,197,-12.2894,-131.96,3.84615e-05,0.413808
122,7320,7836,2,-0.147041,54.9955,3.84615e-05,0.415192
122,7320,3467,3,33.9526,69.1794,3.84615e-05,0.415192
122,7320,3776,4,71.5361,94.456,3.84615e-05,0.415192
122,7320,2062,23,33.8096,95.1117,3.84615e-05,0.415192
122,7320,6964,28,-35.5307,-79.3442,3.84615e-05,0.415192
122,7320,4470,31,-82.9126,-126.516,3.84615e-05,0.415192
122,7320,1757,34,15.2923,107.056,0.000384615,0.415192
122,7320,6596,34,15.3733,106.856,3.84615e-05,0.415192
122,7320,5395,63,57.6106,-117.992,3.84615e-05,0.415192
122,7320,5630,81,60.8053,-107.055,3.84615e-05,0.415192
122,7320,2279,84,1.13338,17.8143,3.84615e-05,0.415192
122,7320,7343,142,-53.7484,-61.5048,3.84615e-05,0.415192
122,7320,3130,147,56.5024,130.707,3.84615e-05,0.415192
122,7320,152,163,38.0475,109.788,0.000384615,0.415192
122,7320,7509,165,-4.51007,172.677,3.84615e-05,0.415192
122,7320,5999,179,18.3352,-0.535736,3.84615e-05,0.415192
122,7320,6694,179,17.8108,-0.200272,3.84615e-05,0.415192
122,7320,2465,191,-17.893,29.1609,3.84615e-05,0.415192
123,7380,3161,5,65.715,-149.673,3.84615e-05,0.419577
123,7380,4638,20,-68.4959,61.1384,3.84615e-05,0.419577
123,7380,7391,22,0.490685,90.4703,3.84615e-05,0.419577
123,7380,6365,24,71.7565,110.386,3.84615e-05,0.419577
123,7380,2941,44,-9.94588,124.617,3.84615e-05,0.419577
123,7380,3522,44,-9.70175,124.911,3.84615e-05,0.419577
123,7380,3303,48,35.2373,-83.7947,3.84615e-05,0.419577
123,7380,6817,80,30.2297,-137.355,3.84615e-05,0.419577
123,7380,4081,90,19.118,16.5241,3.84615e-05,0.419577
123,7380,7953,96,3.79736,-133.451,3.84615e-05,0.419577
123,7380,7849,104,-53.7174,-130.934,3.84615e-05,0.419577
123,7380,2825,109,53.7739,50.3595,3.84615e-05,0.419577
123,7380,5139,109,53.3738,49.783,3.84615e-05,0.419577
123,7380,6451,110,47.7793,9.89102,3.84615e-05,0.419577
123,7380,3285,111,29.9729,54.4443,3.84615e-05,0.419577
123,7380,7415,114,-51.9307,132.724,3.84615e-05,0.419577
123,7380,3371,120,43.6061,-85.4807,3.84615e-05,0.419577
123,7380,357,136,12.8707,106.021,0.000384615,0.419577
123,7380,757,136,13.0727,105.599,0.000384615,0.419577
123,7380,837,136,13.2585,105.688,0.000384615,0.419577
123,7380,1117,136,13.135,105.957,0.000384615,0.419577
123,7380,1197,136,13.2965,105.059,0.000384615,0.419577
123,7380,1277,136,12.9718,105.291,0.000384615,0.419577
123,7380,1397,136,13.1042,105.962,0.000384615,0.419577
123,7380,1437,136,13.2477,105.075,0.000384615,0.419577
123,7380,1557,136,12.8429,105.4,0.000384615,0.419577
123,7380,2647,147,53.0685,117.292,3.84615e-05,0.419577
123,7380,5507,162,50.1737,67.1564,3.84615e-05,0.419577
123,7380,4800,163,34.6922,116.806,3.84615e-05,0.419577
123,7380,7557,164,14.3467,146.074,3.84615e-05,0.419577
123,7380,6041,168,-34.3455,-61.2803,3.84615e-05,0.419577
123,7380,3769,189,20.4133,34.1884,3.84615e-05,0.419577
123,7380,4587,191,-16.1408,36.7187,3.84615e-05,0.419577
124,7440,7647,11,31.3883,-132.987,3.84615e-05,0.424538
124,7440,4120,23,38.2434,103.802,3.84615e-05,0.424538
124,7440,4608,26,31.5409,-96.0919,3.84615e-05,0.424538
124,7440,6735,28,-41.9232,-73.9683,3.84615e-05,0.424538
124,7440,244,44,-2.97888,128.113,0.000384615,0.424538
124,7440,1884,44,-2.91603,127.704,0.000384615,0.424538
124,7440,5758,47,46.5695,-119.819,3.84615e-05,0.424538
124,7440,4451,56,-28.302,116.32,3.84615e-05,0.424538
124,7440,7263,66,-16.9269,-7.0722,3.84615e-05,0.424538
124,7440,7017,89,8.19805,-155.903,3.84615e-05,0.424538
124,7440,6415,99,40.9842,-7.23479,3.84615e-05,0.424538
124,7440,3118,107,60.0357,-126.438,3.84615e-05,0.424538
124,7440,4320,110,44.1878,15.3488,3.84615e-05,0.424538
124,7440,5810,123,23.1496,85.4646,3.84615e-05,0.424538
124,7440,6234,123,23.5008,85.7494,3.84615e-05,0.424538
124,7440,2601,131,-12.6428,-75.7237,3.84615e-05,0.424538
124,7440,7515,132,16.2327,-53.62,3.84615e-05,0.424538
124,7440,117,136,11.3272,105.862,0.000384615,0.424538
124,7440,197,136,11.9324,105.951,0.000384615,0.424538
124,7440,317,136,11.2622,106.19,0.000384615,0.424538
124,7440,517,136,11.5638,105.65,0.000384615,0.424538
124,7440,797,136,11.7184,106.194,0.000384615,0.424538
124,7440,917,136,11.6563,106.244,0.000384615,0.424538
124,7440,1517,136,11.1984,105.54,0.000384615,0.424538
124,7440,1797,136,11.2042,105.42,0.000384615,0.424538
124,7440,5708,137,-18.7369,122.049,3.84615e-05,0.424538
124,7440,1408,143,-13.8163,-48.5169,0.000384615,0.424538
124,7440,5201,143,-13.8066,-48.6441,3.84615e-05,0.424538
124,7440,4391,159,27.5369,3.23729,3.84615e-05,0.424538
124,7440,7105,161,33.461,27.9284,3.84615e-05,0.424538
125,7500,4585,3,46.7929,77.9374,3.84615e-05,0.426654
125,7500,7430,6,22.0548,-134.512,3.84615e-05,0.426654
125,7500,7939,6,21.8875,-134.105,3.84615e-05,0.426654
125,7500,7469,13,-24.6594,-75.9967,3.84615e-05,0.426654
125,7500,5902,16,-24.4372,45.8147,3.84615e-05,0.426654
125,7500,3969,36,81.8214,-60.7724,3.84615e-05,0.426654
125,7500,644,44,-1.54262,125.413,0.000384615,0.426654
125,7500,901,47,44.7242,-116.67,0.000384615,0.426654
125,7500,3061,56,-25.8731,117.451,3.84615e-05,0.426654
125,7500,3269,74,68.3605,-46.6565,3.84615e-05,0.426654
125,7500,7701,78,-60.3316,51.1004,3.84615e-05,0.426654
125,7500,3280,83,25.0358,10.562,3.84615e-05,0.426654
125,7500,2485,84,-9.37695,21.1375,3.84615e-05,0.426654
125,7500,7326,96,15.2327,-130.85,3.84615e-05,0.426654
125,7500,7439,124,-14.86,96.2166,3.84615e-05,0.426654
125,7500,2695,134,52.252,40.5477,3.84615e-05,0.426654
125,7500,6104,134,52.211,39.7961,3.84615e-05,0.426654
125,7500,208,143,-12.686,-49.3549,0.000384615,0.426654
125,7500,2143,151,36.0895,93.37,3.84615e-05,0.426654
125,7500,7637,152,16.2112,133.354,3.84615e-05,0.426654
125,7500,7370,156,-35.6546,-85.5573,3.84615e-05,0.426654
125,7500,3155,160,19.8653,-0.796646,3.84615e-05,0.426654
125,7500,2338,170,60.7985,6.76253,3.84615e-05,0.426654
125,7500,3906,180,60.1315,63.2144,3.84615e-05,0.426654
125,7500,6632,180,59.9187,64.1498,3.84615e-05,0.426654
125,7500,2701,181,62.8578,149.167,3.84615e-05,0.426654
125,7500,7645,183,5.83742,-158.615,3.84615e-05,0.426654
125,7500,7203,186,-57.6771,-40.5159,3.84615e-05,0.426654
126,7560,7277,14,-50.8242,-32.7856,3.84615e-05,0.428923
126,7560,7166,45,26.6223,154.316,3.84615e-05,0.428923
126,7560,5491,50,52.25,-95.8292,3.84615e-05,0.428923
126,7560,7722,57,4.40603,145.119,3.84615e-05,0.428923
126,7560,2058,75,31.3131,-9.03775,3.84615e-05,0.428923
126,7560,5942,83,20.7298,13.453,3.84615e-05,0.428923
126,7560,3094,84,-12.6241,29.5635,3.84615e-05,0.428923
126,7560,2874,99,34.0764,-6.21771,3.84615e-05,0.428923
126,7560,4036,102,-66.6402,53.1522,3.84615e-05,0.428923
126,7560,3580,103,-78.3592,-128.584,3.84615e-05,0.428923
126,7560,4278,110,45.9987,27.6762,3.84615e-05,0.428923
126,7560,7273,118,37.1271,-75.8467,3.84615e-05,0.428923
126,7560,7511,129,18.8042,-83.1619,3.84615e-05,0.428923
126,7560,2653,143,-7.88874,-49.7791,3.84615e-05,0.428923
126,7560,2070,149,-28.4189,125.496,3.84615e-05,0.428923
126,7560,248,157,-12.3497,-45.477,0.000384615,0.428923
126,7560,528,157,-12.6455,-45.6726,0.000384615,0.428923
126,7560,1448,157,-12.6002,-45.9073,0.000384615,0.428923
126,7560,1608,157,-12.7612,-45.4796,0.000384615,0.428923
126,7560,6820,174,-28.5732,178.818,3.84615e-05,0.428923
126,7560,2139,189,30.6128,41.6166,3.84615e-05,0.428923
126,7560,3493,192,31.2067,45.1285,3.84615e-05,0.428923
126,7560,5408,192,31.0653,44.5898,3.84615e-05,0.428923
127,7620,7055,1,-17.4511,54.1315,3.84615e-05,0.433692
127,7620,7905,14,-44.9722,-29.8962,3.84615e-05,0.433692
127,7620,6510,17,10.6315,79.1527,3.84615e-05,0.433692
127,7620,512,34,35.5749,110.257,0.000384615,0.433692
127,7620,1192,34,36.0187,110.76,0.000384615,0.433692
127,7620,1432,34,35.8883,110.519,0.000384615,0.433692
127,7620,3180,48,20.4489,-75.0909,3.84615e-05,0.433692
127,7620,4269,56,-26.2552,127.161,3.84615e-05,0.433692
127,7620,7346,58,30.848,169.579,3.84615e-05,0.433692
127,7620,7775,64,34.6859,-38.7562,3.84615e-05,0.433692
127,7620,7078,89,19.0343,-152.747,3.84615e-05,0.433692
127,7620,3129,109,37.4737,57.5417,3.84615e-05,0.433692
127,7620,7399,118,40.7175,-73.0715,3.84615e-05,0.433692
127,7620,6870,123,13.1885,94.4962,3.84615e-05,0.433692
127,7620,2582,135,28.2912,81.8388,3.84615e-05,0.433692
127,7620,5678,141,-75.0779,-81.6181,3.84615e-05,0.433692
127,7620,6389,145,66.9192,-37.7173,3.84615e-05,0.433692
127,7620,6608,145,66.5504,-38.3709,3.84615e-05,0.433692
127,7620,3216,146,71.7048,125.317,3.84615e-05,0.433692
127,7620,4136,150,48.4006,57.4025,3.84615e-05,0.433692
127,7620,192,151,35.9137,108.186,0.000384615,0.433692
127,7620,912,151,35.9758,108.628,0.000384615,0.433692
127,7620,1632,151,35.869,109.172,0.000384615,0.433692
127,7620,1792,151,36.4954,108.62,0.000384615,0.433692
127,7620,328,157,-13.584,-45.2411,0.000384615,0.433692
127,7620,968,157,-13.9599,-45.2182,0.000384615,0.433692
127,7620,1288,157,-13.4158,-44.9031,0.000384615,0.433692
127,7620,2742,160,23.5985,2.09769,3.84615e-05,0.433692
127,7620,7465,172,39.0882,177.07,3.84615e-05,0.433692
127,7620,3731,179,33.0371,5.3119,3.84615e-05,0.433692
127,7620,3820,180,58.3309,78.8367,3.84615e-05,0.433692
127,7620,2792,188,2.20959,22.6748,3.84615e-05,0.433692
127,7620,4591,190,-28.6167,23.0666,3.84615e-05,0.433692
127,7620,2436,194,67.0951,-177.632,3.84615e-05,0.433692
128,7680,3542,3,57.6586,73.7572,3.84615e-05,0.442654
128,7680,6152,17,12.6027,79.68,3.84615e-05,0.442654
128,7680,232,18,36.4356,109.411,0.000384615,0.442654
128,7680,1512,18,36.5798,108.949,0.000384615,0.442654
128,7680,432,34,37.2805,110.898,0.000384615,0.442654
128,7680,6582,39,-37.1396,-69.3376,3.84615e-05,0.442654
128,7680,7838,46,54.9038,-158.395,3.84615e-05,0.442654
128,7680,888,49,-11.9872,-47.1255,0.000384615,0.442654
128,7680,1088,49,-12.3658,-47.3875,0.000384615,0.442654
128,7680,1488,49,-12.024,-47.5028,0.000384615,0.442654
128,7680,1728,49,-12.2118,-46.9892,0.000384615,0.442654
128,7680,1768,49,-11.9528,-47.4597,0.000384615,0.442654
128,7680,1968,49,-11.7262,-47.3338,0.000384615,0.442654
128,7680,5018,56,-25.2334,127.662,3.84615e-05,0.442654
128,7680,4556,63,49.2687,-80.7539,3.84615e-05,0.442654
128,7680,5059,69,-31.1458,144.929,3.84615e-05,0.442654
128,7680,3364,75,26.6337,-12.3275,3.84615e-05,0.442654
128,7680,7977,79,-60.4348,147.832,3.84615e-05,0.442654
128,7680,7998,81,59.9929,-65.7333,3.84615e-05,0.442654
128,7680,3970,90,4.54163,28.4156,3.84615e-05,0.442654
128,7680,4097,90,4.61422,28.5614,3.84615e-05,0.442654
128,7680,7367,103,-67.9543,-142.67,3.84615e-05,0.442654
128,7680,741,106,41.4807,-118.285,0.000384615,0.442654
128,7680,941,106,41.5194,-117.811,0.000384615,0.442654
128,7680,1701,106,41.5075,-117.778,0.000384615,0.442654
128,7680,1901,106,41.4661,-118.62,0.000384615,0.442654
128,7680,5177,120,66.5444,-83.8363,3.84615e-05,0.442654
128,7680,2857,131,5.57317,-68.9337,3.84615e-05,0.442654
128,7680,3879,131,5.17771,-69.1298,3.84615e-05,0.442654
128,7680,3609,134,45.0255,49.9854,3.84615e-05,0.442654
128,7680,4083,140,-72.3978,134.988,3.84615e-05,0.442654
128,7680,2951,145,73.4018,-53.8699,3.84615e-05,0.442654
128,7680,604,148,-3.41513,126.808,0.000384615,0.442654
128,7680,1244,148,-3.31274,127.125,0.000384615,0.442654
128,7680,1284,148,-3.36748,127.048,0.000384615,0.442654
128,7680,1404,148,-3.78343,126.752,0.000384615,0.442654
128,7680,1564,148,-3.69301,126.923,0.000384615,0.442654
128,7680,1684,148,-3.66471,126.844,0.000384615,0.442654
128,7680,1724,148,-3.73389,127.409,0.000384615,0.442654
128,7680,232,151,36.4356,109.411,0.000384615,0.442654
128,7680,632,151,36.2943,109.677,0.000384615,0.442654
128,7680,1512,151,36.5798,108.949,0.000384615,0.442654
128,7680,7845,168,-26.0032,-48.3581,3.84615e-05,0.442654
128,7680,3516,179,36.9734,6.79605,3.84615e-05,0.442654
128,7680,2909,191,3.82092,34.8993,3.84615e-05,0.442654
128,7680,4247,192,41.0262,51.3466,3.84615e-05,0.442654
129,7740,392,18,38.8024,112.703,0.000384615,0.452192
129,7740,7789,32,-26.4424,108.342,3.84615e-05,0.452192
129,7740,2322,34,41.4161,110.217,3.84615e-05,0.452192
129,7740,288,49,-12.7958,-46.6378,0.000384615,0.452192
129,7740,568,49,-13.1834,-47.1485,0.000384615,0.452192
129,7740,688,49,-13.635,-46.5525,0.000384615,0.452192
129,7740,808,49,-13.2858,-47.3846,0.000384615,0.452192
129,7740,1248,49,-13.0454,-46.3491,0.000384615,0.452192
129,7740,1568,49,-12.8376,-46.7161,0.000384615,0.452192
129,7740,1928,49,-13.2937,-46.7967,0.000384615,0.452192
129,7740,6938,57,9.04453,149.254,3.84615e-05,0.452192
129,7740,2842,75,20.6037,-12.0072,3.84615e-05,0.452192
129,7740,4295,82,38.9547,-2.84093,3.84615e-05,0.452192
129,7740,7333,103,-62.8423,-129.845,3.84615e-05,0.452192
129,7740,221,106,43.8458,-117.141,0.000384615,0.452192
129,7740,701,106,43.5583,-117.234,0.000384615,0.452192
129,7740,1021,106,44.0933,-117.645,0.000384615,0.452192
129,7740,1381,106,44.165,-117.802,0.000384615,0.452192
129,7740,1461,106,43.4167,-117.713,0.000384615,0.452192
129,7740,1541,106,43.503,-117.706,0.000384615,0.452192
129,7740,1581,106,43.4684,-116.627,0.000384615,0.452192
129,7740,2348,108,66.8544,58.3316,3.84615e-05,0.452192
129,7740,3290,109,30.7558,55.501,3.84615e-05,0.452192
129,7740,5370,110,39.6512,38.9018,3.84615e-05,0.452192
129,7740,5235,122,41.1948,82.4799,3.84615e-05,0.452192
129,7740,5719,135,23.4448,87.437,3.84615e-05,0.452192
129,7740,4318,136,-2.48453,114.451,3.84615e-05,0.452192
129,7740,4561,140,-76.5486,161.531,3.84615e-05,0.452192
129,7740,44,148,-3.31892,125.226,0.000384615,0.452192
129,7740,164,148,-3.27597,125.446,0.000384615,0.452192
129,7740,324,148,-3.33049,125.506,0.000384615,0.452192
129,7740,564,148,-3.50595,125.98,0.000384615,0.452192
129,7740,804,148,-3.67926,125.961,0.000384615,0.452192
129,7740,1124,148,-3.40437,126.034,0.000384615,0.452192
129,7740,1204,148,-3.59514,125.343,0.000384615,0.452192
129,7740,1644,148,-3.69386,125.667,0.000384615,0.452192
129,7740,2936,162,47.4893,102.423,3.84615e-05,0.452192
129,7740,4681,162,47.9962,102.241,3.84615e-05,0.452192
129,7740,5025,162,47.6295,101.457,3.84615e-05,0.452192
129,7740,2987,171,65.2246,171.222,3.84615e-05,0.452192
129,7740,4421,190,-23.7307,24.5055,3.84615e-05,0.452192
130,7800,3252,18,37.6504,121.363,3.84615e-05,0.454885
130,7800,7660,27,-27.7597,-88.1683,3.84615e-05,0.454885
130,7800,3557,29,-77.9094,51.7887,3.84615e-05,0.454885
130,7800,37,33,12.825,107.451,0.000384615,0.454885
130,7800,877,33,12.7324,107.247,0.000384615,0.454885
130,7800,1677,33,12.4963,107.22,0.000384615,0.454885
130,7800,3827,47,38.9255,-97.9842,3.84615e-05,0.454885
130,7800,1008,49,-14.1426,-45.3535,0.000384615,0.454885
130,7800,4144,50,43.8709,-79.0823,3.84615e-05,0.454885
130,7800,7422,60,3.18272,168.401,3.84615e-05,0.454885
130,7800,5802,62,57.3515,-123.339,3.84615e-05,0.454885
130,7800,4767,63,50.7823,-68.1157,3.84615e-05,0.454885
130,7800,5583,73,71.7098,-87.403,3.84615e-05,0.454885
130,7800,3889,102,-81.4937,47.1967,3.84615e-05,0.454885
130,7800,981,106,44.0345,-119.103,0.000384615,0.454885
130,7800,4431,126,-74.0076,-97.4193,3.84615e-05,0.454885
130,7800,2558,131,8.05946,-66.6469,3.84615e-05,0.454885
130,7800,7210,148,-11.55,125.127,3.84615e-05,0.454885
130,7800,5450,157,-6.43746,-36.3066,3.84615e-05,0.454885
130,7800,3884,158,22.5579,-8.99051,3.84615e-05,0.454885
130,7800,5660,158,22.1782,-8.41035,3.84615e-05,0.454885
130,7800,5088,160,25.0148,13.5103,3.84615e-05,0.454885
130,7800,7477,186,-45.4803,-15.8569,3.84615e-05,0.454885
130,7800,5325,188,15.6561,23.6238,3.84615e-05,0.454885
130,7800,4385,193,73.231,97.7812,3.84615e-05,0.454885
131,7860,7984,6,2.81774,-122.282,3.84615e-05,0.460038
131,7860,7742,16,-8.75764,61.0304,3.84615e-05,0.460038
131,7860,4246,23,63.2901,117.448,3.84615e-05,0.460038
131,7860,677,33,12.8903,104.451,0.000384615,0.460038
131,7860,1357,33,13.4076,104.741,0.000384615,0.460038
131,7860,1877,33,13.0177,104.649,0.000384615,0.460038
131,7860,4713,38,-13.5094,-67.9224,3.84615e-05,0.460038
131,7860,6999,43,-14.4057,118.629,3.84615e-05,0.460038
131,7860,7750,57,15.8657,152.631,3.84615e-05,0.460038
131,7860,3842,69,-23.4701,149.144,3.84615e-05,0.460038
131,7860,3240,83,3.8191,19.5842,3.84615e-05,0.460038
131,7860,6628,97,48.8169,-71.3949,3.84615e-05,0.460038
131,7860,2310,121,69.6498,84.3183,3.84615e-05,0.460038
131,7860,5464,121,70.0981,84.6113,3.84615e-05,0.460038
131,7860,5850,134,46.9102,66.7906,3.84615e-05,0.460038
131,7860,5275,148,-14.3799,131.704,3.84615e-05,0.460038
131,7860,1072,162,37.6231,110.132,0.000384615,0.460038
131,7860,7997,173,-12.6425,-174.849,3.84615e-05,0.460038
131,7860,92,178,14.6298,2.69392,0.000384615,0.460038
131,7860,412,178,14.8968,2.80586,0.000384615,0.460038
131,7860,572,178,15.0465,2.91423,0.000384615,0.460038
131,7860,732,178,15.0094,3.47726,0.000384615,0.460038
131,7860,1212,178,15.1902,2.8101,0.000384615,0.460038
131,7860,1532,178,15.2061,3.4424,0.000384615,0.460038
131,7860,1572,178,15.0199,3.06517,0.000384615,0.460038
131,7860,1612,178,14.7832,3.11549,0.000384615,0.460038
132,7920,3234,2,35.1866,68.9281,3.84615e-05,0.464115
132,7920,4467,4,62.7289,-155.584,3.84615e-05,0.464115
132,7920,7538,10,33.6406,-140.998,3.84615e-05,0.464115
132,7920,131,22,35.8077,94.7164,0.000384615,0.464115
132,7920,1091,22,35.8117,95.1191,0.000384615,0.464115
132,7920,1211,22,35.7693,95.0223,0.000384615,0.464115
132,7920,1891,22,36.0637,95.1699,0.000384615,0.464115
132,7920,7818,66,-40.9158,13.5969,3.84615e-05,0.464115
132,7920,2229,75,11.6616,0.367569,3.84615e-05,0.464115
132,7920,7294,76,-22.3261,12.5801,3.84615e-05,0.464115
132,7920,2817,83,0.150291,22.5062,3.84615e-05,0.464115
132,7920,4796,90,-5.76499,37.8929,3.84615e-05,0.464115
132,7920,7397,132,42.0508,-37.485,3.84615e-05,0.464115
132,7920,2520,142,-21.2816,-55.2661,3.84615e-05,0.464115
132,7920,3383,146,53.2677,123.268,3.84615e-05,0.464115
132,7920,672,162,36.7601,111.096,0.000384615,0.464115
132,7920,3802,167,-36.5951,-68.4952,3.84615e-05,0.464115
132,7920,7478,176,-55.2664,7.29349,3.84615e-05,0.464115
132,7920,812,178,15.9994,3.83803,0.000384615,0.464115
132,7920,1092,178,16.0482,3.8576,0.000384615,0.464115
132,7920,1172,178,16.0255,3.79002,0.000384615,0.464115
132,7920,1732,178,15.8324,3.32927,0.000384615,0.464115
132,7920,5445,178,16.4115,3.48332,3.84615e-05,0.464115
132,7920,3577,190,-11.238,28.9377,3.84615e-05,0.464115
132,7920,6627,190,-11.8432,29.0945,3.84615e-05,0.464115
133,7980,4806,2,37.7635,71.2502,3.84615e-05,0.466808
133,7980,4661,4,61.8723,-160.82,3.84615e-05,0.466808
133,7980,3224,17,26.9262,94.1844,3.84615e-05,0.466808
133,7980,91,22,37.395,98.0417,0.000384615,0.466808
133,7980,251,22,37.6945,98.2644,0.000384615,0.466808
133,7980,1571,22,37.3918,97.9147,0.000384615,0.466808
133,7980,6932,37,11.0672,-68.1219,3.84615e-05,0.466808
133,7980,124,43,-4.662,125.45,0.000384615,0.466808
133,7980,7045,44,19.2588,146.581,3.84615e-05,0.466808
133,7980,4092,47,32.4006,-87.0541,3.84615e-05,0.466808
133,7980,7438,76,-25.5573,14.6508,3.84615e-05,0.466808
133,7980,3282,82,26.8039,-0.894577,3.84615e-05,0.466808
133,7980,6963,87,-23.517,-179.4,3.84615e-05,0.466808
133,7980,7457,103,-51.6747,-134.962,3.84615e-05,0.466808
133,7980,3689,108,52.0247,53.5231,3.84615e-05,0.466808
133,7980,7014,115,-22.4985,-131.686,3.84615e-05,0.466808
133,7980,4189,121,58.8798,88.6789,3.84615e-05,0.466808
133,7980,1597,135,14.2157,103.363,0.000384615,0.466808
133,7980,4474,135,14.2169,102.697,3.84615e-05,0.466808
133,7980,2109,137,-43.89,146.553,3.84615e-05,0.466808
133,7980,4382,148,-21.6899,129.078,3.84615e-05,0.466808
133,7980,3062,158,32.7824,-5.34142,3.84615e-05,0.466808
133,7980,6631,162,40.1428,116.342,3.84615e-05,0.466808
133,7980,7646,171,48.6483,-175.903,3.84615e-05,0.466808
133,7980,4194,187,-10.0327,16.9304,3.84615e-05,0.466808
134,8040,4971,0,-21.6371,45.5972,3.84615e-05,0.470846
134,8040,7543,6,-8.36996,-127.277,3.84615e-05,0.470846
134,8040,7801,11,0.859879,-104.898,3.84615e-05,0.470846
134,8040,5374,15,-23.2588,45.4098,3.84615e-05,0.470846
134,8040,7904,19,45.025,-176.495,3.84615e-05,0.470846
134,8040,7302,23,72.8998,135.638,3.84615e-05,0.470846
134,8040,4298,30,-82.9171,102.067,3.84615e-05,0.470846
134,8040,7613,32,-7.96111,105.979,3.84615e-05,0.470846
134,8040,7103,38,-24.0268,-76.7017,3.84615e-05,0.470846
134,8040,84,43,-4.20488,126.706,0.000384615,0.470846
134,8040,724,43,-4.53929,126.507,0.000384615,0.470846
134,8040,844,43,-4.13861,126.371,0.000384615,0.470846
134,8040,1444,43,-4.35634,126.073,0.000384615,0.470846
134,8040,1524,43,-4.93023,126.392,0.000384615,0.470846
134,8040,1764,43,-4.47972,126.135,0.000384615,0.470846
134,8040,7011,77,-56.3761,39.8004,3.84615e-05,0.470846
134,8040,3852,82,23.0647,0.933273,3.84615e-05,0.470846
134,8040,7907,87,-21.3642,-176.526,3.84615e-05,0.470846
134,8040,7279,88,4.62303,-156.894,3.84615e-05,0.470846
134,8040,6890,100,-23.7449,53.1062,3.84615e-05,0.470846
134,8040,7886,105,24.2035,-121.206,3.84615e-05,0.470846
134,8040,7363,113,-51.2348,145.79,3.84615e-05,0.470846
134,8040,7805,116,8.49133,-105.426,3.84615e-05,0.470846
134,8040,3738,119,42.433,18.4083,3.84615e-05,0.470846
134,8040,637,135,11.1896,104.888,0.000384615,0.470846
134,8040,717,135,11.6619,104.642,0.000384615,0.470846
134,8040,4702,136,-16.7305,124.421,3.84615e-05,0.470846
134,8040,3375,150,35.245,91.9915,3.84615e-05,0.470846
134,8040,4829,150,35.1899,91.6606,3.84615e-05,0.470846
134,8040,7808,154,-49.5373,-139.404,3.84615e-05,0.470846
134,8040,3052,156,-20.5993,-52.9075,3.84615e-05,0.470846
134,8040,4788,158,32.2706,-2.47597,3.84615e-05,0.470846
134,8040,3994,167,-33.6497,-58.7836,3.84615e-05,0.470846
135,8100,4067,0,-17.273,45.7097,3.84615e-05,0.475731
135,8100,4209,33,27.4169,103.591,3.84615e-05,0.475731
135,8100,1324,43,-3.25663,127.431,0.000384615,0.475731
135,8100,7496,45,45.5644,-171.99,3.84615e-05,0.475731
135,8100,1061,46,44.2706,-117.176,0.000384615,0.475731
135,8100,6754,56,-4.39172,144.221,3.84615e-05,0.475731
135,8100,6897,70,-4.35609,-178.512,3.84615e-05,0.475731
135,8100,4223,72,65.0678,-139.53,3.84615e-05,0.475731
135,8100,7564,95,16.4257,-134.085,3.84615e-05,0.475731
135,8100,2937,99,14.4175,26.6554,3.84615e-05,0.475731
135,8100,5787,109,8.45761,49.9808,3.84615e-05,0.475731
135,8100,4272,110,18.9105,51.5106,3.84615e-05,0.475731
135,8100,4174,117,36.7253,-79.9028,3.84615e-05,0.475731
135,8100,6805,122,18.3553,91.9203,3.84615e-05,0.475731
135,8100,146,150,37.9106,94.865,0.000384615,0.475731
135,8100,386,150,37.5013,94.9312,0.000384615,0.475731
135,8100,746,150,37.681,94.5114,0.000384615,0.475731
135,8100,1386,150,37.8447,94.4481,0.000384615,0.475731
135,8100,1626,150,37.9887,94.8831,0.000384615,0.475731
135,8100,1906,150,37.8808,94.9602,0.000384615,0.475731
135,8100,4781,161,43.1161,79.4187,3.84615e-05,0.475731
135,8100,52,169,15.6537,1.15477,0.000384615,0.475731
135,8100,172,169,15.3,1.14589,0.000384615,0.475731
135,8100,1292,169,15.8577,1.10736,0.000384615,0.475731
135,8100,4943,175,-80.598,9.73724,3.84615e-05,0.475731
135,8100,3496,178,26.6285,-2.97493,3.84615e-05,0.475731
135,8100,3016,187,-1.13577,13.6397,3.84615e-05,0.475731
135,8100,2668,188,28.8221,38.1321,3.84615e-05,0.475731
136,8160,2123,17,32.3205,98.6334,3.84615e-05,0.478615
136,8160,3235,48,-4.69749,-54.5451,3.84615e-05,0.478615
136,8160,7917,51,-1.90293,-38.8028,3.84615e-05,0.478615
136,8160,7319,57,28.9969,165.83,3.84615e-05,0.478615
136,8160,5811,59,49.1387,-93.4551,3.84615e-05,0.478615
136,8160,5540,72,66.5922,-137.372,3.84615e-05,0.478615
136,8160,7710,75,1.00158,2.2076,3.84615e-05,0.478615
136,8160,1012,82,15.2924,4.49745,0.000384615,0.478615
136,8160,1932,82,15.139,4.54893,0.000384615,0.478615
136,8160,3146,96,36.116,-96.8999,3.84615e-05,0.478615
136,8160,6691,107,72.7594,54.7098,3.84615e-05,0.478615
136,8160,7459,110,20.892,58.8557,3.84615e-05,0.478615
136,8160,7792,115,-19.6458,-121.976,3.84615e-05,0.478615
136,8160,5524,117,39.0119,-77.0396,3.84615e-05,0.478615
136,8160,811,150,34.175,97.4141,0.000384615,0.478615
136,8160,891,150,34.2002,97.4509,0.000384615,0.478615
136,8160,1851,150,34.2925,97.1759,0.000384615,0.478615
136,8160,6806,152,-9.67613,158.09,3.84615e-05,0.478615
136,8160,4183,158,36.2977,4.44749,3.84615e-05,0.478615
136,8160,692,169,16.6077,1.36652,0.000384615,0.478615
136,8160,4060,169,16.8953,1.4194,3.84615e-05,0.478615
137,8220,2161,17,33.6597,103.172,3.84615e-05,0.479577
137,8220,6429,25,14.8688,-91.3003,3.84615e-05,0.479577
137,8220,4673,30,-72.5946,108.13,3.84615e-05,0.479577
137,8220,6161,45,55.0887,-161.028,3.84615e-05,0.479577
137,8220,4381,55,-27.1522,125.752,3.84615e-05,0.479577
137,8220,6540,85,-66.2767,110.991,3.84615e-05,0.479577
137,8220,2818,99,10.0724,31.4096,3.84615e-05,0.479577
137,8220,4721,121,43.9884,89.1361,3.84615e-05,0.479577
137,8220,1924,147,-1.00023,126.055,0.000384615,0.479577
137,8220,5575,148,-32.7592,123.763,3.84615e-05,0.479577
137,8220,4049,155,-34.1607,-71.791,3.84615e-05,0.479577
137,8220,5196,156,-12.6646,-43.2444,3.84615e-05,0.479577
137,8220,6526,156,-12.4924,-43.7153,3.84615e-05,0.479577
137,8220,4443,159,43.027,55.8887,3.84615e-05,0.479577
137,8220,5749,167,-24.8261,-49.9264,3.84615e-05,0.479577
137,8220,3642,199,-30.2569,27.1308,3.84615e-05,0.479577
138,8280,7826,13,-47.9884,-21.5114,3.84615e-05,0.484462
138,8280,7933,32,4.26411,110.117,3.84615e-05,0.484462
138,8280,3480,34,74.4337,88.6903,3.84615e-05,0.484462
138,8280,2820,37,-3.80074,-74.0869,3.84615e-05,0.484462
138,8280,6007,62,50.229,-80.3685,3.84615e-05,0.484462
138,8280,7485,63,26.9108,-37.1223,3.84615e-05,0.484462
138,8280,523,68,-26.8133,143.418,0.000384615,0.484462
138,8280,2955,74,25.3074,-7.74602,3.84615e-05,0.484462
138,8280,4526,86,-44.2306,170.494,3.84615e-05,0.484462
138,8280,533,98,29.9627,7.64375,0.000384615,0.484462
138,8280,1413,98,29.8973,7.97255,0.000384615,0.484462
138,8280,3162,98,30.083,7.59679,3.84615e-05,0.484462
138,8280,21,105,42.743,-119.561,0.000384615,0.484462
138,8280,261,105,42.7128,-120.255,0.000384615,0.484462
138,8280,861,105,42.6426,-119.602,0.000384615,0.484462
138,8280,1821,105,42.7733,-119.711,0.000384615,0.484462
138,8280,3036,105,42.2135,-119.402,3.84615e-05,0.484462
138,8280,7201,111,-17.0953,88.5792,3.84615e-05,0.484462
138,8280,4167,119,39.7918,33.8456,3.84615e-05,0.484462
138,8280,6987,120,77.2546,49.7505,3.84615e-05,0.484462
138,8280,884,147,-4.0068,127.693,0.000384615,0.484462
138,8280,7754,158,35.8655,15.3085,3.84615e-05,0.484462
138,8280,1746,161,40.4528,95.6714,0.000384615,0.484462
138,8280,6038,161,40.9413,95.8092,3.84615e-05,0.484462
138,8280,7117,168,2.90801,-21.7065,3.84615e-05,0.484462
138,8280,293,169,28.9431,6.66476,0.000384615,0.484462
138,8280,1493,169,28.713,6.70222,0.000384615,0.484462
138,8280,4598,178,37.728,-3.94635,3.84615e-05,0.484462
139,8340,4456,1,25.4388,63.722,3.84615e-05,0.495154
139,8340,6612,1,25.6816,64.1487,3.84615e-05,0.495154
139,8340,7816,15,-9.55602,58.4727,3.84615e-05,0.495154
139,8340,7426,55,-13.044,127.315,3.84615e-05,0.495154
139,8340,7378,60,29.6722,-170.014,3.84615e-05,0.495154
139,8340,3,68,-25.8556,144.382,0.000384615,0.495154
139,8340,83,68,-25.4605,144.893,0.000384615,0.495154
139,8340,243,68,-25.4784,144.433,0.000384615,0.495154
139,8340,323,68,-25.6829,144.161,0.000384615,0.495154
139,8340,483,68,-25.3334,144.379,0.000384615,0.495154
139,8340,683,68,-25.3156,144.537,0.000384615,0.495154
139,8340,763,68,-25.5732,144.274,0.000384615,0.495154
139,8340,1483,68,-25.3773,144.652,0.000384615,0.495154
139,8340,1923,68,-25.3956,144.408,0.000384615,0.495154
139,8340,4704,89,56.7978,-120.519,3.84615e-05,0.495154
139,8340,13,98,29.7172,8.13347,0.000384615,0.495154
139,8340,173,98,29.6077,7.90166,0.000384615,0.495154
139,8340,413,98,29.8499,8.15834,0.000384615,0.495154
139,8340,653,98,29.4722,8.65231,0.000384615,0.495154
139,8340,693,98,29.3475,8.38387,0.000384615,0.495154
139,8340,1133,98,29.5549,8.16792,0.000384615,0.495154
139,8340,1373,98,29.5925,8.62393,0.000384615,0.495154
139,8340,1613,98,29.372,8.45232,0.000384615,0.495154
139,8340,1653,98,29.5491,8.73708,0.000384615,0.495154
139,8340,3172,101,-76.9643,78.3881,3.84615e-05,0.495154
139,8340,5473,125,-75.7996,-99.0904,3.84615e-05,0.495154
139,8340,4846,128,31.8532,-84.1855,3.84615e-05,0.495154
139,8340,4911,136,-33.2071,141.106,3.84615e-05,0.495154
139,8340,4592,144,77.8258,-55.6034,3.84615e-05,0.495154
139,8340,964,147,-3.96304,127.054,0.000384615,0.495154
139,8340,3284,161,46.773,100.479,3.84615e-05,0.495154
139,8340,133,169,29.1335,7.67415,0.000384615,0.495154
139,8340,333,169,28.8961,7.75778,0.000384615,0.495154
139,8340,933,169,29.2647,7.26712,0.000384615,0.495154
139,8340,1093,169,29.1925,7.23219,0.000384615,0.495154
139,8340,1293,169,29.29,7.38142,0.000384615,0.495154
139,8340,1333,169,29.37,7.35153,0.000384615,0.495154
139,8340,1453,169,29.2986,7.73747,0.000384615,0.495154
139,8340,3552,170,64.4985,170.413,3.84615e-05,0.495154
139,8340,2992,177,8.91522,2.04779,3.84615e-05,0.495154
139,8340,7462,180,53.685,164.961,3.84615e-05,0.495154
139,8340,4116,188,40.5757,46.0442,3.84615e-05,0.495154
139,8340,4130,190,7.24146,41.7956,3.84615e-05,0.495154
139,8340,6305,190,7.7531,41.4459,3.84615e-05,0.495154
140,8400,7012,42,-12.6204,118.43,3.84615e-05,0.5005
140,8400,7625,43,11.1492,137.691,3.84615e-05,0.5005
140,8400,4046,48,-16.8426,-44.3891,3.84615e-05,0.5005
140,8400,5222,59,38.2002,-81.6094,3.84615e-05,0.5005
140,8400,6349,61,57.9915,-126.445,3.84615e-05,0.5005
140,8400,7077,63,21.2474,-39.5704,3.84615e-05,0.5005
140,8400,283,68,-24.4168,144.88,0.000384615,0.5005
140,8400,7482,78,-47.5495,153.449,3.84615e-05,0.5005
140,8400,7889,85,-63.2233,134.853,3.84615e-05,0.5005
140,8400,7740,87,-6.37997,-164.683,3.84615e-05,0.5005
140,8400,4035,89,58.9088,-115.716,3.84615e-05,0.5005
140,8400,7482,92,-47.5495,153.449,3.84615e-05,0.5005
140,8400,1253,98,28.0559,10.2253,0.000384615,0.5005
140,8400,1533,98,28.0115,9.93634,0.000384615,0.5005
140,8400,2692,101,-84.4455,96.8987,3.84615e-05,0.5005
140,8400,7217,111,-21.2077,89.3725,3.84615e-05,0.5005
140,8400,2808,141,-27.5234,-56.6614,3.84615e-05,0.5005
140,8400,4707,157,25.7133,-12.161,3.84615e-05,0.5005
140,8400,5608,166,-45.8421,-72.3358,3.84615e-05,0.5005
140,8400,213,169,30.5582,9.36481,0.000384615,0.5005
140,8400,4724,170,61.1471,169.993,3.84615e-05,0.5005
140,8400,6998,172,-13.8308,-179.085,3.84615e-05,0.5005
140,8400,12,177,14.4852,2.08191,0.000384615,0.5005
140,8400,252,177,14.0632,1.49937,0.000384615,0.5005
140,8400,972,177,14.162,1.86508,0.000384615,0.5005
140,8400,1252,177,14.0402,2.10825,0.000384615,0.5005
140,8400,1372,177,13.9954,2.38466,0.000384615,0.5005
140,8400,1772,177,14.3178,2.13322,0.000384615,0.5005
140,8400,1812,177,14.4176,2.23322,0.000384615,0.5005
140,8400,1892,177,14.305,2.21381,0.000384615,0.5005
140,8400,7425,185,-45.1628,-18.2692,3.84615e-05,0.5005
140,8400,7413,194,21.1296,-157.104,3.84615e-05,0.5005
141,8460,7432,0,-1.20021,49.6289,3.84615e-05,0.503692
141,8460,3527,1,33.7745,59.3652,3.84615e-05,0.503692
141,8460,7374,8,-67.0786,25.3659,3.84615e-05,0.503692
141,8460,7773,10,5.46541,-119.208,3.84615e-05,0.503692
141,8460,7684,19,34.1904,-139.215,3.84615e-05,0.503692
141,8460,971,21,35.8275,96.7383,0.000384615,0.503692
141,8460,1691,21,35.6046,96.5366,0.000384615,0.503692
141,8460,1771,21,35.8498,97.1479,0.000384615,0.503692
141,8460,3281,28,-70.4969,50.0676,3.84615e-05,0.503692
141,8460,5444,46,32.4123,-93.0572,3.84615e-05,0.503692
141,8460,6018,89,60.2281,-114.098,3.84615e-05,0.503692
141,8460,80,99,-5.22855,34.0085,0.000384615,0.503692
141,8460,5268,130,10.0048,-63.3949,3.84615e-05,0.503692
141,8460,7321,131,35.5674,-35.4662,3.84615e-05,0.503692
141,8460,3439,133,39.0021,62.5676,3.84615e-05,0.503692
141,8460,7900,146,23.2206,117.893,3.84615e-05,0.503692
141,8460,652,177,15.7938,2.90334,0.000384615,0.503692
141,8460,1052,177,15.9801,2.23973,0.000384615,0.503692
141,8460,1652,177,15.5154,2.48148,0.000384615,0.503692
141,8460,3988,191,53.4305,52.1062,3.84615e-05,0.503692
142,8520,3716,1,37.4272,68.7657,3.84615e-05,0.507231
142,8520,4646,3,65.0422,-160.67,3.84615e-05,0.507231
142,8520,5790,3,65.586,-160.927,3.84615e-05,0.507231
142,8520,66,21,39.3372,94.6705,0.000384615,0.507231
142,8520,226,21,39.4205,94.2497,0.000384615,0.507231
142,8520,866,21,38.9767,94.0502,0.000384615,0.507231
142,8520,1106,21,39.5279,94.4243,0.000384615,0.507231
142,8520,1426,21,39.4909,94.5887,0.000384615,0.507231
142,8520,1466,21,39.0588,94.1887,0.000384615,0.507231
142,8520,1986,21,39.1828,94.4473,0.000384615,0.507231
142,8520,5610,22,75.3778,113.018,3.84615e-05,0.507231
142,8520,7582,29,-31.4243,78.7413,3.84615e-05,0.507231
142,8520,6977,31,-16.2176,110.758,3.84615e-05,0.507231
142,8520,6898,37,-18.2485,-72.0786,3.84615e-05,0.507231
142,8520,3469,48,-21.1916,-42.8205,3.84615e-05,0.507231
142,8520,5844,58,54.9419,-113.699,3.84615e-05,0.507231
142,8520,7859,59,34.0063,-76.9403,3.84615e-05,0.507231
142,8520,6724,61,57.7212,-116.169,3.84615e-05,0.507231
142,8520,7551,71,56.1312,-155.995,3.84615e-05,0.507231
142,8520,7223,75,-24.203,11.6283,3.84615e-05,0.507231
142,8520,6071,96,49.5974,-73.0284,3.84615e-05,0.507231
142,8520,4239,108,17.9346,49.3135,3.84615e-05,0.507231
142,8520,5882,108,18.2475,49.0977,3.84615e-05,0.507231
142,8520,6736,108,17.6545,49.5853,3.84615e-05,0.507231
142,8520,2043,120,61.6865,69.2208,3.84615e-05,0.507231
142,8520,3770,124,-78.0557,113.041,3.84615e-05,0.507231
142,8520,2458,129,80.9296,-80.8843,3.84615e-05,0.507231
142,8520,3520,134,15.9621,99.6169,3.84615e-05,0.507231
142,8520,7517,139,-9.7621,-83.8927,3.84615e-05,0.507231
143,8580,7820,5,-9.15281,-122.81,3.84615e-05,0.511192
143,8580,6940,10,1.90932,-115.564,3.84615e-05,0.511192
143,8580,826,21,39.4234,95.9812,0.000384615,0.511192
143,8580,6441,39,-81.0964,108.43,3.84615e-05,0.511192
143,8580,484,42,-3.24638,123.849,0.000384615,0.511192
143,8580,7627,44,42.1166,179.591,3.84615e-05,0.511192
143,8580,7022,69,18.8712,173.356,3.84615e-05,0.511192
143,8580,7165,70,26.5823,-175.768,3.84615e-05,0.511192
143,8580,5876,96,50.8021,-65.2134,3.84615e-05,0.511192
143,8580,7831,109,-25.9428,55.4343,3.84615e-05,0.511192
143,8580,7962,130,14.8818,-58.5201,3.84615e-05,0.511192
143,8580,7590,139,-8.18829,-80.5051,3.84615e-05,0.511192
143,8580,7342,140,-53.3944,-56.4039,3.84615e-05,0.511192
143,8580,3186,141,-17.0401,-55.7642,3.84615e-05,0.511192
143,8580,5249,166,-32.8358,-64.1873,3.84615e-05,0.511192
143,8580,200,199,-8.18419,31.9801,0.000384615,0.511192
143,8580,360,199,-8.20233,31.9793,0.000384615,0.511192
143,8580,640,199,-8.65773,31.1901,0.000384615,0.511192
143,8580,920,199,-8.52909,31.4151,0.000384615,0.511192
143,8580,1000,199,-8.26615,31.9495,0.000384615,0.511192
143,8580,1720,199,-8.36702,31.6161,0.000384615,0.511192
143,8580,1760,199,-8.21699,31.6292,0.000384615,0.511192
144,8640,7971,18,43.5975,-175.165,3.84615e-05,0.516038
144,8640,7503,31,-9.72905,108.891,3.84615e-05,0.516038
144,8640,7925,31,-9.44909,109.093,3.84615e-05,0.516038
144,8640,524,42,-2.45085,124.762,0.000384615,0.516038
144,8640,764,42,-2.95036,124.842,0.000384615,0.516038
144,8640,7153,46,32.1748,-79.8133,3.84615e-05,0.516038
144,8640,5530,74,5.99666,-1.22729,3.84615e-05,0.516038
144,8640,5965,95,39.4098,-105.686,3.84615e-05,0.516038
144,8640,6372,95,39.6606,-106.376,3.84615e-05,0.516038
144,8640,2644,120,55.5965,72.9634,3.84615e-05,0.516038
144,8640,3586,129,80.282,-23.4376,3.84615e-05,0.516038
144,8640,2169,141,-9.85433,-61.4109,3.84615e-05,0.516038
144,8640,5440,141,-10.2753,-61.0118,3.84615e-05,0.516038
144,8640,7369,150,17.3728,129.073,3.84615e-05,0.516038
144,8640,3783,155,-17.1779,-57.1336,3.84615e-05,0.516038
144,8640,4425,157,34.0748,-4.49153,3.84615e-05,0.516038
144,8640,546,159,38.5394,95.5419,0.000384615,0.516038
144,8640,586,159,38.8833,95.1483,0.000384615,0.516038
144,8640,1186,159,38.6453,95.5626,0.000384615,0.516038
144,8640,1266,159,38.7202,95.5683,0.000384615,0.516038
144,8640,4819,166,-32.0077,-63.3266,3.84615e-05,0.516038
144,8640,3880,189,63.6402,142.459,3.84615e-05,0.516038
144,8640,120,199,-8.82072,32.546,0.000384615,0.516038
144,8640,680,199,-8.74353,32.9404,0.000384615,0.516038
144,8640,800,199,-8.69276,33.0077,0.000384615,0.516038
144,8640,1040,199,-8.73242,32.3289,0.000384615,0.516038
144,8640,1320,199,-9.04944,32.9347,0.000384615,0.516038
145,8700,7219,4,17.5231,-133.315,3.84615e-05,0.518615
145,8700,3479,9,-21.4188,47.3408,3.84615e-05,0.518615
145,8700,4963,42,0.516006,123.064,3.84615e-05,0.518615
145,8700,3230,47,-2.79329,-58.9077,3.84615e-05,0.518615
145,8700,7895,56,23.2457,167.449,3.84615e-05,0.518615
145,8700,3912,58,45.709,-106.524,3.84615e-05,0.518615
145,8700,7921,73,36.6489,-15.6311,3.84615e-05,0.518615
145,8700,852,81,15.5784,3.24251,0.000384615,0.518615
145,8700,7219,94,17.5231,-133.315,3.84615e-05,0.518615
145,8700,4393,95,40.623,-100.182,3.84615e-05,0.518615
145,8700,6101,107,42.99,53.2782,3.84615e-05,0.518615
145,8700,7512,109,-28.7584,56.5318,3.84615e-05,0.518615
145,8700,7494,115,11.8422,-106.206,3.84615e-05,0.518615
145,8700,3360,119,16.4154,51.6089,3.84615e-05,0.518615
145,8700,7282,122,-22.0258,91.5857,3.84615e-05,0.518615
145,8700,7640,137,-55.7701,-143.652,3.84615e-05,0.518615
145,8700,2041,155,-10.7411,-54.1221,3.84615e-05,0.518615
145,8700,186,159,38.1,95.4655,0.000384615,0.518615
145,8700,626,159,37.9708,95.2547,0.000384615,0.518615
145,8700,666,159,38.0196,95.3329,0.000384615,0.518615
145,8700,5066,174,-78.0625,14.084,3.84615e-05,0.518615
145,8700,2890,188,61.1139,64.7727,3.84615e-05,0.518615
145,8700,1360,199,-5.45842,31.1754,0.000384615,0.518615
146,8760,7877,9,-12.5593,43.5884,3.84615e-05,0.524346
146,8760,51,16,35.1731,98.3031,0.000384615,0.524346
146,8760,291,16,35.5035,98.6514,0.000384615,0.524346
146,8760,51,32,35.1731,98.3031,0.000384615,0.524346
146,8760,291,32,35.5035,98.6514,0.000384615,0.524346
146,8760,691,32,35.9723,99.0019,0.000384615,0.524346
146,8760,1491,32,35.9104,99.1412,0.000384615,0.524346
146,8760,3735,45,44.1816,-116.121,3.84615e-05,0.524346
146,8760,3440,47,-3.91019,-54.5124,3.84615e-05,0.524346
146,8760,7628,49,-53.6682,11.26,3.84615e-05,0.524346
146,8760,3864,54,-28.3995,119.721,3.84615e-05,0.524346
146,8760,292,81,13.9495,3.33144,0.000384615,0.524346
146,8760,492,81,14.2446,3.02629,0.000384615,0.524346
146,8760,532,81,14.0233,3.82062,0.000384615,0.524346
146,8760,612,81,13.6316,2.92566,0.000384615,0.524346
146,8760,932,81,13.9507,3.63809,0.000384615,0.524346
146,8760,1132,81,13.6876,3.10107,0.000384615,0.524346
146,8760,1492,81,13.75,2.9283,0.000384615,0.524346
146,8760,7554,101,-74.0179,-151.248,3.84615e-05,0.524346
146,8760,7091,128,62.4859,-90.0976,3.84615e-05,0.524346
146,8760,3011,139,-3.25912,-72.4285,3.84615e-05,0.524346
146,8760,4720,144,75.1047,95.1983,3.84615e-05,0.524346
146,8760,3614,155,-15.318,-49.4207,3.84615e-05,0.524346
146,8760,411,159,34.9844,97.4806,0.000384615,0.524346
146,8760,1371,159,34.8974,97.3338,0.000384615,0.524346
146,8760,4843,159,34.6793,97.77,3.84615e-05,0.524346
146,8760,7793,163,-19.8886,-175.982,3.84615e-05,0.524346
146,8760,6488,166,-25.7897,-52.9214,3.84615e-05,0.524346
146,8760,7675,185,-25.3652,-0.890854,3.84615e-05,0.524346
146,8760,3606,186,6.74142,14.7037,3.84615e-05,0.524346
146,8760,2791,191,68.6911,71.0213,3.84615e-05,0.524346
146,8760,5284,191,68.541,71.0194,3.84615e-05,0.524346
146,8760,2225,192,63.4527,160.18,3.84615e-05,0.524346
146,8760,6125,192,63.9533,159.924,3.84615e-05,0.524346
147,8820,7401,10,-11.9281,-106.251,3.84615e-05,0.525115
147,8820,6576,11,-33.5967,-71.6143,3.84615e-05,0.525115
147,8820,6387,15,12.4186,76.6545,3.84615e-05,0.525115
147,8820,2124,20,20.7137,86.3182,3.84615e-05,0.525115
147,8820,3873,24,15.6798,-92.2812,3.84615e-05,0.525115
147,8820,3809,33,72.7709,89.9492,3.84615e-05,0.525115
147,8820,7855,41,-17.8802,103.063,3.84615e-05,0.525115
147,8820,7823,43,37.8159,152.064,3.84615e-05,0.525115
147,8820,3548,50,-5.85657,-38.7392,3.84615e-05,0.525115
147,8820,7275,62,31.5429,-40.1184,3.84615e-05,0.525115
147,8820,5068,81,14.3425,9.84926,3.84615e-05,0.525115
147,8820,3916,99,-20.5857,48.3847,3.84615e-05,0.525115
147,8820,7748,119,13.2107,56.2981,3.84615e-05,0.525115
147,8820,3825,124,-78.7784,-114.854,3.84615e-05,0.525115
147,8820,7902,131,46.9909,-9.82994,3.84615e-05,0.525115
147,8820,2773,139,1.0202,-70.4236,3.84615e-05,0.525115
147,8820,5311,145,37.5947,115.759,3.84615e-05,0.525115
147,8820,3775,155,-11.3915,-47.7492,3.84615e-05,0.525115
147,8820,7093,157,41.1445,7.6517,3.84615e-05,0.525115
147,8820,7180,173,-71.7187,-173.945,3.84615e-05,0.525115
148,8880,7730,14,-11.7878,54.5571,3.84615e-05,0.528731
148,8880,4297,16,34.7002,111.306,3.84615e-05,0.528731
148,8880,4200,27,-78.8282,52.0492,3.84615e-05,0.528731
148,8880,4666,31,4.80664,101.068,3.84615e-05,0.528731
148,8880,4559,45,41.2344,-105.186,3.84615e-05,0.528731
148,8880,6156,54,-22.1225,127.505,3.84615e-05,0.528731
148,8880,7741,64,-32.0718,6.30231,3.84615e-05,0.528731
148,8880,163,67,-25.8438,143.38,0.000384615,0.528731
148,8880,603,67,-25.7473,143.273,0.000384615,0.528731
148,8880,923,67,-25.6909,143.009,0.000384615,0.528731
148,8880,5218,71,65.1069,-112.836,3.84615e-05,0.528731
148,8880,6941,78,-20.2017,163.669,3.84615e-05,0.528731
148,8880,733,97,29.9629,6.09326,0.000384615,0.528731
148,8880,813,97,30.3107,6.49532,0.000384615,0.528731
148,8880,4402,105,76.0536,-108.231,3.84615e-05,0.528731
148,8880,4012,124,-76.5459,-114.165,3.84615e-05,0.528731
148,8880,3727,146,-1.94952,120.311,3.84615e-05,0.528731
148,8880,6126,157,44.7082,16.0052,3.84615e-05,0.528731
148,8880,1546,160,40.2854,94.6484,0.000384615,0.528731
148,8880,373,168,27.9536,7.01213,0.000384615,0.528731
148,8880,1733,168,27.9349,7.3712,0.000384615,0.528731
148,8880,7759,172,-44.1915,179.812,3.84615e-05,0.528731
149,8940,5006,11,-39.5329,-65.3626,3.84615e-05,0.535615
149,8940,5973,13,-33.3996,25.8065,3.84615e-05,0.535615
149,8940,4748,20,27.5602,87.1048,3.84615e-05,0.535615
149,8940,7297,35,26.4835,-78.101,3.84615e-05,0.535615
149,8940,363,67,-24.9819,143.5,0.000384615,0.535615
149,8940,403,67,-25.6494,144.021,0.000384615,0.535615
149,8940,443,67,-25.879,143.835,0.000384615,0.535615
149,8940,883,67,-25.2373,144.09,0.000384615,0.535615
149,8940,1123,67,-25.261,143.753,0.000384615,0.535615
149,8940,1163,67,-25.1042,143.475,0.000384615,0.535615
149,8940,1283,67,-25.1063,143.609,0.000384615,0.535615
149,8940,1603,67,-24.8675,143.706,0.000384615,0.535615
149,8940,1723,67,-25.5432,143.868,0.000384615,0.535615
149,8940,1843,67,-25.1997,143.272,0.000384615,0.535615
149,8940,5817,71,71.0834,-105.211,3.84615e-05,0.535615
149,8940,93,97,28.3711,9.21616,0.000384615,0.535615
149,8940,453,97,28.7401,8.28741,0.000384615,0.535615
149,8940,1173,97,28.7234,8.97424,0.000384615,0.535615
149,8940,1573,97,28.8537,8.51172,0.000384615,0.535615
149,8940,1853,97,28.2184,8.75301,0.000384615,0.535615
149,8940,3568,97,28.5619,8.8847,3.84615e-05,0.535615
149,8940,6098,104,43.9145,-123.253,3.84615e-05,0.535615
149,8940,7381,108,-8.81597,47.591,3.84615e-05,0.535615
149,8940,7532,114,-8.61707,-117.096,3.84615e-05,0.535615
149,8940,7028,124,-67.812,-118.496,3.84615e-05,0.535615
149,8940,3734,127,33.8466,-85.6895,3.84615e-05,0.535615
149,8940,4644,132,46.5369,62.5637,3.84615e-05,0.535615
149,8940,5243,145,29.6757,116.839,3.84615e-05,0.535615
149,8940,3838,155,-1.07045,-45.3477,3.84615e-05,0.535615
149,8940,3340,160,40.4852,100.196,3.84615e-05,0.535615
149,8940,613,168,31.0202,8.6524,0.000384615,0.535615
149,8940,7799,171,-11.2513,-179.674,3.84615e-05,0.535615
149,8940,6893,182,-46.186,-141.372,3.84615e-05,0.535615
149,8940,4948,187,44.8132,40.1002,3.84615e-05,0.535615
149,8940,7353,192,56.0101,176.81,3.84615e-05,0.535615
150,9000,6862,42,17.0996,131.61,3.84615e-05,0.539385
150,9000,6497,60,58.3509,-121.606,3.84615e-05,0.539385
150,9000,3638,67,-23.0637,144.68,3.84615e-05,0.539385
150,9000,1440,98,-5.76667,32.2622,0.000384615,0.539385
150,9000,153,107,23.5542,44.8544,0.000384615,0.539385
150,9000,433,107,23.7622,45.4177,0.000384615,0.539385
150,9000,993,107,23.2843,45.0626,0.000384615,0.539385
150,9000,1473,107,23.8473,45.255,0.000384615,0.539385
150,9000,1633,107,23.9206,45.19,0.000384615,0.539385
150,9000,1873,107,23.4661,45.4486,0.000384615,0.539385
150,9000,1953,107,23.6599,45.9138,0.000384615,0.539385
150,9000,7278,114,0.0176239,-115.92,3.84615e-05,0.539385
150,9000,6836,117,52.6958,3.29318,3.84615e-05,0.539385
150,9000,4496,140,-26.316,-56.4048,3.84615e-05,0.539385
150,9000,3271,154,-28.7342,-67.0827,3.84615e-05,0.539385
150,9000,493,168,29.7985,9.65891,0.000384615,0.539385
150,9000,7224,178,82.2833,21.377,3.84615e-05,0.539385
151,9060,986,20,37.3395,93.6864,0.000384615,0.543962
151,9060,1026,20,37.5978,94.0346,0.000384615,0.543962
151,9060,1866,20,37.9584,94.049,0.000384615,0.543962
151,9060,7616,28,-35.0344,74.5087,3.84615e-05,0.543962
151,9060,5824,38,-84.6158,-150.665,3.84615e-05,0.543962
151,9060,4630,47,-21.2965,-46.2002,3.84615e-05,0.543962
151,9060,5510,95,42.5178,-76.727,3.84615e-05,0.543962
151,9060,320,98,-7.73314,33.5159,0.000384615,0.543962
151,9060,1280,98,-7.58576,33.3034,0.000384615,0.543962
151,9060,1224,117,47.9414,0.183823,0.000384615,0.543962
151,9060,1753,118,25.157,42.8606,0.000384615,0.543962
151,9060,45,144,56.8173,122.75,0.000384615,0.543962
151,9060,445,144,57.1321,123.179,0.000384615,0.543962
151,9060,1005,144,57.1322,122.484,0.000384615,0.543962
151,9060,1045,144,57.3308,123.326,0.000384615,0.543962
151,9060,3658,160,43.3083,110.652,3.84615e-05,0.543962
151,9060,4932,165,-43.3828,-69.0035,3.84615e-05,0.543962
151,9060,5038,166,-15.7477,-40.6986,3.84615e-05,0.543962
151,9060,7049,179,55.8883,-178.541,3.84615e-05,0.543962
151,9060,4497,186,18.0418,26.5604,3.84615e-05,0.543962
152,9120,4752,2,65.8322,-158.824,3.84615e-05,0.548923
152,9120,1786,20,37.9284,93.7415,0.000384615,0.548923
152,9120,1826,20,38.1337,93.4715,0.000384615,0.548923
152,9120,1946,20,38.0419,93.881,0.000384615,0.548923
152,9120,4233,27,-68.1796,68.8088,3.84615e-05,0.548923
152,9120,5185,41,-2.52686,115.777,3.84615e-05,0.548923
152,9120,6562,47,-22.6102,-44.0095,3.84615e-05,0.548923
152,9120,7949,67,-17.0498,150.057,3.84615e-05,0.548923
152,9120,6667,70,58.8386,-154.21,3.84615e-05,0.548923
152,9120,7392,78,-5.44694,169.496,3.84615e-05,0.548923
152,9120,3722,81,-3.1299,18.8672,3.84615e-05,0.548923
152,9120,5209,88,62.8374,-107.885,3.84615e-05,0.548923
152,9120,3475,94,31.7292,-109.051,3.84615e-05,0.548923
152,9120,160,98,-8.17683,34.7174,0.000384615,0.548923
152,9120,6096,117,51.5623,9.1451,3.84615e-05,0.548923
152,9120,753,118,24.2512,44.1709,0.000384615,0.548923
152,9120,1193,118,24.2096,44.1438,0.000384615,0.548923
152,9120,1233,118,24.674,43.9904,0.000384615,0.548923
152,9120,1313,118,24.9021,43.8626,0.000384615,0.548923
152,9120,1793,118,24.6477,44.056,0.000384615,0.548923
152,9120,5105,118,24.6382,44.0811,3.84615e-05,0.548923
152,9120,3940,129,63.0819,79.9839,3.84615e-05,0.548923
152,9120,6218,129,62.9734,79.6598,3.84615e-05,0.548923
152,9120,3298,154,-23.8053,-59.6999,3.84615e-05,0.548923
152,9120,3474,165,-34.6533,-69.6048,3.84615e-05,0.548923
152,9120,5775,166,-11.2382,-38.391,3.84615e-05,0.548923
152,9120,85,188,59.8951,123.604,0.000384615,0.548923
152,9120,3491,190,53.7696,50.8412,3.84615e-05,0.548923
152,9120,7988,194,-20.9174,-145.015,3.84615e-05,0.548923
152,9120,1593,199,22.0155,43.7843,0.000384615,0.548923
153,9180,5709,0,39.8148,67.249,3.84615e-05,0.555885
153,9180,4053,1,71.5822,120.571,3.84615e-05,0.555885
153,9180,6965,7,-62.4235,28.0864,3.84615e-05,0.555885
153,9180,7864,11,-46.1332,-46.6288,3.84615e-05,0.555885
153,9180,6831,30,-9.75304,99.5719,3.84615e-05,0.555885
153,9180,7914,68,22.2077,169.687,3.84615e-05,0.555885
153,9180,6358,70,60.6381,-145.932,3.84615e-05,0.555885
153,9180,3618,73,6.14118,-10.8011,3.84615e-05,0.555885
153,9180,7795,79,25.1565,-170.191,3.84615e-05,0.555885
153,9180,3594,81,-8.33739,14.0415,3.84615e-05,0.555885
153,9180,5661,88,57.4272,-98.3112,3.84615e-05,0.555885
153,9180,4058,94,38.0756,-110.817,3.84615e-05,0.555885
153,9180,5143,115,36.215,-85.4889,3.84615e-05,0.555885
153,9180,593,118,22.4019,44.3897,0.000384615,0.555885
153,9180,873,118,22.5551,44.6979,0.000384615,0.555885
153,9180,1113,118,22.5123,45.2474,0.000384615,0.555885
153,9180,4027,127,47.5468,-85.1949,3.84615e-05,0.555885
153,9180,3581,133,8.78348,99.9697,3.84615e-05,0.555885
153,9180,4021,140,-15.4174,-62.9538,3.84615e-05,0.555885
153,9180,5189,148,-81.7507,-127.942,3.84615e-05,0.555885
153,9180,3029,160,32.8013,113.195,3.84615e-05,0.555885
153,9180,5009,165,-32.6876,-65.5651,3.84615e-05,0.555885
153,9180,4740,187,57.0486,55.7149,3.84615e-05,0.555885
153,9180,645,188,58.4998,127.461,0.000384615,0.555885
153,9180,240,198,-7.46443,31.6841,0.000384615,0.555885
153,9180,480,198,-7.96258,32.1707,0.000384615,0.555885
153,9180,520,198,-8.08946,32.0604,0.000384615,0.555885
153,9180,720,198,-7.25247,32.0635,0.000384615,0.555885
153,9180,1120,198,-7.6684,31.8693,0.000384615,0.555885
153,9180,5721,198,-7.70484,32.2315,3.84615e-05,0.555885
153,9180,233,199,24.0986,44.2007,0.000384615,0.555885
153,9180,313,199,24.2366,45.0024,0.000384615,0.555885
153,9180,473,199,24.15,43.6388,0.000384615,0.555885
153,9180,633,199,24.4165,44.7162,0.000384615,0.555885
153,9180,1073,199,23.9401,44.6947,0.000384615,0.555885
153,9180,1353,199,23.7747,44.3053,0.000384615,0.555885
153,9180,1393,199,24.3202,44.8423,0.000384615,0.555885
154,9240,7604,8,-19.1429,39.3817,3.84615e-05,0.561115
154,9240,7251,18,21.9527,-138.809,3.84615e-05,0.561115
154,9240,1896,20,44.2128,98.865,0.000384615,0.561115
154,9240,6068,26,-82.4737,-36.662,3.84615e-05,0.561115
154,9240,7157,50,-29.1984,-20.4268,3.84615e-05,0.561115
154,9240,4216,54,-4.96461,137.773,3.84615e-05,0.561115
154,9240,5685,60,57.2825,-94.1246,3.84615e-05,0.561115
154,9240,7154,72,37.4053,-19.3339,3.84615e-05,0.561115
154,9240,3779,80,19.9941,6.14621,3.84615e-05,0.561115
154,9240,4416,94,33.0435,-103.351,3.84615e-05,0.561115
154,9240,2570,120,18.2754,79.2988,3.84615e-05,0.561115
154,9240,6326,120,18.4913,79.1024,3.84615e-05,0.561115
154,9240,7931,121,-19.0042,91.2657,3.84615e-05,0.561115
154,9240,2678,131,56.6997,30.041,3.84615e-05,0.561115
154,9240,4358,134,-25.7058,120.24,3.84615e-05,0.561115
154,9240,7170,136,-54.9716,-152.487,3.84615e-05,0.561115
154,9240,4005,138,-8.81368,-78.1911,3.84615e-05,0.561115
154,9240,4358,146,-25.7058,120.24,3.84615e-05,0.561115
154,9240,4490,154,-18.62,-54.8208,3.84615e-05,0.561115
154,9240,346,158,38.3055,94.2549,0.000384615,0.561115
154,9240,426,158,38.7708,93.9861,0.000384615,0.561115
154,9240,706,158,38.585,93.9764,0.000384615,0.561115
154,9240,2572,159,15.1252,120.497,3.84615e-05,0.561115
154,9240,4508,167,17.1806,-9.89601,3.84615e-05,0.561115
154,9240,4289,173,-80.7554,-26.4389,3.84615e-05,0.561115
154,9240,4017,185,-1.33504,16.1738,3.84615e-05,0.561115
154,9240,3624,186,30.9194,34.4847,3.84615e-05,0.561115
154,9240,4419,188,63.5354,138.071,3.84615e-05,0.561115
154,9240,7010,189,34.6193,175.5,3.84615e-05,0.561115
154,9240,2591,190,63.2781,63.758,3.84615e-05,0.561115
154,9240,2617,191,65.1867,152.125,3.84615e-05,0.561115
154,9240,440,198,-8.03473,31.229,0.000384615,0.561115
154,9240,560,198,-8.30934,30.8962,0.000384615,0.561115
154,9240,1480,198,-7.85407,31.1853,0.000384615,0.561115
154,9240,1520,198,-8.06339,30.7734,0.000384615,0.561115
154,9240,793,199,26.2734,45.0603,0.000384615,0.561115
154,9240,833,199,25.9929,44.6922,0.000384615,0.561115
154,9240,1673,199,25.9336,44.8805,0.000384615,0.561115
155,9300,4617,8,-17.2076,47.4771,3.84615e-05,0.563269
155,9300,3555,9,18.6019,50.0555,3.84615e-05,0.563269
155,9300,4667,13,-19.0349,46.6516,3.84615e-05,0.563269
155,9300,6424,30,-0.132675,102.109,3.84615e-05,0.563269
155,9300,5467,34,39.9848,-77.0169,3.84615e-05,0.563269
155,9300,2679,38,-75.9329,101.736,3.84615e-05,0.563269
155,9300,7338,40,-21.3557,97.6708,3.84615e-05,0.563269
155,9300,4868,44,48.3102,-110.921,3.84615e-05,0.563269
155,9300,4649,53,-22.7371,114.367,3.84615e-05,0.563269
155,9300,4973,57,44.5434,-105.631,3.84615e-05,0.563269
155,9300,212,80,14.2982,2.94655,0.000384615,0.563269
155,9300,892,80,14.3691,3.0088,0.000384615,0.563269
155,9300,6251,100,-75.9681,-127.741,3.84615e-05,0.563269
155,9300,4481,104,68.6681,-119.32,3.84615e-05,0.563269
155,9300,7531,108,-34.2849,54.6864,3.84615e-05,0.563269
155,9300,6649,120,14.2445,78.7106,3.84615e-05,0.563269
155,9300,2924,132,27.4767,74.6258,3.84615e-05,0.563269
155,9300,4418,144,44.0104,120.705,3.84615e-05,0.563269
155,9300,2467,145,6.17648,116.083,3.84615e-05,0.563269
155,9300,4413,148,-74.3724,-90.5766,3.84615e-05,0.563269
155,9300,4394,154,-12.1208,-55.0951,3.84615e-05,0.563269
155,9300,3792,157,50.5038,47.3284,3.84615e-05,0.563269
155,9300,106,158,37.8594,97.2471,0.000384615,0.563269
155,9300,3477,167,18.0424,-1.8362,3.84615e-05,0.563269
155,9300,7736,170,2.00101,170.696,3.84615e-05,0.563269
155,9300,7874,172,-66.888,-175.035,3.84615e-05,0.563269
155,9300,2220,185,5.22694,11.0968,3.84615e-05,0.563269
155,9300,3167,187,62.3082,69.4274,3.84615e-05,0.563269
155,9300,3134,198,-0.632233,34.095,3.84615e-05,0.563269
156,9360,4547,0,53.1635,62.9656,3.84615e-05,0.565423
156,9360,3559,9,22.674,51.2429,3.84615e-05,0.565423
156,9360,4960,16,52.4532,142.838,3.84615e-05,0.565423
156,9360,5904,22,51.6689,-105.11,3.84615e-05,0.565423
156,9360,7502,23,17.4565,-101.414,3.84615e-05,0.565423
156,9360,4538,29,21.4777,86.5995,3.84615e-05,0.565423
156,9360,16,31,39.678,98.7831,0.000384615,0.565423
156,9360,7994,40,-18.2443,100.239,3.84615e-05,0.565423
156,9360,4957,41,8.18948,125.624,3.84615e-05,0.565423
156,9360,7054,42,34.4165,149.465,3.84615e-05,0.565423
156,9360,3131,53,-21.8207,115.285,3.84615e-05,0.565423
156,9360,3963,59,-5.04134,-41.261,3.84615e-05,0.565423
156,9360,5345,60,49.5865,-89.1414,3.84615e-05,0.565423
156,9360,4894,66,-27.4154,132.663,3.84615e-05,0.565423
156,9360,132,80,13.3943,2.34039,0.000384615,0.565423
156,9360,1332,80,13.1734,2.22282,0.000384615,0.565423
156,9360,7298,89,41.3956,-20.899,3.84615e-05,0.565423
156,9360,4082,96,28.116,-5.80125,3.84615e-05,0.565423
156,9360,7972,122,-59.9876,90.8939,3.84615e-05,0.565423
156,9360,4921,129,44.205,75.7717,3.84615e-05,0.565423
156,9360,2067,132,30.9555,82.7062,3.84615e-05,0.565423
156,9360,7591,137,-30.5531,-97.3498,3.84615e-05,0.565423
156,9360,5237,143,72.2357,92.5613,3.84615e-05,0.565423
156,9360,4153,145,4.34785,116.724,3.84615e-05,0.565423
156,9360,7254,153,-33.9356,-78.1786,3.84615e-05,0.565423
156,9360,7229,160,31.8291,125.534,3.84615e-05,0.565423
156,9360,7002,177,74.2596,-1.22171,3.84615e-05,0.565423
156,9360,3358,190,67.3018,66.6393,3.84615e-05,0.565423
156,9360,5560,190,67.0399,65.6075,3.84615e-05,0.565423
157,9420,5981,6,-76.3727,-9.84727,3.84615e-05,0.568577
157,9420,5081,9,21.519,53.3484,3.84615e-05,0.568577
157,9420,3158,14,14.1169,74.3826,3.84615e-05,0.568577
157,9420,7979,16,49.8572,147.643,3.84615e-05,0.568577
157,9420,4802,29,25.0784,88.837,3.84615e-05,0.568577
157,9420,1176,31,42.0679,97.7484,0.000384615,0.568577
157,9420,1256,31,42.1953,97.7192,0.000384615,0.568577
157,9420,1576,31,42.4169,97.4155,0.000384615,0.568577
157,9420,1696,31,42.2248,97.8293,0.000384615,0.568577
157,9420,7196,32,75.1488,84.6663,3.84615e-05,0.568577
157,9420,5506,35,-3.91013,-75.5107,3.84615e-05,0.568577
157,9420,7932,36,-40.3126,-75.5251,3.84615e-05,0.568577
157,9420,3533,37,-78.7271,-95.6089,3.84615e-05,0.568577
157,9420,5483,38,-68.4644,102.765,3.84615e-05,0.568577
157,9420,7361,42,39.6112,154.637,3.84615e-05,0.568577
157,9420,6912,53,-17.5455,118.672,3.84615e-05,0.568577
157,9420,5388,59,-6.84102,-39.6561,3.84615e-05,0.568577
157,9420,4736,66,-24.6556,131.48,3.84615e-05,0.568577
157,9420,5679,72,26.6888,-11.6069,3.84615e-05,0.568577
157,9420,4492,80,9.5574,4.84097,3.84615e-05,0.568577
157,9420,2150,81,-20.8261,20.8136,3.84615e-05,0.568577
157,9420,6606,88,57.9815,-66.0073,3.84615e-05,0.568577
157,9420,7325,89,40.3071,-11.4433,3.84615e-05,0.568577
157,9420,5337,114,20.6366,-100.655,3.84615e-05,0.568577
157,9420,6136,117,37.9575,27.6685,3.84615e-05,0.568577
157,9420,4716,123,-77.4937,-130.041,3.84615e-05,0.568577
157,9420,24,130,49.244,-5.16689,0.000384615,0.568577
157,9420,3336,132,27.3858,85.5263,3.84615e-05,0.568577
157,9420,3465,138,0.191833,-72.1958,3.84615e-05,0.568577
157,9420,5479,147,-72.5071,127.445,3.84615e-05,0.568577
157,9420,4390,149,-30.8754,-66.4003,3.84615e-05,0.568577
157,9420,5390,156,43.5385,10.0915,3.84615e-05,0.568577
157,9420,4124,167,21.8808,3.90109,3.84615e-05,0.568577
157,9420,7659,172,-74.8816,-172.43,3.84615e-05,0.568577
157,9420,3037,185,12.1252,14.8862,3.84615e-05,0.568577
157,9420,6579,197,-27.3671,15.1395,3.84615e-05,0.568577
157,9420,3251,198,4.1013,29.6953,3.84615e-05,0.568577
158,9480,3746,1,67.6861,173.223,3.84615e-05,0.575077
158,9480,6498,14,14.8358,75.8539,3.84615e-05,0.575077
158,9480,4388,15,38.8221,104,3.84615e-05,0.575077
158,9480,5220,20,58.6598,106.486,3.84615e-05,0.575077
158,9480,6837,21,74.0823,-142.805,3.84615e-05,0.575077
158,9480,4373,26,-80.3826,44.2451,3.84615e-05,0.575077
158,9480,3302,29,28.5676,85.9117,3.84615e-05,0.575077
158,9480,6179,30,10.3755,104.826,3.84615e-05,0.575077
158,9480,376,31,43.3524,98.042,0.000384615,0.575077
158,9480,6150,44,41.8533,-105.884,3.84615e-05,0.575077
158,9480,7927,47,-40.1657,-26.6814,3.84615e-05,0.575077
158,9480,5688,53,-19.7976,125.582,3.84615e-05,0.575077
158,9480,7713,54,8.15126,149.681,3.84615e-05,0.575077
158,9480,7819,58,15.9229,-61.0673,3.84615e-05,0.575077
158,9480,5774,60,45.0497,-75.4935,3.84615e-05,0.575077
158,9480,7807,62,-4.45696,-16.4552,3.84615e-05,0.575077
158,9480,4915,66,-23.7288,135.334,3.84615e-05,0.575077
158,9480,5618,70,65.835,-114.323,3.84615e-05,0.575077
158,9480,4983,75,-72.1643,63.7473,3.84615e-05,0.575077
158,9480,3670,80,6.8664,4.49341,3.84615e-05,0.575077
158,9480,7371,89,40.9555,-9.14336,3.84615e-05,0.575077
158,9480,2767,94,47.6079,-88.2516,3.84615e-05,0.575077
158,9480,5026,96,28.6292,2.72034,3.84615e-05,0.575077
158,9480,3848,105,62.6084,50.8099,3.84615e-05,0.575077
158,9480,5825,105,62.6884,51.6772,3.84615e-05,0.575077
158,9480,113,106,24.7744,43.677,0.000384615,0.575077
158,9480,913,106,24.9105,43.8559,0.000384615,0.575077
158,9480,6832,113,-5.56457,-121.886,3.84615e-05,0.575077
158,9480,6573,114,19.9221,-100.759,3.84615e-05,0.575077
158,9480,4801,117,35.8393,38.5562,3.84615e-05,0.575077
158,9480,6908,120,1.06149,87.8304,3.84615e-05,0.575077
158,9480,3288,128,71.4666,55.6203,3.84615e-05,0.575077
158,9480,3182,129,36.5817,74.7984,3.84615e-05,0.575077
158,9480,384,130,48.6543,-3.34967,0.000384615,0.575077
158,9480,1264,130,49.0163,-3.68231,0.000384615,0.575077
158,9480,1984,130,48.336,-3.50214,0.000384615,0.575077
158,9480,3325,133,-5.65656,104.651,3.84615e-05,0.575077
158,9480,5028,138,4.52611,-70.0452,3.84615e-05,0.575077
158,9480,4603,142,75.2875,-26.6432,3.84615e-05,0.575077
158,9480,4125,149,-28.1077,-59.9594,3.84615e-05,0.575077
158,9480,3946,158,33.0941,107.809,3.84615e-05,0.575077
158,9480,5971,165,-21.2477,-49.5693,3.84615e-05,0.575077
158,9480,53,167,27.5245,7.7912,0.000384615,0.575077
158,9480,893,167,27.5706,7.99313,0.000384615,0.575077
158,9480,976,169,40.5788,97.1112,0.000384615,0.575077
158,9480,1736,169,40.4546,97.2528,0.000384615,0.575077
158,9480,1776,169,40.6152,97.093,0.000384615,0.575077
158,9480,184,176,46.232,-2.07518,0.000384615,0.575077
158,9480,904,176,46.0701,-1.67801,0.000384615,0.575077
158,9480,3856,178,66.2759,179.93,3.84615e-05,0.575077
158,9480,4605,197,-24.3554,24.9799,3.84615e-05,0.575077
158,9480,5070,199,39.6374,47.6702,3.84615e-05,0.575077
159,9540,5669,1,66.5556,-176.637,3.84615e-05,0.586615
159,9540,5516,9,33.2326,52.6535,3.84615e-05,0.586615
159,9540,5686,12,-32.6565,24.6933,3.84615e-05,0.586615
159,9540,7039,21,72.2243,-135.424,3.84615e-05,0.586615
159,9540,5273,37,-83.0656,-82.6281,3.84615e-05,0.586615
159,9540,5140,45,10.3324,-73.566,3.84615e-05,0.586615
159,9540,3121,46,-14.9389,-44.0588,3.84615e-05,0.586615
159,9540,7356,55,42.7416,176.197,3.84615e-05,0.586615
159,9540,7544,59,-14.3066,-36.1536,3.84615e-05,0.586615
159,9540,4922,66,-23.0143,138.58,3.84615e-05,0.586615
159,9540,7969,67,9.31388,158.361,3.84615e-05,0.586615
159,9540,4420,70,73.4637,-97.8924,3.84615e-05,0.586615
159,9540,3656,80,2.98029,13.7356,3.84615e-05,0.586615
159,9540,5930,94,47.9919,-83.9303,3.84615e-05,0.586615
159,9540,1213,96,27.4876,6.12633,0.000384615,0.586615
159,9540,6685,96,26.9548,6.19319,3.84615e-05,0.586615
159,9540,3232,97,-3.73775,31.1138,3.84615e-05,0.586615
159,9540,673,106,24.7574,44.9327,0.000384615,0.586615
159,9540,953,106,24.5914,45.1678,0.000384615,0.586615
159,9540,5223,106,24.5035,44.9888,3.84615e-05,0.586615
159,9540,3965,109,-81.6024,81.0939,3.84615e-05,0.586615
159,9540,6939,113,-5.37881,-121.132,3.84615e-05,0.586615
159,9540,224,116,47.6758,-3.89316,0.000384615,0.586615
159,9540,264,116,47.3633,-4.05246,0.000384615,0.586615
159,9540,304,116,47.4911,-3.29008,0.000384615,0.586615
159,9540,1544,116,47.7702,-3.97057,0.000384615,0.586615
159,9540,1584,116,48.1014,-3.84467,0.000384615,0.586615
159,9540,3930,126,38.9609,-92.2405,3.84615e-05,0.586615
159,9540,2258,127,68.3481,-71.8417,3.84615e-05,0.586615
159,9540,5865,128,68.5304,58.7856,3.84615e-05,0.586615
159,9540,6509,128,68.9367,58.4755,3.84615e-05,0.586615
159,9540,7139,133,-5.48843,110.152,3.84615e-05,0.586615
159,9540,3449,138,7.70105,-67.1707,3.84615e-05,0.586615
159,9540,4969,142,79.4133,-45.9639,3.84615e-05,0.586615
159,9540,4975,143,60.158,114.679,3.84615e-05,0.586615
159,9540,5239,149,-25.3574,-60.3135,3.84615e-05,0.586615
159,9540,3933,153,-29.598,-69.2481,3.84615e-05,0.586615
159,9540,5497,155,21.6629,-13.5464,3.84615e-05,0.586615
159,9540,3376,156,43.5673,22.1071,3.84615e-05,0.586615
159,9540,5403,165,-19.2249,-48.6081,3.84615e-05,0.586615
159,9540,253,167,28.7396,9.38625,0.000384615,0.586615
159,9540,573,167,28.4903,9.64098,0.000384615,0.586615
159,9540,773,167,28.9238,9.28607,0.000384615,0.586615
159,9540,1053,167,29.0298,9.30923,0.000384615,0.586615
159,9540,1813,167,28.5524,9.36452,0.000384615,0.586615
159,9540,336,169,40.6413,98.7,0.000384615,0.586615
159,9540,856,169,40.5793,99.3013,0.000384615,0.586615
159,9540,1096,169,40.3892,99.3127,0.000384615,0.586615
159,9540,1376,169,40.5802,98.9525,0.000384615,0.586615
159,9540,1656,169,40.4281,99.015,0.000384615,0.586615
159,9540,6046,169,40.0641,98.8199,3.84615e-05,0.586615
159,9540,304,176,47.4911,-3.29008,0.000384615,0.586615
159,9540,504,176,47.6228,-2.84155,0.000384615,0.586615
159,9540,744,176,47.9946,-2.68744,0.000384615,0.586615
159,9540,984,176,47.8693,-2.15854,0.000384615,0.586615
159,9540,1184,176,48.0893,-2.41675,0.000384615,0.586615
159,9540,1424,176,47.8453,-2.77901,0.000384615,0.586615
159,9540,1784,176,47.56,-2.94705,0.000384615,0.586615
159,9540,1864,176,48.1552,-2.30309,0.000384615,0.586615
159,9540,1904,176,48.0184,-2.86865,0.000384615,0.586615
159,9540,4104,177,80.3497,-26.8835,3.84615e-05,0.586615
159,9540,6204,178,61.6079,165.576,3.84615e-05,0.586615
159,9540,7406,179,23.9468,169.225,3.84615e-05,0.586615
159,9540,5741,187,62.198,98.914,3.84615e-05,0.586615
159,9540,2762,197,-21.4557,26.2433,3.84615e-05,0.586615
159,9540,5868,197,-21.6925,26.82,3.84615e-05,0.586615
159,9540,2683,198,15.7333,32.0112,3.84615e-05,0.586615
160,9600,4347,0,62.4643,90.1695,3.84615e-05,0.593462
160,9600,6117,0,62.7983,90.977,3.84615e-05,0.593462
160,9600,5183,8,2.8289,44.9777,3.84615e-05,0.593462
160,9600,7283,13,-10.8194,61.5145,3.84615e-05,0.593462
160,9600,3050,14,19.301,80.834,3.84615e-05,0.593462
160,9600,7246,18,4.26214,-122.882,3.84615e-05,0.593462
160,9600,6074,20,65.4031,113.993,3.84615e-05,0.593462
160,9600,3793,26,-73.9133,61.4029,3.84615e-05,0.593462
160,9600,7878,28,-2.64819,82.6409,3.84615e-05,0.593462
160,9600,4263,30,14.9469,98.1158,3.84615e-05,0.593462
160,9600,2354,31,52.786,91.246,3.84615e-05,0.593462
160,9600,5411,33,56.7105,-70.8657,3.84615e-05,0.593462
160,9600,6557,37,-84.2241,-175.062,3.84615e-05,0.593462
160,9600,3257,44,33.9276,-96.1844,3.84615e-05,0.593462
160,9600,3784,45,10.6931,-66.8124,3.84615e-05,0.593462
160,9600,5665,46,-16.3155,-45.5656,3.84615e-05,0.593462
160,9600,6485,57,40.0282,-81.6533,3.84615e-05,0.593462
160,9600,3947,66,-18.5089,145.426,3.84615e-05,0.593462
160,9600,3726,72,12.2396,-16.0127,3.84615e-05,0.593462
160,9600,6658,87,54.258,-111.654,3.84615e-05,0.593462
160,9600,280,97,-7.03594,31.5721,0.000384615,0.593462
160,9600,1200,97,-6.90268,31.9347,0.000384615,0.593462
160,9600,1600,97,-6.64941,31.9801,0.000384615,0.593462
160,9600,1680,97,-6.97529,32.1962,0.000384615,0.593462
160,9600,2580,105,54.019,37.1248,3.84615e-05,0.593462
160,9600,3270,106,22.2459,44.0111,3.84615e-05,0.593462
160,9600,6550,109,-83.0069,107.915,3.84615e-05,0.593462
160,9600,144,116,47.1903,-1.74278,0.000384615,0.593462
160,9600,464,116,46.3728,-2.40703,0.000384615,0.593462
160,9600,784,116,46.6587,-1.14711,0.000384615,0.593462
160,9600,1064,116,46.777,-1.61516,0.000384615,0.593462
160,9600,1504,116,46.9685,-1.32593,0.000384615,0.593462
160,9600,2764,122,-78.1829,100.109,3.84615e-05,0.593462
160,9600,5451,126,38.4027,-91.613,3.84615e-05,0.593462
160,9600,2611,129,32.318,83.0445,3.84615e-05,0.593462
160,9600,2417,130,58.0339,7.88696,3.84615e-05,0.593462
160,9600,6850,132,17.1788,93.5757,3.84615e-05,0.593462
160,9600,3784,138,10.6931,-66.8124,3.84615e-05,0.593462
160,9600,7024,140,15.5032,-62.2232,3.84615e-05,0.593462
160,9600,5956,147,-83.0193,132.85,3.84615e-05,0.593462
160,9600,7986,166,10.6622,-19.1343,3.84615e-05,0.593462
160,9600,1013,167,29.777,10.3338,0.000384615,0.593462
160,9600,4473,168,48.7098,50.6597,3.84615e-05,0.593462
160,9600,736,169,40.6565,100.798,0.000384615,0.593462
160,9600,1976,169,40.5863,100.771,0.000384615,0.593462
160,9600,344,176,49.0444,-4.58711,0.000384615,0.593462
160,9600,664,176,49.1402,-4.43971,0.000384615,0.593462
160,9600,7743,178,59.0998,169.241,3.84615e-05,0.593462
160,9600,5776,187,62.0428,113.178,3.84615e-05,0.593462
160,9600,2455,197,-17.2743,27.1097,3.84615e-05,0.593462
160,9600,5884,198,16.4493,32.8002,3.84615e-05,0.593462
160,9600,6373,198,16.8514,32.6483,3.84615e-05,0.593462
160,9600,4087,199,47.9326,48.3024,3.84615e-05,0.593462
161,9660,5149,0,65.9698,93.9658,3.84615e-05,0.597269
161,9660,4668,8,2.87292,43.8759,3.84615e-05,0.597269
161,9660,4172,9,39.6882,59.6941,3.84615e-05,0.597269
161,9660,5795,12,-28.6338,30.7837,3.84615e-05,0.597269
161,9660,2741,14,22.8619,83.5219,3.84615e-05,0.597269
161,9660,4238,15,44.5389,122.907,3.84615e-05,0.597269
161,9660,4551,20,74.5167,107.86,3.84615e-05,0.597269
161,9660,5499,21,68.4273,-126.711,3.84615e-05,0.597269
161,9660,6216,26,-70.6182,63.8554,3.84615e-05,0.597269
161,9660,3145,29,37.0356,93.7085,3.84615e-05,0.597269
161,9660,3823,30,22.1171,104.106,3.84615e-05,0.597269
161,9660,4824,30,22.3772,103.624,3.84615e-05,0.597269
161,9660,7970,34,15.6013,-81.9748,3.84615e-05,0.597269
161,9660,5417,37,-86.2411,91.4872,3.84615e-05,0.597269
161,9660,7542,40,-4.51045,111.871,3.84615e-05,0.597269
161,9660,2690,70,70.1748,-70.4716,3.84615e-05,0.597269
161,9660,6396,75,-70.5892,97.3156,3.84615e-05,0.597269
161,9660,4941,80,-1.06417,12.8519,3.84615e-05,0.597269
161,9660,6052,87,62.0423,-106.498,3.84615e-05,0.597269
161,9660,3961,93,32.8297,-115.824,3.84615e-05,0.597269
161,9660,5881,94,49.759,-74.5144,3.84615e-05,0.597269
161,9660,760,97,-7.92218,32.7767,0.000384615,0.597269
161,9660,1400,97,-7.20677,32.4039,0.000384615,0.597269
161,9660,1640,97,-7.66386,32.4514,0.000384615,0.597269
161,9660,1840,97,-7.58552,32.9688,0.000384615,0.597269
161,9660,2193,106,16.6255,48.3547,3.84615e-05,0.597269
161,9660,7158,112,-24.283,-139.742,3.84615e-05,0.597269
161,9660,353,117,24.5037,42.9894,0.000384615,0.597269
161,9660,7714,120,-6.49752,87.3421,3.84615e-05,0.597269
161,9660,5514,122,-77.2756,131.843,3.84615e-05,0.597269
161,9660,5060,127,80.4355,-58.0077,3.84615e-05,0.597269
161,9660,2705,128,63.8222,63.7522,3.84615e-05,0.597269
161,9660,6559,130,49.415,12.7154,3.84615e-05,0.597269
161,9660,4172,131,39.6882,59.6941,3.84615e-05,0.597269
161,9660,6247,134,-37.9233,143.752,3.84615e-05,0.597269
161,9660,6518,141,54.7428,-58.4803,3.84615e-05,0.597269
161,9660,7762,142,81.4709,18.2274,3.84615e-05,0.597269
161,9660,4131,143,55.1751,116.961,3.84615e-05,0.597269
161,9660,7930,144,20.2429,121.167,3.84615e-05,0.597269
161,9660,5725,145,-18.3616,124.541,3.84615e-05,0.597269
161,9660,7983,146,-53.7944,118.394,3.84615e-05,0.597269
161,9660,7385,148,-52.6615,-61.5025,3.84615e-05,0.597269
161,9660,4457,153,-22.8887,-60.9558,3.84615e-05,0.597269
161,9660,5019,155,27.4133,-9.62462,3.84615e-05,0.597269
161,9660,4099,156,48.3198,25.4192,3.84615e-05,0.597269
161,9660,4107,157,39.9137,75.666,3.84615e-05,0.597269
161,9660,5215,165,-13.0534,-43.045,3.84615e-05,0.597269
161,9660,7492,167,35.177,16.6673,3.84615e-05,0.597269
161,9660,5160,168,48.5524,62.221,3.84615e-05,0.597269
161,9660,7387,174,-18.9112,-10.9369,3.84615e-05,0.597269
161,9660,3042,176,56.7794,-3.24321,3.84615e-05,0.597269
161,9660,4784,185,26.1947,20.0392,3.84615e-05,0.597269
161,9660,4658,190,67.9576,131.078,3.84615e-05,0.597269
161,9660,3695,197,-16.665,20.3209,3.84615e-05,0.597269
161,9660,4953,199,50.2758,53.2723,3.84615e-05,0.597269
162,9720,6430,1,62.4834,-159.994,3.84615e-05,0.603192
162,9720,6983,6,-58.3276,16.3798,3.84615e-05,0.603192
162,9720,4793,8,5.3661,44.5794,3.84615e-05,0.603192
162,9720,5594,9,41.0471,54.8633,3.84615e-05,0.603192
162,9720,3588,14,22.8414,89.678,3.84615e-05,0.603192
162,9720,4147,15,43.607,125.129,3.84615e-05,0.603192
162,9720,2720,22,29.9626,-105.354,3.84615e-05,0.603192
162,9720,816,29,41.4595,95.7108,0.000384615,0.603192
162,9720,6205,37,-82.1634,93.9906,3.84615e-05,0.603192
162,9720,5202,40,-1.23769,115.787,3.84615e-05,0.603192
162,9720,7190,53,-3.11459,131.677,3.84615e-05,0.603192
162,9720,7441,67,18.7914,164.633,3.84615e-05,0.603192
162,9720,5294,70,70.3175,-73.7795,3.84615e-05,0.603192
162,9720,4826,72,7.65067,-11.4909,3.84615e-05,0.603192
162,9720,2138,75,-69.9433,113.544,3.84615e-05,0.603192
162,9720,7758,76,-37.4512,151.789,3.84615e-05,0.603192
162,9720,6357,87,58.5973,-98.126,3.84615e-05,0.603192
162,9720,2977,96,13.1937,12.7429,3.84615e-05,0.603192
162,9720,1880,97,-9.55288,34.1244,0.000384615,0.603192
162,9720,3943,103,61.965,-134.94,3.84615e-05,0.603192
162,9720,4615,105,50.3493,48.0401,3.84615e-05,0.603192
162,9720,7100,109,-80.9269,179.799,3.84615e-05,0.603192
162,9720,7621,112,-23.2747,-132.918,3.84615e-05,0.603192
162,9720,6456,116,47.9301,12.0808,3.84615e-05,0.603192
162,9720,273,117,25.7131,45.6578,0.000384615,0.603192
162,9720,1713,117,25.6156,45.3464,0.000384615,0.603192
162,9720,3887,129,21.8217,83.5847,3.84615e-05,0.603192
162,9720,7082,132,11.7875,97.0152,3.84615e-05,0.603192
162,9720,7579,135,-56.2277,-156.445,3.84615e-05,0.603192
162,9720,7228,138,19.1466,-67.3526,3.84615e-05,0.603192
162,9720,7851,144,14.4026,114.749,3.84615e-05,0.603192
162,9720,4148,145,-21.9375,116.931,3.84615e-05,0.603192
162,9720,4991,147,-83.1586,-112.835,3.84615e-05,0.603192
162,9720,3890,149,-17.513,-59.223,3.84615e-05,0.603192
162,9720,4589,153,-17.5657,-65.0884,3.84615e-05,0.603192
162,9720,5130,155,27.5773,-7.75676,3.84615e-05,0.603192
162,9720,7347,156,44.0128,35.0871,3.84615e-05,0.603192
162,9720,4908,157,43.7637,84.6851,3.84615e-05,0.603192
162,9720,4146,164,-32.7328,-68.1317,3.84615e-05,0.603192
162,9720,6198,165,-9.45174,-39.0029,3.84615e-05,0.603192
162,9720,4590,166,15.7244,-15.1102,3.84615e-05,0.603192
162,9720,7729,167,35.114,20.9798,3.84615e-05,0.603192
162,9720,6780,168,49.8994,68.0566,3.84615e-05,0.603192
162,9720,3459,169,33.7468,112.663,3.84615e-05,0.603192
162,9720,2958,175,24.5074,-8.12796,3.84615e-05,0.603192
162,9720,245,187,58.909,126.373,0.000384615,0.603192
162,9720,845,187,58.7688,125.234,0.000384615,0.603192
162,9720,925,187,58.6806,124.787,0.000384615,0.603192
162,9720,1325,187,58.7947,125.647,0.000384615,0.603192
162,9720,1485,187,58.4953,126.03,0.000384615,0.603192
162,9720,1725,187,58.3297,125.469,0.000384615,0.603192
162,9720,1965,187,58.7247,126.053,0.000384615,0.603192
162,9720,5566,197,-12.8045,21.9841,3.84615e-05,0.603192
162,9720,5581,197,-13.2603,21.8531,3.84615e-05,0.603192
162,9720,4329,198,21.5159,34.0917,3.84615e-05,0.603192
163,9780,4583,0,69.1741,109.85,3.84615e-05,0.613846
163,9780,6145,8,9.80524,46.2983,3.84615e-05,0.613846
163,9780,5693,14,24.7077,90.8467,3.84615e-05,0.613846
163,9780,4912,22,23.9141,-102.571,3.84615e-05,0.613846
163,9780,7483,28,10.0745,81.5038,3.84615e-05,0.613846
163,9780,5477,29,42.1888,96.0373,3.84615e-05,0.613846
163,9780,5877,32,80.1814,-83.1172,3.84615e-05,0.613846
163,9780,5855,33,44.8306,-79.3758,3.84615e-05,0.613846
163,9780,3408,34,7.88934,-80.9142,3.84615e-05,0.613846
163,9780,5384,40,-1.40996,121.187,3.84615e-05,0.613846
163,9780,220,43,51.7447,-121.68,0.000384615,0.613846
163,9780,380,43,51.8057,-121.98,0.000384615,0.613846
163,9780,420,43,51.6512,-121.59,0.000384615,0.613846
163,9780,460,43,51.5367,-122.106,0.000384615,0.613846
163,9780,540,43,51.4754,-121.714,0.000384615,0.613846
163,9780,580,43,51.4595,-122.181,0.000384615,0.613846
163,9780,980,43,51.8628,-121.975,0.000384615,0.613846
163,9780,1300,43,50.9424,-121.444,0.000384615,0.613846
163,9780,1420,43,51.2401,-121.242,0.000384615,0.613846
163,9780,1460,43,51.6322,-121.563,0.000384615,0.613846
163,9780,1540,43,51.7271,-120.975,0.000384615,0.613846
163,9780,1740,43,51.226,-121.171,0.000384615,0.613846
163,9780,1780,43,51.9819,-121.698,0.000384615,0.613846
163,9780,1820,43,51.1674,-122.213,0.000384615,0.613846
163,9780,1900,43,51.8094,-121.63,0.000384615,0.613846
163,9780,5750,44,32.0361,-86.3586,3.84615e-05,0.613846
163,9780,6438,56,46.4001,-110.679,3.84615e-05,0.613846
163,9780,6060,69,51.7361,-103.642,3.84615e-05,0.613846
163,9780,7314,71,34.7178,-26.3467,3.84615e-05,0.613846
163,9780,6929,75,-66.5499,126.355,3.84615e-05,0.613846
163,9780,7507,77,-1.84028,170.108,3.84615e-05,0.613846
163,9780,3953,80,-12.428,14.7357,3.84615e-05,0.613846
163,9780,6425,87,64.9036,-90.4155,3.84615e-05,0.613846
163,9780,5116,93,34.1981,-107.491,3.84615e-05,0.613846
163,9780,3054,96,15.0005,12.7406,3.84615e-05,0.613846
163,9780,5870,97,-12.8119,36.7733,3.84615e-05,0.613846
163,9780,7418,101,-5.84529,-136.49,3.84615e-05,0.613846
163,9780,5463,103,63.8082,-118.836,3.84615e-05,0.613846
163,9780,7118,104,77.8069,25.4273,3.84615e-05,0.613846
163,9780,4405,105,44.3726,39.6124,3.84615e-05,0.613846
163,9780,6080,105,44.5097,38.8592,3.84615e-05,0.613846
163,9780,7083,112,-23.7199,-130.79,3.84615e-05,0.613846
163,9780,5221,114,33.9176,-87.1306,3.84615e-05,0.613846
163,9780,4327,116,44.9709,18.0228,3.84615e-05,0.613846
163,9780,3444,117,21.6869,44.3571,3.84615e-05,0.613846
163,9780,6323,122,-79.2449,159.883,3.84615e-05,0.613846
163,9780,3798,129,19.582,75.9524,3.84615e-05,0.613846
163,9780,6696,132,7.97144,99.3359,3.84615e-05,0.613846
163,9780,6962,135,-56.9156,-151.219,3.84615e-05,0.613846
163,9780,3304,143,44.4844,110.029,3.84615e-05,0.613846
163,9780,5010,147,-80.7892,-76.5048,3.84615e-05,0.613846
163,9780,3116,149,-9.60519,-58.5171,3.84615e-05,0.613846
163,9780,4405,156,44.3726,39.6124,3.84615e-05,0.613846
163,9780,7004,160,7.75639,142.999,3.84615e-05,0.613846
163,9780,7749,161,-15.5893,173.369,3.84615e-05,0.613846
163,9780,5103,165,-7.62699,-37.2272,3.84615e-05,0.613846
163,9780,4635,175,24.3737,-6.43155,3.84615e-05,0.613846
163,9780,7623,176,63.04,-3.11293,3.84615e-05,0.613846
163,9780,7115,179,9.66082,169.096,3.84615e-05,0.613846
163,9780,2426,184,-3.50099,12.6755,3.84615e-05,0.613846
163,9780,4651,185,28.4621,30.1727,3.84615e-05,0.613846
163,9780,725,187,57.7864,128.215,0.000384615,0.613846
163,9780,885,187,58.3399,128.608,0.000384615,0.613846
163,9780,1565,187,57.9805,127.879,0.000384615,0.613846
163,9780,1845,187,57.9383,128.479,0.000384615,0.613846
163,9780,6591,187,57.9587,128.683,3.84615e-05,0.613846
163,9780,7563,188,36.4428,174.17,3.84615e-05,0.613846
163,9780,0,197,-6.52375,30.3914,0.000384615,0.613846
163,9780,40,197,-6.93563,30.5565,0.000384615,0.613846
163,9780,1080,197,-7.25962,30.3472,0.000384615,0.613846
163,9780,1800,197,-6.98354,30.3599,0.000384615,0.613846
164,9840,7583,7,-18.8942,43.0797,3.84615e-05,0.617923
164,9840,2407,14,33.5763,92.4085,3.84615e-05,0.617923
164,9840,6246,14,33.6388,92.4606,3.84615e-05,0.617923
164,9840,6489,21,56.5936,-116.546,3.84615e-05,0.617923
164,9840,4349,25,-81.6706,-28.604,3.84615e-05,0.617923
164,9840,7651,28,12.1057,84.7142,3.84615e-05,0.617923
164,9840,4769,29,48.9616,97.6027,3.84615e-05,0.617923
164,9840,3307,30,30.1204,99.8213,3.84615e-05,0.617923
164,9840,5966,31,65.9091,98.9654,3.84615e-05,0.617923
164,9840,3272,32,76.7986,-79.3653,3.84615e-05,0.617923
164,9840,3060,39,-3.22692,103.452,3.84615e-05,0.617923
164,9840,5264,39,-3.07019,103.044,3.84615e-05,0.617923
164,9840,4841,40,5.1757,117.977,3.84615e-05,0.617923
164,9840,20,43,50.7109,-122.162,0.000384615,0.617923
164,9840,500,43,50.2379,-121.722,0.000384615,0.617923
164,9840,660,43,50.6548,-121.682,0.000384615,0.617923
164,9840,740,43,50.8013,-122.827,0.000384615,0.617923
164,9840,1380,43,50.8345,-122.087,0.000384615,0.617923
164,9840,2326,45,0.688965,-59.2782,3.84615e-05,0.617923
164,9840,5903,56,50.0419,-101.455,3.84615e-05,0.617923
164,9840,4660,58,-2.70697,-45.7537,3.84615e-05,0.617923
164,9840,6549,69,56.4017,-98.8429,3.84615e-05,0.617923
164,9840,7658,71,30.9749,-22.2523,3.84615e-05,0.617923
164,9840,7114,77,-1.50253,174.152,3.84615e-05,0.617923
164,9840,4874,79,60.0984,-134.201,3.84615e-05,0.617923
164,9840,5978,93,39.2282,-108.187,3.84615e-05,0.617923
164,9840,7070,95,33.0688,-11.3189,3.84615e-05,0.617923
164,9840,3937,96,7.79283,16.7932,3.84615e-05,0.617923
164,9840,5452,103,68.0101,-135.798,3.84615e-05,0.617923
164,9840,7008,104,77.6125,48.4326,3.84615e-05,0.617923
164,9840,4914,108,-68.1492,42.5546,3.84615e-05,0.617923
164,9840,7546,109,-74.1051,-154.167,3.84615e-05,0.617923
164,9840,5635,114,34.3747,-79.7085,3.84615e-05,0.617923
164,9840,5707,116,45.8693,17.8011,3.84615e-05,0.617923
164,9840,6605,122,-88.0149,-166.369,3.84615e-05,0.617923
164,9840,5100,126,53.4526,-89.7168,3.84615e-05,0.617923
164,9840,4002,128,53.7795,80.5227,3.84615e-05,0.617923
164,9840,4968,129,14.5694,76.8111,3.84615e-05,0.617923
164,9840,3189,130,54.1914,29.9564,3.84615e-05,0.617923
164,9840,3901,131,32.9115,77.3093,3.84615e-05,0.617923
164,9840,5951,133,-20.1153,120.463,3.84615e-05,0.617923
164,9840,7668,142,75.8585,84.5657,3.84615e-05,0.617923
164,9840,6563,144,4.97336,115.25,3.84615e-05,0.617923
164,9840,7937,146,-66.7271,119.164,3.84615e-05,0.617923
164,9840,5360,147,-77.6112,-101.346,3.84615e-05,0.617923
164,9840,4607,149,-6.3446,-57.9467,3.84615e-05,0.617923
164,9840,3754,153,-15.7397,-55.1349,3.84615e-05,0.617923
164,9840,5263,156,43.6673,45.3159,3.84615e-05,0.617923
164,9840,2407,157,33.5763,92.4085,3.84615e-05,0.617923
164,9840,6246,157,33.6388,92.4606,3.84615e-05,0.617923
164,9840,5569,159,-9.93919,147.494,3.84615e-05,0.617923
164,9840,7050,160,6.53778,145.692,3.84615e-05,0.617923
164,9840,5743,164,-33.4868,-57.9916,3.84615e-05,0.617923
164,9840,2947,166,16.7186,-6.35808,3.84615e-05,0.617923
164,9840,5407,169,29.9254,115.08,3.84615e-05,0.617923
164,9840,5549,172,-76.3104,-0.412323,3.84615e-05,0.617923
164,9840,6284,176,65.319,-16.8428,3.84615e-05,0.617923
164,9840,7835,179,7.11587,169.919,3.84615e-05,0.617923
164,9840,4212,184,-0.554123,10.9207,3.84615e-05,0.617923
164,9840,5115,187,61.3754,138.443,3.84615e-05,0.617923
164,9840,2866,190,65.3915,153.867,3.84615e-05,0.617923
164,9840,2561,197,-4.91253,24.3202,3.84615e-05,0.617923
164,9840,3430,198,27.0859,43.4877,3.84615e-05,0.617923
165,9900,4917,8,19.1562,52.5537,3.84615e-05,0.619808
165,9900,6811,10,-45.4181,-38.9035,3.84615e-05,0.619808
165,9900,5039,12,-19.3193,48.4464,3.84615e-05,0.619808
165,9900,4495,15,49.4038,137.515,3.84615e-05,0.619808
165,9900,5350,25,-84.0316,-7.88103,3.84615e-05,0.619808
165,9900,4140,29,52.9714,98.7776,3.84615e-05,0.619808
165,9900,5310,31,74.3985,101.893,3.84615e-05,0.619808
165,9900,5190,32,72.7799,-79.1242,3.84615e-05,0.619808
165,9900,2204,34,-1.14317,-76.4592,3.84615e-05,0.619808
165,9900,2042,39,-1.38385,102.204,3.84615e-05,0.619808
165,9900,7890,44,26.6152,-79.4526,3.84615e-05,0.619808
165,9900,3327,45,-3.71919,-59.6228,3.84615e-05,0.619808
165,9900,5127,52,-23.4441,114.157,3.84615e-05,0.619808
165,9900,5213,58,-2.72954,-44.4435,3.84615e-05,0.619808
165,9900,6294,69,50.6406,-94.0753,3.84615e-05,0.619808
165,9900,6173,74,-67.1808,46.3394,3.84615e-05,0.619808
165,9900,5806,79,60.986,-130.615,3.84615e-05,0.619808
165,9900,3205,80,-16.5559,15.8915,3.84615e-05,0.619808
165,9900,7241,84,-14.5711,179.559,3.84615e-05,0.619808
165,9900,4128,89,14.4874,5.54231,3.84615e-05,0.619808
165,9900,3362,93,37.2492,-101.699,3.84615e-05,0.619808
165,9900,4632,95,30.9927,-7.35175,3.84615e-05,0.619808
165,9900,6369,103,69.0611,-129.354,3.84615e-05,0.619808
165,9900,6341,106,2.89167,42.8911,3.84615e-05,0.619808
165,9900,5108,108,-71.2855,41.7325,3.84615e-05,0.619808
165,9900,5091,116,42.5294,26.0119,3.84615e-05,0.619808
165,9900,5938,122,-82.3145,-121.882,3.84615e-05,0.619808
165,9900,5054,125,26.0322,-98.4039,3.84615e-05,0.619808
165,9900,5313,128,46.9967,81.9808,3.84615e-05,0.619808
165,9900,4103,129,10.5799,77.2347,3.84615e-05,0.619808
165,9900,4337,130,51.756,33.3745,3.84615e-05,0.619808
165,9900,4961,131,26.0749,74.4345,3.84615e-05,0.619808
165,9900,2204,137,-1.14317,-76.4592,3.84615e-05,0.619808
165,9900,6042,142,73.6042,95.4601,3.84615e-05,0.619808
165,9900,5427,143,42.3448,119.593,3.84615e-05,0.619808
165,9900,5486,146,-67.7171,138.986,3.84615e-05,0.619808
165,9900,7181,152,-37.2454,-82.2521,3.84615e-05,0.619808
165,9900,3767,164,-31.941,-56.6196,3.84615e-05,0.619808
165,9900,5534,168,48.4189,81.7189,3.84615e-05,0.619808
165,9900,2556,169,27.6654,119.933,3.84615e-05,0.619808
165,9900,4279,171,-70.5027,160.615,3.84615e-05,0.619808
165,9900,6295,172,-76.0745,4.04375,3.84615e-05,0.619808
165,9900,5542,175,32.0025,-5.87907,3.84615e-05,0.619808
165,9900,7151,178,38.2011,168.223,3.84615e-05,0.619808
165,9900,7089,182,-53.8893,-39.1427,3.84615e-05,0.619808
165,9900,3868,184,3.30298,15.9807,3.84615e-05,0.619808
165,9900,2876,186,64.4916,74.1141,3.84615e-05,0.619808
165,9900,4149,190,62.8503,163.728,3.84615e-05,0.619808
165,9900,4697,190,62.5235,163.966,3.84615e-05,0.619808
165,9900,7423,191,32.0318,-164.952,3.84615e-05,0.619808
166,9960,3367,0,69.7082,151.477,3.84615e-05,0.622
166,9960,3702,8,20.2844,56.4608,3.84615e-05,0.622
166,9960,3800,9,58.352,64.4466,3.84615e-05,0.622
166,9960,4135,14,33.1331,100.782,3.84615e-05,0.622
166,9960,5158,21,48.7982,-106.039,3.84615e-05,0.622
166,9960,5269,25,-82.6252,19.2934,3.84615e-05,0.622
166,9960,5289,28,19.5189,84.0222,3.84615e-05,0.622
166,9960,4374,34,-2.71474,-77.0045,3.84615e-05,0.622
166,9960,5036,39,1.84583,100.901,3.84615e-05,0.622
166,9960,7132,40,7.45277,128.074,3.84615e-05,0.622
166,9960,7352,41,31.0217,152.952,3.84615e-05,0.622
166,9960,4691,43,41.6326,-111.957,3.84615e-05,0.622
166,9960,4637,44,20.1004,-75.7301,3.84615e-05,0.622
166,9960,4450,45,-3.97277,-53.7619,3.84615e-05,0.622
166,9960,7697,49,-17.526,97.6307,3.84615e-05,0.622
166,9960,5199,52,-24.992,120.565,3.84615e-05,0.622
166,9960,7120,53,9.19955,139.609,3.84615e-05,0.622
166,9960,6119,56,48.2387,-93.2851,3.84615e-05,0.622
166,9960,4645,58,-9.238,-41.1619,3.84615e-05,0.622
166,9960,5676,65,-28.3747,129.448,3.84615e-05,0.622
166,9960,6418,69,51.5901,-82.5085,3.84615e-05,0.622
166,9960,4403,74,-70.6568,54.7929,3.84615e-05,0.622
166,9960,4543,74,-70.5766,54.0923,3.84615e-05,0.622
166,9960,3596,79,69.6253,-124.602,3.84615e-05,0.622
166,9960,7475,85,19.7148,-157.427,3.84615e-05,0.622
166,9960,5117,93,38.1196,-97.5218,3.84615e-05,0.622
166,9960,7068,103,72.1186,-118.448,3.84615e-05,0.622
166,9960,3629,104,65.7891,31.8825,3.84615e-05,0.622
166,9960,2710,105,34.0515,46.4415,3.84615e-05,0.622
166,9960,7727,117,12.6396,58.1228,3.84615e-05,0.622
166,9960,4952,125,26.5135,-99.469,3.84615e-05,0.622
166,9960,5005,131,23.6923,76.0256,3.84615e-05,0.622
166,9960,5988,132,1.94982,103.881,3.84615e-05,0.622
166,9960,5145,133,-25.8277,125.935,3.84615e-05,0.622
166,9960,2491,137,-1.16123,-75.5359,3.84615e-05,0.622
166,9960,6650,141,71.6452,-43.7993,3.84615e-05,0.622
166,9960,5786,143,34.2332,113,3.84615e-05,0.622
166,9960,4677,144,2.52593,114.968,3.84615e-05,0.622
166,9960,5292,146,-73.5301,131.671,3.84615e-05,0.622
166,9960,3782,149,1.01505,-66.2044,3.84615e-05,0.622
166,9960,4229,149,1.23126,-65.6321,3.84615e-05,0.622
166,9960,4370,153,-7.36202,-54.9057,3.84615e-05,0.622
166,9960,4718,155,35.215,8.224,3.84615e-05,0.622
166,9960,4689,156,46.7966,57.4696,3.84615e-05,0.622
166,9960,4135,157,33.1331,100.782,3.84615e-05,0.622
166,9960,6224,164,-29.0735,-52.2277,3.84615e-05,0.622
166,9960,5405,167,40.7552,38.1348,3.84615e-05,0.622
166,9960,6160,168,44.4674,87.4999,3.84615e-05,0.622
166,9960,5146,175,40.0642,-4.63611,3.84615e-05,0.622
166,9960,7270,176,72.3151,-3.31584,3.84615e-05,0.622
166,9960,6147,177,68.9697,167.304,3.84615e-05,0.622
166,9960,7847,179,-3.61185,175.646,3.84615e-05,0.622
166,9960,3710,184,9.46456,11.1856,3.84615e-05,0.622
166,9960,4398,185,39.2185,35.9778,3.84615e-05,0.622
166,9960,5255,186,66.9415,76.4842,3.84615e-05,0.622
166,9960,3305,197,0.976334,27.8147,3.84615e-05,0.622
166,9960,2710,198,34.0515,46.4415,3.84615e-05,0.622
166,9960,4445,199,66.3937,70.3217,3.84615e-05,0.622
166,9960,6110,199,66.8164,70.2013,3.84615e-05,0.622
167,10020,6142,7,-9.80988,38.7835,3.84615e-05,0.624692
167,10020,4429,8,24.5503,55.1964,3.84615e-05,0.624692
167,10020,2727,9,57.0996,80.1976,3.84615e-05,0.624692
167,10020,4657,14,34.9004,105.408,3.84615e-05,0.624692
167,10020,6777,21,45.092,-111.331,3.84615e-05,0.624692
167,10020,4542,25,-79.2697,47.8609,3.84615e-05,0.624692
167,10020,4059,28,27.2815,84.0077,3.84615e-05,0.624692
167,10020,4902,30,45.9038,99.7081,3.84615e-05,0.624692
167,10020,6503,33,27.7663,-82.3128,3.84615e-05,0.624692
167,10020,7798,34,-8.06477,-84.4154,3.84615e-05,0.624692
167,10020,5286,36,-78.0246,-110.786,3.84615e-05,0.624692
167,10020,5446,43,42.5464,-110.11,3.84615e-05,0.624692
167,10020,7137,49,-13.8264,102.745,3.84615e-05,0.624692
167,10020,6597,56,40.0346,-93.187,3.84615e-05,0.624692
167,10020,6047,65,-22.1139,132.216,3.84615e-05,0.624692
167,10020,6347,71,23.4749,-13.452,3.84615e-05,0.624692
167,10020,5163,74,-68.6603,57.3937,3.84615e-05,0.624692
167,10020,5887,79,70.8593,-112.568,3.84615e-05,0.624692
167,10020,4387,80,-25.365,20.3566,3.84615e-05,0.624692
167,10020,60,86,51.3327,-123.475,0.000384615,0.624692
167,10020,900,86,51.2318,-124.012,0.000384615,0.624692
167,10020,5527,89,8.33446,1.44528,3.84615e-05,0.624692
167,10020,5519,93,44.1187,-90.9318,3.84615e-05,0.624692
167,10020,3485,95,24.3438,-2.21068,3.84615e-05,0.624692
167,10020,2540,104,66.2134,49.6743,3.84615e-05,0.624692
167,10020,4102,104,66.3242,48.6058,3.84615e-05,0.624692
167,10020,3301,105,28.6589,47.4892,3.84615e-05,0.624692
167,10020,6985,106,-8.66645,46.5015,3.84615e-05,0.624692
167,10020,4365,108,-74.7332,67.7762,3.84615e-05,0.624692
167,10020,3980,121,-68.8993,91.2621,3.84615e-05,0.624692
167,10020,5605,125,29.5605,-99.533,3.84615e-05,0.624692
167,10020,3701,128,38.6241,74.3588,3.84615e-05,0.624692
167,10020,5434,130,45.8016,41.6987,3.84615e-05,0.624692
167,10020,4039,131,20.7319,79.9315,3.84615e-05,0.624692
167,10020,7539,132,-1.39468,104.243,3.84615e-05,0.624692
167,10020,3633,137,1.06252,-76.1026,3.84615e-05,0.624692
167,10020,4799,143,31.319,112.196,3.84615e-05,0.624692
167,10020,4584,148,-29.7025,-67.8535,3.84615e-05,0.624692
167,10020,2090,153,-9.1661,-47.4277,3.84615e-05,0.624692
167,10020,6095,156,49.3462,60.5263,3.84615e-05,0.624692
167,10020,7605,159,-20.1917,158.253,3.84615e-05,0.624692
167,10020,7942,160,-3.88049,151.727,3.84615e-05,0.624692
167,10020,4919,164,-28.5272,-49.3539,3.84615e-05,0.624692
167,10020,5274,166,22.7491,2.04295,3.84615e-05,0.624692
167,10020,6006,174,6.74351,-4.62737,3.84615e-05,0.624692
167,10020,7403,176,77.337,2.08022,3.84615e-05,0.624692
167,10020,5198,184,10.7664,18.0484,3.84615e-05,0.624692
167,10020,7386,185,41.3554,39.459,3.84615e-05,0.624692
167,10020,7707,189,-12.2785,-161.977,3.84615e-05,0.624692
167,10020,5546,190,63.7824,177.014,3.84615e-05,0.624692
167,10020,7978,196,-26.6245,14.2775,3.84615e-05,0.624692
167,10020,2833,197,8.66293,30.7224,3.84615e-05,0.624692
168,10080,2835,0,67.3509,165.695,3.84615e-05,0.630423
168,10080,4160,13,19.116,75.7143,3.84615e-05,0.630423
168,10080,2882,14,42.3896,106.414,3.84615e-05,0.630423
168,10080,7536,18,-17.2445,-105.427,3.84615e-05,0.630423
168,10080,7480,20,73.5954,-142.189,3.84615e-05,0.630423
168,10080,5878,21,39.5263,-111.013,3.84615e-05,0.630423
168,10080,2804,25,-75.6088,53.9173,3.84615e-05,0.630423
168,10080,4524,28,29.2647,83.5536,3.84615e-05,0.630423
168,10080,6061,36,-80.1835,-121.732,3.84615e-05,0.630423
168,10080,5823,39,13.2305,101.509,3.84615e-05,0.630423
168,10080,3780,43,36.2285,-105.506,3.84615e-05,0.630423
168,10080,7287,44,17.5838,-71.5756,3.84615e-05,0.630423
168,10080,5723,52,-20.0776,124.906,3.84615e-05,0.630423
168,10080,7197,53,9.59959,147.304,3.84615e-05,0.630423
168,10080,5722,65,-24.7682,139.207,3.84615e-05,0.630423
168,10080,5649,74,-72.4628,78.494,3.84615e-05,0.630423
168,10080,5867,79,65.5469,-102.102,3.84615e-05,0.630423
168,10080,180,86,51.9941,-123.429,0.000384615,0.630423
168,10080,1020,86,52.3785,-123.306,0.000384615,0.630423
168,10080,1100,86,51.5571,-123.373,0.000384615,0.630423
168,10080,1980,86,51.7578,-123.597,0.000384615,0.630423
168,10080,4119,89,7.40437,7.84056,3.84615e-05,0.630423
168,10080,6495,93,39.8255,-89.1511,3.84615e-05,0.630423
168,10080,3875,95,21.8491,-0.227768,3.84615e-05,0.630423
168,10080,3785,104,62.0372,36.9927,3.84615e-05,0.630423
168,10080,2490,105,23.3338,42.4231,3.84615e-05,0.630423
168,10080,6029,105,23.2721,42.6277,3.84615e-05,0.630423
168,10080,4010,108,-80.8779,88.5511,3.84615e-05,0.630423
168,10080,4951,116,30.5073,32.4575,3.84615e-05,0.630423
168,10080,5989,121,-72.0889,89.8544,3.84615e-05,0.630423
168,10080,4240,125,34.2287,-97.1972,3.84615e-05,0.630423
168,10080,4842,126,71.1718,-85.8364,3.84615e-05,0.630423
168,10080,4427,127,70.5715,68.8576,3.84615e-05,0.630423
168,10080,6215,130,48.1026,55.89,3.84615e-05,0.630423
168,10080,4132,131,19.233,82.8828,3.84615e-05,0.630423
168,10080,3646,137,7.12955,-72.413,3.84615e-05,0.630423
168,10080,1464,139,50.2842,-3.50371,0.000384615,0.630423
168,10080,4653,141,78.9164,-64.0972,3.84615e-05,0.630423
168,10080,5485,142,63.8056,101.769,3.84615e-05,0.630423
168,10080,3144,146,-78.5872,117.767,3.84615e-05,0.630423
168,10080,4109,148,-28.3647,-69.0223,3.84615e-05,0.630423
168,10080,3839,149,8.23578,-64.2958,3.84615e-05,0.630423
168,10080,5922,149,8.09276,-64.4523,3.84615e-05,0.630423
168,10080,3833,153,-5.97961,-46.043,3.84615e-05,0.630423
168,10080,5437,157,31.5202,108.03,3.84615e-05,0.630423
168,10080,4896,164,-20.405,-52.3649,3.84615e-05,0.630423
168,10080,5324,166,32.0693,2.00174,3.84615e-05,0.630423
168,10080,3424,174,11.2203,-4.91658,3.84615e-05,0.630423
168,10080,104,175,47.1336,-3.55659,0.000384615,0.630423
168,10080,864,175,47.4481,-2.68867,0.000384615,0.630423
168,10080,944,175,47.1413,-3.1759,0.000384615,0.630423
168,10080,1024,175,46.8596,-3.00194,0.000384615,0.630423
168,10080,1744,175,47.4097,-2.73611,0.000384615,0.630423
168,10080,6021,177,64.5584,165.374,3.84615e-05,0.630423
168,10080,4825,184,15.0753,14.2602,3.84615e-05,0.630423
168,10080,6135,185,45.1002,41.8455,3.84615e-05,0.630423
168,10080,4256,196,-25.8267,22.8739,3.84615e-05,0.630423
168,10080,5176,198,40.343,47.2412,3.84615e-05,0.630423
168,10080,5453,199,73.6689,83.2197,3.84615e-05,0.630423
169,10140,5967,0,66.3952,176.217,3.84615e-05,0.634154
169,10140,5229,8,33.6672,58.277,3.84615e-05,0.634154
169,10140,6523,11,-32.8568,26.1809,3.84615e-05,0.634154
169,10140,3850,13,19.9703,78.331,3.84615e-05,0.634154
169,10140,7110,20,70.9422,-136.119,3.84615e-05,0.634154
169,10140,6194,25,-70.3966,44.2229,3.84615e-05,0.634154
169,10140,3278,28,34.6543,84.1568,3.84615e-05,0.634154
169,10140,6747,39,13.0757,100.576,3.84615e-05,0.634154
169,10140,5696,45,-15.3079,-46.7491,3.84615e-05,0.634154
169,10140,6590,52,-16.6871,127.349,3.84615e-05,0.634154
169,10140,7414,57,14.9461,-54.361,3.84615e-05,0.634154
169,10140,4606,65,-18.3264,135.796,3.84615e-05,0.634154
169,10140,260,68,52.5762,-123.557,0.000384615,0.634154
169,10140,860,68,52.7111,-123.899,0.000384615,0.634154
169,10140,4044,71,17.0773,-10.6738,3.84615e-05,0.634154
169,10140,6705,74,-70.8708,77.4457,3.84615e-05,0.634154
169,10140,7001,79,71.6779,-99.2836,3.84615e-05,0.634154
169,10140,6237,80,-27.2814,30.2083,3.84615e-05,0.634154
169,10140,1620,86,52.7574,-119.458,0.000384615,0.634154
169,10140,6067,89,3.43253,11.5945,3.84615e-05,0.634154
169,10140,3490,104,58.371,46.7033,3.84615e-05,0.634154
169,10140,6505,104,58.5927,47.3016,3.84615e-05,0.634154
169,10140,7744,109,-56.7962,-144.158,3.84615e-05,0.634154
169,10140,824,115,48.6213,-2.49196,0.000384615,0.634154
169,10140,1144,115,48.6069,-2.26971,0.000384615,0.634154
169,10140,4624,116,29.4847,33.4217,3.84615e-05,0.634154
169,10140,3206,121,-76.6308,95.4915,3.84615e-05,0.634154
169,10140,4446,125,39.5784,-97.6331,3.84615e-05,0.634154
169,10140,5653,126,75.602,-81.7678,3.84615e-05,0.634154
169,10140,3643,127,67.1826,58.9497,3.84615e-05,0.634154
169,10140,4862,128,30.6473,74.3633,3.84615e-05,0.634154
169,10140,6914,131,19.2851,87.6516,3.84615e-05,0.634154
169,10140,6275,139,49.8948,4.27202,3.84615e-05,0.634154
169,10140,6431,142,62.4192,109.534,3.84615e-05,0.634154
169,10140,2541,143,23.6808,112.625,3.84615e-05,0.634154
169,10140,6324,146,-81.83,135.469,3.84615e-05,0.634154
169,10140,4339,148,-27.5821,-62.6005,3.84615e-05,0.634154
169,10140,6253,149,8.75667,-64.686,3.84615e-05,0.634154
169,10140,3190,158,-3.15968,134.153,3.84615e-05,0.634154
169,10140,6189,164,-18.6027,-45.4135,3.84615e-05,0.634154
169,10140,5622,166,28.7554,10.7016,3.84615e-05,0.634154
169,10140,5055,174,12.7862,-4.80739,3.84615e-05,0.634154
169,10140,824,175,48.6213,-2.49196,0.000384615,0.634154
169,10140,1144,175,48.6069,-2.26971,0.000384615,0.634154
169,10140,7873,179,-13.2203,167.807,3.84615e-05,0.634154
169,10140,7705,182,-41.5524,-21.0193,3.84615e-05,0.634154
169,10140,7987,183,-13.1193,4.71689,3.84615e-05,0.634154
169,10140,4242,184,17.083,21.1801,3.84615e-05,0.634154
169,10140,3471,185,50.1554,36.2472,3.84615e-05,0.634154
169,10140,7622,191,19.0021,-158.027,3.84615e-05,0.634154
169,10140,2153,196,-16.9081,17.6465,3.84615e-05,0.634154
169,10140,4669,197,11.4106,30.5797,3.84615e-05,0.634154
169,10140,5301,198,49.8364,43.5637,3.84615e-05,0.634154
169,10140,6689,199,67.5971,107.145,3.84615e-05,0.634154
170,10200,4334,7,2.05799,41.671,3.84615e-05,0.638615
170,10200,4026,9,69.992,76.4894,3.84615e-05,0.638615
170,10200,3680,13,23.4949,79.77,3.84615e-05,0.638615
170,10200,5152,21,32.6841,-105.581,3.84615e-05,0.638615
170,10200,7393,23,-36.9398,-88.1083,3.84615e-05,0.638615
170,10200,3152,28,34.6708,89.2938,3.84615e-05,0.638615
170,10200,3488,30,52.8671,95.4003,3.84615e-05,0.638615
170,10200,2905,39,20.7259,98.3569,3.84615e-05,0.638615
170,10200,6032,43,35.2143,-94.0946,3.84615e-05,0.638615
170,10200,5589,44,7.79053,-73.2066,3.84615e-05,0.638615
170,10200,6034,45,-18.4564,-43.1647,3.84615e-05,0.638615
170,10200,7633,52,-9.16839,121.945,3.84615e-05,0.638615
170,10200,4378,65,-17.547,144.499,3.84615e-05,0.638615
170,10200,7521,66,9.35896,163.847,3.84615e-05,0.638615
170,10200,620,68,52.442,-122.678,0.000384615,0.638615
170,10200,940,68,52.1358,-122.443,0.000384615,0.638615
170,10200,1220,68,52.0098,-122.21,0.000384615,0.638615
170,10200,1340,68,51.654,-122.559,0.000384615,0.638615
170,10200,5153,71,13.0182,-16.2554,3.84615e-05,0.638615
170,10200,3698,88,30.3588,-3.84776,3.84615e-05,0.638615
170,10200,6690,89,0.108528,11.483,3.84615e-05,0.638615
170,10200,3114,104,52.2076,38.0272,3.84615e-05,0.638615
170,10200,624,115,47.7674,-1.83768,0.000384615,0.638615
170,10200,1344,115,47.7486,-1.75281,0.000384615,0.638615
170,10200,1384,115,47.5184,-1.07188,0.000384615,0.638615
170,10200,1944,115,47.8516,-1.27386,0.000384615,0.638615
170,10200,3397,116,25.9861,38.8283,3.84615e-05,0.638615
170,10200,3835,121,-76.7347,92.3882,3.84615e-05,0.638615
170,10200,5312,126,79.0689,-88.9921,3.84615e-05,0.638615
170,10200,4123,127,63.5848,70.6218,3.84615e-05,0.638615
170,10200,7928,133,-38.5226,138.077,3.84615e-05,0.638615
170,10200,5629,137,11.0397,-69.4199,3.84615e-05,0.638615
170,10200,7005,139,57.4525,4.31636,3.84615e-05,0.638615
170,10200,3436,142,53.9616,104.646,3.84615e-05,0.638615
170,10200,7768,144,-12.9453,119.725,3.84615e-05,0.638615
170,10200,3768,152,-19.6681,-69.3873,3.84615e-05,0.638615
170,10200,6771,155,42.5026,24.6084,3.84615e-05,0.638615
170,10200,2167,157,23.5389,109.299,3.84615e-05,0.638615
170,10200,3008,164,-18.7428,-41.7764,3.84615e-05,0.638615
170,10200,4981,168,37.8693,99.3567,3.84615e-05,0.638615
170,10200,5572,171,-85.9556,-110.613,3.84615e-05,0.638615
170,10200,4631,174,18.8118,-5.74207,3.84615e-05,0.638615
170,10200,7490,177,54.1819,165.711,3.84615e-05,0.638615
170,10200,4356,196,-19.8559,23.0231,3.84615e-05,0.638615
171,10260,5109,7,4.86325,44.102,3.84615e-05,0.642231
171,10260,3893,13,24.0787,80.6894,3.84615e-05,0.642231
171,10260,4887,30,59.5104,98.3157,3.84615e-05,0.642231
171,10260,6871,33,12.1024,-78.5183,3.84615e-05,0.642231
171,10260,6133,36,-86.457,107.708,3.84615e-05,0.642231
171,10260,5500,43,35.125,-89.1989,3.84615e-05,0.642231
171,10260,3260,45,-19.9276,-41.9969,3.84615e-05,0.642231
171,10260,7453,49,-3.8429,110.513,3.84615e-05,0.642231
171,10260,700,55,52.4014,-120.877,0.000384615,0.642231
171,10260,1260,55,52.2918,-120.288,0.000384615,0.642231
171,10260,1940,55,52.712,-121.153,0.000384615,0.642231
171,10260,6223,71,8.3762,-11.392,3.84615e-05,0.642231
171,10260,6738,74,-68.7017,96.5958,3.84615e-05,0.642231
171,10260,5187,88,29.2637,-4.93079,3.84615e-05,0.642231
171,10260,7548,91,10.4937,-147.82,3.84615e-05,0.642231
171,10260,5715,92,34.5963,-116.124,3.84615e-05,0.642231
171,10260,4000,95,21.6377,9.62691,3.84615e-05,0.642231
171,10260,4424,96,-6.08987,33.7859,3.84615e-05,0.642231
171,10260,3319,104,50.795,35.4022,3.84615e-05,0.642231
171,10260,6214,115,43.8574,4.20285,3.84615e-05,0.642231
171,10260,3530,116,27.692,42.8592,3.84615e-05,0.642231
171,10260,4317,121,-77.9048,119.059,3.84615e-05,0.642231
171,10260,6795,125,46.9559,-91.249,3.84615e-05,0.642231
171,10260,6196,126,77.7441,-64.0715,3.84615e-05,0.642231
171,10260,4299,127,58.7619,66.5022,3.84615e-05,0.642231
171,10260,3893,128,24.0787,80.6894,3.84615e-05,0.642231
171,10260,4549,130,37.0343,61.0878,3.84615e-05,0.642231
171,10260,6727,137,19.9067,-70.5268,3.84615e-05,0.642231
171,10260,4601,142,54.7492,115.024,3.84615e-05,0.642231
171,10260,4522,152,-18.7989,-67.9614,3.84615e-05,0.642231
171,10260,4546,155,49.2771,27.1008,3.84615e-05,0.642231
171,10260,6641,164,-15.0868,-39.5149,3.84615e-05,0.642231
171,10260,6427,165,13.4633,-15.6686,3.84615e-05,0.642231
171,10260,4870,171,-85.9252,12.3452,3.84615e-05,0.642231
171,10260,5936,171,-86.0451,15.7448,3.84615e-05,0.642231
171,10260,6244,175,57.2553,-5.43503,3.84615e-05,0.642231
171,10260,4999,184,23.1034,21.9613,3.84615e-05,0.642231
171,10260,5,186,58.9863,123.26,0.000384615,0.642231
171,10260,205,186,58.9573,123.249,0.000384615,0.642231
171,10260,685,186,59.0126,122.656,0.000384615,0.642231
171,10260,3560,196,-11.1049,19.5622,3.84615e-05,0.642231
172,10320,4706,7,9.9003,43.5705,3.84615e-05,0.646885
172,10320,4554,8,40.7273,58.854,3.84615e-05,0.646885
172,10320,5963,13,27.0082,82.8694,3.84615e-05,0.646885
172,10320,5609,14,48.6746,120.35,3.84615e-05,0.646885
172,10320,5912,28,44.1869,94.0324,3.84615e-05,0.646885
172,10320,7822,29,75.6133,132.319,3.84615e-05,0.646885
172,10320,3977,36,-79.2736,112.689,3.84615e-05,0.646885
172,10320,5713,39,28.2,97.9534,3.84615e-05,0.646885
172,10320,5624,43,32.1947,-88.0348,3.84615e-05,0.646885
172,10320,5001,49,-1.31268,111.593,3.84615e-05,0.646885
172,10320,7316,52,-4.59142,132.889,3.84615e-05,0.646885
172,10320,100,55,50.8697,-120.824,0.000384615,0.646885
172,10320,340,55,50.8192,-121.368,0.000384615,0.646885
172,10320,1860,55,50.654,-120.904,0.000384615,0.646885
172,10320,6176,57,3.23277,-51.8957,3.84615e-05,0.646885
172,10320,6883,65,-10.0197,140.892,3.84615e-05,0.646885
172,10320,7493,70,36.3372,-29.8427,3.84615e-05,0.646885
172,10320,6300,75,-35.7184,148.994,3.84615e-05,0.646885
172,10320,6472,78,61.3458,-157.39,3.84615e-05,0.646885
172,10320,4566,86,61.6926,-96.6166,3.84615e-05,0.646885
172,10320,6185,89,-5.43255,14.9151,3.84615e-05,0.646885
172,10320,4717,92,37.5606,-115.987,3.84615e-05,0.646885
172,10320,5410,95,13.6747,7.75114,3.84615e-05,0.646885
172,10320,4254,96,-13.3347,33.5775,3.84615e-05,0.646885
172,10320,4392,102,61.1138,-138.404,3.84615e-05,0.646885
172,10320,5098,108,-79.9586,-131.458,3.84615e-05,0.646885
172,10320,6333,113,31.3908,-86.913,3.84615e-05,0.646885
172,10320,5338,116,21.1327,41.0979,3.84615e-05,0.646885
172,10320,4315,127,58.8715,62.8102,3.84615e-05,0.646885
172,10320,5247,139,49.0152,20.6192,3.84615e-05,0.646885
172,10320,5387,146,-82.2014,-98.165,3.84615e-05,0.646885
172,10320,4726,152,-21.3285,-61.5301,3.84615e-05,0.646885
172,10320,7893,155,42.9989,34.7013,3.84615e-05,0.646885
172,10320,6339,156,37.1743,81.4711,3.84615e-05,0.646885
172,10320,2933,158,-5.99475,142.235,3.84615e-05,0.646885
172,10320,6245,165,12.9509,-11.8305,3.84615e-05,0.646885
172,10320,4722,168,34.854,108.76,3.84615e-05,0.646885
172,10320,7513,169,11.3253,137.001,3.84615e-05,0.646885
172,10320,2187,171,-84.5637,12.5074,3.84615e-05,0.646885
172,10320,5204,174,22.5574,-11.3255,3.84615e-05,0.646885
172,10320,7461,175,59.3628,-4.10808,3.84615e-05,0.646885
172,10320,3038,184,30.1992,20.9462,3.84615e-05,0.646885
172,10320,325,186,57.7694,126.276,0.000384615,0.646885
172,10320,805,186,57.8367,127.218,0.000384615,0.646885
172,10320,1445,186,58.123,126.726,0.000384615,0.646885
172,10320,1645,186,57.4864,126.639,0.000384615,0.646885
172,10320,1765,186,58.0451,125.915,0.000384615,0.646885
172,10320,5141,186,57.9595,126.639,3.84615e-05,0.646885
172,10320,3817,196,-8.53721,27.3342,3.84615e-05,0.646885
173,10380,4940,6,-21.4221,33.9502,3.84615e-05,0.649115
173,10380,5095,7,10.322,49.5248,3.84615e-05,0.649115
173,10380,7520,9,76.574,100.595,3.84615e-05,0.649115
173,10380,4823,13,30.7469,86.4465,3.84615e-05,0.649115
173,10380,6442,21,23.3803,-106.088,3.84615e-05,0.649115
173,10380,5926,31,78.2372,-85.6012,3.84615e-05,0.649115
173,10380,5639,32,40.2185,-83.5672,3.84615e-05,0.649115
173,10380,7549,33,7.30426,-85.2508,3.84615e-05,0.649115
173,10380,4210,36,-77.3183,93.8169,3.84615e-05,0.649115
173,10380,7262,38,-3.14414,100.636,3.84615e-05,0.649115
173,10380,3348,39,32.4683,97.3087,3.84615e-05,0.649115
173,10380,1060,42,50.5213,-123.062,0.000384615,0.649115
173,10380,1180,42,50.2316,-122.934,0.000384615,0.649115
173,10380,5737,49,1.32812,113.009,3.84615e-05,0.649115
173,10380,5357,55,45.5004,-114.925,3.84615e-05,0.649115
173,10380,4854,57,-1.04959,-50.1535,3.84615e-05,0.649115
173,10380,7785,66,21.5352,172.057,3.84615e-05,0.649115
173,10380,7843,70,34.6108,-29.2643,3.84615e-05,0.649115
173,10380,5334,78,60.4851,-138.131,3.84615e-05,0.649115
173,10380,5890,92,37.2119,-113.987,3.84615e-05,0.649115
173,10380,5132,95,10.0843,12.4714,3.84615e-05,0.649115
173,10380,5984,102,63.0349,-125.369,3.84615e-05,0.649115
173,10380,6158,104,41.2446,47.1655,3.84615e-05,0.649115
173,10380,4193,105,6.6624,40.223,3.84615e-05,0.649115
173,10380,4101,108,-77.625,-140.805,3.84615e-05,0.649115
173,10380,7870,112,10.4098,-112.484,3.84615e-05,0.649115
173,10380,4789,113,38.9944,-85.5646,3.84615e-05,0.649115
173,10380,7102,121,-80.3394,166.889,3.84615e-05,0.649115
173,10380,6422,125,53.5713,-86.5584,3.84615e-05,0.649115
173,10380,4061,127,52.3102,69.6325,3.84615e-05,0.649115
173,10380,5992,132,-25.2768,115.59,3.84615e-05,0.649115
173,10380,4686,139,50.0317,26.3603,3.84615e-05,0.649115
173,10380,3952,148,-12.2779,-61.0182,3.84615e-05,0.649115
173,10380,3952,152,-12.2779,-61.0182,3.84615e-05,0.649115
173,10380,2256,165,19.9491,-14.3881,3.84615e-05,0.649115
173,10380,6363,166,37.0147,21.1367,3.84615e-05,0.649115
173,10380,6614,167,45.6191,68.4752,3.84615e-05,0.649115
173,10380,3183,183,-1.88284,9.28835,3.84615e-05,0.649115
173,10380,5808,184,29.4911,27.5744,3.84615e-05,0.649115
173,10380,5382,186,59.9275,130.591,3.84615e-05,0.649115
173,10380,3659,196,-4.37709,23.6812,3.84615e-05,0.649115
174,10440,5208,6,-16.4417,35.1632,3.84615e-05,0.650615
174,10440,5371,7,14.9148,45.1637,3.84615e-05,0.650615
174,10440,5826,13,34.726,90.4504,3.84615e-05,0.650615
174,10440,6267,24,-80.3107,-9.79718,3.84615e-05,0.650615
174,10440,4693,33,1.9186,-78.8081,3.84615e-05,0.650615
174,10440,5057,36,-72.5738,113.117,3.84615e-05,0.650615
174,10440,7665,38,-1.01466,96.5084,3.84615e-05,0.650615
174,10440,3228,39,34.7787,94.2593,3.84615e-05,0.650615
174,10440,1500,42,51.0178,-119.846,0.000384615,0.650615
174,10440,4950,49,4.28211,114.373,3.84615e-05,0.650615
174,10440,6791,55,44.505,-109.448,3.84615e-05,0.650615
174,10440,5164,57,-1.43709,-49.163,3.84615e-05,0.650615
174,10440,6616,68,49.543,-94.9961,3.84615e-05,0.650615
174,10440,3316,78,66.4216,-146.15,3.84615e-05,0.650615
174,10440,5663,88,15.0933,-1.6165,3.84615e-05,0.650615
174,10440,6455,92,35.5274,-104.621,3.84615e-05,0.650615
174,10440,6664,102,67.0757,-129.187,3.84615e-05,0.650615
174,10440,7466,135,-29.4787,-112.406,3.84615e-05,0.650615
174,10440,5002,139,47.7642,28.7067,3.84615e-05,0.650615
174,10440,5738,139,47.348,29.1178,3.84615e-05,0.650615
174,10440,4950,143,4.28211,114.373,3.84615e-05,0.650615
174,10440,3859,148,-3.92855,-66.5663,3.84615e-05,0.650615
174,10440,4241,152,-12.4501,-61.8728,3.84615e-05,0.650615
174,10440,5646,154,34.0095,-1.55495,3.84615e-05,0.650615
174,10440,7244,175,70.4654,-18.7936,3.84615e-05,0.650615
174,10440,6474,183,3.69865,12.2932,3.84615e-05,0.650615
174,10440,4164,184,36.2017,29.6545,3.84615e-05,0.650615
174,10440,4463,185,63.5546,68.6258,3.84615e-05,0.650615
174,10440,6138,186,58.058,137.118,3.84615e-05,0.650615
174,10440,3995,196,0.0879822,21.5053,3.84615e-05,0.650615
174,10440,4380,198,64.2508,55.5108,3.84615e-05,0.650615
175,10500,5779,6,-15.225,36.2793,3.84615e-05,0.651538
175,10500,4907,7,21.1485,47.0858,3.84615e-05,0.651538
175,10500,4322,13,36.4433,97.2337,3.84615e-05,0.651538
175,10500,5539,27,20.7875,81.42,3.84615e-05,0.651538
175,10500,7194,49,8.70607,118.956,3.84615e-05,0.651538
175,10500,3999,55,43.2256,-106.128,3.84615e-05,0.651538
175,10500,5847,57,-5.57056,-45.1824,3.84615e-05,0.651538
175,10500,6481,68,51.7969,-88.3806,3.84615e-05,0.651538
175,10500,6241,78,64.2386,-127.763,3.84615e-05,0.651538
175,10500,3628,88,12.8687,3.10736,3.84615e-05,0.651538
175,10500,3999,92,43.2256,-106.128,3.84615e-05,0.651538
175,10500,3369,95,6.21843,20.7722,3.84615e-05,0.651538
175,10500,4270,103,68.6813,33.1971,3.84615e-05,0.651538
175,10500,7780,115,38.6604,24.4167,3.84615e-05,0.651538
175,10500,6210,124,27.5625,-100.968,3.84615e-05,0.651538
175,10500,4694,139,53.7159,39.6521,3.84615e-05,0.651538
175,10500,5727,145,-70.2625,121.805,3.84615e-05,0.651538
175,10500,3926,152,-13.4386,-53.5348,3.84615e-05,0.651538
175,10500,2731,154,34.1498,2.8246,3.84615e-05,0.651538
175,10500,7348,158,-19.9543,148.764,3.84615e-05,0.651538
175,10500,6568,163,-26.1338,-59.9019,3.84615e-05,0.651538
175,10500,7312,175,71.8989,-18.1711,3.84615e-05,0.651538
175,10500,4396,183,6.39506,14.1681,3.84615e-05,0.651538
175,10500,5361,186,53.6885,142.728,3.84615e-05,0.651538
175,10500,3346,196,0.466003,29.0891,3.84615e-05,0.651538
176,10560,2962,6,-10.6541,36.6605,3.84615e-05,0.652731
176,10560,3753,6,-10.5555,37.2087,3.84615e-05,0.652731
176,10560,5084,6,-10.1124,36.4773,3.84615e-05,0.652731
176,10560,4881,7,25.8071,47.7306,3.84615e-05,0.652731
176,10560,6774,24,-77.5772,25.8852,3.84615e-05,0.652731
176,10560,4015,27,24.4844,79.9376,3.84615e-05,0.652731
176,10560,7575,32,29.8724,-83.9876,3.84615e-05,0.652731
176,10560,4817,44,-8.90028,-61.759,3.84615e-05,0.652731
176,10560,7256,49,7.23416,123.58,3.84615e-05,0.652731
176,10560,5400,51,-24.5896,118.101,3.84615e-05,0.652731
176,10560,7408,56,18.7281,-68.0279,3.84615e-05,0.652731
176,10560,4703,57,-4.52894,-40.1223,3.84615e-05,0.652731
176,10560,6010,64,-29.3598,132.51,3.84615e-05,0.652731
176,10560,6077,78,65.2493,-122.228,3.84615e-05,0.652731
176,10560,7679,83,-7.87173,-179.344,3.84615e-05,0.652731
176,10560,4920,88,9.60226,-1.75688,3.84615e-05,0.652731
176,10560,4762,103,65.2059,28.797,3.84615e-05,0.652731
176,10560,4774,107,-76.0549,40.0441,3.84615e-05,0.652731
176,10560,6266,115,39.7606,29.4785,3.84615e-05,0.652731
176,10560,3819,121,-75.3178,-142.523,3.84615e-05,0.652731
176,10560,5336,136,1.11789,-77.7732,3.84615e-05,0.652731
176,10560,6395,139,45.3984,39.0524,3.84615e-05,0.652731
176,10560,4530,140,74.5464,-55.6403,3.84615e-05,0.652731
176,10560,6322,141,68.7631,92.3772,3.84615e-05,0.652731
176,10560,6014,145,-70.3554,127.718,3.84615e-05,0.652731
176,10560,4977,152,-7.00249,-51.5116,3.84615e-05,0.652731
176,10560,6450,174,41.5133,-8.291,3.84615e-05,0.652731
176,10560,3989,176,66.7175,159.932,3.84615e-05,0.652731
176,10560,4858,183,10.4338,15.5821,3.84615e-05,0.652731
176,10560,5367,196,6.0461,23.6937,3.84615e-05,0.652731
176,10560,5668,196,6.09103,24.0185,3.84615e-05,0.652731
177,10620,6478,6,-7.24317,37.4266,3.84615e-05,0.654
177,10620,5321,24,-76.931,43.0254,3.84615e-05,0.654
177,10620,5034,27,27.0874,81.6839,3.84615e-05,0.654
177,10620,6240,64,-24.5423,134.602,3.84615e-05,0.654
177,10620,5964,78,64.4278,-114.624,3.84615e-05,0.654
177,10620,140,85,50.9877,-124.786,0.000384615,0.654
177,10620,5986,88,6.35027,0.00389099,3.84615e-05,0.654
177,10620,6476,94,29.9241,-1.05827,3.84615e-05,0.654
177,10620,4070,103,61.8781,32.5463,3.84615e-05,0.654
177,10620,4475,107,-82.2204,60.5551,3.84615e-05,0.654
177,10620,3347,120,-68.307,84.6432,3.84615e-05,0.654
177,10620,5780,124,34.1135,-95.3566,3.84615e-05,0.654
177,10620,6499,139,50.9582,48.8234,3.84615e-05,0.654
177,10620,6604,140,75.2773,-29.3423,3.84615e-05,0.654
177,10620,5584,141,64.6864,96.6435,3.84615e-05,0.654
177,10620,5849,142,29.3119,108.214,3.84615e-05,0.654
177,10620,3898,145,-76.2381,148.894,3.84615e-05,0.654
177,10620,4728,152,-7.11521,-48.6028,3.84615e-05,0.654
177,10620,3317,163,-21.4537,-56.6493,3.84615e-05,0.654
177,10620,5702,173,8.00517,-12.8972,3.84615e-05,0.654
177,10620,6734,174,41.8666,-6.59898,3.84615e-05,0.654
177,10620,6186,176,62.2524,162.25,3.84615e-05,0.654
177,10620,4389,183,15.9378,10.6793,3.84615e-05,0.654
177,10620,5396,197,37.6748,44.0193,3.84615e-05,0.654
178,10680,4165,6,-2.5843,38.1534,3.84615e-05,0.656231
178,10680,4309,7,31.2725,47.2064,3.84615e-05,0.656231
178,10680,3636,12,20.7718,74.5657,3.84615e-05,0.656231
178,10680,4750,20,40.0907,-103.892,3.84615e-05,0.656231
178,10680,4217,24,-71.8313,35.6562,3.84615e-05,0.656231
178,10680,4650,27,33.4768,82.8728,3.84615e-05,0.656231
178,10680,5990,31,56.8935,-74.8155,3.84615e-05,0.656231
178,10680,7648,38,15.1769,97.5743,3.84615e-05,0.656231
178,10680,4528,42,36.753,-108.848,3.84615e-05,0.656231
178,10680,7585,51,-13.6435,119.461,3.84615e-05,0.656231
178,10680,6717,64,-20.3347,133.77,3.84615e-05,0.656231
178,10680,6874,65,9.76074,157.425,3.84615e-05,0.656231
178,10680,7377,69,23.7976,-42.715,3.84615e-05,0.656231
178,10680,6437,70,17.4897,-14.6535,3.84615e-05,0.656231
178,10680,5308,73,-69.5166,80.6546,3.84615e-05,0.656231
178,10680,6131,78,67.2159,-106.026,3.84615e-05,0.656231
178,10680,300,85,52.9712,-123.314,0.000384615,0.656231
178,10680,1660,85,53.21,-123.236,0.000384615,0.656231
178,10680,6494,88,5.85609,5.03517,3.84615e-05,0.656231
178,10680,4771,94,25.9512,1.36862,3.84615e-05,0.656231
178,10680,3900,95,-0.496269,28.4331,3.84615e-05,0.656231
178,10680,2862,103,58.594,43.1975,3.84615e-05,0.656231
178,10680,4519,103,58.8942,42.9971,3.84615e-05,0.656231
178,10680,5293,107,-83.3035,46.9427,3.84615e-05,0.656231
178,10680,4616,115,31.8186,35.7595,3.84615e-05,0.656231
178,10680,6252,120,-68.9679,102.728,3.84615e-05,0.656231
178,10680,5827,124,38.3217,-101.02,3.84615e-05,0.656231
178,10680,5354,125,72.3082,-76.3529,3.84615e-05,0.656231
178,10680,6151,126,69.8104,70.7894,3.84615e-05,0.656231
178,10680,3573,136,6.93451,-74.1669,3.84615e-05,0.656231
178,10680,5219,141,59.4814,100.537,3.84615e-05,0.656231
178,10680,6453,155,42.8775,62.8084,3.84615e-05,0.656231
178,10680,3924,163,-19.7758,-54.0316,3.84615e-05,0.656231
178,10680,7995,164,3.08545,-22.4478,3.84615e-05,0.656231
178,10680,4460,165,32.8181,1.86353,3.84615e-05,0.656231
178,10680,3585,173,11.9198,-7.68201,3.84615e-05,0.656231
178,10680,7670,174,44.9506,-6.27441,3.84615e-05,0.656231
178,10680,5788,176,61.1036,161.279,3.84615e-05,0.656231
178,10680,5207,183,17.3026,17.3934,3.84615e-05,0.656231
178,10680,5482,195,-22.5362,21.8965,3.84615e-05,0.656231
179,10740,4830,6,-1.21064,38.4203,3.84615e-05,0.657115
179,10740,5647,6,-1.69844,37.7887,3.84615e-05,0.657115
179,10740,3935,7,35.7782,50.5681,3.84615e-05,0.657115
179,10740,4051,12,20.3624,76.2908,3.84615e-05,0.657115
179,10740,6741,24,-72.1175,51.8157,3.84615e-05,0.657115
179,10740,4901,27,32.4074,85.7883,3.84615e-05,0.657115
179,10740,5178,38,18.6942,95.5166,3.84615e-05,0.657115
179,10740,7268,51,-9.18645,120.135,3.84615e-05,0.657115
179,10740,4759,64,-17.9171,134.743,3.84615e-05,0.657115
179,10740,5760,70,14.7993,-14.5248,3.84615e-05,0.657115
179,10740,4676,88,-0.844406,9.43605,3.84615e-05,0.657115
179,10740,6146,94,23.962,2.84787,3.84615e-05,0.657115
179,10740,4219,115,27.3688,33.2327,3.84615e-05,0.657115
179,10740,4028,120,-75.9356,87.8219,3.84615e-05,0.657115
179,10740,6634,124,37.1852,-94.9076,3.84615e-05,0.657115
179,10740,7169,125,74.9852,-61.2318,3.84615e-05,0.657115
179,10740,5340,136,9.33354,-75.03,3.84615e-05,0.657115
179,10740,6959,138,56.2982,1.18575,3.84615e-05,0.657115
179,10740,4409,141,58.1059,113.564,3.84615e-05,0.657115
179,10740,3806,163,-16.453,-50.4041,3.84615e-05,0.657115
179,10740,4777,173,16.927,-8.30154,3.84615e-05,0.657115
179,10740,6000,183,17.6125,18.8714,3.84615e-05,0.657115
179,10740,3044,195,-17.9161,14.5239,3.84615e-05,0.657115
180,10800,6282,10,-28.0475,28.6672,3.84615e-05,0.658038
180,10800,4620,12,22.7598,78.0337,3.84615e-05,0.658038
180,10800,7162,16,4.27753,-120.239,3.84615e-05,0.658038
180,10800,6188,27,39.4449,82.2066,3.84615e-05,0.658038
180,10800,6709,29,68.6692,-115.679,3.84615e-05,0.658038
180,10800,3112,32,14.0956,-85.4406,3.84615e-05,0.658038
180,10800,3991,32,13.7298,-85.692,3.84615e-05,0.658038
180,10800,4025,38,22.7098,95.9277,3.84615e-05,0.658038
180,10800,6279,42,33.2353,-95.3797,3.84615e-05,0.658038
180,10800,5619,64,-18.1194,139.767,3.84615e-05,0.658038
180,10800,4401,94,16.5035,5.64011,3.84615e-05,0.658038
180,10800,7162,111,4.27753,-120.239,3.84615e-05,0.658038
180,10800,6519,114,45.3328,0.721664,3.84615e-05,0.658038
180,10800,3655,115,26.3496,39.8967,3.84615e-05,0.658038
180,10800,6202,120,-75.3151,117.005,3.84615e-05,0.658038
180,10800,7168,138,56.678,3.82755,3.84615e-05,0.658038
180,10800,3719,141,55.5433,100.483,3.84615e-05,0.658038
180,10800,4384,147,-19.1496,-62.9632,3.84615e-05,0.658038
180,10800,5319,149,54.7925,-66.136,3.84615e-05,0.658038
180,10800,5328,151,-24.1638,-69.3373,3.84615e-05,0.658038
180,10800,4852,163,-12.2719,-46.3905,3.84615e-05,0.658038
180,10800,6003,167,38.6151,100.755,3.84615e-05,0.658038
180,10800,5372,173,20.571,-9.98416,3.84615e-05,0.658038
180,10800,5073,183,21.985,21.1522,3.84615e-05,0.658038
180,10800,4202,195,-18.2229,20.9344,3.84615e-05,0.658038
