step,time_s,satellite,az_deg,el_deg,boresight_lat_deg,boresight_lon_deg,corner1_lat_deg,corner1_lon_deg,corner2_lat_deg,corner2_lon_deg,corner3_lat_deg,corner3_lon_deg,corner4_lat_deg,corner4_lon_deg,targets_hit
1,60,1,-29.4144,-10.0746,-49.1367,-69.1138,-48.4027,-68.752,-49.0091,-70.0553,-49.7858,-69.4578,-49.2476,-68.0893,3
1,60,2,27.7267,2.78868,-77.6369,-0.376939,-77.1692,-2.36132,-78.1657,-2.39289,-78.1322,1.9787,-77.1415,1.35616,1
1,60,4,-32.7089,-21.8043,-18.6773,78.2004,-19.2087,77.321,-19.2274,78.6035,-18.2437,78.9528,-18.117,77.7358,1
1,60,8,-31.3703,20.8502,50.1569,-105.982,50.7254,-105.356,50.5316,-107.089,49.5971,-106.508,49.6837,-104.728,2
1,60,9,-34.0373,3.79084,17.7307,-93.5833,18.3349,-93.0777,18.0335,-94.2686,17.1819,-94.0257,17.3844,-92.8104,1
1,60,13,36.0416,-6.78943,43.5194,-141.465,44.113,-141.743,43.1085,-142.363,42.8508,-141.178,43.875,-140.675,1
1,60,14,33.4863,17.4641,23.4762,-101.343,24.1772,-101.385,23.3325,-102.019,22.6615,-101.275,23.5792,-100.71,3
1,60,15,33.189,-9.30933,-0.800271,-78.0754,-0.224762,-77.9493,-0.767987,-78.8077,-1.42755,-78.2296,-0.821485,-77.4314,1
1,60,16,27.8025,17.1352,-29.0966,-50.5798,-28.4728,-50.615,-29.1764,-51.2298,-29.8031,-50.5196,-29.0415,-49.9594,2
1,60,18,-34.1483,-18.23,-44.092,37.015,-43.7179,35.9683,-44.6519,36.7258,-44.4188,37.9097,-43.4751,37.2793,1
1,60,19,-37.0279,-9.09266,-25.022,76.0559,-24.9234,75.1652,-25.6537,76.1374,-25.109,76.8246,-24.3172,75.9456,1
1,60,20,40.3748,0.631893,-6.53755,-59.6054,-6.04356,-59.1125,-6.18725,-60.3288,-7.10671,-60.1823,-6.8446,-58.9825,2
1,60,23,35.8207,-20.396,-67.5602,108.964,-67.7441,107.472,-68.3608,109.958,-67.3809,110.588,-66.889,108.136,1
1,60,24,-16.2895,-12.4436,-30.4119,116.136,-30.7231,115.628,-30.806,116.445,-30.1295,116.611,-30.0169,115.81,1
1,60,28,35.9024,-10.681,63.8592,-85.1772,64.402,-84.5997,64.0234,-86.8972,63.2632,-85.8309,63.7087,-83.7015,2
1,60,32,30.3569,20.1999,-27.1094,-43.1773,-26.6475,-42.6351,-26.7236,-43.677,-27.656,-43.7935,-27.4956,-42.7236,1
1,60,33,-30.466,19.4911,-63.2865,-37.9123,-62.9395,-36.856,-62.7869,-38.8782,-63.6306,-38.8955,-63.8683,-36.7891,1
1,60,35,38.9361,-12.2993,-47.5477,150.191,-47.9777,149.467,-48.0398,151.283,-47.0777,151.017,-47.131,149.274,2
1,60,38,8.94787,-18.6426,59.6522,138.096,59.2632,137.504,59.264,138.825,60.0188,138.72,59.9988,137.378,2
1,60,39,38.5668,12.4994,81.2877,-45.7918,81.8316,-42.3507,81.5662,-50.2655,80.6048,-49.2683,80.9784,-42.1279,1
1,60,40,32.0254,14.2147,45.1552,-82.8933,45.7892,-83.2837,44.7968,-83.6638,44.4322,-82.4374,45.4628,-82.1543,2
1,60,42,-23.6522,-24.3097,3.57769,-20.6148,4.34239,-20.6282,3.64291,-21.1821,2.90951,-20.6265,3.5475,-20.0379,1
1,60,45,-35.21,-16.3283,-45.8785,92.4214,-45.4853,91.2797,-46.4864,92.1413,-46.2184,93.3988,-45.2042,92.6774,1
1,60,46,27.8267,-7.6317,-30.2004,136.6,-30.1639,135.942,-30.8708,136.642,-30.2484,137.307,-29.5961,136.557,2
1,60,47,-23.3595,-20.7169,-0.551489,156.191,-0.711099,155.492,-1.10132,156.274,-0.429174,156.814,0.00560209,156.077,1
1,60,49,32.9633,9.62641,45.7087,-135.79,46.0218,-136.65,45.0604,-136.055,45.3521,-134.817,46.2953,-135.52,1
1,60,51,34.2154,-15.4745,23.5155,-157.044,23.6125,-157.748,22.623,-157.057,23.376,-156.282,24.2817,-157.048,1
1,60,52,37.7598,-9.46894,43.9079,-119.876,44.3061,-120.691,43.0432,-120.311,43.4347,-118.989,44.6486,-119.503,2
1,60,53,-27.8873,-21.3711,51.7132,-67.1497,52.4235,-67.8515,51.4153,-67.9966,51.0832,-66.5878,52.048,-66.2861,2
1,60,54,-37.1194,-16.4384,31.8012,-25.2864,32.7896,-25.2681,31.6862,-26.0877,30.9689,-25.3195,31.9582,-24.4049,1
1,60,57,-11.6642,-24.1851,-46.2398,56.8339,-45.6657,56.364,-46.405,56.0395,-46.7707,57.2377,-46.046,57.5856,1
1,60,59,-34.05,-7.54984,-25.6464,149.479,-25.5822,148.584,-26.2992,149.569,-25.7033,150.263,-24.926,149.362,1
1,60,61,-37.7491,12.6823,-50.8448,115.257,-50.2933,114.532,-51.4545,114.585,-51.3195,115.948,-50.1306,116.039,1
1,60,62,-23.5096,-22.6474,-38.2306,157.997,-38.2609,157.098,-38.7676,157.958,-38.2189,158.789,-37.6835,157.997,1
1,60,63,-32.3995,22.973,-6.96452,-173.34,-6.95455,-173.968,-7.70058,-173.276,-6.93479,-172.747,-6.09489,-173.39,1
1,60,64,-34.7504,-18.3373,18.9873,-155.157,18.8114,-156.047,18.4119,-154.96,19.1174,-154.394,19.6003,-155.406,1
1,60,65,25.8971,1.06264,42.7247,-119.185,42.8455,-119.907,42.1455,-119.266,42.5878,-118.406,43.2607,-119.105,1
1,60,66,23.5315,-5.35979,52.7574,-67.4182,53.1779,-67.9231,52.378,-68.1451,52.3042,-66.9031,53.1059,-66.7409,3
1,60,68,-34.1749,7.12806,12.0553,10.9124,12.6873,11.137,12.1232,10.2525,11.4799,10.7223,11.971,11.6621,2
1,60,69,-27.4085,-14.2312,-15.9556,30.1433,-15.2795,30.2126,-15.9304,29.5808,-16.556,30.0686,-15.9602,30.7388,2
1,60,73,6.62295,-23.563,-36.7739,-162.374,-37.0058,-163.014,-37.3693,-162.223,-36.5728,-161.752,-36.2294,-162.541,1
1,60,75,-35.1572,-15.01,32.0155,-137.522,31.6643,-138.486,31.4628,-137.118,32.2977,-136.685,32.6037,-138.001,1
1,60,76,30.7533,7.71372,59.9571,-95.9189,60.0789,-97.1982,59.2957,-95.9409,59.8121,-94.4913,60.5644,-95.8716,1
1,60,78,-22.474,-0.0219472,35.3935,20.4928,35.9371,20.7839,35.5642,19.8456,34.8842,20.2262,35.209,21.1828,1
1,60,79,-31.9852,-23.8417,4.92817,34.9816,5.82458,35.2696,5.12677,34.3825,4.17835,34.7162,4.76209,35.6255,3
1,60,80,-33.2897,-24.3869,-52.033,-179.042,-51.964,179.506,-52.6196,-179.109,-52.0998,-177.821,-51.4105,-179.044,1
1,60,83,-38.5872,12.7782,41.08,-107.745,41.1072,-108.7,40.3591,-107.513,41.0722,-106.894,41.9326,-108.01,1
1,60,85,36.3192,11.3445,49.5099,5.43734,50.1986,5.35873,49.2904,4.44933,48.7114,5.54142,49.6821,6.34366,2
1,60,86,39.4379,0.896876,22.7006,33.7672,23.3439,34.0395,22.7434,32.9156,21.9586,33.4515,22.6537,34.5061,1
1,60,87,37.2809,17.0975,-10.1565,52.5752,-9.43954,52.806,-10.1077,51.8804,-11.0111,52.3176,-10.2291,53.202,1
1,60,90,21.8536,-17.572,32.6496,-70.064,32.7666,-70.6752,32.0239,-70.269,32.5043,-69.4455,33.2161,-69.8955,1
1,60,92,-30.8213,-20.2048,41.0866,23.5861,41.8553,23.2348,40.8833,22.8637,40.4175,23.8588,41.3284,24.3389,2
1,60,97,27.0117,24.1563,-38.276,-151.665,-38.2043,-152.534,-38.8568,-151.734,-38.3246,-150.655,-37.7148,-151.553,1
1,60,98,34.9995,1.94995,-16.8702,-121.922,-16.8119,-122.599,-17.5769,-121.806,-16.9349,-121.157,-16.2393,-122.018,1
1,60,99,-35.2526,-17.3202,12.6,-103.604,12.5441,-104.5,11.9907,-103.481,12.6295,-102.84,13.2575,-103.771,1
1,60,100,-37.9086,9.30616,64.3032,-96.1177,63.8673,-97.5146,63.8345,-94.81,64.6939,-94.8633,64.8408,-97.6891,2
1,60,102,-29.7451,-22.2015,47.1321,88.7148,47.7766,89.4731,47.4996,88.0489,46.5869,88.0533,46.7724,89.4353,2
1,60,106,36.9945,-1.61416,-80.8677,-85.372,-81.3177,-88.5949,-81.2443,-80.9734,-80.3313,-82.0542,-80.4958,-88.9145,2
1,60,110,27.4451,-16.849,0.168745,-71.5085,0.141542,-72.0247,-0.495258,-71.4581,0.174249,-70.9654,0.754794,-71.5673,2
1,60,112,-23.7381,-7.61316,52.0289,-9.61834,52.2715,-10.4488,51.5704,-9.91289,51.7962,-8.86887,52.5162,-9.31524,1
1,60,114,18.1789,-19.6499,25.4715,81.8186,25.9587,81.8333,25.5471,81.1744,24.9822,81.7791,25.4171,82.4034,1
1,60,115,38.9932,-3.42926,-4.83368,104.352,-4.21675,104.546,-4.82468,103.573,-5.53505,104.121,-4.84113,105.026,1
1,60,116,-34.3228,-11.4994,-27.4158,133.626,-26.6812,133.637,-27.504,132.991,-28.0554,133.606,-27.2968,134.318,1
1,60,118,35.6621,11.9565,-50.0633,-127.586,-49.8489,-128.56,-50.7067,-127.676,-50.2908,-126.443,-49.4825,-127.477,1
1,60,120,-33.9358,3.18264,-49.2219,-69.1525,-49.5196,-70.2136,-49.7764,-68.5043,-48.9392,-68.2175,-48.5915,-69.8673,2
1,60,121,-19.3078,-19.7337,-16.36,-60.3129,-16.8433,-60.8368,-16.8057,-59.9436,-15.9383,-59.8299,-15.9266,-60.7061,1
1,60,122,-27.4948,18.3696,23.4889,-57.0623,23.1477,-57.6419,22.9311,-56.6037,23.8367,-56.5239,24.1355,-57.5718,1
1,60,124,37.66,-10.6393,79.6954,44.9808,80.3501,43.3396,79.1089,40.962,78.9429,46.4705,80.1594,48.7412,1
1,60,125,-35.5269,-7.48737,51.6072,122.031,52.2158,123.001,51.9604,121.079,51.0747,121.201,51.2189,123.089,2
1,60,127,-9.72803,-18.3822,-19.3666,126.434,-18.8589,126.785,-19.0052,125.993,-19.8279,126.09,-19.7043,126.883,2
1,60,129,-33.5021,-21.4072,-80.4604,-141.726,-79.8645,-146.239,-81.0097,-143.99,-80.9316,-137.551,-79.8369,-139.792,1
1,60,132,-39.8595,-5.26772,-47.9925,-110.769,-47.4159,-111.87,-48.7001,-111.154,-48.4764,-109.813,-47.1726,-110.363,1
1,60,134,-32.9952,-23.1618,-4.56703,-46.2411,-4.80604,-47.1862,-5.19029,-46.0711,-4.38754,-45.4402,-3.91868,-46.4657,1
1,60,135,39.6606,6.93744,21.9701,-15.2797,22.0103,-16.1483,21.1507,-15.0339,21.9207,-14.2591,22.6904,-15.4791,1
1,60,136,28.3226,14.83,46.052,18.8836,46.2608,17.9631,45.4347,18.702,45.8217,19.924,46.6286,19.091,2
1,60,137,39.516,7.94962,47.6231,71.5413,48.3666,71.061,47.06,70.6169,46.7474,72.0964,48.0962,72.3857,3
1,60,138,-34.732,18.7698,33.2594,118.828,33.9464,119.057,33.3234,117.872,32.6176,118.661,33.153,119.952,3
1,60,144,33.6172,-2.23694,-78.704,-23.9387,-79.0661,-26.8683,-79.2203,-20.9426,-78.2745,-20.8671,-78.2212,-26.3736,2
1,60,145,-36.3857,-1.13952,-41.9219,-29.7901,-42.3096,-30.7713,-42.4389,-29.1235,-41.5718,-28.941,-41.336,-30.5404,1
1,60,147,-29.0708,10.6962,30.8066,-21.506,30.4369,-22.1325,30.318,-20.9808,31.1621,-20.9299,31.3602,-22.0935,1
1,60,148,-29.9121,-21.5653,63.1431,-18.9983,62.489,-20.3007,62.7109,-18.0047,63.6799,-17.7971,63.5595,-20.1311,2
1,60,150,37.3035,4.31597,-18.9172,-15.8584,-18.8401,-16.5977,-19.6655,-15.719,-19.0015,-15.0072,-18.254,-15.9698,1
1,60,151,-29.5738,-6.51087,10.7794,3.82672,10.7927,3.13704,10.2075,3.89727,10.7617,4.44592,11.3984,3.73854,1
1,60,152,17.763,16.776,32.6566,38.2375,32.7421,37.5831,32.1375,38.1394,32.5756,38.9554,33.1653,38.359,1
1,60,153,26.8323,-4.57455,43.6907,79.6797,44.0752,79.1217,43.1856,79.1578,43.2682,80.265,44.1508,80.1602,1
1,60,154,32.9951,1.03212,35.5702,126.569,36.1842,126.406,35.283,125.796,34.8833,126.745,35.8198,127.27,1
1,60,156,-19.8121,-15.7588,-7.00614,-173.431,-6.38537,-173.463,-7.0123,-173.957,-7.57148,-173.416,-6.97941,-172.893,1
1,60,158,33.8681,-18.035,-49.3176,-103.51,-48.7792,-103.957,-49.8012,-104.609,-49.9131,-103.06,-48.8825,-102.601,1
1,60,160,19.4089,-12.1529,-49.1933,-69.2014,-48.8358,-69.7837,-49.6326,-69.8376,-49.5699,-68.6083,-48.7791,-68.6385,2
1,60,162,-31.3139,16.9118,-6.38249,5.28588,-6.29625,4.64942,-7.08046,5.29174,-6.43554,5.88396,-5.57859,5.29724,1
1,60,163,-29.9248,-8.36656,17.9386,28.3391,17.9438,27.5988,17.3578,28.4159,17.9251,28.9999,18.5654,28.2405,2
1,60,164,-37.7718,2.50398,42.6169,61.0226,42.926,60.0315,41.9082,60.9097,42.3461,61.8894,43.4317,61.1529,2
1,60,165,-28.973,22.3212,49.8643,116.338,50.3987,115.87,49.478,115.414,49.3681,116.826,50.2816,117.45,1
1,60,166,30.1654,-24.2892,33.0885,152.626,33.6849,152.528,33.0083,151.578,32.4627,152.675,33.1735,153.516,1
1,60,168,38.0161,-4.34502,-18.9477,-152.22,-18.2672,-152.084,-19.0213,-153.105,-19.7186,-152.389,-18.8802,-151.455,1
1,60,169,20.392,-19.3747,-39.7264,-119.982,-39.1993,-120.134,-39.8141,-120.84,-40.2664,-119.858,-39.6245,-119.216,1
1,60,170,-37.6819,-15.3017,-45.3314,27.5128,-45.9449,26.4704,-45.7459,28.274,-44.817,28.3874,-44.8906,26.6511,1
1,60,171,-33.0054,-0.529241,-7.74124,30.0244,-8.18526,29.4563,-8.14773,30.5212,-7.34092,30.53,-7.29093,29.4686,2
1,60,173,32.0179,-20.9706,61.7833,40.5362,61.4542,39.4464,61.0479,41.549,62.0899,41.7599,62.3934,39.5967,1
1,60,174,39.0107,-7.39262,79.6152,-171.586,80.2139,-169.423,79.8129,-176.518,78.9278,-173.845,79.3926,-167.533,1
1,60,175,37.9935,-12.1658,44.9565,-152.502,45.376,-151.738,45.5261,-153.533,44.5014,-153.368,44.4732,-151.634,1
1,60,176,29.433,-6.10694,8.31055,-149.533,8.68832,-149.076,8.77062,-150.052,7.90843,-150.035,7.89946,-149.064,1
1,60,179,-27.3448,15.5492,-77.7976,19.9387,-78.0374,17.3015,-78.3483,21.561,-77.5278,22.2937,-77.158,18.3376,1
1,60,180,37.815,-5.61379,-40.0807,33.6079,-40.1337,32.7814,-40.8107,33.9635,-40.0265,34.542,-39.4483,33.3032,1
1,60,182,-32.1256,3.59828,28.0985,62.2166,27.9796,61.5189,27.554,62.4676,28.21,62.8495,28.707,61.9344,1
1,60,183,39.0144,-10.6072,51.7127,97.1691,51.8988,96.1743,50.861,97.111,51.4718,98.2704,52.4374,97.2077,2
1,60,186,28.0838,0.0295521,4.82604,-133.653,5.32121,-133.437,4.97883,-134.224,4.28658,-133.89,4.68356,-133.131,1
1,60,193,-31.8623,-15.3827,-34.8783,51.8527,-35.2007,50.8553,-35.4593,52.2287,-34.6061,52.7183,-34.2652,51.4219,1
1,60,195,24.8674,13.7464,33.8405,85.1502,33.5874,84.4168,33.2809,85.4952,34.131,85.9659,34.3825,84.8394,1
1,60,196,31.8402,-22.5037,60.0686,112.705,60.1464,111.376,59.0924,112.48,59.9266,114.088,60.8979,112.859,1
1,60,197,-12.312,-19.0626,67.4404,-156.589,68.081,-156.865,67.4186,-158.08,66.8475,-156.396,67.4726,-155.114,3
1,60,198,-24.2121,-10.3277,36.4865,-121.136,37.1271,-120.778,36.6945,-121.829,35.9083,-121.466,36.2781,-120.402,2
2,120,2,30.4397,21.712,-76.4416,25.7486,-76.2343,22.506,-77.1165,25.2966,-76.6033,29.6659,-75.8065,26.2976,4
2,120,3,35.7746,-13.6015,-50.7119,74.488,-50.8983,73.4196,-51.5605,75.1679,-50.5235,75.6712,-49.989,73.9089,1
2,120,4,38.2847,8.4565,-13.7076,87.978,-14.0611,87.211,-14.3295,88.5713,-13.2848,88.8709,-13.1442,87.4719,1
2,120,6,-28.1724,-1.08276,55.9773,105.108,55.7598,103.926,55.4103,105.6,56.1672,106.197,56.5918,104.548,2
2,120,8,22.1978,12.065,45.7131,-112.488,46.2988,-112.181,45.8753,-113.322,45.0644,-112.801,45.5355,-111.698,2
2,120,11,-37.9338,13.1782,32.466,131.149,32.6485,130.324,31.7198,131.159,32.3211,131.892,33.3444,131.153,1
2,120,12,32.623,18.789,44.9137,176.72,45.251,175.852,44.3291,176.411,44.5304,177.731,45.4471,177.054,1
2,120,14,40.1241,-5.33368,21.8829,-101.182,22.5681,-101.063,21.7507,-102.102,21.0987,-101.332,21.993,-100.395,1
2,120,15,-36.852,0.232924,-0.0297583,-70.0878,0.697653,-69.927,-0.0633909,-70.7443,-0.670975,-70.2249,0.012886,-69.3415,1
2,120,16,33.015,-19.3247,-29.6006,-51.2486,-29.0178,-51.1678,-29.5552,-52.2014,-30.2206,-51.3745,-29.6165,-50.4315,1
2,120,17,27.2119,-20.4743,-49.0941,-11.2273,-48.5845,-11.5304,-49.3389,-12.2866,-49.6336,-10.9495,-48.8548,-10.3197,1
2,120,22,14.9602,-20.6177,-76.9775,-17.8911,-76.4855,-17.7691,-76.8514,-20.378,-77.4641,-18.1261,-77.0538,-15.5753,2
2,120,23,32.9682,-12.9703,-62.9586,110.935,-63.1654,109.774,-63.5918,111.756,-62.7427,112.195,-62.4074,110.226,1
2,120,25,-26.2277,19.122,11.7155,122.754,11.4487,122.273,11.2094,123.084,11.9933,123.206,12.2986,122.395,3
2,120,29,36.7415,-3.90654,25.6031,-65.4362,26.0697,-64.9797,25.9345,-66.1719,25.0821,-65.9543,25.311,-64.7958,1
2,120,30,30.0171,18.3387,41.1443,-40.0921,41.6092,-39.4877,41.501,-40.711,40.5938,-40.7576,40.7838,-39.5363,1
2,120,33,33.0717,15.7599,-65.9839,-52.8527,-65.6274,-51.4622,-65.5133,-53.8484,-66.3933,-54.4871,-66.4292,-51.9447,1
2,120,34,-15.7969,-17.8853,-80.3708,149.574,-80.8567,147.698,-80.6583,152.015,-79.9252,151.212,-80.0818,147.198,1
2,120,35,23.0063,15.9696,-41.2208,146.221,-41.6671,145.761,-41.5203,146.802,-40.7139,146.708,-40.9127,145.68,2
2,120,37,-31.8599,16.2205,30.4759,136.061,30.0816,135.525,30.0442,136.636,30.8595,136.544,30.9817,135.405,1
2,120,39,-8.41549,17.6925,76.9318,-23.6849,77.1651,-21.8142,77.3726,-24.6985,76.6656,-25.4795,76.4501,-22.7392,1
2,120,40,18.0808,-16.0464,46.2919,-81.3229,46.7818,-81.6035,46.0956,-82.17,45.7862,-81.0696,46.4796,-80.5502,1
2,120,41,-29.2981,20.5007,25.3744,-38.4011,25.978,-38.2593,25.4602,-39.1723,24.7935,-38.4996,25.248,-37.5156,1
2,120,46,-29.8398,-17.8047,-24.4409,133.931,-24.4915,133.067,-25.0246,134.003,-24.4093,134.685,-23.826,133.824,1
2,120,50,-24.3793,-18.9837,2.71033,176.247,2.56148,175.518,2.13874,176.341,2.82381,176.898,3.29497,176.122,1
2,120,51,34.2179,-10.4476,26.5523,-153.873,26.6664,-154.596,25.7142,-153.868,26.4017,-153.084,27.2814,-153.887,1
2,120,52,38.1443,8.10811,45.6675,-112.302,46.1124,-113.233,44.8947,-112.653,45.1433,-111.228,46.344,-111.959,2
2,120,56,-17.1463,-17.9308,-27.579,24.1113,-26.9316,24.0406,-27.5828,23.4897,-28.1702,24.157,-27.5492,24.7369,1
2,120,58,-39.7069,-3.92489,-42.9645,116.474,-42.4975,115.383,-43.7059,116.257,-43.355,117.421,-42.1079,116.698,2
2,120,64,-25.498,20.8805,24.5752,-149.459,24.5591,-150.072,23.9478,-149.421,24.6173,-148.866,25.2896,-149.479,1
2,120,65,28.6332,22.0082,45.638,-112.24,45.7605,-113.189,45.0591,-112.35,45.5097,-111.143,46.1883,-112.086,2
2,120,66,21.6579,5.71006,52.1832,-59.8566,52.6305,-60.3093,51.8627,-60.5556,51.7011,-59.3722,52.4776,-59.177,1
2,120,68,21.913,-18.7233,7.97372,7.12107,8.48536,7.22043,8.13322,6.4869,7.45546,6.99583,7.84612,7.69304,1
2,120,69,-31.2285,14.6462,-20.885,34.5913,-20.2928,34.7582,-20.817,33.8983,-21.4411,34.4576,-20.9737,35.3823,1
2,120,76,-36.0042,-11.808,66.2624,-102.996,66.3125,-105.172,65.6037,-102.793,66.1853,-101.137,66.989,-103.295,1
2,120,77,20.8837,7.01705,59.2065,-12.204,59.7656,-12.2648,59.1273,-13.2959,58.603,-12.1286,59.2642,-11.1561,1
2,120,79,21.7824,21.5908,-5.04742,32.8587,-4.44401,33.0729,-4.8466,32.3211,-5.73472,32.6393,-5.27324,33.3781,3
2,120,81,-23.4182,14.0568,-19.4276,-141.985,-19.5156,-142.539,-19.9681,-141.847,-19.3246,-141.457,-18.8264,-142.123,1
2,120,83,-35.6536,10.6397,43.7191,-104.831,43.7366,-105.757,43.0582,-104.639,43.7144,-103.994,44.4836,-105.045,2
2,120,85,15.0042,-18.7104,50.6247,8.57857,51.1165,8.50586,50.6324,7.67667,50.1319,8.61741,50.6277,9.40513,2
2,120,90,-36.9003,9.4376,40.9257,-67.389,41.2201,-68.2658,40.2178,-67.5357,40.6728,-66.6022,41.7456,-67.2044,1
2,120,95,-39.9249,6.94448,-34.0313,117.42,-33.2308,117.367,-34.3112,116.566,-34.7299,117.486,-33.6986,118.417,1
2,120,98,-37.2996,11.8289,-8.33898,-123.987,-8.19016,-124.704,-9.07754,-123.942,-8.44998,-123.34,-7.47445,-124.029,1
2,120,100,-30.1524,5.25791,67.5814,-93.9937,67.1842,-95.2742,67.1737,-92.8238,67.9438,-92.7954,68.0276,-95.3376,1
2,120,102,-33.0783,19.5077,38.9295,89.1708,39.2995,89.8564,39.4596,88.5162,38.5549,88.5632,38.2903,89.9043,4
2,120,104,-40.3276,-2.78947,-30.3572,93.606,-29.7662,94.3529,-30.0012,92.874,-30.8615,92.9608,-30.7535,94.4647,1
2,120,105,-35.3436,13.5922,-67.6553,103.009,-67.1298,104.169,-67.3085,101.354,-68.1409,101.956,-68.0491,104.978,3
2,120,106,-35.9776,-13.5904,-76.8822,-121.236,-77.0938,-124.922,-77.4464,-119.93,-76.6715,-118.164,-76.264,-122.655,1
2,120,110,31.456,-6.08493,3.71329,-68.5007,3.70539,-69.0502,3.07545,-68.3847,3.71133,-67.8997,4.28225,-68.6081,1
2,120,111,-26.7019,24.2026,36.3741,-44.9399,36.441,-45.6085,35.7431,-45.0375,36.3389,-44.2846,37.0985,-44.7947,1
2,120,113,35.6082,9.09563,42.5853,52.0562,43.2138,51.8579,42.2878,51.2702,41.8642,52.2889,42.8355,52.7797,4
2,120,114,-26.8264,-4.57134,24.1807,88.4333,24.7585,88.511,24.1817,87.8701,23.6536,88.3601,24.1844,89.0392,1
2,120,115,-34.5302,-21.567,-2.16735,110.799,-1.31574,110.84,-2.17576,110.223,-2.88595,110.746,-2.12039,111.416,1
2,120,118,-37.395,12.6634,-42.1825,-127.622,-41.8551,-128.416,-42.8579,-127.849,-42.453,-126.89,-41.3946,-127.348,1
2,120,119,39.3337,-5.22196,-25.2502,-90.4079,-25.1901,-91.12,-26.0321,-90.2299,-25.3275,-89.596,-24.5781,-90.5608,1
2,120,121,19.685,-7.32181,-11.7531,-56.186,-12.0846,-56.6366,-12.2302,-55.7873,-11.4146,-55.7106,-11.3136,-56.5598,2
2,120,123,-36.9105,11.9477,62.5589,-54.1903,62.1908,-55.6754,61.9659,-53.0392,62.8967,-52.8521,63.2491,-55.5786,1
2,120,125,-26.2929,0.791094,46.8297,120.596,47.3012,121.251,47.1784,119.876,46.3891,120.005,46.4468,121.37,2
2,120,127,-31.7344,-0.0738941,-24.5224,129.487,-23.9862,130.028,-24.1792,128.874,-25.0059,128.999,-24.8971,130.174,2
2,120,130,-36.8395,-6.79149,-23.8451,165.658,-22.9877,165.776,-23.9282,164.904,-24.5867,165.551,-23.7308,166.503,1
2,120,133,31.2178,-10.7306,-32.6247,-61.5431,-32.5833,-62.2762,-33.3964,-61.4757,-32.684,-60.749,-31.9446,-61.6123,3
2,120,134,12.6051,-14.9721,-3.21927,-39.7948,-3.30808,-40.3203,-3.80854,-39.7406,-3.14742,-39.266,-2.6718,-39.8593,1
2,120,137,21.2804,17.693,48.3468,78.8843,48.9028,78.4749,48.0851,78.1194,47.7353,79.354,48.5757,79.6545,1
2,120,138,15.9459,12.7329,27.7533,116.329,28.312,116.338,27.7504,115.716,27.1511,116.334,27.7381,116.932,3
2,120,139,35.8253,12.4378,-1.99829,137.877,-1.24576,138.025,-2.03431,137.135,-2.87709,137.717,-1.98895,138.549,1
2,120,144,36.5034,-12.7494,-76.2485,-21.6045,-76.6128,-24.1074,-76.8943,-18.718,-75.8387,-18.9126,-75.6801,-23.8961,1
2,120,145,-34.5598,15.1965,-36.3912,-28.6274,-36.7006,-29.4445,-37.008,-28.0359,-36.0783,-27.9015,-35.6583,-29.289,2
2,120,151,-22.2493,23.273,15.0473,8.96239,15.0788,8.38668,14.4163,8.90155,15.047,9.53343,15.7601,9.05747,2
2,120,152,-39.0025,-4.98451,38.2582,35.8217,38.5044,34.7721,37.5605,35.8179,38.0381,36.7179,39.0545,35.8082,3
2,120,153,-30.8748,2.13014,49.3936,85.3922,49.8927,84.7359,48.9218,84.8079,48.9401,85.9835,49.9138,86.0532,2
2,120,155,-33.3379,-14.3429,17.2875,164.813,18.0939,164.807,17.202,164.184,16.5887,164.805,17.4035,165.493,1
2,120,157,36.6999,3.78742,-38.5225,-142.905,-37.834,-142.982,-38.7825,-143.805,-39.3108,-142.815,-38.2952,-142.109,1
2,120,158,-34.8257,-8.89377,-42.9414,-96.0034,-42.3349,-96.687,-43.4307,-96.5428,-43.4713,-95.403,-42.3863,-95.4349,1
2,120,160,-29.4772,-23.2093,-44.3877,-66.5385,-43.9303,-67.5365,-44.876,-67.0137,-44.7918,-65.6874,-43.8555,-66.0982,1
2,120,162,32.0743,19.5217,-7.62308,12.4476,-7.6864,11.7121,-8.25423,12.5905,-7.52629,13.3021,-7.02532,12.3462,1
2,120,165,-2.45783,22.2836,46.739,120.526,47.1555,120.065,46.4757,119.857,46.314,121.03,46.9946,121.261,2
2,120,171,29.6947,5.12696,-3.42683,36.001,-3.83855,35.5379,-3.82835,36.5071,-2.96656,36.5129,-3.05082,35.5422,2
2,120,172,-26.5612,-19.5047,30.0258,30.3182,29.4369,29.7731,29.6561,30.8215,30.5294,30.8187,30.3847,29.7692,1
2,120,173,-24.5739,11.2758,69.0619,27.2101,68.6479,26.0829,68.6787,28.472,69.4589,28.2898,69.4824,25.7838,1
2,120,175,-33.7597,-23.0928,42.5063,-142.396,43.2149,-141.511,42.9159,-143.054,41.9211,-143.146,42.1008,-141.664,1
2,120,176,-39.1478,-3.94998,4.40431,-142.697,4.93994,-142.001,4.81835,-143.288,3.94281,-143.294,3.94011,-142.013,1
2,120,177,20.7259,-20.8674,-29.9886,-148.959,-29.6069,-148.502,-29.4429,-149.446,-30.3521,-149.448,-30.4619,-148.503,1
2,120,179,-18.7124,-3.73695,-76.1592,25.1919,-76.4875,23.2387,-76.5603,26.6165,-75.8393,26.9502,-75.734,23.7668,2
2,120,180,-36.9351,8.37884,-31.8417,29.2137,-31.8527,28.4016,-32.4881,29.44,-31.8127,29.9383,-31.0924,28.9632,2
2,120,182,-29.3406,4.77531,31.4037,64.3739,31.2937,63.6969,30.8741,64.5984,31.509,64.9968,31.9905,64.1257,2
2,120,183,34.8984,15.2185,55.946,105.32,56.0988,104.125,55.3062,105.29,55.7684,106.704,56.5302,105.392,2
2,120,184,-7.98943,-18.7831,62.0516,171.488,62.5333,171.042,61.9244,170.491,61.5938,171.859,62.1869,172.46,1
2,120,187,-33.8266,19.8807,-29.9193,-108.893,-29.3545,-108.597,-29.7263,-109.676,-30.4564,-109.137,-30.1597,-107.977,1
2,120,190,26.5112,-19.9533,-35.8275,-101.046,-35.2813,-100.685,-35.4115,-101.925,-36.3767,-101.463,-36.1684,-100.257,1
2,120,191,38.1666,12.9151,-71.2984,-66.3373,-70.4349,-66.3114,-71.5087,-68.8705,-72.3215,-66.3274,-71.1102,-64.1054,2
2,120,194,-35.3726,16.5701,6.10361,66.936,5.90399,66.1927,5.36066,67.3226,6.31669,67.6054,6.98712,66.4964,1
2,120,195,-21.529,-15.8045,36.1573,79.8845,35.8232,79.1098,35.6327,80.2052,36.4408,80.5983,36.6859,79.524,1
2,120,196,25.5107,19.8346,66.0094,126.469,66.1296,124.743,65.3801,126.254,65.8719,128.422,66.6118,126.765,1
2,120,198,-39.9188,2.49956,32.3808,-116.791,33.1157,-116.111,32.6408,-117.724,31.7362,-117.36,32.0721,-115.706,1
2,120,199,35.8379,16.7519,-6.16191,-113.122,-5.40883,-112.73,-5.96486,-113.876,-7.06033,-113.57,-6.3731,-112.446,1
3,180,2,16.45,-18.8166,-75.2641,19.9775,-75.039,17.9179,-75.8581,18.6701,-75.4945,22.0669,-74.7093,21.0161,1
3,180,5,-34.8134,10.7472,26.963,90.3627,26.7112,89.5563,26.3118,90.8255,27.2067,91.0874,27.7189,89.8313,1
3,180,6,33.4697,-23.1468,53.8101,115.789,53.7384,114.645,52.7831,116,53.8248,117.017,54.6674,115.563,2
3,180,8,-22.7886,-4.47992,45.5105,-105.725,46.0883,-105.3,45.7293,-106.498,44.9765,-106.113,45.2797,-104.906,2
3,180,10,37.6465,-14.7428,1.57212,111.154,1.64652,110.52,0.686348,111.228,1.4601,111.855,2.3214,111.079,1
3,180,13,-39.0787,-6.38991,47.5229,-127.865,48.3485,-128.123,47.2031,-128.739,46.8137,-127.655,47.8925,-126.868,1
3,180,14,33.4005,-21.8408,21.1218,-99.1702,21.712,-99.0973,21.1832,-100.106,20.4973,-99.2888,21.086,-98.3765,1
3,180,17,-36.4593,12.8676,-45.1174,1.05166,-44.4777,0.682816,-45.5408,0.22961,-45.6847,1.42081,-44.6261,2.00568,1
3,180,18,-33.8845,22.8135,-39.6593,51.4646,-39.3438,50.7416,-40.3642,51.0921,-39.9156,52.1712,-38.8309,51.9271,1
3,180,24,-16.516,-24.0163,-24.0224,117.058,-24.4373,116.554,-24.4566,117.349,-23.6648,117.523,-23.6088,116.748,2
3,180,25,-36.7786,11.8837,15.1065,121.793,14.8301,121.155,14.5663,122.239,15.3717,122.36,15.7411,121.28,1
3,180,26,-33.3118,16.8175,50.9295,129.799,50.6858,128.907,50.3645,130.369,51.1726,130.617,51.5901,129.143,1
3,180,27,-36.8602,-10.6557,81.812,169.778,81.8437,164.187,81.2064,170.298,81.716,174.51,82.4828,168.948,1
3,180,28,30.553,-15.2812,57.6606,-77.9746,58.137,-77.4778,57.9453,-79.1968,57.1604,-78.5284,57.4131,-76.9088,2
3,180,32,39.8643,0.804403,-32.619,-45.6657,-32.2618,-44.9522,-32.0903,-46.3778,-33.0234,-46.5018,-33.0783,-45.0469,1
3,180,34,26.8472,12.5001,-73.1318,158.528,-73.6452,157.586,-73.3219,160.349,-72.549,159.479,-72.9227,156.867,3
3,180,36,-25.8877,-13.0771,-4.42355,138.797,-4.90686,138.378,-4.7458,139.209,-3.9966,139.181,-4.09795,138.352,1
3,180,38,-38.1998,3.48544,68.2731,123.493,67.6789,122.287,68.0202,125.194,68.7935,124.586,68.5423,121.486,2
3,180,39,-26.2476,18.02,72.6309,-22.2033,72.8269,-20.4653,73.1752,-23.1003,72.4072,-23.8009,72.0042,-21.3061,2
3,180,40,-6.12223,-23.354,46.946,-76.1363,47.478,-76.5141,46.8231,-76.9205,46.4433,-75.8239,47.0833,-75.391,2
3,180,45,18.2699,-23.6992,-48.014,104.416,-47.8596,103.624,-48.6331,103.964,-48.1917,105.194,-47.451,104.78,1
3,180,50,39.1545,-2.75901,2.75888,-175.392,2.80484,-176.142,1.88515,-175.173,2.69387,-174.53,3.51169,-175.578,1
3,180,52,33.5547,6.9023,47.1478,-107.777,47.569,-108.599,46.4911,-108.213,46.6663,-106.853,47.7348,-107.354,2
3,180,53,-21.9234,-23.1577,48.1293,-57.5027,48.8133,-57.9943,47.9476,-58.3307,47.5151,-57.1111,48.3391,-56.6783,1
3,180,56,-31.238,0.937209,-30.2377,29.7816,-29.532,29.8121,-30.3339,29.0441,-30.8761,29.7589,-30.1237,30.598,1
3,180,64,-28.0236,24.1838,28.0615,-147.046,28.0652,-147.705,27.3745,-147.037,28.0919,-146.409,28.8593,-147.027,1
3,180,66,28.3044,-10.6384,50.981,-56.8485,51.4777,-57.2144,50.6428,-57.7557,50.4421,-56.4884,51.2851,-56.0325,1
3,180,69,30.7897,20.4387,-27.9711,32.4245,-27.283,32.4697,-27.9966,31.7405,-28.7703,32.3962,-27.9755,33.0721,3
3,180,71,20.7801,-10.2796,-67.3058,87.8858,-66.7746,87.6472,-67.4216,86.3031,-67.8604,88.1095,-67.1769,89.3209,2
3,180,76,-33.0644,24.1961,70.4346,-84.9221,70.7621,-86.7061,69.6831,-85.8823,70.1494,-83.2249,71.3102,-83.6,1
3,180,78,-31.4229,2.17645,28.6796,24.7104,29.2804,25.0962,28.876,24.0192,28.1314,24.3705,28.4576,25.4769,1
3,180,79,32.0369,-11.0861,-5.82224,31.6404,-5.29679,31.9663,-5.51159,30.9214,-6.38273,31.2683,-6.08568,32.2764,2
3,180,83,-35.0012,17.9847,47.3311,-101.054,47.3881,-102.005,46.6163,-100.953,47.3014,-100.178,48.1717,-101.148,2
3,180,91,-17.1129,-19.3463,48.4887,-15.6234,48.9105,-16.3054,48.1509,-16.2152,48.0895,-15.0321,48.8421,-15.0446,1
3,180,95,-37.3177,-16.6685,-34.8958,118.133,-34.0114,117.804,-35.1898,117.43,-35.6452,118.398,-34.5363,118.885,1
3,180,99,-34.4723,-13.8245,18.2822,-98.3049,18.2708,-99.1647,17.6785,-98.1979,18.277,-97.5626,18.938,-98.449,3
3,180,101,35.5756,8.53819,71.234,67.7422,71.833,68.8476,71.4118,65.6084,70.5344,66.5711,71.0392,69.6112,2
3,180,102,32.3148,-9.958,37.9194,80.8536,38.3271,81.4057,38.3714,80.1044,37.4845,80.2434,37.5237,81.5119,2
3,180,106,21.8355,-7.77686,-73.9057,-95.1788,-74.2314,-96.6638,-74.338,-93.7022,-73.5612,-93.6584,-73.5028,-96.4889,1
3,180,112,-20.8192,-23.9482,53.4507,-0.285502,53.7216,-1.28426,53.0275,-0.754716,53.1853,0.572578,53.889,0.151319,2
3,180,113,38.0938,2.74561,40.723,55.2821,41.372,55.1775,40.432,54.4127,39.9772,55.3983,40.9666,56.0565,1
3,180,114,-16.8125,-24.3506,22.01,88.8659,22.6243,88.8245,22.0748,88.3282,21.4589,88.8798,21.9724,89.399,1
3,180,116,-32.2269,11.3748,-34.212,141.415,-33.6155,141.463,-34.2816,140.68,-34.762,141.389,-34.1376,142.25,3
3,180,120,-34.4793,-6.30846,-42.952,-67.7684,-43.3487,-68.7518,-43.4554,-67.1526,-42.6004,-66.914,-42.3982,-68.4562,1
3,180,126,-32.9362,-13.8617,9.03394,125.449,9.69608,125.998,9.3717,124.89,8.46701,124.966,8.68884,126.07,3
3,180,127,-26.0113,-16.4992,-26.6032,128.78,-25.9767,129.246,-26.2798,128.228,-27.1486,128.348,-26.917,129.377,1
3,180,129,-37.5696,14.6763,-73.8519,-95.5196,-73.735,-98.3135,-74.6803,-95.0814,-73.8954,-92.9765,-72.8674,-95.9321,1
3,180,135,33.1137,-21.7826,25.6591,-13.4911,25.7179,-14.2026,24.71,-13.5481,25.5499,-12.7388,26.4629,-13.4664,1
3,180,136,33.8321,18.1752,48.3078,29.7563,48.6535,28.7026,47.6381,29.4577,47.909,30.9868,48.9161,30.0872,2
3,180,137,-5.56524,-24.0753,50.8089,79.6336,51.3412,79.1417,50.6462,78.7614,50.3036,80.0441,50.9839,80.4578,2
3,180,139,29.3231,11.9178,-4.37586,140.441,-3.72012,140.553,-4.36188,139.794,-5.11725,140.326,-4.40709,141.043,1
3,180,143,38.9928,-0.735149,-73.0012,157.953,-72.5374,160.002,-72.4656,155.557,-73.5021,155.441,-73.4449,160.135,2
3,180,147,23.9159,-22.378,34.3003,-15.3514,33.9433,-15.9232,33.6294,-14.8606,34.633,-14.7392,34.8756,-15.8117,1
3,180,148,-39.8454,-5.02793,72.474,-22.5441,71.8729,-24.9538,72.0344,-20.4901,72.9618,-20.3612,72.9378,-25.0586,2
3,180,151,-27.5888,21.747,18.0755,11.0296,18.1486,10.412,17.399,10.9727,18.0359,11.6277,18.8516,11.1204,1
3,180,152,28.3842,-22.9821,33.6141,42.0848,33.7905,41.4229,32.855,41.7396,33.3923,42.7532,34.2756,42.3627,2
3,180,154,15.6905,-15.525,34.1933,133.569,34.6913,133.428,34.0964,132.871,33.6865,133.688,34.2929,134.21,2
3,180,162,38.9148,-9.58838,-7.85579,13.2674,-7.75135,12.5737,-8.76175,13.3753,-7.99476,14.0496,-7.08586,13.1693,1
3,180,163,-9.00747,-18.1068,21.2388,34.4711,21.1974,33.8645,20.7197,34.437,21.2586,35.0385,21.7494,34.4837,1
3,180,165,38.5965,9.68711,41.9565,122.893,42.639,122.411,41.4079,122.152,41.1568,123.456,42.4238,123.578,1
3,180,166,-3.91457,21.4261,28.471,165.757,28.9844,165.68,28.4615,165.155,27.9383,165.862,28.4557,166.398,2
3,180,171,14.1855,-22.8425,-2.36729,34.1407,-2.77242,33.7732,-2.88011,34.5315,-1.98833,34.522,-1.91638,33.7699,1
3,180,179,-36.989,3.37744,-71.3652,20.13,-71.6598,17.8661,-71.9101,21.5794,-71.0746,22.0586,-70.7277,18.5652,2
3,180,182,-37.5427,-13.3922,33.5911,64.1494,33.3597,63.1794,33.0432,64.4921,33.7717,64.9831,34.1875,63.7358,2
3,180,186,37.7428,-7.38579,-1.8377,-132.281,-1.29128,-131.968,-1.63058,-133.044,-2.44524,-132.646,-2.01205,-131.621,1
3,180,191,36.4781,-4.70199,-72.0803,-62.2997,-71.3496,-62.1879,-72.2411,-65.1398,-72.9037,-62.4843,-71.9064,-59.8741,1
3,180,195,-17.4964,-20.2453,39.0592,81.6391,38.7109,80.8507,38.5184,81.925,39.3509,82.3702,39.589,81.3148,1
3,180,197,-19.3799,-16.7797,62.2751,-143.645,62.9673,-143.532,62.3442,-144.883,61.6487,-143.778,62.2169,-142.383,1
3,180,198,-28.2389,-6.74312,29.2957,-117.965,29.9427,-117.566,29.5165,-118.637,28.7144,-118.325,29.0655,-117.237,1
4,240,3,-30.4645,-19.7111,-41.7073,67.9444,-42.089,66.8539,-42.2797,68.3429,-41.3884,68.885,-41.1175,67.4869,1
4,240,5,29.4103,-2.26742,27.0761,98.2252,26.8442,97.5552,26.4526,98.6317,27.32,98.9643,27.6395,97.8536,2
4,240,11,-25.988,-13.7774,34.604,136.125,34.6309,135.33,34.0729,136.123,34.5637,136.836,35.1626,136.104,2
4,240,15,33.5023,6.72593,-10.7105,-70.3968,-10.0811,-70.3041,-10.7586,-71.0643,-11.4241,-70.4974,-10.6772,-69.7912,1
4,240,20,29.8331,-12.0068,-16.3863,-57.3581,-15.9858,-56.9829,-15.9893,-57.9234,-16.8032,-57.776,-16.7291,-56.8488,1
4,240,22,-36.7496,18.337,-76.8939,38.1984,-76.359,36.4957,-77.4504,35.9914,-77.3507,39.9813,-76.2241,40.6465,1
4,240,24,1.86114,-24.2961,-20.4935,119.191,-20.84,118.774,-20.9665,119.454,-20.1836,119.598,-20.0624,118.926,1
4,240,37,-24.1876,-19.9889,34.6104,136.129,34.0548,135.665,34.2877,136.629,35.0909,136.562,34.9182,135.591,2
4,240,38,-10.5563,-21.9341,70.4347,130.151,69.9283,129.394,70.1207,131.324,70.8876,130.933,70.7143,128.931,2
4,240,40,32.3212,-17.2776,41.7391,-73.7954,42.3397,-73.9214,41.5362,-74.875,41.0897,-73.703,41.9217,-72.8633,1
4,240,42,-30.5988,22.962,-8.69696,-10.6047,-8.08514,-10.4433,-8.56207,-11.3459,-9.28884,-10.7208,-8.87879,-9.74104,1
4,240,43,24.1309,-17.25,-35.696,8.64713,-35.1447,8.65862,-35.6689,7.79461,-36.2662,8.60473,-35.6993,9.40876,1
4,240,46,-30.797,-15.1894,-18.6718,139.085,-18.7334,138.266,-19.2563,139.191,-18.6288,139.802,-18.0503,138.946,1
4,240,52,-30.6321,2.36453,54.2084,-104.843,54.6691,-105.729,53.6605,-105.411,53.7885,-104.048,54.8136,-104.196,1
4,240,54,-34.2809,19.1985,19.9456,-15.007,20.6237,-14.785,20.0424,-15.8548,19.3089,-15.174,19.8044,-14.0123,1
4,240,59,6.0435,-17.4647,-20.8975,159.815,-20.9594,159.239,-21.4713,159.805,-20.8544,160.379,-20.3567,159.807,1
4,240,63,33.2345,-20.6419,-5.08572,-165.037,-5.11293,-165.632,-5.93683,-164.95,-5.09253,-164.401,-4.36304,-165.131,1
4,240,67,-30.7409,-3.09409,32.2501,-7.02531,32.8989,-6.90549,32.2383,-7.70581,31.6657,-7.13261,32.2655,-6.27876,3
4,240,71,23.7967,-12.7211,-69.2719,95.4759,-68.7383,95.0464,-69.469,93.667,-69.8339,95.8979,-69.0669,97.0713,1
4,240,77,28.1549,18.4203,52.3548,-2.75536,53.0384,-2.71175,52.32,-3.76476,51.5735,-2.7713,52.3516,-1.79255,1
4,240,78,3.74871,20.6343,22.3203,23.2204,22.8295,23.4057,22.5384,22.7013,21.7717,23.0473,22.0707,23.749,2
4,240,80,38.7418,-10.5993,-48.3,-157.647,-48.2418,-158.615,-49.144,-157.426,-48.3778,-156.557,-47.5822,-157.841,1
4,240,83,-29.3506,-23.2122,46.5791,-100.932,46.3964,-102.05,46.0317,-100.786,46.7066,-99.9585,47.1409,-101.139,2
4,240,85,-28.729,22.2969,44.8923,23.9506,45.4456,24.1615,45.0254,23.0319,44.3529,23.7966,44.7064,24.9999,2
4,240,86,-38.9277,-6.49437,17.3608,45.8038,18.12,46.1406,17.4371,45.119,16.7096,45.5138,17.2863,46.583,2
4,240,92,-24.0275,1.1444,32.7248,36.2501,33.2986,36.2106,32.6344,35.6179,32.19,36.29,32.8191,36.9328,1
4,240,93,40.202,4.56287,3.16646,59.9106,3.90909,60.0271,3.02144,59.1023,2.2971,59.7748,3.28,60.6154,1
4,240,96,-39.7024,-1.42909,-42.2904,170.87,-41.6956,170.069,-42.9282,170.434,-42.7963,171.577,-41.5492,171.353,3
4,240,100,1.34278,-24.3113,72.1763,-84.7874,71.7932,-86.0875,71.6789,-83.9275,72.51,-83.4602,72.6252,-85.7035,2
4,240,101,36.8953,1.04935,68.3525,69.6389,68.9028,70.7332,68.5998,67.6712,67.7188,68.447,68.1105,71.3296,1
4,240,102,37.3201,-7.33049,33.8798,80.2746,34.3117,80.8796,34.3492,79.4486,33.4027,79.5882,33.4734,80.9837,2
4,240,109,-36.7563,-13.1151,37.2157,-96.0551,36.615,-96.8442,36.8427,-95.396,37.7167,-95.3615,37.6037,-96.8127,2
4,240,110,30.3941,-6.30567,9.76414,-64.3691,9.76057,-64.9158,9.13769,-64.269,9.75693,-63.7743,10.3252,-64.4632,1
4,240,113,-37.7738,0.329936,44.6611,64.5557,45.3876,64.5727,44.4902,63.6907,44.0239,64.5474,44.8522,65.548,1
4,240,121,29.4749,8.32658,-2.8182,-54.6531,-3.21618,-55.1812,-3.27668,-54.1699,-2.36655,-54.0671,-2.38411,-55.0899,2
4,240,123,-32.1749,24.2098,71.3375,-50.342,71.0209,-52.2375,70.6227,-49.0342,71.6612,-48.5534,72.19,-51.9442,2
4,240,124,23.1213,23.4829,71.0561,97.4212,71.7284,97.9414,71.2062,95.6145,70.282,96.9481,70.8568,99.1421,3
4,240,125,29.0882,-12.2026,40.0017,113.713,40.4638,114.235,40.4379,112.893,39.5181,113.141,39.6193,114.439,2
4,240,126,23.2508,-22.7638,5.57061,119.738,6.02726,120.119,6.13236,119.191,5.12991,119.326,5.0928,120.235,1
4,240,130,38.4784,-11.642,-34.4274,163.544,-33.7383,163.761,-34.4127,162.378,-35.1957,163.262,-34.4219,164.531,1
4,240,133,-33.1504,12.5389,-20.7225,-60.1513,-20.6498,-60.8913,-21.441,-60.0767,-20.7646,-59.4704,-19.8956,-60.2227,2
4,240,134,21.4519,-22.4248,1.59326,-35.6797,1.50643,-36.2483,0.855576,-35.6576,1.6485,-35.1016,2.24557,-35.7213,1
4,240,136,30.9288,-21.5734,48.443,28.2443,48.7785,27.4486,47.6869,27.5342,48.0505,29.0384,49.0977,28.841,2
4,240,137,20.0863,-20.0866,46.9443,83.4835,47.4768,83.2179,46.7821,82.4937,46.3966,83.7086,47.1013,84.3695,1
4,240,141,30.9888,-17.9632,-2.99841,155.639,-2.57355,156.102,-2.40224,155.021,-3.42652,155.123,-3.5012,156.185,1
4,240,143,32.5661,-14.1561,-75.2019,161.448,-74.7735,163.29,-74.6248,159.064,-75.6276,159.266,-75.6715,163.701,2
4,240,149,-18.9548,-3.0997,67.4092,153.041,67.864,154.037,67.7284,151.873,66.9777,152.135,67.0691,154.241,2
4,240,151,-26.3928,-1.02893,18.974,11.9756,19.0167,11.3303,18.4163,12.0085,18.9338,12.5691,19.5775,11.9362,3
4,240,152,-36.0515,-15.5121,41.3349,42.6215,41.5469,41.4753,40.6995,42.5523,41.1319,43.587,42.0358,42.6584,1
4,240,153,34.8557,19.7788,42.3517,98.0191,42.9513,97.3595,41.8406,97.4213,41.6521,98.8055,42.797,98.6149,2
4,240,154,-32.4972,-20.7219,36.3644,139.414,37.2038,139.147,36.189,138.698,35.6429,139.614,36.5821,140.167,1
4,240,159,-22.7461,24.2183,-29.3747,-39.7058,-29.2487,-40.3334,-29.9984,-39.9027,-29.463,-39.0745,-28.6707,-39.4558,1
4,240,162,31.9729,20.0643,-2.00486,17.0737,-2.07305,16.3413,-2.63483,17.2144,-1.90272,17.9258,-1.40694,16.9747,2
4,240,164,29.8073,-10.648,40.8363,76.2542,41.1315,75.5885,40.1789,75.8723,40.4993,76.9524,41.4229,76.589,3
4,240,165,34.0249,0.6296,41.9144,126.404,42.5114,126.061,41.4875,125.624,41.2417,126.778,42.2874,127.113,3
4,240,170,-29.8527,24.0996,-29.7136,29.1293,-30.073,28.5329,-30.3063,29.6622,-29.3333,29.6698,-28.9995,28.538,1
4,240,179,24.9916,-23.0767,-70.6819,39.2075,-71.1148,38.0547,-71.2314,40.8788,-70.2557,40.4135,-70.2055,37.7744,1
4,240,180,-32.9373,21.7499,-24.4149,34.4389,-24.4654,33.7722,-25.1091,34.6004,-24.3304,35.0599,-23.5944,34.2761,1
4,240,183,-23.3038,-18.4242,62.7145,106.806,62.8195,105.429,62.2178,106.57,62.5938,108.021,63.2298,107.007,2
4,240,192,24.892,-21.4713,-60.0916,40.8196,-60.1956,39.6006,-60.9052,41.0027,-60.0083,42.0747,-59.3811,40.6233,1
4,240,194,-31.373,-14.9034,9.4581,68.1262,9.04336,67.3611,8.92077,68.5004,9.80508,68.8006,10.0194,67.6987,1
4,240,196,27.5756,-16.2661,67.3713,134.03,67.6414,132.57,66.6387,133.192,67.0484,135.499,68.02,134.774,1
4,240,199,20.8889,-24.2711,-8.19054,-110.937,-7.64227,-110.664,-7.72865,-111.59,-8.72127,-111.245,-8.57534,-110.346,1
5,300,0,33.5715,-18.9496,-30.694,-88.782,-30.1596,-88.3062,-30.1721,-89.7209,-31.2435,-89.3365,-31.1163,-87.9636,1
5,300,6,-25.039,4.59383,66.225,116.614,66.1401,115.041,65.6244,116.971,66.2977,118.09,66.8801,116.212,3
5,300,7,31.2385,6.06361,65.7705,-142.162,66.46,-142.215,65.603,-143.85,64.9966,-142.096,65.8954,-140.597,3
5,300,22,-31.6122,7.50732,-77.037,49.7077,-76.6725,47.5699,-77.5743,48.539,-77.3453,51.7984,-76.4296,50.9351,2
5,300,26,-39.3897,-8.73709,55.9576,129.634,55.5405,128.333,55.4948,130.445,56.2973,130.77,56.4624,128.666,2
5,300,28,27.4258,-16.9019,50.7568,-73.4578,51.2045,-73.0222,51.092,-74.3908,50.2975,-73.9376,50.467,-72.6326,2
5,300,29,-32.7592,19.0335,13.2723,-56.7584,13.6903,-56.3077,13.6904,-57.3102,12.8608,-57.1564,12.7689,-56.131,1
5,300,34,-38.9677,-1.93895,-67.7312,136.935,-68.1766,135.181,-68.1396,138.361,-67.3286,138.396,-67.2549,135.347,1
5,300,35,39.4492,3.47941,-30.7897,146.629,-31.2706,146.028,-31.1596,147.424,-30.2285,147.319,-30.4547,145.945,1
5,300,43,21.4067,-24.0351,-37.5512,11.4546,-36.9913,11.403,-37.4917,10.5376,-38.1147,11.4641,-37.5747,12.2656,1
5,300,44,20.9154,-23.6595,-53.5429,58.9164,-53.1026,58.3415,-53.8944,57.8569,-54.0016,59.4605,-53.2052,59.8189,1
5,300,46,-25.1449,-12.0772,-15.9702,142.244,-16.0321,141.556,-16.5157,142.327,-15.9231,142.866,-15.3985,142.14,1
5,300,49,-36.6766,-0.701389,55.6302,-117.51,56.2094,-118.457,55.0519,-118.155,55.118,-116.697,56.2859,-116.764,1
5,300,52,29.9549,20.2284,48.5852,-95.047,49.0647,-95.9021,48.0528,-95.6085,48.0395,-94.054,49.067,-94.462,2
5,300,65,-37.7465,5.5892,55.7101,-103.675,56.1079,-104.791,55.0413,-104.02,55.36,-102.696,56.4805,-103.257,3
5,300,67,-25.9187,24.1772,26.9015,-2.99054,27.4543,-2.8585,27.0409,-3.71561,26.3541,-3.0797,26.7112,-2.16433,2
5,300,68,-25.4806,-22.7111,1.508,16.1236,2.24256,16.1646,1.58405,15.5826,0.867518,16.067,1.46273,16.6817,2
5,300,70,37.4564,14.9519,-48.9373,51.3146,-48.1714,51.7026,-48.8803,50.1642,-49.8467,50.8632,-49.0078,52.3479,1
5,300,71,-37.055,-7.90104,-64.6751,110.207,-63.9176,109.241,-65.1415,109.024,-65.3258,111.075,-64.1272,111.459,2
5,300,74,35.8181,13.1725,12.7936,-138.512,12.5222,-139.24,12.192,-138.09,13.1201,-137.667,13.351,-138.876,1
5,300,76,-30.2152,-13.0102,71.2748,-75.4818,71.618,-77.6241,70.7171,-76.1585,70.9428,-73.6756,71.8791,-74.7762,2
5,300,79,25.668,-24.266,-11.2862,34.0348,-10.7547,34.2958,-10.8541,33.3319,-11.8102,33.7321,-11.6388,34.6583,2
5,300,83,19.8406,-1.98628,48.0278,-90.5018,48.0572,-91.2377,47.4982,-90.5016,47.9883,-89.7267,48.5255,-90.5031,2
5,300,85,-36.3978,10.4842,43.2851,26.9295,43.9224,27.2684,43.3579,25.9912,42.705,26.6536,43.1821,28.0119,2
5,300,86,32.6934,6.59724,9.56894,41.8258,10.1459,42.0383,9.65788,41.189,8.91658,41.5915,9.47638,42.4033,2
5,300,90,27.233,-24.2964,39.0962,-55.2919,39.3214,-55.9673,38.3928,-55.7816,38.8262,-54.624,39.7121,-54.8879,1
5,300,94,32.6888,-18.0999,-23.1497,86.7396,-22.5587,86.8147,-23.1177,85.8428,-23.78,86.624,-23.1567,87.5117,1
5,300,99,30.149,-17.8797,18.8267,-88.7709,18.9099,-89.3707,18.0591,-88.8526,18.7079,-88.1405,19.4965,-88.7164,3
5,300,101,26.8402,-13.0873,66.359,74.0688,66.794,74.9174,66.7331,72.6431,65.9057,73.1657,66.0232,75.3234,2
5,300,105,28.0899,-0.146939,-78.3677,86.1616,-77.9839,88.2291,-77.9536,83.8792,-78.7665,83.7405,-78.7316,88.3863,2
5,300,109,39.6096,6.3653,42.6411,-85.5496,42.2454,-86.4207,42.1198,-84.7251,43.0985,-84.5176,43.1034,-86.2693,2
5,300,112,37.6686,5.50345,49.0772,16.4923,49.5979,15.8722,48.5099,15.8668,48.4747,17.1943,49.5702,17.0717,2
5,300,113,28.274,15.2695,36.7145,64.8631,37.2967,64.7582,36.5742,64.1992,36.0591,64.9974,36.8242,65.4984,2
5,300,116,-34.7694,-15.1454,-37.0602,145.991,-36.292,145.837,-37.2305,145.303,-37.7233,146.11,-36.8456,146.727,1
5,300,117,35.0717,21.2845,-55.7993,-160.227,-55.349,-161.237,-56.348,-160.766,-56.3038,-158.975,-55.306,-159.687,1
5,300,120,-22.2258,-23.3431,-37.5905,-64.9878,-38.1203,-65.7035,-38.0691,-64.5466,-37.138,-64.3463,-37.1274,-65.4627,1
5,300,122,-38.8642,-6.48744,35.7559,-58.7044,35.215,-59.644,35.2903,-57.9918,36.2104,-57.8888,36.2668,-59.5407,1
5,300,123,39.2444,-0.833813,69.4595,-27.782,69.3681,-29.9588,68.6319,-26.7835,69.5222,-25.2484,70.1712,-28.6943,1
5,300,124,-25.5994,-6.49016,72.06,112.145,72.6085,113.431,72.3386,110.46,71.556,111.025,71.7562,113.906,2
5,300,125,24.7771,0.162897,35.0896,115.181,35.5455,115.638,35.4294,114.524,34.5968,114.691,34.7694,115.783,2
5,300,128,11.8474,20.5,-73.6406,138.985,-73.1019,139.775,-73.3786,137.277,-74.2324,138.142,-73.9152,140.735,1
5,300,129,34.1095,-15.0676,-73.3138,-64.8433,-73.61,-66.9174,-74.034,-62.9392,-72.9946,-62.6145,-72.69,-66.3947,3
5,300,132,-31.7626,-21.1759,-44.1869,-93.384,-43.9997,-94.6184,-44.8075,-93.5377,-44.3567,-92.3303,-43.5225,-93.2788,1
5,300,133,38.4743,12.501,-22.5481,-51.4084,-22.6108,-52.2956,-23.2936,-51.0945,-22.4555,-50.3611,-21.8758,-51.6585,2
5,300,135,26.3093,-20.7501,31.8261,-8.43068,31.8694,-9.12408,31.0416,-8.53994,31.7443,-7.71793,32.5146,-8.35753,3
5,300,136,-33.9514,9.96716,56.7444,36.8925,57.2384,35.9434,56.13,36.2211,56.3026,37.7559,57.4391,37.7041,3
5,300,138,35.0714,-16.6832,20.2188,119.667,20.8601,119.833,20.3067,118.685,19.5266,119.452,20.1553,120.504,1
5,300,143,37.6122,10.3398,-81.7943,158.973,-81.2353,162.843,-81.3515,154.433,-82.402,153.795,-82.1604,163.343,1
5,300,149,-29.1945,-13.049,64.8883,156.25,65.4695,157.453,65.2361,155.063,64.3744,155.208,64.5245,157.515,2
5,300,151,37.4366,0.0417903,17.0651,19.2088,17.1925,18.5016,16.2839,19.2836,16.9115,20.0137,17.75,19.1477,1
5,300,164,33.6426,-2.34634,41.8431,82.0218,42.2095,81.3234,41.1708,81.6402,41.4242,82.7848,42.4398,82.3689,1
5,300,168,-38.126,-9.84796,-23.1043,-136.118,-22.2129,-136.141,-23.2877,-136.833,-23.8658,-136.106,-22.8727,-135.323,1
5,300,173,25.1485,-20.0746,77.0556,43.948,76.7559,41.8287,76.3994,45.4404,77.3193,46.298,77.6165,42.428,2
5,300,174,-26.4957,-13.825,65.929,-141.903,66.389,-140.597,66.3289,-142.886,65.5183,-143.051,65.5151,-140.864,3
5,300,178,-18.9085,11.6463,-80.2599,-136.214,-79.8224,-134.367,-79.9349,-138.832,-80.6829,-138.1,-80.5978,-133.216,1
5,300,181,-33.4817,17.9054,10.8297,52.0555,10.7322,51.4353,10.1815,52.2763,10.9464,52.626,11.5897,51.815,1
5,300,182,-25.9546,-21.6351,38.9754,69.3718,38.7308,68.5231,38.4698,69.5636,39.1667,70.1283,39.4866,69.1342,2
5,300,195,23.9351,-19.5015,44.0908,90.3436,43.9336,89.5313,43.3283,90.5645,44.2162,91.1934,44.7611,90.1161,1
5,300,196,31.0802,-24.3194,67.8099,140.617,68.1674,139.118,66.9875,139.151,67.3814,142.061,68.5084,141.88,1
6,360,6,-15.5232,-13.5284,67.1756,121.293,67.0575,119.699,66.6226,121.478,67.2577,122.788,67.7338,121.052,1
6,360,8,-34.9274,16.631,32.9519,-99.2239,33.5148,-98.6274,33.3547,-100.08,32.4134,-99.7334,32.4547,-98.239,2
6,360,15,31.8589,9.17687,-16.4747,-65.4803,-15.8516,-65.4128,-16.5274,-66.1326,-17.1799,-65.5489,-16.4387,-64.8809,1
6,360,20,-29.7485,20.2722,-25.9848,-50.1594,-25.5547,-49.7397,-25.5995,-50.7394,-26.4113,-50.5362,-26.4428,-49.4997,2
6,360,23,30.7804,-20.3192,-48.8077,115.402,-49.0624,114.657,-49.4778,115.975,-48.5617,116.202,-48.2359,114.895,1
6,360,28,29.1912,-14.3212,46.8573,-72.1287,47.3,-71.6894,47.1912,-72.9991,46.3958,-72.6133,46.5671,-71.3596,3
6,360,31,-31.1425,-19.9401,-6.39119,-37.2907,-5.81755,-36.7512,-6.01937,-37.7169,-6.87302,-37.77,-6.76027,-36.8174,3
6,360,37,35.55,4.7416,44.8356,142.16,44.4161,141.47,44.4344,142.945,45.3099,142.956,45.1975,141.456,3
6,360,40,30.3241,-22.7095,38.3128,-66.4146,38.9099,-66.4918,38.2383,-67.5094,37.6841,-66.3851,38.3903,-65.4785,2
6,360,49,-10.0647,-21.2855,52.8478,-114.279,53.1999,-115.081,52.479,-114.918,52.5027,-113.573,53.2214,-113.674,1
6,360,55,-30.2645,23.956,-14.5266,12.1565,-13.8856,12.3029,-14.4004,11.3573,-15.1484,12.0591,-14.6997,13.0922,1
6,360,67,39.115,8.32846,21.1272,-7.0024,21.8534,-6.86216,21.0262,-7.81129,20.2752,-7.15865,21.1963,-6.28667,3
6,360,68,36.3496,-0.0624887,-6.77998,14.5079,-6.15937,14.7049,-6.74578,13.7653,-7.48192,14.2796,-6.81315,15.1629,2
6,360,71,-19.6573,21.836,-67.2239,126.408,-66.8333,125.374,-67.6533,125.229,-67.5834,127.521,-66.7501,127.719,2
6,360,73,33.1558,-16.445,-20.2017,-152.072,-20.3729,-152.716,-20.997,-151.724,-20.0436,-151.368,-19.5222,-152.384,1
6,360,75,-37.8523,14.3098,52.2009,-126.247,52.1687,-127.499,51.4265,-125.86,52.2467,-125.126,53.1203,-126.699,1
6,360,76,-33.9837,-21.614,72.3753,-67.8553,72.8477,-70.6349,71.8042,-68.8121,71.9303,-65.663,73.0018,-66.8914,1
6,360,77,38.3445,3.10426,46.8741,0.808341,47.592,1.09977,46.8396,-0.391704,46.0439,0.479014,46.8841,1.86046,2
6,360,78,32.4023,-1.83785,16.2006,22.0847,16.7608,22.3999,16.4092,21.363,15.5818,21.7315,16.0107,22.7291,3
6,360,79,33.4431,-2.81201,-17.2515,35.1072,-16.697,35.455,-17.008,34.3675,-17.8635,34.7104,-17.4659,35.7662,1
6,360,85,27.1066,-22.4931,39.2827,20.8211,39.8184,20.9282,39.4361,19.8818,38.7353,20.6704,39.163,21.64,1
6,360,91,-23.3686,-12.1648,46.8993,1.33442,47.4425,0.874771,46.622,0.68048,46.3997,1.73037,47.1991,2.01287,2
6,360,92,-27.7049,-22.3488,29.7616,40.7264,30.5294,40.5572,29.6828,40.0809,29.0921,40.8474,29.8745,41.3898,2
6,360,100,-27.5687,-20.829,80.0363,-93.825,79.4388,-96.5113,79.6521,-91.4737,80.5243,-91.1282,80.3914,-96.5822,1
6,360,102,-36.4818,-9.34946,26.9697,88.9144,27.5306,89.5968,27.3317,88.3134,26.4876,88.3252,26.5788,89.5924,4
6,360,105,-20.1685,18.5622,-82.4654,122.051,-81.9409,122.875,-82.3199,117.806,-82.9844,121.309,-82.5957,126.903,2
6,360,109,35.8905,-12.3173,44.403,-86.2369,44.1018,-87.0163,43.7485,-85.5032,44.7084,-85.3504,44.9556,-86.8923,3
6,360,112,34.6763,13.8055,49.0899,23.318,49.617,22.7104,48.6168,22.6923,48.484,24.021,49.5048,23.9243,1
6,360,123,-35.2019,-12.5477,74.5172,-50.556,73.9836,-53.2066,74.0389,-48.7969,74.9403,-48.1092,75.0079,-52.6883,2
6,360,126,31.0332,-3.75359,-3.97328,119.322,-3.52439,119.776,-3.54858,118.72,-4.45982,118.816,-4.35265,119.863,1
6,360,128,-35.3629,-4.6884,-72.5818,155.761,-71.7861,156.505,-72.5343,153.463,-73.2761,155.048,-72.591,158.347,1
6,360,129,25.9493,-21.2552,-70.0036,-66.6917,-70.3145,-68.2067,-70.7062,-65.5182,-69.6991,-65.1233,-69.3936,-67.7074,2
6,360,142,-32.8067,-22.6014,-44.9885,167.333,-44.1431,168.008,-44.6731,166.527,-45.6871,166.719,-45.2766,168.228,1
6,360,146,-32.978,-10.2219,11.348,-24.5452,10.8253,-25.1853,10.9244,-24.0457,11.798,-23.9773,11.7955,-25.1071,1
6,360,148,35.5803,2.82105,80.2928,34.3239,80.4821,30.177,79.5091,34.1255,80.0182,38.825,80.9884,34.5833,1
6,360,149,20.469,-22.6723,61.4056,146.075,61.8977,146.728,61.8728,144.866,60.9259,145.382,60.9996,147.146,2
6,360,153,-32.2377,-7.98033,47.979,105.639,48.6193,105.112,47.6065,104.939,47.4078,106.087,48.3933,106.403,2
6,360,156,-35.5917,-15.1207,-18.6468,-159.563,-17.7807,-159.625,-18.7901,-160.213,-19.388,-159.523,-18.4586,-158.858,1
6,360,163,-32.5407,2.87607,31.9509,42.8678,32.0874,42.0734,31.3133,42.8714,31.83,43.5848,32.6648,42.8638,3
6,360,164,5.66399,19.6583,46.0078,88.6381,46.2697,87.9808,45.5889,88.216,45.7418,89.3465,46.4261,89.1059,1
6,360,171,-29.7325,21.0925,13.3837,29.1807,13.0058,28.6684,12.8481,29.6719,13.7693,29.648,14.0188,28.6268,3
6,360,172,35.6689,2.92521,47.2988,37.7445,46.9048,36.917,46.8068,38.5755,47.7391,38.7014,47.7373,37.0005,1
6,360,173,-9.17913,-19.6312,81.2931,28.1052,80.811,25.9945,80.9152,30.5181,81.7175,30.3827,81.6301,25.4433,1
6,360,174,-25.7215,0.776752,60.7254,-143.283,61.0923,-142.274,61.1304,-144.108,60.377,-144.193,60.2817,-142.409,3
6,360,183,-37.1437,-16.1695,67.2262,121.217,67.6101,119.203,66.6414,120.759,66.8696,122.854,67.8791,121.671,2
6,360,188,-24.2575,-24.02,-61.6164,-56.4136,-61.0543,-57.3128,-61.8848,-57.3738,-62.1162,-55.6364,-61.3097,-55.4941,1
6,360,197,-26.5471,-21.8893,53.7925,-132.657,54.6278,-132.356,53.9504,-133.684,53.0705,-132.945,53.657,-131.588,1
6,360,198,36.7199,-14.7788,17.4146,-122.289,17.9994,-121.851,17.8272,-123.246,16.7852,-122.8,17.0742,-121.476,1
7,420,1,-36.357,-17.7133,-65.2835,-44.082,-64.2663,-44.4176,-65.4807,-45.7141,-66.1409,-43.8217,-65.0088,-42.3492,1
7,420,7,29.4344,-18.1502,62.6642,-134.455,63.2912,-134.258,62.7411,-136.309,62.0058,-134.723,62.5955,-132.846,2
7,420,8,16.9386,14.748,28.2818,-104.491,28.8248,-104.206,28.5149,-105.086,27.6841,-104.782,28.0325,-103.918,2
7,420,13,2.90162,-24.3031,36.7321,-116.08,37.2475,-116.265,36.7138,-116.772,36.2382,-115.936,36.7688,-115.436,1
7,420,20,40.4451,-4.2272,-28.5229,-57.5315,-28.0586,-56.968,-28.1178,-58.3604,-29.0453,-58.196,-28.8653,-56.8177,2
7,420,27,36.8861,2.21784,72.9969,-107.695,73.6398,-107.633,72.8125,-110.03,72.2636,-107.765,73.1308,-105.588,1
7,420,28,-32.5174,-24.3582,45.6206,-63.6192,46.3837,-63.0409,45.8908,-64.3432,44.9844,-64.1233,45.3684,-62.8364,1
7,420,31,27.7201,-13.4398,-10.6629,-43.1747,-10.3444,-42.7391,-10.1551,-43.6118,-10.9844,-43.6489,-11.1074,-42.7752,1
7,420,33,39.0067,6.2871,-81.5375,-91.8875,-81.665,-87.1011,-80.7873,-92.2904,-81.3214,-97.2493,-82.1977,-91.567,2
7,420,36,27.404,-23.5262,9.8511,141.894,9.46656,141.497,9.26811,142.393,10.2208,142.328,10.3409,141.444,1
7,420,37,-21.1871,-23.3325,45.6717,134.405,45.0972,133.907,45.3372,134.98,46.1673,134.88,45.981,133.793,2
7,420,40,28.2721,-24.3087,36.4041,-62.7736,36.9935,-62.8395,36.3887,-63.8231,35.7934,-62.7569,36.4337,-61.8732,1
7,420,65,35.8776,-13.3065,50.45,-91.6645,50.8615,-92.3918,49.742,-92.3354,49.9728,-90.9033,51.0608,-91.0872,1
7,420,67,37.705,-5.23202,19.489,-5.51813,20.1216,-5.33409,19.4874,-6.36808,18.7767,-5.73769,19.4891,-4.78158,1
7,420,82,38.0036,-3.17427,24.4724,-111.555,24.4333,-112.27,23.7389,-111.276,24.5031,-110.742,25.1098,-111.8,4
7,420,83,32.1389,-6.92499,51.5671,-81.2748,51.7232,-82.1598,50.8864,-81.396,51.3769,-80.3181,52.1722,-81.1714,1
7,420,86,15.7521,-16.6473,5.54102,45.4691,6.00949,45.6122,5.74692,44.9415,5.0749,45.3077,5.36462,45.9593,3
7,420,89,-35.0655,-11.6945,-57.1965,161.036,-56.8296,159.779,-57.7659,160.704,-57.5123,162.137,-56.5624,161.353,1
7,420,91,-32.4154,17.4274,45.5349,10.7625,46.1582,10.5814,45.2888,9.82863,44.9605,10.9659,45.7931,11.863,1
7,420,97,-22.9271,-21.1392,-23.6202,-139.5,-23.6409,-140.259,-24.1599,-139.532,-23.6183,-138.828,-23.0693,-139.5,1
7,420,100,31.8413,-10.4484,82.3271,-46.2468,82.4082,-50.6528,81.5896,-46.401,82.1721,-41.6239,82.9774,-46.1537,2
7,420,101,34.1594,9.42125,56.5533,75.7389,57.0841,76.5062,56.8377,74.6158,55.9353,74.8988,56.2722,76.7302,1
7,420,105,-38.5924,12.2951,-82.86,153.876,-82.1131,152.971,-83.164,148.018,-83.5178,155.06,-82.4248,160.159,2
7,420,120,33.1215,-3.47817,-28.7515,-57.4191,-29.1134,-58.054,-29.2956,-56.7929,-28.3541,-56.7135,-28.266,-57.9703,3
7,420,121,-22.2334,-24.213,5.43048,-59.7525,4.85193,-60.2875,4.96714,-59.3762,5.92062,-59.2646,5.87215,-60.16,2
7,420,123,23.3687,-24.1311,74.8102,-25.6311,74.6773,-27.8533,74.0095,-25.4207,74.8843,-23.3291,75.5074,-25.931,1
7,420,125,-17.4368,-19.9904,30.1968,120.329,30.7652,120.761,30.5574,119.824,29.6925,119.923,29.854,120.85,1
7,420,128,4.64207,-21.9348,-76.5388,145.62,-75.9847,146.249,-76.2525,143.357,-77.0605,144.864,-76.7662,147.856,2
7,420,131,-26.6497,-23.8728,-51.1427,-135.803,-50.5755,-136.783,-51.5493,-136.515,-51.6439,-134.963,-50.6929,-135.131,1
7,420,136,-17.7724,-8.13165,55.5285,46.8051,55.9219,46.0165,55.1222,46.1949,55.1519,47.5181,55.9528,47.4357,1
7,420,140,31.2887,-23.3161,22.3096,152.588,22.7655,153.076,22.9811,151.867,21.8611,152.045,21.7544,153.212,1
7,420,146,36.4985,0.977895,15.7529,-16.8032,15.3646,-17.4388,15.2042,-16.1785,16.1895,-16.0735,16.2394,-17.3518,1
7,420,151,15.1705,-23.884,22.4299,21.1614,22.4377,20.577,21.7964,21.0138,22.3908,21.7339,23.0042,21.2714,1
7,420,156,-34.9016,19.689,-23.62,-153.622,-22.946,-153.547,-23.676,-154.462,-24.2449,-153.654,-23.5699,-152.629,1
7,420,163,-2.89454,-20.5629,30.6918,46.2677,30.6974,45.6227,30.1642,46.1457,30.6635,46.8745,31.2007,46.3615,1
7,420,170,-32.9663,11.711,-19.8034,28.293,-20.1781,27.6964,-20.2903,28.8169,-19.4423,28.8255,-19.2362,27.7057,1
7,420,171,-37.2473,-9.79389,13.7605,27.9134,13.1683,27.2504,13.3827,28.4885,14.262,28.4903,14.1643,27.2547,3
7,420,172,20.4792,-15.3065,49.3757,34.9952,49.0242,34.3756,48.8778,35.6091,49.7177,35.6603,49.8163,34.41,1
7,420,182,-18.9991,-9.25865,46.0024,76.2758,45.9049,75.5086,45.5295,76.4089,46.0809,76.9917,46.49,76.1203,1
7,420,183,24.221,-5.23237,62.5798,135.177,62.9315,134.382,62.1374,134.406,62.1956,135.991,62.9852,135.901,1
7,420,184,-35.7355,-15.2587,51.6942,-159.609,52.5054,-159.456,51.6632,-160.568,51.0014,-159.757,51.7465,-158.559,1
7,420,187,32.4855,-24.3015,-45.389,-106.802,-44.8407,-106.562,-45.1149,-107.965,-45.9523,-107.118,-45.5898,-105.803,1
7,420,194,-32.2807,1.02033,21.8831,71.3672,21.6135,70.6053,21.303,71.7645,22.1275,72.0529,22.5279,70.9171,1
7,420,195,27.2477,-19.0539,50.3188,95.8756,50.2266,94.9116,49.4978,96.0497,50.374,96.8919,51.0343,95.6878,1
8,480,7,35.1488,-2.16155,57.9142,-128.76,58.601,-128.395,57.9279,-130.319,57.1425,-129.171,57.8844,-127.389,2
8,480,31,29.7235,-0.850908,-15.6264,-43.9517,-15.2922,-43.4846,-15.1939,-44.4145,-15.9889,-44.468,-16.0197,-43.5305,3
8,480,42,-31.4429,-23.6232,-16.2363,-4.95477,-15.3342,-4.99903,-16.2534,-5.59107,-17.0024,-4.94108,-16.1732,-4.289,1
8,480,45,-32.6197,-20.8013,-33.4873,120.5,-33.4599,119.438,-34.102,120.514,-33.5234,121.405,-32.8335,120.44,2
8,480,58,-34.4876,-12.5904,-32.4385,138.839,-32.3315,137.821,-33.095,138.879,-32.5354,139.719,-31.7191,138.766,2
8,480,65,37.7957,2.5753,51.0764,-83.302,51.5684,-84.0613,50.4194,-83.8926,50.5044,-82.4516,51.6476,-82.7578,1
8,480,68,-25.5596,12.4129,-10.5288,23.9594,-9.98928,24.1037,-10.4371,23.3791,-11.0446,23.8379,-10.6408,24.6023,2
8,480,71,38.9621,-3.37695,-72.1254,143.57,-71.705,141.649,-72.9646,142.688,-72.593,145.857,-71.3998,144.272,3
8,480,72,-37.7888,11.9733,-39.8459,-173.003,-39.847,-174.01,-40.6032,-172.711,-39.8137,-172.106,-38.9514,-173.325,1
8,480,75,22.6493,-5.04304,53.0814,-113.347,53.0607,-114.261,52.4726,-113.239,53.088,-112.379,53.6438,-113.456,2
8,480,89,-39.614,-6.65125,-55.0419,167.491,-54.6609,166.182,-55.7014,167.294,-55.3592,168.627,-54.2867,167.68,1
8,480,92,-32.2943,-6.68105,23.9789,48.2139,24.6925,48.2395,23.8925,47.5694,23.3459,48.1866,24.083,48.9203,1
8,480,97,-21.0332,22.2331,-18.4292,-133.266,-18.3819,-133.835,-19.0325,-133.342,-18.4451,-132.699,-17.7535,-133.156,1
8,480,100,29.6733,-23.5116,83.8724,-31.4068,84.0698,-36.6551,83.0993,-34.3419,83.5815,-26.4992,84.5287,-28.4552,1
8,480,108,-37.4454,3.58835,18.2228,-97.5244,17.798,-98.1904,17.7723,-96.9618,18.6035,-96.9398,18.7384,-98.1747,2
8,480,109,-32.614,14.9686,55.3228,-96.1505,54.9498,-97.0717,54.8322,-95.3049,55.681,-95.3078,55.8913,-97.1314,1
8,480,121,-36.4666,-17.7397,9.75944,-61.4175,9.09828,-62.1806,9.31507,-60.8811,10.3015,-60.7617,10.2165,-62.0337,1
8,480,125,37.7038,-12.9266,25.3002,114.154,25.7794,114.736,25.8509,113.265,24.7835,113.486,24.8384,114.907,1
8,480,133,6.83066,-17.8169,-13.942,-50.0026,-14.0426,-50.5495,-14.5176,-49.9711,-13.8619,-49.4656,-13.4024,-50.0499,2
8,480,142,-22.9359,-23.6953,-52.704,166.978,-52.0026,167.564,-52.3635,166.178,-53.3051,166.414,-53.0117,167.833,1
8,480,144,-36.5713,2.95344,-51.0359,-34.048,-51.3587,-35.226,-51.5989,-33.2921,-50.7326,-33.0269,-50.3864,-34.8923,1
8,480,145,-37.9299,-12.4646,-17.3073,-28.1124,-17.8916,-28.9252,-17.7611,-27.5352,-16.818,-27.4209,-16.8192,-28.7751,1
8,480,147,37.3091,-14.3628,53.116,-9.7496,52.8553,-10.8317,52.2951,-8.87982,53.364,-8.51232,53.7984,-10.5301,1
8,480,152,40.2343,3.16273,40.4839,66.7027,40.9589,65.9306,39.6967,66.3264,39.9213,67.5889,41.1614,67.0487,1
8,480,153,32.7948,15.4903,38.8844,115.647,39.5228,115.28,38.5195,114.958,38.1525,116.082,39.1969,116.309,1
8,480,158,-28.0809,-18.4577,-40.6127,-68.4029,-40.3225,-69.3126,-41.1381,-68.6818,-40.8768,-67.6078,-40.0506,-68.1498,1
8,480,161,-23.1795,-16.0421,-16.2936,-5.03261,-16.3256,-5.72862,-16.8366,-5.01144,-16.2775,-4.4067,-15.7327,-5.07728,1
8,480,162,27.1739,3.87154,8.12768,24.677,8.14206,24.0866,7.51877,24.7488,8.11308,25.3246,8.69229,24.617,1
8,480,178,-34.402,13.4643,-85.7263,-28.3457,-85.3813,-36.1176,-86.4281,-31.1111,-85.94,-20.1337,-84.9077,-25.9484,1
8,480,185,20.8289,-23.4497,15.4828,-139.939,15.9737,-139.776,15.7696,-140.554,14.9997,-140.129,15.2459,-139.385,1
8,480,191,20.4947,-18.3107,-73.2595,-2.67725,-72.9821,-4.45965,-73.872,-4.01874,-73.5497,-0.845368,-72.6927,-1.60399,1
9,540,11,-36.1996,19.1871,48.0419,158.937,48.4023,158.077,47.3259,158.536,47.7351,159.74,48.8818,159.458,1
9,540,13,33.8957,10.6894,27.6963,-108.678,28.3573,-108.709,27.5288,-109.39,26.9399,-108.631,27.8291,-108.022,2
9,540,18,25.781,-24.3532,-34.2126,72.4178,-34.155,71.7547,-34.9551,72.2242,-34.3036,73.0899,-33.5636,72.5565,1
9,540,20,34.1044,-18.8572,-34.4348,-55.9347,-34.0184,-55.4508,-33.9203,-56.7052,-34.8588,-56.4898,-34.8571,-55.2567,1
9,540,21,30.3173,-23.7379,-68.9499,-41.0939,-68.4668,-40.3376,-68.5112,-42.9536,-69.4301,-42.0109,-69.2897,-39.4152,1
9,540,24,-38.9841,-4.91352,0.446683,117.592,0.0582408,116.892,-0.0103972,118.058,0.780247,118.195,0.958452,117.053,1
9,540,29,-37.5429,13.6335,-1.1493,-54.7705,-0.693571,-54.2579,-0.754171,-55.3687,-1.57592,-55.2157,-1.62409,-54.075,2
9,540,33,28.2288,-4.67783,-84.5586,-143.789,-85.0357,-140.96,-84.1853,-138.746,-84.0269,-146.267,-84.8584,-148.945,1
9,540,35,37.3857,0.71495,-16.0127,143.965,-16.4473,143.451,-16.4122,144.616,-15.5183,144.551,-15.6558,143.397,2
9,540,54,-20.0994,-21.716,7.76803,-8.35793,8.48513,-8.36113,7.83468,-8.93058,7.12882,-8.37662,7.73061,-7.77874,2
9,540,55,-35.0062,-13.9761,-19.2492,16.7053,-18.3552,16.7422,-19.3318,16.0082,-20.0162,16.6599,-19.1273,17.4657,2
9,540,61,28.6529,-19.2762,-45.3385,154.53,-45.2383,153.754,-46.0741,154.35,-45.4668,155.34,-44.6934,154.66,1
9,540,76,-31.6884,-13.2913,70.0974,-30.238,70.8461,-31.0236,69.8229,-31.8382,69.4361,-29.6281,70.3988,-28.4912,1
9,540,92,-26.5864,-1.33315,20.4824,50.8146,21.0897,50.8501,20.4405,50.2257,19.9244,50.783,20.5293,51.4522,1
9,540,101,-20.5037,-23.4458,52.8141,84.9508,53.3797,85.6249,53.1892,84.2946,52.3224,84.3387,52.4576,85.6324,1
9,540,108,-34.5755,-13.1711,20.1805,-97.3096,19.6215,-97.9445,19.8026,-96.7895,20.6534,-96.7491,20.5734,-97.8981,1
9,540,112,27.663,-4.30703,47.6926,37.0282,48.1754,36.7402,47.4038,36.2657,47.168,37.3239,47.9531,37.7281,1
9,540,122,-20.9913,-17.6462,49.4323,-54.7887,48.9572,-55.5683,48.9932,-54.2354,49.8427,-54.0564,49.8621,-55.3939,1
9,540,124,32.139,12.6953,54.0938,107.255,54.7097,107.899,54.3322,106.142,53.3782,106.56,53.8449,108.255,2
9,540,131,-31.5497,24.1932,-49.7164,-116.126,-49.2605,-116.878,-50.3441,-116.91,-50.1119,-115.353,-48.985,-115.19,1
9,540,133,-33.5868,-17.5061,-8.72788,-51.4769,-8.88178,-52.3719,-9.3463,-51.2978,-8.611,-50.7084,-8.06899,-51.7027,2
9,540,135,-20.164,-7.30163,45.8751,3.21487,45.9702,2.35016,45.335,3.12255,45.775,4.01248,46.4406,3.29875,2
9,540,136,33.3627,-15.568,50.2031,56.8524,50.7522,56.3358,49.667,55.7926,49.5903,57.3596,50.669,57.7712,3
9,540,137,26.1167,-24.3309,36.3661,102.105,36.9667,102.065,36.4034,101.068,35.7512,102.097,36.3509,103.003,2
9,540,143,39.081,9.8822,-83.2849,-21.4461,-83.7985,-27.2214,-83.6758,-14.9246,-82.5998,-15.7725,-82.8591,-26.4409,2
9,540,151,31.8777,3.70399,27.4474,30.6284,27.5863,29.9428,26.7833,30.6074,27.2895,31.3932,28.0499,30.6562,2
9,540,161,-28.9448,-23.7344,-13.8652,-3.71031,-13.9667,-4.57638,-14.4561,-3.67062,-13.7987,-2.96545,-13.256,-3.79243,1
9,540,162,-33.0318,-20.3143,12.9775,20.8824,12.8791,19.9788,12.3701,20.9877,13.0396,21.6548,13.6203,20.7312,1
9,540,164,38.2291,-13.2243,43.4888,99.6826,44.0342,99.1233,42.7779,98.855,42.8582,100.265,44.0929,100.386,2
9,540,167,40.2103,0.820015,-15.375,-158.244,-14.6361,-158.095,-15.4938,-159.132,-16.2331,-158.423,-15.2769,-157.477,1
9,540,170,21.4207,-20.8244,-15.6361,33.3714,-16.0242,32.9623,-16.1769,33.8305,-15.2626,33.8054,-15.1662,32.9488,3
9,540,172,33.4953,-16.5566,56.429,37.8012,56.1018,36.8464,55.7491,38.7322,56.7481,38.8808,56.9982,36.9518,2
9,540,175,36.5354,-11.5538,14.8321,-152.606,15.2218,-152.052,15.4135,-153.283,14.4165,-153.234,14.3386,-152.022,1
9,540,183,39.2974,9.35114,60.1115,153.319,60.7492,152.632,59.5846,152.297,59.3617,154.106,60.557,154.273,3
9,540,190,-28.4249,-18.0317,-56.3558,-77.0009,-55.5183,-76.9462,-56.3423,-78.1365,-57.0868,-77.0842,-56.327,-75.8059,1
10,600,4,28.0407,-19.7678,12.2742,91.6086,12.0158,91.0255,11.5004,91.9604,12.5112,92.2337,12.9391,91.282,1
10,600,7,-18.7777,-24.3451,56.4692,-115.34,57.2162,-115.063,56.6879,-116.36,55.8119,-115.622,56.2774,-114.317,2
10,600,19,31.5132,22.7557,-2.06538,105.264,-2.1774,104.553,-2.65869,105.414,-1.90904,106.095,-1.4946,105.159,1
10,600,25,-27.7874,-19.5897,38.1197,125.515,37.6667,124.825,37.7067,125.938,38.4998,126.14,38.5312,125.041,1
10,600,26,36.0359,-19.7748,69.4907,159.56,69.524,157.855,68.6118,159.668,69.3994,161.396,70.2306,159.41,2
10,600,42,-33.8457,-18.8276,-21.9868,0.515328,-21.0993,0.488481,-22.06,-0.15332,-22.7439,0.51919,-21.8697,1.23039,1
10,600,44,-31.5804,-21.7467,-47.0793,86.7109,-46.7126,85.5466,-47.636,86.3513,-47.4022,87.7046,-46.4749,87.0304,1
10,600,53,34.8285,-19.5701,28.0709,-35.9047,28.7294,-35.8221,28.0753,-37.0011,27.3625,-36.0381,28.0796,-34.9784,1
10,600,58,29.174,-20.7733,-32.8692,149.428,-32.8157,148.702,-33.7138,149.337,-32.9569,150.185,-32.1374,149.481,1
10,600,67,5.59869,-21.3932,13.5322,2.84642,14.0462,2.88433,13.6746,2.30245,13.0393,2.78787,13.4174,3.35845,2
10,600,68,-14.4935,-16.3843,-15.1471,25.6119,-14.583,25.6518,-15.0713,25.1031,-15.667,25.5599,-15.2041,26.1254,2
10,600,72,-35.5418,17.0318,-33.0002,-168.183,-33.0556,-169.036,-33.7544,-167.91,-32.9131,-167.409,-32.106,-168.478,1
10,600,75,-27.0677,18.5467,63.6207,-107.64,63.6904,-108.999,62.9498,-107.718,63.5697,-106.338,64.3826,-107.5,2
10,600,77,32.4878,-20.0829,36.8896,9.80222,37.4654,10.1078,37.1867,8.74822,36.289,9.43842,36.6469,10.7042,1
10,600,82,-33.7128,-20.9261,36.2179,-113.092,35.9632,-114.098,35.6698,-112.84,36.4093,-112.226,36.7909,-113.408,1
10,600,84,30.7361,-7.67223,52.2892,-0.930013,52.8449,-0.992579,52.1414,-1.99241,51.6844,-0.883817,52.4184,0.0219093,1
10,600,92,18.2903,-23.0653,16.3873,48.8763,16.9214,48.8531,16.4641,48.1907,15.8549,48.8689,16.3379,49.4913,1
10,600,93,33.8471,-15.4127,-11.2243,73.0903,-10.6289,73.2011,-11.1812,72.256,-11.8659,72.9417,-11.2458,73.8103,1
10,600,94,24.1205,-24.2786,-34.454,102.128,-33.9026,102.042,-34.4519,101.219,-35.0163,102.173,-34.4275,102.92,1
10,600,99,-32.8151,-14.1017,35.8068,-77.6565,35.9065,-78.6155,35.2121,-77.6603,35.7018,-76.8268,36.4514,-77.6825,2
10,600,109,-36.6343,18.1046,63.3261,-97.9345,62.9337,-99.2307,62.7741,-96.7015,63.7005,-96.7649,63.9811,-99.4288,1
10,600,115,19.9093,-21.599,-28.9573,125.503,-28.4605,125.524,-28.858,124.806,-29.4558,125.452,-29.0248,126.132,1
10,600,117,-32.4745,-11.7444,-46.137,-139.28,-45.8487,-140.201,-46.6683,-139.499,-46.3924,-138.468,-45.5545,-139.071,1
10,600,120,25.2391,-20.7305,-19.3166,-58.3021,-19.6741,-58.8075,-19.9698,-57.8354,-18.9735,-57.7634,-18.7537,-58.7269,2
10,600,124,20.9389,-19.8514,54.1419,109.316,54.624,109.853,54.5757,108.337,53.6656,108.744,53.7629,110.196,1
10,600,126,-28.7712,12.7117,-19.9598,126.409,-19.5021,126.898,-19.549,125.839,-20.4012,125.964,-20.4315,127.047,1
10,600,132,35.3297,20.2616,-34.8074,-64.9568,-34.8728,-65.9655,-35.5037,-64.7228,-34.695,-63.7622,-34.1562,-65.1229,2
10,600,133,-36.8849,15.727,-2.36051,-47.5289,-2.29873,-48.2839,-3.16556,-47.3963,-2.38527,-46.8448,-1.40579,-47.6686,2
10,600,135,-22.7823,-23.9223,47.2334,5.03275,47.2667,3.89124,46.6576,4.87581,47.1712,6.02954,47.8201,5.14127,1
10,600,143,38.5087,-0.740609,-80.8441,-22.5128,-81.266,-26.5356,-81.3406,-17.8443,-80.3158,-18.3115,-80.3659,-26.138,1
10,600,156,-31.8023,22.6656,-30.7748,-144.11,-30.1402,-144.135,-30.8688,-144.974,-31.3732,-144.041,-30.6824,-143.092,1
10,600,157,-34.1953,-22.3585,-42.2439,-107.915,-41.5326,-108.73,-42.6703,-108.529,-42.8519,-107.237,-41.7535,-107.308,1
10,600,163,-11.0536,-20.359,37.8771,56.1232,37.9382,55.374,37.3664,55.9484,37.7974,56.8093,38.3835,56.2685,2
10,600,170,-30.4753,20.0927,-7.62069,28.0679,-7.98784,27.5467,-8.16024,28.5485,-7.24662,28.5402,-6.98007,27.5293,2
10,600,171,-32.4639,4.4327,26.6255,27.6148,26.1937,27.0185,26.2139,28.1745,27.0215,28.1526,27.0868,26.9827,2
10,600,172,-25.9347,-9.45024,61.1812,26.4068,60.6796,25.5176,60.8453,27.3299,61.6245,27.2481,61.5195,25.3873,1
10,600,173,-33.2172,-21.7998,83.4566,-119.992,83.7331,-112.087,84.025,-122.402,83.1529,-126.174,82.8556,-117.536,1
10,600,174,-38.8163,-11.7252,47.0413,-143.018,47.6175,-141.917,47.4627,-143.835,46.5529,-143.939,46.5806,-142.088,1
10,600,182,-34.3196,-20.7704,54.8649,83.372,54.7422,81.9084,54.2941,83.5751,54.9365,84.6226,55.4699,83.0842,1
10,600,191,30.4809,-21.8671,-71.0144,18.2741,-70.873,16.3197,-71.931,17.6613,-71.1823,20.3333,-70.2252,18.6883,1
10,600,193,36.9837,-16.2539,-6.10987,69.5783,-6.31587,68.8826,-7.02917,70.0503,-5.91722,70.3583,-5.34293,69.1684,1
10,600,194,22.4519,20.4938,32.3995,81.8072,32.0955,81.0851,31.8497,82.1279,32.7581,82.6142,32.9509,81.5224,2
11,660,1,38.8586,7.44064,-78.9883,7.7512,-78.4575,4.48811,-79.7976,6.05946,-79.5581,11.994,-78.2772,9.13052,2
11,660,3,-35.3626,-14.668,-16.4798,76.0061,-16.9237,75.1271,-17.0299,76.4482,-16.11,76.7603,-15.8933,75.4969,1
11,660,13,8.18655,20.8024,23.9843,-100.45,24.4972,-100.497,23.9892,-100.99,23.4338,-100.377,23.955,-99.8942,1
11,660,14,-35.7062,-19.4815,2.95248,-75.0495,3.85086,-75.0234,2.90048,-75.6625,2.19475,-75.0893,3.04538,-74.3865,1
11,660,15,35.2905,-21.1093,-28.2933,-55.5003,-27.6895,-55.3907,-28.2208,-56.5329,-28.9385,-55.6653,-28.3287,-54.6292,1
11,660,19,-34.8772,-15.302,1.8844,100.044,1.80751,99.2229,1.29795,100.187,1.93682,100.749,2.51825,99.8598,1
11,660,45,34.0732,2.46846,-28.7273,136.86,-28.6942,136.111,-29.4321,137.01,-28.7606,137.705,-28.0947,136.735,1
11,660,47,-25.0951,-12.6386,29.2978,179.146,29.2568,178.381,28.7494,179.21,29.3198,179.836,29.8723,179.057,1
11,660,58,-30.8384,-23.4936,-26.1595,147.013,-26.245,145.984,-26.7896,147.064,-26.1048,147.889,-25.5033,146.912,1
11,660,59,21.5951,-24.2942,-2.24968,175.737,-2.3238,175.155,-3.01736,175.717,-2.21116,176.325,-1.57451,175.731,1
11,660,61,34.1503,-20.1733,-40.8898,162.07,-40.7993,161.286,-41.7587,161.989,-41.0174,162.91,-40.1509,162.113,1
11,660,75,34.681,-18.9354,58.6943,-99.9343,58.8688,-101.135,57.7767,-100.242,58.4569,-98.6693,59.4748,-99.6955,2
11,660,84,-37.517,10.7567,53.5361,12.9521,54.2206,13.2266,53.5008,11.7636,52.9197,12.7448,53.553,14.3407,1
11,660,91,-40.1862,3.995,39.7937,26.8216,40.6162,26.8349,39.5547,25.9003,39.0794,26.8248,40.0643,27.9064,1
11,660,101,-29.097,23.8749,40.4963,86.2617,40.871,86.8876,41.0367,85.6413,40.103,85.698,39.8449,86.9461,2
11,660,104,-26.4693,-21.0875,-62.451,95.288,-61.7909,96.0515,-62.1557,94.265,-63.015,94.5544,-62.7205,96.401,1
11,660,114,28.8519,-20.7357,-4.47939,103.107,-3.96052,103.22,-4.31571,102.397,-5.01495,102.958,-4.60345,103.728,1
11,660,119,-32.1353,17.2975,7.61986,-74.9435,7.64155,-75.538,6.97677,-74.8708,7.62414,-74.3887,8.36383,-75.0105,2
11,660,131,16.5271,-19.5815,-53.668,-110.362,-53.4104,-111.183,-54.2084,-110.99,-53.9422,-109.55,-53.164,-109.832,1
11,660,134,36.1203,-15.2389,21.5201,-18.995,21.5946,-19.7147,20.5863,-18.9355,21.4026,-18.2071,22.3133,-19.0613,1
11,660,137,27.2552,-18.7158,30.7905,108.748,31.3809,108.791,30.8376,107.839,30.1758,108.668,30.762,109.545,3
11,660,141,38.3343,-9.09953,-30.101,154.428,-29.6671,155.099,-29.5121,153.578,-30.569,153.647,-30.5939,155.166,1
11,660,150,-24.4557,5.33429,12.4835,3.80989,12.5207,3.22238,11.9252,3.83622,12.455,4.36167,13.0916,3.78521,2
11,660,164,-18.7071,-1.5391,48.8614,112.385,49.3062,111.879,48.5266,111.783,48.4395,112.855,49.2127,113.026,1
11,660,167,39.35,-9.16547,-19.9121,-154.059,-19.2256,-153.897,-19.9626,-155.038,-20.6869,-154.269,-19.8591,-153.229,1
11,660,169,-34.6815,-17.5835,-43.88,-70.9918,-43.3237,-71.9498,-44.4167,-71.4528,-44.3606,-70.1753,-43.2777,-70.5401,1
11,660,178,-11.4841,-23.38,-80.1835,23.6821,-80.623,20.9881,-80.6347,25.5577,-79.7815,26.0257,-79.7508,21.8874,1
11,660,181,-32.2769,-10.6909,28.6822,60.0219,28.4786,59.2545,28.1736,60.2918,28.8498,60.7026,29.2275,59.7076,2
11,660,185,-34.9299,-15.7803,6.9178,-130.759,7.67793,-130.496,7.02729,-131.339,6.26986,-130.997,6.8245,-130.121,1
11,660,194,-33.1746,-23.0927,33.2713,74.4327,32.7236,73.3897,32.6992,74.874,33.7035,75.3333,33.8499,73.908,2
12,720,9,-38.0171,-6.57431,-20.342,-84.783,-19.5496,-84.2484,-20.1238,-85.5455,-21.0195,-85.2491,-20.5677,-83.9099,1
12,720,15,36.3364,-15.6082,-31.465,-52.226,-30.8515,-52.1152,-31.4739,-53.2385,-32.1354,-52.3841,-31.4375,-51.3646,1
12,720,18,-33.6776,-18.202,-22.1189,77.4209,-22.1365,76.5245,-22.707,77.4971,-22.1164,78.1887,-21.489,77.3054,1
12,720,21,20.325,-8.23244,-79.5519,-11.2941,-79.0667,-11.3521,-79.5701,-14.3094,-80.0581,-11.2845,-79.5036,-8.52166,1
12,720,32,25.0551,-23.8045,-64.2772,-52.3128,-63.9841,-51.2774,-63.6217,-53.0409,-64.5388,-53.4298,-64.8359,-51.6038,1
12,720,33,29.5245,-0.539234,-75.898,161.204,-76.3938,160.12,-76.0744,163.648,-75.3506,162.32,-75.7149,159.036,1
12,720,37,39.1556,-2.46278,66.8134,142.045,66.4342,140.637,66.2976,143.592,67.2241,143.725,67.248,140.658,1
12,720,45,35.3593,-20.5201,-28.0087,137.665,-27.941,136.941,-28.9634,137.657,-28.1187,138.444,-27.2058,137.649,1
12,720,55,-24.0883,21.7096,-30.8296,26.8419,-30.231,26.8597,-30.8129,26.0526,-31.4149,26.8625,-30.8672,27.7388,2
12,720,65,23.4532,-22.6858,52.1569,-63.7241,52.608,-64.2042,51.8345,-64.745,51.6803,-63.2895,52.4518,-62.8285,1
12,720,75,27.5926,-21.4651,61.5463,-95.2913,61.6983,-96.4929,60.7744,-95.7913,61.344,-94.0787,62.2217,-94.879,1
12,720,78,30.2517,20.8854,-6.98687,30.0489,-6.30054,30.3119,-6.81496,29.4275,-7.79211,29.7648,-7.18254,30.6287,1
12,720,82,-19.4244,10.8932,44.1231,-103.854,44.0912,-104.559,43.6093,-103.776,44.1621,-103.173,44.6806,-103.927,1
12,720,85,-39.8943,7.85694,21.0027,41.9293,21.6667,42.3373,21.1447,41.1569,20.412,41.5896,20.8264,42.8338,1
12,720,105,14.6448,15.5954,-73.7241,-99.8439,-74.0782,-101.278,-74.1018,-98.6041,-73.3201,-98.3981,-73.3307,-100.974,2
12,720,112,-20.9258,-9.70411,46.7565,53.5339,47.2882,53.3315,46.6205,52.8619,46.2645,53.7062,46.905,54.2329,3
12,720,113,-39.3189,-7.08912,23.7829,88.421,24.5805,88.5911,23.7226,87.7224,23.1003,88.273,23.8633,89.2145,1
12,720,115,-38.4514,-6.25601,-31.3846,136.656,-30.6012,136.684,-31.5328,135.937,-32.0601,136.627,-31.1985,137.463,2
12,720,119,-37.265,3.69203,9.97446,-74.1657,9.99633,-74.8765,9.34893,-74.0079,9.96221,-73.5367,10.6912,-74.3469,1
12,720,128,18.4757,-21.2749,-82.3887,-92.4167,-82.4897,-96.7012,-83.089,-91.9156,-82.2749,-88.2001,-81.7618,-92.9411,1
12,720,132,23.6522,-22.0918,-31.7508,-64.5232,-31.7664,-65.2073,-32.5139,-64.581,-31.7646,-63.8258,-31.0783,-64.4985,1
12,720,140,29.4192,-22.9928,3.59954,153.327,4.04277,153.77,4.25455,152.714,3.16752,152.837,3.05427,153.868,1
12,720,150,32.9754,-23.8214,9.06998,7.98364,9.14055,7.36598,8.14777,7.87831,8.94968,8.63067,9.84884,8.04941,2
12,720,172,25.6028,-20.0373,67.5275,37.4772,67.1924,36.2854,66.9,38.5218,67.8391,38.7887,68.063,36.4696,3
12,720,181,16.2191,-21.4554,29.2097,65.6927,29.0671,65.1456,28.6205,65.7879,29.3257,66.2453,29.7402,65.5842,1
12,720,195,30.2187,-19.9271,63.7394,118.449,63.8959,117.026,62.8621,117.994,63.5231,119.91,64.4987,118.818,1
12,720,197,-34.8473,-15.8938,33.0149,-120.558,33.8825,-120.065,33.2133,-121.35,32.2798,-120.988,32.8248,-119.686,1
13,780,0,33.2664,-15.8702,-59.2893,-76.3661,-58.7039,-75.7403,-58.9341,-78.0012,-59.9041,-77.1242,-59.5637,-74.9219,1
13,780,1,-22.8144,-23.1471,-71.3751,14.9646,-71.1158,12.603,-71.9267,14.146,-71.6009,17.0667,-70.7994,15.6434,2
13,780,7,33.2698,2.31109,41.4272,-114.669,42.0544,-114.248,41.6045,-115.661,40.7207,-115.134,41.2538,-113.785,2
13,780,10,-20.5451,-24.3007,32.3022,131.678,32.2411,130.87,31.7699,131.63,32.3298,132.396,32.8358,131.689,1
13,780,23,19.5024,-2.14638,-20.6112,118.513,-20.8768,118.08,-21.0267,118.847,-20.3331,118.969,-20.2203,118.199,1
13,780,25,24.4425,-24.3388,47.7635,134.288,47.5179,133.594,47.094,134.652,47.9778,135.021,48.3391,133.932,2
13,780,29,-8.47024,-18.0646,-13.7237,-56.567,-13.2723,-56.2988,-13.4293,-56.9586,-14.1377,-56.8328,-13.9976,-56.171,1
13,780,49,27.3232,0.153603,42.3742,-75.8729,42.9388,-76.0405,42.1534,-76.6679,41.7584,-75.6968,42.5698,-75.1366,2
13,780,51,33.5251,-15.3734,46.9301,-111.709,47.3495,-112.43,46.1986,-112.405,46.4476,-110.967,47.5649,-111.111,2
13,780,53,33.49,-16.4193,20.0055,-27.4107,20.6406,-27.2894,20.0569,-28.3526,19.3234,-27.5741,19.9729,-26.601,1
13,780,54,38.583,-12.0262,-8.41148,-4.39932,-7.73052,-4.17077,-8.33773,-5.3825,-9.16893,-4.68491,-8.46215,-3.567,1
13,780,64,28.8243,-9.21808,46.8655,-111.745,47.0809,-112.489,46.2296,-112.021,46.6159,-110.96,47.4367,-111.502,2
13,780,72,-30.8207,-23.8794,-27.3535,-164.854,-27.7555,-165.779,-27.917,-164.563,-27.0288,-164.063,-26.7824,-165.2,1
13,780,96,-37.2571,-14.0232,-30.0835,-153.549,-29.9023,-154.554,-30.7304,-153.549,-30.2434,-152.695,-29.3654,-153.582,1
13,780,104,33.7507,19.4421,-74.724,81.3597,-74.1903,83.2975,-74.3289,79.3904,-75.3429,78.971,-75.1016,83.2028,3
13,780,108,7.54179,21.2739,38.4295,-92.7172,38.0517,-93.1885,38.0364,-92.3066,38.8492,-92.224,38.8484,-93.1224,3
13,780,118,36.5659,-15.0916,-21.231,-90.0856,-21.1867,-90.7207,-22.0459,-89.9947,-21.304,-89.3872,-20.5372,-90.1757,1
13,780,124,36.2597,1.36845,40.6211,110.003,41.1695,110.63,40.964,109.034,39.9946,109.297,40.3057,110.845,3
13,780,138,35.473,-9.26454,-4.22728,136.812,-3.59064,137.022,-4.13605,135.963,-4.92821,136.56,-4.29864,137.549,2
13,780,147,-37.5174,-1.4255,74.3839,-23.6416,73.8655,-26.1259,73.9252,-21.546,74.8144,-21.3522,74.8745,-26.1987,2
13,780,152,29.9005,22.6048,43.2044,93.4318,43.7283,92.7554,42.7555,92.8592,42.6062,94.2303,43.6047,94.0225,1
13,780,162,-21.6304,-19.4451,23.1081,32.1952,23.0542,31.4581,22.5638,32.1976,23.1354,32.8562,23.6624,32.1639,2
13,780,170,33.7716,-1.85714,1.28003,33.7715,0.883563,33.2638,0.811024,34.3407,1.7171,34.3425,1.6982,33.266,2
13,780,178,35.1016,-15.6213,-71.9497,41.4145,-72.406,39.9441,-72.4462,43.8055,-71.4591,43.0121,-71.5142,39.4438,2
13,780,181,17.411,24.2308,35.8719,70.4483,35.6946,69.7877,35.3785,70.5865,36.0887,71.1811,36.3766,70.3423,2
13,780,189,-35.0519,2.18683,-27.57,29.8434,-27.6428,29.0824,-28.1506,30.0853,-27.4957,30.5209,-26.9139,29.5721,1
14,840,4,36.2542,-4.67846,27.7236,97.1261,27.5131,96.3454,26.9757,97.6324,27.9424,98.0136,28.3731,96.6783,1
14,840,21,-13.007,-20.1554,-79.4017,28.0683,-79.027,25.8455,-79.7148,25.9917,-79.7445,30.1843,-79.0643,29.9237,1
14,840,22,34.0784,-23.4147,-54.7729,112.07,-55.0203,111.151,-55.5593,112.781,-54.5398,113.068,-54.1182,111.461,1
14,840,24,-29.9675,-20.5469,17.5366,120.298,17.0419,119.7,17.1252,120.674,17.9493,120.83,17.9472,119.875,2
14,840,29,-33.0579,-18.0393,-16.7358,-53.7557,-16.0634,-53.331,-16.4834,-54.2856,-17.3053,-54.1376,-16.9787,-53.1712,1
14,840,33,-37.2846,10.5269,-68.2402,135.25,-68.5975,133.608,-68.7167,136.664,-67.8917,136.648,-67.6644,133.695,2
14,840,51,31.5243,-23.7882,47.6962,-108.058,48.1128,-108.779,46.9873,-108.991,47.22,-107.359,48.3061,-107.276,1
14,840,77,-28.8054,-24.4073,26.3016,22.6887,27.1457,22.9532,26.5041,22.049,25.5861,22.4396,26.1297,23.3628,2
14,840,82,38.5175,-10.9799,44.5404,-93.5872,44.6706,-94.4715,43.6869,-93.5431,44.364,-92.6047,45.2672,-93.6374,2
14,840,84,36.268,-13.7171,42.2292,13.533,42.8255,13.705,42.2434,12.4202,41.576,13.3137,42.22,14.4862,2
14,840,88,-25.5425,-18.6347,-60.1114,140.779,-59.6892,139.723,-60.516,140.103,-60.4911,141.717,-59.6727,141.424,1
14,840,98,28.448,-24.0835,17.1659,-93.1858,17.2152,-93.7862,16.3561,-93.3197,17.0741,-92.5705,17.8648,-93.0936,1
14,840,110,-35.4417,-18.9311,40.7832,-43.6381,40.7931,-44.7451,40.2041,-43.5654,40.75,-42.7001,41.4086,-43.7627,1
14,840,120,11.8013,-19.0292,-3.90555,-59.1825,-4.27135,-59.6,-4.42565,-58.8362,-3.56168,-58.7557,-3.43618,-59.5171,3
14,840,132,-26.3349,-24.3372,-23.1525,-63.7554,-23.3165,-64.6525,-23.7523,-63.6913,-23.0309,-62.9772,-22.5441,-63.8639,1
14,840,142,36.9133,-0.225978,-78.2594,156.903,-77.7898,159.581,-77.7593,153.704,-78.7565,153.573,-78.6704,159.916,1
14,840,144,-38.2185,-13.1906,-30.7923,-31.3886,-31.3666,-32.329,-31.2616,-30.7557,-30.3114,-30.5956,-30.2858,-32.1144,1
14,840,148,-38.1642,-5.84577,66.5069,156.885,67.082,158.665,66.9073,155.34,65.9983,155.416,66.0477,158.603,2
14,840,150,14.0167,-20.8861,16.293,12.0933,16.285,11.5458,15.6879,12.006,16.275,12.6343,16.8473,12.1533,2
14,840,156,36.2335,-18.8722,-42.0413,-138.333,-41.404,-138.417,-42.2485,-139.565,-42.7409,-138.291,-41.8396,-137.308,1
14,840,159,32.5776,-15.0147,-10.5914,-11.6143,-10.5233,-12.2197,-11.3887,-11.6127,-10.6896,-10.9628,-9.89934,-11.6292,1
14,840,178,-29.273,-24.0764,-69.1417,21.5111,-69.7362,19.7113,-69.5933,22.6363,-68.636,23.0189,-68.6932,20.3056,1
14,840,181,-27.0211,-24.3302,37.2417,65.6324,36.9509,64.7591,36.7247,65.8298,37.4674,66.4028,37.76,65.3838,1
15,900,1,34.4242,13.9736,-68.8172,53.0196,-68.942,50.8575,-69.5066,53.8319,-68.6232,55.4904,-68.1755,52.3885,1
15,900,6,36.1742,-4.65409,65.1548,-145.567,65.8759,-145.485,64.9656,-147.582,64.3434,-145.686,65.2985,-143.789,2
15,900,26,30.9148,-19.831,77.2704,-135.491,77.7704,-136.569,76.9151,-138.522,76.7247,-134.562,77.5641,-132.774,1
15,900,30,19.0134,-16.4718,-4.903,-43.9941,-4.57534,-43.6176,-4.43746,-44.3589,-5.22165,-44.3904,-5.31807,-43.6502,1
15,900,38,31.5339,-18.8331,67.4763,-43.067,67.8211,-41.889,68.0574,-44.4411,67.1238,-44.3325,66.9762,-41.9007,1
15,900,47,-37.243,-14.086,40.6282,-170.249,40.6991,-171.454,39.9675,-170.147,40.546,-169.23,41.3585,-170.404,1
15,900,48,-37.0003,-16.7178,55.6903,-120.293,56.2814,-121.611,55.1134,-120.861,55.1692,-119.229,56.3409,-119.701,1
15,900,51,29.3449,-21.4038,48.4987,-102.242,48.9316,-102.903,47.8942,-103.16,48.0156,-101.602,49.029,-101.455,1
15,900,61,-26.1527,-23.1487,-26.0475,168.439,-26.1874,167.616,-26.5949,168.504,-25.9428,169.157,-25.4902,168.334,1
15,900,64,37.3458,-15.2194,48.592,-102.35,48.9645,-103.132,47.7863,-102.914,48.1492,-101.524,49.2782,-101.876,1
15,900,67,-33.7587,-17.9441,0.219609,15.6737,1.0443,15.7815,0.237707,15.0794,-0.484711,15.5654,0.231632,16.3159,1
15,900,70,35.4359,-19.4606,-72.1595,103.583,-71.5435,102.861,-72.5724,100.716,-72.8397,104.296,-71.764,105.867,1
15,900,78,35.9065,-12.6603,-14.3043,31.2966,-13.7566,31.6794,-13.9551,30.46,-14.8946,30.849,-14.5915,32.0209,2
15,900,111,36.5359,18.8839,48.9688,19.348,49.5242,18.6214,48.4538,18.7481,48.3173,20.2109,49.4165,19.9445,1
15,900,124,36.2479,14.6813,31.7035,111.498,32.3508,112.07,31.9972,110.672,30.9301,110.851,31.4071,112.227,2
15,900,127,36.0116,13.2116,-75.2587,127.142,-74.6299,128.992,-74.9302,124.482,-75.9824,124.819,-75.552,129.602,1
15,900,132,29.9744,-20.0702,-23.5356,-56.385,-23.5465,-57.0539,-24.3849,-56.3514,-23.5564,-55.6797,-22.803,-56.4351,1
15,900,136,35.5652,-12.7629,42.5298,86.7184,43.1947,86.6408,42.2858,85.5593,41.7936,86.7669,42.7407,87.7172,1
15,900,157,32.1916,-19.0677,-48.6821,-81.3434,-48.2843,-82.0175,-49.3394,-82.1321,-49.1274,-80.6454,-48.1023,-80.7032,1
15,900,160,-33.0748,-19.3582,-22.344,-15.5252,-22.3347,-16.4696,-22.9579,-15.4822,-22.3659,-14.7184,-21.6884,-15.6091,1
15,900,170,1.50139,-23.0318,6.89266,30.0251,6.45571,29.67,6.4424,30.3791,7.29021,30.38,7.29995,29.6741,2
15,900,173,37.4988,-3.18359,63.0348,-159.219,63.5155,-158.105,63.4391,-160.82,62.486,-160.456,62.6681,-157.864,1
15,900,175,31.8921,-22.8341,-6.48371,-153.317,-6.09751,-152.834,-5.77745,-153.89,-6.85733,-153.854,-7.06845,-152.813,1
15,900,182,17.9102,-22.6934,61.7625,117.884,61.977,116.912,61.2483,117.155,61.5184,118.812,62.2316,118.525,1
15,900,184,-30.2954,-24.0124,26.1217,-142.063,26.917,-141.889,26.251,-142.668,25.4467,-142.234,26.022,-141.425,1
15,900,189,-30.9328,-24.3118,-23.5532,32.5009,-23.8739,31.6668,-24.0794,32.719,-23.2974,33.2166,-23.0182,32.2346,2
16,960,0,-33.891,21.678,-67.0268,-41.9834,-66.2959,-41.957,-67.1241,-44.1699,-67.7073,-41.8953,-66.8988,-39.3999,1
16,960,6,-27.9691,24.1318,64.2437,-122.61,64.8536,-122.03,64.5093,-124.31,63.636,-123.057,63.8823,-120.697,3
16,960,7,17.429,-16.7789,33.5502,-108.914,34.063,-108.615,33.881,-109.614,33.0405,-109.237,33.2593,-108.27,1
16,960,14,30.1459,-21.3214,-15.4631,-68.6623,-14.9027,-68.5705,-15.3359,-69.4773,-16.0457,-68.7945,-15.5509,-67.9561,1
16,960,21,-22.5097,-8.69345,-75.9443,65.5762,-75.8411,63.289,-76.4358,65.3401,-76.0266,67.6995,-75.4269,65.7645,2
16,960,25,28.8505,-22.9827,58.4038,140.702,58.2306,139.719,57.6647,141.084,58.542,141.752,59.0345,140.321,2
16,960,29,29.3808,-22.1445,-24.8698,-58.8615,-24.4529,-58.4741,-24.3593,-59.488,-25.2814,-59.297,-25.2933,-58.3023,1
16,960,30,36.9533,-2.60261,-9.77485,-46.5025,-9.42379,-45.9598,-9.27406,-47.0708,-10.1641,-47.1224,-10.2131,-46.0043,2
16,960,32,39.9849,-1.94427,-79.5408,-82.8404,-79.5795,-79.0283,-78.7392,-83.7942,-79.4317,-87.1713,-80.229,-81.9109,1
16,960,34,23.6245,-21.6793,-27.6294,141.406,-28.0181,141.006,-28.1313,141.933,-27.2517,141.836,-27.1977,140.929,1
16,960,48,-27.6674,23.3932,54.3799,-106.315,54.8916,-106.87,53.9857,-107.319,53.9024,-105.738,54.8036,-105.105,1
16,960,60,-31.655,-24.1977,-46.2973,136.182,-46.1338,134.942,-46.8717,136.007,-46.4477,137.233,-45.6867,136.302,1
16,960,70,-17.4999,7.81463,-67.4399,124.354,-67.0635,123.339,-67.8503,123.42,-67.7901,125.383,-66.9994,125.333,1
16,960,74,-39.3219,8.25197,53.0878,-128.338,53.0442,-129.705,52.3428,-127.881,53.1315,-127.137,53.9634,-128.888,1
16,960,84,20.2951,-19.2834,37.8061,20.9363,38.3076,21.0272,37.9414,20.1673,37.3007,20.8159,37.6965,21.6305,1
16,960,87,37.1231,3.75621,-56.2076,88.4833,-55.5455,88.5535,-56.3552,87.2138,-56.9664,88.4006,-56.0748,89.6018,1
16,960,90,-30.1108,7.1684,46.4183,4.23446,47.013,3.96382,46.1378,3.45054,45.8734,4.49387,46.7202,5.12358,2
16,960,100,31.7775,-15.7845,61.1534,72.4109,61.595,73.225,61.6048,71.069,60.691,71.5203,60.7617,73.5637,3
16,960,107,-38.5598,13.0792,13.5687,-99.8549,13.1965,-100.528,13.0249,-99.2804,13.9204,-99.2664,14.2192,-100.529,1
16,960,108,35.2976,-7.80587,46.6894,-88.4468,46.3832,-89.2513,46.0937,-87.704,47.0091,-87.5309,47.2016,-89.1139,2
16,960,109,30.99,-19.0499,80.185,-61.6079,80.1278,-65.0161,79.3828,-61.1181,80.1762,-57.9611,80.8754,-62.2104,1
16,960,111,24.4385,-2.92977,50.1408,21.7687,50.5574,21.334,49.7897,21.1061,49.6907,22.2192,50.4628,22.3883,1
16,960,120,37.6658,-5.19786,4.44185,-55.7377,4.08871,-56.3736,3.80842,-55.1108,4.82856,-55.0086,4.9877,-56.2812,2
16,960,122,-33.8209,-3.62115,76.9511,-50.4879,76.5532,-53.4504,76.4391,-48.5975,77.273,-47.7193,77.4969,-52.8031,1
16,960,131,30.8244,-19.1079,-46.5531,-84.538,-46.3963,-85.4067,-47.3891,-84.8002,-46.7455,-83.6231,-45.8275,-84.3443,1
16,960,142,33.3538,-14.821,-84.0261,162.636,-83.5567,166.794,-83.4491,156.623,-84.472,157.163,-84.4502,168.849,2
16,960,148,37.5362,-12.2046,58.6021,140.516,59.1348,141.416,59.0368,138.874,58.0171,139.501,58.2254,141.888,2
16,960,161,15.5416,-19.5185,3.05326,16.2942,3.02033,15.7651,2.4337,16.2575,3.06233,16.8233,3.61902,16.3096,1
16,960,173,-33.6006,-22.477,61.5983,-143.573,62.2528,-142.124,62.029,-144.549,61.0509,-144.778,61.1635,-142.498,1
16,960,190,27.7553,18.5007,-74.6607,-11.3473,-74.2846,-13.673,-75.2514,-12.4453,-75.0404,-8.51773,-74.1061,-10.2741,1
17,1020,1,31.6605,-20.4334,-65.7481,56.3701,-65.8301,54.7818,-66.6696,56.7817,-65.6828,58.0599,-64.9636,55.9923,1
17,1020,12,35.2738,4.9388,31.4715,-116.418,32.1232,-116.456,31.2671,-117.194,30.7298,-116.373,31.6412,-115.718,2
17,1020,25,-18.0843,-21.2206,63.7665,135.643,63.4323,134.501,63.3145,136.12,64.0441,136.716,64.2062,135.098,1
17,1020,30,40.2459,-5.309,-13.2129,-47.4642,-12.8669,-46.8566,-12.641,-48.1151,-13.5958,-48.1714,-13.6989,-46.9052,1
17,1020,36,20.9112,19.4995,51.8541,136.748,51.4121,136.175,51.5242,137.395,52.3553,137.375,52.1935,136.128,1
17,1020,62,30.7565,-16.2698,6.3798,-160.607,6.35139,-161.177,5.63413,-160.514,6.38358,-159.998,7.02881,-160.703,1
17,1020,66,37.0126,14.2566,16.4164,-5.32982,17.1476,-5.21713,16.3426,-6.05591,15.5554,-5.44648,16.4558,-4.67234,2
17,1020,76,33.7096,-15.3268,44.5742,1.55466,45.172,1.85236,44.7445,0.371139,43.9333,1.20011,44.4315,2.57286,1
17,1020,77,39.8443,1.81971,10.4571,20.5637,11.1143,20.9691,10.6426,19.6998,9.69415,20.0904,10.2861,21.3085,1
17,1020,85,39.1032,7.21481,0.623658,42.6593,1.28254,42.9373,0.691869,41.9136,-0.147409,42.3389,0.549014,43.3141,1
17,1020,104,29.0215,-22.3033,-85.3932,81.7404,-85.0074,86.8845,-84.7264,76.3698,-85.7178,75.1853,-85.9115,87.9469,1
17,1020,111,-24.0196,-3.93219,53.4507,28.6801,53.9304,28.219,53.1654,27.9987,53.005,29.0933,53.7551,29.4109,2
17,1020,112,25.5597,-24.1656,33.0681,67.7131,33.5917,67.6916,33.1184,66.8609,32.5339,67.6947,33.0409,68.4556,1
17,1020,114,20.1773,5.16962,-23.7522,118.576,-23.2641,118.627,-23.7399,118.029,-24.2756,118.525,-23.7682,119.098,2
17,1020,123,28.6514,-18.0117,63.2281,100.731,63.7511,101.439,63.6177,99.1343,62.6892,99.9555,62.8887,102.111,2
17,1020,127,21.7166,10.3766,-81.422,145.698,-80.8531,146.861,-81.2633,141.946,-82.042,144.311,-81.5526,149.39,1
17,1020,135,-34.4118,-20.4428,57.4943,43.9879,58.0852,42.559,56.9479,43.3204,56.9678,45.1344,58.1023,44.6644,1
17,1020,138,37.1982,0.364233,-17.361,145.271,-16.6658,145.48,-17.359,144.411,-18.1533,145.026,-17.3654,146.026,3
17,1020,139,25.0589,-21.7438,-41.583,172.553,-40.9962,172.533,-41.5411,171.509,-42.1852,172.527,-41.5906,173.469,1
17,1020,140,33.7557,-18.4924,-15.5435,152.833,-15.1203,153.352,-14.8913,152.144,-15.9705,152.245,-16.0846,153.436,1
17,1020,145,31.1753,-21.6814,14.6961,-20.1584,14.3416,-20.7038,13.9404,-19.6258,15.0343,-19.5579,15.3277,-20.6347,1
17,1020,147,33.1246,-23.0609,81.5863,42.7099,81.888,38.6482,80.7018,39.816,81.1845,46.5264,82.3225,45.4978,1
17,1020,160,-32.5279,-22.4254,-17.5697,-10.3345,-17.63,-11.2836,-18.1826,-10.2777,-17.5368,-9.52892,-16.9243,-10.4377,1
17,1020,169,36.3886,-15.1554,-44.3085,-38.8735,-44.0101,-39.6801,-45.1721,-39.2457,-44.6582,-37.9938,-43.569,-38.5834,1
17,1020,179,-35.2746,8.21962,-18.4844,25.4946,-18.8805,24.8574,-18.9621,26.0451,-18.1134,26.0562,-17.9291,24.871,1
17,1020,184,-26.1981,-24.0575,19.0283,-139.286,19.7516,-139.131,19.1846,-139.828,18.4048,-139.441,18.9003,-138.722,1
17,1020,189,-40.4477,-1.79218,-14.2824,35.8158,-14.4076,34.9801,-14.8935,36.1456,-14.1696,36.5326,-13.5794,35.4287,1
17,1020,193,-32.64,18.9295,25.1815,69.9354,24.9778,69.1765,24.4492,70.31,25.4018,70.633,26.0464,69.5142,3
18,1080,8,-33.8191,-20.4477,-5.92743,-91.4071,-5.0281,-90.98,-5.68208,-92.0429,-6.6782,-91.7882,-6.14988,-90.708,1
18,1080,9,25.4133,-23.8957,-41.985,-86.4362,-41.4359,-86.041,-41.4971,-87.3801,-42.5234,-86.8943,-42.3809,-85.5876,1
18,1080,21,-34.8879,-18.5029,-70.5792,78.5589,-70.6535,76.0586,-71.1496,78.9537,-70.5054,80.6772,-69.9671,78.063,2
18,1080,34,-26.3203,20.896,-16.2202,135.482,-16.5832,135.046,-16.6759,135.93,-15.8472,135.882,-15.685,134.991,1
18,1080,44,-32.4089,21.3772,-29.3692,123.654,-29.2207,122.925,-30.1227,123.562,-29.4689,124.35,-28.487,123.789,1
18,1080,57,31.0318,6.19884,-35.1389,144.992,-35.0845,144.186,-35.8185,145.084,-35.1889,145.897,-34.5161,144.922,1
18,1080,60,-37.1363,-16.8714,-41.3979,144.997,-41.2455,143.81,-42.0305,145.004,-41.5318,146.001,-40.7006,144.946,2
18,1080,64,33.7129,-3.59529,51.7298,-83.8877,52.1782,-84.5496,51.1555,-84.5495,51.2218,-83.1778,52.2369,-83.2871,1
18,1080,84,18.4805,-3.77993,30.5725,26.9589,31.0455,27.0891,30.667,26.358,30.0784,26.8183,30.4836,27.5234,1
18,1080,91,-33.3927,14.6932,21.2621,48.9529,21.9038,49.0786,21.2546,48.208,20.6675,48.8632,21.2519,49.813,1
18,1080,98,25.4911,-21.2916,27.5531,-81.7075,27.6446,-82.3214,26.8397,-81.8946,27.4255,-81.0835,28.1833,-81.5631,2
18,1080,101,16.9514,-16.2163,17.8904,80.7012,18.2712,81.0633,18.3181,80.2632,17.5174,80.3216,17.5076,81.1118,2
18,1080,104,32.7819,7.1307,-87.7033,-82.9298,-88.1973,-94.6773,-87.8693,-66.2188,-87.0701,-74.8741,-87.4,-95.2007,2
18,1080,108,15.5772,-18.4941,53.5906,-91.0113,53.2599,-91.6775,53.0874,-90.4588,53.9008,-90.3113,54.0391,-91.5519,1
18,1080,111,38.0459,1.11249,46.8913,32.5344,47.4965,32.1995,46.4503,31.6894,46.1961,32.9043,47.2684,33.2915,2
18,1080,142,23.9442,-20.7878,-87.8201,-86.2044,-87.5707,-99.4877,-88.5001,-97.3656,-87.9607,-70.2325,-87.1776,-81.3855,3
18,1080,148,37.2249,-15.3411,51.723,143.009,52.2258,143.799,52.2485,141.653,51.1827,142.113,51.2793,144.141,2
18,1080,152,-31.0663,6.6389,44.2887,117.318,44.9147,117.107,44.031,116.523,43.7175,117.522,44.5663,118.22,2
18,1080,161,37.0459,6.33151,8.72331,24.5123,8.77587,23.786,7.98197,24.6661,8.66463,25.3505,9.38418,24.3886,2
18,1080,190,34.9296,-12.9601,-74.3095,2.86614,-73.9733,0.645041,-75.1875,1.75893,-74.6777,5.37059,-73.547,3.68578,2
18,1080,193,-26.1819,-14.4969,24.8131,70.5488,24.4454,69.8146,24.2901,70.892,25.1252,71.2138,25.3499,70.1622,2
19,1140,6,36.6646,-16.7136,55.1297,-128.483,55.7923,-128.023,55.322,-130.241,54.4107,-129.034,54.964,-127.009,2
19,1140,12,-36.1999,10.832,31.4321,-104.297,32.1126,-104.154,31.3778,-105.113,30.8163,-104.403,31.4789,-103.35,2
19,1140,16,-29.2847,22.6752,-44.5099,33.3714,-44.1626,32.7066,-45.0872,32.8467,-44.8104,34.0437,-43.8499,33.9961,1
19,1140,21,23.3161,-4.1692,-68.7208,99.3366,-68.8885,98.032,-69.2225,99.9996,-68.5372,100.707,-68.2555,98.7433,2
19,1140,23,-38.4905,14.0182,4.44349,115.804,4.18037,115.149,3.85982,116.257,4.70103,116.38,5.14139,115.278,2
19,1140,53,-15.3001,-21.2307,6.18654,-10.2265,6.84872,-10.2281,6.26864,-10.7832,5.58631,-10.246,6.13151,-9.67119,2
19,1140,57,-32.8143,-0.574882,-28.2987,142.084,-28.1863,141.254,-28.9561,142.129,-28.392,142.829,-27.5663,142.028,2
19,1140,80,26.3433,-20.1622,0.815664,-130.072,0.686961,-130.589,0.127371,-129.925,0.921187,-129.53,1.41664,-130.219,1
19,1140,81,29.3216,-15.1199,32.0725,-110.224,32.0331,-110.863,31.3785,-110.112,32.0885,-109.541,32.6822,-110.339,1
19,1140,82,18.565,-9.75765,57.5484,-71.4876,57.7276,-72.333,57.0371,-71.8534,57.3468,-70.6308,58.0247,-71.1528,1
19,1140,86,36.9237,-17.914,-35.1154,63.2059,-34.5514,63.5099,-34.8777,62.1559,-35.7199,62.8287,-35.2934,64.101,1
19,1140,89,-32.7283,20.5258,-24.5239,-150.88,-24.5467,-151.555,-25.2174,-150.748,-24.4673,-150.251,-23.7091,-151.01,1
19,1140,98,-39.6005,-3.5884,36.0086,-81.4891,36.2227,-82.5131,35.3048,-81.4468,35.8185,-80.6134,36.816,-81.5535,2
19,1140,100,32.2429,-22.4103,50.7472,74.6484,51.1824,75.3078,51.3393,73.6097,50.3105,73.9182,50.2527,75.533,1
19,1140,107,-27.7941,9.89328,24.3213,-98.7888,23.9655,-99.3119,23.8908,-98.3283,24.6637,-98.3063,24.8056,-99.2983,3
19,1140,115,-31.7018,-21.1895,-45.7591,161.666,-45.0605,161.159,-46.0196,160.968,-46.3649,162.087,-45.4495,162.373,1
19,1140,127,33.0233,-14.3632,-86.2231,159.555,-85.5874,161.328,-86.0584,146.947,-86.9,156.315,-86.1967,170.867,2
19,1140,136,34.0937,-11.1051,33.7099,101.529,34.3576,101.596,33.6307,100.528,33.0001,101.43,33.7816,102.399,2
19,1140,146,34.7332,0.825733,60.0356,-10.1606,59.7524,-11.4291,59.414,-9.23625,60.337,-8.70056,60.586,-11.0031,1
19,1140,150,-16.7873,-23.7714,30.5486,24.1614,30.5306,23.393,30.0141,24.062,30.5386,24.8501,31.0807,24.2261,1
19,1140,158,36.3235,-18.6676,-23.4378,-25.5079,-23.3081,-26.1922,-24.3717,-25.5747,-23.6128,-24.7663,-22.65,-25.4712,1
19,1140,177,-19.5795,-5.89138,-84.1106,9.14907,-84.3316,3.81214,-84.5711,11.731,-83.8662,13.765,-83.6215,6.78528,2
19,1140,179,36.2947,-9.54698,-12.9594,32.6709,-13.3476,32.1211,-13.5184,33.3262,-12.5416,33.2939,-12.4807,32.1026,2
19,1140,180,-38.895,-11.8655,23.8864,54.2574,23.6397,53.3547,23.3357,54.6112,24.0828,55.0287,24.4925,53.833,1
19,1140,193,36.4547,1.11713,27.5461,79.4885,27.3455,78.672,26.8206,79.9729,27.7649,80.4249,28.187,79.0636,2
20,1200,7,-20.5707,-21.8505,20.9896,-101.1,21.6852,-100.787,21.2826,-101.656,20.3796,-101.397,20.7212,-100.525,2
20,1200,12,28.7063,19.356,23.8055,-105.587,24.4542,-105.646,23.7071,-106.213,23.0641,-105.498,23.869,-104.985,2
20,1200,28,28.2319,-21.3769,-4.46601,-63.1781,-4.05268,-62.8341,-3.9798,-63.7312,-4.87548,-63.5605,-4.874,-62.6841,2
20,1200,36,18.3717,-9.12527,60.6458,134.853,60.2933,134.17,60.2706,135.657,60.9992,135.59,60.9847,134.078,1
20,1200,44,39.7132,-1.05267,-31.0961,133.402,-31.0044,132.549,-31.9441,133.603,-31.2033,134.389,-30.3638,133.237,1
20,1200,51,-33.1533,17.8504,50.9757,-66.102,51.6575,-66.2984,50.7117,-67.2453,50.3494,-65.876,51.2503,-64.7418,1
20,1200,58,29.3994,-15.4774,-3.86427,173.331,-3.87291,172.724,-4.65061,173.395,-3.88086,173.978,-3.17522,173.26,1
20,1200,66,-26.7206,7.7317,11.5585,5.41928,12.1115,5.57751,11.6387,4.84446,11.0385,5.28234,11.4624,6.05218,2
20,1200,70,-31.7027,22.3931,-59.7557,157.945,-59.5427,156.712,-60.5096,157.6,-59.9084,159.146,-58.8741,158.38,1
20,1200,77,-29.8279,-23.7838,5.26883,29.7917,6.1167,30.0583,5.4772,29.2135,4.55243,29.5423,5.09161,30.4072,2
20,1200,83,36.0248,-19.0101,51.3466,-3.15752,51.9532,-3.16166,51.2251,-4.55602,50.6856,-3.20912,51.4532,-1.97416,1
20,1200,84,30.7858,9.45874,22.4572,30.5927,23.0392,30.7677,22.5138,29.9437,21.7998,30.406,22.389,31.1894,2
20,1200,90,-34.6891,-16.4822,41.4037,19.3664,42.2247,19.0626,41.1622,18.6146,40.6965,19.6015,41.689,20.1756,1
20,1200,108,-33.9209,-20.3925,60.8493,-99.5586,60.1649,-100.72,60.4825,-98.5552,61.4091,-98.5036,61.2036,-100.707,2
20,1200,111,23.8681,17.944,44.9707,45.0582,45.4952,44.7696,44.7633,44.3897,44.389,45.3973,45.1475,45.7218,2
20,1200,116,30.4869,-20.665,-50.8082,-136.705,-50.5752,-137.477,-51.4933,-137.207,-51.0766,-135.905,-50.2075,-136.309,1
20,1200,118,-7.44055,21.1758,4.93408,-76.3568,4.85876,-76.824,4.44507,-76.3283,5.03257,-75.8783,5.46087,-76.3676,2
20,1200,127,17.9361,-20.2465,-85.7398,-145.109,-85.3675,-150.64,-86.1962,-152.431,-86.0892,-138.788,-85.2674,-139.979,1
20,1200,132,-33.2907,-22.8406,-5.05976,-51.4217,-5.29358,-52.3712,-5.68427,-51.2484,-4.88424,-50.6176,-4.40836,-51.6499,1
20,1200,135,-30.1942,14.0544,54.7291,70.1495,55.3505,69.8024,54.4212,69.0851,54.1555,70.5004,55.0546,71.3912,3
20,1200,142,39.4059,-7.77593,-80.2406,-24.0826,-80.6413,-27.8889,-80.8184,-19.3884,-79.7529,-20.0456,-79.7075,-27.6588,1
20,1200,161,-39.5691,-4.938,18.8026,22.5171,18.8847,21.5829,18.0999,22.6735,18.728,23.3163,19.6047,22.3211,2
20,1200,168,23.8479,-1.73379,-49.5928,-72.9635,-49.215,-73.5718,-50.0637,-73.5318,-49.9966,-72.3056,-49.1537,-72.4463,1
20,1200,177,-3.13741,-24.3113,-82.3961,25.0042,-82.83,21.917,-82.8541,27.5974,-81.9911,27.7056,-81.965,22.6713,1
20,1200,185,-35.1805,-20.273,-23.1849,-117.611,-22.3368,-117.416,-23.1148,-118.249,-23.8976,-117.797,-23.2213,-116.916,1
20,1200,193,19.2149,-22.2418,29.5073,77.4663,29.2627,76.841,28.7897,77.7022,29.7192,78.1099,30.1402,77.2278,1
20,1200,197,-34.3154,-18.9083,5.00215,-113.004,5.9033,-112.591,5.22163,-113.657,4.2465,-113.371,4.80228,-112.285,1
21,1260,5,29.0301,-4.79179,71.6379,179.775,72.1682,178.668,71.1532,178.067,71.0492,-179.116,72.0633,-178.614,10
21,1260,34,38.6435,-5.09709,-7.09826,140.567,-7.50663,140.046,-7.56729,141.231,-6.64332,141.167,-6.69413,139.995,2
21,1260,36,34.0527,-10.9307,64.161,138.008,63.8087,136.935,63.6359,139.229,64.5226,139.243,64.6041,136.892,1
21,1260,48,-33.1409,-0.0910898,50.3004,-81.4709,50.9956,-81.7148,50.0309,-82.3721,49.6783,-81.2533,50.5967,-80.4553,1
21,1260,54,-25.8307,24.1626,-29.4074,23.115,-28.7924,23.1498,-29.3646,22.288,-30.0101,23.1256,-29.4786,24.0686,2
21,1260,57,-33.6874,-4.04642,-23.2836,147.177,-23.2199,146.335,-23.9383,147.272,-23.3374,147.923,-22.5571,147.061,1
21,1260,62,-13.1323,17.1068,23.4275,-153.556,23.375,-154.094,22.9097,-153.517,23.4968,-153.02,23.9878,-153.582,1
21,1260,66,34.9693,-20.5014,7.4942,0.860166,8.07381,1.04943,7.69402,-0.0220818,6.88048,0.61973,7.34261,1.60876,1
21,1260,67,32.6999,-23.6819,-21.4277,22.0575,-20.8539,22.2209,-21.1967,21.135,-22.0221,21.8392,-21.5973,22.8447,1
21,1260,74,-32.9912,-21.3174,64.8594,-109.954,64.7777,-112.117,64.2315,-109.786,64.8831,-108.109,65.5234,-110.239,1
21,1260,88,33.3823,-21.9686,-54.2091,-171.931,-54.1219,-172.917,-55.0635,-172.088,-54.3313,-170.886,-53.4827,-171.837,1
21,1260,90,-26.6384,-22.6721,38.8627,22.07,39.5886,21.7479,38.7164,21.3747,38.224,22.3191,39.0423,22.7768,1
21,1260,104,19.4879,-22.7796,-79.3259,-102.204,-79.6712,-104.478,-79.8893,-100.127,-78.9871,-99.9679,-78.8244,-103.972,1
21,1260,118,34.9702,-21.4392,2.45414,-73.6733,2.46658,-74.2532,1.59353,-73.6299,2.40251,-73.0505,3.17899,-73.7292,1
21,1260,159,-33.1865,21.1536,15.7714,3.11729,15.8874,2.45031,15.0168,3.08158,15.697,3.74652,16.6583,3.18436,2
21,1260,161,4.27852,-21.1255,17.3285,27.4879,17.2835,26.926,16.7681,27.4236,17.3481,28.0288,17.8554,27.527,2
21,1260,163,-28.5457,-0.766591,49.642,112.792,50.1902,112.265,49.2617,112.109,49.1406,113.265,50.0557,113.548,1
21,1260,170,-31.112,-15.4095,29.9548,24.9402,29.3631,24.3351,29.5959,25.4936,30.4591,25.486,30.3156,24.3245,1
21,1260,171,24.2524,-4.38304,67.0779,34.6677,66.7533,33.5299,66.6085,35.6852,67.409,35.9256,67.5022,33.6904,2
21,1260,196,-36.3535,-14.441,35.2392,-123.443,36.1203,-122.901,35.4287,-124.285,34.4948,-123.909,35.0543,-122.505,1
22,1320,5,32.5199,-22.0062,70.8772,-175.811,71.4726,-176.749,70.3946,-178.402,70.2208,-174.995,71.2764,-173.553,2
22,1320,37,25.3907,-14.6992,76.3366,-41.9463,76.6551,-40.1815,76.8238,-43.7638,76.0055,-43.7603,75.8974,-40.384,1
22,1320,67,-39.0444,-10.4492,-21.1102,31.215,-20.2365,31.3549,-21.1832,30.5053,-21.8512,31.0867,-21.0016,32.013,1
22,1320,74,6.55321,-24.0627,64.1898,-97.3702,64.2467,-98.6628,63.6147,-97.8422,64.098,-96.1496,64.7263,-96.9711,1
22,1320,77,-23.9302,-21.6274,-2.3803,31.4645,-1.66425,31.6912,-2.1625,30.9344,-3.00424,31.2446,-2.57243,32.0179,2
22,1320,88,-40.3285,-4.73616,-45.1433,-173.604,-45.0031,-174.79,-45.8215,-173.451,-45.2539,-172.586,-44.3654,-173.794,1
22,1320,103,27.2926,-22.4642,-68.3311,81.8149,-67.9437,82.9299,-67.7203,80.5126,-68.6965,80.5603,-68.8388,83.0471,1
22,1320,106,-38.985,-8.55443,-2.16213,-102.038,-2.70275,-102.741,-2.5716,-101.488,-1.70499,-101.436,-1.71366,-102.673,1
22,1320,118,32.0252,-4.99722,7.07226,-70.8024,7.06936,-71.3621,6.43223,-70.6832,7.06566,-70.1876,7.64325,-70.9117,2
22,1320,125,-31.7382,-23.6387,-24.6607,124.543,-23.8268,125.078,-24.3245,123.935,-25.3514,124.062,-24.9714,125.213,3
22,1320,131,-31.586,-16.3613,-26.5154,-70.0772,-26.5658,-71.0111,-27.1306,-69.9719,-26.4821,-69.2667,-25.86,-70.2212,2
22,1320,138,-29.9477,-23.2452,-25.3811,160.834,-24.4866,160.761,-25.4045,160.147,-26.1466,160.871,-25.311,161.548,1
22,1320,177,30.9054,3.54521,-72.0251,37.3329,-72.4977,35.9822,-72.3462,39.2426,-71.4878,38.7543,-71.7107,35.6634,1
22,1320,179,32.6777,-17.8745,-2.57104,31.382,-2.9444,30.8919,-3.20285,31.956,-2.19573,31.9276,-2.03894,30.8765,2
22,1320,180,32.5532,-20.4352,29.9494,65.9063,29.8849,65.2567,29.1522,66.0518,29.981,66.6029,30.6287,65.7589,1
22,1320,188,-39.8109,4.29991,-28.5337,26.0606,-28.5592,25.1869,-29.1921,26.3435,-28.4963,26.8217,-27.7658,25.7358,1
22,1320,193,-38.69,-10.8725,39.6664,73.3719,39.2787,72.1578,39.0615,73.9576,39.9766,74.4135,40.3297,72.6683,2
22,1320,195,33.8625,-21.0613,59.9844,-159.868,60.6645,-159.713,60.0161,-161.895,59.2597,-160.115,59.9554,-158.161,1
22,1320,198,-28.3709,-22.3563,-35.7421,-98.4799,-34.8721,-98.2117,-35.558,-99.233,-36.485,-98.7436,-35.8889,-97.6805,1
23,1380,0,-13.3716,-23.3223,-71.7445,17.9551,-71.5882,15.8098,-72.2849,17.1848,-71.8888,19.91,-71.202,18.5782,1
23,1380,32,-29.1883,20.2609,-69.1835,135.692,-69.5329,134.387,-69.6611,136.964,-68.8192,136.844,-68.6091,134.34,2
23,1380,41,-20.0978,-15.8473,-32.5559,7.02833,-31.9254,6.93209,-32.6028,6.39898,-33.1304,7.09983,-32.4844,7.6694,1
23,1380,48,31.5048,12.5866,40.4347,-75.2519,41.0899,-75.4532,40.1795,-76.0326,39.6907,-75.0114,40.6474,-74.5149,1
23,1380,50,29.0973,-20.8063,47.6867,-113.003,48.0625,-113.723,47.0219,-113.778,47.2604,-112.294,48.2701,-112.341,1
23,1380,54,-34.6138,-5.02074,-31.4224,27.2034,-30.6202,27.1971,-31.5717,26.4369,-32.1278,27.2065,-31.2386,28.0516,1
23,1380,63,25.5,-17.2253,47.6914,-112.998,47.8902,-113.735,47.0631,-113.376,47.4576,-112.25,48.2546,-112.675,1
23,1380,81,20.4498,-20.0166,44.2123,-100.294,44.1935,-101.004,43.5836,-100.345,44.2021,-99.5744,44.7773,-100.272,2
23,1380,97,-15.1742,-15.9896,19.4184,-99.0303,19.3818,-99.6418,18.9126,-99.0372,19.4361,-98.4652,19.9277,-99.0426,1
23,1380,107,29.1011,-23.6815,35.649,-92.8401,35.3065,-93.4181,34.9478,-92.2903,35.9689,-92.2076,36.2359,-93.3428,1
23,1380,111,36.5679,-18.5392,39.8227,52.6074,40.4162,52.5789,39.6674,51.5049,39.1724,52.5945,39.9616,53.5386,1
23,1380,117,-35.9241,18.034,-12.6623,-94.426,-12.5826,-95.0773,-13.3716,-94.3666,-12.7048,-93.8265,-11.8253,-94.4768,1
23,1380,127,20.7243,-19.7463,-77.6644,-80.3041,-77.8984,-82.7787,-78.3305,-79.0752,-77.4301,-77.8312,-77.0706,-81.3797,1
23,1380,135,38.3076,12.0295,43.6492,80.7817,44.4378,80.5014,43.2378,79.8415,42.7204,81.1186,43.9868,81.6456,1
23,1380,141,35.5777,11.7834,-77.3769,155.396,-76.8212,157.782,-76.9729,152.541,-78.0019,152.396,-77.7338,158.076,1
23,1380,149,32.279,-21.8188,-1.68463,150.594,-1.24813,151.071,-1.00454,149.938,-2.11574,150.06,-2.24625,151.167,1
23,1380,151,28.4546,-21.207,43.6324,87.0793,44.09,86.599,43.169,86.1998,43.1332,87.5346,44.045,87.837,1
23,1380,161,-31.6699,-11.2403,25.6003,30.7613,25.6243,29.9239,25.0039,30.8287,25.5657,31.4975,26.245,30.6658,2
23,1380,170,32.8521,-18.7892,37.0026,32.1504,36.6494,31.5165,36.3252,32.8295,37.3489,32.861,37.5683,31.5417,1
23,1380,177,-35.8228,-15.0445,-70.1645,16.3278,-70.6553,14.0937,-70.6276,17.6867,-69.7356,18.1728,-69.6642,14.8393,1
23,1380,180,38.1655,-13.8297,33.2687,69.1388,33.2657,68.3897,32.4256,69.3601,33.2398,69.9743,33.9806,68.9345,2
23,1380,188,-36.5979,-14.2069,-27.1768,27.3179,-27.371,26.4145,-27.7279,27.6008,-27.0178,28.0905,-26.5783,26.9822,1
24,1440,3,-31.3056,-22.8128,29.1641,86.3308,28.6001,85.4331,28.6249,86.7631,29.6184,87.1158,29.7033,85.8285,1
24,1440,8,28.6093,-24.3138,-28.9579,-93.3152,-28.4156,-92.9207,-28.4003,-94.1619,-29.4918,-93.7704,-29.4094,-92.5674,1
24,1440,13,-37.4305,3.10648,-8.77703,-67.8383,-8.05187,-67.6744,-8.81791,-68.5229,-9.41836,-67.9752,-8.72795,-67.0532,2
24,1440,26,-35.909,-12.9395,51.7046,-69.036,52.3544,-68.2935,51.946,-69.9184,51.1478,-69.6717,51.4517,-68.0579,1
24,1440,44,38.4627,-11.7548,-20.5146,142.275,-20.4459,141.546,-21.4301,142.42,-20.6143,143.093,-19.7393,142.144,1
24,1440,58,32.4135,-21.6469,6.9382,-178.495,6.95016,-179.14,6.00281,-178.485,6.88255,-177.811,7.73203,-178.526,1
24,1440,66,-37.069,-11.6307,1.49551,13.0496,2.31771,13.2271,1.49247,12.4145,0.792894,12.8887,1.52168,13.757,2
24,1440,74,-29.5173,-22.6128,70.6804,-84.971,70.9258,-87.4873,70.1072,-85.5634,70.4219,-82.8859,71.2891,-84.4324,1
24,1440,79,37.3841,-14.3436,-71.9457,96.2122,-71.2842,95.6956,-72.3364,93.4046,-72.6872,96.7304,-71.5732,98.4772,1
24,1440,81,33.3797,-10.5426,46.4894,-94.5881,46.5872,-95.4184,45.7572,-94.5983,46.3581,-93.688,47.131,-94.5911,1
24,1440,100,32.8036,-19.1057,31.6148,76.2203,32.0204,76.7424,32.1945,75.4933,31.2031,75.6394,31.1278,76.8502,2
24,1440,103,-19.4207,-14.1756,-76.1641,99.802,-75.6087,100.782,-75.9373,97.8779,-76.6632,98.7865,-76.3645,101.867,2
24,1440,141,22.035,-24.2707,-76.9957,162.585,-76.5047,164.042,-76.4462,160.162,-77.4575,160.874,-77.4392,164.952,1
24,1440,150,-19.9569,15.3466,42.764,46.7646,42.9811,46.097,42.2423,46.4719,42.5658,47.4217,43.3301,47.1109,1
24,1440,155,34.2119,-22.7148,-42.4605,-139.065,-41.8451,-139.194,-42.639,-140.32,-43.1244,-138.983,-42.2785,-138.022,1
24,1440,159,35.5042,-15.6066,15.9359,12.7593,16.0658,12.1172,15.0654,12.7114,15.7622,13.4553,16.6801,12.786,1
24,1440,167,39.9426,-4.74835,-48.8963,-106.948,-48.1947,-107.229,-49.3769,-108.106,-49.7055,-106.636,-48.4763,-105.975,1
24,1440,169,-32.182,23.2961,-20.6646,-15.5745,-20.5173,-16.2497,-21.4305,-15.6832,-20.7613,-14.9258,-19.7636,-15.4192,1
24,1440,181,-28.4803,-12.3234,65.2277,110.647,65.4649,109.178,64.7203,110.283,64.9952,111.923,65.7727,111.009,1
24,1440,192,33.0249,-18.4462,9.30701,70.4841,9.09459,69.8387,8.43676,70.8632,9.49841,71.1909,10.0426,70.1414,1
24,1440,193,-27.2067,-12.7774,45.992,78.6445,45.6887,77.6399,45.443,79.0422,46.2436,79.5558,46.5628,78.1862,1
25,1500,2,31.3707,-22.1743,-3.62299,83.8611,-3.89036,83.2589,-4.49528,84.2576,-3.38082,84.5135,-2.89071,83.5036,1
25,1500,18,-29.8552,-19.4931,14.1812,107.974,14.0699,107.191,13.6268,108.069,14.2583,108.657,14.7602,107.842,1
25,1500,39,37.7837,3.2742,-8.56102,-48.8027,-8.17488,-48.2443,-8.0993,-49.3851,-9.00343,-49.4461,-8.97362,-48.294,1
25,1500,41,37.8501,-14.5688,-41.7504,8.79974,-41.0806,8.89791,-41.8364,7.54239,-42.4929,8.6459,-41.6544,9.85728,1
25,1500,47,-33.3981,-12.9358,55.3053,-118.828,55.8573,-119.872,54.7977,-119.444,54.8104,-117.958,55.8686,-118.173,1
25,1500,50,19.7248,-8.24473,49.7656,-100.123,50.1572,-100.713,49.3248,-100.78,49.347,-99.5321,50.1757,-99.5122,1
25,1500,63,-39.4637,-4.23036,56.917,-104.287,57.3654,-105.595,56.2543,-104.619,56.5208,-103.188,57.6782,-103.915,1
25,1500,80,-35.3837,16.9829,26.8402,-123.685,26.7982,-124.415,26.149,-123.475,26.9033,-123.017,27.6546,-123.915,1
25,1500,99,-30.4639,-1.55754,47.386,-1.90789,47.9928,-2.2839,47.0693,-2.63477,46.8368,-1.57401,47.7329,-1.10268,1
25,1500,107,34.2792,8.17553,46.4171,-90.9546,46.0375,-91.7561,45.9497,-90.2324,46.849,-90.0316,46.8466,-91.6045,1
25,1500,118,-33.0656,-19.9636,18.4709,-69.9565,18.3243,-70.7818,17.9272,-69.8145,18.5762,-69.2461,19.0439,-70.1429,1
25,1500,121,24.1956,-24.2957,70.7299,-37.4953,70.5295,-39.2122,69.9268,-37.0267,70.8786,-35.6895,71.4226,-38.0107,2
25,1500,122,35.4994,-16.1752,68.3704,90.9427,68.967,91.8267,68.6638,88.4775,67.7272,89.946,68.1074,93.0015,2
25,1500,123,-31.295,-22.8887,35.5474,117.131,36.3263,117.784,35.9078,116.477,34.8961,116.563,35.201,117.843,1
25,1500,124,35.5653,-16.6843,-1.64224,113.664,-1.19597,114.175,-1.02148,112.933,-2.10411,113.08,-2.15669,114.294,1
25,1500,126,20.8048,4.8737,-75.2187,132.271,-74.7223,133.37,-74.9546,130.233,-75.7483,131.02,-75.4589,134.259,1
25,1500,129,-1.437,20.8224,5.22124,-62.2267,4.85542,-62.6351,4.77329,-61.9044,5.62229,-61.8136,5.70836,-62.5492,7
25,1500,146,35.7261,-19.1194,78.0056,15.9102,78.0729,12.6462,77.008,15.8914,77.8494,19.3771,78.8449,15.8311,1
25,1500,147,-28.6,0.444811,60.5063,151.664,60.9713,152.671,60.8776,150.648,60.0727,150.774,60.0926,152.755,2
25,1500,155,-21.4304,-24.2748,-39.3339,-131.557,-38.7092,-132.019,-39.5316,-132.226,-39.894,-131.17,-39.1009,-130.908,1
25,1500,174,-32.0697,-21.8827,-8.24131,-149.368,-7.54481,-148.799,-7.86301,-149.859,-8.81982,-149.87,-8.60916,-148.823,1
25,1500,178,-30.8893,-5.80675,-25.8537,23.8974,-26.3113,23.2927,-26.2438,24.4093,-25.4452,24.4367,-25.4338,23.3339,2
26,1560,5,-15.4822,-23.2859,66.698,-133.106,67.4103,-133.102,66.8012,-134.583,66.0579,-133.169,66.6143,-131.65,1
26,1560,11,-32.1332,-3.63392,38.2418,-116.55,38.9198,-116.586,38.1066,-117.277,37.6356,-116.52,38.3935,-115.748,1
26,1560,16,32.112,-21.0302,-39.3857,61.6046,-39.2385,60.8773,-40.1982,61.3668,-39.5719,62.3681,-38.6866,61.7792,1
26,1560,20,-31.0855,-23.3092,-74.9375,62.4212,-74.8632,59.3087,-75.4951,62.2316,-74.9883,65.0922,-74.3502,62.465,2
26,1560,24,1.70235,-22.8742,61.5038,135.427,61.24,134.509,61.0055,135.756,61.729,136.333,61.9639,135.066,1
26,1560,26,33.5466,-16.2444,43.0649,-76.3007,43.5191,-75.8261,43.4557,-77.2219,42.5876,-76.8354,42.7338,-75.5056,1
26,1560,27,-1.75282,22.85,5.00475,-63.5885,5.41719,-63.3306,5.31781,-63.9681,4.55789,-63.8404,4.65407,-63.1994,3
26,1560,35,-38.2896,-9.83098,46.6905,126.626,46.0488,125.842,46.4045,127.464,47.2304,127.32,46.9864,125.66,2
26,1560,65,-32.6005,17.7044,21.8077,-2.92646,22.4014,-2.70947,21.9239,-3.6621,21.2466,-3.09822,21.6508,-2.07848,2
26,1560,72,-30.6876,-24.2955,17.871,-149.302,17.3952,-150.124,17.3274,-148.989,18.251,-148.587,18.4155,-149.671,1
26,1560,81,17.3344,-23.869,51.9604,-89.2166,51.9979,-90.053,51.3461,-89.4774,51.8888,-88.3957,52.5148,-89.0112,1
26,1560,87,-32.9366,-20.0157,-57.6526,155.183,-57.3209,153.785,-58.1945,154.812,-57.9406,156.385,-57.0613,155.509,1
26,1560,95,-36.7037,-12.8225,-22.061,-144.996,-21.9694,-145.918,-22.6981,-144.928,-22.1459,-144.207,-21.3567,-145.098,1
26,1560,99,-5.32383,-22.2483,44.4744,-0.607065,44.9457,-1.03794,44.2832,-1.29802,44.0231,-0.237244,44.6753,0.0477644,1
26,1560,103,12.0702,-20.7549,-83.6387,95.4168,-83.1729,97.4594,-83.266,91.3699,-84.0754,92.9051,-83.9337,99.6459,1
26,1560,117,-35.4047,14.788,-4.07119,-88.1524,-4.02067,-88.7886,-4.74199,-88.0589,-4.09365,-87.5707,-3.28841,-88.2467,1
26,1560,121,25.6463,-24.194,73.9123,-31.357,73.7803,-33.4968,73.0736,-31.0897,73.9846,-29.1215,74.6356,-31.704,1
26,1560,122,36.2523,12.0939,61.8337,97.1942,62.5326,97.9705,61.9919,95.6011,61.0073,96.3543,61.6526,98.6009,2
26,1560,129,-12.4934,-21.1129,4.99658,-63.5448,4.53343,-63.997,4.54244,-63.2097,5.40497,-63.1156,5.42688,-63.8953,5
26,1560,147,31.703,-24.3568,58.7312,139.553,59.2485,140.31,59.3248,138.048,58.2128,138.71,58.2372,140.811,1
26,1560,159,-37.0715,-4.29236,27.2862,13.9531,27.409,13.0589,26.6217,14.0306,27.1738,14.7297,28.0356,13.8513,1
26,1560,175,-34.7875,-18.5621,-48.2189,-147.309,-47.4956,-146.474,-47.8806,-148.119,-48.8169,-148.058,-48.548,-146.391,1
26,1560,180,-36.7732,-8.25089,47.2774,69.3959,47.1788,68.2648,46.7005,69.7062,47.3483,70.3798,47.9157,69.0182,3
26,1560,198,29.8054,-21.8149,-51.8833,-98.4298,-51.2939,-97.9966,-51.4814,-99.765,-52.4812,-98.9573,-52.1951,-97.2508,1
27,1620,0,-33.1422,22.9096,-56.453,48.9921,-56.4372,47.6902,-57.3055,49.1616,-56.4098,50.2127,-55.4359,48.8502,1
27,1620,3,15.2148,-20.9969,38.864,95.5229,38.6085,94.8551,38.2095,95.7851,39.0881,96.2049,39.4504,95.2546,1
27,1620,13,30.3855,-14.1173,-20.2947,-66.8994,-19.7404,-66.8051,-20.2447,-67.6676,-20.8845,-67.0244,-20.3237,-66.2227,1
27,1620,19,-34.796,-13.1036,44.3917,145.389,44.578,144.3,43.7898,145.326,44.2119,146.32,45.0535,145.426,1
27,1620,23,-36.3972,11.8338,34.1217,119.149,33.8465,118.413,33.5837,119.658,34.3839,119.806,34.7508,118.56,2
27,1620,27,-14.0378,-16.403,4.70699,-62.7634,5.17074,-62.4807,4.98986,-63.1515,4.28517,-63.0364,4.43747,-62.3646,5
27,1620,52,-35.454,-19.9577,12.5643,-14.3037,13.5552,-14.2462,12.5296,-14.9895,11.7324,-14.3717,12.642,-13.5613,1
27,1620,74,-4.30047,-19.8974,69.002,-50.1768,69.4449,-51.1849,68.7364,-51.4952,68.5686,-49.3087,69.2668,-48.9054,2
27,1620,84,25.7231,-18.602,1.86775,41.3205,2.36005,41.5063,2.1194,40.689,1.36606,41.104,1.66004,41.8852,2
27,1620,102,-23.7044,23.0459,-55.4762,88.5289,-55.0538,89.1801,-55.0386,87.7019,-55.9095,87.9186,-55.9857,89.4633,1
27,1620,117,-38.9763,-11.6009,-2.92285,-88.1102,-2.98952,-88.9537,-3.51818,-87.9071,-2.87442,-87.3933,-2.26024,-88.3604,1
27,1620,122,-23.9617,-22.0033,63.452,110.216,64.1289,111.108,63.7874,109.114,62.8639,109.425,63.1295,111.358,2
27,1620,123,37.2214,6.22678,23.8651,109.725,24.4326,110.29,24.2158,108.928,23.2037,109.081,23.5381,110.42,2
27,1620,133,35.3673,-10.175,38.4545,-2.17153,38.6566,-2.98498,37.6017,-2.28926,38.2038,-1.28402,39.1936,-2.07777,3
27,1620,150,-34.0818,-18.9276,47.1065,55.4789,47.4553,54.2895,46.5217,55.1955,46.7838,56.4687,47.7477,55.7421,1
27,1620,159,-35.8015,-17.9411,28.6567,15.7122,28.6811,14.6749,28.0255,15.787,28.6134,16.5893,29.3422,15.5894,2
27,1620,161,25.3666,16.1209,32.6595,49.5984,32.7563,48.8687,32.0829,49.5395,32.5623,50.418,33.2095,49.682,7
27,1620,166,-39.5302,-2.24365,-30.1036,-130.996,-29.2387,-131.036,-30.3523,-131.786,-30.8484,-130.957,-29.802,-130.095,1
27,1620,178,-37.4895,-4.58214,-18.2289,22.6605,-18.7355,21.9588,-18.6456,23.2402,-17.7882,23.2664,-17.7651,21.9991,1
27,1620,194,-19.7822,20.6154,72.0187,-178.317,72.596,-178.826,71.8561,179.626,71.4534,-177.754,72.1512,-175.966,4
28,1680,20,-23.1281,-21.3862,-69.8185,82.6777,-69.995,80.8185,-70.3221,82.9762,-69.6639,84.3135,-69.3106,82.3109,1
28,1680,27,-35.0991,-15.9857,1.55385,-60.3112,2.21982,-59.8539,1.81359,-60.8371,0.990876,-60.7141,1.29524,-59.7252,3
28,1680,28,-33.757,-19.9996,-33.3387,-53.2075,-32.6057,-52.7533,-33.1081,-53.8374,-33.9537,-53.6195,-33.5511,-52.5119,1
28,1680,31,37.2793,-16.7113,-83.5772,-135.415,-84.0825,-132.019,-82.9295,-130.221,-82.9809,-138.357,-84.0868,-140.557,1
28,1680,33,-11.7165,20.6797,-14.4076,134.317,-14.7713,133.976,-14.7859,134.686,-14.0221,134.646,-13.9821,133.933,2
28,1680,39,29.3081,-11.7349,-18.5108,-49.1199,-18.1959,-48.6517,-18.0002,-49.5856,-18.8325,-49.6339,-18.9574,-48.696,2
28,1680,49,-32.3307,-23.8637,9.24745,-30.5351,10.1768,-30.5275,9.2566,-31.1622,8.46359,-30.5652,9.28168,-29.874,1
28,1680,55,-34.5026,-20.4174,-47.216,93.4303,-46.7068,92.2171,-47.8063,92.9939,-47.6529,94.4564,-46.5596,93.8349,1
28,1680,56,33.1488,-11.0277,-35.608,142.394,-35.5025,141.615,-36.4277,142.395,-35.7387,143.244,-34.8921,142.381,1
28,1680,61,-37.4873,-15.3179,14.8072,-165.517,14.6542,-166.429,14.2108,-165.284,14.9208,-164.743,15.4572,-165.807,1
28,1680,73,-33.7864,20.2575,61.2834,-119.233,61.3429,-120.657,60.4977,-119.141,61.2514,-117.907,62.2108,-119.297,1
28,1680,76,33.9309,-10.9733,7.13358,20.1118,7.6756,20.4519,7.43857,19.3463,6.54947,19.7212,6.87548,20.781,2
28,1680,79,31.4996,-4.17368,-69.8655,146.11,-69.6069,144.48,-70.5657,145.601,-70.1407,147.937,-69.2377,146.532,2
28,1680,83,37.2119,-12.6618,28.6243,23.1003,29.2043,23.3585,28.7545,22.1583,27.9875,22.7909,28.518,23.9055,1
28,1680,97,-31.7288,19.4321,35.4639,-82.4767,35.6528,-83.2109,34.7687,-82.6328,35.3124,-81.7797,36.2674,-82.2664,1
28,1680,105,-34.2645,-19.438,-16.6339,-103.727,-17.2549,-104.389,-17.0314,-103.236,-16.1175,-103.155,-16.2316,-104.279,1
28,1680,106,-34.6675,-5.37053,20.8266,-102.056,20.3509,-102.682,20.4337,-101.531,21.2413,-101.5,21.2529,-102.651,1
28,1680,107,-33.5795,-15.9993,55.6168,-101.388,55.0127,-102.377,55.2527,-100.533,56.1208,-100.492,55.9812,-102.362,1
28,1680,110,26.9132,-8.56968,47.7568,32.3311,48.232,32.0493,47.4804,31.5374,47.2446,32.6102,48.0078,33.052,1
28,1680,122,-38.5482,2.51229,57.3152,115.285,57.8534,116.536,57.7316,114.074,56.8283,114.235,56.8216,116.655,3
28,1680,131,17.515,-21.3241,-12.4593,-52.5632,-12.5509,-53.1295,-13.1395,-52.543,-12.3946,-51.9938,-11.8477,-52.6025,2
28,1680,137,36.5947,1.522,-21.6269,146.048,-20.9322,146.241,-21.6385,145.187,-22.4185,145.823,-21.62,146.808,1
28,1680,141,-38.4529,-12.2739,-80.8808,-96.7168,-80.3982,-101.999,-81.5837,-97.8087,-81.2331,-91.8615,-80.0811,-95.8388,1
28,1680,151,19.1016,-20.189,40.2904,111.327,40.7781,111.049,40.0945,110.516,39.7886,111.572,40.4796,112.054,2
28,1680,161,13.8243,-16.4445,33.9825,49.231,34.0724,48.616,33.4171,49.0466,33.8709,49.8409,34.509,49.386,4
28,1680,186,-36.7488,-11.0502,-60.8183,-35.0598,-60.3219,-36.3316,-61.3672,-35.6105,-61.2423,-33.9441,-60.1963,-34.5068,1
28,1680,194,-2.49546,-22.6752,70.7651,177.077,71.3079,176.152,70.5927,175.332,70.2422,177.833,70.9382,178.74,3
28,1680,199,28.31,-23.842,-73.4732,-0.765643,-73.2108,-2.81656,-74.2888,-2.30254,-73.7637,1.35943,-72.7556,0.36114,1
29,1740,3,32.7352,-14.6093,45.3178,101.789,45.1851,100.868,44.4792,102.18,45.4248,102.8,46.0381,101.423,2
29,1740,5,-39.22,-8.50432,57.0976,-115.283,57.9691,-114.381,57.2537,-116.666,56.3558,-116.024,56.9241,-113.713,1
29,1740,12,-29.509,-18.4299,5.11028,-82.4139,5.85971,-82.4022,5.10185,-82.974,4.45709,-82.4407,5.14717,-81.8233,1
29,1740,22,-22.7178,-1.07881,4.58627,115.171,4.29077,114.718,4.19346,115.483,4.86197,115.595,5.00373,114.837,1
29,1740,35,25.8283,1.39809,59.7653,134.116,59.3957,133.354,59.4006,134.982,60.1608,134.961,60.1007,133.3,1
29,1740,45,-29.4782,-23.9012,25.5839,170.043,25.4193,169.105,24.9916,170.133,25.6969,170.853,26.1928,169.904,1
29,1740,47,-35.3824,-17.6625,53.5432,-95.0338,54.3363,-95.7981,53.1564,-95.8889,52.8584,-94.4312,53.986,-94.1186,1
29,1740,60,25.0555,18.888,-12.1236,-177.45,-12.2584,-178.058,-12.6567,-177.299,-11.9513,-176.769,-11.6022,-177.57,1
29,1740,73,-38.5677,11.1992,63.8305,-116.72,63.9543,-118.5,63.0364,-116.501,63.7251,-115.146,64.7674,-116.969,1
29,1740,80,7.86389,-21.7198,34.5039,-113.62,34.3761,-114.211,33.9557,-113.58,34.6033,-113.04,35.0102,-113.682,2
29,1740,122,24.1287,-24.2218,55.4339,103.367,55.9458,103.933,55.9409,102.233,54.9334,102.752,55.003,104.359,1
29,1740,133,1.64722,-20.1325,45.2543,2.0763,45.3214,1.28674,44.711,1.8363,45.1641,2.8241,45.7739,2.27928,1
29,1740,143,-29.9629,-22.0138,-11.7474,-31.682,-12.386,-32.3192,-12.1903,-31.2282,-11.2143,-31.1218,-11.3114,-32.1846,1
29,1740,168,29.1513,-19.8905,-38.9133,-32.3823,-38.7504,-33.1019,-39.6809,-32.6611,-39.1109,-31.6348,-38.2415,-32.1681,1
29,1740,188,-18.267,-23.2841,-8.48471,38.6046,-8.7697,38.0362,-8.9699,38.7602,-8.24756,39.1214,-8.011,38.4234,2
29,1740,190,-25.7313,-23.1441,-39.159,43.3887,-39.5358,42.3933,-39.7416,43.6852,-38.8468,44.258,-38.5767,43.0431,1
29,1740,194,-29.1483,-24.283,71.7256,-170.309,72.6295,-171.237,71.564,-172.312,70.9451,-169.662,71.9161,-168.233,1
30,1800,3,-39.1658,-2.19737,53.1938,93.2479,52.9071,91.7672,52.5496,93.9899,53.429,94.5362,53.9232,92.3494,1
30,1800,4,31.8247,13.641,71.2946,176.405,71.8709,174.923,70.7612,174.984,70.6292,178.035,71.7608,177.845,5
30,1800,39,34.958,-11.9993,-25.9133,-50.9491,-25.6023,-50.3831,-25.3281,-51.5199,-26.2344,-51.5874,-26.4119,-50.4421,1
30,1800,41,-32.0375,-18.2662,-45.2196,34.6528,-44.4703,34.1236,-45.5275,33.9096,-45.8709,35.0981,-44.8576,35.4147,1
30,1800,43,-29.7871,15.3394,-23.7202,127.699,-23.6377,127.024,-24.3882,127.701,-23.7715,128.335,-22.9593,127.714,2
30,1800,50,33.863,-9.43339,45.0646,-74.6864,45.6879,-74.9625,44.6777,-75.7079,44.3719,-74.4148,45.4018,-73.7875,1
30,1800,56,38.8945,-0.987367,-30.0442,149.758,-29.9563,148.895,-30.9075,149.956,-30.1467,150.753,-29.2959,149.596,2
30,1800,63,-36.6887,-14.4092,58.3208,-72.0255,59.0089,-73.0218,57.8574,-72.8261,57.7211,-71.2252,58.8461,-71.1548,1
30,1800,69,-36.4916,-12.7439,-35.3159,152.039,-35.2435,151.017,-35.9377,152.129,-35.3815,152.916,-34.6298,151.912,1
30,1800,97,-35.996,-19.4187,37.891,-80.0293,37.9934,-81.197,37.2604,-80.0266,37.778,-79.0515,38.5776,-80.0811,2
30,1800,110,31.8525,-11.1616,44.4803,41.3136,45.0155,41.1531,44.2436,40.4111,43.8963,41.4609,44.6913,42.111,1
30,1800,126,21.3919,-16.715,-85.5145,-123.57,-85.3197,-130.256,-86.1641,-126.911,-85.6692,-116.245,-84.9145,-121.471,1
30,1800,130,35.4052,0.93315,-34.2122,-69.3595,-34.1646,-70.1991,-34.9764,-69.1834,-34.2629,-68.408,-33.5336,-69.5062,1
30,1800,131,10.6767,-17.3216,-5.63027,-48.8025,-5.73006,-49.3333,-6.22272,-48.7597,-5.55075,-48.2742,-5.08033,-48.8589,1
30,1800,147,35.1778,-19.9728,43.5224,142.776,43.9998,143.434,44.1411,141.695,43.0305,142.033,43.0094,143.685,1
30,1800,154,27.9084,-20.2959,-34.9224,-153.982,-34.3559,-154.04,-34.9711,-154.918,-35.5155,-153.96,-34.8553,-153.169,1
30,1800,167,31.3435,-11.0856,-50.3864,-74.2337,-49.9531,-74.8736,-50.9682,-74.9764,-50.865,-73.549,-49.8639,-73.6054,1
30,1800,176,0.558917,-22.6704,-80.5634,25.1787,-80.9888,22.8878,-81.0048,27.3859,-80.1639,27.266,-80.1502,23.1736,2
30,1800,179,-16.0639,-18.6136,27.7657,24.5811,27.2814,24.1377,27.3876,25.0037,28.1952,25.0043,28.1269,24.1367,1
30,1800,186,27.9956,-21.8174,-64.6028,-17.808,-64.3831,-18.9488,-65.2658,-18.5768,-64.851,-16.6345,-64.0156,-17.2103,1
30,1800,192,29.552,-10.3367,31.3766,77.3649,31.2025,76.6503,30.6543,77.7129,31.5415,78.1436,32.0139,77.0413,2
30,1800,193,-19.0177,-12.6802,64.8957,99.4679,64.813,97.9264,64.3283,99.603,64.9453,100.893,65.4772,99.2807,1
31,1860,4,31.93,-2.87488,71.0108,-178.207,71.6018,-179.174,70.5275,179.986,70.3481,-177.226,71.4272,-176.516,8
31,1860,9,38.4789,10.1806,-77.9343,16.8512,-77.5802,13.2498,-78.7753,16.4045,-78.2798,21.3621,-77.1925,17.3011,1
31,1860,13,38.4613,-2.48302,-32.6563,-55.9877,-31.988,-55.8863,-32.781,-56.9247,-33.418,-56.1162,-32.544,-55.1765,1
31,1860,17,-9.90598,18.1159,5.56501,101.519,5.52563,101.029,5.05615,101.53,5.62371,102.015,6.11142,101.525,1
31,1860,23,-24.3463,13.8426,48.8513,123.667,48.6058,122.958,48.3801,124.107,49.097,124.34,49.3787,123.186,1
31,1860,27,23.8396,-13.0916,-11.0429,-64.3724,-10.6527,-64.05,-10.6739,-64.8593,-11.4396,-64.7232,-11.3674,-63.9242,2
31,1860,36,20.1879,-24.0163,78.9956,-40.9698,79.3285,-38.8168,79.5613,-42.8862,78.6719,-43.0962,78.4961,-39.3347,1
31,1860,43,20.4705,-4.47729,-25.6699,132.587,-25.6742,132.002,-26.2473,132.633,-25.6694,133.203,-25.1317,132.541,1
31,1860,47,30.4298,-14.3422,44.5401,-87.5974,45.1097,-87.8116,44.2736,-88.598,43.9235,-87.4046,44.7789,-86.7179,1
31,1860,50,-20.0075,-24.2749,49.2704,-68.8322,49.9204,-69.3982,49.0719,-69.6696,48.6821,-68.3767,49.4949,-68.0094,1
31,1860,56,24.7588,-23.8717,-27.8251,148.953,-27.833,148.279,-28.6319,148.864,-27.8518,149.639,-27.1208,149.002,1
31,1860,59,-33.9178,12.8848,53.4492,-120.878,53.898,-121.81,52.7906,-121.443,53.0508,-120.019,54.2,-120.183,1
31,1860,62,38.1674,-13.5265,43.6801,-120.878,43.9551,-121.691,42.8096,-121.145,43.3412,-119.994,44.4196,-120.66,1
31,1860,66,31.9326,-18.1971,-23.4091,21.3015,-22.8507,21.4639,-23.2535,20.4523,-23.9975,21.0945,-23.5236,22.0396,1
31,1860,73,4.42063,-23.2598,63.176,-103.691,63.1965,-104.94,62.6042,-104.041,63.1211,-102.508,63.7127,-103.404,1
31,1860,74,-30.8813,-20.8381,64.195,-15.1815,65.0576,-15.3608,64.1239,-16.5775,63.4527,-15.0816,64.2925,-13.7082,1
31,1860,82,34.9144,-7.92173,47.1161,2.64484,47.7129,2.7285,47.0281,1.56277,46.4561,2.53282,47.19,3.59347,2
31,1860,103,0.739838,-20.2108,-76.9202,-111.255,-77.2453,-113.135,-77.389,-110.091,-76.6138,-109.494,-76.4801,-112.36,1
31,1860,111,34.1579,14.3049,17.3594,79.7812,18.0119,79.8393,17.2873,79.1374,16.6044,79.7289,17.4023,80.3744,2
31,1860,113,-37.2458,-17.5024,-30.97,131.093,-30.1065,131.012,-31.1134,130.411,-31.6999,131.145,-30.7767,131.832,1
31,1860,131,19.4392,-5.67089,-2.21393,-45.5059,-2.27678,-46.0435,-2.802,-45.4087,-2.15591,-44.9425,-1.66604,-45.6009,1
31,1860,134,-39.0296,4.34374,54.2907,75.0489,55.126,74.8147,53.9303,73.8748,53.5627,75.2663,54.6957,76.4413,1
31,1860,139,32.4643,-24.3192,-54.7245,-110.888,-54.3903,-111.838,-55.5554,-111.795,-55.1101,-109.915,-54.0086,-110.192,1
31,1860,150,37.5166,2.3339,42.613,80.4632,43.1653,79.8799,41.9866,79.8486,41.9748,81.1174,43.1566,81.0227,1
31,1860,158,-29.6304,-4.85919,14.7099,0.208338,14.7381,-0.48302,14.1343,0.272117,14.68,0.830985,15.3354,0.129218,2
31,1860,162,-15.8045,13.3094,47.7953,114.394,48.2444,113.995,47.5132,113.712,47.3599,114.799,48.0837,115.147,1
31,1860,192,38.1285,10.8002,36.5101,81.6174,36.2844,80.6066,35.7958,82.1658,36.7745,82.8121,37.1543,81.1481,1
32,1920,3,27.9292,-18.4868,55.1032,108.359,55.0091,107.285,54.2844,108.578,55.1598,109.498,55.8158,108.127,2
32,1920,9,34.5041,19.165,-74.7674,32.1482,-74.7083,28.9637,-75.5022,32.5511,-74.7562,35.9276,-74.0848,31.9459,1
32,1920,11,-30.7401,-1.32445,22.4017,-98.6735,23.0437,-98.59,22.3674,-99.2972,21.8213,-98.747,22.4413,-97.987,1
32,1920,18,37.2389,-8.75442,29.0198,132.268,29.1956,131.564,28.2048,132.229,28.8011,133.048,29.7227,132.294,1
32,1920,27,-33.7879,-2.13564,-14.849,-58.5693,-14.3305,-58.123,-14.576,-59.1086,-15.3106,-58.9679,-15.1462,-57.9641,1
32,1920,36,33.8243,-23.7762,75.5582,-48.5199,75.9253,-46.6286,76.2361,-50.9668,75.1858,-50.5367,74.9847,-46.5671,1
32,1920,43,32.8025,-5.08083,-23.8405,136.135,-23.812,135.457,-24.5661,136.255,-23.8795,136.883,-23.1967,136.028,1
32,1920,44,-29.7234,-23.7741,6.47602,152.988,6.26566,152.143,5.88864,153.107,6.63209,153.717,7.07824,152.824,1
32,1920,59,37.2346,13.2679,46.8985,-112.595,47.3863,-113.539,46.1826,-113.023,46.3254,-111.495,47.5289,-112.166,1
32,1920,73,28.6381,18.5074,64.785,-85.3569,65.0471,-86.8647,64.191,-85.7899,64.485,-83.6484,65.3385,-84.862,1
32,1920,80,30.0315,-20.8664,42.0067,-103.46,42.0255,-104.207,41.2342,-103.496,41.949,-102.678,42.6746,-103.454,2
32,1920,83,-32.6759,16.3368,16.3639,38.3737,16.9111,38.6683,16.5669,37.7096,15.845,38.1251,16.1113,39.1335,1
32,1920,106,24.0512,-1.3734,36.0761,-95.7726,35.7506,-96.3032,35.6453,-95.2814,36.4198,-95.1961,36.4741,-96.2326,1
32,1920,117,25.7478,-16.0741,8.36026,-73.1349,8.33452,-73.6465,7.72439,-73.0943,8.36545,-72.5994,8.92644,-73.1848,1
32,1920,126,-28.6825,-22.3128,-77.4071,-108.91,-77.4751,-112.91,-78.0258,-108.683,-77.3238,-105.496,-76.7666,-109.297,1
32,1920,130,-25.1663,-0.826991,-24.6545,-69.488,-24.6511,-70.1819,-25.2302,-69.4155,-24.6536,-68.8469,-24.034,-69.5692,1
32,1920,134,-32.0131,-10.2046,52.4522,77.2587,53.2019,76.8755,52.1767,76.3366,51.7892,77.5719,52.7613,78.2629,15
32,1920,135,33.9557,-18.5072,25.4066,108.075,26.044,108.205,25.4789,107.058,24.7249,107.897,25.3575,108.942,3
32,1920,158,23.7016,-14.0689,13.243,5.69653,13.2806,5.14733,12.5936,5.65925,13.1836,6.26706,13.8294,5.71754,1
32,1920,159,31.3956,-3.02899,35.1157,38.8336,35.345,38.1557,34.4454,38.656,34.8524,39.5719,35.7173,38.995,1
32,1920,167,-38.0847,-13.955,-42.3203,-66.1497,-41.7885,-67.1896,-42.9478,-66.4909,-42.7724,-65.2662,-41.6075,-65.8142,1
32,1920,176,-29.7326,-24.303,-73.3103,14.6944,-73.8842,12.325,-73.7788,16.0445,-72.8185,16.6457,-72.8416,13.2546,1
33,1980,2,-38.626,3.46005,30.1634,83.1229,29.8673,82.1649,29.5249,83.6788,30.4271,83.9596,30.9006,82.467,1
33,1980,3,23.3482,-19.2031,58.524,111.029,58.4339,109.899,57.7652,111.158,58.5765,112.201,59.1958,110.871,1
33,1980,11,19.0243,-17.8167,17.649,-100.724,18.1571,-100.705,17.7131,-101.36,17.1345,-100.765,17.6046,-100.146,1
33,1980,17,-30.4857,24.1605,13.3468,105.104,13.3929,104.487,12.6277,105.088,13.3402,105.696,14.1897,105.15,3
33,1980,47,25.7647,-21.1584,41.9134,-79.3623,42.4684,-79.5264,41.7889,-80.3648,41.3348,-79.2382,42.0351,-78.4849,1
33,1980,53,-38.5277,-12.225,-31.3357,25.6873,-30.3611,25.6224,-31.5458,24.8846,-32.1601,25.7313,-31.0659,26.5757,1
33,1980,74,-34.4253,-21.5037,58.9296,-4.92257,59.8928,-4.77482,58.9306,-6.17597,58.1206,-5.08065,58.9583,-3.57487,1
33,1980,76,19.7457,-3.42042,-10.6393,27.4806,-10.1596,27.7219,-10.4126,26.9362,-11.1417,27.221,-10.8489,27.9921,1
33,1980,78,21.116,-19.5274,-69.1767,89.4885,-68.6537,88.9678,-69.3506,87.598,-69.7159,89.9713,-68.9859,91.1387,1
33,1980,96,32.6056,-18.2611,17.1064,-97.2747,17.2021,-97.8887,16.2839,-97.3482,16.9704,-96.6229,17.8151,-97.2285,1
33,1980,119,-34.7513,18.9468,55.8394,9.95415,56.3707,9.37328,55.374,9.02923,55.3623,10.5214,56.3618,11.0913,2
33,1980,130,30.9657,-22.7308,-27.3469,-64.1082,-27.3458,-64.8142,-28.2589,-64.1173,-27.3867,-63.3668,-26.5701,-64.1261,1
33,1980,134,35.6736,-11.9956,44.5914,76.9462,45.2529,76.8012,44.2844,75.7847,43.8556,77.0685,44.8555,77.9503,2
33,1980,158,-39.4733,-3.86938,21.0164,4.34747,21.1304,3.43038,20.3171,4.47522,20.9151,5.13431,21.8163,4.18619,2
33,1980,172,-34.5575,-19.8226,33.3617,-150.546,34.0307,-149.774,33.7559,-151.146,32.8048,-151.207,32.9633,-149.875,1
33,1980,180,39.9061,-7.72553,58.6758,110.563,59.0593,109.518,57.8711,110.039,58.2141,111.706,59.3608,111.02,1
33,1980,188,0.737221,-24.2991,4.59048,45.5931,4.35418,45.1219,4.07232,45.7069,4.79147,46.0464,5.07038,45.4639,1
33,1980,190,28.8539,-19.9144,-27.0883,55.4837,-27.3207,54.8179,-27.8966,55.8497,-26.8747,56.1939,-26.3944,55.1497,1
34,2040,5,37.4577,14.9754,33.7987,-116.808,34.5785,-116.368,33.9336,-117.766,32.8648,-117.302,33.6403,-115.958,1
34,2040,12,-29.1777,15.7739,-11.7824,-68.9898,-11.2056,-68.8784,-11.7396,-69.6332,-12.3293,-69.0726,-11.8448,-68.2598,2
34,2040,17,-23.5125,4.27879,14.0775,106.579,14.0795,106.01,13.5477,106.632,14.0804,107.113,14.6512,106.523,2
34,2040,23,27.6025,-22.8746,55.2248,133.607,55.0276,132.733,54.5159,133.996,55.3901,134.539,55.832,133.225,2
34,2040,27,34.8997,-22.1351,-21.3473,-64.7115,-20.9266,-64.2696,-20.7651,-65.4264,-21.7692,-65.2193,-21.8194,-64.0916,1
34,2040,43,23.9618,-6.37705,-17.4594,139.899,-17.4778,139.328,-18.074,139.975,-17.4476,140.505,-16.896,139.825,1
34,2040,57,-26.9537,-24.0866,11.8062,175.104,11.6007,174.258,11.205,175.198,11.9577,175.84,12.4161,174.966,1
34,2040,69,-34.3087,19.4097,-22.1089,166,-22.0329,165.304,-22.8429,166.042,-22.1442,166.647,-21.2451,165.972,1
34,2040,87,-30.9547,-22.0115,-40.3035,-168.04,-40.4398,-169.082,-40.8591,-167.91,-40.199,-167.144,-39.7255,-168.22,1
34,2040,94,40.1882,-1.84859,-31.0045,-145.094,-30.8321,-145.911,-31.8598,-145.007,-31.2066,-144.149,-30.2694,-145.164,1
34,2040,110,-25.535,-12.8944,40.3531,61.2594,40.9611,61.169,40.2728,60.6079,39.8048,61.3257,40.4501,61.9428,2
34,2040,121,-21.0089,-6.18559,71.2929,103.74,71.8129,104.824,71.5626,102.206,70.8083,102.774,71.0042,105.32,1
34,2040,123,-21.9687,-21.6815,1.53738,117.094,2.1702,117.498,1.90087,116.637,0.988579,116.719,1.19447,117.578,1
34,2040,128,10.067,24.1046,3.22924,-63.6163,2.80758,-64.0411,2.78222,-63.2778,3.71041,-63.1695,3.70994,-63.9423,2
34,2040,129,-32.6264,-18.3826,34.9793,-64.928,34.3585,-65.7267,34.5432,-64.3481,35.4939,-64.2187,35.4176,-65.5859,1
34,2040,130,-24.1964,-24.317,-20.9445,-66.3617,-21.1188,-67.2015,-21.5347,-66.3014,-20.8131,-65.6263,-20.351,-66.4628,1
34,2040,131,-34.43,-14.0248,9.2271,-44.6271,9.08881,-45.5026,8.60646,-44.4238,9.33191,-43.8706,9.89737,-44.877,1
34,2040,134,25.892,-23.8118,44.4789,80.68,45.0604,80.4815,44.3592,79.5379,43.8757,80.826,44.5969,81.6691,1
34,2040,140,36.1246,12.6122,-82.6912,153.618,-82.1077,157.607,-82.2838,148.705,-83.3297,148.187,-83.0302,158.417,1
34,2040,146,34.4734,-12.9492,63.1208,134.321,63.6478,135.221,63.5153,132.572,62.5519,133.325,62.7737,135.804,2
34,2040,154,35.8647,-16.8076,-43.7667,-138.73,-43.1388,-138.861,-44.0266,-139.921,-44.4591,-138.628,-43.5218,-137.733,1
34,2040,159,-38.8806,1.52531,45.0265,43.5874,45.4238,42.5832,44.3232,43.3772,44.6797,44.4561,45.8387,43.8313,2
34,2040,188,26.8393,-22.7534,6.92622,49.0308,6.77528,48.5142,6.212,49.1891,7.04936,49.5718,7.54297,48.8726,1
34,2040,192,34.0339,-21.3622,43.1714,84.4777,43.072,83.5466,42.1674,84.7567,43.2238,85.4878,44.0107,84.2057,1
35,2100,23,32.8705,1.57766,60.6858,138.898,60.5376,137.737,60.1063,139.465,60.8381,140.207,61.2078,138.378,1
35,2100,29,-31.0606,8.5571,-74.1114,64.4687,-73.9576,62.3667,-74.704,64.3269,-74.2226,66.4453,-73.4456,64.6411,1
35,2100,31,4.10943,-23.6118,-63.4878,139.183,-63.9283,138.554,-63.875,140.054,-63.0789,139.808,-63.1385,138.36,1
35,2100,35,-34.1624,-15.3817,79.0234,99.7521,78.2413,99.0097,78.9743,102.819,79.6931,100.554,79.0151,96.3964,1
35,2100,38,-33.0978,13.6673,-11.8947,-44.5623,-11.5553,-44.0245,-11.4171,-45.0248,-12.2237,-45.0468,-12.4516,-44.0388,1
35,2100,46,35.6844,-2.11494,48.3235,-116.725,48.8641,-117.311,47.7335,-117.469,47.7067,-116.089,48.838,-116.053,1
35,2100,59,-28.104,-9.49766,54.4235,-100.527,54.9371,-101.391,53.9663,-101.178,53.9525,-99.7805,54.9199,-99.8332,1
35,2100,64,-25.5608,17.4973,22.9666,-7.20968,23.5068,-7.06508,23.072,-7.85749,22.4425,-7.32277,22.8276,-6.48519,2
35,2100,102,-14.5603,-23.9588,-80.6392,103.387,-80.0122,104.165,-80.4104,100.43,-81.1973,102.449,-80.8112,106.479,1
35,2100,108,-33.4907,-23.9372,62.9556,80.9863,63.6758,82.3292,63.3373,79.9158,62.3562,79.8703,62.5779,82.1533,2
35,2100,109,27.9635,-23.7292,26.5344,74.5931,26.9484,75.0408,27.1353,73.9824,26.1327,74.1042,26.0298,75.1327,1
35,2100,119,36.8886,5.58292,48.5762,18.5361,49.1337,18.0369,48.0826,17.8202,47.935,19.0996,49.0039,19.1963,1
35,2100,121,35.9386,-6.81036,66.0226,91.1848,66.6216,92.058,66.2531,89.1412,65.3544,90.2206,65.8042,92.9331,2
35,2100,128,26.981,-3.07526,4.06889,-62.0125,3.7289,-62.5086,3.56746,-61.5623,4.43071,-61.4717,4.52583,-62.4247,10
35,2100,134,28.8671,-23.5606,42.264,84.5381,42.8714,84.4121,42.1735,83.3583,41.6285,84.6109,42.3555,85.5489,1
35,2100,169,-33.6709,-16.4673,6.03048,7.79752,5.96552,6.9453,5.42289,7.91643,6.07017,8.53131,6.68259,7.63854,1
35,2100,171,30.4011,-22.1267,61.8751,-161.896,62.3045,-160.991,62.4751,-163.22,61.4453,-162.877,61.3664,-160.771,1
35,2100,192,-38.4612,7.33508,53.3543,78.1599,53.2158,76.7356,52.6118,78.7606,53.4799,79.4162,54.2211,77.4369,6
35,2100,197,35.852,-17.365,-50.3955,-103.256,-49.793,-102.684,-49.9893,-104.705,-51.0316,-103.952,-50.7083,-102.003,1
36,2160,2,12.1662,-20.1193,36.8466,91.8958,36.5805,91.2619,36.2289,92.1568,37.0826,92.5383,37.4063,91.628,2
36,2160,10,-36.5569,13.1223,36.3614,-115.028,37.0474,-114.911,36.2777,-115.916,35.7396,-115.105,36.4382,-113.988,1
36,2160,12,36.9755,1.90993,-20.6403,-70.0074,-19.9845,-69.8865,-20.7135,-70.7934,-21.3884,-70.1488,-20.5794,-69.3137,1
36,2160,22,-29.6789,-19.6186,29.1682,116.889,28.691,116.243,28.7576,117.294,29.5671,117.467,29.5795,116.433,1
36,2160,25,-26.1733,-20.5893,42.6327,-71.1137,43.2419,-70.6575,42.9013,-71.7273,42.1047,-71.5284,42.3762,-70.4651,1
36,2160,30,-26.7738,-9.94385,-85.253,-52.0887,-84.8258,-46.7357,-84.8659,-56.2494,-85.59,-57.8177,-85.622,-46.7664,1
36,2160,39,34.6266,-21.1899,-47.5126,-55.3514,-47.2229,-54.5827,-46.7703,-56.0498,-47.7842,-56.2139,-48.1254,-54.7217,1
36,2160,59,-35.8263,5.5629,55.0529,-91.3649,55.7343,-91.9943,54.5596,-92.2931,54.4483,-90.8023,55.6071,-90.2696,1
36,2160,80,-9.69213,-23.2901,55.0471,-91.2707,55.0375,-92.2676,54.5469,-91.4484,55.0278,-90.3571,55.5356,-91.1373,1
36,2160,86,-28.5202,-18.8451,-57.3981,156.876,-57.1513,155.618,-57.9111,156.547,-57.6195,157.98,-56.8503,157.162,1
36,2160,93,-33.273,-23.0528,-40.5515,176.896,-40.2316,175.776,-41.1259,176.633,-40.8336,177.839,-39.9275,177.117,1
36,2160,96,-36.9944,-8.55068,30.4866,-93.0485,30.5928,-93.9994,29.8402,-92.9702,30.3836,-92.2303,31.2088,-93.1584,2
36,2160,106,-20.2508,0.84241,51.6163,-100.973,51.2566,-101.639,51.2464,-100.385,51.954,-100.337,52.006,-101.609,2
36,2160,108,-14.5833,24.1017,54.2111,77.138,54.6014,77.7478,54.6414,76.4732,53.7904,76.566,53.7131,77.8272,3
36,2160,110,39.0204,-6.11962,30.5466,63.529,31.1812,63.6237,30.42,62.6159,29.827,63.4068,30.653,64.3155,2
36,2160,127,30.0962,-17.2387,-29.6202,-65.216,-29.9647,-65.8118,-30.2839,-64.6354,-29.2766,-64.5678,-29.0507,-65.7304,1
36,2160,128,20.055,8.86629,9.0558,-62.493,8.69477,-62.9516,8.62912,-62.1007,9.45242,-62.0012,9.47293,-62.8617,2
36,2160,155,-31.962,23.2671,-39.4389,-72.9525,-39.0753,-73.6285,-40.0983,-73.4371,-39.746,-72.2775,-38.672,-72.3633,3
36,2160,160,27.9206,21.5037,31.6162,46.1644,31.6877,45.3576,31.0145,46.1262,31.5511,47.0948,32.1919,46.2408,2
36,2160,178,33.2586,0.825396,16.1786,28.1287,15.7801,27.6003,15.723,28.7014,16.6207,28.7245,16.5891,27.6162,1
36,2160,185,-31.1291,18.9604,-61.8085,-42.1489,-61.3587,-42.9453,-62.2899,-43.1067,-62.2084,-41.3338,-61.2574,-41.0495,1
36,2160,187,36.6837,5.03794,-16.7487,38.4936,-16.9067,37.8312,-17.3552,38.8521,-16.5628,39.2508,-16.2038,38.1859,1
36,2160,192,-31.1131,-19.6605,53.3512,79.9108,52.9812,78.5101,52.7597,80.3762,53.637,81.1455,53.9601,79.3445,2
37,2220,2,36.2994,-2.2625,40.8506,97.7057,40.6851,96.7652,40.0917,98.2258,41.0192,98.7787,41.514,97.2431,1
37,2220,4,-30.2877,4.24316,60.7618,-123.234,61.3976,-122.595,60.9312,-124.565,60.1747,-123.779,60.5559,-121.77,1
37,2220,16,28.5859,-22.2108,-9.66743,91.5373,-9.67064,90.97,-10.4455,91.5132,-9.6978,92.127,-8.99408,91.5375,1
37,2220,38,-37.3548,7.56235,-18.9084,-44.7433,-18.5275,-44.1078,-18.4482,-45.283,-19.2575,-45.3031,-19.4429,-44.1191,1
37,2220,46,35.744,1.17654,47.4188,-105.541,48.02,-106.004,46.9124,-106.365,46.7336,-105.033,47.8582,-104.793,1
37,2220,48,38.9462,-10.6358,5.1703,-39.0009,5.83311,-38.7879,5.21457,-39.9312,4.42871,-39.2646,5.13961,-38.2116,1
37,2220,60,35.1776,-16.2022,9.04612,-162.983,9.05119,-163.6,8.20953,-162.87,9.00974,-162.31,9.7594,-163.095,1
37,2220,62,27.6619,5.74289,52.4927,-87.2499,52.8907,-87.9236,52.0173,-87.8146,52.0525,-86.5163,52.9263,-86.7035,1
37,2220,72,-36.3319,18.2651,59.6679,-124.949,59.7182,-126.393,58.859,-124.734,59.6431,-123.632,60.6306,-125.177,1
37,2220,75,-35.3728,19.7167,8.45599,25.1044,9.02443,25.5381,8.81422,24.3673,7.91095,24.737,8.00886,25.9669,1
37,2220,95,-39.815,-5.73912,8.20916,-117.677,8.27311,-118.562,7.52543,-117.517,8.15121,-116.922,8.98856,-117.878,1
37,2220,106,36.5367,-12.3408,53.4099,-91.8633,53.1298,-92.8306,52.7233,-91.0099,53.689,-90.758,53.9871,-92.6306,1
37,2220,108,-18.7591,-8.75385,53.5086,77.5825,53.9305,78.2313,53.8396,76.9297,53.1185,76.9822,53.17,78.2603,8
37,2220,125,28.3901,-23.4561,-81.0353,133.891,-80.483,135.679,-80.5406,129.312,-81.5748,131.555,-81.3892,138.291,1
37,2220,133,29.1921,-23.4994,50.9664,43.9854,51.4393,43.3546,50.4308,42.8744,50.4456,44.5755,51.4353,44.9345,1
37,2220,150,30.0909,-19.2285,39.9296,105.964,40.4769,105.707,39.6376,105.001,39.3406,106.191,40.1931,106.796,2
37,2220,158,40.1496,-4.25534,24.6546,21.6223,24.8783,20.8675,23.7682,21.6203,24.3795,22.483,25.4123,21.6243,1
37,2220,160,24.0483,4.60925,33.0909,47.5322,33.2174,46.8786,32.5143,47.4489,32.9527,48.2407,33.631,47.6196,12
37,2220,167,-35.4874,-20.3382,-36.4722,-45.1425,-36.2359,-46.288,-37.1072,-45.2584,-36.6814,-44.1796,-35.7783,-45.0688,1
37,2220,187,-31.7836,24.1644,-8.76142,34.9033,-8.85853,34.3072,-9.45699,35.0761,-8.63002,35.4626,-7.93529,34.726,2
37,2220,189,-28.1348,20.729,53.5363,76.2409,53.5676,75.3005,52.9017,76.241,53.5285,77.1433,54.2641,76.2767,6
38,2280,5,-29.5552,15.2259,22.0007,-104.733,22.5291,-104.282,22.3658,-105.404,21.4887,-105.13,21.5667,-103.981,1
38,2280,26,30.3072,6.55041,-3.67939,-68.0315,-3.22733,-67.6712,-3.39548,-68.554,-4.18656,-68.4301,-3.94878,-67.5553,3
38,2280,31,-35.3742,-13.6335,-51.6898,130.149,-52.2532,129.216,-52.0353,130.945,-51.2071,130.946,-51.3239,129.265,1
38,2280,32,-39.867,-7.07126,-15.1385,128.699,-15.7013,128.027,-15.495,129.292,-14.6596,129.271,-14.744,128.014,1
38,2280,37,30.5222,-23.61,16.7411,-50.0028,17.0904,-49.536,17.4046,-50.5123,16.4061,-50.5132,16.1866,-49.5524,1
38,2280,55,-39.8226,-1.64741,-28.0912,135.795,-27.8961,134.786,-28.8554,135.892,-28.2489,136.666,-27.2085,135.673,2
38,2280,109,-22.1597,-6.50576,13.5954,79.5133,14.0232,79.9301,13.9296,79.0984,13.2032,79.1261,13.2493,79.9552,1
38,2280,132,14.3237,-24.0834,42.7662,-2.41622,42.8325,-3.18737,42.1236,-2.71047,42.6657,-1.66978,43.3517,-2.17731,1
38,2280,133,-35.6232,-5.3461,57.0748,54.6559,57.7857,53.8873,56.6046,53.7577,56.4485,55.3004,57.6034,55.6722,3
38,2280,136,34.2401,17.8594,-24.1316,146.085,-23.3517,146.17,-24.1885,145.314,-25.0482,146.005,-24.1083,146.797,1
38,2280,142,-33.9454,-17.6661,-13.5317,-34.6427,-14.149,-35.3512,-13.9688,-34.1373,-13.0159,-34.0291,-13.0839,-35.2118,1
38,2280,153,34.8317,-21.6846,-31.8627,-162.442,-31.2361,-162.406,-31.8774,-163.55,-32.5343,-162.531,-31.8222,-161.511,1
38,2280,158,21.8275,-24.3104,27.5747,21.488,27.6435,20.867,26.8766,21.2647,27.4693,22.1046,28.1946,21.6615,1
38,2280,160,25.8591,-23.4517,33.4044,48.3255,33.54,47.6566,32.6618,48.0197,33.2267,48.9963,34.0565,48.5697,3
38,2280,169,29.7828,-6.0542,10.8972,20.2832,10.9484,19.688,10.2106,20.3242,10.8295,20.9288,11.5135,20.2421,2
38,2280,179,-33.4341,8.10562,60.384,17.6603,59.9236,16.6263,59.9787,18.7547,60.8057,18.6053,60.8392,16.3903,1
38,2280,187,17.0294,-8.53714,-10.1074,38.8627,-10.2544,38.4034,-10.6055,39.0339,-9.96421,39.3388,-9.64379,38.6965,1
38,2280,189,-34.5527,3.88112,55.6414,77.577,55.7019,76.406,55.0286,77.722,55.5855,78.626,56.3344,77.4096,2
38,2280,192,23.5217,-5.39105,58.0223,96.8211,58.004,95.7055,57.3608,96.9524,58.0219,98.0075,58.6304,96.6883,1
38,2280,199,-24.5583,-22.5782,-41.3069,39.9607,-41.6568,38.9589,-41.887,40.2453,-41.0153,40.8406,-40.7273,39.6291,1
39,2340,10,-34.7103,-19.134,30.8801,-108.941,31.7454,-109.016,30.7736,-109.633,30.1438,-108.898,31.0255,-108.198,1
39,2340,22,-33.8058,-23.8715,39.9017,117.73,39.3115,116.873,39.4704,118.238,40.3762,118.481,40.3277,117.143,1
39,2340,24,24.5779,-19.0831,64.5615,-92.2634,65.0436,-91.845,64.8044,-93.6946,64.0718,-92.7338,64.3496,-90.9998,1
39,2340,30,-35.2411,-18.0637,-84.3081,125.584,-84.8313,118.456,-84.6878,130.424,-83.8165,130.747,-83.8781,120.813,1
39,2340,34,25.2471,-20.8226,59.6159,131.532,59.2446,130.787,59.0854,132.42,59.9722,132.354,60.0653,130.699,1
39,2340,55,-30.7941,-3.9344,-26.6716,139.469,-26.6041,138.663,-27.2964,139.526,-26.7297,140.193,-25.9869,139.397,1
39,2340,64,29.499,-20.0322,10.7881,-5.23867,11.3338,-5.10168,10.965,-6.00176,10.2224,-5.41312,10.6509,-4.57306,2
39,2340,72,17.628,-20.5146,58.5599,-113.119,58.5664,-114.172,57.9031,-113.296,58.5183,-112.068,59.1553,-112.992,1
39,2340,96,-34.9038,11.789,38.5885,-80.6397,38.8339,-81.4538,37.8979,-80.7689,38.3794,-79.8962,39.3839,-80.473,2
39,2340,98,35.7523,-16.4729,35.4133,9.99792,36.0352,9.90357,35.1724,8.96281,34.7284,10.0615,35.6256,10.879,1
39,2340,116,34.4741,-12.817,0.56121,-79.7446,0.573176,-80.3159,-0.180559,-79.6393,0.526652,-79.1197,1.20308,-79.8462,2
39,2340,121,38.576,-11.9591,52.4172,98.8415,52.963,99.6341,52.8545,97.3811,51.8151,97.9366,52.0425,100.061,1
39,2340,132,33.6687,-18.6701,43.0585,3.54647,43.3086,2.73105,42.1857,3.16807,42.7492,4.39772,43.8072,3.85375,1
39,2340,134,-34.1169,20.0123,34.1069,108.256,34.7865,108.471,34.1753,107.289,33.468,108.103,33.9932,109.393,2
39,2340,140,27.466,-15.6715,-81.6218,-40.2749,-81.8998,-43.9684,-82.2618,-37.277,-81.3156,-36.5589,-81.0471,-42.6493,1
39,2340,157,-26.5066,1.69124,10.7813,-5.20384,10.8154,-5.81751,10.2178,-5.16031,10.7527,-4.63634,11.395,-5.25174,2
39,2340,160,30.1142,-23.9295,34.8848,52.0781,35.0758,51.3834,34.0689,51.6957,34.6422,52.7809,35.5878,52.3834,1
39,2340,168,35.4577,-16.6254,-14.136,-2.31857,-14.0515,-2.97176,-15.0327,-2.30596,-14.2586,-1.60825,-13.3729,-2.34491,1
39,2340,177,-37.4591,-5.79528,-9.18708,19.8467,-9.71473,19.1774,-9.5927,20.4078,-8.73141,20.4257,-8.7396,19.2054,3
40,2400,10,-30.825,19.5353,25.0002,-103.315,25.5937,-103.196,25.0438,-104.064,24.4357,-103.394,24.9247,-102.452,1
40,2400,22,-27.2387,-5.90755,45.4368,119.944,45.1163,119.22,45.0267,120.405,45.7206,120.612,45.8699,119.431,1
40,2400,34,-39.8324,2.06026,64.6952,116.194,64.0846,115.024,64.4265,117.712,65.2227,117.24,64.9845,114.394,1
40,2400,55,33.2556,-18.7529,-29.8747,146.154,-29.806,145.416,-30.7868,146.134,-29.9803,146.946,-29.0957,146.151,1
40,2400,59,39.3127,-8.07826,43.7419,-75.5083,44.4614,-75.7384,43.2697,-76.6511,42.9171,-75.2813,44.1384,-74.5258,2
40,2400,65,36.9825,-6.46809,-23.2256,18.0284,-22.6137,18.2401,-23.1749,17.1671,-23.9086,17.7732,-23.2623,18.7765,1
40,2400,75,-24.466,-7.55891,0.268519,25.9811,0.852559,26.2506,0.461602,25.4571,-0.262311,25.7296,0.0743871,26.5409,1
40,2400,82,-23.3876,18.2845,20.787,32.6389,21.2819,32.8432,20.9758,32.0541,20.2985,32.4648,20.5566,33.2851,1
40,2400,88,-38.1854,-14.7208,10.8092,-136.996,10.5493,-137.859,10.2543,-136.684,11.015,-136.262,11.4128,-137.371,1
40,2400,129,-30.8561,-24.1638,56.6103,-63.2118,55.9186,-64.3927,56.1459,-62.4107,57.1694,-62.1453,57.0567,-64.1305,1
40,2400,166,23.5514,-9.87082,-49.2792,-73.9498,-48.9244,-74.5718,-49.7762,-74.5483,-49.6592,-73.2998,-48.8185,-73.4248,1
40,2400,169,33.784,-1.21834,16.1961,25.9898,16.2807,25.329,15.4716,26.0545,16.0934,26.7265,16.8415,25.934,3
40,2400,174,27.7856,-24.3022,-64.4826,-162.217,-64.1219,-161.132,-63.7679,-163.233,-64.812,-163.418,-65.078,-161.254,1
40,2400,175,-33.3539,18.0013,-74.4041,10.2417,-74.6342,7.87867,-75.0407,11.7178,-74.1408,12.3225,-73.6403,8.72363,2
40,2400,179,35.2452,6.81891,67.6342,33.6057,67.2641,32.0591,67.1189,34.9356,68.0433,35.4287,68.0967,32.3871,2
40,2400,180,39.0067,-12.0228,57.679,159.491,58.3128,159.316,57.3395,158.006,56.9622,159.637,57.9616,160.765,1
40,2400,189,-33.5999,-10.0395,59.8981,85.5998,59.9673,84.1637,59.3245,85.6727,59.817,86.8511,60.5256,85.4826,1
40,2400,191,33.0785,5.86818,34.0451,76.8722,33.8383,76.0419,33.3877,77.3087,34.2762,77.8158,34.6443,76.4848,1
40,2400,192,14.9162,-24.3323,62.6452,102.502,62.611,101.196,61.931,102.255,62.6336,103.782,63.2895,102.677,1
41,2460,1,22.6854,-15.6058,20.4281,85.6813,20.177,85.116,19.7749,85.999,20.6647,86.2784,21.0088,85.3782,2
41,2460,16,38.2348,-13.3507,1.6621,101.813,1.74117,101.17,0.777609,101.903,1.5464,102.529,2.41057,101.726,1
41,2460,22,-36.9519,-15.031,48.3619,118.784,47.879,117.751,47.9312,119.428,48.7549,119.69,48.8137,118.032,1
41,2460,59,-21.46,5.33521,47.3725,-65.1206,47.9416,-65.3142,47.1958,-65.9203,46.8342,-64.9299,47.5527,-64.2504,1
41,2460,61,28.8449,11.8514,46.927,-118.574,47.1146,-119.421,46.3473,-118.727,46.7194,-117.625,47.4656,-118.405,1
41,2460,72,28.484,-19.9065,62.1112,-100.257,62.2936,-101.467,61.3471,-100.792,61.8781,-99.0305,62.7803,-99.8087,1
41,2460,85,32.1587,-23.8572,-64.952,119.827,-64.4448,119.181,-65.3473,118.009,-65.5026,120.447,-64.5814,121.298,1
41,2460,89,-28.4633,-21.1337,43.9797,-112.891,43.7997,-113.899,43.446,-112.731,44.1103,-112.005,44.5285,-113.105,2
41,2460,94,30.9874,-19.3347,-12.8868,-128.71,-12.8388,-129.305,-13.6908,-128.744,-12.9683,-128.081,-12.1917,-128.698,1
41,2460,110,-20.7964,-18.8326,21.2376,80.5282,21.8416,80.5294,21.2728,80.0018,20.694,80.51,21.2224,81.0652,1
41,2460,119,-35.6416,-11.0371,46.8672,50.2483,47.6158,50.0738,46.663,49.4469,46.2173,50.3835,47.1045,51.1316,1
41,2460,127,36.3563,-1.06056,-9.29857,-63.6145,-9.6766,-64.2323,-9.86188,-63.0017,-8.87473,-62.9114,-8.80055,-64.1484,3
41,2460,130,27.0528,-9.78582,-1.83581,-46.7064,-1.87647,-47.289,-2.52612,-46.5941,-1.80786,-46.0839,-1.2162,-46.8156,1
41,2460,133,-33.4266,14.6274,52.3845,75.9376,53.0759,75.7954,52.1492,74.7884,51.7522,76.1054,52.6277,77.2896,2
41,2460,136,36.6572,1.40435,-31.5654,151.755,-30.8614,151.921,-31.6198,150.815,-32.3677,151.558,-31.5185,152.583,1
41,2460,143,-35.0905,-19.6595,33.2248,-32.3755,32.5174,-33.1954,32.805,-31.7493,33.8029,-31.6576,33.6436,-33.0918,1
41,2460,144,-36.3526,-18.0072,69.3008,-30.5732,68.5807,-32.501,68.8868,-29.0356,69.8765,-28.8155,69.7061,-32.3915,1
41,2460,149,34.1694,-15.7111,-69.6435,150.407,-69.2253,151.857,-69.0108,148.578,-70.0594,148.707,-70.159,152.092,1
41,2460,157,-24.1336,-22.0276,14.3373,-1.82209,14.2465,-2.56932,13.7837,-1.80188,14.3947,-1.16204,14.9008,-1.87569,2
41,2460,160,38.5273,-8.57366,38.1005,62.3247,38.4646,61.5771,37.2476,62.0014,37.6659,63.1477,38.8304,62.6003,2
41,2460,166,-38.0633,-12.3905,-42.6853,-70.8903,-42.1295,-71.8794,-43.3047,-71.264,-43.1585,-70.045,-41.9794,-70.5137,1
41,2460,169,15.5807,-20.1849,19.0063,25.8143,19.0039,25.2517,18.385,25.7298,18.9824,26.374,19.5736,25.8718,1
41,2460,187,-30.48,18.167,4.2438,40.3087,4.13256,39.7365,3.63102,40.506,4.3738,40.8422,4.95342,40.099,3
42,2520,25,25.5707,-13.1111,18.6361,-72.5188,19.037,-72.1835,19.0002,-73.0535,18.2246,-72.8839,18.3162,-72.0334,1
42,2520,46,-34.3894,-22.3728,48.2725,-80.3735,49.1763,-80.8573,48.0291,-81.2522,47.505,-80.0109,48.5668,-79.4484,1
42,2520,64,-35.8587,-19.0833,5.19544,5.77609,6.08769,5.89404,5.20093,5.15591,4.44434,5.65942,5.22514,6.45159,1
42,2520,87,-38.3515,-11.4782,-13.8756,-150.777,-14.0626,-151.636,-14.448,-150.482,-13.7226,-150.044,-13.2432,-151.127,1
42,2520,108,30.4708,-22.7693,35.966,71.567,36.3832,72.0816,36.5711,70.8319,35.5544,71.0001,35.4599,72.206,1
42,2520,116,17.3145,-18.8172,10.3725,-75.0422,10.3142,-75.5299,9.79972,-75.0296,10.4095,-74.5493,10.8932,-75.0698,1
42,2520,129,36.12,-11.9898,63.6221,-45.5257,63.4563,-47.0251,62.7904,-44.6846,63.7619,-43.8307,64.3267,-46.3085,1
42,2520,133,-35.3608,-3.74065,51.8103,78.2992,52.6029,78.0682,51.5329,77.2976,51.1138,78.495,52.1211,79.4307,3
42,2520,155,-34.1017,-22.8712,-31.332,-55.3205,-31.2117,-56.413,-31.9519,-55.3828,-31.4479,-54.4037,-30.6671,-55.3062,1
42,2520,157,-30.6234,18.6567,20.4381,3.27607,20.5429,2.62308,19.7468,3.23698,20.366,3.89503,21.2343,3.343,2
42,2520,166,-36.7892,-17.6609,-42.2176,-66.9025,-41.7339,-68.0011,-42.8286,-67.2269,-42.631,-65.9753,-41.5319,-66.5985,1
42,2520,187,-33.1696,-11.8033,5.14614,40.1457,4.90642,39.4548,4.64291,40.4124,5.34619,40.7535,5.68546,39.8373,2
42,2520,188,32.1773,-6.16491,34.6554,64.3611,34.6095,63.6765,34.0046,64.5642,34.6905,65.1139,35.2332,64.1732,1
43,2580,2,24.9505,-19.3709,59.461,110.265,59.3934,109.081,58.6748,110.365,59.4884,111.497,60.1532,110.134,1
43,2580,4,29.288,-20.1294,40.3145,-120.814,40.8797,-120.43,40.7051,-121.847,39.7365,-121.252,39.9877,-119.918,2
43,2580,11,-29.4914,19.1372,-10.6296,-72.2515,-10.0517,-72.1347,-10.5637,-72.9185,-11.1825,-72.3343,-10.7233,-71.487,2
43,2580,17,-32.0741,-18.948,37.1754,128.803,37.2021,127.793,36.5972,128.818,37.1284,129.67,37.7915,128.746,1
43,2580,35,38.75,-3.76066,67.6489,-52.5022,68.0467,-51.0907,68.1109,-54.2418,67.1894,-54.0717,67.2351,-51.0536,2
43,2580,42,21.5271,-12.2544,-19.3237,135.676,-19.3463,135.112,-19.9486,135.715,-19.3146,136.263,-18.7542,135.63,1
43,2580,49,-22.799,13.0929,-36.2683,7.98952,-35.707,7.95958,-36.3313,7.26842,-36.8063,8.03996,-36.2066,8.785,1
43,2580,65,36.8397,-17.9942,-31.1673,24.2157,-30.5635,24.4205,-31.043,23.1607,-31.8199,23.9479,-31.2493,25.1091,1
43,2580,88,31.5309,-23.4517,16.9007,-126.499,16.8069,-127.088,16.0705,-126.369,16.9582,-125.873,17.6034,-126.632,1
43,2580,89,-38.9926,0.108491,52.2737,-105.648,52.3508,-106.918,51.6072,-105.435,52.2005,-104.547,53.0388,-105.91,2
43,2580,93,38.0842,-7.97046,-32.4777,-149.938,-32.2991,-150.7,-33.3266,-149.945,-32.6911,-149.081,-31.7484,-149.938,1
43,2580,95,-37.1233,-15.9554,23.4663,-103.358,23.4668,-104.35,22.8322,-103.235,23.4468,-102.519,24.1613,-103.529,1
43,2580,99,33.1798,-22.5906,3.46091,51.1778,4.05991,51.2701,3.57387,50.2821,2.83111,51.0386,3.38612,51.9373,1
43,2580,101,24.788,-20.9157,-75.905,77.9746,-75.5141,79.5478,-75.3505,76.1052,-76.2729,76.1834,-76.3674,79.8031,1
43,2580,105,37.8984,-7.48648,40.7386,-95.7437,40.4216,-96.5209,40.1164,-94.9912,41.0747,-94.8473,41.2671,-96.407,1
43,2580,106,-5.29871,-22.7134,75.7583,-94.5987,75.3636,-96.2433,75.2951,-93.5214,76.0979,-92.9302,76.1839,-95.7797,1
43,2580,123,-31.4869,-17.269,-32.0516,120.484,-31.3294,121.038,-31.7431,119.832,-32.6649,119.981,-32.3498,121.204,1
43,2580,124,27.1632,-22.763,-67.9719,120.274,-67.4923,121.28,-67.3895,118.649,-68.4345,119.113,-68.4448,121.788,1
43,2580,153,34.3194,-21.1727,-42.4469,-143.887,-41.8323,-144.009,-42.6366,-145.107,-43.1124,-143.807,-42.2571,-142.869,1
43,2580,174,-38.2934,-9.62876,-76.6985,-138.349,-75.9119,-136.472,-76.4952,-141.201,-77.3541,-140.158,-76.8669,-135.018,2
43,2580,177,11.2293,-15.2043,5.10958,23.8639,4.73928,23.5029,4.68047,24.237,5.46646,24.2362,5.50127,23.5041,2
43,2580,189,36.0048,-15.8969,59.5829,109.925,59.9307,108.96,58.8402,109.199,59.1705,110.928,60.2195,110.546,1
43,2580,194,28.9831,-24.31,24.3326,-133.119,24.9092,-132.789,24.8188,-134.009,23.757,-133.503,23.9361,-132.352,1
43,2580,198,-37.1997,-12.6369,-54.255,23.3983,-54.3167,21.7101,-54.9508,23.7645,-54.1951,24.8299,-53.4856,22.9559,1
44,2640,8,35.1848,11.8693,-68.855,46.0426,-68.9664,43.8789,-69.5602,46.8891,-68.6799,48.5168,-68.2051,45.3806,2
44,2640,10,-29.4533,-22.8895,16.9435,-96.5888,17.7463,-96.6338,16.9329,-97.1808,16.2524,-96.5725,16.9896,-95.9731,1
44,2640,28,19.9647,1.26405,-79.0979,66.9176,-79.0597,64.3396,-79.6124,66.9652,-79.1147,69.6707,-78.6111,66.8884,1
44,2640,31,-28.7297,-23.1804,-29.8337,129.181,-30.4607,128.641,-30.1853,129.676,-29.3042,129.66,-29.4952,128.645,1
44,2640,42,18.0802,-17.2577,-16.5634,137.364,-16.6108,136.814,-17.1904,137.377,-16.5355,137.923,-15.9929,137.336,1
44,2640,93,-38.2789,12.5412,-22.5998,-150.582,-22.3626,-151.345,-23.3637,-150.616,-22.7857,-149.893,-21.7001,-150.53,1
44,2640,94,32.5929,-21.153,-4.92755,-121.66,-4.87756,-122.258,-5.79103,-121.698,-5.01766,-121.026,-4.191,-121.646,1
44,2640,98,-38.1074,-8.00948,30.0168,33.1501,30.8666,33.1684,29.8547,32.4027,29.2871,33.1289,30.2122,33.9917,1
44,2640,107,-36.4683,6.06461,61.617,79.4574,62.0159,80.7559,62.0698,78.3396,61.2415,78.3435,61.0833,80.6966,5
44,2640,114,35.2045,-13.2348,-39.8963,-118.417,-39.7702,-119.153,-40.6639,-118.462,-40.0514,-117.612,-39.2331,-118.392,1
44,2640,120,39.0321,-9.97722,68.2458,84.7058,68.8927,85.6815,68.4443,82.1067,67.5176,83.606,68.0533,86.8745,3
44,2640,122,-26.0986,-22.999,0.386456,115.183,1.09149,115.625,0.74984,114.696,-0.213202,114.779,0.0446562,115.704,1
44,2640,124,-19.4519,-24.3481,-70.271,135.399,-69.5398,135.889,-70.0322,133.813,-70.9107,134.862,-70.4613,137.048,1
44,2640,139,32.9239,-9.60114,-22.1718,-61.9949,-22.1639,-62.6837,-22.9593,-61.8577,-22.1956,-61.2403,-21.4818,-62.1222,1
44,2640,149,25.5754,-23.362,-79.9878,158.168,-79.4973,160.151,-79.4167,154.831,-80.4512,155.757,-80.4356,161.468,1
44,2640,191,-28.4708,17.8216,51.5455,77.1321,51.4047,76.0911,50.8476,77.4807,51.6997,78.115,52.3485,76.752,2
45,2700,1,37.6484,-7.18239,34.5707,92.6456,34.3997,91.7723,33.7472,93.176,34.7377,93.6422,35.2746,92.1771,2
45,2700,2,26.8902,-5.38719,65.9867,123.402,66.0698,121.91,65.2851,123.352,65.8712,124.993,66.6242,123.44,2
45,2700,45,28.1508,-22.5632,49.2654,-119.887,49.7128,-120.468,48.7678,-120.874,48.7753,-119.339,49.7057,-119.038,1
45,2700,55,-26.8375,-24.3014,-12.1578,152.975,-12.341,152.121,-12.7617,153.051,-12.0219,153.715,-11.5449,152.855,1
45,2700,58,32.3403,-11.2222,48.2761,-101.209,48.7906,-101.767,47.7139,-102.069,47.7008,-100.639,48.7703,-100.449,1
45,2700,63,32.6044,11.3849,18.5767,-13.3576,19.2197,-13.2608,18.543,-14.0265,17.8419,-13.456,18.5879,-12.7424,1
45,2700,68,-26.4555,-21.9433,-21.5939,164.99,-21.7467,164.209,-22.1362,165.078,-21.4773,165.674,-21.0401,164.865,1
45,2700,78,30.0523,-20.5235,-50.7412,-179.91,-50.8376,179.145,-51.5717,-179.671,-50.6667,-178.909,-50.0281,179.861,1
45,2700,98,31.2617,-20.6002,23.1788,29.979,23.7647,29.9948,23.1751,29.0796,22.5599,29.9247,23.197,30.7516,2
45,2700,99,-27.8215,-23.7485,1.90385,60.1263,2.7038,60.0552,1.89469,59.555,1.21231,60.1651,1.95095,60.714,1
45,2700,107,-32.3605,-16.9041,60.2905,78.0819,60.8786,79.2153,60.6513,77.1218,59.785,77.1123,59.9182,79.1261,3
45,2700,119,16.2842,-15.0328,33.9078,61.1323,34.3799,61.1031,33.9087,60.4801,33.429,61.1423,33.9163,61.7341,1
45,2700,139,13.4682,-21.8339,-18.7406,-62.3032,-18.8351,-62.8835,-19.389,-62.3026,-18.6726,-61.7286,-18.1508,-62.3263,1
45,2700,156,-31.1077,-24.2837,-0.503801,-18.3029,-0.633411,-19.1834,-1.10032,-18.2361,-0.417083,-17.5531,0.114405,-18.4159,1
45,2700,159,-21.2775,-20.9327,46.2736,98.3887,46.8268,97.8114,46.0032,97.7141,45.7671,98.8707,46.5678,99.0585,1
45,2700,168,16.4759,9.26528,5.9584,11.8321,5.93592,11.3003,5.43469,11.8744,5.99041,12.4008,6.4686,11.8017,1
45,2700,169,30.4824,-17.2142,27.7603,38.4315,27.897,37.7825,26.9815,38.2757,27.5837,39.1123,28.4409,38.5511,2
45,2700,173,-35.0574,-20.3438,-47.558,-152.08,-46.7972,-151.243,-47.2167,-152.885,-48.1822,-152.827,-47.8856,-151.167,1
45,2700,191,-18.8925,-1.3315,52.4627,79.6678,52.2924,78.7133,51.9259,79.9747,52.6162,80.5745,53.0268,79.331,2
45,2700,196,-26.0887,20.0748,-52.1726,-91.9659,-51.56,-91.6621,-51.9876,-93.0972,-52.7717,-92.2152,-52.3929,-90.6735,1
45,2700,199,-31.5694,-16.6601,-16.3757,49.1746,-16.7835,48.3527,-16.9286,49.5411,-16.0349,49.8909,-15.7994,48.756,1
46,2760,3,11.0226,-19.5963,62.6586,-138.438,63.2272,-138.327,62.8013,-139.799,62.1021,-138.594,62.5348,-137.183,1
46,2760,19,-40.0187,3.60536,36.1469,-116.297,36.9425,-116.168,35.9997,-117.177,35.454,-116.394,36.3113,-115.266,2
46,2760,31,22.5441,-18.2935,-21.3871,133.285,-21.7608,132.907,-21.8461,133.764,-21.0189,133.69,-20.9859,132.847,1
46,2760,33,-31.2303,21.162,53.8848,121.357,53.4639,120.638,53.4403,122.246,54.3019,122.011,54.4112,120.322,3
46,2760,37,36.2646,-13.1236,-14.5543,-54.2485,-14.2361,-53.709,-13.9455,-54.8159,-14.8837,-54.8596,-15.0682,-53.751,1
46,2760,63,24.1381,-19.4885,18.5522,-12.3297,19.0768,-12.2391,18.6934,-13.0334,18.0171,-12.45,18.4419,-11.7025,2
46,2760,87,33.4167,-22.3186,-4.75527,-138.833,-4.85902,-139.411,-5.60122,-138.65,-4.68314,-138.212,-4.04357,-139.008,1
46,2760,89,25.3454,-23.6997,53.5862,-88.3356,53.7056,-89.2199,52.8957,-88.7308,53.4251,-87.4534,54.194,-88.0151,1
46,2760,96,-35.2008,21.1586,49.7118,-46.8104,50.1986,-47.5346,49.0825,-47.5274,49.2842,-46.1117,50.4395,-45.904,1
46,2760,97,7.28885,-23.837,42.2652,-1.66102,42.7344,-2.01263,42.1064,-2.41996,41.8026,-1.3593,42.4289,-0.967374,1
46,2760,107,-21.0098,16.4727,53.162,75.7242,53.5272,76.3888,53.5707,75.046,52.7879,75.1113,52.6947,76.4394,1
46,2760,127,-31.3295,16.1958,11.9723,-69.9754,11.6316,-70.5733,11.3993,-69.5059,12.3125,-69.4313,12.6424,-70.5041,2
46,2760,139,39.9075,4.78255,-15.5101,-55.8159,-15.53,-56.6442,-16.323,-55.4984,-15.4825,-54.8455,-14.7984,-56.0765,2
46,2760,146,-32.1084,24.1816,15.1806,150.438,15.6076,150.994,15.7805,149.846,14.7393,149.943,14.4463,151.114,1
46,2760,149,-30.0859,17.8408,-82.3539,-105.642,-81.9361,-109.367,-82.9701,-108.673,-82.6898,-101.635,-81.6324,-102.591,1
46,2760,157,34.1946,-6.04678,24.0127,16.924,24.1654,16.2604,23.26,16.8896,23.8279,17.6546,24.6756,16.9507,2
46,2760,160,-36.7855,-8.96535,50.906,83.5735,51.4543,82.5441,50.3165,83.0956,50.4212,84.4353,51.5722,84.0951,1
47,2820,0,29.0289,-17.3103,6.88314,80.8946,6.62899,80.3152,6.13308,81.2647,7.12292,81.5201,7.53048,80.5547,2
47,2820,4,-32.0723,-19.4898,28.2647,-108.477,29.1031,-108.013,28.5156,-109.17,27.5549,-108.889,28.0288,-107.725,1
47,2820,24,33.024,-18.0662,35.6476,-78.9064,36.0891,-78.4677,36.0825,-79.714,35.1903,-79.4006,35.2823,-78.2077,2
47,2820,26,-20.9289,-7.51148,-35.2983,-59.1236,-34.8327,-58.7696,-35.0581,-59.6429,-35.7253,-59.4609,-35.5393,-58.5712,1
47,2820,28,14.9993,-22.3176,-71.2197,86.6519,-71.39,85.187,-71.7997,87.0109,-71.064,88.0999,-70.6975,86.2867,2
47,2820,33,-32.3398,-0.655725,55.4208,120.502,54.9251,119.746,55.1244,121.391,55.8638,121.194,55.7386,119.495,13
47,2820,47,25.2373,-23.6085,5.8818,-39.8253,6.44983,-39.7449,6.06803,-40.5868,5.30807,-39.9431,5.74094,-39.1573,1
47,2820,57,35.1874,-12.6177,41.0126,-141.173,41.3033,-141.97,40.1615,-141.487,40.6629,-140.32,41.7476,-140.911,1
47,2820,63,-37.0911,-10.8175,18.4614,-4.82683,19.2772,-4.64553,18.4496,-5.49742,17.7626,-4.98965,18.4934,-4.07882,1
47,2820,75,32.1273,-20.6641,-24.8134,28.1311,-24.2749,28.4754,-24.3921,27.266,-25.3653,27.7253,-25.1512,28.8846,1
47,2820,82,15.1553,-11.7233,-1.84543,39.3877,-1.38959,39.5365,-1.66573,38.8847,-2.30526,39.2241,-2.00378,39.8604,1
47,2820,95,-33.9196,-12.189,33.5382,-90.7585,33.6306,-91.6981,32.9318,-90.73,33.4421,-89.945,34.2008,-90.8166,2
47,2820,104,16.4924,-17.6775,19.3658,-101.694,19.0204,-102.1,18.8831,-101.312,19.6967,-101.27,19.7968,-102.06,1
47,2820,107,-15.6577,-13.9045,52.1688,74.688,52.6103,75.2866,52.506,74.0712,51.765,74.1288,51.8356,75.3213,1
47,2820,128,38.1823,-4.669,47.8937,-55.1095,47.6186,-56.1258,47.1792,-54.2984,48.1823,-53.9317,48.5047,-55.8277,1
47,2820,132,21.2796,-5.60454,51.6605,47.3442,52.1031,46.8162,51.2675,46.5924,51.1871,47.8784,52.024,48.0486,2
47,2820,145,32.4593,20.8529,47.0188,138.215,47.6911,138.841,47.302,137.292,46.2121,137.531,46.7124,139.047,8
47,2820,149,-1.428,-24.0809,-85.3394,-102.579,-85.117,-109.354,-85.8299,-106.965,-85.5087,-95.8094,-84.845,-99.4914,1
47,2820,168,25.6781,-18.1215,8.86139,15.3934,8.88169,14.8278,8.14198,15.3574,8.81269,15.9799,9.49888,15.4084,1
47,2820,187,39.777,-8.93164,19.272,54.0474,19.2144,53.3534,18.4713,54.373,19.3147,54.8388,19.95,53.7625,1
47,2820,188,-32.9105,10.6985,54.6929,74.2823,54.7533,73.2153,54.0676,74.3814,54.6453,75.2598,55.4058,74.1824,2
47,2820,191,-38.5361,10.3067,61.4916,82.8604,61.4538,81.0767,60.6871,83.4264,61.5291,84.4389,62.4401,82.1728,5
47,2820,197,27.2574,-19.0952,-73.5385,-7.29191,-73.2608,-9.2445,-74.2808,-8.62663,-73.8385,-5.23458,-72.8746,-6.27684,1
48,2880,12,29.8663,-23.4344,-47.0355,-31.2532,-46.4834,-31.4634,-47.2061,-32.432,-47.6196,-31.0849,-46.8585,-30.2574,1
48,2880,25,33.5186,-2.57997,-4.89793,-70.7149,-4.4661,-70.3195,-4.55712,-71.2967,-5.37308,-71.1599,-5.2013,-70.1961,2
48,2880,30,-36.9882,-17.7434,-50.2293,127.276,-50.8754,126.301,-50.5768,128.081,-49.6891,128.096,-49.869,126.375,1
48,2880,33,-25.2358,-24.2967,57.0115,121.183,56.3612,120.547,56.6979,121.99,57.5638,121.792,57.2961,120.314,1
48,2880,37,-40.3512,2.37858,-24.1345,-47.1778,-23.6941,-46.4408,-23.6926,-47.7947,-24.5201,-47.815,-24.644,-46.4519,1
48,2880,40,-39.5288,-8.6927,-45.8592,77.6193,-45.3356,76.5296,-46.5347,77.304,-46.3,78.5564,-45.0829,77.94,1
48,2880,56,28.4526,-18.276,21.249,-172.331,21.2823,-172.976,20.4472,-172.363,21.1807,-171.655,21.9503,-172.321,1
48,2880,58,38.3917,-5.88387,45.6474,-85.0687,46.3312,-85.424,45.1136,-86.1079,44.863,-84.6969,46.1002,-84.1616,1
48,2880,68,36.8914,-17.7688,-16.0217,176.732,-16.0109,176.078,-16.9228,176.865,-16.0661,177.452,-15.2642,176.605,1
48,2880,72,36.5478,-16.338,62.79,-42.5643,63.4472,-42.8371,62.4503,-44.4872,62.0595,-42.3494,63.0709,-40.9143,1
48,2880,74,-29.77,21.4972,3.13039,23.5693,3.66546,23.9125,3.47533,22.9212,2.60203,23.2731,2.70782,24.3097,1
48,2880,94,-31.5231,-22.0052,10.3085,-116.922,10.1968,-117.78,9.72327,-116.839,10.3814,-116.185,10.9203,-117.048,1
48,2880,114,-34.0738,-15.8212,-24.9053,-111.846,-24.9333,-112.694,-25.4643,-111.742,-24.8908,-111.114,-24.3029,-111.986,1
48,2880,119,36.4517,-17.4841,24.8637,67.7301,25.4452,67.8544,24.8963,66.7994,24.2325,67.5613,24.8466,68.5193,1
48,2880,145,33.9424,-6.77801,46.4338,137.857,46.9184,138.519,46.8499,136.846,45.9028,137.121,46.0646,138.735,7
48,2880,149,31.1669,-6.64641,-83.0034,-40.8801,-83.2924,-45.5963,-83.573,-36.6471,-82.6494,-36.1227,-82.4717,-44.1264,1
48,2880,168,36.0593,-2.75168,11.7673,19.8106,11.8567,19.1357,10.9907,19.902,11.6558,20.5696,12.449,19.7309,1
48,2880,191,-37.8263,-13.5181,62.0649,83.5948,61.826,81.4866,61.3977,84.2549,62.2294,85.4041,62.7929,82.7573,4
49,2940,9,-27.8306,21.9176,-14.7304,68.1363,-14.9676,67.5053,-15.4195,68.4564,-14.466,68.7272,-13.923,67.7935,1
49,2940,11,36.9814,17.6708,-31.4535,-61.6779,-30.6878,-61.7025,-31.6268,-62.4643,-32.3608,-61.626,-31.3224,-60.9575,1
49,2940,56,-38.0732,-3.69194,29.8922,-174.262,29.9558,-175.271,29.1797,-174.09,29.8316,-173.39,30.7012,-174.474,1
49,2940,71,21.6361,-4.47591,60.3411,-110.379,60.425,-111.466,59.7429,-110.489,60.236,-109.238,60.8968,-110.279,1
49,2940,73,15.9902,18.059,31.8544,5.72655,32.4065,5.91224,32.0139,5.11881,31.2454,5.54704,31.6716,6.32143,3
49,2940,74,-39.5035,4.18477,1.82682,25.2481,2.5161,25.7393,2.05216,24.5076,1.21937,24.8305,1.56395,26.1118,10
49,2940,81,35.7454,1.38343,20.9735,23.5374,21.5678,23.7725,21.0425,22.7874,20.3009,23.271,20.9041,24.2019,1
49,2940,88,-35.8589,18.8623,43.2826,-117.123,43.3161,-118.028,42.5486,-116.98,43.2776,-116.293,44.1527,-117.269,1
49,2940,89,-29.3147,-9.10553,63.6361,-70.8898,63.9398,-72.2054,63.1286,-71.3266,63.3483,-69.7446,64.1864,-70.4311,1
49,2940,95,-14.6711,-19.833,36.0934,-82.8998,36.1409,-83.6411,35.5886,-83.0348,36.028,-82.2256,36.5995,-82.7919,1
49,2940,104,34.9889,-12.7322,27.0098,-99.4031,26.6867,-100,26.3882,-98.7995,27.3414,-98.7294,27.5371,-99.9388,2
49,2940,105,-16.7635,-12.4468,63.5146,-102.67,63.1101,-103.575,63.1428,-101.906,63.8762,-101.793,63.8797,-103.496,1
49,2940,132,-37.0893,6.91781,55.5714,63.6685,56.3321,63.3107,55.1827,62.5325,54.8989,64.0001,56.0039,65.0149,2
49,2940,135,23.2156,-24.1924,-23.8222,144.944,-23.2374,145.016,-23.6275,144.113,-24.4076,144.831,-23.9653,145.68,1
49,2940,156,-16.0657,13.7494,12.102,-4.91921,12.1172,-5.44736,11.5674,-4.92974,12.1019,-4.39904,12.6792,-4.89429,1
49,2940,159,-32.0133,7.67364,40.1238,120.625,40.7746,120.54,39.9337,119.825,39.5303,120.719,40.3255,121.536,2
49,2940,173,37.2394,-16.4823,-62.953,-166.877,-62.6449,-165.579,-62.1856,-168.113,-63.248,-168.377,-63.5818,-165.758,1
49,2940,174,-28.4043,-16.8571,-80.197,3.79482,-80.5615,-0.179081,-80.6787,5.73372,-79.8541,7.09019,-79.6919,1.81795,1
49,2940,188,-38.3326,11.2093,60.6418,83.1594,60.8424,81.7677,59.9258,83.1407,60.4702,84.3959,61.4813,83.2032,2
50,3000,19,-23.1446,3.10018,24.2753,-106.348,24.8244,-106.299,24.2633,-106.926,23.7592,-106.387,24.2841,-105.724,1
50,3000,36,38.7547,-7.07582,5.58593,-54.4983,5.93378,-53.9395,6.14113,-55.1147,5.20455,-55.1398,5.11162,-53.9675,2
50,3000,41,-14.7061,11.6155,-22.7307,126.068,-22.7325,125.505,-23.2603,126.081,-22.7137,126.622,-22.1636,126.067,1
50,3000,43,-36.0996,-15.0834,32.0957,170.247,32.0645,169.189,31.4596,170.4,32.1018,171.15,32.7898,170.041,1
50,3000,58,34.9503,-19.1678,44.2613,-77.3889,44.9031,-77.6254,43.912,-78.6406,43.5551,-77.1912,44.5634,-76.3287,1
50,3000,61,-14.7464,-11.7033,55.1648,-70.1068,55.6157,-70.6378,54.9048,-70.8286,54.7361,-69.636,55.4355,-69.3755,1
50,3000,67,-32.9799,-24.3037,-33.9317,149.641,-34.0053,148.55,-34.5274,149.7,-33.8853,150.56,-33.307,149.527,1
50,3000,71,-10.3636,-17.1524,64.2602,-110.164,64.2777,-111.504,63.7376,-110.349,64.2166,-108.92,64.7795,-110.02,1
50,3000,74,-35.6583,-19.7199,0.734335,24.82,1.64186,25.1688,0.899963,24.1825,-0.0220998,24.5089,0.593765,25.5231,6
50,3000,81,37.3834,0.525196,17.6817,25.1037,18.2881,25.3623,17.7597,24.3303,16.991,24.8069,17.6058,25.7819,2
50,3000,86,-29.3715,23.6072,-16.1526,-152.809,-16.2268,-153.408,-16.8263,-152.684,-16.0441,-152.24,-15.3637,-152.929,1
50,3000,87,23.2301,-24.3271,9.21374,-133.711,9.0635,-134.228,8.5139,-133.605,9.33249,-133.18,9.82353,-133.826,1
50,3000,118,25.4369,1.19966,42.5251,43.2767,43.0288,43.1421,42.3541,42.5707,41.9797,43.4194,42.6773,43.9367,1
50,3000,120,5.39657,-21.057,48.7184,103.524,49.205,103.968,49.116,102.836,48.2609,103.074,48.3599,104.177,1
50,3000,121,24.3891,-22.8059,13.2367,107.199,13.6964,107.593,13.8057,106.62,12.7912,106.771,12.7543,107.72,2
50,3000,126,-35.3369,-15.4409,-12.441,-74.1471,-13.0229,-74.8969,-12.8957,-73.635,-11.9543,-73.501,-11.9651,-74.7289,1
50,3000,138,-37.655,14.3009,-25.4696,-77.3169,-25.3059,-78.1567,-26.2875,-77.2647,-25.5841,-76.556,-24.5011,-77.3612,1
50,3000,139,31.7168,-17.8593,-4.7695,-50.3641,-4.79141,-50.9907,-5.6228,-50.2722,-4.77803,-49.6931,-4.03508,-50.4603,2
50,3000,154,-34.5449,-21.2639,-34.1392,-63.0685,-33.9475,-64.1623,-34.7574,-63.1692,-34.3132,-62.1474,-33.4695,-63.0106,1
50,3000,185,-37.2347,-13.8587,-31.6178,17.28,-31.7808,16.3132,-32.1829,17.5623,-31.4844,18.104,-31.0003,16.9428,2
50,3000,188,-36.612,3.78025,62.3202,88.1232,62.5269,86.6777,61.6739,88.0629,62.1323,89.395,63.0585,88.1966,2
50,3000,197,31.2469,-24.3038,-67.7448,18.4754,-67.7116,16.7169,-68.7435,18.2923,-67.8089,20.3176,-66.9006,18.5525,1
51,3060,0,20.3436,24.239,25.8295,84.752,25.4508,84.113,25.3015,85.0799,26.2789,85.4635,26.3745,84.4572,3
51,3060,6,-39.9962,-1.40317,-54.8229,-73.0611,-53.9194,-72.5281,-54.8104,-74.4592,-55.5973,-73.5291,-54.8065,-71.4395,2
51,3060,9,-26.6434,-22.7878,-12.4733,68.4737,-12.9737,67.7531,-13.0066,68.8091,-12.0576,69.1097,-11.9452,68.0958,1
51,3060,14,35.2078,-21.2199,-24.3823,75.4192,-24.3044,74.7542,-25.2932,75.3746,-24.5029,76.1318,-23.615,75.4347,1
51,3060,21,-32.7872,23.2838,54.1717,118.951,53.9356,118,53.5364,119.529,54.4223,119.833,54.9301,118.284,2
51,3060,23,32.0722,-24.3306,56.1277,-89.2468,56.626,-88.749,56.546,-90.5849,55.6225,-89.8199,55.7819,-88.1172,1
51,3060,27,28.2303,-18.5924,-82.0837,-6.71854,-81.5647,-7.54023,-82.2208,-11.7842,-82.6322,-5.93637,-81.8996,-2.48109,2
51,3060,36,32.9934,-22.9243,3.41621,-54.1069,3.75588,-53.631,4.11297,-54.6251,3.08893,-54.6343,2.83906,-53.652,2
51,3060,38,33.4369,-20.7566,-68.1586,-66.7561,-67.9351,-65.3131,-67.3901,-67.689,-68.3495,-68.3632,-68.7998,-65.865,1
51,3060,41,-38.278,13.5966,-17.7245,126.749,-17.5796,125.963,-18.5173,126.824,-17.8251,127.456,-16.7851,126.675,1
51,3060,54,-23.4636,17.2635,-19.2312,145.601,-19.2068,144.976,-19.8698,145.604,-19.2284,146.206,-18.5171,145.617,1
51,3060,60,38.2706,-10.223,45.6879,-120.777,46.0007,-121.601,44.8563,-121.082,45.3103,-119.875,46.3994,-120.519,1
51,3060,66,-32.2096,-24.3042,-50.4317,111.392,-50.0776,110.118,-50.9713,111.01,-50.7409,112.469,-49.8462,111.723,1
51,3060,69,19.4835,-24.2989,23.1326,-157.414,23.066,-157.989,22.4572,-157.449,23.1656,-156.838,23.7325,-157.406,1
51,3060,71,40.0958,-3.47301,62.2291,-94.8888,62.614,-96.2823,61.3372,-95.32,61.7571,-93.3405,62.9903,-94.4961,1
51,3060,80,-31.981,-10.4585,48.7947,8.22762,49.4974,8.33906,48.7673,7.36995,48.1759,8.1196,48.8343,9.16,1
51,3060,90,-30.2412,20.6897,-38.2188,111.752,-37.621,111.601,-38.4156,110.901,-38.7786,111.938,-38.0045,112.741,1
51,3060,139,-31.7028,-5.97118,3.15915,-52.8434,3.08424,-53.5879,2.5532,-52.6729,3.22164,-52.1804,3.8205,-53.0424,1
51,3060,142,23.1639,-23.1754,34.0824,-27.5161,33.719,-28.0805,33.409,-27.0337,34.419,-26.9137,34.6594,-27.9698,1
51,3060,146,-31.1534,-23.292,2.03703,149.939,2.81308,150.473,2.40759,149.417,1.39185,149.467,1.6847,150.513,1
51,3060,154,-38.4725,-7.10145,-30.97,-58.1767,-30.6988,-59.1297,-31.6525,-58.2113,-31.2007,-57.3557,-30.1957,-58.1578,2
51,3060,156,-14.4837,-21.0587,15.0959,-2.16686,15.0249,-2.8005,14.5696,-2.1874,15.1396,-1.58764,15.6172,-2.17226,1
51,3060,158,-37.7626,-12.7426,50.2855,78.426,50.9639,77.4957,49.7521,77.8145,49.6963,79.1838,50.8936,79.0916,1
51,3060,176,31.0633,3.62718,0.997642,23.8954,0.588531,23.418,0.58072,24.4181,1.4544,24.4267,1.38295,23.4241,7
51,3060,191,-32.7994,-9.08708,70.7541,103.365,70.8268,100.839,70.0849,103.493,70.6546,105.561,71.4867,103.156,1
51,3060,192,-36.0401,-15.9186,64.4579,-153.306,65.4384,-152.888,64.4545,-154.947,63.629,-153.671,64.4762,-151.497,1
51,3060,198,33.3583,-21.2571,-32.1715,49.7529,-32.3853,48.9903,-33.1031,50.1936,-31.9804,50.5812,-31.3918,49.3638,1
52,3120,0,-32.429,-22.1174,25.9274,78.1272,25.3581,77.2357,25.3905,78.5668,26.3858,78.9028,26.4682,77.6162,1
52,3120,1,-36.0575,-14.8991,60.9678,94.465,60.6143,92.6022,60.36,95.1893,61.2344,96.0897,61.6162,93.574,2
52,3120,7,26.3285,15.9508,-72.5586,29.9533,-72.5456,27.6669,-73.1937,30.1459,-72.5243,32.5275,-71.9515,29.8621,1
52,3120,19,-25.5805,-21.1124,20.6471,-102.745,21.3619,-102.794,20.6427,-103.323,20.0183,-102.723,20.6797,-102.151,1
52,3120,21,-36.1786,1.25852,55.7407,118.59,55.4388,117.47,55.2552,119.297,56.0041,119.593,56.2848,117.763,7
52,3120,25,35.7005,-19.7364,-18.1436,-69.8621,-17.7266,-69.417,-17.5912,-70.5687,-18.5692,-70.374,-18.5943,-69.2502,1
52,3120,34,-37.9441,15.3664,66.4802,-35.4493,66.6589,-33.7382,67.1263,-36.429,66.2779,-36.9448,65.7004,-34.3865,1
52,3120,45,33.0262,-24.1133,41.5989,-85.8061,42.2157,-85.948,41.4323,-87.0583,40.9396,-85.7201,41.7519,-84.7545,1
52,3120,54,-37.7207,4.036,-16.1832,145.646,-16.0794,144.801,-16.9264,145.777,-16.2607,146.393,-15.3252,145.496,1
52,3120,58,-32.9423,-24.3169,47.6702,-64.4369,48.6032,-64.9698,47.4388,-65.3404,46.8778,-64.0389,47.9532,-63.4999,1
52,3120,60,31.9071,-2.01029,48.4351,-115.283,48.7126,-116.069,47.7968,-115.582,48.1172,-114.428,49.0074,-115.007,1
52,3120,61,19.8234,-19.9251,50.2972,-61.4289,50.7709,-61.757,50.0952,-62.3711,49.8077,-61.1393,50.4891,-60.5836,1
52,3120,81,-23.5756,-18.113,15.3401,32.759,15.9727,32.9037,15.468,32.241,14.7785,32.6145,15.23,33.2979,2
52,3120,98,-38.5882,-8.80925,8.73201,53.8804,9.59707,53.9799,8.62976,53.2068,7.9932,53.7899,8.86583,54.6392,1
52,3120,119,16.8576,-23.9026,15.0438,78.9182,15.5436,78.947,15.1883,78.3027,14.5521,78.8615,14.933,79.4742,1
52,3120,129,-35.965,-4.99188,76.1081,102.701,76.7313,105.127,76.4146,100.056,75.5472,100.749,75.743,105.56,2
52,3120,147,35.2416,-17.2237,-38.7352,145.151,-38.3196,145.827,-38.0671,144.282,-39.1557,144.376,-39.2852,145.915,1
52,3120,155,-34.5247,-18.1603,-6.60679,-26.5652,-6.65055,-27.4496,-7.21897,-26.4648,-6.58508,-25.811,-5.94908,-26.7074,1
52,3120,156,34.7588,-3.67505,15.4055,4.96174,15.5121,4.31013,14.6577,5.00566,15.275,5.68724,16.0654,4.92209,1
52,3120,157,30.5459,-10.0529,36.5,36.8586,36.7454,36.2018,35.8175,36.5906,36.2155,37.5553,37.1074,37.0906,2
52,3120,160,34.1933,-19.8604,42.2009,112.693,42.7822,112.374,41.7874,111.604,41.5599,112.982,42.5604,113.616,1
52,3120,168,-24.1683,-22.7249,25.1413,24.3202,25.069,23.4964,24.5772,24.3169,25.1794,25.0453,25.7156,24.2864,1
52,3120,176,31.9233,-20.6337,2.11678,23.7869,1.73955,23.3044,1.44863,24.3497,2.4876,24.3224,2.67514,23.29,2
52,3120,187,-17.662,-18.3775,37.8823,57.9331,37.6932,57.2352,37.4044,58.0782,38.0358,58.5774,38.3587,57.759,1
52,3120,188,31.3335,-18.8726,59.416,103.617,59.6819,102.656,58.7295,102.968,59.1,104.593,60.0143,104.171,2
53,3180,7,34.4593,21.5743,-69.7607,41.7613,-69.9331,39.2922,-70.4471,42.5763,-69.4852,44.6255,-69.1056,41.1664,1
53,3180,15,36.5084,13.6583,11.1221,106.888,11.1091,106.151,10.4551,107.069,11.1485,107.75,11.7305,106.747,2
53,3180,21,-23.9883,-23.7036,56.8376,121.294,56.4001,120.302,56.3898,121.79,57.1976,122.205,57.2722,120.728,1
53,3180,39,6.75958,-18.9347,-66.6491,136.191,-67.0605,135.495,-66.9991,137.196,-66.2562,136.886,-66.3279,135.247,2
53,3180,41,-33.8449,18.4968,-12.103,132.17,-12.0277,131.485,-12.8555,132.216,-12.1391,132.807,-11.2203,132.137,2
53,3180,50,30.5095,-21.5742,-11.6819,-10.3273,-11.0712,-10.1958,-11.4983,-11.2145,-12.3155,-10.5056,-11.8158,-9.56168,1
53,3180,51,-29.0097,-23.3379,-33.5464,21.4352,-32.6858,21.1994,-33.6538,20.7045,-34.289,21.6134,-33.3897,22.1822,1
53,3180,76,32.1923,-23.5286,-71.2993,89.8641,-70.7055,89.2191,-71.5938,87.0553,-71.9381,90.4512,-70.9971,92.14,1
53,3180,80,-34.9518,-19.1183,43.8365,14.0574,44.6884,14.1834,43.8339,13.2325,43.1149,13.9298,43.867,14.9508,1
53,3180,81,-24.5294,8.7996,9.8393,35.5889,10.3401,35.7994,9.99311,35.06,9.36153,35.4009,9.66243,36.1663,2
53,3180,87,29.7652,-23.7854,18.7235,-128.139,18.6222,-128.721,17.9231,-128.026,18.7892,-127.526,19.4057,-128.259,1
53,3180,100,36.4586,-12.0916,-78.4037,68.8427,-78.0691,71.53,-77.7553,66.1639,-78.7229,65.6283,-78.9315,71.4204,1
53,3180,106,22.5571,-11.3454,64.8723,63.8896,65.2876,64.6553,65.2279,62.6933,64.4435,63.0873,64.5477,64.9662,2
53,3180,116,19.445,-21.5592,39.8336,-44.6318,39.9098,-45.2704,39.2438,-44.8525,39.7284,-43.9977,40.3669,-44.4541,1
53,3180,126,-28.1963,-24.3569,-2.32407,-72.7877,-2.97253,-73.405,-2.78799,-72.3693,-1.78583,-72.2414,-1.87549,-73.2505,3
53,3180,132,34.5594,-16.9575,43.5581,75.1017,44.207,74.9901,43.325,73.8825,42.8481,75.1746,43.7623,76.144,2
53,3180,138,35.942,-17.1374,-24.9429,-66.0008,-24.9028,-66.7394,-25.8955,-65.9027,-25.0185,-65.193,-24.1381,-66.1005,1
53,3180,141,-35.3307,15.2351,10.4127,-36.7417,10.0499,-37.3964,9.82273,-36.2037,10.7669,-36.159,11.1137,-37.3618,1
53,3180,143,-20.2336,2.93463,80.3992,-19.8761,80.1123,-22.8897,79.919,-18.1576,80.6499,-16.872,80.9029,-21.8999,1
53,3180,157,39.6625,-8.08998,36.9834,41.6339,37.3663,40.8964,36.1152,41.311,36.525,42.4516,37.7222,41.9087,1
53,3180,176,-13.9427,19.271,9.9792,19.113,9.61121,18.7288,9.55682,19.4877,10.3653,19.4839,10.4522,18.7185,2
53,3180,177,31.1957,1.45525,44.2239,24.8185,43.8478,24.1277,43.7654,25.5142,44.6352,25.597,44.6391,24.1833,1
53,3180,199,-31.76,-18.7376,11.6716,56.4863,11.1989,55.6814,11.1277,56.8659,12.0594,57.1895,12.2307,56.0486,1
54,3240,15,27.1004,-23.5177,11.8525,105.765,11.8513,105.198,11.0849,105.705,11.8168,106.347,12.5187,105.795,1
54,3240,20,-25.2434,18.8179,29.2282,112.935,28.9637,112.403,28.7294,113.293,29.5025,113.437,29.7995,112.545,1
54,3240,30,-32.8093,14.627,-24.0869,125.973,-24.4566,125.426,-24.5377,126.503,-23.7261,126.462,-23.5558,125.38,2
54,3240,51,-34.2477,20.0235,-38.0907,30.3729,-37.3824,30.3671,-38.2255,29.3562,-38.7458,30.4266,-37.9432,31.5746,1
54,3240,57,0.597147,-24.0201,51.5486,-108.623,51.8928,-109.4,51.1638,-109.352,51.2,-107.929,51.9244,-107.957,2
54,3240,73,33.1893,15.6035,13.9105,10.9065,14.5889,11.1949,14.0506,10.2197,13.118,10.5905,13.7535,11.5332,1
54,3240,104,28.3386,-23.6909,44.7699,-99.5157,44.4349,-100.177,44.0712,-98.9209,45.08,-98.7942,45.3564,-100.066,1
54,3240,105,32.4039,-15.519,80.064,-70.4367,80.0258,-73.8711,79.276,-69.8345,80.039,-66.724,80.7444,-71.1267,2
54,3240,106,-39.0187,-10.954,61.7216,77.7647,62.2968,79.2723,62.1112,76.5771,61.2276,76.5192,61.2892,79.1,4
54,3240,107,19.2343,-16.7847,25.893,70.9147,26.278,71.3047,26.3346,70.4289,25.5142,70.5033,25.501,71.365,2
54,3240,115,17.9343,-10.9137,18.4095,-71.1824,18.3838,-71.6782,17.878,-71.1541,18.4227,-70.6716,18.9021,-71.218,1
54,3240,120,38.2164,-3.67791,31.7692,101.364,32.2928,101.981,32.19,100.435,31.1773,100.658,31.3996,102.159,3
54,3240,141,-38.5446,-6.02114,11.6686,-37.4024,11.132,-38.1644,11.2129,-36.8116,12.1255,-36.7449,12.1723,-38.0879,1
54,3240,145,-35.8425,-19.1018,26.3475,148.322,27.1176,149.038,26.7108,147.678,25.7093,147.711,25.9829,149.044,1
54,3240,154,-36.5466,-9.67769,-24.86,-48.5019,-24.7081,-49.4061,-25.5085,-48.4704,-24.9938,-47.7216,-24.1376,-48.5586,1
54,3240,156,-31.5201,-19.8706,24.1376,4.29182,24.1037,3.38047,23.5458,4.34208,24.1437,5.07622,24.7629,4.20032,3
54,3240,157,25.8753,-18.8649,39.6905,43.8585,39.9402,43.2147,39.0547,43.4207,39.4031,44.505,40.2585,44.2317,1
54,3240,175,-22.6751,-15.7966,-25.5822,17.6607,-26.0704,17.1554,-25.9584,18.0997,-25.1509,18.124,-25.2077,17.1934,2
54,3240,176,-26.1375,14.1034,13.3459,17.5939,12.9732,17.1222,12.9012,18.0425,13.7144,18.0302,13.8524,17.1004,1
54,3240,179,-35.335,-12.8741,61.3141,-152.718,61.8336,-151.285,61.7401,-153.734,60.864,-153.929,60.855,-151.596,1
54,3240,185,-32.6409,14.5965,-16.204,26.7125,-16.2846,26.0835,-16.8204,26.9186,-16.1064,27.2901,-15.4914,26.4913,2
54,3240,199,-38.1315,11.1684,18.9417,57.5755,18.7298,56.7174,18.216,58.0372,19.1503,58.3322,19.8011,57.0355,1
55,3300,16,-39.5417,5.40422,45.0053,138.01,45.3277,137,44.2829,137.895,44.7276,138.891,45.8479,138.149,1
55,3300,18,-39.8808,-5.4789,38.0061,-121.323,38.8645,-121.297,37.8122,-122.161,37.2722,-121.347,38.2351,-120.363,1
55,3300,29,-34.5609,-14.9729,-5.55317,105.62,-6.01113,104.98,-5.97085,106.025,-5.16832,106.178,-5.11515,105.16,1
55,3300,44,-25.5599,-20.5069,54.278,-118.766,54.7898,-119.702,53.8861,-119.461,53.8085,-117.986,54.7002,-118.072,1
55,3300,47,27.9323,-24.3011,-17.8391,-23.2624,-17.2561,-23.1691,-17.6443,-24.1182,-18.4326,-23.4011,-17.9805,-22.52,1
55,3300,52,-31.3513,24.2,-47.8724,84.5586,-47.3897,83.8705,-48.4708,83.7493,-48.2963,85.2726,-47.1771,85.5238,1
55,3300,62,-25.4564,-7.3645,21.8194,-11.3126,22.4231,-11.2099,21.8537,-11.8814,21.2701,-11.4113,21.7912,-10.7066,1
55,3300,73,-39.6705,-3.91947,15.2781,18.6609,16.0453,19.1599,15.4583,17.9153,14.6194,18.2368,15.0809,19.52,1
55,3300,79,32.5595,-24.3047,16.3945,-149.96,16.2191,-150.597,15.4637,-149.696,16.5312,-149.276,17.1701,-150.209,1
55,3300,86,-39.6712,-4.52289,-1.41836,-147.377,-1.56504,-148.193,-2.01721,-147.064,-1.29276,-146.677,-0.738292,-147.746,1
55,3300,95,-38.1626,-12.7459,48.7061,-57.7435,49.1468,-58.9379,48.0725,-58.0271,48.3137,-56.7546,49.4222,-57.4569,1
55,3300,117,-20.945,-23.6507,53.4074,17.4284,53.8995,16.7117,53.1359,16.7122,52.9549,18.0231,53.7002,18.1289,1
55,3300,118,-28.5949,-24.2181,36.026,62.7134,36.7835,62.5737,35.9835,62.05,35.3714,62.8052,36.1024,63.3955,1
55,3300,128,-28.8316,-22.4307,76.7788,-57.6047,76.2257,-60.522,76.2684,-56.079,77.2074,-54.8438,77.2748,-59.462,2
55,3300,148,29.912,-19.2754,-85.5742,161.43,-85.0517,165.539,-85.0555,153.138,-86.0721,155.551,-85.9143,170.263,1
55,3300,165,19.0704,-19.1,-42.891,-50.6864,-42.7184,-51.3772,-43.485,-51.0462,-43.0844,-49.995,-42.3468,-50.3894,1
55,3300,167,30.9931,-14.018,4.45895,10.0586,4.50849,9.46625,3.69133,10.0727,4.38172,10.693,5.13139,10.0336,2
55,3300,175,16.3317,-9.23498,-21.143,21.3329,-21.5009,20.9348,-21.5521,21.7602,-20.7824,21.7482,-20.7652,20.9295,1
55,3300,182,37.1636,-12.8406,-48.7874,-116.414,-48.2111,-116.096,-48.6613,-117.651,-49.4183,-116.81,-48.8745,-115.349,1
55,3300,186,-25.9669,21.1363,19.803,44.9294,19.6805,44.3675,19.2093,45.0949,19.9478,45.4672,20.4845,44.7614,7
55,3300,195,-31.0521,-18.0033,-49.2991,-96.2605,-48.4179,-96.0431,-49.2289,-97.2528,-50.0568,-96.4825,-49.3304,-95.1958,1
55,3300,196,39.0839,-5.18512,-76.4944,-24.7997,-75.9199,-26.9974,-77.3266,-26.9592,-77.1388,-22.1044,-75.769,-23.1537,1
56,3360,0,38.5004,-7.28004,39.1565,92.4788,39.0133,91.5238,38.2965,93.0262,39.2898,93.573,39.8878,91.9957,1
56,3360,6,33.2118,-22.2937,-72.5993,-65.9915,-71.933,-65.6256,-72.4367,-69.3115,-73.2993,-66.573,-72.6698,-63.1497,1
56,3360,16,-8.65989,-16.8524,43.0451,142.164,43.1503,141.449,42.5768,141.954,42.9276,142.829,43.511,142.352,1
56,3360,22,29.8579,-24.3615,70.9329,-109.55,71.4803,-109.273,71.0888,-111.976,70.3707,-109.935,70.7965,-107.493,2
56,3360,25,-32.5531,-16.7814,-32.3119,-60.7061,-31.6483,-60.2647,-32.08,-61.3108,-32.8777,-61.1084,-32.5332,-60.0398,1
56,3360,32,-31.1644,9.7896,54.6429,118.698,54.2061,117.971,54.2958,119.565,55.0517,119.365,55.0341,117.711,5
56,3360,36,20.796,-4.71718,-17.5923,-55.1563,-17.2796,-54.7517,-17.1886,-55.5426,-17.9157,-55.5878,-17.9656,-54.7923,1
56,3360,49,30.4418,-18.2429,-54.3655,67.773,-53.9702,67.0189,-54.9888,66.893,-54.8028,68.5538,-53.809,68.4924,1
56,3360,81,-30.5617,-16.9098,2.23503,39.5725,2.94874,39.7606,2.34183,39.0284,1.61615,39.3943,2.1468,40.1566,1
56,3360,85,-27.7718,-20.0514,-31.1225,-164.311,-31.3122,-165.129,-31.6449,-164.152,-30.9696,-163.594,-30.5852,-164.508,1
56,3360,88,24.074,-22.4392,54.8404,-87.8616,54.9782,-88.7489,54.1889,-88.287,54.6641,-86.9793,55.4193,-87.509,1
56,3360,90,32.4081,-24.3222,-48.6692,126.03,-48.1205,125.651,-49.0321,124.76,-49.2638,126.376,-48.3314,127.072,1
56,3360,91,-34.1846,-22.1588,-39.1408,176.357,-38.8529,175.233,-39.7343,176.15,-39.3951,177.303,-38.495,176.523,1
56,3360,97,33.3192,22.9989,16.1109,35.1614,16.8761,35.0816,15.9709,34.5042,15.2068,35.2819,16.2011,35.7875,1
56,3360,117,-30.7445,21.8374,51.9149,30.4178,52.4728,30.1975,51.6997,29.4002,51.3928,30.6721,52.1326,31.6242,1
56,3360,118,28.4628,-5.63748,28.5139,63.1571,29.0364,63.205,28.4814,62.469,27.95,63.0961,28.5439,63.78,1
56,3360,125,33.7821,-21.1999,-27.3695,-69.4221,-27.7212,-70.0543,-28.1625,-68.7745,-27.0264,-68.7232,-26.7104,-69.981,1
56,3360,126,23.6025,-18.3152,9.13599,-67.095,8.79267,-67.5699,8.52591,-66.6784,9.46667,-66.5885,9.66857,-67.482,1
56,3360,141,33.3633,-19.528,16.9934,-29.4049,16.651,-29.9855,16.2343,-28.8327,17.3261,-28.758,17.6266,-29.9118,1
56,3360,147,32.6006,-24.311,-52.8185,145.517,-52.3829,146.324,-52.0571,144.455,-53.2337,144.596,-53.4333,146.469,1
56,3360,154,-35.2037,-19.9275,-20.9721,-43.5162,-20.9476,-44.5046,-21.5993,-43.4644,-21.007,-42.6822,-20.2959,-43.613,1
56,3360,176,-27.8893,7.259,20.1842,16.8207,19.7903,16.3136,19.7752,17.3002,20.5576,17.2868,20.6404,16.2909,2
56,3360,186,-34.0688,-15.9155,20.3624,43.8994,20.0852,43.1156,19.8515,44.185,20.5855,44.5818,20.9038,43.5618,8
56,3360,190,-36.0599,13.5167,59.5007,79.2343,59.4416,77.6928,58.7162,79.7146,59.5659,80.6271,60.4222,78.6701,1
57,3420,0,37.2935,-4.21506,42.9851,94.2475,42.8458,93.2525,42.1781,94.7779,43.1194,95.3846,43.6827,93.7761,1
57,3420,24,-39.2043,-11.4795,-1.04561,-66.5871,-0.366827,-66.0515,-0.787491,-67.1757,-1.61567,-67.0482,-1.31492,-65.9138,1
57,3420,32,-13.5936,-17.762,56.1638,121.154,55.6968,120.61,55.8495,121.829,56.5838,121.692,56.4583,120.449,5
57,3420,36,-30.3147,9.96249,-22.9732,-50.8336,-22.627,-50.3052,-22.5447,-51.2937,-23.3038,-51.3161,-23.4597,-50.3196,1
57,3420,62,-39.5951,3.02783,15.9092,-4.97198,16.6556,-4.68182,15.9343,-5.71818,15.2559,-5.2138,15.8784,-4.10531,1
57,3420,63,-34.084,-6.44661,-13.0347,14.8196,-12.3184,14.972,-13.0324,14.1988,-13.6648,14.6807,-13.0229,15.5068,1
57,3420,70,-35.106,-18.6108,58.6966,-130.912,58.4906,-132.669,58.0789,-130.519,58.8346,-129.402,59.3539,-131.424,2
57,3420,73,-38.7027,-7.35179,8.56972,20.5562,9.35716,21.0112,8.73888,19.8552,7.89757,20.1649,8.39434,21.356,1
57,3420,76,35.1494,-18.5056,-70.6149,137.864,-70.3037,136.152,-71.4885,136.808,-70.968,139.733,-69.8647,138.64,1
57,3420,94,25.0036,-6.94922,30.5668,-86.9891,30.6909,-87.595,29.9585,-87.0943,30.422,-86.3491,31.1232,-86.8979,2
57,3420,97,36.7906,-7.70909,15.5078,34.9189,16.15,35.0134,15.4259,34.0789,14.7904,34.7967,15.581,35.6462,9
57,3420,109,-31.4001,-23.3187,-55.899,82.6912,-55.1332,83.4436,-55.5954,81.7779,-56.535,81.9928,-56.1743,83.7014,1
57,3420,112,-37.2611,-15.8906,-46.0754,-153.29,-45.7173,-154.392,-46.6585,-153.507,-46.3827,-152.352,-45.4236,-153.096,1
57,3420,130,32.3651,2.90568,42.2175,-3.40398,42.4181,-4.25571,41.5094,-3.50421,41.9855,-2.45667,42.8563,-3.30166,1
57,3420,131,16.2256,-21.6197,52.1655,44.8306,52.5882,44.2303,51.8058,43.9114,51.725,45.3805,52.502,45.655,2
57,3420,138,-27.3295,-0.713774,-7.54312,-61.569,-7.58979,-62.228,-8.12679,-61.4423,-7.49782,-60.9652,-6.90886,-61.71,2
57,3420,144,29.7905,16.4098,46.241,136.441,46.827,137.029,46.5365,135.593,45.5571,135.806,45.9342,137.211,10
57,3420,146,21.6018,-18.5797,-21.5582,144.778,-21.1376,145.193,-21.0451,144.25,-21.9686,144.33,-22.0039,145.267,1
57,3420,148,23.236,-4.22577,-84.6627,-56.6287,-84.8248,-62.5989,-85.2327,-53.4765,-84.4379,-50.6943,-84.1257,-59.0167,1
57,3420,158,31.8642,-24.2967,38.6894,104.318,39.2673,104.083,38.4315,103.204,38.0697,104.506,38.9217,105.256,2
57,3420,168,38.565,-11.6421,32.4352,45.3396,32.715,44.5964,31.5254,45.1486,32.0917,46.1575,33.2083,45.4939,1
57,3420,176,37.157,-7.59532,22.31,23.6154,21.9361,23.0056,21.7337,24.293,22.7129,24.3152,22.8018,23.0225,1
57,3420,185,35.708,-17.9946,-11.7649,35.5296,-11.8706,34.9316,-12.5733,35.7949,-11.6803,36.1868,-11.0832,35.2901,2
57,3420,186,-23.5894,-24.3306,22.6563,46.2233,22.3415,45.5427,22.1577,46.4067,22.9099,46.8319,23.1486,46.0027,1
57,3420,190,-36.6665,4.50637,61.804,81.5177,61.7344,79.7677,61.0769,82.0608,61.8591,83.0707,62.6379,80.8621,14
57,3420,199,30.5541,20.3888,27.8717,69.1078,27.5256,68.3103,27.287,69.517,28.2907,70.0302,28.4423,68.7528,2
58,3480,1,32.7324,-24.3197,70.3236,145.08,70.6931,143.383,69.4593,143.416,69.8753,146.716,71.0497,146.52,1
58,3480,8,33.8822,-22.5247,-23.9078,70.3975,-24.1653,69.7047,-24.847,70.875,-23.6745,71.1546,-23.1293,69.9793,1
58,3480,9,-22.1098,14.6765,16.5179,75.3315,16.2604,74.7632,15.9575,75.6441,16.784,75.8723,17.1447,74.9982,1
58,3480,15,18.1887,10.3845,25.6527,117.734,25.6659,117.16,25.1429,117.743,25.6453,118.353,26.1473,117.738,1
58,3480,16,35.7193,-14.5214,42.3798,153.318,42.7196,152.625,41.6169,152.86,41.9794,154.051,43.037,153.704,1
58,3480,29,-36.839,-14.9111,5.68804,106.461,5.19864,105.778,5.26786,106.901,6.09401,107.051,6.13181,105.956,1
58,3480,41,32.1862,-22.3841,-5.07061,145.195,-5.07762,144.579,-5.97079,145.219,-5.10385,145.847,-4.30692,145.153,1
58,3480,48,-29.4312,23.793,-46.2375,30.2982,-45.6459,30.0265,-46.4908,29.2964,-46.7923,30.6194,-45.9558,31.4708,1
58,3480,53,19.8373,22.2519,-28.8195,140.279,-28.8896,139.551,-29.3931,140.324,-28.7117,141.091,-28.2468,140.27,1
58,3480,57,8.1495,-24.3323,49.0286,-86.4428,49.5018,-86.9472,48.7981,-87.3459,48.5571,-86.0044,49.2567,-85.6222,1
58,3480,62,-22.2745,24.0829,10.0044,-3.53756,10.5331,-3.41167,10.1736,-4.14587,9.47292,-3.62968,9.78675,-2.85436,1
58,3480,75,-37.5781,-13.0001,-56.7401,65.0077,-55.8069,64.9275,-56.9151,63.7967,-57.5331,65.0584,-56.5038,66.3309,1
58,3480,80,26.8171,-23.7823,25.1586,19.7679,25.6838,19.9273,25.4176,18.9845,24.6294,19.5685,24.9513,20.4523,1
58,3480,91,-26.0335,-20.5665,-36.6287,-174.495,-36.4848,-175.389,-37.1657,-174.657,-36.768,-173.712,-36.0668,-174.366,1
58,3480,97,36.2362,-18.69,13.7975,36.5903,14.4225,36.6943,13.8195,35.6407,13.1205,36.4401,13.7933,37.3912,1
58,3480,103,31.4816,23.756,28.9932,-101.957,28.4588,-102.559,28.5848,-101.41,29.6382,-101.261,29.4098,-102.449,1
58,3480,104,-33.3795,-24.1649,59.9985,-108.952,59.2527,-110.085,59.618,-107.99,60.6018,-107.924,60.3563,-110.05,1
58,3480,115,20.8218,-23.9036,28.5374,-61.6371,28.5297,-62.215,27.8923,-61.74,28.5128,-61.0587,29.1111,-61.5687,1
58,3480,137,29.2011,18.9374,-34.3622,-77.8607,-34.4187,-78.722,-34.9899,-77.7205,-34.2688,-76.8749,-33.7619,-77.9554,1
58,3480,144,14.2676,-18.7357,46.3858,138.656,46.8325,139.133,46.8177,137.972,45.953,138.163,45.9999,139.292,2
58,3480,155,37.7418,-11.4895,5.15558,-6.56932,5.27282,-7.22534,4.27226,-6.52188,4.99963,-5.83964,5.90861,-6.61902,1
58,3480,175,-37.9497,14.5219,-7.27106,15.0174,-7.65628,14.3584,-7.82842,15.5998,-6.90103,15.592,-6.59924,14.3401,2
58,3480,177,-26.4325,-13.9292,61.5206,14.1966,60.9727,13.2897,61.1836,15.1392,61.9964,15.0542,61.8514,13.1559,2
58,3480,185,33.9966,-22.235,-8.63729,36.5357,-8.75976,35.9601,-9.47515,36.7589,-8.54407,37.1582,-7.93467,36.3282,1
58,3480,190,-35.1704,-20.0798,62.2881,82.3866,61.98,80.2683,61.6403,82.9418,62.5016,84.2087,62.9703,81.6666,1
58,3480,198,27.2551,-23.8034,-7.25893,55.7467,-7.52421,55.1627,-8.10162,56.0575,-7.0246,56.3641,-6.54222,55.4566,1
58,3480,199,27.5555,-24.3111,26.6462,67.8426,26.4184,67.173,25.7682,68.1181,26.8351,68.5502,27.3917,67.5751,1
59,3540,0,35.8829,-16.4408,48.383,97.3353,48.2968,96.2886,47.4274,97.7331,48.4304,98.4941,49.1867,96.9631,1
59,3540,10,28.7652,-7.70075,-30.1643,-64.0004,-29.6153,-63.9546,-30.1956,-64.7533,-30.7553,-64.0644,-30.1269,-63.3243,2
59,3540,14,39.4014,-0.974358,-0.261062,95.8594,-0.205447,95.1663,-1.052,96.0447,-0.332374,96.6567,0.424261,95.7028,1
59,3540,72,22.0542,-22.3896,33.7296,1.29055,34.2683,1.50841,34.038,0.488337,33.1951,1.03657,33.4724,2.0059,1
59,3540,73,-35.0693,15.5139,-1.08502,23.1547,-0.508093,23.571,-0.778232,22.4533,-1.62779,22.7975,-1.45874,23.9682,2
59,3540,84,37.1798,-11.1424,-53.5128,-179.151,-53.4065,179.817,-54.3319,-179.07,-53.6422,-177.999,-52.8105,-179.232,1
59,3540,94,-19.5231,-23.5605,37.2399,-84.3134,37.2777,-85.1674,36.7133,-84.4592,37.1793,-83.5572,37.7713,-84.204,1
59,3540,100,36.2389,-9.64958,-78.5855,-101.764,-78.989,-104.333,-79.0649,-98.3111,-78.1263,-99.0478,-78.1466,-104.541,1
59,3540,102,35.7644,-13.1929,-7.14793,-103.877,-7.49288,-104.411,-7.76054,-103.288,-6.78807,-103.275,-6.62897,-104.389,1
59,3540,103,32.2346,7.2872,30.9287,-101.95,30.5438,-102.544,30.4916,-101.382,31.3643,-101.277,31.3344,-102.463,8
59,3540,104,-26.1577,-18.1511,64.6606,-107.262,64.125,-108.354,64.2861,-106.321,65.1156,-106.232,65.0238,-108.31,1
59,3540,124,29.7933,-22.129,-51.941,-73.7852,-52.2927,-74.6325,-52.6839,-72.9741,-51.5999,-72.876,-51.3118,-74.4897,1
59,3540,126,-29.1404,-24.3164,20.0006,-72.1871,19.329,-72.8469,19.5426,-71.7269,20.5544,-71.6004,20.4423,-72.7004,1
59,3540,131,-36.8204,2.60005,55.1739,62.8398,55.946,62.4677,54.7962,61.7588,54.4939,63.1705,55.5958,64.1008,2
59,3540,132,24.0605,-24.3187,31.3336,96.6592,31.9259,96.6595,31.433,95.7284,30.7347,96.6145,31.2657,97.4722,2
59,3540,134,32.3783,-21.4612,-25.7864,142.618,-25.1663,142.776,-25.6041,141.611,-26.4353,142.404,-25.9149,143.481,1
59,3540,138,-34.6307,9.06626,-0.0807816,-57.7068,-0.0642095,-58.4362,-0.787912,-57.5549,-0.0787004,-57.0475,0.732411,-57.8734,1
59,3540,140,-23.8936,-17.0698,-6.70431,-38.0232,-7.21062,-38.5467,-7.12519,-37.6235,-6.26372,-37.5453,-6.28597,-38.4548,1
59,3540,146,33.2198,-20.0913,-28.6755,143.167,-28.2531,143.732,-27.9967,142.426,-29.0946,142.527,-29.2351,143.82,2
59,3540,175,-33.1037,8.04294,-4.35251,15.5004,-4.75124,14.9412,-4.80511,16.0008,-3.97816,16.0001,-3.83329,14.9375,2
59,3540,177,27.202,-6.21379,65.9976,25.677,65.6754,24.5271,65.4926,26.7094,66.3253,26.9594,66.4464,24.6967,1
59,3540,181,-32.2174,-24.2973,-26.7823,-125.564,-25.9336,-125.435,-26.6929,-126.196,-27.4968,-125.699,-26.8319,-124.892,1
59,3540,184,-24.0796,24.1883,-30.7266,17.7357,-30.8132,17.1212,-31.3402,17.8346,-30.6063,18.3332,-30.0221,17.6527,1
59,3540,198,-27.8441,-21.8701,-1.71803,51.2235,-2.19688,50.4864,-2.26285,51.548,-1.32283,51.8729,-1.17296,50.8535,1
60,3600,0,-33.3669,-16.0067,55.115,88.5727,54.7229,87.1328,54.5436,89.178,55.4238,89.8436,55.7134,87.8482,1
60,3600,20,34.5315,-21.096,46.3981,123.612,46.2033,122.815,45.6065,124.096,46.5656,124.491,47.0583,123.165,1
60,3600,30,-30.1606,-22.4257,-5.085,124.053,-5.72758,123.577,-5.42649,124.501,-4.5451,124.478,-4.75612,123.563,1
60,3600,40,-34.6923,-17.0399,-22.1301,120.882,-22.174,119.927,-22.7521,121.004,-22.1041,121.697,-21.4595,120.715,1
60,3600,55,-32.4935,-17.9732,32.0113,-173.424,31.9507,-174.462,31.3822,-173.316,32.0393,-172.53,32.6813,-173.582,1
60,3600,60,25.2284,-13.7099,51.3674,-71.4261,51.8401,-71.806,51.0568,-72.332,50.8622,-71.0627,51.6508,-70.6108,1
60,3600,62,-31.5709,-13.013,7.34586,-0.930057,8.07059,-0.803316,7.37558,-1.50691,6.71186,-1.05186,7.33403,-0.306377,2
60,3600,69,39.642,-1.022,45.1064,-124.024,45.4149,-124.919,44.2935,-124.191,44.7353,-123.009,45.8079,-123.87,1
60,3600,70,32.2568,-3.57288,62.3208,-102.317,62.5592,-103.579,61.6053,-102.63,62.0365,-100.954,62.9589,-102.026,2
60,3600,71,-33.1503,24.2003,59.7615,-13.3128,60.4046,-12.881,59.9293,-14.9135,59.1406,-13.6199,59.5082,-11.4413,1
60,3600,81,-34.3701,-21.059,-10.4392,45.8934,-9.58767,46.0736,-10.3575,45.298,-11.1556,45.7209,-10.4881,46.538,1
60,3600,99,32.7304,-24.3008,-40.2979,98.0464,-39.6955,97.9562,-40.3886,96.8465,-40.9375,98.0838,-40.1887,99.05,1
60,3600,103,26.8856,-21.3019,31.8465,-102.824,31.5068,-103.351,31.2192,-102.321,32.1694,-102.252,32.3808,-103.288,4
60,3600,114,-35.1344,-21.6794,10.0521,-85.8278,9.86671,-86.6903,9.49412,-85.662,10.1874,-85.0966,10.6413,-86.0445,1
60,3600,125,-30.0633,18.7479,-7.19806,-75.2975,-7.52621,-75.8748,-7.79232,-74.8573,-6.86058,-74.7698,-6.49944,-75.7865,1
60,3600,140,-24.6249,-18.8627,-3.17974,-38.0826,-3.71574,-38.6138,-3.60537,-37.6794,-2.71795,-37.5997,-2.76009,-38.5198,1
60,3600,155,-32.7815,-24.377,14.5135,-7.87599,14.3898,-8.83102,13.9043,-7.79918,14.5911,-7.06912,15.1497,-8.00469,1
60,3600,157,-37.5291,-15.4427,50.3102,72.5429,50.9605,71.5039,49.7634,71.9751,49.7441,73.3837,50.9313,73.1465,2
60,3600,164,14.858,24.2631,-47.1456,-69.3511,-46.9002,-70.1418,-47.6088,-69.7567,-47.3881,-68.4488,-46.6878,-68.9063,1
60,3600,173,-26.4197,-2.67232,-73.5068,9.0507,-73.8414,7.13874,-73.9393,10.3697,-73.186,10.7378,-73.0346,7.68617,1
60,3600,190,-33.2781,-22.0282,67.9558,92.7121,67.781,90.0591,67.288,93.0483,68.0466,94.9815,68.6576,92.2059,2
61,3660,10,35.9316,-8.00794,-35.8365,-58.6096,-35.2157,-58.5444,-35.9388,-59.5626,-36.5268,-58.7034,-35.736,-57.7839,1
61,3660,15,34.7212,-16.0094,30.007,125.814,30.1674,125.143,29.1863,125.686,29.8008,126.533,30.7126,125.909,1
61,3660,17,-33.4755,24.2097,43.2734,-134.103,43.9095,-134.12,43.1728,-135.15,42.6759,-134.029,43.3535,-132.849,1
61,3660,20,-3.57168,22.5262,54.9981,121.684,54.7422,120.971,54.5482,122.034,55.2812,122.419,55.4868,121.336,3
61,3660,26,-18.7547,15.2169,-78.8103,26.0121,-78.4813,24.1237,-79.2074,24.2402,-79.1069,28.024,-78.3739,27.8641,1
61,3660,32,32.3813,-24.3021,70.5698,127.607,70.2001,126.266,69.8717,129.169,70.9133,129.148,71.1337,126.148,2
61,3660,38,33.5021,-19.7487,-71.9533,145.409,-72.4349,144.333,-72.3521,147.797,-71.4492,146.593,-71.6059,143.424,1
61,3660,40,-29.4697,4.7446,-18.0803,125.598,-18.0457,124.927,-18.6874,125.673,-18.1017,126.216,-17.4065,125.519,1
61,3660,46,-36.2791,-16.068,-3.99302,-27.7532,-3.08272,-27.6614,-4.03507,-28.4048,-4.76419,-27.8459,-3.91381,-27.0388,1
61,3660,50,-37.7919,13.7363,-31.5287,18.7342,-30.7507,18.8573,-31.6372,17.7777,-32.2281,18.655,-31.4053,19.8645,1
61,3660,52,38.6501,-11.7421,-48.7677,112.92,-48.4503,111.944,-49.7219,112.62,-49.1406,114.017,-47.9581,113.152,1
61,3660,53,36.2743,-12.392,-24.5885,146.847,-24.5176,146.102,-25.4941,146.948,-24.6892,147.671,-23.814,146.75,1
61,3660,57,-26.0097,-23.759,47.8735,-69.8552,48.6331,-70.3602,47.6822,-70.7046,47.2044,-69.4619,48.0999,-68.9987,1
61,3660,69,28.4283,-8.33391,47.7856,-121.193,48.0155,-121.937,47.1659,-121.496,47.5218,-120.41,48.3442,-120.924,1
61,3660,80,-38.297,14.3891,14.8877,32.7743,15.4949,33.1558,15.0882,32.0273,14.3306,32.4574,14.6338,33.6519,2
61,3660,117,-29.6196,-1.01248,43.2212,50.6243,43.8203,50.5838,43.1059,49.8998,42.6765,50.6619,43.3458,51.4199,2
61,3660,130,35.7058,9.32343,48.2701,16.3303,48.6649,15.3809,47.5574,15.986,47.8114,17.4151,48.9038,16.6741,1
61,3660,138,-34.8667,-9.2522,4.33306,-55.0355,4.24044,-55.8699,3.70287,-54.832,4.40583,-54.3088,5.02484,-55.2796,1
61,3660,146,-18.6544,-24.3115,-35.5453,149.591,-34.9063,150.042,-35.1645,149.046,-36.0982,149.159,-35.8936,150.163,1
61,3660,153,-36.1666,-3.3581,-30.0637,-58.3212,-29.8255,-59.1742,-30.7197,-58.3658,-30.2679,-57.5701,-29.3243,-58.2826,2
61,3660,167,27.6601,-9.09235,21.1137,25.1337,21.1919,24.5322,20.4382,25.1063,21.0135,25.7747,21.7215,25.1507,1
61,3660,168,31.9552,-13.0487,40.104,60.4487,40.4098,59.7699,39.3913,60.0465,39.7495,61.1609,40.7309,60.7938,1
62,3720,2,-29.3098,13.6236,39.832,-116.81,40.3759,-116.295,40.1578,-117.628,39.3083,-117.26,39.4428,-115.9,2
62,3720,6,31.5581,-13.8916,-74.3811,23.798,-74.2313,21.4612,-75.2252,23.4708,-74.5404,26.3476,-73.6431,24.01,1
62,3720,9,24.0365,-21.7603,25.7679,82.4538,25.5077,81.8436,25.015,82.7621,25.9991,83.0957,26.4208,82.1565,1
62,3720,18,-30.1774,-23.6939,19.8884,-103.765,20.7166,-103.829,19.8688,-104.375,19.1793,-103.735,19.9459,-103.132,1
62,3720,19,-36.5874,-14.6141,-7.45312,-78.6928,-6.59647,-78.6378,-7.52691,-79.318,-8.1826,-78.7524,-7.34289,-78.006,1
62,3720,20,30.2909,-24.152,53.5368,126.061,53.3396,125.187,52.7645,126.47,53.6985,127.001,54.188,125.664,1
62,3720,38,-37.234,-7.3434,-67.8855,123.275,-68.3748,121.606,-68.2594,124.641,-67.4522,124.67,-67.4645,121.767,1
62,3720,43,-37.5227,-15.8458,55.4446,-136.877,55.9971,-138.246,54.8392,-137.373,54.9557,-135.768,56.1279,-136.364,1
62,3720,45,-34.8405,-21.4306,21.6123,-48.9152,22.5672,-48.8996,21.5737,-49.5999,20.81,-48.9504,21.6934,-48.1804,1
62,3720,53,-29.9817,-17.6337,-17.5576,143.342,-17.6446,142.483,-18.163,143.443,-17.4958,144.092,-16.9203,143.204,1
62,3720,72,31.3759,19.8823,19.009,6.90972,19.7109,7.16501,19.1441,6.23321,18.1849,6.63777,18.8469,7.53688,2
62,3720,73,-36.6803,-1.85919,-9.65323,26.0156,-8.95241,26.4268,-9.47334,25.3344,-10.2678,25.656,-9.84756,26.7906,1
62,3720,80,-39.1999,-1.37394,13.0956,33.6172,13.8099,33.9743,13.1943,32.9289,12.4751,33.3123,12.9876,34.4082,1
62,3720,82,34.5803,-21.6111,-50.2947,67.9856,-49.7139,68.18,-50.1553,66.6218,-50.9091,67.7108,-50.3802,69.1461,1
62,3720,137,14.717,13.3903,-22.5597,-69.6459,-22.6334,-70.2417,-23.0929,-69.564,-22.4648,-69.0079,-22.031,-69.7092,1
62,3720,163,-26.0808,21.1858,-43.0696,-110.816,-42.5316,-111.135,-43.3536,-111.641,-43.5762,-110.462,-42.7587,-109.869,1
62,3720,184,-35.2944,-14.117,-23.4891,20.1259,-23.6993,19.2902,-24.0241,20.3982,-23.316,20.8463,-22.9121,19.8054,1
62,3720,185,-12.4007,-24.2941,7.07871,38.3107,6.80118,37.7859,6.58834,38.4472,7.3106,38.7972,7.54782,38.152,2
62,3720,186,-30.7446,-21.6797,39.8251,54.9602,39.5591,53.9983,39.3017,55.1998,40.0288,55.8008,40.3631,54.6618,1
63,3780,0,-36.9526,-15.8526,65.4301,96.2526,65.1146,93.9401,64.7927,97.0311,65.6534,98.2533,66.1131,95.2664,1
63,3780,8,33.4435,-23.2382,-5.96382,74.0172,-6.22794,73.3868,-6.90792,74.4457,-5.72836,74.7059,-5.18254,73.6369,1
63,3780,14,-34.2797,14.3987,17.1682,100.439,17.2511,99.7617,16.4789,100.492,17.1133,101.061,17.9673,100.392,2
63,3780,17,-29.7338,22.586,38.6984,-127.104,39.2914,-127.094,38.6592,-127.989,38.1316,-127.068,38.7112,-126.072,1
63,3780,18,35.7456,-15.3461,12.2332,-105.613,12.8333,-105.482,12.2734,-106.477,11.5805,-105.785,12.2099,-104.874,1
63,3780,24,34.9297,21.159,-28.1426,-70.7974,-27.5261,-70.3441,-27.8847,-71.4532,-28.8832,-71.3194,-28.4109,-70.2035,1
63,3780,29,-38.2003,12.8625,27.3638,108.588,27.0891,107.864,26.7984,109.095,27.6267,109.229,28.0342,107.996,2
63,3780,31,38.119,2.50025,45.0355,128.362,44.6166,127.614,44.5996,129.222,45.5097,129.238,45.4191,127.603,8
63,3780,37,35.4465,-19.8632,-77.0146,-82.5284,-76.923,-79.886,-76.154,-83.3811,-77.0466,-85.4398,-77.7345,-81.6344,1
63,3780,45,29.4748,-23.3618,14.6425,-51.8204,15.2317,-51.7271,14.8062,-52.6877,14.036,-51.9578,14.522,-51.074,1
63,3780,56,-23.196,14.8313,53.8674,-108.347,54.3153,-108.996,53.4362,-109.102,53.4464,-107.709,54.3289,-107.472,1
63,3780,71,-32.145,24.2003,50.2756,-3.49447,50.8747,-3.03992,50.5531,-4.67605,49.6877,-3.85238,49.9044,-2.12816,1
63,3780,77,-31.8536,21.4682,-15.3339,-171.782,-15.4748,-172.451,-16.0587,-171.526,-15.1629,-171.162,-14.4761,-172.057,1
63,3780,103,32.4244,-9.80976,44.1945,-101.212,43.8867,-101.923,43.6219,-100.553,44.5105,-100.415,44.6905,-101.81,1
63,3780,105,-24.1119,24.0815,60.053,71.7,60.4299,72.5528,60.5491,70.8319,59.6513,70.9267,59.4621,72.6221,2
63,3780,108,32.4941,-22.8607,-43.1164,69.9436,-42.7331,70.5822,-42.4258,69.1682,-43.4852,69.2238,-43.683,70.6371,1
63,3780,141,-36.7378,-17.2321,43.8967,-37.6403,43.1966,-38.6239,43.4826,-36.8729,44.4673,-36.7786,44.3159,-38.5289,1
63,3780,145,-39.1483,0.666762,-9.55055,149,-8.97469,149.682,-9.14714,148.332,-10.054,148.413,-10.0104,149.779,2
63,3780,154,-34.7701,-19.0869,-2.69877,-25.5552,-2.76178,-26.453,-3.31295,-25.4472,-2.66261,-24.7924,-2.04035,-25.7078,1
63,3780,167,-40.1109,-4.35172,31.5554,26.0907,31.7203,25.0521,30.8309,26.1984,31.4081,26.9751,32.3876,25.948,1
63,3780,169,-34.896,21.4468,45.2239,126.502,45.9059,126.389,44.9996,125.411,44.5972,126.659,45.4533,127.819,2
63,3780,170,-33.1167,-17.2214,-7.92028,-158.773,-7.28537,-158.196,-7.55255,-159.277,-8.45465,-159.283,-8.29055,-158.211,1
63,3780,172,-34.321,-17.0175,-79.287,-141.887,-78.4716,-140.15,-79.0936,-145.096,-79.9688,-143.675,-79.4268,-138.245,1
63,3780,174,36.9493,-10.155,-27.2598,22.063,-27.658,21.4561,-27.8212,22.8142,-26.8293,22.7508,-26.7803,21.4181,2
63,3780,184,-33.7779,16.9077,-17.4654,23.6001,-17.5329,22.952,-18.1174,23.8037,-17.3752,24.1947,-16.7027,23.3824,1
63,3780,193,-35.0552,-20.3218,-10.3124,-118.612,-9.35345,-118.21,-10.1083,-119.289,-11.109,-118.971,-10.4885,-117.864,1
63,3780,197,-15.326,-23.4419,-22.0591,44.6216,-22.4481,43.9706,-22.6113,44.8651,-21.7279,45.2179,-21.5284,44.3522,2
64,3840,1,-36.0961,-5.87732,68.4636,-137.845,69.3003,-137.102,68.4957,-139.799,67.7343,-138.455,68.4161,-135.656,2
64,3840,13,-33.9541,23.4672,-6.44473,79.6955,-6.35928,79.0551,-7.21393,79.6872,-6.48332,80.3005,-5.52994,79.7319,1
64,3840,14,-26.7881,-23.5378,16.5477,100.817,16.4052,100.034,15.9972,100.876,16.6474,101.502,17.1087,100.719,1
64,3840,19,-27.7815,-14.3029,-13.9369,-74.7024,-13.2536,-74.6979,-13.9636,-75.2606,-14.5437,-74.7192,-13.8865,-74.113,1
64,3840,31,31.084,-21.558,46.3555,126.841,45.9886,126.218,45.7421,127.592,46.7112,127.538,46.8648,126.161,4
64,3840,93,-40.2711,-1.62428,29.9512,-101.618,30.1267,-102.59,29.2318,-101.522,29.7984,-100.786,30.7826,-101.742,3
64,3840,105,36.8866,-14.9624,59.6789,59.5752,60.1416,60.4733,60.1608,58.0667,59.1808,58.5678,59.2672,60.8368,2
64,3840,114,28.6993,-19.5568,18.6126,-72.0519,18.6186,-72.6092,17.9019,-72.059,18.5764,-71.4687,19.2331,-72.0636,1
64,3840,116,-29.1508,22.0716,53.5718,19.6997,54.0923,19.3533,53.2966,18.7183,53.0845,20.0722,53.8593,20.8653,1
64,3840,117,-20.6925,-21.4007,36.3174,58.6603,36.9354,58.5443,36.297,58.0422,35.7627,58.74,36.3607,59.2832,1
64,3840,129,39.1357,-4.18675,30.3809,98.9517,30.9077,99.5818,30.8162,98.0042,29.7835,98.2261,30.0015,99.7578,2
64,3840,142,12.8833,-20.9178,81.548,3.70136,81.4586,-0.0496045,80.9027,3.572,81.5747,7.46473,82.1383,3.68602,1
64,3840,143,30.8818,15.6973,55.8596,131.524,56.4703,132.215,56.1215,130.422,55.1455,130.783,55.5826,132.519,2
64,3840,145,-31.3694,-19.2806,-11.1179,147.749,-10.4042,148.279,-10.7687,147.211,-11.7196,147.275,-11.4582,148.342,1
64,3840,156,30.5406,-10.7011,40.089,44.7177,40.3987,44.0735,39.4363,44.3201,39.7357,45.3943,40.6698,45.0657,1
64,3840,164,38.8646,-10.4305,-45.6644,-53.2473,-45.3162,-54.1016,-46.5526,-53.592,-46.071,-52.2863,-44.9075,-52.9736,1
64,3840,169,-34.6372,0.396847,44.5433,127.926,45.2653,127.734,44.2717,127.09,43.9015,128.1,44.8452,128.875,5
65,3900,15,-37.1144,15.8666,46.2636,139.486,46.598,138.598,45.5369,139.207,45.98,140.299,47.1161,139.848,3
65,3900,21,24.8901,-23.7213,72.463,-113.807,72.9892,-113.669,72.5802,-116.145,71.9302,-114.045,72.3592,-111.777,1
65,3900,24,39.5426,-5.06106,-33.0103,-71.1098,-32.5544,-70.5398,-32.6052,-71.9525,-33.5185,-71.7791,-33.3524,-70.3793,1
65,3900,35,25.7687,-23.7806,-13.8327,-57.7104,-13.4862,-57.2823,-13.2194,-58.136,-14.159,-58.1713,-14.3534,-57.3199,1
65,3900,44,-33.3631,-13.1469,38.6622,-68.7307,39.4703,-68.7836,38.5393,-69.5052,37.9595,-68.7003,38.8137,-67.8898,1
65,3900,48,28.2816,-18.9357,-54.4089,61.8808,-54.0127,61.1614,-54.975,60.9709,-54.8417,62.6145,-53.8969,62.6329,1
65,3900,66,-33.3384,-23.6519,-18.4445,161.575,-18.6407,160.642,-19.0274,161.721,-18.2977,162.363,-17.837,161.377,1
65,3900,72,22.2196,-20.9157,12.9922,9.96971,13.5068,10.2058,13.3418,9.32403,12.4811,9.70288,12.6979,10.5514,1
65,3900,75,19.3488,-23.0684,-70.6775,116.569,-70.3469,115.202,-71.181,115.045,-71.0231,117.923,-70.2043,117.813,1
65,3900,77,-37.5055,-14.6969,-11.9116,-171.691,-12.2692,-172.595,-12.4794,-171.303,-11.6192,-170.923,-11.2975,-172.147,1
65,3900,82,-34.5632,-22.5511,-52.7259,87.9265,-51.869,87.4858,-52.9306,87.0011,-53.4514,88.2773,-52.4603,88.8822,1
65,3900,141,-34.4508,-16.7366,51.4869,-37.2092,50.836,-38.2567,51.0733,-36.3814,52.0235,-36.2731,51.9032,-38.1602,1
65,3900,155,16.7454,19.6591,26.8873,12.7938,26.9137,12.1597,26.3638,12.7428,26.8748,13.4924,27.4074,12.8719,2
65,3900,169,-30.7733,-12.1115,42.9467,130.369,43.6642,130.084,42.7163,129.627,42.3108,130.6,43.2085,131.164,1
65,3900,186,24.4376,-22.2795,46.2817,68.8768,46.2584,68.1216,45.5919,68.8287,46.2703,69.6493,46.889,68.8913,1
66,3960,1,-33.009,-9.8709,62.1219,-131.023,62.9075,-130.378,62.239,-132.432,61.4347,-131.577,61.9972,-129.483,2
66,3960,5,36.9069,-14.5915,-74.5714,-64.2835,-73.8639,-63.8702,-74.5746,-68.0337,-75.3497,-64.9183,-74.5062,-61.1247,1
66,3960,11,-38.3949,-11.607,-44.7187,13.8028,-44.1959,12.8215,-45.3202,13.4465,-45.164,14.6441,-44.033,14.1631,1
66,3960,17,34.807,-21.8775,29.7513,-126.077,30.3586,-126.052,29.7207,-127.126,29.1007,-126.151,29.7911,-125.195,1
66,3960,23,26.2995,-21.0616,0.420965,-75.3169,0.832752,-74.9892,0.883747,-75.8443,0.0142543,-75.6781,0.0292395,-74.8424,2
66,3960,39,32.4893,-13.9245,-17.1044,129.105,-17.48,128.655,-17.6009,129.69,-16.714,129.606,-16.6787,128.59,1
66,3960,49,36.0716,4.46948,-35.0233,116.469,-34.9507,115.624,-35.7599,116.617,-35.0977,117.437,-34.3661,116.352,1
66,3960,61,28.9855,22.094,11.9558,-12.8193,12.6335,-12.7695,11.962,-13.4196,11.1698,-12.8525,11.9151,-12.2453,2
66,3960,90,-34.6045,-20.1949,-38.3015,176.24,-38.0241,175.15,-38.9022,176.065,-38.5463,177.161,-37.6453,176.377,1
66,3960,93,-34.245,-20.6859,32.8773,-96.6165,32.8971,-97.6858,32.265,-96.5836,32.8339,-95.7128,33.5332,-96.6987,3
66,3960,96,32.0046,20.47,15.2242,33.8838,15.943,33.8303,15.1023,33.2437,14.3871,33.9687,15.3042,34.4917,6
66,3960,101,-33.4296,-21.5583,-17.269,-113.189,-17.9141,-113.843,-17.6712,-112.707,-16.7352,-112.623,-16.8687,-113.728,1
66,3960,109,32.9481,-5.1954,-87.5811,-95.1975,-88.0213,-106.24,-87.8173,-78.1455,-87.0307,-86.931,-87.2298,-107.057,1
66,3960,122,39.7354,-5.98176,-83.9168,120.64,-83.3307,125.031,-83.4614,112.94,-84.522,114.363,-84.2052,128.04,2
66,3960,125,-29.3753,-15.091,11.3986,-74.7828,10.8721,-75.3902,10.9679,-74.3374,11.8493,-74.2376,11.8378,-75.2769,2
66,3960,128,38.8731,-6.42597,58.3036,88.8159,58.8954,89.6816,58.62,87.1304,57.633,87.8365,58.0182,90.2349,1
66,3960,130,-37.4929,-12.4021,57.8483,40.7963,58.5795,39.6749,57.3035,39.9902,57.2124,41.6993,58.4682,41.6851,1
66,3960,137,-30.297,10.3233,-8.15263,-64.7534,-8.15027,-65.4198,-8.81194,-64.6425,-8.13709,-64.137,-7.40735,-64.8683,2
66,3960,143,-7.12687,21.4737,48.7148,139.213,49.1475,139.721,49.1051,138.586,48.2496,138.728,48.2738,139.854,2
66,3960,153,-30.2208,16.2884,-17.718,-41.05,-17.5945,-41.6844,-18.3851,-41.0978,-17.8076,-40.4493,-16.9563,-40.9782,2
66,3960,166,-34.1489,-4.44097,13.5829,7.0044,13.6172,6.23074,12.9554,7.11324,13.549,7.68755,14.2791,6.87199,1
66,3960,174,-33.4896,10.6602,-13.6748,13.5682,-14.0585,12.9841,-14.1543,14.0845,-13.3087,14.0886,-13.1175,12.9869,2
66,3960,175,29.073,-20.0133,18.9819,20.1441,18.6118,19.6602,18.3559,20.6788,19.3428,20.6758,19.5118,19.6611,1
66,3960,176,33.2892,-22.2073,54.468,23.1756,54.1261,22.2736,53.698,24.0707,54.7881,24.191,55.1006,22.3618,1
66,3960,183,39.2363,-11.127,-44.7889,13.7586,-44.7959,12.8494,-45.6202,14.0935,-44.7955,14.7854,-44.0852,13.471,1
66,3960,184,-30.5612,-3.82999,-9.33166,27.5458,-9.49706,26.9238,-9.83509,27.7796,-9.18332,28.1058,-8.78376,27.2841,1
67,4020,0,32.9729,-20.4306,69.6726,137.707,70.0011,136.015,68.8022,136.496,69.2684,139.395,70.4142,138.761,1
67,4020,7,-26.8903,-20.8107,-23.9445,60.7264,-24.394,59.9497,-24.4791,61.0727,-23.5676,61.4113,-23.4079,60.337,1
67,4020,9,-15.3635,-18.1198,45.2013,84.4604,44.8693,83.6501,44.6805,84.7854,45.484,85.2224,45.7117,84.0981,1
67,4020,12,38.7698,-11.3269,-32.0092,63.5828,-31.8613,62.827,-32.8907,63.6109,-32.1937,64.4305,-31.2607,63.5493,1
67,4020,17,-32.6136,18.8119,29.1951,-114.401,29.8105,-114.278,29.2104,-115.203,28.6164,-114.481,29.1515,-113.47,3
67,4020,23,-34.3039,6.51897,-5.01984,-69.0849,-4.55418,-68.6318,-4.69789,-69.6218,-5.44762,-69.4865,-5.38876,-68.4767,1
67,4020,26,29.2063,-24.3051,-68.4254,89.4542,-68.623,88.0507,-69.1765,90.1427,-68.2439,90.9197,-67.7863,88.8441,2
67,4020,35,-33.6355,-22.7957,-21.5737,-52.8346,-20.9084,-52.2143,-21.1991,-53.323,-22.1195,-53.3795,-21.9389,-52.2844,1
67,4020,40,34.221,-1.0029,-4.97565,143.307,-4.9801,142.657,-5.69177,143.479,-4.97552,144.036,-4.33828,143.157,2
67,4020,71,37.1065,-14.2332,37.4839,-5.83468,38.0946,-5.46399,37.7062,-6.98168,36.8177,-6.27352,37.2988,-4.86277,2
67,4020,72,26.6226,-12.0343,4.999,12.1597,5.50168,12.4337,5.28994,11.5221,4.47521,11.8536,4.74742,12.7351,2
67,4020,89,26.8385,-14.035,25.8385,17.0553,26.3415,17.2298,26.001,16.349,25.3136,16.8524,25.7021,17.6875,1
67,4020,93,-27.9242,-20.3671,34.7336,-92.5286,34.7662,-93.4535,34.1723,-92.5725,34.6807,-91.7243,35.3205,-92.5207,2
67,4020,96,32.0364,-6.05763,14.5513,34.385,15.1419,34.4484,14.4991,33.6581,13.9045,34.3041,14.5997,35.0317,9
67,4020,103,-30.9824,-22.4597,58.3045,-110.595,57.6396,-111.604,57.9242,-109.736,58.8521,-109.671,58.6671,-111.563,1
67,4020,130,-35.8553,-18.8425,57.2659,46.0142,58.0286,44.8632,56.7825,45.1602,56.6046,46.9205,57.8146,46.9186,1
67,4020,143,19.949,-2.24402,46.9618,135.451,47.3913,135.965,47.303,134.732,46.5084,134.913,46.6383,136.119,1
67,4020,156,-38.2395,-12.9573,49.5608,56.4252,50.0981,55.2756,48.9448,56.0231,49.0882,57.3696,50.2597,56.848,1
67,4020,165,37.6165,-3.28728,-15.0015,-9.76249,-14.917,-10.4705,-15.8137,-9.63198,-15.1054,-8.95894,-14.2953,-9.87446,1
67,4020,172,11.5315,-18.1268,-84.7052,25.7418,-85.1308,22.2593,-85.0726,30.8879,-84.2789,28.8439,-84.344,21.4762,2
67,4020,174,36.4833,15.9389,-9.26094,20.6459,-9.81448,20.0818,-9.64161,21.2725,-8.59511,21.2965,-8.88995,20.0952,1
67,4020,184,37.6896,-0.824676,-8.39938,34.8914,-8.53157,34.2521,-9.05795,35.2435,-8.25329,35.6205,-7.82133,34.5872,1
67,4020,189,-25.0812,-24.1129,9.79546,-147.386,10.5013,-147.235,9.96286,-147.898,9.18486,-147.539,9.65667,-146.856,1
67,4020,195,18.3103,-24.3067,-71.681,-7.34055,-71.5193,-9.18934,-72.3673,-8.40678,-71.8579,-5.50756,-71.057,-6.52872,1
68,4080,14,22.2233,-15.6543,25.0591,115.153,25.0978,114.586,24.4369,115.088,24.997,115.735,25.6222,115.197,1
68,4080,32,36.4172,19.0037,78.2494,-59.4729,78.8148,-56.9492,78.5536,-62.4454,77.5404,-62.0928,77.9178,-56.9753,1
68,4080,38,-24.3734,-23.4094,-46.6018,124.391,-47.1797,123.776,-46.958,124.973,-46.1055,124.943,-46.261,123.776,1
68,4080,46,-31.8335,-17.3155,-24.2359,-12.0644,-23.4145,-12.0977,-24.304,-12.7221,-24.9468,-12.0531,-24.1297,-11.3652,2
68,4080,52,29.271,-24.3225,-32.088,135.845,-32.0499,135.111,-32.9867,135.716,-32.1671,136.603,-31.3185,135.924,1
68,4080,64,32.4958,-23.7838,-57.9264,96.4647,-57.5069,95.6816,-58.5475,95.2628,-58.3936,97.2533,-57.3773,97.418,1
68,4080,88,-33.4923,21.1238,52.0596,-0.16559,52.6677,0.0625251,52.1153,-1.33683,51.4842,-0.318848,51.9567,1.20407,1
68,4080,93,-36.4617,12.9467,39.7907,-86.1078,40.0714,-86.9524,39.0682,-86.2639,39.5533,-85.34,40.632,-85.9049,3
68,4080,95,-31.8805,23.1173,37.9659,13.4118,38.595,13.4035,37.8861,12.472,37.3714,13.4687,38.0245,14.5234,1
68,4080,96,21.5268,-6.65544,12.7133,37.7389,13.2297,37.7666,12.7098,37.1443,12.171,37.7008,12.7205,38.289,2
68,4080,102,34.083,19.4723,30.3043,-103.965,29.8008,-104.608,29.8903,-103.368,30.9081,-103.217,30.7115,-104.498,4
68,4080,116,-39.1649,-10.7864,49.9974,37.2981,50.8211,37.0246,49.7103,36.4232,49.2952,37.5117,50.3329,38.2829,1
68,4080,143,11.3024,-22.0438,45.2952,136.763,45.7621,137.221,45.7481,136.111,44.8532,136.293,44.8934,137.373,2
68,4080,164,-39.54,-8.68533,-30.7753,-42.7313,-30.5168,-43.7602,-31.4831,-42.7271,-30.9935,-41.8549,-29.9697,-42.7605,1
68,4080,166,32.7112,19.8216,16.2015,18.8072,16.1821,18.0318,15.5552,18.9185,16.2426,19.7137,16.8101,18.7374,1
68,4080,167,24.1513,-15.4645,36.7139,46.9846,36.8893,46.3373,36.0731,46.7173,36.5073,47.6457,37.2925,47.2115,1
68,4080,180,31.0604,-23.3482,-28.1542,-134.428,-27.6377,-134.18,-27.8167,-135.269,-28.6796,-134.73,-28.4186,-133.696,1
68,4080,183,-30.1606,22.3929,-31.9445,13.7172,-31.9861,13.0364,-32.6116,13.8347,-31.8679,14.3618,-31.1651,13.6097,1
68,4080,190,12.8063,-19.241,66.7998,178.574,67.3587,178.24,66.7307,176.925,66.2411,178.831,66.8677,-179.907,1
69,4140,4,-29.7283,-19.3416,-49.792,-85.5235,-48.9375,-85.2306,-49.6627,-86.4895,-50.5264,-85.8154,-49.8848,-84.4892,1
69,4140,19,14.9055,-19.4515,-29.7924,-64.6718,-29.2883,-64.7084,-29.755,-65.347,-30.2954,-64.6606,-29.8062,-64.0532,1
69,4140,24,33.0406,-21.3319,-46.2282,-68.0913,-45.8002,-67.5476,-45.7007,-69.0097,-46.6567,-68.7186,-46.6563,-67.2781,1
69,4140,42,31.2971,-17.3863,46.3697,-150.939,46.6987,-151.667,45.6626,-151.513,45.9886,-150.197,46.9882,-150.451,1
69,4140,53,30.7433,-18.589,-1.2944,163.307,-1.29823,162.686,-2.14458,163.353,-1.3235,163.966,-0.560381,163.249,1
69,4140,56,-28.3133,-2.636,49.7626,-76.6677,50.4152,-76.9638,49.5089,-77.5161,49.1684,-76.4059,50.0372,-75.7386,2
69,4140,65,23.889,-22.6931,-37.4011,149.836,-37.3982,149.157,-38.1097,149.742,-37.4318,150.526,-36.7763,149.89,1
69,4140,67,27.0062,-23.1869,19.6907,-163.869,19.6549,-164.457,18.9246,-163.878,19.6904,-163.262,20.3552,-163.884,1
69,4140,79,-20.5787,-19.1073,64.4889,-117.893,64.4687,-119.474,63.9374,-117.968,64.4745,-116.472,65.0507,-117.874,1
69,4140,101,33.715,-18.4132,-5.90538,-106.6,-6.25006,-107.105,-6.56433,-106.046,-5.56097,-106.037,-5.35258,-107.085,1
69,4140,102,37.2208,-6.06464,31.2452,-103.641,30.9104,-104.309,30.664,-102.972,31.6058,-102.874,31.744,-104.23,5
69,4140,109,34.6339,-11.1371,-76.9562,-105.832,-77.3402,-108.021,-77.4585,-103.022,-76.5293,-103.509,-76.5039,-108.127,1
69,4140,116,-40.1557,-3.69421,47.6989,43.0203,48.5063,42.9497,47.4542,42.1034,47.006,43.0798,47.9816,44.079,1
69,4140,137,18.6646,-20.8068,-4.51208,-56.7905,-4.60366,-57.3457,-5.19872,-56.7593,-4.44743,-56.229,-3.89619,-56.8387,1
69,4140,149,27.2747,-20.4095,-6.06806,-35.3639,-6.43321,-35.8485,-6.72961,-34.8841,-5.71526,-34.8402,-5.50272,-35.7977,2
69,4140,172,33.7426,-21.1966,-77.5405,31.4599,-78.0303,29.5851,-78.0455,35.1397,-77.0274,33.4572,-77.0937,28.5216,1
69,4140,177,-34.5099,-18.3838,77.2008,-148.497,77.6682,-144.934,77.6876,-150.373,76.7822,-151.368,76.6812,-146.497,1
69,4140,184,-35.0526,11.7173,2.57641,31.9102,2.47515,31.2689,1.96071,32.1586,2.68645,32.4894,3.29056,31.6333,2
70,4200,31,26.2417,-22.1795,69.1424,123.365,68.7651,122.295,68.5818,124.65,69.4998,124.566,69.6105,122.146,1
70,4200,34,29.8842,20.3231,-1.17731,-58.7106,-0.704714,-58.2448,-0.806443,-59.1625,-1.7375,-59.2334,-1.55231,-58.3009,2
70,4200,69,-18.0209,5.32511,53.8812,-66.292,54.3592,-66.6172,53.6654,-67.0655,53.4239,-65.9769,54.1017,-65.4564,1
70,4200,80,29.2447,-19.1585,-15.2992,39.1895,-14.7926,39.4041,-15.0294,38.4769,-15.8207,38.9349,-15.5166,39.8184,2
70,4200,96,36.1707,12.2398,4.72049,42.699,5.44128,42.7456,4.59361,42.0062,3.88103,42.6567,4.81319,43.3281,2
70,4200,145,33.9636,-14.879,-34.5098,140.642,-34.0946,141.258,-33.9025,139.858,-34.9356,139.942,-35.0182,141.338,1
70,4200,148,-33.6846,-17.3606,-37.3844,-45.7001,-37.956,-46.6,-37.8436,-45.1118,-36.9032,-44.9278,-36.9089,-46.3587,1
70,4200,152,-39.5546,3.19547,-30.3378,-62.1327,-30.0119,-63.0025,-31.075,-62.2053,-30.6075,-61.3665,-29.4802,-62.0514,1
71,4260,11,-33.7578,-22.66,-39.2855,35.4009,-39.0968,34.2698,-39.8756,35.2679,-39.4569,36.3539,-38.6499,35.4876,1
71,4260,37,34.4239,-7.99931,-68.8644,140.261,-69.3376,139.247,-69.1716,142.127,-68.3432,141.364,-68.5835,138.661,1
71,4260,39,28.7842,-21.5024,1.06524,126.391,0.687252,125.99,0.49987,126.9,1.43514,126.831,1.54197,125.935,1
71,4260,49,-33.0861,8.95554,-16.156,124.235,-16.0913,123.533,-16.8251,124.316,-16.1977,124.877,-15.3939,124.152,1
71,4260,52,26.3623,-23.1073,-23.4076,143.603,-23.4217,142.948,-24.2337,143.554,-23.4285,144.276,-22.6899,143.62,1
71,4260,71,25.8359,-24.1981,25.5986,2.26282,26.1456,2.5101,25.981,1.46236,25.0551,1.9732,25.2849,2.96446,2
71,4260,83,-26.0501,-20.6529,-43.0665,-179.608,-43.1648,179.436,-43.5958,-179.534,-42.9918,-178.767,-42.5229,-179.722,1
71,4260,85,-37.1213,-10.8096,19.7513,-139.714,19.5468,-140.553,19.1965,-139.413,19.9159,-138.99,20.36,-140.073,2
71,4260,91,35.3979,-16.9099,-9.17206,-131.902,-9.09152,-132.527,-10.0469,-131.892,-9.2905,-131.223,-8.4272,-131.925,1
71,4260,113,-28.8501,-16.1206,14.8663,-83.8154,14.7523,-84.5087,14.3536,-83.6992,14.9517,-83.2015,15.4037,-83.9619,1
71,4260,116,-11.7277,-23.157,41.7796,46.9935,42.3237,46.7868,41.7419,46.3331,41.2776,47.1533,41.837,47.6351,1
71,4260,120,25.1355,-24.2029,-28.9804,106.26,-28.5205,106.712,-28.3655,105.619,-29.42,105.761,-29.4945,106.842,1
71,4260,124,-35.5037,-19.2751,-6.33469,-78.7255,-6.99318,-79.4788,-6.78798,-78.2165,-5.79384,-78.0802,-5.87184,-79.3058,1
71,4260,137,-26.3451,-4.14905,5.43899,-55.3822,5.36357,-56.0387,4.87152,-55.2478,5.50496,-54.782,6.04786,-55.5347,1
71,4260,139,23.4688,1.03918,49.9057,14.0209,50.2034,13.2623,49.3579,13.6148,49.5791,14.826,50.4142,14.4125,2
71,4260,143,31.6676,-24.3182,34.5459,134.845,35.0182,135.385,35.2248,133.994,34.0811,134.244,33.9868,135.574,1
71,4260,152,-38.5468,-10.3978,-29.2402,-60.1432,-29.0115,-61.135,-29.918,-60.143,-29.4365,-59.2976,-28.4762,-60.1697,1
71,4260,157,29.8158,-22.9361,30.8846,119.382,31.4675,119.299,30.8067,118.408,30.2721,119.422,30.9673,120.216,1
71,4260,166,18.0557,-7.91954,23.1215,23.4181,23.1662,22.8597,22.5507,23.377,23.0631,23.9953,23.6542,23.4495,1
71,4260,168,33.4532,17.1755,41.244,112.779,41.892,112.321,40.8339,112.082,40.4958,113.323,41.5959,113.455,2
71,4260,174,32.6473,-15.7172,2.25246,19.1056,1.8835,18.6143,1.64961,19.6713,2.62788,19.6529,2.76411,18.605,2
72,4320,34,-34.3475,-22.1491,-4.65439,-53.3571,-3.99826,-52.7553,-4.27615,-53.8172,-5.19317,-53.8803,-5.02756,-52.8384,1
72,4320,49,31.0577,15.0871,-16.8543,131.998,-16.9298,131.288,-17.4706,132.173,-16.7493,132.807,-16.274,131.859,1
72,4320,51,-32.6349,17.2753,-37.6937,114.602,-37.4382,113.799,-38.4308,114.396,-37.8977,115.365,-36.8412,114.859,1
72,4320,77,36.112,-17.4183,9.47962,-156.624,9.32972,-157.278,8.59583,-156.271,9.6073,-155.898,10.2204,-156.939,1
72,4320,79,17.6523,-19.5502,66.6779,-90.294,66.9442,-91.5042,66.1444,-91.2437,66.3797,-89.1377,67.1666,-89.437,1
72,4320,86,-30.1876,-20.3328,51.5982,-111.494,51.5054,-112.722,51.0468,-111.383,51.6498,-110.425,52.1743,-111.665,1
72,4320,87,-36.8158,17.5209,64.3906,-34.5966,65.051,-34.9426,64.0619,-36.1393,63.7965,-34.2295,64.7413,-32.707,1
72,4320,102,14.8183,-23.9862,41.1611,-106.394,40.7886,-106.908,40.6157,-105.943,41.5025,-105.858,41.6383,-106.832,1
72,4320,105,24.3299,-18.9097,30.1085,65.4785,30.5037,65.9115,30.6034,64.9118,29.7178,65.0134,29.6792,65.9911,1
72,4320,128,-15.8755,9.81657,35.7327,103.133,36.1479,103.584,36.0853,102.598,35.3181,102.71,35.3454,103.693,1
72,4320,142,-38.9232,-5.15337,65.1169,142.698,65.6911,144.436,65.5258,141.203,64.6097,141.266,64.6449,144.372,1
72,4320,144,-26.9501,-4.4013,-6.8954,144.799,-6.39912,145.263,-6.54599,144.312,-7.34523,144.374,-7.26482,145.329,1
72,4320,148,-28.3581,-24.2739,-30.7716,-44.3341,-31.41,-45.0649,-31.2373,-43.851,-30.2391,-43.6955,-30.3184,-44.865,1
72,4320,149,-29.4518,-19.6058,5.60127,-41.0282,4.99799,-41.6248,5.17433,-40.5797,6.10981,-40.4965,6.02514,-41.5248,1
72,4320,151,-37.0855,-13.3398,-41.8851,-97.5633,-41.3493,-98.5088,-42.4751,-97.9386,-42.3446,-96.7542,-41.2167,-97.1871,1
72,4320,155,27.5686,-20.6656,37.8511,34.4352,38.0819,33.7779,37.1592,34.0178,37.5782,35.0971,38.4616,34.7833,1
72,4320,173,29.4812,-23.5372,-30.7868,18.8188,-31.1898,18.2994,-31.45,19.4647,-30.3961,19.3859,-30.2315,18.2526,1
72,4320,184,-25.683,-24.3709,9.2513,35.468,8.90999,34.8101,8.7532,35.6647,9.52733,36.0508,9.7455,35.2344,1
72,4320,187,-38.5356,-10.819,55.2857,179.937,56.1206,-179.878,55.2016,178.833,54.5746,179.773,55.39,-178.82,1
72,4320,196,18.2951,-16.9055,-24.7702,45.1266,-25.0176,44.5529,-25.4049,45.4078,-24.5381,45.7173,-24.1987,44.8561,1
73,4380,9,34.8383,-10.6079,62.352,111.21,62.4398,109.732,61.4629,111.312,62.2142,112.824,63.1212,111.097,1
73,4380,13,-35.4453,15.3351,18.7916,99.2278,18.8908,98.5288,18.0759,99.2775,18.7242,99.8683,19.6284,99.1857,1
73,4380,28,39.6987,6.9954,27.3367,114.801,27.0192,114.082,26.7991,115.39,27.7074,115.645,27.8161,114.29,1
73,4380,30,37.7495,-1.48589,46.5781,125.774,46.1835,125.016,46.1128,126.65,47.0154,126.658,46.9808,125,1
73,4380,38,-14.3997,-21.334,-27.2459,123.4,-27.7234,123.011,-27.6,123.804,-26.8214,123.769,-26.912,122.985,1
73,4380,43,36.6636,-17.7826,37.0665,-82.7777,37.723,-82.7781,36.9148,-83.9522,36.3456,-82.8228,37.2017,-81.7877,1
73,4380,49,23.4291,-20.6322,-16.2205,131.123,-16.2603,130.545,-16.9376,131.123,-16.2077,131.715,-15.5858,131.103,1
73,4380,54,36.5417,-15.278,35.0667,-159.163,35.2906,-159.953,34.1244,-159.344,34.7827,-158.31,35.8679,-159.024,1
73,4380,92,-35.0857,18.9612,29.61,-103.054,29.7905,-103.8,28.8544,-103.13,29.4721,-102.359,30.499,-102.938,3
73,4380,115,30.5805,23.6711,48.8064,13.0741,49.3439,12.4383,48.4271,12.4231,48.1883,13.8303,49.1376,13.7404,1
73,4380,116,25.503,-14.3965,34.142,52.2316,34.646,52.2273,34.1171,51.4812,33.6138,52.2138,34.1723,52.9043,1
73,4380,121,36.9176,-11.4925,-73.6072,111.236,-73.131,113.033,-73.0514,108.632,-74.0996,109.05,-74.0473,113.617,2
73,4380,122,-26.5847,-24.3161,-69.7752,-99.3872,-70.1586,-101.64,-70.3448,-98.7068,-69.4441,-97.4776,-69.2055,-100.155,1
73,4380,124,39.7766,1.2279,2.68334,-69.8718,2.28522,-70.5564,2.09063,-69.1899,3.14101,-69.0722,3.2014,-70.4559,1
73,4380,154,-37.8036,13.0961,27.0228,1.64092,27.2241,0.840325,26.2547,1.63472,26.8625,2.36237,27.9271,1.6629,3
73,4380,163,-36.38,-11.5985,-39.3839,-62.5211,-39.0136,-63.5257,-40.0199,-62.7164,-39.7036,-61.6549,-38.6719,-62.3379,1
73,4380,165,-30.1371,22.6809,8.35303,1.00086,8.41789,0.372307,7.62069,0.975668,8.32761,1.60369,9.20671,1.05631,1
73,4380,183,-24.9412,18.2302,-16.1384,22.9629,-16.2507,22.4195,-16.7023,23.1213,-16.006,23.481,-15.4995,22.8036,1
73,4380,190,29.3106,-22.3871,52.645,-159.722,53.2706,-159.456,52.8867,-161.186,52.0022,-160.057,52.4458,-158.468,1
74,4440,18,-37.5931,-12.8146,-14.4825,-74.9618,-13.6189,-74.9132,-14.5847,-75.6135,-15.2176,-75.0143,-14.3412,-74.2405,1
74,4440,25,12.1078,-24.3218,-75.7352,68.9829,-75.8336,66.9547,-76.3222,68.9611,-75.6492,70.9486,-75.2026,68.9166,1
74,4440,30,38.3497,-7.79239,49.6892,125.66,49.3204,124.84,49.1509,126.616,50.0845,126.617,50.1416,124.817,1
74,4440,32,-28.028,-20.6901,59.1156,-47.3186,59.5921,-46.2126,59.534,-48.001,58.7068,-48.281,58.6956,-46.5795,1
74,4440,34,-32.5569,-17.6264,-12.7897,-54.4334,-12.2279,-53.8697,-12.4236,-54.8848,-13.2624,-54.9332,-13.159,-53.9286,1
74,4440,42,-37.3991,-14.7312,55.7682,-123.295,56.4748,-124.38,55.244,-124.024,55.1546,-122.425,56.3647,-122.507,1
74,4440,63,-25.7112,-22.8865,-51.8355,72.7665,-51.2673,72.0005,-52.1509,72.0391,-52.3407,73.4244,-51.481,73.4687,1
74,4440,68,-29.2074,-5.40516,57.0811,-105.965,57.4668,-106.926,56.5913,-106.454,56.7245,-105.119,57.6148,-105.434,1
74,4440,79,1.73365,-21.2838,68.9215,-71.5174,69.2964,-72.6751,68.5837,-72.778,68.5419,-70.4945,69.2489,-70.3293,2
74,4440,89,-38.1431,-12.8142,5.64183,34.368,6.45622,34.6558,5.71245,33.7337,4.95312,34.1143,5.58742,35.0798,2
74,4440,92,-37.2163,-12.4313,30.0339,-103.239,30.1099,-104.24,29.391,-103.149,29.9528,-102.387,30.7465,-103.371,3
74,4440,112,40.3061,-5.81499,-7.83216,-93.9429,-7.7941,-94.6098,-8.63538,-93.7349,-7.88903,-93.1791,-7.14693,-94.1218,1
74,4440,115,10.2051,-15.8142,50.6354,13.7202,51.025,13.3118,50.3953,13.0126,50.2392,14.0982,50.8681,14.3799,1
74,4440,118,-23.7685,-24.3073,-20.2198,106.234,-19.5296,106.179,-20.1902,105.684,-20.8254,106.261,-20.2155,106.793,1
74,4440,128,28.1445,-5.26929,29.2319,98.4686,29.6845,98.9333,29.6224,97.8016,28.7471,97.962,28.8786,99.0698,1
74,4440,136,-33.3251,-19.9117,-15.2632,-72.9707,-15.4199,-73.9168,-15.8872,-72.8104,-15.146,-72.1637,-14.6033,-73.1806,1
74,4440,142,35.6663,-7.8738,56.8621,127.389,57.3829,128.211,57.2494,125.981,56.2865,126.473,56.5177,128.592,2
74,4440,154,-23.5241,-9.80458,26.6232,3.84383,26.6577,3.14982,26.0906,3.84081,26.5806,4.47583,27.1833,3.83196,3
74,4440,167,32.8208,-12.6214,43.5305,74.1015,43.9475,73.4848,42.883,73.4802,43.0571,74.7412,44.0989,74.6421,1
74,4440,168,-34.4755,6.16573,43.4269,128.254,44.1294,128.138,43.189,127.382,42.7959,128.373,43.6858,129.256,2
74,4440,196,13.864,-20.1511,-17.8527,46.6076,-18.1295,46.0733,-18.4805,46.8554,-17.6005,47.1478,-17.2865,46.3626,1
75,4500,41,-32.6771,-23.2902,45.7648,-174.828,45.8308,-176.156,45.1459,-174.891,45.6745,-173.713,46.4221,-174.823,1
75,4500,42,-24.1875,-15.9294,53.6562,-117.208,54.1855,-117.939,53.3098,-117.925,53.1696,-116.588,54.0292,-116.474,1
75,4500,74,36.2116,-18.6052,-72.3063,120.717,-71.8702,119.086,-73.1185,118.926,-72.7975,122.509,-71.602,122.056,1
75,4500,86,-37.7224,-10.1164,60.3804,-96.5299,60.5681,-98.1589,59.7478,-96.5347,60.1965,-95.1523,61.0894,-96.5663,1
75,4500,88,31.353,-20.5666,30.8703,10.5543,31.4116,10.7413,31.0714,9.65746,30.3066,10.3216,30.7103,11.328,1
75,4500,92,-37.0226,-17.333,32.1163,-100.649,32.1687,-101.74,31.477,-100.572,32.0492,-99.7313,32.8166,-100.776,1
75,4500,105,-29.9126,-22.5158,19.5695,70.9259,20.2321,71.4603,19.9318,70.4391,19.0126,70.4527,19.2193,71.457,1
75,4500,127,31.8004,-0.960439,60.1631,87.518,60.7108,88.2408,60.4259,86.1354,59.5544,86.7356,59.9128,88.7393,1
75,4500,144,-22.07,13.0543,-19.8928,144.645,-19.4726,145.079,-19.4953,144.155,-20.3085,144.24,-20.3388,145.178,1
75,4500,154,37.1358,-11.0466,24.2721,10.7458,24.4654,10.0582,23.4114,10.6727,24.0308,11.5032,25.0104,10.7996,1
75,4500,166,22.6037,-18.5477,31.5256,35.0337,31.6323,34.4055,30.8632,34.8366,31.388,35.6701,32.1215,35.1927,1
75,4500,168,-33.9875,-22.3483,43.1173,128.678,43.9995,128.216,42.8669,127.89,42.3659,129.03,43.419,129.504,1
75,4500,183,27.7187,-6.74663,-13.4113,29.1438,-13.5436,28.6191,-13.9826,29.3731,-13.2776,29.7098,-12.8956,28.9326,1
75,4500,196,28.8868,-20.5076,-15.1205,49.1467,-15.3643,48.536,-15.9346,49.494,-14.898,49.7995,-14.424,48.8284,1
75,4500,198,27.9403,21.3272,55.3636,84.9241,55.2109,83.6241,54.7247,85.2078,55.5475,86.4284,55.9847,84.7067,5
76,4560,13,38.757,-12.5247,19.7646,110.219,19.9026,109.536,18.8701,110.244,19.581,110.977,20.5217,110.186,1
76,4560,23,33.8658,-15.4083,-37.6555,-72.0169,-37.2405,-71.518,-37.1927,-72.7985,-38.0855,-72.5881,-38.0402,-71.3243,2
76,4560,28,32.6446,-13.8808,36.5704,115.547,36.3481,114.905,35.9346,116.005,36.7865,116.257,37.1175,115.129,1
76,4560,48,33.5781,5.98933,-33.4779,115.238,-33.4329,114.441,-34.164,115.37,-33.5188,116.141,-32.856,115.133,1
76,4560,60,-31.6456,9.31972,14.8112,-10.2819,15.4068,-10.0811,14.8903,-10.9248,14.2596,-10.4514,14.7117,-9.55731,1
76,4560,87,-36.4008,-18.9816,58.9583,-14.6895,59.8359,-15.0129,58.7645,-15.8098,58.215,-14.4613,59.1931,-13.4725,1
76,4560,89,-30.6491,-22.0609,-0.758603,36.1498,0.025719,36.3101,-0.642633,35.5996,-1.42755,35.9924,-0.845326,36.7346,1
76,4560,93,-33.1049,22.3074,50.1875,-45.7705,50.6866,-46.409,49.641,-46.5851,49.7403,-45.1375,50.8074,-44.7566,1
76,4560,94,32.7653,-10.7021,37.3081,-2.76538,37.8922,-2.91331,37.0446,-3.64919,36.667,-2.62942,37.542,-1.98865,1
76,4560,100,-34.3916,-18.8611,-15.1807,-115.678,-15.7953,-116.334,-15.5766,-115.188,-14.6689,-115.11,-14.7786,-116.229,1
76,4560,104,33.8995,-19.3318,50.9875,59.977,51.419,60.6694,51.5456,58.8982,50.5435,59.206,50.5183,60.8938,1
76,4560,116,25.8435,-19.6247,26.6329,60.6681,27.1446,60.7073,26.698,59.9226,26.1052,60.5986,26.5889,61.3271,2
76,4560,127,37.7174,4.49025,55.7312,88.1926,56.3604,88.9751,55.9747,86.7829,54.9975,87.3199,55.4922,89.4117,8
76,4560,144,-13.8876,-20.999,-20.3216,143.547,-19.7748,143.929,-19.9427,143.104,-20.8073,143.177,-20.6747,144.004,1
76,4560,152,-31.1615,10.8939,-16.8281,-42.6996,-16.7061,-43.3507,-17.4751,-42.7108,-16.9223,-42.0946,-16.0956,-42.6764,1
76,4560,155,-33.0284,-21.8573,48.2706,50.0309,48.6646,48.8167,47.7149,49.6549,47.9081,51.0311,48.8772,50.3842,1
76,4560,163,38.3568,-13.0606,-41.1379,-45.6496,-40.8662,-46.4768,-42.0582,-45.8681,-41.4617,-44.7292,-40.3572,-45.4837,1
76,4560,183,19.6524,5.38837,-8.66192,30.2948,-8.82124,29.8187,-9.12927,30.4932,-8.48679,30.8029,-8.21306,30.1118,1
76,4560,198,36.4788,-2.59548,55.3887,87.3558,55.4265,86.0576,54.5375,87.6569,55.319,88.8213,56.1323,87.0852,13
77,4620,19,37.5093,-14.8736,-49.04,-35.4391,-48.4139,-35.6116,-49.3603,-36.7043,-49.7397,-35.2873,-48.746,-34.3872,1
77,4620,65,-35.5249,18.0485,-7.14292,166.995,-7.10439,166.322,-7.87923,167.102,-7.14646,167.613,-6.27293,166.888,1
77,4620,78,-32.9548,-22.5254,60.7385,-132.147,60.5324,-134.024,60.1208,-131.856,60.8699,-130.536,61.383,-132.558,1
77,4620,89,25.3227,-13.5239,-7.33587,33.6586,-6.85376,33.8493,-7.12594,33.0566,-7.83511,33.4411,-7.5131,34.2039,1
77,4620,92,-21.753,-0.956236,36.4206,-90.7779,36.54,-91.4604,35.9026,-90.8644,36.3058,-90.1411,36.9723,-90.6878,1
77,4620,95,36.9643,4.22762,12.0688,33.529,12.755,33.5995,11.9381,32.7801,11.2814,33.4495,12.1731,34.1946,1
77,4620,101,31.0991,-17.7838,24.3872,-107.195,24.0578,-107.725,23.7579,-106.665,24.7114,-106.61,24.9212,-107.674,1
77,4620,106,-33.9853,-20.1984,-24.0022,73.1842,-23.2876,73.7643,-23.6719,72.6187,-24.5955,72.6701,-24.3229,73.8169,1
77,4620,115,33.1495,-18.4655,45.0374,27.3039,45.5822,27.1233,44.7949,26.2568,44.4456,27.453,45.2533,28.2039,1
77,4620,127,23.1789,-23.8524,55.6028,91.4574,56.1116,92.0161,56.0968,90.346,55.1059,90.8521,55.1812,92.4338,1
77,4620,135,31.5833,-15.9865,-37.8159,-86.2037,-37.7399,-86.9849,-38.6483,-86.2325,-37.9204,-85.3675,-37.0928,-86.1981,1
77,4620,136,34.4759,16.9014,-7.17986,-58.424,-7.30855,-59.1986,-7.84447,-58.1704,-7.00897,-57.5208,-6.55887,-58.627,2
77,4620,142,37.7262,-2.82708,45.266,130.068,45.7933,130.793,45.663,128.964,44.6673,129.247,44.9114,131.012,1
77,4620,165,-20.7766,-11.7298,16.0541,8.83863,16.0228,8.20103,15.5272,8.87241,16.0708,9.42343,16.5994,8.7876,2
77,4620,175,-22.4997,-20.9801,60.4229,10.4425,59.84,9.61709,60.0578,11.2902,60.9237,11.2327,60.7657,9.52194,1
77,4620,181,27.6187,-24.3019,-65.179,-32.8745,-64.9413,-34.0331,-65.8361,-33.8171,-65.4468,-31.6996,-64.5969,-32.1431,1
77,4620,198,17.0322,-24.3018,58.0515,85.3977,57.9538,84.2741,57.3062,85.3443,58.1036,86.5191,58.7165,85.3983,1
78,4680,8,-23.4722,24.2946,54.439,85.9178,54.2438,84.9025,53.7426,86.2507,54.6609,86.9096,55.2438,85.571,1
78,4680,16,-40.505,0.0985385,27.2859,-113.309,28.1065,-113.13,27.1809,-114.11,26.5781,-113.454,27.4084,-112.377,1
78,4680,28,29.7483,-18.4178,43.5919,117.067,43.3737,116.384,42.9337,117.493,43.7925,117.808,44.1575,116.667,1
78,4680,51,30.2674,-3.69518,-29.3602,136.521,-29.3172,135.809,-30.0703,136.603,-29.4113,137.3,-28.7213,136.447,1
78,4680,60,-32.8123,22.6408,7.49742,-5.3333,8.08591,-5.10969,7.67889,-6.05924,6.93078,-5.50707,7.25758,-4.48413,1
78,4680,72,-30.602,-24.0596,-29.7672,30.5956,-28.8754,30.8083,-29.616,29.905,-30.5194,30.3847,-29.878,31.33,1
78,4680,75,-36.5714,-12.8708,-32.6868,174.78,-32.9286,173.744,-33.282,175.149,-32.4842,175.664,-32.0376,174.348,1
78,4680,78,-39.1599,9.81474,66.8311,-122.276,67.0364,-124.282,66.0292,-122.2,66.6497,-120.522,67.7769,-122.35,1
78,4680,83,-36.3095,-13.8522,-20.4623,-163.512,-20.6494,-164.371,-21.0202,-163.248,-20.31,-162.774,-19.8563,-163.825,1
78,4680,85,35.7771,-18.4493,37.6328,-118.664,37.6712,-119.425,36.7657,-118.6,37.5516,-117.84,38.3664,-118.74,1
78,4680,86,25.0793,-4.43157,59.6001,-70.308,59.9158,-71.1241,59.1062,-70.9097,59.2518,-69.4606,60.0528,-69.7441,1
78,4680,98,26.946,-18.9331,-49.604,138.812,-49.179,138.267,-50.0651,137.938,-50.0622,139.358,-49.18,139.551,1
78,4680,128,36.4516,0.049559,13.7083,98.523,14.2158,99.0533,14.1182,97.7895,13.1337,97.9185,13.3417,99.1632,1
78,4680,131,24.1546,-3.48554,2.49678,117.378,3.05216,117.499,2.56914,116.752,1.90458,117.244,2.4316,117.957,1
78,4680,135,30.0398,-21.0999,-35.4057,-83.8775,-35.3645,-84.6313,-36.2698,-83.9433,-35.4815,-83.0876,-34.6611,-83.8474,1
78,4680,139,-33.9212,17.2655,54.4421,59.439,55.1281,59.1868,54.1424,58.2193,53.816,59.7156,54.7587,60.8989,1
78,4680,140,32.8172,3.22038,65.213,-22.2247,64.9492,-23.7083,64.6086,-21.2604,65.4918,-20.5236,65.757,-23.1164,2
78,4680,141,34.4314,-4.42867,76.0025,105.842,76.6422,106.767,76.0602,102.527,75.2888,104.861,75.9161,108.734,1
78,4680,144,-30.7848,-13.8329,-28.1366,145.962,-27.4964,146.517,-27.8078,145.362,-28.688,145.459,-28.466,146.625,1
78,4680,147,-32.4016,-18.3939,-43.4493,-48.6808,-44.0082,-49.6492,-43.9149,-48.0703,-42.9773,-47.8483,-42.9708,-49.3597,1
78,4680,148,39.0232,-6.27533,-6.99007,-36.051,-7.36816,-36.6979,-7.6258,-35.3573,-6.57301,-35.3048,-6.44751,-36.6442,1
78,4680,165,28.1242,-23.9061,14.4994,13.6737,14.5337,13.0676,13.6734,13.5618,14.4228,14.2957,15.2125,13.7468,1
78,4680,166,30.5436,-22.7679,36.4248,45.7505,36.6436,45.0549,35.6249,45.3412,36.1543,46.4559,37.1156,46.0813,1
78,4680,181,-39.1645,4.68594,-56.6238,-26.2283,-56.2702,-27.4263,-57.3068,-26.4476,-56.9143,-25.1514,-55.8303,-25.9814,1
78,4680,185,33.5589,1.48846,55.909,85.5583,56.0896,84.5394,55.2557,85.4485,55.6955,86.6872,56.495,85.6685,5
79,4740,4,8.47435,-19.4054,-75.5255,-16.2471,-75.1829,-18.0504,-75.9593,-18.0578,-75.865,-14.4608,-75.0969,-14.7144,1
79,4740,7,34.7553,-10.3162,18.3447,77.1839,18.1228,76.4966,17.5759,77.6454,18.5658,77.9531,19.006,76.7727,1
79,4740,8,-35.4637,6.86921,56.743,84.4132,56.5586,83.0193,56.0689,85.041,56.9094,85.6661,57.5153,83.6718,6
79,4740,18,-36.7815,-15.3515,-27.4266,-61.7986,-26.5576,-61.8846,-27.5905,-62.4803,-28.1662,-61.7395,-27.2134,-61.0575,1
79,4740,28,32.7526,-19.9873,46.9036,118.739,46.7041,117.965,46.1659,119.203,47.0794,119.589,47.5265,118.308,1
79,4740,39,-38.8135,-6.948,32.3562,115.495,31.7648,114.811,32.0385,116.174,32.8583,116.091,32.6981,114.709,1
79,4740,48,-31.7011,-19.2946,-22.8074,116.001,-22.8786,115.088,-23.406,116.092,-22.7603,116.787,-22.1751,115.868,2
79,4740,56,-32.8388,20.0629,24.8241,-38.5764,25.4889,-38.385,24.9096,-39.4364,24.1947,-38.7146,24.6944,-37.5722,1
79,4740,61,-30.0616,-17.2784,-21.4089,15.5656,-20.6604,15.6016,-21.412,14.9617,-22.0615,15.5173,-21.3762,16.206,1
79,4740,68,12.4939,-17.7254,52.5979,-76.1152,53.0208,-76.5518,52.3549,-76.9447,52.1664,-75.7167,52.8319,-75.3506,1
79,4740,70,22.4276,13.8673,27.5537,-0.268526,28.119,-0.0499701,27.7036,-0.889947,26.925,-0.492286,27.3891,0.322522,6
79,4740,95,-32.9233,-22.7406,13.6044,41.4229,14.4991,41.3558,13.548,40.8042,12.8461,41.4571,13.704,42.0753,2
79,4740,111,28.3431,-23.6066,-21.577,-108.25,-21.5956,-108.825,-22.3298,-108.272,-21.5909,-107.655,-20.9272,-108.253,1
79,4740,117,-28.9056,-23.768,-6.77122,94.262,-6.00603,94.2595,-6.74087,93.7204,-7.42938,94.2429,-6.76608,94.8246,1
79,4740,125,-39.0364,-8.02936,60.5973,-74.5385,60.0303,-76.0976,60.1326,-73.3662,61.0613,-73.1628,61.096,-75.9403,1
79,4740,139,36.3011,-17.5596,47.5637,54.6797,48.2116,54.3926,47.1431,53.3832,46.8417,54.9341,47.9222,55.779,1
79,4740,140,-18.7746,-20.7788,67.5918,-34.5194,67.0968,-35.8013,67.1387,-33.6222,68.0123,-33.2847,68.0237,-35.5146,1
79,4740,144,-36.4302,-2.8963,-32.9272,147.313,-32.3216,148,-32.5807,146.576,-33.4545,146.706,-33.3048,148.159,1
79,4740,152,-32.244,-22.1029,-11.3429,-37.7311,-11.4154,-38.6268,-11.9433,-37.6678,-11.3002,-36.9681,-10.7115,-37.8382,1
79,4740,156,33.2305,-22.8404,33.6094,111.208,34.2172,111.104,33.455,110.123,32.9582,111.266,33.7541,112.122,2
79,4740,171,24.5168,15.8481,-72.1979,20.729,-72.6894,19.4889,-72.5048,22.3427,-71.6305,21.996,-71.8733,19.2708,1
79,4740,178,38.1717,-11.2447,3.17048,-170.231,3.55751,-169.663,3.78133,-170.917,2.75601,-170.884,2.65706,-169.643,1
79,4740,181,-37.3105,-11.637,-55.8029,-23.0113,-55.5743,-24.4035,-56.4188,-23.0714,-55.9948,-21.81,-55.1152,-22.9853,1
79,4740,185,30.757,-23.9532,56.8087,86.9007,56.9845,85.9261,56.0415,86.3822,56.5805,87.884,57.4687,87.3217,2
79,4740,186,23.7374,-21.1068,57.504,157.31,58.0098,157.114,57.4144,156.077,56.9815,157.454,57.5915,158.401,1
79,4740,198,-39.121,3.49917,70.0337,89.9117,70.155,87.2897,69.2277,90.287,69.909,92.1718,70.9711,89.4304,1
80,4800,8,-27.4961,-22.7841,56.6289,86.1679,56.2088,84.7708,56.0543,86.6369,56.9576,87.4181,57.203,85.6006,1
80,4800,14,20.9809,-23.674,46.8775,161.638,47.1722,160.988,46.3694,160.971,46.5529,162.257,47.3383,162.215,1
80,4800,43,-34.8014,-18.1684,24.4532,-56.0523,25.3558,-56.0158,24.4014,-56.7463,23.6865,-56.1016,24.5409,-55.3014,1
80,4800,44,34.6703,-1.37869,-9.50165,-37.4254,-8.86794,-37.2653,-9.49218,-38.1828,-10.211,-37.612,-9.51088,-36.7541,1
80,4800,48,26.6406,-16.5854,-23.5149,123.36,-23.5133,122.745,-24.2366,123.374,-23.5389,124.004,-22.8759,123.331,1
80,4800,51,-33.3576,-2.32835,-19.335,136.514,-19.2891,135.711,-19.9877,136.622,-19.372,137.229,-18.6093,136.387,1
80,4800,55,-14.1832,18.7198,44.9475,-70.9224,45.4802,-71.0926,44.8432,-71.7266,44.4178,-70.7231,45.0352,-70.0381,6
80,4800,70,5.56528,-21.7884,27.898,1.30226,28.4291,1.47566,28.1683,0.710896,27.3946,1.11163,27.6634,1.86135,7
80,4800,89,35.3651,-16.6663,-17.5084,37.0379,-16.9727,37.3171,-17.2418,36.2083,-18.079,36.7031,-17.7193,37.7527,1
80,4800,102,-7.94407,-21.8684,71.7211,-106.628,71.3061,-107.888,71.283,-105.7,72.0826,-105.365,72.1266,-107.628,3
80,4800,104,27.678,-11.6415,35.1206,62.5641,35.5115,63.0482,35.5606,61.9276,34.7147,62.039,34.7318,63.1354,1
80,4800,114,-33.9154,19.4365,55.7593,-3.3665,56.2703,-3.96445,55.2932,-4.26635,55.2991,-2.78086,56.2814,-2.2616,1
80,4800,118,-36.0768,-16.3512,-35.502,124.994,-34.6885,124.854,-35.6712,124.302,-36.1971,125.099,-35.2845,125.739,1
80,4800,151,33.0178,-24.3169,-37.2364,-61.021,-37.0552,-61.7592,-38.1324,-61.3723,-37.4669,-60.2549,-36.476,-60.7605,1
80,4800,163,26.6736,-19.0697,-31.1241,-33.2664,-31.039,-33.9203,-31.8595,-33.4075,-31.2379,-32.5895,-30.4746,-33.1645,1
80,4800,165,28.6447,-13.451,20.479,19.8118,20.5601,19.2058,19.7582,19.7605,20.3694,20.4529,21.1186,19.8449,1
80,4800,167,34.5873,-20.809,42.7381,102.31,43.3145,101.954,42.2851,101.201,42.1,102.635,43.1295,103.245,1
80,4800,171,-38.5315,-5.81862,-70.3362,0.768225,-70.717,-1.59282,-70.8449,2.23278,-69.9869,2.72985,-69.7544,-0.843745,1
80,4800,173,39.6632,0.592745,1.924,17.8433,1.48527,17.2375,1.42339,18.5412,2.42732,18.5491,2.3622,17.2433,1
80,4800,182,30.4094,24.2268,-26.0404,21.7053,-26.3159,20.993,-26.5616,21.9968,-25.6894,22.5241,-25.5244,21.4663,1
80,4800,197,-39.4308,5.43676,41.9882,59.7705,41.7784,58.5961,41.2768,60.3559,42.1764,60.7955,42.8189,59.0687,2
81,4860,4,24.3442,-9.53295,-73.9581,15.6055,-73.824,13.5307,-74.6439,15.223,-74.0925,17.8214,-73.3332,15.8969,1
81,4860,7,-32.9279,-19.0083,26.5888,70.9896,26.0696,70.1063,26.0589,71.4412,27.0113,71.7612,27.1323,70.4662,2
81,4860,9,-28.3744,-24.2922,75.4228,-168.958,76.2868,-170.291,75.2356,-171.382,74.6704,-168.028,75.6328,-166.442,1
81,4860,29,-33.9308,-20.8121,83.2985,-148.433,84.0015,-152.62,82.9516,-152.295,82.6698,-145.647,83.6641,-144.018,1
81,4860,35,16.0849,-22.097,-74.5044,-73.9396,-74.2327,-72.3427,-73.9396,-74.7793,-74.7395,-75.6236,-75.0038,-73.0586,1
81,4860,42,35.0333,-12.7824,40.0803,-90.2039,40.7149,-90.2765,39.8571,-91.2653,39.3803,-90.1574,40.2757,-89.2866,1
81,4860,48,40.0814,4.70666,-20.0622,128.716,-20.0429,127.894,-20.863,128.99,-20.0798,129.679,-19.3621,128.493,1
81,4860,55,-27.9933,-13.4422,45.9219,-69.439,46.6459,-69.6973,45.7377,-70.2496,45.2758,-69.2322,46.1322,-68.5815,4
81,4860,70,-35.1205,-0.227971,24.1541,7.76403,24.8115,8.19587,24.3484,7.05271,23.5687,7.3888,23.936,8.56515,2
81,4860,78,25.799,-21.35,65.1153,-97.7409,65.3836,-98.971,64.4495,-98.6784,64.7998,-96.5391,65.7039,-96.924,1
81,4860,92,-21.3994,22.0332,44.7744,-71.6846,45.0123,-72.375,44.2346,-72.0807,44.5614,-70.9896,45.3693,-71.2012,4
81,4860,95,20.1786,-20.3005,4.26928,42.8876,4.79783,42.9071,4.35721,42.2369,3.73617,42.8419,4.20833,43.4734,1
81,4860,103,29.436,-12.0483,66.9977,53.8885,67.4457,54.7939,67.3653,52.3226,66.5235,52.9168,66.6676,55.2519,2
81,4860,104,22.2889,-22.68,32.4794,63.2514,32.8913,63.679,33.0031,62.6833,32.0825,62.7954,32.0291,63.7661,1
81,4860,108,35.47,-20.0629,-68.683,-109.611,-69.0613,-111.007,-69.347,-107.8,-68.2909,-108.085,-68.1219,-111.093,1
81,4860,130,27.6057,-18.7329,22.9468,99.4486,23.5348,99.5394,23.0527,98.6004,22.336,99.3217,22.8682,100.193,2
81,4860,136,-28.0034,-21.2947,5.28001,-58.2771,5.0699,-59.0806,4.69329,-58.1412,5.44104,-57.5746,5.88186,-58.4538,1
81,4860,138,27.0152,-16.6084,49.4226,11.231,49.7425,10.4724,48.7805,10.6235,49.0598,11.9939,49.9956,11.7605,1
81,4860,140,-26.1093,-21.1728,74.9459,-34.8248,74.3752,-36.9707,74.4896,-33.3479,75.4111,-32.7617,75.3824,-36.5418,1
81,4860,162,-39.6202,-8.22958,-40.7472,-71.4976,-40.2398,-72.5068,-41.4276,-71.7683,-41.1754,-70.6314,-39.9651,-71.2215,1
81,4860,183,31.0857,-24.3755,5.33883,37.0064,5.19922,36.4577,4.5249,37.1822,5.44482,37.5893,6.02563,36.8348,2
81,4860,185,23.6287,-17.9086,61.0767,100.546,61.3188,99.6169,60.526,99.8846,60.8007,101.465,61.574,101.129,1
81,4860,196,-31.4025,-24.0177,7.62424,48.2,7.06206,47.3666,7.0631,48.5648,8.07628,48.9193,8.18523,47.7751,1
82,4920,6,-35.4267,-19.6443,-4.57774,61.7262,-5.12933,60.8533,-5.12021,62.1648,-4.13037,62.469,-4.0153,61.2163,1
82,4920,27,31.1462,-1.0824,25.0231,110.718,24.76,110.169,24.5271,111.145,25.3072,111.328,25.4709,110.331,1
82,4920,38,37.6405,-16.1751,7.23954,124.453,6.86788,123.943,6.62934,125.11,7.62486,125.038,7.74366,123.889,1
82,4920,39,37.7224,-7.81707,44.0811,123.532,43.7106,122.81,43.5559,124.381,44.4788,124.369,44.525,122.784,1
82,4920,42,33.0222,-19.5111,38.6935,-86.965,39.3086,-87.023,38.5642,-88.0757,38.0322,-86.9495,38.8141,-86.0165,1
82,4920,55,4.46294,-20.9733,41.5207,-68.3998,42.059,-68.6134,41.4611,-69.1821,40.9975,-68.2275,41.593,-67.669,1
82,4920,73,30.2076,-18.5124,-71.5343,88.0592,-70.986,87.2759,-71.8971,85.7118,-72.1251,88.8457,-71.1816,89.9951,1
82,4920,90,27.7643,-24.2966,-4.93081,-131.966,-4.9241,-132.541,-5.73731,-132.043,-4.97612,-131.376,-4.23468,-131.924,1
82,4920,92,-29.3271,-9.89398,45.8002,-71.4849,46.0742,-72.3917,45.2602,-71.7218,45.5424,-70.6881,46.3852,-71.2464,4
82,4920,145,30.4993,-20.7842,-78.6629,144.356,-78.2079,146.518,-78.032,141.277,-79.0959,141.75,-79.1609,147.348,1
82,4920,153,-31.7083,-13.4109,23.1074,-3.94199,23.1211,-4.77284,22.5193,-3.87988,23.0801,-3.21526,23.7399,-4.03426,1
82,4920,159,31.2214,-22.1405,-43.5775,-149.421,-42.9987,-149.613,-43.7758,-150.575,-44.1956,-149.268,-43.3784,-148.449,1
82,4920,163,37.6381,-9.76513,-26.5434,-25.6127,-26.4048,-26.3498,-27.4198,-25.5747,-26.7156,-24.7878,-25.7928,-25.6527,1
82,4920,173,27.7781,-18.9706,7.41839,15.7938,7.0463,15.3475,6.82939,16.2929,7.78398,16.2808,7.92196,15.3419,1
82,4920,174,33.5453,-13.4659,43.8301,17.9555,43.487,17.2359,43.2118,18.7025,44.1777,18.7677,44.3542,17.2828,1
82,4920,182,34.936,12.545,-20.5153,24.8055,-20.7146,24.1252,-21.0725,25.1531,-20.2705,25.5853,-19.9979,24.5098,1
83,4980,13,-36.7952,10.9837,43.9899,129.764,44.2737,128.869,43.2897,129.607,43.747,130.57,44.8025,129.965,1
83,4980,33,-37.8629,8.79768,-13.7173,-56.0274,-13.344,-55.3959,-13.2409,-56.5601,-14.0617,-56.5816,-14.2752,-55.4097,1
83,4980,35,-37.9287,13.889,-86.0318,-45.0271,-85.5005,-38.7126,-85.6236,-53.5303,-86.475,-51.9636,-86.3885,-32.9461,3
83,4980,39,36.8213,-14.4718,47.1568,123.101,46.8016,122.359,46.5587,123.982,47.5211,123.955,47.6521,122.321,1
83,4980,42,26.6979,-24.3385,37.4167,-83.1631,37.9957,-83.2528,37.3927,-84.1893,36.8198,-83.1215,37.4539,-82.2773,1
83,4980,65,29.1527,-21.7281,4.47225,-178.734,4.42207,-179.297,3.68914,-178.681,4.48986,-178.144,5.14746,-178.8,1
83,4980,71,-15.3777,-18.153,-15.6242,20.5155,-15.0303,20.7124,-15.4084,20.0051,-16.1624,20.3173,-15.8185,21.0365,1
83,4980,94,-32.4559,22.7203,24.8581,28.4833,25.4866,28.5897,24.8902,27.6565,24.2603,28.4261,24.7889,29.4557,1
83,4980,112,15.5759,-16.4069,20.0918,-77.2057,20.0551,-77.709,19.5475,-77.2065,20.1097,-76.6975,20.593,-77.2195,1
83,4980,151,-36.8922,14.0972,-22.217,-52.2602,-21.9885,-52.9969,-22.9733,-52.3181,-22.3957,-51.5857,-21.3298,-52.1777,1
83,4980,153,-35.1196,12.5637,27.8381,0.805258,28.0108,0.0482598,27.1236,0.782422,27.6988,1.49659,28.6656,0.846093,6
83,4980,175,-34.8134,-18.1864,82.3489,-13.3134,81.4731,-15.0778,82.2122,-8.67062,83.0806,-11.3316,82.4037,-18.5271,1
84,5040,9,-31.4605,-17.0337,66.934,-142.338,67.8023,-141.919,66.9913,-143.993,66.1852,-142.719,66.8858,-140.567,1
84,5040,20,37.4492,1.76742,36.7059,-89.2141,37.2211,-88.718,36.9677,-90.0579,36.1159,-89.7753,36.4647,-88.4788,1
84,5040,33,35.5642,-4.84168,-15.7221,-63.7472,-15.387,-63.2116,-15.2118,-64.2982,-16.0862,-64.3543,-16.1675,-63.2599,1
84,5040,35,-29.7989,-19.1661,-86.5372,-60.2391,-85.9464,-53.1363,-86.1555,-66.5266,-86.9789,-68.7724,-86.8585,-51.7647,2
84,5040,37,-36.4309,-18.8779,-21.7197,117.862,-22.3945,117.227,-22.0556,118.415,-21.1601,118.406,-21.3805,117.239,1
84,5040,50,-34.5677,11.8117,-32.5066,119.668,-32.2934,118.847,-33.2489,119.606,-32.6748,120.425,-31.6498,119.753,1
84,5040,67,-38.1599,-14.4889,58.3622,-107.373,58.8856,-108.787,57.7688,-107.863,57.8982,-106.224,59.0337,-106.859,1
84,5040,78,34.8986,-18.9655,65.3439,-71.1364,65.9035,-71.9326,64.7781,-72.9115,64.7141,-70.3884,65.821,-69.5991,1
84,5040,88,19.7449,19.3799,-1.40574,29.4077,-0.865038,29.539,-1.27904,28.9117,-2.00976,29.2804,-1.55309,29.8913,1
84,5040,91,-37.3873,9.69813,32.8147,-101.98,33.0277,-102.815,32.0878,-102.001,32.6374,-101.232,33.6606,-101.946,1
84,5040,110,-28.0387,-22.0394,-30.5323,-126.243,-30.584,-127.086,-31.0614,-126.223,-30.5023,-125.509,-29.9849,-126.3,1
84,5040,113,-35.2963,-10.8965,49.8163,-43.0079,50.0398,-44.1191,49.2385,-43.1143,49.6058,-42.0561,50.456,-42.9171,1
84,5040,115,24.7979,-19.1128,30.5277,54.3316,31.0347,54.3442,30.5632,53.5768,30.0051,54.29,30.5089,55.0018,1
84,5040,124,25.0435,-2.27851,43.2957,-68.374,42.993,-69.0626,42.7795,-67.8411,43.6121,-67.6224,43.7689,-68.8736,2
84,5040,125,-35.1942,-15.8825,78.1964,-67.4487,77.6374,-71.04,77.6991,-65.2709,78.6214,-64.0831,78.6961,-70.1622,2
84,5040,152,-32.0187,-19.9454,2.32022,-25.5304,2.23686,-26.3713,1.72867,-25.4437,2.37264,-24.8075,2.94447,-25.6574,1
84,5040,166,35.7447,-19.6998,43.2469,72.7751,43.7077,72.1549,42.5102,71.9577,42.715,73.3996,43.8744,73.4585,1
84,5040,170,-31.0642,18.4609,-86.5975,-61.5682,-86.1662,-69.0926,-87.1841,-69.1077,-86.9089,-52.4564,-85.8779,-55.377,2
84,5040,182,33.4749,4.89474,-14.2949,27.1968,-14.4542,26.5905,-14.8632,27.5066,-14.1109,27.8787,-13.7769,26.9262,1
84,5040,196,-36.456,-13.1981,19.71,50.6088,19.2769,49.6861,19.1442,51.0729,20.0645,51.4043,20.3179,50.0645,3
85,5100,5,-27.1292,-21.6506,-28.5839,54.4467,-29.0345,53.617,-29.1279,54.7975,-28.2076,55.1746,-28.0386,54.0503,1
85,5100,21,-35.1297,21.6047,-3.14468,-73.7854,-2.71466,-73.3153,-2.68383,-74.3697,-3.56944,-74.1962,-3.70971,-73.1053,1
85,5100,31,35.1442,-18.3292,53.7562,-61.594,54.1028,-60.7654,54.3823,-62.5833,53.4003,-62.5112,53.2286,-60.7555,1
85,5100,61,-28.3272,-22.1143,-37.5623,31.7129,-36.8001,31.5371,-37.6403,31.0141,-38.2256,31.8425,-37.443,32.4302,1
85,5100,65,-33.3397,24.206,18.0038,-176.751,18.02,-177.42,17.2369,-176.691,18.0288,-176.12,18.9181,-176.796,1
85,5100,79,19.2808,10.192,40.0162,-9.01356,40.5565,-8.82022,40.1298,-9.7195,39.4286,-9.20723,39.89,-8.33788,1
85,5100,95,-27.0157,-22.5835,-3.58742,55.096,-2.81743,55.0303,-3.59945,54.532,-4.25787,55.132,-3.53989,55.6763,1
85,5100,124,13.8474,-24.2486,45.0017,-69.841,44.634,-70.475,44.3866,-69.4056,45.3321,-69.1871,45.5429,-70.2725,3
85,5100,126,30.7873,22.7438,56.1942,87.476,56.9082,88.086,56.4214,86.3399,55.3416,86.8323,55.9307,88.5155,3
85,5100,141,-36.9504,-16.6068,53.8216,139.35,54.5499,140.512,54.1917,138.348,53.2102,138.383,53.4341,140.47,1
85,5100,145,38.2705,12.8788,-86.1529,-41.7874,-86.6518,-52.473,-86.5094,-30.4485,-85.4265,-32.6487,-85.7106,-49.7853,1
85,5100,151,-39.0728,-5.14817,-18.4973,-48.5984,-18.3417,-49.4922,-19.1913,-48.5146,-18.6289,-47.8296,-17.7068,-48.7082,1
85,5100,164,-24.7135,-16.5309,11.7175,2.02335,11.6499,1.31998,11.1684,2.07612,11.7613,2.6527,12.2859,1.94424,1
85,5100,165,39.3025,0.785499,31.8269,37.414,32.0846,36.6035,30.989,37.3675,31.5178,38.343,32.5535,37.4629,2
85,5100,166,18.3852,-3.56192,45.8423,80.1804,46.1994,79.6418,45.42,79.6577,45.462,80.7318,46.2389,80.6768,1
85,5100,170,-22.1683,12.2451,-85.5076,-17.7766,-85.5747,-24.9513,-86.0667,-15.6894,-85.3645,-11.2379,-84.886,-19.4102,7
85,5100,171,-35.1086,19.8072,-48.874,6.58925,-49.1996,5.64885,-49.4933,7.35348,-48.5355,7.41755,-48.1202,5.73494,1
85,5100,183,28.6071,-21.0234,19.4422,42.9527,19.3231,42.3945,18.7178,43.1094,19.5341,43.5428,20.0676,42.796,1
85,5100,197,30.5084,15.8112,55.6954,83.6057,55.5993,82.2982,55.0296,83.9182,55.8061,85.1094,56.3238,83.3519,2
86,5160,20,21.703,-4.6111,30.2817,-85.7184,30.6811,-85.3848,30.5663,-86.2553,29.8627,-86.0736,30.0179,-85.2205,1
86,5160,22,23.0317,-24.3174,-38.7438,-72.774,-38.3118,-72.3961,-38.2736,-73.4258,-39.1591,-73.1938,-39.1371,-72.1765,1
86,5160,44,-32.5681,18.6239,-23.987,-16.6941,-23.3432,-16.559,-23.9543,-17.4962,-24.5924,-16.7874,-24.0402,-15.7605,1
86,5160,69,-38.8499,-3.81297,14.9161,-11.657,15.7005,-11.4101,14.9164,-12.3587,14.2386,-11.8685,14.9244,-10.8557,2
86,5160,70,31.8142,-11.4353,5.28571,6.60593,5.81308,6.92389,5.58991,5.88577,4.72373,6.24386,5.02684,7.24182,1
86,5160,79,-38.0507,-1.76681,40.3385,-0.909135,41.0773,-0.372955,40.4857,-1.83298,39.693,-1.36232,40.17,0.144047,1
86,5160,87,33.3766,-3.9059,24.5221,12.2555,25.0768,12.474,24.616,11.5062,23.9099,12.0069,24.4368,12.9208,1
86,5160,98,-34.5055,22.4028,-34.5563,-179.517,-34.2513,179.769,-35.2978,-179.828,-34.8004,-178.826,-33.6815,-179.125,1
86,5160,99,34.4623,-22.3522,-20.5773,-147.113,-20.4902,-147.766,-21.5047,-147.201,-20.7104,-146.42,-19.796,-147.063,1
86,5160,110,33.4863,-13.4329,-28.2985,-115.504,-28.2522,-116.139,-29.0323,-115.452,-28.3672,-114.814,-27.6608,-115.56,1
86,5160,114,13.7913,-22.2094,47.4849,23.8034,47.9306,23.4993,47.3381,22.9867,47.0361,24.0654,47.6319,24.5432,1
86,5160,126,34.9949,1.28286,54.8267,86.9132,55.3975,87.6346,55.1065,85.6405,54.1779,86.117,54.5613,88.0249,3
86,5160,135,32.2579,-24.3381,-12.659,-65.0845,-12.6898,-65.7423,-13.6322,-65.0512,-12.673,-64.3907,-11.8413,-65.1377,1
86,5160,164,29.7039,-7.02023,11.5539,8.89166,11.6074,8.29724,10.8624,8.92546,11.4824,9.53473,12.1735,8.85605,1
86,5160,170,-32.6504,-20.5033,-84.5446,-27.6404,-84.6233,-37.0303,-85.1465,-26.047,-84.3858,-19.95,-83.9067,-29.3431,7
86,5160,172,22.3473,-14.0568,-12.8846,14.144,-13.2507,13.7339,-13.3622,14.5974,-12.5183,14.581,-12.4599,13.7252,1
86,5160,187,-35.7845,-17.0672,9.59751,-150.699,10.3936,-150.43,9.70291,-151.294,8.92444,-150.942,9.51136,-150.045,1
86,5160,190,30.9836,-19.7814,8.31647,-138.162,8.86635,-137.806,8.78193,-138.961,7.75387,-138.572,7.93286,-137.468,1
86,5160,197,30.1617,-11.1894,56.2434,84.0265,56.2489,82.8739,55.4477,84.1712,56.2048,85.2673,56.9456,83.875,1
87,5220,5,32.41,-19.0582,-23.0882,63.1115,-23.3413,62.4464,-23.9234,63.5676,-22.8494,63.8363,-22.3815,62.7071,1
87,5220,7,29.9491,-16.4723,45.8212,87.001,45.6728,86.1152,45.013,87.3466,45.9424,87.9577,46.5205,86.6687,1
87,5220,27,-38.9836,7.95315,45.8832,106.203,45.593,105.241,45.3439,106.854,46.1465,107.051,46.5119,105.432,2
87,5220,33,-28.2402,21.3739,-30.0075,-58.8376,-29.672,-58.3067,-29.502,-59.3112,-30.3523,-59.329,-30.601,-58.3068,1
87,5220,46,34.4022,-11.2569,-52.2543,75.6622,-51.9162,74.796,-53.0083,75.1579,-52.637,76.6113,-51.5944,76.0726,1
87,5220,97,-32.0634,-20.1185,-43.9466,133.611,-43.3634,132.78,-44.3902,133.065,-44.4551,134.318,-43.4491,134.147,1
87,5220,118,-35.27,-17.3734,-47.771,155.116,-47.0793,154.481,-48.1375,154.447,-48.3663,155.653,-47.3447,155.806,1
87,5220,131,-20.7383,4.70556,-22.4137,140.073,-21.8423,140.156,-22.3829,139.467,-22.957,140.001,-22.4479,140.724,1
87,5220,141,29.1996,-22.3626,46.1642,129.025,46.6387,129.61,46.7476,128.067,45.6923,128.383,45.6734,129.854,1
87,5220,182,-37.9695,-15.4773,-3.01665,24.3072,-3.307,23.4778,-3.55197,24.6256,-2.78323,25.0119,-2.43726,23.9281,1
87,5220,189,37.1641,-15.0836,-59.0141,-109.491,-58.4094,-109.307,-59.0283,-111.143,-59.6781,-109.757,-58.9728,-108.09,1
87,5220,193,34.3171,-18.8991,-71.7301,-1.14001,-71.5416,-3.23607,-72.7075,-1.66608,-71.9472,1.14305,-70.8983,-0.792943,1
87,5220,195,-31.3613,-18.3519,-4.60381,42.7805,-5.0559,41.9942,-5.14951,43.1435,-4.22973,43.4664,-4.04134,42.3646,1
88,5280,16,-40.3297,-3.85508,-0.86023,-90.2614,-0.0206091,-90.0818,-0.935967,-90.9597,-1.57863,-90.4146,-0.760427,-89.4583,1
88,5280,26,26.2949,-17.5054,10.6972,105.752,10.4297,105.299,10.1259,106.101,10.955,106.237,11.1953,105.428,1
88,5280,29,15.7807,-20.5097,59.0729,-97.3982,59.5284,-97.0264,59.3618,-98.3863,58.6274,-97.7993,58.819,-96.4969,1
88,5280,33,-35.0096,-5.46444,-31.1574,-58.2182,-30.6944,-57.561,-30.7813,-58.7738,-31.5594,-58.8032,-31.5644,-57.586,2
88,5280,44,26.8557,-18.2737,-30.6313,-19.0253,-30.066,-18.9631,-30.5577,-19.8829,-31.2185,-19.1234,-30.6744,-18.2673,1
88,5280,55,-34.4942,-17.7381,29.8775,-45.6113,30.8076,-45.6124,29.7976,-46.3633,29.0857,-45.63,29.9947,-44.7986,1
88,5280,64,-36.5686,11.6384,-3.02763,167.036,-3.00077,166.338,-3.7231,167.189,-3.03112,167.665,-2.21603,166.869,1
88,5280,66,-30.2169,24.1996,51.4612,-135.124,51.6874,-136.02,50.7838,-135.503,51.2741,-134.25,52.2443,-134.625,1
88,5280,68,-31.8783,22.7233,34.6197,-30.2701,35.2204,-30.0948,34.7167,-31.1469,34.0432,-30.3895,34.473,-29.2474,1
88,5280,69,-36.3225,-12.3443,9.25817,-8.54562,10.0707,-8.37633,9.26003,-9.17815,8.56228,-8.70037,9.27841,-7.84489,1
88,5280,79,31.8775,4.20458,29.8489,-5.1587,30.447,-4.86553,29.9828,-5.93778,29.1775,-5.48093,29.7149,-4.45531,2
88,5280,84,11.163,-23.9586,40.6339,-122.214,40.536,-122.878,40.0479,-122.238,40.6995,-121.563,41.1681,-122.221,1
88,5280,87,-18.7432,13.0721,19.0273,21.0925,19.5016,21.2707,19.1837,20.567,18.5603,20.9345,18.8443,21.6586,1
88,5280,88,-37.4545,-15.3484,-9.30583,38.7001,-8.467,38.9474,-9.24722,38.0709,-10.0127,38.477,-9.33996,39.4003,1
88,5280,91,-34.4395,14.9796,41.5922,-86.6684,41.8758,-87.4782,40.8996,-86.8928,41.3501,-85.9188,42.3925,-86.3815,1
88,5280,93,24.2758,3.52155,32.7752,6.27738,33.3148,6.17188,32.6195,5.62478,32.1907,6.39265,32.9127,6.8919,1
88,5280,107,3.26712,18.3797,-74.1838,-122.726,-74.4978,-124.194,-74.5923,-121.66,-73.8285,-121.281,-73.7452,-123.717,1
88,5280,130,36.317,8.80997,-0.753637,115.33,-0.0216943,115.496,-0.782661,114.567,-1.6023,115.143,-0.745207,116.012,1
88,5280,133,26.8602,-24.2643,-54.6479,-128.592,-54.3441,-129.493,-55.3393,-129.451,-54.9875,-127.69,-54.0334,-127.909,1
88,5280,140,39.2578,6.01309,73.33,106.464,74.0821,107.481,73.338,103.472,72.443,105.389,73.2725,109.067,1
88,5280,145,-34.3642,-19.5726,-76.273,-77.5603,-76.46,-81.5756,-76.901,-76.6343,-76.0841,-74.2348,-75.6036,-78.6251,1
88,5280,147,13.0422,-20.9742,-6.60844,-41.6996,-6.99431,-42.1106,-7.14311,-41.332,-6.24728,-41.2777,-6.13171,-42.0519,1
88,5280,182,-13.8132,17.4367,2.17075,29.3395,2.01701,28.8822,1.68563,29.4849,2.34204,29.7911,2.70061,29.1974,1
88,5280,184,32.7117,3.92339,57.1669,86.4736,57.3654,85.4346,56.5385,86.3141,56.9357,87.6261,57.7347,86.6363,1
89,5340,3,31.1218,-17.6773,-77.815,-11.8593,-77.3951,-14.1555,-78.523,-14.4411,-78.2672,-9.33467,-77.1759,-9.92359,1
89,5340,12,-31.6394,-23.5499,33.1304,111.601,33.071,110.577,32.5478,111.635,33.1521,112.473,33.7399,111.515,1
89,5340,26,-35.9314,-16.8092,15.277,100.369,14.7674,99.6806,14.8617,100.811,15.6975,100.966,15.7087,99.8611,1
89,5340,41,38.7606,-2.00041,41.8558,-97.9497,42.562,-98.103,41.478,-98.9618,41.0444,-97.7904,42.1731,-97.0624,1
89,5340,46,-39.7518,7.46339,-41.2094,83.2568,-40.7949,82.3207,-41.9754,83.0466,-41.551,84.0967,-40.309,83.5035,1
89,5340,47,-0.59374,-19.0339,-23.3929,117.478,-23.4628,116.895,-23.9295,117.461,-23.343,118.036,-22.8797,117.474,1
89,5340,49,33.086,-24.3069,28.4636,167.822,28.5564,167.117,27.5172,167.657,28.3149,168.557,29.2611,167.936,1
89,5340,76,30.6408,-22.5634,34.7051,-149.166,34.5797,-149.897,33.834,-148.965,34.7919,-148.387,35.4445,-149.368,1
89,5340,77,-38.3565,-3.65333,69.1056,-117.006,69.335,-119.357,68.3879,-117.005,68.8825,-115.015,69.9243,-117.042,1
89,5340,90,30.2483,-22.2416,14.1175,-114.975,14.1752,-115.572,13.2943,-115.072,14.0183,-114.354,14.8261,-114.912,1
89,5340,101,-33.1442,-24.3739,69.1137,-116.957,68.3585,-118.491,68.7364,-115.61,69.7216,-115.532,69.4625,-118.508,1
89,5340,114,-33.9841,-17.4013,45.4021,40.7401,46.1721,40.5171,45.229,39.9732,44.7377,40.9062,45.6108,41.5623,1
89,5340,119,-33.7337,-13.3898,-40.0629,-143.535,-39.9052,-144.478,-40.6255,-143.583,-40.2045,-142.715,-39.4489,-143.512,1
89,5340,127,-14.6262,21.561,6.99857,101.978,7.4297,102.34,7.41966,101.539,6.5447,101.635,6.5174,102.445,6
89,5340,147,26.7282,-21.7861,-3.29055,-40.2423,-3.66109,-40.7215,-3.96749,-39.7718,-2.93653,-39.7259,-2.71402,-40.669,1
89,5340,155,-36.9504,10.0571,36.5986,118.935,37.329,118.975,36.4339,118.05,35.9444,118.922,36.7731,119.97,1
89,5340,170,28.0666,-24.3353,-74.6388,20.884,-75.0974,19.4348,-75.208,23.2963,-74.1826,22.408,-74.1477,18.889,1
89,5340,172,-12.3608,-22.2248,-2.32075,10.207,-2.81237,9.82183,-2.72755,10.5668,-1.88554,10.5747,-1.94019,9.83561,1
89,5340,185,-22.9972,-19.0266,59.4939,162.755,60.1212,162.497,59.4151,161.766,58.9304,162.946,59.591,163.766,1
90,5400,2,36.6541,-16.5601,-58.8508,-97.1331,-58.2494,-96.4025,-58.4425,-98.9264,-59.4883,-98.0309,-59.1603,-95.5782,1
90,5400,3,24.4572,-4.00293,-74.9847,7.75537,-74.7981,5.58683,-75.6355,7.22015,-75.1682,10.122,-74.3846,8.20042,1
90,5400,12,-36.1991,-19.004,36.3293,114.716,36.3543,113.592,35.7123,114.788,36.2827,115.661,36.9988,114.59,1
90,5400,17,-40.2268,5.03965,-31.918,-57.0367,-31.1183,-56.9916,-32.1218,-57.8742,-32.6144,-57.0617,-31.6734,-56.0603,7
90,5400,22,11.5596,-15.5553,-54.3201,-67.0868,-53.9034,-66.6992,-54.0266,-67.8274,-54.7262,-67.5047,-54.5789,-66.3732,2
90,5400,23,28.2509,-23.4611,-82.9775,12.6036,-82.572,9.73506,-83.436,7.45349,-83.4013,15.7117,-82.5267,16.4035,1
90,5400,30,-29.0636,-16.0394,69.6189,-45.7329,69.988,-43.9865,70.0604,-46.6563,69.2917,-47.241,69.1596,-44.7406,1
90,5400,32,-21.4921,11.1315,-4.29101,-59.2886,-3.96946,-58.8785,-3.89552,-59.6451,-4.60996,-59.6747,-4.72911,-58.9066,1
90,5400,43,36.7531,-16.4868,-9.66221,-40.2135,-9.03534,-40.0124,-9.53298,-41.1519,-10.3426,-40.4689,-9.75456,-39.4175,1
90,5400,50,-30.0415,-5.19976,-18.7333,135.217,-18.7258,134.458,-19.3436,135.313,-18.7406,135.898,-18.0694,135.102,1
90,5400,54,-21.317,23.9783,44.3868,-70.2644,44.9665,-70.389,44.3182,-71.1958,43.8153,-70.0944,44.4283,-69.2022,3
90,5400,62,36.5736,-17.3242,-55.2629,112.319,-54.9313,111.392,-56.0866,111.698,-55.6476,113.324,-54.5581,112.799,1
90,5400,67,17.6946,-24.329,50.6347,-71.4856,51.1077,-71.8647,50.4495,-72.4784,50.1528,-71.161,50.8141,-70.6034,1
90,5400,100,25.3249,-23.4475,36.9962,-110.016,36.6476,-110.566,36.3532,-109.506,37.3213,-109.423,37.5425,-110.49,1
90,5400,127,-22.5442,-4.36014,5.92787,102.653,6.40484,103.066,6.26251,102.192,5.488,102.269,5.57836,103.146,5
90,5400,133,-29.8045,-24.0355,-46.7087,-121.226,-46.4778,-122.503,-47.3032,-121.496,-46.9176,-120.139,-46.0776,-121.013,1
90,5400,148,-38.1169,-10.0284,37.9664,-44.9555,37.3623,-45.8772,37.5392,-44.2224,38.4696,-44.1522,38.4227,-45.8099,1
90,5400,150,26.413,22.1926,-32.6141,-57.4681,-32.581,-58.2605,-33.1964,-57.4824,-32.622,-56.5579,-32.0509,-57.4156,2
91,5460,7,8.54248,-19.2348,59.969,94.7703,59.8182,93.6755,59.3513,94.9015,60.0852,95.8595,60.5411,94.6039,1
91,5460,17,-37.3392,-16.0115,-33.1003,-56.1542,-32.2182,-56.3428,-33.3225,-56.8633,-33.8483,-56.0083,-32.8204,-55.3877,1
91,5460,35,-23.2261,-23.0132,-67.1806,120.174,-67.7432,119.113,-67.5304,121.204,-66.6915,121.11,-66.8425,119.107,1
91,5460,44,-37.2351,-15.8848,-33.5459,-4.76601,-32.6127,-4.90332,-33.745,-5.52729,-34.3358,-4.66493,-33.2887,-3.94003,1
91,5460,46,-37.4404,13.3203,-37.3056,92.0439,-37.0003,91.1907,-38.0728,91.8939,-37.5509,92.8274,-36.4049,92.233,1
91,5460,54,-10.2896,-24.259,44.0764,-72.6796,44.6822,-73.0119,43.9929,-73.4694,43.5154,-72.4146,44.1809,-71.9213,3
91,5460,63,-37.2026,4.04618,-23.1313,150.254,-23.06,149.457,-23.8,150.39,-23.1814,150.96,-22.3634,150.1,1
91,5460,67,-29.2798,-22.0629,52.9698,-63.3096,53.6932,-63.8482,52.7522,-64.173,52.3358,-62.89,53.2226,-62.4218,1
91,5460,68,-26.7084,-24.0916,29.2481,-26.5696,30.0212,-26.599,29.2801,-27.2065,28.5786,-26.5701,29.2489,-25.9155,1
91,5460,77,31.4455,-21.5646,64.9054,-96.5177,65.2548,-97.7295,64.1636,-97.6607,64.494,-95.3262,65.5435,-95.5327,1
91,5460,79,-31.3326,8.96336,21.5703,5.76424,22.1348,6.14568,21.8112,5.09824,21.0432,5.43014,21.2876,6.51029,2
91,5460,87,-34.7858,-20.2364,12.6988,25.8945,13.5423,26.1058,12.7883,25.2921,11.9889,25.6984,12.6369,26.5494,1
91,5460,91,6.62771,20.9337,43.0239,-70.9348,43.2084,-71.6021,42.574,-71.2433,42.8414,-70.2131,43.4776,-70.5835,3
91,5460,94,34.8449,1.0559,0.346341,41.8198,0.984477,41.913,0.278836,41.1064,-0.372794,41.712,0.401413,42.4555,1
91,5460,101,32.1515,-22.7523,75.6872,-91.5304,75.5189,-93.8534,74.8329,-90.6247,75.7999,-88.987,76.4031,-92.4751,1
91,5460,106,-22.0539,-23.432,-76.2621,84.3592,-75.5798,85.2336,-76.0183,82.3055,-76.8537,83.4233,-76.4599,86.5522,1
91,5460,139,37.8486,-12.2472,20.4743,97.2977,21.1515,97.4923,20.5008,96.2851,19.7229,97.0533,20.4574,98.1576,1
91,5460,150,20.0663,-2.32269,-31.2796,-56.9976,-31.1953,-57.5957,-31.836,-57.0598,-31.3694,-56.3658,-30.7574,-56.9411,6
91,5460,163,-35.974,19.3815,5.65719,-7.02795,5.78272,-7.7256,4.85679,-7.0113,5.57699,-6.38325,6.60839,-7.02581,1
91,5460,174,24.466,-11.347,77.9431,22.8197,77.6637,20.5738,77.3832,24.4225,78.2021,25.3271,78.4357,21.1969,1
91,5460,175,27.0088,-14.731,66.0273,-175.998,66.437,-175.022,66.4893,-177.354,65.604,-177.033,65.6168,-174.811,1
91,5460,194,32.8784,20.9376,-22.3436,43.3003,-22.7604,42.5184,-22.9107,43.7809,-21.8252,44.2023,-21.7878,42.8895,1
91,5460,196,32.0635,-22.3573,40.2813,67.7068,40.1438,66.8498,39.3179,67.9813,40.3748,68.6283,41.0912,67.438,1
91,5460,197,-29.1743,-23.9327,72.4448,102.978,72.5165,99.859,71.8026,102.651,72.3204,105.602,73.117,103.188,1
92,5520,6,-36.1672,18.0289,35.9174,70.6799,35.7011,69.7634,35.1577,71.1837,36.1439,71.5059,36.8277,70.0916,1
92,5520,50,28.2132,-23.9921,-18.5173,143.108,-18.5384,142.459,-19.3936,143.075,-18.5353,143.778,-17.7647,143.11,1
92,5520,51,36.1841,-16.2859,9.421,167.217,9.48061,166.532,8.46624,167.289,9.31946,167.966,10.2287,167.14,1
92,5520,54,-27.6387,-18.6934,43.2597,-66.8054,44.0314,-67.0554,43.1192,-67.6017,42.5794,-66.6156,43.4307,-65.9778,1
92,5520,63,24.7703,-23.3741,-26.0675,155.762,-26.1167,155.157,-26.8007,155.753,-26.0482,156.381,-25.4265,155.746,1
92,5520,75,-23.279,-23.681,14.2731,-166.312,13.8691,-166.985,13.7474,-166.065,14.6057,-165.709,14.7893,-166.596,1
92,5520,82,-25.4368,24.2036,-2.76754,-155.426,-2.88271,-155.965,-3.39688,-155.3,-2.62114,-154.906,-2.03962,-155.547,1
92,5520,84,-1.83907,-24.2964,52.4043,-109.022,52.3698,-109.906,51.8845,-109.185,52.4076,-108.193,52.8984,-108.903,1
92,5520,91,11.7601,-14.6742,42.8147,-70.1818,43.0229,-70.7999,42.3355,-70.5451,42.5891,-69.5775,43.2681,-69.8525,2
92,5520,113,-29.4044,20.6117,53.9698,10.321,54.4858,9.94614,53.6721,9.36675,53.4889,10.7144,54.2847,11.4528,1
92,5520,129,33.7233,-22.7585,-71.3825,106.951,-70.9039,108.376,-70.6893,104.711,-71.8459,105.248,-71.9248,109.006,1
92,5520,140,-20.2227,13.9226,60.0532,133.035,60.466,133.838,60.4454,132.122,59.6355,132.301,59.6056,133.991,1
92,5520,141,34.6712,-19.8695,27.3894,130.148,27.8431,130.701,28.0373,129.32,26.9269,129.524,26.8535,130.854,1
92,5520,146,-35.3871,-20.009,-27.4197,-49.9766,-28.0812,-50.8272,-27.8752,-49.4123,-26.8747,-49.2548,-26.9545,-50.6161,1
92,5520,148,-36.2412,-14.9079,44.8635,-44.7431,44.2131,-45.7153,44.4491,-43.9749,45.3996,-43.8862,45.2888,-45.6308,1
92,5520,150,18.8587,-22.719,-30.0774,-55.6785,-30.0281,-56.3,-30.7305,-55.8627,-30.1531,-55.0607,-29.4891,-55.5397,2
92,5520,152,23.005,-18.3427,20.2339,-1.59972,20.2855,-2.17208,19.5638,-1.70095,20.154,-1.01488,20.8347,-1.5263,1
92,5520,167,-29.8936,-22.7474,25.5615,151.4,26.405,151.272,25.496,150.744,24.8356,151.484,25.6656,152.081,1
92,5520,196,-21.4694,-14.1937,47.1785,63.4203,46.8977,62.4849,46.6421,63.7529,47.4138,64.285,47.7235,63.0412,2
93,5580,11,-35.9263,-13.2213,19.4059,94.7096,19.3696,93.8345,18.8046,94.8553,19.4226,95.4618,20.0634,94.522,1
93,5580,28,35.3537,-14.1818,72.1379,-125.12,72.721,-124.835,72.105,-127.705,71.5014,-125.491,72.1508,-122.893,2
93,5580,32,-28.6973,-6.3129,-14.1103,-59.7211,-13.6971,-59.2266,-13.7475,-60.1377,-14.4789,-60.1717,-14.494,-59.2627,1
93,5580,38,25.0848,3.59127,50.9669,118.384,50.593,117.782,50.6142,119.068,51.3712,119.047,51.2968,117.742,1
93,5580,43,29.9508,-24.2425,-17.3699,-33.5159,-16.7773,-33.4045,-17.1679,-34.4119,-17.9777,-33.6767,-17.5156,-32.7456,1
93,5580,57,-38.2744,-1.29123,-37.5066,20.7781,-36.6439,20.7016,-37.7682,19.9038,-38.2552,20.8509,-37.1909,21.7683,1
93,5580,62,-36.6266,14.0915,-41.6967,125.803,-41.4214,124.952,-42.418,125.646,-41.9172,126.59,-40.8536,126.001,1
93,5580,70,35.1892,-0.34094,-20.547,14.3555,-19.9656,14.7267,-20.3209,13.5723,-21.1989,13.9286,-20.7478,15.0498,2
93,5580,82,-34.739,-11.3523,-2.03218,-156.466,-2.2399,-157.204,-2.56529,-156.205,-1.86015,-155.823,-1.45457,-156.77,1
93,5580,86,30.2127,-18.7116,33.7172,3.84021,34.2523,4.0102,33.8786,2.95774,33.1583,3.62923,33.588,4.60889,1
93,5580,88,-36.3298,19.0122,-28.7649,49.7892,-28.1544,50.0943,-28.6063,48.9516,-29.3353,49.5417,-28.966,50.7808,1
93,5580,90,-33.819,19.5595,31.8739,-104.708,32.0555,-105.448,31.138,-104.816,31.7335,-104.013,32.7349,-104.554,1
93,5580,93,35.8687,-14.7387,21.3787,19.2515,22.0039,19.3182,21.3147,18.3303,20.6938,19.1487,21.4423,20.0386,1
93,5580,103,31.9068,-20.311,23.0313,59.8281,23.4323,60.306,23.6282,59.1801,22.6298,59.2975,22.5311,60.3935,1
93,5580,116,-34.5479,22.854,-23.1588,106.052,-22.5574,106.209,-23.0842,105.257,-23.728,105.944,-23.2667,106.994,1
93,5580,123,22.9438,23.3116,43.7555,-70.8108,43.3094,-71.535,43.2834,-70.2963,44.2784,-69.9971,44.2411,-71.2875,3
93,5580,129,37.6435,-3.57987,-77.4292,107.972,-76.9061,110.268,-76.9758,104.585,-77.989,105.088,-77.7862,111.098,1
93,5580,161,-37.1236,-12.3318,-37.9815,-63.6875,-37.6387,-64.727,-38.6344,-63.8354,-38.2764,-62.7972,-37.2497,-63.5577,1
93,5580,164,30.2665,-10.9288,28.8188,27.9049,28.9641,27.2558,28.0968,27.7958,28.641,28.5976,29.4597,27.9924,1
93,5580,173,-33.4754,2.92295,51.0529,5.22197,50.5817,4.38306,50.6647,6.05962,51.4768,5.98311,51.4821,4.26267,1
93,5580,181,-31.8353,-7.21126,-14.3058,18.068,-14.4834,17.3979,-14.8143,18.3115,-14.151,18.6642,-13.7548,17.7918,2
93,5580,183,10.4935,-23.2988,45.9956,59.1361,45.9036,58.4235,45.4269,59.1114,46.0563,59.835,46.5163,59.129,1
94,5640,33,30.236,-22.4931,-51.73,-69.9639,-51.4299,-69.1989,-51.0407,-70.6178,-52.0075,-70.8055,-52.3078,-69.3579,1
94,5640,41,32.7645,-14.6845,32.9086,-80.2172,33.5193,-80.1871,32.8396,-81.1808,32.2488,-80.2803,32.9757,-79.3812,1
94,5640,47,16.0664,-24.1321,-10.3903,129.701,-10.4803,129.148,-11.0604,129.68,-10.3311,130.25,-9.78922,129.696,1
94,5640,50,-33.191,-18.9691,-8.346,142.875,-8.48228,141.962,-8.97274,143.025,-8.24639,143.657,-7.68123,142.679,1
94,5640,64,-32.6525,20.5213,16.0277,179.637,16.0369,178.986,15.3144,179.723,16.0507,-179.752,16.8648,179.56,1
94,5640,99,-33.0747,23.6893,9.65295,-129.355,9.74864,-130.001,8.88108,-129.39,9.60294,-128.74,10.5674,-129.285,1
94,5640,102,-33.3195,20.4735,51.1185,66.0225,51.4812,66.8871,51.6674,65.21,50.7462,65.2605,50.4517,66.926,1
94,5640,111,-34.0609,-23.5351,26.6436,-80.1291,26.4841,-81.0871,26.0809,-79.9989,26.7519,-79.3173,27.2333,-80.3146,1
94,5640,123,30.2835,-13.0552,43.4269,-69.9446,43.1398,-70.7005,42.7629,-69.3532,43.7091,-69.1103,44.002,-70.4896,3
94,5640,146,-31.7376,-24.2938,-20.4828,-49.0892,-21.1839,-49.8147,-20.9423,-48.6009,-19.9069,-48.4636,-20.0334,-49.6345,1
94,5640,153,-23.8135,22.9676,47.3786,46.8642,47.7175,46.1938,46.8671,46.2831,47.0682,47.5431,47.942,47.5685,1
94,5640,154,34.7067,-16.6267,39.5531,90.7876,40.1476,90.5511,39.1912,89.7725,38.8966,91.0022,39.8693,91.656,1
94,5640,156,-28.0791,-21.0611,0.396117,157.345,1.17486,157.288,0.369486,156.774,-0.281997,157.374,0.457038,157.937,1
94,5640,179,-23.0646,21.1496,-86.3863,-30.6628,-86.3407,-39.645,-87.0259,-30.6832,-86.3149,-21.9325,-85.6641,-30.3467,9
94,5640,193,29.7984,-17.9634,-49.7343,29.1496,-49.8955,28.1894,-50.5586,29.5573,-49.5867,30.1732,-49.0224,28.7801,1
94,5640,195,29.1316,21.5657,22.4952,57.2759,22.1269,56.5376,21.9266,57.6626,22.9415,58.1247,23.0573,56.939,1
94,5640,196,35.0063,-19.1188,50.006,75.7435,49.9793,74.6627,49.0012,75.9632,49.9815,76.9188,50.8501,75.5206,2
95,5700,2,-30.6675,21.7964,-70.5095,-45.3745,-69.8542,-45.9694,-70.8027,-47.6155,-71.1159,-44.657,-70.1565,-42.8052,1
95,5700,19,30.9972,-17.2826,-32.8737,53.7006,-32.7802,53.0341,-33.6341,53.6117,-32.9968,54.4073,-32.211,53.7585,1
95,5700,25,7.93642,21.2029,5.13297,101.33,4.81424,100.944,4.73508,101.598,5.49143,101.732,5.55485,101.072,3
95,5700,79,24.0544,-20.1295,8.39391,4.10076,8.90655,4.35008,8.75025,3.44981,7.88067,3.81853,8.09479,4.68483,2
95,5700,84,-27.0029,-19.3231,60.9383,-94.6405,61.0758,-96.0666,60.417,-94.878,60.7886,-93.4058,61.4866,-94.4412,1
95,5700,125,8.07479,22.4892,55.7695,89.6614,56.2778,90.1569,56.0851,88.8524,55.2048,89.1776,55.4151,90.4565,1
95,5700,144,39.6567,4.21754,-85.7349,-41.385,-86.2023,-50.6866,-86.115,-30.2097,-85.0783,-32.9912,-85.2851,-49.2859,3
95,5700,163,33.8652,-22.573,8.36476,4.2904,8.43433,3.65953,7.42302,4.22127,8.24584,4.9579,9.15876,4.32662,2
95,5700,165,17.3064,-21.783,45.9314,77.5884,46.2811,76.9934,45.4971,76.8836,45.5595,78.1474,46.3341,78.2127,1
95,5700,171,36.5177,-17.5955,-15.6319,13.7095,-16.0139,13.1517,-16.3105,14.4008,-15.2405,14.3415,-15.0693,13.1179,1
95,5700,179,-31.3381,-16.1737,-85.7673,-41.4781,-85.6347,-52.0761,-86.3693,-41.3631,-85.7752,-31.9827,-85.1228,-41.8979,4
95,5700,180,-26.7779,-24.3399,-40.3356,0.39819,-40.5415,-0.550618,-40.8656,0.530205,-40.1724,1.22248,-39.8,0.219517,1
95,5700,181,-33.4632,3.17862,-6.51726,21.282,-6.6477,20.6428,-7.06652,21.5304,-6.39253,21.8563,-5.89982,21.0041,1
95,5700,192,30.7987,-18.1213,-74.3059,-21.6854,-73.9714,-23.7212,-75.0935,-23.245,-74.6704,-19.4883,-73.6091,-20.5144,1
95,5700,194,-22.7044,-22.9169,-11.1221,39.7175,-11.5653,39.0346,-11.6675,39.9991,-10.7512,40.3291,-10.5868,39.4007,1
96,5760,16,-30.9153,18.2112,-25.3339,-70.0008,-24.733,-69.9282,-25.3429,-70.7425,-25.9009,-70.0392,-25.3377,-69.1458,1
96,5760,25,15.3451,-15.9554,5.65982,101.801,5.38127,101.409,5.19083,102.087,5.92602,102.207,6.08536,101.526,4
96,5760,26,-34.7987,-22.0506,40.9409,103.518,40.3695,102.633,40.514,104.051,41.4012,104.292,41.3685,102.9,1
96,5760,40,33.1256,-3.04251,46.2784,-111.768,46.8669,-112.091,45.8861,-112.651,45.6214,-111.428,46.6219,-110.971,1
96,5760,51,-34.1272,-20.6397,25.3049,170.16,25.1688,169.103,24.6634,170.311,25.3936,171.056,25.9852,169.949,1
96,5760,63,-37.1008,-12.5192,-9.69319,160.097,-9.79619,159.239,-10.2926,160.307,-9.61356,160.83,-9.03436,159.839,1
96,5760,78,-18.7074,-18.2107,39.3153,-6.15446,39.9491,-5.94576,39.4883,-6.82252,38.7451,-6.36162,39.1588,-5.47192,2
96,5760,84,-32.8555,-18.936,63.1453,-88.3702,63.3944,-90.0735,62.5889,-88.6858,62.8996,-86.945,63.7485,-88.0879,1
96,5760,96,39.1218,-10.7544,-50.9949,129.09,-50.3979,128.58,-51.6155,128.034,-51.6784,129.649,-50.4556,129.955,1
96,5760,106,-10.6926,-18.8336,-82.5374,-144.75,-82.732,-148.934,-83.034,-143.712,-82.3393,-141.022,-82.0512,-145.789,1
96,5760,114,32.1885,-22.4624,23.4333,57.9733,23.9848,58.0601,23.538,57.0958,22.8561,57.8428,23.3602,58.7227,1
96,5760,123,-7.9906,17.9127,54.5721,-73.3124,54.2507,-74.0545,54.1035,-72.8006,54.9121,-72.5643,55.0804,-73.844,1
96,5760,125,34.1433,1.31798,53.4573,85.2687,54.015,85.9607,53.746,84.0748,52.8261,84.507,53.1842,86.3163,1
96,5760,126,-30.9873,19.9328,16.7914,101.136,17.2299,101.667,17.3064,100.547,16.351,100.661,16.1735,101.799,9
96,5760,134,-38.161,1.89152,-4.51192,-70.9038,-4.49305,-71.7429,-5.23075,-70.6991,-4.51941,-70.17,-3.68461,-71.1423,1
96,5760,140,-36.308,-6.61459,47.3791,136.73,47.957,137.682,47.7641,135.867,46.8739,135.917,46.953,137.697,2
96,5760,149,-29.6366,24.2007,79.6768,129.124,80.1224,131.875,80.1985,125.767,79.1993,126.87,79.0051,132.535,1
96,5760,153,-38.163,-6.65086,49.8982,52.6124,50.4664,51.6259,49.2916,52.1409,49.4,53.4396,50.5899,53.1382,1
96,5760,161,-36.1113,10.4487,-31.3368,-49.6511,-31.0569,-50.4318,-32.0574,-49.7719,-31.5666,-48.9368,-30.5028,-49.5026,1
96,5760,164,-30.6253,-8.67057,40.2592,34.5789,40.4286,33.6639,39.6708,34.5011,40.0959,35.3866,40.8991,34.6451,1
96,5760,179,-27.8485,-24.286,-83.7489,-18.0971,-84.0559,-25.4854,-84.3012,-16.0207,-83.4309,-12.2685,-83.1868,-20.2051,1
96,5760,180,-30.6038,-24.3672,-37.0901,2.4755,-37.3306,1.48829,-37.6323,2.65559,-36.9001,3.31961,-36.5355,2.24276,1
96,5760,183,24.1778,-23.853,53.1702,71.7873,53.2176,70.9115,52.4808,71.5406,53.0831,72.6671,53.7775,71.9746,1
96,5760,184,-20.2393,20.8936,62.5158,150.874,63.0139,150.637,62.4059,149.682,62.0281,151.153,62.6064,152.221,2
97,5820,8,-32.1832,-21.536,56.3564,-133.855,57.2786,-133.318,56.5315,-135.013,55.5783,-134.329,56.2006,-132.616,1
97,5820,9,32.7996,-24.2031,20.4971,-126.502,21.0594,-126.099,21.0725,-127.423,19.9312,-126.969,20.0327,-125.72,1
97,5820,11,37.515,2.13412,26.1477,112.158,26.2761,111.419,25.401,112.231,25.994,113.001,26.8053,112.101,1
97,5820,38,-34.2934,-22.8875,62.6764,104.711,61.8718,103.845,62.4227,105.879,63.3387,105.518,62.8977,103.405,1
97,5820,47,28.8468,-24.1052,-2.53077,136.882,-2.56652,136.288,-3.38407,136.878,-2.53452,137.498,-1.79991,136.861,1
97,5820,59,35.3112,-7.48133,-30.6914,131.403,-30.6071,130.625,-31.5245,131.499,-30.7965,132.269,-29.966,131.315,1
97,5820,66,38.4716,-5.99478,50.475,-86.134,51.0797,-86.5751,49.9349,-87.1116,49.781,-85.6675,50.9355,-85.2765,1
97,5820,72,31.584,-23.0301,-66.9933,141.041,-66.8529,139.491,-67.8871,140.51,-67.1668,142.669,-66.2285,141.407,1
97,5820,76,-38.8326,7.13894,66.1903,-128.533,66.3617,-130.512,65.4157,-128.382,66.0347,-126.807,67.0961,-128.711,1
97,5820,90,25.1395,-20.4969,33.8293,-91.2039,33.9737,-91.8407,33.1475,-91.4758,33.6488,-90.5604,34.4352,-90.9825,1
97,5820,126,-34.6918,-6.40133,16.0896,101.457,16.6823,102.056,16.4437,100.856,15.5716,100.933,15.7062,102.132,9
97,5820,129,31.5547,-23.8939,-87.3583,-168.165,-86.8474,-176.057,-87.8616,171.849,-87.8531,-156.912,-86.7497,-157.499,1
97,5820,142,26.031,-12.4956,-28.0514,134.663,-27.6436,135.138,-27.5643,134.07,-28.466,134.141,-28.4776,135.208,1
97,5820,153,28.8035,-6.72053,43.6494,58.9089,44.0665,58.3713,43.1347,58.3233,43.1884,59.47,44.1134,59.4397,1
97,5820,164,34.6795,13.6065,37.6156,45.2982,37.8656,44.4373,36.9312,45.177,37.3309,46.2955,38.236,45.4403,1
97,5820,179,-31.2867,-20.5826,-79.7879,-9.65771,-80.2019,-13.9872,-80.2942,-7.72299,-79.4071,-6.1654,-79.2595,-11.6752,1
97,5820,194,-35.2984,-12.3763,-2.57046,40.3571,-2.97179,39.5192,-3.13342,40.7724,-2.23503,41.0816,-1.96484,39.877,1
98,5880,6,21.0702,21.2605,54.4453,89.5012,54.2174,88.42,53.8731,89.8209,54.7128,90.717,55.0191,89.2288,2
98,5880,14,-37.1649,15.7959,22.9449,-114.524,23.6176,-114.319,22.9636,-115.341,22.3298,-114.678,22.9012,-113.561,1
98,5880,21,37.4738,-15.9456,-49.0957,-75.4141,-48.6634,-74.7505,-48.5937,-76.4887,-49.5477,-76.194,-49.5013,-74.4761,1
98,5880,22,39.8733,-8.21937,-83.1622,-26.326,-82.5031,-26.2027,-83.3337,-33.4269,-83.9122,-26.6734,-82.934,-20.6391,1
98,5880,25,4.5154,20.0669,16.3095,102.26,16.0075,101.865,15.911,102.529,16.6447,102.669,16.7331,101.998,4
98,5880,26,-26.1815,-2.30084,50.2928,107.07,50.0041,106.293,49.8747,107.553,50.5531,107.793,50.7387,106.535,2
98,5880,34,-26.6909,-20.504,-76.3993,118.399,-76.9585,116.465,-76.7351,120.201,-75.9086,120.029,-76.0606,116.544,1
98,5880,40,37.7333,-7.52066,43.1537,-103.406,43.8243,-103.579,42.7811,-104.468,42.3938,-103.24,43.4706,-102.485,2
98,5880,51,35.8028,-14.6135,26.1036,-178.08,26.2346,-178.816,25.18,-178.106,25.9252,-177.279,26.8921,-178.073,1
98,5880,59,22.2239,-22.2594,-27.9314,131.603,-27.9436,130.947,-28.6792,131.528,-27.949,132.268,-27.269,131.644,1
98,5880,84,36.1282,-19.4147,58.6643,-70.5569,59.1141,-71.3485,57.9877,-71.6632,58.1449,-69.7698,59.2386,-69.6163,1
98,5880,109,26.0027,-23.6145,31.2123,-112.518,30.8601,-113.034,30.562,-112.027,31.5417,-111.961,31.7633,-112.972,1
98,5880,117,-29.675,21.6935,-49.963,166.915,-49.492,166.436,-50.3572,166.11,-50.3926,167.421,-49.5173,167.852,1
98,5880,126,-32.1443,-23.013,14.2986,101.046,15.1008,101.602,14.6562,100.486,13.6326,100.56,13.9578,101.662,1
98,5880,152,-29.6878,0.498708,38.9759,16.0617,39.1731,15.2699,38.3918,15.9516,38.7947,16.7802,39.6187,16.182,1
98,5880,173,31.6725,-16.9014,67.6182,17.8386,67.312,16.4754,66.9378,19.0201,67.9071,19.3746,68.1913,16.7244,3
98,5880,181,-39.8901,-8.10582,3.06595,24.1402,2.84836,23.3139,2.50094,24.4844,3.24608,24.8449,3.70001,23.7317,1
98,5880,182,33.6814,-11.1947,31.5996,48.2147,31.5534,47.5424,30.8872,48.419,31.6274,48.9525,32.2197,48.0235,2
98,5880,189,-36.6137,10.5588,-54.4778,-23.9145,-54.2217,-24.9912,-55.154,-24.0613,-54.6828,-22.9252,-53.6945,-23.7348,1
99,5940,10,15.2079,-23.6727,5.70824,87.4125,5.64315,86.8915,5.08404,87.37,5.74397,87.9276,6.27176,87.4291,1
99,5940,11,-25.9041,-16.1636,34.5138,112.193,34.5262,111.377,33.981,112.188,34.4841,112.919,35.0708,112.171,1
99,5940,22,-14.0427,-21.8924,-79.2541,2.46906,-78.8418,0.320205,-79.5398,0.25931,-79.6295,4.49617,-78.9394,4.45423,1
99,5940,25,21.2934,-21.2533,16.2389,103.521,15.9544,103.084,15.674,103.835,16.5036,103.981,16.7333,103.224,2
99,5940,36,-29.9768,-23.4521,-1.1314,114.113,-1.79005,113.642,-1.4759,114.558,-0.579936,114.533,-0.802607,113.626,1
99,5940,40,37.6892,-11.0278,41.6883,-99.5675,42.3586,-99.6768,41.3721,-100.685,40.9344,-99.4792,41.9578,-98.6086,1
99,5940,64,-35.684,17.2472,31.1062,-169.637,31.1824,-170.417,30.3697,-169.558,31.0619,-168.921,31.974,-169.709,1
99,5940,68,-34.3832,-22.5652,5.40283,-8.88444,6.31394,-8.80579,5.42598,-9.4931,4.63862,-8.97159,5.41973,-8.2321,1
99,5940,76,20.6139,-24.3098,63.7449,-112.398,63.8872,-113.653,63.0701,-113.069,63.5588,-111.179,64.3473,-111.829,1
99,5940,85,-36.8917,-5.16099,47.0117,-0.461338,47.7576,-0.214472,46.9873,-1.3849,46.3619,-0.673667,47.0422,0.578688,1
99,5940,87,-27.5543,-24.0541,-14.2877,37.3808,-13.5252,37.4939,-14.1645,36.8288,-14.9425,37.2601,-14.3773,37.9568,2
99,5940,95,31.5644,-20.7367,-42.1881,92.9016,-41.607,92.7746,-42.3409,91.7921,-42.8091,92.9908,-42.0296,93.8432,1
99,5940,100,-32.6607,-3.39757,73.2609,-119.431,72.7837,-121.21,72.8872,-117.777,73.6725,-117.758,73.6517,-121.361,1
99,5940,102,-31.3691,-14.621,35.9856,64.628,36.5464,65.2747,36.3358,64.0474,35.5015,64.0587,35.6254,65.2645,1
99,5940,103,-37.4142,-12.1124,-0.0702603,66.6341,0.557728,67.2476,0.273891,66.0766,-0.59933,66.1035,-0.432953,67.2693,1
99,5940,113,-2.78497,21.3263,39.7102,41.9567,40.1758,41.8546,39.6835,41.3352,39.2268,42.0885,39.7148,42.6183,1
99,5940,126,-26.3792,20.6313,5.59451,100.89,6.03,101.339,6.0756,100.374,5.15111,100.482,5.02705,101.464,9
99,5940,130,34.6086,9.88102,-33.3833,139.556,-32.6597,139.65,-33.4691,138.691,-34.2161,139.456,-33.3186,140.34,1
99,5940,178,32.0329,-24.1539,-70.5052,179.731,-70.1809,-178.693,-69.6895,178.398,-70.7907,177.955,-71.1729,-178.994,1
99,5940,194,-23.5039,-11.2914,4.33367,43.7162,4.0014,43.099,3.82637,44.0185,4.62541,44.2817,4.85663,43.3838,1
99,5940,195,20.3288,-23.7362,35.4588,60.7787,35.2267,60.0907,34.7,60.9978,35.6531,61.4863,36.1228,60.552,1
100,6000,15,-36.8351,17.992,-10.1002,-85.7604,-9.43847,-85.5649,-10.0538,-86.537,-10.7103,-85.9075,-10.1721,-84.8401,1
100,6000,16,-38.2785,-6.74458,-32.51,-59.1602,-31.6871,-59.2306,-32.7287,-59.8984,-33.2187,-59.1027,-32.2426,-58.3354,1
100,6000,31,22.6113,0.980491,-5.16807,-65.6516,-4.84114,-65.2556,-4.78368,-66.0374,-5.51772,-66.0766,-5.52972,-65.2913,1
100,6000,41,28.4184,-22.9738,18.072,-64.0358,18.6557,-63.9592,18.2142,-64.8937,17.4722,-64.1544,17.9683,-63.2938,1
100,6000,53,-38.1303,11.997,45.8971,-70.5418,46.6934,-70.4751,45.7074,-71.6781,45.1873,-70.5644,46.0949,-69.1888,1
100,6000,65,37.3369,-16.7641,47.8484,-126.574,48.1998,-127.366,47.0157,-127.114,47.4267,-125.741,48.5548,-126.127,1
100,6000,66,11.498,-23.0636,50.3692,-70.6095,50.8371,-70.9654,50.2214,-71.509,49.902,-70.306,50.5185,-69.7921,1
100,6000,69,-30.9469,-22.9932,-26.5724,15.314,-25.735,15.264,-26.5927,14.6675,-27.2882,15.333,-26.5091,15.9893,1
100,6000,73,31.6681,-22.7265,-26.8585,-178.692,-27.0411,-179.361,-27.7308,-178.386,-26.7032,-177.976,-26.1237,-178.972,1
100,6000,78,39.1555,4.50371,21.0905,-4.85785,21.7706,-4.47436,21.2259,-5.74147,20.2971,-5.29989,20.9563,-4.0897,2
100,6000,81,-33.2943,22.6106,-7.2793,-160.852,-7.34211,-161.475,-7.99509,-160.689,-7.18233,-160.271,-6.42838,-161.019,1
100,6000,97,-38.0884,-4.66278,-26.4557,-169.855,-26.2545,-170.745,-27.1307,-169.831,-26.6262,-169.084,-25.6897,-169.897,1
100,6000,98,30.8658,-23.4835,-8.04416,-138.89,-8.01227,-139.485,-8.90213,-138.959,-8.11726,-138.271,-7.31167,-138.855,1
100,6000,126,-27.9141,-23.0615,6.67563,100.726,7.40666,101.197,7.03828,100.222,6.05809,100.301,6.33308,101.27,3
100,6000,134,10.9975,-16.4715,3.11778,-59.9233,3.02177,-60.4503,2.52892,-59.8776,3.19407,-59.3971,3.66518,-59.9818,1
100,6000,159,30.0613,11.0154,-32.5469,-59.1024,-32.4559,-59.8469,-33.1681,-59.0879,-32.6338,-58.2598,-31.9701,-59.0962,1
100,6000,193,-31.7148,-20.1245,-26.8818,31.0511,-27.3085,30.111,-27.4554,31.4197,-26.5304,31.8597,-26.2908,30.6247,1
100,6000,198,-32.6769,-19.9391,29.3059,-141.532,30.1928,-141.105,29.5232,-142.259,28.5575,-141.911,29.1076,-140.742,1
100,6000,199,33.9478,15.3039,-11.1638,-135.784,-10.4585,-135.406,-10.9539,-136.509,-11.9926,-136.21,-11.3827,-135.127,1
101,6060,5,14.5576,-22.1435,27.7164,72.1821,27.4266,71.6089,27.0658,72.4448,27.9738,72.7658,28.2969,71.9173,1
101,6060,8,36.1741,-17.7772,39.3376,-136.19,39.9365,-135.706,39.7342,-137.412,38.6994,-136.755,39.01,-135.164,1
101,6060,9,31.9815,-22.2291,5.9549,-122.908,6.49355,-122.518,6.51065,-123.713,5.4112,-123.355,5.50195,-122.213,1
101,6060,16,-25.4846,-23.5407,-35.0319,-58.3194,-34.3222,-58.5905,-35.1429,-58.9744,-35.6562,-58.1048,-34.8815,-57.6619,1
101,6060,36,28.1346,-18.7706,7.2637,118.51,6.89548,118.111,6.73993,119.006,7.6288,118.949,7.71079,118.063,1
101,6060,40,-37.3999,-12.2438,44.3649,-85.7691,45.2596,-85.9005,44.1487,-86.6534,43.601,-85.674,44.6228,-84.7859,1
101,6060,52,-10.1708,24.2063,52.5626,-118.811,52.9329,-119.491,52.1799,-119.55,52.1978,-118.086,52.956,-117.957,1
101,6060,53,-37.0612,-2.68665,44.5856,-68.6437,45.428,-68.6791,44.3711,-69.5978,43.851,-68.6114,44.829,-67.5565,2
101,6060,55,31.4255,-23.132,-11.6311,-22.5654,-11.0098,-22.4291,-11.4244,-23.4967,-12.2745,-22.7535,-11.7812,-21.7691,1
101,6060,59,34.0855,3.56243,-18.3422,141.998,-18.3451,141.271,-19.0645,142.185,-18.3351,142.822,-17.6923,141.842,1
101,6060,62,22.949,-18.1992,-26.9724,152.424,-27.0092,151.838,-27.6273,152.446,-26.956,153.028,-26.3873,152.386,1
101,6060,78,17.7301,-23.1856,21.2909,-2.14928,21.8175,-1.94292,21.6304,-2.79645,20.7789,-2.38347,21.0049,-1.56132,1
101,6060,90,13.8094,15.1461,42.8619,-71.4806,43.0742,-72.1344,42.4042,-71.768,42.6424,-70.7736,43.3093,-71.1696,1
101,6060,92,-10.5874,-22.761,28.8148,15.2225,29.3956,15.0734,28.8031,14.6208,28.2785,15.334,28.8489,15.8065,1
101,6060,93,-33.6162,-5.44788,4.06125,44.9946,4.78652,45.0751,4.00532,44.3836,3.4202,44.9208,4.13384,45.6701,2
101,6060,101,34.3488,2.06002,61.9914,50.0712,62.4926,50.9466,62.288,48.6958,61.4209,49.1164,61.7093,51.2724,2
101,6060,110,-34.4039,17.4121,22.7401,-85.5326,22.8019,-86.2002,22.0611,-85.4728,22.7075,-84.9152,23.5336,-85.5841,1
101,6060,113,18.8659,-10.7935,35.2124,44.8603,35.6858,44.8322,35.182,44.2026,34.7234,44.8743,35.246,45.4687,1
101,6060,117,37.4296,-14.8883,-55.8807,179.418,-55.4254,178.713,-56.5428,178.491,-56.3988,-179.818,-55.3057,-179.837,1
101,6060,128,28.8877,-20.8245,-69.4228,105.796,-68.9497,106.915,-68.8511,104.012,-69.885,104.493,-69.8856,107.454,1
101,6060,142,-32.7933,-21.3088,-41.1732,142.669,-40.3616,143.32,-40.8546,141.918,-41.8472,142.079,-41.47,143.503,1
101,6060,159,26.3707,-0.711951,-30.5956,-57.2884,-30.5005,-57.9281,-31.2054,-57.3171,-30.6981,-56.5949,-30.0342,-57.2609,7
101,6060,171,-32.1199,-0.601739,8.91501,5.1217,8.46657,4.57517,8.51998,5.61494,9.31931,5.61236,9.34931,4.57008,1
101,6060,181,34.359,-3.55774,10.75,35.0674,10.634,34.475,10.1144,35.3508,10.8697,35.7294,11.3124,34.8148,1
101,6060,183,38.44,-14.1522,60.465,104.704,60.9152,103.804,59.7315,103.747,59.9361,105.639,61.0862,105.527,1
101,6060,195,-23.7931,-20.0187,44.4233,59.0121,44.0563,58.0469,43.8703,59.3568,44.7227,59.8884,44.976,58.611,1
101,6060,196,24.3737,-21.2474,68.2179,112.58,68.4829,111.084,67.5187,111.51,67.9024,114.033,68.8374,113.524,1
102,6120,2,36.4979,-13.3174,-71.0122,27.7991,-70.9716,25.619,-71.9667,28.2989,-71.0576,30.225,-70.2002,27.375,1
102,6120,6,-36.7111,-6.8638,67.7824,90.0393,67.6249,87.6945,67.1145,90.7736,67.8875,92.0914,68.5223,89.1174,1
102,6120,37,-26.7564,-5.65403,47.9561,109.426,47.4908,108.847,47.6605,110.08,48.3747,109.965,48.2619,108.708,1
102,6120,53,-28.6349,-24.2707,42.895,-68.3188,43.7518,-68.6519,42.767,-69.1443,42.1548,-68.0731,43.0634,-67.4746,1
102,6120,58,-38.3103,11.7041,-34.7374,110.549,-34.4304,109.648,-35.5495,110.451,-34.9819,111.366,-33.7805,110.676,1
102,6120,71,33.1317,-17.4423,-72.4339,93.2761,-71.901,92.1868,-72.959,90.9382,-73.0192,94.4308,-71.9497,95.1415,1
102,6120,76,16.2173,-19.5116,67.5866,-85.5594,67.9369,-86.6557,67.1476,-86.7746,67.2113,-84.5382,67.9915,-84.4479,1
102,6120,90,21.6111,-2.02749,42.8406,-68.5087,43.1091,-69.1183,42.3365,-68.8515,42.5489,-67.8699,43.3108,-68.1841,1
102,6120,107,-34.4169,-22.3417,-25.311,-122.985,-25.978,-123.714,-25.7215,-122.468,-24.7627,-122.361,-24.9019,-123.566,1
102,6120,123,34.8281,-14.7397,71.2559,-51.2543,71.1889,-53.3231,70.369,-50.6107,71.2728,-48.9713,72.0107,-51.8975,1
102,6120,138,23.1135,21.8751,14.7336,102.096,15.3986,102.119,14.7574,101.487,13.9794,102.095,14.6766,102.691,4
102,6120,154,-21.9953,-24.3389,29.3522,123.415,30.0599,123.216,29.3017,122.781,28.7248,123.562,29.4341,124.049,1
102,6120,159,24.1909,-24.1422,-29.5427,-56.4374,-29.4803,-57.0789,-30.2794,-56.6389,-29.6381,-55.7912,-28.8944,-56.2894,1
102,6120,185,-26.7733,-22.4634,19.547,-160.795,20.2568,-160.629,19.6941,-161.34,18.9331,-160.959,19.4249,-160.226,1
102,6120,189,-37.256,-11.7136,-45.902,-9.82743,-45.8985,-11.0011,-46.5028,-9.63128,-45.9045,-8.82167,-45.237,-10.0719,1
102,6120,195,-19.777,-21.3796,47.5708,61.4634,47.2298,60.4872,47.0115,61.7633,47.8484,62.3597,48.1214,61.1113,1
102,6120,199,28.4839,-16.9784,-14.4821,-134.405,-13.9522,-134.057,-14.0629,-135.141,-15.0247,-134.801,-14.8329,-133.75,1
103,6180,5,-18.8913,3.91183,38.353,71.7458,38.108,71.0618,37.8468,72.0887,38.5883,72.3992,38.893,71.3782,1
103,6180,10,37.1928,7.32049,17.4768,100.679,17.5283,99.9527,16.77,100.828,17.419,101.518,18.1083,100.56,2
103,6180,18,-34.7315,19.3189,-29.3223,45.2959,-29.1188,44.5843,-30.0546,45.1792,-29.4754,45.9662,-28.4627,45.4546,1
103,6180,27,29.7239,-23.1649,71.7381,-123.446,72.2838,-123.214,71.852,-125.932,71.1743,-123.786,71.6355,-121.326,1
103,6180,40,34.7122,1.29837,32.9438,-82.9832,33.6063,-82.9774,32.7724,-83.8329,32.1964,-82.9928,33.0862,-82.2221,1
103,6180,45,-37.8919,-1.30676,-32.7698,96.4103,-32.5683,95.4686,-33.4717,96.445,-32.9363,97.2352,-31.9685,96.3623,1
103,6180,52,4.25589,-22.4802,51.1906,-114.537,51.5732,-115.216,50.8419,-115.312,50.8039,-113.927,51.5299,-113.827,1
103,6180,59,33.5373,-22.2537,-14.8404,144.418,-14.8244,143.743,-15.8165,144.435,-14.9003,145.137,-14.0186,144.381,1
103,6180,99,31.9406,-13.7648,25.8418,-104.136,25.9812,-104.769,25.0846,-104.241,25.6658,-103.46,26.5048,-104.057,1
103,6180,100,31.3473,-20.0134,83.4012,-59.288,83.5817,-64.2426,82.6115,-61.2989,83.1287,-54.4804,84.0788,-57.3046,1
103,6180,105,-21.9335,-24.1186,-84.1078,113.29,-83.4071,111.709,-84.1415,107.911,-84.7259,114.788,-83.99,118.519,1
103,6180,107,-31.5018,-24.0978,-21.6991,-122.534,-22.3584,-123.181,-22.1126,-122.065,-21.1543,-121.971,-21.2959,-123.054,1
103,6180,113,-37.1783,-16.4732,34.2231,54.6138,35.0744,54.6197,34.1212,53.8981,33.5024,54.5921,34.3607,55.3992,1
103,6180,122,20.3937,9.98348,43.764,-73.7304,43.4264,-74.391,43.3118,-73.2344,44.1343,-73.0123,44.2049,-74.2,1
103,6180,137,38.1568,-10.2592,38.616,71.6318,39.3248,71.6562,38.4019,70.4682,37.8182,71.5744,38.7967,72.6264,1
103,6180,138,25.5701,-21.5259,15.1948,101.103,15.7764,101.199,15.3657,100.306,14.6024,100.971,15.0638,101.804,3
103,6180,145,-32.4835,-14.3007,-21.5042,-51.5323,-22.0443,-52.2347,-21.9417,-51.029,-21.0429,-50.9175,-21.0485,-52.0936,1
103,6180,149,-14.5507,-24.3683,58.6421,129.432,59.238,130.122,59.0325,128.602,58.1161,128.791,58.279,130.266,1
103,6180,151,7.35345,-19.1082,25.0099,-0.789072,25.0234,-1.3601,24.462,-0.899037,24.9746,-0.233931,25.5251,-0.704896,1
103,6180,171,37.8315,14.8934,18.1887,12.0809,17.6501,11.4546,17.7784,12.7474,18.8358,12.817,18.5791,11.4971,2
103,6180,193,14.1234,-12.7965,-16.9371,39.6778,-17.1852,39.1564,-17.5037,39.9425,-16.6993,40.2113,-16.4139,39.4206,1
104,6240,10,-20.3702,-11.6231,22.6733,97.7248,22.6407,97.0953,22.1712,97.7593,22.6914,98.3036,23.1922,97.6735,1
104,6240,12,-38.0281,13.477,51.5024,-168.926,52.1963,-169.238,51.1121,-169.952,50.8874,-168.619,51.9395,-167.685,1
104,6240,22,21.7907,-15.3496,-70.1686,75.8873,-70.3267,74.4954,-70.7356,76.4537,-70.012,77.3184,-69.6576,75.3652,1
104,6240,40,33.174,-22.8387,32.399,-82.1394,33.0225,-82.1148,32.4032,-83.2447,31.7386,-82.2164,32.4102,-81.2067,1
104,6240,58,-37.7739,-6.2483,-31.5452,115.17,-31.3687,114.147,-32.2586,115.232,-31.6935,116.054,-30.7387,115.082,1
104,6240,80,-33.7139,17.229,-25.7302,-173.188,-25.742,-173.886,-26.4075,-173.037,-25.6891,-172.544,-24.9385,-173.342,1
104,6240,83,-29.9547,-3.72656,61.0557,-97.7663,61.2609,-99.012,60.5091,-97.9688,60.8593,-96.657,61.6533,-97.5518,1
104,6240,88,35.6016,-16.2649,-60.9718,79.0877,-60.372,79.0123,-61.136,77.3932,-61.6297,79.1117,-60.8013,80.5127,1
104,6240,94,37.9865,-7.59514,-33.9762,74.5413,-33.3114,74.6007,-34.1281,73.5405,-34.7252,74.4522,-33.8346,75.3983,1
104,6240,112,-36.2135,-17.0986,52.8932,17.2693,53.6494,16.6809,52.5674,16.4582,52.2425,17.7315,53.2694,18.1441,1
104,6240,116,35.7934,-16.1878,-51.5466,137.035,-50.9706,136.875,-51.7996,135.789,-52.1818,137.17,-51.3074,138.08,1
104,6240,119,-26.0857,-18.8708,0.0451494,-103.222,-0.0957748,-103.872,-0.457814,-103.123,0.153884,-102.644,0.562317,-103.35,1
104,6240,121,32.7863,-19.5153,8.44501,-78.0433,8.11077,-78.6053,7.68579,-77.5109,8.76909,-77.421,9.08114,-78.5154,1
104,6240,129,-34.6201,-17.7826,-61.3263,-101.464,-61.7535,-103.239,-61.8743,-100.664,-60.9606,-99.977,-60.7463,-102.364,1
104,6240,132,-22.9764,23.9351,-35.4806,-99.7633,-35.4012,-100.484,-36.1532,-99.9039,-35.519,-99.0444,-34.7176,-99.5731,1
104,6240,137,32.6882,4.1561,35.9522,77.3917,36.6222,77.3782,35.7878,76.5362,35.1989,77.4085,36.0868,78.1705,2
104,6240,138,29.2595,-23.9793,12.2855,102.623,12.8926,102.744,12.5032,101.736,11.6645,102.455,12.1207,103.386,1
104,6240,189,-33.9594,18.7049,-37.8268,-0.781717,-37.8028,-1.56957,-38.5183,-0.66357,-37.8147,-0.0510735,-37.0155,-0.893055,1
104,6240,195,-33.1251,-20.5947,54.812,63.5383,54.4191,61.9793,54.2051,64.0493,55.1094,64.8965,55.4394,62.9069,1
105,6300,24,36.0889,15.042,6.4373,101.884,6.04252,101.301,5.99091,102.37,6.91047,102.559,6.86033,101.459,2
105,6300,30,33.9448,10.7104,10.8743,-67.4195,11.2977,-66.9137,11.2636,-67.9425,10.3813,-67.9906,10.5055,-66.9547,1
105,6300,31,-35.0985,21.5106,-26.5824,-62.3093,-26.2441,-61.6919,-26.0071,-62.8573,-26.9247,-62.8625,-27.2783,-61.6713,1
105,6300,37,-8.82505,-18.2313,58.4266,109.395,57.9802,108.84,58.1019,110.094,58.8322,109.951,58.7273,108.674,1
105,6300,49,-33.1699,-13.2639,53.5182,-115.741,54.2243,-116.401,53.1475,-116.564,52.8961,-115.202,53.9344,-114.853,1
105,6300,72,34.4711,-17.4283,-42.2376,172.435,-42.3562,171.581,-43.0983,172.814,-42.1351,173.369,-41.5076,172.1,1
105,6300,86,-27.7087,-20.8434,-2.99157,29.6804,-2.27446,29.8287,-2.86736,29.153,-3.61314,29.5325,-3.0905,30.2356,1
105,6300,93,-32.6744,-23.2718,-5.58659,52.9135,-4.68997,52.8388,-5.64051,52.3098,-6.34623,52.9545,-5.48656,53.5474,1
105,6300,98,-33.1169,19.2866,13.3346,-128.574,13.436,-129.228,12.6073,-128.581,13.2703,-127.961,14.1844,-128.545,1
105,6300,101,19.6562,-18.6104,49.257,55.5613,49.6613,56.079,49.699,54.8511,48.8596,55.0172,48.8664,56.2095,1
105,6300,115,-27.5879,24.1761,-30.5618,110.084,-30.0149,110.135,-30.5171,109.336,-31.0948,110.075,-30.633,110.949,1
105,6300,122,36.2529,6.47,50.4386,-69.1542,50.1077,-70.2069,49.8437,-68.3546,50.8113,-67.9267,50.9733,-69.8665,1
105,6300,133,-8.38155,-20.315,-10.0336,-73.0664,-10.18,-73.6584,-10.582,-73.0225,-9.91623,-72.5126,-9.502,-73.1322,1
105,6300,139,23.1648,-11.5875,-20.37,127.992,-19.8195,128.099,-20.2721,127.293,-20.9428,127.861,-20.4462,128.629,1
105,6300,147,-35.1228,17.825,61.4057,-46.7604,61.0252,-48.0591,60.7986,-45.6406,61.7728,-45.5791,62.1233,-48.1057,1
105,6300,160,-38.0381,8.04215,-32.3589,-54.3561,-32.0366,-55.1853,-33.1001,-54.4765,-32.6245,-53.6091,-31.4961,-54.2116,1
105,6300,162,36.0537,-12.3383,10.2479,4.01454,10.3505,3.36385,9.38703,4.04614,10.1085,4.73023,10.9869,3.97672,1
105,6300,165,-38.5845,-11.3095,40.297,128.815,41.2091,128.648,40.0351,127.984,39.5214,128.943,40.6081,129.746,1
105,6300,171,26.5895,-9.08907,23.1121,10.1364,22.7567,9.66092,22.632,10.6407,23.4785,10.6554,23.539,9.672,1
105,6300,180,-38.3589,-12.9278,-5.92726,18.3337,-6.18282,17.5095,-6.47031,18.6548,-5.71922,19.0359,-5.33233,17.9532,1
105,6300,194,29.9332,-9.87722,23.8031,55.1548,23.6086,54.4902,23.091,55.5136,23.9925,55.8811,24.431,54.8245,1
106,6360,3,33.3126,-23.4291,-24.7509,58.026,-25.0136,57.3354,-25.6966,58.4926,-24.5149,58.7773,-23.9675,57.6158,1
106,6360,13,-37.1097,-8.05225,28.886,-122.896,29.6905,-122.829,28.7761,-123.614,28.1912,-122.958,29.0215,-122.091,1
106,6360,15,-34.7275,11.8383,-25.8472,-71.103,-25.1886,-71.0115,-25.9115,-71.8564,-26.4482,-71.1655,-25.7793,-70.2341,1
106,6360,24,37.4632,-9.55737,7.63127,102.025,7.3723,101.457,7.00263,102.523,7.90334,102.67,8.16751,101.59,3
106,6360,36,39.3786,9.52115,29.114,118.02,28.6254,117.39,28.7267,118.753,29.6903,118.763,29.4679,117.38,1
106,6360,45,-38.4612,7.55215,-24.4861,106.024,-24.3177,105.18,-25.2389,106.097,-24.6149,106.773,-23.6073,105.946,1
106,6360,61,-33.7927,22.2078,-33.0139,136.593,-32.874,135.847,-33.7657,136.517,-33.1033,137.301,-32.1262,136.709,1
106,6360,85,40.5079,-1.74441,20.4846,8.7201,21.1267,9.01819,20.5497,7.8346,19.7446,8.36957,20.4221,9.47949,1
106,6360,112,-39.3975,9.27703,48.5061,31.6256,49.2304,31.636,48.2928,30.605,47.8672,31.6422,48.738,32.8373,1
106,6360,120,-35.5735,13.4186,-15.2616,-88.5775,-15.5883,-89.2777,-15.8676,-88.0602,-14.9408,-87.957,-14.544,-89.1661,1
106,6360,150,-29.0612,24.2,13.4938,-19.7687,13.5647,-20.3893,12.7737,-19.8297,13.4631,-19.1667,14.332,-19.669,1
106,6360,172,29.0799,-15.7102,62.0283,13.4623,61.7019,12.4373,61.4197,14.414,62.3447,14.6033,62.5489,12.5691,2
106,6360,178,-35.6661,-4.31887,-79.8981,-15.5118,-80.1043,-19.9123,-80.4607,-13.4531,-79.6723,-11.8134,-79.2589,-17.6169,1
106,6360,186,39.2205,8.21549,-31.9724,-142.994,-31.3132,-142.673,-31.905,-143.86,-32.7452,-143.37,-32.0427,-142.232,1
106,6360,188,-38.7894,-12.4887,-58.1277,-38.7834,-57.7722,-40.2713,-58.7547,-38.9939,-58.4242,-37.5063,-57.419,-38.6016,1
106,6360,189,-34.9599,-14.3187,-34.2962,1.5741,-34.4477,0.636338,-34.8459,1.82228,-34.1717,2.38205,-33.7026,1.27819,1
106,6360,190,33.6612,-14.4419,-62.029,-109.373,-61.397,-108.86,-61.8096,-111.248,-62.7044,-110.015,-62.1841,-107.729,1
107,6420,1,35.8887,-12.2618,-78.6804,-37.0661,-78.0525,-38.637,-79.2441,-40.9754,-79.3785,-35.2427,-78.1519,-34.0541,1
107,6420,2,32.5727,-15.3443,-54.4061,45.0904,-54.5803,43.9936,-55.2261,45.6815,-54.2356,46.2799,-53.7005,44.5748,1
107,6420,6,36.7421,-16.5905,70.5495,144.424,71.0862,142.994,69.752,142.542,69.921,145.83,71.2156,146.089,1
107,6420,29,-36.2843,-14.2801,-10.9162,-77.7776,-10.2454,-77.303,-10.6659,-78.3329,-11.4828,-78.1953,-11.1673,-77.1535,1
107,6420,49,38.4551,-0.531603,43.5737,-107.33,44.2695,-107.56,43.1515,-108.309,42.7732,-107.082,43.9301,-106.465,2
107,6420,58,34.459,3.94074,-28.5512,130.977,-28.5171,130.183,-29.2862,131.141,-28.5835,131.877,-27.891,130.841,1
107,6420,61,-32.1726,21.756,-30.5663,139.584,-30.4646,138.873,-31.2878,139.541,-30.6234,140.26,-29.7217,139.66,1
107,6420,68,-33.2542,16.0463,-22.321,9.89982,-21.7072,10.0834,-22.2545,9.15819,-22.8945,9.75542,-22.4101,10.7576,1
107,6420,73,31.5809,-20.2716,-2.01526,-170.555,-2.20261,-171.144,-2.83738,-170.259,-1.85136,-169.919,-1.31725,-170.827,1
107,6420,75,-39.5901,-7.65316,66.1785,-131.509,66.2596,-133.824,65.4622,-131.181,66.0784,-129.555,66.9912,-131.956,1
107,6420,85,19.0893,-5.3267,18.7167,12.6392,19.1827,12.792,18.8509,12.0926,18.2315,12.4737,18.5936,13.1509,1
107,6420,92,30.9012,16.8182,7.83037,31.3618,8.50423,31.3585,7.74253,30.7447,7.05666,31.3831,7.88622,31.943,2
107,6420,99,25.5972,-17.0919,34.9265,-91.438,35.0916,-92.0701,34.2685,-91.6948,34.728,-90.7917,35.5154,-91.2243,1
107,6420,109,-37.5232,7.71013,68.6805,-122.981,68.2307,-124.606,68.2326,-121.438,69.0789,-121.508,69.1861,-124.84,1
107,6420,112,27.1111,-21.6869,42.841,27.7533,43.3538,27.6078,42.7274,26.7994,42.3047,27.8608,42.9524,28.5846,1
107,6420,122,-21.9528,22.6251,60.5894,-76.9786,60.2608,-77.9821,60.0137,-76.2767,60.9348,-76.0043,61.2499,-77.7585,1
107,6420,141,34.2006,-21.0272,-28.3795,130.954,-27.955,131.533,-27.6648,130.187,-28.799,130.295,-28.9637,131.625,1
107,6420,172,27.7229,-23.8488,64.8766,13.5617,64.5267,12.4479,64.1631,14.5601,65.1954,14.792,65.4729,12.6112,1
107,6420,177,-30.5618,-22.6999,-64.899,-165.626,-64.1536,-164.566,-64.5656,-166.811,-65.5175,-166.624,-65.2036,-164.303,1
107,6420,180,-36.786,6.87792,2.71282,22.2047,2.60012,21.5212,2.1096,22.4821,2.82543,22.8121,3.40898,21.8891,2
107,6420,181,18.8008,-19.0469,30.4101,42.9968,30.2883,42.4399,29.8193,43.103,30.5089,43.5666,30.942,42.8807,2
108,6480,10,-40.044,-6.40672,35.1483,107.549,35.2845,106.495,34.4655,107.666,35.0225,108.443,35.9276,107.392,1
108,6480,46,-32.3573,18.199,9.07273,135.58,9.10853,134.919,8.34936,135.648,9.06857,136.196,9.91489,135.52,1
108,6480,52,29.7537,-23.6974,44.4693,-90.0691,45.0627,-90.3422,44.2211,-91.2867,43.8382,-89.8481,44.6939,-89.0309,2
108,6480,61,-36.2349,-14.8795,-30.2882,138.823,-30.2928,137.833,-30.8992,138.955,-30.2912,139.668,-29.6202,138.647,1
108,6480,97,-33.3554,18.4498,-4.71333,-146.318,-4.60745,-146.96,-5.43699,-146.32,-4.78087,-145.718,-3.86885,-146.297,1
108,6480,117,-38.864,-12.9751,-39.3139,-148.394,-39.1029,-149.466,-39.9395,-148.4,-39.4947,-147.485,-38.6119,-148.421,1
108,6480,162,-32.4447,-23.5511,22.26,5.51147,22.1555,4.52016,21.6464,5.58406,22.3206,6.3522,22.9023,5.38645,1
108,6480,163,29.8547,-9.89801,39.4263,45.6628,39.6942,44.9902,38.7571,45.3425,39.1186,46.3725,40.0239,45.943,1
108,6480,193,-30.4437,-19.018,1.32091,39.573,0.860596,38.8078,0.779519,39.9279,1.70149,40.2437,1.87471,39.1669,2
108,6480,194,30.5773,-3.89179,34.7028,59.7258,34.5343,58.9583,34.016,60.1028,34.8729,60.574,35.3176,59.3806,1
108,6480,196,-30.0802,-15.4833,66.4535,-173.831,67.293,-173.708,66.4321,-175.432,65.7204,-173.968,66.4866,-172.12,1
109,6540,5,38.2502,-12.5038,54.2862,91.1773,54.2837,89.9091,53.3,91.5697,54.2426,92.6005,55.1158,90.8129,1
109,6540,15,35.9425,0.144949,-37.6371,-67.9682,-36.9936,-67.9482,-37.7986,-68.8639,-38.3649,-67.9967,-37.4925,-67.1782,1
109,6540,30,32.831,-23.8774,-0.678543,-68.8232,-0.336764,-68.3487,0.0355198,-69.3363,-1.00476,-69.3488,-1.26806,-68.3721,1
109,6540,35,31.2449,-15.4999,1.95123,117.092,1.58485,116.667,1.43719,117.622,2.3252,117.562,2.39034,116.619,1
109,6540,37,-29.3603,-23.1287,72.1743,96.6445,71.4306,95.7646,71.9485,98.3018,72.8024,97.5261,72.3599,94.8357,1
109,6540,38,-33.528,-18.6267,69.6974,-48.8413,70.1107,-46.7823,70.1643,-49.8557,69.339,-50.5656,69.2074,-47.7257,1
109,6540,41,32.0306,-10.4714,-9.58235,-44.1937,-8.99576,-44.0424,-9.50503,-44.9585,-10.216,-44.3771,-9.64042,-43.5193,1
109,6540,60,23.3086,-19.7607,-53.8301,106.528,-53.6115,105.714,-54.426,105.991,-54.0724,107.351,-53.2902,106.965,1
109,6540,77,25.943,-20.8744,26.2322,-7.59231,26.7654,-7.33705,26.568,-8.36955,25.6944,-7.88643,25.9527,-6.90531,2
109,6540,83,-27.0711,22.2935,64.1404,-51.64,64.6415,-52.2142,63.8335,-52.9296,63.6678,-51.0401,64.4577,-50.1003,1
109,6540,112,31.2563,9.18915,36.607,38.3172,37.194,38.2494,36.4467,37.6106,35.9465,38.4018,36.7382,38.9745,1
109,6540,122,-24.6615,-23.1881,63.2003,-77.3228,62.6329,-78.593,62.7249,-76.5138,63.6685,-76.138,63.656,-78.2396,1
109,6540,125,-38.6195,2.72839,6.2074,99.9994,6.76401,100.66,6.61748,99.338,5.71341,99.4306,5.73366,100.765,2
109,6540,128,25.9411,9.57982,-76.746,-97.9003,-77.0388,-100.354,-77.2469,-96.2511,-76.388,-95.3309,-76.2578,-99.2928,1
109,6540,133,-22.9233,-12.4052,3.4627,-65.8826,3.33939,-66.5373,2.9162,-65.7652,3.56311,-65.2863,4.02912,-66.0226,2
109,6540,138,21.342,-23.7407,-2.38246,113.52,-1.8086,113.606,-2.16423,112.799,-2.9527,113.4,-2.55194,114.163,1
109,6540,142,28.5633,-9.76114,-73.1542,136.465,-72.7246,137.915,-72.6827,134.555,-73.5914,134.786,-73.5534,138.278,1
109,6540,143,-37.4111,-9.08185,-69.1359,-71.0695,-69.3985,-73.5488,-69.7353,-69.9852,-68.8889,-68.9868,-68.4655,-72.2696,1
109,6540,144,-37.4529,13.3195,-31.6301,-55.1891,-31.9506,-56.0342,-32.2596,-54.571,-31.3138,-54.4507,-30.8754,-55.8948,3
109,6540,156,-29.5144,24.2049,-37.8216,-154.202,-37.225,-154.373,-38.0106,-155.094,-38.3855,-153.985,-37.6183,-153.154,1
109,6540,170,34.4142,-20.8404,0.728255,9.82491,0.351017,9.31217,0.0148371,10.4367,1.10082,10.4007,1.31715,9.29315,1
110,6600,1,26.8721,-21.949,-74.9182,5.37932,-74.7537,3.07759,-75.7323,4.35084,-75.1005,7.7732,-74.2018,6.10806,1
110,6600,27,36.9367,-6.33025,46.235,-99.3274,46.7307,-98.7895,46.5214,-100.35,45.6833,-99.9354,45.9818,-98.4453,1
110,6600,33,-35.1363,-20.1923,-67.0299,111.953,-67.6739,110.397,-67.385,113.201,-66.4866,113.239,-66.6647,110.588,1
110,6600,37,-32.5081,-23.1361,75.5125,90.4649,74.6821,89.6026,75.3514,92.6819,76.2075,91.3613,75.6203,88.0389,1
110,6600,41,-29.4343,-16.985,-8.26573,-37.7377,-7.49527,-37.697,-8.26308,-38.3271,-8.93891,-37.7893,-8.24001,-37.1133,1
110,6600,52,-32.5927,-17.205,46.28,-75.9256,47.1276,-76.2422,46.0637,-76.7896,45.5457,-75.6838,46.536,-75.0041,1
110,6600,61,22.4651,-19.9844,-28.553,148.655,-28.5906,148.057,-29.2187,148.656,-28.5383,149.266,-27.96,148.634,1
110,6600,64,-38.5207,12.162,56.7658,-125.671,57.2252,-126.726,56.0704,-126.19,56.3671,-124.727,57.5778,-125.014,1
110,6600,65,33.4128,-16.6557,47.4294,-71.3952,48.0064,-71.5817,47.1681,-72.5234,46.7997,-71.2394,47.6597,-70.4213,1
110,6600,67,-23.0954,-24.0278,-0.0942626,-9.37631,0.622887,-9.34998,-0.00270521,-9.91011,-0.722339,-9.42151,-0.153631,-8.83231,1
110,6600,70,29.2199,-22.6195,-70.4326,71.904,-69.8573,71.357,-70.6549,69.4196,-71.0422,72.3928,-70.1939,73.9722,1
110,6600,84,33.6677,-5.2207,38.2914,-5.41269,38.866,-5.2427,38.3054,-6.30517,37.6574,-5.6105,38.2759,-4.62282,1
110,6600,91,-38.1183,-12.6355,31.9412,14.0405,32.8377,13.9908,31.7594,13.293,31.1797,14.0699,32.1651,14.8723,1
110,6600,105,34.0914,-22.5579,-67.3658,-117.456,-67.746,-118.734,-68.061,-115.823,-66.9824,-116.066,-66.7828,-118.8,1
110,6600,119,-32.1732,13.4272,20.8936,-89.0343,20.9291,-89.669,20.2753,-88.9595,20.8779,-88.4467,21.6012,-89.107,1
110,6600,120,37.0157,-12.0757,-4.22513,-80.3004,-4.56284,-80.9171,-4.93157,-79.6774,-3.8718,-79.6002,-3.62888,-80.8386,1
110,6600,135,34.4836,-6.79209,48.9855,7.06311,49.4035,6.27924,48.2673,6.50326,48.5038,7.90344,49.6147,7.56144,1
110,6600,144,-38.8885,-10.5353,-30.7563,-55.5695,-31.2977,-56.5198,-31.2355,-54.923,-30.2989,-54.7679,-30.23,-56.3132,3
110,6600,147,-31.2874,-15.5216,76.2214,-44.131,75.6502,-46.6366,75.7873,-42.2501,76.6848,-41.742,76.6488,-46.3599,1
110,6600,158,34.1541,17.6669,-31.3412,-58.8505,-31.2801,-59.712,-32.0052,-58.7702,-31.3864,-57.8402,-30.7261,-58.8887,1
110,6600,163,-40.2584,1.47683,49.275,52.9581,49.7902,51.8942,48.5548,52.6043,48.8289,53.8662,50.1138,53.3764,1
110,6600,173,33.0398,-9.99896,65.943,177.457,66.3786,178.55,66.3856,175.871,65.4705,176.271,65.5484,178.815,2
110,6600,176,-37.4978,-9.39436,-41.6726,-168.498,-41.0463,-167.677,-41.3216,-169.274,-42.2004,-169.221,-42.0423,-167.602,1
110,6600,182,-37.5496,-13.961,67.2116,94.5888,67.6016,92.6286,66.6188,94.145,66.8517,96.1907,67.8766,95.0408,1
110,6600,192,-33.2888,10.8206,-22.2069,30.3318,-22.386,29.5564,-22.8802,30.6919,-22.0206,31.0316,-21.4291,29.9335,3
111,6660,16,35.6324,-16.0751,-53.0658,-11.2725,-52.5694,-11.8655,-53.6608,-12.2926,-53.6236,-10.6477,-52.5415,-10.4407,1
111,6660,27,-29.3537,18.6486,41.6353,-89.2023,42.0519,-88.6828,42.0138,-89.8809,41.2209,-89.6623,41.1823,-88.45,1
111,6660,55,33.4038,-23.2383,-39.4178,3.13873,-38.7651,3.18473,-39.3782,1.85764,-40.1081,3.02698,-39.4165,4.21594,1
111,6660,58,38.8824,9.82808,-17.0215,141.612,-17.0434,140.761,-17.7986,141.896,-16.9829,142.614,-16.3285,141.384,1
111,6660,77,29.5874,-19.3142,19.1037,-5.15542,19.6373,-4.86513,19.4599,-5.93622,18.556,-5.49004,18.8087,-4.47217,1
111,6660,86,-39.502,1.43173,-23.9313,42.2749,-23.204,42.5983,-23.8788,41.5183,-24.5654,41.9979,-23.9836,43.1511,1
111,6660,96,-36.6629,15.0736,-21.7173,-165.869,-21.5068,-166.593,-22.4689,-165.918,-21.8791,-165.204,-20.8345,-165.795,1
111,6660,100,-38.7129,-11.9229,62.4252,63.4326,63.0095,64.9644,62.8118,62.2292,61.9245,62.168,61.9992,64.7824,3
111,6660,104,-30.5573,4.85157,-81.412,99.8701,-80.7853,100.682,-81.376,95.7992,-81.9856,99.0761,-81.4045,104.421,1
111,6660,118,36.0083,-13.2692,-10.4417,-105.97,-10.4194,-106.568,-11.2201,-105.853,-10.4884,-105.312,-9.77416,-106.081,1
111,6660,130,37.2504,-15.2356,-57.024,-171.69,-56.3821,-172.148,-57.538,-173.21,-57.7465,-171.221,-56.5641,-170.452,1
111,6660,145,-33.0913,-23.4371,7.15136,-51.2011,6.41991,-51.8824,6.71091,-50.7092,7.7486,-50.6093,7.58165,-51.7556,1
111,6660,150,36.8261,-13.3483,19.0253,-5.15695,19.1838,-5.82265,18.1463,-5.20197,18.8205,-4.4271,19.7758,-5.13018,1
111,6660,153,34.8488,-16.5175,25.9187,116.082,26.5417,116.098,25.8184,115.125,25.2407,116.031,26.0145,116.899,1
111,6660,158,37.979,4.31994,-30.2389,-56.6432,-30.1013,-57.4555,-31.0097,-56.5501,-30.3908,-55.7023,-29.5592,-56.7117,2
111,6660,172,-36.8295,-15.833,80.136,-15.9875,79.2709,-17.9611,79.9667,-12.2764,80.8516,-13.9482,80.2416,-20.244,1
112,6720,5,-38.4809,9.97918,70.7875,92.1179,70.8186,89.5447,69.9712,92.7079,70.7528,94.3882,71.7483,91.3849,2
112,6720,13,23.8703,-24.3317,9.43959,-113.456,9.9822,-113.417,9.58391,-114.181,8.89369,-113.529,9.33425,-112.818,1
112,6720,21,-38.1375,14.9763,-69.4437,56.2132,-69.3253,54.2692,-70.1779,56.4508,-69.5055,57.9831,-68.5735,55.9927,2
112,6720,32,-22.7237,-22.0183,-84.6215,-74.8308,-84.1377,-69.9908,-84.1962,-77.9709,-84.9965,-80.0001,-85.0145,-70.8564,1
112,6720,36,31.2425,-7.93935,50.0255,114.71,49.6674,114.036,49.5686,115.488,50.4007,115.467,50.4233,113.999,1
112,6720,68,-29.1079,-18.7172,-33.9255,20.1561,-33.1807,20.074,-33.9866,19.4884,-34.5769,20.2086,-33.8287,20.8536,1
112,6720,82,-32.3334,16.0401,59.3729,-106.308,59.5797,-107.441,58.7233,-106.55,59.1949,-105.252,60.1175,-105.986,1
112,6720,88,34.944,-19.8448,-62.6474,143.293,-62.3655,142.157,-63.4471,142.557,-62.9736,144.51,-61.9604,143.851,1
112,6720,106,-24.9911,22.8879,-18.8278,-123.78,-19.1647,-124.267,-19.3557,-123.369,-18.4709,-123.327,-18.2088,-124.225,1
112,6720,108,-25.6996,-19.6053,48.8147,-121.045,48.2696,-121.76,48.4356,-120.438,49.2793,-120.381,49.1824,-121.713,1
112,6720,109,27.6123,-23.0634,82.3037,-77.7994,82.291,-82.0626,81.5108,-78.2202,82.2364,-73.4366,82.9909,-77.5375,1
112,6720,119,24.3448,-21.0899,21.0355,-82.4496,21.0225,-82.9955,20.372,-82.4829,21.0193,-81.89,21.6221,-82.4395,1
112,6720,120,-32.184,-23.113,2.71639,-87.5727,2.02868,-88.255,2.26018,-87.1089,3.28037,-86.9789,3.16482,-88.0948,1
112,6720,123,21.0435,18.6679,63.7805,78.572,64.3596,79.163,64.0063,77.3508,63.1247,77.9831,63.5257,79.7248,2
112,6720,125,-32.5455,-20.1941,-2.38081,99.2458,-1.61803,99.7755,-2.04063,98.6945,-3.01924,98.7772,-2.70995,99.8549,1
112,6720,135,31.1598,-24.312,50.3757,14.7597,50.8053,14.0267,49.7022,13.7287,49.8882,15.4618,50.9556,15.6271,1
112,6720,137,-27.1793,-24.3553,20.4495,101.448,21.3063,101.442,20.4997,100.802,19.7122,101.428,20.437,102.114,1
112,6720,143,-25.0481,23.3459,-55.3758,-59.0688,-55.6672,-60.0241,-55.9996,-58.4635,-55.0517,-58.1804,-54.6438,-59.699,1
112,6720,164,37.583,-8.1509,37.8747,111.663,38.54,111.507,37.5104,110.678,37.1223,111.811,38.1863,112.515,1
113,6780,4,35.8052,-5.49457,36.6291,76.2323,36.4529,75.3713,35.8602,76.7315,36.805,77.2073,37.2966,75.7864,1
113,6780,26,29.5013,-16.3297,69.6135,-120.521,70.1349,-120.139,69.7338,-122.515,69.0654,-120.971,69.5031,-118.781,1
113,6780,46,-34.1031,-19.6144,20.6694,143.616,20.5265,142.66,20.0599,143.775,20.7682,144.431,21.3167,143.403,1
113,6780,50,-29.5205,-22.4671,43.8161,-168.838,43.8569,-170.057,43.1992,-168.907,43.7483,-167.796,44.4629,-168.822,1
113,6780,66,-25.177,21.2697,16.552,-21.7559,17.0898,-21.609,16.6968,-22.3936,16.0223,-21.868,16.3637,-21.0374,1
113,6780,74,-26.4466,20.5507,57.1601,-144.485,57.1285,-145.595,56.4823,-144.375,57.2125,-143.415,57.9359,-144.573,1
113,6780,85,24.815,-14.7391,-0.774859,21.2578,-0.292995,21.4431,-0.557737,20.6603,-1.27106,21.0461,-0.957861,21.7984,1
113,6780,99,-35.9107,-17.8865,49.1584,-68.0627,49.5888,-69.2797,48.5712,-68.4047,48.77,-67.0612,49.8113,-67.7298,1
113,6780,111,29.2206,19.5303,46.6472,14.4145,47.2063,14.0005,46.351,13.7264,46.0126,14.9041,46.9014,15.0957,1
113,6780,118,31.3926,-24.3048,-4.93819,-102.918,-4.96249,-103.475,-5.76007,-102.908,-4.95202,-102.333,-4.24047,-102.948,1
113,6780,121,-8.30042,18.8966,46.4448,-79.5365,46.1105,-80.1522,45.9774,-79.0884,46.8007,-78.919,46.9551,-80.0008,1
113,6780,127,38.9972,-6.13128,-80.0138,103.932,-79.4822,106.884,-79.5217,99.4366,-80.5715,100.102,-80.3805,108.123,1
113,6780,164,20.308,-16.8596,38.3776,116.074,38.89,115.884,38.2268,115.277,37.8478,116.239,38.5244,116.794,1
113,6780,169,-39.21,-5.51423,-35.8809,-64.1773,-35.5189,-65.1681,-36.5854,-64.286,-36.1861,-63.3217,-35.0742,-64.0742,1
113,6780,174,-35.0062,-21.1629,20.2236,-170.935,20.938,-170.247,20.6126,-171.482,19.6348,-171.525,19.836,-170.321,1
113,6780,176,32.5188,-20.8735,-51.7657,-179.716,-51.4158,-178.896,-51.0471,179.439,-52.0995,179.363,-52.3608,-178.948,1
113,6780,177,-34.1747,-12.4032,-86.1508,-102.437,-85.3972,-107.021,-86.4835,-110.801,-86.7812,-96.9247,-85.6915,-95.1448,1
113,6780,178,-32.8139,-21.8714,-56.1044,-0.938442,-56.7436,-2.12018,-56.5286,-0.116845,-55.5689,0.0598116,-55.6776,-1.84255,1
113,6780,182,-27.5783,-3.5893,66.6266,126.32,67.1399,125.543,66.2984,125.279,66.1545,126.996,66.9784,127.467,1
113,6780,195,35.4989,-12.5905,68.1274,135.811,68.7257,134.812,67.4919,133.99,67.4458,136.792,68.6645,137.434,1
113,6780,197,-30.415,-18.2035,17.0713,-140.813,17.8763,-140.438,17.3031,-141.444,16.3813,-141.153,16.8548,-140.132,1
114,6840,21,32.2579,-19.0731,-69.1822,77.9179,-69.3545,76.4094,-69.9048,78.7726,-69.013,79.53,-68.5632,77.1837,1
114,6840,27,-31.5205,-9.62109,33.1308,-87.7791,33.6754,-87.2877,33.394,-88.3617,32.6512,-88.2162,32.855,-87.1414,1
114,6840,39,30.0315,22.5714,11.48,-69.198,11.9825,-68.7215,11.8482,-69.665,10.8781,-69.7322,11.1013,-68.7759,7
114,6840,61,-31.9663,-18.7646,-13.5885,153.455,-13.7459,152.645,-14.1479,153.609,-13.4675,154.156,-12.9998,153.261,1
114,6840,66,-33.9073,19.7775,14.0266,-18.8524,14.6268,-18.6134,14.1774,-19.5906,13.4579,-19.0414,13.8259,-17.9914,1
114,6840,71,27.9479,-19.5414,-43.8883,167.811,-44.0268,167.016,-44.6565,168.073,-43.7684,168.648,-43.2217,167.562,1
114,6840,74,-27.0987,23.0407,60.4188,-140.025,60.4276,-141.263,59.7074,-140.024,60.4359,-138.824,61.24,-139.971,1
114,6840,97,-33.8374,12.1703,11.3871,-132.815,11.4836,-133.484,10.7045,-132.772,11.3174,-132.201,12.1725,-132.852,1
114,6840,112,-13.949,-24.3561,28.5775,54.2617,29.1656,54.1877,28.6274,53.6946,28.0445,54.3037,28.5533,54.8177,1
114,6840,151,34.9003,-20.64,41.5946,42.0921,42.0086,41.4611,40.8496,41.3607,41.1145,42.7282,42.231,42.701,1
114,6840,174,-37.9256,-10.6192,15.2483,-170.86,15.8405,-170.153,15.6401,-171.442,14.7475,-171.467,14.8259,-170.196,1
114,6840,181,34.5771,-22.5574,49.8657,64.1297,49.9647,63.2296,48.9864,63.9601,49.712,65.0766,50.6078,64.2449,1
114,6840,192,-38.4054,-5.23577,-9.73778,33.1652,-10.0547,32.2623,-10.3546,33.623,-9.46467,33.9397,-9.04348,32.6317,1
114,6840,193,37.764,-12.0755,20.7494,52.9701,20.5823,52.2024,19.8541,53.4412,20.904,53.8397,21.503,52.5563,1
115,6900,7,23.2348,-21.4586,24.8296,-131.121,25.3606,-130.803,25.2611,-131.847,24.3043,-131.475,24.4646,-130.472,1
115,6900,29,-16.2278,20.5526,-44.2781,-73.8481,-43.8581,-73.489,-43.9737,-74.4568,-44.7099,-74.1852,-44.6255,-73.1865,1
115,6900,35,35.41,-20.7233,24.0136,115.299,23.6463,114.776,23.3538,115.959,24.3779,115.893,24.5543,114.722,1
115,6900,39,35.7777,-7.91445,10.8161,-70.1655,11.1566,-69.6475,11.3411,-70.7292,10.4488,-70.7496,10.3618,-69.6725,13
115,6900,57,33.3998,-2.48861,-33.3021,123.472,-33.2244,122.688,-34.0595,123.563,-33.3906,124.346,-32.6285,123.394,1
115,6900,61,-31.6632,23.908,-6.95152,158.2,-6.94896,157.58,-7.68648,158.256,-6.91345,158.789,-6.08344,158.162,1
115,6900,70,-34.0351,-18.5001,-63.208,120.491,-62.9103,118.598,-63.8313,120.175,-63.4584,122.123,-62.5265,120.741,1
115,6900,91,-15.7411,11.6426,15.4485,27.9183,15.957,27.9454,15.4631,27.3789,14.9495,27.9052,15.4207,28.4967,1
115,6900,97,-37.3389,-15.7371,12.2594,-132.915,12.2245,-133.849,11.6283,-132.769,12.2725,-132.125,12.9508,-133.109,1
115,6900,117,-25.1985,-24.1194,-23.6574,-125.9,-23.779,-126.664,-24.1787,-125.864,-23.5694,-125.232,-23.1295,-125.973,1
115,6900,121,18.8874,-5.71111,51.061,-74.8949,50.7752,-75.637,50.5576,-74.3701,51.3474,-74.1034,51.5265,-75.4017,1
115,6900,161,-30.8774,1.86143,17.2499,-1.09525,17.3039,-1.79042,16.6383,-1.02956,17.204,-0.463792,17.9283,-1.16954,1
115,6900,162,-25.2002,-18.289,39.0428,28.8429,39.131,27.9286,38.4919,28.7374,38.9419,29.648,39.6176,28.9196,1
115,6900,178,-34.3661,20.5325,-43.8289,-0.266044,-44.1638,-1.09686,-44.4416,0.4269,-43.4811,0.469319,-43.0846,-1.04208,1
116,6960,4,-36.8287,10.8287,51.8257,71.5457,51.6325,70.2859,51.1134,72.1675,52.0092,72.673,52.6585,70.8086,1
116,6960,32,-10.4557,-22.7427,-79.8897,123.232,-80.399,121.693,-80.1955,125.586,-79.4262,124.613,-79.5963,120.993,1
116,6960,39,-26.3513,21.8269,3.82563,-64.9112,4.15146,-64.4607,4.32765,-65.2987,3.48539,-65.329,3.2377,-64.4866,2
116,6960,64,28.9371,-23.0746,51.9258,-93.2744,52.4007,-93.7745,51.5209,-94.3866,51.4112,-92.8165,52.2845,-92.3183,1
116,6960,86,-24.3383,23.9343,-41.9821,54.3678,-41.445,54.4738,-41.8735,53.5366,-42.5146,54.3061,-42.1232,55.3161,1
116,6960,98,35.0917,-2.14325,33.7008,-93.5459,33.9342,-94.2609,32.9702,-93.6701,33.4274,-92.7515,34.3463,-93.4329,1
116,6960,108,38.5997,-9.90037,63.8853,-106.866,63.6512,-108.301,63.1482,-105.755,64.1111,-105.202,64.5024,-107.873,1
116,6960,111,32.3666,-24.157,43.3512,22.5779,43.9029,22.4276,43.1953,21.4427,42.7632,22.6787,43.4959,23.5376,1
116,6960,114,-33.9889,19.4991,-33.7167,112.795,-33.1087,112.874,-33.7496,111.964,-34.2837,112.757,-33.691,113.77,1
116,6960,124,-35.9359,-14.3041,17.8967,96.7356,18.6098,97.3751,18.238,96.1122,17.2952,96.1837,17.5443,97.4366,1
116,6960,135,-17.7329,-19.4949,54.2783,40.3369,54.8121,39.6519,53.9958,39.5231,53.781,40.9158,54.5786,41.1437,1
116,6960,146,-26.105,9.71496,65.434,-46.331,65.0771,-47.5504,64.9579,-45.3506,65.7726,-45.1735,65.9599,-47.442,1
116,6960,161,32.3311,11.0184,16.2483,6.72229,16.2802,6.02248,15.5949,6.81947,16.2195,7.51965,16.8506,6.65105,1
116,6960,170,-33.613,-23.105,26.8081,0.822746,26.0501,0.17115,26.4333,1.39285,27.4289,1.39738,27.1673,0.182534,1
116,6960,177,23.0683,-24.3325,-80.8027,16.8946,-81.2767,14.8427,-81.283,20.6927,-80.3333,18.9413,-80.37,13.7925,1
116,6960,188,24.3743,-24.2961,-36.1493,5.43591,-36.2757,4.79897,-36.8577,5.54289,-36.0504,6.08915,-35.5334,5.31755,1
116,6960,189,-38.3202,-14.3501,-0.819139,18.0334,-1.0997,17.2057,-1.35716,18.3575,-0.59295,18.7371,-0.233424,17.6477,1
116,6960,192,-38.1154,4.35519,-1.57269,35.4609,-1.81611,34.6274,-2.23878,35.9038,-1.34663,36.1881,-0.800106,34.9475,1
117,7020,0,-23.6394,21.7146,-72.0481,-19.822,-71.6591,-21.3688,-72.5935,-21.2697,-72.3891,-18.1791,-71.4315,-18.215,1
117,7020,2,-21.8186,23.1445,-13.1151,52.3416,-13.377,51.7753,-13.7522,52.6245,-12.8226,52.8853,-12.3816,52.0481,1
117,7020,24,-32.0043,-24.0098,48.4904,100.69,47.9359,99.7333,48.0519,101.232,48.9371,101.538,48.9218,100.063,1
117,7020,35,7.12578,24.2772,35.848,111.018,35.4278,110.638,35.4961,111.452,36.3172,111.411,36.2321,110.584,2
117,7020,44,36.8713,13.2962,-25.375,114.211,-25.4042,113.365,-26.0768,114.449,-25.3213,115.201,-24.7362,114.025,1
117,7020,45,26.2282,-18.5478,0.894736,134.146,0.863081,133.582,0.160419,134.178,0.899697,134.734,1.5416,134.1,1
117,7020,46,37.2077,-9.94716,27.5205,160.544,27.6606,159.805,26.6507,160.564,27.338,161.363,28.267,160.518,2
117,7020,48,-24.221,-20.6005,49.4495,-106.476,50.1069,-106.958,49.2416,-107.273,48.8593,-106.087,49.6848,-105.668,1
117,7020,51,28.2798,-10.6155,44.9209,-93.0859,45.4895,-93.3403,44.6319,-94.0262,44.3066,-92.8427,45.1811,-92.2431,1
117,7020,60,-36.4638,-15.2777,-31.6396,134.938,-31.632,133.921,-32.2548,135.063,-31.653,135.804,-30.9664,134.768,1
117,7020,72,-32.7047,-20.9946,1.6921,-178.626,1.25309,-179.425,1.15486,-178.299,2.04714,-177.936,2.24349,-179.008,1
117,7020,91,-32.7362,-21.3012,13.6628,31.7991,14.5313,31.7474,13.6044,31.185,12.9226,31.8223,13.7612,32.4489,1
117,7020,102,-27.4184,22.2174,-35.6664,63.3533,-35.2617,63.8769,-35.1901,62.7618,-36.0789,62.8718,-36.2282,64.0222,1
117,7020,121,29.2951,-24.3509,55.8912,-71.3565,55.6104,-72.3615,55.0402,-70.7444,56.1323,-70.2667,56.6042,-71.9415,1
117,7020,140,-22.0347,-18.0019,-30.0419,135.242,-29.4542,135.702,-29.6965,134.717,-30.5572,134.81,-30.3729,135.803,1
117,7020,144,30.7476,-24.3961,-6.85266,-46.9963,-7.2314,-47.5164,-7.64172,-46.4601,-6.49506,-46.4269,-6.19826,-47.4697,1
117,7020,152,-33.7878,20.9302,36.8694,110.56,37.5296,110.579,36.7714,109.614,36.2542,110.587,36.952,111.682,12
117,7020,158,-27.3469,-15.1889,-11.476,-46.5212,-11.4985,-47.2424,-12.0319,-46.478,-11.4682,-45.881,-10.8917,-46.5895,8
117,7020,161,34.2144,-7.24846,17.337,8.02953,17.4425,7.37693,16.5639,8.05561,17.2033,8.74836,18.0154,8.00141,1
117,7020,187,-35.3979,15.3071,-54.1672,-27.4779,-53.9305,-28.5045,-54.8528,-27.6607,-54.3523,-26.5169,-53.3696,-27.2471,1
118,7080,19,-35.2484,14.0961,37.3168,109.44,37.5093,108.635,36.6143,109.374,37.1592,110.178,38.1325,109.538,8
118,7080,20,-6.90572,-21.1264,-79.8852,-0.377447,-79.5148,-2.51618,-80.1706,-2.71009,-80.2306,1.68113,-79.5782,1.68135,1
118,7080,30,-37.4618,-15.0043,-35.9927,-65.4262,-35.3839,-64.6563,-35.6331,-66.0582,-36.4957,-66.0991,-36.3634,-64.6983,1
118,7080,35,15.9022,-14.0042,36.3338,111.663,35.9777,111.253,35.9382,112.139,36.6829,112.096,36.69,111.208,3
118,7080,40,32.1855,23.9674,-10.9601,-45.422,-10.1775,-45.3947,-10.9941,-46.0849,-11.8876,-45.4261,-10.9694,-44.7925,1
118,7080,60,-28.6726,7.29015,-27.8888,140.396,-27.8472,139.724,-28.4717,140.453,-27.9139,141.02,-27.2408,140.34,1
118,7080,65,-35.9443,-14.1654,33.6159,-35.9417,34.4524,-35.8554,33.5574,-36.6806,32.9005,-36.0287,33.7017,-35.1296,1
118,7080,90,36.5193,9.04018,28.0858,3.59156,28.7908,3.5221,27.8392,2.82891,27.271,3.67915,28.2874,4.28363,1
118,7080,91,24.4806,-19.5905,6.91855,30.4889,7.46001,30.5256,6.99727,29.7884,6.36307,30.4236,6.86578,31.111,1
118,7080,98,16.0043,-24.2938,38.1809,-89.3661,38.3116,-90.0295,37.5922,-89.7228,38.02,-88.7265,38.7174,-89.0677,1
118,7080,100,30.4952,-21.3774,36.5922,52.4427,37.0048,52.9617,37.1736,51.7069,36.1814,51.8714,36.1031,53.084,1
118,7080,108,-29.3853,-21.1292,71.218,-122.89,70.5936,-124.428,70.8413,-121.544,71.734,-121.432,71.5746,-124.422,1
118,7080,113,25.1367,-21.7453,-13.5326,83.8161,-13.0246,83.901,-13.3738,83.1347,-14.0485,83.699,-13.6522,84.42,1
118,7080,123,29.8035,-22.7743,46.1451,83.3288,46.6412,83.8916,46.7145,82.3105,45.65,82.7047,45.6688,84.2046,1
118,7080,132,24.9508,-1.65851,-0.168623,-65.0974,-0.222752,-65.6712,-0.786733,-64.9681,-0.114629,-64.4796,0.402032,-65.2164,2
118,7080,134,36.7665,17.2088,47.8001,0.624927,48.18,-0.474242,47.0712,0.350946,47.3526,1.92233,48.4512,0.929167,2
118,7080,135,-35.5894,-12.1063,53.5357,53.9015,54.3736,53.4263,53.2051,52.9282,52.8102,54.2792,53.9139,54.9748,1
118,7080,149,33.5892,14.4313,-1.84114,126.631,-1.27501,127.13,-1.48419,126.017,-2.50676,126.065,-2.19083,127.182,5
118,7080,151,-17.849,14.2475,47.6785,67.128,48.1045,66.6717,47.3507,66.4809,47.2693,67.588,48.0199,67.8531,1
118,7080,152,-33.5264,-20.8686,37.3114,109.435,38.1747,109.145,37.1181,108.705,36.5732,109.653,37.55,110.206,7
118,7080,159,34.5834,-4.96514,13.4725,-13.7391,13.5728,-14.3806,12.7199,-13.6947,13.3477,-13.0273,14.1352,-13.7806,1
118,7080,161,-38.5011,-8.13513,25.2312,5.02249,25.3089,4.04712,24.5507,5.15605,25.1545,5.85563,25.9978,4.84833,1
118,7080,169,-36.3473,-10.3766,-26.226,-47.2216,-26.0844,-48.1541,-26.8796,-47.1833,-26.3511,-46.4176,-25.4995,-47.2873,1
118,7080,173,-32.9075,-18.6225,36.9787,-171.965,37.5997,-171.203,37.3712,-172.565,36.455,-172.625,36.5804,-171.301,1
118,7080,180,33.0985,-24.379,33.8223,44.8525,33.7685,44.1588,32.9464,44.9407,33.832,45.5893,34.5576,44.7496,1
118,7080,187,-29.325,20.6408,-52.0881,-21.4537,-51.9659,-22.3587,-52.7308,-21.5926,-52.1687,-20.5782,-51.3501,-21.265,1
118,7080,191,-37.4419,10.1655,-27.6771,25.1555,-27.8167,24.2358,-28.4167,25.5675,-27.5259,25.9671,-26.8056,24.6894,1
119,7140,19,-31.9931,-10.019,37.8099,110.792,37.9023,109.892,37.2335,110.803,37.7149,111.583,38.437,110.758,3
119,7140,23,-36.3925,11.0229,24.1806,94.2803,23.9002,93.6129,23.6519,94.7463,24.4473,94.8751,24.7981,93.7434,1
119,7140,24,28.0924,-22.3664,54.6615,112.028,54.4658,111.163,53.9534,112.426,54.8266,112.954,55.2678,111.639,1
119,7140,29,-27.228,-24.2987,-54.5093,-68.2298,-53.7866,-67.8516,-54.3006,-69.0856,-55.1259,-68.6039,-54.6833,-67.3207,1
119,7140,31,30.6223,-23.7117,-73.8894,-88.4091,-73.6875,-86.5076,-73.1014,-89.2883,-74.0444,-90.4854,-74.5514,-87.5124,1
119,7140,35,24.1167,-24.2498,39.0312,112.28,38.6436,111.804,38.4682,112.858,39.3978,112.799,39.5067,111.745,2
119,7140,40,37.3887,-4.17439,-11.8628,-45.8247,-11.2044,-45.6318,-11.8515,-46.6678,-12.605,-46.0561,-11.8701,-45.0922,9
119,7140,53,-35.0485,6.40944,-6.41809,-22.306,-5.69409,-22.1072,-6.40288,-23.0296,-7.07092,-22.4718,-6.43844,-21.4787,1
119,7140,54,-32.4767,4.95808,-32.4337,4.03344,-31.7241,4.06391,-32.5471,3.24531,-33.0771,4.01747,-32.3028,4.91856,1
119,7140,57,-24.8478,19.025,-16.6583,130.748,-16.636,130.121,-17.3229,130.753,-16.6499,131.356,-15.9072,130.765,1
119,7140,58,-37.268,-16.0301,9.2066,149.915,9.08371,148.923,8.54619,150.129,9.29325,150.754,9.92703,149.644,1
119,7140,71,-23.3744,22.3091,-20.7941,172.886,-20.9662,172.29,-21.4276,173.09,-20.5922,173.459,-20.0676,172.682,1
119,7140,83,-8.28911,-22.2257,43.2079,-6.42813,43.7629,-6.43715,43.3002,-7.1114,42.6952,-6.44722,43.1373,-5.76361,1
119,7140,107,16.2081,20.3398,42.9035,-117.811,42.5076,-118.359,42.5113,-117.341,43.3509,-117.221,43.3105,-118.263,9
119,7140,115,-29.4347,16.0045,-49.8331,173.179,-49.4194,172.593,-50.2929,172.566,-50.2048,173.764,-49.3164,173.879,1
119,7140,149,35.8466,-9.20097,-2.88716,126.139,-2.44889,126.667,-2.35098,125.447,-3.3592,125.537,-3.34517,126.742,9
119,7140,151,34.1281,-22.2471,42.7286,66.0808,43.2595,65.6401,42.2047,65.0368,42.1373,66.494,43.18,66.9572,1
119,7140,160,-32.0893,23.9515,3.86539,-14.9905,3.94625,-15.6354,3.08722,-15.0211,3.83049,-14.3747,4.7849,-14.9263,1
119,7140,171,-29.7363,20.6625,78.6766,-10.1358,78.1892,-12.0923,78.2547,-7.25359,79.1487,-8.25225,79.1468,-13.6726,1
119,7140,193,-31.791,-6.21679,41.6658,51.5241,41.3813,50.5382,41.0957,51.975,41.9076,52.4087,42.2827,51.0043,1
120,7200,3,-35.3711,9.53054,31.4925,62.3539,31.2398,61.4935,30.8425,62.8434,31.7332,63.1247,32.2456,61.7885,1
120,7200,15,-38.9101,-10.1013,-45.6611,-15.4837,-44.9951,-16.2868,-46.2059,-16.0254,-46.2282,-14.7929,-45.0306,-14.9101,1
120,7200,20,36.9855,16.8513,-78.0566,64.1645,-78.2171,60.6877,-78.6457,65.7463,-77.7973,68.1129,-77.503,62.9772,1
120,7200,34,-26.2192,24.1979,11.3622,108.601,10.9839,108.184,10.8807,109.05,11.7563,108.985,11.9333,108.101,1
120,7200,38,-33.138,18.4973,24.736,-63.7421,25.0444,-63.1465,25.2764,-64.2234,24.4221,-64.2767,24.0927,-63.2033,1
120,7200,41,-30.3793,19.8433,-37.4296,-7.53095,-36.8012,-7.54236,-37.5107,-8.42115,-38.0226,-7.47944,-37.349,-6.49982,1
120,7200,54,-20.9246,-20.9292,-34.1517,3.75439,-33.4487,3.57539,-34.2111,3.06806,-34.7823,3.89204,-34.0583,4.44323,1
120,7200,73,-32.9187,-22.5287,45.2246,-159.274,44.8359,-160.489,44.6511,-158.893,45.5223,-158.223,45.8129,-159.744,1
120,7200,82,-35.5692,-9.85379,64.4056,-48.0622,65.1056,-48.8209,64.0448,-49.1779,63.792,-47.4497,64.8102,-46.8165,1
120,7200,105,-35.8226,15.7008,-25.0502,-127.664,-25.3753,-128.341,-25.6149,-127.121,-24.7275,-127.065,-24.3748,-128.279,1
120,7200,107,29.2687,-17.6133,42.8635,-116.221,42.5483,-116.868,42.2447,-115.627,43.169,-115.51,43.3924,-116.769,5
120,7200,109,-38.2585,-4.35798,63.5419,61.0854,64.0275,62.6087,63.9519,59.8487,63.1098,59.8092,63.0727,62.4658,1
120,7200,134,20.7701,-2.91949,51.0326,7.05032,51.3515,6.3376,50.5244,6.55586,50.6867,7.78844,51.5063,7.52013,1
120,7200,140,-28.2072,-21.3073,-40.5937,136.991,-39.8701,137.563,-40.2599,136.316,-41.2069,136.462,-40.9059,137.727,1
120,7200,144,-32.5082,-20.2495,5.31697,-53.489,4.66,-54.1432,4.88678,-53.0063,5.86216,-52.9159,5.74599,-54.031,1
120,7200,149,23.8896,-24.3317,-4.96035,127.551,-4.51015,127.95,-4.34825,127.017,-5.3893,127.118,-5.47699,128.036,1
120,7200,159,36.4248,-16.1203,17.5258,-9.27626,17.6732,-9.93195,16.6249,-9.33901,17.3301,-8.56391,18.2913,-9.23775,1
120,7200,160,-30.5342,23.2919,6.41538,-12.6366,6.48213,-13.267,5.6705,-12.6646,6.39012,-12.0318,7.28705,-12.577,1
120,7200,169,-39.3441,6.27761,-19.8346,-40.2128,-19.6203,-41.0438,-20.597,-40.17,-20.0048,-39.4794,-18.9427,-40.2593,1
120,7200,176,33.3975,-21.5806,-77.7071,168.431,-77.4512,171.095,-76.8662,166.685,-77.9115,165.406,-78.3993,170.196,1
120,7200,187,-39.0589,-6.89767,-47.9157,-17.6954,-47.8259,-18.9101,-48.5558,-17.5209,-47.986,-16.6508,-47.1912,-17.9112,1
120,7200,194,-23.9288,-19.9993,72.2901,99.1467,72.4198,96.5934,71.7013,98.6786,72.1286,101.355,72.901,99.5546,1
120,7200,195,-36.0481,-18.2647,60.1521,-164.793,61.1567,-164.297,60.2102,-166.213,59.3103,-165.222,60.1123,-163.236,1
121,7260,12,-30.0842,16.3995,11.0663,-110.528,11.6474,-110.392,11.1281,-111.183,10.5156,-110.631,10.9776,-109.781,1
121,7260,22,-26.08,20.2043,-3.23947,90.4422,-3.50352,89.9684,-3.75594,90.7611,-2.96106,90.8858,-2.64217,90.0975,1
121,7260,34,-40.1532,0.0972926,12.6802,106.518,12.1658,105.874,12.3053,107.127,13.1272,107.073,13.1077,105.807,10
121,7260,53,-38.1191,-6.94013,-10.6863,-18.6011,-9.79378,-18.4432,-10.7558,-19.33,-11.4521,-18.7412,-10.5876,-17.7776,1
121,7260,57,-36.5753,-12.5037,-12.6204,131.811,-12.6619,130.869,-13.284,131.987,-12.5931,132.616,-11.8899,131.59,1
121,7260,62,38.6008,-8.86478,32.3672,-161.965,32.5041,-162.732,31.5133,-161.914,32.1879,-161.107,33.0971,-162.017,1
121,7260,76,35.7722,-7.43955,16.1698,-7.25767,16.7415,-6.89902,16.4246,-8.07997,15.5395,-7.67029,15.9501,-6.5426,1
121,7260,91,-3.12624,-19.545,0.204484,39.4662,0.739578,39.4369,0.263077,38.9502,-0.301824,39.4753,0.167529,39.9641,1
121,7260,110,-9.40794,19.7729,51.6289,5.73501,52.0369,5.35853,51.4192,5.02305,51.221,6.1404,51.833,6.52076,1
121,7260,128,-32.7238,-21.8581,-35.0249,-95.1542,-35.644,-96.0544,-35.5065,-94.6154,-34.5125,-94.3853,-34.5397,-95.7593,1
121,7260,163,38.2719,5.40612,38.0003,108.744,38.7128,108.503,37.5806,107.899,37.1738,109.02,38.3537,109.504,3
121,7260,175,38.3749,-4.71495,-47.6411,177.49,-47.2745,178.379,-47.0532,176.562,-48.0383,176.452,-48.1416,178.308,1
121,7260,182,35.7807,-18.0113,46.3185,165.212,46.9015,165.389,46.374,163.982,45.689,164.978,46.2768,166.256,1
121,7260,191,14.6325,-15.0934,-21.7842,33.5086,-22.0342,32.9651,-22.3729,33.7741,-21.5479,34.0632,-21.2451,33.2501,1
121,7260,192,34.7429,-18.2374,10.9564,47.0134,10.755,46.34,10.0469,47.4172,11.1358,47.7575,11.719,46.6523,1
121,7260,193,30.6156,-22.7685,43.8238,62.4052,43.6948,61.5131,42.8828,62.6355,43.9075,63.3555,44.6201,62.1704,1
121,7260,197,-38.3576,-5.63834,-12.2196,-131.949,-11.4143,-131.441,-12.0154,-132.7,-12.9093,-132.389,-12.433,-131.088,1
122,7320,2,-20.6314,-24.3257,-0.130746,54.8851,-0.615645,54.2658,-0.663351,55.1766,0.276322,55.446,0.382731,54.5616,1
122,7320,3,14.0018,-21.4353,33.883,69.2752,33.608,68.6598,33.2399,69.537,34.1262,69.9013,34.4598,69.0087,1
122,7320,4,-33.4377,12.3172,71.5197,94.3947,71.5701,92.0825,70.7659,94.6664,71.4719,96.5031,72.3887,94.0961,1
122,7320,23,-37.5412,-6.07735,33.7164,95.0768,33.3187,94.2811,33.2752,95.6123,34.0545,95.7742,34.2015,94.4552,1
122,7320,28,-8.09474,23.2197,-35.5133,-79.2529,-35.0951,-78.9503,-35.1987,-79.7446,-35.9583,-79.5439,-35.8699,-78.7325,1
122,7320,31,33.811,-23.6568,-82.9029,-126.406,-83.08,-121.77,-82.0445,-124.333,-82.6278,-130.914,-83.6233,-128.388,1
122,7320,34,-33.6635,-12.5125,15.2452,107.003,14.6799,106.482,14.9275,107.509,15.7294,107.467,15.5728,106.437,2
122,7320,63,-33.1551,-21.9812,57.5824,-118.06,57.9989,-119.501,57.0526,-118.557,57.1991,-116.884,58.1619,-117.581,1
122,7320,81,-38.1552,10.6927,60.8403,-107.139,61.1286,-108.491,60.1285,-107.342,60.5898,-105.94,61.6716,-106.87,1
122,7320,84,27.1067,-19.2858,1.15762,17.7133,1.65584,17.9073,1.42168,17.0584,0.648808,17.4857,0.941347,18.2948,1
122,7320,142,-28.2471,23.9083,-53.7088,-61.6844,-53.9938,-62.6599,-54.3754,-61.0634,-53.3898,-60.7873,-52.9151,-62.3416,1
122,7320,147,-39.8647,4.35016,56.6422,130.746,57.133,132.092,57.1192,129.553,56.1938,129.62,56.07,132.106,1
122,7320,163,34.7304,-20.0839,38.0682,109.774,38.6887,109.614,37.7997,108.649,37.3905,109.894,38.3051,110.724,1
122,7320,165,-27.6406,-23.7916,-4.43159,172.719,-3.61288,172.644,-4.44019,172.132,-5.13922,172.76,-4.38335,173.321,1
122,7320,179,-34.2711,19.781,18.2984,-0.568776,17.9125,-1.16284,17.7354,-0.00213137,18.6832,-0.0378989,18.9757,-1.22458,2
122,7320,191,-32.1083,-23.6099,-17.9236,29.1744,-18.4469,28.2636,-18.4996,29.54,-17.5009,29.9509,-17.3413,28.7476,1
123,7380,5,-32.8029,-17.5769,65.747,-149.775,66.6473,-149.276,65.8202,-151.384,64.9771,-150.217,65.684,-148.042,1
123,7380,20,-25.0616,-20.3357,-68.4775,60.771,-68.67,58.9948,-68.9796,61.1308,-68.3091,62.3279,-67.9666,60.3461,1
123,7380,22,-27.8595,-20.6815,0.452299,90.3754,-0.0196002,89.8299,0.0407649,90.7149,0.850135,90.8632,0.861329,89.999,1
123,7380,24,-37.7774,-14.3063,71.6696,110.346,71.2963,107.921,71.1683,111.486,71.9505,112.492,72.2019,108.935,1
123,7380,44,29.7211,-19.1582,-10.0016,124.61,-10.015,124.013,-10.8023,124.649,-10.0181,125.24,-9.30753,124.558,2
123,7380,48,-5.96109,-22.7996,35.2646,-83.7938,35.84,-83.9262,35.2807,-84.4632,34.7273,-83.6996,35.2704,-83.1519,1
123,7380,80,31.8496,-24.066,30.2199,-137.358,30.17,-138.021,29.3654,-137.295,30.2274,-136.657,30.9424,-137.437,1
123,7380,90,25.4893,-22.2533,19.0822,16.4524,19.6367,16.452,19.1367,15.6672,18.514,16.4182,19.0525,17.1404,1
123,7380,96,32.4438,-12.0345,3.71919,-133.456,3.78043,-134.045,2.96267,-133.428,3.63175,-132.817,4.38131,-133.49,1
123,7380,104,-27.0628,-23.2159,-53.7377,-131.095,-54.2816,-132.064,-54.1727,-130.471,-53.2759,-130.25,-53.3101,-131.769,1
123,7380,109,20.1491,-24.056,53.786,50.1293,54.2216,50.6908,54.2873,49.3013,53.3683,49.5373,53.3532,50.8732,2
123,7380,110,24.3971,-21.3572,47.7104,9.79005,48.1786,9.48598,47.4878,8.85671,47.2194,10.0575,47.9179,10.6111,1
123,7380,111,-38.285,-0.530482,29.9994,54.4191,30.7267,54.592,29.9414,53.6782,29.3636,54.2741,30.0662,55.2665,1
123,7380,114,37.393,-16.1203,-51.8952,132.668,-51.299,132.516,-52.1715,131.357,-52.5584,132.793,-51.6372,133.758,1
123,7380,120,-28.354,-24.325,43.5983,-85.5359,42.9384,-86.3718,43.1376,-84.9545,44.1409,-84.7808,44.04,-86.1889,1
123,7380,136,-34.104,16.9322,13.0633,105.626,13.7246,105.875,13.1876,104.843,12.4443,105.427,12.8965,106.537,9
123,7380,147,33.6041,-5.28955,53.1177,117.13,53.619,117.857,53.4935,115.965,52.5647,116.327,52.7788,118.144,1
123,7380,162,-29.1471,-16.346,50.1226,67.07,50.571,66.1133,49.6398,66.5744,49.7108,67.8807,50.6464,67.5719,1
123,7380,163,37.5804,5.4788,34.6907,116.64,35.4052,116.492,34.3492,115.8,33.8654,116.811,34.9765,117.395,1
123,7380,164,35.0571,-17.3259,14.3733,146.06,15.0005,146.159,14.3913,145.135,13.6953,145.918,14.3713,146.847,1
123,7380,168,-33.8577,20.2622,-34.2913,-61.3349,-33.9998,-62.0652,-35.0279,-61.604,-34.5257,-60.6339,-33.4294,-60.9976,1
123,7380,189,30.8049,-14.5575,20.3581,34.2278,20.2613,33.6529,19.673,34.4276,20.4379,34.8485,20.9558,34.0383,1
123,7380,191,28.7812,-22.3017,-16.2266,36.7384,-16.4774,36.1228,-17.0705,37.08,-16.0017,37.3941,-15.509,36.4246,1
124,7440,11,-24.8914,-23.8171,31.4839,-132.933,32.2108,-133.086,31.4461,-133.572,30.8459,-132.827,31.5533,-132.286,1
124,7440,23,31.1901,-23.1542,38.1895,103.84,37.9503,103.197,37.4462,104.26,38.402,104.539,38.8137,103.45,1
124,7440,26,26.8395,-24.3119,31.5319,-96.1983,31.9747,-95.8384,32.0124,-96.8751,31.0981,-96.5975,31.1302,-95.602,1
124,7440,28,-36.7033,15.9329,-41.8868,-73.9369,-41.3881,-73.3452,-41.5417,-74.7826,-42.354,-74.4544,-42.299,-72.9405,1
124,7440,44,16.0429,21.4266,-2.9415,128.069,-3.06031,127.498,-3.4716,128.145,-2.7881,128.694,-2.40488,128.019,2
124,7440,47,33.1737,12.2269,46.5053,-119.922,47.1244,-120.381,46.088,-120.685,45.7984,-119.394,46.8671,-119.196,1
124,7440,56,-30.6663,21.3839,-28.2381,116.258,-28.1063,115.526,-28.9959,116.168,-28.3229,116.961,-27.3568,116.39,1
124,7440,66,31.9392,-22.3123,-16.9265,-7.10565,-16.3634,-6.94244,-16.7052,-7.96317,-17.5104,-7.31798,-17.092,-6.36818,1
124,7440,89,-8.44839,23.1525,8.20445,-155.925,8.04213,-156.395,7.69746,-155.816,8.39547,-155.446,8.75938,-156.021,1
124,7440,99,-30.9552,6.43623,41.1202,-7.33788,41.7512,-7.43998,40.9328,-8.11649,40.5433,-7.2323,41.3192,-6.45911,1
124,7440,107,-37.0672,-1.3665,59.9496,-126.41,59.4546,-127.606,59.5522,-125.33,60.3762,-125.336,60.3841,-127.676,1
124,7440,110,39.4755,-7.13831,44.2238,15.3037,44.8585,15.1454,43.8561,14.2886,43.4986,15.4579,44.5346,16.1799,1
124,7440,123,37.2321,-15.8699,23.2212,85.4848,23.6926,86.0517,23.8184,84.613,22.7228,84.8351,22.7261,86.223,2
124,7440,131,25.5947,-20.5486,-12.7165,-75.723,-12.7738,-76.3211,-13.4912,-75.682,-12.6881,-75.1032,-12.0375,-75.7793,1
124,7440,132,27.3794,-18.1377,16.1796,-53.6614,16.1608,-54.2768,15.4028,-53.6305,16.168,-53.0163,16.8611,-53.7069,1
124,7440,136,-29.6733,-1.48881,11.3704,105.878,12.0417,106.039,11.4098,105.25,10.7616,105.734,11.3308,106.567,8
124,7440,137,22.2136,-23.6724,-18.7427,122.007,-18.1649,122.086,-18.5408,121.229,-19.3195,121.89,-18.8948,122.698,1
124,7440,143,36.038,0.196352,-13.7871,-48.5003,-14.1895,-49.1086,-14.3136,-47.8678,-13.3329,-47.8095,-13.3177,-49.0522,2
124,7440,159,36.8696,-9.15252,27.4779,3.13228,27.6916,2.43432,26.6443,3.03598,27.2166,3.90243,28.1973,3.2091,1
124,7440,161,29.5581,-18.692,33.4753,27.817,33.6538,27.1489,32.7165,27.5528,33.254,28.5073,34.1398,28.0303,1
125,7500,3,29.7588,11.4887,46.7505,78.0733,46.5323,77.1062,46.1424,78.5168,46.9984,79.1701,47.3225,77.6777,1
125,7500,6,35.9579,-11.0552,22.1,-134.557,22.6659,-134.101,22.4826,-135.467,21.4845,-135.081,21.7754,-133.775,2
125,7500,13,-40.4239,2.87535,-24.6585,-76.0145,-23.8486,-75.8961,-24.8031,-76.804,-25.3608,-76.1079,-24.4823,-75.0958,1
125,7500,16,-36.2911,-18.8544,-24.454,45.7987,-24.4439,44.8038,-25.0699,45.8837,-24.4746,46.6375,-23.7858,45.6675,1
125,7500,36,18.0509,-22.4471,81.8515,-61.1329,82.1532,-58.1472,82.3975,-63.4307,81.5517,-64.008,81.3613,-59.2013,1
125,7500,44,-14.9828,-22.2195,-1.53622,125.392,-1.69276,124.77,-2.07561,125.434,-1.41486,125.96,-1.00639,125.323,1
125,7500,47,39.6218,3.80682,44.7256,-116.653,45.4455,-116.987,44.2254,-117.587,43.8851,-116.275,45.1456,-115.818,1
125,7500,56,-37.192,9.85032,-25.8832,117.371,-25.6982,116.526,-26.6613,117.405,-26.0245,118.131,-24.9756,117.34,1
125,7500,74,-38.4191,-8.56529,68.4127,-46.7449,69.3218,-46.8661,68.1857,-48.5521,67.6355,-46.6633,68.6654,-44.6743,1
125,7500,78,-24.6141,19.0728,-60.1959,51.283,-59.6086,51.2496,-60.2335,49.9792,-60.763,51.3726,-60.1585,52.7538,1
125,7500,83,-35.9799,-12.1891,25.0779,10.5193,25.8425,10.7857,25.1436,9.85278,24.4219,10.2823,25.0242,11.2582,1
125,7500,84,36.603,-18.4421,-9.34124,21.1636,-8.79907,21.4533,-9.03957,20.3145,-9.91813,20.814,-9.57857,21.8864,1
125,7500,96,-29.5334,16.1801,15.345,-130.975,15.419,-131.595,14.6933,-130.976,15.2975,-130.389,16.0876,-130.956,1
125,7500,124,-23.5819,-24.2845,-14.8249,96.2892,-14.126,96.7084,-14.4558,95.7988,-15.4214,95.8993,-15.1659,96.8103,1
125,7500,134,-1.00038,23.3857,52.2564,40.5262,52.7173,40.036,52.025,39.7086,51.7802,41.0707,52.4725,41.4237,2
125,7500,143,31.2546,-23.1049,-12.7039,-49.3305,-13.0776,-49.8637,-13.4727,-48.7735,-12.3463,-48.7455,-12.064,-49.8202,1
125,7500,151,34.9473,-18.7896,36.1368,93.307,36.7525,93.1712,35.8792,92.2417,35.4629,93.4084,36.3647,94.2101,1
125,7500,152,-24.3216,22.382,16.3113,133.465,16.8768,133.515,16.3662,132.793,15.7556,133.449,16.2223,134.226,1
125,7500,156,-35.6648,-10.1357,-35.6322,-85.6487,-35.3372,-86.5852,-36.2607,-85.7734,-35.889,-84.8357,-34.9318,-85.5369,1
125,7500,160,-29.8372,20.6079,19.8421,-0.806472,19.9263,-1.46053,19.1348,-0.843184,19.7926,-0.181527,20.6594,-0.739343,1
125,7500,170,22.5195,-24.3606,60.8144,6.97206,60.4379,6.09985,60.1769,7.78989,61.1596,7.91698,61.3559,6.18695,1
125,7500,180,-37.4816,-6.14386,60.0383,63.1017,60.1438,61.5627,59.4135,63.235,59.9295,64.4262,60.7406,62.9179,2
125,7500,181,-35.8648,14.52,62.9258,149.103,63.5819,149.144,62.7804,147.612,62.3293,149.118,63.0614,150.865,1
125,7500,183,-36.2966,-18.3999,5.86046,-158.633,6.6888,-158.367,5.96389,-159.229,5.16511,-158.874,5.78018,-157.977,1
125,7500,186,-37.4153,0.0313678,-57.6385,-40.6395,-57.2996,-41.8507,-58.2709,-40.8769,-57.9227,-39.5543,-56.9167,-40.3871,1
126,7560,14,27.2555,23.1667,-50.8937,-32.8014,-50.3629,-33.4343,-51.2491,-33.5144,-51.4861,-32.0222,-50.572,-32.0876,1
126,7560,45,22.8759,-22.4903,26.5451,154.339,26.5517,153.713,25.8201,154.24,26.5034,154.972,27.1868,154.404,1
126,7560,50,-35.766,-17.0931,52.2539,-96.0171,53.1204,-96.686,51.8817,-96.9283,51.5103,-95.4945,52.6835,-95.0338,1
126,7560,57,-33.8088,18.5275,4.448,145.032,4.5035,144.33,3.66444,145.104,4.42987,145.684,5.36904,144.968,1
126,7560,75,-20.946,22.4357,31.3598,-8.89379,31.8766,-8.61392,31.6462,-9.56391,30.834,-9.13489,31.0114,-8.15712,1
126,7560,83,-39.8501,1.01735,20.7904,13.4575,21.5012,13.8432,20.8907,12.718,20.1709,13.1324,20.6747,14.3136,1
126,7560,84,-27.4565,10.9777,-12.5271,29.5649,-12.0062,29.7871,-12.3736,28.9958,-13.0215,29.3693,-12.7064,30.1971,1
126,7560,99,26.5527,-21.8624,34.0707,-6.26493,34.62,-6.38719,33.974,-7.16949,33.4985,-6.17951,34.1698,-5.47727,1
126,7560,102,35.7953,-9.92064,-66.5723,53.0975,-66.2115,54.4045,-65.9992,51.6572,-66.9432,51.5751,-67.0519,54.4119,1
126,7560,103,19.2793,-21.7056,-78.4134,-128.238,-78.7558,-130.314,-78.9606,-126.328,-78.0766,-126.186,-77.9245,-129.883,1
126,7560,110,-24.1247,-14.8199,45.9819,27.5587,46.5712,27.3368,45.8502,26.8688,45.4482,27.7374,46.1326,28.2736,1
126,7560,118,-31.5054,-17.0511,37.1288,-75.9494,37.1101,-76.8679,36.5866,-75.8852,37.1247,-75.1505,37.7056,-76.0519,1
126,7560,129,26.944,-21.5884,18.7449,-83.0545,18.4,-83.582,18.0408,-82.5958,19.0699,-82.4852,19.3447,-83.4759,1
126,7560,143,26.8679,-16.3103,-7.99584,-49.8455,-8.35015,-50.3277,-8.5955,-49.3703,-7.64439,-49.3246,-7.4746,-50.2771,1
126,7560,149,37.6775,-14.8066,-28.2954,125.612,-27.8746,126.256,-27.6306,124.776,-28.7331,124.866,-28.8419,126.335,1
126,7560,157,4.82724,20.5433,-12.6305,-45.6595,-12.6657,-46.191,-13.1378,-45.6764,-12.5709,-45.0946,-12.1049,-45.6194,4
126,7560,174,30.2218,-23.4781,-28.5494,178.762,-28.1683,179.297,-27.8459,178.165,-28.9121,178.171,-29.1336,179.299,1
126,7560,189,39.9736,-3.14225,30.5334,41.566,30.5026,40.7819,29.7682,41.8923,30.5524,42.4687,31.1908,41.2827,1
126,7560,192,-31.1269,-17.0752,31.1589,45.1357,30.7325,44.2351,30.6115,45.5464,31.508,45.9315,31.7246,44.6597,2
127,7620,1,28.7864,-17.4498,-17.5278,54.1327,-17.7888,53.5341,-18.2708,54.527,-17.2783,54.7761,-16.8856,53.7745,1
127,7620,14,-37.9996,-5.71858,-44.9218,-29.9276,-44.2118,-30.474,-45.3792,-30.5967,-45.5345,-29.4473,-44.3897,-29.1965,1
127,7620,17,-31.2552,24.2197,10.643,79.0325,10.6924,78.4136,9.91129,79.022,10.6346,79.6249,11.5041,79.0723,1
127,7620,34,25.4647,1.77658,35.9136,110.544,35.5441,110.073,35.5549,111.084,36.3123,111.061,36.2475,110.042,3
127,7620,48,39.01,-6.51253,20.465,-75.1234,21.1545,-74.9617,20.3994,-76.0684,19.6833,-75.3234,20.52,-74.3137,1
127,7620,56,29.1346,-1.50424,-26.2815,127.209,-26.261,126.523,-26.9617,127.307,-26.3054,127.959,-25.6636,127.122,1
127,7620,58,-27.7807,-21.7147,30.8839,169.466,30.7799,168.503,30.2808,169.524,30.9468,170.306,31.5065,169.363,1
127,7620,64,-38.6709,-7.07887,34.7344,-38.7589,35.5634,-38.5869,34.6604,-39.5646,34.0233,-38.9083,34.8283,-37.8456,1
127,7620,89,-28.4049,20.2906,19.1016,-152.862,19.0108,-153.456,18.4758,-152.707,19.2152,-152.299,19.824,-153.019,1
127,7620,109,-30.8996,-8.85701,37.5535,57.4915,38.0486,58.1353,37.9056,56.904,37.1156,56.9206,37.1797,58.1346,1
127,7620,118,-39.1007,-12.1025,40.6628,-73.0931,40.7409,-74.2146,40.0397,-72.9705,40.579,-72.1461,41.3603,-73.2656,1
127,7620,123,-36.1458,-18.3068,13.2484,94.455,14.0386,95.087,13.5882,93.8414,12.5933,93.9119,12.9095,95.145,1
127,7620,135,31.0301,-20.9971,28.2813,81.78,28.9007,81.8618,28.3635,80.7777,27.6316,81.6515,28.2257,82.6398,1
127,7620,141,-30.5805,-23.461,-75.0759,-81.8338,-75.3967,-85.2622,-75.6709,-80.9448,-74.7863,-78.9996,-74.4654,-82.8481,1
127,7620,145,18.8323,-19.8414,66.8601,-37.4791,66.5732,-38.7149,66.2275,-36.7831,67.1153,-36.1721,67.4188,-38.1834,2
127,7620,146,-31.4936,22.9009,71.6994,125.353,72.1186,127.064,72.2642,123.518,71.2574,123.889,70.9948,127.315,1
127,7620,150,-20.2886,-18.7396,48.2605,57.3032,48.684,56.5604,47.8855,56.7415,47.8624,57.9446,48.6559,57.8567,1
127,7620,151,-30.5016,14.256,35.9841,108.681,36.6061,108.668,35.8725,107.88,35.4046,108.72,36.0904,109.599,4
127,7620,157,16.9306,-22.6856,-13.5483,-45.2747,-13.5688,-45.8262,-14.1956,-45.3578,-13.5552,-44.7269,-12.9642,-45.222,3
127,7620,160,-33.2302,-5.42393,23.5063,2.01259,23.561,1.20602,22.8875,2.09362,23.4515,2.72592,24.1888,1.90964,1
127,7620,172,34.6289,-18.9077,39.1121,177.059,39.5137,177.698,39.7535,176.213,38.702,176.346,38.5758,177.781,1
127,7620,179,29.172,-17.9267,32.9786,5.30412,32.6206,4.75187,32.3728,5.89208,33.3305,5.91296,33.4946,4.76859,1
127,7620,180,28.7614,-24.233,58.2749,78.8517,58.4655,77.8698,57.5611,78.2414,58.0354,79.8282,58.8947,79.3572,1
127,7620,188,19.579,-17.2591,2.17477,22.6378,2.01683,22.1699,1.60381,22.7931,2.31612,23.1205,2.68892,22.4826,1
127,7620,190,-33.5587,23.0314,-28.66,23.1184,-28.7977,22.2998,-29.4894,23.4329,-28.4808,23.8716,-27.6608,22.7808,1
127,7620,194,-35.129,-8.53371,67.1879,-177.819,68.0598,-177.444,67.1403,-179.624,66.4308,-178.139,67.2366,-175.808,1
128,7680,3,-31.6079,-9.73151,57.4776,73.7962,57.1912,72.3932,56.9048,74.3709,57.7093,75.056,58.089,73.1181,1
128,7680,17,-37.0052,7.24934,12.6225,79.5681,12.702,78.8373,11.9405,79.6805,12.5638,80.2201,13.4106,79.4427,1
128,7680,18,-17.3591,7.27641,36.4636,109.475,36.5464,108.852,35.9618,109.403,36.3887,110.078,36.9985,109.562,2
128,7680,34,30.3157,-22.6943,37.2523,110.934,36.8789,110.405,36.635,111.581,37.6124,111.522,37.7651,110.35,1
128,7680,39,-28.2427,-24.1467,-37.1334,-69.3514,-36.5215,-68.734,-36.7514,-69.8547,-37.6431,-69.9121,-37.4973,-68.7952,1
128,7680,46,-37.5569,-13.6445,54.9045,-158.458,55.4065,-159.809,54.2801,-158.878,54.4575,-157.349,55.6091,-158.022,1
128,7680,49,32.2439,20.8443,-11.9828,-47.1039,-11.2348,-47.055,-12.0204,-47.7682,-12.8601,-47.1376,-11.9816,-46.4788,6
128,7680,56,27.6609,-24.3579,-25.2867,127.73,-25.2919,127.052,-26.1559,127.658,-25.3205,128.428,-24.5387,127.764,1
128,7680,63,29.8138,-16.7359,49.269,-80.8176,49.8003,-81.0895,48.9938,-81.8664,48.6963,-80.5727,49.5158,-79.8983,1
128,7680,69,40.3566,2.29384,-31.1953,144.887,-31.1648,144.035,-31.9804,145.169,-31.2269,145.881,-30.5131,144.657,1
128,7680,75,24.3132,-19.703,26.6559,-12.3466,27.1809,-12.1008,26.9697,-13.0911,26.1268,-12.6272,26.3922,-11.6823,1
128,7680,79,31.5443,-18.7166,-60.5129,147.862,-60.5004,146.614,-61.3635,147.944,-60.5469,149.193,-59.7808,147.759,1
128,7680,81,26.1131,-18.4346,59.9964,-65.8133,60.4149,-66.4604,59.5851,-66.8975,59.5428,-65.1982,60.3655,-64.8514,1
128,7680,90,35.5924,-16.1162,4.58534,28.3865,5.19836,28.5073,4.62156,27.5146,3.92007,28.2244,4.56802,29.1306,2
128,7680,103,-40.3535,-2.29891,-67.9884,-142.617,-68.2514,-144.85,-68.5639,-141.41,-67.7368,-140.747,-67.3186,-143.961,1
128,7680,106,30.0299,24.2693,41.4869,-118.28,40.9718,-118.975,41.0676,-117.683,42.1052,-117.476,41.9155,-118.823,4
128,7680,120,-35.01,13.0073,66.5262,-84.1905,66.1776,-85.8185,65.9338,-82.9665,66.8495,-82.7009,67.2109,-85.6612,1
128,7680,131,-21.3998,20.899,5.54868,-68.934,5.4949,-69.5116,4.90952,-68.883,5.63036,-68.368,6.26797,-68.9684,2
128,7680,134,39.4943,-1.8172,45.0191,49.9545,45.7617,49.7436,44.5745,48.8546,44.1601,50.1771,45.39,50.9176,1
128,7680,140,19.2085,-9.50217,-72.3336,134.941,-71.9027,136.047,-71.9481,133.355,-72.7654,133.706,-72.6717,136.486,1
128,7680,145,-39.8084,-1.00281,73.3293,-53.8529,72.7748,-56.358,72.8663,-51.6964,73.7848,-51.5791,73.828,-56.5144,1
128,7680,148,8.34825,20.1122,-3.39012,127.022,-2.9378,127.361,-3.02772,126.617,-3.88971,126.674,-3.77949,127.422,7
128,7680,151,-36.7332,-17.2071,36.4415,109.399,37.3528,109.19,36.2228,108.645,35.6691,109.554,36.7093,110.22,3
128,7680,168,-32.2574,-16.8366,-25.9938,-48.4361,-25.9346,-49.3488,-26.5989,-48.4213,-26.056,-47.6475,-25.3447,-48.4845,1
128,7680,179,37.8941,-14.6558,36.8555,6.70096,36.5094,5.97272,36.1511,7.495,37.2083,7.53994,37.4371,6.00732,1
128,7680,191,-33.4414,-19.768,3.75447,34.8941,3.25048,34.0526,3.2011,35.2861,4.16413,35.6193,4.32468,34.4388,1
128,7680,192,-17.8846,16.4496,41.0244,51.2917,40.8239,50.5681,40.4447,51.5697,41.2383,51.9988,41.6652,51.004,1
129,7740,18,-19.6385,4.88412,38.7944,112.676,38.9005,112.018,38.2882,112.587,38.6957,113.303,39.3353,112.777,1
129,7740,32,-24.7329,24.1566,-26.4298,108.229,-26.7976,107.775,-26.908,108.698,-26.0425,108.646,-25.8635,107.717,1
129,7740,34,28.6369,-20.1135,41.3684,110.301,41.0029,109.76,40.8111,110.95,41.7252,110.899,41.8387,109.708,1
129,7740,49,35.2809,-1.13617,-13.277,-46.7972,-12.6341,-46.6337,-13.2757,-47.5759,-13.9993,-46.9886,-13.2789,-46.1087,7
129,7740,57,-26.5078,-22.7766,9.07851,149.151,8.88741,148.339,8.48513,149.248,9.22071,149.863,9.6822,149.014,1
129,7740,75,39.8116,-0.848392,20.6583,-12.0421,21.3114,-11.6352,20.8344,-12.9706,19.9056,-12.5166,20.4978,-11.2453,1
129,7740,82,-21.4737,23.8781,38.9733,-2.81134,39.4868,-2.65538,39.1378,-3.55502,38.4559,-2.9254,38.7582,-1.98305,1
129,7740,103,-0.566197,22.9164,-62.8476,-129.951,-63.1978,-130.791,-63.2708,-129.288,-62.4541,-129.121,-62.3813,-130.592,1
129,7740,106,36.0475,11.4443,43.8134,-117.146,43.3953,-117.955,43.3511,-116.409,44.3004,-116.202,44.2415,-117.803,7
129,7740,108,-35.6011,-17.1266,66.9422,58.2343,67.5614,59.8855,67.3159,56.9321,66.4139,56.8681,66.548,59.6627,1
129,7740,109,-16.4864,-18.7827,30.7983,55.4077,31.2829,55.8425,31.1542,54.967,30.3658,54.9996,30.4563,55.8642,1
129,7740,110,-27.6205,-20.475,39.7147,38.8648,40.4091,38.7158,39.6405,38.1913,39.1048,38.9699,39.8164,39.5616,1
129,7740,122,26.9956,-24.1838,41.213,82.3953,41.704,82.8931,41.793,81.5341,40.7327,81.8488,40.7266,83.1468,1
129,7740,135,25.4445,-23.9886,23.4036,87.3266,23.9981,87.3855,23.5612,86.4501,22.8017,87.2252,23.2864,88.0905,1
129,7740,136,-27.6428,-18.7259,-2.42428,114.451,-1.63818,114.512,-2.37994,113.858,-3.11131,114.379,-2.43991,115.073,1
129,7740,140,-32.3753,14.7776,-76.4649,161.469,-75.816,162.467,-76.3098,158.406,-77.0699,160.568,-76.6121,165.065,1
129,7740,148,19.7619,-16.043,-3.67475,125.669,-3.26046,126.045,-3.20555,125.193,-4.08327,125.268,-4.08964,126.112,8
129,7740,162,-38.1214,-4.8894,48.0563,102.061,48.8613,101.664,47.6674,101.206,47.3595,102.392,48.5016,103.036,3
129,7740,171,38.3073,-0.54825,65.2605,171.133,65.7705,172.35,65.6296,169.346,64.6689,169.782,64.9186,172.642,1
129,7740,190,-35.92,2.87356,-23.9642,24.3783,-24.1688,23.5069,-24.6154,24.7875,-23.7699,25.1453,-23.2203,23.9149,1
130,7800,18,33.3137,18.0043,37.5966,121.406,37.7538,120.539,36.9638,121.354,37.4241,122.417,38.1813,121.492,1
130,7800,27,38.33,-11.2029,-27.6971,-88.1662,-27.2684,-87.6459,-27.2332,-88.952,-28.1593,-88.7722,-28.082,-87.4856,1
130,7800,29,21.3677,-15.5175,-77.9586,51.703,-77.9718,49.3299,-78.5533,51.7732,-77.9429,54.143,-77.4199,51.5851,1
130,7800,33,-11.7597,20.8,12.8422,107.405,12.475,107.07,12.4652,107.774,13.2303,107.729,13.2654,107.018,3
130,7800,47,28.2685,-24.2066,38.8955,-98.0476,39.4811,-98.154,38.8358,-99.1279,38.2864,-97.9911,38.9623,-97.1209,1
130,7800,49,29.4555,-20.6284,-14.1606,-45.3777,-13.5833,-45.2571,-13.9969,-46.2009,-14.7591,-45.5397,-14.2807,-44.6609,1
130,7800,50,-21.711,-24.3218,43.8672,-79.1053,44.5949,-79.4563,43.7605,-79.9056,43.2194,-78.8358,44.0043,-78.3093,1
130,7800,60,27.9663,-20.2861,3.15652,168.383,3.10271,167.832,2.4127,168.443,3.18176,168.96,3.80382,168.311,1
130,7800,62,-35.0442,14.7201,57.4312,-123.38,57.8828,-124.293,56.8218,-124.043,57.0312,-122.535,58.1279,-122.555,1
130,7800,63,-25.4756,-23.4303,50.7992,-68.1519,51.4917,-68.588,50.6462,-68.9839,50.1866,-67.8137,50.9822,-67.3114,1
130,7800,73,-27.4188,24.2009,71.7861,-87.6185,72.2722,-88.8447,71.3288,-89.4078,71.3309,-86.3889,72.2725,-85.3782,1
130,7800,102,36.9382,-10.9979,-81.4721,47.2924,-81.1533,51.0422,-80.8034,43.8468,-81.761,42.7315,-82.012,50.7407,1
130,7800,106,25.5103,-24.1242,44.0327,-119.123,43.6873,-119.743,43.37,-118.57,44.3516,-118.454,44.5939,-119.641,1
130,7800,126,32.4335,-22.9238,-74.0349,-97.3454,-74.3391,-99.462,-74.8736,-95.5143,-73.731,-95.1099,-73.3269,-98.8228,1
130,7800,131,-11.3078,-18.3033,7.88857,-66.4581,7.74322,-67.0503,7.35082,-66.3952,8.00519,-65.9052,8.41708,-66.5419,1
130,7800,148,27.9239,22.4622,-11.5596,125.026,-10.9654,125.475,-11.2016,124.488,-12.2619,124.525,-11.9342,125.523,1
130,7800,157,34.7759,-16.0161,-6.4704,-36.3211,-6.38823,-36.9418,-7.32874,-36.3148,-6.58885,-35.6481,-5.73551,-36.3411,1
130,7800,158,20.852,18.1242,22.3894,-8.83055,22.4008,-9.46392,21.8476,-8.83685,22.3922,-8.12724,22.9195,-8.79926,2
130,7800,160,31.5374,-23.6842,24.9802,13.5142,25.0952,12.8528,24.0963,13.3085,24.8139,14.1975,25.734,13.6658,1
130,7800,186,-36.2117,10.1987,-45.4314,-15.9546,-45.3309,-16.8999,-46.1003,-15.8514,-45.4982,-15.0982,-44.657,-16.0586,1
130,7800,188,-29.4389,-0.811964,15.6129,23.5956,15.4548,22.9865,15.1116,23.829,15.7567,24.1505,16.1603,23.3355,1
130,7800,193,-29.7107,-23.5932,73.2646,97.5378,73.4074,94.2681,72.6272,97.0596,73.0788,100.255,73.9368,97.914,1
131,7860,6,-33.541,-13.3677,2.90501,-122.229,3.6732,-121.783,3.15116,-122.854,2.24639,-122.625,2.66128,-121.536,1
131,7860,16,-32.9939,-22.4961,-8.75878,61.0046,-8.89235,60.1295,-9.34115,61.1111,-8.66484,61.7485,-8.14798,60.8519,1
131,7860,23,31.8002,-22.0926,63.252,117.354,63.1408,116.132,62.4561,117.703,63.3221,118.667,63.9268,116.996,1
131,7860,33,-35.6184,-16.0108,12.9878,104.63,12.3503,104.075,12.67,105.156,13.5222,105.118,13.3097,104.038,3
131,7860,38,-38.2435,-14.3924,-13.4585,-67.9837,-12.8616,-67.3093,-13.0876,-68.5161,-13.9529,-68.5648,-13.8474,-67.3707,1
131,7860,43,27.4677,-20.4542,-14.4911,118.623,-14.5147,118.029,-15.2675,118.638,-14.4972,119.243,-13.8142,118.591,1
131,7860,57,-35.6739,-19.079,15.8338,152.614,15.6811,151.603,15.1868,152.803,15.9404,153.469,16.5272,152.365,1
131,7860,69,31.0993,-22.0767,-23.5069,149.14,-23.5277,148.511,-24.3346,149.176,-23.5194,149.804,-22.7995,149.088,1
131,7860,83,-27.9711,-5.60572,3.86073,19.5836,4.44304,19.7928,3.97663,19.0583,3.3341,19.3908,3.74399,20.152,1
131,7860,97,-32.1928,24.1078,48.861,-71.4017,49.2796,-72.1276,48.2483,-72.0864,48.4913,-70.6832,49.5638,-70.536,1
131,7860,121,-30.9568,-18.4705,69.7003,83.932,70.4206,85.343,70.0089,82.3365,69.0792,82.7457,69.3855,85.6274,2
131,7860,134,-33.2981,-17.7402,46.9378,66.6775,47.8161,66.4335,46.7562,65.7797,46.182,66.856,47.1584,67.6387,1
131,7860,148,-35.0917,17.5197,-14.3543,131.784,-13.9013,132.377,-13.8301,131.148,-14.794,131.261,-14.9848,132.524,1
131,7860,162,31.0935,17.5512,37.6053,110.141,38.2628,109.837,37.3081,109.434,36.8528,110.507,37.8547,110.825,1
131,7860,173,-38.8199,-11.6604,-12.5734,-174.924,-11.9261,-174.224,-12.201,-175.527,-13.1132,-175.526,-12.969,-174.227,1
131,7860,178,23.3906,10.9645,15.0302,3.09521,14.6225,2.66318,14.6563,3.54183,15.4848,3.56438,15.3968,2.67792,8
132,7920,2,25.1436,-16.2446,35.1376,68.8742,34.9227,68.189,34.4304,69.2054,35.3332,69.6032,35.7603,68.5562,1
132,7920,4,-6.85644,20.3653,62.7843,-155.647,63.334,-155.432,62.9327,-156.871,62.2127,-155.809,62.5915,-154.363,1
132,7920,10,-6.21165,-22.3722,33.6677,-141.021,34.2099,-141.167,33.6605,-141.644,33.1599,-140.912,33.6946,-140.423,1
132,7920,22,-25.5262,-3.26483,35.8289,94.7328,35.5209,94.1388,35.4265,95.1274,36.1082,95.2841,36.256,94.2995,4
132,7920,66,33.6225,-16.3937,-40.9118,13.5146,-40.3251,13.6231,-40.8867,12.4433,-41.5426,13.3572,-40.911,14.4379,1
132,7920,75,-37.5989,13.841,11.7514,0.373307,12.3545,0.852477,12.0573,-0.383233,11.1938,-0.0324158,11.3747,1.25841,1
132,7920,76,-28.376,16.7325,-22.2266,12.7765,-21.6825,13.0974,-21.9648,12.106,-22.7531,12.4949,-22.5374,13.5347,1
132,7920,83,-37.2053,2.84623,0.289825,22.4574,0.938899,22.782,0.412639,21.8082,-0.286783,22.1777,0.150035,23.2005,1
132,7920,90,31.0925,-20.8041,-5.75705,37.8239,-5.17794,37.9079,-5.65497,37.0001,-6.36362,37.6999,-5.82447,38.5341,1
132,7920,132,-32.983,-20.7044,42.0565,-37.544,42.0243,-38.7945,41.4179,-37.4752,42.0527,-36.4804,42.735,-37.6736,1
132,7920,142,-1.50389,-18.8657,-21.3211,-55.2764,-21.7247,-55.709,-21.775,-54.921,-20.9505,-54.8528,-20.8974,-55.6321,1
132,7920,146,-15.2739,22.5072,53.2893,123.22,53.7174,123.836,53.7226,122.486,52.834,122.647,52.7871,123.985,1
132,7920,162,33.8261,-6.14331,36.7399,111.099,37.3595,110.963,36.4599,110.221,36.0517,111.23,36.9848,111.875,1
132,7920,167,-34.378,-3.23492,-36.5341,-68.6034,-36.2407,-69.4604,-37.1664,-68.7435,-36.7885,-67.8399,-35.8265,-68.4603,1
132,7920,176,37.9461,-10.9347,-55.327,7.2889,-55.7586,6.35176,-55.8619,8.5853,-54.8526,8.34392,-54.8671,6.20236,1
132,7920,178,30.8845,-16.2906,15.9865,3.76019,15.6237,3.26599,15.391,4.30956,16.3508,4.30759,16.494,3.26733,5
132,7920,190,-33.2883,23.0424,-11.2644,28.9235,-11.4508,28.207,-12.0701,29.254,-11.0433,29.5817,-10.2936,28.5596,2
133,7980,2,33.0559,-19.5857,37.6764,71.2489,37.5011,70.4342,36.7691,71.6394,37.8194,72.1391,38.4409,70.885,1
133,7980,4,18.246,-22.4215,61.8799,-160.96,62.4688,-160.831,62.0527,-162.474,61.2962,-161.149,61.7337,-159.608,1
133,7980,17,-26.1244,24.2107,26.943,94.1241,26.996,93.4929,26.2846,94.0499,26.9239,94.7436,27.6991,94.2398,1
133,7980,22,3.61496,-23.5376,37.3921,98.0328,37.0696,97.5326,36.9094,98.3203,37.6785,98.5297,37.8316,97.7371,3
133,7980,37,-32.6256,21.8051,11.0682,-68.0495,11.3867,-67.5131,11.633,-68.4997,10.7381,-68.5335,10.3897,-67.542,1
133,7980,43,24.5609,24.3089,-4.74158,125.509,-4.89399,124.846,-5.31195,125.627,-4.53962,126.264,-4.17364,125.43,1
133,7980,44,32.1895,-16.6531,19.1952,146.582,19.2433,145.942,18.3735,146.591,19.1119,147.267,19.9059,146.558,1
133,7980,47,22.468,-23.7339,32.3813,-87.0994,32.9435,-87.1432,32.4294,-87.9743,31.8128,-87.096,32.3567,-86.3294,1
133,7980,76,-32.8146,16.3231,-25.4556,14.8039,-24.8729,15.1796,-25.1963,14.0448,-26.008,14.4798,-25.7678,15.6806,1
133,7980,82,31.8998,-15.7652,26.8604,-0.977084,27.3933,-0.769057,27.0352,-1.79637,26.2958,-1.22496,26.7176,-0.262594,1
133,7980,87,-36.574,18.6194,-23.523,-179.402,-23.5156,179.866,-24.2596,-179.233,-23.4944,-178.734,-22.6453,-179.578,1
133,7980,103,-35.6688,-20.0914,-51.6857,-134.874,-52.2748,-136.052,-52.1252,-134.139,-51.1955,-133.887,-51.2317,-135.701,1
133,7980,108,-17.8511,-22.4011,52.0551,53.4849,52.5872,54.1111,52.4258,52.8561,51.5871,52.9086,51.703,54.1324,1
133,7980,115,-39.3071,11.2729,-22.4942,-131.672,-22.3458,-132.43,-23.2127,-131.598,-22.6027,-130.995,-21.6462,-131.748,1
133,7980,121,-38.5393,10.9446,58.9927,88.7421,59.4706,90.0487,59.4815,87.4399,58.5399,87.6427,58.3919,90.2189,1
133,7980,135,-40.0236,-2.9477,14.1953,103.393,15.078,103.674,14.1756,102.606,13.4388,103.157,14.2275,104.302,2
133,7980,137,28.0976,-23.2131,-43.926,146.458,-43.318,146.428,-43.8999,145.269,-44.5557,146.433,-43.9153,147.482,1
133,7980,148,-12.2352,17.3932,-21.6582,129.208,-21.2454,129.588,-21.2698,128.762,-22.0861,128.841,-22.0894,129.679,1
133,7980,158,-36.7903,-1.30703,32.7463,-5.40698,32.9242,-6.30791,32.0739,-5.38249,32.5876,-4.61891,33.5087,-5.44351,1
133,7980,162,-19.1163,-23.9216,40.1938,116.34,40.8395,115.992,40.0712,115.634,39.6108,116.617,40.3426,117.036,1
133,7980,171,-29.5182,16.6477,48.6657,-175.591,49.0092,-174.801,49.1784,-176.267,48.3163,-176.304,48.064,-174.857,1
133,7980,187,33.5145,-12.6679,-10.1223,16.937,-10.2377,16.3677,-10.8192,17.1986,-10.0159,17.5613,-9.51857,16.7002,1
134,8040,0,-21.3089,20.7026,-21.59,45.4841,-21.835,44.8916,-22.2029,45.771,-21.319,46.0517,-20.892,45.1881,1
134,8040,6,32.2357,-24.2884,-8.42014,-127.311,-7.87713,-126.912,-7.80621,-128.135,-8.96073,-127.773,-8.91369,-126.601,1
134,8040,11,-32.0342,18.2434,0.937144,-104.793,1.53506,-104.639,1.01314,-105.476,0.371796,-104.91,0.830031,-104.005,1
134,8040,15,-34.9192,17.4791,-23.2134,45.3271,-23.0537,44.6331,-23.9384,45.2883,-23.329,45.9731,-22.3647,45.3919,1
134,8040,19,26.7657,-24.3469,45.0148,-176.482,45.5115,-176.837,44.7318,-177.501,44.4893,-176.172,45.2733,-175.605,1
134,8040,23,30.7472,-18.5022,72.8904,135.443,72.952,133.587,72.1465,135.243,72.7785,137.381,73.5372,135.574,1
134,8040,30,-36.0722,-12.2769,-82.9847,102.098,-83.4518,96.5169,-83.3674,106.099,-82.5435,106.363,-82.5425,98.0453,1
134,8040,32,-28.5096,19.1348,-7.95955,105.823,-8.32497,105.38,-8.41286,106.275,-7.59054,106.227,-7.42698,105.321,1
134,8040,38,33.7469,-19.6249,-23.9869,-76.6978,-23.6714,-76.1587,-23.3166,-77.2456,-24.2946,-77.2998,-24.5461,-76.2107,1
134,8040,43,32.3317,-3.06106,-4.54129,126.536,-4.54864,125.915,-5.23974,126.683,-4.54032,127.224,-3.91725,126.405,6
134,8040,77,-21.5,-20.9298,-56.2876,39.8208,-55.5802,39.7046,-56.2813,38.8099,-56.9189,39.8913,-56.2562,40.8447,1
134,8040,82,35.2976,-11.4053,23.103,0.875251,23.6581,1.12249,23.255,0.04444,22.498,0.584295,22.9768,1.59522,1
134,8040,87,-26.8684,16.3139,-21.2956,-176.694,-21.3653,-177.285,-21.8801,-176.556,-21.2059,-176.134,-20.6334,-176.831,1
134,8040,88,26.9694,-24.2969,4.59518,-156.82,4.45609,-157.351,3.84161,-156.696,4.70195,-156.267,5.2428,-156.95,1
134,8040,100,22.3918,-22.6452,-23.6982,52.9743,-23.3009,53.3845,-23.1522,52.4798,-24.0769,52.5323,-24.1652,53.432,1
134,8040,105,33.6125,-13.9174,24.148,-121.164,23.8229,-121.725,23.5345,-120.596,24.4786,-120.536,24.67,-121.671,1
134,8040,113,-4.86023,18.1501,-51.1355,145.804,-50.749,145.4,-51.3645,145.145,-51.5222,146.25,-50.9038,146.506,1
134,8040,116,-34.7892,18.4518,8.53528,-105.483,8.57913,-106.111,7.84358,-105.405,8.52308,-104.902,9.34839,-105.555,1
134,8040,119,38.0292,15.1598,42.4332,18.402,43.1325,18.1353,42.0849,17.6113,41.6099,18.7289,42.719,19.1373,1
134,8040,135,-37.5896,-6.18258,11.2332,104.858,12.0846,105.081,11.2225,104.136,10.499,104.664,11.2593,105.674,2
134,8040,136,-28.0396,-24.3516,-16.7156,124.412,-15.8419,124.387,-16.6831,123.774,-17.4653,124.409,-16.7045,125.071,1
134,8040,150,38.6068,8.14425,35.2472,91.8769,35.9753,91.6611,34.8494,91.0664,34.3971,92.1311,35.5792,92.6093,2
134,8040,154,37.066,-17.0665,-49.5057,-139.418,-48.9133,-139.829,-50.0245,-140.621,-50.1717,-139.003,-49.0461,-138.437,1
134,8040,156,27.3762,-16.429,-20.6659,-52.9806,-20.6091,-53.5747,-21.3829,-53.0356,-20.748,-52.3582,-20.0311,-52.9481,1
134,8040,158,-18.7371,-22.1338,32.2326,-2.473,32.2384,-3.25895,31.7012,-2.56895,32.2027,-1.77014,32.7678,-2.40948,1
134,8040,167,-18.2949,8.82018,-33.6264,-58.8507,-33.4945,-59.4726,-34.1536,-58.9759,-33.7406,-58.2452,-33.0611,-58.7083,1
135,8100,0,-28.8027,23.5692,-17.2492,45.6484,-17.4815,44.9942,-17.9745,45.9712,-16.9842,46.2602,-16.3906,45.3025,1
135,8100,33,-27.4078,-24.3149,27.4545,103.561,26.8041,103.089,27.1145,104.048,28.0021,103.993,27.7722,103.032,1
135,8100,43,32.8695,-21.5972,-3.27656,127.403,-3.27607,126.783,-4.18072,127.436,-3.31702,128.062,-2.51007,127.354,1
135,8100,45,28.7928,-18.3903,45.547,-172.036,45.8218,-172.768,44.8565,-172.537,45.227,-171.294,46.1562,-171.61,1
135,8100,46,39.2288,1.95764,44.2732,-117.187,44.9846,-117.475,43.8032,-118.143,43.4472,-116.866,44.6684,-116.337,1
135,8100,56,30.6274,-15.9081,-4.48631,144.21,-4.48812,143.591,-5.30053,144.277,-4.51183,144.871,-3.77751,144.137,1
135,8100,70,31.6733,-19.132,-4.41327,-178.476,-4.59838,-179.066,-5.21826,-178.172,-4.24857,-177.838,-3.72738,-178.753,1
135,8100,72,-36.521,5.89501,65.0479,-139.632,65.1682,-141.429,64.3255,-139.468,64.9356,-138.042,65.879,-139.823,1
135,8100,95,-38.8617,1.66622,16.4495,-134.13,16.5642,-134.956,15.7475,-134.012,16.3542,-133.409,17.259,-134.271,1
135,8100,99,-33.562,5.31435,14.4982,26.5769,15.1656,26.6957,14.4642,25.9127,13.8937,26.4803,14.5314,27.3279,1
135,8100,109,34.086,-20.9193,8.48583,49.9741,8.88172,50.4512,9.13705,49.3395,8.0906,49.4379,7.94771,50.5239,1
135,8100,110,38.0597,-14.7435,19.0191,51.4692,19.6121,51.6331,19.0587,50.5664,18.3662,51.2596,18.9943,52.2338,1
135,8100,117,-37.1029,-12.2946,36.7047,-79.9767,36.7297,-80.9781,36.1114,-79.8481,36.667,-79.1199,37.3601,-80.1501,1
135,8100,122,-36.1734,-11.8229,18.4302,91.955,19.1096,92.6001,18.7748,91.3252,17.8524,91.398,18.0675,92.665,1
135,8100,150,5.1072,-19.8239,37.9128,94.8735,38.4021,94.638,37.8059,94.1886,37.4329,95.0737,38.028,95.5135,6
135,8100,161,39.4181,-4.01959,43.1139,79.3489,43.7397,78.8634,42.4738,78.534,42.3875,79.8781,43.6586,80.0628,1
135,8100,169,32.1274,5.22645,15.5984,1.21339,15.6507,0.549507,14.9308,1.29617,15.5405,1.95888,16.2064,1.14773,3
135,8100,175,20.2968,-18.803,-80.6279,10.0396,-81.063,7.99601,-81.0421,13.3136,-80.1889,12.0505,-80.2445,7.26625,1
135,8100,178,-27.1053,-23.2533,26.5767,-3.02478,25.9261,-3.56741,26.191,-2.53334,27.1242,-2.53012,26.9431,-3.56132,1
135,8100,187,-34.7142,-19.0976,-1.18224,13.6201,-1.50553,12.8458,-1.69683,13.8984,-0.922787,14.285,-0.641943,13.2899,1
135,8100,188,40.167,-6.14036,28.7449,38.0606,28.7177,37.2961,27.9492,38.3809,28.7553,38.9371,29.4224,37.7808,1
136,8160,17,-32.3027,-19.5495,32.2436,98.5469,32.2162,97.5816,31.6647,98.6048,32.2435,99.3764,32.8581,98.4451,1
136,8160,48,31.072,-9.41529,-4.71015,-54.6372,-4.13074,-54.494,-4.63747,-55.3688,-5.33523,-54.8089,-4.7664,-53.988,1
136,8160,51,30.1035,-20.0594,-1.90456,-38.858,-1.30102,-38.7266,-1.73731,-39.6994,-2.53307,-39.0314,-2.02914,-38.128,1
136,8160,57,-25.0861,-22.2614,29.0476,165.689,28.9305,164.791,28.4567,165.731,29.1232,166.478,29.6499,165.604,1
136,8160,59,-23.6875,6.01064,49.1918,-93.5199,49.7711,-93.7651,48.9751,-94.3549,48.648,-93.281,49.416,-92.6,1
136,8160,72,-38.7331,-11.6697,66.4895,-137.503,66.5462,-139.893,65.7942,-137.208,66.4039,-135.494,67.2675,-137.925,1
136,8160,75,-29.4528,-21.9334,1.06899,2.25282,1.87731,2.52039,1.27001,1.68278,0.380261,2.0023,0.894771,2.86076,1
136,8160,82,40.2988,-0.360021,15.2762,4.49843,15.9154,4.79775,15.353,3.65522,14.5379,4.14765,15.2026,5.22428,2
136,8160,96,23.0572,-16.21,36.063,-96.964,36.2246,-97.5888,35.4459,-97.2224,35.8721,-96.3293,36.6219,-96.7452,1
136,8160,107,-31.5525,17.3406,72.7798,55.3315,73.1283,57.119,73.2819,53.7019,72.4185,53.7793,72.1732,57.0541,1
136,8160,110,-33.6102,-21.3877,20.9312,58.8484,21.759,58.8671,20.9139,58.2418,20.2285,58.8124,20.9835,59.4951,1
136,8160,115,21.2169,-19.5406,-19.763,-121.933,-19.8024,-122.457,-20.3771,-121.931,-19.745,-121.398,-19.2125,-121.952,1
136,8160,117,-36.5241,-16.3553,38.9894,-77.0767,39.0026,-78.1481,38.4022,-76.9708,38.9566,-76.1668,39.6304,-77.2329,1
136,8160,150,27.0061,-17.7876,34.2517,97.4203,34.8007,97.2956,34.1103,96.5591,33.6728,97.5175,34.3874,98.1783,3
136,8160,152,-36.1727,-15.9373,-9.64299,158.069,-8.74952,158.054,-9.75774,157.432,-10.4028,158.068,-9.48471,158.764,1
136,8160,158,-17.2356,-24.352,36.3532,4.37107,36.3892,3.53663,35.825,4.20557,36.2933,5.11301,36.8815,4.4988,1
136,8160,169,28.2351,-21.958,16.5569,1.32466,16.6055,0.719042,15.7558,1.22237,16.4689,1.94983,17.2526,1.39201,2
137,8220,17,-16.5729,-20.736,33.6317,103.103,33.6112,102.37,33.1225,103.041,33.6279,103.768,34.1416,103.138,1
137,8220,25,-23.4669,21.0388,14.886,-91.1612,15.2865,-90.8092,15.2634,-91.6278,14.4767,-91.4827,14.4433,-90.6506,1
137,8220,30,-26.9881,-23.158,-72.6273,108.05,-73.2259,106.503,-72.9777,109.462,-72.1111,109.366,-72.2828,106.579,1
137,8220,45,-39.3369,3.18273,55.125,-161.049,55.6838,-162.127,54.4433,-161.585,54.6382,-160.123,55.9149,-160.405,1
137,8220,55,37.624,-14.9393,-27.1711,125.606,-27.0755,124.827,-28.1517,125.683,-27.3058,126.468,-26.3449,125.526,1
137,8220,85,39.3668,-7.58191,-66.268,110.835,-65.7367,109.862,-66.9412,109.547,-66.8751,111.957,-65.6823,111.874,1
137,8220,99,-39.0359,-3.16778,10.1727,31.303,10.9967,31.4447,10.0807,30.6023,9.46128,31.1824,10.2869,32.1043,1
137,8220,121,-36.9636,11.1949,44.0763,89.1661,44.5462,90.0434,44.557,88.2819,43.6324,88.4123,43.4975,90.1725,1
137,8220,147,-8.20493,19.9674,-0.989382,126.115,-0.571712,126.461,-0.593528,125.713,-1.43289,125.778,-1.43025,126.532,1
137,8220,148,33.8004,-21.374,-32.7376,123.747,-32.313,124.347,-32.0215,122.957,-33.1552,123.066,-33.3229,124.442,1
137,8220,155,26.6055,20.5904,-34.2281,-71.7742,-34.171,-72.5657,-34.8101,-71.8006,-34.2652,-70.8677,-33.6688,-71.7131,1
137,8220,156,39.0027,-2.36025,-12.7146,-43.282,-12.613,-43.9981,-13.543,-43.1459,-12.8383,-42.4615,-11.9981,-43.3967,2
137,8220,159,33.574,-23.72,43.0842,55.8882,43.5837,55.3854,42.5137,54.8661,42.5255,56.3622,43.5746,56.7421,1
137,8220,167,-36.4139,13.3106,-24.7804,-50.0133,-24.5541,-50.7686,-25.5324,-50.0711,-24.958,-49.3214,-23.9018,-49.932,1
137,8220,199,22.4894,19.6996,-30.264,27.2383,-30.5935,26.5534,-30.794,27.5944,-29.8699,27.9897,-29.7306,26.9237,1
138,8280,13,-21.1777,18.1246,-47.716,-21.4915,-47.3066,-21.9824,-48.0801,-22.1453,-48.1,-20.9782,-47.321,-20.7591,1
138,8280,32,34.7558,-13.7034,4.19698,110.148,3.82687,109.682,3.66415,110.734,4.583,110.673,4.64807,109.633,1
138,8280,34,-25.6037,-23.4089,74.3565,88.369,73.662,87.5227,74.1264,90.1655,74.9517,89.2452,74.5448,86.4338,1
138,8280,37,12.5044,-19.0309,-3.7539,-74.1899,-3.40997,-73.8345,-3.30505,-74.524,-4.0793,-74.556,-4.15756,-73.8683,1
138,8280,62,14.693,-23.7327,50.1497,-80.4593,50.6234,-80.8101,49.9961,-81.4011,49.6726,-80.1612,50.3027,-79.6128,1
138,8280,63,-21.8622,20.8776,26.9924,-37.0195,27.5192,-36.914,27.1002,-37.6756,26.4699,-37.0926,26.847,-36.2892,1
138,8280,68,23.5287,24.1602,-26.7991,143.402,-26.9336,142.706,-27.3399,143.514,-26.6166,144.188,-26.2594,143.33,1
138,8280,74,-30.4295,-0.302572,25.4585,-7.82615,26.0604,-7.46393,25.6505,-8.4778,24.9114,-8.14858,25.247,-7.10874,1
138,8280,86,26.329,-22.4362,-44.2966,170.543,-44.3401,169.793,-45.0258,170.559,-44.2792,171.316,-43.6611,170.501,1
138,8280,98,-29.3505,23.016,29.9755,7.68667,30.5765,7.73018,29.9785,6.87162,29.3976,7.68722,29.9404,8.63418,3
138,8280,105,35.8966,18.4662,42.6521,-119.604,42.1608,-120.414,42.2131,-118.879,43.2415,-118.645,43.0752,-120.246,5
138,8280,111,-32.5206,24.2291,-17.0571,88.6003,-16.4814,88.7544,-16.9388,87.8628,-17.6115,88.4931,-17.2192,89.469,1
138,8280,119,-14.2515,-22.4763,39.8678,33.8642,40.4302,33.6932,39.8408,33.2244,39.3529,33.9925,39.9154,34.4924,1
138,8280,120,23.392,-24.3138,77.1566,49.3805,77.7544,49.6435,77.3153,45.8047,76.5568,48.974,77.0033,52.4517,1
138,8280,147,-24.1121,13.1241,-4.02794,127.703,-3.60999,128.136,-3.61424,127.231,-4.44019,127.301,-4.49644,128.217,1
138,8280,158,34.8587,-19.3899,35.852,15.2746,36.1388,14.5885,35.01,14.8649,35.5046,15.9899,36.5709,15.6074,1
138,8280,161,39.3683,9.48879,40.4819,95.4959,41.2069,95.0977,39.962,94.702,39.6287,95.9633,40.9196,96.2218,2
138,8280,168,-38.4106,8.5909,2.93056,-21.7507,3.06006,-22.5196,2.17802,-21.6525,2.83313,-21.0681,3.81116,-21.8592,1
138,8280,169,-28.242,23.8314,28.9612,6.66809,29.0679,5.98353,28.2518,6.5464,28.8927,7.33553,29.7815,6.84225,2
138,8280,178,-26.2816,-24.3202,37.7562,-3.98765,37.0929,-4.58025,37.3682,-3.43555,38.3133,-3.4422,38.1202,-4.58976,1
139,8340,1,28.3091,-18.2525,25.4341,63.6258,25.2015,62.9842,24.666,63.9812,25.6458,64.3156,26.0973,63.2928,2
139,8340,15,-32.3584,22.125,-9.51142,58.4274,-9.43534,57.8023,-10.2383,58.4186,-9.54593,59.0202,-8.65789,58.4621,1
139,8340,55,-34.0976,22.5166,-13.0912,127.33,-12.999,126.612,-13.9282,127.338,-13.1322,128.006,-12.094,127.348,1
139,8340,60,36.9818,-11.9828,29.6379,-170.062,29.7404,-170.781,28.7963,-170.017,29.496,-169.268,30.3582,-170.112,1
139,8340,68,24.6406,3.81468,-25.4596,144.461,-25.5021,143.865,-26.0122,144.583,-25.4084,145.109,-24.9416,144.355,9
139,8340,89,-34.8702,22.0109,56.7605,-120.494,56.9367,-121.625,56.0118,-120.673,56.624,-119.435,57.6464,-120.228,1
139,8340,98,-30.5787,-6.27864,29.5734,8.1774,30.2567,8.15964,29.4695,7.52269,28.9618,8.18837,29.694,8.89014,9
139,8340,101,-31.0586,-23.5803,-76.9457,78.2406,-76.0939,79.056,-76.7861,75.7173,-77.6624,77.3574,-77.0453,80.9798,1
139,8340,125,35.232,-18.3318,-75.8479,-99.27,-76.1345,-101.795,-76.6495,-96.9469,-75.541,-96.5636,-75.1637,-101.1,1
139,8340,128,27.4025,-17.4098,31.7791,-84.25,31.4616,-84.8495,31.1183,-83.7539,32.0848,-83.5991,32.3497,-84.709,1
139,8340,136,-33.7753,14.4273,-33.0797,141.202,-32.3834,141.314,-33.1244,140.314,-33.7213,141.129,-33.0352,142.232,1
139,8340,144,-38.2741,-7.23691,77.7848,-55.5379,77.1809,-58.7603,77.3517,-52.8145,78.2667,-52.5128,78.2248,-58.9053,1
139,8340,147,-20.9913,-23.9022,-3.9429,127.117,-3.30055,127.529,-3.55418,126.674,-4.496,126.734,-4.30503,127.585,1
139,8340,161,-30.9157,-12.5346,46.8042,100.356,47.4921,99.9061,46.5021,99.614,46.193,100.727,47.1426,101.149,1
139,8340,169,-22.9537,-3.07451,29.1307,7.6876,29.1884,7.01145,28.5907,7.67977,29.0726,8.31384,29.7056,7.68991,7
139,8340,170,34.0003,-8.50282,64.5493,170.342,64.9896,171.409,64.9869,168.809,64.0668,169.176,64.1585,171.652,1
139,8340,177,32.645,7.16626,8.85526,2.10571,8.42117,1.59892,8.44284,2.65352,9.34952,2.67653,9.23987,1.61403,1
139,8340,180,-36.1506,-19.6152,53.6481,164.847,54.5303,164.907,53.5962,163.838,52.9053,164.77,53.7312,165.944,1
139,8340,188,35.0421,-19.101,40.5476,45.9631,40.563,45.1891,39.703,46.0454,40.4912,46.7991,41.2634,45.8691,1
139,8340,190,38.4015,-9.20841,7.21497,41.8056,7.01556,41.0732,6.36659,42.3089,7.41596,42.6417,7.93335,41.3703,2
140,8400,42,30.9443,24.175,-12.6332,118.451,-12.7896,117.684,-13.247,118.627,-12.4189,119.347,-12.0368,118.325,1
140,8400,43,32.8481,-24.2829,11.1535,137.743,11.1654,137.107,10.2031,137.718,11.0926,138.413,11.9525,137.74,1
140,8400,48,21.3635,3.22669,-16.8451,-44.4217,-16.3074,-44.3487,-16.8197,-45.0101,-17.4222,-44.4984,-16.8726,-43.8659,1
140,8400,59,27.1048,-8.44816,38.1361,-81.6605,38.721,-81.7368,37.9927,-82.5246,37.5089,-81.5976,38.2668,-80.8799,1
140,8400,61,-39.6023,-4.80427,57.9972,-126.527,58.5116,-127.808,57.3522,-126.976,57.5454,-125.459,58.7385,-126.017,1
140,8400,63,33.0685,-22.0282,21.2526,-39.5943,21.8316,-39.4555,21.4116,-40.515,20.6455,-39.7818,21.134,-38.811,1
140,8400,68,22.9758,-23.3738,-24.4384,144.88,-24.4998,144.292,-25.1464,144.875,-24.406,145.478,-23.8156,144.861,1
140,8400,78,-2.95225,24.0194,-47.543,153.418,-47.6949,152.647,-48.0897,153.531,-47.3508,154.216,-46.9524,153.339,1
140,8400,85,36.8416,-12.6532,-63.2398,134.739,-62.9218,133.57,-64.0216,134.131,-63.6021,136.04,-62.5652,135.213,1
140,8400,87,22.8983,-20.6938,-6.48376,-164.618,-6.62649,-165.121,-7.13389,-164.486,-6.36378,-164.099,-5.91005,-164.754,1
140,8400,89,-35.094,18.661,58.9044,-115.776,59.1248,-116.958,58.1888,-116.007,58.7212,-114.68,59.7424,-115.452,1
140,8400,92,38.6812,-4.61109,-47.5749,153.358,-47.1872,152.523,-48.3717,152.974,-48.02,154.313,-46.8867,153.678,1
140,8400,98,-30.5712,-19.685,28.0287,9.95726,28.8228,9.83895,27.9358,9.30987,27.3402,10.0377,28.1557,10.6371,2
140,8400,101,-15.4824,15.9001,-84.3424,97.1822,-83.829,97.3703,-84.2909,91.7733,-84.8519,97.162,-84.3563,103.109,1
140,8400,111,-13.622,-15.2537,-21.202,89.3011,-20.6766,89.3018,-21.166,88.7999,-21.6902,89.2869,-21.221,89.8056,1
140,8400,141,10.6206,-19.9811,-27.5663,-56.5853,-27.9491,-57.0414,-28.0767,-56.1842,-27.2068,-56.1229,-27.1056,-56.9705,1
140,8400,157,-14.576,16.4634,25.7798,-12.3126,25.8286,-12.8805,25.2453,-12.3821,25.7479,-11.7456,26.3568,-12.2189,1
140,8400,166,39.8699,0.470341,-45.8603,-72.3859,-45.5143,-73.329,-46.7068,-72.5763,-46.2571,-71.2817,-45.1298,-72.2169,1
140,8400,169,-22.7889,-19.0066,30.5574,9.35292,30.5506,8.55159,30.0105,9.32203,30.5417,10.0676,31.1189,9.35419,1
140,8400,170,37.4423,-12.0524,61.2157,169.977,61.6619,171.035,61.7303,168.418,60.727,168.794,60.7713,171.277,1
140,8400,172,-24.9807,19.4276,-13.8389,-178.99,-13.4632,-178.532,-13.3616,-179.437,-14.2226,-179.415,-14.3918,-178.497,1
140,8400,177,31.9551,21.016,14.1738,1.87413,13.6216,1.34907,13.7898,2.41639,14.8349,2.47383,14.5628,1.3847,8
140,8400,185,-37.1841,-7.17647,-45.1665,-18.3636,-45.1409,-19.4626,-45.7733,-18.169,-45.1843,-17.4109,-44.4878,-18.5976,1
140,8400,194,35.3988,-13.7239,21.1702,-157.132,21.7514,-156.713,21.5469,-158.065,20.5453,-157.616,20.8553,-156.331,1
141,8460,0,-23.5069,-24.3134,-1.12878,49.5132,-1.63724,48.8569,-1.66244,49.8225,-0.705484,50.1005,-0.610239,49.1669,1
141,8460,1,-25.9017,-23.0786,33.72,59.3845,33.2218,58.5541,33.1838,59.7636,34.1282,60.1296,34.2476,58.9505,1
141,8460,8,36.7685,12.0253,-67.1185,25.3926,-67.2751,23.3183,-67.8273,26.355,-66.8897,27.7781,-66.4675,24.6328,1
141,8460,10,36.8392,-3.77511,5.52415,-119.255,6.15376,-119.116,5.49257,-120.026,4.81574,-119.422,5.55129,-118.581,1
141,8460,19,-33.1596,20.2932,34.2366,-139.163,34.8624,-139.065,34.2243,-140.036,33.6486,-139.215,34.2212,-138.14,1
141,8460,21,14.7522,24.2749,35.8245,96.7765,35.4835,96.2507,35.4022,97.1011,36.2188,97.3467,36.2689,96.4717,3
141,8460,28,-30.2312,-14.352,-70.5794,49.9499,-70.6541,47.8608,-71.109,50.3005,-70.506,51.7795,-70.017,49.5335,1
141,8460,46,39.7183,6.14446,32.4747,-93.2262,33.2476,-93.2221,32.2117,-94.1505,31.5686,-93.2277,32.6846,-92.4092,1
141,8460,89,-39.1111,-2.98643,60.214,-114.236,60.4433,-115.79,59.5434,-114.24,60.0025,-112.911,60.9816,-114.251,1
141,8460,99,37.2962,-14.9358,-5.24983,33.9927,-4.61979,34.1396,-5.21787,33.0881,-5.9414,33.8,-5.26292,34.76,1
141,8460,130,24.4921,-18.8412,9.92185,-63.381,9.87127,-63.9638,9.18297,-63.3421,9.94469,-62.777,10.5756,-63.4341,1
141,8460,131,35.0836,-16.2216,35.5407,-35.4839,35.7076,-36.2695,34.6272,-35.6122,35.3209,-34.64,36.3214,-35.3909,1
141,8460,133,35.1981,1.30002,38.9807,62.4585,39.6742,62.4145,38.7511,61.5124,38.1955,62.5033,39.1722,63.3059,1
141,8460,146,37.5149,-15.1574,23.2576,117.93,23.7121,118.516,23.8701,117.077,22.776,117.258,22.7485,118.652,1
141,8460,177,40.2199,1.76606,15.8016,2.86265,15.3621,2.21294,15.2921,3.59121,16.3079,3.6261,16.2468,2.23579,3
141,8460,191,-37.0159,12.9748,53.3742,52.019,53.2609,50.6809,52.5997,52.5504,53.4901,53.2189,54.2876,51.3898,1
142,8520,1,33.1302,-2.57304,37.3621,68.8011,37.1701,67.9771,36.6665,69.2639,37.5608,69.7258,37.9796,68.3832,1
142,8520,3,-10.8106,-18.6904,65.0867,-160.715,65.7166,-160.611,65.1951,-162.039,64.5048,-160.851,64.9909,-159.411,2
142,8520,21,-13.6876,15.0875,39.1711,94.4176,38.9159,93.8974,38.7475,94.7484,39.4362,94.9281,39.6328,94.0725,7
142,8520,22,-34.0145,23.14,75.3851,112.928,75.2935,110.5,74.6673,113.629,75.4863,115.21,76.2406,112.107,1
142,8520,29,-32.5217,11.7664,-31.4022,78.5921,-31.635,77.9301,-31.9253,78.9985,-31.1693,79.1899,-30.7986,78.1449,1
142,8520,31,38.0237,-10.9561,-16.2822,110.747,-16.6754,110.223,-16.8029,111.439,-15.8572,111.346,-15.8422,110.153,1
142,8520,37,-29.4094,-24.3522,-18.266,-72.0526,-17.6402,-71.5092,-17.8809,-72.4832,-18.7858,-72.5388,-18.635,-71.5765,1
142,8520,48,32.0694,-23.6158,-21.1854,-42.8408,-20.581,-42.713,-20.9975,-43.8042,-21.8128,-43.023,-21.3174,-42.0194,1
142,8520,58,-37.8841,11.8305,54.974,-113.689,55.7137,-114.188,54.4837,-114.801,54.3218,-113.22,55.5284,-112.334,1
142,8520,59,33.6747,-21.6946,34.0121,-76.9651,34.665,-76.9603,33.9633,-78.1338,33.3145,-77.0227,34.0664,-75.9794,1
142,8520,61,-30.448,-23.7074,57.7643,-116.215,58.2151,-117.549,57.2908,-116.829,57.3505,-115.126,58.2781,-115.619,1
142,8520,71,-37.1448,-9.69637,56.1119,-156.087,55.9618,-157.649,55.4804,-155.623,56.2178,-154.735,56.8086,-156.661,1
142,8520,75,-31.5535,22.0915,-24.1734,11.7133,-23.6049,12.0716,-23.8557,10.9486,-24.7289,11.4089,-24.5646,12.6039,1
142,8520,96,-36.3829,-18.6644,49.5838,-73.0224,50.0441,-74.2681,48.9964,-73.3917,49.1711,-72.0049,50.239,-72.6616,1
142,8520,108,20.674,-22.449,17.9594,49.2263,18.3649,49.6034,18.4753,48.7495,17.5709,48.8254,17.5138,49.6641,3
142,8520,120,33.65,-6.78586,61.6956,69.0956,62.2474,69.8767,61.9872,67.5043,61.0883,68.2379,61.4282,70.4738,1
142,8520,124,9.62032,-23.2628,-78.0702,112.67,-77.5137,113.363,-77.7602,109.969,-78.5983,111.8,-78.3086,115.309,1
142,8520,129,-37.3803,-4.3703,80.7973,-80.8387,80.3706,-85.5139,80.2503,-77.9624,81.1139,-76.4486,81.3767,-84.5887,1
142,8520,134,-39.0041,-5.49082,16.118,99.4617,17.0004,99.7088,16.0933,98.6969,15.362,99.2503,16.159,100.335,1
142,8520,139,-23.3225,23.6416,-9.68396,-83.9692,-9.72224,-84.5705,-10.3667,-83.9437,-9.60954,-83.3792,-8.90412,-83.9711,1
143,8580,5,-28.1664,17.2371,-9.11262,-122.649,-8.5865,-122.253,-8.74263,-123.272,-9.62771,-123.003,-9.5498,-121.948,1
143,8580,10,30.5157,-24.0609,1.89937,-115.595,2.46882,-115.504,2.06586,-116.422,1.31243,-115.73,1.77934,-114.886,1
143,8580,21,2.57676,-23.4725,39.4145,95.984,39.0916,95.4671,38.9353,96.2757,39.7005,96.4963,39.852,95.6825,1
143,8580,39,-27.1505,24.2199,-81.1507,107.744,-81.5116,104.866,-81.6353,110.779,-80.7549,110.167,-80.5473,104.752,1
143,8580,42,22.3743,24.279,-3.30058,123.833,-3.44903,123.194,-3.86041,123.935,-3.10516,124.554,-2.73916,123.765,1
143,8580,44,37.9201,-14.6782,42.1539,179.524,42.4877,178.731,41.2542,179.137,41.7484,-179.624,42.9164,179.842,1
143,8580,69,-2.41103,24.2296,18.8689,173.329,18.7639,172.803,18.3528,173.357,19.0035,173.88,19.4232,173.325,1
143,8580,70,-35.6171,-14.5866,26.5341,-175.734,26.1735,-176.652,25.9839,-175.334,26.8255,-174.939,27.1216,-176.206,1
143,8580,96,-39.0878,-5.59505,50.8167,-65.3053,51.4133,-66.2831,50.2064,-65.81,50.2969,-64.4878,51.5169,-64.7343,1
143,8580,109,-24.6541,22.3775,-25.9413,55.582,-25.5467,56.0344,-25.4757,55.083,-26.3483,55.162,-26.4866,56.1364,1
143,8580,130,33.3044,-20.3954,14.844,-58.5224,14.8598,-59.1878,13.9119,-58.4869,14.7851,-57.8114,15.6347,-58.5736,1
143,8580,139,-2.51251,22.4005,-8.18419,-80.5209,-8.29394,-81.058,-8.73339,-80.4794,-8.04314,-79.9618,-7.59682,-80.54,1
143,8580,140,32.1333,-24.2868,-53.3324,-56.2927,-53.7171,-57.1768,-54.1303,-55.3134,-52.9602,-55.332,-52.6697,-57.1223,1
143,8580,141,19.4565,-24.3355,-17.0159,-55.5689,-17.4137,-56.0208,-17.6442,-55.1442,-16.6454,-55.097,-16.4725,-55.9638,1
143,8580,166,-36.7257,10.2434,-32.7704,-64.2311,-32.4619,-65.0254,-33.4979,-64.3763,-33.0248,-63.5057,-31.9261,-64.0547,1
143,8580,199,5.13193,22.6333,-8.34023,31.5912,-8.64859,31.0853,-8.86005,31.8283,-7.98558,32.1206,-7.78568,31.3699,7
144,8640,18,31.8894,-13.6322,43.5803,-175.268,44.1236,-175.525,43.2563,-176.191,42.9862,-175.024,43.8682,-174.459,1
144,8640,31,30.6364,-21.2241,-9.74386,108.87,-10.1248,108.451,-10.3218,109.42,-9.3676,109.334,-9.25897,108.385,2
144,8640,42,26.5586,0.922216,-2.45893,124.781,-2.49443,124.208,-3.06431,124.901,-2.4213,125.404,-1.89967,124.674,2
144,8640,46,-35.74,-14.9354,32.2379,-79.8673,33.1234,-79.8443,32.1421,-80.6206,31.4818,-79.9022,32.3672,-79.0423,1
144,8640,74,-31.9458,-15.6776,6.05895,-1.3279,6.81857,-1.00801,6.23857,-1.92055,5.40509,-1.61831,5.8918,-0.682595,1
144,8640,95,-35.902,12.8304,39.391,-105.756,39.6594,-106.588,38.6786,-105.905,39.1637,-104.997,40.2177,-105.562,2
144,8640,120,30.4851,-16.5197,55.7015,73.0371,56.204,73.6978,56.137,71.7717,55.179,72.3091,55.3252,74.1311,1
144,8640,129,30.6459,-21.5265,80.2368,-23.5502,80.5339,-26.8986,79.4404,-25.966,79.8575,-20.3724,80.9143,-21.2704,1
144,8640,141,-37.5284,2.92992,-9.93387,-61.4038,-10.3509,-62.1312,-10.4479,-60.846,-9.55778,-60.7711,-9.34244,-62.0449,2
144,8640,150,-33.9449,18.0682,17.4653,129.162,18.1161,129.3,17.4823,128.388,16.8581,129.066,17.422,130.066,1
144,8640,155,-11.7921,-23.1461,-17.1951,-57.1347,-17.259,-57.7737,-17.7277,-57.1886,-17.1569,-56.5506,-16.6743,-57.1102,1
144,8640,157,-29.8495,-23.2033,34.0388,-4.48822,34.0557,-5.50733,33.4516,-4.53063,33.9954,-3.61707,34.6528,-4.49126,1
144,8640,159,-16.1162,20.1819,38.7243,95.6053,39.2345,95.45,38.6192,94.8939,38.2189,95.7887,38.8148,96.3947,4
144,8640,166,-37.6361,-12.2963,-31.9974,-63.35,-31.7724,-64.3812,-32.6679,-63.368,-32.1923,-62.471,-31.2477,-63.3608,1
144,8640,189,-36.9059,0.37163,63.6937,142.27,64.4135,142.148,63.4738,140.923,63.0599,142.382,63.9319,143.823,1
144,8640,199,18.0904,-14.8449,-8.78862,32.5605,-9.04038,32.0419,-9.39774,32.8335,-8.54944,33.0975,-8.23671,32.298,5
145,8700,4,-3.45848,21.0851,17.5442,-133.294,18.0457,-133.031,17.8541,-133.798,17.0091,-133.545,17.1926,-132.774,1
145,8700,9,20.1447,-14.6763,-21.4459,47.3653,-21.7116,46.8181,-22.0559,47.6915,-21.1894,47.9357,-20.8966,47.0573,1
145,8700,42,-5.75214,-24.1749,0.513889,123.043,0.360975,122.467,-0.041789,123.052,0.631776,123.58,1.04258,123.007,1
145,8700,47,33.9754,-15.682,-2.72828,-58.9307,-2.12748,-58.7622,-2.60677,-59.7735,-3.37323,-59.1421,-2.81818,-58.2037,1
145,8700,56,37.7054,-14.7838,23.2793,167.402,23.4154,166.654,22.2959,167.411,23.0911,168.227,24.1087,167.38,1
145,8700,58,33.8911,-22.7758,45.7303,-106.553,46.3471,-106.881,45.3447,-107.864,45.0555,-106.274,46.0635,-105.451,1
145,8700,73,-27.6264,-24.3079,36.6467,-15.4859,37.4747,-15.2407,36.8309,-16.1988,35.9401,-15.7215,36.4922,-14.741,1
145,8700,81,32.7657,19.5596,15.5713,3.2577,16.2494,3.41911,15.6216,2.62145,14.7758,3.09148,15.492,3.84839,1
145,8700,94,-27.86,13.2998,17.5792,-133.442,17.6456,-134.055,16.9641,-133.439,17.5334,-132.864,18.2701,-133.433,1
145,8700,95,-24.899,20.7321,40.6358,-100.2,40.8276,-100.899,40.0367,-100.466,40.4728,-99.5126,41.3076,-99.8662,1
145,8700,107,-33.311,-21.7902,43.0214,53.3113,43.7121,54.1005,43.3872,52.6421,42.4454,52.6348,42.6594,54.0489,1
145,8700,109,-33.7389,-22.0643,-28.731,56.5339,-27.9821,57.1281,-28.3994,55.9452,-29.349,56.0059,-29.0469,57.1915,1
145,8700,115,-38.4864,-1.96404,11.8595,-106.253,11.8595,-107.025,11.2429,-106.067,11.8598,-105.582,12.5611,-106.473,1
145,8700,119,36.8935,-1.12656,16.4686,51.5449,17.0763,51.682,16.4303,50.7996,15.7811,51.3848,16.4976,52.2003,1
145,8700,122,-19.7587,16.1196,-21.9699,91.7402,-21.5389,92.1474,-21.5764,91.2402,-22.4045,91.3573,-22.4144,92.282,1
145,8700,137,34.5958,-12.7262,-55.8166,-143.756,-55.4176,-144.675,-56.5825,-144.478,-56.267,-142.751,-55.1469,-143.172,1
145,8700,155,-35.0743,7.36608,-10.7656,-54.17,-10.6382,-54.8746,-11.4471,-54.1272,-10.8655,-53.5334,-9.98563,-54.2132,1
145,8700,159,-8.90334,-17.5325,37.9924,95.3009,38.5154,95.0639,37.8813,94.6686,37.4975,95.5003,38.1164,95.9193,3
145,8700,174,35.4451,-12.4916,-78.1666,14.2847,-78.6702,12.2655,-78.5337,18.1172,-77.6103,16.415,-77.8208,11.1529,1
145,8700,188,-24.3411,-17.1327,60.8282,64.9471,60.8807,63.6368,60.3205,64.8372,60.756,66.1102,61.3564,65.0186,1
145,8700,199,-3.61478,-24.0286,-5.45761,31.1527,-5.81958,30.6259,-6.02851,31.368,-5.14321,31.6557,-4.92723,30.923,1
146,8760,9,-34.3391,19.37,-12.553,43.5378,-12.7637,42.8117,-13.3025,43.9251,-12.3204,44.1954,-11.6564,43.1043,1
146,8760,16,-39.339,-5.04105,35.2019,98.2961,35.3413,97.2818,34.5262,98.3983,35.0743,99.1639,35.9721,98.1604,2
146,8760,32,-37.1588,0.463511,35.5412,98.5926,35.0373,97.9307,35.1979,99.2737,35.9848,99.1776,35.9241,97.8071,4
146,8760,45,32.0532,-24.0602,44.1987,-116.142,44.7938,-116.372,43.9611,-117.388,43.5612,-115.966,44.4116,-115.091,1
146,8760,47,6.11535,-19.0644,-3.91412,-54.5845,-3.38779,-54.5538,-3.7952,-55.1333,-4.42361,-54.6346,-4.00747,-54.0659,1
146,8760,49,35.2533,-9.88426,-53.6369,11.128,-53.0281,10.7835,-54.0456,9.92224,-54.3164,11.4893,-53.2661,12.1487,1
146,8760,54,25.7537,-24.2123,-28.3885,119.709,-28.3903,119.024,-29.2171,119.613,-28.4231,120.407,-27.6688,119.764,1
146,8760,81,37.0828,-2.22118,13.9585,3.32613,14.5453,3.59199,14.0675,2.56168,13.2965,3.01932,13.8597,3.9945,7
146,8760,101,-34.5669,-21.9175,-74.044,-151.27,-74.4552,-154.357,-74.5734,-150.062,-73.6838,-148.759,-73.4902,-152.61,1
146,8760,128,-36.4283,16.6072,62.4853,-90.1709,62.1362,-91.6252,61.8439,-89.0404,62.818,-88.8546,63.2442,-91.5414,1
146,8760,139,37.1579,0.485517,-3.25616,-72.4068,-3.27394,-73.1307,-4.03844,-72.1609,-3.24031,-71.5799,-2.56825,-72.6167,1
146,8760,144,28.0926,-16.0357,75.0944,94.8543,75.6522,95.7567,75.3339,91.947,74.5114,93.8777,74.8682,97.3575,1
146,8760,155,32.6919,-24.325,-15.315,-49.3365,-15.2539,-49.9687,-16.2393,-49.4411,-15.423,-48.6748,-14.5348,-49.2735,1
146,8760,159,9.3773,-23.1362,34.9861,97.4697,35.4958,97.2675,34.9243,96.7448,34.4854,97.633,35.0609,98.1329,3
146,8760,163,-36.0796,16.5034,-19.845,-175.947,-19.1446,-175.819,-19.8838,-176.769,-20.4868,-176.032,-19.8122,-174.978,1
146,8760,166,-33.5579,21.8695,-25.7614,-52.9567,-25.5614,-53.6622,-26.5314,-53.1024,-25.9077,-52.2832,-24.8548,-52.7597,1
146,8760,185,-28.2016,15.3382,-25.305,-1.01353,-25.3821,-1.62743,-25.8848,-0.848208,-25.2095,-0.437655,-24.6463,-1.18266,1
146,8760,186,-34.5631,8.60958,6.6457,14.5944,6.53088,13.9521,6.05831,14.8486,6.76261,15.1734,7.31931,14.3097,1
146,8760,191,-37.2789,7.17364,68.632,70.7002,68.7206,68.4215,67.8422,71.0382,68.5447,72.7088,69.5491,70.2898,2
146,8760,192,33.6519,-21.7322,63.4877,160.096,64.1705,160.037,63.3789,157.828,62.7559,160.055,63.5738,162.014,2
147,8820,10,39.3371,-4.46695,-11.8987,-106.28,-11.2385,-106.104,-11.9323,-107.133,-12.6504,-106.496,-11.8673,-105.547,1
147,8820,11,-29.7186,13.0865,-33.4969,-71.5332,-32.9019,-71.5458,-33.5952,-72.2694,-34.052,-71.4987,-33.3929,-70.7003,1
147,8820,15,-25.4885,18.5254,12.5084,76.5511,12.5265,75.9834,11.8989,76.5632,12.5147,77.0983,13.1966,76.5565,1
147,8820,20,-38.4206,-10.846,20.5116,86.3409,20.0515,85.5963,20.0822,86.835,20.8948,86.9843,20.9762,85.7666,1
147,8820,24,-36.9883,-7.02487,15.7415,-92.2204,16.324,-91.6998,16.0178,-92.7951,15.2379,-92.6728,15.4426,-91.5705,1
147,8820,33,-20.4389,-24.3313,72.7546,89.7284,72.1249,88.9219,72.4787,91.2274,73.3001,90.5612,72.991,88.1345,1
147,8820,41,-36.4096,-2.24391,-17.8721,102.96,-17.8186,102.133,-18.5351,103.096,-17.9146,103.685,-17.1242,102.799,1
147,8820,43,-39.5777,2.0668,37.8275,152.031,37.9942,150.986,37.0846,152.14,37.6838,152.937,38.6896,151.897,1
147,8820,50,31.3652,-22.8575,-5.83173,-38.7305,-5.21247,-38.5929,-5.62525,-39.6412,-6.47341,-38.9182,-5.98346,-37.9513,1
147,8820,62,-40.4717,-1.16662,31.5093,-40.1458,32.3252,-39.8835,31.4603,-40.9844,30.8068,-40.3629,31.5675,-39.1735,1
147,8820,81,-25.7785,-13.9183,14.379,9.72872,14.9984,9.90106,14.4945,9.20449,13.8268,9.56338,14.2747,10.2831,1
147,8820,99,32.4077,-23.7251,-20.5822,48.3622,-19.9836,48.431,-20.4787,47.4067,-21.2082,48.243,-20.6429,49.173,1
147,8820,119,21.0383,-22.3978,13.1705,56.1824,13.6705,56.2355,13.3136,55.5434,12.6699,56.1009,13.0608,56.7543,1
147,8820,124,18.5726,1.52679,-78.8699,-114.878,-79.0574,-117.597,-79.392,-113.56,-78.6453,-112.101,-78.3679,-116.008,1
147,8820,131,37.4017,-10.1204,46.9728,-9.93234,47.3764,-10.7686,46.1267,-10.4255,46.4945,-9.02949,47.6982,-9.50826,1
147,8820,139,32.5383,9.93546,0.987075,-70.3696,0.908625,-71.0616,0.328435,-70.1566,1.08545,-69.583,1.59472,-70.5481,1
147,8820,145,28.6979,-23.6724,37.6179,115.774,38.0871,116.293,38.2383,114.963,37.1578,115.203,37.0993,116.48,1
147,8820,155,20.1204,-24.4175,-11.4079,-47.6946,-11.428,-48.2558,-12.1074,-47.7892,-11.4198,-47.1345,-10.7865,-47.6346,1
147,8820,157,-32.7185,-13.9077,41.1331,7.50582,41.3286,6.48949,40.5376,7.40482,40.9441,8.38083,41.7816,7.58514,1
147,8820,173,-27.9457,-22.0087,-71.7019,-173.971,-70.9961,-172.726,-71.3814,-175.522,-72.2953,-175.186,-71.9898,-172.249,1
148,8880,14,-30.6251,14.7384,-11.7013,54.4694,-11.6369,53.8568,-12.3428,54.4965,-11.7386,55.0435,-10.9694,54.4536,1
148,8880,16,34.4165,1.63445,34.5696,111.241,34.7494,110.51,33.8796,111.19,34.3603,112.06,35.1858,111.294,1
148,8880,27,33.773,19.8548,-78.8603,52.1063,-78.9838,48.5032,-79.4364,53.2993,-78.6423,56.1839,-78.3107,51.2492,1
148,8880,31,-33.8821,-23.1013,4.7954,101.06,4.07464,100.531,4.4599,101.549,5.3892,101.522,5.11738,100.514,1
148,8880,45,20.5739,-15.1421,41.2391,-105.242,41.7617,-105.381,41.1287,-106.074,40.6983,-105.128,41.3476,-104.487,1
148,8880,54,37.3281,-4.26485,-22.1642,127.496,-22.1104,126.728,-23.0089,127.678,-22.2335,128.366,-21.4309,127.339,1
148,8880,64,-14.6427,17.0815,-31.9703,6.38656,-31.4708,6.4169,-31.9284,5.76866,-32.4693,6.37852,-32.0286,7.0561,1
148,8880,67,33.6189,23.829,-25.8338,143.367,-25.9917,142.529,-26.4405,143.593,-25.6136,144.354,-25.2508,143.201,3
148,8880,71,27.7627,-15.3393,65.1082,-113.01,65.41,-114.198,64.4567,-113.848,64.7593,-111.816,65.6875,-112.263,1
148,8880,78,-38.6112,8.90299,-20.189,163.637,-20.3042,162.791,-20.8953,164.001,-20.0652,164.379,-19.3571,163.221,1
148,8880,97,-33.707,12.2066,29.9078,6.17069,30.5648,6.25563,29.8407,5.38783,29.3051,6.1167,29.9675,7.07261,2
148,8880,105,26.6461,-18.2391,75.9925,-108.227,75.7954,-110.354,75.3104,-107.272,76.1519,-105.915,76.5847,-109.215,1
148,8880,124,11.3945,-14.7215,-76.5726,-114.34,-76.7859,-116.492,-77.1297,-113.438,-76.3577,-112.228,-76.0537,-115.174,1
148,8880,146,23.8488,-23.9776,-1.92877,120.318,-1.48008,120.715,-1.3242,119.786,-2.3574,119.888,-2.44004,120.801,1
148,8880,157,-35.0564,18.7003,44.7546,15.9432,45.1206,15.1326,44.0453,15.5446,44.4407,16.7046,45.5808,16.4529,1
148,8880,160,38.1013,5.86034,40.2736,94.6495,40.9647,94.3142,39.7996,93.8366,39.4719,95.0332,40.6761,95.3862,1
148,8880,168,-3.8691,22.4974,27.9827,6.99973,27.9957,6.40884,27.4554,6.90618,27.9911,7.61919,28.5431,7.12758,2
148,8880,172,-24.676,21.7615,-44.1948,179.974,-43.8007,-179.43,-43.7093,179.351,-44.5994,179.415,-44.7594,-179.329,1
149,8940,11,-9.69494,17.252,-39.4364,-65.322,-38.9617,-65.4665,-39.5258,-65.9658,-39.9128,-65.1506,-39.3529,-64.6312,1
149,8940,13,-40.4656,-1.70474,-33.3963,25.8059,-33.1085,24.8537,-34.1087,25.7937,-33.6342,26.6295,-32.5715,25.8089,1
149,8940,20,-37.8442,-15.2297,27.5366,87.1101,27.0241,86.3208,27.1156,87.6217,27.9562,87.7921,27.9801,86.5151,1
149,8940,35,35.1335,-15.934,26.5391,-78.0958,26.8747,-77.5423,27.1447,-78.722,26.1936,-78.7144,26.0276,-77.5535,1
149,8940,67,34.7576,-3.95958,-25.2735,143.741,-25.2719,143.058,-25.9838,143.921,-25.281,144.504,-24.6467,143.583,10
149,8940,71,-24.2453,-10.1718,71.0502,-105.339,71.4059,-107.051,70.5678,-106.185,70.7067,-103.854,71.5618,-104.442,1
149,8940,97,-40.065,2.36591,28.7339,8.9672,29.5536,9.10149,28.5939,8.14197,28.0222,8.86253,28.8934,9.93017,6
149,8940,104,29.9205,-22.2318,43.8933,-123.213,43.5677,-123.883,43.1946,-122.601,44.1983,-122.476,44.4793,-123.775,1
149,8940,108,31.8283,-17.9594,-8.77335,47.5651,-8.39172,48.0216,-8.19139,46.9941,-9.15705,47.0562,-9.26378,48.0716,1
149,8940,114,13.3128,-20.2241,-8.70613,-117.06,-8.7853,-117.542,-9.25959,-117.048,-8.64833,-116.581,-8.19916,-117.088,1
149,8940,124,-33.7617,20.3102,-67.7926,-118.67,-67.8837,-120.537,-68.5705,-118.012,-67.6514,-116.97,-66.8645,-119.334,1
149,8940,127,32.0758,-10.9298,33.7754,-85.6742,33.4722,-86.3499,33.1257,-85.0996,34.0829,-84.9218,34.3377,-86.1949,1
149,8940,132,-32.342,24.2126,46.6081,62.5435,47.2855,62.5826,46.5614,61.3533,45.9655,62.5729,46.6182,63.9608,1
149,8940,145,26.9456,-20.1376,29.7351,116.717,30.1799,117.185,30.2901,116.041,29.2937,116.207,29.2617,117.316,1
149,8940,155,-33.3627,-6.5171,-1.21631,-45.3972,-1.187,-46.1373,-1.82321,-45.3035,-1.2461,-44.7438,-0.54856,-45.5133,1
149,8940,160,24.9811,9.32027,40.3882,100.084,40.9324,99.8024,40.1182,99.4102,39.7914,100.398,40.6282,100.732,1
149,8940,168,-17.1265,16.5099,30.9881,8.72685,31.0597,8.11401,30.4339,8.63495,30.9342,9.33439,31.5908,8.84755,1
149,8940,171,-37.7412,12.8603,-11.2353,-179.629,-10.8233,-178.981,-10.7151,179.773,-11.6234,179.803,-11.8558,-178.932,1
149,8940,182,31.6972,-16.1198,-46.1661,-141.448,-45.6366,-141.206,-45.9991,-142.488,-46.7254,-141.747,-46.2902,-140.533,1
149,8940,187,-14.4506,-23.5998,44.787,40.1244,44.6041,39.3213,44.2841,40.2021,44.9273,40.8627,45.2768,40.0095,1
149,8940,192,29.9358,-20.8084,56.0135,176.675,56.6476,176.902,56.1737,175.073,55.354,176.376,55.8804,178.049,1
150,9000,42,-32.5225,-19.3457,17.0995,131.55,16.9512,130.66,16.5043,131.697,17.2053,132.316,17.7273,131.355,1
150,9000,60,-37.0357,13.826,58.3865,-121.595,58.9201,-122.472,57.7838,-122.395,57.9166,-120.793,59.079,-120.6,1
150,9000,67,30.7445,-18.0849,-23.1081,144.633,-23.1236,144.016,-23.8761,144.702,-23.1181,145.29,-22.4427,144.557,1
150,9000,98,37.2291,9.63746,-5.79265,32.2697,-5.07294,32.3468,-5.91274,31.5463,-6.63047,32.188,-5.70245,32.9182,1
150,9000,107,32.4997,-19.0933,23.4934,45.424,23.8926,45.9107,24.0782,44.7657,23.0899,44.8826,23.0021,45.9978,7
150,9000,114,-34.4185,21.6901,0.0333811,-115.941,0.0771527,-116.556,-0.684459,-115.886,0.0278295,-115.366,0.884009,-115.983,1
150,9000,117,-31.3575,16.8624,52.8058,3.36648,53.3646,3.10203,52.5457,2.41329,52.2896,3.64537,53.0798,4.4859,1
150,9000,140,30.9291,-18.2789,-26.3594,-56.5208,-26.7216,-57.094,-27.0315,-55.9197,-25.9986,-55.8935,-25.7875,-57.0504,1
150,9000,154,25.9627,-22.7421,-28.7753,-67.0837,-28.7039,-67.7222,-29.5259,-67.2612,-28.8797,-66.4329,-28.117,-66.955,1
150,9000,168,0.502631,-23.806,29.789,9.66209,29.7796,9.01157,29.2357,9.51462,29.7705,10.2737,30.313,9.77439,1
150,9000,178,31.2836,-23.061,82.2625,21.4447,82.0905,17.1266,81.3888,22.8465,82.353,26.2116,82.9952,19.8009,1
151,9060,20,8.41265,21.4436,37.6152,94.0851,37.3132,93.5801,37.2029,94.3953,37.9549,94.6191,38.0501,93.7864,3
151,9060,28,-37.6807,-9.6805,-35.0548,74.4676,-35.422,73.5889,-35.5233,74.9706,-34.7403,75.2201,-34.5396,73.893,1
151,9060,38,26.9239,-23.2044,-84.6161,-150.466,-84.8837,-145.276,-83.9944,-146.217,-84.2723,-155.049,-85.1399,-154.819,1
151,9060,47,38.2014,-11.1503,-21.1551,-46.2694,-20.5009,-46.0599,-21.1086,-47.2444,-21.8828,-46.5326,-21.1816,-45.4389,1
151,9060,95,31.5734,-24.3689,42.485,-76.6476,42.8422,-77.2986,41.7859,-77.3937,42.0726,-76.0099,43.0874,-76.0281,1
151,9060,98,38.8876,-3.01726,-7.70401,33.4727,-7.02481,33.6153,-7.77875,32.6378,-8.47891,33.2986,-7.63939,34.194,2
151,9060,117,28.0521,-24.3117,47.8931,0.204306,48.3809,-0.128131,47.6323,-0.853841,47.3756,0.491028,48.1304,1.11352,1
151,9060,118,29.9802,21.4852,25.1012,42.8342,25.7522,42.8005,25.0287,42.2141,24.3486,42.8969,25.1369,43.4289,1
151,9060,144,-39.0575,-4.90458,57.1072,123.213,57.6872,124.551,57.5163,122.05,56.5994,122.099,56.639,124.529,4
151,9060,160,-37.8661,-6.1925,43.35,110.484,44.1888,110.289,43.0598,109.632,42.6255,110.644,43.6848,111.448,1
151,9060,165,39.2193,-3.9026,-43.4025,-69.0774,-43.1011,-69.9676,-44.2645,-69.2332,-43.7507,-68.0539,-42.661,-68.9463,1
151,9060,166,-26.328,-3.80785,-15.7456,-40.7888,-15.7108,-41.4433,-16.3059,-40.7513,-15.7778,-40.19,-15.1431,-40.836,1
151,9060,179,-33.7591,-13.0333,55.9661,-178.433,56.4894,-177.292,56.3759,-179.283,55.5127,-179.411,55.5302,-177.497,1
151,9060,186,34.9981,-21.5847,18.0175,26.5145,17.9298,25.9006,17.1565,26.7146,18.0708,27.1814,18.7381,26.3243,1
152,9120,2,-28.3808,-24.1637,65.8442,-158.821,66.7603,-158.581,65.9476,-160.371,65.0629,-159.073,65.7652,-157.215,1
152,9120,20,6.81723,-20.1028,37.9213,93.751,37.6303,93.2521,37.4511,94.0476,38.1854,94.2531,38.3516,93.4504,3
152,9120,27,31.0256,-15.8722,-68.2519,68.8434,-68.4279,67.4355,-68.9116,69.6629,-68.0734,70.347,-67.6779,68.1325,1
152,9120,41,-31.4107,14.8446,-2.44572,115.684,-2.41653,115.041,-3.12752,115.762,-2.449,116.283,-1.66297,115.61,1
152,9120,47,31.9837,-22.2812,-22.6055,-44.0423,-22.0048,-43.9147,-22.441,-44.9935,-23.232,-44.2218,-22.7196,-43.2277,1
152,9120,67,37.8642,-11.6656,-17.0865,150.029,-17.0704,149.353,-17.9306,150.215,-17.1258,150.784,-16.3684,149.861,1
152,9120,70,-35.1359,7.65897,58.894,-154.403,58.8973,-155.82,58.2002,-154.096,58.8926,-153.13,59.6898,-154.76,1
152,9120,78,-35.3698,19.0164,-5.44106,169.456,-5.57745,168.754,-6.18602,169.761,-5.28028,170.094,-4.55092,169.116,1
152,9120,81,-34.7087,-0.586901,-3.04955,18.829,-2.41427,19.1083,-2.93883,18.2251,-3.61537,18.583,-3.16891,19.5079,1
152,9120,88,-38.601,-10.5823,62.7489,-108.082,63.0362,-109.843,62.1078,-108.229,62.4798,-106.615,63.4729,-107.958,1
152,9120,94,24.3612,20.0119,31.6908,-109.038,31.7619,-109.764,31.1344,-109.097,31.6262,-108.216,32.2285,-108.947,1
152,9120,98,33.2431,-24.2864,-8.25035,34.7515,-7.6468,34.8453,-8.10725,33.8209,-8.88093,34.6062,-8.34566,35.5368,1
152,9120,117,-33.5069,-19.7897,51.5312,9.04902,52.2635,8.51061,51.262,8.255,50.8968,9.47014,51.8429,9.88572,1
152,9120,118,23.855,-4.95966,24.612,44.0777,25.1051,44.1287,24.6148,43.4679,24.0884,44.0164,24.6104,44.6398,6
152,9120,129,-28.0324,-20.0027,63.1811,80.0369,63.8746,81.047,63.5095,78.8903,62.5824,79.1599,62.8567,81.2481,2
152,9120,154,34.7274,-12.3676,-23.8634,-59.718,-23.7463,-60.3867,-24.6804,-59.7303,-24.0114,-58.9868,-23.1563,-59.7189,1
152,9120,165,-35.5416,-0.356187,-34.5969,-69.7073,-34.3101,-70.5563,-35.2573,-69.8177,-34.8421,-68.9499,-33.8503,-69.5909,1
152,9120,166,-37.7622,7.01225,-11.2334,-38.5132,-11.0862,-39.2833,-11.9665,-38.4402,-11.3474,-37.8279,-10.3822,-38.5929,1
152,9120,188,34.6576,0.854119,59.9406,123.516,60.5096,123.078,59.556,122.409,59.298,123.986,60.272,124.529,1
152,9120,190,-32.1468,-22.3251,53.7336,50.8551,53.3121,49.3521,53.1289,51.3373,54.0539,52.1662,54.3511,50.2589,1
152,9120,194,30.4632,-15.7771,-20.8642,-145.075,-20.3276,-144.695,-20.4482,-145.87,-21.4203,-145.51,-21.2104,-144.371,1
152,9120,199,36.7452,16.2276,22.011,43.7895,21.6671,42.9368,21.3776,44.305,22.4301,44.7982,22.6022,43.349,1
153,9180,0,32.3527,-22.7944,39.792,67.2504,39.6117,66.414,38.8352,67.6046,39.9306,68.1553,40.592,66.9135,1
153,9180,1,24.204,22.8088,71.4341,120.772,71.6907,118.655,70.8547,120.046,71.1374,123.154,71.9842,121.636,1
153,9180,7,36.221,-16.8433,-62.4535,28.0094,-62.5571,26.4972,-63.4097,28.7167,-62.358,29.6738,-61.6488,27.4139,1
153,9180,11,-10.869,24.1995,-46.0774,-46.6426,-45.6314,-46.9905,-46.2711,-47.3767,-46.5229,-46.2425,-45.8823,-45.8302,1
153,9180,30,-40.549,0.147524,-9.73304,99.5795,-10.2313,98.9139,-10.1261,100.18,-9.29833,100.148,-9.28026,98.8799,1
153,9180,68,-32.6532,21.6004,22.2453,169.638,22.2665,168.962,21.5193,169.704,22.2584,170.274,23.0998,169.585,1
153,9180,70,-15.7278,12.6635,60.6504,-146.096,60.6499,-147.186,60.1015,-146.086,60.6574,-145.025,61.2416,-146.081,1
153,9180,73,33.5949,-19.7159,6.16616,-10.8135,6.7077,-10.4787,6.58298,-11.6326,5.6042,-11.2049,5.82772,-10.1093,1
153,9180,79,33.9667,-15.1753,25.1304,-170.191,25.0035,-170.88,24.3146,-169.88,25.2363,-169.433,25.8275,-170.476,1
153,9180,81,33.8313,-13.1421,-8.28506,14.0167,-7.76134,14.274,-8.05668,13.2806,-8.84635,13.7149,-8.47189,14.6599,1
153,9180,88,32.5145,-23.658,57.4201,-98.3393,57.7256,-99.2585,56.6864,-99.1818,57.0564,-97.4284,58.0482,-97.6348,1
153,9180,94,-37.0847,6.88379,38.0416,-110.869,38.2939,-111.749,37.3387,-110.94,37.8246,-110.086,38.8527,-110.78,1
153,9180,115,-38.8625,11.1739,36.195,-85.5481,36.3517,-86.4032,35.484,-85.4913,36.0701,-84.7863,37.0313,-85.6041,1
153,9180,118,31.4151,-22.1503,22.5675,44.6932,23.1126,44.7785,22.6752,43.8442,21.9984,44.5664,22.4912,45.4218,3
153,9180,127,21.4036,-23.3718,47.4981,-85.08,47.1649,-85.7973,46.8122,-84.5872,47.7992,-84.3217,48.0907,-85.557,1
153,9180,133,-26.6684,17.4142,8.8711,100.031,9.46146,100.198,8.99925,99.366,8.30042,99.8975,8.70611,100.779,1
153,9180,140,-29.4024,-24.387,-15.4096,-63.0395,-16.0819,-63.6906,-15.8657,-62.5875,-14.8524,-62.4692,-14.9673,-63.5392,1
153,9180,148,-32.6981,-19.422,-81.8018,-128.48,-81.4282,-134.231,-82.4159,-129.937,-82.0697,-123.226,-81.1293,-127.379,1
153,9180,160,37.0629,-6.38814,32.8111,113.087,33.4821,113.038,32.5513,112.149,32.0548,113.124,33.0336,113.903,1
153,9180,165,-34.3462,2.57504,-32.6079,-65.6802,-32.3591,-66.4801,-33.2637,-65.7709,-32.8196,-64.958,-31.8675,-65.5804,1
153,9180,187,-17.0474,-15.6535,56.93,55.7072,56.9189,54.6807,56.4465,55.6668,56.9195,56.6504,57.4206,55.7169,1
153,9180,188,39.0393,-11.8483,58.5467,127.347,59.1745,127.095,58.1595,125.871,57.8346,127.577,58.8697,128.617,1
153,9180,198,27.8922,21.5564,-7.65703,31.8818,-8.05226,31.2295,-8.19935,32.2597,-7.17753,32.6198,-7.11526,31.5508,6
153,9180,199,35.854,3.92389,24.0886,44.2279,23.8592,43.4414,23.4016,44.7065,24.3462,45.1307,24.7032,43.8085,7
154,9240,8,-35.1915,13.2871,-19.0994,39.3323,-19.306,38.5543,-19.7966,39.7436,-18.8843,40.0285,-18.2792,38.8706,1
154,9240,18,37.6454,-5.05848,21.9981,-138.839,22.6454,-138.743,21.8924,-139.689,21.2675,-138.959,22.0878,-138.1,1
154,9240,20,33.3501,-20.8757,44.2182,98.8821,44.0108,98.1386,43.4604,99.347,44.4011,99.6992,44.8542,98.4528,1
154,9240,26,33.5301,20.2135,-82.4723,-36.6962,-81.7957,-38.0762,-82.708,-41.1022,-83.2523,-34.5579,-82.2439,-32.7397,1
154,9240,50,34.4178,10.8907,-29.204,-20.4698,-28.4712,-20.3996,-29.3037,-21.2927,-30.0488,-20.5398,-29.1289,-19.7212,1
154,9240,54,21.822,-23.6159,-4.99295,137.746,-5.06241,137.164,-5.75495,137.731,-4.95752,138.335,-4.32181,137.735,1
154,9240,60,-36.6127,13.4182,57.3122,-94.1344,57.9751,-94.5232,56.929,-95.2689,56.72,-93.755,57.7357,-92.7656,1
154,9240,72,-17.2932,-18.4131,37.3504,-19.6927,37.9717,-19.4882,37.5329,-20.3349,36.7895,-19.8968,37.1852,-19.0396,1
154,9240,80,-35.0006,21.5472,20.0099,6.11055,20.5736,6.44409,20.2632,5.35571,19.4695,5.83807,19.6831,6.99481,1
154,9240,94,38.2385,-5.54436,32.9714,-103.493,33.2429,-104.232,32.1471,-103.632,32.6454,-102.668,33.6828,-103.374,1
154,9240,120,33.8333,-11.2573,18.3362,79.2467,18.7934,79.7472,18.8356,78.523,17.8492,78.684,17.9075,79.8787,2
154,9240,121,-36.7711,9.87412,-18.9818,91.3494,-18.4666,91.9735,-18.5478,90.6636,-19.4556,90.8026,-19.491,92.147,1
154,9240,131,-35.8393,-15.2487,56.661,29.6565,57.4454,28.7458,56.214,28.7545,55.9807,30.3812,57.169,30.6352,1
154,9240,134,24.9882,16.1966,-25.778,120.114,-25.1363,120.161,-25.7788,119.45,-26.4984,120.081,-25.7977,120.752,1
154,9240,136,21.261,-24.3082,-55.0833,-152.341,-54.7677,-153.193,-55.6492,-153.231,-55.4233,-151.508,-54.5645,-151.61,1
154,9240,138,38.4309,-6.25807,-8.84192,-78.2284,-8.8262,-78.9596,-9.71525,-77.9941,-8.87505,-77.3978,-8.09262,-78.4313,1
154,9240,146,25.8368,-12.3495,-25.6485,120.235,-25.2409,120.699,-25.1648,119.657,-26.0633,119.728,-26.0724,120.767,1
154,9240,154,32.4056,-16.1095,-18.6637,-54.911,-18.5819,-55.5358,-19.4687,-54.9409,-18.777,-54.2415,-17.9659,-54.9006,1
154,9240,158,-18.5351,8.82937,38.563,94.0053,39.0818,93.8747,38.4314,93.3476,38.064,94.1427,38.6927,94.7179,3
154,9240,159,26.7965,-23.5407,15.0939,120.421,15.6651,120.431,15.1707,119.605,14.5086,120.373,15.0474,121.129,1
154,9240,167,-24.9126,-22.7035,17.1941,-9.96698,17.0871,-10.7549,16.6275,-9.93808,17.2637,-9.27425,17.7708,-10.0325,1
154,9240,173,-32.3179,-18.849,-80.7798,-26.9161,-81.1322,-31.8928,-81.3026,-24.8561,-80.4421,-22.9025,-80.2258,-29.0503,1
154,9240,185,36.4284,6.0567,-1.46008,16.1593,-1.62627,15.5263,-2.05739,16.5012,-1.26583,16.8843,-0.921563,15.8643,1
154,9240,186,38.3345,13.0635,30.8481,34.4712,30.7183,33.6357,30.2141,34.8276,31.0063,35.4559,31.4235,34.1731,1
154,9240,188,-32.4965,-24.3833,63.5416,138.115,64.3497,137.415,63.3436,136.909,62.8493,138.629,63.7788,139.37,1
154,9240,189,-13.1655,-20.3526,34.6934,175.484,35.251,175.585,34.8344,174.911,34.1849,175.372,34.5725,176.056,1
154,9240,190,-25.0835,13.7988,63.2566,63.3874,63.2204,61.9883,62.5996,63.5816,63.2993,64.7213,63.9912,63.1936,1
154,9240,191,33.7826,3.06001,65.1777,152.016,65.8828,151.705,64.8599,150.34,64.3807,152.347,65.4384,153.559,1
154,9240,198,25.6131,-16.2029,-8.04248,31.1955,-8.28409,30.6325,-8.74424,31.5145,-7.81336,31.7934,-7.42539,30.8982,4
154,9240,199,36.3943,-7.94545,26.1845,45.0134,26.0168,44.2313,25.371,45.4691,26.3483,45.8975,26.8838,44.6093,3
155,9300,8,31.2334,16.4393,-17.2328,47.5439,-17.6212,46.8651,-17.7671,48.0079,-16.7664,48.3126,-16.7154,47.1371,1
155,9300,9,-33.7937,9.15193,18.5232,49.9856,18.2605,49.2476,17.9007,50.4138,18.7755,50.6502,19.239,49.499,1
155,9300,13,-24.832,16.3907,-18.9632,46.5227,-18.9136,45.9445,-19.5532,46.5077,-18.9878,47.08,-18.3032,46.5563,1
155,9300,30,-8.49454,21.6667,-0.142623,102.079,-0.513643,101.759,-0.515975,102.43,0.25453,102.39,0.275117,101.715,1
155,9300,34,20.1188,-21.965,40.0457,-77.1527,40.3972,-76.6581,40.5682,-77.6518,39.7105,-77.6691,39.5891,-76.6931,1
155,9300,38,-31.5845,-19.486,-75.986,101.795,-76.5688,99.5545,-76.3331,103.667,-75.4797,103.636,-75.6264,99.822,1
155,9300,40,-36.31,8.28828,-21.3059,97.6004,-21.1852,96.8205,-22.0225,97.6775,-21.395,98.3018,-20.4779,97.5192,1
155,9300,44,-29.6676,20.4945,48.3857,-110.841,49.0014,-110.961,48.2301,-111.878,47.805,-110.682,48.5316,-109.628,1
155,9300,53,-32.9447,15.2541,-22.7423,114.294,-22.6234,113.555,-23.4851,114.303,-22.8227,114.982,-21.8831,114.302,1
155,9300,57,36.2964,-14.0349,44.6145,-105.764,45.271,-106.015,44.2032,-106.932,43.8802,-105.533,44.9669,-104.762,1
155,9300,80,21.2786,23.4255,14.2949,2.95409,14.8808,3.06315,14.4117,2.42511,13.6293,2.85565,14.1485,3.47172,2
155,9300,100,34.3758,-12.034,-76.0609,-127.73,-76.4406,-129.772,-76.5762,-125.131,-75.6425,-125.556,-75.6003,-129.862,1
155,9300,104,20.8166,-1.55888,68.6096,-119.343,68.34,-120.557,68.1481,-118.483,68.8827,-118.021,69.0379,-120.183,1
155,9300,108,-35.1516,12.5643,-34.2672,54.8104,-33.8292,55.4509,-33.8308,54.1314,-34.6786,54.2398,-34.7778,55.597,1
155,9300,120,38.9971,-8.48039,14.2872,78.7161,14.7732,79.2942,14.8087,77.8817,13.7499,78.0471,13.8458,79.4258,1
155,9300,132,36.0726,8.8366,27.4714,74.5986,28.2157,74.6642,27.3326,73.7593,26.6107,74.5323,27.5743,75.3558,1
155,9300,144,-28.7128,-22.6001,44.0386,120.714,44.7478,121.43,44.417,120.029,43.4383,120.086,43.6728,121.451,1
155,9300,145,37.9034,-9.95554,6.27692,116.086,6.72723,116.647,6.83867,115.328,5.78786,115.441,5.80263,116.737,1
155,9300,148,-36.913,5.94755,-74.3711,-91.0332,-74.3885,-94.0019,-75.0862,-90.0953,-74.3085,-88.4164,-73.5403,-92.0062,1
155,9300,154,-16.1368,-9.76467,-12.1732,-55.1084,-12.184,-55.6798,-12.6768,-55.1001,-12.1705,-54.5745,-11.657,-55.1286,1
155,9300,157,-38.3185,-13.7367,50.4131,47.1698,51.0666,46.1292,49.8458,46.614,49.8458,48.014,51.0604,47.7682,1
155,9300,158,-27.0999,-3.21143,37.9025,97.2239,38.5229,97.096,37.7413,96.5446,37.3355,97.3374,38.0782,97.9593,1
155,9300,167,28.5437,1.1637,17.9832,-1.86365,18.0391,-2.48067,17.3468,-1.82412,17.9183,-1.18752,18.5663,-1.8961,1
155,9300,170,38.3045,13.3439,2.02916,170.699,2.57383,171.285,2.42483,170.038,1.37482,170.015,1.65361,171.273,1
155,9300,172,-36.7775,-10.6501,-66.852,-174.968,-66.1603,-173.638,-66.5592,-176.483,-67.4314,-176.188,-67.1404,-173.214,1
155,9300,185,-38.5748,7.06018,5.16879,11.0518,5.06303,10.329,4.54074,11.3508,5.27512,11.6881,5.90096,10.7074,1
155,9300,187,-18.8036,-0.782208,62.3044,69.2847,62.4479,68.2222,61.8336,69.0499,62.1616,70.2801,62.8007,69.5363,1
155,9300,198,31.194,21.3019,-0.634067,34.09,-1.04542,33.3956,-1.19281,34.5059,-0.130059,34.8896,-0.0832863,33.7294,1
156,9360,0,-34.0745,-20.445,53.1252,62.9804,52.6403,61.5269,52.5507,63.5869,53.5018,64.2486,53.7157,62.2484,1
156,9360,9,-31.831,14.3471,22.6209,51.1978,22.3746,50.4833,21.9735,51.6027,22.8698,51.8517,23.3712,50.7428,1
156,9360,16,-36.9183,-11.3121,52.469,142.744,52.9612,141.638,51.8929,142.322,52.0313,143.665,53.1179,143.193,1
156,9360,22,-19.0641,1.21516,51.6997,-105.107,52.1221,-104.647,51.9403,-105.79,51.296,-105.533,51.4404,-104.392,1
156,9360,23,30.377,-18.6047,17.4849,-101.422,17.9023,-101.053,17.9384,-102.037,17.0605,-101.835,17.102,-100.88,1
156,9360,29,-19.6611,21.6046,21.4976,86.5099,21.2223,86.0525,21.0145,86.8157,21.7916,86.9508,22.0467,86.1857,1
156,9360,31,-14.4353,22.6165,39.6849,98.644,39.3032,98.2224,39.2944,99.1352,40.0876,99.0506,40.1286,98.1169,1
156,9360,40,-37.2445,11.0025,-18.2124,100.193,-18.0878,99.4173,-18.963,100.276,-18.3004,100.891,-17.3345,100.107,1
156,9360,41,-12.5989,17.3446,8.21824,125.57,8.16464,125.049,7.67763,125.605,8.29116,126.09,8.80301,125.549,1
156,9360,42,-21.0174,-3.20885,34.3587,149.407,34.3853,148.707,33.8279,149.421,34.3285,150.061,34.9197,149.387,1
156,9360,53,-31.1133,-6.45321,-21.96,115.25,-21.9359,114.448,-22.5802,115.341,-21.9825,115.965,-21.2837,115.139,1
156,9360,59,29.5015,-11.7387,-4.98502,-41.3164,-4.39408,-41.1814,-4.89476,-42.0699,-5.61475,-41.4813,-5.05392,-40.6473,1
156,9360,60,30.314,-7.34439,49.552,-89.2192,50.0858,-89.5077,49.238,-90.1347,48.9676,-88.9305,49.8312,-88.3943,1
156,9360,66,-20.5628,22.5249,-27.3787,132.632,-27.3842,132.034,-27.9735,132.613,-27.3416,133.225,-26.7111,132.68,1
156,9360,80,28.6479,-10.5661,13.4052,2.3468,13.9062,2.54936,13.5808,1.69712,12.8742,2.11607,13.2549,2.92914,2
156,9360,89,35.8416,3.65675,41.4313,-20.9515,42.0675,-20.8226,41.3543,-21.8728,40.707,-21.0942,41.4857,-20.1278,1
156,9360,96,35.9248,12.6998,28.0837,-5.78458,28.7999,-5.88143,27.838,-6.52259,27.2518,-5.65971,28.2816,-5.10582,1
156,9360,122,19.7813,-17.9024,-59.8964,91.021,-59.445,91.6946,-59.4417,90.0057,-60.3364,90.2779,-60.2868,91.9844,1
156,9360,129,22.3005,12.109,44.2165,75.6537,44.72,76.132,44.5085,74.9372,43.6542,75.1516,43.918,76.3225,1
156,9360,132,-36.4529,-3.94027,30.9897,82.6466,31.8072,82.8272,30.939,81.8369,30.2761,82.4911,31.0525,83.5602,1
156,9360,137,34.5301,-1.83783,-30.6207,-97.416,-30.5886,-98.1981,-31.3823,-97.247,-30.6585,-96.539,-29.9458,-97.5614,1
156,9360,143,37.742,-5.71916,72.2576,92.4378,72.901,93.5428,72.4099,89.5355,71.5283,91.231,72.0946,94.9001,1
156,9360,145,32.8163,-24.3384,4.30231,116.712,4.75226,117.193,5.03975,116.025,3.86398,116.171,3.70085,117.305,1
156,9360,153,17.5526,15.0897,-34.0225,-78.1112,-33.951,-78.7667,-34.5425,-78.1851,-34.0818,-77.394,-33.5137,-78.0182,1
156,9360,160,-21.1905,-24.2394,31.8849,125.553,32.5906,125.345,31.8348,124.896,31.2573,125.706,31.9656,126.207,1
156,9360,177,11.539,22.6042,74.2486,-0.971895,73.8368,-2.39396,73.8367,0.248367,74.7051,0.605112,74.6809,-2.20943,1
156,9360,190,-34.4041,-15.8256,67.2277,66.5246,67.1021,64.1053,66.5628,66.9563,67.2906,68.614,67.9426,65.9398,2
157,9420,6,33.2092,4.123,-76.4415,-10.062,-76.1918,-12.864,-77.1914,-10.4517,-76.6831,-6.78347,-75.7665,-9.70581,1
157,9420,9,-10.3238,-24.3291,21.5869,53.3399,21.1744,52.7621,21.0415,53.6007,21.9397,53.8848,22.0995,53.0564,1
157,9420,14,-33.1988,12.9523,14.1749,74.3466,14.2408,73.6913,13.5124,74.4075,14.133,74.95,14.9364,74.2891,1
157,9420,16,-7.08005,-24.3654,49.8684,147.678,50.1569,146.903,49.4883,147.11,49.5792,148.364,50.2471,148.2,1
157,9420,29,0.793926,24.2123,25.0671,88.8455,24.7545,88.4218,24.6407,89.1177,25.4181,89.2827,25.5317,88.5778,1
157,9420,31,-17.8547,8.82818,42.1884,97.7179,41.8193,97.2607,41.8633,98.2364,42.5505,98.1556,42.5405,97.1623,4
157,9420,32,-20.1114,-19.4573,75.1417,84.8254,74.5614,83.9518,74.9056,86.5667,75.6541,85.7336,75.3455,82.9673,1
157,9420,35,-27.1988,-19.3353,-3.84509,-75.4759,-3.32498,-74.9914,-3.47466,-75.8653,-4.28979,-75.9143,-4.21058,-75.0507,1
157,9420,36,-36.3068,-13.0397,-40.3037,-75.4786,-39.7379,-74.7024,-39.9446,-76.1273,-40.777,-76.1644,-40.6767,-74.7348,1
157,9420,37,9.78088,19.3162,-78.6897,-96.0245,-78.427,-93.8435,-78.2522,-97.0714,-78.9701,-98.4375,-79.1405,-94.9693,1
157,9420,38,-27.6918,-21.3957,-68.5181,102.518,-69.0978,101.241,-68.8639,103.673,-68.0176,103.618,-68.1753,101.3,1
157,9420,42,-30.2561,24.2066,39.6502,154.499,39.7859,153.7,38.907,154.338,39.5554,155.274,40.5177,154.73,1
157,9420,53,-35.3683,9.83739,-17.495,118.576,-17.3887,117.802,-18.2357,118.656,-17.5695,119.276,-16.639,118.492,1
157,9420,59,26.5532,-22.1762,-6.81819,-39.6808,-6.22711,-39.581,-6.6326,-40.4826,-7.42088,-39.8202,-6.95697,-38.9783,1
157,9420,66,-40.3929,-2.16231,-24.7536,131.468,-24.6713,130.536,-25.4459,131.649,-24.8169,132.268,-23.9552,131.25,1
157,9420,72,-39.3823,-3.34777,26.7689,-11.6487,27.5295,-11.1251,26.9418,-12.4524,26.1129,-12.0917,26.5766,-10.7251,1
157,9420,80,23.8203,-1.69528,9.58001,4.83167,10.0637,5.00738,9.71498,4.28077,9.06339,4.64084,9.45409,5.34252,1
157,9420,81,27.0328,-19.9588,-20.8121,20.7881,-20.309,20.9839,-20.5513,20.0801,-21.3247,20.5543,-21.0219,21.4177,1
157,9420,88,38.8704,-0.385304,57.987,-66.0458,58.5924,-66.6152,57.4476,-67.1009,57.2861,-65.4252,58.4456,-65.0969,1
157,9420,89,-19.5954,22.7279,40.3425,-11.3731,40.8486,-11.2354,40.4862,-12.1066,39.8323,-11.4723,40.1542,-10.563,1
157,9420,114,-30.0033,21.5572,20.6783,-100.687,20.7028,-101.292,20.026,-100.664,20.6842,-100.11,21.4344,-100.691,1
157,9420,117,13.3045,-23.5518,37.9397,27.6127,38.4281,27.501,37.9508,26.8779,37.4581,27.6888,37.9462,28.2795,1
157,9420,123,-11.5713,-14.8194,-77.6063,-129.88,-77.7374,-132.6,-78.1388,-129.447,-77.4737,-127.375,-77.0769,-130.354,1
157,9420,130,31.6987,22.6599,49.266,-5.17059,49.616,-6.2576,48.6423,-5.53706,48.8649,-3.8921,49.8392,-4.75675,1
157,9420,132,-34.7429,2.63476,27.3793,85.4654,28.113,85.6711,27.3771,84.6852,26.7225,85.2925,27.3775,86.3488,1
157,9420,138,39.4909,-5.77335,0.183212,-72.1926,0.209595,-72.9357,-0.715354,-71.9481,0.135898,-71.3423,0.950033,-72.403,1
157,9420,147,19.5027,-15.2834,-72.4041,127.588,-71.9632,128.699,-71.9719,125.961,-72.8354,126.341,-72.7743,129.169,1
157,9420,149,-33.3364,21.9418,-30.8747,-66.4194,-31.1892,-67.1508,-31.553,-65.8734,-30.5401,-65.7625,-30.0538,-67.0308,1
157,9420,156,-35.8171,11.4136,43.6128,10.071,43.9593,9.21938,42.9208,9.80449,43.3123,10.845,44.4115,10.4022,1
157,9420,167,36.9085,-4.50421,21.8329,3.8549,21.9827,3.14601,21.0202,3.8828,21.6486,4.65027,22.5406,3.82923,1
157,9420,172,-33.009,-7.19214,-74.7616,-172.313,-74.1366,-170.722,-74.4929,-174.436,-75.3004,-173.843,-75.0205,-169.874,1
157,9420,185,-31.8013,12.7733,12.1316,14.8135,12.0199,14.2094,11.5462,15.0377,12.2518,15.3689,12.8023,14.5684,1
157,9420,197,-39.4702,0.0437537,-27.33,15.138,-27.5311,14.1103,-28.019,15.6106,-27.1437,16.0196,-26.5334,14.5896,1
157,9420,198,-18.1493,-16.3328,4.0398,29.6991,3.68772,29.1185,3.53214,29.9683,4.34648,30.2371,4.54465,29.4055,1
158,9480,1,30.5984,19.9361,67.6961,173.233,68.4494,172.721,67.4505,171.559,66.8244,173.846,67.8778,174.873,1
158,9480,14,-25.5174,-10.2373,14.733,75.8022,14.6887,75.1569,14.2108,75.8774,14.7632,76.3871,15.2836,75.7078,1
158,9480,15,-26.3914,-23.923,38.8255,103.955,38.8284,102.975,38.2756,103.883,38.7943,104.804,39.3915,103.985,1
158,9480,20,33.6347,-19.4399,58.641,106.442,58.508,105.372,57.8615,106.901,58.7416,107.613,59.3002,106.002,1
158,9480,21,25.7879,17.4778,74.0491,-142.985,74.6325,-143.181,73.9577,-144.91,73.3936,-142.721,74.0982,-141.11,1
158,9480,26,34.9597,-17.8074,-80.393,43.928,-80.3247,40.4568,-81.2185,44.1046,-80.4586,47.7334,-79.6893,43.7124,1
158,9480,29,-32.0986,13.4271,28.583,85.8884,28.3144,85.2751,28.0737,86.3121,28.8464,86.4483,29.1707,85.4112,1
158,9480,30,35.0409,8.21682,10.3735,104.905,9.92223,104.423,10.0107,105.475,10.8937,105.454,10.7114,104.397,1
158,9480,31,-11.7839,-21.7857,43.3485,98.0519,42.8678,97.6214,43.0001,98.5522,43.7764,98.4745,43.67,97.5346,1
158,9480,44,7.33666,-24.3712,41.8132,-105.895,42.3418,-106.121,41.772,-106.706,41.2994,-105.717,41.8698,-105.152,1
158,9480,47,36.8065,-12.0253,-40.1316,-26.7047,-39.475,-26.6062,-40.2107,-27.8526,-40.859,-26.8493,-40.045,-25.7259,1
158,9480,53,29.5932,0.482061,-19.8997,125.527,-19.9037,124.863,-20.5726,125.656,-19.895,126.259,-19.2866,125.415,1
158,9480,54,36.7535,7.60558,8.15231,149.689,8.14284,148.926,7.40244,149.91,8.167,150.572,8.8244,149.507,1
158,9480,58,39.2855,-8.79658,15.9349,-61.0563,16.6475,-60.8645,15.9041,-62.0549,15.1297,-61.2957,15.9629,-60.2087,1
158,9480,60,29.9316,22.8064,45.0081,-75.5051,45.6692,-75.8289,44.776,-76.2814,44.2449,-75.1046,45.1916,-74.7392,1
158,9480,62,-35.8395,19.9938,-4.48585,-16.5056,-3.86395,-16.2493,-4.33294,-17.2614,-5.07,-16.7085,-4.68784,-15.6123,1
158,9480,66,-21.7458,-10.2047,-23.8778,135.314,-23.9384,134.674,-24.3822,135.392,-23.8283,135.902,-23.3531,135.22,1
158,9480,70,22.6765,-24.2978,65.8424,-114.359,66.1069,-115.622,65.218,-115.434,65.5343,-113.158,66.397,-113.422,1
158,9480,75,37.8035,-11.1125,-72.1024,63.5051,-71.4339,62.9444,-72.5241,60.8175,-72.8568,64.1027,-71.7076,65.6832,1
158,9480,80,35.5482,-15.6564,6.91577,4.49835,7.45431,4.76576,7.16264,3.7021,6.33839,4.18078,6.71647,5.18277,1
158,9480,89,-37.0122,-10.9828,40.989,-9.13643,41.7816,-8.88516,40.9937,-9.9599,40.3095,-9.35827,40.9981,-8.21835,1
158,9480,94,-38.1818,14.1858,47.6067,-88.4361,48.0598,-89.3026,46.8897,-88.8726,47.2168,-87.6494,48.4473,-87.8842,1
158,9480,96,-20.193,-4.37159,28.6781,2.65924,29.2375,2.62086,28.6164,2.08033,28.1555,2.69135,28.7463,3.26787,1
158,9480,105,-36.1267,7.43682,62.6627,50.8298,63.0519,52.1573,63.1229,49.6819,62.2925,49.689,62.1181,52.0986,2
158,9480,106,29.6933,23.329,24.7699,43.6806,25.3518,44.147,25.0982,43.1139,24.0743,43.1652,24.4221,44.1978,2
158,9480,113,-32.4498,9.38093,-5.54344,-121.926,-5.52468,-122.533,-6.13949,-121.827,-5.54632,-121.37,-4.86701,-122.031,1
158,9480,114,-24.835,-23.687,19.9489,-100.835,19.7859,-101.558,19.4335,-100.766,20.0686,-100.197,20.4689,-100.939,1
158,9480,117,-35.4501,21.1691,35.8415,38.5224,36.4579,38.6913,35.8721,37.619,35.2647,38.4108,35.7739,39.5919,1
158,9480,120,-36.2468,16.0901,1.07998,87.8774,1.54661,88.4746,1.59374,87.2359,0.631954,87.3556,0.459433,88.623,1
158,9480,128,30.4848,7.45107,71.4551,55.1707,72.0882,55.8596,71.5405,53.0406,70.7403,54.4684,71.343,57.102,1
158,9480,129,35.8931,9.86974,36.6168,74.6929,37.2175,75.2841,36.9188,73.8147,35.9121,74.0284,36.3223,75.4658,1
158,9480,130,38.2662,0.371602,48.6605,-3.32183,49.1423,-4.18109,47.8825,-3.83077,48.0946,-2.36022,49.334,-2.85692,3
158,9480,133,13.3691,-18.2803,-5.66053,104.635,-5.12221,104.705,-5.51022,104.032,-6.19268,104.543,-5.78123,105.194,1
158,9480,138,35.6074,3.94756,4.47085,-70.0276,4.43775,-70.741,3.73824,-69.7985,4.50836,-69.2139,5.12603,-70.2223,1
158,9480,142,36.0588,-0.859382,75.2672,-26.5874,75.2007,-29.3642,74.4935,-25.602,75.2954,-23.4199,75.9454,-27.5275,1
158,9480,149,22.114,20.6886,-28.1101,-59.8225,-28.5777,-60.3457,-28.5241,-59.3448,-27.5657,-59.258,-27.681,-60.2638,1
158,9480,158,-38.782,-12.1087,33.1124,107.758,34.0328,107.688,32.9031,106.988,32.3328,107.806,33.3678,108.62,1
158,9480,165,-32.0037,5.25533,-21.1932,-49.703,-21.0657,-50.4087,-21.8332,-49.695,-21.2971,-49.0583,-20.4747,-49.7084,1
158,9480,167,20.8131,23.3271,27.5091,7.81302,27.5125,7.10275,26.9527,7.7766,27.5259,8.61487,28.0604,7.88587,2
158,9480,169,24.8076,23.3194,40.608,97.1306,41.1987,96.7131,40.3379,96.4554,39.9421,97.629,40.8378,97.8174,3
158,9480,176,26.8324,24.2644,46.1951,-2.04361,45.6673,-2.7264,45.7904,-1.40107,46.8196,-1.26607,46.6142,-2.6407,2
158,9480,178,-27.0479,-20.3441,66.3089,-179.988,66.8482,-178.593,66.7256,179.012,65.8412,178.808,65.8913,-178.926,1
158,9480,197,28.0192,19.9069,-24.3503,25.0342,-24.7197,24.3253,-24.8951,25.4422,-23.9016,25.8307,-23.8103,24.6786,1
158,9480,199,16.6809,-22.572,39.5395,47.7662,39.3143,47.0552,38.8354,47.9692,39.7288,48.4898,40.166,47.5506,1
159,9540,1,17.2574,23.2427,66.5,-176.768,67.1482,-176.979,66.4658,-178.241,65.7787,-176.48,66.4873,-175.279,1
159,9540,9,-38.0912,9.25819,33.166,52.5931,32.9143,51.6379,32.4812,53.1421,33.4027,53.4355,33.9703,51.9459,1
159,9540,12,-40.0163,-6.55654,-32.6757,24.6787,-32.4319,23.6856,-33.3641,24.6977,-32.8799,25.5285,-31.8881,24.6377,1
159,9540,21,22.5379,7.59328,72.2263,-135.601,72.7414,-135.432,72.2233,-137.308,71.6661,-135.755,72.2064,-133.982,1
159,9540,37,-24.9315,-22.2751,-83.0409,-82.7926,-82.5081,-79.0698,-82.6367,-85.5798,-83.466,-86.6621,-83.4131,-79.4068,1
159,9540,45,37.5434,2.81953,10.3657,-73.5789,11.0631,-73.4268,10.3057,-74.3755,9.56477,-73.7543,10.4082,-72.8771,1
159,9540,46,-30.8357,21.5638,-14.9168,-44.111,-14.3,-43.9593,-14.813,-44.863,-15.5089,-44.2191,-15.0587,-43.2364,1
159,9540,55,-34.5495,19.5309,42.7719,176.192,43.0001,175.269,41.9703,176.023,42.5897,177.054,43.7152,176.428,1
159,9540,59,38.1542,-12.9815,-14.3047,-36.1568,-13.6294,-35.9334,-14.2246,-37.158,-15.052,-36.4382,-14.358,-35.3087,1
159,9540,66,0.643482,-22.9718,-23.0246,138.571,-23.1433,138.004,-23.5637,138.57,-22.9327,139.11,-22.5179,138.547,1
159,9540,67,-34.1856,-5.04634,9.29226,158.269,9.22016,157.538,8.71245,158.456,9.35236,158.914,9.93276,158.05,1
159,9540,70,-39.9512,4.85969,73.4721,-98.1979,74.1651,-99.9962,72.8293,-99.7654,72.8654,-96.7124,74.2088,-96.2041,1
159,9540,80,-33.3408,23.1141,2.99887,13.7475,3.54679,14.0432,3.27256,13.059,2.46618,13.5044,2.65088,14.5526,1
159,9540,94,-34.2994,8.88565,48.0882,-84.0392,48.4986,-84.8508,47.4767,-84.4521,47.7236,-83.3014,48.7822,-83.5448,1
159,9540,96,-32.4126,-9.0054,27.5255,6.17261,28.2575,6.16175,27.4197,5.51419,26.8795,6.17436,27.6532,6.89062,2
159,9540,97,17.299,23.6967,-3.69965,31.1334,-3.11134,31.0946,-3.68928,30.6018,-4.3549,31.2014,-3.7398,31.6688,1
159,9540,106,17.0406,-13.1438,24.7422,44.9094,25.1168,45.2875,25.1445,44.4502,24.3696,44.5135,24.3775,45.34,3
159,9540,109,-21.9084,-14.7003,-81.5871,80.82,-80.9621,81.4482,-81.4847,77.3128,-82.1502,80.0712,-81.6405,84.5326,1
159,9540,113,-26.239,-22.9865,-5.35807,-121.201,-5.53158,-121.894,-5.8738,-121.114,-5.2258,-120.593,-4.83459,-121.322,1
159,9540,116,33.6372,18.8923,47.6668,-3.85975,48.2513,-4.38279,47.2753,-4.54643,46.9913,-3.23942,48.0039,-3.18583,5
159,9540,126,-6.91475,20.4526,38.944,-92.2306,38.5969,-92.7688,38.4758,-91.8288,39.3181,-91.6897,39.4573,-92.6437,1
159,9540,127,30.5621,-24.2467,68.3412,-71.8473,68.1627,-73.5067,67.4175,-71.2896,68.4644,-70.0612,69.1168,-72.4247,1
159,9540,128,32.3047,2.17205,68.5285,58.5801,69.1365,59.358,68.6755,56.6268,67.8449,57.7559,68.3704,60.3142,2
159,9540,133,-33.6929,-19.6247,-5.44961,110.153,-4.52173,110.229,-5.44787,109.503,-6.23641,110.068,-5.41203,110.851,1
159,9540,138,39.1054,9.1479,7.6558,-67.1784,7.61477,-67.9939,6.88249,-66.8842,7.70931,-66.2184,8.34342,-67.4191,1
159,9540,142,-16.7462,-19.2061,79.3197,-45.9951,78.9184,-48.7971,78.8298,-44.5695,79.6453,-43.2127,79.7905,-47.6793,1
159,9540,143,-12.9563,21.636,60.1853,114.749,60.6181,115.452,60.591,113.867,59.7248,114.096,59.7172,115.657,1
159,9540,149,19.2475,11.2758,-25.3966,-60.2278,-25.7832,-60.7087,-25.8004,-59.7845,-24.9669,-59.7176,-24.9943,-60.6424,1
159,9540,153,32.4078,-7.10643,-29.606,-69.1686,-29.4808,-69.8463,-30.3327,-69.1945,-29.7523,-68.4263,-28.9621,-69.1516,1
159,9540,155,38.204,13.4123,21.6592,-13.5529,21.7619,-14.384,20.9185,-13.4392,21.5458,-12.5707,22.3241,-13.6281,1
159,9540,156,-1.03029,22.7786,43.5697,22.1059,43.7705,21.445,43.121,21.7402,43.3758,22.8126,44.0328,22.5291,1
159,9540,165,-36.6345,-8.91044,-19.2321,-48.6377,-19.1397,-49.5242,-19.8879,-48.5511,-19.3147,-47.8721,-18.5013,-48.7536,1
159,9540,167,21.395,6.41721,28.7545,9.42031,28.8302,8.80032,28.1988,9.38365,28.675,10.0899,29.2824,9.46522,5
159,9540,169,20.4477,1.91493,40.432,99.0087,40.9347,98.7752,40.2048,98.3399,39.8956,99.2547,40.6401,99.6468,6
159,9540,176,23.3316,4.56824,47.8407,-2.77853,47.4744,-3.4107,47.4385,-2.15797,48.2359,-2.08685,48.2209,-3.36415,9
159,9540,177,-34.3932,-22.1172,80.3427,-26.4196,79.4355,-28.2255,80.1377,-22.8524,81.0881,-24.4926,80.4769,-30.4545,1
159,9540,178,35.7726,-12.1121,61.6444,165.612,62.0817,166.635,62.1456,164.127,61.1699,164.48,61.2089,166.864,1
159,9540,179,38.3935,4.2074,23.977,169.233,24.4548,169.853,24.4063,168.486,23.4204,168.52,23.588,169.877,1
159,9540,187,27.8554,-18.9457,62.2416,98.7752,62.6265,97.9829,61.7538,97.6926,61.8161,99.5399,62.6745,99.7294,1
159,9540,197,31.2396,14.8968,-21.4536,26.281,-21.7952,25.5653,-22.0161,26.7296,-21.0431,27.0901,-20.9145,25.8901,2
159,9540,198,-26.2252,24.1656,15.647,31.9786,15.4087,31.3537,14.9377,32.2671,15.9163,32.5735,16.4784,31.6706,1
160,9600,0,35.9827,-14.2474,62.4646,90.1915,62.5751,88.687,61.5004,90.2175,62.293,91.8256,63.2859,90.1387,2
160,9600,8,-30.8129,19.5454,2.86647,44.9035,2.62424,44.2601,2.17617,45.2601,3.12681,45.4969,3.67869,44.5094,1
160,9600,13,39.2802,-7.74973,-10.8254,61.5039,-10.749,60.8232,-11.6741,61.652,-10.9283,62.276,-10.1012,61.3736,1
160,9600,14,-14.3001,-18.2784,19.1575,80.9661,19.0826,80.3632,18.657,80.976,19.2086,81.5227,19.6561,80.9345,1
160,9600,18,36.4694,12.0865,4.26291,-122.86,4.96958,-122.78,4.16718,-123.548,3.43894,-122.941,4.32793,-122.237,1
160,9600,20,34.9435,-18.2496,65.3878,113.896,65.3362,112.498,64.5714,114.264,65.3972,115.423,66.0794,113.525,1
160,9600,26,34.3072,-19.0566,-73.9655,61.2428,-74.0819,59.1802,-74.7498,62.2099,-73.8501,63.4623,-73.2989,60.4324,1
160,9600,28,-5.26005,-19.2648,-2.70515,82.6354,-3.04072,82.2453,-3.12074,82.8917,-2.40248,83.013,-2.31262,82.3717,1
160,9600,30,-28.485,-19.6748,14.9014,98.115,14.3128,97.6615,14.5745,98.566,15.4038,98.5273,15.2189,97.6234,1
160,9600,31,-39.7059,2.79718,52.7058,91.2537,52.1535,90.3368,52.3769,92.2808,53.1867,92.0603,53.0748,90.0404,1
160,9600,33,-21.6406,-21.9253,56.7343,-70.8155,57.1906,-69.9334,57.1455,-71.3989,56.3379,-71.6058,56.3331,-70.1981,1
160,9600,37,32.2762,16.4306,-84.1896,-174.936,-84.6875,-170.372,-83.718,-171.221,-83.5873,-179.412,-84.5845,-179.135,1
160,9600,44,24.7515,13.4954,33.8277,-96.3102,34.4273,-96.3873,33.7164,-96.9905,33.1627,-96.2099,33.9123,-95.6558,1
160,9600,45,-18.4053,7.01507,10.6915,-66.8125,11.2226,-66.7218,10.7483,-67.3534,10.1792,-66.8907,10.6235,-66.2339,1
160,9600,46,-13.6533,-12.8353,-16.3034,-45.6199,-15.7374,-45.6009,-16.2623,-46.1501,-16.8317,-45.6497,-16.329,-45.0829,1
160,9600,57,-12.5461,-19.7958,40.0785,-81.7155,40.6884,-81.9091,40.025,-82.4317,39.5138,-81.5651,40.1508,-81.0105,1
160,9600,66,29.342,17.8685,-18.5828,145.497,-18.7053,144.824,-19.1462,145.68,-18.4219,146.262,-18.0427,145.351,1
160,9600,72,39.884,2.92011,12.3876,-16.1018,13.0553,-15.6989,12.5592,-16.9689,11.6092,-16.5714,12.2263,-15.3532,1
160,9600,87,34.5336,-3.14364,54.2567,-111.716,54.4911,-112.672,53.5641,-111.931,53.979,-110.667,54.8696,-111.519,1
160,9600,97,30.9966,14.9783,-6.92412,31.9274,-6.26224,31.9482,-6.998,31.3069,-7.68107,31.9188,-6.87717,32.5079,4
160,9600,105,38.4295,10.9715,54.0583,37.0769,54.6502,37.8978,54.3354,35.874,53.3498,36.1548,53.7827,38.1175,1
160,9600,106,25.2699,-24.3201,22.198,43.9202,22.6133,44.3335,22.7812,43.3714,21.7997,43.4733,21.705,44.412,1
160,9600,109,-34.9971,-15.1753,-82.9411,107.473,-82.1191,105.817,-83.1723,102.695,-83.6442,109.115,-82.6116,112.213,1
160,9600,116,36.6158,-0.456097,46.7851,-1.63795,47.369,-1.94359,46.382,-2.48267,46.1212,-1.30614,47.1325,-0.88051,5
160,9600,122,25.9277,17.0858,-78.2392,99.6692,-77.6318,101.035,-77.9977,96.9083,-78.9244,98.0381,-78.4688,102.369,1
160,9600,126,1.18102,-23.1343,38.378,-91.6134,37.9683,-92.1544,37.8616,-91.2282,38.7438,-91.0751,38.8481,-92.0067,1
160,9600,129,-27.1984,-11.5706,32.4318,82.9675,32.9949,83.5155,32.7691,82.3852,31.9326,82.4733,32.0857,83.5945,1
160,9600,130,-38.3103,5.71424,58.0365,7.83758,58.6904,6.89176,57.4102,6.99858,57.464,8.66212,58.7559,8.85392,1
160,9600,132,-36.2854,17.8544,17.2101,93.5913,17.9001,93.8768,17.3358,92.7382,16.5693,93.3671,17.0364,94.5983,1
160,9600,138,29.9782,-0.192563,10.5353,-66.8618,10.5066,-67.4952,9.86328,-66.7112,10.5619,-66.164,11.1457,-66.9962,1
160,9600,140,-28.9076,18.6318,15.5149,-62.347,15.1595,-62.9049,14.9561,-61.8804,15.8759,-61.8336,16.168,-62.8683,1
160,9600,147,25.996,-20.211,-82.9435,133.053,-82.4428,135.604,-82.4477,128.202,-83.4247,129.787,-83.3144,137.956,1
160,9600,166,-33.681,10.9544,10.7032,-19.2056,10.7921,-19.8923,10.0137,-19.1498,10.6392,-18.5774,11.4941,-19.2594,1
160,9600,167,19.1436,-18.3331,29.7935,10.3086,29.8681,9.69967,29.1654,10.147,29.6919,10.9204,30.3651,10.4374,1
160,9600,168,-22.2986,-20.7633,48.6788,50.6135,49.0041,49.6691,48.2158,50.1644,48.3663,51.4281,49.1636,51.0417,1
160,9600,169,11.7208,-24.1624,40.6302,100.77,41.1298,100.472,40.5013,99.9559,40.1336,101.02,40.765,101.505,2
160,9600,176,12.6213,-22.8751,49.0338,-4.52876,48.6336,-5.09347,48.5198,-3.97022,49.4031,-3.93809,49.4856,-5.07392,2
160,9600,178,22.3704,-23.8804,59.1207,169.112,59.5462,169.847,59.6799,168.143,58.711,168.339,58.6386,169.971,1
160,9600,187,26.4098,12.807,61.9429,113.042,62.4071,112.341,61.5823,112.175,61.428,113.819,62.2665,113.905,1
160,9600,197,29.3534,20.0198,-17.2714,27.1882,-17.6563,26.4967,-17.819,27.5997,-16.8032,27.9714,-16.7307,26.8298,1
160,9600,198,-20.1751,0.862433,16.4286,32.7843,16.1742,32.2059,15.9218,33.075,16.6697,33.3302,16.9671,32.4727,2
160,9600,199,-14.0954,-19.8148,47.881,48.1232,47.5901,47.2266,47.3305,48.3818,48.1222,48.9634,48.4182,47.8243,1
161,9660,0,25.8332,-17.0902,65.9416,93.7743,66.0097,92.2946,65.1703,93.552,65.828,95.2983,66.6263,93.9404,1
161,9660,8,-35.6772,-15.1936,2.67391,43.8874,2.18688,43.05,2.13726,44.3346,3.0755,44.6078,3.24262,43.3694,1
161,9660,9,-7.05356,17.0965,39.702,59.3899,39.4569,58.7521,39.1827,59.6731,39.9665,60.0342,40.2604,59.1066,1
161,9660,12,-38.6767,-11.9941,-28.6248,30.7776,-28.4905,29.78,-29.2777,30.8491,-28.7423,31.6243,-27.8934,30.67,1
161,9660,14,-20.6179,-11.0245,22.7743,83.5052,22.7449,82.8762,22.2718,83.5409,22.7901,84.0839,23.2949,83.4533,1
161,9660,15,2.74635,20.2803,44.5264,122.901,44.675,122.233,44.0747,122.63,44.384,123.613,44.9884,123.216,1
161,9660,20,-32.3397,13.2489,74.5247,107.519,74.4116,105.297,73.9279,108.299,74.6284,109.586,75.2077,106.599,1
161,9660,21,19.2411,-22.583,68.4131,-126.857,68.9073,-126.547,68.6305,-128.475,67.9244,-127.224,68.2242,-125.417,1
161,9660,26,30.347,-23.4121,-70.6374,63.914,-70.81,62.3162,-71.4014,64.6486,-70.4777,65.5898,-69.9875,63.269,1
161,9660,29,28.4297,-5.01055,36.9599,93.7383,36.7247,93.1409,36.45,94.1602,37.2036,94.3932,37.419,93.3481,1
161,9660,30,37.463,11.7608,22.163,104.098,21.6683,103.541,21.8,104.746,22.7469,104.747,22.5036,103.527,2
161,9660,34,38.9953,-2.47449,15.6155,-81.981,15.9893,-81.4001,16.1183,-82.6266,15.1933,-82.6489,15.1777,-81.4261,1
161,9660,37,-35.9273,8.5224,-86.2707,90.6907,-86.4933,80.4525,-86.7681,98.1034,-85.9691,98.5877,-85.6373,84.4449,1
161,9660,40,-31.6806,9.80672,-4.47833,111.781,-4.45359,111.124,-5.13013,111.879,-4.48468,112.385,-3.73888,111.678,1
161,9660,70,-30.4722,20.5074,70.2741,-70.3851,70.9035,-70.7775,70.0446,-72.4396,69.6849,-69.9389,70.4881,-67.9272,1
161,9660,75,19.9396,-18.4797,-70.4473,97.0171,-70.1437,95.6614,-70.9761,95.7772,-70.766,98.3956,-69.9535,98.0394,1
161,9660,80,-11.415,-20.3788,-1.01625,12.8639,-0.467086,12.9723,-0.845152,12.3972,-1.51843,12.7464,-1.16385,13.3296,1
161,9660,87,-27.6688,20.323,62.121,-106.543,62.3776,-107.618,61.5409,-107.086,61.8925,-105.501,62.773,-105.854,1
161,9660,93,-11.7666,16.3007,32.8611,-115.894,32.9359,-116.483,32.3508,-116.008,32.8007,-115.3,33.4059,-115.752,1
161,9660,94,-35.2546,1.17184,49.8072,-74.6021,50.2932,-75.4374,49.2337,-75.0766,49.3742,-73.8683,50.4543,-74.056,1
161,9660,97,30.6499,-11.7454,-7.67019,32.4391,-7.10166,32.5272,-7.64465,31.7107,-8.28011,32.3249,-7.68186,33.083,4
161,9660,106,-19.9523,-5.79664,16.6906,48.328,17.1036,48.7346,17.0229,47.919,16.3081,47.9474,16.3475,48.7601,1
161,9660,112,-35.7793,5.54021,-24.2356,-139.767,-24.1384,-140.489,-24.8624,-139.692,-24.3096,-139.118,-23.5199,-139.848,1
161,9660,117,16.8753,23.6477,24.443,42.9306,24.9888,42.8939,24.455,42.3881,23.8367,42.9961,24.4015,43.4773,1
161,9660,120,-32.4566,-15.7591,-6.43778,87.3814,-5.74705,87.9064,-6.10722,86.8274,-7.02559,86.9142,-6.76807,87.9953,1
161,9660,122,-34.9561,7.97783,-77.1564,131.97,-76.4074,132.314,-77.2351,128.667,-77.8316,131.699,-77.0223,135.702,1
161,9660,127,0.875445,19.9975,80.4223,-58.0275,80.3225,-61.2423,79.8786,-57.8549,80.5168,-54.5937,80.9932,-58.0879,1
161,9660,128,29.8197,-18.4435,63.8576,63.7719,64.3898,64.5033,64.2497,62.0692,63.3072,62.9652,63.5171,65.2314,1
161,9660,130,40.1303,-1.07217,49.4374,12.7957,50.0758,12.12,48.7062,11.9633,48.687,13.5457,50.0573,13.5365,1
161,9660,131,22.4258,-19.4491,39.6698,59.6198,40.235,59.5389,39.6346,58.6883,39.0892,59.6651,39.7136,60.4495,1
161,9660,134,-37.0861,-7.02411,-37.8712,143.771,-37.0001,143.703,-38.0841,142.927,-38.6239,143.827,-37.608,144.708,1
161,9660,141,-23.374,16.2253,54.7286,-58.6479,54.3782,-59.477,54.2295,-57.9653,55.08,-57.8577,55.2914,-59.4055,1
161,9660,142,37.5443,-5.65598,81.47,18.3263,81.951,14.6058,80.6796,15.7184,80.877,21.9778,82.1372,20.9801,1
161,9660,143,-22.7657,-2.72524,55.2161,116.986,55.6715,117.736,55.5613,116.19,54.7901,116.304,54.847,117.824,1
161,9660,144,-31.899,-11.1813,20.3535,121.216,20.945,121.798,20.7108,120.656,19.8392,120.702,19.9805,121.836,1
161,9660,145,-34.9242,14.3662,-18.338,124.632,-17.8738,125.23,-17.8547,123.991,-18.7798,124.103,-18.9108,125.374,1
161,9660,146,36.3663,5.56411,-53.7938,118.431,-53.2972,119.364,-53.3575,117.324,-54.3575,117.333,-54.1837,119.422,1
161,9660,148,28.8203,20.9635,-52.6714,-61.4909,-53.1943,-62.3535,-53.0859,-60.6728,-52.0427,-60.5482,-52.2442,-62.2195,1
161,9660,153,34.6496,18.1535,-22.9572,-60.9263,-22.9521,-61.7425,-23.6207,-60.7931,-22.9381,-59.9679,-22.341,-61.0141,1
161,9660,155,22.3362,6.55673,27.3056,-9.68379,27.3871,-10.2933,26.7511,-9.72187,27.2198,-9.02327,27.8308,-9.63758,1
161,9660,156,-37.4063,-14.6365,48.2815,25.3047,48.7275,24.1044,47.6585,24.9985,47.883,26.2958,48.9818,25.61,1
161,9660,157,27.7636,-18.3171,40.0144,75.6218,40.543,75.3644,39.7461,74.7179,39.4504,75.8531,40.2597,76.4133,1
161,9660,165,-39.6761,-0.609744,-13.0872,-43.0896,-12.9443,-43.9582,-13.8142,-42.9738,-13.2033,-42.3382,-12.248,-43.2304,1
161,9660,167,7.58286,23.1036,35.1124,16.7172,35.1708,16.0502,34.603,16.5667,35.0692,17.4421,35.6347,16.907,1
161,9660,168,-11.9494,20.7838,48.5784,62.1965,48.9299,61.6113,48.1999,61.5873,48.2359,62.808,48.9709,62.8921,1
161,9660,174,-37.0246,-16.9605,-18.914,-10.9039,-19.582,-11.6281,-19.3026,-10.3321,-18.3601,-10.2866,-18.5123,-11.5535,1
161,9660,176,19.9983,19.1579,56.8,-3.0712,56.3705,-3.82988,56.4089,-2.36596,57.2857,-2.23409,57.1991,-3.74789,1
161,9660,185,-38.3567,11.6163,26.1749,19.9978,26.1037,19.2125,25.5068,20.2941,26.2552,20.6958,26.9623,19.6564,1
161,9660,190,34.2986,17.616,67.9257,131.037,68.5998,129.751,67.389,129.679,67.1331,132.5,68.3841,132.407,1
161,9660,197,-29.4879,-24.3397,-16.6542,20.2751,-17.1679,19.4316,-17.2243,20.6095,-16.2363,21.0032,-16.0858,19.8878,1
161,9660,199,7.47113,-20.5788,50.1998,53.2876,50.0043,52.4353,49.5788,53.4433,50.36,54.1322,50.7728,53.1057,1
162,9720,1,-17.5306,-10.339,62.5292,-160.114,63.1425,-159.807,62.6471,-161.3,61.9616,-160.408,62.4109,-158.896,1
162,9720,6,-21.2477,15.0483,-58.3033,16.1934,-58.3691,15.0629,-58.9256,16.3889,-58.2091,17.2796,-57.6136,16.0153,1
162,9720,8,-33.9592,-22.3964,5.33659,44.5925,4.73928,43.7442,4.79684,45.0136,5.81734,45.3184,5.8833,44.1031,1
162,9720,9,-36.8373,-15.1222,40.9619,54.8776,40.4812,53.7164,40.4055,55.47,41.3466,55.8814,41.5526,54.1739,1
162,9720,14,26.3348,-6.76875,22.7867,89.6177,22.838,89.0414,22.1705,89.6202,22.7196,90.2324,23.3472,89.61,1
162,9720,15,19.9852,-9.99016,43.6004,124.939,43.809,124.309,43.0776,124.625,43.3694,125.58,44.0855,125.222,1
162,9720,22,27.8114,-15.0489,30.0313,-105.437,30.4475,-105.065,30.4098,-106.072,29.6034,-105.845,29.7034,-104.869,1
162,9720,29,33.4076,5.08696,41.4172,95.753,41.1576,95.0228,40.909,96.2683,41.7068,96.5817,41.8802,95.2895,1
162,9720,37,-38.0721,10.4048,-82.246,93.5761,-82.5273,88.5884,-82.766,97.3722,-81.9338,97.6309,-81.5958,89.7979,1
162,9720,40,-20.415,24.2175,-1.20084,115.702,-1.24532,115.144,-1.83659,115.711,-1.12285,116.256,-0.481726,115.719,1
162,9720,53,-23.5852,23.3735,-3.07697,131.646,-3.09883,131.047,-3.76432,131.656,-3.01953,132.233,-2.29233,131.661,1
162,9720,67,-33.5804,-2.07781,18.7587,164.535,18.7146,163.801,18.1732,164.708,18.7966,165.189,19.4088,164.334,1
162,9720,70,-27.7814,-23.4376,70.3786,-73.7962,71.0987,-75.1095,70.1043,-75.3684,69.7395,-72.7951,70.6824,-72.1819,1
162,9720,72,15.8077,-10.0287,7.68997,-11.4904,8.16371,-11.2696,7.93647,-12.0189,7.20993,-11.7272,7.46714,-10.9933,1
162,9720,75,33.697,-1.48394,-70.0239,113.441,-69.7566,111.706,-70.7551,113.019,-70.3079,115.423,-69.3726,113.798,1
162,9720,76,-30.4426,15.817,-37.4036,151.731,-37.4774,150.926,-38.0746,151.957,-37.3046,152.479,-36.6309,151.498,1
162,9720,87,27.4131,9.67454,58.4804,-98.1441,58.755,-99.1045,57.9539,-98.5373,58.1745,-97.087,58.9675,-97.742,1
162,9720,96,28.0083,24.2281,13.1883,12.6558,13.8846,12.5819,13.115,12.053,12.3821,12.7684,13.2203,13.2441,1
162,9720,97,29.6446,-21.9329,-9.56267,34.108,-8.98967,34.1767,-9.45186,33.2923,-10.1573,33.9996,-9.63615,34.8136,1
162,9720,103,-33.2076,20.7163,61.9592,-134.986,61.5851,-136.108,61.4053,-133.927,62.3292,-133.956,62.6152,-136.243,1
162,9720,105,-27.772,-20.2245,50.4284,47.9215,51.0185,48.6822,50.7888,47.2359,49.9213,47.2504,50.0726,48.6563,1
162,9720,109,-39.1568,3.99503,-80.9302,179.473,-80.7129,174.637,-81.6603,179.881,-81.0553,-176.126,-80.0816,179.073,1
162,9720,112,11.8498,21.6426,-23.3326,-132.821,-23.4107,-133.368,-23.8092,-132.787,-23.2252,-132.229,-22.8453,-132.831,1
162,9720,116,-17.6855,8.71843,47.9227,12.097,48.3936,11.9264,47.7845,11.402,47.4688,12.2726,48.059,12.8489,1
162,9720,117,-18.0957,-10.24,25.7123,45.666,26.2423,45.6886,25.7274,45.1432,25.2205,45.6361,25.7061,46.205,2
162,9720,129,-27.5107,17.355,21.9097,83.6155,22.3409,84.1148,22.3694,83.0578,21.4785,83.1635,21.3709,84.2311,1
162,9720,132,-35.7322,10.5749,11.8455,97.0384,12.5457,97.3012,11.922,96.2742,11.2078,96.8223,11.7444,97.9222,1
162,9720,135,29.242,18.875,-56.2323,-156.456,-55.8463,-157.529,-56.8018,-156.98,-56.6463,-155.177,-55.7045,-155.926,1
162,9720,138,-23.1345,-8.15978,19.0366,-67.3859,18.9546,-68.059,18.4877,-67.2753,19.1028,-66.7677,19.613,-67.5157,1
162,9720,144,30.8448,3.55806,14.5102,114.639,14.9815,115.109,14.8904,114.035,13.9833,114.119,14.1562,115.182,1
162,9720,145,34.1355,7.49452,-21.8264,116.833,-21.3239,117.384,-21.4298,116.165,-22.4019,116.204,-22.1946,117.431,1
162,9720,147,-12.1962,14.9625,-83.1505,-112.804,-83.0547,-117.228,-83.7006,-113.611,-83.187,-108.276,-82.5617,-111.952,1
162,9720,149,28.725,-19.8402,-17.5441,-59.27,-17.9092,-59.7868,-18.2125,-58.7436,-17.1875,-58.7092,-16.9743,-59.7404,1
162,9720,153,-30.7332,-8.66882,-17.6541,-65.121,-17.5979,-65.8628,-18.2371,-65.0806,-17.7084,-64.4615,-17.0223,-65.1799,1
162,9720,155,30.5995,-14.499,27.5765,-7.80435,27.7274,-8.43793,26.8337,-7.95021,27.3889,-7.13471,28.23,-7.68918,1
162,9720,156,20.4821,4.43729,43.969,35.0186,44.2916,34.4313,43.5113,34.6067,43.6223,35.6438,44.3991,35.4228,1
162,9720,157,-35.4646,-7.86131,43.7941,84.5456,44.5597,84.2545,43.4961,83.7669,43.125,84.7863,44.1337,85.4109,1
162,9720,164,-34.2321,19.3061,-32.6946,-68.1252,-32.4176,-68.8581,-33.4372,-68.3507,-32.9157,-67.4274,-31.8257,-67.8401,1
162,9720,165,-36.7401,15.281,-9.43423,-39.0373,-9.28154,-39.7556,-10.2102,-39.0129,-9.54332,-38.3818,-8.51963,-39.0496,1
162,9720,166,-35.2222,2.49577,15.6947,-15.2266,15.7754,-15.9866,15.0285,-15.1321,15.6278,-14.5494,16.4497,-15.3356,1
162,9720,167,28.863,14.2148,34.9771,21.02,35.1281,20.2508,34.3685,20.938,34.8145,21.8908,35.5461,21.1238,1
162,9720,168,-26.2951,20.9095,50.0113,68.0542,50.4827,67.504,49.5919,67.2536,49.5721,68.6136,50.4654,69.0072,1
162,9720,169,24.6611,21.029,33.6787,112.59,34.3014,112.372,33.5062,111.931,32.9777,112.861,33.8142,113.245,1
162,9720,175,-13.7669,18.2462,24.4627,-8.23953,24.0949,-8.65144,24.0493,-7.83341,24.8459,-7.84042,24.9229,-8.66854,1
162,9720,187,36.9125,6.65604,58.7573,125.655,59.3896,125.255,58.371,124.547,58.0292,126.105,59.0828,126.675,7
162,9720,197,-25.9679,-21.4193,-12.8342,21.9113,-13.2766,21.1827,-13.3784,22.2189,-12.4651,22.557,-12.2907,21.5633,2
162,9720,198,-18.7668,-19.4705,21.4532,34.1895,21.0733,33.5436,20.9293,34.4694,21.7765,34.7856,21.9683,33.8788,1
163,9780,0,32.5263,-19.582,69.1387,109.795,69.4246,108.103,68.264,108.809,68.7804,111.503,69.8881,110.647,1
163,9780,8,-27.9741,-16.1157,9.66046,46.376,9.2258,45.6923,9.1537,46.737,10.0287,46.9881,10.179,45.9709,1
163,9780,14,22.0389,-22.5322,24.6599,90.8524,24.6792,90.2684,23.9837,90.736,24.6082,91.4405,25.2613,90.9341,1
163,9780,22,12.4383,15.7239,23.9195,-102.63,24.3388,-102.346,24.1783,-103.067,23.4614,-102.919,23.6458,-102.205,1
163,9780,28,-31.665,-5.64328,10.0049,81.5167,9.64976,80.9529,9.59104,81.899,10.3184,82.023,10.4511,81.0894,1
163,9780,29,34.1025,-23.3661,42.1986,95.9658,41.9819,95.2354,41.3842,96.4299,42.385,96.769,42.8734,95.5395,1
163,9780,32,35.3832,-5.70171,80.1944,-83.0195,80.5751,-80.1569,80.6223,-86.6336,79.7524,-86.0018,79.7925,-80.0962,1
163,9780,33,23.0349,-14.2953,44.9526,-79.2896,45.2794,-78.7366,45.4188,-79.858,44.6242,-79.8738,44.5365,-78.7706,1
163,9780,34,23.8701,-2.35446,7.9138,-80.9439,8.23938,-80.5411,8.31354,-81.3459,7.5686,-81.3766,7.54363,-80.5717,1
163,9780,40,29.1402,19.2083,-1.43202,121.222,-1.54867,120.543,-2.02582,121.382,-1.27727,121.998,-0.860955,121.099,1
163,9780,43,-32.0645,14.549,51.4938,-121.672,52.1307,-121.901,51.2274,-122.698,50.9089,-121.43,51.7744,-120.472,15
163,9780,44,-26.7247,-21.5238,32.1269,-86.3465,32.9005,-86.4343,32.099,-87.0237,31.4504,-86.2952,32.1855,-85.6483,1
163,9780,56,28.5166,17.178,46.4007,-110.655,47.0047,-111.152,46.0322,-111.401,45.7187,-110.077,46.7226,-109.916,1
163,9780,69,29.4842,4.28974,51.7562,-103.67,52.2485,-104.176,51.3469,-104.402,51.2098,-103.12,52.1226,-102.979,1
163,9780,71,28.9147,10.6625,34.7188,-26.43,35.3301,-26.1843,34.8226,-27.1891,34.0292,-26.6895,34.6018,-25.728,1
163,9780,75,33.1995,18.223,-66.6135,126.463,-66.5594,124.564,-67.2882,126.65,-66.6272,128.689,-65.9845,126.377,1
163,9780,77,-19.9851,14.1934,-1.88631,170.063,-2.079,169.542,-2.42312,170.284,-1.68188,170.563,-1.29279,169.833,1
163,9780,80,26.6573,18.8979,-12.4433,14.6494,-11.8493,14.8037,-12.3403,14.0924,-13.1216,14.4923,-12.5661,15.1791,1
163,9780,87,-32.0134,22.0795,64.9543,-90.4131,65.3789,-91.4426,64.4005,-91.4429,64.5722,-89.4134,65.5785,-89.1074,1
163,9780,93,23.4535,7.94048,34.1828,-107.5,34.3143,-108.151,33.6328,-107.598,34.0419,-106.791,34.702,-107.395,1
163,9780,96,13.5935,-24.3504,14.9177,12.7212,15.4522,12.6816,15.007,12.0736,14.3949,12.73,14.8582,13.3085,1
163,9780,97,30.8802,-17.0785,-12.7897,36.7581,-12.217,36.8418,-12.7302,35.9644,-13.3962,36.64,-12.8242,37.45,1
163,9780,101,-31.1648,23.7392,-5.83092,-136.534,-6.17067,-137.062,-6.42564,-136.081,-5.47376,-136.054,-5.11488,-137.044,1
163,9780,103,38.1536,10.6729,63.8332,-118.832,63.4808,-120.332,63.2847,-117.679,64.2345,-117.034,64.3273,-119.86,1
163,9780,104,21.0841,19.9676,77.7731,25.1824,78.3339,26.1606,77.9457,22.7358,77.1366,24.277,77.559,27.4733,1
163,9780,105,33.9299,-1.76898,44.3634,39.5225,44.8076,40.1467,44.7432,38.666,43.8678,38.8305,44.019,40.2739,2
163,9780,112,31.7322,-9.66951,-23.7463,-130.766,-23.7265,-131.363,-24.4166,-130.683,-23.7802,-130.117,-23.1538,-130.847,1
163,9780,114,-19.8735,-22.6826,33.9432,-87.2048,33.865,-87.9563,33.4424,-87.2159,33.9896,-86.5309,34.4452,-87.2267,1
163,9780,116,-14.6204,23.9688,45.0471,18.105,45.5253,17.9587,44.989,17.352,44.5656,18.2887,45.0826,18.9435,1
163,9780,117,23.1112,-24.2792,21.6213,44.3719,22.1359,44.4051,21.7536,43.6506,21.1046,44.3044,21.5236,45.008,1
163,9780,122,-39.8112,-5.15499,-79.2612,159.195,-78.3857,157.229,-79.7616,156.007,-79.9966,161.135,-78.638,162.444,1
163,9780,129,39.2416,-3.0878,19.5952,75.9359,20.114,76.529,20.043,75.0834,19.0056,75.2497,19.2054,76.6638,1
163,9780,132,-34.4252,17.8357,8.03017,99.3899,8.69282,99.644,8.16672,98.607,7.40891,99.1878,7.84816,100.305,1
163,9780,135,38.6869,9.32865,-56.911,-151.214,-56.4447,-152.4,-57.6867,-151.677,-57.4377,-149.774,-56.2308,-150.785,1
163,9780,143,31.1885,20.7555,44.4982,109.995,45.147,110.585,44.7929,109.147,43.7244,109.353,44.182,110.764,1
163,9780,147,19.7417,22.6736,-80.8134,-75.8991,-81.1724,-79.3637,-81.2991,-73.8468,-80.354,-72.4225,-80.3027,-77.5733,1
163,9780,149,32.8277,17.8515,-9.62041,-58.454,-10.1418,-59.0304,-10.0493,-57.8991,-8.9968,-57.7986,-9.19664,-58.9474,1
163,9780,156,20.8518,0.65814,44.3491,39.5202,44.6984,38.9689,43.9053,39.0525,43.9736,40.0993,44.7639,39.9695,1
163,9780,160,33.7015,6.8017,7.75441,142.96,8.42096,143.022,7.66313,142.268,6.99723,142.895,7.82367,143.589,1
163,9780,161,-28.0179,22.7207,-15.544,173.439,-14.9433,173.51,-15.4914,172.711,-16.1266,173.408,-15.6272,174.279,1
163,9780,165,-35.642,5.77388,-7.64016,-37.2968,-7.53439,-38.0259,-8.3294,-37.2202,-7.72192,-36.6431,-6.85141,-37.381,1
163,9780,175,7.72631,-23.178,24.3539,-6.39325,23.935,-6.78398,23.8724,-5.99751,24.7387,-5.99362,24.7825,-6.78023,1
163,9780,176,18.9112,5.78726,63.0001,-3.05335,62.6488,-3.94435,62.6055,-2.22677,63.3734,-2.08305,63.3787,-3.85427,1
163,9780,179,34.955,-2.70198,9.73307,169.122,10.1404,169.646,10.2067,168.511,9.28214,168.53,9.31354,169.659,1
163,9780,184,34.4492,0.415413,-3.47165,12.6726,-3.61342,12.0832,-4.07485,12.9775,-3.31507,13.3349,-2.93178,12.4043,1
163,9780,185,36.8846,1.74865,28.4284,30.1941,28.3501,29.4687,27.7667,30.5002,28.5108,31.0223,29.0144,29.9268,1
163,9780,187,37.9983,-15.3323,58.0252,127.855,58.6398,127.661,57.7044,126.321,57.3371,128.009,58.2938,129.164,5
163,9780,188,-29.3401,-12.8883,36.5298,174.1,37.1821,174.309,36.6139,173.44,35.9538,173.904,36.4545,174.807,1
163,9780,197,34.5525,18.0112,-6.94582,30.5628,-7.34313,29.8231,-7.52436,31.042,-6.45772,31.4222,-6.39142,30.1512,4
164,9840,7,18.4507,20.717,-18.8904,43.1652,-19.2492,42.5998,-19.3892,43.4938,-18.47,43.7771,-18.3783,42.8662,1
164,9840,14,-36.6379,11.0028,33.5548,92.2652,33.7244,91.4508,32.848,92.2718,33.4166,92.9997,34.3763,92.2695,2
164,9840,21,25.9396,-8.34513,56.708,-116.63,57.1593,-116.183,56.9402,-117.64,56.2313,-117.113,56.4959,-115.72,1
164,9840,25,21.4454,11.3035,-81.7248,-28.7692,-81.2465,-30.1913,-81.9536,-31.9858,-82.236,-26.9535,-81.4932,-25.8027,1
164,9840,28,1.68702,-20.9775,12.058,84.7112,11.732,84.3209,11.6129,84.9683,12.3532,85.0971,12.4686,84.4507,1
164,9840,29,29.3124,6.49223,48.9373,97.7447,48.6981,96.963,48.4527,98.2346,49.2012,98.6188,49.3882,97.2957,1
164,9840,30,10.4792,-23.5355,30.1074,99.912,29.7018,99.5493,29.6615,100.34,30.4836,100.289,30.4999,99.4989,1
164,9840,31,22.6072,-24.1626,65.8888,99.1429,65.4955,98.2759,65.344,100.206,66.2571,100.101,66.347,98.1297,1
164,9840,32,29.5536,-10.7246,76.8626,-79.3868,77.1939,-77.4489,77.3323,-81.5391,76.5036,-81.4075,76.4363,-77.569,1
164,9840,39,30.6536,4.54223,-3.23966,103.478,-3.64769,103.059,-3.59525,103.981,-2.78352,103.943,-2.90795,103.024,2
164,9840,40,-35.7093,14.3189,5.19417,117.93,5.25422,117.22,4.45091,118.038,5.16456,118.577,6.0646,117.818,1
164,9840,43,-25.7748,-20.3652,50.7606,-122.168,51.4212,-122.727,50.5161,-122.973,50.1693,-121.717,51.0351,-121.349,5
164,9840,45,-22.8766,-13.8145,0.668272,-59.3286,1.31658,-59.2762,0.706251,-59.8679,0.082694,-59.3882,0.647494,-58.7667,1
164,9840,56,-28.4904,23.947,50.0984,-101.397,50.7197,-101.626,49.8976,-102.531,49.5081,-101.121,50.2909,-100.053,1
164,9840,58,32.9773,13.2375,-2.71435,-45.6991,-1.9927,-45.6019,-2.75521,-46.3947,-3.54631,-45.7975,-2.69947,-45.0591,1
164,9840,69,-26.8125,-14.9429,56.4079,-98.9357,56.9683,-99.627,56.0888,-99.716,55.8989,-98.3568,56.7557,-98.123,1
164,9840,71,13.9956,24.2427,30.9256,-22.3397,31.5098,-22.1754,31.1131,-22.9418,30.2717,-22.4897,30.702,-21.7395,1
164,9840,77,22.1862,-5.87873,-1.58342,174.132,-1.77985,173.622,-2.13778,174.391,-1.38401,174.673,-1.073,173.889,1
164,9840,79,35.3104,8.70692,60.1193,-134.202,60.2939,-135.61,59.3876,-134.216,59.9073,-132.598,60.7775,-134.155,1
164,9840,93,-25.4646,-7.05444,39.1917,-108.173,39.3372,-108.952,38.659,-108.276,39.0495,-107.467,39.7608,-108.075,1
164,9840,95,15.536,19.3825,32.9915,-11.3621,33.5247,-11.5292,32.8814,-11.9618,32.412,-11.1593,33.0765,-10.7549,1
164,9840,96,32.8818,18.6755,7.78486,16.7661,8.50279,16.7549,7.67737,16.1281,6.94867,16.7995,7.85384,17.3651,1
164,9840,103,-33.9693,6.8582,67.9687,-135.874,67.5491,-137.299,67.5398,-134.545,68.3468,-134.561,68.4463,-137.435,1
164,9840,104,-31.3778,-8.9068,77.6838,48.5757,78.1507,51.1836,78.0498,46.3891,77.2556,46.4032,77.2784,50.8568,1
164,9840,108,38.0728,8.7611,-68.2082,42.5641,-67.7484,44.1072,-67.7597,40.942,-68.731,40.6966,-68.6064,44.0287,1
164,9840,109,-32.1044,15.3314,-74.1003,-154.534,-74.2457,-156.812,-74.7245,-153.489,-73.9214,-152.485,-73.3708,-155.59,1
164,9840,114,27.4778,-10.0577,34.3051,-79.7897,34.3912,-80.4039,33.6898,-79.849,34.1965,-79.139,34.8593,-79.7451,1
164,9840,116,-22.8004,-24.1127,45.9374,17.8283,46.5736,17.4924,45.8278,17.1069,45.3705,18.0888,46.074,18.5485,1
164,9840,122,37.3116,-9.50762,-88.0143,-165.867,-87.5474,-179.791,-88.8367,178.484,-88.3435,-142.766,-87.2575,-160.374,1
164,9840,126,-1.98956,-21.3961,53.4211,-89.7317,53.0301,-90.4681,52.9199,-89.2563,53.7676,-89.0017,53.8843,-90.2286,1
164,9840,128,-34.1237,-14.6831,53.8896,80.528,54.5752,81.5065,54.2271,79.5605,53.3021,79.6937,53.5375,81.5917,1
164,9840,129,36.7935,8.4646,14.5838,76.7892,15.1559,77.3254,14.9349,76.0581,13.9141,76.1758,14.253,77.4305,1
164,9840,130,-18.747,-13.1119,54.1563,29.7324,54.6865,29.1558,53.8736,28.9449,53.6606,30.2318,54.4556,30.5368,1
164,9840,131,-30.4708,19.6019,32.9825,77.3414,33.6206,77.5052,33.054,76.4664,32.3737,77.2272,32.8701,78.3499,1
164,9840,133,-31.1054,-22.602,-20.1182,120.395,-19.2053,120.372,-20.1285,119.726,-20.8961,120.391,-20.0625,121.097,1
164,9840,142,34.3547,12.6464,75.8487,84.7086,76.5832,85.4254,75.8337,81.7371,74.9939,84.0144,75.8072,87.4083,1
164,9840,144,28.6397,22.3338,4.97235,115.216,5.57781,115.658,5.3217,114.672,4.25425,114.725,4.60524,115.715,1
164,9840,146,34.1565,20.2563,-66.7381,119.209,-66.1072,120.519,-66.3632,117.682,-67.4851,117.619,-67.1052,120.615,1
164,9840,147,-34.965,-7.68238,-77.6593,-101.688,-77.6481,-105.614,-78.3163,-100.915,-77.6285,-98.269,-76.9306,-102.531,1
164,9840,149,36.7169,13.4527,-6.37075,-57.9256,-6.87959,-58.5536,-6.8253,-57.2995,-5.76141,-57.1986,-5.93973,-58.472,1
164,9840,153,29.0437,1.27798,-15.8197,-55.0697,-15.7796,-55.6775,-16.4512,-55.0073,-15.863,-54.4015,-15.2418,-55.1224,1
164,9840,156,30.134,5.72207,43.5763,45.2916,44.0241,44.7147,43.0704,44.7662,43.0766,45.9284,44.0327,45.7924,1
164,9840,157,24.4761,22.3054,33.5735,92.4021,34.1875,92.1534,33.3906,91.7567,32.8812,92.708,33.7185,93.0472,2
164,9840,159,-11.2892,-20.5099,-9.88878,147.448,-9.30326,147.386,-9.85867,146.918,-10.4295,147.485,-9.89458,147.968,1
164,9840,160,22.7741,-1.97675,6.55063,145.621,7.08902,145.666,6.54638,145.029,5.97687,145.569,6.55435,146.171,1
164,9840,164,26.0694,14.1348,-33.5348,-57.9303,-33.4727,-58.6665,-34.1202,-57.9316,-33.5851,-57.1042,-32.9789,-57.9057,1
164,9840,166,23.6442,-3.23686,16.6527,-6.38586,16.6902,-6.95238,16.0525,-6.37158,16.6054,-5.78215,17.2078,-6.40085,1
164,9840,169,38.0776,-10.9992,29.9643,115.04,30.6434,115.052,29.7567,114.028,29.2021,115,30.1435,115.904,1
164,9840,172,21.4646,13.3814,-76.3075,0.0455001,-76.7684,-1.46269,-76.6062,2.05026,-75.7838,1.54625,-75.9905,-1.76672,1
164,9840,176,-38.6576,-6.06533,65.3082,-16.8998,64.6515,-18.285,64.9894,-15.4022,65.8598,-15.6502,65.6377,-18.663,1
164,9840,179,26.9225,-14.7626,7.18294,169.903,7.55408,170.336,7.70227,169.409,6.80838,169.433,6.72994,170.352,1
164,9840,184,7.47598,-20.9449,-0.571833,10.9148,-0.771131,10.4623,-1.09227,11.0393,-0.397886,11.3614,-0.0924439,10.781,1
164,9840,187,-22.1384,-24.3394,61.3708,138.494,62.0156,138.011,61.2683,137.428,60.7953,138.861,61.4968,139.56,1
164,9840,190,26.1214,4.65505,65.2901,153.706,65.9137,153.459,65.0933,152.214,64.6069,153.972,65.4518,155.119,1
164,9840,197,-24.6508,-14.1966,-4.98933,24.2607,-5.34719,23.6139,-5.50537,24.5663,-4.67993,24.8468,-4.46078,23.9223,1
164,9840,198,39.017,-9.27229,27.0256,43.4222,26.8792,42.5798,26.1261,43.926,27.1612,44.3869,27.7838,42.9825,1
165,9900,8,8.50959,16.6828,19.1517,52.5675,18.8569,52.0558,18.6675,52.8437,19.4798,53.1051,19.6523,52.3039,1
165,9900,10,-35.3282,-1.83035,-45.3697,-38.8916,-44.7322,-39.3807,-45.7917,-39.5582,-45.9307,-38.4482,-44.8862,-38.1608,1
165,9900,12,13.8086,24.276,-19.4354,48.4895,-19.5146,47.9018,-19.9477,48.504,-19.3212,49.1353,-18.9109,48.5051,1
165,9900,15,-12.0445,-20.6029,49.3925,137.446,49.6416,136.647,48.9761,137.004,49.1424,138.161,49.8131,137.86,1
165,9900,25,37.1685,1.8759,-84.0188,-7.62389,-83.4986,-11.1512,-84.5823,-12.1112,-84.5811,-2.80971,-83.5,-4.27965,1
165,9900,29,25.7545,9.07495,52.8656,98.9399,52.6321,98.1253,52.4019,99.4068,53.1234,99.8423,53.3065,98.5073,1
165,9900,31,33.0013,22.8525,74.4023,101.894,73.847,100.14,74.0366,103.736,75.0558,104.057,74.763,100.167,1
165,9900,32,27.9354,-8.39783,72.8261,-79.2234,73.1544,-77.7758,73.2714,-80.7758,72.4725,-80.7428,72.4196,-77.8755,1
165,9900,34,-35.7917,8.85638,-1.05649,-76.3486,-0.699529,-75.7711,-0.590966,-76.8298,-1.39032,-76.8601,-1.59721,-75.7997,1
165,9900,39,20.429,-16.5994,-1.42956,102.086,-1.79318,101.739,-1.86586,102.505,-1.07162,102.455,-1.04399,101.696,1
165,9900,44,-35.0551,-12.6492,26.6777,-79.4641,27.5175,-79.3868,26.6152,-80.1737,25.9541,-79.5418,26.7667,-78.6849,1
165,9900,45,6.55013,-18.8084,-3.66067,-59.5951,-3.13598,-59.5626,-3.54238,-60.1443,-4.16954,-59.6467,-3.7537,-59.0764,1
165,9900,52,-14.6224,12.9842,-23.4353,114.185,-23.4309,113.595,-23.9913,114.186,-23.4219,114.766,-22.838,114.198,1
165,9900,58,23.475,-13.4576,-2.71068,-44.4754,-2.15343,-44.3776,-2.6062,-45.1509,-3.2884,-44.5966,-2.7924,-43.8633,1
165,9900,69,25.2114,-8.64889,50.7144,-94.1235,51.1982,-94.4558,50.4249,-94.9781,50.1955,-93.7958,50.9782,-93.3421,1
165,9900,74,22.1501,14.5308,-67.2336,46.2878,-66.6506,45.9426,-67.3866,44.868,-67.8732,46.727,-67.0926,47.6554,1
165,9900,79,37.2018,-6.47033,60.9804,-130.64,61.2552,-131.952,60.1346,-130.921,60.6412,-129.204,61.7119,-130.392,1
165,9900,80,30.601,-14.4333,-16.5077,15.8708,-16.0005,16.1006,-16.2816,15.1634,-17.0416,15.6021,-16.6926,16.4974,1
165,9900,84,-27.4597,-5.57268,-14.6309,179.538,-14.7732,178.922,-15.1304,179.73,-14.5038,-179.903,-14.096,179.323,1
165,9900,89,-28.8197,23.6074,14.5152,5.54251,15.0383,5.78988,14.7714,4.89483,13.997,5.33895,14.1922,6.28308,1
165,9900,93,22.5863,-9.76249,37.2252,-101.75,37.4026,-102.367,36.6483,-101.976,37.0239,-101.111,37.7553,-101.549,1
165,9900,95,11.3544,23.0559,30.9109,-7.40132,31.4453,-7.5557,30.8433,-7.99586,30.3313,-7.2078,30.9508,-6.78671,1
165,9900,103,-10.7797,-21.2319,69.0208,-129.471,68.5892,-130.575,68.5994,-128.612,69.3974,-128.376,69.4138,-130.394,1
165,9900,106,32.9432,-19.3797,2.92097,42.9004,3.31025,43.3612,3.53279,42.3043,2.53042,42.385,2.40999,43.4228,1
165,9900,108,38.305,2.34907,-71.257,41.7618,-70.8498,43.549,-70.7541,39.8954,-71.7023,39.6062,-71.688,43.4603,1
165,9900,116,-31.2015,9.01644,42.584,26.0502,43.1734,26.0752,42.4943,25.2613,42.0411,26.0448,42.671,26.9421,1
165,9900,122,28.285,12.6824,-82.3969,-121.412,-82.6063,-126.288,-82.9577,-118.933,-82.0882,-116.314,-81.8511,-123.298,1
165,9900,125,-31.3367,19.8852,26.0631,-98.4635,25.7201,-99.1105,25.4511,-97.9488,26.413,-97.8719,26.7875,-99.0493,1
165,9900,128,-38.0086,11.6735,47.1156,82.0611,47.5866,83.0273,47.6117,81.0967,46.6701,81.2373,46.5122,83.1639,1
165,9900,129,35.7884,10.9697,10.6116,77.1912,11.192,77.7066,10.9538,76.5002,9.93004,76.6035,10.2831,77.8022,1
165,9900,130,-1.5844,-22.4707,51.7751,33.2914,52.2637,32.7702,51.5703,32.4266,51.3017,33.7389,51.9857,34.1041,1
165,9900,131,32.6365,16.74,26.0664,74.3317,26.8121,74.3447,25.9623,73.5815,25.2015,74.3373,26.1307,75.0328,1
165,9900,137,32.3664,24.2375,-1.19466,-76.456,-1.39204,-77.2522,-1.83599,-76.2349,-0.93143,-75.5173,-0.573272,-76.6219,1
165,9900,142,23.2279,9.8635,73.6246,95.0962,74.1838,95.9224,73.7867,93.0488,73.0047,94.282,73.4393,96.9898,1
165,9900,143,-35.2647,-19.6712,42.4408,119.522,43.2028,120.39,42.8096,118.755,41.8066,118.788,42.0696,120.376,1
165,9900,146,-35.1936,9.20486,-67.6283,138.991,-67.0068,140.086,-67.3541,137.181,-68.1918,137.993,-67.9262,141.119,1
165,9900,152,33.6018,2.728,-37.2373,-82.2591,-37.0613,-83.0331,-37.9317,-82.3039,-37.4295,-81.3845,-36.6137,-82.2111,1
165,9900,164,22.4522,-4.38735,-32.0011,-56.6675,-31.9182,-57.2916,-32.5931,-56.7203,-32.0924,-56.006,-31.4524,-56.6226,1
165,9900,168,-23.7923,2.23907,48.4995,81.5068,49.0111,81.0792,48.1811,80.8247,48.0217,81.9044,48.838,82.2533,1
165,9900,169,32.7143,-0.928173,27.6671,119.834,28.2945,119.817,27.5039,119.058,26.9691,119.848,27.8073,120.532,1
165,9900,171,38.173,7.55365,-70.5648,160.658,-70.189,162.609,-70.0105,159.011,-70.9798,158.303,-71.0535,162.156,1
165,9900,172,30.7284,-22.1233,-76.0728,4.14003,-76.5381,2.50301,-76.6056,7.04499,-75.5968,5.87167,-75.6076,1.76974,1
165,9900,175,17.2698,-21.6887,31.9437,-5.76235,31.5563,-6.21379,31.4139,-5.29709,32.3081,-5.28595,32.4067,-6.2052,1
165,9900,178,31.2854,-4.16867,38.2903,168.184,38.6932,168.769,38.7275,167.474,37.8513,167.541,37.8965,168.814,1
165,9900,182,-36.5699,-6.30573,-53.8568,-39.1872,-53.6725,-40.4261,-54.4722,-39.1844,-54.0101,-38.1009,-53.1671,-39.2122,1
165,9900,184,37.808,0.750941,3.23655,15.8355,3.10314,15.1948,2.58418,16.183,3.3849,16.5689,3.81104,15.5348,1
165,9900,186,-22.3933,19.5524,64.3601,74.1602,64.582,73.0719,63.8432,73.6088,64.1571,75.2315,64.9276,74.8425,1
165,9900,190,19.9568,17.1996,62.7396,163.487,63.3734,163.356,62.6718,162.2,62.0403,163.665,62.7705,164.757,2
165,9900,191,13.7961,23.6635,31.9876,-165.04,32.5957,-164.819,32.217,-165.673,31.3061,-165.251,31.7206,-164.412,1
166,9960,0,38.468,8.83055,69.7088,151.456,70.4573,150.396,69.1236,149.7,68.8254,152.626,70.1942,153.126,1
166,9960,8,37.4603,0.850145,20.2525,56.4735,19.9969,55.7067,19.5509,57.0114,20.5364,57.3575,20.8691,56.0049,1
166,9960,9,-33.6135,15.2453,58.3043,64.3408,58.1609,62.9788,57.5743,64.8846,58.4512,65.5917,59.1558,63.7109,1
166,9960,14,18.0178,-10.8921,33.1229,100.717,33.1985,100.134,32.5705,100.613,33.0298,101.314,33.6362,100.804,1
166,9960,21,-23.2384,12.0031,48.8554,-105.968,49.2672,-105.479,49.1477,-106.655,48.4509,-106.41,48.5202,-105.23,1
166,9960,25,32.6602,-2.50359,-82.638,19.3855,-82.383,15.4264,-83.2778,18.1182,-82.8828,24.055,-82.0631,20.3474,1
166,9960,28,-15.5315,-23.3477,19.4934,84.0392,19.0791,83.5728,19.0685,84.3272,19.8507,84.4764,19.8967,83.7303,1
166,9960,34,-32.9781,-12.7534,-2.63456,-77.0258,-2.13369,-76.473,-2.26638,-77.469,-3.06367,-77.5158,-3.01834,-76.5302,1
166,9960,39,12.1199,-22.435,1.83887,100.935,1.44348,100.616,1.3961,101.312,2.20971,101.265,2.22988,100.575,1
166,9960,40,32.6212,21.5992,7.44104,128.083,7.31503,127.324,6.81186,128.27,7.61184,128.973,8.04169,127.944,1
166,9960,41,37.9221,-3.90071,31.0299,152.947,31.195,152.159,30.1937,152.98,30.825,153.835,31.7546,152.917,1
166,9960,43,26.207,11.0231,41.5689,-112,42.1548,-112.2,41.3576,-112.737,40.9204,-111.77,41.7493,-111.294,1
166,9960,44,-23.1788,22.0619,20.1631,-75.6488,20.725,-75.5504,20.2722,-76.3249,19.6067,-75.712,20.013,-74.8885,1
166,9960,45,-37.6393,-14.0622,-3.89208,-53.9055,-2.97136,-53.7862,-3.94597,-54.576,-4.67046,-54.0189,-3.80167,-53.1615,1
166,9960,49,-40.3015,0.501331,-17.5231,97.6832,-17.412,96.7767,-18.2623,97.8473,-17.6088,98.4658,-16.6646,97.4877,1
166,9960,52,38.1524,3.3925,-24.9664,120.569,-24.9281,119.733,-25.773,120.799,-25.006,121.535,-24.2565,120.38,1
166,9960,53,-29.3135,23.7734,9.25138,139.569,9.26482,138.914,8.4849,139.588,9.27869,140.198,10.1482,139.575,1
166,9960,56,-36.7428,8.59186,48.3446,-93.235,49.1209,-93.2943,48.0996,-94.3173,47.653,-93.1573,48.6092,-91.9639,1
166,9960,58,33.8135,19.0644,-9.24791,-41.1863,-8.45845,-41.118,-9.30444,-41.8953,-10.1774,-41.2448,-9.22929,-40.5275,1
166,9960,65,-18.194,-10.7795,-28.422,129.434,-28.468,128.797,-28.9166,129.482,-28.3858,130.024,-27.9138,129.37,1
166,9960,69,-16.4687,21.4943,51.6221,-82.4707,52.1133,-82.7123,51.4905,-83.3446,51.1358,-82.1942,51.739,-81.4917,1
166,9960,74,33.744,18.8792,-70.6391,54.9951,-69.919,54.1686,-70.9848,53.1911,-71.4704,56.1048,-70.3321,56.6633,2
166,9960,79,-25.9916,17.649,69.6262,-124.658,69.8863,-126.214,69.0218,-125.359,69.3873,-123.169,70.2979,-123.765,1
166,9960,85,17.8495,8.20588,19.6027,-157.415,19.4736,-157.928,19.1259,-157.253,19.7461,-156.866,20.066,-157.563,1
166,9960,93,30.2086,-11.4228,38.073,-97.5364,38.3231,-98.1903,37.4012,-97.8368,37.7834,-96.8478,38.6706,-97.2772,1
166,9960,103,24.5388,-20.7232,72.0693,-118.355,71.8129,-119.923,71.4093,-117.459,72.2922,-116.661,72.6398,-119.26,1
166,9960,104,33.3666,24.0087,65.8137,31.9744,66.5166,32.8516,66.0322,30.4673,64.9591,31.0502,65.5548,33.3294,1
166,9960,105,-20.5238,-9.53092,34.1263,46.4405,34.5611,46.9207,34.4611,45.9651,33.7292,45.995,33.7851,46.941,1
166,9960,117,-33.9233,19.7985,12.7136,58.1459,13.2921,58.3462,12.8289,57.4445,12.1665,57.9909,12.556,58.9639,1
166,9960,125,-36.7352,-9.33531,26.4969,-99.5088,25.952,-100.311,26.0478,-98.9083,26.9566,-98.808,26.9798,-100.202,1
166,9960,131,35.1789,8.92083,23.7232,75.9643,24.4503,76.0515,23.6217,75.1637,22.8857,75.8735,23.794,76.6886,1
166,9960,132,-38.7313,-10.7519,2.01372,103.804,2.95069,104.009,1.98216,103.087,1.22107,103.623,2.07476,104.614,1
166,9960,133,-33.431,-19.2674,-25.7718,125.818,-24.8534,125.79,-25.8393,125.107,-26.5547,125.821,-25.6583,126.575,1
166,9960,137,38.9728,-1.76257,-1.15731,-75.5381,-1.15235,-76.2854,-2.00054,-75.2776,-1.17249,-74.6789,-0.427807,-75.7596,1
166,9960,141,16.8561,8.27348,71.6383,-43.779,71.3836,-45.3427,71.1496,-42.9439,71.9032,-42.0717,72.1133,-44.6008,1
166,9960,143,19.6005,16.9133,34.2186,112.836,34.7122,113.271,34.5465,112.269,33.6621,112.38,33.8764,113.372,1
166,9960,144,28.1365,-22.9133,2.5466,114.965,2.98908,115.396,3.18315,114.375,2.11656,114.491,2.0139,115.49,1
166,9960,146,3.11959,23.0044,-73.5441,131.584,-73.0368,132.439,-73.2274,129.997,-74.0949,130.694,-73.8865,133.265,1
166,9960,149,-38.7186,6.66077,0.908185,-66.2343,0.501496,-66.9699,0.361252,-65.6549,1.27937,-65.5961,1.54968,-66.9092,2
166,9960,153,-28.9852,-10.3879,-7.42662,-54.9583,-7.42639,-55.658,-7.99148,-54.8961,-7.43451,-54.334,-6.82215,-55.0413,1
166,9960,155,39.0287,-1.787,35.2119,8.2486,35.5399,7.47834,34.3898,8.06557,34.8216,9.12012,35.9223,8.41356,1
166,9960,156,-11.1939,18.9466,46.8543,57.4708,47.2618,57.0228,46.5608,56.8204,46.4523,57.9427,47.1512,58.1961,1
166,9960,157,-18.1364,11.0146,33.2516,100.767,33.7746,100.706,33.1754,100.133,32.7448,100.842,33.32,101.455,1
166,9960,164,26.8225,7.91387,-29.1432,-52.1797,-29.0886,-52.8581,-29.7427,-52.1499,-29.1927,-51.4285,-28.5824,-52.1941,1
166,9960,167,35.3654,15.747,40.739,38.1383,41.0718,37.2428,40.0609,37.9152,40.3556,39.1853,41.35,38.3818,1
166,9960,168,7.44883,18.0887,44.4181,87.4829,44.8667,87.1022,44.1842,86.8514,43.9477,87.904,44.636,88.146,1
166,9960,175,26.2914,22.0505,40.0671,-4.53461,39.5652,-5.1353,39.6731,-3.95391,40.6553,-3.85849,40.4713,-5.07458,1
166,9960,176,13.5076,-16.154,72.2821,-3.38932,71.9339,-4.65136,71.806,-2.27341,72.6079,-2.03799,72.7081,-4.51528,1
166,9960,177,17.0231,12.2861,68.9603,167.208,69.3808,168.191,69.2818,166.018,68.4927,166.214,68.6268,168.313,1
166,9960,179,-35.4581,16.0985,-3.62701,175.684,-3.23909,176.276,-3.09052,175.136,-4.00461,175.16,-4.2682,176.316,1
166,9960,184,-32.4825,-0.371215,9.40413,11.1725,9.24574,10.5363,8.8809,11.4263,9.54789,11.7444,9.98352,10.8865,1
166,9960,185,25.6144,8.13498,39.1271,36.0569,39.0482,35.3655,38.6002,36.2354,39.2158,36.8174,39.6249,35.8996,1
166,9960,186,-39.6377,-1.1012,66.9285,76.3282,67.3432,74.5884,66.272,75.9085,66.5579,77.7896,67.6848,76.822,1
166,9960,197,-5.3935,-21.0003,0.948531,27.7826,0.60695,27.2638,0.407612,28.0071,1.24844,28.2788,1.45924,27.5441,1
166,9960,198,38.413,-9.03933,33.9115,46.3161,33.7905,45.4197,33.0145,46.7983,34.0171,47.3382,34.6712,45.8907,1
166,9960,199,-14.4065,-21.1081,66.3813,70.3016,66.2957,68.6105,65.7983,70.2416,66.4215,71.8517,66.9584,70.2924,2
167,10020,7,-36.5014,-10.5608,-9.81706,38.768,-10.2275,37.9152,-10.3733,39.2234,-9.47089,39.502,-9.21118,38.2424,1
167,10020,8,20.5746,1.51533,24.521,55.2102,24.2722,54.6368,23.9936,55.5423,24.7841,55.8244,25.0197,54.8975,1
167,10020,9,38.2562,10.9515,57.115,80.2011,57.043,78.6561,56.3325,80.7446,57.1855,82.0279,57.8155,79.742,1
167,10020,14,27.7734,-4.7811,34.8789,105.341,35.0191,104.697,34.2609,105.239,34.7159,106.031,35.4405,105.431,1
167,10020,21,27.267,0.255692,45.1096,-111.424,45.5569,-111.013,45.3497,-112.17,44.6222,-111.866,44.8824,-110.744,1
167,10020,25,36.1164,14.5447,-79.2276,47.821,-79.3147,44.0986,-79.8344,49.2333,-79.0568,52.0572,-78.6636,46.7828,1
167,10020,28,-28.4666,19.0558,27.2913,83.8495,27.0272,83.2938,26.7659,84.2279,27.5639,84.3669,27.9005,83.4308,1
167,10020,30,23.1126,24.2127,45.9205,99.8049,45.4245,99.2721,45.5777,100.4,46.4976,100.395,46.2816,99.2398,1
167,10020,33,33.4483,7.48115,27.7729,-82.3175,28.1765,-81.7709,28.1653,-82.8968,27.3083,-82.9281,27.405,-81.8036,1
167,10020,34,38.1342,6.66729,-8.07156,-84.4239,-7.65984,-83.8568,-7.62972,-85.0128,-8.55128,-85.0808,-8.47215,-83.9104,1
167,10020,36,34.9047,1.22812,-78.0378,-110.738,-77.9322,-107.785,-77.3943,-111.923,-78.1169,-114.119,-78.6085,-109.593,1
167,10020,43,9.91775,-20.1595,42.5076,-110.191,43.0159,-110.394,42.4322,-110.981,42.004,-110.024,42.5913,-109.462,1
167,10020,49,-30.4005,22.7014,-13.7833,102.714,-13.7376,102.067,-14.5225,102.716,-13.7873,103.332,-12.9193,102.737,1
167,10020,56,30.6864,15.6395,39.981,-93.2135,40.669,-93.451,39.7205,-94.0043,39.1965,-92.926,40.1955,-92.4571,1
167,10020,65,-36.7978,16.5249,-22.1132,132.192,-22.0112,131.453,-22.8644,132.264,-22.1739,132.867,-21.2248,132.126,1
167,10020,71,-35.5389,11.9124,23.4483,-13.4114,24.0416,-12.9523,23.7202,-14.1691,22.8983,-13.8034,23.1172,-12.5406,1
167,10020,74,13.3964,-17.311,-68.5717,57.3581,-68.0829,56.7918,-68.7462,55.7732,-69.0653,57.8953,-68.3822,58.7842,1
167,10020,79,-24.8322,22.9137,70.9419,-112.622,71.2903,-114.107,70.391,-113.839,70.6178,-111.157,71.5458,-111.081,1
167,10020,80,32.3037,9.63552,-25.3351,20.2861,-24.7427,20.4983,-25.2587,19.6043,-26.0088,20.052,-25.417,20.9099,1
167,10020,86,26.97,24.2812,51.2826,-123.488,51.2987,-124.543,50.7216,-123.511,51.2777,-122.267,51.8272,-123.407,2
167,10020,89,35.3338,-14.8308,8.44019,1.44296,8.97832,1.70694,8.67409,0.654986,7.86196,1.13052,8.25031,2.12213,1
167,10020,93,-8.48712,23.9061,44.1387,-90.9509,44.3305,-91.6177,43.6675,-91.3256,43.9606,-90.2489,44.6379,-90.506,1
167,10020,95,31.6078,23.8595,24.3337,-2.20689,25.0706,-2.3572,24.1704,-2.87034,23.4699,-2.00307,24.4469,-1.56429,1
167,10020,104,-38.5455,-7.52213,66.2778,49.6674,66.7942,51.4061,66.6806,48.2938,65.8235,48.2269,65.8212,51.1975,2
167,10020,105,-30.2405,7.75025,28.7334,47.5963,29.1272,48.1543,29.1385,47.0629,28.3592,47.0948,28.2726,48.1838,1
167,10020,106,-4.11398,23.2878,-8.65007,46.5197,-8.2496,46.8481,-8.26293,46.1557,-9.08592,46.1945,-9.08184,46.8932,1
167,10020,108,-32.2332,-24.3729,-74.7588,67.9526,-73.8779,68.8591,-74.5705,65.7725,-75.4916,67.0147,-74.8899,70.3401,1
167,10020,121,22.1293,20.1447,-68.9136,91.2609,-68.3448,92.1484,-68.613,89.8553,-69.5581,90.2632,-69.222,92.6354,1
167,10020,125,-36.815,-15.0458,29.5181,-99.5144,28.8864,-100.362,29.0793,-98.8948,30.0381,-98.7782,29.9745,-100.231,1
167,10020,128,21.7366,16.5741,38.6435,74.2669,39.1668,74.7106,38.9463,73.6239,38.0512,73.8009,38.3263,74.8709,1
167,10020,130,30.7634,-18.4116,45.9006,41.6725,46.5008,41.4655,45.6589,40.5122,45.2552,41.8422,46.1174,42.6774,1
167,10020,131,27.4823,19.0138,20.796,79.9165,21.4868,79.9382,20.7669,79.2533,20.007,79.9145,20.7919,80.5515,1
167,10020,132,-27.7211,-18.2068,-1.37591,104.165,-0.5948,104.232,-1.33228,103.573,-2.05939,104.09,-1.39188,104.788,1
167,10020,137,27.6115,-21.8131,1.03528,-76.0896,0.980793,-76.6883,0.209156,-76.0498,1.05523,-75.466,1.75048,-76.1457,1
167,10020,143,26.1036,7.85771,31.2993,112.134,31.7748,112.603,31.6364,111.516,30.7685,111.629,30.9708,112.702,1
167,10020,148,-28.1268,21.787,-29.6766,-67.9595,-30.0052,-68.5904,-30.284,-67.4804,-29.3275,-67.3798,-28.9585,-68.4819,1
167,10020,153,38.5152,-6.25448,-9.14529,-47.4371,-9.04026,-48.1236,-9.9945,-47.329,-9.27852,-46.6597,-8.41546,-47.5325,1
167,10020,156,-37.316,-3.39957,49.3782,60.4104,50.087,59.8256,48.9139,59.6628,48.7587,60.9067,49.9061,61.2639,1
167,10020,159,-15.3373,20.9694,-20.1302,158.283,-19.607,158.264,-20.1132,157.682,-20.6556,158.33,-20.1678,158.945,1
167,10020,160,39.0165,7.09644,-3.8729,151.715,-3.11937,151.827,-4.003,150.925,-4.75465,151.589,-3.77355,152.412,1
167,10020,164,37.5381,-4.62938,-28.498,-49.291,-28.3607,-50.053,-29.3257,-49.225,-28.6608,-48.4284,-27.7802,-49.3486,1
167,10020,166,35.1102,-10.8063,22.6908,2.01272,22.8376,1.33966,21.8685,1.97535,22.5048,2.74897,23.4037,2.03597,1
167,10020,174,34.9772,10.5554,6.73184,-4.61793,6.25547,-5.15637,6.32488,-4.03254,7.28756,-4.00249,7.1149,-5.13746,1
167,10020,176,22.4401,-1.68773,77.2343,2.0897,76.9375,0.0514992,76.7597,3.6431,77.5295,4.37253,77.6677,0.537138,1
167,10020,184,30.9006,4.91343,10.7904,18.0763,10.6399,17.5069,10.2426,18.342,10.9598,18.7108,11.2945,17.8399,1
167,10020,185,33.9943,4.25047,41.3578,39.5198,41.3338,38.7044,40.7269,39.7419,41.3798,40.4407,41.9276,39.3266,1
167,10020,189,-24.7851,19.2844,-12.2596,-161.904,-11.7726,-161.682,-12.039,-162.463,-12.7407,-162.097,-12.5245,-161.28,1
167,10020,190,-32.1306,-19.829,63.8533,176.989,64.7932,177.223,63.8802,175.482,63.0525,176.757,63.847,178.598,1
167,10020,196,-32.882,-0.931835,-26.6243,14.2134,-26.8503,13.3793,-27.2255,14.5915,-26.4156,14.9548,-25.9556,13.7907,1
167,10020,197,1.40121,24.2377,8.61662,30.7036,8.30785,30.1992,8.08005,30.9297,8.97109,31.2291,9.19766,30.4904,1
168,10080,0,39.3694,-4.08191,67.3679,165.632,68.1458,165.427,66.973,163.384,66.4722,165.815,67.6796,167.616,1
168,10080,13,-35.4916,18.3,19.1353,75.717,19.2402,75.0206,18.3924,75.7464,19.0677,76.3599,20.0114,75.7028,1
168,10080,14,-33.6035,7.48317,42.4166,106.244,42.6372,105.404,41.7811,106.133,42.2231,107.006,43.1372,106.379,1
168,10080,18,32.209,-1.76698,-17.2378,-105.439,-16.654,-105.337,-17.2565,-106.14,-17.883,-105.558,-17.22,-104.809,1
168,10080,20,23.4819,5.1699,73.6164,-142.624,74.1333,-142.565,73.5705,-144.498,73.0561,-142.671,73.6378,-140.849,1
168,10080,21,35.9786,16.7589,39.5126,-110.996,40.1322,-110.536,39.7029,-111.807,38.7742,-111.507,39.3079,-110.271,1
168,10080,25,30.2632,16.0243,-75.5879,54.1123,-75.7609,51.6868,-76.111,55.1252,-75.3464,56.7849,-75.0848,53.3063,1
168,10080,28,-32.4592,-1.38803,29.1764,83.4544,28.8462,82.8142,28.7458,83.8915,29.4712,84.0317,29.6488,82.9615,1
168,10080,36,37.8066,-6.98167,-80.1887,-121.762,-80.2369,-117.998,-79.3951,-122.418,-80.0702,-125.927,-80.8721,-121.08,1
168,10080,39,27.7366,18.4965,13.2529,101.419,12.7756,101.006,12.9245,101.89,13.8071,101.875,13.586,100.983,1
168,10080,43,37.9716,9.4432,36.2123,-105.445,36.967,-105.536,35.9221,-106.325,35.3311,-105.332,36.4468,-104.65,1
168,10080,44,-37.3397,-5.72771,17.644,-71.6089,18.4624,-71.4305,17.6043,-72.3212,16.9355,-71.7645,17.7002,-70.805,1
168,10080,52,39.8491,-3.78739,-20.0729,124.91,-20.0071,124.103,-20.9782,125.14,-20.158,125.84,-19.298,124.717,1
168,10080,53,31.0815,5.03591,9.55852,147.317,9.54064,146.651,8.88635,147.467,9.58007,148.062,10.1737,147.19,1
168,10080,65,33.5792,1.46144,-24.7421,139.214,-24.7627,138.534,-25.3996,139.405,-24.7172,139.977,-24.1508,139.05,1
168,10080,74,32.8724,21.2473,-72.4462,78.5788,-71.8901,76.7877,-72.9784,77.1922,-73.0606,80.8875,-71.9623,79.9031,1
168,10080,79,34.0899,16.0912,65.5575,-102.076,66.0498,-103.466,64.9564,-102.907,64.9814,-100.495,66.0908,-101.219,1
168,10080,86,22.8243,-9.00618,51.9949,-123.409,52.0894,-124.213,51.4206,-123.541,51.8786,-122.572,52.5222,-123.297,4
168,10080,89,-22.1354,-15.5366,7.44734,7.76346,8.04084,7.91374,7.57808,7.27113,6.91406,7.615,7.33056,8.27615,1
168,10080,93,37.6509,-14.913,39.8304,-89.1983,40.2189,-89.8817,39.0056,-89.7,39.3699,-88.472,40.5321,-88.7797,1
168,10080,95,36.0247,17.9729,21.8496,-0.189767,22.6131,-0.264879,21.6435,-0.898329,20.9492,-0.0813133,22.0045,0.468754,1
168,10080,104,18.6909,-8.14757,62.0673,36.9998,62.465,37.6809,62.4037,36.0194,61.6573,36.2949,61.7535,37.9013,1
168,10080,105,21.1565,22.5718,23.3248,42.3035,23.8217,42.6996,23.6624,41.8339,22.7501,41.8818,22.9653,42.7461,2
168,10080,108,-36.4881,7.69102,-80.7178,88.2606,-80.009,89.2026,-80.7176,83.8945,-81.352,87.3853,-80.6581,93.2668,1
168,10080,116,29.8479,17.4592,30.4845,32.4432,31.1024,32.395,30.3806,31.7994,29.7794,32.5172,30.5558,33.0561,1
168,10080,121,30.236,13.1332,-72.1163,89.8845,-71.5453,91.166,-71.8071,87.9781,-72.7625,88.3669,-72.4064,91.6842,1
168,10080,125,-23.0865,-6.6568,34.2231,-97.1564,33.819,-97.7636,33.804,-96.6917,34.5876,-96.5891,34.6573,-97.6621,1
168,10080,126,-16.8906,8.15464,71.169,-85.8531,70.8962,-87.3524,70.6884,-84.9794,71.4306,-84.3759,71.6822,-86.815,1
168,10080,127,-15.8874,20.8792,70.5896,69.0274,71.0623,69.959,70.9403,67.513,70.0961,68.2038,70.1707,70.596,1
168,10080,130,-36.2932,12.6334,48.2331,55.8361,48.9836,55.8956,48.075,54.6954,47.5558,55.8197,48.3909,57.1807,1
168,10080,131,16.136,14.3885,19.2014,82.7794,19.7664,82.8193,19.2328,82.2035,18.5885,82.7518,19.1511,83.3455,1
168,10080,137,23.8494,11.1468,7.11717,-72.3923,7.03007,-72.9962,6.54167,-72.2545,7.2231,-71.7282,7.6684,-72.5085,1
168,10080,139,29.0379,3.48481,50.2788,-3.42151,50.6621,-4.19645,49.698,-3.91284,49.8505,-2.5784,50.8067,-2.95021,1
168,10080,141,-39.7477,-4.67519,78.7381,-63.9954,78.1276,-67.5947,78.2974,-60.8593,79.2218,-60.6143,79.1872,-67.9418,1
168,10080,142,30.0701,-1.00042,63.8015,101.694,64.3232,102.51,64.082,100.224,63.2252,100.823,63.5332,102.998,1
168,10080,146,37.7817,-6.04886,-78.5916,117.64,-78.1514,120.488,-78.0127,114.254,-79.0404,114.104,-79.0544,120.84,1
168,10080,148,-34.8099,-1.31252,-28.4025,-69.0234,-28.8146,-69.7917,-28.8874,-68.4638,-28.032,-68.3501,-27.8596,-69.652,1
168,10080,149,-25.0098,6.83346,8.13031,-64.3597,7.76756,-64.8639,7.68315,-63.9444,8.47871,-63.8917,8.62383,-64.8114,2
168,10080,153,31.2229,-10.2253,-5.98078,-46.0287,-5.92551,-46.6169,-6.70871,-45.9959,-6.05722,-45.3925,-5.33752,-46.0661,1
168,10080,157,-40.1742,-4.20477,31.5769,107.841,32.4627,107.888,31.3804,107.027,30.8197,107.802,31.8099,108.779,1
168,10080,164,-37.1684,-6.78464,-20.3971,-52.3868,-20.2768,-53.2706,-21.0659,-52.3072,-20.5013,-51.6216,-19.646,-52.4923,1
168,10080,166,-35.0256,11.0693,32.0874,1.8312,32.2692,1.02939,31.3743,1.80359,31.9373,2.56058,32.9101,1.876,1
168,10080,174,33.966,17.0911,11.2281,-4.93422,10.7,-5.4742,10.8402,-4.36363,11.8565,-4.31482,11.6089,-5.444,1
168,10080,175,33.969,17.3741,47.1647,-3.19403,46.6608,-4.0089,46.745,-2.40824,47.7602,-2.241,47.5708,-3.9022,5
168,10080,177,25.5307,-20.2555,64.5815,165.438,64.9991,166.343,65.1037,164.178,64.1654,164.48,64.1272,166.537,1
168,10080,184,-25.7063,-11.133,15.0776,14.2509,14.8658,13.6544,14.6082,14.4641,15.2591,14.7938,15.5674,14.0107,1
168,10080,185,26.6376,7.3009,45.0155,41.893,44.9831,41.1197,44.4694,42.0354,45.0509,42.7454,45.5276,41.771,1
168,10080,196,33.6345,-2.88405,-25.8001,22.8525,-26.0343,22.1265,-26.4796,23.3335,-25.5433,23.6621,-25.196,22.4312,1
168,10080,198,26.0603,-21.0554,40.2715,47.2371,40.0998,46.4564,39.4594,47.4793,40.4087,48.059,40.9754,46.9928,1
168,10080,199,-36.8909,-13.0931,73.5977,82.9775,73.8021,79.5489,72.8759,82.9072,73.3701,85.8083,74.4019,82.9497,1
169,10140,0,28.9063,-3.05985,66.4591,175.851,67.0929,175.823,66.3284,174.088,65.7678,175.86,66.5608,177.462,1
169,10140,8,21.4691,21.8176,33.6204,58.389,33.2793,57.6857,33.0884,58.7351,34.022,59.1736,34.1602,58.0779,1
169,10140,11,-22.4814,-0.356213,-32.8474,26.1608,-32.7477,25.5121,-33.3624,26.1069,-32.9364,26.7686,-32.297,26.2152,1
169,10140,13,-23.2288,6.7849,19.9787,78.3152,19.9967,77.7361,19.4427,78.351,19.9687,78.8632,20.5619,78.282,1
169,10140,20,26.1598,-0.102455,70.9422,-136.228,71.4577,-135.94,70.9626,-137.967,70.384,-136.53,70.9074,-134.628,1
169,10140,25,-28.3464,5.05359,-70.4286,44.1152,-70.4307,42.397,-70.9742,44.4027,-70.4046,45.7014,-69.8255,43.8249,1
169,10140,28,-34.0164,15.1601,34.597,84.0124,34.3334,83.3244,34.0533,84.4848,34.857,84.6365,35.2329,83.4725,1
169,10140,39,22.3369,-23.0765,13.0611,100.613,12.6755,100.246,12.5369,101.063,13.4288,101.008,13.5098,100.198,1
169,10140,45,-28.9525,8.14625,-15.2181,-46.6941,-14.6055,-46.5686,-15.1928,-47.3351,-15.7882,-46.7983,-15.2512,-45.9795,1
169,10140,52,38.9098,-1.12917,-16.8194,127.234,-16.7798,126.449,-17.6719,127.469,-16.87,128.138,-16.0806,127.038,1
169,10140,57,-20.4141,3.74661,14.9457,-54.3441,15.5181,-54.253,14.9861,-54.9225,14.4019,-54.4242,14.8982,-53.7251,1
169,10140,65,-32.0347,-4.28298,-18.3883,135.818,-18.4168,135.099,-18.9595,135.958,-18.3624,136.46,-17.7614,135.656,1
169,10140,68,25.5446,24.2302,52.5508,-123.537,52.9108,-124.445,52.0845,-124.052,52.1497,-122.487,52.9848,-122.974,2
169,10140,71,-39.5929,5.85148,17.26,-10.7017,17.935,-10.1768,17.4998,-11.4852,16.6609,-11.1444,16.9732,-9.78723,1
169,10140,74,18.7072,-18.0134,-70.7945,77.3532,-70.3804,76.2924,-71.1754,75.7279,-71.223,78.4184,-70.4241,78.7416,1
169,10140,79,-26.3058,-7.43154,71.6317,-99.6196,72.098,-101.14,71.1886,-100.748,71.1947,-98.3171,72.1052,-98.3834,1
169,10140,80,-39.756,-1.65599,-27.2111,30.17,-26.4471,30.4733,-27.19,29.3987,-27.8709,29.9082,-27.222,31.0589,1
169,10140,86,30.9497,-20.5148,52.7457,-119.452,52.9092,-120.341,51.9897,-119.805,52.5347,-118.537,53.4013,-119.168,1
169,10140,89,-37.7463,1.53723,3.5138,11.5828,4.17926,11.9151,3.63082,10.9279,2.92643,11.2969,3.38198,12.333,1
169,10140,104,-30.9957,-5.90638,58.5052,46.6356,58.9664,47.6309,58.8677,45.7462,58.0892,45.7633,58.1107,47.5995,2
169,10140,109,-30.8665,5.33211,-56.8792,-144.2,-57.1818,-145.24,-57.3543,-143.48,-56.587,-143.272,-56.3417,-144.978,1
169,10140,115,17.2955,22.5483,48.5823,-2.49609,49.0452,-2.92529,48.3545,-3.15504,48.0775,-2.00074,48.7841,-1.81056,2
169,10140,116,29.9715,-8.12405,29.5274,33.3618,30.059,33.4121,29.4917,32.6292,28.9531,33.2939,29.5618,34.0173,1
169,10140,121,25.4104,22.3899,-76.6183,95.4994,-75.9729,96.732,-76.3532,93.1136,-77.3609,94.0427,-76.8869,97.8493,1
169,10140,125,-29.3126,8.03173,39.5349,-97.6913,39.1746,-98.4129,39.0446,-97.1255,39.8754,-97.0267,40.0844,-98.3263,1
169,10140,126,-17.8591,16.1757,75.5921,-82.1401,75.3478,-84.1649,75.0502,-81.1653,75.8345,-80.1163,76.1877,-83.228,1
169,10140,127,29.0821,4.32793,67.1747,58.9051,67.7507,59.631,67.3507,57.2286,66.5321,58.1464,66.9897,60.4169,1
169,10140,128,28.8598,19.5836,30.6516,74.2793,31.2584,74.7471,30.957,73.6159,29.9392,73.7698,30.3299,74.8878,1
169,10140,131,-24.6629,4.62225,19.3828,87.606,19.979,87.7397,19.4357,86.9846,18.8232,87.4894,19.3196,88.2818,1
169,10140,139,36.2932,14.0117,49.9267,4.29009,50.4554,3.3765,49.2679,3.74231,49.3086,5.35146,50.5064,4.83466,1
169,10140,142,-0.590042,-18.848,62.4589,109.165,62.9425,109.811,62.8208,108.225,62.0057,108.534,62.1223,110.071,1
169,10140,143,26.1948,9.83528,23.6477,112.553,24.1297,112.997,23.9878,111.981,23.106,112.072,23.3138,113.078,1
169,10140,146,17.804,-8.35574,-81.8138,135.421,-81.3318,137.123,-81.5213,131.776,-82.2986,133.369,-82.0482,139.066,1
169,10140,148,21.7223,-24.0245,-27.5882,-62.5828,-27.981,-63.083,-28.2346,-62.1009,-27.2195,-62.0576,-27.032,-63.0246,1
169,10140,149,-26.4637,-22.7176,8.70566,-64.7665,8.0884,-65.3307,8.2671,-64.3429,9.22524,-64.2582,9.12958,-65.2305,1
169,10140,158,30.7,19.9787,-3.14756,134.173,-2.44313,134.156,-3.229,133.556,-3.96323,134.214,-3.10192,134.759,1
169,10140,164,-7.14035,18.3279,-18.5305,-45.5165,-18.5318,-46.0535,-19.0535,-45.5533,-18.5077,-44.9668,-17.9743,-45.458,1
169,10140,166,37.6728,13.7892,28.7842,10.7246,28.9309,9.84698,28.0394,10.7875,28.6176,11.7595,29.4535,10.6975,1
169,10140,174,36.6056,-2.953,12.7589,-4.80244,12.3623,-5.36931,12.2465,-4.16885,13.1978,-4.1538,13.2065,-5.35815,1
169,10140,175,37.8226,-3.22968,48.585,-2.49189,48.2201,-3.39083,48.0129,-1.57772,48.982,-1.4452,49.0763,-3.30149,2
169,10140,179,33.9965,0.715112,-13.1949,167.791,-12.7885,168.318,-12.7393,167.208,-13.6475,167.195,-13.6043,168.31,1
169,10140,182,-35.2963,18.4146,-41.5297,-20.991,-41.4627,-21.8439,-42.2441,-20.9015,-41.5556,-20.2027,-40.6876,-21.0686,1
169,10140,183,19.0105,20.0782,-13.1157,4.76805,-13.334,4.25134,-13.582,4.96249,-12.8548,5.33177,-12.6446,4.59855,1
169,10140,184,33.5734,0.173929,17.0202,21.2026,16.9022,20.5941,16.4143,21.4812,17.1469,21.8841,17.5638,20.9547,1
169,10140,185,-37.923,-13.7988,50.0354,36.1839,49.9113,34.8665,49.4495,36.5118,50.1177,37.3096,50.6777,35.7695,1
169,10140,191,-10.4666,21.7816,19.0164,-157.992,19.5312,-157.732,19.3288,-158.539,18.4764,-158.23,18.6532,-157.411,1
169,10140,196,-32.864,22.9995,-16.9254,17.6545,-17.1034,16.9244,-17.7274,17.9767,-16.7116,18.3268,-15.9616,17.3033,1
169,10140,197,-4.12441,-22.6528,11.3865,30.5626,11.0368,30.031,10.8283,30.7829,11.6906,31.0724,11.9084,30.3269,1
169,10140,198,-33.5865,12.5203,49.8077,43.36,49.6612,42.2368,49.0994,43.8163,49.9552,44.3852,50.6275,42.836,1
169,10140,199,37.4732,-0.55696,67.5521,106.887,68.0687,105.399,66.764,105.876,66.9399,108.496,68.2319,107.836,1
170,10200,7,-34.8876,-0.509162,2.04942,41.6097,1.73285,40.8619,1.47726,42.0384,2.33308,42.2704,2.69061,41.1212,1
170,10200,9,-37.6415,-1.6212,69.9658,76.4195,69.9018,73.8431,69.2497,77.1251,69.9945,78.6699,70.7769,75.5253,1
170,10200,13,-34.5173,3.3544,23.4188,79.6333,23.4903,78.8897,22.7886,79.7215,23.3593,80.2998,24.1312,79.533,1
170,10200,21,4.70316,22.1403,32.689,-105.63,33.1205,-105.344,32.9714,-106.094,32.2161,-105.912,32.3747,-105.165,1
170,10200,23,-31.6391,14.1683,-36.9512,-88.0488,-36.4942,-87.5718,-36.6279,-88.7237,-37.3867,-88.4768,-37.3275,-87.2795,1
170,10200,28,15.9644,-15.7608,34.6538,89.3097,34.3954,88.8176,34.1687,89.6283,34.898,89.8208,35.0936,88.9987,1
170,10200,30,0.532272,-23.2857,52.8601,95.4192,52.4209,94.9361,52.4689,96.0119,53.2595,95.9142,53.2097,94.8255,1
170,10200,39,5.02131,20.6974,20.731,98.4019,20.3407,98.0723,20.3918,98.7727,21.1591,98.7384,21.0971,98.0313,1
170,10200,43,-15.7437,17.5793,35.3019,-94.0078,35.8294,-94.0158,35.3059,-94.6923,34.7774,-93.9744,35.2754,-93.2618,1
170,10200,44,31.7324,-11.7632,7.84627,-73.2093,8.43198,-73.0707,7.91899,-73.9766,7.21613,-73.3792,7.79126,-72.5345,1
170,10200,45,-34.1316,16.6566,-18.3647,-43.1221,-17.7056,-42.9467,-18.319,-43.9028,-18.9777,-43.2551,-18.4318,-42.212,1
170,10200,52,-39.2521,-9.1626,-9.18073,121.949,-9.18816,120.972,-9.88494,122.161,-9.17845,122.777,-8.38684,121.686,1
170,10200,65,34.2422,14.7831,-17.5866,144.513,-17.6921,143.792,-18.1987,144.751,-17.4464,145.345,-17.0172,144.319,1
170,10200,66,34.9301,-12.8578,9.36387,163.861,9.36697,163.246,8.57295,163.994,9.33593,164.537,10.0454,163.735,1
170,10200,68,30.1781,-6.02485,52.1367,-122.427,52.5453,-123.068,51.6107,-123.083,51.6812,-121.756,52.6079,-121.83,4
170,10200,71,21.5152,-10.2759,13.0318,-16.273,13.5202,-16.0301,13.2862,-16.8616,12.5283,-16.5382,12.8057,-15.7306,1
170,10200,88,-37.3218,17.0054,30.3616,-3.88693,30.9643,-3.50461,30.5516,-4.73115,29.8014,-4.19853,30.1126,-2.89639,1
170,10200,89,-25.0966,-7.44836,0.203765,11.3795,0.76911,11.565,0.322627,10.8773,-0.310395,11.205,0.0874226,11.9157,1
170,10200,104,25.8117,15.9041,52.2172,37.7168,52.7121,38.3111,52.5124,36.9146,51.6491,37.0865,51.9119,38.4542,1
170,10200,115,21.5587,-7.62012,47.8348,-1.26791,48.2825,-1.53919,47.6033,-2.00189,47.3613,-1.00107,48.0497,-0.587638,4
170,10200,116,18.9491,17.6576,25.9718,38.8268,26.497,38.811,25.9581,38.2805,25.3944,38.8621,25.9634,39.3652,1
170,10200,121,31.1939,-12.4613,-76.7251,92.26,-76.2352,93.9504,-76.274,89.409,-77.2257,90.216,-77.0836,94.9437,1
170,10200,126,-36.078,7.13183,79.0198,-88.7771,78.6877,-92.4222,78.4231,-86.4491,79.292,-85.3745,79.6859,-91.7616,1
170,10200,127,-7.42445,17.1861,63.5505,70.5066,64.0016,71.1619,63.8687,69.4918,63.0771,69.8964,63.1898,71.5373,1
170,10200,133,-19.3801,-3.88339,-38.5025,138.044,-37.9159,137.977,-38.5785,137.359,-39.0522,138.104,-38.4125,138.761,1
170,10200,137,26.6682,-12.3754,10.9966,-69.5092,10.9685,-70.1004,10.2884,-69.4282,11.0059,-68.8822,11.6293,-69.5933,1
170,10200,139,-34.2605,-13.44,57.4059,4.17042,57.9713,2.94655,56.8543,3.5352,56.8996,5.18182,58.0202,4.84591,1
170,10200,142,34.9575,19.9567,53.9667,104.648,54.6824,105.378,54.2116,103.48,53.1004,103.848,53.695,105.688,1
170,10200,144,-16.3406,-17.511,-12.8908,119.571,-12.3646,119.956,-12.5308,119.141,-13.3614,119.204,-13.2351,120.021,1
170,10200,152,-30.6693,18.9994,-19.5848,-69.4197,-19.4471,-70.0622,-20.2766,-69.4978,-19.6831,-68.807,-18.7879,-69.3088,1
170,10200,155,22.653,-2.13753,42.4586,24.4927,42.748,23.8862,41.9473,24.1257,42.1435,25.1296,42.9336,24.8389,1
170,10200,157,6.86072,-17.6263,23.7033,109.366,24.2115,109.296,23.707,108.769,23.2048,109.413,23.7142,109.926,1
170,10200,164,24.3927,3.84009,-18.8128,-41.7665,-18.7955,-42.36,-19.3963,-41.7145,-18.8271,-41.122,-18.2662,-41.8084,1
170,10200,168,32.1598,-19.1485,37.8668,99.2985,38.4599,99.1377,37.6362,98.2645,37.2266,99.4253,38.075,100.186,1
170,10200,171,-36.6058,2.56011,-85.9208,-110.547,-85.2082,-114.378,-86.3318,-118.969,-86.526,-105.756,-85.3646,-102.947,1
170,10200,174,30.6813,18.3019,18.8182,-5.72722,18.3108,-6.24646,18.4332,-5.19285,19.4155,-5.13952,19.202,-6.21274,1
170,10200,177,30.4363,7.85108,54.1674,165.645,54.6315,166.398,54.5162,164.709,53.6369,164.829,53.8294,166.48,1
170,10200,196,24.0906,-17.7534,-19.8451,23.0755,-20.0896,22.4907,-20.5482,23.3897,-19.616,23.6902,-19.2263,22.781,1
171,10260,7,-19.4986,-3.95689,4.82801,44.0955,4.52966,43.554,4.34872,44.3975,5.1044,44.6041,5.32804,43.7724,1
171,10260,13,-31.2673,-21.0834,24.0811,80.627,23.9855,79.7403,23.5111,80.7099,24.1396,81.3911,24.6783,80.5003,1
171,10260,30,25.5651,7.54152,59.4737,98.485,59.0822,97.7326,59.1295,99.3358,59.9028,99.3226,59.7997,97.6821,1
171,10260,33,-24.212,10.8109,12.1303,-78.4793,12.4505,-78.0355,12.5399,-78.855,11.8147,-78.892,11.6725,-78.0746,1
171,10260,36,-25.1629,-13.9673,-86.4939,107.888,-87.0032,101.138,-86.7377,115.659,-86.011,112.58,-86.1936,100.763,1
171,10260,43,-39.243,7.67278,35.2074,-89.2489,35.9925,-89.0303,35.1322,-90.1894,34.5139,-89.4173,35.2812,-88.1435,1
171,10260,45,-34.0065,0.111674,-19.8233,-42.0198,-19.1057,-41.8987,-19.8663,-42.7081,-20.4639,-42.1247,-19.768,-41.2486,1
171,10260,49,-27.1882,5.93852,-3.82933,110.48,-3.83896,109.869,-4.41522,110.573,-3.81081,111.048,-3.18306,110.383,1
171,10260,55,-17.2775,12.4246,52.3852,-120.843,52.8578,-121.314,52.0771,-121.622,51.9296,-120.372,52.7021,-119.978,3
171,10260,71,-11.2452,15.2719,8.39414,-11.3754,8.8678,-11.1539,8.63269,-11.8637,7.91173,-11.5811,8.12463,-10.8607,1
171,10260,74,3.8505,-24.3252,-68.7161,96.5804,-68.4798,95.1517,-69.1854,95.5408,-68.9529,97.9317,-68.2607,97.4515,1
171,10260,88,-27.8492,-14.4781,29.2758,-4.9551,29.9326,-4.78595,29.3616,-5.55886,28.6951,-5.1172,29.2024,-4.31356,1
171,10260,91,-33.488,5.93065,10.5471,-147.831,10.6231,-148.512,9.90507,-147.761,10.4879,-147.214,11.2739,-147.906,1
171,10260,92,-15.5696,23.5135,34.6685,-116.158,34.754,-116.788,34.1113,-116.339,34.607,-115.515,35.2803,-115.927,1
171,10260,95,-30.3464,-19.6824,21.6827,9.58122,22.4763,9.50866,21.6184,8.96375,20.9948,9.62389,21.7803,10.23,1
171,10260,96,-10.9469,-17.5248,-6.10184,33.751,-5.54263,33.7202,-6.07029,33.2434,-6.62259,33.7637,-6.11369,34.2541,1
171,10260,104,37.5937,-9.5027,50.8554,35.4076,51.3085,36.1747,51.3106,34.2534,50.3556,34.5419,50.4616,36.3859,1
171,10260,115,40.0446,7.45449,43.8803,4.29721,44.5692,4.04645,43.4705,3.43576,43.0723,4.59036,44.2213,5.07253,1
171,10260,116,-27.9064,-11.462,27.7479,42.7941,28.3784,42.8316,27.73,42.2104,27.1839,42.7506,27.78,43.4155,1
171,10260,121,-15.9744,-16.4193,-77.9199,118.529,-77.2834,118.662,-77.8411,115.931,-78.5033,118.315,-77.9538,121.184,1
171,10260,125,11.775,14.4244,46.9509,-91.2198,46.6138,-91.8648,46.5141,-90.7576,47.3193,-90.5342,47.3956,-91.6689,1
171,10260,126,12.6558,-21.5795,77.694,-64.177,77.5597,-66.7431,77.043,-64.043,77.7755,-61.5888,78.2867,-64.4184,1
171,10260,127,22.8264,19.9264,58.784,66.4497,59.3761,67.0143,59.0332,65.4025,58.1055,65.8751,58.5065,67.433,1
171,10260,128,-26.0457,17.8772,24.1391,80.9438,24.5678,81.4334,24.5932,80.391,23.7072,80.4985,23.6082,81.55,1
171,10260,130,24.4976,5.06699,36.9988,60.9634,37.5863,60.9207,36.893,60.2158,36.3591,61.0139,37.086,61.6676,1
171,10260,137,-33.6733,13.8814,19.9417,-70.6303,19.9757,-71.3762,19.21,-70.5137,19.9323,-69.9458,20.7897,-70.7511,1
171,10260,142,-24.9564,-12.6156,54.7967,114.971,55.335,115.758,55.1434,114.163,54.3153,114.264,54.4418,115.825,1
171,10260,152,-26.4641,-0.735101,-18.8234,-67.9633,-18.7519,-68.6047,-19.383,-67.9553,-18.8859,-67.3725,-18.2171,-67.9752,1
171,10260,155,-39.3145,-4.23503,49.2677,27.0142,49.8085,25.9805,48.6131,26.6137,48.7957,27.8843,50.0205,27.4673,1
171,10260,164,15.7065,10.2384,-15.1019,-39.5122,-15.1182,-40.0594,-15.6226,-39.479,-15.0734,-38.9272,-14.5924,-39.5324,1
171,10260,165,-9.21423,20.7399,13.4917,-15.7167,13.4701,-16.2485,12.9504,-15.7449,13.5362,-15.1725,14.0753,-15.6642,1
171,10260,171,19.0227,11.8017,-85.9322,12.7922,-86.4413,9.40736,-86.0812,20.2866,-85.3636,15.4823,-85.7136,6.21553,2
171,10260,175,20.8797,6.94277,57.2543,-5.38483,56.8909,-6.1491,56.8601,-4.66,57.6459,-4.54997,57.6327,-6.07876,1
171,10260,184,16.6217,-19.2685,23.0357,22.033,22.8878,21.5234,22.4654,22.154,23.1614,22.5515,23.5515,21.9043,1
171,10260,186,34.8992,21.8626,59.0256,123.312,59.6921,122.663,58.6577,122.312,58.2405,124.091,59.3291,124.299,3
171,10260,196,-32.0098,13.7367,-11.1071,19.4327,-11.3075,18.7353,-11.7787,19.7759,-10.8972,20.0685,-10.3289,19.0543,1
172,10320,7,-32.5648,5.96346,9.87425,43.5554,9.59789,42.8624,9.28801,43.957,10.135,44.1802,10.538,43.1035,1
172,10320,8,6.68215,-18.8977,40.7115,58.9212,40.4458,58.2585,40.1353,59.1789,40.9467,59.5837,41.2439,58.6514,1
172,10320,13,-34.5047,-21.4442,26.9913,82.8543,26.9064,81.853,26.3947,82.9593,27.0376,83.702,27.6253,82.6959,1
172,10320,14,-35.6636,-19.8333,48.6471,120.303,48.9151,118.995,48.0452,120.119,48.3924,121.387,49.3076,120.452,1
172,10320,28,32.2054,12.7004,44.1323,94.1098,43.8369,93.3391,43.6549,94.6251,44.4734,94.9908,44.5822,93.6475,1
172,10320,29,22.4076,7.44046,75.5382,132.256,75.6031,130.2,75.0187,132.144,75.4536,134.468,76.0311,132.406,1
172,10320,36,-1.45677,21.5177,-79.2707,112.654,-79.7028,111.389,-79.5404,114.903,-78.8022,113.777,-78.9512,110.461,1
172,10320,39,10.7432,19.16,28.2193,98.0306,27.8214,97.671,27.8906,98.4363,28.6589,98.4053,28.5668,97.6318,1
172,10320,43,-30.7045,0.359566,32.2976,-88.0675,32.9651,-87.9799,32.2519,-88.7875,31.6923,-88.1419,32.3461,-87.2713,1
172,10320,49,-31.3653,-3.96124,-1.34685,111.56,-1.38131,110.858,-1.93862,111.697,-1.31731,112.189,-0.69848,111.402,1
172,10320,52,17.5697,21.2675,-4.61861,132.957,-4.73958,132.351,-5.17546,133.04,-4.46104,133.625,-4.05787,132.903,1
172,10320,55,-1.75975,-22.0426,50.8715,-120.838,51.3192,-121.438,50.6012,-121.638,50.4336,-120.312,51.1439,-120.088,3
172,10320,57,29.8924,1.8266,3.23182,-51.902,3.85285,-51.7856,3.23884,-52.5856,2.54558,-52.0315,3.21979,-51.2791,1
172,10320,65,-36.5252,-15.9305,-10.0446,140.873,-10.1827,139.995,-10.6359,141.078,-9.93914,141.62,-9.40327,140.618,1
172,10320,70,29.5033,13.0355,36.3451,-29.8677,36.9811,-29.6316,36.4337,-30.6495,35.6212,-30.1146,36.2378,-29.1433,1
172,10320,75,-37.6826,12.6925,-35.7002,148.995,-35.7304,148.05,-36.4533,149.303,-35.6419,149.838,-34.8088,148.655,1
172,10320,78,-39.5429,2.08369,61.3775,-157.365,61.4083,-159.158,60.6416,-156.945,61.3406,-155.812,62.2297,-157.885,1
172,10320,86,-1.80414,20.1994,61.7031,-96.5926,61.9351,-97.4908,61.3017,-97.1728,61.472,-95.6478,62.1127,-95.9295,1
172,10320,89,-33.4611,-14.4637,-5.3682,14.8894,-4.63011,15.1051,-5.28079,14.3152,-6.00461,14.6902,-5.43851,15.5167,1
172,10320,92,-35.5888,3.58591,37.5715,-116.005,37.7919,-116.87,36.9076,-116.058,37.3778,-115.235,38.3266,-115.944,1
172,10320,95,38.1899,-11.806,13.6815,7.74592,14.3335,7.86713,13.6278,6.83158,12.9546,7.58554,13.7339,8.52333,1
172,10320,96,38.7827,-1.6715,-13.2217,33.4522,-12.5376,33.5865,-13.3096,32.616,-14.0041,33.2888,-13.1462,34.1769,1
172,10320,102,-36.8298,-3.65632,61.0914,-138.427,60.5772,-139.657,60.7058,-137.318,61.5308,-137.32,61.5071,-139.725,1
172,10320,108,33.3455,23.225,-79.9578,-131.472,-80.5653,-134.343,-80.2738,-128.15,-79.1942,-128.608,-79.5988,-134.273,1
172,10320,113,20.2689,-6.97847,31.3666,-86.9564,31.4006,-87.5145,30.8341,-86.9747,31.3202,-86.3741,31.8615,-86.9453,1
172,10320,116,33.44,-8.60026,21.1173,41.0491,21.672,41.1608,21.1202,40.3029,20.5107,40.9123,21.1181,41.7061,1
172,10320,127,35.712,-18.7547,58.8795,62.8183,59.4248,63.6148,59.3535,61.115,58.303,61.9157,58.4791,64.2343,1
172,10320,139,38.292,12.9598,49.0462,20.6978,49.737,20.0148,48.4462,19.9091,48.2307,21.4981,49.5581,21.4466,1
172,10320,146,-2.2387,22.09,-82.2039,-98.2852,-82.3107,-102.29,-82.7576,-97.8262,-82.028,-94.2659,-81.6116,-98.5386,1
172,10320,152,36.2321,-9.62677,-21.3707,-61.5958,-21.2536,-62.2765,-22.1967,-61.5617,-21.5172,-60.8403,-20.6572,-61.6326,1
172,10320,155,31.4646,0.335461,42.9743,34.6466,43.3881,34.0352,42.405,34.1628,42.5099,35.312,43.4851,35.0953,1
172,10320,156,28.2902,-1.85773,37.1531,81.3413,37.7067,81.1585,36.9018,80.608,36.5488,81.5316,37.378,82.0142,1
172,10320,158,-15.6743,-12.9375,-5.97985,142.143,-5.40959,142.125,-5.97667,141.633,-6.5096,142.148,-5.96765,142.66,1
172,10320,165,26.3876,5.48941,12.928,-11.8328,12.947,-12.4304,12.3302,-11.7724,12.9098,-11.1769,13.4859,-11.8806,1
172,10320,168,21.5402,-12.4102,34.8217,108.684,35.3449,108.568,34.7012,107.937,34.2757,108.782,34.9384,109.364,1
172,10320,169,34.4103,-20.816,11.3466,136.998,11.9696,137.097,11.4192,136.053,10.6829,136.852,11.303,137.798,1
172,10320,171,23.8487,-14.4348,-84.5964,12.5341,-85.0827,9.68674,-84.8508,19.287,-84.0864,15.1777,-84.3206,6.96858,1
172,10320,174,-19.9722,-19.2646,22.5516,-11.3865,22.0333,-11.8393,22.1743,-10.9636,23.0053,-10.9612,22.9142,-11.8364,1
172,10320,175,27.1028,-9.97392,59.3165,-4.08065,58.9857,-4.97947,58.7956,-3.22895,59.6495,-3.086,59.7747,-4.88175,1
172,10320,184,-30.3934,5.51441,30.2681,20.8993,30.159,20.2178,29.728,21.1311,30.3735,21.5242,30.8704,20.6423,1
172,10320,186,36.9497,6.56599,57.9384,126.669,58.5813,126.347,57.5837,125.546,57.1983,127.034,58.235,127.699,6
172,10320,196,31.3022,23.3413,-8.53637,27.3237,-8.97815,26.6089,-9.09561,27.7486,-7.98864,28.1497,-7.97877,26.9582,1
173,10380,6,-34.5338,2.4674,-21.3857,33.917,-21.6415,33.1156,-21.9905,34.3394,-21.1468,34.6266,-20.7007,33.4417,1
173,10380,7,22.7519,-9.67172,10.3349,49.4917,10.0811,48.9599,9.74145,49.8198,10.5871,50.0571,10.8725,49.183,1
173,10380,9,-35.5433,-15.0242,76.5475,100.357,76.7173,96.2615,75.8516,100.229,76.3382,103.739,77.314,100.365,1
173,10380,13,-36.813,-10.3336,30.7201,86.4178,30.7681,85.466,30.0969,86.5335,30.6655,87.2359,31.4116,86.2635,1
173,10380,21,23.298,-4.87711,23.4462,-106.114,23.845,-105.785,23.7438,-106.629,23.0262,-106.467,23.1725,-105.639,1
173,10380,31,36.3897,-6.12516,78.2782,-85.6578,78.6631,-83.2042,78.7206,-88.7745,77.8335,-88.2618,77.8694,-83.1207,1
173,10380,32,33.5733,14.8356,40.2038,-83.533,40.6676,-82.8923,40.5677,-84.2105,39.6533,-84.2487,39.8469,-82.9338,1
173,10380,33,38.4261,-13.8337,7.31965,-85.2252,7.6509,-84.6725,7.95714,-85.8459,6.97238,-85.8566,6.78763,-84.6932,1
173,10380,36,-37.957,2.4788,-77.3702,93.5983,-77.7447,90.6035,-77.8093,95.975,-77.0088,96.0652,-76.8429,91.0611,1
173,10380,38,25.0664,24.2711,-3.1726,100.637,-3.68959,100.258,-3.50509,101.076,-2.56422,101.051,-2.81916,100.228,1
173,10380,39,8.52226,24.0875,32.4683,97.329,32.0456,96.96,32.1188,97.7483,32.9419,97.7119,32.8487,96.9121,1
173,10380,42,-27.4998,8.89362,50.5735,-123.025,51.1599,-123.273,50.336,-123.903,50.0286,-122.78,50.8219,-122.035,2
173,10380,49,-33.956,-9.3052,1.3596,113,1.29578,112.215,0.754286,113.165,1.40807,113.687,2.02141,112.801,1
173,10380,55,37.5461,-4.59297,45.4866,-114.871,46.1616,-115.214,44.9843,-115.88,44.7156,-114.51,45.915,-113.984,1
173,10380,57,37.8113,8.44783,-1.02033,-50.1873,-0.253938,-50.0344,-1.09432,-50.986,-1.91553,-50.3594,-0.972757,-49.4779,1
173,10380,66,29.5036,21.575,21.5496,172.049,21.4354,171.327,20.9746,172.199,21.7008,172.883,22.1055,171.94,1
173,10380,70,31.2822,-5.55338,34.6557,-29.2926,35.2214,-28.9946,34.8226,-30.1519,34.0396,-29.6267,34.5049,-28.5274,1
173,10380,78,28.9306,24.1281,60.5084,-138.164,60.5521,-139.683,59.8792,-138.207,60.4635,-136.391,61.1126,-138.036,1
173,10380,92,-24.6969,-21.8067,37.2421,-114.057,37.2919,-114.968,36.6988,-114.16,37.1725,-113.26,37.8026,-113.989,1
173,10380,95,32.3748,7.71884,10.1043,12.3348,10.7423,12.3748,10.0129,11.6794,9.38304,12.2962,10.174,12.9349,1
173,10380,102,25.6745,-17.8947,63.0209,-125.299,62.7349,-126.326,62.4113,-124.529,63.2879,-124.181,63.549,-126.039,1
173,10380,104,-38.2349,13.5293,41.2913,47.1983,41.6767,48.0495,41.8156,46.4321,40.9202,46.4646,40.6557,48.0756,1
173,10380,105,36.8938,-2.13099,6.79468,40.1864,7.22297,40.7036,7.24164,39.5407,6.31497,39.5962,6.40128,40.7496,1
173,10380,108,17.3421,11.8195,-77.6476,-140.636,-77.9876,-142.575,-78.0256,-138.946,-77.258,-138.694,-77.2604,-142.142,1
173,10380,112,-25.8498,4.62866,10.4185,-112.509,10.3936,-113.061,9.90198,-112.419,10.4473,-111.994,10.9828,-112.605,1
173,10380,113,-33.3839,17.9513,39.0253,-85.559,39.1626,-86.3175,38.3571,-85.6188,38.92,-84.8501,39.8009,-85.4645,1
173,10380,121,-34.7554,-1.61052,-80.3365,166.654,-79.6767,164.112,-80.8429,163.782,-80.901,169.214,-79.7375,169.505,1
173,10380,125,29.4779,9.7594,53.5601,-86.4736,53.2304,-87.4475,53.0384,-85.7901,53.9289,-85.3696,54.0501,-87.1013,1
173,10380,127,19.1809,13.5347,52.3256,69.4645,52.8297,69.9748,52.6022,68.6479,51.766,68.9401,52.0359,70.2351,1
173,10380,132,20.9704,20.5375,-25.3041,115.539,-24.6696,115.555,-25.282,114.904,-26.0151,115.546,-25.3518,116.164,1
173,10380,139,24.1094,13.8302,50.1055,26.4697,50.6345,25.9602,49.7569,25.7266,49.5227,27.0412,50.4185,27.2081,1
173,10380,148,33.3316,-18.5624,-12.3478,-61.0652,-12.7058,-61.6227,-13.0685,-60.4772,-11.9919,-60.4464,-11.7429,-61.5793,1
173,10380,152,-25.3648,20.8496,-12.2439,-61.0543,-12.1805,-61.6369,-12.8872,-61.1083,-12.2746,-60.4862,-11.5143,-60.9709,1
173,10380,165,-38.4912,1.05915,19.8779,-14.4953,19.9919,-15.3547,19.1666,-14.3755,19.7816,-13.7456,20.6959,-14.6391,1
173,10380,166,23.6014,-10.5402,36.9934,21.1253,37.1717,20.4856,36.3847,20.8986,36.7887,21.7875,37.5495,21.3238,1
173,10380,167,19.1236,-11.2917,45.6783,68.3323,46.0846,67.8632,45.3026,67.6715,45.2483,68.7934,46.029,68.9407,1
173,10380,183,20.7052,-10.7175,-1.89282,9.29446,-2.03824,8.82751,-2.42624,9.47276,-1.75379,9.78311,-1.40504,9.12238,1
173,10380,184,31.833,-10.4894,29.4677,27.5743,29.4025,26.9388,28.7955,27.776,29.5184,28.2674,30.0585,27.3848,1
173,10380,186,9.66841,-24.3166,59.9212,130.578,60.3962,130.206,59.8382,129.449,59.4536,130.879,60.0102,131.608,1
173,10380,196,-12.0361,19.6413,-4.38607,23.6241,-4.64207,23.1165,-4.93761,23.8597,-4.10399,24.1266,-3.77817,23.3888,1
174,10440,6,-35.3788,14.4672,-16.4003,35.168,-16.6084,34.4009,-17.11,35.5787,-16.1816,35.8547,-15.5611,34.7056,1
174,10440,7,-26.4269,-13.0371,14.8672,45.2509,14.4771,44.5913,14.3683,45.6059,15.2037,45.8489,15.3816,44.8559,1
174,10440,13,-40.0784,3.4833,34.6709,90.3534,34.8608,89.4018,33.946,90.4284,34.5098,91.1795,35.5161,90.263,1
174,10440,24,-2.11701,23.2972,-80.3013,-9.74666,-79.9743,-11.8562,-80.6164,-12.0389,-80.6129,-7.27751,-79.9663,-7.37196,1
174,10440,33,-32.8408,-2.87153,1.98075,-78.8347,2.38921,-78.2961,2.36889,-79.2758,1.61604,-79.3156,1.55596,-78.3419,1
174,10440,36,21.5263,7.30099,-72.5875,113.21,-73.0338,112.307,-72.8093,114.806,-72.0974,114.12,-72.357,111.74,1
174,10440,38,-18.3904,10.5745,-1.00466,96.5008,-1.35828,96.1423,-1.35238,96.8764,-0.653369,96.8399,-0.622534,96.102,1
174,10440,39,-17.9399,8.94234,34.7721,94.2364,34.4072,93.8176,34.442,94.7004,35.1307,94.6363,35.1303,93.7403,1
174,10440,42,-37.7084,-9.82645,51.0315,-119.856,51.8821,-120.233,50.6968,-120.788,50.3004,-119.554,51.4176,-118.808,1
174,10440,49,-37.5339,-13.029,4.2563,114.357,4.16647,113.447,3.61877,114.565,4.32088,115.133,4.95858,114.099,1
174,10440,55,35.2663,-1.01676,44.4953,-109.38,45.155,-109.67,44.0816,-110.321,43.7487,-109.07,44.8516,-108.536,1
174,10440,57,32.4871,-14.8467,-1.40181,-49.1635,-0.787489,-49.0061,-1.28926,-50.0005,-2.05902,-49.3606,-1.48548,-48.4358,1
174,10440,68,32.2579,21.8716,49.559,-94.9727,50.1856,-95.5384,49.1879,-95.7389,48.8323,-94.2957,49.8744,-94.2087,1
174,10440,78,-37.1509,-0.584839,66.451,-146.181,66.5843,-148.194,65.7466,-146.018,66.3173,-144.435,67.2527,-146.396,1
174,10440,88,15.3367,16.6421,15.0687,-1.60024,15.5718,-1.47823,15.1881,-2.09433,14.519,-1.71638,14.9314,-1.1145,1
174,10440,92,34.0074,-1.39288,35.517,-104.557,35.7613,-105.267,34.8154,-104.715,35.2338,-103.772,36.1409,-104.412,1
174,10440,102,2.72589,-20.1678,67.0584,-129.165,66.7003,-130.148,66.5984,-128.439,67.3804,-128.161,67.4787,-129.919,1
174,10440,135,-35.9677,-10.2018,-29.4979,-112.455,-29.4434,-113.456,-30.1655,-112.334,-29.547,-111.591,-28.7589,-112.612,1
174,10440,139,38.1113,-2.00633,47.7867,28.5789,48.4742,28.21,47.2744,27.5552,46.9963,28.9755,48.2216,29.4862,2
174,10440,143,14.7768,18.3009,4.32766,114.295,4.79437,114.651,4.67723,113.866,3.8068,113.924,3.96004,114.71,1
174,10440,148,-23.8604,19.9401,-3.95116,-66.6354,-4.30016,-67.1256,-4.48572,-66.2339,-3.58749,-66.1763,-3.33397,-67.0703,1
174,10440,152,-27.6778,-22.0193,-12.4654,-61.9173,-12.5385,-62.7189,-13.036,-61.8885,-12.4208,-61.2202,-11.8762,-61.9824,1
174,10440,154,22.5121,-6.17634,34.027,-1.49337,34.1799,-2.10355,33.449,-1.6542,33.8541,-0.854588,34.5614,-1.34849,1
174,10440,175,-31.6047,24.2472,70.4669,-18.8862,70.0116,-20.255,69.9375,-17.1883,70.9211,-17.6178,71.0928,-20.9527,1
174,10440,183,25.7085,18.3171,3.71761,12.2483,3.49293,11.6998,3.23111,12.4815,3.9872,12.8606,4.19551,12.0455,1
174,10440,184,13.0282,22.1975,36.1579,29.7495,36.0006,29.1284,35.6787,29.8743,36.347,30.4252,36.6504,29.6508,1
174,10440,185,-21.7885,20.5585,63.6008,68.4938,63.7933,67.4115,63.0727,68.0058,63.4272,69.5648,64.1824,69.1046,1
174,10440,186,6.55878,-23.1313,58.0592,137.086,58.5469,136.827,58.0275,136.057,57.5851,137.287,58.102,138.039,1
174,10440,196,-37.4705,14.9359,0.0219381,21.5263,-0.166954,20.7357,-0.739474,21.9399,0.222304,22.2281,0.933247,21.0501,1
174,10440,198,-36.9452,-9.02256,64.2068,55.4159,64.0682,53.2901,63.5266,56.0105,64.2945,57.2588,64.9586,54.6643,1
175,10500,6,-28.7938,-4.91577,-15.2815,36.2795,-15.5931,35.5987,-15.805,36.6424,-15.0012,36.8935,-14.718,35.8788,1
175,10500,7,-24.3785,13.3246,21.1174,47.0472,20.863,46.4404,20.5488,47.382,21.3761,47.6195,21.7551,46.6855,1
175,10500,13,-19.6775,23.0775,36.4513,97.2134,36.5313,96.5654,35.8741,97.0596,36.3969,97.8646,37.0937,97.4177,1
175,10500,27,-21.9092,10.6842,20.8159,81.4067,20.5491,80.9373,20.3885,81.7295,21.0809,81.8511,21.287,81.0604,1
175,10500,49,-29.6499,11.8351,8.7072,118.943,8.71703,118.31,8.06814,119.031,8.71502,119.533,9.42957,118.856,1
175,10500,55,36.7529,-8.90323,43.23,-106.117,43.9081,-106.316,42.8448,-107.21,42.4661,-105.927,43.5592,-105.169,1
175,10500,57,26.8945,5.33912,-5.62861,-45.1587,-5.02319,-45.0607,-5.61485,-45.7954,-6.29512,-45.2628,-5.64964,-44.5672,1
175,10500,68,-7.29566,20.0438,51.8049,-88.3572,52.2607,-88.6615,51.6523,-89.1427,51.3433,-88.0192,51.9438,-87.5008,1
175,10500,78,23.5652,14.083,64.2531,-127.723,64.4375,-129.061,63.6918,-128.044,64.048,-126.25,64.7859,-127.358,1
175,10500,88,-21.7543,20.0449,12.8831,3.06722,13.3709,3.25952,13.0892,2.51581,12.3956,2.90323,12.6328,3.67559,1
175,10500,92,-38.4177,-9.65554,43.2367,-106.116,43.5209,-107.254,42.5695,-106.191,42.9787,-105.157,43.9905,-106.06,1
175,10500,95,-7.2685,23.6961,6.237,20.7878,6.75049,20.7817,6.30434,20.2515,5.70282,20.8206,6.13911,21.3659,1
175,10500,103,16.1391,22.9081,68.6609,33.0628,69.1684,33.8433,68.9467,31.8339,68.0827,32.2934,68.3402,34.228,1
175,10500,115,-1.79825,21.0131,38.6574,24.4368,39.1238,24.3455,38.6367,23.8279,38.172,24.5568,38.6559,25.0821,1
175,10500,124,-32.5038,20.1351,27.5898,-101,27.2464,-101.676,26.9613,-100.462,27.9397,-100.386,28.3382,-101.619,1
175,10500,139,-36.8398,5.15435,53.7141,39.6679,54.4915,39.4431,53.3923,38.548,53.0268,39.8804,54.0696,40.9794,1
175,10500,145,20.6324,8.87198,-70.2803,121.82,-69.8197,122.86,-69.9508,120.422,-70.7779,120.659,-70.5955,123.183,1
175,10500,152,38.6827,-8.36097,-13.5132,-53.6568,-13.3963,-54.3496,-14.3884,-53.5671,-13.6626,-52.8749,-12.7655,-53.7383,1
175,10500,154,37.144,-9.05294,34.1659,2.81661,34.4589,2.1025,33.3431,2.58948,33.8154,3.60023,34.8755,3.0082,1
175,10500,158,33.8025,22.3204,-19.9519,148.772,-19.1748,148.713,-20.0854,148.084,-20.8712,148.871,-19.8637,149.423,1
175,10500,163,-30.3993,10.905,-26.0767,-59.9025,-25.9197,-60.5865,-26.7214,-59.9618,-26.2028,-59.2629,-25.3496,-59.8249,1
175,10500,175,-27.8676,2.48428,71.8186,-18.1829,71.3494,-19.518,71.4809,-16.637,72.2457,-16.9063,72.1746,-19.9415,1
175,10500,183,33.0825,12.4745,6.36644,14.1742,6.16928,13.5615,5.82555,14.4752,6.60233,14.8725,6.87196,13.9137,1
175,10500,186,23.6457,-6.04523,53.6898,142.683,54.1918,142.656,53.6238,141.733,53.1573,142.697,53.7481,143.559,1
175,10500,196,29.5504,8.21521,0.385074,29.1433,0.097717,28.5236,-0.183481,29.5327,0.71366,29.8343,0.918263,28.7955,1
176,10560,6,-34.205,3.23715,-10.6292,36.6507,-10.9028,35.9095,-11.2236,37.0631,-10.3745,37.3096,-9.95587,36.1857,3
176,10560,7,-27.3466,21.0854,25.7418,47.7675,25.4915,47.1036,25.0735,48.1196,26.0123,48.3931,26.5201,47.3827,1
176,10560,24,-6.9044,19.9876,-77.5397,25.8729,-77.4664,23.7029,-78.0175,25.344,-77.5768,28.1385,-77.0317,26.4782,1
176,10560,27,-37.1547,6.12622,24.537,79.9459,24.2317,79.2543,24.0382,80.4273,24.8163,80.5578,25.1118,79.3898,1
176,10560,32,29.7224,4.70019,29.8864,-84.0051,30.2555,-83.4944,30.2751,-84.5374,29.4725,-84.565,29.5216,-83.5256,1
176,10560,44,33.0733,-23.7873,-8.88555,-61.7596,-8.27806,-61.6098,-8.66552,-62.6921,-9.517,-61.9637,-9.04597,-60.9692,1
176,10560,49,20.463,-7.63763,7.22064,123.586,7.18584,123.056,6.63248,123.65,7.24624,124.14,7.76461,123.52,1
176,10560,51,36.7758,-6.7968,-24.584,118.118,-24.5189,117.354,-25.441,118.268,-24.6694,118.976,-23.8426,117.985,1
176,10560,56,38.3117,-1.86153,18.7159,-68.0004,19.441,-67.8513,18.6245,-68.9134,17.8874,-68.1793,18.7884,-67.2075,1
176,10560,57,-22.3378,-8.89167,-4.47152,-40.2023,-3.83405,-40.1353,-4.44105,-40.7606,-5.0553,-40.2714,-4.49029,-39.6155,1
176,10560,64,29.7835,-3.51729,-29.3089,132.53,-29.3122,131.881,-29.9452,132.653,-29.3087,133.239,-28.7341,132.419,1
176,10560,78,24.1917,3.23885,65.2384,-122.136,65.4949,-123.364,64.6775,-122.633,64.951,-120.831,65.7594,-121.639,1
176,10560,83,-27.0571,15.8197,-7.82365,-179.363,-7.91874,-179.917,-8.4,-179.205,-7.71191,-178.841,-7.17048,-179.527,1
176,10560,88,37.159,-12.2055,9.6966,-1.78602,10.2526,-1.50261,9.90255,-2.6025,9.08809,-2.12152,9.52822,-1.08557,1
176,10560,103,36.8895,12.3304,65.2367,28.7081,65.8558,29.6916,65.4517,27.0599,64.4991,27.6391,65.0074,30.1476,1
176,10560,107,34.3652,-4.63896,-76.0914,40.0464,-75.726,42.1388,-75.5743,37.8614,-76.467,37.5671,-76.5292,42.1138,1
176,10560,115,-38.4685,2.85605,39.779,29.4742,40.5022,29.5965,39.6651,28.6286,39.1433,29.379,39.9035,30.4513,1
176,10560,121,-36.388,0.69263,-75.3002,-142.505,-75.2026,-145.688,-76.0129,-141.984,-75.3439,-139.672,-74.4883,-143.057,1
176,10560,136,31.1281,2.90272,1.1659,-77.745,1.11688,-78.389,0.497846,-77.5625,1.22059,-77.0278,1.77458,-77.9042,1
176,10560,139,35.1341,1.80659,45.378,39.097,46.0535,38.8607,45.0154,38.1366,44.6117,39.3547,45.6874,39.9655,1
176,10560,140,-18.857,15.0247,74.5678,-55.742,74.259,-57.5085,74.0682,-54.5481,74.8725,-53.9863,75.1156,-57.0874,1
176,10560,141,37.7427,2.44723,68.7403,92.4719,69.3957,93.5145,68.9045,90.2012,67.9797,91.3396,68.563,94.4274,1
176,10560,145,-0.578577,-24.2663,-70.4264,127.767,-69.8765,128.5,-70.0426,126.405,-70.9262,126.972,-70.7557,129.14,1
176,10560,152,15.258,17.284,-7.11513,-51.438,-7.15531,-51.9861,-7.63125,-51.4114,-7.0537,-50.8432,-6.60026,-51.4442,1
176,10560,174,17.3388,21.2616,41.5244,-8.21181,41.082,-8.73811,41.1396,-7.70168,42.027,-7.64226,41.9264,-8.7025,1
176,10560,176,34.8496,13.7203,66.6883,160.007,67.2691,161.163,66.9745,158.382,65.9953,158.758,66.3918,161.427,1
176,10560,183,30.8224,18.2624,10.3954,15.6295,10.1654,15.0129,9.87761,15.9059,10.676,16.3336,10.8942,15.3928,1
176,10560,196,-33.5115,7.36255,5.94862,23.5824,5.71157,22.8634,5.32031,23.9629,6.17645,24.2288,6.66657,23.1532,2
177,10620,6,-33.9225,1.47549,-7.25638,37.4256,-7.54626,36.6946,-7.83533,37.8361,-6.99057,38.0753,-6.60552,36.9623,1
177,10620,24,20.0714,12.5133,-76.8915,43.1249,-76.9613,40.8535,-77.3834,43.5854,-76.782,45.5592,-76.4117,42.7692,1
177,10620,27,-25.5835,-4.01298,27.097,81.6651,26.7805,81.1253,26.6991,82.0301,27.3838,82.1645,27.5185,81.2654,1
177,10620,64,16.1447,10.3976,-24.5218,134.607,-24.5869,134.052,-25.0173,134.696,-24.4405,135.2,-24.0362,134.533,1
177,10620,78,37.6806,-4.12638,64.4313,-114.543,64.8917,-115.789,63.6622,-115.373,63.8872,-113.197,65.0942,-113.785,1
177,10620,85,32.9576,9.03518,51.0472,-124.76,51.1659,-125.742,50.4157,-124.752,50.91,-123.648,51.6237,-124.744,1
177,10620,88,35.9292,-11.0547,6.31755,0.0127815,6.86245,0.283395,6.51773,-0.755927,5.72293,-0.304707,6.152,0.678666,1
177,10620,94,-34.3386,-3.69166,29.958,-1.03729,30.6902,-1.01766,29.8343,-1.74339,29.3104,-1.05526,30.1004,-0.250238,1
177,10620,103,29.2173,12.4197,61.8883,32.4208,62.404,33.1925,62.1537,31.2576,61.2953,31.6026,61.6155,33.4714,1
177,10620,107,3.53193,24.2614,-82.2124,60.5211,-81.7179,61.9312,-81.9299,57.3529,-82.7487,58.9782,-82.5064,64.011,1
177,10620,120,33.5137,-1.31606,-68.3527,84.6881,-67.8655,85.9378,-67.9397,82.9527,-68.8808,83.2157,-68.7069,86.2833,1
177,10620,124,12.2916,19.7759,34.1313,-95.3012,33.7479,-95.8295,33.6925,-94.9012,34.5618,-94.7381,34.5891,-95.6868,1
177,10620,139,-39.6348,-3.93076,50.9881,48.7281,51.9039,48.5971,50.6905,47.6341,50.2038,48.8376,51.3305,49.995,1
177,10620,140,38.7287,7.97853,75.2387,-29.4016,75.1556,-32.5388,74.4616,-28.2326,75.2871,-25.6933,75.9245,-30.4648,1
177,10620,141,36.2244,8.53639,64.6665,96.7529,65.318,97.6758,64.8627,94.9958,63.9029,95.7535,64.4569,98.2902,1
177,10620,142,37.0353,9.84459,29.3142,108.199,29.899,108.799,29.6562,107.384,28.6236,107.516,28.9868,108.911,1
177,10620,145,-32.8501,13.4063,-76.1809,148.942,-75.5258,149.96,-76.0302,145.947,-76.7878,148.015,-76.3223,152.449,1
177,10620,152,35.7685,-1.33148,-7.18186,-48.6211,-7.11356,-49.2801,-7.92948,-48.5101,-7.26425,-47.8783,-6.52211,-48.7163,1
177,10620,163,-39.8153,-6.87651,-21.4765,-56.6202,-21.3144,-57.5851,-22.1883,-56.5244,-21.6133,-55.7977,-20.6646,-56.748,1
177,10620,173,-23.3823,7.86125,8.02299,-12.9073,7.64964,-13.3483,7.62593,-12.4919,8.38421,-12.4959,8.4608,-13.3566,1
177,10620,174,30.1341,-12.5162,41.8808,-6.60691,41.5345,-7.2478,41.3219,-5.94569,42.2317,-5.89469,42.3636,-7.21136,1
177,10620,176,31.0415,20.935,62.2707,162.251,62.8682,163.184,62.5798,161.039,61.5538,161.25,61.9393,163.334,1
177,10620,183,-38.6392,8.40097,15.8579,10.614,15.7603,9.86808,15.2178,10.9183,15.9577,11.2721,16.6068,10.2623,1
177,10620,197,29.6926,-22.2927,37.658,44.0176,37.4906,43.2272,36.7579,44.2879,37.7863,44.8604,38.4228,43.752,1
178,10680,6,-35.941,10.1798,-2.57395,38.1663,-2.81974,37.4182,-3.2363,38.5944,-2.33306,38.8311,-1.79998,37.678,1
178,10680,7,-38.4503,1.00707,31.1726,47.1269,30.8572,46.1548,30.5533,47.6869,31.4482,47.9747,31.8805,46.4664,1
178,10680,12,-35.9706,19.6904,20.7299,74.6362,20.8459,73.9274,19.9641,74.6523,20.6551,75.2915,21.6391,74.64,1
178,10680,20,-39.8253,6.61691,40.0848,-103.889,40.5876,-103.149,40.4358,-104.705,39.6305,-104.517,39.6637,-102.948,1
178,10680,24,-33.525,-1.24089,-71.8118,35.731,-71.7438,33.6119,-72.3948,35.9799,-71.8512,37.6351,-71.1625,35.4562,1
178,10680,27,-24.3893,24.2318,33.4454,82.7992,33.1724,82.2478,32.9016,83.1582,33.74,83.3249,34.0783,82.4091,1
178,10680,31,-24.5778,15.1678,56.9024,-74.7637,57.1772,-73.9107,57.3696,-75.3739,56.6174,-75.551,56.3702,-74.1233,1
178,10680,38,15.6626,20.3745,15.1901,97.618,14.7669,97.274,14.8602,98.0068,15.6665,97.9814,15.5378,97.2428,1
178,10680,42,37.6799,-13.3628,36.7649,-108.857,37.4371,-108.846,36.5735,-109.98,36.0155,-108.904,36.9301,-107.902,1
178,10680,51,-19.5771,12.2175,-13.6093,119.479,-13.6196,118.898,-14.1893,119.518,-13.5823,120.041,-12.9769,119.448,1
178,10680,64,-19.1736,0.943109,-20.3182,133.776,-20.358,133.213,-20.8164,133.853,-20.2767,134.308,-19.7905,133.694,1
178,10680,65,-4.82978,23.6854,9.77209,157.415,9.66037,156.916,9.25362,157.457,9.91323,157.934,10.3322,157.395,1
178,10680,69,-32.6696,-6.83634,23.8329,-42.688,24.5282,-42.5394,23.8388,-43.3314,23.2177,-42.8231,23.8359,-41.9809,1
178,10680,70,-29.545,19.166,17.5005,-14.6113,18.0341,-14.2553,17.8173,-15.2763,16.9784,-14.9191,17.1141,-13.8586,1
178,10680,73,4.94884,23.9805,-69.5421,80.6802,-69.1927,79.4473,-69.9085,79.5351,-69.8881,82.1019,-69.1697,81.8947,1
178,10680,78,19.7812,-2.27535,67.2078,-105.909,67.5675,-106.944,66.7554,-106.829,66.8184,-104.858,67.6281,-105.016,1
178,10680,85,24.5543,-9.97863,52.9615,-123.257,53.0819,-124.085,52.3689,-123.435,52.8155,-122.394,53.5014,-123.104,2
178,10680,88,-11.5687,-23.6349,5.85991,5.01703,6.43828,5.1133,6.0472,4.53816,5.33683,4.90847,5.70163,5.49126,1
178,10680,94,-21.7864,2.914,25.9531,1.38655,26.5052,1.39115,25.9089,0.800063,25.4325,1.38722,25.9964,2.01658,1
178,10680,95,-24.8072,14.7725,-0.42043,28.4728,0.134876,28.5488,-0.385514,27.8805,-0.954093,28.4196,-0.473776,29.1322,1
178,10680,103,-26.4465,12.7355,58.6534,43.3862,59.0199,44.2524,59.0703,42.5463,58.2883,42.6051,58.1733,44.2831,2
178,10680,107,23.9746,-8.50349,-83.3272,46.7599,-82.9384,49.8073,-82.9092,42.9793,-83.7062,43.0726,-83.6752,50.6704,1
178,10680,115,-22.2413,23.8625,31.85,35.8138,32.3637,35.8607,31.9189,35.1256,31.3388,35.8035,31.744,36.5892,1
178,10680,120,-26.534,-14.8012,-68.9352,102.541,-68.2283,103.183,-68.7605,100.973,-69.5573,101.897,-69.0805,104.234,1
178,10680,124,-34.4212,16.2341,38.3506,-100.985,37.9992,-101.791,37.7476,-100.343,38.6943,-100.259,39.0628,-101.732,1
178,10680,125,16.9748,16.7623,72.295,-76.2431,72.0609,-78.0228,71.7745,-75.5716,72.5487,-74.2676,72.8156,-76.8783,1
178,10680,126,-27.7557,15.5451,69.8396,70.8791,70.3025,72.1564,70.2379,69.259,69.3777,69.7736,69.3586,72.6091,1
178,10680,136,29.8899,-0.705661,6.97565,-74.1245,6.94113,-74.7494,6.30384,-73.9699,7.00847,-73.4371,7.58536,-74.2631,1
178,10680,141,33.52,23.2187,59.4822,100.582,60.2365,101.331,59.7076,99.2633,58.5661,99.7809,59.2167,101.77,1
178,10680,155,19.5229,-11.9744,42.9268,62.7315,43.3783,62.3884,42.6372,62.023,42.453,63.0625,43.1984,63.3821,1
178,10680,163,-36.6871,-13.01,-19.7733,-54.0584,-19.7066,-54.9966,-20.4242,-53.9685,-19.8375,-53.2571,-19.0546,-54.1852,1
178,10680,164,28.8315,5.19884,3.04751,-22.4572,3.05531,-23.0626,2.42597,-22.3653,3.04201,-21.787,3.62191,-22.5336,1
178,10680,165,-28.7668,15.4795,32.8249,1.81685,32.9646,1.10926,32.1749,1.72784,32.7121,2.48778,33.5604,1.93844,1
178,10680,173,31.5349,9.27326,11.975,-7.7694,11.535,-8.27021,11.5739,-7.2354,12.4776,-7.207,12.3545,-8.2517,1
178,10680,174,31.4775,-18.5062,44.9278,-6.37873,44.5797,-7.07608,44.2697,-5.65777,45.2671,-5.60045,45.481,-7.03366,1
178,10680,176,34.7927,-3.2384,61.0936,161.304,61.5467,162.286,61.4988,159.951,60.5849,160.225,60.7251,162.468,1
178,10680,183,20.3346,15.1941,17.2586,17.4457,17.0774,16.9219,16.7888,17.64,17.4691,18.0171,17.7222,17.2727,1
178,10680,195,35.4687,16.0593,-22.468,21.8665,-22.8451,21.061,-23.0586,22.3994,-22.0029,22.7996,-21.9085,21.4123,1
179,10740,6,-34.8938,-10.3255,-1.37587,38.4108,-1.78516,37.6215,-1.91552,38.8432,-1.02872,39.0983,-0.793004,37.9152,2
179,10740,7,-27.1278,14.8557,35.7569,50.4333,35.5204,49.6936,35.1452,50.8185,35.9985,51.1273,36.4526,50.0098,1
179,10740,12,-22.697,-7.7136,20.3776,76.2765,20.356,75.6548,19.8678,76.3284,20.3895,76.8485,20.9133,76.2106,1
179,10740,24,14.1993,-14.2011,-72.1232,51.7905,-72.2532,50.2982,-72.6404,52.1986,-71.995,53.2878,-71.6441,51.3942,1
179,10740,27,9.9949,-23.4219,32.3772,85.8467,32.0686,85.3764,31.8662,86.1325,32.6546,86.3225,32.8354,85.5599,1
179,10740,38,-3.72567,18.9002,18.6972,95.4954,18.33,95.169,18.3521,95.8591,19.0889,95.8195,19.074,95.1229,1
179,10740,51,-37.0622,12.2907,-9.1515,120.171,-9.05002,119.395,-9.93869,120.279,-9.21683,120.87,-8.22682,120.057,1
179,10740,64,-24.8849,-11.7827,-17.9212,134.758,-18.0097,134.103,-18.4369,134.864,-17.8492,135.352,-17.3817,134.631,1
179,10740,70,-23.8513,9.34609,14.8213,-14.538,15.3326,-14.2444,15.0545,-15.0978,14.33,-14.8035,14.5558,-13.9289,1
179,10740,88,-22.8889,23.2698,-0.828809,9.43487,-0.331491,9.62774,-0.592537,8.87431,-1.3304,9.27337,-1.11863,10.0617,1
179,10740,94,-17.2492,-11.6293,23.963,2.82166,24.5302,2.77579,23.9319,2.27226,23.4363,2.85295,24.0064,3.38398,1
179,10740,115,31.1188,0.750102,27.3966,33.1415,27.9533,33.1941,27.3333,32.4558,26.7808,33.0819,27.4478,33.7642,1
179,10740,120,33.9384,0.098314,-75.9116,87.7566,-75.3895,89.5427,-75.5347,85.0461,-76.4777,85.5792,-76.2246,90.2822,1
179,10740,124,15.1721,-23.981,37.1771,-94.901,36.8058,-95.4593,36.5611,-94.4904,37.5138,-94.3232,37.7173,-95.3024,1
179,10740,125,34.8849,20.6696,74.9922,-61.2383,74.8638,-64.4397,74.2949,-60.4481,75.1104,-57.3816,75.6456,-61.8782,1
179,10740,136,11.8981,-23.8337,9.3052,-75.006,9.18349,-75.5677,8.65018,-75.0057,9.39387,-74.4541,9.89951,-75.0304,1
179,10740,138,-26.159,2.27263,56.3386,1.20636,56.7818,0.39148,55.8651,0.562777,55.9269,1.95064,56.8504,1.92641,1
179,10740,141,-29.57,13.1089,58.1259,113.593,58.5452,114.554,58.5768,112.608,57.7123,112.742,57.5961,114.662,1
179,10740,163,-36.2076,-3.48169,-16.5401,-50.5111,-16.4355,-51.3275,-17.2021,-50.4277,-16.629,-49.7954,-15.7955,-50.6148,1
179,10740,173,28.3753,20.4875,16.9296,-8.31158,16.4176,-8.80058,16.5481,-7.8121,17.5322,-7.76335,17.3178,-8.76979,1
179,10740,183,32.6224,-14.3549,17.5941,18.8895,17.4993,18.3073,16.8834,19.1092,17.6719,19.5236,18.2094,18.6845,1
179,10740,195,-34.8844,3.21884,-17.9028,14.4965,-18.1261,13.6918,-18.5349,14.8906,-17.692,15.2093,-17.184,14.0517,1
180,10800,10,-31.1084,8.63322,-27.9936,28.6601,-27.8566,27.9767,-28.6081,28.6324,-28.1038,29.2931,-27.3025,28.699,1
180,10800,12,-25.215,-15.9035,22.734,78.0082,22.678,77.2937,22.2074,78.0608,22.7674,78.648,23.2812,77.9295,1
180,10800,16,-25.1511,24.2593,4.33664,-120.219,4.88735,-120.126,4.45554,-120.861,3.79102,-120.276,4.17413,-119.487,1
180,10800,27,-34.6034,6.11036,39.4565,82.2017,39.1642,81.4446,38.9731,82.7163,39.7251,82.883,40.0055,81.6121,1
180,10800,29,-39.0246,-2.08918,68.703,-115.693,69.3284,-114.383,68.9114,-117.43,68.1523,-116.765,68.4508,-113.736,1
180,10800,32,28.6374,11.3191,14.0909,-85.4573,14.4868,-85.0037,14.4612,-85.9142,13.6388,-85.9565,13.7323,-85.0418,2
180,10800,38,6.69081,20.9244,22.7308,95.9388,22.3349,95.6027,22.3927,96.3174,23.1672,96.2839,23.0948,95.562,1
180,10800,42,-6.16771,22.1655,33.2407,-95.3646,33.761,-95.4106,33.2639,-96.0099,32.7018,-95.2879,33.1887,-94.6722,1
180,10800,64,21.7592,-21.5346,-18.1432,139.783,-18.2167,139.233,-18.8153,139.81,-18.0953,140.344,-17.5468,139.739,1
180,10800,94,21.8049,24.2438,16.5016,5.61678,17.1273,5.53447,16.4613,5.0442,15.7944,5.73616,16.5068,6.18837,1
180,10800,111,-34.821,12.7935,4.3087,-120.238,4.34319,-120.87,3.6625,-120.132,4.2965,-119.661,5.05672,-120.349,1
180,10800,114,32.5657,11.104,45.3499,0.770122,45.9281,0.473407,45.041,0.0358297,44.6944,1.11354,45.6154,1.463,1
180,10800,115,-14.7547,15.0017,26.4884,39.9587,26.9603,40.0044,26.5329,39.4109,26.0191,39.931,26.4247,40.5476,1
180,10800,120,-31.3532,-11.9873,-75.2714,116.794,-74.474,117.144,-75.2654,114.312,-75.97,116.411,-75.2262,119.472,1
180,10800,138,-27.2617,-18.3288,56.5755,3.78912,57.0572,2.67404,56.1114,3.12915,56.1309,4.72483,57.0756,4.45443,1
180,10800,141,38.8628,-6.52727,55.4928,100.502,56.0433,101.385,55.8819,98.9957,54.8699,99.5026,55.148,101.769,1
180,10800,147,35.6551,6.56484,-19.2023,-62.9212,-19.6461,-63.5457,-19.6773,-62.2789,-18.6868,-62.2113,-18.7647,-63.4831,1
180,10800,149,-35.2838,20.1887,54.7579,-66.0612,54.3822,-67.1467,54.1178,-65.12,55.1293,-65.0793,55.5255,-67.1884,1
180,10800,151,22.7471,-10.8805,-24.151,-69.3283,-24.0958,-69.9047,-24.769,-69.3728,-24.2207,-68.7264,-23.5866,-69.2982,1
180,10800,163,-36.826,16.2794,-12.2669,-46.4103,-12.1008,-47.1322,-13.0539,-46.4038,-12.386,-45.7494,-11.3364,-46.4001,1
180,10800,167,13.0401,-14.5277,38.5459,100.767,39.0351,100.574,38.4154,100.059,38.0498,100.937,38.6765,101.425,1
180,10800,173,14.4344,21.3731,20.5873,-10.0362,20.1521,-10.4382,20.2081,-9.6351,21.0792,-9.60981,20.9881,-10.4236,1
180,10800,183,32.8975,-2.39726,21.9762,21.1672,21.8767,20.5516,21.358,21.4258,22.0777,21.8517,22.5285,20.9345,1
180,10800,195,23.1845,-14.681,-18.2257,21.0057,-18.4652,20.4359,-18.8832,21.3187,-17.9955,21.6054,-17.6392,20.7122,1
