step,time_s,satellite,az_deg,el_deg,boresight_lat_deg,boresight_lon_deg,corner1_lat_deg,corner1_lon_deg,corner2_lat_deg,corner2_lon_deg,corner3_lat_deg,corner3_lon_deg,corner4_lat_deg,corner4_lon_deg,targets_hit
1,60,0,29.4928,24.8759,-21.1907,-90.0465,-20.4462,-89.6912,-20.9355,-90.7168,-22.0788,-90.4388,-21.4769,-89.418,1
1,60,1,-29.1287,-9.9379,-49.1706,-69.1506,-48.4423,-68.7909,-49.0417,-70.0883,-49.8156,-69.4928,-49.2832,-68.1309,3
1,60,2,26.9874,3.3044,-77.544,-0.149168,-77.0847,-2.12355,-78.0652,-2.11262,-78.0288,2.18801,-77.0544,1.55051,1
1,60,3,30.5902,5.30044,-51.8607,72.7871,-52.0966,71.7549,-52.4635,73.3913,-51.5832,73.9256,-51.3016,72.2631,1
1,60,4,-32.5135,-21.602,-18.6533,78.24,-19.1788,77.3681,-19.202,78.6408,-18.2236,78.9873,-18.0942,77.7787,1
1,60,5,17.1368,23.7059,19.4476,94.7335,19.0783,94.1587,18.9323,95.0375,19.8814,95.3633,19.9837,94.4562,1
1,60,6,-11.0282,23.3005,54.0864,107.421,53.8744,106.516,53.4926,107.68,54.3257,108.343,54.7436,107.174,2
1,60,7,30.1691,5.7661,71.6175,179.971,72.1352,178.578,71.08,178.568,71.0306,-178.552,72.0934,-178.647,11
1,60,8,-30.9036,21.1356,50.1137,-106.061,50.6801,-105.448,50.4882,-107.159,49.5542,-106.578,49.6411,-104.82,2
1,60,9,-33.7849,4.57514,17.6354,-93.596,18.2321,-93.0946,17.9422,-94.2787,17.0912,-94.0352,17.2833,-92.8263,2
1,60,10,33.2961,-4.85637,-1.571,126.187,-1.54452,125.59,-2.26754,126.295,-1.61006,126.846,-0.953402,126.088,4
1,60,11,27.6919,-0.376253,25.488,151.373,25.5519,150.764,24.8838,151.389,25.4129,152.034,26.042,151.36,1
1,60,12,35.8564,10.2316,43.7716,-168.743,44.1275,-169.562,43.1155,-169.022,43.3609,-167.802,44.3567,-168.462,1
1,60,13,30.2913,16.2814,42.8027,-117.798,43.3916,-118.169,42.4824,-118.485,42.135,-117.363,43.0788,-117.13,11
1,60,14,-13.6359,-20.4059,27.9118,-81.5217,28.4918,-81.6092,27.9178,-82.0956,27.3788,-81.463,27.9263,-80.9542,2
1,60,15,32.1211,20.2206,-4.41888,-56.8513,-3.71448,-56.8282,-4.47595,-57.4686,-5.24081,-56.8566,-4.39697,-56.2696,2
1,60,16,32.0445,16.6791,-30.7182,-31.4484,-30.0444,-31.4802,-30.8362,-32.1553,-31.4945,-31.3911,-30.6302,-30.7864,1
1,60,17,26.0284,-3.58271,-48.8554,6.66393,-48.3554,6.3768,-49.1285,5.85251,-49.3943,6.97027,-48.5985,7.39875,1
1,60,21,34.3566,3.12623,-45.6616,-15.3899,-45.1917,-14.8323,-45.3611,-16.2302,-46.1885,-16.03,-45.9319,-14.6329,2
1,60,22,30.1388,19.5406,-80.5483,25.1524,-79.9019,24.8765,-80.6324,21.6645,-81.2911,25.6511,-80.4653,28.4229,3
1,60,23,15.4145,-15.1116,-62.6512,143.372,-62.8608,142.432,-63.1521,143.839,-62.4477,144.323,-62.1916,142.928,1
1,60,24,-21.3373,-13.5186,-26.9264,152.429,-27.2659,151.899,-27.3256,152.753,-26.6243,152.918,-26.5223,152.082,1
1,60,25,-36.8708,-1.76615,9.76074,157.425,9.40703,156.777,9.30736,157.868,10.0717,157.995,10.2686,156.918,1
1,60,26,-31.6811,10.3655,46.2824,165.238,46.0197,164.456,45.7883,165.752,46.5331,165.956,46.8442,164.657,1
1,60,27,40.3317,0.738591,74.0823,-142.805,74.3311,-145.192,73.2856,-142.964,73.7575,-140.138,74.7702,-142.632,1
1,60,28,36.6999,-18.528,61.4158,-46.5891,61.9487,-45.9859,61.7035,-48.3355,60.8453,-47.2893,61.1715,-45.1299,1
1,60,30,33.9251,-8.42168,42.2134,13.5813,42.5588,14.2278,42.7095,12.8573,41.8408,12.8652,41.7785,14.2131,2
1,60,31,-8.89432,23.6611,3.1782,16.2677,3.52454,16.6241,3.59857,15.9536,2.80089,15.917,2.70646,16.5905,2
1,60,32,-33.1473,7.96425,-31.5774,17.3085,-31.2112,17.922,-31.1471,16.7736,-31.9186,16.7546,-32.067,17.9157,2
1,60,33,-37.2225,9.57063,-67.7328,18.1815,-67.3236,19.6781,-67.2821,16.791,-68.1004,16.8258,-68.247,19.8505,1
1,60,34,33.4417,-8.5949,-76.7731,-138.196,-77.2934,-139.377,-76.9555,-135.125,-76.2022,-136.942,-76.5891,-140.831,2
1,60,36,35.5617,-20.3479,-7.29851,-160.806,-7.67832,-161.28,-7.93377,-160.173,-6.91614,-160.269,-6.77548,-161.352,1
1,60,37,38.1003,14.7353,32.402,-161.925,31.8759,-162.556,32.0419,-161.204,33.0306,-161.18,32.744,-162.559,1
1,60,38,-38.7818,10.4351,66.88,178.841,66.3276,177.628,66.5653,-179.488,67.3746,179.926,67.2346,176.834,1
1,60,39,-34.3195,-13.3476,77.1721,43.293,77.3769,46.7024,77.6998,42.0866,76.9709,40.4173,76.5992,44.595,2
1,60,40,-17.7631,-18.1785,47.8453,-2.77901,48.4278,-3.14322,47.6826,-3.53111,47.3084,-2.47793,48.026,-2.02566,9
1,60,41,-6.69293,22.8029,21.3551,34.4177,21.8791,34.4327,21.4374,33.8388,20.8095,34.43,21.2402,35.038,2
1,60,42,12.1124,15.827,-7.2034,55.6768,-6.67157,55.7171,-7.15051,55.1612,-7.77554,55.6492,-7.27352,56.1915,1
1,60,43,7.88677,-23.1367,-31.4243,78.7413,-30.8807,78.6795,-31.3505,78.0454,-31.9496,78.7713,-31.4666,79.3858,1
1,60,44,-38.704,-3.39759,-46.5692,124.541,-45.7914,124.033,-47.0354,123.76,-47.2386,124.993,-46.0213,125.407,1
1,60,45,17.3494,-15.8661,-47.698,177.505,-47.5352,176.766,-48.267,177.173,-47.8768,178.251,-47.1708,177.783,1
1,60,46,-11.2594,19.2262,-20.5681,-147.09,-20.5976,-147.643,-21.1126,-147.094,-20.5143,-146.531,-19.9794,-147.065,1
1,60,47,37.6065,14.5463,4.27753,-120.239,4.21084,-121.028,3.57562,-119.985,4.37031,-119.307,4.91687,-120.441,1
1,60,48,-29.8697,-21.9866,32.8475,-103.286,32.7515,-104.282,32.2551,-103.22,32.9027,-102.427,33.4637,-103.402,2
1,60,49,24.9304,-13.9782,48.0328,-57.4957,48.3393,-58.1831,47.4605,-58.0311,47.6912,-56.8016,48.5513,-57.0208,1
1,60,50,-37.4367,16.4911,10.9941,-89.1076,11.0893,-89.8876,10.1604,-89.0006,10.9397,-88.4011,11.988,-89.2171,1
1,60,51,-31.1458,8.776,36.5218,-62.7235,36.6397,-63.5554,35.847,-62.7192,36.4232,-61.9582,37.2832,-62.7185,1
1,60,52,25.2699,6.38959,48.4199,-15.5525,48.7773,-16.2858,47.8857,-16.008,48.0274,-14.7562,48.914,-15.1042,1
1,60,53,-29.5164,-7.67743,47.3808,37.651,48.0889,37.413,47.1654,36.812,46.7455,37.8503,47.6201,38.5601,1
1,60,54,-31.3973,-20.744,24.8944,70.6284,25.7904,70.6117,24.8649,69.9351,24.1272,70.6198,24.9606,71.361,2
1,60,55,27.6356,12.4138,-9.6187,91.5273,-8.97093,91.6039,-9.62341,90.8896,-10.3465,91.4537,-9.63203,92.1267,1
1,60,56,-26.802,24.2826,-33.2552,123.535,-32.6315,123.539,-33.2509,122.655,-33.8623,123.579,-33.2808,124.555,1
1,60,58,30.1909,15.2457,-46.17,-139.207,-46.023,-140.197,-46.8234,-139.269,-46.3113,-138.067,-45.5607,-139.116,1
1,60,59,18.7452,8.86469,-21.5161,-108.288,-21.5549,-108.893,-22.0727,-108.211,-21.4634,-107.637,-20.9778,-108.349,1
1,60,60,29.9989,17.0841,-53.4794,-179.069,-52.8679,-179.446,-53.7509,-179.965,-54.1714,-178.596,-53.2402,-178.218,1
1,60,62,39.3717,-8.73842,-33.9356,-78.1786,-33.8566,-78.9856,-34.7993,-78.0036,-34.0386,-77.2631,-33.2008,-78.3314,1
1,60,63,32.3082,11.2479,-2.74588,-54.8183,-2.84118,-55.4569,-3.34155,-54.6091,-2.62667,-54.0932,-2.19271,-54.9941,2
1,60,65,27.4158,-22.7296,46.9554,-0.911685,47.1488,-1.67633,46.2545,-1.36518,46.7183,-0.147025,47.5704,-0.537103,4
1,60,66,29.5178,-7.3837,49.8207,56.8832,50.3449,56.583,49.5084,55.9812,49.2487,57.1837,50.0996,57.6984,3
1,60,67,30.1888,19.775,27.2002,98.1394,27.8754,98.1398,27.1385,97.4707,26.4208,98.1621,27.2257,98.7756,2
1,60,68,-0.460707,20.2345,0.516005,123.064,1.00689,123.126,0.628018,122.581,-0.00154497,123.019,0.37839,123.567,1
1,60,69,-9.37341,-22.3286,-24.9819,143.5,-24.4084,143.48,-24.8954,142.938,-25.5101,143.495,-25.0401,144.049,8
1,60,72,-23.9618,-3.2959,-53.3944,-56.4039,-53.4138,-57.4402,-53.948,-56.2761,-53.3702,-55.4478,-52.8038,-56.5466,1
1,60,73,37.8825,9.53043,-23.4838,-25.4099,-23.7435,-26.2049,-24.1142,-24.9033,-23.1675,-24.4874,-22.9113,-25.8384,1
1,60,74,29.2042,24.5375,11.9795,-12.7885,11.6164,-13.4674,11.4343,-12.4605,12.4279,-12.0051,12.5254,-13.0685,1
1,60,75,-29.7124,21.1534,46.777,-1.61516,46.6763,-2.52916,46.0679,-1.36978,46.9005,-0.750393,47.6042,-1.87339,7
1,60,76,17.802,-11.598,66.2134,49.6743,66.4581,48.5052,65.6839,48.9751,65.9404,50.8335,66.7053,50.3247,2
1,60,77,-26.1211,-20.2055,57.7864,128.215,58.5533,128.288,57.8316,127.131,57.1146,128.117,57.7613,129.339,6
1,60,78,-21.9803,-18.422,25.488,151.373,26.1455,151.61,25.6871,150.797,24.9043,151.144,25.306,151.97,1
1,60,79,27.8556,-18.7077,-9.65942,160.149,-9.14529,160.435,-9.28744,159.454,-10.1829,159.821,-9.96821,160.767,1
1,60,81,39.0674,-4.86296,-14.5576,12.1048,-14.6415,11.4238,-15.302,12.4484,-14.4722,12.8825,-13.9168,11.8098,1
1,60,82,-37.3811,11.6788,22.3317,23.2735,22.2789,22.5209,21.6609,23.5283,22.3963,23.9465,23.1183,22.9836,3
1,60,83,25.3041,-7.97151,46.7121,53.6112,46.7547,52.8593,46.1123,53.6077,46.6505,54.4071,47.2584,53.6055,2
1,60,84,-12.871,-23.0213,63.3831,110.002,63.7703,109.001,63.0709,109.11,63.01,110.857,63.7031,110.858,2
1,60,87,-14.549,16.7695,-20.1429,-152.074,-19.6734,-151.928,-19.9859,-152.595,-20.6158,-152.203,-20.3262,-151.515,1
1,60,90,38.7673,-3.61982,38.9728,112.19,39.3527,111.448,38.1765,111.882,38.5238,113.02,39.6597,112.462,3
1,60,91,-18.3242,-4.16153,46.9446,161.66,47.419,161.262,46.6742,161.039,46.4962,162.025,47.2284,162.312,1
1,60,93,-32.0773,-23.5732,6.86644,-130.763,7.75411,-130.83,6.82621,-131.365,6.11323,-130.73,6.95035,-130.133,1
1,60,94,13.5067,-15.5193,-22.8093,-107.493,-22.3075,-107.516,-22.7882,-108.104,-23.3129,-107.488,-22.813,-106.925,1
1,60,95,30.3845,19.8267,-46.2643,-68.0367,-45.6467,-68.4818,-46.5922,-68.7847,-46.9665,-67.4818,-45.976,-67.314,1
1,60,96,10.7423,21.4357,-45.6616,-15.3899,-45.444,-16.0933,-46.1064,-15.7452,-45.8732,-14.6072,-45.2173,-15.0023,2
1,60,97,21.4186,0.0748835,-29.5129,23.1061,-29.4473,22.5109,-30.0685,23.0802,-29.5812,23.741,-28.9913,23.1319,2
1,60,98,-5.47571,20.9654,-1.20021,49.6289,-1.23662,49.1267,-1.71765,49.612,-1.14,50.148,-0.647677,49.6682,1
1,60,99,-37.8904,-10.738,24.8944,70.6284,24.9523,69.6709,24.2442,70.75,24.8319,71.4449,25.6196,70.4656,2
2,120,0,-20.8869,-0.883063,-20.4364,-84.7729,-19.9017,-84.4436,-20.1863,-85.3266,-20.9377,-85.0831,-20.6976,-84.1812,1
2,120,1,-18.5978,4.03047,-54.3399,-67.0972,-53.7801,-66.7891,-54.1949,-68.0452,-54.8756,-67.3894,-54.4892,-66.0812,2
2,120,2,29.7048,21.6264,-76.3697,25.431,-76.1631,22.2607,-77.0345,24.9453,-76.5325,29.2474,-75.7424,26.0067,4
2,120,3,35.6496,-13.0056,-50.6312,74.4976,-50.8188,73.4338,-51.4679,75.1754,-50.4403,75.6759,-49.9167,73.9197,1
2,120,4,37.9025,9.59905,-13.5595,87.9527,-13.9216,87.1905,-14.1699,88.537,-13.1248,88.8395,-13.0027,87.4535,1
2,120,5,-36.9026,-1.43979,22.0514,88.8207,21.7141,87.9619,21.4674,89.318,22.3458,89.5731,22.7086,88.2426,1
2,120,6,33.3303,18.026,54.8878,117.142,54.6968,115.784,54.2203,117.622,55.1126,118.738,55.5171,116.738,2
2,120,7,31.9357,-18.0988,71.29,-177.268,71.8402,-178.396,70.735,-179.478,70.676,-176.221,71.7604,-175.298,7
2,120,8,21.194,12.7536,45.7011,-112.306,46.2832,-112.005,45.8664,-113.128,45.0573,-112.611,45.5192,-111.525,2
2,120,9,28.9838,-8.44901,13.6368,-99.8767,14.1543,-99.512,13.9794,-100.566,13.0866,-100.282,13.3349,-99.2582,1
2,120,10,-37.2042,14.2026,7.30009,124.495,7.40019,123.794,6.5644,124.577,7.23384,125.129,8.16636,124.413,1
2,120,11,36.3367,-8.719,26.6223,154.316,26.7694,153.633,25.8286,154.303,26.4376,155.07,27.3101,154.32,1
2,120,12,-38.2371,-3.70828,51.4414,-168.811,51.8984,-169.871,50.8112,-169.155,51.0378,-167.908,52.1607,-168.423,1
2,120,13,25.1066,-9.77172,42.861,-116.169,43.36,-116.392,42.6275,-116.949,42.3288,-115.955,43.0757,-115.461,5
2,120,14,-26.7252,-22.9156,26.4835,-78.101,27.2341,-78.1987,26.4588,-78.7161,25.8289,-78.0405,26.5405,-77.4701,1
2,120,15,-25.3308,-24.1155,-0.440014,-53.506,0.30789,-53.5484,-0.410577,-54.054,-1.09173,-53.4914,-0.434647,-52.9466,1
2,120,16,-37.5748,-8.58728,-26.4897,-25.5611,-25.667,-25.5668,-26.6492,-26.2595,-27.1979,-25.5625,-26.289,-24.784,1
2,120,17,-33.2596,-4.63495,-44.705,13.8919,-44.0731,13.4608,-45.0668,13.2216,-45.2654,14.2799,-44.2926,14.6154,1
2,120,18,-22.4639,24.8606,-41.7188,68.0504,-41.5097,67.3784,-42.2858,67.6839,-41.8908,68.7393,-41.0823,68.4917,1
2,120,19,-38.9753,-13.0458,-21.3557,97.6708,-21.2993,96.6985,-22.004,97.7991,-21.4094,98.4918,-20.6319,97.4991,1
2,120,22,-30.3182,5.2772,-77.0664,50.0521,-76.5018,49.2008,-77.339,47.7756,-77.5789,50.9358,-76.7437,52.4808,2
2,120,23,30.7883,-23.1146,-60.4348,147.832,-60.6693,146.804,-61.1679,148.515,-60.2145,148.925,-59.8139,147.235,1
2,120,27,24.0821,-5.63683,77.3103,-135.192,77.5119,-137.311,76.7744,-136.032,77.0713,-133.032,77.8019,-134.374,1
2,120,29,30.5827,19.2947,19.9856,-27.3583,20.5428,-26.9975,20.2293,-27.9198,19.332,-27.7536,19.7287,-26.8431,1
2,120,30,-30.3651,18.7128,35.3747,20.5184,35.675,21.1416,35.8964,20.0272,35.0652,19.9528,34.7604,21.0573,2
2,120,31,23.9745,1.91871,1.42826,13.1086,1.76208,13.5106,1.81278,12.712,1.06782,12.6754,1.06645,13.4766,2
2,120,32,36.6575,14.5041,-35.7015,8.7351,-35.2578,9.43312,-35.2768,8.08143,-36.2277,7.91778,-36.1016,9.3131,1
2,120,33,-29.0936,9.70998,-71.4428,15.1185,-71.0864,16.5606,-71.0261,13.8253,-71.7751,13.7546,-71.9041,16.613,2
2,120,38,-34.5199,17.2148,71.2966,176.356,70.7854,175.159,70.9658,178.284,71.7771,177.444,71.6732,174.045,5
2,120,40,-29.3436,-3.73917,46.3346,4.36738,46.9974,4.21588,46.154,3.55832,45.735,4.49902,46.5322,5.2518,2
2,120,41,33.5377,17.8931,16.0229,33.5469,16.7653,33.5813,15.9378,32.8559,15.1555,33.5273,16.0692,34.1905,2
2,120,42,-24.5437,22.9619,-8.75764,61.0304,-8.18831,61.1406,-8.62772,60.37,-9.32109,60.9558,-8.92928,61.7802,1
2,120,44,-10.8164,-16.5311,-50.1882,127.21,-49.741,126.662,-50.4635,126.525,-50.6124,127.711,-49.896,127.865,1
2,120,45,-15.2143,-11.2927,-43.1101,-179.473,-42.9805,179.77,-43.6056,-179.646,-43.2363,-178.765,-42.6017,-179.316,1
2,120,46,23.0131,21.7261,-19.4414,-141.92,-19.55,-142.589,-20.0015,-141.821,-19.2927,-141.17,-18.8869,-141.985,1
2,120,47,11.902,-24.1052,5.92028,-122.873,5.81595,-123.415,5.28629,-122.892,5.99293,-122.342,6.49598,-122.88,1
2,120,48,12.1976,-20.0917,32.9053,-96.5828,32.9108,-97.2139,32.3115,-96.6979,32.8736,-95.962,33.4538,-96.498,3
2,120,49,21.7139,22.6559,49.7091,-46.7663,50.0566,-47.5903,49.2497,-47.2649,49.3298,-45.8289,50.1427,-46.2242,1
2,120,50,39.1906,8.86517,7.88934,-80.9142,7.88473,-81.7359,7.09654,-80.6507,7.89943,-79.9467,8.59241,-81.1276,1
2,120,52,-18.4768,13.8599,53.1771,-9.70621,53.5546,-10.3957,52.7385,-10.339,52.8176,-9.02465,53.6417,-8.9842,1
2,120,53,-37.6818,9.90602,45.1982,45.2413,45.9907,45.3035,45.0137,44.1544,44.4924,45.2163,45.3923,46.5238,2
2,120,54,-35.1258,11.3522,19.582,75.9524,20.2882,76.175,19.6195,75.1566,18.937,75.7743,19.5233,76.8722,2
2,120,55,-33.4441,23.7743,-9.75304,99.5719,-9.08382,99.7679,-9.61132,98.732,-10.3938,99.4323,-9.94794,100.57,1
2,120,56,-32.142,-9.90432,-32.7592,123.763,-31.9724,123.692,-32.9028,123.03,-33.4521,123.817,-32.5795,124.555,1
2,120,57,16.8171,-8.23451,-52.7585,166.81,-52.3221,166.304,-53.1036,166.016,-53.2124,167.329,-52.4252,167.534,1
2,120,58,-34.6925,-12.407,-40.0765,-143.444,-39.8311,-144.532,-40.7329,-143.536,-40.2906,-142.503,-39.3522,-143.378,1
2,120,59,13.1598,22.8905,-17.2445,-105.427,-17.3513,-106.044,-17.7966,-105.381,-17.1,-104.753,-16.679,-105.443,1
2,120,60,19.5113,23.5967,-54.1779,-171.9,-53.6644,-172.41,-54.4134,-172.712,-54.7396,-171.277,-53.9638,-171.074,1
2,120,61,39.0548,11.7626,-53.5473,-110.379,-53.2916,-111.581,-54.2957,-110.426,-53.8234,-108.936,-52.8849,-110.302,1
2,120,63,-26.1313,-22.6729,0.688965,-59.2782,0.47288,-59.9915,0.152946,-59.1593,0.857246,-58.6505,1.23171,-59.433,1
2,120,64,-5.00261,22.9838,31.6796,-31.9925,31.6265,-32.5788,31.1629,-32.0104,31.7567,-31.382,32.2342,-31.9456,1
2,120,65,-31.3781,-24.3914,53.4151,-0.225245,53.5739,-1.66375,52.8444,-0.442846,53.2445,0.976869,54.0208,-0.0619338,2
2,120,66,34.749,5.5621,47.3464,63.3969,47.971,63.1315,47.0061,62.5245,46.6364,63.6956,47.6372,64.1979,1
2,120,67,-13.7955,15.5697,27.4169,103.591,27.909,103.66,27.4875,103.015,26.9248,103.542,27.3237,104.208,1
2,120,68,9.44627,19.357,-3.01814,124.27,-2.50728,124.327,-2.92729,123.785,-3.56971,124.228,-3.13094,124.761,1
2,120,69,-13.1099,-24.3167,-27.4811,146.091,-26.8664,146.038,-27.4064,145.504,-28.0385,146.113,-27.5237,146.667,1
2,120,70,-29.7225,0.547099,-45.0628,-173.498,-44.4187,-173.234,-44.9891,-174.36,-45.6494,-173.739,-45.1341,-172.547,1
2,120,71,-17.7617,4.70818,-67.35,-117.438,-66.906,-118.267,-67.6894,-118.526,-67.7679,-116.6,-66.9841,-116.307,1
2,120,72,20.3502,-16.2636,-53.9349,-48.5239,-54.0202,-49.4391,-54.5848,-48.3853,-53.8617,-47.585,-53.3477,-48.6711,1
2,120,73,-4.44551,24.499,-17.2204,-28.114,-17.4628,-28.6228,-17.7532,-27.9369,-16.9384,-27.5931,-16.6368,-28.2773,1
2,120,74,30.785,19.6489,14.8642,-11.6194,14.5528,-12.3028,14.3136,-11.2698,15.2427,-10.8343,15.3996,-11.9215,2
2,120,75,-36.936,-13.3088,47.1413,-3.1759,46.8658,-4.46172,46.5477,-2.7045,47.3533,-2.06579,47.7847,-3.74897,5
2,120,76,20.2929,-13.0802,66.8544,58.3316,67.1753,57.2202,66.3486,57.3777,66.5019,59.421,67.319,59.2143,2
2,120,77,30.5256,24.0176,47.5888,128.956,48.3592,129.033,47.5884,127.999,46.681,128.909,47.5395,129.869,1
2,120,78,-22.6797,-20.8652,22.2927,152.624,22.9851,152.857,22.5034,152.057,21.6845,152.399,22.104,153.212,1
2,120,79,-31.8684,3.93925,-13.2203,167.807,-12.6221,168.159,-13.0154,167.176,-13.7668,167.495,-13.4492,168.515,1
2,120,81,23.0319,24.2177,-7.82579,13.2911,-8.07078,12.7189,-8.32582,13.4862,-7.52298,13.932,-7.31957,13.1294,1
2,120,82,27.6836,12.0496,22.4923,30.7389,22.3556,30.1251,21.9629,30.9529,22.6531,31.4239,22.9952,30.5526,2
2,120,83,22.9241,17.2021,50.9315,60.0643,50.9632,59.1642,50.4047,60.0447,50.9046,61.0672,51.4415,60.118,1
2,120,84,36.751,18.1508,57.398,123.637,58.0514,122.941,56.9435,122.717,56.628,124.46,57.7818,124.533,5
2,120,85,19.2854,6.97446,38.2011,168.223,38.7014,168.31,38.2356,167.576,37.6634,168.138,38.1567,168.842,1
2,120,87,-17.0662,7.4026,-22.5987,-150.502,-22.1224,-150.347,-22.4779,-151.022,-23.0615,-150.644,-22.7316,-149.948,1
2,120,89,37.302,16.1845,-64.3192,-52.1518,-63.9908,-53.6844,-64.9924,-52.4768,-64.6709,-50.2785,-63.716,-51.8093,1
2,120,90,-36.2914,5.06957,47.7348,114.454,48.1526,113.566,47.094,114.106,47.3659,115.242,48.4665,114.866,1
2,120,92,27.0578,1.86035,23.612,-156.941,24.1757,-156.955,23.5138,-157.59,22.9967,-156.927,23.6961,-156.341,1
2,120,93,37.1313,-6.82261,-1.89012,-132.224,-1.24845,-132.091,-1.9269,-133.039,-2.60865,-132.389,-1.85417,-131.52,1
2,120,95,-15.6917,-17.9314,-42.3114,-66.1035,-41.7976,-66.5067,-42.5244,-66.734,-42.7888,-65.7474,-42.0755,-65.4878,1
2,120,96,26.5796,19.7958,-45.877,-9.75564,-45.6466,-10.6164,-46.425,-10.0079,-46.1118,-8.75722,-45.3582,-9.47943,1
2,120,97,-36.2314,-8.59679,-23.4533,21.3449,-23.3261,20.4757,-24.091,21.3936,-23.5655,22.0985,-22.7432,21.272,1
2,120,98,30.6508,24.9359,-0.147041,54.9955,-0.247927,54.256,-0.753856,55.1092,-0.0001325,55.863,0.441537,54.9279,1
2,120,99,-25.9452,-10.6813,26.5038,74.7048,26.5286,73.9824,25.9634,74.7224,26.4694,75.356,27.0758,74.6689,1
3,180,0,36.0761,-5.16753,-25.1922,-90.3785,-24.6314,-89.8825,-24.8247,-91.2512,-25.8117,-90.9541,-25.5066,-89.6132,1
3,180,2,15.6079,-18.4074,-75.1629,20.0446,-74.9411,18.0056,-75.7485,18.7785,-75.3891,22.11,-74.6142,21.0559,2
3,180,3,39.9325,0.122824,-45.8061,77.7089,-46.0611,76.6015,-46.5481,78.5461,-45.5039,78.9875,-45.1586,77.0146,1
3,180,5,-34.4041,11.3535,27.0113,90.4467,26.7617,89.6502,26.3595,90.9024,27.2546,91.1646,27.7679,89.9248,2
3,180,6,36.7626,-2.36213,55.6924,118.878,55.6628,117.569,54.8618,119.322,55.6989,120.366,56.4168,118.479,9
3,180,7,26.1779,20.8372,69.5741,-153.429,70.25,-154.173,69.3204,-155.096,68.8058,-152.57,69.7719,-151.747,1
3,180,8,-29.5601,20.1647,43.1562,-103.364,43.7023,-102.826,43.5359,-104.274,42.6157,-103.827,42.6874,-102.341,2
3,180,10,-38.229,-2.08022,8.92118,125.462,8.9602,124.663,8.26854,125.62,8.88792,126.156,9.66379,125.272,3
3,180,11,-24.7802,-14.1021,33.1936,152.65,33.2062,151.882,32.6688,152.651,33.1661,153.339,33.7424,152.625,1
3,180,12,37.2067,7.39556,45.2309,-159.235,45.6807,-159.991,44.5757,-159.66,44.7086,-158.372,45.8064,-158.831,1
3,180,13,-26.4763,24.9757,43.7278,-104.696,44.2905,-104.813,43.6321,-105.618,43.1834,-104.533,43.8027,-103.621,2
3,180,15,-23.444,-8.01204,-4.70908,-50.3718,-4.11909,-50.3261,-4.7028,-50.8894,-5.24933,-50.42,-4.70458,-49.8255,2
3,180,19,13.2386,14.3433,-20.3081,106.151,-20.3411,105.611,-20.799,106.181,-20.2575,106.729,-19.819,106.138,1
3,180,20,-21.9273,24.7022,-18.7967,-15.8411,-18.3796,-15.5072,-18.4043,-16.3227,-19.2305,-16.1478,-19.26,-15.3085,1
3,180,21,20.6541,6.60766,-53.0561,-11.2077,-52.6291,-10.7653,-52.8152,-11.9535,-53.5171,-11.6865,-53.2885,-10.4943,1
3,180,22,-17.7969,6.80555,-78.9942,67.2215,-78.6149,65.5911,-79.3271,65.3102,-79.3458,68.9298,-78.6302,69.1579,1
3,180,24,-34.0673,23.6422,-15.5922,152.829,-15.8329,152.233,-16.2402,153.215,-15.3287,153.37,-14.8079,152.397,1
3,180,25,30.8754,9.21509,17.2275,164.814,16.9111,164.287,16.7858,165.23,17.5884,165.404,17.6428,164.439,1
3,180,26,-38.6097,11.9632,54.1819,165.711,53.9263,164.58,53.601,166.446,54.4204,166.716,54.8661,164.833,1
3,180,27,-33.2091,-1.56187,83.4325,-120.267,83.8519,-124.902,82.9194,-122.609,83.0265,-116.607,83.9907,-117.244,1
3,180,28,26.1807,17.6664,51.5303,-37.1497,52.0688,-36.757,51.7144,-37.9698,50.9145,-37.5567,51.3271,-36.3836,1
3,180,30,24.4079,19.4876,31.9256,14.0794,32.3579,14.5651,32.283,13.6025,31.423,13.5541,31.5585,14.5182,1
3,180,31,-25.5927,-4.71957,-1.97015,17.0334,-1.58839,17.4831,-1.60917,16.655,-2.3176,16.6194,-2.35131,17.4437,2
3,180,33,-39.8263,8.11775,-75.1629,20.0446,-74.6966,22.3774,-74.726,17.7581,-75.5651,17.9176,-75.6504,22.8885,1
3,180,35,-39.7341,7.20457,-33.0118,-168.079,-33.4299,-168.846,-33.4634,-167.393,-32.6291,-167.422,-32.4744,-168.87,1
3,180,37,-38.5992,-9.08188,36.935,-172.009,36.315,-172.716,36.6305,-171.293,37.4577,-171.389,37.2563,-172.835,1
3,180,38,-11.6963,-18.9555,72.2595,-177.064,71.7658,-177.876,71.9726,-175.757,72.7048,-176.225,72.5173,-178.431,3
3,180,39,17.3512,22.0341,67.6883,17.7633,68.0889,18.7958,68.0589,16.8388,67.2217,16.6995,67.2941,18.6104,2
3,180,40,-30.2371,9.04039,43.5385,10.0915,44.1765,10.082,43.4207,9.22808,42.9495,10.1195,43.655,11.0672,1
3,180,41,35.184,-1.31143,14.644,34.2663,15.2914,34.4012,14.6102,33.4849,13.9167,34.109,14.6692,34.9577,14
3,180,42,-17.4477,6.97225,-10.8194,61.5145,-10.2919,61.594,-10.7686,60.9778,-11.3296,61.446,-10.8788,62.0872,1
3,180,44,-25.9336,22.3587,-49.5162,138.91,-49.0487,138.361,-49.9355,138.089,-49.9469,139.493,-49.0479,139.856,1
3,180,45,-15.5418,13.9595,-39.824,-172.89,-39.7091,-173.554,-40.3537,-173.039,-39.9178,-172.228,-39.255,-172.714,1
3,180,47,37.0678,-7.02604,8.27722,-117.611,8.32273,-118.289,7.45133,-117.458,8.20838,-116.849,8.99088,-117.747,1
3,180,48,36.9461,-10.9968,33.6234,-90.6949,33.8157,-91.4592,32.7523,-90.7731,33.3812,-89.8547,34.3709,-90.6371,3
3,180,49,18.5741,-7.18052,50.1219,-45.7562,50.466,-46.3637,49.6804,-46.327,49.7541,-45.1434,50.5349,-45.2213,1
3,180,50,-28.5113,-5.18794,14.0956,-85.4406,14.0528,-86.1564,13.5046,-85.3192,14.1292,-84.7934,14.7339,-85.583,1
3,180,52,36.7346,10.0263,47.6758,-3.89315,48.2458,-4.6684,47.0241,-4.50492,47.012,-3.00234,48.2447,-3.30772,5
3,180,53,-0.00523014,-18.6718,41.3632,42.6901,41.9022,42.4919,41.2997,41.9506,40.8434,42.8514,41.4387,43.3946,1
3,180,54,-37.1076,-6.01982,18.4151,77.109,19.2687,77.2853,18.3681,76.3677,17.6766,76.9549,18.4803,77.9446,2
3,180,55,21.7547,10.7883,-14.86,96.2166,-14.272,96.2752,-14.8451,95.6177,-15.5037,96.1631,-14.8873,96.7903,1
3,180,56,-20.0864,-20.8343,-35.5434,125.03,-34.8543,124.833,-35.6107,124.336,-36.1637,125.184,-35.4426,125.723,1
3,180,57,-17.2547,-7.04191,-49.9676,173.207,-49.5322,172.595,-50.3364,172.602,-50.3765,173.783,-49.5757,173.814,1
3,180,59,-26.6267,20.6384,-11.9281,-106.251,-11.9097,-106.882,-12.6261,-106.238,-11.9122,-105.643,-11.1296,-106.242,1
3,180,61,14.2915,21.447,-48.9351,-106.807,-48.8543,-107.628,-49.4301,-106.975,-48.996,-105.897,-48.4398,-106.603,1
3,180,63,-38.7627,-13.3111,5.30732,-58.2082,5.17223,-59.1089,4.69737,-57.9615,5.40966,-57.4453,5.981,-58.5115,1
3,180,64,-18.2101,-7.52542,33.2628,-32.3858,33.2272,-33.0393,32.77,-32.3341,33.287,-31.7749,33.7732,-32.4508,1
3,180,65,-30.555,1.49797,55.8167,9.9999,56.1504,9.03493,55.2733,9.61817,55.5104,10.8672,56.4166,10.4329,2
3,180,66,-25.3258,10.0215,50.3525,72.7355,50.9058,72.6173,50.2138,71.8773,49.8314,72.8646,50.4894,73.6912,2
3,180,67,-33.7908,17.6356,25.3542,108.127,25.9633,108.356,25.4591,107.349,24.7821,107.948,25.2085,109.03,3
3,180,68,-13.7442,-12.4535,-2.72731,126.204,-2.19188,126.273,-2.64443,125.723,-3.22665,126.129,-2.79762,126.693,3
3,180,69,22.8846,21.3256,-35.5681,149.4,-34.9623,149.37,-35.5856,148.735,-36.2504,149.461,-35.5756,150.053,2
3,180,70,34.5164,-10.1432,-50.6564,-179.967,-50.0675,-179.55,-50.4548,178.775,-51.2956,179.53,-50.8127,-178.862,1
3,180,72,-13.7222,20.1963,-46.1332,-46.6288,-46.2417,-47.3881,-46.7,-46.5083,-45.9946,-45.8733,-45.5106,-46.7278,1
3,180,73,40.1389,-1.34845,-17.7792,-23.195,-17.9709,-23.968,-18.5286,-22.6714,-17.5625,-22.2989,-17.1322,-23.6372,1
3,180,74,-11.8474,22.7818,19.9491,-14.3881,19.7293,-14.9122,19.3982,-14.2003,20.1981,-13.862,20.5601,-14.5705,1
3,180,75,11.5405,19.7846,50.7109,8.68637,50.5805,7.82786,50.1868,8.81778,50.8653,9.61557,51.2464,8.58689,2
3,180,76,28.2369,12.9091,66.2631,74.1754,66.756,73.1198,65.8023,73.1488,65.7086,75.339,66.6759,75.209,2
3,180,77,37.7666,4.45781,45.7441,128.921,46.4571,129.211,45.7229,127.775,44.9195,128.598,45.7418,129.932,10
3,180,78,24.1679,0.176312,15.1651,150.385,15.6749,150.639,15.366,149.79,14.6167,150.111,14.9749,150.936,1
3,180,79,38.0164,-5.13319,-18.445,161.592,-17.8585,162.008,-18.1715,160.725,-19.1017,161.103,-18.6766,162.343,1
3,180,81,36.0738,-0.090771,-7.18153,15.0261,-7.29569,14.3984,-7.83114,15.3321,-7.05567,15.7364,-6.60575,14.7596,2
3,180,82,-22.3419,-3.64274,26.7482,27.6628,26.6201,27.0601,26.2688,27.8342,26.863,28.2244,27.2549,27.4738,2
3,180,83,2.61457,22.9587,54.8878,63.5709,54.9267,62.703,54.4067,63.3859,54.8622,64.499,55.3883,63.8107,1
3,180,84,21.9165,-12.456,58.7947,125.647,59.2519,125.249,58.5433,124.621,58.3123,126.023,59.0262,126.588,6
3,180,85,-15.9714,12.9704,36.4428,174.17,36.9208,174.312,36.5504,173.555,35.9697,174.049,36.3118,174.827,1
3,180,86,33.2475,11.7796,3.08115,-170.248,3.69359,-170.04,3.16106,-170.874,2.37695,-170.476,2.98971,-169.677,1
3,180,90,36.3901,10.8128,41.972,123.032,42.3802,122.237,41.3064,122.702,41.4992,123.949,42.5625,123.358,1
3,180,92,32.7633,23.2288,19.0343,-152.747,19.7902,-152.847,18.8875,-153.406,18.1437,-152.602,19.1312,-152.116,1
3,180,97,19.1505,-8.22852,-24.8408,28.1861,-24.7993,27.6295,-25.4073,28.1536,-24.8918,28.7641,-24.314,28.2087,1
3,180,98,-23.3887,-9.42595,3.44469,51.2071,3.41787,50.5957,2.92117,51.2588,3.4611,51.766,3.99408,51.14,1
3,180,99,-30.9886,-8.20976,29.5716,77.3911,29.6415,76.5876,28.9916,77.4216,29.4992,78.1041,30.2017,77.3414,1
4,240,0,34.9334,12.1593,-30.7313,-88.7385,-30.0628,-88.2636,-30.4885,-89.5764,-31.5111,-89.2853,-30.9691,-87.9841,1
4,240,1,-25.0716,21.0227,-61.6748,-56.409,-61.0574,-56.1592,-61.5473,-57.8796,-62.28,-56.5906,-61.8249,-54.7271,1
4,240,2,20.7997,12.3693,-71.871,41.3236,-71.8464,39.3541,-72.4649,41.3869,-71.8621,43.4817,-71.2974,41.3193,2
4,240,4,-17.393,23.266,-3.57681,83.8874,-3.85757,83.368,-4.17514,84.1539,-3.26467,84.3941,-2.89703,83.6144,1
4,240,5,25.9353,17.0139,29.1945,98.55,28.8688,97.8561,28.6583,98.9361,29.5747,99.3284,29.7205,98.2027,1
4,240,6,36.876,1.05203,58.9863,123.26,58.9965,121.796,58.164,123.663,58.9498,124.93,59.7092,122.903,3
4,240,7,34.7467,21.4366,66.4216,-146.15,67.274,-146.623,66.1394,-147.864,65.4084,-145.564,66.6245,-144.492,1
4,240,8,-34.8887,5.71102,41.3839,-101.849,42.0027,-101.211,41.6733,-102.762,40.8189,-102.397,41.0419,-100.818,15
4,240,12,-28.8993,-20.2721,51.6383,-159.58,52.0222,-160.641,51.1599,-160.037,51.2813,-158.688,52.1534,-159.135,1
4,240,13,-14.6932,19.4258,41.1593,-102.302,41.6521,-102.433,41.0782,-103.005,40.6691,-102.143,41.2244,-101.529,9
4,240,14,-21.5329,7.78404,18.4407,-71.1763,18.9683,-71.1112,18.459,-71.7336,17.9366,-71.2281,18.4125,-70.573,1
4,240,15,-20.5217,21.9372,-9.8381,-46.4653,-9.31283,-46.4057,-9.75186,-47.0564,-10.3617,-46.4963,-9.95553,-45.8055,3
4,240,20,-20.8966,22.8903,-22.3443,-15.4725,-21.9319,-15.1395,-21.9763,-15.9553,-22.7701,-15.7802,-22.7741,-14.9417,1
4,240,21,-33.8004,15.0387,-56.0908,-0.954045,-55.5698,-0.34675,-55.8308,-2.04775,-56.5799,-1.49233,-56.3928,0.31883,1
4,240,22,-18.2529,7.48084,-78.4061,86.5531,-78.149,84.4673,-78.8434,85.3931,-78.6318,88.6683,-77.9357,87.7294,1
4,240,24,-29.8989,9.02324,-13.5668,153.519,-13.832,152.983,-14.0359,153.876,-13.3091,154.007,-13.0364,153.127,1
4,240,25,28.7325,-14.5701,18.7914,164.633,18.5372,164.14,18.2192,165.012,19.0415,165.167,19.2906,164.284,1
4,240,26,23.3963,11.0736,56.0101,176.81,55.7831,175.946,55.5541,177.266,56.2613,177.763,56.4502,176.385,1
4,240,27,-20.1109,18.8276,80.9296,-80.8843,81.4239,-81.5677,80.8053,-84.244,80.4466,-80.1496,81.0128,-77.0526,1
4,240,29,-37.0038,6.98607,14.7405,-20.2074,15.2158,-19.6839,15.0847,-20.7976,14.3068,-20.6627,14.3379,-19.5319,1
4,240,30,-40.1964,-5.82488,30.1992,20.9461,30.6616,21.7829,30.6326,20.3335,29.8022,20.2373,29.7105,21.6533,1
4,240,31,-39.7046,-4.4361,-5.78088,18.3482,-5.29684,19.0278,-5.37202,17.8041,-6.19535,17.7637,-6.23865,18.9803,1
4,240,32,-12.5364,-13.8109,-40.9158,13.5969,-40.5373,14.0862,-40.5571,13.1756,-41.2596,13.123,-41.2646,14.0387,1
4,240,33,-17.8028,10.3157,-78.9206,8.26708,-78.624,10.3395,-78.5145,6.70677,-79.2038,6.18373,-79.3538,10.0383,1
4,240,34,-12.6165,16.3089,-64.4632,-161.996,-64.8232,-162.756,-64.8076,-161.135,-64.0876,-161.286,-64.0763,-162.875,1
4,240,35,11.9009,-23.8704,-31.929,-162.477,-32.3398,-162.843,-32.3768,-162.019,-31.5449,-162.1,-31.5348,-162.909,1
4,240,37,-21.3545,-13.5543,40.6766,-170.185,40.2038,-170.656,40.3711,-169.662,41.0987,-169.738,40.9768,-170.744,1
4,240,38,19.188,16.9247,79.5497,-171.414,79.1061,-173.091,79.2474,-169.192,80.0361,-169.476,79.8471,-173.659,1
4,240,39,-40.229,3.29476,64.6256,30.1352,64.87,31.913,65.1913,29.0908,64.3874,28.6267,63.9578,31.3018,1
4,240,40,25.824,12.0612,36.8353,9.88887,37.4345,9.77782,36.6875,9.18043,36.1707,10.0247,36.9551,10.567,1
4,240,41,31.3003,-21.7999,13.7954,35.4166,14.3906,35.5309,13.9451,34.5333,13.1749,35.2574,13.6857,36.1741,3
4,240,43,-25.4196,-7.91955,-37.3391,92.1164,-36.7028,92.0035,-37.4618,91.4375,-37.9187,92.2127,-37.1928,92.8324,1
4,240,45,23.8886,-8.28555,-41.7293,-168.536,-41.6235,-169.25,-42.352,-168.64,-41.8479,-167.782,-41.1593,-168.451,1
4,240,47,23.9316,18.0235,14.1785,-114.995,14.095,-115.631,13.617,-114.893,14.2886,-114.285,14.7257,-115.069,1
4,240,48,10.7536,18.7668,39.9551,-86.3613,40.0122,-87.0624,39.4463,-86.4758,39.9077,-85.6038,40.4673,-86.2159,2
4,240,49,22.711,-24.1847,49.8238,-42.8947,50.2026,-43.5494,49.3415,-43.7793,49.4131,-42.2829,50.259,-42.1277,1
4,240,50,-20.7293,-23.7312,14.9734,-83.8149,14.7962,-84.5677,14.394,-83.7634,15.1049,-83.1434,15.5501,-83.9024,1
4,240,52,33.3816,-12.0099,48.1552,-2.30308,48.6757,-2.87603,47.5623,-3.17788,47.5698,-1.7182,48.6731,-1.53646,5
4,240,53,38.4191,13.7604,33.7499,46.6791,34.5821,46.5791,33.4484,45.79,32.7633,46.8121,33.9865,47.4888,3
4,240,54,-29.1347,8.78819,13.5566,79.4945,14.1907,79.6497,13.6045,78.8272,12.9655,79.3655,13.493,80.2399,1
4,240,55,-34.4488,6.75745,-13.8264,102.745,-13.1084,102.92,-13.8277,102.013,-14.4758,102.6,-13.827,103.581,1
4,240,56,25.3063,-13.4893,-41.7466,125.887,-41.1716,125.84,-41.8136,124.944,-42.3516,125.91,-41.6675,126.73,1
4,240,57,38.8712,-3.65354,-55.8856,179.514,-55.2933,178.721,-56.6146,178.566,-56.5653,-179.566,-55.2528,-179.696,1
4,240,59,-31.5708,-0.251978,-10.3968,-105.971,-10.3888,-106.7,-11.0304,-105.852,-10.3994,-105.315,-9.69487,-106.107,1
4,240,60,15.9694,20.1461,-55.768,-160.182,-55.3388,-160.785,-56.0645,-160.92,-56.2235,-159.476,-55.4856,-159.429,1
4,240,61,30.4507,-0.767415,-49.2984,-103.44,-49.1419,-104.291,-49.9376,-103.534,-49.4669,-102.498,-48.7194,-103.354,1
4,240,62,34.4185,15.9312,-22.5221,-69.6796,-22.6238,-70.4371,-23.1378,-69.4403,-22.3832,-68.8021,-21.9482,-69.8708,1
4,240,64,39.1504,-10.1057,31.8181,-25.1656,31.9596,-25.9347,30.9362,-25.1156,31.6308,-24.3043,32.5672,-25.2173,1
4,240,65,9.71093,15.7341,53.5404,19.7164,53.804,18.9975,53.1368,19.261,53.2673,20.486,53.9364,20.2076,1
4,240,66,30.8818,21.7929,43.2486,74.728,43.9259,74.4672,43.0319,73.9523,42.4649,75.0554,43.4168,75.4842,3
4,240,67,-33.4246,2.98615,23.5389,109.299,24.1856,109.495,23.569,108.621,22.9548,109.131,23.5015,110.06,3
4,240,68,-14.2148,-23.1382,-4.95684,127.586,-4.3431,127.608,-4.84092,127.077,-5.51138,127.545,-5.04401,128.092,1
4,240,69,30.5751,-1.61975,-37.2867,149.762,-36.7142,149.853,-37.3144,148.949,-37.9154,149.654,-37.2578,150.496,1
4,240,72,32.1032,14.1714,-45.4181,-38.9035,-45.6307,-39.8646,-46.0073,-38.455,-45.1502,-37.8162,-44.8611,-39.2805,1
4,240,73,30.6275,19.7274,-11.6305,-22.5328,-11.9616,-23.1965,-12.1685,-22.1703,-11.2254,-21.7761,-11.1049,-22.8456,1
4,240,74,-24.6626,1.76846,22.0406,-15.2091,21.8361,-15.8259,21.5268,-14.9378,22.2326,-14.6349,22.5962,-15.505,1
4,240,75,35.5853,1.33829,50.6864,13.7283,50.7006,12.6398,49.9384,13.9951,50.6551,14.9612,51.3505,13.4942,2
4,240,76,-11.7209,-19.8442,69.992,76.4894,70.4287,75.2354,69.6769,75.2192,69.5696,77.5575,70.3122,77.7382,1
4,240,77,-22.7244,-7.97773,46.9457,138.126,47.5471,138.387,47.065,137.341,46.3949,137.883,46.8254,138.953,8
4,240,79,27.1889,-18.3946,-20.2017,163.669,-19.6874,163.958,-19.8436,162.95,-20.7249,163.337,-20.4985,164.312,1
4,240,81,30.3785,-9.20316,-4.2725,15.5092,-4.37912,14.9655,-4.90848,15.7263,-4.17083,16.1001,-3.70838,15.3095,1
4,240,82,1.17999,-22.3848,27.6003,30.6227,27.4269,30.0711,27.0784,30.6952,27.7422,31.1545,28.0887,30.5301,1
4,240,83,29.0021,13.7575,54.5833,70.1407,54.7321,69.1252,54.0114,70.0192,54.4178,71.2838,55.1172,70.2907,3
4,240,84,36.4801,-13.4674,56.0344,130.396,56.6327,130.161,55.7026,129.046,55.3671,130.604,56.3169,131.562,3
4,240,85,36.9502,-8.2524,32.1364,170.313,32.728,170.551,32.2037,169.384,31.4789,170.031,32.0781,171.116,1
4,240,87,30.2868,19.7614,-32.4152,-149.852,-31.7649,-149.705,-32.3622,-150.543,-33.1693,-149.999,-32.491,-149.2,1
4,240,88,-24.9776,8.58561,-54.6787,-111.039,-54.1389,-111.178,-54.8153,-111.955,-55.1861,-110.885,-54.5279,-110.037,1
4,240,89,36.0294,-4.94636,-61.9161,-42.0976,-61.6558,-43.2857,-62.6472,-42.3973,-62.2056,-40.7516,-61.2751,-41.8507,1
4,240,90,16.248,21.0649,45.0261,128.362,45.3187,127.676,44.5974,127.945,44.7167,129.126,45.44,128.816,5
4,240,91,-36.0462,-6.69809,44.9967,176.756,45.7579,176.464,44.6906,175.963,44.332,176.999,45.3452,177.643,1
4,240,92,18.4415,22.6858,17.8688,-149.254,18.4551,-149.328,17.8379,-149.812,17.2167,-149.148,17.8692,-148.694,1
4,240,93,-18.9059,18.891,-5.56457,-121.886,-5.03888,-121.845,-5.5126,-122.456,-6.08563,-121.904,-5.64016,-121.258,1
4,240,94,-30.2864,15.1756,-28.8868,-93.2009,-28.2751,-93.2016,-28.9769,-93.9415,-29.4588,-93.1742,-28.7944,-92.3557,1
4,240,96,35.3634,16.1848,-43.8175,-0.19344,-43.5923,-1.16617,-44.4952,-0.281807,-44.0543,0.961618,-43.2013,-0.0764315,1
4,240,97,36.7002,-5.77384,-23.6134,32.544,-23.5007,31.8441,-24.4073,32.6108,-23.7495,33.3297,-22.9229,32.4837,2
4,240,98,-35.0456,11.0881,8.64664,53.9471,8.74922,53.2619,7.95312,54.0034,8.57138,54.5703,9.44739,53.8923,1
4,240,99,-28.8367,2.15777,32.4702,81.6314,32.5904,80.9079,31.8905,81.6052,32.3611,82.2943,33.1079,81.6605,2
5,300,2,27.584,22.554,-68.6442,52.8068,-68.8067,50.7653,-69.2725,53.2997,-68.3997,55.1094,-68.0271,52.4572,1
5,300,3,-26.0491,20.9757,-34.1861,72.3181,-34.3853,71.5858,-34.8621,72.6267,-33.9572,73.009,-33.4037,71.9987,1
5,300,4,21.3913,5.68564,-2.77838,87.809,-3.06287,87.2876,-3.28305,88.1443,-2.46677,88.3693,-2.29474,87.4983,1
5,300,5,-18.2227,24.9823,34.9043,95.0095,34.6344,94.3597,34.2724,95.3039,35.2065,95.6502,35.6267,94.7057,1
5,300,6,34.3338,-21.9656,59.8951,123.604,59.9222,122.235,58.857,123.624,59.8025,125.062,60.7648,123.54,1
5,300,7,30.0641,6.49724,65.8651,-141.845,66.5416,-141.903,65.7107,-143.501,65.109,-141.772,65.9793,-140.303,3
5,300,8,-31.3676,-19.7468,40.5282,-102.407,41.3681,-101.915,40.7624,-103.21,39.8142,-102.844,40.3089,-101.542,6
5,300,10,35.8708,16.8748,11.3253,137.001,11.2886,136.25,10.6745,137.179,11.3836,137.883,11.9261,136.866,1
5,300,12,33.2108,-5.12693,46.3978,-150.869,46.8506,-151.433,45.844,-151.499,45.8877,-150.269,46.8878,-150.303,1
5,300,13,-9.27955,-18.6513,40.5282,-102.407,41.0489,-102.626,40.4432,-103.054,40.038,-102.228,40.6271,-101.776,3
5,300,14,31.15,11.9669,12.0572,-72.0941,12.6882,-72.0534,11.9914,-72.7175,11.3408,-72.1287,12.0992,-71.5151,1
5,300,15,38.5043,10.8715,-15.7725,-49.0919,-15.0387,-48.9895,-15.886,-49.8488,-16.6354,-49.2031,-15.6897,-48.4171,3
5,300,17,-34.0423,2.40862,-46.3217,30.2356,-45.7678,29.6634,-46.7916,29.6349,-46.8122,30.7659,-45.7886,30.8988,1
5,300,18,37.8487,14.1787,-41.2019,83.3094,-41.0613,82.328,-41.9142,83.3891,-41.3431,84.4756,-40.561,83.273,1
5,300,19,22.1904,-0.478552,-16.2176,110.758,-16.2235,110.221,-16.7671,110.816,-16.2119,111.33,-15.7035,110.705,1
5,300,22,-26.6578,4.71711,-76.1809,99.7226,-75.9867,97.541,-76.7081,99.2521,-76.3373,101.812,-75.6029,100.211,2
5,300,23,-20.8744,23.6192,-43.89,146.553,-44.1245,145.913,-44.4226,146.888,-43.6267,147.165,-43.2786,146.212,1
5,300,24,15.9606,19.4389,-9.67613,158.09,-10.0095,157.678,-10.0669,158.39,-9.2961,158.529,-9.27236,157.808,1
5,300,26,-26.8005,21.5731,62.0111,171.509,61.7963,170.439,61.4424,172.055,62.238,172.534,62.6682,170.903,1
5,300,27,-24.3938,-2.74265,80.1617,-70.3587,80.7211,-70.4824,80.0799,-73.2825,79.6446,-70.2621,80.2256,-67.1873,2
5,300,30,-14.5791,21.838,24.0663,16.9533,24.3935,17.3679,24.5005,16.6003,23.7155,16.5542,23.5753,17.32,2
5,300,31,-32.3649,0.229502,-10.0327,16.9304,-9.64122,17.4618,-9.63972,16.4841,-10.387,16.4529,-10.4668,17.4299,2
5,300,33,20.0742,-14.6497,-79.5719,-10.9957,-79.409,-8.41433,-79.0065,-11.8681,-79.7,-13.7496,-80.0816,-10.0453,2
5,300,34,-33.2967,-8.5709,-63.0014,-167.045,-63.4823,-168.23,-63.3504,-166.012,-62.5747,-166.025,-62.6216,-168.172,1
5,300,36,32.9922,-9.338,9.08531,-162.949,8.71599,-163.399,8.61632,-162.398,9.47668,-162.444,9.492,-163.439,1
5,300,37,-27.6532,-0.327391,45.5644,-171.99,45.1251,-172.56,45.2546,-171.352,45.966,-171.46,45.8955,-172.694,1
5,300,39,28.174,5.72099,61.6059,14.1997,61.9751,15.1037,61.9787,13.252,61.1884,13.232,61.2486,15.0458,2
5,300,40,33.6593,-13.4878,35.4065,10.0407,36.0272,10.0458,35.2879,9.04701,34.73,10.005,35.5145,10.9022,1
5,300,41,-16.7105,-21.7507,13.5909,41.4728,14.2432,41.4634,13.6631,40.9209,13.0025,41.4602,13.5451,42.0247,2
5,300,42,-20.5968,-3.2749,-15.6874,65.5966,-15.1149,65.6578,-15.6677,65.0478,-16.2223,65.5371,-15.7016,66.1761,1
5,300,43,39.6267,7.18086,-45.8449,92.4865,-45.0687,92.4251,-46.1411,91.3905,-46.7561,92.5667,-45.5924,93.4449,1
5,300,45,16.6056,24.617,-36.7365,-162.45,-36.7642,-163.208,-37.2817,-162.487,-36.6733,-161.604,-36.1852,-162.372,1
5,300,46,-24.1281,20.174,-8.03651,-138.873,-8.04597,-139.452,-8.67449,-138.848,-7.99811,-138.311,-7.31485,-138.88,1
5,300,48,-27.481,7.0489,44.4393,-86.3358,44.6047,-87.1599,43.845,-86.4503,44.2902,-85.569,45.0954,-86.1983,2
5,300,50,-3.66307,20.4665,20.1344,-77.2236,20.0764,-77.7925,19.5871,-77.2215,20.2159,-76.6333,20.7162,-77.202,1
5,300,51,28.4068,10.0357,40.7985,-43.5931,40.9738,-44.4187,40.1635,-43.7048,40.6049,-42.6715,41.3883,-43.4664,1
5,300,52,37.675,1.23676,47.1856,5.13595,47.8212,4.57635,46.5723,4.31127,46.451,5.75645,47.7128,5.88143,1
5,300,53,36.4674,-7.46106,33.2631,47.8172,33.9541,47.8514,33.0887,46.8043,32.4892,47.7587,33.412,48.6965,14
5,300,54,5.35572,-18.6108,10.5799,77.2347,11.1275,77.2556,10.6875,76.6573,10.05,77.1939,10.4961,77.781,1
5,300,56,-30.8487,11.8783,-40.65,136.878,-39.9864,136.781,-40.8374,136.004,-41.2618,136.996,-40.4408,137.869,1
5,300,59,-34.1133,2.25929,-7.08055,-103.892,-7.05365,-104.647,-7.75311,-103.756,-7.09652,-103.216,-6.32213,-104.046,1
5,300,62,-35.0727,19.0986,-15.1222,-72.9439,-15.0661,-73.6259,-15.864,-72.8659,-15.1395,-72.3134,-14.2457,-73.0141,1
5,300,64,33.1635,23.6752,37.4053,-19.3339,37.4053,-20.2903,36.7748,-19.2542,37.4218,-18.1992,38.0026,-19.3587,1
5,300,65,-33.8324,23.9863,58.243,27.4798,58.7483,26.7201,57.6964,26.4423,57.7905,28.2361,58.863,28.7941,1
5,300,66,-1.95666,-22.8234,46.0551,76.3289,46.5736,76.098,46.0133,75.567,45.5623,76.5116,46.1125,77.0496,1
5,300,67,34.3037,18.1308,15.2923,107.056,16.0115,107.137,15.2446,106.385,14.4484,106.983,15.3046,107.679,2
5,300,68,35.6172,6.70939,-13.044,127.315,-12.3973,127.486,-13.0421,126.602,-13.7854,127.123,-13.0565,127.955,1
5,300,69,-14.25,17.0891,-38.2134,158.025,-37.7146,158.005,-38.214,157.358,-38.7107,158.07,-38.2248,158.748,1
5,300,70,26.8382,-4.66901,-57.0348,-171.636,-56.4733,-171.39,-56.9521,-172.831,-57.6368,-171.924,-57.0973,-170.542,1
5,300,72,29.9132,-10.3841,-44.2787,-38.7924,-44.4009,-39.6104,-44.9741,-38.4533,-44.1575,-37.9089,-43.6631,-39.0984,1
5,300,73,-23.3021,17.6639,-6.58648,-26.5296,-6.7714,-27.0801,-7.1714,-26.304,-6.38363,-26.0047,-5.92547,-26.7639,1
5,300,74,32.9717,16.5497,24.7838,-7.42753,24.5198,-8.1857,24.2011,-7.0493,25.1021,-6.55084,25.3363,-7.75354,3
5,300,75,-35.6865,5.09008,58.5337,7.77057,58.5226,6.33016,57.8495,8.11316,58.5413,9.05621,59.3154,7.36643,3
5,300,76,-39.2892,7.12381,71.1401,97.7971,71.9628,97.5521,70.8141,95.6005,70.4203,98.0448,71.4846,100.468,3
5,300,77,-35.6811,-11.9342,44.8574,142.011,45.6712,142.446,44.9609,141.092,44.1592,141.633,44.7585,143.03,2
5,300,78,27.1691,16.8263,6.45587,153.056,7.06931,153.302,6.62973,152.469,5.75466,152.794,6.26586,153.606,1
5,300,79,22.0287,-14.7224,-23.9248,165.68,-23.4291,165.938,-23.6343,165.031,-24.428,165.392,-24.173,166.277,1
5,300,81,23.8812,22.6335,2.09018,17.8267,1.8568,17.26,1.5907,18.0266,2.37638,18.462,2.59105,17.6588,1
5,300,82,20.1552,14.5904,32.595,36.3717,32.4819,35.7512,32.0996,36.5176,32.7288,37.0502,33.0808,36.2479,1
5,300,83,38.435,-1.78786,54.6373,74.3208,54.9384,73.2961,53.8729,74.0732,54.2759,75.4665,55.301,74.5479,2
5,300,84,-14.6017,-15.2151,58.4741,140.576,58.9971,140.262,58.36,139.677,57.9852,140.835,58.5987,141.48,2
5,300,85,-16.8715,22.6641,29.3019,179.219,29.7914,179.37,29.4837,178.615,28.8022,179.099,29.0758,179.88,1
5,300,87,-26.4535,-4.49429,-30.8403,-144.171,-30.2593,-144.017,-30.7809,-144.781,-31.3705,-144.316,-30.8939,-143.514,1
5,300,88,37.4533,15.0868,-62.0623,-109.26,-61.3468,-109.642,-62.3901,-110.568,-62.9007,-108.753,-61.7795,-108.078,1
5,300,89,-28.9555,12.8801,-53.8893,-39.1427,-53.6812,-40.0531,-54.4744,-39.3757,-54.0613,-38.2718,-53.2327,-38.8684,1
5,300,90,22.1687,-21.0572,44.4293,127.958,44.7503,127.353,43.9199,127.319,44.0774,128.542,44.8919,128.515,5
5,300,91,17.6921,-16.9047,39.0882,177.07,39.5743,176.857,38.9331,176.319,38.5894,177.258,39.2402,177.753,1
5,300,92,31.6135,-9.41927,16.3945,-149.994,16.9772,-149.936,16.3544,-150.744,15.7621,-150.074,16.4352,-149.33,1
5,300,93,-27.2766,-14.9427,-5.37881,-121.132,-4.68293,-121.141,-5.4101,-121.684,-5.99703,-121.137,-5.32338,-120.551,1
5,300,94,30.5402,2.87419,-35.0032,-95.1198,-34.4052,-95.1656,-35.1558,-95.8806,-35.6665,-95.0675,-34.8659,-94.4269,1
5,300,95,-37.3464,-11.8728,-42.7653,-50.6923,-42.0514,-51.3592,-43.2429,-51.2954,-43.3777,-50.1208,-42.2126,-50.0547,1
5,300,96,-20.9414,6.28941,-37.862,-0.686584,-37.6656,-1.32302,-38.3717,-0.880507,-38.0384,-0.0737876,-37.3136,-0.474309,1
5,300,97,-35.2901,12.1292,-14.4929,31.3542,-14.3462,30.6614,-15.1993,31.367,-14.6038,31.9873,-13.6748,31.3514,2
5,300,98,-35.2757,14.3409,11.7023,56.538,11.8175,55.8513,10.9812,56.5746,11.6202,57.1668,12.5429,56.51,1
5,300,99,-21.8473,-3.28856,33.9007,85.0037,33.993,84.3258,33.3822,84.9481,33.8098,85.6329,34.4507,85.057,1
6,360,0,-36.4155,2.78593,-34.2787,-77.981,-33.5798,-77.4462,-34.0554,-78.851,-34.8993,-78.4513,-34.525,-76.9793,1
6,360,1,-36.195,12.1626,-65.2812,-44.0051,-64.4986,-43.8267,-65.3933,-45.9236,-65.9875,-44.1145,-65.1317,-41.7816,1
6,360,2,38.7094,-7.5023,-69.347,56.5277,-69.3529,54.3774,-70.269,57.3935,-69.3289,58.9723,-68.5584,55.835,1
6,360,4,36.4659,6.38028,0.490685,90.4703,0.168622,89.7668,-0.129868,90.994,0.865471,91.2803,1.05194,90.016,1
6,360,5,-25.5908,16.9004,37.9106,94.865,37.677,94.1236,37.2932,95.2363,38.1543,95.5673,38.6133,94.4607,10
6,360,6,-15.8265,-12.9037,67.2437,121.33,67.1292,119.733,66.6914,121.52,67.3232,122.828,67.8027,121.085,1
6,360,7,-32.8432,12.2972,66.8779,-122.151,67.5411,-121.402,67.0223,-124.028,66.2584,-122.751,66.6726,-120.033,1
6,360,8,-0.197527,22.327,31.6521,-103.496,32.1748,-103.23,31.9432,-104.073,31.088,-103.748,31.3184,-102.905,4
6,360,9,-31.1004,8.83729,-0.911796,-90.2188,-0.355763,-89.7856,-0.589603,-90.8423,-1.43206,-90.6042,-1.28272,-89.5185,1
6,360,10,-39.7487,-8.87231,17.0996,131.61,17.1104,130.684,16.4455,131.799,17.0815,132.397,17.8382,131.373,1
6,360,12,27.888,13.4924,46.9487,-142.945,47.3991,-143.536,46.5167,-143.501,46.4478,-142.278,47.3407,-142.393,1
6,360,13,-35.8165,18.1917,38.4287,-92.8256,39.096,-92.7301,38.3548,-93.7758,37.8149,-92.8719,38.4867,-91.7,2
6,360,14,24.2649,-0.016107,10.641,-69.9947,11.1663,-69.937,10.6403,-70.5732,10.076,-70.0585,10.639,-69.4571,11
6,360,15,38.6939,-11.5419,-16.7847,-48.4641,-16.1511,-48.2841,-16.7654,-49.3851,-17.4909,-48.6926,-16.789,-47.6817,2
6,360,19,-36.4645,-0.533759,-9.72905,108.891,-9.67026,108.142,-10.3672,109.011,-9.7761,109.552,-9.00693,108.751,2
6,360,20,27.1107,22.5843,-30.6609,-18.9834,-30.1121,-18.6098,-30.3933,-19.5432,-31.302,-19.3947,-30.9452,-18.4569,1
6,360,22,22.0525,22.5294,-75.3228,127.478,-75.4961,125.255,-75.8199,128.087,-75.0816,129.889,-74.8226,127.02,1
6,360,23,-30.1443,9.5469,-41.2015,145.985,-41.4202,145.262,-41.7018,146.398,-40.9827,146.644,-40.6341,145.539,3
6,360,25,24.2825,8.8961,28.458,165.758,28.1725,165.246,28.0384,166.129,28.775,166.317,28.8609,165.413,2
6,360,26,-34.7795,13.3015,65.2246,171.222,65.0186,169.782,64.6468,172.013,65.4203,172.538,65.894,170.289,1
6,360,27,-21.0523,2.4113,76.8076,-57.2541,77.3162,-56.7844,76.8569,-59.4255,76.3256,-57.6514,76.7337,-54.9547,2
6,360,30,-19.1562,21.8094,20.2021,16.89,20.5261,17.3166,20.659,16.5282,19.8578,16.485,19.6788,17.2725,2
6,360,31,-4.47957,21.8174,-15.5645,13.7326,-15.2195,14.0922,-15.1696,13.4126,-15.9394,13.3728,-15.9992,14.0583,1
6,360,33,-7.13559,19.7699,-86.5882,-25.6836,-86.5013,-17.7866,-86.0889,-25.8696,-86.6278,-34.0694,-87.1228,-25.791,7
6,360,34,-22.0591,-11.476,-59.3563,-164.925,-59.7953,-165.697,-59.6764,-164.162,-58.9575,-164.224,-59.029,-165.724,1
6,360,35,15.3934,20.187,-20.4279,-163.462,-20.8533,-163.81,-20.7505,-163.056,-19.9487,-163.1,-20.0858,-163.852,1
6,360,36,13.0117,13.4132,14.8622,-165.494,14.4858,-165.829,14.5451,-165.117,15.272,-165.145,15.187,-165.86,1
6,360,39,7.65647,-19.0203,59.8798,17.6542,60.2195,18.3722,60.3136,17.0345,59.5586,16.9417,59.4815,18.2461,1
6,360,40,-40.1553,0.808585,37.8213,21.0498,38.6767,21.2181,37.6838,20.1124,37.0822,20.9166,37.9775,22.1426,1
6,360,41,28.6803,20.0201,4.71824,42.8907,5.40651,42.9299,4.70437,42.2781,3.92592,42.8675,4.69994,43.4749,3
6,360,43,-28.5415,-23.443,-40.2765,98.055,-39.4896,97.6838,-40.4441,97.3119,-40.9599,98.3527,-40.0607,98.8045,1
6,360,44,-38.3252,-7.88689,-47.484,150.22,-46.8932,149.258,-48.1015,149.758,-47.9874,151.056,-46.775,150.704,2
6,360,45,-34.9059,12.4573,-31.1409,-164.198,-30.9528,-164.985,-31.8632,-164.235,-31.2865,-163.475,-30.3052,-164.142,1
6,360,46,-38.7662,8.81775,-4.72924,-138.833,-4.64253,-139.62,-5.48485,-138.684,-4.78667,-138.137,-3.84206,-139.001,1
6,360,47,-28.542,14.4705,22.9006,-114.544,22.9322,-115.206,22.2548,-114.496,22.8897,-113.92,23.6316,-114.582,1
6,360,48,-22.171,-24.702,44.3066,-85.4943,44.3318,-86.5401,43.7505,-85.6465,44.2528,-84.5802,44.8707,-85.3883,2
6,360,50,38.5164,2.08017,18.6073,-72.427,18.6801,-73.2246,17.7754,-72.2437,18.5156,-71.5068,19.3347,-72.5793,2
6,360,51,36.6615,17.5605,42.0508,-37.485,42.3165,-38.5521,41.3009,-37.5864,41.7413,-36.2201,42.7274,-37.3438,1
6,360,52,-29.4782,4.01736,53.4325,13.0221,54.0347,12.5293,53.062,12.161,52.882,13.4737,53.8341,13.9959,1
6,360,53,32.0645,-24.746,32.6483,49.5923,33.294,49.589,32.6644,48.4255,31.971,49.5376,32.6518,50.5732,2
6,360,54,-26.826,-21.4476,10.0745,81.5038,10.8871,81.5117,10.1076,80.8966,9.36728,81.4755,10.0744,82.1334,1
6,360,56,20.2956,1.2538,-46.3165,136.221,-45.7756,136.043,-46.4872,135.411,-46.8921,136.413,-46.1529,136.981,1
6,360,58,-26.2137,11.7634,-30.5704,-126.154,-30.4649,-126.858,-31.2031,-126.197,-30.6494,-125.485,-29.8666,-126.094,1
6,360,59,-37.1314,-9.3841,-4.94132,-102.971,-4.97865,-103.876,-5.61205,-102.777,-4.91516,-102.195,-4.1952,-103.21,1
6,360,60,21.7499,-4.63711,-56.9156,-151.219,-56.5201,-151.806,-57.3007,-151.978,-57.3344,-150.595,-56.5516,-150.533,1
6,360,61,34.8584,11.7285,-44.2085,-93.2888,-44.1438,-94.2386,-44.8703,-93.1607,-44.2623,-92.1896,-43.6047,-93.3762,1
6,360,62,24.4791,9.38846,-16.3924,-66.9239,-16.4735,-67.4978,-16.9275,-66.7813,-16.2934,-66.2954,-15.883,-67.046,2
6,360,63,-33.7859,15.1694,16.7172,-49.9546,16.7314,-50.6285,16.0357,-49.835,16.7264,-49.3346,17.5086,-50.0783,1
6,360,65,18.815,-6.80088,53.3903,28.7561,53.7358,28.1552,52.9825,28.1419,53.0214,29.3616,53.7714,29.3333,2
6,360,66,-3.04387,-18.8958,43.6551,80.8867,44.1665,80.7366,43.6277,80.1866,43.1671,81.0029,43.6957,81.5601,1
6,360,67,37.3211,1.48749,13.4595,107.757,14.108,107.935,13.4449,106.985,12.7188,107.551,13.4641,108.436,2
6,360,68,-17.4702,23.0661,-14.3631,134.366,-13.85,134.455,-14.2248,133.789,-14.8838,134.305,-14.5384,135.004,2
6,360,69,-15.8155,21.6134,-40.8546,162.091,-40.3449,162.032,-40.8639,161.356,-41.3652,162.186,-40.8604,162.902,1
6,360,70,-38.9951,7.57324,-56.2277,-156.445,-55.4196,-156.234,-56.348,-157.839,-56.9402,-156.606,-56.0718,-154.821,1
6,360,73,-37.8278,0.428973,-4.02931,-27.7474,-4.2424,-28.5449,-4.64507,-27.3672,-3.83682,-27.0523,-3.32622,-28.187,1
6,360,74,29.7188,-5.01248,26.2402,-7.45572,26.0903,-8.10478,25.5978,-7.15342,26.3906,-6.74434,26.8165,-7.73357,2
6,360,75,-34.9585,11.8489,62.0499,13.2353,62.1169,11.7111,61.3202,13.4249,61.996,14.6163,62.8952,13.0295,2
6,360,76,36.6701,12.8825,61.892,97.9047,62.6386,97.465,61.5154,96.5447,61.0195,98.4189,62.1976,99.1817,3
6,360,77,18.783,17.5731,36.3094,139.422,36.8805,139.604,36.4439,138.759,35.6756,139.247,36.1516,140.066,1
6,360,78,31.375,8.36658,3.57534,153.393,4.16781,153.688,3.75566,152.748,2.90388,153.067,3.39601,153.98,1
6,360,79,3.5067,-22.8569,-26.0755,168.511,-25.5339,168.683,-25.7927,167.94,-26.5834,168.321,-26.3168,169.059,1
6,360,80,-6.23251,19.73,-25.3651,-0.890854,-25.4916,-1.4051,-25.8524,-0.792493,-25.2136,-0.36808,-24.8419,-0.974444,1
6,360,81,29.9984,-23.4706,1.13339,17.8143,1.00958,17.2666,0.339516,17.962,1.22528,18.3929,1.80913,17.6665,1
6,360,82,32.7012,-22.9796,31.8998,37.4877,31.868,36.8059,31.0429,37.5508,31.8895,38.2113,32.6245,37.4082,2
6,360,83,-12.6818,22.7997,61.4669,80.8487,61.6655,79.8921,61.0021,80.3003,61.2806,81.8347,61.9629,81.5105,7
6,360,84,38.1101,-1.11288,51.615,142.99,52.2745,142.94,51.3589,141.831,50.8618,143.036,51.8261,144.014,2
6,360,85,-23.8853,24.0363,26.15,-178.055,26.6599,-177.855,26.3717,-178.705,25.6368,-178.216,25.8702,-177.325,1
6,360,86,18.9128,-2.93169,-5.03613,-165.042,-4.57567,-164.879,-4.8884,-165.549,-5.51816,-165.217,-5.17321,-164.565,1
6,360,87,-29.5968,-24.6468,-32.0226,-142.931,-31.2061,-142.894,-31.963,-143.59,-32.719,-142.99,-32.0411,-142.243,1
6,360,88,-19.8479,22.8326,-58.9067,-97.1292,-58.4322,-97.529,-59.1085,-98.1838,-59.3664,-96.6688,-58.6915,-95.9451,1
6,360,89,-33.8341,17.2757,-50.9729,-34.0259,-50.7564,-34.9638,-51.6561,-34.2123,-51.1403,-33.1381,-50.1802,-33.7884,1
6,360,90,11.4293,21.2859,46.1286,138.543,46.4691,137.935,45.763,138.033,45.7709,139.216,46.4821,139.096,5
6,360,92,-37.4298,10.9469,17.0299,-140.832,17.7397,-140.654,17.0009,-141.602,16.3909,-140.97,17.0503,-139.933,1
6,360,93,-34.2424,0.378575,-8.61707,-117.096,-7.91445,-117.001,-8.67803,-117.735,-9.2443,-117.176,-8.54391,-116.379,1
6,360,96,-39.2806,2.90747,-34.2489,1.61849,-33.889,0.750124,-34.9659,1.49104,-34.5492,2.38626,-33.4168,1.76151,1
6,360,97,-36.9807,16.5957,-11.2865,34.0968,-11.121,33.3943,-12.0591,34.099,-11.4056,34.7403,-10.3726,34.1121,2
6,360,98,-30.1024,-3.21167,12.6396,58.1228,12.6648,57.4469,12.0644,58.196,12.6145,58.7328,13.268,58.0354,1
6,360,99,22.1278,10.2329,33.5763,92.4085,33.6908,91.76,33.0376,92.321,33.4565,93.117,34.0896,92.5084,2
7,420,0,-26.6849,-22.6816,-35.5307,-79.3442,-34.7078,-79.0306,-35.3013,-80.0582,-36.2359,-79.649,-35.7255,-78.5881,1
7,420,1,-19.1268,9.73555,-68.9565,-40.9601,-68.3752,-41.1328,-69.0457,-42.5918,-69.5158,-40.7475,-68.8523,-39.2067,1
7,420,2,-25.2219,13.4261,-60.3316,51.1004,-60.3425,49.8307,-60.9847,51.2619,-60.2897,52.3049,-59.6016,50.9558,1
7,420,5,-31.3649,-4.83152,39.4205,94.2497,39.101,93.347,38.878,94.7261,39.6976,95.0637,40.0079,93.7059,8
7,420,6,20.4121,-12.7962,67.4503,134.39,67.5172,132.906,66.7853,134.17,67.349,135.907,68.0592,134.57,1
7,420,7,29.2047,-17.7175,62.642,-134.319,63.2665,-134.122,62.7171,-136.151,61.9862,-134.586,62.5748,-132.727,2
7,420,8,-26.0055,-13.1247,32.3208,-100.747,32.9806,-100.343,32.5668,-101.399,31.735,-101.116,32.0771,-100.053,2
7,420,9,-11.0346,19.0729,-5.97633,-91.401,-5.48918,-91.1234,-5.65374,-91.8947,-6.48213,-91.6622,-6.34223,-90.8779,1
7,420,12,-27.484,22.5592,51.3936,-135.065,51.897,-135.506,51.0555,-135.975,50.9219,-134.601,51.7534,-133.981,1
7,420,13,-33.019,8.78191,36.4217,-90.75,37.0649,-90.694,36.3314,-91.536,35.8344,-90.7829,36.5107,-89.8542,1
7,420,14,-1.77728,-24.8515,10.9745,-67.4281,11.5281,-67.468,11.0766,-67.9715,10.4575,-67.4155,10.902,-66.9129,1
7,420,15,31.3146,13.0738,-20.882,-43.4684,-20.2423,-43.4314,-20.9493,-44.1213,-21.6108,-43.4973,-20.8367,-42.8615,1
7,420,16,-39.8819,-2.09248,-37.5417,-7.62937,-36.716,-7.7662,-37.8423,-8.42819,-38.252,-7.50579,-37.1802,-6.72198,1
7,420,22,-36.825,2.4711,-70.4857,116.648,-70.4015,114.547,-71.1197,116.98,-70.5331,118.521,-69.762,116.292,1
7,420,23,-37.1654,10.6778,-37.108,145.995,-37.3206,145.177,-37.6823,146.477,-36.8956,146.717,-36.4324,145.455,1
7,420,24,-20.0254,3.59887,-3.04085,155.663,-3.31511,155.232,-3.43662,155.959,-2.77615,156.07,-2.61671,155.349,1
7,420,26,18.614,3.10339,65.9715,-175.789,65.8338,-176.932,65.497,-175.383,66.1101,-174.564,66.4243,-176.182,1
7,420,27,-6.20613,23.9858,71.3605,-50.1547,71.8365,-49.8137,71.5353,-51.652,70.8572,-50.4185,71.1367,-48.5944,3
7,420,29,32.0424,8.7581,2.3037,-25.4661,2.78192,-25.0935,2.57953,-26.011,1.75903,-25.8809,2.03913,-24.973,1
7,420,30,29.1698,-3.92284,18.9789,12.044,19.3151,12.505,19.4125,11.5636,18.6175,11.5401,18.5866,12.478,3
7,420,31,-36.733,15.664,-19.2804,16.6909,-18.935,17.311,-18.753,16.1544,-19.6145,16.1415,-19.9099,17.3143,1
7,420,32,17.241,22.4209,-55.2664,7.29349,-54.8806,8.00221,-54.8716,6.73232,-55.7063,6.51671,-55.6773,7.83175,1
7,420,33,3.9153,-20.1883,-86.1819,-40.1659,-86.1893,-32.5991,-85.6733,-38.4033,-86.0939,-47.2355,-86.6614,-42.0075,6
7,420,36,32.1682,21.2875,19.7828,-163.933,19.2403,-164.41,19.4489,-163.391,20.4302,-163.389,20.1235,-164.424,1
7,420,39,-33.3932,-4.91675,54.5289,23.1931,54.8891,24.2244,54.9579,22.4936,54.2041,22.2916,54.0564,23.9624,1
7,420,40,32.7481,-8.1288,30.3493,17.127,30.963,17.1777,30.2681,16.2592,29.6771,17.0545,30.4222,17.8929,1
7,420,41,-35.4085,3.99654,6.99943,48.974,7.70627,49.1781,7.01761,48.2856,6.36619,48.8015,6.97663,49.7576,1
7,420,42,-2.3537,18.2829,-23.9018,70.444,-23.3922,70.4501,-23.8545,69.8837,-24.4309,70.4586,-23.968,71.0318,1
7,420,43,17.4467,17.1595,-47.9355,104.393,-47.4051,104.097,-48.1179,103.643,-48.5093,104.748,-47.7701,105.14,1
7,420,44,-31.6472,-12.0725,-47.8008,155.17,-47.378,154.226,-48.341,154.777,-48.1744,156.004,-47.2056,155.559,1
7,420,46,-15.4825,-21.2128,-5.84529,-136.49,-5.99054,-137.113,-6.38075,-136.446,-5.73248,-135.921,-5.31663,-136.56,1
7,420,47,-17.5178,9.21141,24.4982,-111.585,24.4923,-112.17,23.963,-111.554,24.5128,-111.019,25.0731,-111.611,3
7,420,48,28.7867,16.4794,44.0816,-72.7397,44.2873,-73.6191,43.4829,-72.9146,43.8556,-71.7388,44.6412,-72.5373,3
7,420,50,34.875,-18.1324,19.9717,-72.0852,20.0555,-72.7839,19.0253,-72.095,19.8408,-71.3322,20.7747,-72.0956,1
7,420,51,23.7278,-8.08461,43.9275,-37.7025,44.1453,-38.4281,43.3111,-37.9935,43.6812,-36.9481,44.4926,-37.4401,1
7,420,52,29.7265,21.0437,46.1624,18.7705,46.7999,18.2136,45.7822,18.0154,45.4318,19.4304,46.4898,19.5275,2
7,420,53,21.5742,-19.5799,30.5872,54.4546,31.1557,54.4337,30.6156,53.6273,30.0075,54.4434,30.5763,55.1941,1
7,420,60,20.7088,-2.33187,-56.7962,-144.158,-56.4415,-144.816,-57.2137,-144.81,-57.1703,-143.454,-56.4017,-143.563,1
7,420,62,18.6749,14.3164,-12.6497,-65.1142,-12.7537,-65.6533,-13.1508,-64.9985,-12.5219,-64.5298,-12.1565,-65.2103,1
7,420,65,-26.7165,6.68886,57.347,37.4509,57.8187,36.8335,56.9637,36.6855,56.9095,38.0272,57.7596,38.3188,2
7,420,66,-25.5132,-12.3477,42.4626,86.8824,43.1019,86.8204,42.3963,86.1711,41.8862,86.9231,42.5444,87.6305,1
7,420,67,39.3473,-11.086,11.371,108.727,12.0005,108.961,11.4464,107.813,10.6673,108.441,11.3131,109.501,1
7,420,68,-17.4408,7.30217,-16.2002,135.529,-15.6992,135.626,-16.1325,135.006,-16.6854,135.444,-16.2773,136.088,2
7,420,69,28.1602,12.6383,-45.8184,161.698,-45.2176,161.611,-45.9476,160.884,-46.4912,161.815,-45.7087,162.464,1
7,420,70,28.2696,5.96216,-63.7002,-161.106,-63.0847,-161.047,-63.7625,-162.533,-64.3817,-161.165,-63.6397,-159.789,1
7,420,73,-23.3499,-15.7157,-2.69119,-25.5195,-3.00384,-26.1291,-3.18769,-25.268,-2.42304,-24.9654,-2.18671,-25.7997,1
7,420,74,34.2047,-0.11076,29.8245,-5.01651,29.6842,-5.76466,29.1478,-4.65265,29.9724,-4.17309,30.4277,-5.34066,2
7,420,75,-9.42507,-21.6983,60.4693,17.7968,60.3832,16.5761,59.9219,17.7367,60.5175,18.9313,61.0021,17.8059,1
7,420,76,22.0418,-16.4298,63.1514,100.787,63.6903,100.521,63.0185,99.3252,62.5916,101.001,63.2733,102.108,2
7,420,78,18.2284,21.2149,-0.533397,156.276,0.0398335,156.479,-0.32559,155.763,-1.17814,156.073,-0.766418,156.778,1
7,420,79,-22.6669,23.7614,-32.6342,174.852,-32.0951,175.109,-32.3588,174.131,-33.1798,174.632,-32.9668,175.664,1
7,420,80,-11.0133,17.713,-22.0401,0.515656,-22.1584,0.011083,-22.5325,0.623554,-21.901,1.01943,-21.5074,0.417997,1
7,420,81,26.1752,3.45538,7.07517,20.2225,6.94371,19.6952,6.54808,20.4314,7.21961,20.7977,7.567,20.0331,2
7,420,82,-17.5771,-16.7287,38.3813,36.0282,38.2346,35.3151,37.8961,36.1429,38.4977,36.6871,38.8687,35.8865,2
7,420,83,-19.7291,-10.5912,62.3416,81.8526,62.5673,80.7421,61.8903,81.4379,62.1179,82.8543,62.8127,82.2702,6
7,420,84,35.1809,-3.60473,49.8572,147.643,50.4683,147.654,49.6952,146.559,49.1736,147.618,49.9921,148.605,1
7,420,86,-29.9213,15.9642,-7.97305,-158.814,-7.44396,-158.565,-7.78136,-159.42,-8.47912,-159.028,-8.20545,-158.128,1
7,420,89,37.394,4.87919,-54.5295,-23.7759,-54.4508,-24.9261,-55.2397,-23.5609,-54.6047,-22.4474,-53.8988,-23.9427,1
7,420,90,23.2848,-21.2847,45.0012,138.011,45.3837,137.465,44.5469,137.258,44.5881,138.529,45.4138,138.669,2
7,420,91,36.7856,13.5668,32.0255,-173.347,32.7553,-173.513,31.7207,-174.103,31.1727,-173.14,32.2742,-172.649,1
7,420,92,-35.9301,-6.03951,15.4884,-139.861,16.2648,-139.776,15.4053,-140.519,14.8109,-139.938,15.5924,-139.126,1
7,420,93,0.628628,23.2607,-15.1502,-115.642,-14.634,-115.68,-15.1123,-116.175,-15.6972,-115.577,-15.2137,-115.08,1
7,420,94,-24.3493,9.15373,-35.3234,-83.8861,-34.7696,-83.9977,-35.4698,-84.5547,-35.8454,-83.7645,-35.1663,-83.1523,1
7,420,95,22.6385,23.9308,-49.0685,-35.3746,-48.6954,-36.1576,-49.5044,-35.8993,-49.4654,-34.4474,-48.6552,-34.8245,1
7,420,96,32.0886,17.1423,-37.5099,11.5496,-37.4024,10.6871,-38.1418,11.5504,-37.6085,12.5525,-36.9216,11.5829,1
7,420,97,-24.656,-10.777,-11.7094,35.5873,-11.7195,34.9417,-12.241,35.6273,-11.708,36.1727,-11.1503,35.5302,2
7,420,99,-23.0479,17.8105,39.4205,94.2497,39.5898,93.5735,38.8489,94.0362,39.2746,94.9121,40.0535,94.5148,8
8,480,0,-37.9478,10.5682,-41.9232,-73.9683,-41.2238,-73.3684,-41.6844,-75.0385,-42.5541,-74.4855,-42.2004,-72.704,1
8,480,3,-19.528,11.1353,-24.9891,76.1377,-25.2233,75.5439,-25.5244,76.4356,-24.7468,76.7027,-24.4017,75.8281,1
8,480,4,1.55484,-22.8872,5.78918,87.3541,5.4348,86.8637,5.22362,87.5946,6.10274,87.8332,6.30902,87.105,1
8,480,5,0.0503677,-21.2394,40.4281,99.015,40.1233,98.3432,39.8642,99.27,40.6929,99.6718,40.9535,98.7407,8
8,480,6,29.4449,-24.3736,67.8721,140.45,68.0324,138.774,66.9698,139.68,67.6434,142.126,68.6449,141.087,1
8,480,7,34.7519,-1.43147,57.881,-128.573,58.565,-128.215,57.8949,-130.105,57.1126,-128.973,57.8506,-127.22,2
8,480,8,-9.20021,-21.904,28.9932,-101.992,29.5961,-101.725,29.3023,-102.558,28.4463,-102.26,28.714,-101.431,1
8,480,10,24.6554,22.0691,20.6781,143.663,20.6253,142.995,20.1285,143.714,20.7577,144.421,21.2168,143.645,1
8,480,12,31.941,-8.65917,45.8599,-135.727,46.3675,-136.123,45.4285,-136.526,45.2978,-135.32,46.2423,-135.014,1
8,480,13,27.4697,-4.42071,30.5099,-92.9623,31.0538,-92.9785,30.4143,-93.6709,29.9227,-92.9536,30.5959,-92.3165,2
8,480,14,-5.35985,21.6477,5.20355,-62.2345,5.6988,-62.216,5.2802,-62.7408,4.68798,-62.2309,5.09974,-61.6956,6
8,480,15,12.9048,-23.1154,-19.9276,-41.9969,-19.4094,-42.0118,-19.8257,-42.6279,-20.4346,-42.0102,-19.9975,-41.4195,1
8,480,21,33.7483,23.3887,-73.4079,-0.751444,-72.7018,-0.0120409,-73.284,-2.86438,-74.2499,-1.62294,-73.5431,1.2341,1
8,480,22,17.1397,13.5141,-69.1739,135.862,-69.3662,134.54,-69.6193,136.434,-68.9435,137.252,-68.7297,135.36,2
8,480,23,-19.7385,24.3391,-32.7731,149.398,-33.0332,148.871,-33.2932,149.707,-32.4843,149.905,-32.1757,149.081,1
8,480,26,-33.1418,21.361,73.1398,179.155,73.0128,177.105,72.4677,179.898,73.2735,-178.921,73.933,178.282,3
8,480,27,23.5126,12.62,67.616,-52.4313,68.1438,-52.1035,67.6886,-53.7938,67.0309,-52.7475,67.521,-51.1431,2
8,480,28,-12.8364,16.5755,34.1287,-27.6211,34.5182,-27.2872,34.4267,-28.1033,33.7278,-27.9353,33.7934,-27.1166,1
8,480,30,26.0552,-16.9217,16.4028,12.0324,16.7332,12.4605,16.9218,11.5885,16.0753,11.5718,15.9506,12.4364,2
8,480,31,-20.4205,-7.39409,-20.6857,14.4393,-20.3092,14.8731,-20.337,14.0651,-21.0297,14.031,-21.0429,14.8392,2
8,480,32,-38.4897,9.37656,-58.3276,16.3798,-57.9199,17.5263,-57.8637,15.3406,-58.6949,15.3598,-58.8648,17.6205,1
8,480,33,-9.49051,19.7552,-84.6369,-144.693,-85.0819,-146.862,-84.8472,-139.656,-84.1686,-143.014,-84.3521,-149.554,1
8,480,36,-34.6946,-8.30395,20.2051,-170.91,19.6684,-171.457,19.8838,-170.373,20.6692,-170.424,20.5455,-171.516,1
8,480,39,-19.698,17.3631,48.9315,19.3768,49.2266,20.0141,49.3732,18.8837,48.622,18.7772,48.4325,19.8901,1
8,480,40,-30.6886,14.1292,30.5655,27.0007,31.1899,27.1363,30.5837,26.2209,29.9801,26.9009,30.5247,27.8883,1
8,480,41,20.8119,-23.6198,2.82889,44.9777,3.38365,45.0374,3.00976,44.283,2.27697,44.8853,2.69051,45.5974,1
8,480,42,-33.4121,21.4538,-24.9891,76.1377,-24.3346,76.2768,-24.9439,75.2829,-25.6071,76.0479,-25.0606,77.1458,1
8,480,44,14.6745,19.7253,-50.0712,166.9,-49.8772,166.077,-50.5572,166.578,-50.2577,167.818,-49.5913,167.251,1
8,480,45,24.8987,15.7842,-30.0457,-153.492,-30.0784,-154.204,-30.6178,-153.407,-29.9885,-152.697,-29.4948,-153.548,1
8,480,46,18.6322,-22.0825,-4.8886,-132.056,-4.964,-132.599,-5.56343,-132.057,-4.84144,-131.51,-4.28448,-132.076,1
8,480,47,-19.8801,19.384,28.2057,-108.431,28.2156,-109.052,27.6101,-108.452,28.2183,-107.818,28.8666,-108.385,2
8,480,48,33.3896,-3.71609,44.2611,-70.5458,44.5607,-71.3226,43.556,-70.8395,43.9145,-69.6992,44.8867,-70.2803,8
8,480,52,29.2537,23.1612,44.8549,23.9158,45.5239,23.4072,44.5199,23.141,44.0847,24.5278,45.1367,24.6954,2
8,480,53,-33.9028,0.969462,30.4866,63.611,31.2297,63.7454,30.4335,62.8267,29.8219,63.4987,30.5437,64.4932,2
8,480,54,-24.6074,14.3736,1.06149,87.8304,1.64661,87.9583,1.14721,87.2041,0.497892,87.7283,0.951026,88.5261,1
8,480,55,32.2379,-0.570272,-29.002,106.397,-28.3569,106.5,-29.0439,105.564,-29.7182,106.275,-28.9628,107.144,1
8,480,56,32.3762,6.90116,-51.2348,145.79,-50.5878,145.449,-51.5851,144.815,-51.9628,146.196,-50.9201,146.675,1
8,480,58,-38.9284,-2.78294,-25.2761,-123.021,-25.1314,-123.996,-26.0152,-122.902,-25.3937,-122.178,-24.4296,-123.168,1
8,480,60,-37.2711,11.1751,-50.7396,-136.693,-50.2105,-137.443,-51.3476,-137.31,-51.1953,-135.984,-50.0315,-135.979,1
8,480,61,29.5515,22.0177,-37.7499,-86.223,-37.8152,-87.0875,-38.334,-86.0962,-37.6428,-85.2258,-37.1867,-86.3002,1
8,480,62,18.0131,-6.85895,-11.0614,-64.2923,-11.1279,-64.791,-11.5978,-64.2012,-10.9996,-63.7736,-10.5604,-64.3826,2
8,480,65,-32.4403,5.32904,57.518,44.1563,58.0942,43.6001,57.128,43.2672,56.9967,44.6618,57.9462,45.182,1
8,480,66,-31.7898,20.1629,38.0419,93.881,38.6456,94.0366,38.0928,92.9925,37.4685,93.7768,37.9528,94.9111,8
8,480,68,-31.3754,10.2476,-18.6086,139.152,-18.0087,139.321,-18.556,138.492,-19.1651,139.011,-18.6746,139.898,1
8,480,69,-27.0978,17.2983,-44.2306,170.494,-43.6644,170.419,-44.3372,169.641,-44.7679,170.6,-44.1193,171.46,1
8,480,72,19.8764,17.7841,-31.022,-33.2912,-31.2702,-33.9276,-31.5261,-33.0152,-30.727,-32.6005,-30.5168,-33.5348,1
8,480,73,3.24109,24.3735,3.55167,-20.7104,3.281,-21.1955,3.04186,-20.523,3.86607,-20.2015,4.09972,-20.8822,1
8,480,74,9.09894,-22.2788,32.4967,-7.23721,32.2738,-7.83449,31.8994,-7.08387,32.6864,-6.64414,33.0414,-7.4056,2
8,480,75,23.4518,14.8152,62.6579,33.5426,62.778,32.2358,62.0861,33.3652,62.5253,34.9881,63.2044,33.764,8
8,480,76,-33.5775,4.06093,63.8183,118.455,64.525,118.73,63.7711,116.938,63.1803,118.238,63.8512,120.171,1
8,480,78,2.23928,-21.3146,0.286711,157.301,0.813592,157.48,0.57277,156.807,-0.207902,157.109,0.0362937,157.776,1
8,480,81,25.3559,-20.7125,8.43618,20.6322,8.30786,20.1136,7.75331,20.7653,8.53969,21.1733,9.03374,20.4964,1
8,480,82,-19.6707,23.3615,44.4678,41.4671,44.4256,40.7433,43.886,41.4801,44.5345,42.1881,45.1213,41.4855,1
8,480,83,-9.3423,-21.2442,62.2962,88.1127,62.5237,87.0226,61.8845,87.5032,62.0615,89.0872,62.7068,88.6827,1
8,480,86,21.5455,2.34476,-12.2785,-161.977,-11.7991,-161.808,-12.1486,-162.504,-12.792,-162.158,-12.4036,-161.481,1
8,480,87,15.994,17.8178,-43.7899,-138.674,-43.2656,-138.63,-43.7461,-139.357,-44.3631,-138.699,-43.8494,-137.996,1
8,480,89,33.5816,-4.7198,-52.1689,-21.3299,-52.1078,-22.2856,-52.861,-21.2088,-52.2371,-20.2699,-51.5554,-21.4376,1
8,480,90,35.8023,-20.0437,43.4891,142.787,44.0149,142.309,42.8947,141.804,42.8947,143.251,43.9972,143.612,1
8,480,91,27.9511,11.1518,31.0924,-169.576,31.6887,-169.696,30.9149,-170.234,30.4274,-169.432,31.2405,-168.952,1
8,480,92,-0.516863,24.0589,8.28149,-138.084,8.80029,-138.109,8.33635,-138.608,7.73149,-138.031,8.19689,-137.529,1
8,480,93,-3.67881,18.7215,-17.2457,-113.159,-16.7494,-113.18,-17.2242,-113.687,-17.7586,-113.117,-17.2855,-112.602,1
8,480,95,2.86257,19.5229,-46.9947,-31.1835,-46.7018,-31.7864,-47.3737,-31.6617,-47.2847,-30.5227,-46.6115,-30.6707,1
8,480,96,-30.8127,-20.2206,-32.5785,7.05977,-32.4658,6.10547,-33.1569,6.98338,-32.6885,7.88109,-31.9637,7.0998,1
8,480,97,-23.7579,-2.09809,-8.48321,38.6744,-8.46877,38.0857,-9.01454,38.7142,-8.49626,39.2202,-7.91523,38.6278,2
8,480,99,-13.9179,21.7033,40.7035,99.1735,40.8512,98.521,40.1864,98.9073,40.5746,99.8416,41.2624,99.4977,10
9,540,0,-34.8644,14.2548,-45.8421,-72.3358,-45.1875,-71.7989,-45.5966,-73.4257,-46.4496,-72.801,-46.1302,-71.0592,1
9,540,1,20.147,18.5511,-76.2037,-21.6808,-75.6544,-23.0522,-76.5085,-23.8364,-76.7927,-19.9524,-75.9086,-19.5947,1
9,540,2,-25.1437,19.9767,-53.486,58.9658,-53.5815,57.9208,-54.1747,59.2003,-53.3539,59.9627,-52.6988,58.7458,1
9,540,3,-24.169,-19.9234,-24.4043,75.4814,-24.8224,74.7543,-24.9297,75.8079,-24.0491,76.1315,-23.8792,75.1187,1
9,540,4,25.5643,13.8079,12.3372,91.5416,12.0089,90.9516,11.8196,91.9113,12.7155,92.1951,12.8409,91.2065,1
9,540,5,-12.8306,-22.0729,44.2128,98.865,43.8525,98.0707,43.6704,99.1632,44.5164,99.6129,44.7327,98.5304,1
9,540,6,39.6422,4.63767,69.5075,159.934,69.9994,158.004,68.6482,159.152,68.9053,162.083,70.2466,160.707,2
9,540,7,35.8593,15.7628,52.9712,-123.314,53.7807,-122.983,52.9708,-124.595,52.0126,-123.66,52.9281,-122.153,2
9,540,8,-25.797,-5.56919,24.3477,-98.7033,24.9357,-98.3091,24.6035,-99.3036,23.8126,-99.0634,24.08,-98.0583,3
9,540,9,29.2383,2.52006,-12.6857,-94.3501,-12.1452,-93.9767,-12.3964,-95.0007,-13.282,-94.7643,-12.9546,-93.7564,1
9,540,11,28.5851,-4.83265,42.1166,179.591,42.3609,178.922,41.5155,179.321,41.8403,-179.696,42.6612,179.836,1
9,540,12,-37.6058,12.2666,50.9877,-124.786,51.6796,-125.07,50.6201,-125.789,50.3732,-124.505,51.3974,-123.58,1
9,540,13,-18.0337,10.2782,30.2151,-85.6795,30.7243,-85.672,30.1976,-86.2769,29.7211,-85.6734,30.2217,-85.0355,1
9,540,14,2.93568,-21.9895,4.77291,-63.0256,5.29464,-63.0356,4.8736,-63.557,4.27546,-63.0379,4.69852,-62.5237,5
9,540,16,-2.20549,20.2455,-45.2113,1.0867,-44.7648,0.794517,-45.3724,0.418131,-45.6678,1.42329,-45.0557,1.79873,1
9,540,19,-39.5702,1.44094,-0.739404,115.461,-0.662181,114.662,-1.43027,115.616,-0.799292,116.155,0.0596379,115.277,1
9,540,21,28.0082,-1.52524,-74.211,3.08365,-73.7145,3.80355,-74.0574,0.991684,-74.7466,2.23539,-74.3341,5.02834,2
9,540,22,11.7191,-20.5181,-68.1737,135.429,-68.3681,134.214,-68.7087,135.822,-67.9938,136.627,-67.6854,135.038,1
9,540,23,-20.7309,14.0367,-30.0131,149.753,-30.2572,149.241,-30.4636,150.073,-29.7604,150.238,-29.5117,149.418,2
9,540,26,-21.8034,-24.78,72.0022,-178.404,71.6756,179.669,71.5066,-177.883,72.2533,-176.623,72.4862,-179.056,1
9,540,27,-32.5062,3.50576,66.9192,-37.7173,67.4361,-36.7826,67.1425,-39.1184,66.4428,-38.5161,66.6539,-36.1814,2
9,540,28,14.1789,-12.9423,32.4027,-30.1455,32.798,-29.8383,32.7086,-30.6525,32.0097,-30.4668,32.1242,-29.668,1
9,540,30,32.4769,-9.22857,11.9556,10.8747,12.2874,11.353,12.459,10.3648,11.6049,10.3444,11.5157,11.3281,2
9,540,31,-32.4307,14.0875,-26.5787,15.3596,-26.2353,15.9321,-26.1071,14.8576,-26.9115,14.8408,-27.1266,15.9291,1
9,540,33,15.573,17.5053,-80.4759,-141.388,-80.9762,-142.338,-80.6162,-138.498,-79.9239,-140.55,-80.2951,-144.134,1
9,540,36,-24.5008,-14.4389,23.5836,-170.183,23.0889,-170.611,23.2688,-169.737,24.0196,-169.785,23.8956,-170.663,1
9,540,37,35.4021,-9.61899,60.1231,-164.662,59.7671,-165.638,59.5972,-163.547,60.4943,-163.536,60.5672,-165.67,1
9,540,38,-8.25916,21.7824,80.3939,34.3033,80.5945,37.0099,80.8756,33.2341,80.1456,31.6972,79.8637,35.2297,1
9,540,39,38.4283,14.19,45.4388,10.7593,45.9491,11.5511,45.8068,9.88185,44.8182,9.85454,45.0826,11.5148,1
9,540,40,4.60435,-19.5047,27.8358,24.3621,28.366,24.3251,27.8921,23.7359,27.3231,24.3746,27.7991,24.9527,2
9,540,42,-34.6149,-18.2433,-24.4043,75.4814,-23.5056,75.4413,-24.4989,74.7951,-25.1694,75.4971,-24.2636,76.2182,1
9,540,43,15.3668,22.2595,-50.9069,115.406,-50.4086,114.928,-51.1473,114.645,-51.4429,115.978,-50.6837,116.187,1
9,540,44,-32.7306,3.41639,-45.0076,167.329,-44.6529,166.494,-45.6178,167.036,-45.3162,168.097,-44.3223,167.65,1
9,540,45,-21.6183,24.5279,-23.6777,-153.645,-23.6631,-154.262,-24.3251,-153.704,-23.6549,-153.029,-22.9441,-153.549,1
9,540,47,-8.69695,22.8424,30.3753,-104.617,30.3563,-105.225,29.8245,-104.672,30.4185,-103.988,30.9714,-104.528,2
9,540,48,34.1091,-22.7547,44.7373,-68.6949,45.0602,-69.4629,43.8952,-69.3315,44.3487,-67.9175,45.4523,-68.1736,2
9,540,49,-38.46,-3.92904,52.0342,-9.51449,52.8593,-9.85689,51.6727,-10.4918,51.3206,-9.2285,52.4469,-8.39082,1
9,540,50,-33.4973,9.90815,32.6824,-70.0627,32.7922,-70.8985,31.969,-70.0158,32.5952,-69.3004,33.4986,-70.1061,1
9,540,52,35.313,16.6106,42.9022,27.1769,43.6472,26.7884,42.5044,26.3448,42.0314,27.6451,43.2335,27.9688,3
9,540,53,-38.0288,-11.752,29.2735,65.6376,30.2238,65.7383,29.1673,64.8348,28.4674,65.5427,29.4139,66.5364,1
9,540,54,35.3849,-20.3942,-2.64819,82.6409,-2.00406,82.8255,-2.46973,81.658,-3.33411,82.3991,-2.7775,83.4699,1
9,540,55,-33.3422,17.702,-28.302,116.32,-27.6135,116.433,-28.3191,115.445,-28.9434,116.25,-28.295,117.342,1
9,540,56,-38.9258,5.22457,-45.2587,154.514,-44.4526,154.162,-45.7083,153.598,-45.959,154.85,-44.7264,155.566,1
9,540,58,-21.9611,10.462,-23.2177,-117.602,-23.1846,-118.233,-23.8086,-117.589,-23.2329,-116.998,-22.5717,-117.606,1
9,540,60,13.4498,17.0995,-54.5485,-128.591,-54.3198,-129.395,-54.9882,-128.992,-54.7748,-127.7,-54.1157,-128.17,1
9,540,61,21.1719,5.52859,-35.6546,-85.5573,-35.6603,-86.2001,-36.1856,-85.4939,-35.6404,-84.8654,-35.1495,-85.6082,1
9,540,62,32.2254,19.4732,-6.6772,-59.5621,-6.82926,-60.252,-7.26005,-59.3454,-6.47883,-58.7644,-6.12123,-59.7352,2
9,540,63,26.6737,2.04494,21.2474,-39.5704,21.2212,-40.1613,20.6697,-39.4577,21.2738,-38.9261,21.7825,-39.671,1
9,540,64,16.5874,23.7784,47.3341,-5.22323,47.429,-6.06067,46.8323,-5.4203,47.245,-4.28748,47.8333,-4.97811,1
9,540,65,24.9959,-0.572474,51.6903,47.4716,52.1584,47.0557,51.3554,46.7131,51.1831,47.9066,51.995,48.185,2
9,540,66,-32.7619,13.6964,35.8405,96.3476,36.4575,96.5242,35.866,95.5268,35.2671,96.2127,35.7909,97.288,8
9,540,67,26.0318,7.10474,4.69396,115.216,5.24374,115.326,4.73553,114.646,4.0886,115.1,4.64491,115.748,2
9,540,68,-16.0622,11.3455,-22.5208,140.11,-22.0245,140.189,-22.4584,139.561,-23.0083,140.046,-22.596,140.7,1
9,540,70,16.8657,18.7093,-67.9543,-142.67,-67.4079,-143.205,-68.1269,-144.05,-68.5451,-142.002,-67.7933,-141.297,1
9,540,73,-1.98964,-24.4446,2.90801,-21.7065,2.59666,-22.2111,2.3554,-21.5361,3.17603,-21.2233,3.42029,-21.8922,1
9,540,74,20.7027,15.1307,38.5252,-2.14909,38.3402,-2.86482,37.9993,-1.90525,38.7383,-1.36295,39.0425,-2.36578,2
9,540,75,15.8196,-20.4777,63.4759,32.9741,63.5815,31.7727,62.8656,32.5035,63.3358,34.1473,64.0349,33.3767,7
9,540,76,-12.6616,22.8591,58.1845,122.299,58.7246,122.377,58.2838,121.207,57.6309,122.274,58.0407,123.482,2
9,540,78,18.2352,15.4454,-6.98996,158.246,-6.45672,158.462,-6.79218,157.732,-7.57848,158.023,-7.20143,158.743,1
9,540,79,29.9167,21.5875,-41.5608,172.687,-40.8513,172.948,-41.4366,171.853,-42.3914,172.408,-41.7087,173.474,2
9,540,81,-31.5784,14.0272,17.1721,19.2132,17.0895,18.5866,16.5624,19.4095,17.2673,19.7921,17.8721,19.0012,3
9,540,82,34.9304,-9.62401,41.735,47.0098,41.7958,46.2132,40.9822,47.0983,41.644,47.8853,42.3902,46.9213,2
9,540,83,31.4955,16.657,59.4873,103.684,59.9401,102.747,58.9984,103,58.9706,104.753,59.9256,104.379,2
9,540,88,-32.6212,16.6642,-59.3527,-76.2701,-58.8483,-76.9544,-59.8186,-77.2215,-59.8025,-75.5757,-58.8179,-75.1799,1
9,540,89,24.9121,6.69629,-47.9024,-17.6316,-47.9269,-18.4353,-48.4432,-17.4966,-47.8639,-16.7545,-47.3924,-17.7432,1
9,540,90,37.2441,17.792,42.412,153.396,43.0565,152.775,41.8771,152.762,41.6525,154.139,42.8715,154.013,1
9,540,92,-38.7636,6.91438,9.2322,-133.777,9.98227,-133.587,9.18679,-134.521,8.56823,-133.928,9.2791,-132.908,1
9,540,94,-12.0495,20.0511,-40.3126,-75.5251,-39.8358,-75.753,-40.4597,-76.2032,-40.7876,-75.2627,-40.1674,-74.7845,1
9,540,95,-18.5983,-8.32628,-44.9722,-29.8962,-44.6351,-30.5327,-45.3842,-30.3104,-45.2882,-29.303,-44.5377,-29.4846,1
9,540,97,37.4626,12.4022,-8.66645,46.5015,-8.6604,45.7456,-9.36857,46.6909,-8.65978,47.3877,-8.03174,46.3546,1
9,540,98,-26.6782,3.03445,20.9129,66.3805,20.966,65.746,20.3497,66.4071,20.8669,66.9685,21.5282,66.3525,1
9,540,99,-29.7338,-16.7897,42.1453,97.9947,42.3129,97.0041,41.5847,97.8612,41.9769,98.852,42.7445,98.1033,11
10,600,0,-20.5061,11.6262,-49.5235,-72.8763,-48.9755,-72.5311,-49.3203,-73.7576,-50.0571,-73.1936,-49.7489,-71.9122,1
10,600,1,24.4189,-5.66085,-76.9541,-17.3836,-76.4329,-18.615,-77.3216,-19.9137,-77.5074,-16.0002,-76.5935,-15.1992,2
10,600,2,26.1567,0.394128,-54.3855,67.8511,-54.5797,66.8445,-54.982,68.3644,-54.1674,68.9346,-53.8323,67.3953,1
10,600,3,-36.6455,15.6894,-16.4403,76.0474,-16.6381,75.2521,-17.1857,76.4728,-16.2278,76.7556,-15.549,75.5645,1
10,600,5,29.1254,-19.3316,46.0322,106.289,45.8742,105.408,45.1984,106.607,46.157,107.234,46.7496,105.979,2
10,600,6,34.9873,13.8085,70.9375,173.405,71.4895,171.614,70.2889,172.222,70.2839,175.4,71.5053,174.62,1
10,600,7,34.7187,0.548584,51.4754,-121.714,52.1423,-121.292,51.5709,-122.993,50.7226,-122.182,51.3737,-120.583,16
10,600,8,-23.0708,18.4117,18.2124,-97.4809,18.7154,-97.1148,18.5738,-98.0731,17.7078,-97.8107,17.7876,-96.8315,2
10,600,9,-20.3596,6.0732,-15.2531,-88.4734,-14.7468,-88.1456,-14.9792,-89.0121,-15.7398,-88.7797,-15.5513,-87.8945,1
10,600,10,16.6861,21.0589,26.3271,148.364,26.3041,147.744,25.8155,148.355,26.3703,149.048,26.8393,148.401,1
10,600,11,-24.7742,13.766,48.6483,-175.903,48.9241,-176.623,48.1287,-176.276,48.3961,-175.208,49.2185,-175.46,1
10,600,12,-39.9034,-5.80139,50.7109,-122.162,51.5277,-122.601,50.3044,-123.036,50.0113,-121.802,51.1808,-121.157,4
10,600,13,-22.2724,12.026,27.7663,-82.3128,28.2975,-82.2717,27.7643,-82.9327,27.2555,-82.3354,27.7541,-81.6329,1
10,600,14,-10.326,18.4395,-0.077147,-57.6775,0.41233,-57.6389,-0.00627949,-58.1844,-0.57516,-57.6969,-0.170885,-57.1348,1
10,600,19,40.6237,0.561331,-3.24637,123.849,-3.18982,123.125,-4.0548,124.063,-3.31725,124.691,-2.54856,123.671,1
10,600,20,36.8978,14.3062,-45.1628,-18.2692,-44.5898,-17.6771,-44.9037,-19.1477,-45.8389,-18.9625,-45.413,-17.4821,1
10,600,21,12.2612,16.4909,-77.7271,20.6353,-77.2324,20.5554,-77.7196,18.3976,-78.2583,20.8028,-77.7335,22.8821,1
10,600,22,-14.41,-12.9989,-63.2232,134.853,-63.4311,133.774,-63.6638,135.238,-63.032,135.855,-62.7813,134.448,1
10,600,23,-29.2863,17.9774,-25.625,149.553,-25.8642,148.981,-26.1612,149.912,-25.374,150.08,-25.0021,149.163,1
10,600,24,-4.09289,19.7225,9.31388,158.361,9.02609,157.98,8.90467,158.621,9.62726,158.745,9.75754,158.102,1
10,600,26,-15.099,-21.6467,75.3424,-169.185,75.1602,-171.373,74.8503,-168.918,75.4715,-167.135,75.8252,-169.563,1
10,600,27,14.0462,-18.7778,63.7076,-45.5671,64.1661,-45.2019,63.9468,-46.7083,63.2572,-45.9612,63.4945,-44.5196,1
10,600,28,-16.8068,-12.8508,29.1652,-26.6376,29.623,-26.3048,29.4308,-27.0927,28.7461,-26.9534,28.9043,-26.1668,1
10,600,30,-22.0484,-19.9767,8.86682,15.4876,9.34527,15.9313,9.24271,15.1304,8.45124,15.0794,8.50115,15.8696,1
10,600,31,-32.8071,-15.7351,-27.3671,15.1395,-26.8207,15.7504,-27.0068,14.637,-27.8286,14.5944,-27.7334,15.7036,1
10,600,33,20.3237,-13.2547,-79.311,-142.042,-79.77,-143.097,-79.5203,-139.086,-78.8402,-140.969,-79.1063,-144.668,1
10,600,35,21.783,7.28828,-6.37997,-164.683,-6.76226,-165.04,-6.70382,-164.266,-5.96162,-164.301,-6.06448,-165.074,1
10,600,36,-16.0946,10.7349,29.6722,-170.014,29.3138,-170.403,29.3373,-169.585,30.0293,-169.64,30.0366,-170.469,1
10,600,37,30.3004,5.79318,65.4566,-166.31,65.0578,-167.334,65.0831,-165.166,65.8956,-165.138,65.7991,-167.375,1
10,600,38,24.0129,12.0021,78.0251,16.1052,78.387,18.1527,78.3863,14.1635,77.6018,14.0219,77.6585,17.8012,1
10,600,39,-31.3063,14.6547,41.365,19.4213,41.6606,20.1223,41.8644,18.8848,41.0677,18.7894,40.7826,20.0093,1
10,600,40,-26.8522,1.22446,25.6921,30.8321,26.3056,30.9264,25.6906,30.1924,25.1257,30.75,25.6915,31.5292,2
10,600,41,5.57129,21.3259,-5.61721,52.9095,-5.08359,52.9348,-5.53591,52.3948,-6.18978,52.9048,-5.72446,53.4403,1
10,600,42,35.6626,5.80766,-34.0143,74.6153,-33.3213,74.6937,-34.1281,73.7412,-34.8074,74.5279,-33.9191,75.3969,1
10,600,43,-7.96779,-23.8163,-48.7573,115.329,-48.2567,114.816,-48.9533,114.548,-49.2281,115.779,-48.5395,116.058,1
10,600,44,-40.4539,2.61331,-42.5094,171.185,-42.0569,170.191,-43.2616,170.967,-42.8847,172.061,-41.6289,171.428,1
10,600,47,-20.1417,-3.02452,32.0896,-104.62,32.1015,-105.294,31.5633,-104.595,32.0735,-103.989,32.6443,-104.652,2
10,600,48,-34.6353,-20.2727,52.7176,-66.9923,53.0413,-68.4374,52.1078,-67.277,52.4126,-65.8003,53.3855,-66.7401,1
10,600,49,-29.4905,9.42889,48.6543,-3.34967,49.2749,-3.49787,48.4561,-4.25439,48.081,-3.19415,48.8597,-2.32351,3
10,600,50,-21.1817,21.4593,35.0167,-64.9048,35.0712,-65.6104,34.3742,-64.9985,34.9892,-64.2053,35.7358,-64.7686,1
10,600,52,-23.8761,-4.57751,47.7296,32.4871,48.3437,32.2413,47.5319,31.6964,47.1629,32.704,47.9416,33.332,1
10,600,53,-37.3071,6.84995,24.7371,69.7051,25.5052,69.9378,24.7223,68.8668,24.0519,69.5173,24.7441,70.6765,2
10,600,54,-23.4288,-6.15177,-3.26406,90.5923,-2.63106,90.6741,-3.23546,90.0278,-3.84535,90.5122,-3.28446,91.1912,1
10,600,55,-21.2189,-3.69098,-30.3077,116.094,-29.7013,116.078,-30.3581,115.455,-30.8725,116.106,-30.245,116.768,1
10,600,57,-20.9198,3.38084,-43.5756,-149.375,-43.3639,-150.124,-44.1153,-149.595,-43.7663,-148.659,-42.9972,-149.141,1
10,600,58,30.8153,-1.93175,-24.8951,-111.783,-24.873,-112.479,-25.6005,-111.668,-24.922,-111.017,-24.2594,-111.885,1
10,600,59,37.1023,1.01148,2.73663,-87.5845,2.75131,-88.3134,1.94365,-87.3746,2.71499,-86.7513,3.4346,-87.7627,1
10,600,60,-32.3108,-1.91014,-49.9395,-127.549,-49.5711,-128.424,-50.4917,-127.892,-50.2634,-126.752,-49.3248,-127.186,1
10,600,62,21.1289,9.50701,-3.8382,-59.3128,-3.93071,-59.8393,-4.3507,-59.184,-3.72905,-58.7426,-3.34433,-59.425,4
10,600,64,35.818,-0.45308,46.232,-2.07518,46.5048,-2.91709,45.5159,-2.27539,45.912,-1.13757,46.864,-1.88907,3
10,600,65,31.608,0.690565,49.9428,52.8732,50.4919,52.5216,49.583,52.0306,49.3316,53.2506,50.2597,53.6486,2
10,600,66,-33.8251,-9.84243,34.8974,97.3338,35.6452,97.4254,34.8485,96.6084,34.2436,97.2458,34.9637,98.13,4
10,600,67,27.6396,7.49192,1.46155,117.037,2.02536,117.155,1.49979,116.454,0.836328,116.912,1.41522,117.579,1
10,600,68,-28.8633,21.3417,-25.4784,144.433,-24.9048,144.564,-25.3851,143.697,-26.0329,144.342,-25.6039,145.281,13
10,600,71,-32.5677,4.12902,-53.7484,-61.5048,-53.6749,-62.6803,-54.4022,-61.3773,-53.7962,-60.4368,-53.0135,-61.6407,1
10,600,73,-3.87841,23.0116,10.6622,-19.1343,10.4185,-19.6203,10.1436,-18.9512,10.9404,-18.6357,11.2264,-19.3072,1
10,600,74,26.4609,-20.7013,38.3152,-1.62215,38.1882,-2.34596,37.5478,-1.44993,38.4099,-0.862201,38.9827,-1.80111,1
10,600,75,-13.3289,-21.9492,67.5842,37.1354,67.6876,35.4798,67.0672,36.6523,67.4548,38.6173,68.0998,37.5637,3
10,600,76,23.3593,1.49847,54.7024,119.522,55.2624,119.613,54.6921,118.49,54.0995,119.426,54.7007,120.486,6
10,600,77,-19.0891,-7.60233,26.3271,148.364,26.8753,148.615,26.5107,147.807,25.8193,148.127,26.1432,148.946,1
10,600,79,38.9926,-9.93419,-42.2868,171.043,-41.6803,171.546,-42.0125,169.827,-42.9581,170.432,-42.5027,172.085,3
10,600,81,35.4833,0.436748,16.2691,25.9408,16.1787,25.295,15.6186,26.2181,16.3654,26.6709,16.8476,25.6972,3
10,600,82,6.61427,18.89,48.2646,50.1581,48.2338,49.4192,47.7854,50.1439,48.3102,50.9448,48.7563,50.202,1
10,600,83,38.5515,8.00299,58.4399,109.14,59.0212,108.357,57.8619,108.284,57.7596,110.03,58.9363,109.943,1
10,600,85,-36.7369,4.11788,15.1713,-170.867,15.8054,-170.534,15.3003,-171.537,14.6042,-171.153,15.0204,-170.102,1
10,600,86,26.8959,-4.3262,-18.6943,-159.549,-18.1992,-159.348,-18.5466,-160.163,-19.2248,-159.773,-18.8251,-158.987,1
10,600,89,-37.9578,0.682261,-41.5524,-21.0193,-41.4644,-22.0174,-42.2062,-20.8626,-41.6171,-20.1421,-40.8045,-21.1999,1
10,600,90,-27.8138,10.7075,48.0244,158.981,48.5643,158.622,47.7086,158.218,47.5239,159.332,48.3623,159.852,1
10,600,93,38.6,6.01429,-24.8951,-111.783,-24.1701,-111.714,-25.0586,-112.616,-25.7382,-111.861,-24.7604,-111.048,1
10,600,94,-28.7995,-3.25212,-39.4763,-72.9364,-38.8672,-73.2004,-39.7329,-73.5938,-40.0287,-72.6942,-39.187,-72.2307,3
10,600,95,26.785,7.64831,-47.9884,-21.5114,-47.674,-22.236,-48.518,-21.8858,-48.3246,-20.6963,-47.4969,-21.154,1
10,600,96,-30.9662,22.1559,-25.5186,17.6917,-25.3533,17.0322,-26.2279,17.548,-25.6377,18.3289,-24.6942,17.884,2
10,600,97,-17.1245,-18.8192,-4.55971,42.817,-4.63549,42.2068,-5.07663,42.8296,-4.50723,43.3738,-4.04104,42.7817,1
10,600,98,-30.6566,15.0781,24.7371,69.7051,24.8474,69.0373,24.0791,69.6788,24.6539,70.3318,25.4877,69.7523,2
10,600,99,27.6955,22.3469,40.537,110.164,40.7611,109.321,39.9768,109.936,40.2938,111.139,41.0661,110.429,3
11,660,0,2.77181,23.1132,-54.8824,-72.9075,-54.3189,-72.671,-54.6673,-73.8229,-55.4914,-73.1218,-55.1276,-71.9501,2
11,660,1,-30.3815,-19.8983,-71.5649,-7.61359,-70.9415,-9.62412,-72.042,-8.99973,-72.099,-5.81949,-71.0265,-6.31127,1
11,660,4,-36.1165,7.27065,20.7137,86.3182,20.4418,85.5139,20.0793,86.7885,20.9684,87.0325,21.4469,85.7753,2
11,660,5,14.1985,22.0362,54.0839,109.539,53.8529,108.555,53.532,109.814,54.3523,110.62,54.6512,109.3,2
11,660,6,36.1855,-6.55469,70.7625,177.094,71.355,175.849,70.0999,175.335,70.0792,178.364,71.3257,178.708,3
11,660,7,32.1871,-23.0907,50.8697,-120.824,51.4885,-120.425,51.2271,-122.303,50.2325,-121.303,50.5762,-119.579,2
11,660,8,-13.448,-20.4081,18.2278,-98.8511,18.839,-98.575,18.5291,-99.3681,17.6773,-99.1217,17.9513,-98.328,2
11,660,12,35.5597,15.13,41.4807,-118.285,42.1486,-118.637,41.1035,-119.024,40.7049,-117.863,41.7987,-117.586,8
11,660,13,-29.4339,-3.9461,26.6649,-80.1258,27.3043,-80.0792,26.615,-80.7505,26.087,-80.1695,26.7236,-79.4456,1
11,660,14,32.1388,1.50911,-4.3654,-59.3736,-3.77427,-59.2714,-4.38427,-60.0303,-5.02347,-59.489,-4.35251,-58.7804,1
11,660,19,35.3273,12.8831,1.10304,126.319,1.0698,125.622,0.456895,126.501,1.15378,127.126,1.69537,126.174,1
11,660,21,-23.9638,2.88733,-76.8797,38.4713,-76.3534,37.9491,-77.0413,36.3043,-77.3703,39.0185,-76.6864,40.7538,1
11,660,23,-34.4335,0.104459,-23.4701,149.144,-23.769,148.483,-23.9341,149.564,-23.1982,149.729,-22.9504,148.674,1
11,660,29,-29.5578,-1.97137,-10.7476,-18.5913,-10.2706,-18.2006,-10.4756,-19.074,-11.1801,-18.9468,-11.0399,-18.0602,1
11,660,30,32.005,-10.8788,4.53757,10.118,4.86433,10.5836,5.05544,9.62713,4.19674,9.60252,4.08715,10.5561,2
11,660,31,-25.6945,-8.01472,-31.9941,13.8059,-31.5838,14.3309,-31.6409,13.355,-32.3608,13.3195,-32.3599,14.2983,1
11,660,32,-38.155,13.1013,-70.0983,16.277,-69.6924,17.9805,-69.613,14.6607,-70.4665,14.736,-70.6599,18.2548,1
11,660,33,35.2025,-12.7684,-75.3178,-142.523,-75.8354,-143.736,-75.5653,-139.529,-74.7528,-141.205,-75.084,-145.039,1
11,660,34,-27.268,-10.0119,-40.3199,-167.961,-40.7792,-168.54,-40.6483,-167.413,-39.9095,-167.439,-39.978,-168.551,1
11,660,35,-36.6106,14.4964,-1.9544,-170.593,-2.34529,-171.15,-2.4278,-170.05,-1.58069,-170.104,-1.3886,-171.22,1
11,660,36,34.8983,-7.12553,32.0318,-164.952,31.6609,-165.511,31.5543,-164.29,32.4295,-164.317,32.4439,-165.543,1
11,660,37,-18.7206,23.5353,70.3513,-179.754,69.9203,179.407,69.9908,-178.423,70.7959,-178.95,70.762,178.742,1
11,660,39,15.7712,16.5265,37.9036,13.3529,38.2719,13.8194,38.2557,12.9117,37.4906,12.8653,37.5401,13.7699,1
11,660,40,39.0131,6.63491,17.9537,28.416,18.7062,28.5371,17.8239,27.5827,17.074,28.2796,18.0498,29.151,1
11,660,41,33.7205,16.1341,-10.2252,52.5861,-9.49905,52.672,-10.2713,51.9026,-11.0712,52.5031,-10.2089,53.2172,1
11,660,43,-27.3328,9.70731,-48.647,126.012,-48.1151,125.582,-49.0027,125.261,-49.1367,126.442,-48.2531,126.843,1
11,660,44,-38.6551,12.334,-40.5364,176.913,-40.1515,176.031,-41.3101,176.679,-40.8512,177.721,-39.624,177.199,1
11,660,45,32.6407,16.6741,-22.028,-144.941,-22.0994,-145.712,-22.6626,-144.753,-21.9232,-144.051,-21.4324,-145.085,1
11,660,46,37.0868,-1.06513,4.26214,-122.882,4.28144,-123.574,3.48876,-122.689,4.2325,-122.096,4.94019,-123.048,1
11,660,47,-6.79904,-19.0984,32.8209,-101.886,32.7817,-102.555,32.2962,-101.941,32.8362,-101.258,33.3327,-101.857,1
11,660,48,-18.7751,-19.22,52.2416,-59.7358,52.5116,-60.7033,51.7776,-60.1737,51.9749,-58.8848,52.7206,-59.3197,1
11,660,49,-28.2022,-7.78193,47.5184,-1.07188,48.1779,-1.30174,47.3212,-1.86724,46.9229,-0.878419,47.7362,-0.215872,2
11,660,52,31.9994,8.42682,40.3546,34.6562,41.0237,34.4667,40.0775,33.8262,39.5986,34.8756,40.589,35.4286,1
11,660,53,-34.3113,3.95104,21.8737,71.4752,22.6001,71.6595,21.8676,70.7253,21.2203,71.3214,21.8756,72.3248,1
11,660,54,-29.8865,8.02111,-6.84173,94.2172,-6.19605,94.369,-6.80199,93.5582,-7.44033,94.09,-6.89219,94.955,1
11,660,55,-23.0475,9.94768,-33.5002,120.533,-32.9107,120.526,-33.5569,119.82,-34.0612,120.557,-33.4428,121.315,2
11,660,57,31.4041,3.13082,-46.186,-141.372,-45.9964,-142.274,-46.8827,-141.468,-46.3887,-140.359,-45.5544,-141.277,1
11,660,58,-23.865,6.558,-17.8487,-113.109,-17.8337,-113.74,-18.4381,-113.057,-17.8513,-112.513,-17.2055,-113.158,1
11,660,59,30.7305,14.1641,7.30426,-85.2509,7.23441,-85.9545,6.66271,-85.0832,7.39753,-84.4491,7.90686,-85.3846,1
11,660,62,-39.091,9.96407,2.79702,-62.0137,2.83527,-62.7689,2.07262,-61.8265,2.78217,-61.3456,3.65081,-62.2261,1
11,660,63,-40.2216,5.12488,31.5429,-40.1184,31.6229,-41.0558,30.8206,-39.9236,31.4804,-39.3024,32.389,-40.3491,1
11,660,64,29.2583,-24.1687,47.5184,-1.07188,47.7395,-1.85241,46.7823,-1.60822,47.2478,-0.294222,48.1567,-0.630938,2
11,660,65,-39.1202,-2.28465,55.1255,62.0995,55.9238,61.7997,54.7859,61.0582,54.4352,62.3528,55.512,63.3076,2
11,660,66,-38.8763,0.195674,31.6666,101.428,32.4344,101.668,31.6325,100.616,30.9971,101.229,31.705,102.363,2
11,660,67,26.116,-19.0784,0.546692,117.612,1.07185,117.738,0.725279,116.93,0.008081,117.455,0.405715,118.217,1
11,660,68,-23.3272,-15.7099,-25.996,143.799,-25.3568,143.809,-25.9837,143.22,-26.5708,143.775,-25.9857,144.4,9
11,660,73,22.8741,11.1082,12.2396,-16.0127,12.0068,-16.5654,11.7309,-15.7383,12.5038,-15.4092,12.7321,-16.2624,1
11,660,74,-36.0721,17.3665,48.3365,-4.32308,48.2737,-5.41157,47.5694,-3.97435,48.4174,-3.33324,49.2475,-4.72081,1
11,660,75,-27.622,15.0453,71.4666,55.6203,71.8688,54.1479,70.9304,54.4585,71.0926,57.0031,72.0532,57.0518,1
11,660,76,-28.0523,-22.0127,56.8336,127.522,57.6568,127.616,56.8892,126.437,56.1226,127.405,56.8025,128.651,3
11,660,77,24.1205,14.8824,19.2588,146.581,19.8369,146.811,19.4231,145.989,18.6096,146.342,19.0797,147.142,1
11,660,80,38.0219,-5.46634,-12.7842,10.3746,-12.8714,9.71798,-13.5126,10.6969,-12.6965,11.1193,-12.1546,10.0954,1
11,660,81,-36.4412,-3.79423,22.5713,21.0768,22.4326,20.2839,22.0019,21.3616,22.689,21.7725,23.2075,20.7439,1
11,660,82,-33.6371,18.3556,53.7739,50.3595,53.8915,49.3162,53.0754,50.3237,53.6855,51.3307,54.5883,50.4356,2
11,660,83,22.1206,-13.5048,60.1148,112.693,60.5322,112.127,59.7769,111.707,59.6703,113.237,60.4248,113.594,1
11,660,86,-20.6375,-4.51616,-19.985,-154.007,-19.4621,-153.852,-19.88,-154.521,-20.4718,-154.156,-20.0881,-153.464,1
11,660,87,37.5567,12.3352,-53.7174,-130.934,-52.9996,-130.864,-53.8564,-132.096,-54.5587,-131,-53.6044,-129.893,1
11,660,92,-15.4387,23.1995,0.878388,-130.11,1.4015,-130.087,0.955694,-130.679,0.347232,-130.105,0.76896,-129.483,1
11,660,94,-31.5442,-2.68673,-40.5639,-68.3808,-39.929,-68.6953,-40.8713,-69.0529,-41.1333,-68.0935,-40.2151,-67.6519,1
11,660,96,27.094,17.6404,-27.6336,24.1087,-27.6213,23.394,-28.2112,24.1505,-27.6251,24.9188,-27.081,24.097,1
11,660,97,30.9253,23.8098,-1.69991,51.3367,-1.79171,50.6043,-2.30732,51.4557,-1.56519,52.1937,-1.11372,51.2623,1
11,660,98,-29.5279,-4.64315,25.8517,71.0048,25.9106,70.2751,25.2807,71.0414,25.7929,71.6621,26.4726,70.9551,2
11,660,99,27.9462,8.84291,41.3277,112.848,41.6026,112.145,40.7672,112.584,41.024,113.629,41.8454,113.115,2
12,720,0,-23.2506,-3.95698,-54.5418,-68.3909,-53.9156,-68.0832,-54.4247,-69.3812,-55.1189,-68.6878,-54.6505,-67.3284,1
12,720,1,-23.0804,21.2221,-70.9524,18.3399,-70.6699,16.6794,-71.5671,17.3631,-71.1846,20.0535,-70.2616,19.4396,1
12,720,3,27.724,-4.484,-13.5091,83.9146,-13.7724,83.3365,-14.1044,84.3099,-13.2309,84.5426,-12.9697,83.5554,1
12,720,4,-26.9707,9.13938,24.0932,88.454,23.8345,87.7999,23.5314,88.8197,24.3462,89.0622,24.7207,88.0525,2
12,720,5,-21.8619,-16.5212,55.4278,103.592,55.1226,102.455,54.8892,103.989,55.6784,104.641,55.9706,103.131,1
12,720,6,33.7441,-17.5418,70.8623,-175.735,71.4594,-176.706,70.3248,-178.081,70.1948,-174.844,71.3113,-173.661,2
12,720,7,37.427,4.59684,44.2706,-117.176,44.9772,-116.705,44.391,-118.342,43.4517,-117.705,44.1422,-116.155,5
12,720,10,-36.8748,7.52458,34.4165,149.465,34.5849,148.624,33.7267,149.488,34.2753,150.217,35.2129,149.445,1
12,720,12,29.8129,-8.00679,41.5765,-116.437,42.1173,-116.626,41.321,-117.261,40.9879,-116.253,41.8056,-115.698,4
12,720,13,28.3227,-16.6992,21.1343,-82.4966,21.6804,-82.4492,21.1639,-83.2597,20.5605,-82.5726,21.1201,-81.8241,1
12,720,14,-17.9643,7.87748,-4.70146,-53.3321,-4.19512,-53.2688,-4.66487,-53.842,-5.19126,-53.3843,-4.74699,-52.7864,1
12,720,18,-30.1376,21.7678,-18.2443,100.239,-18.1609,99.6175,-18.9332,100.196,-18.2884,100.836,-17.4456,100.313,1
12,720,19,-27.1054,6.52602,7.23416,123.58,7.24574,122.997,6.67175,123.646,7.23199,124.123,7.85453,123.512,1
12,720,21,-27.6311,21.992,-78.0214,64.0853,-77.5663,62.5831,-78.4037,61.5877,-78.4328,65.7641,-77.5737,66.831,1
12,720,23,-40.5131,-3.40747,-19.9543,148.764,-20.3085,147.964,-20.4467,149.269,-19.6473,149.445,-19.3924,148.177,1
12,720,30,-33.208,-7.86855,0.16665,15.7343,0.618946,16.2839,0.542413,15.2894,-0.228078,15.2461,-0.235675,16.2322,1
12,720,31,24.2962,0.455537,-36.3016,7.94847,-35.986,8.4628,-35.8938,7.47518,-36.638,7.38905,-36.6808,8.39138,1
12,720,32,-23.816,20.4197,-74.3869,10.4397,-74.0564,11.9938,-73.9129,9.10748,-74.7194,8.92312,-74.9242,11.9787,2
12,720,37,-21.207,-2.12593,71.7011,178.296,71.2415,177.396,71.4607,179.686,72.1266,179.181,71.9414,176.78,2
12,720,38,-28.9021,17.9051,69.0863,27.3724,69.2982,28.8768,69.6427,26.5168,68.8506,26.003,68.4383,28.2534,2
12,720,39,-20.0454,2.18947,35.177,16.6673,35.4963,17.1746,35.5481,16.2552,34.87,16.193,34.7797,17.1013,1
12,720,40,25.2756,23.293,15.0569,33.2582,15.7336,33.2476,15.0484,32.6521,14.2814,33.2968,15.0286,33.8504,4
12,720,41,27.7737,5.81806,-11.7878,54.5571,-11.1973,54.6545,-11.7788,53.9275,-12.4404,54.4535,-11.8041,55.1408,1
12,720,43,1.04701,22.1502,-51.9307,132.724,-51.5509,132.132,-52.2437,132.039,-52.3135,133.389,-51.6154,133.459,1
12,720,44,2.74616,-23.4129,-44.1915,179.812,-44.1164,179.042,-44.7288,179.523,-44.2823,-179.462,-43.6815,-179.954,1
12,720,45,27.9183,-10.0495,-20.9174,-145.015,-20.9136,-145.625,-21.6022,-144.946,-20.9347,-144.363,-20.3041,-145.085,1
12,720,47,32.4468,17.2417,34.7356,-92.4204,34.8077,-93.2922,34.0817,-92.3784,34.6627,-91.4095,35.3446,-92.425,2
12,720,49,-30.887,-9.72176,45.9107,3.2986,46.6312,3.11204,45.7241,2.48834,45.2707,3.44887,46.1225,4.17585,2
12,720,52,-39.1883,2.37747,45.019,43.642,45.8851,43.68,44.7949,42.5956,44.2657,43.6233,45.2701,44.8655,2
12,720,53,-32.6383,0.0771782,19.1835,73.3038,19.902,73.4596,19.1773,72.6067,18.538,73.169,19.1912,74.081,1
12,720,56,34.2467,-0.913528,-55.0232,167.592,-54.4526,166.962,-55.5718,166.646,-55.6626,168.311,-54.532,168.414,1
12,720,57,-35.1074,0.0440113,-38.5256,-142.74,-38.254,-143.674,-39.214,-142.834,-38.7558,-141.905,-37.748,-142.642,1
12,720,61,13.0772,21.6094,-25.4615,-77.2302,-25.5644,-77.8185,-25.9632,-77.1688,-25.3252,-76.5922,-24.9494,-77.2649,1
12,720,62,-35.0684,9.09808,5.44825,-59.7233,5.44838,-60.4045,4.79499,-59.5654,5.46302,-59.1084,6.19964,-59.8975,3
12,720,63,-28.1739,7.80121,33.5618,-35.9295,33.5867,-36.6354,32.9825,-35.8596,33.5461,-35.2728,34.2053,-36.0003,1
12,720,64,28.4412,-13.6386,49.5672,5.4969,49.8396,4.76139,48.9463,5.03712,49.2553,6.25377,50.1219,5.89848,2
12,720,65,-36.9388,12.5499,52.3102,69.6325,53.0128,69.6019,52.1026,68.4991,51.6792,69.6947,52.5274,70.9753,1
12,720,66,29.7198,20.0045,22.9411,99.5515,23.6116,99.5756,22.9046,98.9085,22.1674,99.5467,22.9433,100.163,2
12,720,67,-23.3028,22.0873,-3.27597,125.446,-2.74761,125.58,-3.11952,124.85,-3.80149,125.344,-3.4747,126.116,5
12,720,68,31.3919,21.9491,-34.9833,144.95,-34.2711,144.942,-35.0452,144.206,-35.8154,144.987,-34.9556,145.656,1
12,720,71,-38.0406,3.2704,-47.5536,-55.3658,-47.5131,-56.5683,-48.2694,-55.0866,-47.569,-54.309,-46.7272,-55.6803,1
12,720,72,-29.0994,-4.22526,-17.3492,-33.4573,-17.5696,-34.1364,-17.8792,-33.1689,-17.1501,-32.8444,-16.7761,-33.7772,1
12,720,73,20.238,10.2249,15.7244,-15.1102,15.5034,-15.6514,15.2248,-14.8529,15.9718,-14.5252,16.2108,-15.3468,1
12,720,74,-38.4127,-9.51896,49.0444,-4.58711,48.8204,-5.945,48.4246,-4.0817,49.2161,-3.41764,49.7305,-5.20359,2
12,720,75,39.3667,2.32402,64.813,64.083,65.3963,62.9218,64.0882,63.0414,64.1229,65.3635,65.4315,65.053,2
12,720,76,33.6665,16.3535,46.7569,126.629,47.4959,126.797,46.7308,125.626,45.8941,126.464,46.7447,127.553,6
12,720,80,-35.061,-9.54618,-6.47551,5.4225,-6.66091,4.68293,-7.01585,5.68266,-6.32002,6.06795,-5.88546,5.11972,1
12,720,81,-38.9972,-1.18465,26.2974,22.6252,26.1897,21.7548,25.6852,22.9406,26.3897,23.3811,26.9959,22.2518,2
12,720,82,-5.85929,-18.9283,52.0247,53.5231,52.0011,52.675,51.5345,53.4331,52.0244,54.3213,52.5025,53.5821,1
12,720,83,36.3253,10.7098,57.1321,123.179,57.7591,122.659,56.7065,122.205,56.4067,123.776,57.4939,124.096,6
12,720,86,-24.5604,14.9923,-24.5589,-150.795,-24.0498,-150.605,-24.4136,-151.4,-25.0524,-150.958,-24.7316,-150.123,1
12,720,91,18.9516,-0.252838,23.1818,-157.526,23.6912,-157.546,23.1273,-158.11,22.6438,-157.507,23.2304,-156.973,1
12,720,94,33.2604,-21.4842,-47.0276,-69.3389,-46.4506,-69.6025,-47.3244,-70.5662,-47.654,-69.107,-46.7468,-68.3193,1
12,720,96,-38.5529,5.19928,-21.0614,21.3439,-20.8557,20.5434,-21.7833,21.372,-21.2273,22.0526,-20.2237,21.3135,1
12,720,98,-34.4559,-19.0032,27.7815,72.0594,27.7724,71.0661,27.1716,72.1315,27.7659,72.9041,28.4366,71.9408,1
12,720,99,16.3512,11.2918,43.6026,117.218,43.8503,116.582,43.1461,116.9,43.3417,117.902,44.0421,117.549,1
13,780,1,-17.892,-8.84026,-71.2584,20.3855,-71.0456,18.5682,-71.7886,19.8273,-71.448,22.1033,-70.7049,20.8967,1
13,780,3,-27.1927,14.4361,-6.43185,79.6967,-6.67765,79.0943,-7.03377,80.0271,-6.17774,80.2569,-5.74617,79.3393,1
13,780,4,-31.547,0.443901,26.9473,88.4029,26.6465,87.6426,26.3957,88.8326,27.2189,89.0899,27.5565,87.9174,3
13,780,9,6.83004,17.2056,-27.7597,-88.1683,-27.2505,-87.8969,-27.4938,-88.7108,-28.3081,-88.4402,-28.0469,-87.6221,1
13,780,11,-35.5896,13.0175,52.6586,-159.571,53.1661,-160.311,52.0865,-160.239,52.2088,-158.889,53.3108,-158.757,1
13,780,14,-25.6169,18.5855,-7.88874,-49.7791,-7.34122,-49.6848,-7.81811,-50.392,-8.41976,-49.8451,-7.98604,-49.0888,2
13,780,15,38.595,-3.1616,-36.3441,-28.5503,-35.673,-28.4752,-36.4994,-29.5334,-37.109,-28.6504,-36.2041,-27.7022,2
13,780,19,-15.7384,-11.1566,8.18947,125.624,8.12916,125.077,7.70288,125.669,8.2357,126.135,8.685,125.565,1
13,780,21,-22.813,-7.92338,-78.526,68.6675,-78.1337,66.6497,-78.9047,67.0285,-78.8782,70.6232,-78.1121,70.2417,1
13,780,23,-34.1221,-10.3754,-17.0498,150.057,-17.4404,149.406,-17.4765,150.466,-16.7135,150.627,-16.592,149.596,1
13,780,25,-29.6876,-11.0211,53.685,164.961,53.3273,164.022,53.2632,165.522,53.9895,165.818,54.125,164.325,1
13,780,28,29.8935,-9.86178,17.0431,-29.4147,17.4543,-29.0484,17.4044,-29.9911,16.6087,-29.8196,16.7261,-28.8985,1
13,780,32,30.707,-18.8494,-73.4099,-7.20956,-73.2173,-5.38215,-72.6974,-8.15658,-73.5678,-9.22099,-74.0172,-6.26615,1
13,780,38,-30.034,10.5242,66.0896,25.484,66.3256,26.8336,66.5914,24.6528,65.8467,24.2704,65.515,26.3609,1
13,780,39,32.9471,8.17354,31.0088,10.451,31.4146,11.0082,31.3953,9.86101,30.5413,9.83033,30.6442,10.9751,2
13,780,41,-21.2148,-23.7311,-9.55602,58.4727,-8.83299,58.4474,-9.493,57.9089,-10.1949,58.472,-9.5852,59.0417,1
13,780,44,-34.4207,18.2169,-36.698,-174.387,-36.4479,-175.178,-37.4459,-174.567,-36.8937,-173.64,-35.8236,-174.156,1
13,780,47,25.1648,-14.8871,35.6834,-92.908,35.7856,-93.5781,35.0067,-93.0477,35.5516,-92.2143,36.2912,-92.7975,1
13,780,49,28.1236,24.6503,36.9734,6.79605,37.6762,6.56331,36.8066,6.06224,36.1608,7.09559,37.0917,7.52287,1
13,780,51,14.3906,16.012,50.2842,-3.5037,50.6772,-4.1462,49.8995,-4.10014,49.8668,-2.80244,50.65,-2.87916,2
13,780,58,37.8951,1.89766,-16.6021,-103.694,-16.5833,-104.473,-17.4064,-103.46,-16.6235,-102.798,-15.8956,-103.889,1
13,780,61,19.288,-4.35299,-24.6594,-75.9967,-24.6995,-76.5442,-25.1984,-75.9164,-24.621,-75.4226,-24.1548,-76.0745,1
13,780,62,28.2618,-12.0289,3.39147,-54.0971,3.35015,-54.643,2.72538,-53.9893,3.41748,-53.5138,3.98386,-54.2032,2
13,780,63,-35.4401,-10.8966,35.5674,-35.4662,35.5415,-36.4425,34.9678,-35.3004,35.5749,-34.6201,36.2254,-35.6769,1
13,780,64,38.2257,-12.5032,49.5401,11.3083,49.9614,10.5415,48.7558,10.6919,49.0431,12.1253,50.2083,11.8336,1
13,780,67,-33.4875,-3.90878,-3.66471,126.844,-2.98193,127.02,-3.63692,126.241,-4.27072,126.687,-3.68626,127.514,10
13,780,71,-36.4461,-7.30621,-45.6418,-53.1362,-45.7132,-54.3409,-46.2819,-52.8183,-45.5742,-52.0939,-44.9289,-53.5064,1
13,780,72,-31.2116,16.4761,-11.7252,-31.6113,-11.8775,-32.2598,-12.384,-31.3401,-11.5557,-31.0134,-10.9605,-31.9049,1
13,780,77,-23.6423,-5.59015,15.8657,152.631,16.431,152.908,16.0584,152.09,15.3471,152.374,15.6678,153.208,1
13,780,78,39.1612,3.20662,-20.9124,159.873,-20.2643,160.299,-20.712,158.997,-21.6629,159.371,-21.0934,160.634,1
13,780,79,25.6821,-4.13217,-52.0962,-179.069,-51.5523,-178.797,-51.9696,179.911,-52.6771,-179.381,-52.2021,-178.13,1
13,780,80,22.0122,14.9605,-3.50099,12.6755,-3.68134,12.1553,-3.98423,12.8703,-3.28837,13.2447,-3.02694,12.504,1
13,780,84,-31.9005,22.8433,34.6193,175.5,35.1766,175.787,34.8303,174.671,34.0777,175.273,34.3409,176.459,1
13,780,91,32.5435,7.7022,19.0315,-155.154,19.6728,-155.149,18.903,-155.832,18.3064,-155.154,19.134,-154.532,1
13,780,96,25.884,20.3392,-22.206,29.8308,-22.236,29.1405,-22.7738,29.8857,-22.1471,30.614,-21.6552,29.809,2
13,780,97,-38.5431,-8.05681,6.01893,48.5629,6.05433,47.6965,5.36159,48.7147,5.9826,49.3046,6.75852,48.3724,1
13,780,98,-36.5693,-4.45128,31.5276,76.2387,31.6637,75.3325,30.8767,76.294,31.4025,77.0274,32.2597,76.1622,2
14,840,1,17.8519,-5.36193,-71.9421,37.0239,-71.8777,35.2385,-72.5499,36.8956,-71.9994,38.8936,-71.3717,37.1232,1
14,840,4,35.6861,-3.62606,27.8752,97.0806,27.6596,96.3077,27.1484,97.5788,28.1016,97.9578,28.5103,96.6389,1
14,840,21,19.4263,13.3834,-80.024,104.07,-79.9543,101.117,-80.5217,103.849,-80.0579,107.328,-79.5409,104.346,1
14,840,25,-18.6446,11.892,59.0998,169.241,58.8822,168.377,58.6501,169.699,59.3175,170.08,59.5898,168.749,1
14,840,26,39.6683,-2.47704,75.7809,-94.4747,76.4245,-95.2696,75.3202,-97.0999,75.036,-93.6789,76.1522,-92.0736,1
14,840,28,-14.8454,18.7352,11.4715,-24.571,11.8602,-24.2737,11.7966,-24.9799,11.0699,-24.8511,11.1028,-24.1378,1
14,840,29,-28.4335,20.3647,-24.0743,-16.767,-23.6501,-16.3663,-23.6931,-17.3205,-24.4972,-17.1285,-24.5256,-16.1416,1
14,840,32,39.8781,7.11245,-78.6095,-24.3694,-78.5527,-20.6819,-77.8879,-25.692,-78.6212,-28.7208,-79.2415,-23.1429,2
14,840,33,-18.967,-11.3806,-64.9286,-165.751,-65.3548,-166.617,-65.2418,-164.854,-64.5368,-164.959,-64.6102,-166.674,1
14,840,34,-31.6236,15.7893,-26.45,-169.768,-26.8149,-170.308,-26.902,-169.242,-26.09,-169.285,-25.9177,-170.355,1
14,840,36,-30.7823,20.2963,45.7707,-174.813,45.3652,-175.433,45.3237,-174.09,46.1732,-174.25,46.2989,-175.645,1
14,840,38,20.2486,-1.22476,64.0463,13.8737,64.3634,14.7532,64.426,13.0168,63.707,12.961,63.6847,14.6582,1
14,840,46,-33.3022,-3.89503,17.3221,-122.272,17.303,-123.042,16.7093,-122.123,17.3354,-121.588,17.9995,-122.448,1
14,840,49,33.227,9.51478,35.2149,8.224,35.8909,8.14967,35.0125,7.43183,34.4452,8.31751,35.3794,8.95497,1
14,840,51,33.8133,4.43895,47.9414,0.183823,48.5029,-0.419933,47.3887,-0.535455,47.3034,0.853351,48.428,0.855062,3
14,840,57,24.0056,-6.78103,-39.4049,-131.59,-39.3128,-132.314,-40.0505,-131.657,-39.5082,-130.822,-38.8131,-131.537,1
14,840,59,-22.0163,9.17302,18.8042,-83.162,18.7967,-83.7772,18.2202,-83.1051,18.8219,-82.575,19.4414,-83.2151,1
14,840,60,-37.9015,8.03771,-42.2312,-107.871,-41.9371,-108.779,-42.9391,-107.987,-42.4717,-107.05,-41.4089,-107.731,1
14,840,61,27.6948,14.206,-20.7708,-71.8636,-20.8649,-72.5056,-21.325,-71.6986,-20.6485,-71.1449,-20.2422,-71.9982,1
14,840,62,31.5376,-0.500901,7.16424,-51.1907,7.12478,-51.7834,6.52909,-51.0239,7.20328,-50.5345,7.73772,-51.3394,1
14,840,63,28.8426,-2.20246,34.7178,-26.3467,34.7809,-27.0241,34.0912,-26.3206,34.6397,-25.6103,35.2877,-26.3709,1
14,840,64,-30.6603,12.2137,57.4515,19.1524,57.8753,18.3355,56.9354,18.4872,57.0662,19.9169,58.0249,19.9466,1
14,840,70,14.9926,-11.9368,-69.8543,-99.0635,-69.5748,-100.336,-70.3373,-100.019,-70.141,-97.7569,-69.3938,-98.2376,1
14,840,71,-15.8783,23.3506,-41.1147,-45.5454,-41.2531,-46.2542,-41.7126,-45.4103,-40.941,-44.8417,-40.4459,-45.66,1
14,840,77,31.1692,8.76351,9.04453,149.254,9.64023,149.544,9.21739,148.604,8.36914,148.935,8.87067,149.847,1
14,840,80,21.8844,2.41109,-1.13577,13.6397,-1.27117,13.1489,-1.63502,13.8268,-0.989538,14.1657,-0.664146,13.4671,1
14,840,84,33.1961,-9.1948,30.848,169.579,31.3989,169.787,30.9448,168.749,30.2486,169.337,30.7653,170.309,1
14,840,86,-34.5217,20.6069,-30.9339,-145.002,-30.3406,-144.729,-30.7732,-145.836,-31.4959,-145.22,-31.1384,-144.019,1
14,840,88,10.5261,17.0233,-57.6771,-40.516,-57.5908,-41.4321,-58.1464,-40.7081,-57.7466,-39.5252,-57.2068,-40.2951,1
14,840,89,27.2916,-5.71153,-33.5642,-4.73231,-33.6397,-5.3642,-34.154,-4.54013,-33.4881,-4.05235,-33.0291,-4.909,1
14,840,90,-24.2628,-2.96317,42.7416,176.197,43.3094,175.975,42.5432,175.522,42.2165,176.396,42.9543,176.921,1
14,840,92,25.7214,0.276644,-8.36996,-127.277,-7.82241,-127.226,-8.38731,-127.877,-8.96249,-127.335,-8.35534,-126.723,1
14,840,96,-37.5854,4.60844,-16.1663,26.805,-16.0073,26.036,-16.8662,26.8604,-16.2938,27.4875,-15.3596,26.743,2
14,840,98,-32.6808,0.491459,33.8633,80.3271,34.0124,79.5252,33.2477,80.3143,33.7285,81.0465,34.5494,80.338,2
15,900,0,35.3627,5.18922,-68.1987,-66.7966,-67.4855,-66.2045,-68.1424,-68.9237,-69.0122,-67.5145,-68.2383,-64.8919,1
15,900,1,13.5023,-15.5465,-69.7485,41.8765,-69.7553,40.2627,-70.376,41.7763,-69.7463,43.4945,-69.1661,41.921,1
15,900,2,13.2138,14.7882,-35.0344,74.5087,-35.3165,73.8915,-35.5239,74.8374,-34.714,75.158,-34.5374,74.2048,1
15,900,4,22.7501,18.2633,34.175,97.4141,33.8621,96.7076,33.6448,97.7747,34.5386,98.2,34.7027,97.0878,3
15,900,21,13.4039,23.431,-76.3308,118.434,-76.4339,116.209,-76.8206,118.663,-76.1726,120.819,-75.8282,118.323,1
15,900,25,-19.7909,-7.88905,61.1471,169.993,60.886,169.015,60.7295,170.493,61.3777,170.921,61.5754,169.441,1
15,900,26,-29.439,9.1494,78.203,-59.4,78.758,-58.5838,78.2594,-62.2262,77.6829,-60.035,78.0996,-56.2866,1
15,900,32,-12.6817,22.5029,-85.5115,-10.5271,-85.2956,-4.92883,-84.9987,-12.348,-85.7078,-16.6516,-86.0745,-8.29333,4
15,900,35,28.2338,23.1918,14.2662,-166.201,13.7381,-166.622,13.9323,-165.723,14.8915,-165.732,14.6151,-166.643,1
15,900,38,32.976,-3.07658,60.4847,10.5298,60.8451,11.479,60.9199,9.46486,60.0835,9.49358,60.0898,11.4562,1
15,900,45,38.7495,11.5407,-11.1945,-135.694,-11.2422,-136.498,-11.9242,-135.416,-11.1247,-134.747,-10.5392,-135.918,1
15,900,49,-37.2151,-1.40355,39.0673,16.2311,39.8666,16.3174,38.9329,15.3591,38.368,16.1609,39.2197,17.225,1
15,900,50,37.9991,0.503049,39.916,-44.6524,40.2108,-45.5425,39.0763,-44.7824,39.5642,-43.6431,40.648,-44.5282,1
15,900,51,37.9955,-10.6067,47.1118,2.76802,47.743,2.28777,46.4886,1.74016,46.3885,3.26242,47.6416,3.65466,1
15,900,54,-30.9393,4.65625,-17.8802,103.063,-17.2029,103.187,-17.8897,102.377,-18.4995,102.96,-17.8693,103.83,1
15,900,58,-40.0391,-3.6317,-5.86903,-106.588,-5.8323,-107.528,-6.60457,-106.374,-5.89769,-105.785,-5.02409,-106.848,1
15,900,61,-35.2892,14.8699,-13.993,-74.5792,-13.9446,-75.267,-14.6985,-74.4718,-14.0106,-73.9505,-13.1684,-74.6883,2
15,900,64,-32.1279,23.4615,58.1067,28.3418,58.6047,27.6346,57.6112,27.3095,57.6552,29.052,58.66,29.6287,1
15,900,69,-0.777844,22.2969,-54.9716,-152.487,-54.6249,-153.117,-55.2888,-153.173,-55.3169,-151.783,-54.6487,-151.747,1
15,900,71,-31.7654,17.0639,-37.3561,-45.632,-37.4195,-46.4582,-38.0564,-45.4045,-37.2635,-44.8674,-36.5418,-45.8671,1
15,900,77,28.6997,-16.6504,8.15126,149.681,8.66785,149.968,8.49254,148.981,7.61816,149.354,7.86467,150.301,1
15,900,80,32.9205,-0.902412,1.41171,16.0565,1.29689,15.4766,0.799401,16.3164,1.53487,16.7024,1.96115,15.8253,2
15,900,88,21.2468,-18.3318,-58.1021,-38.7082,-57.9922,-39.6439,-58.7026,-39.0306,-58.2294,-37.756,-57.5571,-38.456,1
15,900,94,-35.5174,2.35449,-43.4096,-48.6504,-42.7949,-49.1726,-43.885,-49.2814,-43.9507,-48.1689,-42.8653,-47.9478,1
15,900,95,21.6271,23.6238,-39.4234,3.15157,-39.3356,2.35261,-39.9624,3.02144,-39.4913,4.06247,-38.8942,3.31932,1
16,960,0,-18.496,-12.5597,-66.0263,-52.6467,-65.3769,-52.7302,-66.0427,-54.0365,-66.6243,-52.5963,-65.9793,-51.225,1
16,960,1,26.3415,-1.69264,-66.6402,53.1522,-66.7119,51.6137,-67.2941,53.5975,-66.5507,54.8078,-66.0389,52.765,1
16,960,4,20.5472,4.64134,36.3794,97.8303,36.1481,97.1638,35.8465,98.1744,36.6271,98.5487,36.8878,97.5069,6
16,960,5,15.6292,-15.0546,66.0694,126.423,66.0637,125.04,65.429,126.329,66.043,127.82,66.6607,126.478,1
16,960,6,-27.0575,24.4294,64.1758,-122.822,64.7822,-122.272,64.4392,-124.495,63.5693,-123.244,63.8185,-120.944,3
16,960,7,-29.7064,21.9151,30.9612,-101.948,31.495,-101.467,31.3881,-102.716,30.4274,-102.366,30.4362,-101.079,8
16,960,9,-17.0566,12.5573,-37.2454,-82.2521,-36.7356,-81.9259,-36.9881,-82.9171,-37.7505,-82.5571,-37.5313,-81.5348,1
16,960,12,40.4668,-3.2594,32.5566,-101.411,33.2635,-101.402,32.289,-102.377,31.7408,-101.435,32.7784,-100.579,1
16,960,13,16.3804,-12.0457,10.5044,-71.3553,10.9943,-71.3173,10.5588,-71.9152,10.0056,-71.4077,10.4633,-70.8344,3
16,960,14,30.1146,-22.1533,-16.7394,-49.4889,-16.1767,-49.4012,-16.6065,-50.3194,-17.3229,-49.6186,-16.8307,-48.771,11
16,960,21,36.6813,10.0981,-75.1991,132.433,-75.3819,129.861,-75.7719,133.884,-74.9444,135.319,-74.6693,131.278,1
16,960,22,-18.2692,-11.5082,-41.3482,145.045,-41.6422,144.432,-41.7526,145.391,-41.0813,145.615,-40.9383,144.68,1
16,960,23,-34.3247,9.60269,-3.88049,151.727,-4.1542,151.146,-4.38387,152.122,-3.61802,152.247,-3.2996,151.281,1
16,960,25,-26.9091,-12.8706,64.4985,170.413,64.1844,169.13,64.0589,171.048,64.7606,171.598,64.9508,169.685,1
16,960,26,-38.3621,-8.89619,77.0764,-50.3277,77.8311,-48.8924,77.139,-53.1559,76.4258,-51.4563,76.9879,-47.1661,1
16,960,29,14.932,-13.5725,-29.1984,-20.4269,-28.8093,-20.1158,-28.871,-20.9081,-29.5831,-20.7576,-29.4922,-19.9689,1
16,960,30,-28.5989,-21.0796,-13.6664,13.6083,-13.1044,14.1225,-13.2931,13.1951,-14.1408,13.1453,-14.0315,14.0629,2
16,960,31,-23.1838,21.1696,-53.6682,11.26,-53.3331,11.9578,-53.2003,10.6375,-54.0138,10.5952,-54.2055,11.9507,1
16,960,32,-9.34743,-17.5634,-85.6659,-15.832,-85.438,-9.62301,-85.193,-17.3543,-85.8136,-22.2321,-86.1223,-13.7202,4
16,960,34,16.1613,-17.1799,-21.7508,-165.812,-22.1212,-166.163,-22.1623,-165.383,-21.3901,-165.445,-21.3829,-166.214,1
16,960,38,31.9371,23.2529,53.9704,10.3633,54.5111,11.1788,54.3238,9.51926,53.3111,9.46298,53.6003,11.1108,1
16,960,39,37.6416,0.123079,20.4547,8.72289,20.8375,9.29639,20.9191,8.09198,20.0193,8.06887,20.0422,9.26981,1
16,960,40,31.0575,8.06778,4.21502,40.4422,4.84956,40.5445,4.19909,39.7896,3.5002,40.3341,4.216,41.0418,2
16,960,41,28.4794,-0.281298,-23.0332,63.0983,-22.453,63.1955,-23.031,62.3984,-23.667,62.9876,-23.0347,63.7376,1
16,960,42,37.3966,-14.9194,-47.2264,93.4769,-46.5595,93.4653,-47.4121,92.1294,-47.9671,93.4434,-47.0442,94.6053,1
16,960,43,-32.9769,11.3372,-47.5495,153.449,-47.0963,152.719,-48.1374,152.923,-47.9462,154.147,-46.8799,154.049,1
16,960,47,-22.0595,-17.2549,45.6701,-85.0028,45.7655,-85.9494,45.1372,-85.1461,45.5621,-84.1586,46.2215,-84.8859,1
16,960,49,-12.6365,-23.0364,35.8655,15.3085,36.4837,15.1604,35.8668,14.6378,35.2995,15.4146,35.8879,15.9636,1
16,960,51,12.2431,16.7903,48.8181,13.0821,49.2887,12.6183,48.5421,12.384,48.3184,13.5943,49.0737,13.8059,1
16,960,52,31.3858,-19.2154,31.2952,49.2072,31.9218,49.2326,31.2786,48.1848,30.6301,49.1395,31.3218,50.0868,6
16,960,53,-22.5221,-2.21599,6.93244,80.8656,7.53819,80.9595,6.96861,80.3001,6.3691,80.7779,6.8977,81.4682,2
16,960,57,-38.012,-12.6305,-30.1648,-130.932,-30.0488,-132.039,-30.8674,-130.837,-30.2665,-129.994,-29.3809,-131.07,1
16,960,58,-30.6209,16.084,-2.10114,-102.029,-2.07108,-102.688,-2.81172,-101.961,-2.10251,-101.411,-1.28461,-102.089,1
16,960,59,28.7233,-0.171171,20.4489,-75.0909,20.4735,-75.7461,19.779,-75.0087,20.4159,-74.3737,21.0603,-75.1639,1
16,960,60,26.3661,0.904471,-42.9596,-95.953,-42.895,-96.694,-43.547,-95.9398,-43.0254,-95.1465,-42.4168,-95.9609,1
16,960,61,-35.0419,18.1388,-10.6894,-72.2583,-10.6476,-72.9297,-11.4194,-72.1616,-10.6959,-71.6396,-9.82913,-72.3519,2
16,960,62,-38.3905,-12.238,16.2327,-53.62,16.1159,-54.532,15.6227,-53.3771,16.3191,-52.8435,16.9072,-53.919,1
16,960,64,33.1427,0.289348,51.9102,30.4484,52.3857,29.827,51.384,29.7598,51.3736,31.1226,52.3763,31.0842,1
16,960,65,31.9608,16.1754,37.8582,80.9801,38.5261,80.8925,37.697,80.2228,37.0909,81.0996,37.9795,81.695,2
16,960,66,36.9874,-11.3213,13.0727,105.599,13.6754,105.802,13.153,104.745,12.408,105.353,13.0104,106.332,8
16,960,67,-32.9293,-13.104,-12.1218,132.22,-11.3677,132.331,-12.1176,131.621,-12.7775,132.111,-12.1026,132.87,2
16,960,71,-31.6387,-7.29962,-36.3969,-45.1655,-36.5658,-46.0657,-36.9653,-44.8654,-36.2465,-44.368,-35.78,-45.5044,1
16,960,72,38.811,-9.24786,-6.53672,-22.3748,-6.69884,-23.0718,-7.35201,-21.9261,-6.37377,-21.5809,-5.8455,-22.7612,1
16,960,73,27.8092,-9.15203,27.4133,-9.62461,27.2665,-10.2573,26.762,-9.35241,27.5531,-8.94091,27.9954,-9.87996,1
16,960,74,-36.6618,-6.53756,61.8461,9.71288,61.8189,7.92657,61.1873,10.0829,61.8474,11.2638,62.5809,9.24492,1
16,960,75,32.287,21.5969,61.1211,100.646,61.8648,100.193,60.8583,99.3862,60.252,101.201,61.3216,101.878,1
16,960,76,30.3399,12.1056,34.6715,136.208,35.308,136.458,34.7656,135.43,33.9463,135.944,34.5608,136.926,2
16,960,80,-28.7733,-16.991,6.01683,11.8373,5.767,11.1704,5.51766,12.0481,6.2218,12.4291,6.53389,11.5913,1
16,960,81,37.5819,1.90526,35.2184,38.8356,35.2157,38.0243,34.5093,39.0851,35.2127,39.7644,35.8437,38.6204,1
16,960,82,-20.5509,14.9162,62.5611,80.4417,62.8155,79.4718,62.0846,79.898,62.3224,81.388,63.075,81.0861,6
16,960,83,25.285,-14.9469,52.4532,142.838,52.9697,142.757,52.3743,141.792,51.9112,142.889,52.5287,143.776,1
16,960,86,35.3839,1.10967,-39.2476,-148.394,-38.6506,-148.146,-39.1964,-149.293,-39.9206,-148.683,-39.2921,-147.595,1
16,960,88,-21.5669,19.2268,-50.8242,-32.7856,-50.7343,-33.5966,-51.3856,-32.9328,-50.8834,-31.9825,-50.201,-32.5966,1
16,960,91,38.1378,9.09256,10.4937,-147.82,11.2287,-147.761,10.3354,-148.566,9.63499,-147.881,10.6153,-147.154,1
16,960,92,-30.234,1.56408,-10.3437,-118.592,-9.70575,-118.523,-10.3845,-119.193,-10.9251,-118.651,-10.2963,-117.929,1
16,960,95,2.3318,21.7241,-36.1341,5.38303,-36.0584,4.75425,-36.6235,5.21771,-36.1888,6.05618,-35.6265,5.58137,1
16,960,96,-21.2139,-3.56076,-12.8568,32.674,-12.8434,32.0941,-13.3734,32.6994,-12.8703,33.2147,-12.3111,32.6419,2
16,960,97,-29.265,-12.6774,13.2107,56.2981,13.1829,55.5721,12.6516,56.3726,13.2227,56.942,13.8058,56.1979,1
16,960,98,-30.2596,14.8922,38.9284,89.1053,39.1378,88.3653,38.2907,88.9307,38.7494,89.8029,39.6513,89.327,4
16,960,99,20.7804,7.05952,45.2792,136.815,45.6559,136.277,44.8708,136.319,44.874,137.394,45.6611,137.305,2
17,1020,8,-6.34626,23.171,-7.79401,-93.8734,-7.2867,-93.6138,-7.45787,-94.3643,-8.33589,-94.1189,-8.17881,-93.357,1
17,1020,9,26.3941,9.53144,-41.9841,-86.315,-41.4091,-85.9095,-41.7526,-87.1227,-42.6244,-86.762,-42.2101,-85.5585,1
17,1020,18,-35.2321,0.708919,-5.48844,110.152,-5.44393,109.44,-6.11358,110.268,-5.52276,110.785,-4.78353,110.019,1
17,1020,20,8.8195,22.1622,-70.2773,0.883331,-69.7835,1.21577,-70.1117,-0.454845,-70.8162,0.567891,-70.4596,2.26251,1
17,1020,21,-34.8173,15.2387,-68.0351,120.605,-68.0022,118.905,-68.7073,120.918,-68.0258,122.164,-67.2504,120.301,1
17,1020,22,-21.9081,-24.1425,-38.7938,145.154,-39.2207,144.477,-39.2392,145.498,-38.431,145.761,-38.3618,144.779,1
17,1020,25,-10.6144,24.2651,70.5401,-179.219,70.3692,179.404,70.0259,-178.897,70.7308,-177.8,71.108,-179.52,1
17,1020,26,-14.6552,-22.065,73.4018,-53.8699,73.9831,-53.6008,73.5394,-55.5526,72.8764,-54.1637,73.2764,-52.2113,1
17,1020,27,-17.9399,11.6748,36.3372,-29.8427,36.7284,-29.471,36.6263,-30.3557,35.9477,-30.1883,36.0141,-29.3002,1
17,1020,28,-29.8596,-11.1413,3.08545,-22.4478,3.62621,-22.0572,3.35004,-22.9183,2.61,-22.8019,2.81521,-21.9343,1
17,1020,32,-10.064,-18.4603,-88.0534,-74.6427,-88.3119,-59.5661,-87.6721,-66.2993,-87.7109,-84.6752,-88.3857,-86.017,1
17,1020,34,-37.5264,12.2494,-15.3719,-171.685,-15.7658,-172.288,-15.8388,-171.115,-15,-171.159,-14.8148,-172.341,1
17,1020,35,-26.676,20.5177,21.265,-172.269,20.8889,-172.709,20.8222,-171.794,21.6471,-171.865,21.7831,-172.799,1
17,1020,36,-34.2187,9.42463,55.8883,-178.541,55.4254,-179.354,55.5375,-177.572,56.3146,-177.806,56.2867,-179.664,1
17,1020,38,-16.6605,-11.8785,53.3491,17.4524,53.7029,18.1522,53.7218,16.9312,53.0244,16.8022,52.9743,17.9928,1
17,1020,46,-29.2577,16.5983,27.2534,-113.226,27.3063,-113.917,26.5836,-113.205,27.2257,-112.573,28.0177,-113.231,1
17,1020,49,36.7276,-6.50677,28.7236,15.7657,29.3881,15.8536,28.612,14.8321,27.9787,15.6512,28.8186,16.5769,3
17,1020,51,-37.4083,-5.91466,53.3491,17.4525,54.1675,16.9195,52.9287,16.4984,52.639,17.893,53.8277,18.5383,2
17,1020,54,-20.8442,-9.06628,-23.1517,106.093,-22.5246,106.102,-23.1629,105.495,-23.7294,106.076,-23.1251,106.717,1
17,1020,57,-33.2753,5.5826,-26.7725,-125.671,-26.6451,-126.465,-27.46,-125.635,-26.8727,-124.949,-25.9947,-125.707,1
17,1020,59,-37.4137,-14.4676,26.6152,-79.4525,26.5605,-80.5353,25.9416,-79.2564,26.642,-78.5354,27.3558,-79.7085,1
17,1020,61,-20.0539,-6.70565,-10.6801,-70.3862,-10.7648,-70.9477,-11.1719,-70.2856,-10.6055,-69.8637,-10.1675,-70.4996,1
17,1020,64,-21.7925,-1.05076,56.7345,36.9981,57.1771,36.392,56.3937,36.3004,56.318,37.5529,57.0948,37.7515,2
17,1020,71,-36.4739,13.3828,-30.7265,-42.711,-30.7947,-43.5703,-31.455,-42.4046,-30.635,-41.9405,-29.8679,-43.0492,1
17,1020,80,24.2485,16.6143,9.98083,19.0865,9.79609,18.5329,9.48407,19.2889,10.2013,19.7004,10.4668,18.9108,2
17,1020,86,25.3752,11.2076,-42.458,-143.846,-41.9054,-143.731,-42.4283,-144.585,-43.0707,-143.961,-42.4959,-143.147,1
17,1020,88,32.1023,-17.004,-54.2246,-27.3732,-54.1375,-28.3298,-54.9907,-27.4579,-54.3368,-26.3497,-53.5599,-27.3273,1
17,1020,92,37.2319,-10.275,-16.7429,-121.922,-16.1053,-121.787,-16.7668,-122.807,-17.4515,-122.095,-16.7115,-121.162,1
17,1020,95,-34.2872,-6.79849,-32.5291,3.98286,-32.3134,3.12979,-33.1445,3.92195,-32.718,4.73455,-31.8463,4.03343,1
18,1080,2,-25.8167,5.42209,-24.0309,73.1549,-24.2712,72.4967,-24.578,73.4923,-23.7957,73.7629,-23.4282,72.7922,1
18,1080,3,-16.8604,23.3467,12.1057,84.7142,11.8214,84.1883,11.5109,84.9852,12.4205,85.2296,12.7803,84.4354,1
18,1080,9,26.7944,18.2152,-46.4773,-84.5341,-45.8256,-84.1352,-46.2661,-85.4129,-47.2248,-84.9714,-46.7006,-83.7013,1
18,1080,18,-31.997,15.4313,-1.75325,113.661,-1.69622,113.044,-2.41639,113.708,-1.7826,114.236,-0.990353,113.623,1
18,1080,20,31.7572,4.16428,-73.2894,-2.40345,-72.7578,-1.571,-73.1314,-4.47474,-73.8798,-3.38966,-73.422,-0.49321,1
18,1080,22,-26.9103,22.1789,-30.7232,146.583,-30.9634,146.007,-31.2805,146.927,-30.4609,147.12,-30.0725,146.215,1
18,1080,25,-31.112,-2.79259,72.6544,176.916,72.4564,174.897,72.1552,177.751,72.8145,178.771,73.1957,175.925,1
18,1080,27,-21.7362,-11.2328,34.6108,-29.2643,35.0888,-28.8801,34.8698,-29.7734,34.1772,-29.6213,34.3504,-28.729,1
18,1080,32,6.12574,-23.961,-85.4561,-122.814,-85.9716,-121.923,-85.4865,-115.742,-84.9604,-123.218,-85.3896,-129.234,1
18,1080,34,-34.7641,9.97085,-11.8635,-171.677,-12.2582,-172.216,-12.2874,-171.159,-11.4922,-171.2,-11.3693,-172.263,1
18,1080,35,-0.0473298,22.52,25.1565,-170.191,24.7667,-170.528,24.8013,-169.81,25.5822,-169.852,25.5472,-170.579,1
18,1080,37,-19.4229,20.7315,81.6025,42.8778,81.6806,46.373,82.1595,42.2478,81.4709,39.5288,80.9791,43.3591,1
18,1080,38,-17.5618,-7.06927,49.151,16.5949,49.4869,17.228,49.5164,16.108,48.8376,16.0045,48.7756,17.1014,1
18,1080,46,37.9566,1.44062,24.1776,-106.321,24.2706,-107.098,23.3845,-106.183,24.0624,-105.431,24.8729,-106.436,1
18,1080,51,-16.8263,7.37766,49.1796,23.4416,49.7006,23.1621,48.9727,22.6644,48.6781,23.7195,49.3883,24.2818,1
18,1080,55,38.4872,9.52067,-52.7837,145.588,-52.0247,145.157,-53.2621,144.492,-53.6702,146.125,-52.369,146.557,1
18,1080,60,27.956,13.3227,-36.9398,-88.1083,-36.9593,-88.8654,-37.511,-87.9939,-36.8994,-87.2592,-36.3992,-88.192,1
18,1080,61,31.7567,8.16106,-9.18305,-63.6757,-9.26198,-64.3011,-9.7817,-63.4751,-9.0861,-62.9719,-8.63058,-63.8466,3
18,1080,68,-29.5845,-6.30855,-43.792,167.719,-43.1445,167.567,-43.9616,166.978,-44.3747,167.853,-43.5928,168.513,1
18,1080,69,-30.7067,13.5536,-51.1779,-135.777,-50.7746,-136.498,-51.715,-136.329,-51.5339,-135.073,-50.5713,-135.147,1
18,1080,71,-19.823,2.37125,-29.4253,-39.629,-29.5899,-40.2512,-29.9309,-39.4016,-29.2628,-39.0424,-28.8857,-39.8676,1
18,1080,80,33.538,-10.4248,10.5559,20.3389,10.4736,19.7537,9.85628,20.5658,10.6271,20.9825,11.1658,20.1314,3
18,1080,84,26.3553,19.9916,15.9784,179.718,16.5826,179.851,16.0646,179.151,15.2873,179.59,15.8671,-179.74,1
18,1080,95,-27.4224,-23.5463,-32.0718,6.30231,-32.0114,5.36954,-32.6339,6.20394,-32.1406,7.10749,-31.4881,6.35926,1
19,1140,9,38.4284,10.5247,-49.8768,-85.6374,-49.1484,-84.9832,-49.6744,-86.9051,-50.7354,-86.4215,-50.0673,-84.5151,1
19,1140,11,-34.0356,21.1661,49.6101,-123.341,50.237,-123.562,49.3358,-124.407,49.0346,-123.086,49.8995,-122.054,1
19,1140,16,18.4594,-8.53931,-48.9836,51.4327,-48.7351,50.7829,-49.4669,51.0242,-49.2459,52.105,-48.5293,51.7965,1
19,1140,17,30.3121,0.103012,-30.4382,93.6607,-30.374,92.9959,-31.0717,93.7094,-30.5077,94.3938,-29.8629,93.6202,1
19,1140,18,-32.8432,4.01524,0.295518,115.044,0.329682,114.388,-0.313226,115.142,0.272404,115.637,0.979309,114.936,2
19,1140,20,-33.647,-11.5209,-71.7896,18.1726,-71.0563,18.2496,-71.8534,16.3484,-72.4295,18.0699,-71.6814,20.1409,1
19,1140,36,-36.7376,14.1208,63.7824,177.014,63.2864,175.961,63.4173,178.409,64.2404,177.958,64.2048,175.35,1
19,1140,37,38.7943,-6.89082,81.6438,3.24636,82.0651,6.80524,82.0578,-1.80518,81.1425,-0.442409,81.2448,7.19391,1
19,1140,45,-33.0301,7.47691,4.79122,-133.558,4.81032,-134.241,4.13707,-133.436,4.78642,-132.936,5.5337,-133.69,1
19,1140,46,24.069,23.5964,29.5881,-103.057,29.5436,-103.821,29.0109,-103.029,29.6595,-102.185,30.1567,-103.046,3
19,1140,51,-27.6219,11.1082,48.4074,29.7178,49.0278,29.5497,48.2089,28.795,47.8285,29.8963,48.6098,30.7623,2
19,1140,63,33.4057,20.2724,46.6239,-4.12158,46.8182,-5.14488,45.9931,-4.24106,46.4055,-2.92132,47.2069,-3.95886,1
19,1140,69,-24.8991,-19.7066,-51.6747,-134.962,-51.3599,-135.956,-52.1418,-135.386,-51.9618,-134.085,-51.1785,-134.573,1
19,1140,78,-24.4896,8.04236,-39.1383,176.367,-38.5836,176.632,-38.9899,175.632,-39.6649,176.126,-39.3025,177.173,1
19,1140,80,24.8711,11.0687,16.1309,22.1567,15.9841,21.6004,15.6245,22.3578,16.301,22.769,16.6161,21.9785,3
19,1140,84,-21.6235,-20.2903,18.005,-176.689,18.6386,-176.563,18.1418,-177.209,17.4424,-176.819,17.8894,-176.154,1
19,1140,85,-25.6079,2.93064,-15.4483,-158.16,-14.9193,-157.962,-15.3293,-158.7,-15.942,-158.341,-15.5774,-157.573,1
19,1140,86,38.9845,10.4305,-49.5373,-139.404,-48.8142,-139.22,-49.6296,-140.529,-50.3884,-139.613,-49.4658,-138.408,1
20,1200,3,-34.1832,17.4742,19.5189,84.0222,19.2819,83.2812,18.8071,84.4449,19.7661,84.6943,20.3627,83.5403,1
20,1200,9,-23.8838,8.96158,-50.3172,-74.1013,-49.7428,-73.7332,-50.1332,-75.0331,-50.865,-74.4387,-50.5187,-73.0747,1
20,1200,10,19.1728,-6.76112,45.025,-176.495,45.259,-177.116,44.5308,-176.835,44.7703,-175.858,45.4872,-176.179,1
20,1200,11,-38.8864,7.90791,49.302,-119.827,50.0475,-120.016,48.9707,-120.818,48.6471,-119.641,49.6735,-118.647,1
20,1200,18,-27.8033,0.501512,2.5308,117.463,2.52815,116.86,1.98165,117.546,2.53566,118.017,3.12984,117.371,1
20,1200,20,12.0276,22.6907,-79.4332,28.2303,-78.9262,27.5521,-79.4942,25.5816,-79.9805,29.1714,-79.3727,30.927,1
20,1200,25,15.4348,14.5657,77.16,-148.516,77.2407,-150.75,76.6845,-148.892,77.0647,-146.126,77.6263,-148.047,1
20,1200,35,-30.2395,-6.75592,29.962,-174.168,29.4774,-174.679,29.6492,-173.639,30.3914,-173.703,30.2903,-174.754,1
20,1200,36,-29.8397,-3.1946,65.9153,177.667,65.3991,176.778,65.6603,178.875,66.3767,178.504,66.1768,176.313,2
20,1200,42,31.9736,8.06476,-53.7944,118.394,-53.215,117.883,-54.2096,117.512,-54.443,118.997,-53.4197,119.199,1
20,1200,46,30.3711,3.31507,30.2208,-101.329,30.2945,-102.037,29.5662,-101.287,30.1355,-100.545,30.8186,-101.361,5
20,1200,48,-35.2437,-5.76682,49.244,-5.16688,50.0156,-5.40442,48.9751,-6.07019,48.5672,-4.96915,49.5478,-4.15525,1
20,1200,51,-25.2568,-0.222184,46.9099,32.5917,47.5305,32.4086,46.7258,31.7812,46.3361,32.76,47.1049,33.4724,2
20,1200,54,-21.4132,0.130477,-31.5489,115.239,-30.9534,115.226,-31.605,114.586,-32.1076,115.254,-31.4837,115.935,1
20,1200,56,34.6707,-5.78727,-48.2552,-147.319,-47.9928,-148.241,-49.0512,-147.538,-48.5512,-146.288,-47.5557,-147.137,1
20,1200,63,20.1123,-16.5763,47.9787,-5.184,48.1443,-5.9063,47.41,-5.52133,47.7856,-4.46131,48.499,-4.89187,1
20,1200,70,-29.4635,6.29884,-52.6615,-61.5026,-52.6266,-62.5694,-53.2868,-61.3759,-52.6747,-60.5178,-51.9648,-61.6315,1
20,1200,80,40.6134,0.920395,17.6563,25.1648,17.5887,24.4204,16.9121,25.5196,17.7266,26.0322,18.3003,24.863,2
20,1200,91,-27.4367,12.7938,3.79736,-133.451,4.37433,-133.359,3.82118,-134.06,3.25107,-133.52,3.75785,-132.77,1
20,1200,93,-40.214,-3.41864,-38.7165,-72.6276,-37.8791,-72.9327,-39.1186,-73.3901,-39.4326,-72.359,-38.2369,-71.7679,1
20,1200,95,32.2035,-3.80294,-30.7633,18.757,-30.6469,18.073,-31.4584,18.7538,-30.8957,19.5116,-30.1423,18.7584,1
21,1260,0,36.6796,17.9313,-77.8441,17.2356,-77.511,13.4491,-78.6218,16.7227,-78.1496,22.0254,-77.1426,17.8147,1
21,1260,1,27.4297,-5.63144,-50.3347,68.0023,-50.5369,67.0883,-50.9692,68.5072,-50.1187,68.9847,-49.7596,67.551,1
21,1260,3,-29.9509,19.8674,23.1496,85.4646,22.9045,84.7798,22.4656,85.8394,23.4112,86.101,23.9512,85.0485,2
21,1260,4,-4.61236,21.816,56.0259,105.269,55.8266,104.328,55.4637,105.507,56.2508,106.244,56.6334,105.05,2
21,1260,5,26.746,10.7738,71.6294,-174.831,72.1853,-175.973,71.2156,-176.389,71.0082,-173.606,71.9928,-173.271,2
21,1260,6,-19.1597,24.5454,46.9848,-111.592,47.5231,-111.199,47.3314,-112.454,46.4265,-111.93,46.5612,-110.653,2
21,1260,7,-17.945,-24.9852,17.6435,-100.676,18.3542,-100.391,17.9651,-101.214,17.0226,-100.951,17.3559,-100.127,1
21,1260,9,-36.8889,-1.20917,-51.782,-69.8827,-50.9774,-69.3808,-51.7006,-71.0789,-52.4852,-70.3307,-51.8516,-68.5154,1
21,1260,11,22.4179,-0.783715,42.7733,-119.711,43.2622,-119.937,42.5481,-120.4,42.2504,-119.476,42.9794,-119.061,5
21,1260,12,21.9102,-14.0778,22.6867,-85.4301,23.198,-85.4135,22.7049,-86.092,22.1582,-85.4664,22.6799,-84.829,1
21,1260,13,-17.3241,-22.7111,-1.18942,-58.6663,-0.554901,-58.6988,-1.13257,-59.184,-1.76012,-58.6577,-1.21832,-58.1495,1
21,1260,18,-36.9446,-11.4391,5.17569,117.977,5.13762,117.142,4.56553,118.141,5.19849,118.695,5.84921,117.773,1
21,1260,20,37.6578,-3.99514,-82.3885,25.025,-81.7547,25.2455,-82.5169,19.307,-83.1055,24.6408,-82.2175,29.8058,1
21,1260,22,-29.9314,-17.4062,-23.2335,147.261,-23.6614,146.629,-23.652,147.635,-22.8696,147.819,-22.8055,146.844,1
21,1260,25,-39.2627,7.26776,83.2665,-148.3,83.5432,-154.283,82.5643,-148.979,82.9804,-143.411,84.0848,-147.26,1
21,1260,29,-24.5429,11.3123,-49.0694,-11.1305,-48.6241,-10.6901,-48.8127,-11.8616,-49.4986,-11.5386,-49.356,-10.3225,1
21,1260,30,39.1976,-0.21626,-34.248,3.73838,-33.9011,4.44994,-33.7164,3.0341,-34.6371,2.90854,-34.7097,4.35324,1
21,1260,31,11.2371,16.7539,-71.6997,-1.05978,-71.4004,0.21009,-71.2968,-1.89715,-72.024,-2.43795,-72.1114,-0.227167,1
21,1260,32,17.932,-15.0838,-74.1051,-154.167,-74.5287,-155.097,-74.4086,-152.377,-73.6786,-153.215,-73.8248,-155.777,1
21,1260,36,15.8563,18.1569,72.1892,-173.918,71.7635,-174.927,71.877,-172.665,72.6583,-172.808,72.5081,-175.168,1
21,1260,38,-24.007,19.1469,35.3691,14.9158,35.6754,15.457,35.8417,14.48,35.0495,14.4123,34.8246,15.3812,1
21,1260,39,-34.0199,-17.1917,2.98029,13.7356,3.54604,14.3202,3.3528,13.2823,2.50554,13.2239,2.59991,14.2447,1
21,1260,44,-22.5071,-4.7585,-18.978,-152.129,-18.9989,-152.76,-19.5121,-152.064,-18.9601,-151.544,-18.4131,-152.204,1
21,1260,45,-27.1631,-0.387049,9.63458,-129.334,9.60219,-129.97,9.06927,-129.225,9.66512,-128.749,10.2487,-129.456,1
21,1260,46,29.0014,-24.4345,30.8446,-100.996,30.9149,-101.686,29.9981,-101.183,30.7266,-100.29,31.5725,-100.861,1
21,1260,47,33.9579,0.819716,47.9851,-55.0808,48.4185,-55.8087,47.3525,-55.5983,47.4909,-54.281,48.546,-54.6013,1
21,1260,48,-35.4058,-1.36068,47.0666,0.0398243,47.825,-0.0645619,46.8438,-0.875704,46.3968,0.133078,47.3149,1.0769,1
21,1260,49,34.1844,4.68311,17.3608,27.4609,18.0226,27.5606,17.2956,26.7204,16.6108,27.3509,17.4074,28.1278,2
21,1260,51,30.6213,7.57397,39.7918,33.8456,40.442,33.6802,39.5443,33.0311,39.063,34.0356,40.0019,34.605,1
21,1260,52,-33.021,16.3934,19.5292,70.843,20.1947,71.045,19.6047,70.0474,18.9061,70.6873,19.4191,71.7635,1
21,1260,54,-8.178,-24.0155,-33.4366,115.227,-32.816,115.073,-33.4189,114.54,-34.01,115.342,-33.4217,115.888,1
21,1260,59,-35.4093,-0.473783,38.316,-66.3542,38.4484,-67.348,37.6229,-66.2884,38.1958,-65.4781,39.0982,-66.4374,2
21,1260,62,28.4584,-1.70191,28.0312,-35.8776,28.0486,-36.5093,27.415,-35.7982,28.0045,-35.1898,28.593,-35.9503,1
21,1260,63,28.4418,-24.2921,48.3981,-1.06078,48.63,-1.84055,47.6885,-1.63709,48.1184,-0.289167,49.016,-0.583287,1
21,1260,65,38.9954,10.3919,24.2608,94.3411,25.0032,94.4521,24.1344,93.5287,23.3863,94.2216,24.3493,95.0645,1
21,1260,66,36.3368,-7.92476,-2.52685,115.777,-1.93242,115.987,-2.44002,114.991,-3.18541,115.527,-2.59667,116.459,1
21,1260,67,-13.7484,-20.4442,-27.7377,141.659,-27.1503,141.632,-27.6837,141.088,-28.2754,141.664,-27.7658,142.227,2
21,1260,69,-38.1824,8.71721,-46.7574,-121.156,-46.3578,-122.06,-47.4521,-121.446,-47.0915,-120.33,-45.9483,-120.817,1
21,1260,72,36.9299,9.06803,13.0182,-16.2554,12.7792,-16.9866,12.3853,-15.8185,13.3003,-15.4068,13.5924,-16.6316,1
21,1260,73,9.39562,17.6257,47.0665,0.0398232,46.9203,-0.72378,46.556,0.200317,47.2349,0.85527,47.5887,-0.0973345,1
21,1260,74,19.137,-5.22507,67.012,54.0746,67.3325,52.9811,66.5315,53.2375,66.6633,55.1764,67.4595,54.8792,1
21,1260,75,-28.7698,-22.8334,55.6636,126.669,56.5119,126.788,55.7318,125.607,54.9357,126.532,55.6221,127.776,2
21,1260,79,-13.9774,24.7643,-67.812,-118.496,-67.4065,-119.475,-68.1618,-119.812,-68.1986,-117.396,-67.4331,-117.038,1
21,1260,80,-23.3865,10.1297,24.7195,21.7221,24.6211,21.1468,24.1997,21.8811,24.8233,22.2681,25.2912,21.5559,1
21,1260,81,-14.2935,17.5761,53.4305,52.1062,53.4696,51.2866,52.9183,52.006,53.4049,52.9269,53.984,52.2456,1
21,1260,82,-34.2686,-13.6622,64.8006,116.184,65.4643,115.22,64.422,115.138,64.2155,116.958,65.2236,117.325,1
21,1260,93,-17.6284,10.2492,-42.908,-67.6933,-42.4374,-67.9867,-43.1453,-68.3339,-43.3593,-67.3895,-42.657,-67.0037,1
21,1260,95,26.9183,5.09309,-27.2392,22.0436,-27.1823,21.404,-27.8308,22.0707,-27.2948,22.7472,-26.6891,22.0274,2
21,1260,96,-31.7623,-16.741,0.579514,42.7437,0.518803,41.956,0.00132034,42.8371,0.617003,43.4279,1.19446,42.6158,1
21,1260,97,-38.6886,-4.88157,27.9084,69.0055,28.0327,68.0656,27.2297,69.108,27.7951,69.8134,28.6794,68.872,1
21,1260,98,36.9914,-3.97789,40.4203,111.476,40.8043,110.768,39.6814,111.11,39.9728,112.257,41.0637,111.801,2
22,1320,3,-37.8972,9.14713,25.9258,84.7337,25.6668,83.8522,25.2495,85.2493,26.1704,85.5109,26.7196,84.1295,3
22,1320,9,16.6097,-17.1137,-56.4005,-77.0062,-55.8634,-76.6705,-56.1258,-78.0966,-56.9332,-77.3937,-56.6274,-75.984,1
22,1320,11,23.1233,-18.5932,41.8189,-117.414,42.3188,-117.625,41.6491,-118.267,41.298,-117.232,41.9812,-116.655,2
22,1320,17,-34.9871,7.46888,-17.526,97.6307,-17.4172,96.9275,-18.184,97.6865,-17.6088,98.2668,-16.7735,97.5732,1
22,1320,19,24.9811,5.90079,31.0216,152.952,31.0972,152.32,30.4615,152.935,30.9401,153.642,31.5468,152.977,1
22,1320,20,-26.2288,-20.6815,-77.9094,51.7887,-77.3566,49.8096,-78.2102,49.7087,-78.3939,53.608,-77.5606,53.7484,1
22,1320,21,-31.5621,11.8025,-51.5535,137.094,-51.7241,136.17,-52.1012,137.547,-51.3733,137.933,-50.9249,136.607,1
22,1320,36,-23.8313,-21.6827,71.7275,174.872,71.0938,174.036,71.4739,176.334,72.2756,175.714,71.9482,173.297,1
22,1320,37,-20.8081,5.14147,68.6316,22.1762,68.8834,23.4392,69.053,21.3789,68.3781,21.0107,68.1727,22.9912,1
22,1320,40,32.1306,2.09592,-13.1603,52.4784,-12.5414,52.6088,-13.1591,51.774,-13.8507,52.3313,-13.1655,53.1148,1
22,1320,44,-39.972,5.92842,-13.8253,-150.748,-13.7063,-151.596,-14.5886,-150.598,-13.912,-150.007,-12.9289,-150.921,1
22,1320,45,-38.045,-2.45475,13.2794,-128.497,13.286,-129.349,12.6046,-128.301,13.2733,-127.757,14.0463,-128.73,1
22,1320,46,-37.029,-1.79904,39.9327,-100.946,40.0769,-101.974,39.2484,-100.873,39.8014,-100.05,40.7087,-101.041,2
22,1320,48,10.2759,-23.5278,42.3524,-1.59259,42.8734,-1.81689,42.2943,-2.42348,41.8399,-1.41382,42.4229,-0.835086,1
22,1320,51,34.4815,16.8093,36.683,38.4313,37.4519,38.2462,36.4122,37.6078,35.7859,38.666,36.8977,39.206,2
22,1320,56,23.1967,8.15375,-42.1141,-138.339,-42.0169,-139.125,-42.7058,-138.392,-42.2066,-137.477,-41.5539,-138.275,1
22,1320,58,30.0089,-1.84151,10.0841,-85.8204,10.0844,-86.4534,9.39375,-85.7023,10.0766,-85.1257,10.7085,-85.9269,1
22,1320,59,22.8713,-5.38884,35.8466,-58.6846,35.95,-59.3659,35.2215,-58.7703,35.7246,-57.9667,36.4238,-58.6092,1
22,1320,61,-28.542,-19.1822,4.21381,-62.1447,4.02708,-62.8662,3.67829,-62.0015,4.35955,-61.51,4.76764,-62.3234,11
22,1320,63,18.677,-14.6287,51.1369,5.28795,51.3682,4.57517,50.6264,4.83029,50.8808,5.99577,51.6091,5.6985,1
22,1320,64,-25.2465,-5.57249,51.0908,65.9975,51.6752,65.7768,50.918,65.2029,50.5546,66.1889,51.2773,66.8482,1
22,1320,71,-38.8875,5.94569,-14.3066,-36.1536,-14.4559,-36.9871,-14.9845,-35.7741,-14.1592,-35.4262,-13.514,-36.591,1
22,1320,72,26.0318,-2.55002,15.836,-16.8757,15.6531,-17.4412,15.2601,-16.5927,16.0264,-16.263,16.3641,-17.1375,1
22,1320,76,23.2169,14.9886,14.3467,146.074,14.9151,146.302,14.5216,145.507,13.71,145.837,14.1577,146.612,1
22,1320,77,33.4513,18.3854,-20.1917,158.253,-19.487,158.562,-20.0371,157.546,-21.023,157.909,-20.3639,158.902,1
22,1320,78,15.7256,20.9905,-51.795,-179.682,-51.2105,-179.561,-51.6892,179.455,-52.442,-179.783,-51.9211,-178.819,1
22,1320,79,-3.89773,21.8031,-68.6455,-109.592,-68.3262,-110.75,-69.0378,-110.632,-68.9504,-108.307,-68.2355,-108.475,1
22,1320,84,36.1838,10.1611,2.87148,-175.323,3.51016,-175.086,2.94136,-176,2.12985,-175.588,2.79112,-174.716,1
22,1320,90,-27.5709,23.9061,23.3978,-153.465,23.9827,-153.406,23.4467,-154.216,22.8278,-153.482,23.3106,-152.598,1
22,1320,93,-26.6035,-22.8143,-42.1869,-66.864,-41.5569,-67.456,-42.4746,-67.5164,-42.7443,-66.3636,-41.8577,-66.2242,1
22,1320,95,29.0387,-9.65131,-25.839,23.908,-25.7593,23.2892,-26.5204,23.8885,-25.9367,24.5718,-25.2297,23.9166,2
23,1380,3,34.1738,7.59061,26.9262,94.1844,26.646,93.4165,26.3058,94.6753,27.2468,95.0639,27.4934,93.751,1
23,1380,11,-31.7362,23.923,42.1736,-104.856,42.7885,-104.877,42.0929,-105.843,41.5911,-104.784,42.2315,-103.687,1
23,1380,16,20.5472,-13.1906,-43.1404,69.9822,-42.9958,69.3195,-43.7076,69.7472,-43.3012,70.6632,-42.6184,70.1785,1
23,1380,18,-38.4431,-3.87628,11.6893,122.8,11.7204,121.977,11.04,122.965,11.6605,123.513,12.4259,122.601,2
23,1380,19,-35.1851,5.89518,37.8159,152.064,37.9933,151.222,37.1606,152.047,37.6624,152.82,38.563,152.088,1
23,1380,20,-40.7235,2.38881,-75.9837,78.2396,-75.4397,75.8669,-76.6378,77.0693,-76.4274,80.4604,-75.2129,79.4666,1
23,1380,24,-34.6626,6.88577,57.4857,162.909,57.2257,161.798,56.9759,163.595,57.7224,163.916,58.0644,162.111,2
23,1380,25,2.76966,21.014,79.0689,-88.9921,79.5175,-89.986,78.9308,-91.3924,78.597,-87.9269,79.1724,-86.3995,1
23,1380,33,35.7886,19.8572,-27.3532,-164.801,-27.9433,-165.327,-27.6544,-164.139,-26.6379,-164.202,-27.0436,-165.387,1
23,1380,35,-20.1363,17.4239,43.5975,-175.165,43.2213,-175.646,43.225,-174.608,43.9783,-174.709,44.018,-175.773,1
23,1380,37,-21.079,-10.4358,66.2556,20.7225,66.5806,21.9029,66.6538,19.9744,65.9562,19.6524,65.845,21.5014,1
23,1380,50,2.90838,19.4067,51.2616,-3.07907,51.6484,-3.68632,50.9244,-3.73848,50.8637,-2.42417,51.5913,-2.36146,1
23,1380,60,28.2395,-8.05799,-24.0268,-76.7017,-24.0471,-77.301,-24.6676,-76.5919,-24.0147,-76.0571,-23.4508,-76.8062,1
23,1380,63,38.452,5.83679,50.408,14.7158,50.8636,13.8558,49.7116,14.2576,49.8735,15.696,51.0148,15.1492,1
23,1380,69,-34.0732,17.0327,-43.1819,-110.857,-42.9216,-111.668,-43.8738,-111.077,-43.3909,-110.088,-42.3788,-110.583,1
23,1380,71,-29.4169,-15.5159,-13.4945,-34.6073,-13.8177,-35.3295,-14.0158,-34.3143,-13.222,-33.9684,-12.952,-34.9404,1
23,1380,72,28.1592,5.0475,19.9038,-15.0352,19.7062,-15.6504,19.3396,-14.724,20.1228,-14.3551,20.4286,-15.3165,1
23,1380,77,-22.7268,20.9304,-21.6182,165.071,-21.0988,165.34,-21.3365,164.449,-22.1396,164.835,-21.9535,165.765,1
23,1380,85,-29.665,24.5349,-30.0316,-148.794,-29.478,-148.581,-29.8331,-149.566,-30.5756,-148.96,-30.2835,-147.896,1
23,1380,89,12.9683,13.4098,-1.55237,10.2606,-1.7142,9.79308,-2.00819,10.4163,-1.36781,10.7562,-1.09527,10.1193,1
23,1380,90,14.166,-22.3155,21.1296,-157.104,21.6534,-157.156,21.1791,-157.764,20.6122,-157.081,21.1031,-156.504,1
24,1440,11,-29.7458,5.21942,40.9556,-103.376,41.5653,-103.423,40.8205,-104.131,40.3958,-103.321,41.0966,-102.533,6
24,1440,19,-35.5153,-3.22037,39.6112,154.637,39.7771,153.704,38.9834,154.642,39.459,155.455,40.3154,154.621,1
24,1440,20,7.2293,20.2832,-77.5424,108.215,-77.556,105.929,-78.0181,108.112,-77.4875,110.646,-77.0537,108.405,1
24,1440,24,-37.6037,-11.4336,59.4403,162.731,59.0225,161.35,58.9843,163.55,59.7783,163.948,59.9281,161.758,1
24,1440,25,-20.4702,20.1587,78.2661,-67.5387,78.7715,-67.2539,78.3218,-70.274,77.7651,-67.683,78.1546,-64.5458,2
24,1440,27,28.5746,12.8805,9.22183,-30.546,9.70312,-30.2041,9.48213,-31.0533,8.67367,-30.9192,8.96176,-30.0787,1
24,1440,33,-37.114,2.76121,-25.7902,-173.055,-26.2281,-173.701,-26.1871,-172.467,-25.3951,-172.495,-25.3341,-173.724,1
24,1440,37,38.4896,11.119,60.7985,6.76254,61.2884,7.88171,61.1642,5.473,60.2047,5.50556,60.446,7.86211,1
24,1440,41,-10.4465,24.1699,-42.171,92.968,-41.6559,92.7896,-42.2365,92.2052,-42.6954,93.1935,-42.1188,93.8069,1
24,1440,50,-10.2879,-16.6404,52.435,-2.61769,52.8515,-3.308,52.0966,-3.30121,52.0315,-2.004,52.7808,-1.9507,1
24,1440,58,27.045,-7.21163,15.6013,-81.9748,15.6108,-82.5855,14.9173,-81.9097,15.5772,-81.3201,16.2197,-82.0398,1
24,1440,72,34.2596,-8.89735,21.6629,-13.5464,21.5223,-14.2232,20.9227,-13.2011,21.7975,-12.7936,22.3063,-13.8577,1
24,1440,77,-30.2962,-6.58646,-22.1421,166.07,-21.4855,166.377,-21.9858,165.44,-22.7271,165.788,-22.2977,166.761,1
24,1440,83,39.781,-4.92814,28.4078,167.777,29.0384,168.056,28.4585,166.83,27.6895,167.449,28.36,168.589,1
24,1440,85,35.5228,5.41644,-34.9031,-153.905,-34.2893,-153.659,-34.8521,-154.736,-35.6033,-154.187,-34.9542,-153.162,1
24,1440,86,-0.378302,24.0947,-59.0763,-109.422,-58.6182,-109.811,-59.203,-110.368,-59.5516,-108.953,-58.9575,-108.41,1
24,1440,89,16.8822,-15.4888,-0.554124,10.9207,-0.696703,10.4526,-1.10346,11.0541,-0.426276,11.4001,-0.0522541,10.7853,1
24,1440,90,29.2623,17.9983,14.7606,-152.59,15.421,-152.626,14.6664,-153.202,14.006,-152.531,14.8218,-152.007,1
24,1440,91,-20.9956,22.5879,-8.35506,-123.931,-7.81356,-123.891,-8.28664,-124.544,-8.894,-123.941,-8.45434,-123.244,1
24,1440,92,30.305,17.4418,-35.8085,-98.5412,-35.1484,-98.6863,-35.9877,-99.2617,-36.5623,-98.3495,-35.6614,-97.8573,1
25,1500,11,-23.8227,-11.1629,39.1266,-101.713,39.7301,-101.848,39.0145,-102.365,38.5766,-101.604,39.2548,-101.031,1
25,1500,17,-34.7943,22.5307,-7.9611,105.979,-7.86223,105.327,-8.73521,105.976,-8.01274,106.592,-7.0394,106.008,1
25,1500,18,-28.892,6.28837,17.3728,129.073,17.4047,128.447,16.794,129.135,17.3511,129.652,18.0152,129.008,1
25,1500,20,-18.7094,-23.4831,-75.9329,101.736,-75.9258,99.1243,-76.4362,101.406,-75.9362,104.068,-75.4278,101.929,1
25,1500,23,22.4402,-5.03067,27.5691,160.574,27.3193,160.092,27.1138,160.923,27.8256,161.09,27.988,160.245,1
25,1500,24,-37.5266,-17.1137,62.5235,163.966,62.042,162.372,62.0653,164.848,62.9021,165.366,63.0003,162.908,1
25,1500,26,37.0552,4.69887,41.1082,-39.9013,41.6449,-39.3985,41.3368,-40.7858,40.4887,-40.4662,40.8905,-39.1263,1
25,1500,37,39.2763,-8.7168,59.1593,6.35562,59.5332,7.42419,59.6951,5.0425,58.7405,5.14994,58.6967,7.44958,1
25,1500,50,17.175,22.2803,48.7375,8.29039,49.2317,7.71858,48.4268,7.57917,48.1991,8.9428,49.0198,9.03801,1
25,1500,60,-33.4169,15.1092,-12.6428,-75.7237,-12.6149,-76.3793,-13.3207,-75.6232,-12.6431,-75.1188,-11.8572,-75.8237,1
25,1500,72,22.6421,-9.53635,25.7067,-13.4726,25.5424,-14.0523,25.1107,-13.2324,25.8639,-12.8585,26.2489,-13.7032,1
25,1500,85,36.2214,5.67608,-38.186,-151.712,-37.5575,-151.466,-38.1543,-152.595,-38.906,-151.995,-38.2197,-150.924,1
25,1500,89,-32.3482,12.3629,7.13927,9.71121,7.05155,9.09619,6.53475,9.91669,7.23765,10.2753,7.83262,9.48721,1
25,1500,91,-25.291,-0.932583,-9.15281,-122.81,-8.56115,-122.768,-9.17688,-123.361,-9.69961,-122.849,-9.12285,-122.216,1
25,1500,92,32.1843,-24.687,-35.5878,-99.6736,-34.9853,-99.7036,-35.5972,-100.795,-36.2215,-99.6978,-35.548,-98.7297,1
25,1500,94,28.4313,-1.44914,-40.3455,0.424009,-40.1654,-0.281889,-40.9664,0.282837,-40.541,1.19607,-39.7793,0.551488,1
26,1560,0,37.0268,4.16307,-65.675,56.3365,-65.8007,54.483,-66.4206,57.265,-65.5026,58.4464,-65.0075,55.5854,1
26,1560,3,32.1627,-2.24164,36.4433,97.2337,36.2441,96.4372,35.7671,97.6824,36.6506,98.1238,37.0469,96.8268,7
26,1560,4,-1.85773,19.1187,70.4767,130.307,70.5044,128.649,69.924,130.059,70.4537,132.035,71.0552,130.649,2
26,1560,5,-14.3783,-23.1001,66.6012,-133.279,67.3007,-133.277,66.7056,-134.744,65.9701,-133.339,66.5159,-131.839,1
26,1560,6,-33.5709,16.4449,30.3899,-103.645,30.9428,-103.092,30.7841,-104.446,29.8588,-104.121,29.9081,-102.729,9
26,1560,9,36.6223,1.67044,-72.0819,-61.9867,-71.3473,-61.4701,-72.1072,-64.7142,-72.9189,-62.6412,-72.036,-59.5927,1
26,1560,11,38.842,-10.9983,32.1385,-102.74,32.7978,-102.709,31.948,-103.754,31.3964,-102.803,32.3021,-101.877,1
26,1560,12,-26.3846,-9.14769,11.4003,-69.5688,12.0279,-69.5177,11.3959,-70.1123,10.8332,-69.6222,11.4169,-68.9905,8
26,1560,13,8.43485,-23.001,-16.9293,-48.8722,-16.4105,-48.8922,-16.8284,-49.4605,-17.4304,-48.8784,-16.9997,-48.3264,2
26,1560,15,-39.9502,-4.79271,-45.2466,34.6944,-44.6261,33.8634,-45.8537,34.2189,-45.7732,35.4194,-44.5411,35.2106,1
26,1560,18,15.8854,-12.8264,16.2112,133.354,16.1994,132.842,15.6576,133.347,16.2076,133.874,16.7252,133.348,1
26,1560,20,-36.307,7.34135,-69.9433,113.544,-69.8643,111.579,-70.5918,113.857,-69.9826,115.316,-69.1966,113.223,1
26,1560,22,-25.3021,14.0031,-1.72189,150.604,-1.98535,150.138,-2.18577,150.923,-1.45548,151.04,-1.19805,150.261,1
26,1560,24,23.5197,16.853,67.0951,-177.632,66.9267,-179.006,66.6018,-177.194,67.2841,-176.09,67.5776,-178.023,1
26,1560,25,-34.0058,-5.33229,74.6203,-50.5118,75.2535,-49.3978,74.734,-52.6809,74.0573,-51.4333,74.4802,-48.1379,2
26,1560,31,10.3907,-19.0238,-85.8471,-51.7879,-85.933,-45.0066,-85.334,-49.333,-85.6902,-58.0148,-86.3211,-54.4306,2
26,1560,35,-31.12,20.1489,55.216,-179.96,54.7932,179.304,54.7861,-179.044,55.6324,-179.29,55.7224,178.976,1
26,1560,38,31.3994,-5.76395,19.0373,7.01373,19.3751,7.49631,19.4991,6.50168,18.6745,6.48147,18.6261,7.47131,2
26,1560,39,-28.818,-4.26211,-17.3129,10.9624,-16.9116,11.4633,-16.9469,10.5373,-17.6736,10.5053,-17.7035,11.4309,1
26,1560,40,31.7164,-8.35228,-23.9387,60.8691,-23.3465,60.9991,-23.9073,60.0643,-24.5819,60.7096,-23.9567,61.5825,1
26,1560,46,38.7633,0.51774,42.0139,-79.1976,42.3383,-80.0728,41.1961,-79.3776,41.6273,-78.204,42.724,-79.0291,1
26,1560,48,31.5318,2.51252,29.974,13.1246,30.5999,13.1455,29.8603,12.3568,29.2768,13.1014,30.0672,13.8233,1
26,1560,49,31.5915,-21.7199,5.33997,36.9146,5.93314,37.047,5.51648,36.0527,4.7219,36.7367,5.20892,37.6539,2
26,1560,50,15.3409,-21.9214,49.0628,7.1232,49.5244,6.6299,48.7717,6.20634,48.5887,7.56654,49.3393,7.94744,1
26,1560,51,-21.6487,-20.2605,34.1715,52.3179,34.886,52.2049,34.1442,51.6285,33.5323,52.3936,34.2244,53.0175,1
26,1560,57,-31.9266,24.0426,0.010258,-103.106,0.0481325,-103.781,-0.803629,-103.083,0.0191858,-102.464,0.975367,-103.104,1
26,1560,58,39.4166,-4.80465,20.1004,-75.7301,20.2184,-76.5184,19.1842,-75.5896,19.9456,-74.8303,20.8844,-75.852,1
26,1560,60,-21.7609,-10.4244,-12.3911,-74.1338,-12.4886,-74.7293,-12.8905,-74.0305,-12.3091,-73.5869,-11.8726,-74.2544,1
26,1560,62,21.4703,-3.19829,41.3956,-20.899,41.4831,-21.5689,40.842,-20.9744,41.294,-20.1931,41.9119,-20.8298,1
26,1560,63,-19.3825,-8.66317,56.6997,30.041,57.1063,29.3331,56.3464,29.4016,56.3142,30.6748,57.0707,30.7046,1
26,1560,65,27.9396,-0.959845,11.3272,105.862,11.8682,105.988,11.3757,105.241,10.7388,105.722,11.2805,106.43,5
26,1560,66,36.3203,7.88207,-19.3683,126.62,-18.7019,126.787,-19.3853,125.874,-20.1371,126.432,-19.3649,127.288,2
26,1560,69,23.3152,-5.96063,-41.8773,-97.4738,-41.8219,-98.1645,-42.46,-97.4947,-41.9397,-96.742,-41.3405,-97.4606,1
26,1560,70,-33.6429,14.9307,-32.7132,-45.6478,-32.7903,-46.4617,-33.414,-45.3797,-32.6121,-44.9052,-31.8959,-45.9353,1
26,1560,72,33.2586,19.1285,31.3131,-9.03776,31.0491,-9.8783,30.7181,-8.65612,31.6357,-8.05594,31.8811,-9.36177,2
26,1560,73,-22.5979,10.3236,63.1459,14.8824,63.1943,13.6156,62.5628,14.8661,63.1029,16.0906,63.784,14.9233,1
26,1560,74,38.8666,-5.80801,61.1079,94.4898,61.825,94.3464,60.7622,92.7851,60.2889,94.6129,61.3889,95.9795,2
26,1560,75,32.8381,0.869447,34.1543,133.608,34.7541,133.911,34.2807,132.754,33.4842,133.272,34.0311,134.372,2
26,1560,76,24.129,-3.22432,2.00692,149.9,2.5038,150.159,2.23697,149.325,1.47843,149.619,1.79584,150.432,1
26,1560,77,34.2519,20.9361,-34.4918,163.591,-33.733,163.91,-34.3657,162.765,-35.3975,163.235,-34.6421,164.352,1
26,1560,80,33.6989,-3.88569,36.6285,36.8949,36.6301,36.1562,35.949,37.0659,36.6128,37.7144,37.2312,36.7391,1
26,1560,81,-6.8627,20.4144,62.0845,83.6104,62.3216,82.7068,61.6746,83.0034,61.8521,84.5496,62.5089,84.3134,3
26,1560,83,40.6271,0.0794793,21.5352,172.057,22.1906,172.35,21.5806,171.174,20.7755,171.715,21.4869,172.817,1
26,1560,89,26.0992,6.75884,7.49008,15.6764,7.34812,15.142,6.97275,15.8885,7.6504,16.2622,7.97754,15.4859,1
26,1560,90,26.2292,17.4937,9.73772,-147.455,10.3606,-147.473,9.68037,-148.032,9.03506,-147.417,9.76758,-146.9,1
26,1560,95,-31.6582,22.2313,-8.82072,32.546,-8.72351,31.9203,-9.55208,32.5039,-8.87521,33.143,-7.96492,32.62,4
26,1560,97,34.0592,14.4239,34.6069,92.6013,34.7963,91.7783,33.9463,92.54,34.3947,93.5542,35.2103,92.6872,2
26,1560,98,-18.8679,21.7194,48.7173,139.149,49.1246,138.629,48.3607,138.444,48.3266,139.69,49.0917,139.965,2
27,1620,11,-25.5042,2.14063,33.7458,-93.5451,34.3196,-93.5424,33.6801,-94.1908,33.2127,-93.5427,33.813,-92.8431,1
27,1620,17,-25.934,13.605,-3.84291,110.513,-3.82358,109.953,-4.42708,110.549,-3.84308,111.045,-3.19052,110.485,1
27,1620,21,-39.9513,-1.44275,-34.2857,141.393,-34.5823,140.491,-34.8043,141.927,-34.0216,142.165,-33.6899,140.779,2
27,1620,24,30.0472,-24.6349,66.5556,-176.637,66.4614,-178.014,65.7469,-176.438,66.6013,-175.186,67.2427,-176.876,1
27,1620,26,-30.9416,10.2798,34.5715,-30.3427,35.0005,-29.8435,34.9029,-30.9518,34.1634,-30.7863,34.1865,-29.6676,1
27,1620,37,-30.9362,18.5518,48.3568,16.2887,48.6377,17.0813,48.8956,15.7036,48.0638,15.572,47.721,16.9249,1
27,1620,45,-32.5927,19.4779,29.0972,-114.486,29.1843,-115.23,28.3552,-114.481,29.0449,-113.787,29.9636,-114.466,3
27,1620,50,30.7183,22.3203,44.9709,18.0228,45.6511,17.501,44.6085,17.2453,44.1841,18.6503,45.2766,18.7995,1
27,1620,53,-27.2129,1.62764,-24.4993,106.092,-23.8531,106.153,-24.5326,105.429,-25.0949,106.041,-24.4589,106.817,1
27,1620,56,-39.1563,5.78275,-25.0374,-127.572,-24.8437,-128.482,-25.8266,-127.493,-25.1877,-126.77,-24.1145,-127.661,1
27,1620,60,14.8093,21.1328,-8.84969,-67.8195,-8.98573,-68.356,-9.34884,-67.7254,-8.67914,-67.236,-8.34193,-67.8898,2
27,1620,61,-15.2971,17.5277,21.641,-48.8195,21.588,-49.3573,21.1114,-48.7748,21.7117,-48.2855,22.2187,-48.8503,1
27,1620,64,-32.717,-12.1713,40.4983,86.2042,41.2477,86.2105,40.4163,85.4444,39.8428,86.1856,40.6021,87.0288,2
27,1620,70,-30.7211,2.49463,-30.7948,-44.2214,-30.936,-44.9933,-31.3751,-43.9354,-30.6565,-43.5228,-30.1498,-44.535,1
27,1620,89,-29.9953,6.4643,13.1937,12.7429,13.0855,12.1374,12.6462,12.9483,13.3017,13.2989,13.8053,12.5175,1
27,1620,91,39.575,6.78077,-19.6458,-121.976,-18.8995,-121.883,-19.8033,-122.802,-20.5204,-122.082,-19.5195,-121.251,1
27,1620,96,-38.2575,0.63444,19.0048,57.6636,19.1151,56.8345,18.3168,57.7747,18.9112,58.3876,19.7936,57.53,1
28,1680,1,27.4693,24.807,-22.1119,77.4732,-22.5673,76.7857,-22.6408,77.8919,-21.5527,78.2501,-21.5712,77.1077,1
28,1680,2,-37.0342,7.86974,12.6027,79.68,12.3345,78.8875,11.9522,80.1459,12.8558,80.3796,13.3604,79.1409,1
28,1680,17,-31.8863,-8.94483,-2.18876,110.81,-2.21941,110.103,-2.7538,110.924,-2.16813,111.436,-1.57581,110.671,1
28,1680,20,-10.9458,-21.8527,-67.2264,126.471,-67.4505,125.142,-67.7075,126.783,-67.0285,127.69,-66.7618,126.123,1
28,1680,24,19.6362,-8.56776,71.7304,-170.451,71.6839,-171.982,71.191,-170.262,71.7557,-168.85,72.2296,-170.658,1
28,1680,29,-21.412,16.8123,-73.3193,14.8094,-72.8118,14.992,-73.2678,12.9186,-73.8154,14.6918,-73.372,16.9103,1
28,1680,34,-29.4021,16.1684,26.5823,-175.768,26.1985,-176.254,26.1635,-175.248,26.9593,-175.325,27.0685,-176.354,1
28,1680,36,-36.2694,10.002,79.6339,45.7771,79.5723,49.5535,80.3037,44.989,79.6343,42.3581,78.8557,46.5275,1
28,1680,53,-28.8883,-5.83217,-26.4424,108.342,-25.7378,108.362,-26.5087,107.67,-27.077,108.319,-26.3561,109.068,1
28,1680,56,-31.5862,23.8258,-21.6898,-122.534,-21.5913,-123.249,-22.4934,-122.59,-21.7368,-121.848,-20.7418,-122.438,1
28,1680,70,-34.5822,2.89878,-27.1483,-43.0754,-27.2903,-43.8919,-27.7651,-42.7506,-27.0097,-42.3492,-26.4496,-43.4391,1
28,1680,85,-23.8305,-13.48,-42.5028,-139.073,-41.8872,-139.052,-42.4993,-139.765,-43.0587,-139.107,-42.4847,-138.351,1
28,1680,88,-30.9737,18.1903,-14.0928,-2.28566,-14.1585,-2.89466,-14.7329,-2.12502,-14.003,-1.71753,-13.3509,-2.45106,1
28,1680,89,18.9036,16.4586,15.2207,18.6874,15.0515,18.1609,14.7426,18.8566,15.4197,19.2608,15.696,18.5392,1
29,1740,8,-32.2339,21.5228,-49.1433,-75.422,-48.5138,-74.9362,-48.8521,-76.5948,-49.7513,-75.8331,-49.4957,-74.037,1
29,1740,17,-11.5833,-17.7157,-1.11836,114.128,-1.2092,113.582,-1.6142,114.152,-1.0495,114.637,-0.628273,114.086,1
29,1740,29,34.706,5.02549,-78.6721,5.53277,-78.0705,6.34366,-78.6296,2.1858,-79.3523,4.51714,-78.6873,8.55324,1
29,1740,33,-22.8043,0.798815,-7.00088,-173.287,-7.38359,-173.679,-7.33032,-172.89,-6.64077,-172.922,-6.64795,-173.712,1
29,1740,35,20.4536,15.1159,66.3619,-173.612,65.9459,-174.468,66.0405,-172.618,66.8225,-172.665,66.6824,-174.575,1
29,1740,55,23.3341,4.60909,-47.5881,-152.074,-47.4029,-152.89,-48.1746,-152.267,-47.7789,-151.182,-47.0376,-151.887,1
29,1740,88,31.2909,21.9118,-13.1193,4.71689,-13.3698,4.05082,-13.6535,4.99276,-12.8031,5.48389,-12.5984,4.48836,1
29,1740,93,-39.2496,-1.22881,-41.8654,-29.7176,-41.3095,-30.5381,-42.5089,-30.1111,-42.3388,-28.9929,-41.1203,-29.2842,1
30,1800,2,-35.5458,-11.2505,17.5287,80.7576,17.0923,79.9143,16.9909,81.2258,17.8931,81.4917,18.1072,80.2154,3
30,1800,8,-38.7715,-4.38172,-49.2168,-73.93,-48.3455,-73.39,-49.1383,-75.0998,-49.9632,-74.4089,-49.2771,-72.5855,1
30,1800,10,8.86116,24.9749,43.7063,-120.741,44.1892,-121.077,43.5487,-121.41,43.1883,-120.348,43.8392,-120.03,1
30,1800,15,-37.4095,-4.63304,-42.0421,54.2455,-41.6465,53.3317,-42.6713,54.0201,-42.381,55.0482,-41.3273,54.4799,1
30,1800,16,-30.8206,5.85213,-22.0258,91.5857,-21.9353,90.9217,-22.6255,91.611,-22.097,92.1961,-21.3558,91.5622,1
30,1800,17,-33.2973,1.80632,4.49806,115.789,4.52435,115.116,3.89333,115.898,4.4792,116.395,5.17528,115.666,1
30,1800,29,-38.6517,-13.1365,-74.7074,32.159,-73.8639,31.4195,-74.984,29.9837,-75.4223,32.8101,-74.3506,34.4561,1
30,1800,35,9.83252,21.9327,70.6353,-177.341,70.2041,-178.201,70.3149,-176.225,71.1107,-176.419,70.9753,-178.478,1
30,1800,47,14.0783,15.4839,43.1988,-6.41786,43.7148,-6.64032,43.0493,-7.09944,42.6461,-6.16222,43.3263,-5.72991,1
30,1800,70,-36.0762,6.71972,-19.8422,-40.1665,-19.984,-40.9536,-20.4916,-39.8289,-19.699,-39.4677,-19.0929,-40.547,1
30,1800,79,13.306,-12.9385,-55.4178,-58.8349,-55.4898,-59.7443,-55.9915,-58.737,-55.3533,-57.9171,-54.8827,-58.9445,1
30,1800,92,-18.4564,23.6969,-42.6327,-70.7204,-42.1499,-71.0311,-42.8463,-71.4809,-43.1035,-70.3657,-42.4104,-69.8619,1
30,1800,94,38.6406,-10.2402,-30.7445,17.8483,-30.5686,17.0945,-31.6309,17.8427,-30.9595,18.6951,-29.9897,17.8444,1
31,1860,0,-36.6657,-4.77838,-46.284,56.8237,-46.4632,55.5688,-46.9336,57.3072,-46.1183,57.9078,-45.5546,56.2735,1
31,1860,1,-32.0715,10.5292,-11.225,73.1367,-11.4649,72.4492,-11.8483,73.5152,-10.9857,73.7595,-10.5093,72.7166,1
31,1860,2,-25.504,7.7181,22.8619,83.5218,22.5996,82.8906,22.3188,83.8747,23.1169,84.1111,23.4624,83.1369,1
31,1860,3,26.9267,15.2165,55.1687,108.41,54.9942,107.248,54.5629,108.789,55.3683,109.725,55.7502,108.08,2
31,1860,4,33.3407,-8.58225,70.9329,179.672,71.5273,178.688,70.4061,177.711,70.2647,-179.359,71.3822,-178.535,1
31,1860,5,24.3412,24.2009,44.0345,-119.103,44.7417,-118.835,44.2097,-119.944,43.2137,-119.365,43.8182,-118.297,3
31,1860,6,25.938,7.4356,11.8422,-106.206,12.3902,-105.875,12.096,-106.811,11.2345,-106.563,11.5924,-105.646,1
31,1860,8,-30.9121,-16.2245,-51.8888,-73.8854,-51.0494,-73.5781,-51.7905,-74.9157,-52.6141,-74.1875,-51.9539,-72.7723,1
31,1860,9,37.7803,5.67189,-78.0625,14.084,-77.6748,10.7793,-78.8936,13.2724,-78.4586,18.1819,-77.331,14.7774,1
31,1860,10,26.5688,-0.556138,41.5895,-120.093,42.1118,-120.295,41.3517,-120.818,41.0224,-119.882,41.8032,-119.421,2
31,1860,12,31.0141,6.19138,-7.53003,-61.5105,-6.93213,-61.4275,-7.5593,-62.1392,-8.19958,-61.5993,-7.51238,-60.9344,2
31,1860,17,-29.1338,5.26066,7.31137,118.589,7.32869,117.981,6.73588,118.666,7.30298,119.149,7.9494,118.506,1
31,1860,21,-34.3523,20.3679,-17.4062,145.419,-17.6434,144.811,-18.0177,145.813,-17.1542,145.967,-16.674,144.977,3
31,1860,29,-17.9175,5.64248,-78.8282,52.0492,-78.4079,50.7161,-79.1077,49.9587,-79.2224,53.4545,-78.5186,54.1765,1
31,1860,30,-32.9263,8.45008,-73.4641,9.303,-73.077,11.0502,-73.0427,7.6919,-73.8146,7.6681,-73.9314,11.2109,1
31,1860,31,-33.9971,-3.0417,-71.7187,-173.945,-72.1478,-175.713,-72.0887,-172.424,-71.3249,-172.442,-71.2991,-175.584,1
31,1860,36,38.1984,2.86395,71.0955,4.35155,71.5283,5.98526,71.4914,2.36709,70.5813,2.55721,70.7244,6.01372,1
31,1860,38,-27.6982,16.4622,-2.29903,10.2309,-1.97439,10.6925,-1.83641,9.83336,-2.62525,9.80562,-2.83267,10.6686,1
31,1860,39,28.9884,7.84418,-37.0936,2.47467,-36.7398,3.04945,-36.6873,1.94524,-37.4893,1.83345,-37.4762,2.96082,1
31,1860,43,-26.7723,11.4187,-16.2071,-152.733,-16.1818,-153.353,-16.817,-152.684,-16.2132,-152.149,-15.5269,-152.777,1
31,1860,44,-39.7746,-7.88711,11.3141,-132.686,11.285,-133.629,10.635,-132.455,11.3322,-131.886,12.0828,-132.972,1
31,1860,45,-28.0167,14.2907,38.788,-102.625,38.9032,-103.388,38.1497,-102.688,38.6953,-101.902,39.5064,-102.533,1
31,1860,46,23.6215,4.7664,49.4748,-54.7448,49.8339,-55.4099,48.9945,-55.2386,49.0837,-54.031,49.9205,-54.2627,1
31,1860,47,-22.8835,7.59756,44.4039,-0.592392,44.968,-0.681132,44.2871,-1.36359,43.8702,-0.495818,44.5187,0.2523,1
31,1860,48,-39.1649,7.85746,20.6883,32.5096,21.4501,32.7794,20.6909,31.6844,20.0132,32.2921,20.675,33.4771,2
31,1860,50,-37.7557,15.0514,44.3726,39.6124,45.15,39.7215,44.2291,38.4654,43.6726,39.5589,44.512,40.9836,2
31,1860,51,-33.7795,-22.0241,21.857,66.4279,22.8361,66.4246,21.8224,65.7236,21.0327,66.4068,21.9355,67.1784,1
31,1860,53,-28.3064,-3.62673,-34.0783,117.523,-33.3949,117.474,-34.1966,116.808,-34.6984,117.566,-33.9376,118.295,1
31,1860,58,-36.1826,-11.3689,38.5733,-68.7372,38.6447,-69.8806,37.8973,-68.632,38.4936,-67.7581,39.3211,-68.8878,1
31,1860,60,-30.115,12.9087,5.36951,-63.7997,5.3493,-64.4034,4.7532,-63.6846,5.40648,-63.2379,6.06943,-63.918,5
31,1860,62,-39.2483,-11.8756,55.6837,-3.34384,56.0446,-4.82298,55.0257,-3.53594,55.3566,-2.12169,56.43,-3.16489,1
31,1860,63,37.2039,-14.2798,47.129,55.5939,47.7531,55.4259,46.8018,54.4068,46.4316,55.7357,47.4087,56.6083,1
31,1860,65,-7.76711,22.5254,-3.9861,119.444,-3.49027,119.513,-3.85263,118.937,-4.50269,119.397,-4.15186,119.987,1
31,1860,66,23.5412,-3.64314,-32.4276,138.903,-31.9113,138.981,-32.4042,138.222,-32.9768,138.812,-32.4439,139.534,2
31,1860,68,14.4095,23.7542,-49.8064,-115.994,-49.7183,-116.852,-50.3029,-116.199,-49.8727,-115.036,-49.3076,-115.748,1
31,1860,71,29.991,-4.77945,13.4453,-19.6297,13.2684,-20.2238,12.8152,-19.3156,13.6275,-18.9778,14.0104,-19.9159,1
31,1860,72,29.6989,10.8207,46.8162,0.971513,46.7145,0.0290529,46.2047,1.25191,46.9317,2.03468,47.3885,0.729148,3
31,1860,73,14.9472,-18.1585,67.4691,52.3451,67.7741,51.1862,66.9992,51.2994,67.1384,53.4398,67.9052,53.3064,1
31,1860,74,-32.2445,15.7699,50.9479,129.902,51.5508,130.358,51.137,128.797,50.3764,129.527,50.7006,131.158,1
31,1860,80,-38.6378,-1.93678,55.5297,46.8679,55.6469,45.4965,54.8694,47.0214,55.4177,48.0523,56.2833,46.6715,1
31,1860,81,34.094,23.8249,56.8421,121.341,57.5074,120.658,56.4697,120.411,56.0573,122.165,57.1506,122.272,2
31,1860,83,38.1489,7.78801,4.54662,-178.775,5.19691,-178.513,4.61257,-179.5,3.78848,-179.074,4.47278,-178.135,1
31,1860,91,30.2738,19.234,-29.9817,-108.963,-29.3023,-109.057,-30.1175,-109.65,-30.7628,-108.83,-29.8792,-108.309,1
31,1860,94,-0.271511,18.8287,-23.3913,20.1374,-23.3865,19.5938,-23.8886,20.0863,-23.3753,20.7058,-22.8724,20.211,1
31,1860,95,-31.9308,-17.8766,1.82978,41.3661,1.75804,40.5625,1.24934,41.4605,1.87519,42.0616,2.44549,41.2351,3
31,1860,96,-25.0223,-23.3892,26.6808,67.7863,26.6201,66.9487,26.1248,67.7719,26.7078,68.5196,27.248,67.7623,1
31,1860,97,31.9124,-10.2636,41.4161,110.217,41.7523,109.572,40.7606,109.783,41.0322,110.896,41.9964,110.597,1
32,1920,2,-38.6681,-5.22249,25.5307,81.9706,25.1459,81.015,24.9487,82.5179,25.8549,82.7958,26.1819,81.3254,2
32,1920,10,-6.23607,-24.9621,43.4684,-116.627,43.9877,-116.972,43.3652,-117.348,42.9801,-116.344,43.5881,-115.946,1
32,1920,15,-37.6573,-13.8146,-39.3409,61.6183,-39.0448,60.5517,-39.9746,61.5114,-39.5955,62.5263,-38.6319,61.7001,1
32,1920,17,-32.7142,-17.6182,8.70607,118.956,8.60464,118.151,8.13641,119.08,8.77645,119.652,9.31145,118.793,1
32,1920,23,-22.7478,17.9838,56.3898,162.594,56.1596,161.757,55.8909,163.059,56.6279,163.399,56.9521,162.087,1
32,1920,29,-32.2845,22.5192,-76.9643,78.3881,-76.5831,76.3623,-77.5531,76.6296,-77.2796,80.5012,-76.2713,80.3488,1
32,1920,30,26.0702,-10.9162,-74.5404,-11.4135,-74.3418,-9.61021,-73.9719,-12.3877,-74.7202,-13.3898,-75.0453,-10.4422,1
32,1920,37,12.7989,19.65,29.8973,7.97255,30.2728,8.38802,30.2569,7.58629,29.4748,7.5403,29.5183,8.34172,7
32,1920,52,35.3389,15.3643,-17.0953,88.5792,-16.3142,88.671,-17.1721,87.8175,-18.012,88.488,-17.0516,89.2753,1
32,1920,57,-33.721,1.50441,15.6798,-92.2812,15.693,-93.0559,15.0166,-92.1372,15.6715,-91.5878,16.4246,-92.4465,1
32,1920,61,-22.3743,-10.9228,34.6859,-38.7562,34.6438,-39.4816,34.176,-38.6944,34.7116,-38.0921,35.217,-38.8385,1
32,1920,64,26.2338,19.0114,20.4033,97.324,21.0247,97.3601,20.4006,96.7244,19.6979,97.3039,20.3777,97.9,1
32,1920,71,0.351626,-23.1167,16.4764,-21.8768,16.1916,-22.3956,15.9241,-21.7066,16.7223,-21.3745,16.9883,-22.0617,1
32,1920,89,23.0452,-21.175,25.1427,24.406,25.0357,23.8433,24.4775,24.4936,25.222,24.9862,25.7298,24.3068,1
32,1920,92,-9.90012,-17.0112,-44.4507,-66.4898,-43.9982,-66.929,-44.6889,-67.1128,-44.8807,-66.0912,-44.1965,-65.892,1
32,1920,94,-32.7851,19.4333,-18.223,20.9344,-18.0793,20.2784,-18.9439,20.8728,-18.3237,21.5545,-17.383,21.0278,1
32,1920,99,12.005,23.8194,19.7148,-157.427,20.2683,-157.506,19.7073,-157.978,19.1094,-157.315,19.6926,-156.862,1
33,1980,2,-38.4504,3.99603,30.2186,83.1749,29.9273,82.224,29.578,83.7265,30.4794,84.0068,30.9589,82.5248,1
33,1980,10,-22.6775,11.2607,41.1113,-107.677,41.6434,-107.758,41.0055,-108.39,40.6037,-107.582,41.212,-106.889,1
33,1980,17,-27.2646,-7.79229,11.9882,122.428,11.9543,121.782,11.4556,122.515,12.0116,123.012,12.5568,122.323,1
33,1980,23,-38.03,-12.2755,57.6391,159.6,57.1997,158.27,57.1872,160.4,57.9938,160.768,58.1213,158.65,2
33,1980,24,34.5011,12.2108,75.7233,-91.5083,76.352,-92.2981,75.4053,-93.7245,74.9994,-90.6372,75.9775,-89.3706,1
33,1980,29,3.22453,24.7256,-78.1829,100.109,-78.1581,97.6576,-78.6661,99.6359,-78.1614,102.749,-77.6762,100.686,1
33,1980,35,4.20089,23.0995,81.837,170.187,81.3684,168.872,81.574,173.086,82.3438,171.617,82.1103,167.035,1
33,1980,44,-27.9897,-0.187372,16.9252,-126.493,16.9058,-127.159,16.3512,-126.387,16.9432,-125.883,17.551,-126.613,1
33,1980,49,26.8161,7.77728,-17.4511,54.1315,-16.8597,54.2123,-17.4516,53.5005,-18.1053,54.0487,-17.4603,54.7213,1
33,1980,52,28.2828,12.2479,-19.0042,91.2657,-18.3487,91.3324,-19.0267,90.5935,-19.7421,91.2032,-18.9999,91.8961,1
33,1980,56,-28.0347,22.2399,-8.15528,-110.812,-8.13725,-111.45,-8.8866,-110.798,-8.13498,-110.198,-7.30914,-110.802,1
33,1980,57,-27.8417,11.3129,18.887,-88.7627,18.9056,-89.4307,18.2418,-88.6935,18.8847,-88.1363,19.6103,-88.8288,3
33,1980,58,23.7853,0.878452,39.1815,-55.3331,39.3211,-56.0546,38.5732,-55.4447,39.0252,-54.5597,39.7478,-55.2235,1
33,1980,68,19.8778,-12.8661,-47.9356,-110.652,-47.8265,-111.386,-48.5075,-110.845,-48.0583,-109.898,-47.4086,-110.495,1
33,1980,75,3.62746,21.2099,9.59959,147.304,10.1068,147.491,9.8339,146.823,9.05155,147.128,9.33321,147.795,1
33,1980,82,35.7885,9.1741,28.9969,165.83,29.6454,166.019,28.9949,165.058,28.2482,165.624,28.9794,166.525,1
33,1980,88,28.8324,-4.52629,-1.88284,9.28834,-1.99837,8.75563,-2.46801,9.50548,-1.76494,9.86781,-1.35389,9.08958,1
33,1980,90,29.1336,8.76427,-9.13498,-131.845,-8.52992,-131.804,-9.18873,-132.458,-9.8112,-131.883,-9.09707,-131.275,1
33,1980,94,-22.0094,-2.81511,-18.1308,22.6758,-18.0953,22.0777,-18.6526,22.6863,-18.1635,23.2329,-17.577,22.6598,1
33,1980,99,20.1269,-14.5177,19.0021,-158.027,19.518,-158.028,19.0126,-158.671,18.4723,-158.044,19.0034,-157.439,1
34,2040,10,-32.9336,-9.57815,41.0163,-105.121,41.7401,-105.25,40.8418,-105.862,40.3787,-105.02,41.2177,-104.313,2
34,2040,11,25.4042,-2.30779,12.1024,-78.5183,12.6313,-78.4568,12.1019,-79.1186,11.5342,-78.5888,12.1023,-77.9652,1
34,2040,13,34.624,-11.3265,-40.1657,-26.6814,-39.5629,-26.673,-40.2915,-27.6873,-40.8284,-26.7177,-40.0405,-25.8127,1
34,2040,22,35.6208,17.1948,27.7162,160.045,27.329,159.373,27.2553,160.557,28.1814,160.829,28.1558,159.596,1
34,2040,23,-31.1717,5.0492,62.8503,163.728,62.6128,162.505,62.3619,164.413,63.0655,164.856,63.3931,162.942,1
34,2040,24,-33.2436,0.0609887,78.9164,-64.0972,79.5482,-63.1593,78.9307,-67.1587,78.3468,-64.8381,78.8674,-60.7002,1
34,2040,29,34.1069,4.92713,-78.5872,117.767,-78.6347,114.661,-79.2003,118.897,-78.492,121.235,-78.0286,116.888,1
34,2040,57,-36.5724,-8.76673,20.8223,-88.915,20.7946,-89.8563,20.155,-88.7248,20.8357,-88.1025,21.5634,-89.1506,1
34,2040,59,-19.9537,19.329,52.6958,3.29318,53.1853,2.80725,52.3802,2.41321,52.2249,3.79838,53.0208,4.30334,1
34,2040,68,15.5428,-12.9849,-45.3631,-106.77,-45.2931,-107.462,-45.9081,-106.909,-45.4442,-106.067,-44.8547,-106.658,1
34,2040,70,-37.4389,5.79783,-5.98756,-35.4765,-6.16151,-36.248,-6.63518,-35.1126,-5.81985,-34.7974,-5.23723,-35.8936,2
34,2040,82,22.2295,23.7326,25.5568,170.118,26.158,170.203,25.6441,169.538,24.8721,170.05,25.4373,170.687,1
34,2040,84,36.3371,19.2292,-37.9333,-154.239,-37.1927,-154.06,-37.9403,-155.084,-38.8155,-154.429,-37.9548,-153.465,1
34,2040,88,-24.7928,23.7854,6.09921,7.83232,5.97962,7.29717,5.4812,7.96186,6.24808,8.3499,6.81138,7.70801,1
34,2040,91,-33.1412,-5.41786,-30.5531,-97.3498,-29.837,-97.4452,-30.7362,-98.0221,-31.1881,-97.2674,-30.3364,-96.6142,1
34,2040,94,-21.8386,2.82147,-15.1675,25.6691,-15.1299,25.0979,-15.6968,25.6815,-15.1973,26.2081,-14.5995,25.6574,2
35,2100,8,32.2701,3.36836,-69.9442,-66.8936,-69.2689,-66.4623,-69.9206,-69.054,-70.7005,-67.4101,-69.9514,-64.9388,2
35,2100,10,32.177,21.8609,31.8698,-102.843,32.5763,-103.015,31.6777,-103.535,31.0458,-102.617,32.0132,-102.176,2
35,2100,20,-39.4332,9.61217,-38.5226,138.077,-38.7278,137.172,-39.1212,138.601,-38.3185,138.863,-37.8116,137.479,1
35,2100,24,-27.6678,10.407,74.5464,-55.6403,75.0562,-54.7693,74.695,-57.7047,74.0605,-56.361,74.3502,-53.4006,1
35,2100,29,-37.7669,-7.7362,-72.1893,103.753,-72.074,101.201,-72.8116,104.024,-72.2666,105.976,-71.4905,103.419,1
35,2100,32,-37.1239,4.1952,-19.8886,-175.982,-20.3205,-176.596,-20.2918,-175.416,-19.497,-175.447,-19.4231,-176.627,1
35,2100,43,-39.3633,-3.64905,-4.76591,-146.245,-4.74759,-147.122,-5.45761,-146.042,-4.77993,-145.491,-3.97581,-146.49,1
35,2100,44,-32.0175,14.2126,24.2035,-121.206,24.2614,-121.918,23.5153,-121.145,24.1698,-120.545,24.9939,-121.26,1
35,2100,59,-17.6852,21.0186,51.5623,9.14509,52.0617,8.72503,51.3025,8.25038,51.075,9.59507,51.8216,10.1645,1
35,2100,69,36.0552,11.6577,-15.3448,-71.6768,-15.4317,-72.4006,-15.9865,-71.4174,-15.2302,-70.8391,-14.7584,-71.8902,1
35,2100,71,-39.3202,2.56682,30.8309,-21.383,30.6402,-22.3467,30.1775,-20.9296,31.0004,-20.5443,31.5863,-21.9201,1
35,2100,85,1.38011,24.084,-61.2709,-101.409,-60.8502,-101.98,-61.4764,-102.358,-61.7037,-100.739,-61.0684,-100.395,1
35,2100,88,-35.3911,0.107847,7.98718,7.228,7.86005,6.53002,7.41845,7.48778,8.10263,7.84692,8.62669,6.93061,1
35,2100,94,36.7102,13.0566,-15.5921,33.1891,-15.5824,32.4231,-16.282,33.365,-15.5872,34.0851,-14.9652,33.0551,2
36,2160,2,30.7612,5.41778,38.5394,95.5419,38.314,94.7219,37.9225,95.9888,38.7881,96.4638,39.1068,95.1387,6
36,2160,3,4.21539,-20.1346,68.3954,123.488,68.3618,121.919,67.7953,123.277,68.391,125,68.9614,123.636,2
36,2160,4,18.7035,-12.6989,62.6977,-138.151,63.2587,-137.992,62.7817,-139.565,62.1234,-138.345,62.6201,-136.855,1
36,2160,5,-37.2902,9.89152,29.9626,-105.354,30.5687,-104.718,30.3163,-106.201,29.4062,-105.894,29.5346,-104.376,1
36,2160,8,40.2413,-0.830264,-73.2598,-63.8674,-72.4721,-63.1737,-73.3057,-67.1979,-74.17,-64.7936,-73.1842,-61.0323,1
36,2160,9,-35.7429,3.62833,-60.0237,40.7251,-59.9539,39.1151,-60.7565,41.0085,-60.059,42.1611,-59.1863,40.4161,1
36,2160,10,35.0414,-9.80805,31.3173,-102.893,31.9265,-102.879,31.1778,-103.784,30.6443,-102.93,31.4409,-102.118,3
36,2160,11,-34.3086,-17.5909,11.3282,-70.7507,12.1652,-70.718,11.2832,-71.359,10.6131,-70.7946,11.4069,-70.0941,5
36,2160,12,3.91818,-22.1383,-18.1516,-49.6581,-17.6317,-49.689,-18.0683,-50.2235,-18.6492,-49.6518,-18.2073,-49.126,1
36,2160,16,-38.4078,-5.16052,-5.65656,104.651,-5.62217,103.832,-6.30295,104.808,-5.68691,105.358,-4.92539,104.46,1
36,2160,23,10.5833,18.6456,69.4832,-179.932,69.3275,178.726,69.0212,-179.607,69.6558,-178.48,69.9559,179.779,1
36,2160,24,-36.8577,5.29935,71.8932,-47.6816,72.4621,-46.3641,72.0987,-49.6963,71.3746,-48.7594,71.6298,-45.4292,1
36,2160,29,39.62,-9.82297,-73.5301,131.671,-73.6598,129.409,-74.2823,133.174,-73.3745,134.21,-72.8868,130.477,1
36,2160,30,-5.49904,-17.7127,-87.6759,-85.6443,-87.9892,-74.7483,-87.3365,-77.4814,-87.3118,-93.0834,-87.9618,-95.7287,2
36,2160,36,21.5369,15.1714,51.0637,7.08563,51.4484,7.71123,51.4157,6.47476,50.6258,6.42391,50.7064,7.64921,1
36,2160,37,35.7235,5.21059,15.9994,3.83803,16.3987,4.37266,16.4191,3.26819,15.5401,3.23222,15.615,4.33887,6
36,2160,45,-31.6533,20.4502,50.1972,-81.3132,50.502,-82.2012,49.5133,-81.7356,49.9344,-80.4629,50.984,-80.7715,1
36,2160,47,36.4538,-16.9871,29.7985,9.65891,30.4474,9.74858,29.7567,8.5856,29.0894,9.52234,29.8426,10.5665,2
36,2160,48,11.4193,17.9993,2.1657,39.6318,2.70412,39.6661,2.2247,39.1187,1.58417,39.6129,2.08565,40.1476,1
36,2160,50,-19.4199,21.277,29.9729,54.4443,30.5429,54.4826,30.0299,53.7192,29.4052,54.4402,29.8812,55.2502,1
36,2160,53,-18.7922,-23.9678,-44.002,133.645,-43.3497,133.199,-44.1642,132.872,-44.5905,134.019,-43.8039,134.393,1
36,2160,56,-31.7695,21.02,0.859877,-104.898,0.898037,-105.569,0.0848785,-104.852,0.861224,-104.264,1.7687,-104.926,1
36,2160,58,15.9759,-10.5752,44.9076,-44.7136,45.0926,-45.4213,44.3529,-45.0145,44.7016,-44.0008,45.4276,-44.4405,1
36,2160,59,19.0995,0.248513,47.7793,9.89102,48.2675,9.52211,47.4842,9.15434,47.2609,10.2724,48.0527,10.5967,1
36,2160,60,26.543,-24.6984,14.6595,-51.7513,14.6009,-52.3247,13.8803,-51.753,14.6804,-51.1619,15.3327,-51.7737,1
36,2160,62,31.5798,11.4959,51.756,33.3745,52.2665,32.7558,51.3023,32.6923,51.179,34.0739,52.159,34.0364,1
36,2160,63,36.7027,0.321678,36.0017,77.5431,36.6579,77.5901,35.8439,76.6458,35.2561,77.4855,36.1306,78.3377,2
36,2160,65,25.7088,7.70482,-20.0545,126.31,-19.5026,126.412,-20.0236,125.709,-20.6621,126.204,-20.0919,126.873,1
36,2160,67,14.786,24.9405,-55.77,-143.652,-55.4904,-144.535,-56.189,-144.197,-56.051,-142.632,-55.3573,-143.063,1
36,2160,68,-31.0086,10.488,-35.8759,-100.938,-35.7516,-101.682,-36.5002,-100.958,-35.9713,-100.246,-35.1709,-100.904,1
36,2160,69,27.6517,16.2137,-11.3919,-70.3347,-11.5133,-70.9538,-11.9405,-70.1631,-11.2372,-69.6387,-10.8649,-70.475,1
36,2160,71,28.2709,20.5851,33.0688,-11.3189,32.8101,-12.0986,32.5081,-11.0053,33.3818,-10.4262,33.618,-11.5869,1
36,2160,72,-30.5064,9.49554,64.9043,13.5836,65.0075,12.0581,64.2479,13.5869,64.8103,14.9871,65.6436,13.601,2
36,2160,73,-13.9791,23.9074,62.8496,106.798,63.3967,106.734,62.8785,105.488,62.2928,106.927,62.7776,108.24,2
36,2160,74,38.2075,0.170818,32.4422,131.15,33.1011,131.52,32.5586,130.17,31.6869,130.724,32.329,132.001,1
36,2160,80,-5.21949,-21.0776,61.5447,77.9631,61.7435,76.9227,61.1217,77.3926,61.3343,78.9075,61.9608,78.4898,4
36,2160,82,27.1178,22.1041,18.8712,173.356,19.5035,173.476,18.9497,172.77,18.1413,173.243,18.7627,173.916,1
36,2160,88,-31.8342,20.3221,12.9839,10.1026,12.9039,9.48874,12.3171,10.2778,13.089,10.6755,13.7653,9.91874,1
36,2160,90,32.5993,23.1669,-18.8409,-123.68,-18.0844,-123.734,-18.9484,-124.344,-19.7327,-123.587,-18.7768,-123.047,1
36,2160,94,-25.5273,21.0249,-8.21698,31.6292,-8.17001,31.0573,-8.85729,31.5942,-8.23203,32.1858,-7.48952,31.6912,8
36,2160,96,22.3469,20.9349,36.8885,91.7757,37.0129,91.029,36.3537,91.6311,36.7642,92.6185,37.4071,91.9539,2
36,2160,97,-4.97502,24.3312,47.3404,139.451,47.7143,138.924,47.0355,138.808,46.9635,140.026,47.6445,140.176,3
36,2160,99,32.3244,12.965,8.21878,-149.455,8.88555,-149.434,8.12174,-150.094,7.45581,-149.465,8.28726,-148.862,1
37,2220,1,-20.4066,18.0366,10.6315,79.1527,10.3681,78.6116,10.0589,79.4461,10.9117,79.6724,11.2759,78.8438,1
37,2220,10,-25.9739,-19.6946,33.9276,-96.1844,34.6255,-96.3193,33.858,-96.8284,33.3101,-96.0884,34.024,-95.5208,1
37,2220,16,12.3427,15.9072,-4.51045,111.871,-4.57287,111.364,-4.99916,111.919,-4.42817,112.414,-4.01957,111.841,1
37,2220,24,-21.0822,-9.3367,68.9817,-50.0962,69.498,-49.5025,69.1433,-51.3864,68.5069,-50.6379,68.8133,-48.7599,2
37,2220,29,-25.6403,-8.29342,-67.1204,120.448,-67.2502,118.948,-67.6059,120.865,-66.9964,121.802,-66.6067,119.996,1
37,2220,32,-20.814,0.436757,-12.6425,-174.849,-13.0184,-175.234,-12.9679,-174.457,-12.2867,-174.488,-12.2963,-175.265,1
37,2220,35,9.12853,23.4953,82.2833,21.377,82.5729,24.6957,82.7184,19.5499,81.9228,18.1488,81.8146,22.8993,1
37,2220,44,35.9728,3.00686,24.2352,-111.47,24.3056,-112.221,23.4932,-111.344,24.1498,-110.616,24.8951,-111.574,1
37,2220,59,-32.1758,24.258,50.2164,21.8042,50.8868,21.6282,50.0069,20.5653,49.5887,22.036,50.4191,23.2993,1
37,2220,64,32.9138,7.1393,5.73666,106.483,6.35278,106.625,5.74641,105.83,5.03875,106.328,5.71527,107.076,1
37,2220,69,-37.2081,-13.2388,-7.1501,-75.2563,-7.26742,-76.117,-7.74806,-75.0402,-7.05968,-74.5213,-6.49422,-75.5206,1
37,2220,71,-7.47791,-19.6581,34.343,-15.4236,34.0897,-16.0578,33.8253,-15.2405,34.5589,-14.819,34.8399,-15.6291,1
37,2220,79,-38.4284,-6.95326,-29.8314,-47.5673,-30.0248,-48.5755,-30.4546,-47.1749,-29.663,-46.7047,-29.1315,-48.0246,1
37,2220,87,-24.38,16.4812,-16.2772,-4.97202,-16.3687,-5.52256,-16.8379,-4.83369,-16.1672,-4.4467,-15.647,-5.10956,1
37,2220,88,-20.8058,24.1967,15.9618,12.8396,15.8322,12.3105,15.3748,12.9541,16.1201,13.3601,16.6298,12.7347,1
37,2220,89,31.7539,-10.1172,40.7552,38.1348,40.7837,37.3911,40.058,38.2171,40.7025,38.9407,41.3704,38.0501,1
37,2220,95,-38.3799,0.264027,20.2844,56.4608,20.3981,55.6201,19.5955,56.5713,20.1872,57.1939,21.0742,56.3273,1
38,2280,16,21.5277,10.7198,-2.48453,114.451,-2.5301,113.914,-3.00672,114.533,-2.42491,115.036,-1.98156,114.386,1
38,2280,19,39.8608,3.25594,43.251,-134.108,43.9252,-134.465,42.7397,-134.949,42.4643,-133.704,43.683,-133.357,1
38,2280,20,-18.9667,24.2439,-26.8133,143.418,-27.0818,142.932,-27.3231,143.715,-26.5167,143.887,-26.2289,143.112,1
38,2280,25,23.7833,21.6507,26.9108,-37.1223,27.4327,-36.8013,27.1623,-37.6435,26.3091,-37.4609,26.6384,-36.6302,1
38,2280,28,-34.2942,23.6291,-74.2801,23.8288,-73.6553,23.918,-74.3263,21.0591,-74.8659,23.8926,-74.2055,27.1108,1
38,2280,34,19.8823,22.4647,65.2524,-175.842,64.7869,-176.656,64.919,-174.897,65.7821,-174.938,65.6,-176.762,1
38,2280,54,19.4038,4.75394,-48.2482,-157.578,-48.0567,-158.362,-48.7966,-157.814,-48.4435,-156.732,-47.7264,-157.349,1
38,2280,55,-24.6811,-6.98374,-23.6944,-125.821,-23.6914,-126.538,-24.2641,-125.769,-23.6997,-125.166,-23.0896,-125.888,1
38,2280,57,-38.1347,12.4136,34.0063,-76.9403,34.1808,-77.8787,33.1895,-76.8834,33.8698,-76.101,34.9711,-76.9941,1
38,2280,61,28.2392,17.6852,46.9909,-9.82994,47.1581,-10.7295,46.4211,-9.97884,46.8095,-8.80599,47.5271,-9.64906,1
38,2280,87,-23.4227,6.31862,-13.8569,-3.69071,-13.9638,-4.23298,-14.3606,-3.52898,-13.7469,-3.18076,-13.3079,-3.86077,1
38,2280,88,-40.2149,-3.60251,18.025,11.0664,17.8847,10.1991,17.4152,11.401,18.1428,11.8107,18.7208,10.6675,2
38,2280,99,7.09117,18.005,4.29038,-142.718,4.80025,-142.728,4.31385,-143.215,3.74799,-142.69,4.24707,-142.211,1
39,2340,15,-36.865,-0.687827,-23.2033,86.7709,-23.0739,85.9672,-23.8546,86.8397,-23.3103,87.4788,-22.4644,86.6874,1
39,2340,16,-9.43648,17.2292,2.52593,114.968,2.48637,114.481,2.02223,114.983,2.58385,115.459,3.06484,114.968,1
39,2340,19,-23.6273,2.34989,47.8521,-126.551,48.3771,-126.827,47.6241,-127.26,47.3614,-126.291,48.0923,-125.778,1
39,2340,21,-17.4986,-11.1471,9.23055,149.927,8.90302,149.494,8.84907,150.218,9.52682,150.335,9.61442,149.618,1
39,2340,25,35.5135,-4.11,25.2969,-38.4559,25.754,-38.0168,25.6259,-39.1616,24.7901,-38.9513,25.0058,-37.8378,1
39,2340,28,2.8426,21.1465,-78.864,26.1379,-78.3951,25.4925,-78.9299,23.6753,-79.3542,26.99,-78.7945,28.6973,1
39,2340,34,-24.9413,13.6132,67.6861,173.223,67.2562,172.359,67.3713,174.459,68.1024,174.04,68.0355,171.827,1
39,2340,35,-8.67129,-17.2149,77.9722,22.5282,78.2489,24.7068,78.4088,21.4736,77.7108,20.537,77.5466,23.5668,1
39,2340,40,40.1161,5.33195,-54.7674,112.14,-54.0491,111.632,-55.3196,111.038,-55.6067,112.761,-54.2893,113.09,1
39,2340,52,-25.2585,-1.5816,-30.6402,110.019,-30.0022,110.015,-30.7089,109.347,-31.2286,110.023,-30.5581,110.741,1
39,2340,75,38.7471,-12.7645,-9.57717,148.996,-9.00908,149.418,-9.20783,148.089,-10.1981,148.496,-9.87715,149.767,1
39,2340,79,-34.5457,13.5944,-21.1916,-42.8205,-21.3105,-43.567,-21.8774,-42.5196,-21.0565,-42.1455,-20.3903,-43.1521,1
39,2340,88,36.0569,-19.2058,16.2506,18.7845,16.1955,18.1549,15.3837,18.978,16.2728,19.4739,16.9784,18.6023,1
39,2340,93,-33.6106,21.5665,-24.203,11.6283,-24.0136,10.9465,-24.9521,11.4988,-24.3412,12.2779,-23.3222,11.8052,1
40,2400,15,-34.0897,-5.5736,-21.2077,89.3725,-21.1415,88.5996,-21.8082,89.4489,-21.2661,90.0549,-20.5431,89.2765,1
40,2400,16,-23.93,14.631,6.17648,116.083,6.18315,115.537,5.6044,116.115,6.18809,116.607,6.81243,116.062,1
40,2400,19,4.53274,24.7191,43.2368,-120.721,43.7142,-121.016,43.1039,-121.393,42.7308,-120.375,43.3466,-120.001,1
40,2400,28,3.09563,19.1208,-80.3826,44.2451,-79.9771,42.7529,-80.5943,41.689,-80.7929,46.0536,-80.1601,46.8325,1
40,2400,34,-38.913,-6.8929,68.9697,167.304,68.2637,166.107,68.7756,169.051,69.5663,168.402,69.1525,165.274,1
40,2400,35,38.3245,14.5666,71.6332,1.90913,72.1671,3.62078,71.963,-0.113322,70.973,0.0379366,71.2979,3.61779,1
40,2400,46,37.9746,11.7818,40.0167,-8.87849,40.7754,-9.08661,39.6585,-9.75266,39.1268,-8.62566,40.3101,-8.07792,1
40,2400,51,-33.8686,0.398959,-6.49752,87.3421,-5.76125,87.5067,-6.50243,86.662,-7.15545,87.1992,-6.48701,88.1053,1
40,2400,71,38.8202,-10.7277,42.3441,-3.40903,42.3389,-4.36747,41.43,-3.0836,42.315,-2.3268,43.1163,-3.7032,1
40,2400,79,-31.4813,15.9574,-17.7207,-40.9962,-17.8606,-41.6701,-18.3826,-40.7257,-17.5629,-40.3759,-16.9528,-41.2881,2
40,2400,91,-37.9269,10.1081,-40.7031,-71.4672,-39.9885,-71.7329,-41.0937,-72.2986,-41.333,-71.2014,-40.2464,-70.5017,1
40,2400,93,-33.8462,22.8057,-21.6386,14.622,-21.463,13.9447,-22.4072,14.5039,-21.7612,15.268,-20.7296,14.7881,1
41,2460,1,-24.8883,-20.0623,21.2365,80.5947,20.7786,79.8984,20.7226,80.9416,21.6205,81.2238,21.7476,80.2054,1
41,2460,2,-29.335,4.97343,58.1092,96.7566,57.9325,95.4957,57.5034,97.257,58.2698,97.9214,58.7811,96.1861,1
41,2460,3,11.1023,-15.2917,73.2622,-178.544,73.7273,-179.611,72.9712,179.607,72.7844,-177.591,73.5323,-176.784,1
41,2460,4,-39.1209,0.554702,47.7352,-112.917,48.4634,-112.091,47.9843,-114.043,47.0958,-113.604,47.4395,-111.623,1
41,2460,5,-24.0876,0.316157,12.6384,-103.579,13.1764,-103.216,12.9101,-104.127,12.1366,-103.912,12.3462,-102.989,1
41,2460,8,9.46991,20.0207,-73.8861,15.4581,-73.7349,13.4282,-74.4154,14.79,-74.0056,17.7051,-73.3507,16.1803,1
41,2460,11,-18.1779,21.3596,-7.10167,-58.4722,-6.58687,-58.4181,-7.01574,-59.0376,-7.6179,-58.5002,-7.21737,-57.8473,2
41,2460,19,19.6218,-7.96364,41.6646,-120.689,42.1433,-120.876,41.4894,-121.398,41.1632,-120.51,41.8294,-120.031,1
41,2460,22,-28.8097,23.6112,55.5157,158.794,55.2777,157.889,54.9191,159.314,55.7703,159.65,56.2168,158.209,1
41,2460,28,14.7409,-17.0719,-81.4937,47.1967,-81.0887,45.4728,-81.7421,43.8209,-81.9018,48.9877,-81.2282,50.0802,1
41,2460,32,-38.7404,-6.2241,1.7116,-178.577,1.16061,-179.185,1.36497,-178.018,2.18326,-178.053,2.09245,-179.22,1
41,2460,34,18.1386,-14.5314,73.2622,-178.544,72.8907,-179.653,72.8627,-177.142,73.6233,-177.318,73.611,-179.918,1
41,2460,36,-16.5216,24.8486,31.0202,8.6524,31.3535,9.10872,31.4914,8.27288,30.6573,8.21558,30.4782,9.04804,1
41,2460,39,28.762,19.2403,-75.4395,-16.1905,-75.1448,-13.9488,-74.9462,-17.3354,-75.7676,-18.8319,-75.9178,-15.1249,1
41,2460,41,-32.4808,18.9976,-38.2756,176.286,-38.0339,175.512,-38.9916,176.07,-38.4666,177.026,-37.4455,176.558,1
41,2460,43,-31.5266,-4.49273,12.2851,-132.895,12.2483,-133.619,11.6928,-132.755,12.3143,-132.248,12.9335,-133.06,1
41,2460,44,-34.1549,-1.48684,39.4098,-105.686,39.5293,-106.629,38.7649,-105.639,39.2991,-104.851,40.1309,-105.748,2
41,2460,45,-31.8728,-12.5628,54.7428,-58.4803,55.2066,-59.5583,54.2194,-58.9944,54.3201,-57.5676,55.3179,-57.9416,1
41,2460,46,33.1198,0.411116,39.3352,-5.93411,39.9691,-6.03263,39.1003,-6.79816,38.6264,-5.83035,39.5365,-5.15307,2
41,2460,47,-1.11441,-23.3249,19.1247,25.7588,19.6925,25.7325,19.2296,25.1753,18.5915,25.7584,19.0477,26.3133,1
41,2460,48,29.631,-24.0137,-10.4819,45.9138,-9.89367,46.0297,-10.2713,45.0574,-11.0844,45.7513,-10.6372,46.6517,1
41,2460,52,-28.403,-3.84673,-34.9848,116.449,-34.2998,116.386,-35.113,115.728,-35.606,116.505,-34.8331,117.227,1
41,2460,57,-34.5986,8.81191,40.903,-67.2909,41.0916,-68.2306,40.178,-67.3199,40.7422,-66.441,41.7343,-67.2466,1
41,2460,59,22.9921,23.0544,37.9833,34.4339,38.6371,34.2045,37.8381,33.704,37.2461,34.7216,38.0883,35.166,1
41,2460,62,30.5773,-24.4978,47.5147,54.7709,48.0746,54.5452,47.325,53.54,46.9208,54.9417,47.6882,55.8172,1
41,2460,63,28.4467,-20.5692,24.7077,90.8467,25.2574,90.94,24.8305,90.0233,24.1386,90.7161,24.6156,91.5652,1
41,2460,65,-14.1624,-19.3007,-30.6129,139.657,-30.0315,139.617,-30.5777,139.071,-31.1467,139.673,-30.6237,140.24,1
41,2460,67,13.4196,21.9066,-48.8515,-116.351,-48.7726,-117.168,-49.3447,-116.525,-48.9097,-115.447,-48.3561,-116.14,1
41,2460,69,1.86662,19.7097,5.58145,-62.5443,5.47066,-63.0301,5.09377,-62.4804,5.71686,-62.0364,6.09283,-62.5912,3
41,2460,72,18.6531,-15.1811,67.3259,54.7935,67.6811,53.7398,66.8701,53.6743,66.9425,55.8028,67.7454,55.8279,1
41,2460,73,28.6223,12.1848,46.7335,120.55,47.371,120.724,46.7583,119.636,46.0142,120.376,46.6854,121.402,2
41,2460,79,-33.7865,-0.0327774,-15.7477,-40.6986,-15.945,-41.4387,-16.3271,-40.3717,-15.5658,-40.0404,-15.0999,-41.0665,1
41,2460,80,34.9953,17.3964,56.2939,120.877,56.948,120.361,55.9247,119.924,55.5319,121.488,56.6024,121.796,4
41,2460,82,1.83841,-23.202,6.98468,-178.495,7.4976,-178.395,7.20145,-178.986,6.50372,-178.611,6.80114,-178.026,1
41,2460,90,31.6964,-7.64772,-29.4787,-112.406,-28.8915,-112.371,-29.5538,-113.218,-30.1194,-112.461,-29.4025,-111.688,1
41,2460,91,-20.7101,0.117474,-43.3828,-69.0035,-42.8956,-69.3554,-43.6586,-69.6091,-43.8395,-68.6653,-43.0849,-68.3667,1
41,2460,93,-34.4315,17.154,-19.5371,16.8235,-19.3682,16.1418,-20.2659,16.7721,-19.6622,17.4592,-18.6866,16.9021,1
41,2460,94,-0.197126,23.1863,3.97797,45.0298,3.92385,44.5156,3.46192,45.0109,4.05934,45.5724,4.52481,45.0743,1
41,2460,95,14.7166,-16.8314,25.7306,70.1113,25.7687,69.5497,25.1586,70.0057,25.6712,70.6721,26.2601,70.1928,2
41,2460,96,-35.5867,-20.1269,47.9003,105.701,48.2556,104.422,47.3011,105.43,47.5729,106.754,48.5609,105.946,2
42,2520,0,-14.2612,21.4291,-5.95871,74.0418,-6.23773,73.5374,-6.52069,74.3029,-5.65112,74.5374,-5.3303,73.7772,1
42,2520,16,37.2309,-5.79295,6.61754,123.678,6.68189,123.031,5.83544,123.8,6.53071,124.405,7.2959,123.568,1
42,2520,19,-34.2497,-4.10836,44.003,-112.772,44.7137,-112.913,43.7882,-113.564,43.3742,-112.652,44.2444,-111.889,2
42,2520,22,-37.4688,3.88455,57.5633,157.482,57.2768,156.265,57.0501,158.247,57.8148,158.567,58.147,156.577,1
42,2520,27,36.3296,-13.164,-55.8118,-22.9349,-55.3702,-22.2124,-55.3765,-24.1364,-56.2782,-23.7836,-56.1666,-21.8726,1
42,2520,28,-31.6861,22.0928,-76.3362,84.006,-76.0302,81.8782,-76.9632,82.7409,-76.5776,86.1702,-75.6047,85.4338,1
42,2520,30,-28.857,-12.8745,-66.888,-175.035,-67.3777,-176.239,-67.22,-173.939,-66.453,-173.986,-66.5404,-176.202,1
42,2520,39,-28.0692,17.8982,-80.1109,3.89054,-79.768,6.47686,-79.6329,1.6157,-80.4381,1.34909,-80.6464,6.67221,1
42,2520,43,-32.2017,-5.11315,15.2327,-130.85,15.1987,-131.598,14.6347,-130.705,15.2582,-130.183,15.8885,-131.02,1
42,2520,61,24.2057,-17.8591,51.5737,5.75177,51.8644,5.03946,51.0261,5.14147,51.2488,6.45654,52.0682,6.28721,1
42,2520,74,31.4262,23.897,9.87721,141.823,10.6238,142.072,10.0329,141.176,8.98705,141.557,9.68662,142.426,1
42,2520,79,-23.0806,15.2908,-11.3476,-37.6803,-11.5269,-38.2377,-11.9155,-37.4521,-11.1542,-37.1504,-10.7112,-37.9176,1
42,2520,87,-32.552,16.9232,1.00158,2.2076,0.92391,1.59882,0.357842,2.39699,1.09922,2.76973,1.7505,2.00506,1
42,2520,89,-21.8416,-2.86553,57.6844,54.3886,57.7884,53.3829,57.1864,54.2767,57.5788,55.3202,58.2128,54.5023,1
42,2520,93,17.403,6.34837,-21.4352,22.0858,-21.4202,21.5342,-21.9542,22.1,-21.4438,22.6738,-20.9348,22.0802,1
42,2520,98,20.6461,-1.16283,19.4657,-160.88,19.9823,-160.879,19.4248,-161.466,18.918,-160.884,19.5021,-160.33,1
43,2580,16,-32.6643,10.0928,15.1558,121.904,15.2134,121.247,14.518,121.974,15.117,122.507,15.8818,121.833,1
43,2580,19,34.5154,-1.14553,36.2487,-113.057,36.8656,-113.14,36.0129,-113.881,35.557,-112.972,36.4515,-112.319,1
43,2580,20,18.9995,16.178,-9.43514,148.881,-9.75971,148.459,-9.82328,149.197,-9.06704,149.332,-9.0429,148.585,1
43,2580,23,19.9133,20.0879,75.602,-81.7678,76.146,-82.182,75.512,-83.764,74.9998,-81.2684,75.6506,-79.7621,1
43,2580,25,37.51,-4.98005,10.4467,-36.6374,10.9004,-36.1929,10.8151,-37.3195,9.94154,-37.1465,10.1269,-36.0453,1
43,2580,28,31.1549,-8.58324,-80.7023,102.959,-80.6075,99.6138,-81.3714,102.974,-80.7829,106.652,-80.1074,102.911,1
43,2580,35,-34.9523,14.6414,59.7043,16.2826,59.946,17.4876,60.2736,15.4927,59.4524,15.2164,59.0289,17.1439,1
43,2580,41,-38.7813,-1.69381,-34.5202,-179.512,-34.2821,179.507,-35.2368,-179.495,-34.717,-178.657,-33.6982,-179.542,1
43,2580,42,-29.701,18.6674,-8.26712,-149.408,-8.23918,-150.035,-8.95745,-149.365,-8.26344,-148.815,-7.47233,-149.437,1
43,2580,43,-32.469,2.10363,18.7671,-128.161,18.7778,-128.891,18.1425,-128.035,18.7609,-127.502,19.4649,-128.304,1
43,2580,50,-9.63615,24.3752,9.34837,70.5113,9.90104,70.5513,9.47179,69.9262,8.77328,70.5007,9.18555,71.146,1
43,2580,64,29.479,7.42569,-12.6204,118.43,-12.0399,118.558,-12.59,117.812,-13.2686,118.293,-12.6582,119.001,1
43,2580,70,30.431,-7.30801,21.5646,-18.9489,21.4084,-19.5772,20.9009,-18.6419,21.7189,-18.2606,22.1543,-19.2306,1
43,2580,75,31.9243,13.0329,-25.9824,155.701,-25.3467,156.015,-25.8205,154.982,-26.7137,155.351,-26.1495,156.361,1
43,2580,87,-21.7504,20.388,3.97987,4.8148,3.85674,4.30542,3.41773,4.94807,4.12526,5.30908,4.61388,4.68501,1
43,2580,93,-34.9119,0.0787769,-15.6303,20.6904,-15.5226,19.9486,-16.2702,20.7511,-15.7201,21.3507,-14.9103,20.6182,1
44,2640,7,32.0945,15.014,-69.1002,-70.8856,-68.3531,-70.5453,-69.092,-72.8687,-69.9632,-71.2598,-69.1143,-69.0485,1
44,2640,9,-18.8647,-0.310614,-35.1811,63.1713,-35.4142,62.4939,-35.6865,63.4846,-34.9563,63.8074,-34.647,62.8423,1
44,2640,10,27.1183,24.9715,8.50379,-78.0365,9.18441,-78.0681,8.47827,-78.616,7.71548,-77.9726,8.49007,-77.4704,1
44,2640,13,3.23319,23.9311,-49.6781,29.1331,-49.3796,28.4852,-50.0421,28.5895,-49.9741,29.8586,-49.3093,29.7254,1
44,2640,27,31.5662,1.96541,-64.5447,-17.7915,-64.0626,-17.0668,-64.3007,-19.1207,-65.0757,-18.6284,-64.7598,-16.57,1
44,2640,28,28.1329,-14.7574,-78.0557,113.041,-78.0738,110.492,-78.7201,113.422,-78.0323,115.735,-77.4675,112.68,1
44,2640,29,21.7053,15.4768,-41.217,142.638,-41.533,142.051,-41.618,143.061,-40.8533,143.267,-40.8157,142.251,1
44,2640,31,-23.6669,8.19626,-21.3642,-176.526,-21.7267,-176.954,-21.7223,-176.097,-21.0123,-176.131,-20.9667,-176.988,1
44,2640,43,-30.2517,-10.6082,20.49,-126.533,20.4293,-127.307,19.9138,-126.406,20.5321,-125.845,21.1081,-126.69,1
44,2640,49,35.9012,7.54312,-47.0853,86.7656,-46.3823,86.6311,-47.3572,85.7661,-47.8928,86.933,-46.848,87.6602,1
44,2640,55,-34.6246,-8.60476,-6.19739,-113.042,-6.23692,-113.877,-6.84024,-112.876,-6.16822,-112.314,-5.48998,-113.243,1
44,2640,81,34.4768,20.2807,23.2457,167.449,23.9635,167.596,23.2584,166.756,22.3956,167.301,23.1977,168.091,1
44,2640,86,-26.6082,15.4762,-24.312,-12.092,-24.374,-12.6954,-24.8905,-11.959,-24.2306,-11.5213,-23.659,-12.224,1
44,2640,87,34.6889,20.9272,5.22694,11.0968,4.97831,10.3966,4.66572,11.4062,5.54127,11.918,5.76366,10.8407,1
44,2640,88,19.5957,17.5668,36.2017,29.6545,36.092,28.9927,35.7029,29.7817,36.3349,30.3824,36.6955,29.5533,1
44,2640,93,22.0244,-22.6715,-18.4052,25.566,-18.4022,24.9944,-19.1004,25.4742,-18.4375,26.143,-17.788,25.6247,1
44,2640,99,12.2618,21.1645,-12.8233,-128.706,-12.2804,-128.74,-12.8116,-129.229,-13.414,-128.647,-12.8583,-128.174,1
45,2700,7,32.8332,6.46241,-71.3205,-66.4342,-70.6155,-66.0919,-71.3468,-68.7438,-72.1187,-66.838,-71.2854,-64.3449,1
45,2700,28,-32.2046,-10.8271,-71.4156,106.905,-71.4248,104.702,-71.9658,107.222,-71.3949,108.842,-70.82,106.528,1
45,2700,54,-33.2438,13.654,-28.1563,-134.379,-27.9985,-135.151,-28.8914,-134.404,-28.274,-133.662,-27.3091,-134.335,1
45,2700,68,31.3273,24.7874,-12.3337,-72.7134,-12.5294,-73.4459,-12.9138,-72.5093,-12.0734,-71.8577,-11.767,-72.8671,1
45,2700,70,-30.4879,-6.10968,30.9749,-22.2523,30.7329,-23.0372,30.441,-21.9159,31.1837,-21.5451,31.5506,-22.6353,1
45,2700,71,-17.8014,-19.4391,60.3308,5.80672,60.227,4.50137,59.7854,5.85503,60.3953,6.99966,60.8776,5.70507,1
45,2700,81,15.8755,-14.8009,23.9468,169.225,24.4179,169.355,24.1107,168.646,23.4739,169.077,23.8055,169.763,1
45,2700,86,-28.7845,-17.1658,-23.6126,-12.173,-23.8121,-12.9181,-24.126,-11.9844,-23.4488,-11.5159,-23.0786,-12.3966,1
45,2700,87,-35.9445,-8.81699,8.96195,5.1437,8.7698,4.38819,8.41674,5.42199,9.12159,5.80208,9.56054,4.81791,1
46,2760,1,28.975,-5.69489,38.7332,92.8147,38.544,92.0452,38.0692,93.2136,38.9219,93.6582,39.3281,92.4447,6
46,2760,2,3.22621,-22.4388,69.1922,123.029,69.1638,121.356,68.5845,122.721,69.1785,124.623,69.7637,123.264,1
46,2760,3,36.9195,-15.4433,60.6481,-143.434,61.3425,-143.072,60.69,-145.494,59.8864,-143.886,60.6027,-141.697,2
46,2760,4,-27.3336,-24.2793,32.1558,-110.235,32.9948,-109.846,32.4348,-110.91,31.4435,-110.59,31.905,-109.523,1
46,2760,7,38.3849,-9.34201,-73.2681,-64.9285,-72.544,-64.2892,-73.2452,-68.3251,-74.078,-65.8045,-73.2373,-62.0395,1
46,2760,10,-33.0635,-22.9154,10.2386,-72.4999,11.1217,-72.5208,10.2131,-73.1022,9.49147,-72.5041,10.3055,-71.863,1
46,2760,11,-27.9848,-15.8537,-17.8431,-48.3094,-17.144,-48.3313,-17.8816,-48.8804,-18.4615,-48.3045,-17.7776,-47.709,2
46,2760,15,-29.4168,-3.95528,-4.84265,104.389,-4.85061,103.746,-5.39555,104.481,-4.83674,104.97,-4.2418,104.281,1
46,2760,23,-34.0872,7.64339,69.6528,-48.8931,70.175,-47.8058,69.8819,-50.5797,69.1675,-49.8035,69.3678,-47.0271,1
46,2760,28,0.583645,22.0004,-67.4514,124.387,-67.6385,123.214,-67.9158,124.744,-67.2248,125.584,-66.955,124.079,1
46,2760,31,-38.1163,7.04635,-13.8308,-179.085,-14.2547,-179.698,-14.2579,-178.516,-13.4433,-178.553,-13.33,-179.741,1
46,2760,36,31.0251,4.01972,14.162,1.86508,14.5301,2.33695,14.5643,1.37675,13.7496,1.34267,13.7887,2.30424,7
46,2760,39,16.4775,15.4925,-83.5672,-135.712,-84.086,-135.927,-83.5691,-131.282,-83.0031,-135.633,-83.511,-140.039,1
46,2760,44,17.7922,-11.6044,45.2441,-82.9115,45.428,-83.6014,44.6958,-83.216,45.0378,-82.2154,45.7544,-82.6382,2
46,2760,46,34.6068,-15.6749,28.7234,8.97424,29.3503,9.05648,28.6966,7.98763,28.0432,8.85217,28.755,9.82017,9
46,2760,47,-33.3446,-5.20716,5.22664,40.2295,5.95686,40.3756,5.22434,39.6001,4.58066,40.0979,5.23971,40.926,1
46,2760,48,22.9998,-23.086,-24.7546,58.055,-24.1935,58.1003,-24.6121,57.2564,-25.3198,57.9718,-24.8548,58.763,1
46,2760,58,-13.3624,20.9763,49.4896,13.9409,49.9933,13.6037,49.2955,13.089,48.9887,14.3124,49.6733,14.8921,1
46,2760,59,-26.4359,-24.5973,32.8936,49.8318,33.7363,49.686,32.8687,49.1089,32.1635,49.9261,32.9561,50.5682,1
46,2760,62,39.6859,3.76433,34.1695,76.7629,34.8907,76.832,33.9745,75.8322,33.33,76.6833,34.3236,77.5801,1
46,2760,63,-31.5059,-12.5233,12.4132,106.968,13.1327,107.096,12.44,106.383,11.7826,106.847,12.403,107.602,7
46,2760,68,18.7147,8.21869,-10.0197,-72.9866,-10.1055,-73.503,-10.5221,-72.8698,-9.91961,-72.4332,-9.53351,-73.0894,1
46,2760,72,36.1112,-10.4202,60.0447,94.6122,60.7115,94.5775,59.8297,92.9397,59.3027,94.6061,60.2208,96.0673,1
46,2760,73,20.3745,-1.68168,32.177,131.732,32.6808,131.962,32.3447,131.075,31.6446,131.488,32.0169,132.347,1
46,2760,78,-31.8978,0.453123,-31.4054,-49.5388,-31.5507,-50.3463,-31.9893,-49.2396,-31.2663,-48.8142,-30.7567,-49.8702,1
46,2760,79,-38.8924,-2.42218,1.70284,-35.7468,1.45806,-36.5828,1.09341,-35.342,1.91628,-35.0254,2.39603,-36.2203,1
46,2760,86,-40.0231,6.8072,-17.5717,-10.2958,-17.5956,-11.1058,-18.256,-10.0259,-17.5336,-9.58844,-16.7672,-10.6062,1
46,2760,87,-29.598,24.8113,15.0244,8.99176,14.9287,8.39577,14.338,9.13366,15.1532,9.55929,15.8329,8.85186,2
46,2760,93,-24.2008,22.0876,-6.93563,30.5565,-6.90087,29.9933,-7.57036,30.5174,-6.93813,31.1088,-6.21575,30.6241,5
46,2760,94,-33.9637,12.4883,19.3813,54.1574,19.4958,53.4633,18.6938,54.1816,19.2945,54.7943,20.173,54.1421,1
46,2760,95,35.0447,3.18003,35.6812,90.2623,35.9311,89.5149,34.9784,90.132,35.3924,91.1037,36.3076,90.3901,2
46,2760,96,24.4003,-5.00692,44.7887,135.424,45.2116,134.964,44.3803,134.807,44.3314,135.899,45.1637,135.996,1
47,2820,0,-24.397,20.8189,12.4186,76.6545,12.157,76.0754,11.7875,76.9667,12.7016,77.2049,13.1455,76.3204,1
47,2820,7,-15.6519,-18.4196,-70.6064,-45.4725,-69.9789,-46.1417,-70.7377,-47.1512,-71.1836,-44.8778,-70.4364,-43.8354,1
47,2820,8,-12.9905,16.3738,-56.4719,49.0522,-56.5976,48.0633,-57.0432,49.2717,-56.3185,50.0258,-55.8515,48.8534,1
47,2820,15,-37.2172,-12.2296,-2.04437,105.25,-2.08107,104.402,-2.65773,105.413,-2.02248,105.976,-1.36754,105.047,1
47,2820,19,-22.8921,-6.57204,31.5409,-96.0918,32.1205,-96.1157,31.4861,-96.6907,31.0068,-96.0758,31.6046,-95.4596,1
47,2820,27,-4.14327,23.3354,-74.8839,7.93844,-74.3979,7.96267,-74.8003,6.05968,-75.3937,8.00612,-74.9788,9.96419,1
47,2820,28,-34.4745,11.7051,-63.1914,120.593,-63.2501,119.183,-63.8108,121.06,-63.1076,121.866,-62.4739,120.102,1
47,2820,29,34.8996,17.6757,-29.7937,146.161,-30.2128,145.51,-30.2202,146.705,-29.2845,146.904,-29.379,145.687,1
47,2820,31,-22.3302,-14.8988,-12.0715,-177.536,-12.5424,-177.935,-12.3971,-177.138,-11.653,-177.166,-11.7485,-177.958,1
47,2820,43,-29.8395,21.8346,31.4929,-116.365,31.5689,-117.091,30.7717,-116.407,31.452,-115.67,32.3296,-116.287,2
47,2820,54,-37.9645,-1.9892,-23.7199,-130.79,-23.5971,-131.721,-24.4437,-130.672,-23.8193,-129.98,-22.8944,-130.934,1
47,2820,56,-31.7434,18.311,32.1748,-79.8133,32.2794,-80.5986,31.4256,-79.8306,32.1039,-79.0752,33.0437,-79.7682,1
47,2820,58,-18.322,16.8905,48.6028,18.6986,49.1377,18.4493,48.4252,17.8416,48.0821,18.9701,48.7734,19.6538,1
47,2820,61,-26.9179,-12.9814,56.4994,37.7632,57.0517,37.0934,56.175,36.9893,55.9965,38.3293,56.852,38.5763,2
47,2820,64,30.8177,-3.61833,-24.0763,126.051,-23.5168,126.198,-24.0307,125.329,-24.6876,125.88,-24.1131,126.7,2
47,2820,74,39.2954,-4.31309,-5.02374,145.19,-4.42054,145.608,-4.75679,144.331,-5.7068,144.7,-5.25202,145.929,1
47,2820,78,-38.5755,-8.24068,-28.5272,-49.3539,-28.7412,-50.3634,-29.1449,-48.9563,-28.3434,-48.4931,-27.8359,-49.8187,1
47,2820,80,39.5247,-6.0679,44.3943,145.481,45.0531,145.643,44.287,144.32,43.6448,145.28,44.4793,146.478,1
47,2820,86,-17.4904,-9.62408,-16.9269,-7.0722,-17.0818,-7.61309,-17.3889,-6.92358,-16.7888,-6.56694,-16.4541,-7.23541,1
47,2820,87,-33.4998,-2.88939,16.089,8.82722,15.9457,8.13089,15.5471,9.07678,16.2146,9.44797,16.6877,8.54154,2
47,2820,89,-37.0766,1.95395,65.9588,91.4639,66.5252,90.3316,65.4259,90.5384,65.4565,92.4341,66.5614,92.5646,2
48,2880,0,-26.0414,6.85119,14.5694,76.8111,14.3011,76.2043,14.0296,77.156,14.8289,77.3748,15.1662,76.4347,1
48,2880,6,-29.1832,24.2341,-48.6266,-81.2909,-48.0196,-80.86,-48.3056,-82.3993,-49.228,-81.654,-49.017,-79.991,1
48,2880,7,19.0418,19.6292,-76.4745,-24.2705,-75.9736,-25.9483,-76.8309,-26.2991,-77.0021,-22.1875,-76.1278,-22.2922,1
48,2880,15,-30.0594,4.08556,1.54141,109.27,1.55983,108.652,0.961639,109.354,1.53152,109.836,2.1849,109.178,1
48,2880,20,-32.162,-21.3516,6.53779,145.692,6.00907,145.076,6.12105,146.074,6.97457,146.232,6.95534,145.261,1
48,2880,24,19.0487,24.8202,24.748,-38.6362,25.2625,-38.3426,25.0206,-39.1139,24.1568,-38.9395,24.4463,-38.176,1
48,2880,27,35.6789,9.69884,-79.3743,2.5346,-78.7287,3.25492,-79.3728,-1.05572,-80.1173,1.63667,-79.3567,5.76821,1
48,2880,33,12.8426,13.744,66.2759,179.93,65.8865,179.17,65.9682,-179.15,66.696,-179.255,66.5875,179.016,1
48,2880,34,-20.9123,1.84081,77.8069,25.4273,77.9806,27.8106,78.2623,24.3812,77.6217,23.2467,77.3165,26.4596,1
48,2880,35,34.8487,-15.2242,44.497,1.66289,44.8383,2.34734,45.0795,0.871284,44.1415,0.902846,44.0011,2.34378,1
48,2880,43,-33.6063,0.0336704,32.8297,-115.824,32.8973,-116.677,32.1911,-115.731,32.768,-115.062,33.5439,-115.934,1
48,2880,49,37.3324,4.68964,-53.7278,106.545,-53.056,106.118,-54.1895,105.493,-54.4992,107.056,-53.321,107.467,1
48,2880,51,33.4939,10.6532,-34.3715,102.178,-33.6529,102.206,-34.4949,101.33,-35.1951,102.157,-34.2727,102.952,1
48,2880,56,-35.7266,-10.3121,32.9124,-80.1024,32.9346,-81.1425,32.2471,-79.9608,32.8781,-79.2051,33.647,-80.2881,1
48,2880,58,-25.0806,15.8008,47.5489,23.8962,48.1422,23.7397,47.387,22.9725,46.9848,24.0758,47.7051,24.9435,1
48,2880,70,26.6104,19.0238,40.9555,-9.14335,40.7539,-9.98829,40.3911,-8.86155,41.197,-8.18435,41.5064,-9.38255,1
48,2880,78,-38.1899,1.19228,-24.1871,-47.1807,-24.3384,-48.0737,-24.8354,-46.805,-24.0438,-46.404,-23.4423,-47.6123,1
48,2880,81,21.5916,11.9438,11.7707,175.188,12.2847,175.336,11.8782,174.67,11.2054,175.038,11.6526,175.684,1
48,2880,87,23.3547,23.5042,19.118,16.5241,18.9028,15.9153,18.6103,16.7071,19.383,17.2097,19.6282,16.3745,1
49,2940,6,39.0256,-1.84686,-52.2274,-92.0323,-51.5855,-91.3051,-51.9397,-93.4681,-52.9546,-92.9107,-52.465,-90.7818,1
49,2940,9,-26.8817,22.1742,-14.7563,68.2555,-14.9974,67.6356,-15.4369,68.5684,-14.4873,68.8384,-13.9611,67.9222,1
49,2940,15,32.2215,20.9619,2.0152,117.078,1.92129,116.371,1.41541,117.232,2.14703,117.902,2.58672,116.966,1
49,2940,16,-32.37,-5.82151,30.5028,136.215,30.5572,135.411,29.9203,136.282,30.4469,136.929,31.142,136.128,1
49,2940,18,-23.4235,-8.34253,47.4777,-127.791,48.0277,-128.121,47.2538,-128.477,46.9708,-127.503,47.7194,-127.068,1
49,2940,27,-20.7869,5.26726,-77.4942,31.4122,-77.0009,30.7804,-77.6618,29.2155,-77.9601,32.0896,-77.2985,33.7121,1
49,2940,34,39.194,7.1677,74.2596,-1.22167,74.7409,0.777219,74.6144,-3.7001,73.6727,-3.39719,73.913,0.838768,1
49,2940,43,-31.7602,-10.8203,34.5338,-113.656,34.5469,-114.574,33.9358,-113.569,34.5077,-112.848,35.181,-113.775,2
49,2940,49,-22.2902,-5.07712,-48.7489,113.063,-48.237,112.601,-49.0566,112.396,-49.2229,113.496,-48.4132,113.754,1
49,2940,53,23.2257,4.89881,-46.054,-153.23,-45.896,-154.035,-46.6445,-153.376,-46.2152,-152.35,-45.4991,-153.085,1
49,2940,56,-38.7274,-9.99368,35.8785,-77.5647,35.9454,-78.7421,35.1677,-77.3994,35.8055,-76.5672,36.6776,-77.7851,1
49,2940,70,37.2599,-7.83903,40.9842,-7.23479,40.9467,-8.1451,40.1517,-6.89986,40.9994,-6.2089,41.6994,-7.53664,1
49,2940,78,-39.2993,-4.35916,-21.2965,-46.2002,-21.5042,-47.1383,-21.9249,-45.795,-21.1142,-45.3974,-20.5824,-46.6732,2
49,2940,86,-31.1727,4.43545,-8.51933,-4.41708,-8.62264,-5.03501,-9.07042,-4.20952,-8.41668,-3.85491,-7.90386,-4.64561,1
49,2940,87,-38.5553,12.6351,24.5514,12.3484,24.5141,11.5586,23.8516,12.613,24.604,13.0513,25.3798,12.0451,1
49,2940,88,-25.242,4.11231,52.252,40.5477,52.293,39.6411,51.718,40.5821,52.2134,41.3938,52.8334,40.5136,2
50,3000,18,25.9937,21.1206,40.6857,-122.285,41.2722,-122.602,40.4563,-122.958,40.0242,-121.904,40.8767,-121.615,1
50,3000,27,32.2612,9.34686,-83.3035,46.9427,-82.7809,44.3208,-83.7104,42.9007,-83.8705,50.4996,-82.9143,50.3095,1
50,3000,38,-34.172,19.4254,-74.7981,5.26563,-74.4259,7.20735,-74.2761,3.40872,-75.1538,3.45301,-75.4049,7.55159,1
50,3000,42,-35.6851,-5.58641,10.8839,-136.992,10.8533,-137.801,10.2517,-136.813,10.9062,-136.284,11.5877,-137.205,1
50,3000,45,16.6751,9.68455,41.5133,-8.291,42.0322,-8.45482,41.3715,-8.96908,40.959,-8.10672,41.6364,-7.62462,1
50,3000,51,-30.1898,1.43945,-33.7748,112.749,-33.0866,112.736,-33.8944,111.999,-34.4006,112.766,-33.6358,113.574,1
50,3000,60,7.9213,17.2419,52.3223,-0.820987,52.5265,-1.57068,51.8905,-1.18669,52.1146,-0.0193074,52.7524,-0.415185,1
50,3000,69,-2.34923,-24.0886,29.8306,-45.5883,29.7212,-46.2128,29.2935,-45.6187,29.9071,-45,30.3388,-45.5872,1
50,3000,70,26.5049,-8.3563,44.9506,-6.27441,44.8778,-7.07506,44.2941,-6.0713,45.0091,-5.41563,45.5428,-6.47169,1
50,3000,71,-35.212,15.3242,72.7594,54.7098,73.3371,53.2692,72.185,53.0246,72.2401,56.0185,73.4005,56.8629,1
50,3000,78,-27.825,12.6456,-16.817,-42.585,-16.9771,-43.2083,-17.4109,-42.3298,-16.6468,-42.0054,-16.1454,-42.8573,1
50,3000,87,-37.1326,9.57196,27.4472,14.149,27.396,13.3634,26.7931,14.4071,27.5062,14.8505,28.2085,13.854,1
50,3000,90,-16.86,24.7917,-43.8195,-70.872,-43.358,-71.2385,-44.0594,-71.6279,-44.2702,-70.4565,-43.5687,-70.0183,1
50,3000,92,-27.4306,5.97186,-22.3261,12.5801,-22.224,11.9463,-22.9049,12.5625,-22.4099,13.1714,-21.6881,12.6043,1
50,3000,99,27.8385,-1.7855,-28.2408,-115.487,-27.6785,-115.477,-28.317,-116.191,-28.8519,-115.503,-28.1684,-114.845,1
51,3060,0,-34.5103,9.14739,25.9976,78.0942,25.7382,77.2989,25.3645,78.5518,26.2453,78.8088,26.7275,77.5701,1
51,3060,1,36.0974,-13.4961,53.9616,104.646,53.931,103.449,53.0275,105.003,53.9514,105.973,54.7549,104.308,1
51,3060,3,-19.9579,21.6994,43.5583,-117.234,44.082,-116.837,43.8937,-118.026,43.0223,-117.583,43.1546,-116.373,4
51,3060,4,-27.2285,-6.63576,12.1636,-105.557,12.7702,-105.172,12.4237,-106.126,11.6171,-105.909,11.8936,-104.942,1
51,3060,7,19.4447,17.388,-74.2003,18.3762,-74.0807,16.1142,-74.7796,18.0072,-74.2858,20.9179,-73.6348,18.7978,1
51,3060,9,-25.8848,-22.7228,-12.4727,68.573,-12.9653,67.8658,-13.0044,68.9022,-12.0622,69.1993,-11.9472,68.203,1
51,3060,10,21.0636,-16.8679,-8.10876,-64.6376,-7.59902,-64.5828,-8.0162,-65.2588,-8.62851,-64.7151,-8.17696,-64.074,2
51,3060,15,33.5801,-5.89987,5.53823,119.821,5.57555,119.221,4.82828,119.917,5.48474,120.483,6.16537,119.732,1
51,3060,18,-23.5187,3.70574,43.5583,-117.234,44.1015,-117.374,43.4057,-117.935,43.0491,-117.097,43.7163,-116.471,4
51,3060,21,-19.4925,22.6668,56.9959,158.687,56.7574,157.865,56.4798,159.114,57.2529,159.493,57.5811,158.232,1
51,3060,27,21.9116,19.0512,-81.6024,81.0939,-81.4159,77.5029,-82.0931,80.0013,-81.7525,85.3015,-81.1265,82.1902,1
51,3060,28,-29.4695,-12.3964,-51.6175,130.188,-51.9133,129.217,-52.0709,130.651,-51.3575,131.047,-51.1399,129.679,1
51,3060,34,-34.9754,-5.69079,67.217,18.2179,67.5199,19.9448,67.6926,17.2382,66.9384,16.7335,66.6878,19.2873,1
51,3060,38,4.05966,19.3979,-77.7944,-11.7071,-77.5178,-9.81286,-77.3684,-12.7518,-78.0886,-13.7588,-78.2407,-10.63,1
51,3060,43,-28.8487,21.5157,41.5796,-103.496,41.7264,-104.293,40.886,-103.664,41.4671,-102.727,42.3766,-103.266,3
51,3060,44,31.1854,-15.4013,48.7393,-57.6293,49.1722,-58.2541,48.1474,-58.4125,48.2537,-57.0002,49.2605,-56.947,1
51,3060,45,32.9845,12.5321,37.6922,-5.24687,38.3765,-5.38849,37.4568,-6.03649,36.9092,-5.0723,37.8841,-4.50901,3
51,3060,46,-18.9027,13.7716,16.2167,28.0096,16.7483,28.0979,16.2868,27.4308,15.6959,27.9412,16.1251,28.6382,1
51,3060,55,-36.5182,17.3787,16.8727,-96.6191,16.9662,-97.3981,16.0477,-96.5321,16.8192,-95.9081,17.8532,-96.7027,1
51,3060,56,-33.118,6.3584,41.5138,-68.3718,41.6899,-69.2997,40.8247,-68.4054,41.3599,-67.5315,42.2939,-68.3268,1
51,3060,58,26.1482,-16.8581,39.1981,28.8407,39.7773,28.7351,39.083,27.8871,38.5892,28.9158,39.3094,29.685,1
51,3060,60,38.7348,2.52609,49.8948,4.27202,50.3311,3.41908,49.1702,3.83598,49.3819,5.2357,50.5239,4.67607,1
51,3060,62,30.9043,-17.1445,22.8414,89.678,23.3986,89.8011,22.9415,88.8567,22.253,89.5188,22.7661,90.3938,1
51,3060,68,29.6283,-4.95896,3.85985,-63.1095,3.81926,-63.6717,3.22537,-62.9666,3.8948,-62.4974,4.43107,-63.2413,6
51,3060,69,-38.1926,-4.44668,36.3103,-44.7993,36.3474,-45.8007,35.6617,-44.6151,36.2706,-43.9335,37.044,-45.0269,1
51,3060,72,-30.4987,20.3442,47.5993,127.354,48.1772,127.774,47.8455,126.328,47.0372,127.01,47.2809,128.52,2
51,3060,78,-37.9507,-14.8122,-15.6365,-43.861,-15.9873,-44.8002,-16.212,-43.4661,-15.3499,-43.0667,-15.0121,-44.3268,3
51,3060,87,29.9448,24.0375,28.6037,23.1249,28.4025,22.3659,28.0511,23.346,28.8585,24.0076,29.1454,22.9513,1
51,3060,92,19.5787,1.0886,-23.2581,18.0802,-23.2261,17.5216,-23.7986,18.0859,-23.2902,18.6734,-22.7465,18.0774,1
51,3060,93,-29.4248,-8.8506,5.01338,39.7367,5.00162,39.0521,4.45269,39.8168,5.01637,40.3489,5.61614,39.6361,1
51,3060,94,-31.4456,-16.5124,30.0428,65.8656,30.0659,64.9635,29.4606,65.8977,30.0029,66.6486,30.6645,65.7991,3
51,3060,95,-29.9452,20.7884,48.8407,112.505,49.2414,111.811,48.2822,111.885,48.4807,113.187,49.4693,113.269,1
52,3120,2,27.0967,17.466,68.1542,-159.825,68.8414,-160.263,67.949,-161.46,67.3767,-159.307,68.3075,-158.219,1
52,3120,11,30.5614,10.7376,-38.8408,-32.3857,-38.2256,-32.4694,-39.0025,-33.1393,-39.5337,-32.2768,-38.702,-31.6857,1
52,3120,18,24.7339,-0.582164,38.1551,-116.52,38.6765,-116.645,37.986,-117.218,37.5932,-116.392,38.307,-115.87,1
52,3120,19,32.5912,6.00397,13.7298,-85.692,14.3478,-85.6268,13.6616,-86.3534,13.0333,-85.761,13.78,-85.0895,1
52,3120,22,-23.4257,9.17508,80.1814,-83.1172,80.7067,-83.1516,80.1135,-86.1801,79.6826,-83.026,80.216,-79.7288,1
52,3120,24,22.4315,2.42741,11.7657,-37.3794,12.1689,-37.0691,12.0425,-37.8403,11.3318,-37.7108,11.5016,-36.9489,1
52,3120,29,31.6554,16.3942,-11.1825,147.662,-11.568,147.135,-11.5996,148.093,-10.7255,148.255,-10.7762,147.278,1
52,3120,30,-27.1862,9.75745,-26.8223,-178.717,-27.1888,-179.2,-27.204,-178.241,-26.4674,-178.276,-26.3904,-179.235,1
52,3120,38,19.8067,8.95382,-80.0686,-23.9725,-79.8956,-21.1862,-79.5918,-25.0265,-80.2362,-27.071,-80.5277,-22.9181,1
52,3120,47,20.9637,1.28984,-16.2652,49.199,-15.7338,49.2745,-16.2335,48.6112,-16.832,49.1177,-16.2963,49.7528,1
52,3120,51,23.1121,8.89211,-42.936,116.591,-42.3491,116.469,-43.0764,115.805,-43.5762,116.738,-42.8097,117.338,2
52,3120,56,-36.5076,-8.29585,43.1927,-66.8238,43.3525,-68.0041,42.5028,-66.7827,43.0394,-65.8106,43.9642,-66.8975,1
52,3120,60,-35.0622,-14.9834,57.4525,4.31636,57.8743,2.98607,56.8901,3.89183,57.0684,5.42096,58.0766,4.7485,1
52,3120,61,-33.2599,17.9139,47.3054,69.4871,47.9392,69.5524,47.2341,68.4544,46.7157,69.4699,47.3578,70.6946,3
52,3120,63,-26.9221,21.1133,-9.18645,120.135,-8.63853,120.289,-9.04,119.498,-9.72236,120.015,-9.37408,120.859,1
52,3120,64,-1.16161,20.3992,-37.9233,143.752,-37.4301,143.703,-37.9085,143.121,-38.4383,143.829,-37.9556,144.416,1
52,3120,70,-24.5673,24.8817,56.7794,-3.24321,56.7281,-4.32576,56.0815,-3.18527,56.8592,-2.17897,57.5838,-3.25977,1
52,3120,73,31.4631,16.8407,9.19955,139.609,9.86353,139.883,9.35422,138.964,8.42691,139.312,9.0273,140.204,1
52,3120,78,-36.5418,13.1604,-9.238,-41.1619,-9.37537,-41.9022,-9.93881,-40.829,-9.08852,-40.5003,-8.41144,-41.5377,1
52,3120,87,40.0927,-4.19524,28.6169,24.655,28.6159,23.8758,27.8187,24.9442,28.6002,25.5501,29.3003,24.4037,1
52,3120,89,33.9039,-22.7421,55.7912,120.73,56.3662,120.495,55.5571,119.217,55.1693,120.901,55.9944,122.009,4
52,3120,92,21.2049,-0.0325465,-20.8261,20.8136,-20.7982,20.257,-21.3806,20.831,-20.8553,21.4062,-20.3052,20.7989,1
53,3180,15,-25.4461,-2.28081,15.1252,120.497,15.1161,119.888,14.5969,120.567,15.1316,121.057,15.6927,120.417,1
53,3180,18,32.3873,-24.9055,36.7855,-116.106,37.3732,-116.204,36.685,-117.223,36.1631,-116.06,36.8855,-115.167,1
53,3180,21,-27.8572,10.0421,63.4527,160.18,63.2402,159.022,62.9573,160.794,63.6553,161.267,64.0054,159.488,1
53,3180,22,-2.67662,-24.5749,78.2372,-85.6012,78.7555,-86.3281,78.2193,-88.1544,77.748,-85.084,78.2572,-83.1864,1
53,3180,30,-29.8109,4.55731,-23.517,-179.4,-23.9086,-179.902,-23.8846,-178.915,-23.1505,-178.946,-23.1056,-179.932,1
53,3180,35,13.1269,-19.9461,25.6327,2.45978,25.9813,2.85436,26.0903,2.08303,25.3025,2.05521,25.2223,2.81857,1
53,3180,38,-0.957326,18.8791,-84.9551,-29.8619,-84.8097,-24.7146,-84.4786,-30.7407,-85.0796,-35.4711,-85.457,-28.9699,2
53,3180,70,-38.7508,1.56022,58.9007,-4.84986,58.8832,-6.47635,58.1917,-4.41049,58.9071,-3.43238,59.7162,-5.38787,1
53,3180,74,-32.4624,18.299,-25.451,160.805,-24.8736,161.177,-25.1742,160.041,-26.0036,160.487,-25.7871,161.692,1
53,3180,78,-35.4521,-0.833674,-7.30702,-40.4448,-7.52566,-41.1958,-7.89211,-40.0955,-7.1097,-39.7828,-6.64969,-40.8431,2
53,3180,81,30.5236,-1.52545,-4.35609,-178.512,-3.83523,-178.293,-4.21467,-179.131,-4.92662,-178.758,-4.48442,-177.953,1
53,3180,86,28.5604,6.81676,2.5777,6.58165,2.43155,6.02998,2.04381,6.8149,2.74457,7.19206,3.07636,6.37428,1
53,3180,92,-14.6388,-11.8262,-16.665,20.3209,-16.6787,19.7448,-17.162,20.3181,-16.661,20.8591,-16.1602,20.3098,1
54,3240,8,-5.59195,24.6984,-31.9633,63.6726,-32.251,63.0833,-32.5217,63.9269,-31.6313,64.2695,-31.3465,63.432,1
54,3240,12,-39.5519,10.6505,-45.3124,27.4858,-44.7025,26.8408,-45.9319,26.8556,-45.8345,28.0898,-44.5816,28.2229,1
54,3240,18,26.847,4.71052,33.4754,-108.903,34.0305,-108.975,33.334,-109.577,32.8669,-108.822,33.5966,-108.273,1
54,3240,21,-17.5038,18.2171,67.3509,165.695,67.1697,164.507,66.8543,166.154,67.5409,166.871,67.9001,165.212,1
54,3240,23,29.852,16.4159,38.0298,-44.9337,38.5711,-44.5428,38.2458,-45.6101,37.4032,-45.3548,37.8021,-44.3128,1
54,3240,34,-40.6853,2.59646,55.1145,13.3619,55.4261,14.6796,55.6455,12.4952,54.8256,12.2461,54.4883,14.3486,1
54,3240,48,39.8312,-1.16527,-47.9766,84.6897,-47.2387,84.6392,-48.2823,83.4704,-48.83,84.7367,-47.7071,85.7305,1
54,3240,59,18.2489,-8.2794,6.10458,67.0324,6.63844,67.108,6.17507,66.4322,5.5529,66.9433,6.04554,67.5919,1
54,3240,67,25.5362,24.1534,-13.6904,-76.7819,-13.8634,-77.4339,-14.2344,-76.6343,-13.4646,-76.0406,-13.1493,-76.8908,1
54,3240,78,-39.4303,2.7505,-3.20612,-39.7325,-3.39986,-40.5636,-3.85748,-39.3316,-3.02755,-39.0127,-2.45005,-40.2002,1
54,3240,80,-22.0025,9.62771,25.3029,170.194,25.7959,170.387,25.4386,169.629,24.8277,170.023,25.1445,170.806,1
54,3240,86,-32.6261,24.525,10.2767,4.02039,10.1973,3.40105,9.54997,4.18096,10.3916,4.60138,11.144,3.85605,1
54,3240,88,-30.2678,-22.5086,62.2814,63.518,62.4619,61.8392,61.7391,63.2142,62.0907,64.9304,62.8573,63.7711,2
55,3300,6,37.4804,15.0058,-73.6519,-65.3346,-72.7919,-65.1594,-73.7953,-68.1701,-74.6731,-65.5048,-73.5223,-62.8094,1
55,3300,14,-24.0271,24.8095,-4.50121,103.163,-4.50154,102.608,-5.14501,103.139,-4.46538,103.71,-3.76447,103.216,1
55,3300,18,32.4542,20.367,29.6023,-104.544,30.3051,-104.671,29.4264,-105.23,28.7845,-104.374,29.7322,-103.889,1
55,3300,28,31.3297,15.4344,-35.5186,142.505,-35.8882,141.87,-35.9389,143.016,-35.0795,143.212,-35.1097,142.052,1
55,3300,34,36.0696,3.07829,52.0067,-0.239974,52.4093,0.585387,52.4205,-1.17046,51.5416,-1.16161,51.6268,0.56528,1
55,3300,41,-32.6709,12.4739,-1.33158,-147.32,-1.29795,-147.984,-2.01317,-147.224,-1.3419,-146.709,-0.549432,-147.418,1
55,3300,42,-31.4242,15.629,26.8205,-123.582,26.8857,-124.299,26.1294,-123.544,26.7814,-122.913,27.6148,-123.608,1
55,3300,67,-16.9523,20.9649,-8.81367,-78.1911,-8.88203,-78.7065,-9.37062,-78.1444,-8.71977,-77.6789,-8.19656,-78.2215,1
55,3300,71,31.1017,-14.8055,61.9781,88.6229,62.5804,88.4465,61.7861,86.9817,61.328,88.7516,62.143,90.0666,1
55,3300,77,-32.9682,-1.30116,-33.4174,-53.2146,-33.5599,-54.0737,-34.0085,-52.9049,-33.2832,-52.4498,-32.7608,-53.5608,1
55,3300,85,-23.1658,23.0677,-18.9112,-10.9369,-19.0104,-11.4923,-19.5122,-10.8308,-18.7818,-10.3969,-18.2253,-11.032,1
55,3300,86,-25.0792,6.42706,11.4585,5.39644,11.3407,4.84819,10.948,5.57482,11.5765,5.90972,12.0181,5.20555,2
55,3300,97,38.0231,-9.84605,9.522,-156.595,10.1726,-156.466,9.47369,-157.47,8.79452,-156.76,9.5687,-155.846,1
56,3360,0,36.4691,-8.49728,39.1776,92.0287,39.026,91.1251,38.3524,92.5274,39.3189,93.0504,39.8852,91.5821,2
56,3360,1,-15.3619,-19.4496,71.5822,120.571,71.5476,118.446,71.0103,120.416,71.5735,122.512,72.1543,120.652,1
56,3360,2,-25.0946,-2.1818,62.0283,-130.874,62.6539,-130.395,62.1571,-132.132,61.4506,-131.299,61.8821,-129.531,2
56,3360,3,-33.4757,-18.8251,30.5816,-111.234,31.439,-110.734,30.8247,-111.964,29.8586,-111.673,30.3514,-110.436,1
56,3360,6,33.2774,-22.0272,-72.6302,-65.9343,-71.964,-65.5654,-72.4722,-69.2524,-73.3311,-66.518,-72.6973,-63.0936,1
56,3360,10,-33.6236,-16.859,-18.5793,-49.0726,-17.7667,-49.0978,-18.6604,-49.6902,-19.2786,-49.0666,-18.4604,-48.41,3
56,3360,12,-39.7616,8.06947,-44.0876,37.0766,-43.5406,36.3143,-44.7568,36.6113,-44.5511,37.773,-43.3011,37.6168,1
56,3360,14,-28.2679,-0.388191,-3.22692,103.452,-3.2268,102.84,-3.77803,103.535,-3.22491,104.012,-2.62586,103.359,2
56,3360,15,-39.1829,4.30179,25.1741,127.042,25.2964,126.193,24.468,127.16,25.0738,127.785,25.9944,126.903,1
56,3360,18,19.9106,-0.645163,29.6293,-102.379,30.1321,-102.406,29.5656,-102.991,29.097,-102.352,29.6862,-101.801,2
56,3360,27,-37.0483,-16.0259,-66.9515,111.885,-67.0979,109.722,-67.5194,112.453,-66.8181,113.704,-66.3332,111.219,1
56,3360,30,-29.2763,-20.138,-14.5711,179.559,-15.164,179.079,-14.9084,-179.991,-14.0666,179.989,-14.2408,179.069,1
56,3360,33,-13.6293,24.7211,81.3166,28.2682,81.4683,31.4953,81.8573,27.4624,81.1072,25.1571,80.7111,28.9008,1
56,3360,38,37.57,15.5965,-80.3169,-136.599,-81.0618,-136.949,-80.1693,-132.586,-79.4351,-136.334,-80.3816,-140.321,1
56,3360,42,-36.7535,-0.732976,28.799,-122.899,28.8576,-123.795,28.1254,-122.753,28.7464,-122.113,29.5627,-123.075,1
56,3360,43,-32.0717,21.4616,51.6979,-81.2624,52.0445,-82.1507,51.0205,-81.789,51.3968,-80.4072,52.4782,-80.5889,1
56,3360,45,31.2563,-17.0421,27.9431,8.14669,28.5387,8.20816,27.9539,7.23341,27.3094,8.04904,27.9446,8.93945,4
56,3360,46,23.6718,-17.2903,1.39899,33.7037,1.94065,33.7951,1.52878,33.0284,0.843483,33.5854,1.29848,34.3101,2
56,3360,47,39.029,-3.86808,-28.7584,56.5318,-28.0635,56.7173,-28.8124,55.5452,-29.5505,56.3024,-28.7066,57.3805,1
56,3360,55,-28.5837,14.0306,29.8724,-83.9876,29.9384,-84.7188,29.1998,-83.972,29.8284,-83.299,30.633,-83.9884,1
56,3360,57,-15.9082,13.9213,49.415,12.7154,49.9273,12.4214,49.2113,11.9051,48.9157,13.0234,49.6156,13.6063,1
56,3360,58,-31.8317,-24.6969,32.4319,49.0091,33.4006,48.8757,32.3748,48.2498,31.6138,49.0896,32.5355,49.8008,3
56,3360,60,-2.90778,24.0985,54.019,37.1248,54.4363,36.6301,53.7916,36.3363,53.5908,37.672,54.2347,37.9981,1
56,3360,62,23.7204,-1.76064,7.04988,102.043,7.56117,102.157,7.11806,101.472,6.50359,101.917,6.98613,102.572,9
56,3360,63,-24.9552,-21.9617,-18.0402,125.713,-17.3213,125.72,-17.9926,125.146,-18.6709,125.686,-18.0561,126.297,1
56,3360,67,-33.3771,0.0505501,-6.28657,-78.7441,-6.32173,-79.43,-6.87642,-78.5813,-6.25106,-78.1301,-5.62863,-78.9289,1
56,3360,68,-32.1057,6.96658,23.4966,-56.8989,23.4963,-57.5949,22.8873,-56.7674,23.5055,-56.2636,24.1838,-57.0427,1
56,3360,72,-33.1908,-17.429,34.5466,134.873,35.3684,135.231,34.6952,134.13,33.8459,134.553,34.4131,135.681,1
56,3360,73,36.9367,14.1232,-4.89657,143.262,-4.18639,143.608,-4.74759,142.525,-5.73834,142.866,-5.05647,143.92,2
56,3360,77,-30.705,11.2359,-29.0128,-50.4831,-29.1313,-51.218,-29.6393,-50.2163,-28.882,-49.8087,-28.2993,-50.7695,2
56,3360,79,17.6613,24.3393,36.6489,-15.6311,36.397,-16.3458,36.117,-15.4145,36.9509,-14.8372,37.1959,-15.8135,1
56,3360,85,-30.2247,24.9432,-14.9127,-9.70171,-14.9865,-10.3072,-15.613,-9.57776,-14.8011,-9.12634,-14.0857,-9.81863,1
56,3360,93,-40.5987,-3.41036,20.1235,51.0146,20.2361,50.082,19.4131,51.1644,20.0249,51.8104,20.9421,50.8268,3
56,3360,94,-35.4822,-3.63198,42.3022,84.6501,42.5643,83.6911,41.6674,84.545,42.0647,85.4867,43.0149,84.7576,1
56,3360,95,-1.20074,23.7526,46.5936,139.573,46.9869,139.083,46.3178,138.932,46.1911,140.113,46.8624,140.284,1
57,3420,7,-29.3576,15.1497,-54.3231,45.0697,-54.3775,43.9227,-55.0232,45.3435,-54.2372,46.1379,-53.5216,44.7965,1
57,3420,9,-26.1725,23.4048,14.1169,74.3826,13.8535,73.7798,13.4371,74.7034,14.4077,74.9537,14.9125,74.0364,1
57,3420,14,-31.6432,-17.2147,-1.39468,104.243,-1.48981,103.473,-1.9565,104.357,-1.32724,104.913,-0.799542,104.095,1
57,3420,18,25.1318,3.30887,26.5135,-99.469,27.0546,-99.4751,26.4389,-100.097,25.9255,-99.4605,26.5753,-98.8816,1
57,3420,19,33.6199,-5.91398,0.368614,-75.1777,0.954242,-75.0532,0.376586,-75.8949,-0.276412,-75.3265,0.364896,-74.5437,2
57,3420,22,-40.1249,-4.34289,65.4638,-46.1221,66.1105,-44.8676,65.6877,-47.6583,64.902,-47.1489,65.1994,-44.3803,1
57,3420,24,38.1447,-6.11614,-6.42462,-37.3354,-5.97997,-36.8772,-6.02575,-38.0192,-6.91724,-37.8643,-6.76596,-36.7424,3
57,3420,26,20.2022,1.96784,-76.3104,-0.412328,-75.8276,-0.0166338,-76.2378,-2.55985,-76.8239,-0.8619,-76.3648,1.6375,1
57,3420,28,-31.1227,-1.04857,-28.5398,136.848,-28.8296,136.212,-28.9833,137.244,-28.2742,137.419,-28.052,136.412,1
57,3420,29,-37.2976,7.06119,7.7564,142.999,7.46014,142.36,7.24802,143.442,8.03094,143.563,8.34587,142.491,1
57,3420,34,17.1382,-7.04045,45.2942,2.09268,45.6089,2.61428,45.6856,1.58448,44.9722,1.55139,44.9288,2.5687,1
57,3420,42,-23.2419,24.3451,32.2876,-116.736,32.3224,-117.414,31.6268,-116.816,32.2852,-116.063,33.0394,-116.611,1
57,3420,50,39.5316,2.32568,-32.7675,96.5044,-31.9966,96.6541,-32.9035,95.4738,-33.6633,96.3228,-32.6522,97.3976,1
57,3420,53,-36.7713,1.46082,-22.4985,-131.686,-22.3805,-132.553,-23.2167,-131.583,-22.5915,-130.92,-21.6786,-131.806,1
57,3420,55,-37.5603,6.9547,32.9357,-82.7848,33.0751,-83.7265,32.1732,-82.6869,32.8218,-81.9503,33.8212,-82.8954,1
57,3420,57,25.8271,14.2945,44.1878,15.3488,44.7867,15.0185,43.9117,14.5929,43.522,15.7298,44.427,16.0871,1
57,3420,61,13.8162,24.1825,30.9555,82.7062,31.5149,82.6612,30.9783,82.1077,30.3383,82.7838,30.9006,83.3157,1
57,3420,67,30.9945,20.2632,-4.99575,-70.5989,-5.15304,-71.274,-5.56815,-70.3965,-4.79142,-69.8211,-4.44543,-70.7597,2
57,3420,70,34.0331,13.9895,63.5038,31.1111,63.7861,29.5821,62.8209,30.8057,63.1702,32.8565,64.1228,31.4584,7
57,3420,77,-37.0936,2.93866,-26.024,-50.1924,-26.1603,-51.0612,-26.671,-49.8371,-25.8908,-49.4298,-25.2815,-50.5963,2
57,3420,87,-22.2691,24.7954,49.4377,34.8848,49.4394,34.0645,48.8238,34.824,49.4635,35.7008,50.1347,34.9956,1
57,3420,92,27.7812,-10.2212,-8.44625,32.9798,-8.41468,32.4217,-9.11346,33.0057,-8.49444,33.5752,-7.84803,32.9482,4
58,3480,6,39.2964,-6.61632,-78.6805,-36.7862,-77.9323,-37.7281,-79.1646,-41.2193,-79.5372,-35.6513,-78.2179,-33.3179,1
58,3480,14,29.9481,-5.7193,-1.31268,111.593,-1.30077,111.03,-1.96416,111.677,-1.33534,112.204,-0.727647,111.514,1
58,3480,18,20.5675,-24.0845,26.0322,-98.4039,26.5642,-98.4397,26.0976,-99.162,25.4989,-98.4036,25.993,-97.7317,1
58,3480,23,34.4085,8.7276,23.7976,-42.715,24.3093,-42.3009,24.0522,-43.3621,23.2079,-43.1776,23.5519,-42.1371,1
58,3480,26,38.4834,-5.94371,-79.9446,-0.256032,-79.337,0.898841,-79.8624,-4.76916,-80.6231,-1.8228,-79.9632,3.67471,1
58,3480,32,-38.0807,8.53024,67.0973,164.668,66.5434,163.483,66.7998,166.304,67.5916,165.733,67.4279,162.72,1
58,3480,33,27.8593,-4.78804,77.337,2.08022,77.6657,4.05176,77.7569,-0.00567481,76.9725,0.0406468,76.9443,3.86735,1
58,3480,34,34.7191,6.80869,40.2619,-0.877704,40.6735,-0.227914,40.6565,-1.58412,39.7851,-1.60431,39.8933,-0.257557,1
58,3480,35,26.1148,-23.5732,7.28625,-0.903201,7.63739,-0.486485,7.89322,-1.33481,6.95291,-1.35119,6.77065,-0.511323,2
58,3480,42,-31.4756,-1.48487,33.7348,-116.808,33.7914,-117.637,33.124,-116.734,33.6805,-116.063,34.4091,-116.897,1
58,3480,54,-37.7069,8.07768,8.49134,-105.426,8.55909,-106.233,7.73023,-105.268,8.44738,-104.709,9.3789,-105.604,1
58,3480,55,-35.4492,12.1483,35.7747,-79.0651,35.9309,-79.9583,35.0127,-79.0462,35.6501,-78.2542,36.66,-79.0724,3
58,3480,57,20.4647,-3.71269,43.899,17.8533,44.4272,17.6417,43.6944,17.0715,43.34,18.0646,44.0874,18.587,1
58,3480,67,-5.99697,-21.1917,-3.17007,-73.7407,-3.32348,-74.2677,-3.68159,-73.6917,-3.04565,-73.2442,-2.67927,-73.8095,1
58,3480,77,-28.1837,-14.3272,-24.7657,-48.3635,-25.0435,-49.1204,-25.2912,-48.0826,-24.5288,-47.6907,-24.2178,-48.6814,1
58,3480,79,30.6739,-0.960809,40.3071,-11.4433,40.2092,-12.2446,39.6535,-11.1497,40.4041,-10.5563,40.8977,-11.7111,1
58,3480,86,-33.4338,18.7293,23.1302,10.0766,23.0706,9.40152,22.4534,10.2655,23.2126,10.7009,23.9246,9.87453,1
59,3540,14,16.6326,20.7054,4.28211,114.373,4.19771,113.824,3.77391,114.425,4.39496,114.975,4.79322,114.345,1
59,3540,17,-21.0445,24.127,45.1614,-123.927,45.6788,-124.124,45.0368,-124.773,44.6538,-123.691,45.2703,-122.96,1
59,3540,26,-40.0996,2.87271,-76.0549,40.0441,-75.3176,39.0127,-76.4779,37.6923,-76.6884,41.0662,-75.5349,42.6015,1
59,3540,33,39.1693,7.03075,72.3151,-3.31583,72.7911,-1.52422,72.6784,-5.51111,71.7369,-5.28187,71.9641,-1.48318,1
59,3540,42,36.2534,-7.53012,30.8559,-108.901,31.008,-109.65,30.0322,-108.905,30.6645,-108.072,31.5707,-108.904,1
59,3540,48,38.7321,2.60932,-55.2604,112.407,-54.6003,111.848,-55.8199,111.357,-56.0214,113.073,-54.7709,113.31,1
59,3540,55,-28.6167,5.90461,37.1271,-75.8467,37.2286,-76.6555,36.4948,-75.8487,37.0385,-75.0995,37.8283,-75.8388,1
59,3540,57,23.9495,11.7546,41.0202,23.649,41.6135,23.4456,40.8201,22.9074,40.3678,23.8844,41.1909,24.3667,2
59,3540,77,-19.7953,15.0347,-18.9979,-44.8115,-19.1735,-45.368,-19.5452,-44.5977,-18.807,-44.2768,-18.3918,-45.0294,1
59,3540,88,23.8863,19.6913,58.7115,110.848,59.2171,110.253,58.4227,109.986,58.1491,111.529,58.965,111.726,1
59,3540,91,-29.3858,20.4088,-22.4285,9.79742,-22.2986,9.16321,-23.1048,9.69997,-22.5191,10.4086,-21.6513,9.93196,1
60,3600,14,34.771,-1.58607,4.34785,116.724,4.38027,116.101,3.64609,116.852,4.3048,117.423,4.97038,116.613,1
60,3600,17,-20.1868,24.5867,43.2341,-119.567,43.7545,-119.725,43.1454,-120.39,42.7198,-119.369,43.3019,-118.631,1
60,3600,26,21.2635,9.74427,-82.2204,60.5551,-81.8847,57.718,-82.6323,58.266,-82.555,63.9556,-81.8213,62.5973,1
60,3600,37,-3.06705,21.9522,-76.3727,-9.84728,-76.0713,-8.22399,-75.9396,-10.8785,-76.6947,-11.5662,-76.8403,-8.75777,1
60,3600,41,-39.1958,-1.24153,12.9054,-138.556,12.9282,-139.43,12.2075,-138.35,12.8872,-137.801,13.7062,-138.802,1
60,3600,42,16.9682,12.6493,36.2284,-105.506,36.2763,-106.178,35.7009,-105.55,36.1846,-104.779,36.7436,-105.444,1
60,3600,44,-6.23283,17.7724,41.8666,-6.59898,42.3661,-6.72923,41.8005,-7.29255,41.3582,-6.44254,41.9144,-5.8585,1
60,3600,50,-1.98249,24.4678,-38.3242,111.699,-37.7796,111.556,-38.347,110.981,-38.8958,111.889,-38.3228,112.47,1
60,3600,55,-37.0011,8.63573,40.7175,-73.0715,40.9288,-74.0675,39.9508,-73.0756,40.5394,-72.1829,41.608,-73.0572,1
60,3600,57,20.6906,4.43625,39.7319,26.9753,40.2861,26.8426,39.58,26.2486,39.1374,27.1197,39.8656,27.6701,1
60,3600,71,-35.287,-17.8534,53.5089,120.985,54.4205,121.319,53.5569,119.89,52.7387,120.685,53.4812,122.181,1
60,3600,77,-26.064,17.5974,-14.9389,-44.0588,-15.1053,-44.654,-15.5521,-43.8245,-14.7534,-43.4973,-14.2394,-44.3038,1
60,3600,80,28.202,14.7946,2.71178,176.312,3.29057,176.483,2.80822,175.752,2.05479,176.134,2.6008,176.837,1
60,3600,91,28.7076,-2.99744,-25.5573,14.6508,-25.4864,14.0269,-26.1973,14.668,-25.6377,15.3297,-24.9761,14.6345,1
61,3660,0,23.5428,-19.8945,55.5433,100.483,55.4203,99.4465,54.7781,100.669,55.6296,101.563,56.2176,100.277,1
61,3660,2,-25.4705,15.8114,43.0566,-118.61,43.5858,-118.141,43.3723,-119.429,42.5363,-119.023,42.68,-117.712,1
61,3660,3,28.9291,-7.87258,9.47451,-113.425,9.98953,-113.062,9.81783,-114.099,8.92619,-113.828,9.17144,-112.82,1
61,3660,9,-9.62774,22.3958,27.637,79.4361,27.3545,78.8809,27.0854,79.7026,27.9504,79.995,28.2469,79.1695,1
61,3660,17,-23.4422,-6.65822,43.0566,-118.61,43.6271,-118.79,42.9026,-119.283,42.5307,-118.453,43.2239,-117.897,1
61,3660,20,-18.5962,-10.0623,56.1349,155.934,55.8499,155.111,55.7269,156.385,56.3872,156.716,56.5483,155.441,1
61,3660,21,-13.3115,17.418,80.0764,-93.6343,80.5442,-94.2633,79.9736,-96.4767,79.6103,-92.9606,80.1441,-90.4917,1
61,3660,25,30.5296,-6.90477,-56.6252,-26.0571,-56.192,-25.4516,-56.3021,-27.0772,-57.086,-26.7475,-56.9031,-25.1255,1
61,3660,26,22.9764,15.1092,-80.8779,88.5512,-80.7705,85.1736,-81.3934,88.1625,-80.9457,92.3786,-80.3825,88.9946,1
61,3660,34,18.1016,21.969,27.5312,0.0466468,27.9467,0.47531,27.895,-0.358771,27.0531,-0.408177,27.1479,0.427973,6
61,3660,37,0.406043,19.6547,-79.7897,-15.4508,-79.5263,-13.1807,-79.3535,-16.6135,-80.0653,-17.9029,-80.2508,-14.2246,1
61,3660,39,-29.3854,10.3847,-28.5732,178.818,-28.9432,178.299,-28.9706,179.323,-28.2162,179.287,-28.1186,178.263,1
61,3660,41,-28.8335,16.4074,16.4257,-134.085,16.4444,-134.723,15.7645,-134.029,16.4311,-133.482,17.1795,-134.131,1
61,3660,42,-28.2925,0.682164,41.187,-106.462,41.3031,-107.296,40.5997,-106.489,41.0786,-105.699,41.83,-106.434,1
61,3660,44,-33.1054,-1.8918,42.9034,-2.49835,43.6238,-2.52557,42.7527,-3.33471,42.2605,-2.47298,43.0701,-1.56534,1
61,3660,45,36.2628,-7.08296,13.0262,20.945,13.6682,21.1066,13.0286,20.1032,12.3113,20.7493,13.0263,21.6764,1
61,3660,46,34.1689,19.8954,-17.273,45.7097,-16.5013,45.7652,-17.3361,45.0028,-18.1839,45.6672,-17.2475,46.3675,1
61,3660,50,-22.3284,3.90218,-37.804,114.726,-37.2136,114.649,-37.9149,114.015,-38.3598,114.808,-37.6822,115.492,1
61,3660,54,-27.3303,18.0172,17.1442,-97.2313,17.16,-97.8826,16.4599,-97.1924,17.155,-96.6096,17.9235,-97.255,1
61,3660,55,-38.3992,1.43453,42.7338,-70.5065,42.9581,-71.6256,41.9802,-70.4773,42.5368,-69.5343,43.6025,-70.5471,4
61,3660,57,18.4154,16.662,37.0692,32.073,37.6526,31.931,36.9588,31.3858,36.4319,32.2475,37.1527,32.7557,1
61,3660,60,32.197,11.9064,43.7103,59.1061,44.3448,58.9292,43.4737,58.3021,42.9892,59.3184,43.9062,59.8611,1
61,3660,63,-33.4415,6.80288,-33.6357,141.447,-32.9824,141.545,-33.6924,140.684,-34.2294,141.372,-33.5708,142.311,1
61,3660,67,37.1667,-13.4921,4.03842,-64.3049,4.04983,-64.9408,3.18955,-64.1457,3.99867,-63.5992,4.75979,-64.4519,4
61,3660,69,-26.6373,-4.61099,56.2982,1.18575,56.6302,0.256682,55.8152,0.755959,55.987,2.01683,56.8193,1.64796,1
61,3660,72,22.5185,22.4756,11.1492,137.691,11.771,137.899,11.3402,137.135,10.4373,137.481,10.9296,138.227,1
61,3660,73,29.1099,24.7281,-23.0968,150.316,-22.3745,150.565,-22.9213,149.656,-23.9513,150.05,-23.3042,150.941,1
61,3660,77,-37.055,-3.44209,-12.966,-45.0357,-13.1936,-45.8548,-13.5609,-44.664,-12.7651,-44.3235,-12.2971,-45.4641,4
61,3660,91,-30.2157,12.0553,-17.9161,14.5239,-17.8054,13.8887,-18.5506,14.509,-17.9995,15.1182,-17.199,14.5528,1
61,3660,93,-25.8453,23.4349,33.302,69.1728,33.4244,68.502,32.6519,69.0038,33.2129,69.8339,34.0429,69.3999,2
61,3660,94,39.1074,8.76884,42.2127,112.764,42.695,111.978,41.4962,112.371,41.645,113.677,42.836,113.14,1
62,3720,1,-27.0834,18.5379,71.4516,-148.562,72.0881,-148.231,71.4985,-150.805,70.8384,-148.769,71.345,-146.033,1
62,3720,6,29.3456,8.40311,-72.4554,29.5388,-72.4227,27.2973,-73.1305,29.851,-72.4542,32.0531,-71.8287,29.3159,1
62,3720,12,-34.8684,8.38656,-35.6682,63.1946,-35.4107,62.4282,-36.3236,63.07,-35.8831,63.8972,-34.919,63.3429,1
62,3720,17,-26.4469,-8.37424,41.3661,-114.535,41.9821,-114.684,41.2214,-115.218,40.8067,-114.411,41.5275,-113.807,2
62,3720,19,-17.2267,-22.3032,-9.85433,-61.4109,-9.22512,-61.4525,-9.80776,-61.9354,-10.4215,-61.3938,-9.87295,-60.8873,1
62,3720,20,-37.9247,-10.0744,60.1386,153.433,59.7358,152.016,59.6767,154.275,60.4652,154.681,60.6364,152.43,3
62,3720,21,-4.46462,23.1738,76.7986,-79.3653,77.2835,-79.4556,76.8369,-81.5441,76.2919,-79.1772,76.7148,-77.0572,1
62,3720,26,37.443,-13.3898,-81.483,100.364,-81.3533,96.3318,-82.3192,100.552,-81.6021,104.948,-80.7704,100.162,1
62,3720,28,3.25683,23.7345,-8.33225,142.946,-8.65369,142.561,-8.74689,143.206,-7.96946,143.342,-7.88282,142.693,1
62,3720,33,39.2341,-12.0347,63.04,-3.11293,63.408,-1.91145,63.6128,-4.62766,62.6337,-4.46329,62.5502,-1.86456,1
62,3720,37,3.90055,18.923,-83.1744,-26.7423,-82.9842,-23.009,-82.7122,-27.803,-83.36,-30.8568,-83.6557,-25.6462,1
62,3720,41,-28.3659,-6.06072,17.5231,-133.315,17.4795,-134.015,16.9577,-133.199,17.5563,-132.681,18.1319,-133.451,1
62,3720,42,-27.702,1.69228,43.4925,-102.513,43.636,-103.356,42.9099,-102.584,43.3592,-101.74,44.1301,-102.435,1
62,3720,54,-36.9351,-11.9583,18.2795,-98.2415,18.2158,-99.212,17.6157,-98.0389,18.3201,-97.4115,19.0118,-98.496,1
62,3720,55,-31.6371,-19.0651,42.8669,-68.4222,42.9226,-69.6176,42.238,-68.4357,42.7905,-67.3985,43.5373,-68.456,3
62,3720,57,-25.3566,17.6326,37.8581,39.0309,38.4626,39.0598,37.8393,38.1954,37.2765,39.0364,37.8531,39.9736,1
62,3720,61,-14.5653,24.4461,17.7903,96.7606,18.3013,96.8376,17.9336,96.1843,17.2648,96.713,17.6053,97.3923,1
62,3720,70,14.4688,-19.5136,67.3018,66.6392,67.7434,65.8246,67.0061,65.2159,66.8458,67.3693,67.5775,67.9491,2
62,3720,79,-26.0137,14.8368,57.2553,-5.43503,57.2259,-6.53953,56.6254,-5.28344,57.2955,-4.38375,57.9631,-5.5826,1
62,3720,87,4.7152,-23.0125,56.9996,55.1067,57.0754,54.1705,56.4938,54.7445,56.8983,55.9892,57.4769,55.4157,2
62,3720,91,-31.1158,24.601,-14.2182,18.1047,-14.1125,17.4726,-14.9637,18.0211,-14.2763,18.7153,-13.342,18.2311,2
62,3720,92,33.7682,-3.54522,5.33618,45.5954,5.39755,44.9779,4.61976,45.6759,5.25862,46.2809,5.97167,45.5231,3
63,3780,14,-24.8586,12.9273,17.5703,120.334,17.5945,119.757,16.9983,120.36,17.5624,120.883,18.2053,120.317,2
63,3780,17,22.3447,-19.8409,36.2545,-115.019,36.7709,-115.128,36.1885,-115.834,35.7234,-114.941,36.3264,-114.293,1
63,3780,20,-35.9293,0.0688019,64.789,156.313,64.5149,154.803,64.2882,157.17,65.0221,157.671,65.3466,155.297,2
63,3780,23,22.4062,13.0473,5.0776,-38.9549,5.52008,-38.6515,5.34029,-39.4005,4.58429,-39.2781,4.81155,-38.5346,1
63,3780,26,-38.3689,7.15195,-72.0726,96.7495,-71.8823,94.5013,-72.762,96.8557,-72.2054,98.7828,-71.2713,96.6499,1
63,3780,37,-18.7384,2.13092,-86.1043,-17.833,-85.8612,-11.352,-85.6638,-20.9655,-86.2869,-24.6857,-86.5559,-13.6648,3
63,3780,40,-31.6929,6.25031,-6.51267,-153.285,-6.49415,-153.954,-7.14592,-153.177,-6.51785,-152.675,-5.80046,-153.402,1
63,3780,42,-40.0111,-5.72386,46.5506,-100.772,46.804,-102.047,45.8243,-100.752,46.3221,-99.6944,47.3839,-100.819,2
63,3780,55,-32.7763,-12.3263,45.6169,-63.6587,45.7738,-64.817,44.9801,-63.7067,45.4599,-62.6574,46.3114,-63.6389,1
63,3780,58,-30.1731,8.40999,9.50148,68.1775,10.147,68.3432,9.55055,67.5093,8.90282,68.039,9.43741,68.9266,1
63,3780,62,-17.0187,13.6602,-13.6435,119.461,-13.1469,119.56,-13.5513,118.93,-14.1335,119.378,-13.7546,120.034,1
63,3780,80,31.6281,17.5892,-7.87173,-179.344,-7.23429,-179.16,-7.78813,-179.945,-8.6117,-179.539,-7.97517,-178.785,1
63,3780,85,31.5153,17.4723,5.14369,5.83294,4.93459,5.20384,4.60573,6.10115,5.40069,6.55274,5.65799,5.6053,1
63,3780,86,-29.7282,20.6338,39.2587,20.8567,39.2303,20.107,38.6023,20.9667,39.3117,21.5679,40.0192,20.7548,1
63,3780,91,22.2254,11.3145,-16.1981,23.0945,-16.207,22.5148,-16.7394,23.1456,-16.1759,23.729,-15.6781,23.0604,1
64,3840,5,21.1456,21.4174,-70.7358,-66.9321,-70.0645,-67.0466,-70.7485,-68.7594,-71.4891,-66.7166,-70.7372,-65.1261,1
64,3840,14,-33.9568,0.909036,20.2429,121.167,20.2901,120.437,19.6307,121.268,20.2026,121.82,20.9293,121.05,1
64,3840,17,28.6082,12.15,31.7292,-109.051,32.329,-109.137,31.5796,-109.715,31.057,-108.943,31.8498,-108.423,1
64,3840,37,2.47852,-18.2953,-86.6016,-61.4459,-86.6704,-53.0504,-86.1214,-58.7882,-86.4536,-68.9726,-87.0556,-64.4669,1
64,3840,39,-35.7015,20.5474,-16.007,176.791,-16.3757,176.223,-16.5456,177.346,-15.6371,177.29,-15.3499,176.152,1
64,3840,42,16.2583,11.7297,44.4893,-90.0375,44.6407,-90.7612,43.982,-90.2287,44.3321,-89.2586,44.9819,-89.8284,2
64,3840,66,-36.909,9.70892,-9.7621,-83.8927,-9.72499,-84.6118,-10.4513,-83.7401,-9.77656,-83.2482,-8.96049,-84.0608,1
64,3840,69,26.7602,16.2833,52.4539,24.0637,52.9096,23.3949,52.0424,23.4291,51.9466,24.8207,52.8272,24.7053,1
64,3840,76,-37.194,17.1858,-33.1097,-56.1224,-33.1472,-57.0153,-33.8975,-55.834,-33.0368,-55.3185,-32.1666,-56.4369,1
64,3840,84,-32.3481,13.3209,-20.7123,-15.5345,-20.758,-16.1904,-21.3351,-15.36,-20.6481,-14.9313,-19.9966,-15.7192,1
64,3840,85,-25.3206,-12.4454,8.33446,1.44528,8.13255,0.846812,7.8531,1.63666,8.50584,1.98848,8.83469,1.22784,2
64,3840,88,35.8945,18.3272,47.9918,136.555,48.7253,136.447,47.7926,135.616,47.1277,136.706,48.1375,137.433,2
64,3840,91,-13.6288,21.3677,-10.6343,23.8783,-10.6395,23.3551,-11.1849,23.8406,-10.6032,24.4079,-10.0324,23.9414,1
64,3840,97,28.5079,-9.24322,-14.512,-134.328,-13.9571,-134.26,-14.506,-135.022,-15.106,-134.416,-14.5083,-133.706,1
65,3900,5,37.2655,15.5353,-74.6217,-64.1681,-73.7599,-64.1858,-74.8095,-67.1242,-75.6444,-64.0744,-74.4515,-61.5382,1
65,3900,11,-38.2597,15.1414,-44.534,33.3855,-44.0063,32.6989,-45.1887,32.8168,-44.984,34.0395,-43.7619,34.0618,1
65,3900,13,-32.2868,15.1491,-3.14414,100.636,-3.08341,100.015,-3.80931,100.683,-3.17696,101.213,-2.37851,100.597,1
65,3900,17,23.4616,22.4337,29.1376,-104.614,29.7469,-104.735,29.0502,-105.23,28.4505,-104.453,29.1906,-104.004,1
65,3900,18,-33.8036,10.5602,7.57648,-74.8818,8.20777,-74.7164,7.60276,-75.5466,6.99701,-75.0155,7.53565,-74.1216,2
65,3900,25,40.3768,-0.288319,-72.1973,-19.7426,-71.6286,-18.4724,-71.9515,-22.2348,-72.8415,-21.3327,-72.3879,-17.5473,1
65,3900,27,-15.827,24.8101,-32.0229,135.729,-32.2944,135.23,-32.521,136.023,-31.72,136.215,-31.4559,135.43,1
65,3900,50,35.0718,13.2654,-51.0221,129.216,-50.2985,128.831,-51.4026,128.219,-51.8573,129.7,-50.69,130.127,1
65,3900,66,23.8457,-0.830026,-10.9618,-77.808,-11.0233,-78.34,-11.5169,-77.6813,-10.8975,-77.2374,-10.4457,-77.9246,1
65,3900,71,35.4665,16.1695,30.0568,125.832,30.7954,126.118,30.1293,125.007,29.1834,125.522,29.9566,126.579,1
65,3900,76,-36.8288,-1.0473,-31.7272,-55.3964,-31.8636,-56.3336,-32.3595,-55.0407,-31.5986,-54.5779,-31.0106,-55.8021,6
65,3900,85,-32.1535,10.2442,13.9495,3.33144,13.8584,2.70182,13.3604,3.543,14.047,3.90771,14.6205,3.09905,8
65,3900,89,-24.7471,-13.2287,22.2077,169.687,22.8131,169.852,22.3154,169.143,21.6647,169.528,22.11,170.26,1
65,3900,96,27.5407,2.5823,8.19806,-155.903,8.76616,-155.859,8.15592,-156.513,7.57586,-155.95,8.23109,-155.34,1
66,3960,0,36.2455,-13.9773,67.9576,131.078,68.2618,129.366,67.0226,130.418,67.5732,132.88,68.7549,131.649,1
66,3960,1,-21.0765,18.5105,58.7129,-130.908,59.2651,-130.462,58.9497,-132.078,58.161,-131.284,58.4179,-129.639,2
66,3960,6,-31.7922,12.5746,-56.376,39.8004,-56.3865,38.5237,-57.0949,40.0746,-56.3326,40.9748,-55.5509,39.5222,1
66,3960,9,-21.9177,-17.3382,41.9197,82.0953,41.5476,81.2632,41.4029,82.4666,42.2336,82.8621,42.4365,81.6774,1
66,3960,13,-30.4429,2.86012,-1.38385,102.204,-1.36529,101.578,-1.96318,102.292,-1.39482,102.776,-0.74162,102.108,1
66,3960,17,-39.0115,-4.90423,32.9028,-99.2406,33.7298,-99.1592,32.7604,-100.027,32.1912,-99.3108,33.0723,-98.3442,2
66,3960,21,-25.2792,23.9831,64.0186,-51.7291,64.4723,-51.0524,64.3588,-52.9425,63.5539,-52.3076,63.5961,-50.4056,1
66,3960,23,25.1771,17.0651,-6.62624,-38.0208,-6.14368,-37.7011,-6.36068,-38.4869,-7.17635,-38.3664,-6.89966,-37.5835,1
66,3960,26,24.4713,-10.5201,-67.0504,125.557,-67.2299,124.343,-67.5905,126.207,-66.8641,126.829,-66.5611,124.972,1
66,3960,27,-34.4215,-9.48311,-30.991,133.482,-31.3503,132.736,-31.4345,133.924,-30.6795,134.134,-30.5113,132.985,1
66,3960,31,-39.2905,8.23026,61.6079,165.576,61.0656,164.49,61.2759,166.929,62.0894,166.539,61.9847,163.959,1
66,3960,34,32.9559,6.46227,9.99101,-3.54907,10.3798,-3.06053,10.3933,-4.05536,9.54773,-4.09624,9.61666,-3.09715,1
66,3960,37,19.3203,-15.3539,-82.4475,-145.208,-82.9354,-145.948,-82.5549,-140.793,-81.9508,-144.417,-82.3245,-149.138,1
66,3960,42,-16.2592,-20.1603,49.0903,-86.4017,49.2463,-87.3415,48.5939,-86.7024,48.9239,-85.5617,49.5939,-86.1313,1
66,3960,44,15.1059,-14.4176,27.6581,8.77237,28.1745,8.77321,27.6903,8.11346,27.1365,8.75255,27.6386,9.38316,1
66,3960,45,24.4849,13.0784,-2.33527,34.0146,-1.7404,34.0809,-2.32026,33.4398,-2.99641,33.9537,-2.36698,34.5622,1
66,3960,46,35.9051,-17.9324,-28.5401,54.4735,-27.9097,54.638,-28.4538,53.4195,-29.2207,54.2512,-28.5901,55.3676,1
66,3960,52,-27.4275,22.9111,-23.2747,-132.918,-23.2091,-133.597,-24.0027,-132.976,-23.2979,-132.258,-22.4349,-132.824,1
66,3960,54,-35.1378,1.92442,30.6317,-87.026,30.7119,-87.9183,29.9387,-86.9131,30.5623,-86.2329,31.4166,-87.1584,2
66,3960,60,29.5842,18.8721,31.4709,77.3438,32.1305,77.3155,31.388,76.6571,30.7143,77.3987,31.5184,77.9991,3
66,3960,62,10.9271,21.8125,-24.6928,124.521,-24.1612,124.538,-24.6285,123.974,-25.2721,124.526,-24.7808,125.078,2
66,3960,66,34.4012,-18.6174,-10.1292,-75.9459,-10.1437,-76.5567,-10.9779,-75.8356,-10.1458,-75.2847,-9.4081,-76.0564,1
66,3960,67,-13.5497,16.1043,24.4171,-56.0366,24.3697,-56.5785,23.9016,-55.9962,24.48,-55.4972,24.9741,-56.0637,1
66,3960,69,29.7792,15.302,50.795,35.4022,51.3412,34.8797,50.4231,34.6697,50.1787,36.0023,51.122,36.1213,1
66,3960,72,36.8695,-4.8301,-4.34273,140.574,-3.76662,140.953,-4.07618,139.78,-4.98545,140.134,-4.57257,141.265,1
66,3960,76,-29.4553,-22.6773,-30.9233,-53.91,-31.2812,-54.8267,-31.4814,-53.6329,-30.6313,-53.1179,-30.3565,-54.2377,1
66,3960,79,30.553,-0.34016,62.2711,21.0289,62.4805,19.7711,61.5949,20.7765,62.0235,22.3928,62.8823,21.2731,1
66,3960,85,-37.127,-17.4754,15.0465,2.91423,14.7582,2.04062,14.4999,3.215,15.2726,3.65794,15.6319,2.55064,5
66,3960,91,30.2042,22.0336,-7.66841,31.8693,-7.74449,31.1585,-8.26765,31.9838,-7.55441,32.6934,-7.09193,31.7955,5
66,3960,93,-34.9495,-1.87929,43.2172,84.5705,43.497,83.6377,42.5884,84.4308,42.9647,85.3897,43.9236,84.7214,2
66,3960,94,-4.74719,-18.8057,47.1562,134.269,47.5459,133.722,46.8636,133.651,46.7746,134.759,47.4518,134.858,2
66,3960,96,-25.3836,-8.28469,9.54649,-150.681,10.1722,-150.655,9.524,-151.226,8.97778,-150.712,9.58135,-150.103,1
67,4020,4,31.7156,16.4615,-49.3613,-96.3052,-48.6664,-95.8242,-49.1672,-97.3367,-50.1693,-96.8517,-49.5618,-95.3507,1
67,4020,13,-36.0313,2.67918,1.94982,103.881,1.99899,103.166,1.30734,104.004,1.9131,104.516,2.68048,103.74,1
67,4020,14,-19.8929,0.151052,27.3415,130.154,27.3656,129.553,26.8374,130.167,27.3177,130.72,27.8759,130.139,1
67,4020,16,37.7643,-14.8275,43.5498,-141.351,44.1601,-141.618,43.112,-142.421,42.862,-141.1,43.9236,-140.441,1
67,4020,17,39.2838,7.8209,23.5673,-101.251,24.3023,-101.212,23.366,-102.056,22.7062,-101.29,23.7253,-100.537,2
67,4020,19,40.253,6.85938,-29.5855,-51.165,-28.8402,-51.0706,-29.756,-52.0565,-30.4622,-51.2736,-29.4468,-50.3858,1
67,4020,25,-29.1262,-8.28764,-74.2029,12.3826,-73.5662,12.2328,-74.2953,10.4414,-74.7745,12.5039,-74.0722,14.4377,1
67,4020,31,17.7009,12.8666,66.3952,176.217,65.9989,175.399,66.0803,177.181,66.8269,177.109,66.7082,175.274,1
67,4020,33,-19.0731,-6.7558,43.1038,3.65024,43.4483,4.22378,43.4674,3.20075,42.784,3.11657,42.7285,4.12128,1
67,4020,41,-34.0531,4.51964,32.9462,-120.553,33.0358,-121.391,32.2836,-120.475,32.8704,-119.8,33.6964,-120.641,1
67,4020,54,-18.9289,8.3335,32.3732,-82.1005,32.4098,-82.7655,31.8097,-82.1067,32.3454,-81.46,32.9797,-82.0845,1
67,4020,56,-5.85753,24.3031,45.8693,17.8011,46.3879,17.5261,45.7531,16.9944,45.335,18.1228,45.9619,18.6861,1
67,4020,57,30.1925,-19.0183,23.6599,45.9138,24.2727,45.9877,23.721,44.9931,23.0153,45.8001,23.6211,46.7116,7
67,4020,61,3.50639,-18.9859,4.66327,103.208,5.16765,103.26,4.79827,102.699,4.17913,103.14,4.55232,103.694,1
67,4020,66,-23.1134,15.4034,-1.14317,-76.4592,-1.19042,-76.996,-1.70923,-76.3777,-1.07824,-75.9435,-0.513061,-76.5349,1
67,4020,70,-30.3458,-2.01264,59.5832,110.187,60.2605,110.463,59.5947,108.975,58.9711,109.948,59.5637,111.517,1
67,4020,76,-35.4248,18.6786,-23.008,-50.89,-23.1043,-51.6586,-23.7651,-50.6018,-22.8819,-50.1921,-22.1049,-51.2052,1
67,4020,84,-27.8967,6.9968,-11.6818,-10.2642,-11.781,-10.8429,-12.218,-10.083,-11.5789,-9.72835,-11.0868,-10.4585,1
67,4020,85,-32.5325,2.52657,19.9941,6.14621,19.8831,5.47025,19.4391,6.37895,20.0978,6.75677,20.6139,5.88405,1
67,4020,87,-31.885,17.4204,64.9569,99.5947,65.5007,98.9613,64.5786,98.3108,64.4585,100.218,65.3645,101.144,1
67,4020,92,-26.7241,13.5635,23.9596,55.2355,24.0403,54.6101,23.3551,55.2114,23.8993,55.8296,24.6357,55.2773,2
68,4080,2,17.219,6.61681,17.8611,-116.265,18.3612,-115.975,18.1114,-116.811,17.3241,-116.567,17.6103,-115.744,1
68,4080,8,35.5544,4.01846,15.0928,79.0165,14.808,78.3044,14.453,79.5171,15.4157,79.8318,15.6676,78.5774,1
68,4080,13,27.4574,12.3378,1.62979,111.239,1.58482,110.647,1.06782,111.351,1.69145,111.9,2.16196,111.15,1
68,4080,14,-17.3976,-11.2148,29.1093,132.367,29.106,131.731,28.6163,132.364,29.1001,132.958,29.6151,132.356,1
68,4080,18,-32.4089,4.48217,-0.707458,-68.8102,-0.0732161,-68.676,-0.705216,-69.4233,-1.28449,-68.9239,-0.712112,-68.1225,1
68,4080,25,25.0856,2.21639,-80.8756,16.1373,-80.3577,15.7932,-80.9847,12.71,-81.4363,16.5605,-80.7496,19.2534,1
68,4080,33,29.3674,16.8253,37.332,-2.6566,37.7775,-2.09325,37.6899,-3.23144,36.8092,-3.27562,36.9734,-2.13829,1
68,4080,39,-33.2148,-5.62433,-3.61185,175.646,-4.09401,175.141,-3.94923,176.126,-3.18651,176.095,-3.248,175.11,1
68,4080,41,28.0599,6.03134,31.2276,-112.524,31.2892,-113.225,30.6092,-112.492,31.1598,-111.751,31.8011,-112.543,1
68,4080,47,-8.70079,23.6331,-50.4659,111.403,-50.0417,110.91,-50.7354,110.633,-50.8867,111.957,-50.1886,112.25,1
68,4080,54,-36.2681,1.41252,36.0428,-81.4213,36.1694,-82.3973,35.3307,-81.3323,35.9312,-80.5609,36.8534,-81.5288,2
68,4080,56,22.9002,7.94457,42.433,18.4083,43.0004,18.1949,42.2215,17.662,41.8159,18.646,42.6186,19.1261,1
68,4080,66,20.4024,-10.638,-2.18181,-72.78,-2.24946,-73.2798,-2.75368,-72.6915,-2.12436,-72.2596,-1.6569,-72.8702,3
68,4080,76,-30.139,14.2297,-20.4698,-49.0726,-20.6115,-49.7408,-21.1028,-48.809,-20.3135,-48.4554,-19.7437,-49.3552,1
68,4080,84,-40.1838,-5.9197,-8.74885,-10.6801,-8.89285,-11.5324,-9.35334,-10.3633,-8.62651,-9.95308,-8.06264,-11.0557,1
68,4080,85,-35.8521,9.03249,24.1272,7.80551,24.06,7.0673,23.4973,8.05263,24.1999,8.46845,24.8544,7.52566,2
68,4080,86,-14.6591,13.5889,52.2076,38.0272,52.2366,37.2337,51.7065,37.9773,52.1882,38.8119,52.7453,38.1024,1
68,4080,89,38.4189,-14.2919,9.66082,169.096,10.2254,169.398,9.89232,168.226,9.04328,168.736,9.47497,169.834,1
69,4140,8,32.4955,-0.532996,18.2754,79.2988,18.0213,78.634,17.6389,79.743,18.5508,80.0436,18.8464,78.9009,2
69,4140,11,-37.5355,13.65,-39.6869,51.4899,-39.3083,50.7119,-40.3963,51.2054,-40.0016,52.212,-38.8557,51.8335,1
69,4140,13,23.979,-19.7944,2.41063,111.189,2.39041,110.658,1.73023,111.177,2.40428,111.734,3.01432,111.181,1
69,4140,17,36.2321,-13.0758,20.2336,-97.2759,20.8461,-97.1686,20.2077,-98.1624,19.5604,-97.4194,20.2631,-96.5156,1
69,4140,25,35.2548,-21.0147,-82.6252,19.2934,-82.0353,19.0339,-82.7,12.4441,-83.2638,19.2994,-82.4647,24.8616,1
69,4140,33,-12.8422,14.6648,33.7481,1.46832,34.0561,1.91784,34.1367,1.08958,33.4278,1.03549,33.3219,1.85788,1
69,4140,36,28.6772,23.3637,-74.2866,-21.5394,-73.937,-19.4301,-73.7982,-22.6465,-74.6876,-24.0561,-74.7703,-20.5208,1
69,4140,41,-29.6678,-19.0925,36.1044,-116.251,36.0654,-117.24,35.5179,-116.202,36.1137,-115.391,36.7205,-116.343,2
69,4140,56,-19.4244,1.43886,44.283,24.664,44.8521,24.5309,44.1527,23.918,43.7442,24.7918,44.4159,25.4601,1
69,4140,66,-15.8251,-17.3741,2.22494,-73.7628,2.07666,-74.3253,1.73038,-73.6783,2.34593,-73.243,2.71838,-73.8673,2
69,4140,76,-38.1684,13.5356,-16.4996,-48.7909,-16.6079,-49.5937,-17.2393,-48.4446,-16.3736,-48.0794,-15.6179,-49.1843,1
69,4140,85,-34.4118,16.7884,28.0559,10.2253,28.0106,9.50317,27.3805,10.4257,28.1211,10.8879,28.8474,10.0075,2
70,4200,5,24.1843,-1.7548,-76.0745,4.04374,-75.8104,1.84198,-76.6888,3.11253,-76.3393,6.4881,-75.5034,4.83662,1
70,4200,8,25.1511,13.0902,23.4949,79.77,23.1884,79.1391,22.9684,80.1427,23.8454,80.4689,24.0053,79.431,1
70,4200,16,-3.85377,21.3588,41.2641,-121.411,41.7382,-121.6,41.1735,-122.071,40.7756,-121.188,41.3355,-120.7,1
70,4200,29,16.3446,22.9929,56.3686,159.275,56.0838,158.433,55.921,159.669,56.6971,160.203,56.8309,158.912,1
70,4200,59,-35.1198,-3.62554,-34.7482,110.586,-33.9455,110.541,-34.9352,109.789,-35.4543,110.627,-34.5225,111.473,1
70,4200,66,-26.5828,18.6833,8.69607,-70.7645,8.66165,-71.3346,8.0772,-70.6862,8.75404,-70.2195,9.40009,-70.8346,1
70,4200,76,-32.8953,14.9338,-13.2937,-46.7967,-13.4376,-47.4772,-13.9611,-46.5085,-13.1346,-46.1756,-12.5167,-47.1125,8
70,4200,85,-25.6197,-9.65145,28.5631,11.6346,28.4073,10.961,28.0723,11.8245,28.6941,12.2489,29.0788,11.4172,1
71,4260,1,-32.7753,13.4613,42.2135,-119.402,42.7822,-118.802,42.5506,-120.318,41.6734,-119.918,41.8037,-118.368,1
71,4260,2,-23.8881,-20.6669,10.9722,-110.645,11.69,-110.317,11.2559,-111.189,10.3475,-110.953,10.7098,-110.074,1
71,4260,5,14.9517,18.7664,-72.2074,20.2351,-72.1694,18.2552,-72.775,20.0693,-72.2053,22.4067,-71.6411,20.4688,1
71,4260,7,14.7796,24.4763,-6.0844,69.6605,-6.46461,69.1361,-6.59337,69.9509,-5.63748,70.2266,-5.54809,69.3944,1
71,4260,8,28.6943,24.6108,28.2912,81.8388,27.8696,81.0699,27.7328,82.2516,28.8056,82.7293,28.8536,81.479,1
71,4260,9,-38.7882,5.61954,62.4643,90.1695,62.3211,88.3094,61.732,90.9403,62.5842,91.8073,63.3143,89.2239,2
71,4260,13,-29.1238,21.9427,14.4026,114.749,14.4427,114.144,13.7247,114.744,14.396,115.329,15.1869,114.778,1
71,4260,14,-36.0122,-10.5935,38.0436,140.153,38.1543,139.143,37.4244,140.202,37.9329,141.022,38.7291,140.072,1
71,4260,16,36.7979,9.04152,36.3952,-121.104,37.0826,-121.251,36.0951,-121.898,35.6004,-120.928,36.6442,-120.38,2
71,4260,20,37.4938,-10.3646,76.0536,-108.231,76.6511,-108.922,75.6545,-111.105,75.3782,-107.602,76.3748,-105.651,1
71,4260,25,-37.2375,15.369,-74.9482,81.6438,-74.6115,79.4067,-75.6482,80.9051,-75.2092,83.7916,-74.1245,82.4865,1
71,4260,27,9.1089,24.7841,-10.0197,140.892,-10.3654,140.494,-10.4319,141.164,-9.62294,141.309,-9.5765,140.632,1
71,4260,29,-37.4894,9.69582,60.4266,151.435,60.1808,150.124,59.8651,152.239,60.6509,152.611,61.0778,150.479,2
71,4260,33,-28.736,-10.7036,28.3295,2.27031,28.7551,2.84452,28.7036,1.82619,27.9539,1.75491,27.9386,2.75486,7
71,4260,36,11.4321,23.3507,-81.6706,-28.604,-81.4401,-25.3272,-81.1938,-29.5724,-81.9121,-32.3348,-82.1655,-27.6709,1
71,4260,41,-4.16841,24.9419,41.7034,-102.879,41.758,-103.591,41.1738,-103.074,41.6692,-102.124,42.2677,-102.628,1
71,4260,43,-13.7386,19.7756,38.9547,-2.84093,39.4777,-2.90164,38.9352,-3.55936,38.4297,-2.75079,38.9507,-2.05612,1
71,4260,44,-18.5658,24.9261,12.6547,25.9435,13.2035,26.0181,12.7934,25.3175,12.0969,25.9029,12.4704,26.6416,1
71,4260,45,-25.1575,23.8238,-15.0356,49.1568,-14.4584,49.2574,-14.9145,48.4637,-15.6066,49.0947,-15.1982,49.9488,1
71,4260,53,-34.5656,22.2392,19.4827,-99.0184,19.5633,-99.7701,18.6401,-98.9873,19.4483,-98.3157,20.489,-99.0273,1
71,4260,54,-34.2411,0.0613369,43.076,-71.041,43.2599,-72.0566,42.3964,-71.0572,42.9089,-70.1408,43.8399,-71.0287,5
71,4260,56,-30.3277,23.8407,39.2185,35.9779,39.8738,36.0415,39.225,34.9662,38.5896,35.9724,39.1714,37.165,1
71,4260,60,-34.4581,17.2841,20.8876,94.8362,21.5001,95.0789,21.0042,94.077,20.314,94.6433,20.7293,95.7186,1
71,4260,62,-38.1044,-8.62015,-33.3565,139.689,-32.5178,139.727,-33.4956,138.923,-34.0759,139.649,-33.1759,140.545,1
71,4260,66,-26.9081,18.0706,11.7651,-68.8658,11.7346,-69.4443,11.1471,-68.7856,11.8181,-68.3142,12.4677,-68.9386,4
71,4260,68,-24.5748,5.8257,56.678,3.82755,57.0334,3.03938,56.2216,3.28718,56.3457,4.56365,57.1703,4.43854,1
71,4260,69,38.6252,-6.9773,43.027,55.8887,43.6924,55.8466,42.7581,54.8043,42.272,55.9134,43.2532,56.8259,1
71,4260,72,35.9246,-6.86483,-21.6415,146.195,-21.0785,146.586,-21.3606,145.358,-22.2614,145.74,-21.8786,146.928,2
71,4260,76,-34.4591,-2.07644,-11.4737,-46.5014,-11.6938,-47.2471,-12.0469,-46.1634,-11.2757,-45.8423,-10.835,-46.8849,9
71,4260,79,-5.82412,24.9573,68.541,71.0194,69.0078,70.2459,68.3288,69.5907,68.0616,71.8666,68.7314,72.6262,3
71,4260,85,27.5521,-9.32168,29.299,18.2444,29.2409,17.6394,28.6788,18.3914,29.3447,18.8933,29.8558,18.1022,1
71,4260,89,39.634,-3.24285,-1.50252,174.152,-0.899689,174.464,-1.36329,173.345,-2.18942,173.784,-1.62311,174.846,1
71,4260,90,23.1394,-5.6195,-21.4267,15.6882,-21.3877,15.1251,-22.0169,15.6913,-21.4741,16.2846,-20.8825,15.6812,1
71,4260,91,-27.256,16.7107,9.36247,39.1246,9.41328,38.5387,8.73355,39.1256,9.33666,39.6839,10.0737,39.1408,1
71,4260,93,-30.6861,20.5731,49.554,112.935,49.9945,112.272,49.0165,112.244,49.1567,113.587,50.1579,113.783,1
72,4320,0,14.9535,21.5851,67.3836,-156.493,68.0022,-156.72,67.3403,-157.987,66.7043,-156.195,67.3842,-154.978,3
72,4320,5,26.0368,-4.51312,-72.2064,25.9236,-72.1447,23.953,-72.8923,25.9884,-72.2593,28.052,-71.5801,25.8596,1
72,4320,16,-13.5028,-18.4649,39.7516,-116.8,40.2996,-117.007,39.669,-117.442,39.2424,-116.633,39.8503,-116.165,1
72,4320,29,-21.7145,-4.74632,62.2654,156.035,62.0167,155,61.8411,156.567,62.4865,157.015,62.7078,155.445,1
72,4320,32,34.3684,4.00013,59.3628,-4.10808,59.7616,-3.1543,59.7596,-5.17506,58.9029,-5.15785,58.9928,-3.18072,1
72,4320,36,-9.37098,23.6177,-85.8444,-31.0861,-85.6642,-24.8291,-85.3265,-32.2885,-85.9999,-37.984,-86.4112,-29.7481,3
72,4320,43,39.2042,-7.54107,34.0764,-6.21771,34.7819,-6.16669,33.87,-7.27823,33.2746,-6.29745,34.2493,-5.30994,1
72,4320,64,-39.3602,8.65102,-39.8458,-118.368,-39.5611,-119.292,-40.5891,-118.43,-40.0739,-117.54,-38.9734,-118.288,1
72,4320,70,-39.862,-6.92297,44.6957,126.32,45.5404,126.9,44.7979,125.294,43.9766,125.837,44.5862,127.494,1
72,4320,71,23.4441,-7.79976,8.97714,135.721,9.46931,135.975,9.22502,135.131,8.46232,135.444,8.75511,136.264,1
72,4320,75,-36.7794,6.49406,-39.4035,-62.4485,-39.4429,-63.4429,-40.0971,-62.1377,-39.3475,-61.5667,-38.6012,-62.7947,1
72,4320,76,-7.04834,19.9649,-7.11267,-41.829,-7.33636,-42.3083,-7.62278,-41.6406,-6.8615,-41.346,-6.55901,-42.0106,9
72,4320,84,-20.1355,22.6527,5.99666,-1.22729,5.86384,-1.73157,5.42926,-1.10517,6.15572,-0.73276,6.63787,-1.34231,1
72,4320,87,-6.65912,-19.271,56.7517,126.473,57.2572,126.194,56.6827,125.582,56.273,126.698,56.8316,127.338,3
72,4320,90,18.9459,0.00520238,-18.1127,18.3818,-18.0966,17.8456,-18.6513,18.4009,-18.1294,18.9486,-17.6031,18.3652,1
72,4320,92,-26.118,12.422,35.9706,70.7077,36.1211,70.0245,35.3852,70.5891,35.8408,71.3575,36.6204,70.8565,3
73,4380,6,-38.2834,10.1905,-32.8192,53.7159,-32.9737,52.7316,-33.5585,54.1853,-32.6536,54.5789,-31.9429,53.1829,1
73,4380,7,-25.4156,1.43411,-0.149634,66.6258,-0.433901,66.0367,-0.664039,66.9582,0.117543,67.17,0.408235,66.2645,1
73,4380,13,-28.3861,23.4921,20.1215,119.702,20.1666,119.084,19.4393,119.669,20.1115,120.3,20.9114,119.767,1
73,4380,16,-24.3959,5.64975,37.0536,-110.175,37.609,-110.201,36.9723,-110.846,36.532,-110.142,37.1335,-109.442,1
73,4380,18,-37.1096,17.7724,-15.5081,-55.7782,-14.8366,-55.5947,-15.4855,-56.5764,-16.1249,-55.9137,-15.5502,-54.8311,2
73,4380,20,36.3795,-11.1786,72.1728,-84.8346,72.7705,-84.5517,72.1028,-87.3952,71.5119,-85.1922,72.2148,-82.6158,2
73,4380,22,15.4146,-15.8525,5.644,-40.9138,6.03619,-40.6357,5.99107,-41.3407,5.2586,-41.2077,5.33387,-40.5119,1
73,4380,36,-30.8219,-12.0505,-86.8974,-1.65024,-86.361,6.06588,-86.5309,-8.97496,-87.2994,-10.9904,-87.2043,8.39994,2
73,4380,40,-38.3479,-13.0712,21.8875,-134.105,21.8246,-135.113,21.2341,-133.892,21.925,-133.251,22.611,-134.376,1
73,4380,43,-12.6772,22.7703,33.7024,3.89427,34.2325,3.86982,33.737,3.209,33.1623,3.95185,33.6361,4.64409,1
73,4380,61,-25.6989,9.62846,-14.4057,118.629,-13.8596,118.766,-14.334,118.048,-14.9234,118.512,-14.4917,119.269,1
73,4380,75,-33.467,17.1732,-35.3509,-59.1081,-35.4119,-59.943,-36.0751,-58.8611,-35.2596,-58.3418,-34.5014,-59.3683,1
73,4380,84,33.2449,17.9204,6.8664,4.49341,6.65213,3.83387,6.31418,4.78119,7.13205,5.25547,7.3913,4.25105,1
73,4380,86,-6.00761,22.522,61.6865,69.2208,61.9024,68.2904,61.2633,68.6362,61.4762,70.1975,62.1263,69.9069,1
73,4380,90,-25.1013,21.8203,-11.1049,19.5622,-11.0553,18.9878,-11.7463,19.5144,-11.1212,20.1239,-10.3759,19.6398,1
74,4440,5,-32.4867,-2.10831,-62.4235,28.0864,-62.3676,26.4236,-63.0927,28.2993,-62.4555,29.5759,-61.6812,27.8453,1
74,4440,15,39.3401,8.65661,44.8787,-152.504,45.517,-153.042,44.3064,-153.213,44.1295,-151.88,45.3671,-151.85,1
74,4440,16,-29.3862,-20.7772,36.753,-108.848,37.5134,-109.034,36.6468,-109.536,36.0907,-108.714,36.8921,-108.134,1
74,4440,17,26.1261,15.2774,5.09272,-82.3827,5.68804,-82.3542,5.07023,-82.9437,4.42464,-82.3996,5.09342,-81.8475,1
74,4440,36,-0.0119979,19.2244,-85.5392,-144.579,-86.0212,-145.064,-85.5902,-138.36,-85.0329,-144.388,-85.4132,-150.803,1
74,4440,40,-34.937,-9.41758,24.8146,-130.955,24.7873,-131.845,24.1921,-130.795,24.8269,-130.179,25.4988,-131.154,1
74,4440,52,-36.3841,18.7537,0.0176196,-115.92,0.106324,-116.662,-0.819446,-115.839,-0.0263383,-115.24,1.0163,-115.995,1
74,4440,57,22.2037,18.1374,1.41742,65.2358,2.04887,65.2742,1.43887,64.6539,0.711393,65.2125,1.37109,65.8016,1
74,4440,65,-31.2312,-7.52526,-10.108,-85.7355,-10.1841,-86.431,-10.661,-85.5811,-10.0444,-85.116,-9.50868,-85.9157,1
74,4440,68,-19.4267,21.2401,56.2436,26.3575,56.6811,25.8357,55.942,25.4748,55.8214,26.9034,56.5538,27.3772,1
74,4440,75,-32.8189,19.1922,-31.8711,-57.0315,-31.9531,-57.818,-32.6015,-56.7873,-31.7572,-56.3057,-31.0111,-57.2877,12
74,4440,84,-28.1908,5.1128,11.6616,0.367568,11.5451,-0.21513,11.1347,0.564228,11.7759,0.905523,12.2438,0.153065,1
74,4440,85,-30.1257,15.6827,43.5673,22.1071,43.5648,21.2979,42.9424,22.2212,43.5868,22.8657,44.2814,21.9955,2
74,4440,89,26.7448,1.02818,-11.2513,-179.674,-10.748,-179.479,-11.1196,179.752,-11.7984,-179.887,-11.3748,-179.144,1
74,4440,90,-33.5713,1.65924,-9.15962,19.8837,-9.08133,19.188,-9.78609,19.953,-9.22338,20.5086,-8.45696,19.8045,3
74,4440,96,30.4531,23.6213,-18.4412,-133.229,-17.715,-133.289,-18.527,-133.87,-19.2898,-133.131,-18.3956,-132.613,1
75,4500,12,-29.3131,9.13434,-2.43529,99.2117,-2.40513,98.6152,-3.02934,99.275,-2.44993,99.7658,-1.77025,99.1489,1
75,4500,16,-26.7874,6.05363,32.3087,-103.405,32.8846,-103.373,32.258,-104.067,31.7716,-103.425,32.3559,-102.676,1
75,4500,22,35.4632,21.3084,-5.75948,-41.6219,-5.1329,-41.214,-5.50622,-42.2143,-6.51609,-42.0884,-6.02596,-41.0889,3
75,4500,26,-33.3225,12.1865,-30.6399,131.478,-30.8718,130.808,-31.1732,131.89,-30.4073,132.081,-30.0214,131.022,2
75,4500,28,-36.0882,19.3628,41.0505,144.594,40.7987,143.797,40.4355,145.134,41.3065,145.312,41.7872,143.963,1
75,4500,40,-33.6511,17.3816,29.7204,-126.071,29.8189,-126.837,28.9802,-126.05,29.655,-125.36,30.5841,-126.075,1
75,4500,55,37.1163,-9.96271,45.3328,0.721659,45.9964,0.416996,44.8586,-0.373829,44.5819,1.02405,45.7375,1.6702,1
75,4500,65,17.3426,20.0655,-7.50253,-78.6113,-7.63755,-79.1554,-8.0051,-78.5044,-7.3336,-78.0163,-6.99676,-78.6941,1
75,4500,68,-32.27,-5.09894,57.3378,28.8952,57.9362,28.2497,56.9559,28.0728,56.8007,29.4484,57.7593,29.808,1
75,4500,71,33.5246,16.37,-4.38852,138.823,-3.70649,139.125,-4.22928,138.155,-5.18858,138.488,-4.56247,139.433,1
75,4500,75,-37.3976,-4.09904,-30.5739,-57.3211,-30.739,-58.2821,-31.1972,-56.9499,-30.4251,-56.4892,-29.8717,-57.7486,8
75,4500,84,-36.236,6.65396,15.6537,1.15477,15.5664,0.442437,15.0392,1.41217,15.7421,1.79033,16.3602,0.861664,3
75,4500,90,34.83,6.17007,-10.6951,27.5226,-10.6651,26.8461,-11.3774,27.6606,-10.7236,28.2938,-10.0795,27.4107,1
76,4560,0,-33.2278,-8.45178,60.7877,-132.112,61.5555,-131.446,60.9196,-133.466,60.1136,-132.683,60.6443,-130.628,1
76,4560,8,36.7274,15.3417,44.2236,90.2015,43.9546,89.0822,43.5539,90.783,44.5438,91.5308,44.8422,89.7031,2
76,4560,9,2.63627,-21.373,71.7048,125.317,71.7751,123.448,71.1302,124.701,71.5974,127.071,72.2502,125.859,1
76,4560,12,-33.0397,20.5369,1.72,101.901,1.78632,101.275,0.998119,101.924,1.69132,102.49,2.56684,101.897,1
76,4560,16,-24.4197,-9.5985,30.5465,-101.835,31.1559,-101.862,30.4924,-102.437,29.9915,-101.819,30.6134,-101.201,2
76,4560,22,37.8959,5.806,-7.92474,-41.8191,-7.4197,-41.3672,-7.61999,-42.4731,-8.50958,-42.3403,-8.20398,-41.2447,6
76,4560,25,34.1001,-20.3133,-66.5499,126.355,-66.7424,124.978,-67.3118,127.248,-66.3628,127.841,-65.9059,125.597,1
76,4560,26,-20.2359,11.0654,-27.459,133.624,-27.7069,133.129,-27.8908,133.94,-27.2073,134.092,-26.9838,133.293,1
76,4560,30,-25.7459,16.9181,64.5584,165.374,64.1355,164.57,64.2071,166.479,64.9736,166.129,64.9568,164.12,1
76,4560,31,-4.79166,-18.17,81.4709,18.2274,81.7005,21.3862,81.9334,17.0429,81.246,15.3484,81.0251,19.3667,1
76,4560,32,-18.2831,15.4386,42.99,1.28612,43.2902,1.83999,43.4086,0.842208,42.679,0.76246,42.5224,1.74832,1
76,4560,33,24.4668,-22.7695,10.8071,-5.08817,11.1568,-4.67896,11.3831,-5.50815,10.4742,-5.5252,10.3135,-4.70421,2
76,4560,36,-25.4035,-4.35876,-80.9269,179.8,-81.3433,177.121,-81.2345,-177.48,-80.5308,-177.941,-80.5819,177.062,1
76,4560,41,30.9615,1.72457,46.3075,-81.2423,46.6237,-82.0119,45.6793,-81.5766,45.9499,-80.3998,46.875,-80.9254,1
76,4560,43,-15.3814,-16.5905,28.4903,9.64097,29.0895,9.60751,28.5059,9.0474,27.9385,9.65421,28.4917,10.2383,1
76,4560,44,28.8986,23.9437,-5.01457,32.9397,-4.28476,32.9617,-5.01858,32.3212,-5.86637,32.9413,-5.04948,33.5352,4
76,4560,51,-31.7072,6.19137,-23.1562,-136.069,-23.067,-136.817,-23.8242,-136.017,-23.2229,-135.384,-22.4047,-136.122,1
76,4560,52,-39.023,6.19123,4.94717,-113.012,5.02048,-113.854,4.17524,-112.833,4.89738,-112.273,5.8501,-113.218,1
76,4560,53,-38.4324,12.6728,33.0336,-87.6845,33.2059,-88.6207,32.2086,-87.6184,32.9003,-86.8482,34.0109,-87.7493,1
76,4560,55,-14.0793,16.2239,47.9301,12.0808,48.4454,11.8299,47.7643,11.2737,47.4219,12.3535,48.0868,12.9664,1
76,4560,56,22.1756,-3.22923,24.6477,44.056,25.206,44.0931,24.6335,43.3813,24.0553,44.0108,24.66,44.6831,8
76,4560,60,-25.7704,-16.5206,7.66579,102.038,8.33708,102.118,7.72331,101.503,7.07025,101.953,7.62792,102.6,3
76,4560,65,35.0293,-1.97229,-7.14863,-76.2823,-7.18018,-76.913,-7.84158,-76.0767,-7.11897,-75.5746,-6.53504,-76.4624,1
76,4560,68,29.8606,18.4171,50.1554,36.2472,50.7281,35.732,49.8046,35.5004,49.5045,36.8493,50.4598,36.987,1
76,4560,69,-36.4839,-5.05761,36.1928,79.9488,36.9554,80.094,36.1293,79.1621,35.5273,79.822,36.2698,80.8331,1
76,4560,75,-28.2602,-23.4833,-29.6078,-55.4806,-29.9775,-56.3631,-30.163,-55.2151,-29.306,-54.7151,-29.0488,-55.7942,1
76,4560,76,-25.1438,0.949818,5.91344,-39.7318,5.6979,-40.3106,5.40335,-39.4671,6.11575,-39.1956,6.46483,-40.0197,1
76,4560,78,37.7359,4.81777,62.3998,23.698,62.7193,22.2448,61.6125,23.4216,62.0133,25.3395,63.0914,23.9801,1
76,4560,79,-29.6607,-20.935,62.7589,102.165,63.5992,102.064,62.7216,100.85,62.033,102.203,62.821,103.544,1
76,4560,84,-3.13124,-21.0053,15.2924,4.49745,15.0932,3.99521,14.7954,4.60087,15.4609,4.97809,15.7637,4.37741,3
76,4560,90,21.9969,-3.02687,-7.60921,28.1591,-7.6014,27.6329,-8.17819,28.1963,-7.62171,28.7174,-7.07964,28.1231,2
76,4560,91,-31.9437,-12.9857,21.1824,48.936,21.1811,48.1252,20.6003,49.0136,21.1692,49.6458,21.8091,48.8281,1
76,4560,93,-3.22411,24.8933,46.0643,139.956,46.4818,139.507,45.8209,139.276,45.6369,140.455,46.2982,140.711,2
76,4560,95,37.0695,-13.9921,4.62303,-156.894,5.25314,-156.759,4.63274,-157.78,3.92991,-157.07,4.62585,-156.139,1
77,4620,7,29.9236,20.5311,14.8358,75.8539,14.4294,75.1749,14.2956,76.2738,15.3257,76.6318,15.3689,75.484,1
77,4620,12,35.9555,7.07765,-0.795299,108.251,-0.796016,107.578,-1.47039,108.428,-0.789395,109.023,-0.187528,108.105,1
77,4620,16,36.4454,17.5257,21.8432,-101.133,22.5969,-101.16,21.6709,-101.845,20.9532,-101.082,21.9677,-100.476,1
77,4620,22,24.4493,-12.7475,-9.69919,-40.1894,-9.30851,-39.8646,-9.32974,-40.6795,-10.0978,-40.5434,-10.024,-39.7392,1
77,4620,24,26.8966,13.6407,-80.598,9.73724,-80.0256,9.41361,-80.6937,6.4151,-81.2368,10.2318,-80.4965,12.8374,1
77,4620,30,-38.7804,3.76789,66.7175,159.932,66.1258,158.745,66.451,161.543,67.2346,161.001,67.0047,158.026,1
77,4620,32,-9.82812,17.499,39.1358,-0.370393,39.4492,0.101633,39.5296,-0.766511,38.8027,-0.829001,38.7027,0.0321623,1
77,4620,38,-33.7299,10.9851,-3.77556,173.328,-4.1666,172.819,-4.19664,173.825,-3.40488,173.78,-3.28566,172.765,1
77,4620,40,23.9388,-7.91376,29.2511,-118.068,29.3009,-118.689,28.6251,-118.084,29.1839,-117.413,29.8237,-118.06,1
77,4620,53,-32.5647,24.8631,36.068,-82.7958,36.2045,-83.6276,35.2368,-82.9189,35.9803,-81.9989,37.0553,-82.6077,1
77,4620,55,2.76827,19.5335,44.7082,16.0052,45.2183,15.7489,44.5751,15.2776,44.1753,16.2991,44.8206,16.7733,1
77,4620,61,-38.7564,-8.78897,-23.7255,127.779,-22.8757,127.913,-23.8052,127.058,-24.4508,127.657,-23.612,128.59,2
77,4620,65,-36.8246,5.40949,0.614874,-79.6756,0.615071,-80.3985,-0.0407482,-79.4934,0.625817,-79.0333,1.36873,-79.8825,2
77,4620,75,-36.1629,17.5737,-21.6112,-52.8352,-21.708,-53.6117,-22.3666,-52.5328,-21.487,-52.1342,-20.7098,-53.1693,1
77,4620,78,38.2061,14.3895,64.0193,33.7299,64.4364,32.1086,63.2712,33.267,63.5144,35.6086,64.6785,34.2296,2
77,4620,83,-23.4809,2.55554,-10.5365,-11.6027,-10.657,-12.1434,-11.0279,-11.433,-10.4188,-11.0973,-10.0062,-11.7841,1
77,4620,84,-31.4212,-4.31179,21.0889,4.43158,20.9432,3.74332,20.5644,4.66512,21.2151,5.04987,21.6607,4.16516,2
77,4620,87,35.4075,-9.65633,40.7354,143.772,41.324,143.946,40.7426,142.762,40.0872,143.561,40.7292,144.651,1
77,4620,88,36.7116,6.15943,9.44903,167.25,10.0708,167.498,9.52214,166.542,8.73293,166.971,9.37097,167.88,1
77,4620,92,32.6431,16.446,40.2854,94.6484,40.5693,93.8137,39.6668,94.4353,39.9653,95.6141,40.8515,94.883,1
78,4680,3,34.7464,-5.24582,-51.8956,-98.3215,-51.309,-97.7104,-51.5972,-99.5905,-52.539,-99.0411,-52.1438,-97.1933,1
78,4680,7,25.1501,2.27387,16.5421,75.4618,16.2778,74.886,15.9947,75.824,16.8276,76.0889,17.053,75.1278,1
78,4680,12,-0.786128,-24.9183,2.15722,105.827,2.04044,105.287,1.61135,105.8,2.2422,106.335,2.66993,105.827,1
78,4680,16,29.1518,1.68831,21.0934,-99.1188,21.6623,-99.081,21.0303,-99.7735,20.4677,-99.1606,21.1447,-98.5186,1
78,4680,24,39.3492,-6.96524,-82.8973,12.7775,-82.2446,12.9993,-83.047,6.13399,-83.639,12.3257,-82.6941,18.181,1
78,4680,32,20.1015,-8.56056,37.728,-3.94635,38.0469,-3.46951,38.1386,-4.42229,37.4017,-4.44712,37.3507,-3.50404,1
78,4680,40,-27.0218,23.9853,37.5606,-115.987,37.654,-116.735,36.8635,-116.118,37.5026,-115.254,38.363,-115.798,1
78,4680,53,-33.2825,19.419,38.1947,-80.3009,38.3595,-81.1594,37.4116,-80.3893,38.0703,-79.4959,39.1114,-80.1661,3
78,4680,55,17.2613,-24.8549,43.7895,14.0825,44.3332,13.8007,43.6749,13.0974,43.2423,14.3109,43.909,14.9566,1
78,4680,65,-32.7316,22.5074,4.92611,-76.3034,4.92825,-76.9334,4.19111,-76.2233,4.96122,-75.7109,5.79492,-76.3731,2
78,4680,75,-28.1167,21.5844,-18.3482,-50.3428,-18.5033,-50.9743,-19.0248,-50.1133,-18.1641,-49.7476,-17.56,-50.5811,1
78,4680,78,26.2549,-1.28629,66.0279,36.9932,66.3683,35.8354,65.473,36.2432,65.6469,38.2051,66.5343,37.7139,1
78,4680,84,10.1125,19.0052,24.3262,10.815,24.1731,10.2879,23.8566,10.9403,24.5061,11.3779,24.8081,10.7081,1
78,4680,85,14.9048,-16.606,49.971,37.4318,49.9927,36.6735,49.4181,37.3177,49.9262,38.1905,50.4826,37.5171,1
78,4680,86,25.842,-24.3951,59.5104,98.3157,59.9663,97.7332,59.1734,97.009,59.0247,98.8344,59.8122,99.4514,1
78,4680,88,24.3253,3.05314,7.11587,169.919,7.61199,170.094,7.23812,169.378,6.57821,169.732,6.99636,170.424,1
79,4740,12,22.8259,-15.6618,4.26412,110.117,4.24956,109.598,3.6327,110.127,4.25858,110.654,4.83292,110.094,1
79,4740,13,-31.6806,17.8874,35.8937,135.957,36.0444,135.222,35.2195,135.863,35.7755,136.649,36.6704,136.089,1
79,4740,17,-37.6971,-3.13911,-3.97185,-67.837,-3.20188,-67.6894,-4.02755,-68.4957,-4.64213,-67.9651,-3.89839,-67.0902,3
79,4740,20,30.7726,9.74301,50.9823,-56.7239,51.5077,-56.2745,51.1634,-57.6217,50.385,-57.2061,50.796,-55.9084,1
79,4740,24,-36.2838,-16.9434,-76.931,43.0254,-76.2672,40.7474,-77.3728,41.2018,-77.4873,45.0928,-76.4133,44.7873,1
79,4740,32,34.8375,9.87864,32.2246,-6.34231,32.6557,-5.74914,32.61,-6.97705,31.7199,-7.00956,31.8598,-5.78351,2
79,4740,40,19.5316,18.1061,36.1474,-109.887,36.1816,-110.611,35.6043,-109.929,36.1229,-109.086,36.6799,-109.817,1
79,4740,53,-21.3333,-20.5916,36.7253,-79.9028,36.6892,-80.7999,36.1549,-79.9363,36.7317,-79.102,37.305,-79.9054,1
79,4740,65,-8.5352,-24.124,2.91214,-75.0145,2.73058,-75.5697,2.38702,-74.9707,3.05689,-74.4987,3.41434,-75.0826,1
79,4740,84,-37.4628,4.84178,28.8961,7.75778,28.8286,6.93652,28.268,8.03526,28.962,8.48437,29.6187,7.43615,6
79,4740,88,37.1259,13.8649,2.00102,170.696,2.68447,170.93,2.05353,170.009,1.19487,170.434,1.92973,171.312,1
80,4800,1,-26.1693,7.5587,10.4098,-112.484,10.9339,-112.1,10.7131,-113.056,9.91195,-112.832,10.068,-111.858,1
80,4800,15,-30.6301,-10.163,43.9145,-123.253,44.5924,-123.467,43.7183,-123.986,43.311,-123.078,44.1367,-122.463,1
80,4800,24,-40.3539,-1.31575,-75.9217,65.7881,-75.4093,63.2467,-76.5688,64.8087,-76.3371,68.1295,-75.1665,66.7864,2
80,4800,32,-34.8857,12.481,27.7962,0.79814,28.1137,1.44669,28.2996,0.285177,27.4873,0.22275,27.2045,1.37492,8
80,4800,35,-21.2604,18.6037,-80.3107,-9.79719,-80.0007,-7.35429,-79.8479,-11.6766,-80.6153,-12.2624,-80.8231,-7.57923,1
80,4800,40,-33.873,2.80896,41.6326,-111.957,41.7922,-112.886,40.9761,-111.96,41.4901,-111.125,42.3724,-111.954,1
80,4800,53,-38.4456,3.49481,42.4397,-75.782,42.67,-76.8789,41.6749,-75.7609,42.24,-74.8246,43.3253,-75.8088,2
80,4800,65,-26.2379,22.3197,10.5457,-71.9179,10.5067,-72.4909,9.90023,-71.8592,10.6143,-71.3643,11.287,-71.9616,2
80,4800,71,29.972,15.4805,-21.6049,144.826,-20.9731,145.111,-21.4366,144.163,-22.3314,144.513,-21.7836,145.44,1
80,4800,84,-32.7567,-21.988,29.4722,8.65232,29.1787,7.7437,28.9347,8.89651,29.6979,9.43661,30.028,8.34974,5
80,4800,97,-19.4744,1.12839,-44.3089,-73.9807,-43.8475,-74.3706,-44.6049,-74.5692,-44.7432,-73.6029,-43.9914,-73.3629,1
81,4860,0,-34.7196,19.1961,40.2812,-120.701,40.8471,-120.062,40.6985,-121.667,39.7327,-121.242,39.7573,-119.589,1
81,4860,4,17.8385,18.2039,-71.5861,21.5415,-71.5831,19.5709,-72.1666,21.536,-71.546,23.7065,-71.0117,21.6225,1
81,4860,6,-37.15,10.29,-4.55537,61.7318,-4.79534,60.9526,-5.2374,62.1766,-4.31965,62.4196,-3.75269,61.221,1
81,4860,7,-33.0262,-18.043,26.7095,71.0138,26.2051,70.1345,26.1808,71.4678,27.1214,71.783,27.2544,70.4881,2
81,4860,8,-31.6427,-23.3822,60.0608,87.7281,59.6125,85.9784,59.462,88.2955,60.3989,89.2644,60.6666,87.0222,1
81,4860,15,-28.816,16.6549,40.1835,-116.45,40.7662,-116.467,40.0972,-117.27,39.6335,-116.403,40.2579,-115.512,1
81,4860,21,26.0543,4.0166,9.26628,-44.5655,9.68815,-44.2366,9.54532,-45.0522,8.80408,-44.9215,9.00077,-44.1159,1
81,4860,24,-40.3267,-0.0496709,-74.3774,79.6966,-74.0275,77.0432,-75.0657,79.4238,-74.648,82.0839,-73.5788,79.9637,2
81,4860,28,-34.1632,11.9171,62.4803,150.912,62.2578,149.634,61.9278,151.648,62.6903,152.081,63.116,150.053,2
81,4860,29,-26.2562,18.1808,78.0609,-77.4167,78.5869,-76.7704,78.1493,-80.2703,77.5498,-77.8781,77.9097,-74.27,1
81,4860,32,-37.193,-14.6527,26.8378,0.808741,27.3858,1.55501,27.231,0.266614,26.3784,0.171205,26.4215,1.42486,4
81,4860,35,-11.1505,24.7151,-84.344,-23.6231,-84.0944,-19.2918,-83.8324,-25.3212,-84.5907,-28.366,-84.9088,-21.625,2
81,4860,40,-27.2945,6.8611,43.537,-107.089,43.6895,-107.903,42.9437,-107.185,43.3998,-106.331,44.1915,-106.973,1
81,4860,42,-25.886,-1.35311,40.0642,-4.63611,40.6817,-4.66568,39.9734,-5.36235,39.4956,-4.60856,40.1611,-3.85046,1
81,4860,43,16.5812,-8.98448,11.8924,19.8964,12.4013,19.9601,11.9578,19.3201,11.3701,19.8203,11.8378,20.4358,1
81,4860,44,28.4368,14.952,-18.8942,43.0797,-18.2474,43.1361,-18.9149,42.4363,-19.6273,43.0316,-18.8948,43.6867,1
81,4860,52,-35.2176,8.81936,19.4157,-101.661,19.4783,-102.448,18.6891,-101.538,19.3735,-100.951,20.2528,-101.795,1
81,4860,53,-37.6301,4.73409,44.7161,-71.6877,44.9762,-72.7748,43.9611,-71.7314,44.4899,-70.7319,45.5885,-71.6342,6
81,4860,65,-16.4816,10.1236,11.9964,-69.909,11.9349,-70.4198,11.4927,-69.8282,12.0666,-69.4123,12.5377,-69.9867,3
81,4860,68,12.4039,24.4354,42.5876,61.0549,43.1263,60.8742,42.5279,60.3646,41.9991,61.2832,42.6162,61.7696,2
81,4860,69,-17.6608,19.2709,18.3553,91.9203,18.8598,92.0214,18.4723,91.3501,17.8499,91.8441,18.206,92.5433,1
81,4860,75,-21.0584,-18.1171,-12.024,-47.5028,-12.3404,-48.1161,-12.5258,-47.2684,-11.7535,-46.9443,-11.522,-47.764,6
81,4860,78,-30.5653,-1.77554,71.2231,68.0609,71.8599,67.1948,70.8813,66.4816,70.6453,68.7979,71.5879,69.8529,1
81,4860,79,-35.8774,14.1992,44.1677,123.482,44.788,124.016,44.4008,122.457,43.59,123.038,43.8693,124.663,1
81,4860,90,-35.8957,-5.31883,9.78267,35.5638,9.82152,34.7785,9.15254,35.6835,9.74491,36.2503,10.4862,35.4169,2
81,4860,91,-28.8379,-10.1469,33.7134,64.1847,33.799,63.3708,33.1526,64.1701,33.6243,64.9092,34.3155,64.1816,2
81,4860,99,37.8971,1.28902,-20.9471,16.4078,-20.8569,15.6729,-21.7162,16.5419,-21.0502,17.2512,-20.2722,16.2982,1
82,4920,1,20.7453,8.54666,1.90932,-115.564,2.4269,-115.264,2.16966,-116.101,1.34403,-115.882,1.64935,-115.056,1
82,4920,4,-5.1717,23.057,-67.0785,25.3659,-67.1116,23.9078,-67.6639,25.2649,-67.0016,26.8791,-66.4496,25.5359,1
82,4920,5,-30.9302,16.5967,-34.8517,51.9138,-35.023,51.0991,-35.5442,52.272,-34.6587,52.6623,-34.0458,51.5297,1
82,4920,9,33.5616,16.2056,65.0422,-160.67,65.8319,-160.83,64.8391,-162.323,64.1236,-160.452,65.1834,-159.109,2
82,4920,15,3.42321,-21.806,37.6522,-118.613,38.1526,-118.791,37.6128,-119.292,37.1685,-118.471,37.7061,-117.977,1
82,4920,24,2.74567,-23.5945,-76.6308,95.4915,-76.6831,93.2727,-77.1586,95.2171,-76.5862,97.5897,-76.1358,95.6388,1
82,4920,26,-17.384,20.5812,-4.22521,136.893,-4.49904,136.477,-4.68781,137.171,-3.93202,137.294,-3.70407,136.603,2
82,4920,28,-20.822,20.9598,66.3657,156.887,66.1726,155.711,65.8354,157.371,66.5713,158.043,66.964,156.371,2
82,4920,29,15.5736,20.632,72.7799,-79.1242,73.309,-79.0786,72.8132,-80.7808,72.1982,-79.1071,72.7098,-77.4769,1
82,4920,32,34.8291,-9.47919,22.8309,-7.35205,23.1705,-6.81705,23.3556,-7.9421,22.4679,-7.95051,22.3767,-6.83589,2
82,4920,35,-18.0537,-13.4667,-84.912,-19.0016,-84.58,-14.0125,-84.4899,-21.7072,-85.1693,-24.2297,-85.3208,-15.5837,3
82,4920,37,-31.5093,10.1857,-20.8559,173.022,-21.2347,172.507,-21.2629,173.52,-20.494,173.484,-20.3872,172.468,1
82,4920,40,24.867,-3.05795,41.0243,-100.51,41.1849,-101.214,40.4218,-100.665,40.842,-99.7625,41.5793,-100.367,2
82,4920,42,34.142,4.22678,32.7824,-5.34142,33.4483,-5.34933,32.6095,-6.1608,32.0289,-5.33084,32.9243,-4.60013,1
82,4920,49,-29.3333,17.1438,22.0548,-134.512,22.09,-135.177,21.3808,-134.473,22.0453,-133.884,22.8258,-134.538,1
82,4920,51,-35.3922,17.6791,-4.87274,-121.657,-4.79008,-122.384,-5.67812,-121.582,-4.91422,-120.988,-3.92072,-121.725,1
82,4920,52,-36.9779,-11.3783,20.6685,-101.178,20.6179,-102.158,20.0015,-100.978,20.698,-100.339,21.4056,-101.428,3
82,4920,55,-27.1874,13.5331,36.2778,36.6158,36.8988,36.6765,36.2521,35.8058,35.69,36.5843,36.2861,37.5261,1
82,4920,63,-37.1801,-1.99558,-39.6779,-119.874,-39.4733,-120.833,-40.3348,-119.87,-39.8485,-119.03,-38.9327,-119.888,1
82,4920,74,-24.5213,24.1133,-37.2173,-61.1089,-37.3358,-61.84,-37.896,-60.9496,-37.0604,-60.4028,-36.4334,-61.2549,1
82,4920,77,-38.2359,5.43983,60.0787,-10.2704,60.1016,-11.8884,59.3484,-9.89138,60.0554,-8.84777,60.9253,-10.7278,1
82,4920,78,-28.1051,24.4253,68.1329,84.7352,68.7527,84.5826,68.0408,82.7685,67.5366,84.9814,68.1823,87.0492,2
82,4920,83,-38.6595,6.45092,7.47877,-5.33232,7.39855,-6.07592,6.83389,-5.05136,7.56157,-4.67828,8.22969,-5.65668,1
82,4920,92,30.3534,9.60824,44.193,117.387,44.6254,116.758,43.6802,116.902,43.7088,118.092,44.6568,117.86,2
82,4920,99,-27.4974,10.1455,-13.1603,14.8598,-13.0899,14.2602,-13.7562,14.8677,-13.2109,15.4233,-12.4969,14.8605,1
83,4980,12,-29.3383,-9.13587,19.1681,116.157,19.1455,115.449,18.6206,116.246,19.179,116.789,19.7558,116.045,1
83,4980,15,-38.6334,-8.03294,38.0756,-110.817,38.9211,-110.833,37.8876,-111.622,37.3511,-110.809,38.299,-109.907,1
83,4980,16,-34.4131,18.913,9.79395,-81.1758,10.4173,-80.9919,9.87181,-81.9124,9.20958,-81.3142,9.68042,-80.3137,1
83,4980,28,-35.8743,-13.8459,67.3368,153.087,66.9516,151.274,66.8645,154.019,67.6406,154.703,67.8348,151.967,2
83,4980,35,25.6387,-19.4315,-84.6458,-75.4059,-84.8762,-70.188,-84.0406,-72.0684,-84.3426,-80.165,-85.1711,-78.8633,1
83,4980,42,30.7185,23.5698,29.2172,-0.0963728,29.9648,-0.206841,29.0917,-0.808189,28.3429,0.0617526,29.2938,0.592046,2
83,4980,48,-31.4759,18.3925,-2.83033,-155.343,-2.79732,-155.985,-3.54251,-155.284,-2.83096,-154.741,-2.00425,-155.392,1
83,4980,49,-32.0145,8.39152,24.4344,-133.008,24.481,-133.735,23.783,-132.92,24.4026,-132.342,25.1715,-133.1,1
83,4980,52,-29.8726,-19.244,22.3088,-98.5814,22.1809,-99.4802,21.7038,-98.4657,22.3969,-97.7987,22.9411,-98.7406,1
83,4980,56,33.1623,7.98017,3.10192,59.9592,3.79073,60.0752,3.06733,59.2476,2.31789,59.8341,3.11821,60.6063,1
83,4980,70,37.3711,15.8613,0.892431,134.213,1.63172,134.555,1.02831,133.471,0.00875363,133.824,0.739538,134.876,1
83,4980,74,-12.9593,18.6319,-35.1243,-58.3485,-35.283,-58.9693,-35.6665,-58.1736,-34.9401,-57.7343,-34.5308,-58.5131,1
83,4980,78,35.0136,12.5889,61.3753,81.6018,62.0981,81.2523,61.0575,80.2693,60.5391,82.0125,61.6317,82.8544,9
83,4980,83,25.0175,18.046,8.91522,2.04779,8.7189,1.48357,8.41473,2.25572,9.15172,2.67712,9.40615,1.86892,1
83,4980,84,18.0005,5.77645,38.7197,22.0497,38.6628,21.4185,38.2233,22.1575,38.7811,22.7232,39.1976,21.9532,1
83,4980,85,19.6265,21.0679,60.05,71.6729,60.3189,70.6717,59.6069,71.1554,59.7596,72.7896,60.474,72.2445,2
83,4980,86,-30.0119,-22.0886,55.3006,133.474,56.0788,133.25,55.2169,132.505,54.6276,133.625,55.4146,134.482,2
83,4980,99,-31.0656,-20.8255,-12.428,14.7357,-12.4947,13.8927,-13.0099,14.7968,-12.3881,15.4611,-11.8171,14.6355,1
84,5040,17,33.6102,-11.5244,-22.0902,-61.9853,-21.5085,-61.869,-22.0711,-62.8041,-22.7225,-62.1349,-22.0941,-61.2705,1
84,5040,21,-6.95576,24.5792,-3.24759,-40.3125,-2.83377,-40.0491,-2.91008,-40.6996,-3.69386,-40.5658,-3.63218,-39.9078,1
84,5040,25,36.986,17.2333,-33.0226,136.605,-33.4538,135.892,-33.4581,137.213,-32.4933,137.426,-32.603,136.081,1
84,5040,35,-37.4029,-1.67486,-86.2423,161.03,-86.4856,149.72,-86.7137,168.324,-85.9234,169.525,-85.6548,154.693,1
84,5040,37,-22.0358,-14.9921,-15.5893,173.369,-16.0583,172.965,-15.9155,173.771,-15.1721,173.744,-15.2658,172.943,1
84,5040,60,28.6125,20.284,-22.8175,116.053,-22.1605,116.109,-22.8135,115.421,-23.5738,116.011,-22.8489,116.656,2
84,5040,64,-12.488,14.2365,-8.06477,-84.4154,-8.13478,-84.9062,-8.56611,-84.3486,-7.97945,-83.9287,-7.52672,-84.4734,1
84,5040,67,-39.3053,0.511152,58.5155,24.5104,59.2364,23.8254,58.0271,23.5529,57.8892,25.0924,59.0736,25.6418,1
84,5040,70,25.6927,22.1023,-2.49947,136.873,-1.85366,137.102,-2.3098,136.305,-3.24662,136.634,-2.71542,137.415,1
84,5040,74,-15.1994,22.6613,-31.2504,-56.6127,-31.4267,-57.2191,-31.8295,-56.4422,-31.0417,-56.0125,-30.6036,-56.7716,3
84,5040,83,6.41129,23.9044,13.3943,2.34039,13.2031,1.84867,12.913,2.45931,13.6222,2.86428,13.9027,2.2413,2
84,5040,94,36.892,15.4061,6.4276,-160.604,7.18739,-160.578,6.28038,-161.302,5.53183,-160.619,6.53268,-159.968,1
84,5040,95,-38.9887,-9.54823,-12.2894,-131.96,-11.4015,-131.904,-12.4274,-132.64,-13.0447,-132.014,-12.11,-131.195,1
84,5040,99,27.3915,-11.6206,-12.8045,21.9841,-12.7697,21.4211,-13.4763,21.9954,-12.8572,22.5818,-12.2031,21.964,2
85,5100,5,-24.783,-6.0269,-26.9673,55.4318,-27.2542,54.7409,-27.48,55.7722,-26.7062,56.0627,-26.425,55.0623,1
85,5100,11,-37.8422,-0.65964,-1.01467,96.5084,-0.965336,95.738,-1.66831,96.6544,-1.05396,97.182,-0.26989,96.336,1
85,5100,21,25.9068,21.2528,-7.35174,-42.746,-6.82895,-42.4241,-7.08273,-43.2195,-7.95798,-43.0952,-7.63652,-42.3014,6
85,5100,30,38.4201,-0.831773,82.3997,-13.5745,82.8475,-9.70694,82.7475,-18.931,81.8546,-17.4956,82.0449,-9.3332,1
85,5100,31,19.5914,7.71828,45.7157,-5.22219,46.058,-4.67904,46.0696,-5.7532,45.3398,-5.79298,45.3674,-4.72776,1
85,5100,39,-38.6173,2.01105,61.1036,161.279,60.5309,160.244,60.8129,162.551,61.6026,162.204,61.421,159.782,1
85,5100,50,-32.6212,10.7797,-24.283,-139.742,-24.1661,-140.494,-24.9891,-139.717,-24.3683,-139.049,-23.4768,-139.759,1
85,5100,54,36.9054,15.4147,43.8574,4.20285,44.6124,3.76323,43.3993,3.3611,42.9693,4.72946,44.2406,4.99816,1
85,5100,64,26.4951,-2.97542,-8.18829,-80.5051,-8.24342,-81.0483,-8.77584,-80.3692,-8.13356,-79.9189,-7.65013,-80.6303,1
85,5100,67,24.3564,-5.3815,51.8533,27.736,52.312,27.3245,51.5218,26.9478,51.3598,28.1539,52.1563,28.4672,1
85,5100,71,26.348,2.25132,-37.4512,151.789,-36.913,152.082,-37.2776,151.035,-38.0371,151.464,-37.6122,152.487,1
85,5100,74,-4.69376,-20.8385,-32.0173,-56.03,-32.2677,-56.6439,-32.5467,-55.8594,-31.7988,-55.4477,-31.5143,-56.2174,3
85,5100,77,15.8525,23.861,64.5379,18.1613,64.648,16.7627,64.0081,17.8,64.4253,19.7172,65.0651,18.6132,1
85,5100,83,13.5749,-13.0939,13.6316,2.92566,13.4976,2.45287,13.1152,3.05126,13.7526,3.40719,14.1115,2.79672,2
85,5100,94,27.3929,-1.05329,5.83742,-158.615,6.39496,-158.561,5.81184,-159.234,5.232,-158.678,5.85923,-158.048,1
85,5100,99,36.1603,17.7689,-8.53721,27.3342,-8.57327,26.5591,-9.20568,27.5162,-8.47346,28.249,-7.9196,27.1997,2
86,5160,7,4.40594,19.8306,47.0245,83.6869,46.7792,82.9377,46.5016,83.962,47.3002,84.4773,47.5742,83.4282,2
86,5160,8,20.1557,-24.9065,70.5554,127.509,70.7139,125.736,69.8452,126.5,70.3449,129.208,71.1872,128.385,1
86,5160,9,-32.4141,-13.7952,60.0984,-134.201,60.9128,-133.601,60.2329,-135.497,59.3929,-134.723,59.9647,-132.796,1
86,5160,11,-29.85,8.72307,1.90458,100.081,1.93365,99.4774,1.30732,100.15,1.89027,100.639,2.57408,100.01,1
86,5160,14,39.0375,11.3698,42.488,-142.4,43.1863,-142.791,42.0121,-143.179,41.6666,-141.938,42.8883,-141.682,1
86,5160,15,35.3564,9.57043,23.8695,-105.481,24.5464,-105.471,23.715,-106.205,23.0906,-105.484,23.99,-104.823,2
86,5160,21,5.80816,-24.2381,-6.77173,-41.2669,-6.32539,-41.0132,-6.39456,-41.6689,-7.18497,-41.5304,-7.10358,-40.8801,1
86,5160,25,-39.5946,-6.8229,-26.6509,128.789,-27.0209,127.955,-27.1291,129.296,-26.3336,129.5,-26.1146,128.204,1
86,5160,27,-36.9663,-16.2812,43.1114,142.162,42.6037,141.219,42.6862,142.755,43.5243,142.985,43.5546,141.47,1
86,5160,30,35.6549,-1.46084,78.718,-9.46439,79.114,-6.94825,79.1188,-12.5666,78.253,-12.1118,78.3373,-6.91161,1
86,5160,32,31.0571,-9.68411,7.63359,-8.43481,7.96129,-7.97673,8.12962,-8.91583,7.29029,-8.93974,7.19842,-8.00366,2
86,5160,37,-18.812,23.1703,-4.51007,172.677,-4.88009,172.315,-4.93758,173.064,-4.11949,173.017,-4.01588,172.261,1
86,5160,39,-37.4454,-6.49674,63.9533,159.924,63.3111,158.89,63.7142,161.264,64.5012,160.865,64.1941,158.377,1
86,5160,40,19.6605,14.0907,48.3302,-80.2756,48.5892,-81.0351,47.8403,-80.6237,48.0536,-79.4441,48.7983,-79.9067,1
86,5160,42,34.1299,-17.0589,24.1696,4.32355,24.7879,4.43079,24.2002,3.3691,23.5041,4.17393,24.1545,5.14087,3
86,5160,43,26.3584,16.7054,-5.45841,31.1754,-4.82368,31.2323,-5.45287,30.584,-6.17566,31.1286,-5.48699,31.7397,2
86,5160,50,-33.2465,-15.4122,-23.6393,-139.435,-23.6557,-140.383,-24.2748,-139.333,-23.6349,-138.617,-22.9547,-139.576,1
86,5160,52,-20.1656,14.4843,32.4006,-87.0541,32.442,-87.725,31.8055,-87.0821,32.3758,-86.4007,33.0529,-87.0051,1
86,5160,60,32.6736,-19.6564,-25.8731,117.451,-25.306,117.614,-25.7095,116.548,-26.47,117.237,-25.9911,118.23,1
86,5160,64,30.6707,16.2115,-3.79115,-77.0857,-3.91771,-77.7292,-4.36243,-76.8876,-3.62961,-76.3525,-3.24876,-77.2479,1
86,5160,67,-26.6094,24.0162,54.1819,40.422,54.7289,40.1471,53.9882,39.3327,53.6587,40.7402,54.3682,41.7029,1
86,5160,68,2.20277,-22.6078,33.3178,74.4289,33.8449,74.3805,33.3933,73.7864,32.8161,74.4478,33.2654,75.0339,1
86,5160,69,-35.3184,-3.00062,5.7064,102.267,6.41158,102.471,5.73376,101.637,5.08452,102.087,5.68322,102.973,8
86,5160,74,-27.1281,-17.0819,-27.5234,-56.6614,-27.816,-57.441,-28.0515,-56.3923,-27.2763,-55.9698,-26.9801,-56.9681,1
86,5160,77,29.0336,14.572,64.4833,25.4729,64.7415,24.0371,63.8786,25.079,64.1878,27.0817,65.0436,25.9095,1
86,5160,78,9.65835,-22.6127,58.8593,96.5403,59.4102,96.4477,58.926,95.3518,58.3234,96.5776,58.8105,97.6321,1
86,5160,83,23.5405,-20.1539,15.8263,5.03395,15.7033,4.50916,15.1702,5.15257,15.9249,5.57826,16.4054,4.90977,2
86,5160,84,-25.7695,-16.8821,48.3198,25.4192,48.2257,24.4308,47.8012,25.5276,48.3818,26.3037,48.8571,25.2693,1
86,5160,90,-37.5133,-0.369558,23.8825,48.2752,23.9997,47.4321,23.2081,48.3679,23.7802,49.0128,24.6509,48.162,1
86,5160,91,34.9246,20.9257,39.5142,90.8601,39.793,89.92,38.8586,90.6839,39.1956,91.9764,40.1124,91.0736,1
86,5160,99,-33.3297,21.8084,-0.781453,24.8912,-0.680755,24.2523,-1.53717,24.8714,-0.838457,25.4944,0.109511,24.9388,2
87,5220,11,-37.3507,4.43175,5.11597,101.318,5.18259,100.583,4.44569,101.447,5.06637,101.97,5.88676,101.171,5
87,5220,12,-30.6397,9.79008,31.4441,128.193,31.5474,127.487,30.8291,128.191,31.3594,128.846,32.1364,128.205,1
87,5220,16,-39.4406,1.48928,0.107571,-73.0207,0.881229,-72.8227,0.0618979,-73.7252,-0.566549,-73.1859,0.164113,-72.2059,1
87,5220,23,-23.6109,8.04728,-77.5772,25.8852,-77.0761,25.1282,-77.7843,23.6184,-78.0465,26.7044,-77.3365,28.2853,1
87,5220,29,34.4933,2.92124,56.6244,-63.1412,57.1652,-62.6147,56.7842,-64.3154,56.0116,-63.7173,56.4656,-62.1008,1
87,5220,37,-38.3905,10.2915,-1.84028,170.108,-2.25592,169.514,-2.28972,170.675,-1.45547,170.625,-1.30688,169.45,1
87,5220,49,-36.2561,-0.730054,35.17,-123.43,35.2678,-124.373,34.4974,-123.325,35.0812,-122.602,35.9309,-123.559,1
87,5220,52,-20.6076,17.4441,35.2373,-83.7947,35.2967,-84.4914,34.6251,-83.8634,35.1988,-83.1112,35.9139,-83.6947,1
87,5220,54,-19.3181,-0.510817,46.6964,14.4617,47.2606,14.2576,46.5287,13.7037,46.1639,14.6517,46.8703,15.2675,1
87,5220,55,32.3641,5.66246,19.328,44.9576,20.0001,45.0344,19.2561,44.2137,18.5705,44.8756,19.3798,45.6346,9
87,5220,64,30.4996,10.4779,-1.16123,-75.5359,-1.25341,-76.1476,-1.74059,-75.346,-1.04774,-74.8479,-0.620302,-75.697,1
87,5220,67,-6.57852,23.1506,51.0586,44.0429,51.5253,43.7454,50.9288,43.2386,50.5812,44.383,51.1699,44.925,1
87,5220,70,-36.9872,-14.8152,-6.9405,144.725,-6.07989,145.104,-6.79157,144.061,-7.66453,144.389,-7.07367,145.467,1
87,5220,74,-37.2481,-13.8531,-23.4161,-56.4133,-23.7212,-57.3776,-23.9982,-56.0302,-23.164,-55.5939,-22.7831,-56.8632,1
87,5220,77,8.12832,19.7542,67.7328,33.2634,67.9812,31.9737,67.2875,32.5328,67.473,34.6435,68.1735,34.0924,2
87,5220,83,-39.5044,-1.03694,23.5985,2.09769,23.487,1.23361,22.9815,2.41928,23.6948,2.84593,24.3049,1.71652,1
87,5220,92,28.9544,-4.27147,42.4824,140.183,42.9964,139.855,42.1237,139.451,41.9197,140.523,42.8048,140.851,1
87,5220,99,-37.5887,-1.20277,0.520124,25.1092,0.597675,24.3268,-0.146891,25.2306,0.455359,25.793,1.27877,24.9638,5
88,5280,11,-35.1964,-2.42497,7.26154,103.285,7.27831,102.554,6.64986,103.418,7.24657,103.931,7.94598,103.129,2
88,5280,23,-14.6392,18.3024,-79.2697,47.8609,-78.9162,46.1103,-79.6051,45.744,-79.5987,49.8046,-78.9019,50.0789,1
88,5280,31,-27.8177,7.90726,34.0095,-1.55495,34.3266,-0.975964,34.433,-2.01472,33.7026,-2.08306,33.5339,-1.05668,1
88,5280,49,-40.347,-4.24241,37.9524,-121.245,38.0889,-122.385,37.2246,-121.093,37.8277,-120.275,38.7892,-121.441,1
88,5280,52,-33.6059,-6.99231,37.1986,-84.2221,37.2733,-85.2168,36.5483,-84.1436,37.1214,-83.3493,37.9156,-84.3293,1
88,5280,64,15.2933,-12.7253,1.06252,-76.1026,0.981605,-76.5871,0.516312,-76.0319,1.13065,-75.6083,1.56921,-76.1791,1
88,5280,74,-12.1491,23.0382,-17.5982,-50.6286,-17.8129,-51.1501,-18.1539,-50.4474,-17.351,-50.108,-16.9807,-50.8015,1
88,5280,77,15.4355,-15.8716,67.1655,34.4708,67.4478,33.3055,66.6757,33.5516,66.8568,35.5899,67.6209,35.3203,2
88,5280,83,-36.8376,-0.550778,26.7832,4.26487,26.6766,3.45072,26.1932,4.54911,26.8763,4.98154,27.4499,3.93324,3
88,5280,85,-21.7404,-11.9383,62.6991,104.608,63.214,103.995,62.4524,103.664,62.2218,105.13,62.9616,105.59,1
88,5280,87,32.9952,21.425,3.18272,168.401,3.87875,168.572,3.25236,167.786,2.35969,168.223,3.08275,168.972,1
88,5280,99,-37.5402,-15.5878,2.11035,26.3165,2.07476,25.3997,1.47761,26.4649,2.1263,27.0916,2.80461,26.1208,5
89,5340,6,-37.1236,15.2264,24.847,67.7474,24.6145,66.9058,24.1154,68.2347,25.0826,68.4972,25.7205,67.1786,1
89,5340,11,-35.3655,15.1569,11.5814,106.714,11.6669,106.038,10.8696,106.778,11.5272,107.334,12.4133,106.656,7
89,5340,23,10.4217,17.9777,-80.5283,71.0717,-80.3612,68.2719,-80.9681,69.9617,-80.6661,74.2082,-80.0862,72.1964,1
89,5340,31,28.1777,-7.44758,31.946,-7.92856,32.2768,-7.42727,32.3938,-8.45668,31.5969,-8.47193,31.5441,-7.45206,1
89,5340,49,-35.8779,-12.4474,39.4098,-118.206,39.4724,-119.318,38.766,-118.112,39.3371,-117.254,40.1187,-118.345,1
89,5340,54,-30.2506,17.2826,42.5294,26.0119,43.1834,26.0313,42.4502,25.0442,41.9148,26.0323,42.5913,27.1289,1
89,5340,64,35.1109,2.04901,4.032,-71.6904,3.99242,-72.3313,3.36053,-71.4786,4.07474,-70.9656,4.63222,-71.8736,1
89,5340,82,-26.5654,22.7952,-0.172227,-9.44031,-0.280905,-9.98563,-0.799309,-9.30275,-0.0351562,-8.9178,0.552715,-9.57511,1
89,5340,83,-26.2136,-2.93515,29.2647,7.26712,29.1448,6.60878,28.7641,7.45723,29.3708,7.8728,29.8019,7.05449,4
90,5400,6,12.6394,24.0759,27.4767,74.6258,27.1323,74.0348,26.9569,74.9118,27.8777,75.2658,28.0239,74.3623,1
90,5400,14,-31.6805,22.7504,41.1268,-119.653,41.7405,-119.655,41.0549,-120.608,40.5464,-119.603,41.1764,-118.529,1
90,5400,23,-38.8992,-8.40754,-75.707,68.5372,-75.2974,65.6701,-76.3332,67.9298,-76.0336,71.1065,-74.9928,69.0967,1
90,5400,27,-17.5193,21.6343,61.0196,151.534,60.7967,150.616,60.5155,151.967,61.259,152.444,61.585,151.079,1
90,5400,31,-25.4579,3.80322,26.8596,-3.01826,27.1901,-2.50979,27.2501,-3.43192,26.5451,-3.48598,26.4315,-2.57293,2
90,5400,34,-30.6474,15.102,-82.1139,-6.4833,-81.7484,-3.14272,-81.6496,-9.55305,-82.4474,-9.79078,-82.6237,-2.60417,1
90,5400,49,-22.9202,17.4679,42.5464,-110.11,42.6721,-110.855,41.9487,-110.267,42.4427,-109.382,43.2097,-109.907,1
90,5400,62,-39.6508,4.49121,-42.225,-127.542,-41.9067,-128.517,-42.9486,-127.629,-42.4855,-126.677,-41.3816,-127.443,1
90,5400,83,-14.7559,-21.4822,30.5582,9.3648,30.3535,8.72139,30.0643,9.47699,30.7236,9.95931,31.0416,9.22509,1
91,5460,0,24.237,-5.1483,5.46541,-119.208,5.96126,-118.882,5.77755,-119.801,4.94164,-119.562,5.18155,-118.662,1
91,5460,3,31.3284,24.4447,-70.956,27.8747,-71.0975,25.3203,-71.6281,28.4423,-70.7139,30.8272,-70.3033,27.5058,1
91,5460,6,2.45873,18.1243,30.6472,74.3633,30.3702,73.8034,30.1489,74.6351,30.9537,74.9444,31.1727,74.1003,1
91,5460,7,32.314,-5.26167,59.4814,100.537,59.4771,99.2239,58.7054,100.815,59.4587,101.983,60.1694,100.273,1
91,5460,8,38.3609,0.254956,66.9835,-172.482,67.759,-172.667,66.6284,-174.563,66.0898,-172.301,67.2634,-170.619,1
91,5460,9,-35.5126,-1.51561,41.4404,-123.554,42.1207,-122.912,41.6907,-124.458,40.8368,-124.105,41.157,-122.538,1
91,5460,11,-32.79,21.838,17.615,112.072,17.6909,111.419,16.8839,112.069,17.5776,112.688,18.4745,112.1,1
91,5460,14,-15.2059,-13.3563,39.5991,-120.934,40.136,-121.099,39.5059,-121.558,39.0976,-120.796,39.7048,-120.302,1
91,5460,23,-20.0704,-2.75997,-75.2308,87.9539,-75.1676,85.9122,-75.7163,87.8761,-75.275,89.8819,-74.7187,88.0155,1
91,5460,27,-26.7627,22.9179,65.1867,152.125,64.9849,150.912,64.5972,152.683,65.403,153.291,65.8704,151.505,1
91,5460,28,40.5873,-3.73893,73.4637,-97.8924,74.1474,-97.8723,73.1877,-100.639,72.6755,-97.9533,73.6699,-95.4755,1
91,5460,31,-30.9986,17.1598,21.6708,-3.00699,21.9838,-2.4595,22.1749,-3.45538,21.3547,-3.50309,21.0793,-2.51016,2
91,5460,34,-4.49347,23.6913,-85.7365,-41.4388,-85.5908,-35.1624,-85.2286,-42.0446,-85.8558,-48.3625,-86.2847,-40.9669,2
91,5460,42,-33.2395,-22.1856,14.9044,21.2604,15.8281,21.2807,14.8952,20.6157,14.1242,21.2211,14.9545,21.9459,1
91,5460,43,22.5541,-22.2079,-16.902,39.7215,-16.3478,39.787,-16.7429,38.9848,-17.4599,39.6219,-17.0197,40.3779,1
91,5460,48,-34.9846,4.14717,19.887,-139.681,19.9236,-140.453,19.2216,-139.544,19.8609,-138.991,20.6431,-139.837,2
91,5460,49,-27.1521,22.3073,45.4571,-105.752,45.6388,-106.566,44.7934,-106.02,45.3087,-104.955,46.2131,-105.4,2
91,5460,51,-30.9945,17.1395,20.9007,-102.068,20.9502,-102.776,20.1744,-102.021,20.8804,-101.404,21.7387,-102.103,1
91,5460,52,-31.306,11.6342,45.2724,-70.9026,45.4953,-71.8089,44.5889,-71.0637,45.0786,-70.0631,46.0471,-70.6983,6
91,5460,54,-28.8329,6.89501,38.375,31.7771,39.0266,31.8181,38.302,30.9682,37.7718,31.7544,38.4439,32.6794,1
91,5460,67,-34.2145,22.6905,44.6056,64.6645,45.2464,64.7942,44.6052,63.5866,44.0024,64.6007,44.5676,65.9441,1
91,5460,68,0.381732,21.8463,15.7845,89.3842,16.2846,89.4287,15.8872,88.8745,15.254,89.3603,15.653,89.9163,1
91,5460,73,-26.6816,18.2941,-39.5329,-65.3626,-39.6176,-66.1383,-40.1828,-65.1762,-39.42,-64.6275,-38.7909,-65.5452,1
91,5460,74,20.9981,-17.2527,-11.8733,-45.6402,-12.0831,-46.1591,-12.5035,-45.4081,-11.6792,-45.101,-11.3103,-45.864,8
91,5460,76,-33.2312,19.9199,59.2383,-12.0489,59.2634,-13.3746,58.4688,-11.8985,59.2382,-10.8129,60.1438,-12.189,1
91,5460,77,39.2755,-2.80753,63.8221,63.7522,64.5166,63.1827,63.2809,62.1812,63.0179,64.3491,64.2723,65.1559,1
91,5460,78,29.6908,11.9848,39.9151,113.825,40.5518,114.052,39.9842,112.996,39.1927,113.588,39.8271,114.592,2
91,5460,82,-20.5791,12.0416,5.24867,-6.41819,5.12849,-6.91889,4.74303,-6.26663,5.37787,-5.93786,5.80307,-6.57325,1
91,5460,84,-35.4922,-6.17907,62.0034,50.1833,62.2586,48.6938,61.3996,50.0078,61.7639,51.464,62.6783,50.3601,2
91,5460,87,-17.9194,-8.04943,-2.17909,175.658,-1.66512,175.812,-2.04973,175.192,-2.65698,175.509,-2.30387,176.144,1
91,5460,89,40.7362,-2.17009,-62.8423,-129.845,-62.1435,-130.006,-63.1892,-131.534,-63.6523,-129.67,-62.5319,-128.427,1
91,5460,90,-35.349,11.7705,36.8219,65.0534,37.0529,64.2418,36.1213,64.9553,36.627,65.7927,37.6313,65.1831,2
91,5460,91,-37.2306,-16.3915,50.3453,107.186,50.8774,106.006,49.7627,106.754,49.8752,108.149,51.0016,107.63,2
91,5460,98,30.6487,7.84167,-18.5322,15.0184,-18.5081,14.3661,-19.154,15.1116,-18.55,15.7504,-17.9584,14.9461,1
91,5460,99,23.8181,-8.63896,7.0123,38.3522,7.03339,37.8202,6.40133,38.367,6.97753,38.913,7.57039,38.3315,2
92,5520,14,-29.9005,10.1473,37.2119,-113.987,37.8131,-113.965,37.1291,-114.743,36.6539,-113.988,37.29,-113.134,1
92,5520,16,39.0265,12.9246,-20.3383,-66.7812,-19.576,-66.6969,-20.4761,-67.56,-21.2423,-66.869,-20.2369,-66.0858,1
92,5520,25,-21.9288,8.97534,-3.15968,134.153,-3.42627,133.711,-3.58016,134.455,-2.89602,134.569,-2.69797,133.83,1
92,5520,27,-19.4596,-13.0964,65.3915,153.867,65.1237,152.684,64.9587,154.39,65.6193,154.987,65.8275,153.278,1
92,5520,28,37.299,8.76371,70.4174,-84.7539,71.0926,-84.4938,70.3032,-86.7905,69.6335,-85.015,70.4843,-82.9144,2
92,5520,31,-17.3546,-15.3167,21.0245,-4.79802,21.4275,-4.3661,21.3889,-5.15205,20.6627,-5.20255,20.6655,-4.4265,2
92,5520,34,-20.2479,-20.5672,-86.1872,-23.1213,-85.7886,-16.0501,-85.7342,-26.5054,-86.4689,-30.8513,-86.6133,-18.4393,1
92,5520,41,-35.3805,16.0151,36.0066,0.587802,36.694,0.759062,35.9901,-0.350293,35.3739,0.468562,35.9995,1.68757,1
92,5520,48,-38.3996,-9.19134,21.9527,-138.809,21.9282,-139.775,21.2909,-138.602,21.9629,-137.984,22.6937,-139.068,1
92,5520,49,29.9665,1.97586,41.6375,-100.114,41.8401,-100.881,40.992,-100.261,41.4073,-99.2716,42.2252,-99.9704,2
92,5520,51,-40.3009,3.51821,23.5183,-101.854,23.6186,-102.821,22.7337,-101.66,23.4387,-101.017,24.4371,-102.085,1
92,5520,64,-32.1137,19.6833,18.5081,-69.9034,18.5173,-70.557,17.8107,-69.8195,18.5287,-69.2907,19.3222,-69.9798,1
92,5520,70,15.6664,-18.2188,-26.3482,145.731,-25.8481,145.951,-26.0584,145.112,-26.8404,145.485,-26.5956,146.308,1
92,5520,73,-30.7404,1.20619,-37.5791,-64.8772,-37.6921,-65.7274,-38.1659,-64.6008,-37.467,-64.109,-36.9291,-65.1803,1
92,5520,76,-37.8659,-12.3985,59.6666,-13.2651,59.5392,-15.0971,59.0177,-12.803,59.7444,-11.6976,60.3813,-13.8563,1
92,5520,79,37.2082,-7.205,5.41713,130.245,5.99264,130.626,5.69622,129.424,4.77845,129.803,5.17922,130.955,1
92,5520,82,32.998,-1.86639,5.25485,-1.1955,5.14648,-1.77734,4.63394,-0.94023,5.36894,-0.548148,5.81026,-1.42332,1
92,5520,83,35.5551,15.5782,37.0147,21.1367,36.9395,20.2558,36.3893,21.3925,37.11,22.1664,37.5923,20.9305,1
92,5520,98,37.0936,0.76776,-16.9081,17.6465,-16.8333,16.9432,-17.6613,17.7787,-16.9944,18.4487,-16.2448,17.5366,1
93,5580,4,-34.4763,-3.784,-32.14,49.7795,-32.4059,48.8575,-32.7314,50.22,-31.9006,50.5877,-31.4831,49.2829,1
93,5580,5,-39.4316,-7.94155,1.83259,60.0891,1.41735,59.1811,1.25342,60.5984,2.18054,60.8615,2.47882,59.4902,1
93,5580,20,24.5307,24.4265,-2.15337,-45.4784,-1.60982,-45.1708,-1.87658,-45.9387,-2.78817,-45.8091,-2.45406,-45.0428,1
93,5580,34,-21.7083,5.65788,-87.3357,-167.812,-87.7838,-174.379,-87.499,-156.911,-86.8845,-163.498,-87.0626,-177.78,1
93,5580,41,-36.3377,7.07486,34.1498,2.8246,34.8779,2.99545,34.0941,1.96502,33.4971,2.69128,34.2016,3.81608,1
93,5580,47,-26.2482,18.2092,-1.98626,-156.393,-1.99003,-156.981,-2.63086,-156.346,-1.9562,-155.829,-1.25519,-156.426,1
93,5580,49,-24.2821,-11.7371,47.3146,-100.99,47.4669,-101.926,46.7788,-101.146,47.1602,-100.15,47.8801,-100.846,2
93,5580,51,-34.662,-16.3813,24.0425,-100.384,23.9502,-101.381,23.4016,-100.218,24.1007,-99.5294,24.733,-100.602,1
93,5580,55,22.569,19.5241,1.83259,60.0891,2.47726,60.121,1.85367,59.5034,1.10799,60.0745,1.78402,60.6598,1
93,5580,66,-14.7246,24.9944,55.7648,22.0564,56.1835,21.5104,55.4853,21.1728,55.3521,22.6459,56.0455,23.0759,1
93,5580,73,-29.052,16.3821,-32.9522,-61.8049,-33.0558,-62.5428,-33.6044,-61.5745,-32.8255,-61.1164,-32.2036,-62.0434,1
93,5580,82,-33.4504,4.81917,12.0886,-4.86498,11.9819,-5.52144,11.5171,-4.63057,12.1923,-4.27286,12.7336,-5.12808,1
93,5580,85,-28.4953,6.10168,51.8496,136.537,52.4284,136.657,51.8307,135.62,51.3126,136.443,51.8578,137.553,1
93,5580,98,37.8946,8.97111,-13.5997,20.8311,-13.5647,20.079,-14.3241,21.0136,-13.6304,21.7082,-12.9521,20.6874,1
94,5640,20,13.3112,17.7671,-4.93473,-44.2124,-4.50849,-43.9418,-4.66214,-44.609,-5.40463,-44.4916,-5.22341,-43.8249,2
94,5640,24,-13.8121,24.7337,-29.8122,129.21,-30.0902,128.734,-30.2969,129.496,-29.5024,129.676,-29.2635,128.921,1
94,5640,34,-37.5517,0.549852,-84.0793,163.222,-84.3919,156.463,-84.5335,168.044,-83.7401,168.512,-83.5202,158.548,2
94,5640,41,20.3239,16.123,27.0039,1.68297,27.584,1.65545,26.9663,1.07099,26.3652,1.73104,27.0176,2.28179,4
94,5640,66,-35.2315,13.0233,57.2928,27.6835,57.926,27.2661,56.9158,26.6003,56.7235,28.0878,57.7072,28.9795,1
94,5640,69,-26.4338,12.6985,-20.5704,118.508,-20.0187,118.637,-20.5045,117.884,-21.0958,118.401,-20.6532,119.201,1
94,5640,73,14.9027,23.0799,-30.8949,-55.4033,-31.164,-56.0267,-31.404,-55.1678,-30.5715,-54.7306,-30.3673,-55.6078,2
94,5640,79,-12.0501,16.6114,-2.00963,137.992,-1.53252,138.213,-1.76269,137.504,-2.49669,137.788,-2.2902,138.51,1
94,5640,82,29.9032,19.1007,13.8949,2.70085,13.6897,2.06385,13.3632,2.94616,14.1475,3.4284,14.4089,2.49408,3
94,5640,83,25.1347,2.28416,42.5026,24.6084,42.4946,23.8906,41.9474,24.7055,42.5067,25.3866,43.0198,24.5219,1
94,5640,98,26.4102,20.7011,-9.08866,22.9092,-9.15375,22.2559,-9.65715,22.9927,-8.9913,23.6518,-8.53617,22.8588,1
95,5700,4,-31.5722,10.1634,-23.7449,53.1062,-23.9624,52.3688,-24.3719,53.4842,-23.5247,53.7752,-23.0272,52.6909,1
95,5700,10,-30.8056,-1.27906,-0.198848,95.8925,-0.195388,95.2452,-0.768755,95.9916,-0.200715,96.4774,0.427898,95.779,1
95,5700,15,-25.5454,20.6221,1.9186,-78.8081,2.46563,-78.7073,2.01162,-79.4266,1.38406,-78.8777,1.79172,-78.1088,1
95,5700,20,-22.4457,-0.885024,-6.61729,-41.1309,-6.19142,-40.801,-6.34853,-41.5546,-7.01521,-41.4392,-6.90157,-40.6772,2
95,5700,24,37.1718,9.32152,-28.1101,134.759,-28.4717,134.103,-28.5739,135.339,-27.6805,135.51,-27.6817,134.257,1
95,5700,26,-22.9561,19.0134,44.4838,142.489,44.2303,141.854,43.9902,142.887,44.748,143.098,45.044,142.058,1
95,5700,38,-22.8328,-10.5485,62.2524,162.25,61.7634,161.547,61.9813,163.162,62.6909,162.927,62.5182,161.262,1
95,5700,39,40.5619,1.32065,80.1795,-16.2819,80.66,-13.0926,80.5239,-20.7018,79.5893,-19.6336,79.833,-12.7437,1
95,5700,51,-38.0667,12.0968,32.4123,-93.0572,32.5736,-93.9811,31.6006,-92.9852,32.2874,-92.2312,33.3701,-93.1296,1
95,5700,66,37.7685,-11.718,50.0317,26.3603,50.6344,26.0019,49.5483,25.2575,49.3482,26.7163,50.4436,27.311,1
95,5700,73,9.85852,-20.4064,-31.0792,-56.3551,-31.3003,-56.9333,-31.6604,-56.1747,-30.8821,-55.7818,-30.5472,-56.542,2
95,5700,82,28.3008,-9.18453,14.8968,2.80587,14.8018,2.2598,14.2802,2.9919,14.9839,3.39437,15.4483,2.63078,3
95,5700,98,34.1838,-14.36,-9.57926,23.4637,-9.50814,22.8505,-10.3945,23.4884,-9.68131,24.1298,-8.8759,23.4299,1
96,5760,1,32.7284,22.607,-50.4552,-103.239,-49.6665,-102.765,-50.2694,-104.319,-51.3975,-103.781,-50.6634,-102.234,1
96,5760,6,-15.6079,14.431,48.5187,79.006,48.3096,78.2123,47.9705,79.329,48.7368,79.7859,49.1164,78.6702,2
96,5760,7,38.235,-2.13096,69.7335,137.861,70.2061,136.099,68.8904,136.917,69.1636,139.763,70.458,138.749,1
96,5760,8,-31.2353,10.212,56.3026,-133.877,56.905,-133.217,56.5443,-135.086,55.7361,-134.438,56.0051,-132.531,1
96,5760,10,-26.4534,5.44031,2.85278,98.8742,2.85882,98.2989,2.2996,98.9415,2.85476,99.4105,3.45995,98.8043,1
96,5760,11,-30.7116,-3.11176,29.2737,123.296,29.3266,122.548,28.7021,123.352,29.2218,123.969,29.8999,123.225,1
96,5760,14,-23.2084,-16.7536,28.3035,-104.338,28.9455,-104.398,28.271,-104.928,27.7262,-104.301,28.3563,-103.73,2
96,5760,15,-16.3479,10.5749,-0.729279,-77.9897,-0.231641,-77.9281,-0.682465,-78.4968,-1.21637,-78.0384,-0.788877,-77.4469,1
96,5760,24,-19.1695,-1.46506,-24.5354,129.383,-24.8096,128.902,-24.9274,129.694,-24.2756,129.834,-24.1231,129.055,1
96,5760,31,25.7182,-18.8437,6.49025,-10.4136,6.82344,-10.0009,7.03011,-10.8363,6.16469,-10.8573,6.02283,-10.0273,2
96,5760,34,-35.4159,-10.9037,-77.7315,168.373,-78.2237,165.47,-78.0965,170.669,-77.2883,170.73,-77.3225,165.932,1
96,5760,36,-26.2431,-8.06389,-5.44694,169.496,-5.89321,169.075,-5.76912,169.912,-5.04592,169.883,-5.11215,169.047,1
96,5760,38,29.721,-14.7812,65.9868,171.979,65.6333,170.956,65.4746,173.161,66.3386,173.134,66.4211,170.875,1
96,5760,41,27.899,5.11359,21.7714,5.51125,22.3663,5.56455,21.7289,4.84575,21.115,5.45674,21.8001,6.12807,3
96,5760,42,28.7434,24.7713,-7.75598,30.098,-7.01909,30.113,-7.75778,29.4765,-8.61791,30.1092,-7.79446,30.6986,2
96,5760,43,29.6809,15.281,-34.2849,54.6864,-33.6187,54.6703,-34.377,53.9412,-35.0428,54.7242,-34.2174,55.388,1
96,5760,49,39.1195,11.0526,46.4491,-79.5289,46.9055,-80.4754,45.6977,-79.8783,45.9081,-78.4226,47.1053,-79.1805,1
96,5760,51,-16.9971,24.0409,33.9176,-87.1306,33.9417,-87.8148,33.2908,-87.235,33.9223,-86.4373,34.6148,-86.9797,1
96,5760,54,-20.2227,5.24093,24.5914,45.1678,25.1629,45.2381,24.6098,44.5494,24.0465,45.1095,24.5646,45.8314,6
96,5760,63,27.5444,-10.3431,-4.17984,-80.3059,-4.227,-80.847,-4.82284,-80.1897,-4.14416,-79.7275,-3.60394,-80.4184,1
96,5760,66,-26.5758,16.9741,53.7159,39.6521,54.263,39.4166,53.516,38.6764,53.1989,39.9086,53.9156,40.7726,1
96,5760,67,20.3687,3.92538,29.1427,73.9289,29.6557,73.9709,29.1382,73.3213,28.5935,73.8874,29.1392,74.5059,1
96,5760,68,-38.6362,-13.128,5.36951,100.58,6.25084,100.769,5.35352,99.9215,4.62621,100.41,5.41398,101.318,3
96,5760,69,-21.7639,20.3151,-27.2046,123.451,-26.6753,123.528,-27.1243,122.794,-27.7275,123.403,-27.3112,124.184,1
96,5760,73,-33.607,-7.98627,-24.9148,-58.7869,-25.1439,-59.6165,-25.478,-58.4553,-24.7152,-58.0588,-24.3005,-59.1645,1
96,5760,76,22.3205,-7.19493,64.9601,20.9578,65.1883,19.7801,64.3841,20.4282,64.7006,22.1655,65.4911,21.453,1
96,5760,77,30.0628,21.3685,52.9714,98.7776,53.7076,98.7727,52.9101,97.723,52.1158,98.8225,52.9854,99.786,1
96,5760,79,-22.5068,-2.01897,-7.02908,140.537,-6.48941,140.8,-6.83299,140.018,-7.53106,140.291,-7.23347,141.092,2
96,5760,82,-35.9075,-17.8712,20.2026,-1.54557,19.9222,-2.41595,19.6615,-1.2584,20.422,-0.79963,20.778,-1.89285,1
96,5760,83,21.1904,6.63785,48.4692,31.6759,48.4954,30.9007,47.9483,31.6944,48.4404,32.512,48.9655,31.6702,1
96,5760,84,39.3103,-9.89359,58.2546,88.8826,58.8387,88.3063,57.6654,87.6872,57.5808,89.4769,58.7516,89.9214,1
96,5760,86,27.132,12.7836,9.35896,163.847,9.91724,164.013,9.45382,163.288,8.7315,163.673,9.2521,164.371,1
96,5760,90,-31.2265,-0.329712,45.2636,84.3755,45.5581,83.5294,44.6894,84.1436,44.9944,85.1339,45.8988,84.6326,1
96,5760,91,-20.3232,-3.4941,47.2967,136.962,47.7812,136.551,47.0134,136.334,46.8413,137.338,47.5959,137.628,7
96,5760,98,-33.6438,22.3546,0.632969,23.6434,0.735636,23.0005,-0.134258,23.6214,0.575535,24.2506,1.54062,23.6947,1
96,5760,99,-30.6221,-23.1446,22.8435,45.9608,22.7588,45.0433,22.2582,46.0074,22.8896,46.7471,23.4527,45.8685,3
97,5820,10,-30.1334,4.76844,5.9671,100.743,5.98727,100.123,5.38407,100.826,5.95595,101.311,6.6154,100.653,7
97,5820,16,26.0013,-20.417,-30.3644,-54.8033,-29.8238,-54.7884,-30.3149,-55.6295,-30.9222,-54.853,-30.3851,-54.0755,1
97,5820,18,-36.9443,-3.46717,-41.3179,40.0805,-40.9495,39.1846,-41.9471,39.8785,-41.6339,40.8712,-40.6043,40.2916,1
97,5820,28,24.3025,19.3782,53.7142,-61.6162,54.2539,-61.2369,53.8965,-62.4569,53.0981,-62.0025,53.5088,-60.8231,1
97,5820,38,-40.7581,-2.58142,69.7082,151.477,68.9997,150.156,69.5149,153.42,70.3075,152.674,69.8946,149.179,1
97,5820,51,18.5332,-7.47895,31.8532,-84.1855,31.9041,-84.8186,31.2549,-84.2333,31.7869,-83.5297,32.411,-84.148,1
97,5820,63,33.6286,13.9247,0.502166,-76.408,0.393124,-77.0791,-0.10234,-76.1828,0.641387,-75.6364,1.06464,-76.594,1
97,5820,66,36.8174,-10.2982,47.7572,37.1251,48.3752,36.9194,47.4019,36.0266,47.0632,37.3194,48.0616,38.078,1
97,5820,73,-18.9486,1.13296,-21.2816,-55.2661,-21.4693,-55.8357,-21.7738,-55.0369,-21.0995,-54.7282,-20.7598,-55.5074,1
97,5820,76,28.0119,2.27159,65.7891,31.8825,66.1384,30.6803,65.217,31.1779,65.3953,33.1643,66.3098,32.57,1
97,5820,82,-32.2065,13.9651,26.1801,2.36894,26.1147,1.69065,25.5589,2.56524,26.2585,2.99445,26.8947,2.15621,1
97,5820,98,-29.4767,8.21645,1.8299,25.2423,1.8831,24.6314,1.22391,25.2877,1.79277,25.8087,2.50729,25.1987,12
98,5880,10,-22.9193,-21.7562,6.4314,101.884,6.29819,101.206,5.90262,101.937,6.52916,102.488,6.96573,101.801,2
98,5880,20,25.672,-19.4408,-16.8425,-44.3891,-16.4378,-44.0491,-16.4011,-44.9236,-17.2441,-44.764,-17.2184,-43.9036,1
98,5880,22,29.6235,17.2931,-82.7803,62.7695,-82.4874,58.4586,-83.3173,61.152,-83.0451,68.149,-82.277,64.2599,1
98,5880,26,-34.3187,-5.3159,53.6885,142.728,53.3452,141.699,53.2423,143.371,53.9817,143.653,54.1725,141.985,1
98,5880,30,-31.978,23.0271,30.3588,-3.84776,30.6638,-3.23728,30.9424,-4.33594,30.0357,-4.39951,29.6559,-3.30475,1
98,5880,48,24.1085,2.11215,34.5963,-116.124,34.6762,-116.795,34.0076,-116.151,34.5063,-115.401,35.1457,-116.094,1
98,5880,51,-19.5066,0.511644,37.512,-83.1431,37.5752,-83.87,36.9632,-83.173,37.4503,-82.457,38.0941,-83.1121,1
98,5880,63,37.5161,2.17669,2.31558,-74.7612,2.28337,-75.4383,1.60443,-74.5177,2.3501,-73.9855,2.94369,-74.9689,1
98,5880,82,-10.9056,22.9581,28.9431,6.66476,28.8159,6.11891,28.4215,6.75129,29.096,7.21933,29.516,6.59489,2
98,5880,98,-30.1833,-21.1363,2.461,25.4347,2.35598,24.6288,1.88702,25.5106,2.53148,26.1314,3.05932,25.3201,2
99,5940,5,28.2659,-1.49877,22.1617,72.4589,21.9168,71.8315,21.5621,72.8504,22.4213,73.148,22.7076,72.1003,1
99,5940,9,-28.7754,18.4364,10.2887,-116.856,10.81,-116.441,10.6831,-117.488,9.77496,-117.224,9.81687,-116.145,1
99,5940,10,-36.1838,5.69452,12.3194,104.726,12.3853,104.005,11.659,104.839,12.2703,105.37,13.0764,104.599,5
99,5940,13,15.7253,24.7445,38.615,-127.194,39.1565,-127.44,38.496,-127.839,38.019,-126.892,38.7027,-126.526,1
99,5940,22,25.5257,0.0496444,-81.4997,75.5335,-81.3248,72.2559,-82.0495,74.746,-81.6583,79.2121,-80.9899,76.1883,1
99,5940,30,-19.7169,10.8616,28.116,-5.80126,28.425,-5.34033,28.5112,-6.18524,27.8062,-6.23533,27.6801,-5.39644,1
99,5940,63,20.0636,7.8827,6.93451,-74.1669,6.85189,-74.6861,6.4245,-74.0487,7.02965,-73.6078,7.42539,-74.2712,1
99,5940,82,-19.6799,-11.9962,29.9629,6.09326,29.8074,5.4636,29.4891,6.24686,30.0936,6.67707,30.4477,5.91748,1
99,5940,98,-25.9609,5.81464,6.91271,30.0078,6.94376,29.4233,6.34829,30.0489,6.89146,30.5542,7.53159,29.967,3
100,6000,5,-35.6582,11.8651,29.2175,66.586,28.9728,65.7434,28.5434,67.0681,29.4563,67.3411,30.0062,66.0286,1
100,6000,10,-27.1067,-13.0407,13.082,106.621,13.0196,105.942,12.5509,106.705,13.1252,107.228,13.6412,106.512,6
100,6000,13,-32.5175,19.8652,40.2728,-120.389,40.8956,-120.365,40.1943,-121.31,39.6898,-120.369,40.3342,-119.309,1
100,6000,21,34.8554,-8.32773,-60.8143,-34.917,-60.3591,-34.1558,-60.4623,-36.2267,-61.3032,-35.8089,-61.1064,-33.7427,1
100,6000,22,6.54682,19.7262,-76.7347,92.3882,-76.7732,90.2619,-77.2091,92.4091,-76.6559,94.6309,-76.2463,92.4516,1
100,6000,26,-31.9836,-1.59152,61.3872,146.134,61.1074,144.929,60.9249,146.827,61.6304,147.235,61.8912,145.336,2
100,6000,30,38.5867,-10.2468,26.6337,-12.3275,26.9822,-11.7165,27.2105,-13.0303,26.2561,-13.0242,26.1445,-11.728,1
100,6000,33,-12.9842,24.6654,-84.5374,-27.337,-84.2833,-22.8564,-84.0202,-29.2,-84.7869,-32.2309,-85.1107,-25.0917,2
100,6000,48,26.7252,8.53941,39.2282,-108.187,39.357,-108.942,38.631,-108.257,39.0874,-107.353,39.7861,-108.104,1
100,6000,53,-17.1954,21.2786,37.9575,27.6685,38.518,27.6269,37.9524,26.8903,37.398,27.7449,37.934,28.531,1
100,6000,63,35.1323,13.4501,9.60162,-70.3789,9.51142,-71.0829,8.97305,-70.1465,9.71757,-69.5632,10.1809,-70.5697,3
100,6000,70,39.0059,11.5344,-57.2287,161.115,-56.4453,161.509,-57.2448,159.633,-58.1567,160.647,-57.2239,162.428,1
100,6000,82,-30.6961,-21.7208,32.8225,6.30454,32.5577,5.41151,32.2916,6.52273,33.0262,7.0833,33.3684,6.0328,1
100,6000,98,29.6089,-11.73,4.89067,34.9489,4.93561,34.382,4.18561,34.9664,4.82358,35.5555,5.516,34.9234,3
101,6060,2,12.3552,21.0403,-69.1299,21.5623,-69.1905,19.8689,-69.6975,21.6155,-69.0213,23.3903,-68.552,21.5853,1
101,6060,5,-34.2799,15.2877,33.1367,67.8443,32.9055,67.0027,32.4424,68.3111,33.3711,68.6077,33.9525,67.3084,1
101,6060,6,-30.879,-24.9832,62.238,85.144,61.796,83.2377,61.6256,85.6809,62.5655,86.8168,62.8534,84.4597,1
101,6060,7,24.6979,23.1875,66.1657,-164.368,66.8836,-164.652,66.0655,-165.903,65.3464,-163.996,66.2115,-162.844,1
101,6060,8,36.2591,-17.4996,39.3012,-136.187,39.9004,-135.702,39.6939,-137.408,38.6615,-136.754,38.9764,-135.161,1
101,6060,9,33.9596,4.62645,2.81774,-122.282,3.41297,-121.873,3.09354,-122.999,2.14165,-122.744,2.55949,-121.643,1
101,6060,10,-35.0385,21.4537,19.2464,110.689,19.3489,110.002,18.4797,110.693,19.1863,111.332,20.1572,110.711,1
101,6060,14,-27.4619,-16.9312,14.8688,-91.3003,15.5702,-91.2948,14.8597,-91.8617,14.2496,-91.3205,14.9015,-90.7112,1
101,6060,15,32.7295,11.7432,-18.1781,-69.866,-17.529,-69.809,-18.2459,-70.5298,-18.9201,-69.92,-18.1319,-69.2549,1
101,6060,21,36.021,-2.18916,-65.1183,-33.0294,-64.6255,-32.1577,-64.8294,-34.5776,-65.6626,-34.0637,-65.3603,-31.6395,1
101,6060,22,-39.5898,7.23235,-71.5433,88.2261,-71.3482,85.9562,-72.2548,88.3916,-71.6776,90.2638,-70.7101,88.0606,1
101,6060,24,-25.9665,11.4715,-4.57103,131.25,-4.83571,130.775,-5.0247,131.574,-4.30792,131.692,-4.06174,130.9,1
101,6060,26,-21.5492,-23.0068,62.8578,149.167,62.4746,147.995,62.4007,149.679,63.1719,150.256,63.302,148.578,1
101,6060,27,30.7034,23.4115,71.1718,-85.8364,71.8619,-85.8686,71.1148,-87.6338,70.3649,-85.7277,71.1739,-84.1093,1
101,6060,30,-33.5965,19.6002,19.3568,-5.34807,19.6687,-4.77027,19.9111,-5.82158,19.038,-5.86615,18.6931,-4.81473,2
101,6060,33,-20.379,-8.51098,-85.5173,-22.9253,-85.1976,-17.2647,-85.1,-26.1698,-85.7628,-28.9087,-85.9276,-18.7344,2
101,6060,40,32.0184,21.7783,31.9636,-8.49219,32.7111,-8.6215,31.7983,-9.23032,31.0898,-8.31451,32.079,-7.7841,1
101,6060,41,27.5415,1.5756,7.79283,16.7932,8.36775,16.8924,7.80736,16.1616,7.16435,16.6845,7.77452,17.3745,1
101,6060,42,21.1215,-9.33767,-19.1429,39.3817,-18.6183,39.4582,-19.0804,38.7442,-19.6887,39.2884,-19.1907,39.9697,1
101,6060,48,19.8132,23.7396,42.6175,-103.007,42.714,-103.849,42.076,-103.173,42.5266,-102.056,43.1512,-102.794,1
101,6060,50,-36.9797,8.68804,21.9139,-104.818,21.9994,-105.657,21.1572,-104.686,21.852,-104.07,22.7938,-104.967,1
101,6060,51,-25.0045,22.5497,46.0885,-69.6441,46.2791,-70.476,45.4276,-69.956,45.9299,-68.8219,46.8352,-69.2426,4
101,6060,53,35.6688,13.8759,31.7211,26.2372,32.4986,26.1697,31.4949,25.4089,30.8136,26.3317,31.8963,27.0003,1
101,6060,63,29.8217,-18.8037,10.3633,-70.8747,10.3325,-71.4454,9.60445,-70.8102,10.3653,-70.2705,11.0219,-70.9483,2
101,6060,66,37.1598,-5.22683,39.8866,55.0029,40.5341,55.0161,39.6938,54.0083,39.1565,54.9721,40.0491,55.8712,1
101,6060,67,-28.6088,-23.1945,19.2851,87.6516,20.0793,87.6807,19.3333,87.0564,18.6017,87.604,19.2698,88.2711,1
101,6060,72,-34.0689,17.015,-37.6654,-67.861,-37.7076,-68.735,-38.4017,-67.6192,-37.5908,-67.0605,-36.8001,-68.1149,1
101,6060,73,38.4047,-12.638,-10.953,-45.4176,-11.1094,-46.1114,-11.8069,-44.9807,-10.8034,-44.633,-10.2349,-45.7947,2
101,6060,75,-32.5384,4.20909,59.0085,-14.5964,58.9927,-15.953,58.3663,-14.3202,59.0194,-13.3681,59.7296,-14.916,1
101,6060,76,30.564,18.8347,63.5848,70.6218,64.2472,69.979,63.262,69.3768,62.8241,71.3703,63.8513,71.8525,1
101,6060,77,38.4404,11.362,37.8466,111.082,38.6061,111.396,37.8585,110.082,36.9474,110.733,37.8058,111.968,2
101,6060,78,31.2546,-5.1101,7.45278,128.074,7.98777,128.383,7.69887,127.389,6.87124,127.727,7.23459,128.687,1
101,6060,79,16.4881,-11.5877,-24.9926,142.76,-24.5112,142.992,-24.7447,142.169,-25.4787,142.507,-25.2113,143.316,3
101,6060,81,-38.6843,-9.14842,6.14118,-10.8011,5.94345,-11.623,5.57156,-10.4897,6.30324,-10.0967,6.77486,-11.1708,1
101,6060,83,13.6179,19.9673,59.589,59.5663,59.7868,58.6056,59.1466,59.144,59.3829,60.6155,60.0239,60.0429,2
101,6060,84,-33.1876,-20.124,57.8302,124.543,58.6435,124.245,57.6827,123.494,57.1321,124.754,58.0119,125.66,4
101,6060,90,26.7651,-7.61765,44.4844,110.029,44.8707,109.484,43.9885,109.467,44.0604,110.592,44.935,110.54,1
101,6060,98,-34.7352,20.2297,14.3768,35.139,14.4974,34.4616,13.6122,35.1282,14.2985,35.7711,15.2802,35.1751,3
101,6060,99,-25.5699,17.3164,37.1742,65.679,37.3335,64.9964,36.574,65.5093,37.0404,66.3397,37.8455,65.8949,1
102,6120,10,-38.4885,-9.7554,19.8306,110.352,19.835,109.44,19.1942,110.522,19.8163,111.13,20.5426,110.137,1
102,6120,22,-31.9254,17.3373,-68.6147,99.3281,-68.6018,97.6933,-69.2633,99.5821,-68.5869,100.852,-67.8639,99.0984,2
102,6120,27,-0.541108,19.0511,70.3175,-73.7795,70.7782,-73.4493,70.4616,-75.1275,69.8313,-74.0574,70.1387,-72.4057,1
102,6120,30,36.7044,-6.88925,18.6622,-12.7578,19.0113,-12.2087,19.1824,-13.3655,18.2809,-13.3791,18.2116,-12.23,3
102,6120,33,21.8349,0.227818,-85.3489,-102.392,-85.7235,-98.0007,-84.9521,-98.0626,-84.9232,-106.33,-85.6917,-107.165,1
102,6120,40,31.957,1.58754,30.9927,-7.35175,31.6207,-7.33552,30.8693,-8.13755,30.2933,-7.37127,31.0951,-6.6392,1
102,6120,48,25.0645,-9.03418,42.4253,-102.263,42.61,-102.967,41.804,-102.495,42.2126,-101.528,42.9914,-102.058,2
102,6120,50,-35.8134,-3.86366,23.5452,-103.315,23.5612,-104.211,22.8717,-103.15,23.5267,-102.531,24.2999,-103.515,1
102,6120,53,26.1145,17.3955,30.0774,30.4258,30.741,30.3534,29.9747,29.7297,29.3292,30.5279,30.1464,31.0979,1
102,6120,63,-26.7455,23.359,19.9067,-70.5268,19.8815,-71.1322,19.2446,-70.4867,19.9634,-69.9404,20.6705,-70.5468,1
102,6120,72,-39.5251,-8.93096,-36.5951,-68.4952,-36.7578,-69.6602,-37.2426,-68.0889,-36.4538,-67.51,-35.8663,-68.9745,1
102,6120,81,21.8651,19.6792,9.31134,-2.85593,9.11075,-3.40084,8.82212,-2.66959,9.55265,-2.25295,9.79905,-3.01568,1
102,6120,97,38.9235,-8.7277,-16.5559,15.8915,-16.4395,15.1935,-17.4309,15.984,-16.7048,16.6798,-15.8099,15.8074,1
102,6120,98,-38.0192,-8.8217,15.0928,34.9722,15.1286,34.0874,14.4427,35.1154,15.0534,35.7305,15.8209,34.7902,8
103,6180,3,-27.6371,18.7264,-28.8152,49.7762,-29.0211,49.0713,-29.4791,50.1033,-28.5863,50.4343,-28.0472,49.43,1
103,6180,10,-18.3512,20.2591,23.2017,116.801,23.2121,116.239,22.6405,116.767,23.2139,117.359,23.8221,116.86,1
103,6180,29,19.769,6.56147,-2.35217,-47.4723,-1.94968,-47.1773,-2.08242,-47.8993,-2.78741,-47.785,-2.61658,-47.0676,1
103,6180,33,-34.8729,3.9187,-85.6009,162.686,-85.8946,154.412,-86.0367,168.993,-85.2635,169.053,-85.0547,156.968,1
103,6180,40,-36.3007,8.50425,32.8181,1.86352,33.5376,2.04816,32.779,1.00666,32.1705,1.71967,32.8491,2.85437,1
103,6180,48,32.5918,20.361,44.6264,-93.4272,44.8732,-94.4252,43.9849,-93.6151,44.3478,-92.2584,45.2186,-93.1992,3
103,6180,50,-32.5074,9.31861,27.159,-99.3872,27.2294,-100.167,26.4659,-99.3116,27.1072,-98.6737,27.9474,-99.4648,1
103,6180,53,-37.6086,9.84277,32.7233,38.1964,33.4941,38.4151,32.6803,37.2626,32.0328,38.0286,32.7563,39.2895,1
103,6180,72,9.57398,24.8535,-32.5266,-59.1564,-32.7864,-59.7738,-33.0438,-58.9528,-32.214,-58.4979,-31.9797,-59.3311,1
103,6180,81,-34.8223,-17.1709,11.9198,-7.682,11.6446,-8.4802,11.3893,-7.41235,12.1389,-6.99345,12.4824,-8.00408,1
103,6180,97,-35.0901,14.5808,-6.8072,14.6179,-6.68288,13.9461,-7.52754,14.6417,-6.89536,15.235,-5.96813,14.6053,1
104,6240,1,36.7134,3.08083,-74.5659,-73.5455,-73.8079,-73.3176,-74.7046,-76.6473,-75.4347,-73.8407,-74.418,-70.8506,1
104,6240,13,-20.3831,22.4757,29.4893,-108.205,30.0182,-108.193,29.5242,-108.883,28.9636,-108.183,29.4233,-107.446,1
104,6240,23,-27.9178,13.8478,-28.4189,125.496,-28.6586,124.924,-28.9136,125.854,-28.1743,126.024,-27.8549,125.11,1
104,6240,29,-33.6212,11.6016,-5.88698,-42.2882,-5.4447,-41.8434,-5.53492,-42.8263,-6.30351,-42.6829,-6.29834,-41.677,8
104,6240,33,-40.7894,2.31858,-81.8686,159.616,-82.173,154.149,-82.3732,163.416,-81.5436,163.959,-81.2421,155.732,1
104,6240,48,9.32252,20.3813,48.133,-90.3743,48.3227,-91.1369,47.6656,-90.7082,47.9422,-89.5464,48.6002,-89.9947,2
104,6240,50,-26.7798,-22.9214,26.8648,-98.8877,26.724,-99.8066,26.2644,-98.8239,26.9593,-98.0857,27.4784,-98.9969,1
104,6240,62,-25.5581,15.3174,-4.08004,-88.1111,-4.11518,-88.6677,-4.66645,-88.0255,-4.02599,-87.5809,-3.42176,-88.1918,1
104,6240,65,4.97108,23.5316,52.8978,27.776,53.3301,27.2955,52.6789,27.0253,52.4434,28.3157,53.099,28.5879,1
104,6240,68,-24.6526,9.94063,-21.9375,116.931,-21.3947,117.045,-21.8855,116.33,-22.4538,116.836,-22.001,117.592,1
104,6240,72,24.9029,-7.98007,-32.6124,-57.4956,-32.7799,-58.1318,-33.2144,-57.2021,-32.4425,-56.8184,-32.0659,-57.7666,2
104,6240,78,29.2349,-3.71068,-3.11459,131.677,-2.59302,131.972,-2.87181,131.037,-3.67894,131.348,-3.33234,132.256,1
104,6240,81,27.0998,7.82213,14.7607,0.316482,14.6251,-0.245852,14.2345,0.53133,14.9152,0.936968,15.256,0.125042,2
104,6240,82,-31.0625,23.7913,49.0152,20.6192,49.0588,19.7114,48.3047,20.6093,49.005,21.4872,49.8489,20.6712,1
104,6240,97,28.2905,2.92709,-9.19445,20.564,-9.17861,19.9794,-9.80236,20.6428,-9.20986,21.2067,-8.6342,20.4973,1
105,6300,3,15.4606,-10.0104,-25.9428,55.4343,-26.1993,54.8899,-26.4862,55.7469,-25.6896,55.9953,-25.4385,55.1354,1
105,6300,13,13.7721,17.0332,25.1706,-108.13,25.6892,-108.175,25.1456,-108.678,24.6109,-108.064,25.1749,-107.582,1
105,6300,23,36.3649,13.5646,-25.645,132.571,-26.0372,131.933,-26.0869,133.123,-25.1734,133.302,-25.2272,132.092,1
105,6300,25,-39.8096,9.32559,46.1417,137.575,45.8572,136.583,45.5816,138.249,46.4013,138.446,46.8007,136.772,1
105,6300,29,11.873,24.6337,-11.3231,-45.7711,-10.8576,-45.505,-11.0261,-46.1735,-11.8473,-46.0435,-11.6504,-45.3728,1
105,6300,35,-28.5333,-6.78139,-7.17817,167.072,-7.63057,166.624,-7.50524,167.507,-6.77303,167.478,-6.8333,166.597,1
105,6300,43,36.7914,-9.93808,-52.731,87.9543,-52.0862,87.6981,-53.1104,86.6764,-53.4555,88.2151,-52.387,89.0303,1
105,6300,62,-29.9083,-11.84,-2.85326,-88.0744,-2.97317,-88.7628,-3.39049,-87.9196,-2.75635,-87.4626,-2.28137,-88.258,1
105,6300,65,39.1047,-8.52169,49.2771,27.1008,49.9153,26.7838,48.7945,26.004,48.5466,27.4226,49.6851,28.0491,1
105,6300,72,24.0153,-20.093,-30.2887,-56.6858,-30.4807,-57.3062,-30.9929,-56.4419,-30.1167,-56.0401,-29.671,-56.92,2
105,6300,81,40.2341,-6.65561,15.9695,2.75456,15.9276,2.0491,15.1635,3.07279,15.9981,3.56377,16.6544,2.47873,4
105,6300,97,17.2824,-8.31299,-6.41614,21.3866,-6.41925,20.8829,-6.97012,21.3983,-6.42231,21.9067,-5.89868,21.3687,1
106,6360,5,-31.4552,15.0748,50.6924,74.729,50.5015,73.6708,50.012,75.2149,50.8866,75.7081,51.4787,74.1772,2
106,6360,6,36.8312,13.2484,70.5417,144.547,71.0743,142.608,69.8221,143.536,69.9008,146.726,71.1704,145.594,1
106,6360,7,-27.0021,4.29477,55.4988,-136.84,56.0878,-136.297,55.7012,-137.905,54.9475,-137.315,55.2635,-135.684,1
106,6360,10,-35.2897,12.5525,32.1277,123.287,32.2773,122.514,31.4333,123.287,32.0081,123.992,32.9321,123.301,1
106,6360,13,-21.6252,12.3325,24.9522,-103.335,25.4785,-103.285,24.9639,-103.936,24.4444,-103.366,24.9253,-102.677,1
106,6360,14,-40.5819,-0.626634,0.38324,-77.7879,1.20089,-77.5842,0.319473,-78.504,-0.320676,-77.9582,0.464679,-76.9573,1
106,6360,15,36.9854,-3.56846,-31.1184,-58.3337,-30.4765,-58.2348,-31.214,-59.227,-31.8421,-58.4587,-31.0298,-57.5553,4
106,6360,19,20.0009,8.70019,1.84582,100.901,1.80662,100.379,1.33018,100.973,1.89556,101.463,2.34242,100.841,1
106,6360,23,-29.7414,-5.94259,-22.7485,126.098,-23.0732,125.507,-23.168,126.471,-22.4579,126.629,-22.2983,125.687,1
106,6360,25,-36.8115,-7.33062,48.0746,138.46,47.6832,137.478,47.6307,139.095,48.4035,139.328,48.5572,137.72,1
106,6360,27,32.3096,20.5563,54.7925,-66.136,55.4334,-65.7048,54.9309,-67.1502,54.0353,-66.588,54.6243,-65.2052,1
106,6360,33,23.7413,-11.4309,-74.8816,-172.43,-75.3218,-173.434,-75.1517,-170.34,-74.4229,-171.389,-74.6284,-174.282,1
106,6360,35,-23.7707,-3.70251,-3.06016,167.134,-3.46708,166.737,-3.3826,167.534,-2.68537,167.502,-2.72078,166.705,1
106,6360,40,33.255,-0.0560489,20.4604,3.35399,21.0926,3.45146,20.4072,2.59418,19.7548,3.24185,20.5019,4.0347,2
106,6360,41,-22.5583,22.7865,-5.76667,32.2622,-5.20876,32.3638,-5.63533,31.629,-6.32245,32.1937,-5.93878,32.9751,1
106,6360,48,26.8378,-21.3944,47.5468,-85.1949,47.8527,-85.9175,46.9087,-85.8488,47.1978,-84.4836,48.1119,-84.6366,1
106,6360,50,-32.5489,5.4388,34.9605,-91.396,35.0664,-92.2526,34.2841,-91.3503,34.87,-90.6191,35.723,-91.4443,1
106,6360,52,35.3288,17.3771,41.1445,7.6517,41.911,7.3249,40.7836,6.8132,40.2461,8.05162,41.4403,8.44741,1
106,6360,53,-28.7421,6.79938,23.9401,44.6947,24.5808,44.8247,23.9541,43.9976,23.3454,44.5878,23.9153,45.4693,8
106,6360,65,-39.6888,6.24002,54.7995,39.8159,55.5781,39.6585,54.4836,38.6656,54.1198,39.9724,55.1523,41.1866,1
106,6360,66,-17.7078,-21.4475,31.6536,73.9439,32.2818,73.9078,31.6976,73.3376,31.0869,73.9534,31.6327,74.5513,1
106,6360,68,-26.8208,-15.8143,-25.7058,120.24,-25.0217,120.255,-25.7092,119.642,-26.3129,120.211,-25.677,120.868,1
106,6360,72,-26.6783,-8.55838,-23.8053,-59.6999,-24.0357,-60.3948,-24.3218,-59.4287,-23.601,-59.0714,-23.2591,-60.0003,1
106,6360,75,31.8438,17.4715,65.2059,28.797,65.5655,27.2779,64.5919,28.2245,64.7876,30.5267,65.7651,29.4209,1
106,6360,76,32.6628,18.4186,51.7648,97.281,52.5131,97.3389,51.6891,96.2049,50.892,97.2485,51.7947,98.2898,2
106,6360,78,28.6255,22.6392,-12.7768,134.92,-12.0906,135.17,-12.5965,134.307,-13.5811,134.654,-12.9841,135.499,1
106,6360,81,-26.0169,-20.8564,21.3044,-2.00856,21.0394,-2.71082,20.8014,-1.82188,21.5173,-1.38273,21.8134,-2.2324,1
106,6360,82,16.6113,-20.258,48.4953,28.2983,48.4981,27.5418,47.9045,28.178,48.4642,29.0526,49.0336,28.383,1
106,6360,83,33.4223,-18.8708,58.8798,88.6789,59.3879,88.1346,58.4251,87.3734,58.3163,89.1918,59.2726,89.806,1
106,6360,90,-19.374,-15.2757,47.0321,135.46,47.5365,134.961,46.7611,134.82,46.5627,135.89,47.3215,136.107,2
106,6360,97,-22.9447,24.6956,1.1255,23.2687,1.1392,22.7111,0.48152,23.2219,1.14677,23.8219,1.85874,23.3486,1
106,6360,98,-30.829,-21.6532,24.2366,45.0024,24.1751,44.0923,23.6534,45.0499,24.2647,45.7848,24.8474,44.9116,4
106,6360,99,-34.0611,-4.94454,46.1168,83.426,46.4447,82.4744,45.5188,83.2004,45.8186,84.2556,46.7831,83.6671,1
107,6420,12,35.6935,-11.9439,41.064,-141.111,41.6662,-141.276,40.7501,-142.096,40.394,-140.96,41.3369,-140.258,1
107,6420,13,-20.9634,-14.1162,23.9141,-102.571,24.5157,-102.592,23.9024,-103.127,23.3659,-102.565,23.9415,-101.999,1
107,6420,19,-28.3708,16.6981,8.19008,100.39,8.22052,99.8058,7.56287,100.421,8.18395,100.943,8.90291,100.37,3
107,6420,25,-38.6319,10.829,53.7231,139.486,53.4613,138.365,53.1532,140.217,53.965,140.481,54.3918,138.614,1
107,6420,29,-30.5333,-23.3807,-13.7212,-41.9579,-13.0104,-41.572,-13.4463,-42.4553,-14.3184,-42.3089,-13.9744,-41.4182,1
107,6420,39,-39.7429,3.56603,34.0748,-4.49154,34.4394,-3.65339,34.5629,-5.11629,33.744,-5.21004,33.5035,-3.77316,1
107,6420,50,-33.2662,18.7003,38.6554,-86.9041,38.824,-87.767,37.8797,-86.9919,38.5261,-86.0964,39.5613,-86.7712,1
107,6420,62,38.0011,6.56574,1.11789,-77.7732,1.0637,-78.4778,0.424391,-77.5067,1.18434,-76.9568,1.73595,-77.9966,1
107,6420,65,-34.9276,8.58159,52.3131,44.9173,52.9882,44.8284,52.1018,43.8849,51.7049,45.0189,52.5374,46.115,2
107,6420,72,-36.9612,-15.725,-20.7167,-60.0583,-21.0575,-61.0087,-21.2906,-59.6788,-20.4378,-59.2523,-20.0986,-60.5048,3
107,6420,75,24.9132,5.59317,66.484,33.9,66.8443,32.7382,65.9723,33.1211,66.0843,35.1373,66.9552,34.6775,1
107,6420,80,-28.741,9.48176,-4.45696,-16.4552,-4.55763,-17.0274,-5.00924,-16.2697,-4.34997,-15.9249,-3.83794,-16.654,1
107,6420,81,-33.1106,22.326,28.786,1.36956,28.7373,0.66542,28.0721,1.52964,28.865,2.02757,29.6322,1.20531,5
107,6420,97,-15.7356,-9.7617,0.982867,23.8588,0.948344,23.31,0.486508,23.8866,1.00682,24.3728,1.49056,23.8191,3
108,6480,17,-36.4224,-8.24223,-39.1756,43.5071,-38.8828,42.56,-39.7981,43.3892,-39.4283,44.332,-38.4778,43.6153,1
108,6480,19,6.41673,-18.3964,6.5841,102.902,6.51921,102.403,6.05282,102.894,6.6285,103.39,7.08338,102.892,1
108,6480,47,20.6401,-4.63724,35.5425,-117.895,35.6222,-118.537,34.9643,-117.961,35.4483,-117.222,36.0816,-117.837,1
108,6480,50,-32.9145,-6.27772,39.204,-86.212,39.3007,-87.2066,38.5589,-86.1631,39.1075,-85.3356,39.9145,-86.2844,2
108,6480,65,-29.3819,-5.54087,50.5038,47.3284,51.1439,47.1498,50.3265,46.4957,49.9262,47.48,50.6984,48.2347,1
108,6480,75,-6.44552,-21.7563,69.5514,35.7382,69.8589,34.2796,69.1471,34.6758,69.2373,37.0213,69.9509,36.7489,1
108,6480,81,-33.5134,-10.7217,29.1281,1.31316,28.9532,0.495088,28.5934,1.57181,29.2687,2.03349,29.7054,1.00767,3
108,6480,97,-9.12448,-20.2008,2.66661,25.9694,2.58624,25.4075,2.15102,25.9583,2.72238,26.4928,3.16995,25.9585,1
109,6540,4,-32.5279,0.247177,25.4388,63.722,25.1326,62.9522,24.8817,64.1603,25.714,64.4141,26.0564,63.2246,2
109,6540,19,-23.5666,13.4581,13.2966,105.059,13.3079,104.503,12.7329,105.088,13.3014,105.591,13.9204,105.039,4
109,6540,21,17.7832,19.6809,-78.6074,87.8351,-78.6298,85.1165,-79.1038,87.9249,-78.5354,90.803,-78.1133,87.8626,1
109,6540,32,15.471,19.9881,-81.4926,-40.1859,-81.2906,-36.8759,-81.0164,-41.1546,-81.6989,-43.9458,-81.9747,-39.2546,1
109,6540,37,-38.879,11.697,79.6339,128.517,78.9388,127.292,79.5829,132.623,80.2537,129.627,79.6372,123.652,1
109,6540,38,39.9594,-7.73382,64.112,-15.1962,64.4981,-13.9209,64.6332,-16.7978,63.6729,-16.633,63.6585,-13.8747,1
109,6540,39,19.0493,17.5832,25.7133,-12.161,26.102,-11.7382,26.0675,-12.5664,25.2723,-12.6098,25.3491,-11.7804,1
109,6540,62,21.1191,4.068,8.13985,-75.679,8.06905,-76.198,7.61717,-75.5615,8.21786,-75.1221,8.63625,-75.7852,1
109,6540,75,-6.5916,24.3236,68.9367,58.4755,69.389,57.6396,68.6978,57.058,68.4747,59.38,69.1579,60.0774,1
109,6540,81,27.0009,-4.52454,29.9814,9.16127,29.9202,8.55259,29.3954,9.32103,30.0368,9.81846,30.5149,9.01098,1
109,6540,97,37.6422,-12.0876,2.6231,31.9845,2.72645,31.3379,1.74729,32.042,2.4826,32.7026,3.36915,31.9256,2
110,6600,3,-34.9146,16.3459,-3.69475,55.0481,-3.92065,54.3288,-4.40845,55.4518,-3.4574,55.6953,-2.84766,54.5914,1
110,6600,4,-38.8465,-6.47153,28.4842,63.2571,28.0851,62.2617,27.9049,63.8217,28.8171,64.1148,29.1295,62.5891,1
110,6600,19,-31.8911,-14.4215,14.7158,104.832,14.6503,104.057,14.1527,104.946,14.7585,105.509,15.318,104.683,2
110,6600,21,18.9564,-2.88462,-77.3183,93.8169,-77.3411,91.6252,-77.8326,94.1141,-77.2791,96.1085,-76.8342,93.5512,1
110,6600,32,-24.9494,-7.72006,-83.8286,-17.2714,-83.4386,-13.1961,-83.4437,-20.3841,-84.1493,-21.4757,-84.207,-13.4564,1
110,6600,39,-19.5728,8.74243,22.5579,-8.99051,22.8711,-8.55317,22.942,-9.35877,22.2477,-9.4026,22.1378,-8.60174,1
110,6600,47,-37.1689,-11.2802,44.1816,-116.121,44.3292,-117.336,43.5153,-116.077,44.0362,-115.089,44.9242,-116.206,1
110,6600,52,-18.9539,-3.00831,38.6604,24.4167,39.2447,24.3607,38.5881,23.7279,38.1111,24.4661,38.7368,25.1409,1
110,6600,59,-38.6231,8.28122,20.3454,-108.833,20.4419,-109.705,19.5615,-108.678,20.2751,-108.064,21.2648,-109.011,1
110,6600,62,32.1103,16.406,11.5581,-71.8943,11.4491,-72.5744,10.9677,-71.6963,11.6984,-71.1125,12.1147,-72.0546,1
110,6600,80,3.17145,24.8907,5.44104,-8.79715,5.24473,-9.27143,4.95347,-8.68292,5.67524,-8.29614,5.96252,-8.89249,1
110,6600,81,24.9397,-21.7303,31.8573,10.1306,31.7809,9.51377,31.1583,10.1861,31.9027,10.7683,32.4702,10.0583,1
110,6600,97,36.8085,-10.2858,5.60466,34.401,5.70259,33.7608,4.76958,34.4599,5.47391,35.1116,6.32268,34.3423,2
111,6660,4,-35.9211,-11.417,31.4101,64.4761,30.9764,63.5172,30.8645,64.9969,31.7682,65.3121,31.9968,63.8676,2
111,6660,5,-31.9551,18.9089,67.9683,90.2242,67.9406,88.3545,67.189,90.5571,68.0097,91.9734,68.8795,89.8679,3
111,6660,12,-28.8941,1.06452,37.66,-119.695,38.273,-119.718,37.5522,-120.397,37.0992,-119.671,37.7748,-118.924,1
111,6660,14,22.6208,23.7414,-19.6681,-69.3872,-19.0483,-69.4255,-19.6782,-69.9633,-20.3706,-69.3171,-19.6884,-68.817,1
111,6660,19,-32.0551,-18.8127,17.2152,106.826,17.1165,105.992,16.6467,106.935,17.2805,107.546,17.8159,106.675,1
111,6660,21,-38.1081,-9.18936,-71.4866,86.86,-71.4073,84.3183,-72.1067,87.2142,-71.5337,89.0536,-70.7916,86.4321,1
111,6660,23,-37.1998,4.44186,-2.91603,127.704,-3.21968,127.064,-3.41001,128.138,-2.63814,128.266,-2.34801,127.207,3
111,6660,24,-33.2099,-12.5896,30.8063,133.936,30.3789,133.242,30.3953,134.391,31.1678,134.553,31.2375,133.419,1
111,6660,25,-29.7279,10.4259,67.9952,148.68,67.8074,147.223,67.4708,149.381,68.1716,150.043,68.5844,147.877,1
111,6660,26,-11.4834,18.4144,72.3082,-76.3529,72.7673,-75.9176,72.4632,-77.9223,71.8384,-76.7116,72.1114,-74.7106,1
111,6660,28,40.0286,0.920133,3.20047,-52.7513,3.69817,-52.2719,3.53799,-53.4657,2.62659,-53.3094,2.90221,-52.1358,1
111,6660,32,-18.0549,-14.7447,-86.8029,-35.0562,-86.5195,-26.5148,-86.3447,-38.0789,-86.978,-44.1903,-87.2499,-30.6349,1
111,6660,39,-22.9033,20.9978,17.5498,-9.22673,17.8702,-8.78146,18.0226,-9.60315,17.2134,-9.64405,17.0037,-8.82269,1
111,6660,40,30.4045,-4.53188,6.74142,14.7037,7.32487,14.8291,6.77377,14.009,6.10555,14.558,6.71379,15.3279,1
111,6660,47,-34.5775,15.7857,47.7397,-108.045,48.0235,-108.98,47.0161,-108.293,47.498,-107.181,48.5789,-107.723,2
111,6660,50,-11.752,17.6694,45.3193,-70.1693,45.4582,-70.9088,44.7843,-70.4126,45.1946,-69.4196,45.89,-69.8765,3
111,6660,53,24.1603,-20.7489,8.45761,49.9808,9.03527,50.0597,8.60858,49.2272,7.87004,49.8685,8.34326,50.6489,1
111,6660,59,-37.4126,11.5067,23.3803,-106.088,23.4861,-106.933,22.5922,-105.971,23.305,-105.331,24.3058,-106.214,1
111,6660,62,31.9108,-6.25094,12.7692,-71.2689,12.7545,-71.8652,12.0906,-71.1308,12.7724,-70.6151,13.3724,-71.3965,1
111,6660,65,35.8318,10.4938,37.837,56.2326,38.5283,56.19,37.6351,55.4014,37.0384,56.2926,37.9966,56.992,3
111,6660,71,-30.7281,11.107,-37.1396,-69.3376,-37.2207,-70.1517,-37.7776,-69.0892,-37.042,-68.5895,-36.4137,-69.6009,1
111,6660,72,26.517,-11.8163,-8.61495,-48.7486,-8.80589,-49.2932,-9.25276,-48.4682,-8.42885,-48.1661,-8.04672,-49.009,1
111,6660,75,-8.96121,-22.6165,68.1512,66.0727,68.6818,65.2368,67.9746,64.6687,67.6491,66.7563,68.3352,67.4295,1
111,6660,76,32.4358,12.6182,36.8618,110.539,37.5321,110.794,36.9303,109.7,36.0901,110.267,36.7726,111.306,13
111,6660,78,-11.6365,-19.7227,-24.7594,143.197,-24.1737,143.375,-24.5406,142.655,-25.2936,143.012,-24.9517,143.743,3
111,6660,80,-12.5876,22.3151,9.22667,-8.52097,9.07673,-8.99918,8.7072,-8.40846,9.40264,-8.04076,9.80005,-8.62292,1
111,6660,82,-30.2873,-19.7508,62.6084,50.8099,62.8207,49.2085,62.073,50.4922,62.3931,52.1656,63.1809,51.0917,2
111,6660,83,-30.0093,-21.6638,56.349,124.296,57.1182,124.032,56.2479,123.309,55.6823,124.482,56.4803,125.326,4
111,6660,97,-30.499,21.3414,15.3284,34.3371,15.4095,33.7073,14.623,34.305,15.2835,34.9384,16.1473,34.3988,7
111,6660,98,31.5446,-23.0583,31.4101,64.4761,31.5813,63.8097,30.5802,64.1747,31.1877,65.1599,32.1219,64.7119,2
111,6660,99,37.3221,-3.35606,43.3083,110.652,43.8287,110.076,42.6654,110.016,42.7091,111.282,43.8654,111.218,1
112,6720,4,26.4655,22.5154,36.5817,74.7984,36.2238,73.9902,36.0243,75.1949,37.0107,75.7226,37.1395,74.4498,1
112,6720,6,35.6237,18.0251,61.8483,-161.719,62.6995,-161.691,61.6922,-163.299,60.8396,-161.707,61.9391,-160.25,2
112,6720,7,24.0358,17.8159,31.3883,-132.987,32.0089,-132.679,31.5998,-133.668,30.6826,-133.307,31.1555,-132.343,1
112,6720,19,-38.7893,-1.93751,21.9033,109.792,21.9738,108.93,21.2366,109.942,21.841,110.539,22.6649,109.611,1
112,6720,26,-6.66216,23.4211,68.3481,-71.8417,68.8117,-71.4432,68.557,-73.0962,67.8573,-72.1776,68.0915,-70.5393,1
112,6720,28,-16.9825,24.3175,-1.71126,-46.728,-1.3042,-46.4309,-1.33877,-47.1473,-2.14007,-47.005,-2.14507,-46.2755,1
112,6720,32,37.7691,7.00556,-82.9126,-126.516,-83.5759,-124.839,-82.5041,-121.815,-82.1393,-128.137,-83.2188,-131.182,1
112,6720,39,-16.5301,12.019,14.7232,-10.2829,15.0358,-9.88587,15.1077,-10.6249,14.4066,-10.6618,14.3017,-9.92458,1
112,6720,41,-20.0421,8.3456,-22.0413,44.6438,-21.4973,44.7041,-22.0206,44.0537,-22.5642,44.5968,-22.0688,45.2811,2
112,6720,47,27.7766,-5.04094,43.1451,-102.089,43.3622,-102.816,42.5114,-102.322,42.8973,-101.314,43.7205,-101.877,1
112,6720,49,-22.5942,21.8016,32.2706,-2.47597,32.8345,-2.42728,32.3225,-3.22585,31.7141,-2.48757,32.1833,-1.63257,1
112,6720,52,32.4518,10.5332,28.9343,28.042,29.6368,28.0289,28.7854,27.2688,28.134,28.0683,29.049,28.7565,1
112,6720,59,-38.0553,7.09392,25.8828,-104.107,25.9876,-105.004,25.1154,-103.968,25.8016,-103.314,26.7769,-104.267,1
112,6720,62,22.943,24.3529,18.7281,-68.0279,18.5852,-68.6766,18.1902,-67.9228,18.9132,-67.2932,19.2665,-68.0976,1
112,6720,71,-40.1539,0.917511,-34.1344,-69.4275,-34.2204,-70.4911,-34.8327,-69.0318,-34.0454,-68.5132,-33.3228,-69.8861,1
112,6720,80,16.2211,19.4156,11.2203,-4.91658,11.0339,-5.42703,10.7468,-4.75871,11.4412,-4.36246,11.6999,-5.0533,1
112,6720,96,21.8671,4.21179,-12.8311,14.1128,-12.8278,13.5666,-13.3792,14.1604,-12.8304,14.7008,-12.3125,14.074,1
112,6720,97,-26.288,-4.0723,15.8122,35.294,15.8274,34.654,15.2673,35.3446,15.7943,35.8792,16.3974,35.232,3
113,6780,2,-37.7077,-2.6369,-29.3574,45.3452,-29.6246,44.3632,-29.9831,45.8305,-29.1176,46.1923,-28.6477,44.7883,1
113,6780,4,-18.6481,-2.9865,38.9627,69.5289,38.6974,68.8287,38.4693,69.8753,39.2067,70.1932,39.4772,69.1544,2
113,6780,19,-32.5765,13.2355,25.2444,114.172,25.3361,113.483,24.5865,114.197,25.1772,114.809,25.9982,114.157,1
113,6780,22,-21.693,23.6045,-29.399,123.713,-29.6567,123.194,-29.9242,124.025,-29.1152,124.208,-28.7935,123.388,1
113,6780,24,-25.138,-10.012,38.4847,136.148,38.1405,135.522,38.0871,136.551,38.7875,136.727,38.8951,135.704,1
113,6780,28,-20.1472,15.0886,-4.56371,-46.2117,-4.17269,-45.8944,-4.24324,-46.6342,-4.95524,-46.5076,-4.92601,-45.7562,1
113,6780,32,10.1262,-22.2316,-84.6158,-150.665,-85.1224,-150.558,-84.685,-144.622,-84.123,-150.521,-84.5205,-156.083,1
113,6780,39,-30.6107,-15.0894,13.37,-9.1541,13.8645,-8.61034,13.7411,-9.57875,12.9451,-9.63805,12.9897,-8.68546,1
113,6780,47,25.7521,-21.105,44.27,-99.8585,44.4823,-100.596,43.5857,-100.305,44.0169,-99.1222,44.8769,-99.4838,3
113,6780,49,-19.5378,24.6414,29.1611,0.288914,29.7167,0.325616,29.2459,-0.428353,28.6014,0.290959,29.0343,1.09286,1
113,6780,52,-29.1501,1.06528,31.5748,35.0688,32.2464,35.1503,31.5342,34.3406,30.9612,35.0002,31.6164,35.8704,1
113,6780,59,-32.8822,22.9916,29.5605,-99.533,29.6603,-100.316,28.7421,-99.5672,29.5053,-98.791,30.5298,-99.4598,1
113,6780,71,34.317,17.8198,-32.4666,-58.1617,-32.7711,-59.0045,-33.0427,-57.6973,-32.0844,-57.1904,-31.9169,-58.5527,1
113,6780,80,28.2765,19.625,14.1457,-2.1299,13.94,-2.75023,13.6239,-1.90029,14.398,-1.42549,14.6542,-2.32357,3
113,6780,96,36.0036,-12.5621,-12.488,16.5191,-12.3998,15.8789,-13.3266,16.5648,-12.6079,17.2239,-11.7681,16.4694,1
113,6780,97,-5.50309,-17.7105,16.3191,38.3896,16.2747,37.8344,15.8119,38.3606,16.3433,38.9151,16.8134,38.3993,1
114,6840,4,24.1949,-1.88181,41.0827,76.2142,40.886,75.4685,40.4905,76.5773,41.2839,77.0211,41.6293,75.8725,2
114,6840,12,-29.1678,1.47469,30.1803,-110.06,30.7941,-110.012,30.1245,-110.715,29.6186,-110.098,30.2388,-109.338,1
114,6840,19,-31.1352,7.54047,27.3961,116.546,27.4762,115.851,26.7865,116.581,27.3312,117.185,28.0808,116.512,3
114,6840,22,9.34379,24.1312,-26.2552,127.161,-26.5916,126.719,-26.6671,127.457,-25.8686,127.623,-25.8139,126.881,1
114,6840,36,-39.7057,6.08339,63.5456,152.376,62.9738,151.229,63.2414,153.84,64.0473,153.396,63.8844,150.628,1
114,6840,37,38.6035,-2.60505,80.4965,-19.5141,80.927,-16.3681,80.8848,-23.7688,79.9803,-22.8052,80.1202,-16.113,1
114,6840,39,19.4697,-11.9648,9.37859,-14.1711,9.69879,-13.7911,9.81004,-14.5451,9.05864,-14.5716,8.98766,-13.8201,1
114,6840,47,30.3641,23.5498,46.8434,-88.5123,47.1337,-89.5227,46.249,-88.8175,46.5166,-87.3263,47.3963,-88.1593,2
114,6840,49,-20.2317,8.24893,27.6705,1.70647,28.2158,1.76968,27.6873,1.08761,27.1468,1.65807,27.6419,2.37452,2
114,6840,67,-29.747,21.7147,-24.0191,117.124,-23.4395,117.268,-23.9156,116.382,-24.5784,117.022,-24.1575,117.983,2
114,6840,71,23.4303,3.86251,-30.0041,-58.9022,-30.1973,-59.5201,-30.5348,-58.6016,-29.7895,-58.2373,-29.5025,-59.1752,1
114,6840,80,26.6157,-9.96409,15.0763,-2.06494,14.9769,-2.59829,14.4736,-1.89124,15.167,-1.49463,15.6178,-2.23045,2
114,6840,81,-38.292,-2.20775,49.0469,16.3798,49.0649,15.1942,48.4085,16.6307,49.0232,17.41,49.7723,16.0733,1
114,6840,96,-20.906,21.8129,-3.47984,17.2567,-3.46702,16.7148,-4.08248,17.2246,-3.46362,17.7933,-2.8046,17.3151,1
115,6900,2,-36.4656,12.8939,-20.5857,48.3847,-20.784,47.5673,-21.3007,48.8145,-20.3787,49.1109,-19.7398,47.8986,1
115,6900,4,-27.8177,9.502,47.616,71.5638,47.4005,70.6398,47.0216,72.003,47.8249,72.4255,48.281,71.0744,3
115,6900,12,-25.7704,22.0827,25.8532,-105.898,26.4093,-105.83,25.9088,-106.605,25.3099,-105.929,25.7626,-105.093,1
115,6900,36,-40.299,2.64957,66.8117,149.738,66.1838,148.486,66.5566,151.43,67.3531,150.857,67.0835,147.721,1
115,6900,47,-37.3368,-3.60633,53.616,-90.8233,54.0574,-91.9938,52.9619,-91.1683,53.2229,-89.8245,54.3595,-90.4369,1
115,6900,59,-35.2358,10.7804,34.1135,-95.3566,34.2511,-96.2356,33.3657,-95.3138,34.0038,-94.5604,34.9786,-95.3945,1
115,6900,64,-20.0358,-13.5489,54.1914,29.9564,54.7167,29.4882,53.9635,29.1877,53.7042,30.3568,54.4356,30.744,1
115,6900,67,-36.7959,-15.0992,-23.3893,117.546,-22.5192,117.616,-23.4557,116.865,-24.128,117.472,-23.2834,118.294,1
115,6900,71,30.169,-14.6658,-28.621,-57.5172,-28.7888,-58.1736,-29.3453,-57.1932,-28.4617,-56.8098,-27.9897,-57.8121,3
115,6900,80,-31.8259,15.8995,23.1619,-3.94325,23.0914,-4.5972,22.5319,-3.7544,23.2485,-3.3373,23.8895,-4.14572,1
115,6900,81,33.5409,8.38201,47.7642,28.7067,47.8355,27.771,47.1255,28.797,47.6807,29.7683,48.346,28.6428,2
115,6900,96,-31.8989,10.1084,-0.683269,17.9955,-0.60795,17.3605,-1.32669,18.0406,-0.736651,18.5807,0.0467274,17.9537,1
116,6960,2,-37.2192,-7.08233,-19.3193,48.4464,-19.6683,47.5438,-19.9028,48.9169,-19.0185,49.2228,-18.6709,47.9041,1
116,6960,4,-8.55493,22.9262,51.5206,77.1077,51.2942,76.2713,50.9449,77.3703,51.7754,77.9642,52.1532,76.8556,1
116,6960,5,38.8073,9.8601,70.3061,144.925,70.9058,143.124,69.5491,143.763,69.5827,146.933,70.9558,146.083,1
116,6960,12,-39.0749,-10.8728,26.6924,-104.518,27.5757,-104.441,26.5708,-105.248,25.9434,-104.592,26.8484,-103.697,1
116,6960,14,21.3954,21.3198,-32.7241,-55.7169,-32.1384,-55.8164,-32.7882,-56.3446,-33.378,-55.5782,-32.685,-55.0948,2
116,6960,22,19.0693,10.7477,-20.0557,128.752,-20.3528,128.315,-20.4435,129.085,-19.7256,129.218,-19.6725,128.442,1
116,6960,24,-31.6749,-21.8834,48.5331,137.023,48.0186,136.091,48.1023,137.563,48.9517,137.854,48.9619,136.402,1
116,6960,26,33.6568,18.0488,53.0569,-67.8097,53.686,-67.3526,53.1986,-68.8117,52.3145,-68.2979,52.8911,-66.8997,2
116,6960,32,-26.8031,17.4897,-71.0128,167.27,-71.3648,165.934,-71.4424,168.603,-70.6504,168.455,-70.5045,165.871,1
116,6960,34,-34.8023,-3.99346,-1.22648,163.304,-1.71078,162.776,-1.57174,163.804,-0.799749,163.771,-0.848741,162.741,1
116,6960,40,-33.2754,20.6678,-6.316,31.8101,-5.68067,32.0065,-6.19602,31.0497,-6.91891,31.6615,-6.4788,32.7013,3
116,6960,47,21.1327,10.2797,49.2687,-80.7539,49.5834,-81.4675,48.7921,-81.1793,48.929,-79.979,49.7178,-80.3208,1
116,6960,49,-29.0882,-24.5229,25.2735,5.09895,26.1368,5.03657,25.2744,4.43826,24.5346,5.1252,25.3118,5.78196,1
116,6960,52,-23.375,20.2678,21.3477,43.7536,21.9322,43.8543,21.4413,43.0532,20.773,43.6875,21.2165,44.5392,5
116,6960,59,-9.34054,20.9837,35.125,-89.1989,35.1459,-89.8606,34.5621,-89.2927,35.1249,-88.5192,35.7308,-89.0685,1
116,6960,65,1.01326,23.5994,26.0749,74.4345,26.5856,74.4438,26.1563,73.8765,25.5306,74.4517,25.9621,75.02,1
116,6960,67,-22.4254,-2.51571,-28.3995,119.721,-27.8395,119.776,-28.3976,119.135,-28.9206,119.669,-28.3945,120.344,1
116,6960,71,13.6026,18.0597,-21.4537,-56.6493,-21.7015,-57.1906,-21.9397,-56.4161,-21.1661,-56.0729,-20.957,-56.8606,1
116,6960,74,38.1568,9.97413,64.5258,28.6931,64.9999,27.234,63.7909,28.0453,63.9589,30.3517,65.1675,29.3429,1
116,6960,75,29.9081,-12.4731,53.3259,93.3242,53.9147,93.4906,53.3657,92.0646,52.6971,93.1165,53.2907,94.4362,1
116,6960,76,27.9058,-18.0325,23.2206,117.893,23.7488,118.169,23.5411,117.127,22.6784,117.577,22.952,118.57,1
116,6960,77,32.524,4.24334,-12.5664,131.829,-11.9894,132.153,-12.3641,131.145,-13.2151,131.466,-12.7566,132.447,1
116,6960,80,-18.6145,22.527,26.2017,-0.583327,26.0866,-1.13963,25.6414,-0.479332,26.3414,-0.0328146,26.8306,-0.675854,1
116,6960,81,-38.4566,-1.23001,54.7576,24.2337,54.8635,22.9013,54.099,24.3977,54.6565,25.388,55.5095,24.0272,1
116,6960,82,-36.6442,18.2486,63.8056,101.769,64.469,101.511,63.5159,100.209,63.2063,102.063,64.1085,103.674,1
116,6960,96,33.3321,0.635749,-2.89552,24.2634,-2.85574,23.64,-3.57925,24.369,-2.94248,24.9605,-2.28202,24.173,1
116,6960,98,-18.9854,16.6677,45.9291,86.9692,46.1874,86.3098,45.4411,86.5811,45.6893,87.6248,46.4555,87.4239,1
116,6960,99,-20.2169,-6.97192,46.3864,136.616,46.8916,136.23,46.1285,135.978,45.9137,136.961,46.6601,137.283,8
117,7020,18,20.2996,3.77665,5.81189,101.599,5.78777,101.085,5.28691,101.664,5.83971,102.149,6.31103,101.542,2
117,7020,19,-29.2793,17.5117,35.6469,126.609,35.7772,125.904,35.0072,126.516,35.5448,127.28,36.3753,126.739,1
117,7020,27,23.2647,18.3971,14.9461,-54.361,15.431,-54.0525,15.2047,-54.8303,14.3941,-54.6887,14.6744,-53.9181,1
117,7020,28,32.2214,-15.6586,-17.5024,-49.793,-17.0958,-49.392,-17.0478,-50.4098,-17.9218,-50.2453,-17.8855,-49.2456,1
117,7020,47,12.7559,23.8186,50.7158,-73.354,51.0427,-74.1102,50.3139,-73.907,50.3705,-72.5097,51.1052,-72.743,2
117,7020,59,-19.4541,-5.50207,36.6536,-89.1337,36.6941,-89.8785,36.1099,-89.1495,36.6074,-88.4398,37.223,-89.1268,1
117,7020,64,33.1324,15.0971,45.367,40.8455,46.022,40.5805,45.0845,40.0359,44.6146,41.1644,45.6011,41.614,1
117,7020,74,34.8964,18.1498,65.4786,39.3203,66.0086,37.9061,64.8781,38.4396,64.853,40.9461,66.0073,40.234,1
117,7020,77,36.2142,-13.6323,-14.3799,131.704,-13.8312,132.092,-14.0162,130.852,-14.9697,131.249,-14.6771,132.439,1
117,7020,80,1.75517,23.1143,28.5145,2.99918,28.3642,2.45751,28.0269,3.09076,28.6944,3.5701,29.0327,2.92828,1
117,7020,96,27.9112,-1.03254,0.19114,25.9984,0.213079,25.4344,-0.427534,26.0635,0.163547,26.6124,0.757143,25.94,3
117,7020,97,-31.5739,-13.8966,28.6589,47.4892,28.6907,46.6267,28.0771,47.5324,28.6144,48.2426,29.2843,47.4158,1
118,7080,3,-37.568,-2.79149,22.9684,59.8819,22.6153,58.9924,22.3852,60.3956,23.2726,60.6572,23.6236,59.2818,1
118,7080,12,-24.4953,-12.5143,19.9221,-100.759,20.5503,-100.748,19.9095,-101.314,19.3549,-100.78,19.9502,-100.177,1
118,7080,13,-39.4991,-4.40886,-6.56116,-74.9821,-5.7361,-74.8279,-6.64099,-75.6675,-7.26977,-75.1154,-6.45597,-74.1992,1
118,7080,18,29.838,-19.6291,6.26008,103.085,6.27581,102.52,5.4911,103.078,6.21191,103.68,6.92734,103.074,1
118,7080,20,4.08427,22.4927,-78.7405,75.6211,-78.6818,73.1142,-79.2107,75.0455,-78.758,78.3317,-78.2526,76.2837,1
118,7080,31,-15.6458,22.1404,-80.8035,-22.8808,-80.5061,-20.3783,-80.3278,-24.544,-81.1067,-25.4782,-81.3307,-20.9576,1
118,7080,37,37.9719,-2.11969,65.319,-16.8428,65.716,-15.5801,65.7664,-18.3614,64.8606,-18.2465,64.9156,-15.5646,1
118,7080,47,-32.1068,8.00944,55.1314,-70.1052,55.6518,-70.8365,54.6297,-70.8388,54.6604,-69.4351,55.6884,-69.2449,1
118,7080,59,-37.9658,4.94403,41.5694,-86.5702,41.7885,-87.6291,40.8063,-86.5503,41.3807,-85.6398,42.4533,-86.5922,1
118,7080,64,3.65456,-20.9496,47.6322,43.187,48.1208,42.939,47.5559,42.3993,47.1569,43.3914,47.7183,43.9249,1
118,7080,77,19.3068,7.37258,-19.2669,135.684,-18.7626,135.92,-19.0743,135.134,-19.8114,135.435,-19.459,136.21,1
118,7080,80,34.1061,-10.4392,27.4876,6.12633,27.4545,5.46559,26.7616,6.31699,27.5021,6.85342,28.1194,5.94884,2
118,7080,89,-36.7256,-9.95377,-0.612448,-18.2791,-0.811159,-19.0524,-1.16335,-17.9965,-0.44804,-17.6103,-0.0071069,-18.6111,1
118,7080,96,-4.45402,-21.8504,3.62028,24.8988,3.53756,24.3485,3.09224,24.8702,3.67661,25.4158,4.12683,24.9037,1
119,7140,3,-37.1857,-2.17489,26.6261,60.7681,26.2829,59.8655,26.0416,61.2869,26.9228,61.5578,27.2826,60.1625,2
119,7140,13,12.6574,20.9901,-14.5256,-74.9426,-13.9919,-74.954,-14.496,-75.4591,-15.1074,-74.9088,-14.578,-74.4197,1
119,7140,18,-39.7706,8.30839,15.7882,102.089,15.9064,101.293,15.0495,102.216,15.6991,102.79,16.6579,101.944,5
119,7140,20,0.207481,23.3993,-75.9356,87.8219,-75.9812,85.8083,-76.4254,87.7518,-75.846,89.929,-75.417,87.9839,1
119,7140,29,34.312,14.5198,-63.2994,-38.1913,-62.7216,-37.4474,-63.0871,-39.5081,-63.9704,-39.0627,-63.5045,-36.984,1
119,7140,31,-21.4025,10.2648,-83.573,-22.4346,-83.2799,-18.6776,-83.1407,-25.0602,-83.8366,-26.3011,-84.032,-19.2208,1
119,7140,38,-12.903,-17.4623,26.6888,-11.6069,27.0859,-11.1776,27.063,-11.9606,26.3308,-12.0137,26.3275,-11.2414,1
119,7140,46,31.2453,23.8558,39.5263,-111.013,39.6233,-111.999,38.887,-111.062,39.4286,-109.851,40.1316,-110.913,1
119,7140,59,-34.4986,-21.5117,41.5913,-85.7774,41.606,-87.1023,40.9306,-85.7377,41.5457,-84.6659,42.2991,-85.8813,1
119,7140,61,32.4031,20.4676,10.3826,-74.9776,10.2392,-75.6881,9.79264,-74.7733,10.5698,-74.1511,10.9459,-75.1379,1
119,7140,64,31.7497,-5.92395,42.6691,46.8938,43.2481,46.8347,42.498,45.9897,42.0338,46.9428,42.8191,47.7027,1
119,7140,74,37.404,14.8283,64.2508,55.5108,64.953,54.5904,63.7221,54.2743,63.4209,56.571,64.6955,56.7085,1
119,7140,80,23.9025,-23.1,30.3107,6.49532,30.2177,5.89134,29.6102,6.54808,30.371,7.11575,30.9242,6.42422,1
119,7140,89,-27.5884,8.15385,3.83636,-14.9661,3.72523,-15.5263,3.30153,-14.78,3.95059,-14.4455,4.43096,-15.1661,1
119,7140,96,-33.7797,-18.1715,8.37878,25.0768,8.30658,24.2197,7.78308,25.1871,8.42244,25.8116,9.01536,24.9248,2
120,7200,3,-28.9528,-18.5326,28.1518,62.3304,27.6844,61.5284,27.6324,62.7343,28.5391,63.0457,28.6786,61.87,1
120,7200,18,-33.0811,-14.1402,16.2498,103.518,16.1913,102.715,15.6767,103.641,16.286,104.216,16.8664,103.359,2
120,7200,20,-36.9433,13.7275,-71.1376,86.3513,-70.992,84.3211,-71.8434,86.4615,-71.2271,88.2176,-70.3105,86.271,1
120,7200,23,-29.2829,7.1768,30.8837,132.233,30.6037,131.641,30.4332,132.638,31.1492,132.777,31.3868,131.782,1
120,7200,27,33.3747,-3.15421,5.48314,-54.4996,5.91601,-54.109,5.82092,-55.0847,5.00751,-54.9378,5.18226,-53.9789,2
120,7200,31,-19.1777,-16.2531,-84.9463,-27.3945,-84.5795,-22.3183,-84.5216,-30.233,-85.2292,-32.745,-85.3527,-23.7865,2
120,7200,38,-22.0323,-5.02162,21.7845,-11.3012,22.1437,-10.8412,22.1443,-11.6793,21.4529,-11.728,21.4082,-10.8985,1
120,7200,46,-35.6462,18.5594,46.9555,-112.547,47.241,-113.49,46.1869,-112.799,46.7183,-111.672,47.8592,-112.209,1
120,7200,51,-33.2465,1.90582,38.6184,25.2509,39.3524,25.3124,38.5115,24.4017,37.9592,25.2047,38.7327,26.2067,1
120,7200,59,-2.05263,23.9685,43.7286,-73.7323,43.8209,-74.4883,43.1968,-73.9781,43.6528,-72.9279,44.2887,-73.4284,1
120,7200,61,30.6537,-4.701,11.4706,-74.7064,11.445,-75.2895,10.8212,-74.5674,11.4886,-74.0686,12.0532,-74.8343,1
120,7200,64,28.8397,10.2415,39.7666,52.6557,40.3631,52.5809,39.6225,51.9103,39.1001,52.7496,39.8825,53.3572,1
120,7200,70,-30.1375,24.0815,-37.7216,-71.9437,-37.7987,-72.7495,-38.4758,-71.7694,-37.6011,-71.1813,-36.8308,-72.1092,2
120,7200,71,4.97858,-22.6258,-10.7411,-54.1221,-11.0135,-54.6187,-11.3071,-53.9475,-10.5017,-53.6361,-10.2216,-54.3059,1
120,7200,74,35.4908,16.1847,63.2781,63.758,63.9975,63.0837,62.8639,62.4634,62.4361,64.5432,63.6203,65.0072,1
120,7200,78,37.2131,-11.9609,-57.4519,156.995,-56.8188,157.457,-57.2959,155.33,-58.1464,156.415,-57.5578,158.429,1
120,7200,89,-11.2961,23.3553,7.65067,-11.4909,7.49344,-11.9659,7.13059,-11.3819,7.83629,-11.0111,8.2247,-11.5877,1
120,7200,96,-35.5948,8.60813,13.3842,29.2817,13.4901,28.5688,12.6975,29.3485,13.3026,29.9245,14.1746,29.2116,4
121,7260,3,-28.972,9.48205,34.7414,64.3163,34.4944,63.5539,34.1545,64.7278,34.9813,65.0212,35.402,63.8579,1
121,7260,4,-19.4672,19.5433,68.0161,92.7932,67.969,91.2226,67.3734,92.8798,68.0754,94.3467,68.7316,92.7515,2
121,7260,6,39.4778,4.01978,34.1904,-139.215,34.8972,-138.706,34.3706,-140.285,33.3624,-139.801,34.0135,-138.293,1
121,7260,13,-33.591,-5.14774,-15.4621,-68.5608,-14.7536,-68.4884,-15.5228,-69.18,-16.0891,-68.6279,-15.3823,-67.8769,1
121,7260,18,-35.2132,-4.24824,20.0065,106.416,20.0337,105.632,19.3964,106.541,19.9785,107.106,20.6865,106.265,1
121,7260,20,-25.3457,12.8228,-69.2505,95.7667,-69.2859,94.2551,-69.7994,96.044,-69.1887,97.1934,-68.6387,95.5066,1
121,7260,21,-36.6101,16.7484,-34.8483,118.217,-35.0497,117.445,-35.4694,118.673,-34.6346,118.903,-34.1056,117.705,1
121,7260,22,-29.5897,-19.7617,-3.40437,126.034,-3.87807,125.465,-3.81629,126.388,-3.00588,126.539,-2.99052,125.64,6
121,7260,24,-15.4309,-24.8798,66.4286,148.458,66.0913,147.17,65.948,148.893,66.7028,149.671,66.8874,147.948,1
121,7260,25,-17.4242,11.7068,71.2369,-75.2118,71.6912,-74.6358,71.4011,-76.6903,70.7877,-75.7122,71.0373,-73.6575,2
121,7260,27,37.4849,14.1166,-0.122473,-54.3402,0.451124,-53.906,0.138046,-54.9724,-0.805026,-54.8398,-0.378964,-53.7808,1
121,7260,31,39.8398,5.92887,-83.1586,-112.835,-83.773,-109.457,-82.5581,-108.899,-82.4164,-116.099,-83.6433,-116.949,1
121,7260,38,-32.659,4.122,17.0773,-10.6738,17.4335,-10.1128,17.5003,-11.1276,16.7469,-11.1756,16.6003,-10.1685,1
121,7260,45,28.1354,-5.0818,18.9795,-139.34,18.9981,-139.948,18.3213,-139.271,18.948,-138.682,19.5753,-139.405,1
121,7260,46,-18.2773,16.1195,46.8907,-107.296,47.0582,-108.042,46.3515,-107.55,46.7401,-106.557,47.4753,-106.989,1
121,7260,49,18.2138,-7.2236,6.39506,14.1681,6.90685,14.244,6.46194,13.5965,5.86496,14.0804,6.33795,14.7025,1
121,7260,51,30.2674,12.6749,30.4911,24.2561,31.1754,24.2104,30.3491,23.51,29.7154,24.322,30.5991,24.9563,1
121,7260,52,23.6441,-24.2164,7.63171,48.2215,8.2216,48.287,7.8209,47.4397,7.0401,48.1176,7.48908,48.9089,1
121,7260,58,19.7234,13.2987,20.5498,-102.766,20.5096,-103.391,19.9879,-102.701,20.6045,-102.083,21.0971,-102.81,1
121,7260,59,16.4134,10.1283,43.4355,-69.9294,43.587,-70.666,42.9037,-70.1119,43.2772,-69.1397,43.9503,-69.7317,2
121,7260,70,-27.1253,24.2891,-34.6533,-69.6048,-34.7683,-70.338,-35.3632,-69.4278,-34.4986,-68.9039,-33.824,-69.7733,1
121,7260,74,5.46903,18.2558,64.4916,74.1141,65.0027,73.773,64.3833,72.9357,63.9535,74.5039,64.5733,75.344,1
121,7260,75,23.2853,-4.72358,37.5818,109.092,38.1024,109.328,37.7377,108.337,37.0308,108.835,37.4368,109.786,7
121,7260,77,-26.6873,-17.0134,-25.6909,143.009,-24.9804,143.247,-25.5299,142.395,-26.314,142.779,-25.8313,143.661,3
121,7260,81,35.2613,-2.10442,58.0166,59.4537,58.3956,58.532,57.369,58.9004,57.5782,60.457,58.5864,59.9618,1
121,7260,82,-17.4789,-24.4749,54.1478,122.91,54.775,122.667,54.1296,122.024,53.5831,123.085,54.189,123.784,1
121,7260,89,-24.1762,-20.7399,8.00517,-12.8972,7.7359,-13.5274,7.51119,-12.7213,8.22548,-12.3322,8.50176,-13.1045,1
121,7260,96,-26.9582,6.04842,15.1465,32.264,15.1925,31.6543,14.5724,32.2981,15.1112,32.8322,15.7787,32.231,1
121,7260,98,31.0352,21.6167,44.1088,114.317,44.5995,113.586,43.6201,113.791,43.5478,115.177,44.5471,114.861,1
122,7320,3,13.028,-21.1769,33.9526,69.1794,33.6762,68.5672,33.3203,69.4399,34.1974,69.8008,34.5217,68.9136,1
122,7320,5,-32.3792,14.3011,65.715,-149.673,66.3611,-148.93,65.8923,-151.466,65.1054,-150.269,65.4701,-147.649,1
122,7320,6,38.0214,9.07502,30.2297,-137.355,30.9476,-136.888,30.4042,-138.305,29.383,-137.886,30.0494,-136.523,1
122,7320,18,-37.1542,-14.4648,22.1558,107.852,22.1217,106.912,21.5407,108.008,22.1683,108.653,22.8308,107.649,1
122,7320,21,-24.0942,12.2328,-32.1318,120.502,-32.371,119.947,-32.5935,120.845,-31.8883,121.022,-31.6154,120.14,1
122,7320,25,-28.5455,-12.4854,70.1748,-70.4716,70.7795,-69.7,70.3319,-71.9678,69.6376,-71.1486,70.0107,-68.8856,1
122,7320,31,-38.3193,-3.09977,-86.0906,150.072,-86.3281,138.71,-86.5742,157.098,-85.7749,158.614,-85.4906,143.898,1
122,7320,38,-19.5621,15.8912,12.3648,-12.6384,12.6808,-12.229,12.7804,-12.9899,12.0407,-13.0261,11.8986,-12.2658,1
122,7320,40,-25.7787,-0.209497,-22.2935,43.2693,-21.6836,43.3321,-22.308,42.6589,-22.8568,43.2128,-22.2727,43.9294,1
122,7320,45,-36.5546,-4.36135,26.0862,-142.099,26.1075,-142.996,25.4312,-141.934,26.0621,-141.316,26.8215,-142.299,1
122,7320,46,-16.6138,18.6477,48.6027,-102.15,48.7944,-102.903,48.0782,-102.483,48.4284,-101.395,49.1695,-101.751,1
122,7320,48,30.1937,19.2645,27.5773,-7.75676,28.2791,-7.81081,27.4665,-8.45185,26.7687,-7.67174,27.6485,-7.09346,1
122,7320,51,28.4968,-13.9015,30.0559,24.9586,30.6536,24.9856,30.0281,24.0836,29.4213,24.904,30.0885,25.7329,1
122,7320,58,-34.5559,-18.5014,24.4341,-107.271,24.3196,-108.299,23.7925,-107.109,24.5079,-106.395,25.1205,-107.489,1
122,7320,59,-8.82751,-19.531,45.9249,-70.5973,46.0332,-71.4483,45.407,-70.8593,45.7998,-69.8154,46.4374,-70.3674,1
122,7320,61,22.3402,-11.3551,17.5838,-71.5756,17.5448,-72.1116,16.9867,-71.5108,17.6084,-71.0151,18.1277,-71.645,1
122,7320,64,-26.5175,-17.3576,40.3125,61.319,41.0041,61.2482,40.2653,60.6147,39.6992,61.3605,40.382,62.0532,2
122,7320,70,-39.3859,-2.12826,-33.105,-71.0854,-33.2288,-72.1295,-33.7703,-70.6914,-32.9885,-70.1889,-32.3421,-71.5426,1
122,7320,74,12.1731,18.4702,61.7985,80.0097,62.3448,79.7875,61.7233,78.9024,61.2104,80.2802,61.8437,81.1373,3
122,7320,76,33.6046,23.4699,-2.2048,126.174,-1.43264,126.453,-2.05028,125.507,-3.13405,125.868,-2.39247,126.789,1
122,7320,89,-37.629,-15.2736,12.3647,-12.6384,12.1008,-13.4949,11.8146,-12.3327,12.5736,-11.9081,12.9604,-13.0058,1
122,7320,95,35.3541,-3.14894,-13.0972,13.5343,-13.0291,12.882,-13.8399,13.6354,-13.1804,14.2653,-12.4429,13.4459,1
122,7320,96,-15.6491,-9.91481,16.0285,34.5309,16.0087,33.9592,15.5316,34.5444,16.0373,35.0662,16.5368,34.5051,1
122,7320,97,-21.8073,8.65109,40.3345,67.7494,40.5089,67.0739,39.807,67.5736,40.1747,68.3953,40.9055,67.9534,1
123,7380,3,-24.1692,-2.45879,40.4599,66.8251,40.1854,66.0451,39.9459,67.218,40.7081,67.5515,41.0064,66.3911,1
123,7380,18,-16.0305,-12.3172,23.6808,112.625,23.6489,112.023,23.1902,112.64,23.6979,113.185,24.1802,112.595,1
123,7380,20,20.6272,-12.6138,-66.2767,110.991,-66.4614,109.862,-66.8014,111.552,-66.0909,112.155,-65.7986,110.473,1
123,7380,23,-31.3934,23.2046,43.8187,134.012,43.5644,133.274,43.2124,134.49,44.0885,134.696,44.5393,133.469,1
123,7380,35,-31.8456,-3.50991,61.0145,153.654,60.4906,152.822,60.7431,154.697,61.4786,154.425,61.2972,152.478,1
123,7380,38,-35.1972,14.6046,8.3762,-11.392,8.70481,-10.8178,8.88965,-11.8683,8.0554,-11.9025,7.76834,-10.8503,1
123,7380,46,25.5447,20.5552,46.5861,-94.5554,46.8218,-95.4485,46.0353,-94.835,46.3303,-93.5373,47.1083,-94.238,1
123,7380,48,-31.1342,8.54951,29.9241,-1.05828,30.5648,-0.925389,29.9178,-1.80347,29.3329,-1.16321,29.9187,-0.21883,1
123,7380,51,39.6436,6.48502,24.8258,28.4748,25.6303,28.5549,24.6221,27.5579,23.8807,28.3853,24.9832,29.2819,2
123,7380,70,-13.5445,16.5473,-29.5042,-65.2247,-29.6737,-65.8018,-30.0328,-65.0346,-29.314,-64.6574,-28.9278,-65.4096,1
123,7380,89,16.9661,14.7411,15.87,-4.96136,15.7118,-5.47316,15.3989,-4.80003,16.0532,-4.40928,16.3383,-5.10466,1
123,7380,95,27.7995,-8.70783,-10.0877,14.881,-10.0549,14.3196,-10.7453,14.9131,-10.1351,15.482,-9.49605,14.8453,1
123,7380,96,-38.8522,2.4624,21.3862,35.9614,21.5205,35.1186,20.6782,36.064,21.2738,36.6977,22.2042,35.8392,1
124,7440,1,-33.5388,-1.96669,-24.7054,45.1768,-24.9829,44.3593,-25.2827,45.5948,-24.4535,45.8997,-24.0638,44.7077,2
124,7440,3,38.4472,-11.37,40.3944,76.1484,40.2701,75.1842,39.473,76.6717,40.4968,77.2451,41.1686,75.6831,2
124,7440,11,-26.4992,-1.6732,28.8559,-111.467,29.4513,-111.438,28.8091,-112.082,28.3088,-111.493,28.9073,-110.802,1
124,7440,18,-26.394,20.1473,29.2247,116.981,29.2956,116.341,28.5964,116.922,29.1814,117.6,29.938,117.072,2
124,7440,35,-37.1222,5.58673,65.463,149.604,64.9152,148.509,65.1743,151.062,65.9498,150.594,65.78,147.89,1
124,7440,38,-28.3861,-2.25473,6.36451,-12.5848,6.74254,-12.1022,6.74,-12.9845,6.01982,-13.024,5.95936,-12.1473,1
124,7440,46,32.4809,6.70968,46.5721,-91.1563,46.9118,-91.9724,45.9364,-91.485,46.1861,-90.2437,47.1456,-90.8341,2
124,7440,48,-34.8497,-0.876191,28.1891,1.24414,28.9259,1.38969,28.1438,0.50051,27.5353,1.11995,28.2408,2.08038,1
124,7440,61,20.1694,16.5005,25.5721,-65.3868,25.5034,-65.9978,25.0553,-65.3058,25.6606,-64.715,26.0798,-65.4448,1
124,7440,66,-35.2667,-7.65563,-22.7371,114.367,-21.981,114.486,-22.7788,113.7,-23.3967,114.257,-22.6726,115.107,1
124,7440,70,39.1358,-0.0936755,-29.647,-58.7105,-29.8321,-59.542,-30.3728,-58.1749,-29.4336,-57.7528,-29.0135,-59.1627,1
124,7440,89,-25.6014,13.7781,20.9671,-6.65474,20.8698,-7.22974,20.4149,-6.49246,21.0752,-6.11028,21.5856,-6.82354,2
124,7440,95,-21.9948,17.9928,-2.36338,15.6546,-2.34101,15.1124,-2.9507,15.6437,-2.36193,16.1839,-1.70978,15.6849,1
125,7500,1,-25.0312,-1.3618,-21.4188,47.3408,-21.6915,46.6946,-21.9352,47.6767,-21.1643,47.9348,-20.8639,46.9777,1
125,7500,11,-30.8825,-1.47578,26.5231,-108.287,27.1696,-108.22,26.4725,-108.931,25.9393,-108.346,26.5803,-107.578,1
125,7500,18,-18.6455,-11.8927,29.1894,117.982,29.184,117.331,28.692,117.983,29.1815,118.584,29.701,117.966,1
125,7500,46,29.1175,-7.07928,47.6079,-88.2516,47.9486,-88.9526,47.0039,-88.7317,47.2251,-87.5144,48.1513,-87.8176,1
125,7500,58,-33.1181,1.76752,34.2287,-97.1972,34.3193,-98.0785,33.5611,-97.1252,34.148,-96.4065,34.9772,-97.2815,1
125,7500,61,26.0942,23.4149,28.62,-61.695,28.5282,-62.4347,28.0606,-61.6037,28.7451,-60.8472,29.1694,-61.7464,1
125,7500,63,36.0375,-10.0015,48.5364,27.5875,49.1383,27.3414,48.1671,26.5191,47.8624,27.8262,48.8547,28.5193,1
125,7500,66,-30.0016,-17.6967,-25.2768,115.59,-24.5243,115.6,-25.2951,114.969,-25.9329,115.564,-25.227,116.247,1
125,7500,80,33.7371,0.631747,48.5364,27.5875,48.6455,26.688,47.8653,27.6211,48.4035,28.589,49.1374,27.5626,1
125,7500,89,34.5946,-6.19886,19.8653,-0.796643,19.8013,-1.42931,19.1771,-0.558641,19.9217,-0.0925289,20.4693,-1.01128,1
125,7500,95,-23.4526,-8.5571,-1.33504,16.1738,-1.35583,15.567,-1.85902,16.2244,-1.32278,16.7293,-0.783847,16.1089,1
126,7560,1,-37.0379,-4.71876,-17.7825,46.4881,-18.1098,45.614,-18.3716,46.9522,-17.4964,47.244,-17.1231,45.9547,1
126,7560,3,2.64535,21.1205,52.0838,76.9084,51.8575,76.0604,51.5455,77.1665,52.3398,77.8038,52.6538,76.6708,6
126,7560,4,16.7912,-18.767,72.8998,135.638,73.2182,133.998,72.3757,134.185,72.5471,137.175,73.3792,136.986,1
126,7560,11,-38.2446,1.17478,24.2539,-104.671,25.0105,-104.508,24.1833,-105.416,23.5907,-104.805,24.3341,-103.815,1
126,7560,13,-18.4909,-0.4604,-30.0129,-55.7036,-29.4875,-55.7374,-30.0688,-56.2743,-30.5103,-55.6704,-29.9496,-55.1029,1
126,7560,21,20.5807,14.8124,-17.6908,126.815,-18.0124,126.372,-18.0807,127.153,-17.3258,127.292,-17.3005,126.503,1
126,7560,23,-33.1291,9.66805,53.6557,135.941,53.4008,134.985,53.1463,136.546,53.8953,136.815,54.2361,135.248,1
126,7560,25,20.5823,20.0802,51.606,-67.1032,52.1184,-66.7452,51.8099,-67.8558,51.0264,-67.4642,51.3785,-66.3844,2
126,7560,27,-0.723395,-20.33,-15.1199,-49.2976,-14.6817,-49.038,-14.7961,-49.6935,-15.526,-49.5615,-15.4131,-48.9068,1
126,7560,31,-38.1919,1.90621,-70.5027,160.615,-70.9072,158.689,-70.9288,162.2,-70.1263,162.228,-69.9988,158.87,1
126,7560,36,36.7818,2.37451,70.4654,-18.7936,70.8807,-17.2657,70.8646,-20.6092,69.9775,-20.4639,70.0922,-17.2596,1
126,7560,46,-19.8295,-24.3319,52.5784,-87.1115,52.8549,-88.1974,52.1086,-87.6068,52.3042,-86.178,53.062,-86.6545,1
126,7560,48,36.5274,12.361,16.6077,1.36651,17.355,1.44547,16.4958,0.614669,15.7341,1.2876,16.6835,2.04735,2
126,7560,49,-2.7964,20.4728,-9.23494,27.6587,-8.71966,27.6937,-9.14547,27.136,-9.77406,27.6442,-9.35,28.2092,1
126,7560,51,-29.4127,20.4293,20.5419,42.979,21.1693,43.1362,20.6451,42.2033,19.938,42.866,20.3953,43.8706,5
126,7560,58,-40.1832,-3.70593,37.1604,-95.6398,37.3031,-96.8075,36.4021,-95.4834,37.0309,-94.6463,38.0334,-95.8421,2
126,7560,63,-19.2613,-2.20527,51.3481,37.2598,51.8658,37.0291,51.1843,36.5042,50.8601,37.4707,51.5186,38.0593,1
126,7560,74,31.0765,-21.1564,52.786,91.246,53.3923,91.4161,52.9079,89.8111,52.1521,91.0101,52.6883,92.4738,1
126,7560,76,29.6992,24.5653,-16.0818,131.053,-15.3558,131.305,-15.9035,130.416,-16.9427,130.784,-16.2921,131.654,1
126,7560,80,35.6923,-21.1824,49.2368,29.3092,49.396,28.414,48.3449,29.0619,49.0188,30.2535,49.989,29.4943,1
126,7560,81,-18.8576,-12.2928,62.3409,95.546,62.8354,94.9633,62.11,94.619,61.8784,96.0467,62.5845,96.4999,1
126,7560,89,-2.43782,18.884,26.8039,-0.894576,26.6719,-1.41021,26.3288,-0.791458,26.957,-0.363214,27.3077,-0.984067,1
126,7560,95,30.0054,23.6175,0.468394,24.3716,0.379765,23.6553,-0.13098,24.4805,0.597992,25.2057,1.04851,24.3051,1
126,7560,98,-22.0645,-14.0678,46.2141,135.754,46.7599,135.311,45.9586,135.097,45.7117,136.133,46.4908,136.428,2
127,7620,2,-36.3403,-12.0531,19.5238,56.8571,19.0695,55.9765,18.9826,57.3439,19.8999,57.6196,20.106,56.2901,1
127,7620,11,-18.7679,3.26758,19.8602,-103.769,20.3788,-103.723,19.868,-104.304,19.3654,-103.807,19.8482,-103.199,1
127,7620,17,24.6402,-7.92332,6.16548,99.9732,6.16482,99.4477,5.56388,100.021,6.15467,100.53,6.71415,99.9238,2
127,7620,26,25.5936,14.1863,13.2685,-56.7884,13.7392,-56.4652,13.5255,-57.2736,12.7359,-57.136,13.0073,-56.3361,1
127,7620,46,23.1014,1.27908,49.6884,-76.4285,50.0582,-77.0581,49.2212,-76.9636,49.2868,-75.7628,50.1212,-75.9148,1
127,7620,58,-36.1941,-7.49982,38.9609,-92.2405,39.0653,-93.3377,38.2773,-92.1476,38.8574,-91.2926,39.724,-92.3692,2
127,7620,63,32.0563,10.1891,44.8132,40.1002,45.4341,39.9055,44.5617,39.2878,44.1106,40.3285,45.0246,40.861,1
127,7620,64,15.9372,23.7176,20.7718,74.5657,21.342,74.5728,20.8261,74.0153,20.1377,74.5834,20.6864,75.1194,1
127,7620,70,13.8445,18.2052,-16.4612,-57.2785,-16.7157,-57.8024,-16.9457,-57.0464,-16.1665,-56.7196,-15.9659,-57.4894,1
127,7620,89,12.1074,22.3693,29.7044,2.52382,29.5469,1.94255,29.2196,2.63666,29.8946,3.15434,30.2042,2.4357,1
127,7620,95,34.0622,3.76478,1.37177,25.6057,1.40762,24.9622,0.691087,25.7252,1.33207,26.3325,1.98472,25.5064,6
127,7620,96,-35.0047,8.50245,31.6956,48.2752,31.8707,47.4886,31.0157,48.2583,31.548,48.9866,32.4746,48.3031,4
127,7620,97,-21.4816,-9.04368,47.0967,88.6026,47.3817,87.8407,46.635,88.2631,46.8236,89.291,47.5837,88.9483,2
128,7680,2,-34.5675,-9.13795,23.4313,58.0243,23.0303,57.1851,22.8935,58.4921,23.7703,58.7623,24.0122,57.4851,1
128,7680,11,-20.8947,-0.718832,17.4565,-101.414,17.9974,-101.363,17.4618,-101.946,16.9484,-101.46,17.4514,-100.848,1
128,7680,17,-32.2899,21.871,14.7553,100.264,14.8212,99.6256,14.032,100.266,14.7272,100.867,15.6039,100.285,1
128,7680,18,-37.4867,-11.855,38.1396,125.597,38.2517,124.523,37.5033,125.666,38.0269,126.511,38.8477,125.49,1
128,7680,29,-38.2813,9.2758,-74.7333,67.7762,-74.3934,65.4253,-75.421,67.2526,-74.9983,69.9748,-73.9307,68.3579,1
128,7680,30,-24.2258,24.1726,-83.2045,-21.7182,-82.878,-18.1212,-82.6704,-24.4505,-83.5259,-25.4392,-83.8083,-18.2157,2
128,7680,36,36.5045,-0.366292,63.1732,-18.7838,63.5663,-17.6562,63.6027,-20.1,62.721,-20.0317,62.7821,-17.661,2
128,7680,46,-27.2842,-9.90762,54.5507,-72.8011,55.0136,-73.6605,54.1047,-73.3961,54.1235,-72.0549,55.0327,-72.1727,1
128,7680,58,-32.6865,16.0882,42.6972,-85.5658,42.9019,-86.4603,41.9586,-85.7019,42.5282,-84.7319,43.5496,-85.3801,2
128,7680,63,36.3281,5.78385,42.5678,43.4081,43.2376,43.3018,42.3016,42.5138,41.8,43.5314,42.7884,44.2173,1
128,7680,95,-3.64571,-18.4141,5.14867,23.9167,5.08607,23.3867,4.63574,23.9,5.19031,24.4203,5.64452,23.9145,2
129,7740,2,-30.4402,8.82406,28.8534,60.0892,28.5963,59.3525,28.2627,60.5015,29.1011,60.7646,29.5212,59.6275,2
129,7740,17,-29.4915,2.96334,15.8498,101.501,15.8721,100.863,15.2779,101.578,15.8335,102.086,16.4815,101.416,8
129,7740,26,20.0624,19.6009,5.42429,-55.3417,5.8949,-55.0528,5.69282,-55.7726,4.89175,-55.6459,5.13961,-54.9298,1
129,7740,29,-38.4427,-6.94252,-73.5771,73.9112,-73.3652,71.1919,-74.216,73.9687,-73.7344,76.3,-72.8544,73.7993,1
129,7740,30,-33.9823,16.1423,-86.336,-9.72223,-85.8926,-2.98769,-85.8721,-17.2321,-86.7098,-17.1693,-86.7872,1.33416,1
129,7740,37,-39.1714,4.27186,22.5574,-11.3255,22.9322,-10.6018,23.0333,-11.8868,22.2176,-11.9499,22.0022,-10.679,1
129,7740,46,-21.2737,-8.3001,53.8475,-66.2757,54.2947,-66.9621,53.4757,-66.9132,53.4273,-65.6642,54.2411,-65.6093,1
129,7740,58,-36.7502,-10.177,43.6061,-85.4807,43.7621,-86.7052,42.9159,-85.4382,43.454,-84.4362,44.3762,-85.5611,1
129,7740,63,-7.82265,21.4898,42.9567,52.1294,43.4501,52.0441,42.9444,51.4216,42.4506,52.2471,42.9437,52.8929,2
129,7740,73,39.4289,4.51673,63.8587,53.7074,64.5717,53.0152,63.299,52.2924,63.023,54.4721,64.3254,55.0058,1
129,7740,77,36.2754,9.51771,-57.6287,155.287,-56.9088,155.625,-57.6269,153.89,-58.4635,154.893,-57.6356,156.539,1
129,7740,95,39.2834,-10.5494,5.1918,29.751,5.31491,29.0775,4.28608,29.8276,5.02826,30.5086,5.95881,29.6782,2
130,7800,2,-32.2784,20.2104,33.8782,61.1673,33.6493,60.3631,33.1523,61.5952,34.1234,61.909,34.738,60.6827,1
130,7800,12,-37.9161,15.5184,-15.3032,-70.1149,-14.6141,-69.9237,-15.2999,-70.9081,-15.9296,-70.2595,-15.3195,-69.1751,1
130,7800,17,-31.9155,-18.4746,17.2501,102.12,17.1549,101.293,16.6831,102.229,17.3131,102.836,17.8496,101.971,6
130,7800,29,-35.3939,21.5368,-69.0781,89.8194,-69.0063,88.0399,-69.824,89.9685,-69.0914,91.4802,-68.1897,89.7173,1
130,7800,30,36.5998,-12.7321,-83.0656,-82.6281,-83.36,-78.0438,-82.2828,-80.5908,-82.673,-87.1375,-83.7319,-84.6864,1
130,7800,37,-37.3663,-12.6381,20.6037,-12.0072,21.1336,-11.3053,20.9947,-12.5309,20.1568,-12.6095,20.1856,-11.411,1
130,7800,45,-19.9397,21.1199,46.2685,-111.602,46.4267,-112.365,45.6923,-111.88,46.1334,-110.838,46.904,-111.253,1
130,7800,58,-25.6774,24.4762,46.6996,-75.6835,46.9014,-76.5325,46.0203,-76.0428,46.5333,-74.8392,47.4727,-75.2178,3
130,7800,73,-8.93769,23.9825,66.3937,70.3216,66.9121,69.9336,66.3027,68.9129,65.863,70.7754,66.4525,71.878,2
130,7800,95,-31.7338,-0.88491,13.6264,27.7223,13.6705,27.0312,13.0299,27.7988,13.587,28.3445,14.2861,27.6327,3
131,7860,2,-26.2816,10.1039,35.961,62.6836,35.7183,61.9499,35.3901,63.0698,36.1996,63.3704,36.598,62.2594,1
131,7860,3,-30.45,20.1936,70.1145,90.2276,70.128,88.2213,69.3389,90.3784,70.1172,92.1249,71.0174,90.1111,2
131,7860,4,-12.2785,23.4222,65.8322,-158.824,66.4026,-158.634,65.9768,-160.303,65.2433,-158.936,65.6308,-157.233,1
131,7860,5,37.3606,-0.78735,33.6406,-140.998,34.2815,-140.516,33.8713,-142.01,32.9104,-141.547,33.4281,-140.12,1
131,7860,12,-4.82205,23.6861,-20.656,-69.897,-20.1531,-69.9181,-20.6012,-70.448,-21.182,-69.8476,-20.737,-69.3059,1
131,7860,17,-28.3028,11.3684,21.9815,107.045,22.0319,106.419,21.3849,107.075,21.9478,107.632,22.6497,107.023,1
131,7860,21,-13.4418,-21.0118,-1.54262,125.413,-1.92322,124.99,-1.95589,125.682,-1.20833,125.812,-1.14755,125.129,1
131,7860,24,-28.0927,19.8608,68.9342,-71.4839,69.4052,-70.6454,69.2198,-73.0434,68.4663,-72.1879,68.5733,-69.7775,2
131,7860,26,21.0994,9.99837,-1.22006,-54.8069,-0.799617,-54.5077,-0.953758,-55.2411,-1.68197,-55.125,-1.4853,-54.3961,1
131,7860,30,15.0731,-22.7993,-85.9556,-110.613,-86.3045,-105.079,-85.5869,-104.064,-85.5644,-114.909,-86.2535,-117.409,1
131,7860,37,-29.5637,20.0072,13.5588,-13.7679,13.8769,-13.267,14.0735,-14.1882,13.2315,-14.2255,12.9526,-13.3029,1
131,7860,45,28.3823,21.6993,44.1277,-103.806,44.3132,-104.748,43.533,-103.986,43.9271,-102.716,44.6899,-103.583,1
131,7860,48,22.3116,-9.20757,4.97657,12.2671,5.50415,12.3574,5.05117,11.653,4.42554,12.1602,4.91535,12.831,1
131,7860,49,34.4708,-2.99852,-24.4497,34.5134,-23.8173,34.6575,-24.4622,33.6869,-25.1544,34.3415,-24.4351,35.2444,1
131,7860,50,-27.067,15.9619,33.461,27.9284,34.0775,28.0117,33.4693,27.1283,32.873,27.8789,33.4284,28.8312,1
131,7860,58,18.413,23.3857,44.5743,-68.67,44.7215,-69.5433,44.0298,-68.9124,44.4267,-67.6873,45.1102,-68.3783,1
131,7860,63,38.1106,-9.69895,36.5601,52.5234,37.2092,52.6075,36.4317,51.4788,35.832,52.4054,36.6696,53.419,1
131,7860,73,31.1261,20.7176,61.0721,72.564,61.7921,72.1537,60.8308,71.3198,60.2377,73.0649,61.256,73.7794,3
131,7860,74,17.9372,14.9525,34.7481,109.199,35.2966,109.392,34.8882,108.558,34.1454,109.01,34.5895,109.82,3
131,7860,76,-32.5335,-19.7578,-26.4266,141.779,-25.5713,142.047,-26.2903,141.098,-27.1519,141.526,-26.5324,142.516,1
131,7860,79,-27.2508,15.2681,-34.1607,-71.791,-34.2691,-72.5165,-34.7856,-71.5687,-34.032,-71.1105,-33.4513,-72.0195,1
131,7860,80,22.124,15.2567,60.1315,63.2144,60.4424,62.2946,59.6882,62.6665,59.7925,64.2271,60.5483,63.7902,2
131,7860,81,-2.01187,-21.041,51.553,121.972,52.0674,121.844,51.5707,121.153,51.0649,122.059,51.5509,122.754,2
131,7860,88,-34.4576,16.7321,13.5589,-13.7679,13.4916,-14.4223,12.8903,-13.5598,13.6458,-13.1689,14.3431,-13.9952,1
131,7860,95,30.0054,5.59029,12.7045,34.9411,12.7392,34.3241,12.0828,35.0142,12.6681,35.6279,13.2765,34.883,1
132,7920,2,-31.5693,-5.10286,38.1469,62.3813,37.8215,61.4903,37.6055,62.8553,38.4288,63.1834,38.7331,61.8399,2
132,7920,5,18.2493,-12.3962,32.0636,-137.475,32.5643,-137.169,32.366,-138.151,31.5567,-137.804,31.7923,-136.85,1
132,7920,12,21.1422,17.475,-24.592,-69.3948,-24.0264,-69.418,-24.6207,-69.9727,-25.2181,-69.35,-24.5832,-68.8295,2
132,7920,17,-35.2724,21.4844,26.238,109.904,26.367,109.181,25.4669,109.876,26.1526,110.579,27.1543,109.965,1
132,7920,24,29.8516,-18.2025,66.5444,-83.8363,67.0558,-83.3808,66.7473,-85.5983,66.0112,-84.3615,66.3667,-82.3116,1
132,7920,29,-2.20836,-21.2454,-67.7742,101.762,-67.9827,100.513,-68.2629,102.074,-67.5867,102.94,-67.3123,101.425,1
132,7920,30,-38.3869,10.412,-82.7327,154.263,-83.0015,148.842,-83.2624,158.311,-82.4271,158.653,-82.0679,150.281,3
132,7920,37,-28.9161,-8.48425,12.5636,-14.1717,12.9828,-13.6645,12.9321,-14.5806,12.1915,-14.6296,12.1755,-13.7238,1
132,7920,44,-36.939,17.202,29.2525,-141.568,29.3829,-142.389,28.4528,-141.522,29.1618,-140.819,30.2021,-141.602,1
132,7920,45,34.0204,3.24444,44.2566,-101.35,44.5548,-102.175,43.5647,-101.588,43.9132,-100.43,44.875,-101.122,1
132,7920,50,-33.3341,24.2973,30.5073,32.4575,31.1858,32.6349,30.6007,31.4826,29.8586,32.3461,30.3568,33.6153,1
132,7920,57,-39.2944,-4.4532,27.251,-108.076,27.3023,-109.108,26.5248,-107.874,27.201,-107.192,28.0797,-108.326,1
132,7920,58,-13.2482,-22.8985,46.8225,-71.9687,46.9284,-72.9222,46.2923,-72.2557,46.6971,-71.1133,47.3505,-71.722,2
132,7920,70,33.9192,2.55542,-1.04959,-50.1535,-1.26349,-50.7886,-1.66951,-49.7697,-0.809116,-49.4376,-0.49025,-50.4913,1
132,7920,73,-3.41594,24.1689,61.476,82.8783,62.0147,82.7529,61.4962,81.7184,60.9106,83.0627,61.4167,84.1198,3
132,7920,75,26.2764,16.8811,-2.45085,124.762,-1.84793,125.008,-2.26844,124.19,-3.13782,124.501,-2.64834,125.301,1
132,7920,79,38.2341,8.98509,-34.0826,-63.007,-34.3183,-63.9021,-34.7323,-62.4568,-33.792,-61.969,-33.4949,-63.4684,1
132,7920,88,18.3736,17.7126,14.4744,-7.87071,14.2982,-8.396,13.9969,-7.70424,14.6826,-7.2982,14.9519,-8.01561,1
132,7920,95,34.5239,-11.0511,13.7426,36.6055,13.843,35.9811,12.952,36.6174,13.6102,37.2882,14.4296,36.5859,1
132,7920,96,38.6864,-8.70333,35.1866,68.9281,35.5015,68.1955,34.3354,68.6958,34.8078,69.7386,35.9149,69.1237,1
132,7920,97,-30.9699,-4.6728,49.8059,116.32,50.3563,115.697,49.3874,115.689,49.3083,116.864,50.2665,117.014,1
133,7980,2,37.8389,1.8166,39.757,73.3552,39.5699,72.3774,39.0074,73.9238,39.9584,74.4887,40.4147,72.8574,2
133,7980,8,39.8086,2.3749,-75.0779,-81.6181,-74.2641,-81.2345,-75.2385,-85.1639,-76.0262,-82.138,-74.9063,-78.6104,1
133,7980,17,18.5197,17.8319,24.8029,115.988,24.7874,115.382,24.2892,115.999,24.8344,116.653,25.3099,116,1
133,7980,20,40.3161,-3.31513,-28.9259,125.599,-29.2221,124.898,-29.5149,126.259,-28.59,126.406,-28.4176,125.039,1
133,7980,22,-36.5239,-7.57206,42.8558,130.424,42.4582,129.541,42.4188,131.004,43.1915,131.204,43.3303,129.751,1
133,7980,30,-37.8223,16.4978,-78.2973,157.29,-78.5954,154.132,-78.8582,159.881,-77.9751,159.926,-77.594,154.584,1
133,7980,34,-22.951,-12.7487,62.3217,152.669,61.8153,151.967,62.0491,153.586,62.7724,153.347,62.5854,151.678,1
133,7980,35,37.7735,-1.80316,80.282,-23.4376,80.7045,-20.4084,80.6694,-27.4266,79.7768,-26.6035,79.9072,-20.2244,1
133,7980,45,-33.1095,-1.00786,51.7156,-100.926,52.0497,-101.952,51.1062,-101.206,51.4115,-100.02,52.3954,-100.613,1
133,7980,47,27.6578,14.3055,24.3737,-6.43155,25.0101,-6.43045,24.3054,-7.08769,23.6572,-6.41696,24.415,-5.80911,1
133,7980,50,-35.5889,1.46558,29.9386,33.2488,30.7095,33.4102,29.882,32.4381,29.254,33.1152,29.9998,34.1696,2
133,7980,58,-34.4301,-21.7067,50.5341,-69.229,50.7751,-70.7474,49.885,-69.4247,50.2955,-67.9752,51.239,-69.0837,1
133,7980,73,26.0449,21.8096,56.8428,84.2119,57.5262,84.0885,56.7646,83.1233,56.0627,84.3909,56.8763,85.277,7
133,7980,75,19.0477,3.33875,-4.35634,126.073,-3.86822,126.306,-4.15072,125.552,-4.87704,125.827,-4.55635,126.568,2
133,7980,79,22.2064,7.24002,-30.1599,-63.9032,-30.3626,-64.5193,-30.6756,-63.6096,-29.9306,-63.2401,-29.6652,-64.169,2
133,7980,88,32.4403,8.4007,16.4148,-5.25783,16.2829,-5.88766,15.8413,-4.99703,16.5685,-4.54604,16.9439,-5.48504,2
133,7980,94,27.8927,-2.68242,-8.33739,14.0415,-8.31188,13.4749,-8.96323,14.1012,-8.36983,14.6563,-7.76687,13.9867,1
133,7980,95,-29.8627,-17.1459,20.4133,34.1884,20.374,33.3804,19.8456,34.2496,20.4292,34.8952,21.0126,34.0939,1
134,8040,0,-20.2701,20.7314,-21.6371,45.5972,-21.8849,45.0128,-22.2416,45.8799,-21.363,46.1592,-20.9509,45.3068,1
134,8040,1,-39.5141,-6.24548,10.7872,52.1884,10.3849,51.276,10.2036,52.7111,11.1257,52.9679,11.442,51.5723,1
134,8040,2,-11.8425,14.2709,46.3619,68.8366,46.1444,68.1005,45.833,69.1423,46.5903,69.5679,46.9322,68.5236,1
134,8040,9,-37.5432,12.9102,-54.2019,23.4976,-54.1693,22.1075,-55.0199,23.8519,-54.1901,24.7418,-53.2325,23.119,1
134,8040,17,-34.4278,-8.52381,29.23,112.967,29.2696,112.108,28.6321,113.063,29.1849,113.719,29.8882,112.843,1
134,8040,20,-31.7433,-1.36775,-23.7327,118.609,-24.0335,117.992,-24.1743,119.001,-23.4589,119.162,-23.2467,118.176,2
134,8040,22,-13.6843,-12.9151,45.83,134.34,45.5269,133.731,45.4317,134.702,46.1015,134.925,46.2237,133.954,1
134,8040,35,39.7956,-5.87402,76.9323,-23.6937,77.3482,-21.2979,77.3824,-26.9162,76.4426,-26.2942,76.5194,-21.1066,1
134,8040,45,-36.0187,3.1196,53.5492,-94.895,53.9855,-95.9299,52.9049,-95.3038,53.1613,-93.9857,54.2821,-94.4143,1
134,8040,47,-28.6403,8.00832,25.7328,0.0150133,26.3437,0.139482,25.7482,-0.66777,25.1636,-0.0860552,25.7049,0.774628,1
134,8040,50,6.61106,23.2065,22.6902,33.8236,23.2598,33.7945,22.7365,33.2321,22.0755,33.8826,22.6122,34.4367,1
134,8040,58,-35.3239,-19.1483,52.2635,-63.6052,52.6006,-65.1061,51.6157,-63.8699,51.9472,-62.3686,52.9767,-63.3731,1
134,8040,65,-34.8932,6.4736,-25.3062,114.224,-24.6402,114.391,-25.3143,113.499,-25.9077,114.085,-25.297,115.051,1
134,8040,73,27.1015,0.916141,55.6775,85.8267,56.2656,85.9051,55.6304,84.7021,55.0363,85.7415,55.7083,86.8645,9
134,8040,79,-32.3772,-20.8485,-27.2926,-69.394,-27.6564,-70.3231,-27.8527,-69.0798,-26.9963,-68.5976,-26.7135,-69.7639,1
134,8040,88,28.5784,-9.44979,18.433,-4.81556,18.3462,-5.37531,17.8088,-4.6344,18.5106,-4.21206,18.9906,-4.98662,1
134,8040,94,31.1032,-1.79287,-5.76427,16.7101,-5.72882,16.1159,-6.42714,16.7914,-5.80801,17.3647,-5.16676,16.6379,1
135,8100,0,-16.4667,13.0692,-19.0349,46.6516,-19.282,46.108,-19.5593,46.9334,-18.7759,47.1754,-18.4614,46.3617,1
135,8100,17,-28.8114,18.7569,33.2217,118.804,33.3314,118.119,32.5773,118.726,33.1407,119.458,33.9567,118.917,3
135,8100,35,39.8259,-1.29698,72.6557,-22.7449,73.0833,-20.9014,73.0824,-25.0939,72.1485,-24.779,72.2635,-20.8149,2
135,8100,45,-1.58639,-23.7442,50.4992,-91.5861,50.7174,-92.4214,50.0458,-92.1072,50.2678,-90.8274,50.9393,-91.117,1
135,8100,47,34.4617,16.1512,18.0424,-1.8362,18.7853,-1.79649,17.9406,-2.54913,17.1748,-1.86406,18.1057,-1.17751,1
135,8100,57,-26.3579,21.2349,36.1145,-95.8256,36.2047,-96.5799,35.4189,-95.9235,36.0557,-95.0924,36.9076,-95.6816,1
135,8100,79,-31.03,8.49354,-21.023,-66.2491,-21.1731,-66.9416,-21.6253,-65.965,-20.8688,-65.6176,-20.3411,-66.5591,1
135,8100,88,21.0639,19.2096,24.3439,-2.21068,24.1768,-2.80271,23.8488,-2.04367,24.5449,-1.55578,24.8363,-2.3511,1
135,8100,94,30.8564,-3.93709,-3.1299,18.8672,-3.09161,18.2821,-3.80091,18.9378,-3.17957,19.508,-2.52731,18.8022,1
136,8160,1,-31.7054,20.1872,20.7499,55.6722,20.5082,54.9718,20.0395,56.0609,21.009,56.3177,21.5902,55.2362,1
136,8160,2,15.7903,21.6662,52.8338,77.3793,52.5945,76.416,52.2824,77.6714,53.1121,78.4423,53.3975,77.1247,8
136,8160,12,-31.6176,-11.1879,-29.484,-56.4662,-28.7678,-56.5398,-29.6102,-57.1078,-30.1159,-56.411,-29.326,-55.7775,1
136,8160,14,-38.3635,1.86522,-39.293,35.4235,-38.9296,34.5483,-39.9687,35.2539,-39.5993,36.2011,-38.5149,35.6111,1
136,8160,22,-5.30272,-19.0531,52.5584,137.471,52.2621,136.784,52.1202,137.819,52.8195,138.141,52.9736,137.1,1
136,8160,24,31.1237,-3.85973,51.3903,-71.2971,51.8627,-70.8201,51.6274,-72.2557,50.8741,-71.819,51.1722,-70.4436,1
136,8160,25,37.9071,0.801834,15.9229,-61.0673,16.4105,-60.6143,16.2379,-61.763,15.3664,-61.5858,15.6402,-60.4615,1
136,8160,26,-23.4145,-23.9472,-16.2449,-49.5319,-15.6239,-49.2089,-15.952,-49.9833,-16.7795,-49.8367,-16.513,-49.0559,5
136,8160,35,36.2486,-6.57382,69.4297,-21.0152,69.8012,-19.5882,69.9026,-22.7379,69.0114,-22.5775,69.0072,-19.5689,1
136,8160,45,8.12154,-24.9783,50.4754,-86.0024,50.7389,-86.7766,50.0221,-86.6558,50.1941,-85.2921,50.9032,-85.4228,1
136,8160,47,32.4117,-7.03186,17.3064,-0.99351,17.909,-0.875118,17.3108,-1.76803,16.6472,-1.13641,17.3047,-0.30753,1
136,8160,48,30.2374,-20.4176,-9.37695,21.1375,-8.7967,21.2678,-9.20788,20.3162,-9.98045,20.9652,-9.50218,21.8504,1
136,8160,50,38.8487,5.53519,15.8377,34.6575,16.6114,34.7921,15.7132,33.7938,14.935,34.5036,15.9299,35.417,1
136,8160,57,-33.7644,-5.8159,37.3457,-96.0932,37.4296,-97.0819,36.6911,-96.0171,37.2618,-95.2242,38.0701,-96.1958,1
136,8160,63,29.0586,-18.6293,24.521,67.114,25.07,67.2159,24.6266,66.3018,23.9478,66.9768,24.4418,67.8246,1
136,8160,65,-25.3453,20.8764,-32.572,119.794,-32.0182,119.86,-32.5238,119.053,-33.1117,119.763,-32.643,120.635,1
136,8160,72,4.6266,23.1806,68.6813,33.1971,69.0169,31.9825,68.3045,32.1546,68.3306,34.5055,69.0495,34.3777,1
136,8160,73,-31.4197,16.9272,51.7722,102.62,52.3697,103.058,51.961,101.5,51.2021,102.263,51.5238,103.891,1
136,8160,75,25.8362,2.52456,-15.0883,128.696,-14.5682,128.969,-14.8802,128.095,-15.6543,128.398,-15.2847,129.254,1
136,8160,79,32.1575,15.2801,-19.2401,-58.4223,-19.532,-59.1142,-19.7933,-58.0278,-18.8859,-57.6357,-18.7127,-58.7629,2
136,8160,80,28.3478,12.7394,56.947,97.9703,57.4981,97.5627,56.6666,97.0621,56.3309,98.434,57.1888,98.8503,1
136,8160,88,29.9461,-6.86631,25.047,-0.807919,24.9809,-1.41162,24.4177,-0.623548,25.1049,-0.150887,25.6099,-0.979943,1
136,8160,94,34.0342,-6.10485,-0.80925,21.3131,-0.748297,20.7003,-1.5471,21.3909,-0.889032,21.9907,-0.159365,21.241,1
137,8220,1,-22.686,7.52811,22.4993,57.2067,22.2382,56.607,21.9741,57.5391,22.7549,57.7724,23.0739,56.8485,1
137,8220,16,40.42,0.449792,6.8853,100.732,6.95563,100.01,6.0767,100.925,6.79646,101.57,7.58374,100.571,1
137,8220,25,14.4164,-24.7588,14.8818,-58.5201,15.3189,-58.247,15.3002,-58.9781,14.4695,-58.8103,14.5206,-58.094,1
137,8220,35,40.1085,-3.43933,65.3227,-22.3591,65.7302,-21.0182,65.7938,-24.0271,64.8485,-23.8675,64.9037,-20.9772,2
137,8220,39,-17.709,19.7443,-80.7554,-26.4389,-80.4581,-23.9328,-80.292,-28.202,-81.0521,-29.0102,-81.2664,-24.3847,1
137,8220,45,23.8676,13.1929,49.759,-74.5144,50.1603,-75.1947,49.3107,-75.0559,49.3196,-73.7608,50.1742,-73.9658,1
137,8220,57,-24.0358,10.4977,40.0065,-90.0636,40.1198,-90.8295,39.4018,-90.1425,39.9087,-89.3348,40.6711,-89.9617,1
137,8220,62,-35.0606,-1.79425,49.8364,43.5637,50.5567,43.4895,49.6466,42.6382,49.1989,43.6298,50.0467,44.6079,1
137,8220,79,-35.235,-16.4866,-16.451,-65.3271,-16.8082,-66.203,-17.007,-64.972,-16.158,-64.5772,-15.86,-65.7421,2
137,8220,88,39.4522,-9.48597,27.2349,2.15929,27.2379,1.417,26.3995,2.41373,27.2061,3.00056,27.9431,1.93299,1
137,8220,89,-32.3577,-9.00073,58.7035,29.6193,58.8281,28.2863,58.133,29.5901,58.5754,30.7857,59.3268,29.6227,1
137,8220,94,36.6816,-7.87952,1.54523,23.7525,1.6315,23.1113,0.737001,23.8356,1.43178,24.4681,2.24462,23.6753,4
137,8220,95,-40.1324,1.33041,32.949,46.1701,33.1644,45.2062,32.2165,46.2256,32.7642,47.0018,33.8002,46.0988,3
137,8220,96,32.7534,20.2557,43.1587,94.322,43.5516,93.475,42.579,93.9548,42.7097,95.3161,43.6849,94.7135,1
138,8280,0,-27.9838,3.53912,-8.81597,47.591,-9.08709,46.9624,-9.35788,47.9399,-8.55858,48.1664,-8.21807,47.2093,1
138,8280,16,-4.09368,24.5147,14.2842,101.079,14.2232,100.56,13.7636,101.059,14.3735,101.623,14.8443,101.127,1
138,8280,20,23.2117,-22.3894,-11.55,125.127,-11.8438,124.692,-12.1408,125.458,-11.2752,125.584,-11.0377,124.818,1
138,8280,28,-40.4779,2.02005,-73.7959,68.6915,-73.4771,66.1077,-74.4984,68.5383,-74.0382,71.014,-72.9776,68.8438,1
138,8280,30,-39.0505,12.2501,-59.824,158.054,-60.1856,156.777,-60.3312,159.161,-59.4737,159.141,-59.2052,156.804,1
138,8280,39,-39.1226,11.5488,-84.0316,-7.88106,-83.5138,-3.0387,-83.6182,-13.6613,-84.4661,-12.7566,-84.4395,-0.101973,1
138,8280,45,28.7759,13.3617,49.1489,-68.8598,49.6265,-69.5221,48.681,-69.4649,48.6145,-68.1126,49.5717,-68.259,1
138,8280,57,-30.422,-9.80804,41.623,-89.2479,41.72,-90.2521,41.0078,-89.2492,41.5216,-88.3613,42.2889,-89.27,1
138,8280,62,-37.9952,14.3178,46.7949,50.3235,47.5067,50.48,46.6987,49.225,46.1532,50.224,46.8808,51.6281,1
138,8280,72,37.4173,11.0119,64.4965,48.4838,65.1706,47.5863,63.9502,47.2446,63.7059,49.4995,64.9593,49.6676,1
138,8280,88,37.1786,8.0425,32.0691,5.33434,32.0126,4.52867,31.4071,5.61889,32.1342,6.26709,32.6637,5.09364,2
138,8280,89,-37.8278,3.26295,62.028,37.1213,62.3323,35.683,61.3628,36.9124,61.7554,38.3716,62.7922,37.372,2
138,8280,94,34.5208,3.89623,5.40765,26.7484,5.45136,26.0958,4.71905,26.866,5.3584,27.4871,6.02645,26.6511,1
139,8340,1,15.9652,13.9253,29.1347,63.3485,28.8534,62.7572,28.6373,63.6617,29.449,63.9839,29.6324,63.0552,1
139,8340,9,-37.6643,-7.27305,-39.9967,33.6099,-40.2507,32.4338,-40.6284,34.1153,-39.773,34.6148,-39.2901,33.0283,1
139,8340,16,-22.1172,3.86876,16.8058,100.958,16.8084,100.392,16.2851,101.004,16.8073,101.492,17.3664,100.911,7
139,8340,17,-27.7659,-19.6779,40.2527,128.931,40.3073,127.972,39.7061,128.868,40.1808,129.767,40.8255,128.96,1
139,8340,23,35.6751,5.67788,71.6779,-99.2836,72.3149,-99.0947,71.5582,-101.388,70.9503,-99.4745,71.7548,-97.3754,1
139,8340,27,38.2843,10.8375,-67.0637,-42.0202,-66.4629,-41.0568,-66.8537,-43.7461,-67.7647,-43.1898,-67.2532,-40.4728,1
139,8340,28,-35.0008,-4.68465,-72.4628,78.494,-72.3644,76.1646,-73.0567,78.706,-72.5285,80.5639,-71.8012,78.2417,1
139,8340,39,14.0179,-21.7959,-83.4157,-55.9422,-83.3031,-51.6792,-82.8257,-56.0428,-83.4659,-60.2852,-83.9519,-55.6497,1
139,8340,44,-38.1054,-1.81793,45.7055,-120.788,45.9425,-121.925,45.0011,-120.798,45.4929,-119.807,46.5101,-120.789,1
139,8340,45,40.4165,3.51017,47.3226,-65.1025,47.9858,-65.6917,46.6627,-65.9039,46.5415,-64.4334,47.8817,-64.38,2
139,8340,57,31.5361,-17.0759,38.2002,-81.6094,38.398,-82.3661,37.3763,-81.8713,37.9538,-80.8173,38.9168,-81.3984,1
139,8340,62,-7.30509,21.6888,41.6921,51.5609,42.1869,51.4898,41.6918,50.8679,41.183,51.664,41.6661,52.3068,1
139,8340,88,33.8446,-19.7061,33.0371,5.31191,33.0276,4.61474,32.2027,5.40172,33.0087,6.06121,33.7465,5.21273,1
139,8340,94,15.1731,-16.3295,8.21055,26.3156,8.19607,25.8038,7.63127,26.2857,8.20577,26.8306,8.74505,26.3284,1
140,8400,1,-28.033,20.2301,34.889,59.7322,34.6516,58.9889,34.2166,60.1118,35.1434,60.4317,35.6708,59.3142,1
140,8400,3,33.2123,17.6278,64.6062,-173.873,65.4033,-174.018,64.4217,-175.495,63.6766,-173.669,64.7286,-172.337,1
140,8400,11,-23.8775,23.608,-18.2485,-72.0786,-17.7015,-72.0254,-18.1748,-72.7394,-18.7894,-72.0968,-18.3543,-71.3273,1
140,8400,16,15.4528,-23.138,15.5989,104.14,15.5545,103.602,14.9792,104.078,15.6141,104.672,16.1596,104.174,2
140,8400,28,-34.3582,11.8632,-68.4172,89.2347,-68.389,87.5085,-69.0586,89.5702,-68.409,90.8105,-67.6771,88.8998,2
140,8400,36,-38.1518,-1.86419,17.4897,-14.6536,17.9136,-13.9734,17.917,-15.1824,17.117,-15.2419,17.0067,-14.0482,1
140,8400,39,-19.7961,13.6095,-88.0149,-166.369,-88.5004,-171.57,-88.0664,-150.876,-87.5303,-163.654,-87.7973,178.874,1
140,8400,44,-38.9379,8.2649,48.5472,-115.132,48.8881,-116.221,47.785,-115.295,48.2543,-114.174,49.4394,-114.925,1
140,8400,57,32.8331,13.7552,41.7071,-73.677,41.9292,-74.6095,41.0197,-73.7931,41.4558,-72.6054,42.3362,-73.536,1
140,8400,62,-14.7778,-23.7388,42.3801,51.5798,42.9904,51.4003,42.3696,50.8707,41.8252,51.7102,42.414,52.2749,1
140,8400,72,31.1483,-4.25555,63.4665,61.143,64.0646,60.7999,63.1675,59.6949,62.8069,61.4838,63.7234,62.4637,1
140,8400,87,-18.5621,19.4844,11.1761,-15.3515,11.0481,-15.8514,10.6418,-15.2231,11.3243,-14.8617,11.7709,-15.4753,1
140,8400,94,37.5454,-2.14627,10.0724,31.4096,10.1694,30.7319,9.28804,31.5138,9.95214,32.1784,10.7568,31.3202,1
141,8460,1,-35.6887,-2.92063,36.2342,58.6453,35.9031,57.6828,35.6587,59.1782,36.5193,59.4958,36.8736,58.0251,1
141,8460,2,-35.3619,-0.529192,69.6498,84.3183,69.5921,81.9625,68.959,84.9144,69.6785,86.4062,70.4258,83.5783,2
141,8460,11,-35.0505,-6.48562,-17.9588,-70.7786,-17.2124,-70.7168,-18.0422,-71.4188,-18.6127,-70.8371,-17.8505,-70.0691,1
141,8460,16,-31.6688,-9.89727,22.1171,104.106,22.1044,103.34,21.5509,104.206,22.1175,104.784,22.7297,103.98,2
141,8460,21,-25.1027,-7.73943,37.2362,128.845,36.9061,128.236,36.8389,129.242,37.5297,129.409,37.65,128.408,1
141,8460,23,35.2217,14.8379,64.9115,-85.4842,65.5741,-85.0635,64.931,-87.0026,64.1355,-85.916,64.8568,-84.1055,1
141,8460,25,37.591,1.14007,-2.79329,-58.9077,-2.31815,-58.4639,-2.46209,-59.5594,-3.33388,-59.4175,-3.08895,-58.3372,1
141,8460,28,33.7429,15.609,-67.5269,109.136,-67.8282,107.566,-68.0119,110.162,-67.1461,110.885,-67.0602,108.277,1
141,8460,36,-34.7129,0.79188,13.4633,-15.6686,13.85,-15.081,13.8802,-16.1403,13.1139,-16.1883,12.9953,-15.1378,1
141,8460,44,13.9898,12.4536,45.709,-106.524,45.8732,-107.245,45.217,-106.749,45.5396,-105.751,46.1901,-106.278,1
141,8460,47,35.9689,20.1417,0.108528,11.483,0.916796,11.5529,0.0325599,10.7801,-0.856125,11.4226,0.1405,12.1313,1
141,8460,50,24.8231,-16.763,4.55043,45.5645,5.11956,45.6607,4.67368,44.8446,3.96307,45.4396,4.45583,46.2082,2
141,8460,57,12.4461,-22.5658,43.6941,-75.3754,43.8177,-76.1368,43.0981,-75.7347,43.5414,-74.6435,44.2445,-75.0708,1
141,8460,59,36.2573,13.5455,27.7138,21.3763,28.5021,21.3624,27.5175,20.5559,26.7909,21.408,27.8616,22.1265,1
141,8460,62,39.1812,-5.4718,34.9111,52.0784,35.5851,52.1791,34.7641,51.069,34.1439,51.9484,35.0323,52.9476,1
141,8460,72,-16.5034,23.134,63.8208,78.8612,64.3723,78.7908,63.8313,77.4804,63.2658,78.9968,63.7687,80.3926,2
141,8460,73,-21.5037,3.81111,35.8461,111.008,36.3719,111.296,36.0237,110.358,35.3461,110.745,35.6489,111.702,3
141,8460,74,33.1318,21.483,-1.40996,121.187,-0.673336,121.467,-1.25424,120.528,-2.28775,120.879,-1.59317,121.794,1
141,8460,75,1.47009,-23.9364,-29.2785,136.475,-28.7199,136.635,-29.0001,135.884,-29.798,136.293,-29.5141,137.043,1
141,8460,78,-10.1396,16.0055,-33.5967,-71.6142,-33.7615,-72.2076,-34.1117,-71.4303,-33.4106,-71.0254,-33.0416,-71.7898,1
141,8460,79,-21.2138,-15.4821,-2.79329,-58.9077,-3.09539,-59.4931,-3.28473,-58.6677,-2.5322,-58.3713,-2.29688,-59.1731,1
141,8460,80,39.977,4.81368,45.5739,120.017,46.2903,120.102,45.3809,118.939,44.7372,119.921,45.7225,120.966,1
141,8460,87,-26.4433,17.3714,14.7993,-14.5248,14.6979,-15.0855,14.2185,-14.3668,14.9177,-13.9925,15.4589,-14.6869,1
141,8460,94,34.4981,-1.80937,13.0649,33.62,13.1467,32.9772,12.3436,33.6917,12.9649,34.3381,13.7049,33.5576,1
142,8520,1,-32.2326,2.05743,40.216,60.5645,39.9427,59.6565,39.6397,61.0506,40.4624,61.3864,40.8572,60.0097,1
142,8520,3,16.5512,24.6061,59.9286,-159.809,60.5867,-159.721,60.0231,-160.974,59.1896,-159.846,59.7876,-158.646,1
142,8520,11,21.9952,23.4141,-26.4587,-69.9997,-25.8493,-70.0671,-26.4894,-70.6004,-27.1462,-69.8955,-26.457,-69.4031,2
142,8520,16,-35.446,18.5665,27.364,108.603,27.4982,107.869,26.6189,108.594,27.2686,109.282,28.2422,108.637,2
142,8520,21,-36.7628,13.9981,43.3324,128.222,43.0705,127.374,42.7654,128.796,43.5849,128.981,44.0005,127.551,2
142,8520,23,37.5491,-11.4796,63.8305,-85.0674,64.3886,-84.456,63.9953,-86.8936,63.2137,-85.7665,63.6799,-83.5175,2
142,8520,28,28.8998,24.6115,-62.8931,110.872,-63.274,109.634,-63.3494,111.622,-62.4148,112.241,-62.4276,110.235,1
142,8520,39,-32.3458,18.9956,-80.0161,158.38,-80.3425,155.345,-80.5177,161.156,-79.6642,160.938,-79.395,155.573,1
142,8520,44,-21.4178,-9.25836,49.3499,-106.418,49.5484,-107.302,48.8424,-106.656,49.1541,-105.615,49.8834,-106.182,1
142,8520,46,-31.9012,20.774,29.2637,-4.93079,29.8951,-4.77092,29.3334,-5.77926,28.6628,-5.04006,29.1522,-3.94347,1
142,8520,48,-37.3421,3.7015,-24.0273,42.2889,-23.2616,42.4336,-24.1044,41.5117,-24.7044,42.1704,-23.9336,43.1811,1
142,8520,49,38.0615,13.3297,-52.2044,75.7294,-51.4583,75.3134,-52.6351,74.7053,-53.0791,76.2598,-51.8334,76.6516,1
142,8520,56,-27.7416,7.52076,28.2687,-107.095,28.3127,-107.818,27.6406,-107.043,28.2362,-106.422,28.9656,-107.145,1
142,8520,57,6.379,-24.453,45.8354,-71.4963,45.9657,-72.3083,45.2782,-71.9072,45.6785,-70.7361,46.3579,-71.1436,1
142,8520,59,-7.63827,24.1768,27.8558,28.4027,28.4076,28.3836,27.9205,27.7505,27.2817,28.4556,27.7552,29.1081,1
142,8520,62,-26.5452,18.5402,35.0785,62.6804,35.6351,62.7938,35.1374,61.9231,34.5408,62.6039,34.9873,63.5347,1
142,8520,72,-22.7657,-4.72508,63.5923,81.2675,64.2045,81.2603,63.5408,80.0374,63.0263,81.2668,63.6429,82.5753,2
142,8520,74,-23.0268,10.8209,-1.6422,126.978,-1.1371,127.256,-1.40218,126.441,-2.13104,126.726,-1.91499,127.564,1
142,8520,78,37.2367,16.6339,-31.7076,-64.5238,-32.0175,-65.4165,-32.3099,-63.9958,-31.3147,-63.4801,-31.1429,-64.964,1
142,8520,87,7.78084,24.8012,17.1806,-9.89601,16.9862,-10.4064,16.6944,-9.77958,17.4141,-9.34822,17.6938,-9.99039,1
142,8520,89,14.0207,-24.315,61.1139,64.7727,61.4191,63.908,60.7079,63.8345,60.7888,65.5661,61.491,65.6098,1
142,8520,94,38.0738,1.17877,15.5464,36.7661,15.6576,36.0538,14.7691,36.8708,15.4122,37.582,16.2275,36.6804,1
142,8520,95,30.8446,23.7076,38.4464,71.8214,38.6415,70.9148,37.8412,71.662,38.2339,72.8887,39.0145,72.0252,1
142,8520,96,-22.6316,12.0364,48.4585,118.792,48.9257,118.364,48.1327,118.102,48.0171,119.214,48.8023,119.569,1
143,8580,7,38.4625,7.87711,-76.224,-77.401,-75.4004,-77.5183,-76.486,-80.8493,-77.1882,-77.2207,-75.9722,-74.4478,1
143,8580,11,-22.1235,2.02582,-24.8807,-65.8873,-24.3354,-65.875,-24.9162,-66.458,-25.3935,-65.8951,-24.8408,-65.2757,1
143,8580,16,26.3112,10.9423,25.142,115.122,25.1691,114.486,24.5791,115.163,25.1189,115.828,25.6737,115.1,1
143,8580,24,31.6205,6.36163,24.7343,-63.8623,25.209,-63.4739,24.9962,-64.4703,24.1981,-64.2903,24.484,-63.3135,1
143,8580,29,11.6803,-16.2096,-27.3998,119.876,-27.6792,119.441,-27.8539,120.179,-27.1339,120.318,-26.9832,119.582,1
143,8580,39,-27.2469,23.0508,-75.8892,160.78,-76.2461,158.97,-76.3718,162.624,-75.5068,162.358,-75.3017,158.879,1
143,8580,44,15.4358,23.4281,48.6577,-95.0294,48.886,-95.8577,48.1831,-95.4141,48.4203,-94.104,49.1234,-94.592,1
143,8580,46,-27.6708,11.3593,26.9575,-3.62024,27.5533,-3.50262,26.9831,-4.31587,26.3958,-3.71139,26.914,-2.84379,1
143,8580,56,-29.365,10.4865,31.3678,-104.277,31.4421,-105.035,30.7067,-104.248,31.3113,-103.571,32.1113,-104.298,2
143,8580,57,-36.5773,-17.5695,51.6373,-69.0752,51.9619,-70.5851,50.9658,-69.2783,51.3335,-67.8306,52.3821,-68.9061,1
143,8580,59,31.003,17.2017,22.797,27.6296,23.5253,27.6209,22.697,26.9184,21.9579,27.6601,22.8592,28.3002,1
143,8580,72,26.9111,21.3295,55.6684,83.5833,56.36,83.5057,55.6005,82.5134,54.8769,83.7102,55.6922,84.6229,2
143,8580,78,28.8027,23.0818,-27.2928,-64.1043,-27.6335,-64.8385,-27.8327,-63.7448,-26.8685,-63.2702,-26.7542,-64.4092,1
143,8580,87,37.0228,-10.882,16.1251,-7.22902,16.0731,-7.87397,15.348,-6.97717,16.1599,-6.50799,16.7902,-7.45529,1
143,8580,93,37.5231,5.70036,-7.19033,14.2868,-7.14732,13.5762,-7.92148,14.4548,-7.23587,15.1076,-6.54046,14.1507,1
143,8580,94,18.7681,-18.997,18.4535,36.3503,18.4694,35.801,17.829,36.2695,18.4123,36.9039,19.0203,36.4059,1
144,8640,0,-21.9907,5.41324,12.7546,52.7415,12.4854,52.1795,12.2444,53.0587,13.0157,53.2707,13.308,52.4011,1
144,8640,16,-39.2488,-1.30747,31.545,112.108,31.6752,111.169,30.8606,112.222,31.4302,112.92,32.3307,111.967,2
144,8640,27,40.1511,-8.54256,-82.2826,-10.8385,-81.6295,-10.0107,-82.3287,-17.2776,-83.0211,-12.1261,-82.1641,-5.49449,1
144,8640,29,-40.3372,-4.19671,-21.8207,115.285,-22.1781,114.475,-22.3099,115.791,-21.5117,115.974,-21.2645,114.697,1
144,8640,34,36.5369,-1.08157,74.4728,-23.6691,74.8724,-21.7852,74.8869,-25.963,74.0065,-25.7026,74.0877,-21.7555,1
144,8640,44,19.6198,-18.5436,48.1995,-95.4909,48.4594,-96.1976,47.6553,-96.0274,47.9106,-94.7995,48.698,-95.0185,1
144,8640,46,30.4364,-4.52742,21.5837,-6.77431,22.1752,-6.68734,21.5631,-7.51715,20.9384,-6.87821,21.6018,-6.10688,1
144,8640,57,-10.5321,-16.7316,50.3514,-61.2982,50.5782,-62.1585,49.8799,-61.7038,50.1194,-60.5139,50.826,-60.9155,1
144,8640,59,17.1009,-9.39522,23.2026,29.3258,23.7376,29.3571,23.23,28.6767,22.6523,29.2809,23.183,29.931,1
144,8640,78,39.5081,0.711439,-26.5987,-62.2925,-26.7937,-63.1103,-27.3207,-61.7548,-26.3727,-61.3468,-25.9684,-62.7459,1
144,8640,87,37.4124,-16.4811,18.8118,-5.74206,18.7751,-6.39893,17.9493,-5.52463,18.8178,-5.01417,19.5368,-5.94222,1
144,8640,93,-38.0119,-14.5691,-0.844408,9.43606,-0.863369,8.51843,-1.4841,9.5866,-0.840725,10.2117,-0.138526,9.23893,1
144,8640,94,22.6886,24.1744,23.4769,42.6902,23.456,41.9945,22.922,42.6824,23.5227,43.4817,24.0259,42.7349,3
145,8700,0,-35.7104,1.19033,16.4154,51.609,16.1033,50.8188,15.8288,52.0691,16.6951,52.3071,17.0782,51.0796,1
145,8700,16,21.8501,5.68056,30.1331,120.277,30.1916,119.673,29.597,120.26,30.0713,120.928,30.6413,120.301,1
145,8700,34,21.4336,-14.9714,71.8989,-18.1711,72.2152,-16.8997,72.3663,-19.4127,71.5785,-19.4745,71.4761,-17.0655,1
145,8700,44,-38.7033,-9.45306,55.0133,-91.1903,55.5407,-92.4867,54.3644,-91.6157,54.5482,-90.1196,55.7532,-90.7289,1
145,8700,46,-34.9479,-4.16261,23.0647,0.933268,23.8222,1.08097,23.0297,0.228655,22.3981,0.803463,23.1107,1.72067,1
145,8700,56,-19.3554,16.4278,36.116,-96.8999,36.1781,-97.5944,35.5194,-96.9733,36.0726,-96.2175,36.7706,-96.7965,1
145,8700,59,33.9643,22.7722,16.4493,32.8002,17.2868,32.7896,16.3457,32.0746,15.4518,32.8412,16.5001,33.4845,2
145,8700,78,22.1681,-9.41187,-23.2143,-63.7026,-23.4004,-64.2608,-23.7946,-63.4385,-23.0295,-63.1145,-22.6851,-63.9507,1
145,8700,87,20.7457,-21.2357,22.8873,-5.72029,22.7653,-6.26151,22.2487,-5.63017,22.9826,-5.16624,23.4549,-5.82176,1
145,8700,93,-38.8342,5.88272,3.67201,13.2396,3.79633,12.4689,2.94834,13.3462,3.57535,13.9185,4.51465,13.1179,1
146,8760,0,-33.038,9.163,20.7998,53.0025,20.5378,52.2688,20.1849,53.4258,21.0518,53.6659,21.5043,52.5231,1
146,8760,1,25.8457,20.4763,53.485,77.5995,53.2518,76.4664,52.8913,77.974,53.7606,78.8948,54.0691,77.2802,14
146,8760,9,-34.0045,19.5128,-12.5593,43.5884,-12.7716,42.8689,-13.3051,43.9714,-12.3249,44.2412,-11.6682,43.1606,1
146,8760,11,-32.6608,18.2743,-32.3932,-54.3514,-31.7681,-54.327,-32.4725,-55.1707,-32.9759,-54.34,-32.3135,-53.3987,1
146,8760,21,-32.993,-8.8968,55.8672,131.792,55.5088,130.722,55.4303,132.436,56.1695,132.757,56.332,131.049,1
146,8760,23,17.5687,20.4579,47.7736,-69.8808,48.2634,-69.5413,47.9982,-70.5421,47.2232,-70.2222,47.525,-69.2433,1
146,8760,24,27.8567,-13.9603,15.5032,-62.2232,15.9079,-61.8755,15.8903,-62.7768,15.0863,-62.6055,15.1671,-61.7254,1
146,8760,25,-17.8189,21.4983,-22.4368,-51.3635,-22.0315,-51.0473,-22.0926,-51.8237,-22.856,-51.6592,-22.8333,-50.8645,2
146,8760,33,-37.8647,-0.846295,75.6133,132.319,74.9272,131.02,75.4828,134.909,76.2081,133.545,75.721,129.312,1
146,8760,44,35.508,-13.2791,47.9919,-83.9303,48.4637,-84.585,47.3042,-84.6983,47.4505,-83.2515,48.5855,-83.2678,1
146,8760,47,-26.6764,9.76477,-9.74859,26.0306,-9.16421,26.1555,-9.69782,25.4208,-10.3,25.9268,-9.81266,26.7065,1
146,8760,56,-39.2897,-6.05444,38.9255,-97.9842,39.0627,-99.1718,38.1898,-97.85,38.7968,-96.974,39.7638,-98.1637,1
146,8760,61,37.9398,11.6687,44.0128,35.0871,44.7351,34.8804,43.6758,34.1971,43.1673,35.3375,44.2885,35.9031,1
146,8760,72,0.490109,23.0663,48.4555,97.4364,48.9915,97.5557,48.6049,96.6526,47.8824,97.35,48.267,98.2504,1
146,8760,73,32.352,-19.5752,18.8538,111.777,19.3998,112.095,19.2304,110.934,18.2878,111.407,18.5454,112.505,1
146,8760,74,-35.3486,2.68343,-14.344,132.712,-13.6938,133.109,-14.1488,132.028,-14.926,132.364,-14.5623,133.491,2
146,8760,78,18.9293,1.36632,-18.6324,-62.3886,-18.8321,-62.9146,-19.1386,-62.1304,-18.419,-61.8324,-18.1507,-62.6296,1
146,8760,88,-33.8106,15.9169,59.2654,28.2505,59.4807,27.0853,58.593,28.0278,59.0813,29.3277,60.0417,28.5515,1
146,8760,93,34.453,22.9673,2.78298,22.2927,2.70484,21.5059,2.13876,22.4479,2.90152,23.2278,3.39295,22.1883,2
147,8820,0,-29.0739,6.96776,23.9759,54.2797,23.7093,53.594,23.411,54.6674,24.2307,54.9102,24.6074,53.8491,1
147,8820,15,-30.0569,4.73538,13.1885,94.4962,13.2141,93.8642,12.6055,94.575,13.1716,95.0761,13.8365,94.4111,1
147,8820,16,-32.6076,-12.7186,37.6504,121.363,37.7279,120.421,37.0698,121.383,37.566,122.184,38.2801,121.314,1
147,8820,27,-37.4427,4.88757,-74.9324,62.611,-74.6115,60.1975,-75.5857,62.165,-75.1851,64.8459,-74.1803,63.0862,2
147,8820,29,36.1449,14.8238,-9.94588,124.617,-10.3474,124.034,-10.3848,125.116,-9.46324,125.289,-9.52891,124.182,1
147,8820,38,-9.12284,19.852,-82.4737,-36.662,-82.219,-33.5592,-82.0139,-38.23,-82.7287,-39.9719,-82.9702,-34.887,1
147,8820,44,25.1841,21.3039,49.5974,-73.0284,50.039,-73.7852,49.1581,-73.6143,49.1057,-72.1595,50.0004,-72.4132,1
147,8820,56,37.2652,14.5195,36.215,-85.4889,36.3797,-86.4825,35.4443,-85.4411,36.025,-84.3166,36.9089,-85.4965,1
147,8820,71,0.77541,20.7855,68.6312,44.5369,69.052,43.6354,68.3536,43.3059,68.1954,45.5006,68.8933,45.8941,1
147,8820,87,31.1275,20.9816,32.0693,2.00173,31.9127,1.21661,31.5054,2.22793,32.2669,2.9123,32.612,1.82168,1
147,8820,88,-37.5461,8.16476,61.3369,32.5536,61.6282,31.1933,60.6526,32.3382,61.0802,33.7557,62.129,32.8284,3
147,8820,89,-21.0061,-0.889746,58.6598,106.486,59.1862,106.303,58.5317,105.559,58.1656,106.653,58.7907,107.476,1
147,8820,93,40.5646,0.442665,3.12575,23.531,3.22357,22.7976,2.28932,23.7032,3.00516,24.3835,3.84691,23.389,2
147,8820,95,33.1414,14.7011,43.3074,93.4361,43.7199,92.6726,42.7256,93.0437,42.8372,94.3161,43.8315,93.8335,1
148,8880,0,18.6144,18.534,27.2686,60.7293,26.9494,60.1188,26.76,61.053,27.6359,61.3964,27.7829,60.4318,1
148,8880,15,16.7961,24.7229,14.5895,101.345,14.4994,100.751,14.0689,101.372,14.7135,102.005,15.1188,101.349,2
148,8880,22,37.3255,1.50031,72.986,-107.313,73.6328,-107.243,72.796,-109.684,72.2476,-107.395,73.1245,-105.18,1
148,8880,27,16.1769,-23.1306,-78.0941,79.5898,-78.1151,77.1462,-78.6979,79.2399,-78.0793,82.0032,-77.548,79.7825,1
148,8880,44,-38.0715,-6.50348,55.9118,-71.4084,56.6013,-72.338,55.3667,-72.1579,55.3107,-70.6387,56.5334,-70.557,1
148,8880,56,-34.0077,14.7652,44.5713,-87.5233,44.8133,-88.462,43.8232,-87.683,44.3677,-86.6571,45.4371,-87.3102,1
148,8880,61,35.1888,16.9996,39.7975,43.9144,40.5185,43.7768,39.5693,43.1033,38.9548,44.0946,39.9745,44.674,1
148,8880,62,-36.5207,-10.322,20.3624,76.2908,21.1605,76.4657,20.3513,75.6198,19.6756,76.1332,20.392,77.0375,1
148,8880,88,-35.5709,-19.3763,61.5725,34.1201,61.7411,32.309,60.9735,34.0014,61.3944,35.6269,62.2262,34.1781,2
148,8880,93,27.5269,-13.5201,6.04609,23.6937,6.08079,23.1401,5.35815,23.6928,5.98883,24.2785,6.65881,23.6826,2
148,8880,94,-14.1675,-14.1317,33.2322,49.5299,33.2776,48.8619,32.7372,49.4454,33.1745,50.149,33.7336,49.5973,3
149,8940,0,-31.6528,2.19817,30.7558,55.501,30.469,54.7132,30.1928,55.9421,31.017,56.2145,31.3815,55.0019,1
149,8940,15,21.236,-11.3266,14.659,101.73,14.6615,101.206,14.0711,101.738,14.6411,102.273,15.1975,101.712,3
149,8940,20,-26.2359,-7.12355,31.8291,125.534,31.4939,124.954,31.4315,125.919,32.1273,126.068,32.2459,125.109,1
149,8940,38,-10.76,-18.1925,-86.5133,-54.3579,-86.3143,-46.2627,-86.0296,-55.6036,-86.6137,-62.6219,-86.9844,-52.3862,1
149,8940,43,-33.0657,14.261,47.0548,-118.609,47.3093,-119.516,46.3639,-118.822,46.836,-117.768,47.8475,-118.334,1
149,8940,44,10.8215,-21.3772,50.7823,-68.1157,51.1762,-68.6913,50.4577,-68.9155,50.3788,-67.5914,51.093,-67.3883,1
149,8940,46,27.4081,-15.2049,8.37728,4.28816,8.93456,4.3958,8.48077,3.56715,7.79393,4.15199,8.2981,4.92906,2
149,8940,56,18.8456,-19.5518,40.2185,-83.5672,40.3338,-84.2856,39.5694,-83.8364,40.0721,-82.853,40.8088,-83.3439,1
149,8940,61,-27.3815,-0.824668,43.1577,50.6266,43.7619,50.6362,43.0858,49.8785,42.6035,50.6196,43.2335,51.441,2
149,8940,87,26.4133,-6.66949,36.2977,4.44749,36.2663,3.7976,35.6998,4.56598,36.3177,5.14388,36.8407,4.33225,1
149,8940,88,24.6104,-14.7383,58.371,46.7033,58.622,45.8422,57.8136,46.1347,58.0863,47.5703,58.8756,47.2083,2
149,8940,93,26.6541,7.9289,10.3331,27.4833,10.3427,26.8948,9.75325,27.5495,10.3281,28.1331,10.8769,27.4324,1
150,9000,0,-3.57734,23.7491,35.4764,60.7551,35.1882,60.1486,34.9312,61.0173,35.8018,61.3809,36.0721,60.5011,1
150,9000,15,20.5443,-18.6199,16.96,103.63,16.9543,103.092,16.3307,103.59,16.9411,104.178,17.5276,103.649,1
150,9000,22,38.9232,-3.37509,67.6609,-93.7713,68.2843,-93.2277,67.6627,-95.8439,66.9499,-94.3827,67.6376,-91.9812,1
150,9000,35,-26.0622,15.5925,13.9657,-18.905,14.2829,-18.441,14.4156,-19.2959,13.6458,-19.334,13.4507,-18.4803,1
150,9000,42,-29.9068,6.31508,24.516,-149.346,24.5459,-150.049,23.8988,-149.262,24.496,-148.698,25.2046,-149.434,1
150,9000,43,-35.543,-1.84371,48.3933,-116.544,48.6587,-117.632,47.7337,-116.657,48.1526,-115.594,49.1367,-116.424,1
150,9000,56,23.3909,5.60117,42.9759,-76.2737,43.1631,-77.0321,42.3922,-76.4567,42.7712,-75.4531,43.5237,-76.0868,1
150,9000,59,19.9153,-24.4924,7.24146,41.7956,7.8229,41.8414,7.4263,41.0648,6.66599,41.7148,7.10104,42.4466,1
150,9000,61,39.6468,-8.09273,36.2878,47.725,36.9639,47.8217,36.1318,46.6545,35.52,47.5935,36.4177,48.6385,1
150,9000,71,9.44928,19.137,63.5546,68.6258,64.0841,68.3067,63.4529,67.4698,62.9893,68.9985,63.627,69.8206,1
150,9000,93,-30.5309,16.9903,17.4756,26.7359,17.562,26.0992,16.8054,26.7272,17.4183,27.3363,18.244,26.7645,1
151,9060,0,-29.8009,3.60064,37.9862,57.8699,37.7219,57.0464,37.4234,58.3106,38.2301,58.6244,38.6094,57.3744,1
151,9060,1,-19.0245,-18.4817,68.0267,85.4618,67.8742,83.6402,67.4518,85.6477,68.1287,87.1353,68.6049,85.1935,1
151,9060,15,16.9641,22.2501,22.5836,108.741,22.5361,108.131,22.0685,108.749,22.6558,109.417,23.1015,108.763,1
151,9060,20,-31.645,19.7658,41.9959,126.51,41.7421,125.791,41.4271,126.985,42.2572,127.173,42.6643,125.972,3
151,9060,22,-35.8645,18.0315,65.3444,-71.029,65.8235,-69.9666,65.7013,-72.5446,64.8803,-71.914,64.8892,-69.3196,1
151,9060,24,-31.4144,11.3102,-4.69749,-54.5451,-4.26666,-54.1301,-4.35705,-55.054,-5.10637,-54.917,-5.09126,-53.9736,1
151,9060,27,21.4912,-12.4055,-67.6766,102.85,-67.8515,101.636,-68.2103,103.433,-67.4995,104.106,-67.1912,102.316,2
151,9060,33,37.9332,-2.17175,83.9426,-31.3902,84.3885,-26.6507,84.2745,-38.1778,83.3977,-36.0286,83.5904,-26.1178,1
151,9060,42,-33.8163,10.1342,28.0062,-146.91,28.0845,-147.683,27.3188,-146.833,27.9486,-146.206,28.794,-146.989,1
151,9060,43,40.3927,2.59592,43.2256,-106.128,43.6069,-107.045,42.3791,-106.345,42.7684,-105.073,43.9549,-105.921,1
151,9060,47,35.8773,6.28623,-27.8942,32.5543,-27.1995,32.6671,-27.9755,31.7271,-28.6913,32.4276,-27.8301,33.2941,3
151,9060,56,16.6577,-20.7196,44.1114,-75.5655,44.2706,-76.3135,43.5006,-75.947,43.9221,-74.8351,44.671,-75.2395,1
151,9060,61,-30.8869,1.72564,37.9862,57.8699,38.619,57.9756,37.9518,57.1244,37.4105,57.7813,38.0196,58.6968,1
151,9060,71,-21.95,23.1438,63.0819,79.9839,63.6572,80.0429,63.1281,78.5411,62.5111,79.9997,62.9865,81.6058,2
151,9060,72,-29.5542,-14.0345,36.4356,109.411,37.1512,109.734,36.587,108.696,35.8086,109.117,36.2917,110.179,6
151,9060,73,21.9566,19.2462,-1.94952,120.311,-1.36476,120.531,-1.75445,119.776,-2.61075,120.084,-2.1649,120.826,2
151,9060,74,-16.8942,-21.9962,-30.1295,136.549,-29.4751,136.717,-29.9272,135.954,-30.7137,136.372,-30.3012,137.155,1
151,9060,77,32.3817,23.8411,-32.7328,-68.1317,-33.0939,-68.9851,-33.2963,-67.7046,-32.2721,-67.1445,-32.1758,-68.4865,1
151,9060,78,-28.9309,11.5778,1.54754,-60.6695,1.36694,-61.2742,0.959178,-60.3965,1.73284,-60.1101,2.21385,-60.9662,2
151,9060,86,32.2673,4.70171,12.9509,-11.8305,12.8288,-12.4344,12.3684,-11.5745,13.0886,-11.1534,13.4831,-12.0563,1
151,9060,88,39.8686,3.86295,58.352,64.4466,58.8898,63.5509,57.6789,63.6954,57.7178,65.4554,58.9292,65.1413,1
151,9060,93,38.7073,6.14582,14.5077,33.5259,14.5985,32.777,13.7451,33.6671,14.4021,34.3969,15.1808,33.4147,2
152,9120,0,-21.0998,-11.9737,39.6882,59.6941,39.3635,58.9309,39.1871,60.058,39.9703,60.4044,40.1984,59.2913,1
152,9120,2,-38.4894,-2.53602,64.3635,-152.992,65.184,-152.03,64.474,-154.756,63.6488,-153.772,64.2224,-150.984,1
152,9120,6,37.1516,1.35342,-73.9168,-88.3663,-73.1638,-87.9904,-74.0134,-91.438,-74.7779,-88.8574,-73.8037,-85.7016,1
152,9120,15,-38.7859,-1.70331,27.4684,105.517,27.5658,104.62,26.7965,105.647,27.3819,106.293,28.2364,105.356,1
152,9120,32,-37.473,16.6004,64.9916,142.709,64.4895,141.592,64.6066,144.232,65.4582,143.704,65.4421,140.869,1
152,9120,33,36.1146,-3.68418,80.3497,-26.8835,80.745,-23.9333,80.7578,-30.6495,79.8847,-29.9548,79.9609,-23.8385,1
152,9120,38,-33.1239,24.4806,-77.3822,155.583,-77.7121,153.134,-77.9624,157.842,-77.0175,157.67,-76.6542,153.25,1
152,9120,43,-37.2608,-12.8452,51.5596,-108.622,51.8852,-109.981,50.902,-108.796,51.2601,-107.487,52.2962,-108.466,2
152,9120,55,-28.8158,16.0733,30.1579,-107.791,30.2282,-108.525,29.4686,-107.789,30.1132,-107.097,30.9424,-107.774,1
152,9120,56,-31.3285,-2.28795,50.7861,-71.3929,51.0977,-72.4285,50.1723,-71.6559,50.499,-70.474,51.4644,-71.1051,1
152,9120,58,37.8899,-14.1962,26.1947,20.0392,26.8887,20.1696,26.1421,18.9475,25.4252,19.8603,26.2452,20.9608,1
152,9120,61,24.6763,-1.59111,31.9687,56.1136,32.4974,56.1572,31.9447,55.4317,31.4011,56.0631,31.9876,56.7447,1
152,9120,71,-16.0805,15.7328,60.5984,83.0933,61.1343,83.1756,60.6374,81.9479,60.067,83.0526,60.5291,84.3309,2
152,9120,77,-4.32967,24.6451,-28.1684,-70.7479,-28.3939,-71.3094,-28.7075,-70.5775,-27.9022,-70.1723,-27.5787,-70.9002,1
152,9120,86,-16.7359,17.8856,19.3745,-13.5821,19.2531,-14.0938,18.8581,-13.4571,19.513,-13.0787,19.9429,-13.7022,1
152,9120,89,-27.7091,-9.19524,46.8117,128.427,47.4424,128.532,46.8151,127.65,46.2448,128.324,46.8156,129.259,3
152,9120,93,-29.6837,21.2421,23.0686,32.3588,23.1653,31.7104,22.3774,32.2963,23.0069,32.9807,23.8671,32.457,2
152,9120,95,-35.1221,-18.3574,50.1014,114.63,50.7843,113.741,49.653,113.965,49.5058,115.344,50.6085,115.326,1
153,9180,0,-34.2581,-3.99993,44.468,59.1975,44.1539,58.1383,43.8964,59.7486,44.736,60.1413,45.0961,58.5567,1
153,9180,2,-30.3942,-10.0751,61.221,-152.734,61.9631,-152.169,61.3488,-154.037,60.5647,-153.228,61.0871,-151.327,1
153,9180,9,-24.4369,3.41188,10.322,49.5248,10.044,48.9416,9.807,49.8562,10.5864,50.0678,10.8817,49.1654,1
153,9180,10,1.27088,20.254,-28.7342,-67.0827,-28.241,-67.1387,-28.732,-67.6445,-29.2521,-67,-28.7545,-66.4945,1
153,9180,15,-39.5617,5.24068,30.7731,108.841,30.9351,107.949,30.0507,108.93,30.6385,109.621,31.6159,108.737,3
153,9180,20,-33.7036,-19.5818,45.603,126.573,45.0929,125.66,45.1786,127.124,46.0186,127.38,46.0328,125.937,6
153,9180,28,34.5762,22.4787,-22.0891,120.92,-22.5623,120.301,-22.5104,121.425,-21.5056,121.634,-21.6678,120.481,1
153,9180,32,-35.4505,-1.15286,66.8754,141.979,66.2991,140.924,66.629,143.429,67.3806,142.95,67.1313,140.307,1
153,9180,33,36.237,12.2739,74.9006,-25.8803,75.3866,-23.9281,75.2375,-28.1641,74.3082,-27.9677,74.5605,-23.9476,2
153,9180,38,-18.0277,10.2222,-75.2548,161.833,-75.6186,160.458,-75.5793,163.39,-74.8871,163.072,-74.8876,160.254,2
153,9180,43,10.6929,-19.6398,48.3627,-101.138,48.5689,-101.87,47.8616,-101.6,48.1356,-100.438,48.8338,-100.726,1
153,9180,45,23.0075,16.0769,22.1782,-8.41035,22.7798,-8.40997,22.1497,-9.01753,21.5094,-8.39323,22.1823,-7.82267,1
153,9180,55,-30.8784,11.5912,32.6841,-105.581,32.778,-106.368,31.9974,-105.56,32.6119,-104.851,33.4634,-105.591,1
153,9180,56,-19.8537,-7.30497,50.7774,-66.0419,51.0349,-66.9183,50.2749,-66.3756,50.5269,-65.2414,51.305,-65.7006,1
153,9180,58,38.3111,13.1097,21.2163,25.2101,22.0428,25.2641,21.0368,24.3758,20.2369,25.161,21.3461,25.961,1
153,9180,61,-30.5648,0.158576,32.439,63.4002,33.0693,63.5311,32.434,62.7115,31.8666,63.2862,32.4428,64.1598,1
153,9180,71,8.43344,18.4003,56.161,84.7933,56.7018,84.8007,56.1966,83.8566,55.582,84.8191,56.0967,85.7436,1
153,9180,75,37.9074,8.80113,-70.5135,179.706,-69.7585,179.277,-70.8663,177.583,-71.3921,-179.731,-70.1968,-178.448,1
153,9180,77,30.3446,-5.58885,-28.7342,-67.0827,-28.9073,-67.7463,-29.3737,-66.7284,-28.552,-66.3578,-28.1617,-67.4001,1
153,9180,86,-32.9756,15.2511,23.4749,-13.452,23.4095,-14.1248,22.8357,-13.2524,23.5558,-12.8326,24.2156,-13.6685,1
153,9180,93,37.3684,-16.3741,18.0691,36.7253,18.2199,36.0629,17.1481,36.6709,17.8674,37.4481,18.8469,36.7562,1
153,9180,94,35.3565,20.1078,39.9137,75.666,40.2132,74.7318,39.2531,75.475,39.5695,76.7744,40.5135,75.891,1
154,9240,8,26.7649,-7.35236,-23.2588,45.4098,-23.5136,44.807,-23.8687,45.8097,-22.9948,46.0589,-22.709,45.0455,1
154,9240,9,-23.3357,11.326,14.69,50.6066,14.4311,50.0317,14.1432,50.9285,14.9504,51.1489,15.2973,50.2607,1
154,9240,10,-36.0423,3.23331,-27.5821,-62.6005,-26.8695,-62.5459,-27.7046,-63.3287,-28.216,-62.6407,-27.4379,-61.7733,1
154,9240,15,-30.0833,-7.41084,31.5906,111.696,31.6361,110.912,31.0304,111.742,31.5406,112.395,32.1974,111.631,1
154,9240,23,20.6586,19.7339,18.078,-63.9807,18.5573,-63.6827,18.3393,-64.4405,17.5344,-64.2933,17.7997,-63.5425,1
154,9240,26,40.2845,2.0025,-84.0429,9.23506,-83.3647,7.65458,-84.4457,2.45509,-84.8253,11.5576,-83.6414,14.4013,1
154,9240,28,19.3495,-1.753,-20.5579,119.161,-20.8237,118.729,-20.9713,119.494,-20.279,119.616,-20.1681,118.848,1
154,9240,33,30.9264,-15.3027,73.92,-23.6151,74.2587,-21.9986,74.446,-25.4792,73.563,-25.326,73.4562,-22.0455,1
154,9240,38,-26.5452,-7.83238,-73.1225,158.068,-73.5583,156.555,-73.4459,159.513,-72.7222,159.39,-72.7751,156.56,3
154,9240,43,-25.7868,15.948,53.5163,-91.8159,53.886,-92.5795,53.0017,-92.4135,53.1758,-91.075,54.0809,-91.1047,1
154,9240,45,38.4389,-7.99118,19.9295,-9.22976,20.6052,-9.06802,19.8847,-10.1699,19.1687,-9.43089,19.9687,-8.42448,1
154,9240,46,-18.9266,-18.7816,-3.53873,17.9782,-2.89178,17.9952,-3.47846,17.4449,-4.12306,17.9453,-3.57542,18.5199,1
154,9240,55,-39.8111,1.90536,35.5274,-104.621,35.687,-105.695,34.7503,-104.485,35.3907,-103.693,36.4313,-104.788,1
154,9240,56,-31.8475,-18.1581,52.879,-63.31,53.2335,-64.6321,52.2888,-63.672,52.5461,-62.2012,53.5205,-62.9648,1
154,9240,58,-21.4462,-3.66072,24.1442,31.2552,24.7506,31.3111,24.149,30.6472,23.5801,31.2011,24.1426,31.8985,1
154,9240,61,38.1155,0.882594,25.1537,60.334,25.8229,60.4796,25.0758,59.4859,24.3869,60.1648,25.2121,61.0776,1
154,9240,71,-21.7899,8.95858,55.6013,91.6688,56.1539,91.9119,55.6887,90.6668,55.0705,91.4631,55.4887,92.7512,1
154,9240,77,-6.26401,-23.9513,-25.4448,-70.1146,-25.7413,-70.7043,-25.9886,-69.9451,-25.1905,-69.5606,-24.9329,-70.3034,1
154,9240,86,30.6777,-24.2738,20.3248,-8.32046,20.2311,-8.91781,19.4973,-8.2129,20.3804,-7.69047,21.0263,-8.43678,1
154,9240,92,-30.3343,-3.00233,0.766397,9.83301,0.788452,9.17099,0.189368,9.91042,0.745766,10.4301,1.39764,9.74151,1
154,9240,93,-32.6966,24.55,28.8221,38.1321,28.9705,37.4209,28.0544,38.0017,28.7205,38.8145,29.7298,38.3216,1
155,9300,8,30.7264,16.599,-17.2076,47.4771,-17.5945,46.8053,-17.7391,47.9331,-16.7437,48.2361,-16.6917,47.0765,1
155,9300,9,-36.9212,2.74117,17.9346,49.3135,17.6313,48.4906,17.3257,49.7953,18.2079,50.0371,18.6306,48.7548,3
155,9300,10,32.6959,-0.848542,-34.7807,-64.8784,-34.1816,-64.8516,-34.8897,-65.6884,-35.4462,-64.9141,-34.6803,-64.1534,2
155,9300,15,-33.5076,2.14865,35.0543,115.317,35.1817,114.508,34.4365,115.336,34.941,116.043,35.7476,115.294,2
155,9300,43,-22.8436,-8.53145,53.4526,-89.7168,53.8051,-90.5727,52.9949,-90.1887,53.1183,-88.9515,53.9383,-89.2262,1
155,9300,45,38.3061,-2.6868,16.7186,-6.35808,17.4069,-6.19926,16.6563,-7.2304,15.9347,-6.54831,16.768,-5.60136,1
155,9300,55,-36.4429,-4.1611,37.2492,-101.699,37.3579,-102.744,36.5547,-101.596,37.1463,-100.79,38.0308,-101.832,1
155,9300,58,-10.6596,-23.5904,22.0999,31.4397,22.7448,31.3852,22.1774,30.8304,21.5104,31.4634,22.051,32.0331,1
155,9300,60,37.9217,-9.05679,45.9987,27.6762,46.6431,27.544,45.6747,26.5662,45.271,27.7941,46.2738,28.6357,1
155,9300,61,-39.77,3.2193,27.0496,69.7152,27.8088,70.0003,27.0456,68.9042,26.3858,69.4806,27.0499,70.6588,1
155,9300,71,-14.6818,-19.5957,54.3629,91.4561,54.9906,91.5277,54.4633,90.5427,53.7907,91.361,54.2797,92.3677,2
155,9300,77,27.419,-3.18717,-21.3861,-64.7552,-21.5758,-65.349,-21.9726,-64.4375,-21.1847,-64.1117,-20.8514,-65.0437,1
155,9300,92,-33.0822,-7.30992,3.43254,11.5945,3.44278,10.8611,2.83825,11.6962,3.41804,12.242,4.08399,11.469,1
156,9360,9,-31.6409,-21.233,18.6019,50.0555,18.0555,49.2385,18.0724,50.4669,19.0467,50.769,19.1365,49.5814,1
156,9360,10,-21.3464,20.0012,-34.4945,-55.9201,-33.9671,-55.9792,-34.5439,-56.6244,-35.0102,-55.8306,-34.4545,-55.1319,1
156,9360,15,-25.6267,-1.98636,36.5441,118.977,36.634,118.253,36.0103,118.95,36.4573,119.642,37.1191,119.001,1
156,9360,22,24.0453,15.2185,46.0563,-72.5826,46.5513,-72.2097,46.265,-73.2796,45.498,-72.9714,45.8348,-71.9292,2
156,9360,23,33.9352,21.8018,9.85664,-64.4088,10.475,-64.0252,10.1029,-64.9867,9.11372,-64.8398,9.59342,-63.8852,1
156,9360,24,-30.2471,-18.1022,-20.5993,-52.9075,-19.9659,-52.514,-20.3447,-53.4213,-21.1422,-53.2674,-20.8431,-52.3477,1
156,9360,26,-38.3009,4.73781,-75.6088,53.9173,-75.2051,51.5072,-76.2595,53.1529,-75.9342,56.1706,-74.8546,54.7255,1
156,9360,39,-33.8987,-12.7534,-30.1798,154.436,-30.7271,153.818,-30.5159,154.991,-29.7091,154.977,-29.8277,153.82,1
156,9360,43,19.0685,10.4526,50.229,-80.3685,50.5962,-81.0076,49.8105,-80.8988,49.835,-79.6778,50.6231,-79.8315,1
156,9360,45,-24.9246,24.4849,15.7938,2.90333,16.3685,3.01755,15.9358,2.20755,15.2225,2.82963,15.6011,3.69616,1
156,9360,55,-33.0196,16.345,40.9108,-95.682,41.0981,-96.5649,40.1618,-95.7844,40.7594,-94.8599,41.778,-95.5361,1
156,9360,58,24.105,0.867069,15.298,32.847,15.8719,32.9192,15.304,32.2067,14.6793,32.7683,15.2878,33.4428,2
156,9360,60,38.4234,11.1562,42.9989,34.7013,43.7317,34.5319,42.6726,33.8007,42.1395,34.9085,43.2641,35.5221,1
156,9360,73,23.8493,-17.6404,-16.1166,124.323,-15.6139,124.584,-15.7826,123.674,-16.624,124.028,-16.3982,124.912,1
156,9360,77,19.006,16.9419,-15.7326,-63.6912,-15.9943,-64.2381,-16.2242,-63.4313,-15.4275,-63.0993,-15.2397,-63.9252,1
156,9360,87,-30.5449,24.882,60.5538,31.0094,60.7752,29.8872,59.8801,30.5298,60.3697,32.1017,61.3342,31.6526,1
156,9360,88,-35.915,10.1777,60.4153,104.877,61.0905,104.864,60.2372,103.558,59.8073,104.923,60.596,106.422,1
156,9360,92,27.6057,13.8314,3.8191,19.5842,3.79523,18.968,3.24098,19.6735,3.85896,20.2762,4.36744,19.519,1
157,9420,0,31.5833,-13.2459,54.2164,77.0168,54.1469,75.9127,53.3941,77.3255,54.2549,78.2173,54.9314,76.7158,5
157,9420,9,-29.9284,-17.2425,22.674,51.2429,22.2109,50.4684,22.1578,51.6452,23.0595,51.9312,23.2025,50.7848,1
157,9420,14,21.1169,8.40229,11.7875,97.0152,11.7632,96.4761,11.2635,97.0795,11.8199,97.5989,12.2897,96.9638,1
157,9420,26,-38.0695,-0.245025,-74.0656,64.7453,-73.8036,62.2127,-74.7171,64.6213,-74.266,67.0275,-73.3208,64.8574,1
157,9420,28,34.0249,2.43301,-9.16839,121.945,-9.47372,121.416,-9.64707,122.403,-8.82446,122.539,-8.73431,121.539,1
157,9420,43,20.1238,-5.30045,50.1612,-77.0171,50.5503,-77.5704,49.7494,-77.65,49.7453,-76.4548,50.5447,-76.4219,1
157,9420,45,-29.3588,5.49982,14.7017,4.19653,15.3216,4.34295,14.7363,3.56393,14.129,4.07176,14.6575,4.8985,1
157,9420,49,-33.6475,15.686,-35.301,152.101,-35.0821,151.322,-36.0202,151.976,-35.4728,152.833,-34.4687,152.264,1
157,9420,55,18.5219,4.62553,38.2365,-89.4379,38.3349,-90.1295,37.6757,-89.5229,38.1306,-88.7018,38.7719,-89.3473,1
157,9420,60,33.2132,14.016,41.3554,39.459,42.0217,39.3202,41.1382,38.6596,40.5903,39.6332,41.5295,40.2085,1
157,9420,70,-8.73097,24.49,68.9756,48.0439,69.4395,47.2508,68.7488,46.579,68.5044,48.9036,69.1838,49.7053,1
157,9420,87,-38.7259,2.08512,62.1599,32.3032,62.4739,30.8064,61.4832,32.1127,61.8791,33.5928,62.94,32.5284,5
157,9420,92,21.8951,3.3596,6.21843,20.7722,6.22115,20.2382,5.66843,20.8189,6.21693,21.346,6.73777,20.7331,1
158,9480,7,-35.2697,18.9111,-38.1628,30.3542,-38.2852,29.4047,-38.9599,30.7443,-38.0065,31.2132,-37.2081,29.929,1
158,9480,9,-37.7026,-0.206058,28.4253,51.4364,28.0994,50.5107,27.8237,51.9702,28.7096,52.2459,29.1077,50.8109,2
158,9480,14,13.4377,24.6304,16.1576,99.9131,16.0755,99.3365,15.6447,99.9245,16.2716,100.548,16.6838,99.9318,4
158,9480,20,-12.2064,-14.4791,64.2478,137.931,63.9969,136.884,63.8159,138.37,64.4647,138.941,64.6728,137.447,1
158,9480,21,39.2759,-3.07799,71.7521,-106.542,72.4089,-106.256,71.602,-109.024,71.0008,-106.876,71.8546,-104.37,3
158,9480,26,-37.0053,16.3328,-70.5017,78.5729,-70.3699,76.6075,-71.2289,78.6972,-70.5752,80.3854,-69.6428,78.4848,1
158,9480,43,25.3742,17.7823,49.1588,-68.0166,49.6449,-68.6425,48.7599,-68.6595,48.6189,-67.3041,49.5203,-67.3629,1
158,9480,55,-34.2114,-5.54825,44.1187,-90.9318,44.2933,-92.0173,43.455,-90.9452,43.9539,-89.983,44.8566,-90.9349,1
158,9480,60,18.0944,18.8451,40.1572,44.748,40.7041,44.6314,40.083,44.082,39.5576,44.898,40.2048,45.413,1
158,9480,70,-19.7333,24.2181,68.5304,58.7856,69.0747,58.3403,68.3866,57.0782,67.9934,59.2976,68.6452,60.7502,1
158,9480,87,-22.3553,-10.6982,61.646,38.8328,61.8413,37.6696,61.1685,38.5101,61.4507,39.8769,62.1482,39.1537,1
158,9480,92,31.3351,10.8328,8.7957,24.4695,8.80404,23.8202,8.17359,24.5732,8.79498,25.2051,9.37213,24.3902,2
158,9480,93,1.18363,-22.5784,32.796,48.9744,32.8231,48.3321,32.2683,48.7999,32.7448,49.58,33.2977,49.1148,2
158,9480,94,36.7468,11.762,43.3524,98.042,43.8635,97.3237,42.733,97.5557,42.7586,98.8749,43.8963,98.5127,1
159,9540,7,-28.63,-4.31068,-37.6535,31.6689,-37.8984,30.8115,-38.2063,32.0492,-37.4289,32.4403,-37.0559,31.252,1
159,9540,9,-28.0789,22.8019,34.1909,54.7013,33.9486,53.9629,33.4874,55.0728,34.4571,55.3987,35.017,54.293,1
159,9540,14,30.8505,2.69304,16.2892,102.254,16.3192,101.64,15.6621,102.34,16.254,102.935,16.8607,102.181,4
159,9540,37,12.2723,-17.7514,-86.0968,-100.345,-86.3136,-93.7026,-85.6404,-96.0863,-85.8203,-106.028,-86.5055,-105.057,1
159,9540,42,-38.0058,2.39082,47.8582,-121.12,48.1531,-122.23,47.1417,-121.217,47.5986,-120.153,48.6829,-121.009,1
159,9540,43,-21.7109,-19.8978,53.4879,-67.2128,53.9966,-67.9951,53.1527,-67.9374,53.0172,-66.5535,53.8461,-66.4915,1
159,9540,46,-21.7614,-18.5549,-17.893,29.1609,-17.2175,29.1472,-17.8708,28.5897,-18.4987,29.1551,-17.8888,29.7457,1
159,9540,55,35.068,-6.02312,40.0282,-81.6533,40.2936,-82.4645,39.2223,-81.8483,39.7126,-80.7634,40.7339,-81.4829,1
159,9540,60,30.6934,16.1803,36.77,47.0276,37.4221,46.9575,36.6337,46.2927,36.0249,47.1264,36.8699,47.7238,1
159,9540,61,-39.7422,9.64382,14.2445,78.7106,14.9528,79.0274,14.3122,77.9301,13.6136,78.452,14.1537,79.6301,1
159,9540,70,28.8784,21.5396,62.6845,61.0194,63.3608,60.4701,62.4266,59.7813,61.9077,61.673,62.8883,62.252,1
159,9540,72,20.3762,17.0843,3.86741,116.257,4.42527,116.474,4.06046,115.731,3.24423,116.034,3.65737,116.763,1
159,9540,87,24.8602,-0.67735,59.2782,50.2804,59.5715,49.432,58.7784,49.7651,58.9543,51.1744,59.7389,50.7731,1
159,9540,92,-3.12548,-24.7379,11.3728,22.1587,11.2828,21.5834,10.8256,22.1026,11.4313,22.6965,11.8916,22.1858,1
160,9600,9,37.7512,-11.3609,31.6126,62.4753,31.442,61.6386,30.7359,62.9923,31.7708,63.4253,32.3519,62.0185,1
160,9600,14,-26.2373,-3.08978,22.2246,100.358,22.2327,99.7111,21.6906,100.417,22.2138,100.951,22.7992,100.287,1
160,9600,21,26.7482,-4.40974,66.8174,-90.2509,67.3118,-89.8254,66.9291,-91.7253,66.2865,-90.7065,66.706,-88.9155,1
160,9600,39,-32.2912,14.4312,-12.277,153.049,-12.6508,152.549,-12.7184,153.541,-11.9133,153.497,-11.7594,152.497,1
160,9600,42,8.99801,23.3388,46.4001,-110.679,46.54,-111.462,45.9111,-110.965,46.2656,-109.822,46.8949,-110.342,1
160,9600,55,32.4676,1.65487,42.5178,-76.727,42.7843,-77.5501,41.8106,-76.9304,42.2115,-75.8164,43.1532,-76.5323,1
160,9600,60,36.3434,11.7145,33.9652,49.302,34.6737,49.307,33.7951,48.4919,33.1415,49.3094,34.0941,50.0402,3
160,9600,70,11.0091,22.3088,62.3082,69.4274,62.8642,69.1413,62.236,68.2839,61.7059,69.7768,62.3456,70.6108,1
160,9600,71,35.2099,-13.7686,35.5035,98.6514,36.0918,98.9978,35.736,97.6102,34.8675,98.2462,35.3085,99.5447,3
160,9600,87,17.31,-7.99622,60.591,55.9712,60.8866,55.1926,60.1656,55.324,60.2737,56.7493,60.9897,56.5819,1
160,9600,92,-19.4004,20.1013,18.0418,26.5604,18.0665,26.0023,17.463,26.5175,18.041,27.1137,18.6834,26.6297,1
161,9660,1,-22.218,23.0546,62.9655,-159.095,63.5456,-158.658,63.2008,-160.545,62.38,-159.436,62.6557,-157.5,1
161,9660,8,-39.6708,-1.61263,4.42139,43.7026,4.07752,42.8184,3.80796,44.2138,4.72015,44.461,5.1237,43.1017,1
161,9660,14,-30.9898,12.7208,26.4509,103.736,26.5356,103.061,25.8166,103.751,26.3882,104.364,27.1716,103.732,1
161,9660,15,-25.5978,-21.3356,45.9312,136.747,46.0758,135.733,45.4094,136.542,45.778,137.626,46.4756,136.919,2
161,9660,21,-15.9626,16.4812,63.231,-77.0554,63.6585,-76.5368,63.4746,-78.0579,62.7971,-77.5198,62.9452,-76.0017,1
161,9660,23,32.9225,-20.7739,-4.52217,-63.0576,-4.10549,-62.6692,-3.99423,-63.6838,-4.94223,-63.4976,-4.95804,-62.5105,2
161,9660,26,-26.1083,8.11432,-62.5043,95.1133,-62.6284,93.9551,-63.0138,95.5358,-62.369,96.1855,-61.9395,94.6779,1
161,9660,29,-27.0018,17.751,43.607,125.129,43.3539,124.459,43.0962,125.56,43.8659,125.759,44.1922,124.652,1
161,9660,31,-33.426,20.2398,63.6402,142.459,63.1815,141.51,63.2258,143.761,64.0845,143.317,64.1287,140.912,1
161,9660,37,-38.1501,13.1913,-80.3435,149.104,-80.6344,145.169,-80.8817,152.211,-80.0274,152.348,-79.6701,145.922,1
161,9660,42,-38.4764,2.73839,51.5869,-111.427,51.9826,-112.567,50.874,-111.676,51.2396,-110.438,52.41,-111.133,1
161,9660,45,-36.5212,-16.035,5.31816,11.9117,6.2335,12.0172,5.28123,11.2554,4.54387,11.8079,5.39066,12.6329,1
161,9660,55,19.2517,-8.99646,45.0542,-74.5032,45.262,-75.2151,44.4834,-74.8163,44.8228,-73.7765,45.5851,-74.2181,1
161,9660,57,33.9829,21.9947,25.1714,19.8678,25.9975,19.8006,25.0191,19.109,24.1919,19.9752,25.2686,20.5857,1
161,9660,58,37.1101,-5.52473,0.346244,41.8804,1.02563,42.0733,0.360857,41.0147,-0.416863,41.6483,0.335596,42.6305,1
161,9660,60,-37.9395,-1.61961,37.4737,57.5417,38.2431,57.7214,37.4029,56.7026,36.8024,57.3911,37.5548,58.4994,1
161,9660,70,19.3447,23.1812,59.1818,74.4103,59.8049,74.2114,59.1221,73.318,58.4856,74.673,59.2005,75.5104,1
161,9660,72,35.5036,-9.48688,-1.23769,115.787,-0.686226,116.15,-0.931651,115.004,-1.83895,115.368,-1.49605,116.469,1
161,9660,73,-30.4443,-14.8278,-31.4388,136.699,-30.6871,136.961,-31.3149,136.009,-32.0929,136.451,-31.5426,137.445,2
161,9660,77,-23.2165,20.3777,3.63517,-61.7,3.44096,-62.2465,3.03033,-61.4774,3.85172,-61.1761,4.32463,-61.9306,2
161,9660,87,37.2673,7.9038,58.7619,66.5022,59.2899,65.6512,58.18,65.7339,58.1478,67.4636,59.2676,67.2315,1
161,9660,88,-29.394,20.9168,46.0647,127.417,46.6236,127.631,46.1788,126.479,45.5244,127.259,45.9023,128.488,3
161,9660,92,37.1677,3.76916,15.7333,32.0112,15.8276,31.3,14.9901,32.1195,15.6224,32.8267,16.3914,31.9245,1
162,9720,0,-32.0457,23.5945,75.9291,102.818,76.1786,100.083,75.1182,101.87,75.7078,105.389,76.8759,104.213,1
162,9720,1,-33.5296,-1.75848,62.7289,-155.584,63.4491,-154.863,62.8591,-157.068,62.0848,-156.192,62.5723,-153.939,1
162,9720,5,38.704,-6.33359,-74.3724,-90.5766,-73.6249,-90.0529,-74.4316,-94.1303,-75.2189,-91.3079,-74.2743,-87.5673,1
162,9720,8,-34.1017,-22.1771,5.3661,44.5794,4.77123,43.7292,4.8267,45.0028,5.84501,45.3068,5.91341,44.0873,1
162,9720,9,-34.0942,-16.444,40.752,55.3702,40.2832,54.2976,40.2082,55.9026,41.1309,56.3098,41.3197,54.7456,2
162,9720,14,-36.196,7.93524,29.2904,105.638,29.4189,104.849,28.6108,105.691,29.1855,106.346,30.073,105.582,1
162,9720,27,-7.64836,24.1727,-23.4441,114.157,-23.7373,113.73,-23.8938,114.427,-23.117,114.583,-22.9436,113.889,1
162,9720,29,-10.8266,-15.5949,44.1204,127.132,43.8098,126.553,43.7145,127.472,44.3976,127.69,44.5147,126.77,1
162,9720,31,-33.5617,15.5679,66.8192,140.353,66.3405,139.321,66.4681,141.816,67.2702,141.292,67.2217,138.627,1
162,9720,37,-14.2127,15.9436,-76.5486,161.531,-76.922,160.155,-76.8747,163.238,-76.1593,162.771,-76.1733,159.82,1
162,9720,42,-32.7485,2.69351,52.3031,-105.591,52.6604,-106.566,51.6972,-105.932,51.9797,-104.718,52.9809,-105.197,2
162,9720,55,-34.912,-18.9194,51.0697,-74.911,51.352,-76.3749,50.4197,-75.1158,50.7993,-73.6961,51.7821,-74.7439,1
162,9720,57,33.8459,15.9771,23.1034,21.9613,23.8675,21.9644,22.9705,21.2085,22.214,21.9768,23.1942,22.6602,1
162,9720,60,-28.3232,-0.797185,33.7745,59.3652,34.3837,59.4675,33.7666,58.6934,33.2176,59.2747,33.7824,60.0981,1
162,9720,70,30.5733,21.6126,55.6515,77.7373,56.3961,77.6402,55.5425,76.6134,54.7851,77.8887,55.7091,78.8177,2
162,9720,76,33.4262,7.38246,-29.598,-69.2481,-29.8217,-69.993,-30.1944,-68.8197,-29.3334,-68.4082,-29.0491,-69.6188,1
162,9720,85,13.2323,18.9603,19.9336,-12.7026,19.7674,-13.223,19.4626,-12.5623,20.1294,-12.1423,20.4132,-12.8235,1
162,9720,92,-29.5219,6.10619,23.1865,30.0504,23.2686,29.3834,22.5871,30.0706,23.1179,30.6657,23.8532,30.0327,1
163,9780,8,-25.0848,-3.05595,10.9808,47.1181,10.6722,46.5153,10.481,47.4577,11.2625,47.674,11.5136,46.7466,1
163,9780,14,35.3055,17.4639,27.4155,114.787,27.4647,113.964,26.7571,114.884,27.3698,115.755,28.0222,114.731,1
163,9780,19,-2.28307,18.8423,-29.7025,-67.8535,-29.2172,-67.907,-29.7067,-68.4203,-30.2051,-67.7756,-29.7138,-67.2567,1
163,9780,22,28.9166,23.151,19.1466,-67.3526,19.7262,-67.0102,19.3983,-67.8906,18.4621,-67.7243,18.8729,-66.8535,1
163,9780,27,29.5895,6.97144,-21.6705,117.814,-21.9832,117.298,-22.0999,118.241,-21.3161,118.382,-21.2663,117.429,1
163,9780,29,-39.5991,-8.06277,48.8669,123.786,48.441,122.685,48.4115,124.498,49.2175,124.742,49.3662,122.941,1
163,9780,32,37.9117,-9.97934,75.2773,-29.3423,75.6581,-27.3043,75.7792,-31.9925,74.8454,-31.5572,74.8302,-27.1935,1
163,9780,37,-26.7902,17.0328,-72.6079,155.639,-72.9599,154.184,-73.0327,157.093,-72.2455,156.925,-72.1048,154.12,1
163,9780,42,-39.7049,1.94487,54.4374,-100.492,54.9606,-101.642,53.7325,-100.929,53.9817,-99.5101,55.2555,-99.9724,1
163,9780,44,27.1375,16.2064,20.571,-9.98416,21.2133,-9.97313,20.5239,-10.6184,19.8453,-9.97866,20.5903,-9.37929,1
163,9780,54,-36.0556,10.1168,34.1981,-107.491,34.3426,-108.392,33.4406,-107.438,34.0822,-106.681,35.077,-107.543,1
163,9780,57,35.4073,7.37367,20.9809,23.6257,21.7079,23.7016,20.8634,22.8283,20.1457,23.5453,21.0682,24.3442,1
163,9780,60,20.8486,-18.3976,29.2266,56.9596,29.7421,56.9988,29.3073,56.2391,28.7029,56.8936,29.1667,57.6096,1
163,9780,76,32.7548,-15.0802,-28.3647,-69.0223,-28.526,-69.7077,-29.1382,-68.6659,-28.213,-68.275,-27.6992,-69.3415,1
163,9780,85,33.8842,-1.85072,20.571,-9.98416,20.4948,-10.6193,19.925,-9.7391,20.6473,-9.27437,21.1462,-10.203,1
163,9780,92,-36.5194,17.5253,27.3688,33.2327,27.5523,32.4727,26.5975,33.1931,27.2287,33.9311,28.2804,33.3018,1
163,9780,93,39.2743,8.69595,39.5962,74.0898,39.9807,73.2406,38.8375,73.8659,39.1425,75.0793,40.2596,74.3138,1
163,9780,94,-38.5664,1.96864,48.8668,123.786,49.616,123.395,48.4487,122.922,48.2135,124.129,49.343,124.796,1
164,9840,7,-36.7059,14.5011,-17.5732,37.0673,-17.772,36.2634,-18.3066,37.4963,-17.3626,37.7819,-16.6996,36.5804,1
164,9840,8,-25.5667,16.4429,16.6255,48.3547,16.3711,47.7531,16.0245,48.6871,16.8905,48.9211,17.31,47.9951,1
164,9840,14,-27.9462,-0.526122,33.1458,111.634,33.2216,110.914,32.5915,111.645,33.0742,112.293,33.7497,111.619,1
164,9840,19,-24.3974,2.16786,-29.7532,-64.5571,-29.1897,-64.5733,-29.8246,-65.1662,-30.2788,-64.5372,-29.6733,-63.8995,1
164,9840,32,35.2609,8.39082,69.5803,-27.6766,70.0189,-26.2524,69.9461,-29.3031,69.0591,-29.2248,69.2265,-26.282,1
164,9840,37,-40.0373,5.99206,-69.7577,150.38,-70.1353,148.393,-70.2322,151.998,-69.399,152.036,-69.1822,148.582,1
164,9840,42,21.5364,24.0593,49.5865,-89.1414,49.9192,-89.9961,49.1201,-89.629,49.2238,-88.1647,50.0286,-88.604,1
164,9840,44,35.6933,16.0853,16.927,-8.30154,17.6911,-8.25151,16.8155,-9.03054,16.0289,-8.34189,16.9977,-7.63241,1
164,9840,60,-25.2228,3.48769,27.4504,64.5181,28.0099,64.6374,27.4849,63.9064,26.9276,64.4139,27.4081,65.1826,1
164,9840,91,26.5939,3.19671,-1.06417,12.8519,-1.05614,12.2884,-1.65349,12.9234,-1.0714,13.4676,-0.51713,12.7912,1
164,9840,92,-8.98489,23.1609,27.7969,38.476,27.8208,37.8973,27.2642,38.3712,27.7959,39.0755,28.372,38.6176,1
165,9900,7,-28.0854,-5.42555,-16.6332,38.4606,-16.9443,37.7837,-17.1529,38.8182,-16.3532,39.0724,-16.0762,38.0668,1
165,9900,8,-17.9652,-18.6633,16.4356,48.9658,16.0394,48.376,15.934,49.2622,16.7776,49.5132,16.9278,48.6422,1
165,9900,19,-27.9209,-3.37064,-31.5173,-61.5763,-30.8998,-61.6256,-31.6271,-62.2076,-32.0797,-61.5324,-31.3886,-60.8954,1
165,9900,38,-36.227,-7.79724,-31.5239,151.87,-32.0412,151.197,-31.8741,152.469,-31.0752,152.454,-31.1424,151.197,1
165,9900,42,-21.6748,-2.25847,53.663,-88.3671,54.0349,-89.1238,53.2264,-88.8871,53.3111,-87.674,54.1264,-87.809,1
165,9900,44,-14.7924,23.6069,16.9617,-1.72798,17.4971,-1.67459,17.0756,-2.33219,16.4145,-1.75113,16.8088,-1.06443,1
165,9900,54,-29.8709,5.6439,38.3217,-101.02,38.44,-101.86,37.6766,-101.027,38.2177,-100.249,39.0403,-101.007,1
165,9900,57,38.3451,4.64479,15.3895,27.9189,16.1473,28.0555,15.2787,27.0643,14.5101,27.7624,15.4717,28.6713,1
165,9900,69,39.0746,-9.59927,45.0157,27.351,45.6805,27.2596,44.6989,26.1996,44.2614,27.4225,45.2824,28.3379,1
165,9900,76,31.5396,21.3467,-17.5657,-65.0884,-17.916,-65.7957,-18.1106,-64.7052,-17.1311,-64.2764,-17.0311,-65.4153,1
165,9900,87,38.148,-14.471,56.0636,88.7952,56.6833,88.555,55.6944,87.3661,55.3666,89.0045,56.3739,90.0165,2
165,9900,91,32.1249,-1.09648,0.962639,15.3601,1.00329,14.7564,0.288126,15.4473,0.912683,16.0287,1.56884,15.2834,1
165,9900,92,38.2578,-1.24497,25.157,42.8606,25.3381,42.1257,24.3546,42.8798,24.9384,43.6961,25.8554,42.8473,1
166,9960,7,-36.7935,17.1892,-10.0941,38.8664,-10.2997,38.0933,-10.8552,39.2915,-9.872,39.5555,-9.17853,38.381,1
166,9960,8,10.6878,-20.3599,19.1562,52.5537,18.855,52.0365,18.5606,52.8114,19.4282,53.0756,19.6964,52.2942,1
166,9960,14,11.7448,-20.1197,34.161,119.247,34.2043,118.639,33.607,119.084,34.0938,119.842,34.6751,119.377,1
166,9960,19,-26.4692,-8.26453,-33.6497,-58.7836,-33.0302,-58.888,-33.772,-59.408,-34.2119,-58.6953,-33.5042,-58.1229,1
166,9960,21,29.4551,2.3915,45.0497,-75.4935,45.517,-75.0653,45.2813,-76.2714,44.5326,-75.9572,44.8286,-74.7895,1
166,9960,22,-11.612,20.4033,9.06083,-62.5484,9.45361,-62.2662,9.3858,-62.9453,8.64896,-62.8166,8.69289,-62.131,2
166,9960,23,30.4449,-24.4125,-22.8887,-60.9558,-22.4625,-60.5647,-22.3289,-61.6011,-23.3051,-61.3981,-23.3472,-60.3854,1
166,9960,28,-30.2456,23.6782,27.6654,119.933,27.3986,119.353,27.0741,120.325,27.9504,120.471,28.3676,119.493,1
166,9960,36,-9.81013,22.7425,-82.897,-41.886,-82.635,-38.5567,-82.4154,-43.4827,-83.1621,-45.4708,-83.4234,-40.0626,1
166,9960,38,-39.3614,1.11856,-26.8158,151.015,-27.2816,150.303,-27.2173,151.647,-26.4028,151.624,-26.3518,150.286,1
166,9960,44,34.3671,-0.556353,12.7862,-4.80739,13.4249,-4.67541,12.7614,-5.56239,12.0704,-4.95976,12.8033,-4.13577,1
166,9960,45,-14.3059,-20.6646,-10.9107,20.349,-10.2889,20.3429,-10.8374,19.8107,-11.4777,20.3347,-10.9579,20.8852,1
166,9960,54,-37.9288,-5.47216,40.8158,-99.777,40.9695,-100.933,40.0988,-99.689,40.6722,-98.7845,41.6278,-99.8995,2
166,9960,57,24.182,8.08497,13.5954,31.8369,14.1918,31.8971,13.5901,31.2182,12.9413,31.779,13.5873,32.4213,1
166,9960,69,-10.5474,22.7369,45.3984,39.0524,45.8954,38.9348,45.3683,38.2914,44.8919,39.2067,45.4028,39.8845,1
166,9960,71,37.4612,-5.13158,14.1657,108.059,14.7593,108.438,14.4056,107.214,13.5005,107.62,13.957,108.789,1
166,9960,72,-36.4339,0.4968,-17.0141,129.048,-16.328,129.457,-16.8371,128.34,-17.6205,128.69,-17.2079,129.855,1
166,9960,76,-22.9383,24.8308,-11.9138,-68.9983,-12.1096,-69.5624,-12.5647,-68.7975,-11.6835,-68.4528,-11.1612,-69.1994,1
166,9960,86,-34.9003,18.6389,61.6908,30.4256,61.9834,29.2088,60.9994,29.9903,61.4391,31.5558,62.4956,31.0032,4
167,10020,7,-37.6434,-6.79032,-9.33751,38.7231,-9.70923,37.8596,-9.91407,39.1948,-9.01921,39.4658,-8.69607,38.1767,2
167,10020,8,-34.1659,-2.53254,25.7153,48.9962,25.3824,48.1794,25.158,49.4608,26.0071,49.7222,26.3316,48.4633,1
167,10020,9,27.1888,-4.73656,56.498,75.8757,56.418,74.7714,55.8166,76.1818,56.5639,77.074,57.1157,75.5827,1
167,10020,13,-26.8628,22.6808,17.1788,93.5757,17.2082,92.9817,16.5227,93.5561,17.1817,94.1525,17.9323,93.6236,1
167,10020,20,39.6192,10.6636,71.8963,-109.587,72.6319,-109.536,71.6733,-111.834,71.0282,-109.614,72.0518,-107.546,1
167,10020,28,-36.4441,16.3202,30.8769,119.418,30.6143,118.711,30.2965,119.908,31.1371,120.05,31.5668,118.848,1
167,10020,29,-2.17201,-23.9398,61.5312,135.406,61.2438,134.472,61.0391,135.744,61.7747,136.318,61.9878,135.03,1
167,10020,54,-35.5544,-20.5889,41.8024,-97.7834,41.8323,-99.1335,41.1315,-97.7277,41.7448,-96.6543,42.527,-97.9047,1
167,10020,57,-22.5376,-6.28805,14.6902,36.6756,15.3159,36.7502,14.7148,36.0982,14.1139,36.6022,14.6722,37.2859,1
167,10020,69,36.9048,16.0651,39.6512,38.9018,40.3969,38.7734,39.3977,38.0625,38.7735,39.0709,39.8488,39.6795,1
167,10020,70,-14.06,22.4929,43.0765,98.8464,43.5955,99.0683,43.2984,98.0982,42.5407,98.6616,42.8042,99.6518,2
167,10020,76,33.9171,-0.741752,-12.9424,-63.4591,-13.1433,-64.1029,-13.5827,-63.068,-12.7206,-62.7378,-12.3701,-63.8031,1
167,10020,85,21.9357,16.5928,35.3479,-1.61833,35.2387,-2.28759,34.8404,-1.47491,35.4801,-0.878243,35.8451,-1.73521,1
167,10020,86,-32.31,0.532721,62.2636,34.0662,62.5321,32.7896,61.6914,33.7769,62.0149,35.2,62.8998,34.3958,2
167,10020,91,38.9671,-11.7915,4.91422,19.8949,5.03533,19.2286,4.00338,19.9593,4.75158,20.6408,5.68463,19.8311,1
168,10080,8,32.139,22.4224,29.9936,58.7629,29.5853,57.928,29.4179,59.2315,30.4932,59.7421,30.5593,58.3573,1
168,10080,13,37.3664,-6.49716,13.6531,98.6075,13.7395,97.9488,12.8585,98.7049,13.5392,99.3468,14.3407,98.5193,1
168,10080,20,-18.406,19.3741,71.7099,-87.403,72.1745,-86.8195,71.9077,-89.0096,71.2399,-87.8885,71.4594,-85.6929,1
168,10080,25,-24.7712,18.3892,-69.8207,83.0171,-69.8496,81.4778,-70.3988,83.2132,-69.7567,84.4917,-69.1684,82.8591,1
168,10080,27,-36.6814,1.84713,-2.35635,113.583,-2.67544,112.95,-2.83051,114.011,-2.06855,114.14,-1.81758,113.094,1
168,10080,42,39.8323,-1.30678,47.3285,-71.2502,47.9779,-71.7714,46.6932,-72.1227,46.5711,-70.6753,47.8673,-70.4777,1
168,10080,54,18.6943,-19.725,39.8255,-89.1511,39.9345,-89.8673,39.1749,-89.4123,39.6854,-88.4394,40.4172,-88.9355,1
168,10080,69,23.2014,-0.503637,39.7003,41.976,40.222,41.9407,39.6149,41.2541,39.1415,42.0104,39.7748,42.6506,1
168,10080,76,36.5176,5.53288,-8.90028,-61.759,-9.13552,-62.4521,-9.53265,-61.3185,-8.62579,-60.9643,-8.3308,-62.139,1
168,10080,83,-39.2893,-4.34715,-22.6102,-44.0095,-22.6929,-44.8903,-23.2264,-43.7251,-22.5356,-43.2522,-21.9101,-44.3435,1
168,10080,86,-29.4416,-21.9024,62.6339,37.1452,62.8373,35.5122,62.1042,36.7965,62.4243,38.523,63.1962,37.4504,1
168,10080,91,-33.3367,-2.87953,13.4042,17.6957,13.447,16.9677,12.7964,17.7872,13.3643,18.3435,14.0782,17.5858,1
168,10080,93,11.5964,18.2212,46.1218,98.4473,46.4649,97.8694,45.7582,97.9476,45.7619,99.0796,46.4727,98.9796,1
169,10140,1,27.114,12.8199,34.7478,-149.197,35.3627,-148.858,34.94,-149.951,34.0518,-149.557,34.5432,-148.498,1
169,10140,7,-36.0263,-9.28729,-2.51156,40.4277,-2.91459,39.6131,-3.0617,40.8758,-2.16959,41.1336,-1.91144,39.9116,1
169,10140,8,20.5285,22.061,33.6672,58.277,33.3273,57.582,33.1372,58.6154,34.0669,59.0498,34.2073,57.972,1
169,10140,13,29.2578,-1.79159,17.4759,100.674,17.5135,100.085,16.8496,100.732,17.4281,101.316,18.045,100.621,3
169,10140,25,-34.7945,-10.978,-68.3589,81.9012,-68.4385,79.8699,-68.9165,82.39,-68.2783,83.6577,-67.7493,81.3419,1
169,10140,41,-37.2799,6.02181,48.8655,-120.854,49.1845,-121.915,48.1497,-121.022,48.5865,-119.916,49.6913,-120.648,1
169,10140,44,-13.1234,22.0939,5.23245,6.64433,5.75815,6.70706,5.35014,6.08507,4.69464,6.60724,5.08021,7.25284,1
169,10140,56,34.5482,13.152,29.9262,11.9569,30.679,11.918,29.7365,11.1539,29.0542,12.0167,30.0715,12.6977,1
169,10140,69,25.033,20.5944,35.7211,47.1155,36.3389,47.0319,35.6444,46.4398,35.0229,47.2343,35.764,47.7764,1
169,10140,76,-30.992,22.735,-1.1235,-66.5035,-1.28991,-67.1318,-1.84416,-66.2461,-0.927249,-65.9175,-0.269494,-66.7802,1
169,10140,79,22.8358,22.9914,62.435,62.3331,63.064,61.8846,62.2655,61.1362,61.7265,62.8715,62.5595,63.5449,1
169,10140,83,-39.5712,2.34808,-18.7428,-41.7764,-18.7925,-42.6008,-19.3909,-41.4993,-18.6886,-41.0601,-17.9919,-42.0973,1
169,10140,86,-16.7685,-12.7709,62.9699,47.919,63.2313,46.8506,62.5513,47.3858,62.7115,48.8799,63.4021,48.4516,1
169,10140,91,-32.8126,10.4536,17.083,21.1801,17.1774,20.5056,16.425,21.2161,17.0113,21.7994,17.8332,21.1488,1
169,10140,92,-34.9817,-14.4499,39.1776,49.8492,39.3315,48.7892,38.5602,49.8231,39.0254,50.7533,39.8547,49.8435,1
170,10200,7,-18.9193,13.1062,2.87292,43.8759,2.6129,43.3541,2.34282,44.1648,3.14136,44.376,3.45698,43.573,1
170,10200,8,-38.7599,-9.84883,35.7782,50.5681,35.3441,49.4648,35.2064,51.1716,36.1319,51.5167,36.4053,49.85,1
170,10200,13,-29.7063,-18.961,22.7057,97.7482,22.6252,96.9304,22.1503,97.8262,22.7553,98.4621,23.2875,97.6332,1
170,10200,25,38.3019,-14.4837,-68.4644,102.765,-68.6382,101.12,-69.2227,103.962,-68.2788,104.593,-67.8226,101.787,1
170,10200,30,-31.1953,1.66828,60.0012,142.424,59.5183,141.617,59.7091,143.426,60.4379,143.171,60.3152,141.293,1
170,10200,40,-37.737,-7.5122,26.6385,-153.859,26.6454,-154.822,25.9768,-153.674,26.6229,-153.03,27.3803,-154.09,1
170,10200,41,-37.582,15.28,51.2174,-114.498,51.6155,-115.506,50.4595,-114.884,50.8765,-113.581,52.1078,-113.999,1
170,10200,54,24.6012,6.77321,44.248,-77.3041,44.4667,-78.0826,43.6618,-77.5254,44.0082,-76.4561,44.7962,-77.0782,1
170,10200,69,27.3936,4.82642,34.0088,48.6613,34.5735,48.6801,33.9394,47.9582,33.3879,48.6447,34.0623,49.3153,2
170,10200,71,32.3165,-13.7674,1.32812,113.009,1.85559,113.334,1.66371,112.271,0.770145,112.637,1.04689,113.657,1
170,10200,79,-32.9075,8.16064,65.3992,73.8452,66.0858,74.0513,65.3301,72.2194,64.7723,73.7004,65.4494,75.7004,1
170,10200,83,-38.006,7.85521,-15.0868,-39.5149,-15.1299,-40.2617,-15.7432,-39.2669,-15.0318,-38.8539,-14.322,-39.7957,1
170,10200,86,36.3595,17.7591,58.8715,62.8102,59.3841,61.7687,58.3019,62.1384,58.2687,64.026,59.3711,63.492,1
170,10200,87,-26.2314,21.949,47.2262,123.15,47.768,123.311,47.3304,122.232,46.6953,123.041,47.0761,124.188,1
170,10200,91,-33.8432,-3.57164,18.8382,22.5448,18.8933,21.7836,18.225,22.6318,18.7861,23.2193,19.5189,22.4381,3
171,10260,0,-25.7913,17.8888,62.4834,-159.994,63.0666,-159.458,62.7003,-161.425,61.9116,-160.434,62.2018,-158.416,1
171,10260,4,39.4022,5.94278,-73.8272,-95.3005,-73.0058,-94.8334,-73.9455,-98.4774,-74.7896,-95.9036,-73.7019,-92.5603,1
171,10260,6,-37.7809,-10.766,-29.7858,30.5952,-30.1428,29.547,-30.3818,31.0919,-29.4833,31.4851,-29.129,30.0193,1
171,10260,7,-19.5273,-3.59948,4.86325,44.102,4.56648,43.5608,4.38359,44.4041,5.13869,44.6104,5.36434,43.7788,1
171,10260,14,-27.7139,-22.0062,46.9259,136.416,47.0964,135.329,46.3933,136.195,46.75,137.347,47.4863,136.601,1
171,10260,22,-32.69,19.9499,-9.60519,-58.5171,-9.17876,-58.0828,-9.18762,-59.0701,-10.0252,-58.9019,-10.1077,-57.883,1
171,10260,30,-39.7885,2.19271,63.5354,138.071,62.9332,136.932,63.258,139.518,64.0562,139.087,63.836,136.355,1
171,10260,36,-37.6191,-14.5761,-81.3816,146.396,-81.8969,141.555,-81.7707,149.766,-80.9113,150.106,-80.9389,142.878,1
171,10260,41,19.8343,22.5854,47.5029,-105.394,47.7199,-106.251,46.9964,-105.719,47.2743,-104.427,47.994,-105.022,1
171,10260,56,31.8046,4.58024,25.8209,17.1527,26.4839,17.1942,25.7183,16.383,25.0775,17.1092,25.9013,17.8544,1
171,10260,69,33.7077,-24.3825,32.9847,48.3392,33.5857,48.4129,33.0687,47.2366,32.3529,48.2083,32.9298,49.2642,1
171,10260,72,-34.0628,-23.1775,-31.6433,134.977,-30.6789,135.217,-31.5276,134.231,-32.446,134.746,-31.7155,135.785,1
171,10260,76,-11.8352,20.0643,4.57013,-62.6351,4.35224,-63.122,4.04151,-62.4419,4.81269,-62.1506,5.15147,-62.8255,1
171,10260,79,-8.85804,22.8379,60.0415,77.5256,60.5777,77.5173,60.1005,76.3993,59.4876,77.5873,59.9423,78.7382,2
171,10260,91,20.1202,-10.5594,17.468,28.4279,17.4996,27.8925,16.8824,28.3997,17.4205,28.9821,18.0077,28.4447,1
172,10320,0,-31.2018,-1.34777,61.3458,-157.39,62.0261,-156.748,61.4895,-158.742,60.7304,-157.941,61.1771,-155.908,1
172,10320,7,-32.5083,6.22105,9.9003,43.5705,9.62521,42.8789,9.31291,43.9712,10.1604,44.1943,10.5658,43.1197,1
172,10320,8,34.9512,-19.4871,39.0021,62.5676,38.8464,61.7029,38.0431,62.9816,39.122,63.5206,39.8026,62.1855,1
172,10320,9,-26.6736,24.4398,75.9571,106.303,76.2056,103.816,75.2524,105.094,75.7296,108.715,76.7541,107.981,1
172,10320,13,-35.0439,19.6806,31.4206,105.887,31.5732,105.136,30.6734,105.836,31.3088,106.586,32.3015,105.973,1
172,10320,18,-26.2029,3.32541,-25.9654,-71.1731,-25.3884,-71.153,-26.0183,-71.7814,-26.5016,-71.1859,-25.9065,-70.51,1
172,10320,25,-25.9576,-0.883124,-57.9074,96.4867,-58.0945,95.474,-58.3724,96.9319,-57.727,97.4107,-57.4048,96.0137,1
172,10320,28,26.0858,-21.663,44.6027,129.343,44.3661,128.684,43.953,129.726,44.815,130.046,45.1629,128.976,3
172,10320,30,-34.3666,-12.8529,65.8845,138.196,65.2196,137.236,65.6571,139.523,66.4501,139.092,66.0991,136.698,1
172,10320,36,-36.7246,-1.87085,-76.2381,148.894,-76.6526,146.265,-76.6385,151.016,-75.8513,151.068,-75.7697,146.617,1
172,10320,41,-34.5668,-17.5555,52.3551,-109.08,52.6727,-110.444,51.7443,-109.338,52.0569,-107.943,53.026,-108.846,1
172,10320,56,31.2419,19.6688,21.985,21.1522,22.7388,21.1309,21.8864,20.4425,21.1093,21.2009,22.0413,21.8251,1
172,10320,69,27.9871,4.26311,28.5817,54.2587,29.1476,54.3199,28.5471,53.5825,27.9586,54.1949,28.6038,54.8844,1
172,10320,70,-32.4407,-5.15288,29.3119,108.214,29.9755,108.6,29.483,107.519,28.7224,107.873,29.1299,108.981,1
172,10320,79,-37.7527,10.1782,59.9977,85.8041,60.7221,86.3743,60.0537,84.2562,59.3441,85.3553,59.9004,87.6054,1
172,10320,84,38.2878,3.80782,19.218,-12.3786,19.1299,-13.0954,18.5386,-12.0565,19.3162,-11.5507,19.8186,-12.6549,1
172,10320,86,18.4777,22.8277,59.9003,77.9462,60.3543,77.257,59.6172,77.0976,59.4026,78.7298,60.1545,78.8403,1
172,10320,91,-16.6567,-15.8191,22.0871,28.3591,22.0602,27.7253,21.5788,28.3484,22.0956,28.9421,22.6017,28.3499,1
173,10380,6,-36.2734,-1.57618,-21.7543,33.4899,-22.0395,32.6264,-22.356,33.9421,-21.4977,34.2431,-21.0758,32.9745,2
173,10380,7,-28.931,20.0884,14.9148,45.1637,14.6644,44.5271,14.2428,45.5147,15.1834,45.7573,15.7003,44.7779,1
173,10380,13,-34.9856,7.96451,33.0941,107.809,33.2361,107.017,32.4316,107.828,32.9753,108.524,33.8522,107.795,1
173,10380,20,-23.5813,-15.7057,56.8935,-74.8155,57.4423,-74.2874,57.1244,-75.6382,56.4042,-75.2987,56.6659,-73.9563,1
173,10380,24,40.0045,5.70444,-84.2201,10.9142,-83.5588,8.41108,-84.699,4.73542,-84.9747,14.6886,-83.7641,15.5767,1
173,10380,31,35.4423,20.8532,70.0214,-30.1085,70.584,-28.6102,70.3522,-31.7716,69.3236,-31.7347,69.6727,-28.6779,1
173,10380,36,-31.8908,10.3148,-71.2549,151.26,-71.6124,149.683,-71.6757,152.705,-70.9027,152.629,-70.7587,149.716,1
173,10380,41,-10.9393,-15.8455,51.2946,-101.445,51.5356,-102.267,50.8526,-101.865,51.0512,-100.697,51.7413,-101.045,1
173,10380,43,18.9775,14.7846,20.0778,-10.7754,20.6425,-10.7621,20.0757,-11.3492,19.46,-10.7743,20.0598,-10.2148,1
173,10380,56,28.039,-22.9,22.9689,20.469,23.5774,20.5204,23.0788,19.5465,22.3425,20.3737,22.8926,21.2663,1
173,10380,69,-30.5265,-9.42771,30.2595,60.5204,30.9448,60.6158,30.2492,59.8661,29.651,60.4282,30.2821,61.2285,1
173,10380,79,-20.5219,19.85,55.0751,87.3001,55.6223,87.5285,55.2178,86.2506,54.5297,87.126,54.8849,88.4519,8
173,10380,86,20.8282,-9.61932,59.4846,79.2581,59.9232,78.8036,59.2058,78.2937,59.0208,79.699,59.742,80.1535,1
173,10380,91,-22.2638,10.2234,26.664,32.6747,26.7344,32.0702,26.112,32.6416,26.607,33.2537,27.2665,32.7218,1
173,10380,93,-23.6104,6.99367,46.4493,123.646,46.9662,123.337,46.1889,122.942,45.9637,123.944,46.7228,124.424,1
174,10440,6,-29.4056,-23.6269,-20.9414,34.5709,-21.4662,33.7408,-21.4917,34.9346,-20.5109,35.2897,-20.3926,34.1552,1
174,10440,13,-36.2926,15.8825,36.3363,111.662,36.5347,110.85,35.6014,111.598,36.1776,112.405,37.1987,111.759,3
174,10440,18,-19.2668,-6.25519,-30.8754,-66.4003,-30.329,-66.4606,-30.9418,-66.9745,-31.3857,-66.349,-30.7957,-65.8031,1
174,10440,31,36.876,-9.02202,69.4158,-30.7902,69.7843,-29.3436,69.918,-32.5694,69.0042,-32.3794,68.9727,-29.3083,1
174,10440,37,-36.3304,-14.0865,-34.0288,149.639,-34.6211,148.931,-34.3692,150.254,-33.5272,150.248,-33.6712,148.949,1
174,10440,41,-39.1423,-8.65586,55.3717,-96.0779,55.9338,-97.352,54.7219,-96.547,54.8787,-95.0279,56.1153,-95.561,1
174,10440,44,-33.0325,-21.99,-4.6857,15.9223,-3.77065,15.9419,-4.69323,15.2995,-5.46001,15.8841,-4.63559,16.584,1
174,10440,46,37.151,13.2376,-55.4876,88.3644,-54.8568,87.5916,-56.0529,87.5164,-56.214,89.3232,-54.9908,89.1389,1
174,10440,79,-26.1862,-22.0155,55.8662,87.4056,56.6558,87.5016,55.9379,86.3706,55.1792,87.2877,55.8179,88.4752,7
174,10440,86,36.1608,6.2282,56.1821,87.3914,56.8098,87.0244,55.8055,86.3541,55.4626,87.8039,56.5012,88.3465,6
174,10440,91,24.8483,11.4931,25.9861,38.8283,26.0446,38.1886,25.4234,38.8241,25.929,39.5361,26.5201,38.8492,1
174,10440,92,-8.49367,19.0116,46.0202,77.6383,46.2645,77.0091,45.5883,77.2273,45.7848,78.2901,46.4709,78.1086,1
175,10500,6,-31.6101,-22.4254,-17.2098,35.2264,-17.7444,34.3799,-17.757,35.6142,-16.7729,35.9544,-16.6569,34.7811,1
175,10500,13,-40.675,-1.53246,38.0359,112.727,38.2407,111.677,37.3211,112.803,37.8563,113.625,38.8638,112.626,1
175,10500,18,-36.515,6.09154,-32.4026,-60.6438,-31.6908,-60.6275,-32.5651,-61.4226,-33.0372,-60.6443,-32.2136,-59.7518,1
175,10500,21,36.3394,16.3362,10.0732,-69.5147,10.6606,-69.0982,10.3197,-70.1364,9.37264,-69.9886,9.82303,-68.9607,2
175,10500,27,-26.9851,22.715,25.6853,117.716,25.4155,117.184,25.1377,118.075,25.9725,118.217,26.3254,117.323,1
175,10500,37,-38.5812,9.51906,-27.7325,148.898,-28.1355,148.208,-28.1905,149.53,-27.3579,149.495,-27.1872,148.172,1
175,10500,41,1.73916,24.5088,51.826,-83.7307,52.1634,-84.4168,51.4673,-84.3693,51.4808,-82.9797,52.1822,-83.0126,1
175,10500,43,30.2878,21.7939,12.8463,-6.45427,13.5744,-6.44209,12.8036,-7.09692,11.9982,-6.44335,12.8496,-5.84128,1
175,10500,53,-40.2761,0.374535,40.0907,-103.892,40.2959,-105.055,39.3072,-103.788,39.9121,-102.895,41.0022,-104.025,1
175,10500,71,-19.8893,11.1542,-16.7305,124.421,-16.2322,124.676,-16.5072,123.876,-17.2175,124.186,-16.9814,125.009,1
175,10500,75,32.6631,-4.70866,-18.7989,-67.9614,-18.9844,-68.601,-19.4548,-67.5884,-18.6017,-67.2535,-18.2164,-68.2925,1
175,10500,82,-37.5077,-15.1929,-31.5135,-52.1556,-31.6482,-53.1684,-32.0994,-51.9011,-31.4059,-51.2973,-30.8734,-52.4662,1
175,10500,85,-24.8067,22.0869,59.862,26.3927,60.0373,25.3665,59.2772,26.0015,59.7115,27.4029,60.5184,26.8979,1
175,10500,86,34.1874,-15.8214,55.795,89.8114,56.3684,89.5973,55.5265,88.4786,55.1663,89.9902,56.0275,90.9653,1
175,10500,90,-32.9341,10.9361,7.46769,10.355,7.55065,9.7025,6.80602,10.4026,7.40829,10.9544,8.22349,10.3107,1
175,10500,91,33.5178,13.0909,27.692,42.8592,27.7995,42.0948,27.0359,42.8874,27.5758,43.7392,28.2941,42.8572,1
176,10560,6,-34.0949,3.05841,-10.6541,36.6605,-10.9287,35.921,-11.2463,37.0717,-10.3987,37.318,-9.98399,36.197,3
176,10560,7,-34.8876,-21.5472,21.1475,45.2398,20.5505,44.3185,20.6081,45.7047,21.6247,46.0299,21.6971,44.6953,3
176,10560,13,-34.6548,-12.9974,39.009,115.743,39.1092,114.728,38.4073,115.769,38.9044,116.617,39.6677,115.685,1
176,10560,18,-22.1539,4.70746,-35.8044,-58.5239,-35.2681,-58.6025,-35.9123,-59.1575,-36.3106,-58.4408,-35.6877,-57.8417,1
176,10560,21,-32.5107,24.8419,6.55247,-62.5375,6.97425,-62.1018,7.03494,-63.0942,6.123,-62.921,5.95924,-61.8969,1
176,10560,22,-34.5458,21.0852,-28.3643,-55.5351,-27.9124,-55.0399,-27.9431,-56.2084,-28.8062,-55.9699,-28.8762,-54.7474,1
176,10560,24,-37.3571,0.979234,-73.9133,61.4029,-73.6737,58.9462,-74.5584,61.3082,-74.0953,63.6256,-73.1772,61.491,1
176,10560,27,-37.3876,-15.0267,25.9023,116.129,25.3987,115.364,25.4827,116.626,26.3163,116.791,26.3443,115.553,1
176,10560,35,-2.51682,24.6624,-84.6452,-57.0428,-84.4498,-52.1761,-84.1439,-58.0149,-84.832,-62.4751,-85.1866,-56.068,1
176,10560,37,-31.277,-24.7608,-27.5266,149.675,-28.2189,149.103,-27.8831,150.185,-26.9518,150.176,-27.1857,149.117,1
176,10560,43,24.637,15.5933,10.9994,-4.2511,11.6113,-4.20904,10.9974,-4.83665,10.3148,-4.2818,10.9789,-3.68977,1
176,10560,53,38.6285,-4.37032,35.2143,-94.0946,35.4559,-94.9466,34.3171,-94.1461,34.918,-93.1338,35.9867,-94.0494,1
176,10560,75,30.6871,16.4791,-13.0778,-66.2117,-13.378,-66.8643,-13.6178,-65.8468,-12.7152,-65.4725,-12.5577,-66.5288,1
176,10560,79,22.2069,-11.552,46.0646,88.6285,46.5936,88.8268,46.2045,87.7248,45.5165,88.4038,45.9408,89.4518,1
176,10560,82,-30.9116,15.3231,-26.2491,-47.1579,-26.2811,-47.8208,-26.8736,-47.0137,-26.1943,-46.5413,-25.5324,-47.3044,1
176,10560,85,-38.1929,13.767,62.791,30.3227,63.1517,28.9786,62.0757,29.8982,62.4786,31.5252,63.6297,30.8797,3
176,10560,86,38.1018,9.67756,52.2473,98.788,52.9508,98.616,51.9421,97.7296,51.427,98.9947,52.4944,99.7528,1
176,10560,90,-37.2559,-4.17916,9.46456,11.1856,9.51944,10.3786,8.81336,11.315,9.41465,11.8876,10.1988,11.0274,1
176,10560,91,21.0366,24.6719,31.6323,46.1629,31.6709,45.4274,31.0891,46.0788,31.6096,46.9985,32.1699,46.2873,1
177,10620,6,-36.7705,-11.1031,-8.59584,36.5729,-9.0176,35.713,-9.15168,37.0327,-8.2417,37.3113,-7.9911,36.0411,1
177,10620,8,29.3124,-23.3148,55.5965,72.9634,55.5029,71.8359,54.6731,73.1143,55.6391,74.1498,56.3832,72.7849,1
177,10620,12,36.9089,-4.95191,12.4457,95.105,12.5205,94.4512,11.6749,95.2128,12.3478,95.8397,13.1168,95.0089,1
177,10620,13,-20.1818,-14.3444,40.0118,120.731,40.0844,119.958,39.5118,120.636,39.9289,121.433,40.5282,120.808,1
177,10620,24,-35.1876,20.7705,-70.0954,75.7653,-70.0013,73.9169,-70.8309,75.8489,-70.1306,77.4966,-69.2234,75.7362,1
177,10620,28,3.15136,-18.2959,63.7722,135.795,63.5533,134.814,63.294,136.135,63.9615,136.772,64.2199,135.425,1
177,10620,29,40.1894,3.57244,70.9673,-109.353,71.6667,-109.065,70.7982,-111.675,70.1515,-109.667,71.0807,-107.3,1
177,10620,35,40.6117,-3.0049,-82.3221,-92.5182,-82.6378,-87.7445,-81.4881,-91.4776,-81.8884,-97.4897,-83.0331,-93.6185,1
177,10620,43,-38.3239,-3.43603,13.5321,1.71933,14.3512,1.92803,13.4995,0.997329,12.8228,1.54061,13.5779,2.54241,1
177,10620,53,28.6988,-6.27049,38.4027,-91.613,38.5747,-92.3513,37.707,-91.7543,38.2006,-90.8225,39.03,-91.489,1
177,10620,55,36.0118,16.1485,33.3022,4.73454,34.103,4.61995,33.0485,3.89998,32.3606,4.88788,33.4985,5.50892,1
177,10620,56,-34.7758,13.5686,12.7737,37.7664,13.4642,37.9938,12.8412,36.9893,12.1376,37.5847,12.6784,38.6674,2
177,10620,68,-6.99258,23.0459,41.5878,42.1436,42.0866,42.0663,41.5933,41.4438,41.0722,42.2557,41.5539,42.899,1
177,10620,70,38.0729,-14.0103,10.1592,106.867,10.7304,107.264,10.5147,105.958,9.53793,106.399,9.86838,107.638,1
177,10620,75,-22.2778,5.61372,-8.8657,-70.42,-9.05885,-70.9712,-9.37836,-70.1792,-8.67472,-69.9016,-8.30903,-70.6755,1
177,10620,85,-34.7571,-14.9831,62.714,31.9977,62.9613,30.3267,62.1316,31.7723,62.4735,33.4028,63.3542,32.1966,2
177,10620,86,-33.1525,19.6802,54.7032,111.987,55.315,112.16,54.706,110.771,54.1281,111.884,54.6637,113.407,1
177,10620,90,-29.3191,3.73649,12.1252,14.8862,12.1713,14.2511,11.5382,14.9407,12.0884,15.4696,12.7744,14.8275,1
178,10680,6,-28.696,19.9571,-1.83164,39.4023,-2.07734,38.7873,-2.50139,39.7364,-1.56596,39.9748,-1.04951,39.0386,1
178,10680,12,31.8956,8.06153,16.6053,97.9902,16.6224,97.3417,15.9829,98.0972,16.5902,98.7217,17.177,97.9048,1
178,10680,24,-20.6942,19.3146,-68.307,84.6432,-68.3884,83.2826,-68.8533,84.9012,-68.1936,85.9583,-67.6962,84.4186,1
178,10680,26,38.7544,-5.99434,-2.35336,118.436,-2.63016,117.852,-2.95547,118.968,-2.05142,119.106,-1.83652,117.978,1
178,10680,29,31.3242,-24.653,71.0834,-105.211,71.6412,-104.931,71.2294,-107.773,70.5068,-105.61,70.9544,-103.057,1
178,10680,35,-5.64086,-19.3318,-87.5165,-97.4471,-87.6267,-85.2931,-87.066,-92.9978,-87.3065,-107.36,-87.9429,-103.124,1
178,10680,39,-34.6099,20.5883,56.3863,140.808,55.9446,139.973,55.9325,141.853,56.8157,141.556,56.9284,139.565,1
178,10680,41,27.1068,-5.04641,48.8169,-71.3949,49.3012,-71.846,48.4141,-72.1626,48.289,-70.9299,49.1814,-70.6888,1
178,10680,55,38.4033,-0.504758,31.9257,5.88828,32.6707,5.92498,31.7021,4.90742,31.0704,5.83822,32.109,6.74582,1
178,10680,68,31.6433,11.8232,36.9816,41.7578,37.6201,41.7156,36.838,41.0016,36.2564,41.8187,37.0924,42.4631,1
178,10680,75,-21.7329,9.15972,-5.06596,-69.1147,-5.25674,-69.6526,-5.58841,-68.8797,-4.87197,-68.6054,-4.49374,-69.3623,1
178,10680,85,28.1762,-16.2365,58.594,43.1975,58.894,42.3395,58.005,42.5036,58.2523,44.0609,59.1182,43.8065,2
178,10680,90,-15.8737,24.8846,15.3475,19.7513,15.341,19.2019,14.7618,19.6894,15.384,20.3102,15.9986,19.8479,1
179,10740,0,23.8081,16.1825,33.3215,-150.566,33.9289,-150.255,33.5272,-151.262,32.6351,-150.89,33.0973,-149.91,1
179,10740,5,-32.797,24.3584,-31.7288,28.6412,-31.9013,27.8236,-32.5476,28.9887,-31.5137,29.395,-30.7397,28.268,1
179,10740,6,-31.9651,14.9392,1.35305,39.5812,1.11074,38.9182,0.698163,39.9561,1.60222,40.186,2.11533,39.1636,2
179,10740,12,30.1792,21.0082,20.3873,101.398,20.3467,100.67,19.797,101.49,20.4529,102.241,20.952,101.344,1
179,10740,26,29.0792,-22.8618,-0.0111139,117.388,-0.294717,116.921,-0.683825,117.76,0.253579,117.89,0.558675,117.049,1
179,10740,39,-35.0796,8.22629,58.7847,139.663,58.301,138.779,58.4488,140.744,59.2253,140.462,59.1635,138.406,1
179,10740,44,-36.2147,-10.4696,-19.7426,28.35,-18.8962,28.4241,-19.8266,27.6601,-20.4715,28.2768,-19.6247,29.1132,1
179,10740,55,35.6193,13.6409,28.7554,10.7016,29.5319,10.6742,28.5596,9.88789,27.8495,10.7492,28.9037,11.4489,1
179,10740,68,32.3127,22.3602,33.5657,45.9259,34.2933,45.8434,33.4397,45.1948,32.7126,46.0503,33.6442,46.625,2
179,10740,75,8.61147,18.3993,-1.78796,-65.1038,-2.03708,-65.5849,-2.2671,-64.8946,-1.50421,-64.5976,-1.29104,-65.298,1
179,10740,82,-33.9038,-9.32727,-18.4564,-43.1647,-18.6101,-43.9204,-18.9972,-42.9262,-18.326,-42.5019,-17.8676,-43.4411,1
179,10740,90,-35.8295,14.7116,19.0423,20.0848,19.179,19.368,18.3079,20.1055,18.9408,20.74,19.9013,20.0763,1
179,10740,91,-38.7883,13.3634,42.253,52.3991,42.6034,51.4969,41.4869,52.1898,41.9577,53.2098,43.1574,52.6713,1
179,10740,92,36.1463,-9.35902,43.471,99.8153,44.0024,99.3295,42.8861,99.0422,42.8668,100.325,43.9778,100.49,2
180,10800,5,-28.045,8.96861,-30.3473,29.8143,-30.5587,29.0841,-30.9387,30.167,-30.133,30.4857,-29.683,29.4349,1
180,10800,6,-38.895,9.21522,4.67507,39.1364,4.4219,38.3114,3.98271,39.6198,4.91773,39.8567,5.49463,38.5715,1
180,10800,12,28.6581,-20.6281,20.2136,100.696,20.2576,100.105,19.4571,100.621,20.1339,101.31,20.8728,100.741,1
180,10800,37,-35.8961,-1.26163,-9.93919,147.494,-10.4063,146.935,-10.3026,148.016,-9.52443,147.985,-9.53321,146.904,1
180,10800,39,-34.6248,-9.00405,60.7931,138.732,60.1859,137.849,60.5379,139.833,61.3149,139.543,61.0492,137.483,1
180,10800,40,20.1638,-11.7095,45.5004,-114.925,45.7036,-115.62,44.9367,-115.255,45.272,-114.22,46.021,-114.631,1
180,10800,53,29.3748,-4.88778,43.8709,-79.0823,44.1386,-79.8459,43.1974,-79.377,43.5652,-78.2653,44.4779,-78.8147,1
180,10800,55,35.4303,4.30094,27.0014,12.6972,27.715,12.7463,26.8519,11.8539,26.1876,12.6432,27.1203,13.4532,3
180,10800,68,31.3291,7.88011,32.139,47.6715,32.7543,47.7039,32.0486,46.9409,31.4467,47.6431,32.206,48.3449,1
180,10800,75,-29.4962,-3.40616,1.10899,-68.1725,0.868712,-68.8148,0.584681,-67.8763,1.32495,-67.5916,1.67753,-68.5025,1
180,10800,78,-13.117,20.9485,61.9657,72.4661,62.5027,72.4481,61.995,71.2459,61.4219,72.5371,61.8993,73.7933,1
180,10800,90,-28.7801,-13.9665,18.9811,21.0845,18.9588,20.3338,18.4236,21.1449,18.9861,21.7495,19.5719,20.9974,1
