step,time_s,satellite,az_deg,el_deg,boresight_lat_deg,boresight_lon_deg,corner1_lat_deg,corner1_lon_deg,corner2_lat_deg,corner2_lon_deg,corner3_lat_deg,corner3_lon_deg,corner4_lat_deg,corner4_lon_deg,targets_hit
1,60,0,0.992095,-23.8685,-15.2531,-88.4734,-14.6867,-88.2323,-14.8844,-88.9894,-15.7749,-88.7271,-15.5753,-87.9732,1
1,60,1,-29.1287,-9.9379,-49.1706,-69.1506,-48.4423,-68.7909,-49.0417,-70.0883,-49.8156,-69.4928,-49.2832,-68.1309,3
1,60,2,39.7998,6.07843,-79.3743,2.53459,-78.7471,-0.430317,-80.1636,0.091524,-80.0704,6.49161,-78.6813,4.46087,1
1,60,3,34.5719,17.477,-50.6312,74.4976,-50.9899,73.3239,-51.2207,75.2198,-50.1767,75.8398,-50.0661,73.8931,1
1,60,4,-32.5135,-21.602,-18.6533,78.24,-19.1788,77.3681,-19.202,78.6408,-18.2236,78.9873,-18.0942,77.7787,1
1,60,5,35.9553,12.193,17.7903,96.7606,17.4453,95.9988,17.187,97.2808,18.2004,97.6473,18.3484,96.3088,1
1,60,6,-11.0282,23.3005,54.0864,107.421,53.8744,106.516,53.4926,107.68,54.3257,108.343,54.7436,107.174,2
1,60,8,-30.9036,21.1356,50.1137,-106.061,50.6801,-105.448,50.4882,-107.159,49.5542,-106.578,49.6411,-104.82,2
1,60,9,-33.7849,4.57514,17.6354,-93.596,18.2321,-93.0946,17.9422,-94.2787,17.0912,-94.0352,17.2833,-92.8263,2
1,60,10,29.3141,19.3786,-0.795296,108.251,-0.880256,107.598,-1.36834,108.38,-0.677625,108.998,-0.245395,108.156,1
1,60,12,-9.19156,-18.6227,46.2824,165.238,46.4418,164.482,45.8305,164.933,46.1136,165.932,46.733,165.517,1
1,60,13,35.6458,-6.16843,43.5498,-141.351,44.1387,-141.632,43.1451,-142.234,42.8874,-141.061,43.901,-140.572,1
1,60,14,32.4891,17.6723,23.5673,-101.251,24.2546,-101.296,23.4341,-101.915,22.772,-101.18,23.6616,-100.626,3
1,60,15,-23.783,-4.96113,2.22494,-73.7628,2.8031,-73.701,2.23531,-74.2824,1.69245,-73.823,2.22096,-73.2103,2
1,60,16,26.7036,17.3375,-29.0128,-50.4831,-28.3996,-50.5213,-29.0859,-51.1225,-29.7047,-50.4194,-28.9636,-49.8697,2
1,60,17,27.3673,17.1532,-49.0694,-11.1305,-48.5169,-11.5574,-49.37,-11.8709,-49.685,-10.612,-48.7989,-10.4147,1
1,60,18,-34.092,-17.8616,-44.0876,37.0766,-43.7141,36.0388,-44.647,36.7883,-44.4141,37.9649,-43.4714,37.3411,1
1,60,19,-36.8572,-8.40408,-24.9891,76.1377,-24.8881,75.2587,-25.6198,76.2167,-25.0778,76.8981,-24.285,76.0314,1
1,60,20,36.0651,-19.308,-4.3654,-59.3736,-3.94581,-58.9464,-3.82068,-60.0586,-4.79663,-59.8642,-4.8112,-58.784,2
1,60,21,-22.8902,4.42898,-41.1147,-45.5454,-40.6779,-45.152,-40.8667,-46.1382,-41.5286,-45.9147,-41.3818,-44.9021,1
1,60,22,14.2491,23.0767,-76.9541,-17.3837,-76.418,-17.4116,-76.9034,-19.5539,-77.5451,-17.2463,-77.0132,-15.1695,2
1,60,23,36.2369,-19.8503,-67.5269,109.136,-67.7097,107.635,-68.3262,110.155,-67.347,110.776,-66.8567,108.289,1
1,60,24,-16.942,-11.3227,-30.3077,116.094,-30.6144,115.584,-30.7005,116.406,-30.0285,116.57,-29.9116,115.765,1
1,60,25,-12.253,15.1131,7.23416,123.58,6.96569,123.186,6.82439,123.851,7.51489,123.965,7.68038,123.301,1
1,60,26,-40.6199,-0.853129,41.8717,126.501,41.5036,125.526,41.3826,127.16,42.1853,127.345,42.4285,125.716,2
1,60,28,35.6935,-10.244,63.8305,-85.0675,64.3718,-84.4942,63.9922,-86.7674,63.236,-85.7148,63.6818,-83.6057,2
1,60,32,29.5287,20.6609,-27.1483,-43.0754,-26.6878,-42.5424,-26.7639,-43.5645,-27.6925,-43.679,-27.5352,-42.6298,1
1,60,33,-29.3602,19.8499,-63.2994,-38.1913,-62.9551,-37.1605,-62.8039,-39.1298,-63.6429,-39.1556,-63.8749,-37.1062,1
1,60,34,-38.315,14.8329,-81.0324,134.597,-81.3075,130.319,-81.5946,137.942,-80.7234,138.118,-80.3238,131.22,1
1,60,35,39.1377,-11.7295,-47.484,150.22,-47.9162,149.491,-47.9703,151.315,-47.0096,151.05,-47.0714,149.3,2
1,60,38,10.1804,-18.2372,59.6909,138.296,59.3064,137.697,59.2996,139.031,60.0549,138.93,60.0398,137.575,2
1,60,39,38.573,12.2571,81.3147,-45.815,81.8564,-42.3645,81.5939,-50.3066,80.6349,-49.3011,81.0052,-42.1383,2
1,60,40,31.4139,13.9147,45.244,-82.9115,45.8683,-83.2967,44.8936,-83.6776,44.5348,-82.4633,45.5457,-82.176,2
1,60,41,-11.6078,-19.5577,29.8306,-45.5883,30.4219,-45.6508,29.857,-46.1956,29.2838,-45.5523,29.8242,-44.9892,1
1,60,42,-16.3432,23.3394,-0.612451,-18.2791,-0.0759505,-18.2069,-0.481574,-18.8617,-1.15858,-18.3224,-0.782163,-17.6364,1
1,60,45,-35.347,-15.8501,-45.8449,92.4864,-45.4491,91.3514,-46.4549,92.2082,-46.1869,93.4591,-45.1674,92.7422,1
1,60,46,27.1182,-7.47472,-30.1295,136.549,-30.096,135.897,-30.7897,136.588,-30.1737,137.248,-29.5325,136.508,2
1,60,47,37.0119,15.5313,-1.22648,163.304,-1.31008,162.522,-1.91352,163.557,-1.1111,164.226,-0.596405,163.103,1
1,60,48,-0.000305179,-18.4709,26.15,-178.055,26.092,-178.648,25.6151,-178.083,26.1849,-177.486,26.6619,-178.048,1
1,60,49,31.9613,10.6076,45.8599,-135.727,46.1625,-136.583,45.2291,-135.992,45.5173,-134.759,46.434,-135.453,1
1,60,50,-25.7121,15.9485,2.71178,176.312,2.70677,175.704,2.06176,176.369,2.73972,176.893,3.44354,176.265,1
1,60,51,33.5497,-20.0254,23.1818,-157.526,23.2661,-158.226,22.2445,-157.587,23.0487,-156.782,23.9788,-157.495,1
1,60,52,37.7249,-8.42585,43.9601,-119.716,44.358,-120.535,43.1041,-120.137,43.488,-118.822,44.6951,-119.352,2
1,60,53,-27.1376,-20.9977,51.606,-67.1032,52.3013,-67.7844,51.3142,-67.9434,50.9868,-66.5552,51.9326,-66.2474,2
1,60,54,-37.6817,-15.85,31.8181,-25.1656,32.8158,-25.1346,31.6974,-25.976,30.9795,-25.2082,31.9814,-24.2696,1
1,60,56,-26.1841,4.73477,-25.839,23.908,-25.2134,23.9646,-25.8676,23.2367,-26.4219,23.8635,-25.8074,24.6432,2
1,60,57,-11.2081,-24.1242,-46.284,56.8237,-45.7133,56.3573,-46.4481,56.0286,-46.8128,57.225,-46.0919,57.5756,1
1,60,58,26.4841,-5.41313,-50.9069,115.406,-50.6305,114.589,-51.5299,115.014,-51.2058,116.287,-50.3372,115.749,1
1,60,59,-18.7749,-7.02823,-26.8158,151.014,-26.812,150.343,-27.3564,151.033,-26.8223,151.641,-26.2533,150.985,1
1,60,62,-23.5,-22.3927,-38.2134,158.025,-38.242,157.13,-38.7496,157.987,-38.203,158.814,-37.6668,158.024,1
1,60,63,-31.8776,23.1173,-7.00088,-173.287,-6.99552,-173.909,-7.73017,-173.225,-6.96701,-172.698,-6.14097,-173.333,1
1,60,64,20.4894,5.57439,17.8688,-149.254,17.8119,-149.795,17.3489,-149.152,17.9325,-148.672,18.3651,-149.344,1
1,60,65,28.8917,-3.41944,42.2135,-119.402,42.3533,-120.133,41.5843,-119.495,42.0499,-118.613,42.7843,-119.318,1
1,60,66,22.7812,-4.48528,52.8237,-67.2694,53.2406,-67.7738,52.4508,-67.9844,52.3756,-66.7538,53.1672,-66.5997,3
1,60,68,16.978,-21.0766,11.4585,5.39644,11.9692,5.46652,11.6225,4.78719,10.9529,5.30143,11.3276,5.95152,2
1,60,69,-27.2815,-13.8322,-15.9977,30.1581,-15.3266,30.229,-15.9723,29.5965,-16.5944,30.0822,-16.0031,30.7528,2
1,60,70,-20.7821,9.98109,-32.14,49.7795,-31.6217,50.0335,-31.9549,49.1449,-32.6421,49.547,-32.3466,50.4687,1
1,60,73,-32.2682,19.2012,-31.1408,-164.198,-31.2304,-164.969,-31.8617,-163.956,-31.0205,-163.486,-30.2941,-164.452,1
1,60,75,-35.0366,-14.5354,32.0636,-137.475,31.7196,-138.432,31.5114,-137.073,32.3407,-136.643,32.6521,-137.951,1
1,60,76,30.2083,8.16102,60.0365,-95.931,60.1539,-97.2058,59.3835,-95.9561,59.8973,-94.5097,60.638,-95.8797,2
1,60,77,-15.2874,-12.5961,65.319,-16.8428,65.8959,-17.1139,65.2335,-18.0786,64.78,-16.6277,65.4103,-15.5847,1
1,60,78,-34.0095,-18.0055,37.8213,21.0498,38.674,21.4186,37.9582,20.2598,37.0983,20.7213,37.7013,21.9105,1
1,60,79,-29.9182,-20.252,4.35067,34.9038,5.13982,35.1849,4.54538,34.3304,3.67564,34.643,4.17845,35.5182,3
1,60,80,35.7037,-20.6371,-57.0348,-171.636,-56.8852,-172.71,-57.9236,-171.88,-57.2239,-170.479,-56.2839,-171.473,1
1,60,81,23.0231,19.3346,-24.283,-139.742,-24.4711,-140.346,-24.7796,-139.542,-24.0514,-139.074,-23.7906,-139.91,1
1,60,82,26.3596,2.22752,5.92029,-122.873,5.79135,-123.398,5.38804,-122.664,6.06053,-122.301,6.41492,-123.063,1
1,60,83,25.4038,11.2465,37.2492,-101.699,37.178,-102.396,36.7169,-101.545,37.3333,-100.928,37.7562,-101.828,1
1,60,85,14.8935,22.7673,50.7109,8.68637,51.249,8.53882,50.6675,7.89769,50.1204,8.87986,50.7232,9.4898,2
1,60,86,-38.4443,12.649,25.5269,41.762,26.1505,42.1557,25.6955,40.965,24.9591,41.4364,25.3113,42.695,1
1,60,87,37.4276,17.6254,-10.2252,52.5861,-9.4999,52.8162,-10.1788,51.889,-11.0921,52.3294,-10.297,53.2151,1
1,60,89,26.0641,11.5955,-63.1914,120.593,-62.6833,120.041,-63.4858,119.554,-63.7479,121.249,-62.9186,121.573,1
1,60,90,21.5898,-17.4168,32.6824,-70.0627,32.7984,-70.6728,32.0605,-70.2657,32.5384,-69.4455,33.246,-69.8955,1
1,60,92,-30.5624,-19.6096,41.0202,23.649,41.7784,23.3098,40.8187,22.9307,40.3585,23.9134,41.2589,24.3987,2
1,60,93,32.4633,-4.8578,12.7546,52.7415,13.351,52.811,12.701,52.0203,12.0984,52.6552,12.803,53.3836,1
1,60,95,-25.2294,9.75536,-33.7748,112.749,-33.2115,112.663,-33.9064,112.076,-34.305,112.846,-33.634,113.49,1
1,60,96,6.83113,-20.9019,-47.5495,153.449,-47.1792,152.909,-47.8639,152.76,-47.9205,153.955,-47.2372,154.065,1
1,60,97,26.1411,24.5022,-38.186,-151.712,-38.118,-152.571,-38.7603,-151.789,-38.2301,-150.715,-37.6288,-151.592,1
1,60,98,34.3318,2.85162,-16.7429,-121.922,-16.6914,-122.592,-17.4338,-121.808,-16.7985,-121.164,-16.1228,-122.015,1
1,60,99,-35.3214,-16.9215,12.6384,-103.579,12.5868,-104.472,12.0286,-103.455,12.6648,-102.817,13.2975,-103.746,1
1,60,100,-37.6024,9.58424,64.3312,-96.0169,63.8995,-97.401,63.8618,-94.721,64.7195,-94.7718,64.8696,-97.5717,2
1,60,102,-29.0972,-22.056,47.0967,88.6026,47.7307,89.3449,47.4636,87.9452,46.5589,87.9524,46.738,89.3119,2
1,60,106,36.3779,-1.40938,-80.8541,-85.936,-81.2966,-89.1198,-81.2329,-81.6614,-80.3279,-82.6636,-80.4809,-89.3902,2
1,60,107,-7.5194,18.9446,-42.9596,-95.953,-43.2928,-96.4673,-43.3704,-95.5198,-42.6008,-95.4504,-42.5074,-96.3892,1
1,60,110,26.7462,-16.5037,0.248303,-71.5389,0.218627,-72.0507,-0.403201,-71.4886,0.257247,-71.0015,0.82539,-71.5973,2
1,60,112,-23.5697,-6.91898,52.0342,-9.5145,52.2777,-10.3361,51.5768,-9.81072,51.801,-8.77112,52.5204,-9.20809,1
1,60,113,34.6715,-10.2361,45.1982,45.2413,45.7588,45.0558,44.9012,44.2953,44.5764,45.4173,45.4578,46.0697,2
1,60,114,-35.4732,-15.2363,28.5676,85.9117,29.3612,85.9611,28.5072,85.2536,27.8878,85.8556,28.6563,86.6302,1
1,60,115,16.4237,-23.2229,-2.04437,105.25,-1.54948,105.297,-1.88417,104.67,-2.53072,105.178,-2.16891,105.777,1
1,60,116,-38.6144,11.9197,-28.6633,136.013,-27.9775,136.171,-28.7212,135.203,-29.2777,135.894,-28.5997,136.965,1
1,60,118,34.8792,12.8626,-49.9395,-127.549,-49.7345,-128.515,-50.5685,-127.641,-50.1548,-126.417,-49.3684,-127.436,1
1,60,120,18.5876,-21.0521,-52.6615,-61.5025,-53.0124,-62.2504,-53.2616,-60.8974,-52.3279,-60.7355,-52.1311,-62.0609,1
1,60,121,29.785,-8.08006,-15.7397,-55.1349,-16.0812,-55.6712,-16.296,-54.6228,-15.3805,-54.5475,-15.2462,-55.5946,1
1,60,122,-26.2484,18.769,23.4966,-56.8988,23.1556,-57.4637,22.9453,-56.4525,23.8463,-56.3713,24.1337,-57.3919,1
1,60,123,-5.00803,22.3652,59.0884,-47.5255,58.7551,-48.3759,58.5942,-46.987,59.4515,-46.6509,59.629,-48.0785,1
1,60,124,37.868,-9.36737,79.6339,45.7771,80.2974,44.1807,79.0525,41.8114,78.8702,47.238,80.0939,49.4952,1
1,60,125,-35.255,-7.07824,51.553,121.972,52.1539,122.931,51.9065,121.027,51.0258,121.151,51.164,123.022,2
1,60,127,-11.5605,-18.0583,-19.3683,126.62,-18.8531,126.977,-19.0122,126.176,-19.8348,126.272,-19.7028,127.076,2
1,60,129,37.8729,14.2151,-84.6458,-75.4059,-84.9274,-84.12,-85.2337,-69.3019,-84.1591,-66.4916,-84.0618,-79.5665,1
1,60,132,11.1315,-18.82,-53.5473,-110.379,-53.2892,-111.181,-54.0382,-110.983,-53.8159,-109.597,-53.0801,-109.858,1
1,60,133,30.2914,18.7546,-32.9522,-61.8049,-33.0174,-62.6679,-33.5885,-61.6432,-32.8486,-60.8132,-32.3462,-61.919,2
1,60,134,32.6772,6.24371,-5.85657,-38.7392,-5.91827,-39.4191,-6.52951,-38.5281,-5.7815,-37.972,-5.24221,-38.919,1
1,60,135,39.662,7.72282,22.0406,-15.2091,22.0764,-16.0841,21.2256,-14.96,21.9974,-14.179,22.7583,-15.4104,1
1,60,136,27.2055,14.7908,46.1624,18.7705,46.3643,17.8651,45.5574,18.584,45.9411,19.7895,46.73,18.9825,2
1,60,137,-21.9889,-17.4818,54.5833,70.1407,55.1551,69.4577,54.2841,69.3228,54.0576,70.7141,54.9056,70.9702,2
1,60,138,17.6619,-4.89597,31.545,112.108,32.0785,112.127,31.5378,111.428,30.9894,112.082,31.5523,112.748,3
1,60,144,32.9565,-1.46071,-78.6095,-24.3694,-78.9689,-27.2439,-79.1186,-21.4842,-78.1836,-21.3609,-78.1318,-26.7268,2
1,60,145,-36.0935,-0.584805,-41.8654,-29.7176,-42.2477,-30.6861,-42.3827,-29.0573,-41.5188,-28.8775,-41.2789,-30.4595,1
1,60,147,-33.9554,11.2402,30.9749,-22.2523,30.5911,-22.9657,30.446,-21.6545,31.3383,-21.6107,31.5877,-22.9389,1
1,60,148,-29.1711,-21.4443,63.1732,-18.7838,62.5336,-20.0653,62.7401,-17.8087,63.6999,-17.5984,63.5904,-19.8924,2
1,60,149,23.9364,12.2145,75.6133,132.319,76.2046,133.094,75.7307,129.94,74.9534,131.578,75.4628,134.532,1
1,60,150,36.7876,5.23332,-18.7967,-15.8411,-18.727,-16.5762,-19.5302,-15.7038,-18.8709,-14.9956,-18.1435,-15.9502,1
1,60,151,-29.1821,-5.92615,10.7916,3.90377,10.8065,3.22319,10.222,3.97152,10.7731,4.51656,11.4079,3.8196,3
1,60,152,20.7304,6.61264,31.8998,37.4877,32.0116,36.868,31.3606,37.4016,31.7814,38.1555,32.4128,37.5806,1
1,60,153,-23.1394,14.3278,48.4189,81.7189,48.8155,81.1326,47.9856,81.133,48.0477,82.294,48.8856,82.3949,1
1,60,154,32.3381,0.981481,35.647,126.609,36.2526,126.445,35.3675,125.845,34.9714,126.786,35.8906,127.304,1
1,60,155,-38.8838,7.87458,18.7914,164.633,19.5543,164.811,18.7222,163.841,18.1158,164.495,18.8628,165.56,1
1,60,156,32.4244,15.1344,-12.6425,-174.849,-11.9517,-174.838,-12.742,-175.502,-13.4379,-174.845,-12.5728,-174.24,1
1,60,157,-21.5179,-12.397,-30.8403,-144.171,-30.2384,-144.323,-30.9568,-144.767,-31.3918,-144.043,-30.701,-143.559,1
1,60,158,33.6832,-17.7148,-49.2984,-103.44,-48.7625,-103.888,-49.7796,-104.525,-49.8906,-102.989,-48.8649,-102.541,1
1,60,160,-38.4658,-5.14838,-43.3828,-69.0035,-42.7516,-69.7994,-43.9807,-69.5014,-43.9231,-68.3057,-42.6928,-68.4655,1
1,60,162,-29.9852,17.3876,-6.4755,5.4225,-6.40033,4.80063,-7.15877,5.42261,-6.51874,6.0109,-5.6922,5.44094,1
1,60,163,22.3741,3.19729,15.298,32.847,15.3179,32.2804,14.729,32.8804,15.2768,33.4567,15.834,32.8206,2
1,60,164,27.8604,0.889091,36.8219,65.0534,37.0222,64.369,36.205,64.893,36.5971,65.7966,37.3873,65.207,2
1,60,165,-28.4688,22.4032,49.8059,116.32,50.3343,115.851,49.424,115.404,49.3141,116.809,50.2175,117.42,1
1,60,166,29.3369,-24.8102,33.1936,152.65,33.7853,152.543,33.1215,151.611,32.5758,152.707,33.2724,153.534,1
1,60,168,37.7426,-3.6363,-18.978,-152.129,-18.2991,-151.998,-19.0542,-153,-19.7472,-152.29,-18.9089,-151.373,1
1,60,169,19.5467,-19.0514,-39.6779,-119.874,-39.1548,-120.028,-39.7661,-120.716,-40.2127,-119.747,-39.5757,-119.12,1
1,60,170,-37.819,-15.128,-45.3124,27.4858,-45.9249,26.439,-45.7275,28.2499,-44.7987,28.3635,-44.8702,26.62,1
1,60,171,-32.4422,-0.665868,-7.75598,30.098,-8.19729,29.5393,-8.15943,30.588,-7.35742,30.5967,-7.3104,29.5515,2
1,60,172,-26.722,-6.77333,27.6003,30.6227,27.1383,30.0976,27.2412,31.116,28.0141,31.1069,27.9747,30.0826,2
1,60,173,-29.2704,-9.75803,63.1749,27.4931,62.632,26.4867,62.845,28.5554,63.6477,28.4368,63.5074,26.3033,1
1,60,174,39.0102,-6.77564,79.5497,-171.414,80.1496,-169.26,79.7442,-176.286,78.8597,-173.664,79.3299,-167.403,1
1,60,175,-32.6011,10.8081,42.488,-142.4,42.8503,-141.633,42.9746,-143.05,42.1366,-143.083,41.9217,-141.682,1
1,60,176,37.6306,-16.056,9.54649,-150.681,9.92981,-150.118,10.2183,-151.379,9.14855,-151.324,8.99012,-150.085,1
1,60,177,21.4789,17.9398,-30.0316,-148.794,-29.5887,-148.322,-29.6587,-149.272,-30.5349,-149.309,-30.4117,-148.342,1
1,60,179,37.8893,10.452,-77.9094,51.7887,-78.5634,49.8071,-78.0786,55.3911,-77.1231,53.8175,-77.7013,48.706,1
1,60,180,37.5207,-4.93716,-39.9968,33.6099,-40.0532,32.7883,-40.7148,33.9632,-39.9376,34.5379,-39.3726,33.307,1
1,60,182,29.603,-7.68078,24.521,67.114,24.4283,66.5289,23.9076,67.324,24.607,67.7498,25.0691,66.9181,1
1,60,183,39.0475,-9.8134,51.7648,97.281,51.951,96.2821,50.9197,97.2321,51.5246,98.3895,52.485,97.3131,2
1,60,184,24.6618,-21.3941,61.1036,161.279,61.5751,160.817,60.8538,159.966,60.6071,161.684,61.3307,162.438,1
1,60,186,30.4365,10.6809,3.79736,-133.451,4.35636,-133.238,3.91354,-134.029,3.16415,-133.682,3.67467,-132.919,1
1,60,187,-35.4106,1.00693,-24.8951,-111.783,-24.2583,-111.491,-24.8009,-112.458,-25.4624,-112.04,-24.9953,-111.019,1
1,60,190,-18.727,-22.4205,-30.5531,-97.3498,-29.8378,-97.1181,-30.3083,-97.9811,-31.1847,-97.5855,-30.7646,-96.7014,1
1,60,192,14.7614,-11.2871,-67.0785,25.3659,-67.0488,23.9424,-67.6939,25.256,-67.1102,26.8164,-66.5031,25.4364,1
1,60,193,-27.5807,6.71715,-32.8192,53.7159,-32.995,52.9484,-33.4171,54.0323,-32.6407,54.4221,-32.1541,53.3767,1
1,60,194,-25.3122,-3.56599,-0.149636,66.6258,-0.432614,66.0107,-0.668888,66.938,0.108415,67.191,0.404195,66.2844,1
1,60,195,17.7738,-19.1825,30.9555,82.7062,30.7249,82.0842,30.2888,82.948,31.1598,83.3466,31.5524,82.4628,1
1,60,196,31.5754,-22.3688,60.1148,112.693,60.1905,111.367,59.1479,112.47,59.976,114.071,60.9377,112.844,1
1,60,197,-12.1334,-18.4798,67.3836,-156.493,68.0191,-156.755,67.3612,-157.975,66.7942,-156.311,67.4155,-155.026,3
1,60,198,-24.1493,-9.45634,36.3952,-121.104,37.028,-120.745,36.6032,-121.796,35.8224,-121.435,36.1853,-120.371,2
2,120,0,-20.8869,-0.883063,-20.4364,-84.7729,-19.9017,-84.4436,-20.1863,-85.3266,-20.9377,-85.0831,-20.6976,-84.1812,1
2,120,1,-18.5978,4.03047,-54.3399,-67.0972,-53.7801,-66.7891,-54.1949,-68.0452,-54.8756,-67.3894,-54.4892,-66.0812,2
2,120,2,29.7048,21.6264,-76.3697,25.431,-76.1631,22.2607,-77.0345,24.9453,-76.5325,29.2474,-75.7424,26.0067,4
2,120,4,37.9025,9.59905,-13.5595,87.9527,-13.9216,87.1905,-14.1699,88.537,-13.1248,88.8395,-13.0027,87.4535,1
2,120,5,33.0897,22.8474,22.7057,97.7482,22.2641,96.9549,22.1365,98.2233,23.2499,98.6818,23.2659,97.338,1
2,120,6,32.8766,7.23049,53.8242,115.797,53.6997,114.6,53.138,116.253,53.9565,117.162,54.4508,115.393,2
2,120,8,29.4218,23.2913,44.003,-112.772,44.7685,-112.474,44.1426,-113.688,43.0995,-113.073,43.8214,-111.912,2
2,120,9,28.9838,-8.44901,13.6368,-99.8767,14.1543,-99.512,13.9794,-100.566,13.0866,-100.282,13.3349,-99.2582,1
2,120,10,32.0419,24.916,2.41063,111.189,2.2821,110.446,1.80929,111.338,2.58999,112.063,2.99221,111.088,1
2,120,11,-37.8149,13.0603,32.4422,131.15,32.6228,130.327,31.6993,131.159,32.2987,131.89,33.316,131.153,2
2,120,12,32.0063,19.3193,44.9967,176.756,45.3277,175.889,44.4211,176.444,44.6218,177.765,45.5237,177.094,1
2,120,13,21.3486,8.71214,43.251,-134.108,43.7437,-134.38,43.0169,-134.758,42.7185,-133.809,43.4618,-133.476,1
2,120,14,24.1084,9.28871,22.3088,-98.5814,22.8603,-98.5828,22.2524,-99.1703,21.7039,-98.5709,22.3485,-98.0216,1
2,120,15,-30.8458,-3.65896,-0.234793,-70.9147,0.417164,-70.8182,-0.24815,-71.4885,-0.82082,-71.0027,-0.212624,-70.2859,1
2,120,16,14.4421,-17.8081,-28.5272,-49.3539,-28.0283,-49.379,-28.4922,-50.0041,-29.0264,-49.3512,-28.541,-48.7545,1
2,120,17,-10.6283,-23.8192,-45.877,-9.75563,-45.3869,-10.2312,-46.0686,-10.4547,-46.3347,-9.34073,-45.6634,-9.09809,1
2,120,20,15.5791,22.3068,-11.7217,-56.2098,-11.2565,-55.9321,-11.4389,-56.6242,-12.246,-56.4985,-12.0274,-55.8056,3
2,120,21,8.01826,-19.8968,-43.4096,-48.6504,-42.982,-48.3269,-43.0801,-49.22,-43.8153,-48.9937,-43.7001,-48.0997,1
2,120,22,23.3084,11.8285,-79.5719,-10.9957,-79.0349,-11.0941,-79.6185,-13.8757,-80.1618,-10.8133,-79.5174,-8.26079,2
2,120,23,32.5996,-12.483,-62.8931,110.872,-63.1003,109.721,-63.5162,111.682,-62.6762,112.119,-62.3491,110.172,1
2,120,24,-18.436,18.4928,-24.0191,117.124,-24.2761,116.657,-24.4798,117.422,-23.7457,117.572,-23.5023,116.816,2
2,120,25,-25.7533,19.0194,11.6893,122.8,11.4223,122.323,11.1877,123.127,11.9674,123.248,12.2661,122.446,3
2,120,26,-30.6026,7.00416,46.128,129.13,45.8569,128.366,45.6612,129.631,46.382,129.833,46.6506,128.567,1
2,120,28,31.202,23.2891,57.5936,-77.8583,58.257,-77.4599,57.7222,-78.9321,56.8075,-78.2637,57.4278,-76.8616,2
2,120,29,36.4653,-3.53154,25.5721,-65.3868,26.0381,-64.9346,25.8994,-66.1145,25.0517,-65.8994,25.2826,-64.7522,1
2,120,30,28.7205,18.8914,41.1082,-39.9013,41.5675,-39.312,41.4645,-40.4987,40.5661,-40.5467,40.7459,-39.3619,1
2,120,31,26.031,14.5173,5.644,-40.9138,6.0445,-40.4891,6.00713,-41.3299,5.18583,-41.3785,5.28416,-40.531,1
2,120,32,21.7427,19.467,-30.7265,-42.711,-30.3246,-42.2358,-30.3533,-43.1372,-31.1868,-43.2307,-31.1076,-42.3105,1
2,120,33,34.032,-0.863573,-64.3192,-52.1518,-64.0547,-50.8996,-63.7761,-53.1077,-64.5976,-53.5845,-64.7993,-51.2717,1
2,120,34,22.9989,23.0258,-75.8893,160.78,-76.4607,159.896,-76.0747,162.853,-75.2299,161.615,-75.6616,158.841,1
2,120,35,21.2012,16.5565,-41.2015,145.985,-41.641,145.537,-41.5024,146.548,-40.7043,146.457,-40.8899,145.458,3
2,120,36,21.8344,20.562,-4.89656,143.262,-5.35553,142.903,-5.22119,143.676,-4.36951,143.646,-4.55716,142.871,2
2,120,37,-30.7065,16.5785,30.5028,136.215,30.1125,135.696,30.0754,136.775,30.8847,136.686,31.002,135.58,1
2,120,38,33.8687,-1.37929,64.9916,142.709,64.6151,141.604,64.5522,143.943,65.3976,143.988,65.3757,141.578,1
2,120,39,-8.3909,17.6941,76.9323,-23.6937,77.1657,-21.8233,77.373,-24.7075,76.666,-25.4881,76.4507,-22.7478,1
2,120,40,25.8507,3.35241,44.8306,-79.3758,45.3761,-79.6275,44.5709,-80.1406,44.2358,-79.1045,45.0622,-78.6551,1
2,120,41,-28.5478,20.8734,25.2969,-38.4559,25.8946,-38.3222,25.3853,-39.2188,24.7194,-38.5473,25.1676,-37.582,1
2,120,43,30.6368,5.43594,-32.5291,3.98286,-31.9042,4.03615,-32.5984,3.21303,-33.2269,3.92682,-32.471,4.68778,1
2,120,45,16.7877,14.2572,-47.9355,104.393,-47.7806,103.607,-48.4449,104.181,-48.0839,105.256,-47.4389,104.621,1
2,120,46,24.4918,1.28468,-26.5294,139.619,-26.5297,138.995,-27.1204,139.696,-26.5266,140.293,-25.979,139.551,1
2,120,48,27.6965,21.5453,29.6722,-170.014,29.6483,-170.807,29.0718,-169.958,29.7175,-169.101,30.2519,-170.029,1
2,120,49,-20.7009,-2.85873,51.3936,-135.065,51.6578,-135.886,50.9082,-135.402,51.1402,-134.307,51.9074,-134.707,1
2,120,50,23.8899,4.55134,1.7116,-178.577,1.66545,-179.161,1.11653,-178.465,1.76476,-177.944,2.27142,-178.676,1
2,120,51,33.8406,-9.90322,26.6385,-153.859,26.749,-154.578,25.814,-153.852,26.4932,-153.073,27.3581,-153.874,1
2,120,52,29.9123,16.3199,46.9848,-111.592,47.3259,-112.5,46.3803,-111.942,46.6013,-110.554,47.5411,-111.219,2
2,120,53,-20.5577,12.5255,48.0328,-57.4957,48.5859,-57.7048,47.857,-58.3355,47.502,-57.2744,48.2058,-56.5659,1
2,120,56,-38.7226,-6.80465,-26.3082,26.9382,-25.3873,27.0017,-26.4654,26.1418,-27.0961,26.8794,-26.106,27.8368,1
2,120,57,3.12007,24.4815,-50.3347,68.0023,-49.8711,67.4944,-50.5766,67.2178,-50.8147,68.5957,-50.0989,68.8432,1
2,120,58,-39.6697,-3.18333,-42.936,116.591,-42.4689,115.513,-43.6788,116.37,-43.3267,117.529,-42.0771,116.821,2
2,120,62,-19.2956,0.197875,-34.4918,163.591,-34.4655,162.948,-34.9947,163.604,-34.5123,164.201,-33.9597,163.577,1
2,120,64,-24.3624,21.2296,24.516,-149.346,24.4941,-149.95,23.8973,-149.312,24.5639,-148.758,25.2184,-149.36,1
2,120,65,27.9411,22.0821,45.7011,-112.306,45.8202,-113.245,45.1287,-112.42,45.5773,-111.222,46.2468,-112.147,2
2,120,66,-23.6346,-22.7742,56.6244,-63.1412,57.1445,-64.0256,56.3016,-63.9222,56.1482,-62.4115,56.9727,-62.3686,1
2,120,68,-24.851,-6.92332,9.46456,11.1856,10.0562,11.3011,9.51883,10.6555,8.92465,11.0752,9.41577,11.75,1
2,120,69,-27.7752,-1.15064,-19.9096,33.1929,-19.3091,33.3065,-19.8891,32.6049,-20.4592,33.0892,-19.9259,33.8328,1
2,120,70,-25.8556,5.21831,-34.8517,51.9138,-34.2869,52.1945,-34.6962,51.2195,-35.3812,51.6577,-35.0211,52.6757,1
2,120,71,38.4769,12.3255,-68.3589,81.9012,-67.5536,81.7589,-68.6217,79.8766,-69.3095,82.1166,-68.1284,83.6853,1
2,120,73,-15.5537,-16.7073,-31.929,-162.477,-32.1728,-163.143,-32.4334,-162.273,-31.7163,-161.861,-31.4281,-162.703,1
2,120,76,28.4335,-16.0571,60.9144,-94.4033,61.0668,-95.5723,60.1721,-94.7439,60.7177,-93.1953,61.5706,-94.1208,1
2,120,77,-36.6947,9.31175,63.04,-3.11292,63.769,-2.65591,63.0328,-4.76485,62.3823,-3.46424,63.0162,-1.19701,1
2,120,78,21.372,10.9363,29.299,18.2444,29.843,18.4641,29.4477,17.6193,28.7014,18.0186,29.1398,18.8383,1
2,120,79,20.9503,21.6966,-5.01457,32.9397,-4.41707,33.1505,-4.8113,32.4077,-5.69351,32.7247,-5.24317,33.4552,3
2,120,81,-32.7588,-22.7065,-22.028,-144.941,-22.308,-145.814,-22.5719,-144.724,-21.8068,-144.196,-21.4655,-145.208,1
2,120,83,-35.0794,11.3329,43.7278,-104.696,43.7442,-105.607,43.0703,-104.515,43.7252,-103.87,44.4877,-104.896,2
2,120,84,-25.0473,9.79698,64.0186,-51.7291,64.3588,-52.7067,63.5551,-52.4031,63.7006,-50.8089,64.5205,-50.944,1
2,120,85,-29.4516,-15.6564,53.4325,13.0221,54.1388,12.9596,53.3668,12.1148,52.8105,13.0531,53.518,13.9848,1
2,120,86,-36.1665,-0.973266,23.3338,42.4231,23.9972,42.738,23.4297,41.7431,22.7472,42.1507,23.2274,43.1912,2
2,120,87,27.603,5.57693,-11.7878,54.5571,-11.2633,54.7496,-11.6718,53.9815,-12.3667,54.348,-11.9024,55.0901,1
2,120,90,25.8047,-4.00442,35.0167,-64.9048,35.1867,-65.536,34.4197,-65.0592,34.8241,-64.2327,35.5641,-64.7639,1
2,120,91,-16.2788,20.3796,48.4199,-15.5525,48.8189,-16.0558,48.0818,-16.2251,48.0338,-15.0284,48.7711,-14.7833,1
2,120,92,-17.1106,10.0383,36.2017,29.6545,36.7122,29.5673,36.1091,29.0186,35.7069,29.7523,36.2883,30.3409,1
2,120,93,1.96141,-22.2258,13.2107,56.2981,13.7447,56.2481,13.2769,55.739,12.7017,56.3225,13.1688,56.8254,1
2,120,95,-30.9809,5.64726,-34.9848,116.449,-34.3528,116.342,-35.1786,115.737,-35.5616,116.56,-34.767,117.242,1
2,120,98,-36.9421,12.1299,-8.35506,-123.931,-8.20997,-124.641,-9.0893,-123.89,-8.46282,-123.289,-7.49667,-123.969,1
2,120,99,-30.7843,24.58,18.2124,-97.4809,18.2992,-98.1255,17.4708,-97.548,18.1683,-96.8593,19.0831,-97.3718,1
2,120,100,-29.4278,6.10002,67.6609,-93.7713,67.2717,-95.0355,67.251,-92.6188,68.0184,-92.5847,68.1101,-95.0921,1
2,120,101,-21.4853,11.8526,75.8585,84.5657,76.2287,86.2071,76.229,82.8392,75.4822,83.1072,75.4319,86.3229,1
2,120,102,-32.6791,19.6035,38.9284,89.1052,39.2984,89.7824,39.4553,88.4568,38.5533,88.504,38.2942,89.8304,4
2,120,104,-40.5719,-2.03751,-30.4382,93.6607,-29.8516,94.4154,-30.0774,92.921,-30.9396,93.0097,-30.8421,94.5304,1
2,120,105,-34.873,13.7169,-67.6766,102.85,-67.1563,103.995,-67.3295,101.215,-68.1588,101.81,-68.0705,104.792,3
2,120,106,-35.93,-13.2029,-76.8458,-121.113,-77.0551,-124.765,-77.4094,-119.808,-76.637,-118.063,-76.2277,-122.528,1
2,120,107,-18.8437,-11.9241,-41.8773,-97.4738,-42.2682,-98.063,-42.2583,-97.014,-41.522,-96.9279,-41.4928,-97.9559,1
2,120,108,19.5956,-10.2656,-5.97633,-91.401,-6.30852,-91.7939,-6.41512,-91.0131,-5.64162,-90.9861,-5.57674,-91.7651,1
2,120,109,36.5575,-0.90613,30.6317,-87.026,30.2759,-87.6809,30.1086,-86.3767,31.0259,-86.274,31.0913,-87.6001,2
2,120,110,24.9869,-14.702,3.53436,-69.4923,3.50212,-69.9938,2.91877,-69.44,3.54901,-68.967,4.08581,-69.5513,1
2,120,111,-25.4676,24.802,36.3103,-44.7993,36.3687,-45.4596,35.6882,-44.9025,36.2833,-44.1477,37.0224,-44.6472,1
2,120,112,-20.7856,17.3796,53.4151,-0.225235,53.7112,-0.902723,52.9785,-0.744427,53.138,0.447961,53.8856,0.383463,2
2,120,113,35.1527,9.24592,42.6311,52.1046,43.2535,51.9053,42.3397,51.3257,41.9186,52.3383,42.8765,52.8235,4
2,120,114,-26.4124,-3.70319,24.0932,88.454,24.6629,88.533,24.0965,87.8932,23.5717,88.3803,24.0934,89.0575,2
2,120,115,-23.1039,-12.2361,-3.84291,110.513,-3.26385,110.571,-3.80697,110.022,-4.36833,110.45,-3.86522,111.026,1
2,120,116,-26.0785,-0.775846,-31.4389,136.699,-30.8786,136.712,-31.4907,136.1,-31.9556,136.689,-31.377,137.346,2
2,120,117,3.68139,23.1277,-52.0962,-179.069,-51.7121,-179.559,-52.3371,-179.743,-52.4912,-178.508,-51.8593,-178.351,1
2,120,118,-36.895,13.0536,-42.225,-127.542,-41.9056,-128.327,-42.8937,-127.771,-42.4893,-126.814,-41.4465,-127.264,1
2,120,119,39.2194,-4.64592,-25.1922,-90.3785,-25.1348,-91.0903,-25.9664,-90.1984,-25.2654,-89.5668,-24.5254,-90.5329,1
2,120,120,-32.1833,-2.68554,-46.2643,-68.0367,-46.6114,-69.0011,-46.7698,-67.4347,-45.9471,-67.1854,-45.7061,-68.699,1
2,120,121,30.9256,11.3187,-9.93286,-54.6673,-10.3622,-55.2224,-10.3856,-54.1538,-9.43588,-54.0465,-9.49973,-55.1275,2
2,120,122,-17.9143,-7.41087,24.4171,-56.0366,24.0323,-56.5444,24.0063,-55.645,24.77,-55.5552,24.8356,-56.4537,1
2,120,123,-36.3303,12.5134,62.6076,-53.9885,62.2451,-55.449,62.014,-52.8598,62.9425,-52.6678,63.298,-55.3454,1
2,120,125,-0.527579,24.6863,44.193,117.387,44.6723,117.811,44.5689,116.79,43.6652,116.977,43.7663,117.991,2
2,120,126,-31.0041,19.9033,8.92118,125.462,9.36252,125.974,9.43368,124.89,8.47899,125.004,8.30712,126.109,3
2,120,127,-31.5133,-24.4158,-21.6899,129.078,-20.847,129.604,-21.3459,128.487,-22.3866,128.606,-22.0065,129.727,1
2,120,128,-33.4092,4.34271,-60.083,140.849,-59.4738,141.676,-59.8179,139.569,-60.6327,140.093,-60.3687,142.317,1
2,120,129,-36.4689,5.96256,-77.4082,-108.543,-77.1541,-111.95,-78.1588,-108.641,-77.5834,-105.392,-76.5441,-108.429,1
2,120,130,-36.5876,-6.19186,-23.9248,165.68,-23.0792,165.8,-24.0044,164.928,-24.6582,165.572,-23.8155,166.523,1
2,120,131,-19.906,11.0225,-48.2482,-157.578,-47.7132,-157.844,-48.4576,-158.385,-48.7594,-157.297,-48.0243,-156.703,1
2,120,132,20.5712,20.0583,-51.8956,-98.3215,-51.7112,-99.2921,-52.4408,-98.6011,-52.071,-97.219,-51.366,-98.0103,1
2,120,133,34.4736,22.4345,-30.0555,-58.2005,-30.1745,-59.1604,-30.7328,-57.9628,-29.8779,-57.0634,-29.4132,-58.3707,1
2,120,134,25.7606,-3.28077,-3.13765,-38.0671,-3.18804,-38.6456,-3.77158,-37.9369,-3.08955,-37.4443,-2.55647,-38.1877,1
2,120,135,31.9518,10.308,25.7067,-13.4726,25.7047,-14.2386,25.0364,-13.3301,25.714,-12.6023,26.3251,-13.5856,1
2,120,136,-37.7118,3.03252,53.3491,17.4525,53.7284,16.2306,52.6193,17.2105,53.0142,18.5154,54.1893,17.7391,2
2,120,137,-32.9575,5.71006,53.7795,80.5227,54.4712,80.2402,53.4802,79.4922,53.1551,80.7889,54.1034,81.707,1
2,120,138,-35.662,-12.2737,33.2217,118.804,34.1055,118.895,33.148,118.009,32.4628,118.714,33.3227,119.681,3
2,120,139,35.2236,13.1871,-2.00962,137.992,-1.26098,138.132,-2.04203,137.263,-2.88288,137.843,-2.00429,138.655,1
2,120,140,29.1349,4.04964,37.8159,152.064,38.2975,152.594,38.1617,151.334,37.2788,151.487,37.4878,152.723,1
2,120,141,18.8507,22.2777,0.286715,157.301,0.807136,157.673,0.646199,156.851,-0.30982,156.905,-0.0964162,157.731,1
2,120,143,14.8684,19.3875,-71.0128,167.27,-70.5082,168.212,-70.6914,165.892,-71.5707,166.238,-71.3452,168.655,1
2,120,144,36.3081,3.92616,-74.2866,-21.5394,-74.7201,-23.7616,-74.7568,-19.137,-73.7639,-19.1411,-73.8409,-23.5285,1
2,120,145,-34.1685,15.7254,-36.3441,-28.5503,-36.653,-29.3569,-36.9615,-27.9655,-36.0303,-27.8322,-35.6106,-29.2033,2
2,120,146,-39.4857,-2.72943,-2.69119,-25.5195,-3.18452,-26.2971,-3.17894,-24.9285,-2.2649,-24.8533,-2.13827,-26.2073,1
2,120,147,-26.2339,-23.3474,30.8309,-21.383,30.1998,-22.0215,30.392,-20.8949,31.3596,-20.8021,31.2514,-21.9203,1
2,120,148,-37.0856,0.695025,69.4297,-21.0152,68.9411,-22.9043,68.9618,-19.4227,69.846,-19.297,69.9418,-22.929,1
2,120,149,26.5462,3.5707,72.8998,135.638,73.4549,136.515,73.0694,133.525,72.2876,134.745,72.717,137.552,1
2,120,150,-36.505,6.70035,-10.7476,-18.5913,-10.6065,-19.3236,-11.4479,-18.5383,-10.8587,-17.9353,-9.9412,-18.6476,1
2,120,151,16.775,15.6011,11.9556,10.8747,11.935,10.317,11.4354,10.895,11.992,11.4809,12.4694,10.8733,2
2,120,152,27.1865,12.6052,33.6798,42.1028,33.8264,41.3889,33.0961,42.0126,33.5228,42.902,34.2276,42.21,2
2,120,153,-30.5163,3.23432,49.353,85.5623,49.8479,84.9198,48.8852,84.9717,48.9027,86.1448,49.8682,86.2323,2
2,120,154,16.9419,23.4501,34.1543,133.608,34.7135,133.373,34.0213,132.983,33.5383,133.895,34.2562,134.25,2
2,120,155,-33.0214,-14.0099,17.2275,164.814,18.0237,164.81,17.1444,164.188,16.5358,164.805,17.3399,165.49,1
2,120,156,28.491,20.2912,-15.3719,-171.685,-14.6955,-171.722,-15.4464,-172.301,-16.1479,-171.619,-15.3297,-171.093,1
2,120,157,36.2058,4.82096,-38.5256,-142.74,-37.8411,-142.827,-38.7833,-143.621,-39.3088,-142.636,-38.3006,-141.956,1
2,120,158,-24.502,10.9522,-44.2085,-93.2888,-43.7689,-93.7859,-44.6152,-93.8658,-44.6145,-92.7944,-43.7637,-92.6515,1
2,120,159,17.4874,11.7187,-37.356,-45.632,-37.2443,-46.2894,-37.8705,-45.7465,-37.4618,-44.9174,-36.8568,-45.505,1
2,120,160,-28.9258,-23.1079,-44.4507,-66.4898,-44.0011,-67.4746,-44.9341,-66.9658,-44.8494,-65.6479,-43.9251,-66.0487,1
2,120,161,-27.5382,8.70251,-29.1984,-20.4268,-29.0456,-21.098,-29.7996,-20.5063,-29.3257,-19.795,-28.5318,-20.3309,1
2,120,162,31.3462,20.0486,-7.5297,12.4094,-7.59761,11.681,-8.15323,12.5446,-7.42715,13.2539,-6.93633,12.3151,1
2,120,163,-12.1009,21.5126,21.355,34.4177,21.3587,33.855,20.7989,34.3598,21.3749,34.9912,21.96,34.5053,2
2,120,164,25.955,6.3273,38.9627,69.5289,39.1735,68.8304,38.3862,69.3424,38.7313,70.2932,39.4992,69.7178,2
2,120,165,-2.43336,22.4529,46.7335,120.55,47.1503,120.088,46.4705,119.88,46.3081,121.056,46.9887,121.288,2
2,120,166,33.5165,22.6633,27.5691,160.574,28.3427,160.397,27.3551,159.863,26.6566,160.81,27.7272,161.256,1
2,120,168,4.42101,22.6688,-20.9174,-145.015,-20.3839,-145.071,-20.8993,-145.574,-21.4871,-144.929,-20.9594,-144.431,1
2,120,169,16.7679,22.6347,-43.1819,-110.857,-42.6423,-111.193,-43.3676,-111.552,-43.7702,-110.446,-43.0176,-110.147,1
2,120,170,20.8269,6.72722,-39.293,35.4235,-39.6846,34.9212,-39.6507,35.9773,-38.864,35.9537,-38.9429,34.9081,1
2,120,171,-19.3745,14.9449,-2.51443,31.3506,-2.87361,30.9409,-2.93415,31.7395,-2.14977,31.7378,-2.04451,30.9358,2
2,120,172,27.4958,5.90421,32.595,36.3717,32.2032,35.834,32.1881,36.9212,33.028,36.9668,32.9777,35.8644,1
2,120,173,-24.0152,11.5183,69.0863,27.3724,68.6753,26.2543,68.703,28.622,69.4818,28.4455,69.5069,25.9629,2
2,120,174,-14.6357,19.3636,74.0823,-142.805,74.4184,-141.295,74.5284,-144.089,73.7175,-144.204,73.575,-141.538,1
2,120,176,-39.0194,-2.97313,4.29037,-142.718,4.81407,-142.027,4.7087,-143.308,3.83693,-143.312,3.81937,-142.037,1
2,120,177,-32.5285,0.35045,-32.0227,-142.931,-31.5581,-142.308,-31.6382,-143.526,-32.4404,-143.493,-32.4451,-142.26,1
2,120,179,37.4458,-14.3845,-77.0664,50.0521,-77.5781,48.0643,-77.4753,53.8603,-76.4999,52.1896,-76.6901,46.9886,2
2,120,180,-36.3064,8.82764,-31.8543,29.3208,-31.8687,28.5239,-32.4945,29.5399,-31.8221,30.0348,-31.1137,29.0799,2
2,120,181,11.255,15.1249,-1.6999,51.3367,-1.88247,50.8843,-2.14287,51.5028,-1.49208,51.8147,-1.25049,51.1847,1
2,120,182,-28.659,5.31503,31.4101,64.4761,31.301,63.8095,30.8835,64.6945,31.5156,65.0917,31.993,64.2359,2
2,120,183,34.2355,15.5174,56.0259,105.269,56.1728,104.084,55.3965,105.232,55.8563,106.638,56.603,105.347,2
2,120,184,5.95716,-21.3654,61.1471,169.993,61.6025,169.573,61.0259,168.924,60.6991,170.347,61.2712,170.988,1
2,120,185,29.025,-3.01493,33.3215,-150.566,33.8388,-150.373,33.4122,-151.291,32.7598,-150.781,33.2365,-149.91,1
2,120,186,9.18545,16.6462,0.878385,-130.11,1.34309,-129.968,1.03748,-130.554,0.378461,-130.247,0.701467,-129.666,1
2,120,187,-33.1317,20.236,-29.9817,-108.963,-29.4232,-108.677,-29.7867,-109.736,-30.5153,-109.199,-30.2246,-108.061,1
2,120,188,-25.3225,7.99703,-56.4005,-77.0062,-55.8605,-77.1027,-56.5115,-77.962,-56.9076,-76.8944,-56.2767,-75.961,1
2,120,190,16.4977,-19.9768,-35.5878,-99.6736,-35.0521,-99.3954,-35.2384,-100.408,-36.1113,-99.9862,-35.8828,-98.9904,1
2,120,191,38.3895,12.8116,-71.3205,-66.4342,-70.4528,-66.3981,-71.5329,-68.988,-72.35,-66.4382,-71.1305,-64.1885,2
2,120,193,-32.4341,24.8221,-26.9673,55.4318,-27.1231,54.6471,-27.8014,55.7305,-26.7668,56.1597,-25.9609,55.1144,1
2,120,194,-34.7689,16.9346,6.10459,67.0324,5.90307,66.3019,5.36702,67.4104,6.32032,67.6927,6.98,66.6045,1
2,120,195,-34.8276,-19.8424,36.0017,77.5431,35.5012,76.4454,35.43,78.0275,36.3974,78.4902,36.5932,76.9666,1
2,120,196,24.9992,20.0465,66.0694,126.424,66.1865,124.703,65.4446,126.203,65.9361,128.368,66.669,126.727,2
2,120,197,-39.3288,-4.18058,65.8651,-141.845,66.7838,-141.119,65.8478,-143.766,65.0759,-142.425,65.8707,-139.636,2
2,120,198,33.972,0.0362855,29.7204,-126.071,30.3425,-125.682,29.926,-126.956,29.0226,-126.509,29.5281,-125.288,1
2,120,199,35.4047,17.2906,-6.19739,-113.042,-5.44482,-112.657,-5.99946,-113.786,-7.09478,-113.48,-6.41073,-112.372,1
3,180,3,-31.2967,12.3087,-41.7188,68.0504,-41.863,67.1315,-42.3897,68.4213,-41.558,68.8891,-40.9477,67.6528,1
3,180,7,26.1779,20.8372,69.5741,-153.429,70.25,-154.173,69.3204,-155.096,68.8058,-152.57,69.7719,-151.747,1
3,180,11,-9.80661,-17.9507,30.8063,133.936,30.7885,133.301,30.312,133.88,30.8041,134.527,31.2946,133.969,1
3,180,18,-33.6217,22.9241,-39.6869,51.4899,-39.3754,50.7688,-40.3881,51.1174,-39.9399,52.1956,-38.8637,51.9521,1
3,180,19,24.5359,0.651469,-23.2033,86.7709,-23.188,86.1931,-23.7702,86.8234,-23.2186,87.394,-22.6759,86.725,1
3,180,27,-36.7121,-10.1128,81.837,170.187,81.8775,164.639,81.2319,170.669,81.7348,174.885,82.5078,169.415,1
3,180,31,-34.6525,12.0654,1.70283,-35.7468,2.04256,-35.1899,2.18538,-36.2131,1.37708,-36.2433,1.13863,-35.2178,1
3,180,34,25.6491,13.1468,-73.1225,158.068,-73.6292,157.141,-73.3178,159.843,-72.5488,159.001,-72.9078,156.443,3
3,180,36,29.3633,-20.6829,-5.02277,143.806,-5.39999,143.4,-5.58013,144.326,-4.65065,144.252,-4.55207,143.342,1
3,180,37,-25.4951,20.7569,34.6714,136.208,34.2887,135.733,34.2416,136.744,35.0606,136.649,35.172,135.611,2
3,180,43,-32.3297,23.6503,-31.9941,13.8059,-31.3438,13.8776,-31.9907,12.884,-32.6123,13.787,-32.017,14.897,1
3,180,44,-18.2548,-6.13694,-48.9836,51.4326,-48.4971,50.9878,-49.2656,50.7698,-49.4398,51.8505,-48.6794,52.1079,1
3,180,54,-17.8337,22.0181,21.5646,-18.9489,22.1274,-18.888,21.6614,-19.6114,20.9982,-18.9776,21.4297,-18.2164,1
3,180,59,37.4216,-7.40215,-25.451,160.805,-25.3761,160.027,-26.3311,160.956,-25.5489,161.682,-24.6935,160.673,1
3,180,61,-28.4635,16.9803,-50.1882,127.21,-49.8568,126.467,-50.7428,126.731,-50.4775,127.944,-49.5637,127.764,1
3,180,63,39.4249,5.338,-6.37997,-164.683,-6.42576,-165.412,-7.1052,-164.39,-6.32352,-163.832,-5.74071,-164.926,1
3,180,69,29.6064,20.7941,-27.8942,32.5543,-27.219,32.5929,-27.9115,31.8842,-28.6753,32.5343,-27.9062,33.1926,3
3,180,71,30.8447,5.28815,-69.0781,89.8194,-68.4476,89.4935,-69.3135,88.0544,-69.7812,90.2163,-68.8562,91.409,2
3,180,84,-34.3683,-2.11729,65.4638,-46.1221,65.9475,-47.337,64.9479,-46.8749,65.0271,-45.0794,66.039,-45.2588,1
3,180,88,-32.4023,-8.0772,-41.2019,83.3095,-40.5087,83.4036,-41.2366,82.5503,-41.8146,83.2168,-41.1445,84.1378,1
3,180,89,13.2575,21.6949,-63.479,139.128,-63.123,138.251,-63.8173,138.313,-63.8465,140.144,-63.1484,139.972,1
3,180,91,-4.9982,24.7435,46.9909,-9.82994,47.3848,-10.3253,46.7114,-10.4982,46.592,-9.2861,47.2664,-9.07979,1
3,180,94,-22.9042,23.8643,-17.0953,88.5792,-16.5403,88.6034,-17.0443,87.914,-17.6451,88.59,-17.1761,89.3345,1
3,180,96,-31.2122,9.40993,-43.792,167.719,-43.3302,167.124,-44.3002,167.194,-44.2042,168.289,-43.2208,168.31,1
3,180,101,34.8829,9.02277,71.2231,68.061,71.8158,69.148,71.4042,65.9754,70.5322,66.9134,71.0248,69.8945,2
3,180,103,-36.0355,7.98121,0.490684,90.4703,0.922585,91.0419,0.92266,89.9218,0.0918105,89.9674,-0.0114793,91.0979,1
3,180,105,-22.721,-17.5641,-68.6147,99.3281,-68.0277,100.165,-68.341,98.0773,-69.1295,98.501,-68.8657,100.678,2
3,180,108,30.8816,4.08179,-0.911796,-90.2188,-1.29196,-90.6971,-1.33447,-89.7303,-0.486771,-89.6874,-0.520345,-90.6594,1
3,180,109,-20.3385,-11.9906,33.7458,-93.5451,33.3212,-94.0533,33.3812,-93.1053,34.126,-93.0658,34.1106,-94.0167,1
3,180,110,36.9831,18.2681,8.23578,-64.2958,8.14334,-65.0305,7.61747,-64.0696,8.36236,-63.4266,8.80826,-64.4728,2
3,180,111,28.0715,13.9532,34.686,-38.7562,34.731,-39.4583,34.1364,-38.732,34.6434,-37.9662,35.2045,-38.7571,1
3,180,117,19.6337,-16.7924,-53.4794,-179.069,-53.0718,-179.506,-53.7635,-179.918,-53.9037,-178.643,-53.2041,-178.319,1
3,180,119,19.746,-10.3227,-21.1907,-90.0465,-21.2153,-90.557,-21.7323,-90.0062,-21.1754,-89.5171,-20.6912,-90.0921,1
3,180,124,28.4205,18.3108,74.4337,88.6903,75.1369,89.0796,74.4514,86.2988,73.6258,88.3574,74.3635,90.9426,1
3,180,126,33.1212,-5.09595,7.31137,118.589,7.77106,119.066,7.75262,117.937,6.81059,118.054,6.92196,119.166,1
3,180,128,3.15563,24.8706,-66.6324,136.059,-66.1097,136.665,-66.307,134.905,-67.2055,135.444,-66.9923,137.272,1
3,180,131,-36.1843,6.09157,-47.5881,-152.074,-46.849,-152.394,-47.9689,-153.005,-48.2419,-151.762,-47.1442,-151.018,1
3,180,139,28.2783,12.5196,-4.34272,140.574,-3.69486,140.679,-4.32404,139.94,-5.07323,140.467,-4.3789,141.167,1
3,180,141,32.7361,15.4805,-3.04085,155.663,-2.47341,156.152,-2.6863,155.063,-3.70786,155.11,-3.39141,156.203,1
3,180,143,-37.7533,5.98218,-71.7187,-173.945,-70.997,-172.733,-71.5425,-176.333,-72.356,-175.053,-71.8881,-171.126,1
3,180,146,-16.4224,19.4851,3.08545,-22.4478,2.73204,-22.8832,2.6034,-22.0856,3.45767,-22.029,3.62814,-22.8298,1
3,180,159,-24.933,-0.772865,-32.7132,-45.6478,-32.5488,-46.3276,-33.2543,-45.7544,-32.8611,-45.016,-32.1299,-45.5377,1
3,180,167,18.8696,0.53256,3.08115,-170.248,3.60281,-170.211,3.08426,-170.8,2.52938,-170.288,3.07615,-169.726,1
3,180,175,17.5632,14.9605,34.7478,-149.197,35.1662,-148.742,35.0974,-149.692,34.2805,-149.674,34.3889,-148.73,1
3,180,178,22.7163,23.5325,-74.1051,-154.167,-73.6434,-152.49,-73.675,-155.531,-74.6326,-156.125,-74.5444,-152.84,1
3,180,181,38.8182,5.09237,-0.147041,54.9955,-0.305409,54.3248,-0.784179,55.3737,0.0383742,55.773,0.418456,54.6728,1
3,180,185,28.0724,22.6247,28.0062,-146.91,28.6464,-146.784,28.0778,-147.54,27.2636,-147.028,27.9024,-146.309,1
3,180,189,-27.6735,11.8328,-56.0908,-0.954043,-55.9162,-1.9023,-56.6558,-1.14757,-56.2333,-0.0471602,-55.4611,-0.725768,1
3,180,191,-27.4315,-10.393,-66.0263,-52.6467,-65.304,-53.1095,-66.2333,-54.0824,-66.6746,-52.2321,-65.7742,-51.1567,1
3,180,192,23.4739,12.4614,-60.0237,40.7251,-60.1584,39.4698,-60.6133,41.099,-59.8485,42.0935,-59.4541,40.4143,1
3,180,199,22.0392,9.7916,-8.15528,-110.812,-7.60837,-110.525,-7.91825,-111.378,-8.75688,-111.117,-8.39379,-110.276,1
4,240,7,2.3596,21.2531,69.6189,-141.359,70.1819,-141.606,69.5931,-142.971,69.0241,-141.043,69.6052,-139.666,1
4,240,14,-27.0768,24.1583,18.887,-88.7627,19.4519,-88.6676,18.9856,-89.4662,18.3325,-88.817,18.7442,-87.9544,3
4,240,27,35.3463,4.32082,77.16,-148.516,77.6296,-150.436,76.6035,-150.187,76.6117,-146.493,77.6429,-146.866,1
4,240,29,34.7941,-2.59774,18.078,-63.9807,18.5289,-63.5645,18.4044,-64.6265,17.5774,-64.4492,17.7869,-63.411,1
4,240,30,-15.8873,18.3202,33.5618,-35.9295,33.8741,-35.4646,33.9814,-36.3165,33.233,-36.3738,33.0915,-35.5276,1
4,240,42,-29.8613,23.082,-8.74885,-10.6801,-8.14307,-10.5263,-8.61345,-11.411,-9.33689,-10.7898,-8.93088,-9.83105,1
4,240,44,20.6422,13.5371,-53.4859,58.9658,-53.0393,58.3725,-53.846,58.2688,-53.9635,59.6478,-53.1462,59.6484,1
4,240,47,-18.7204,-4.44774,9.35896,163.847,9.29903,163.277,8.84544,163.927,9.41117,164.382,9.89532,163.757,1
4,240,61,-15.8985,-11.8051,-51.0221,129.216,-50.8059,128.413,-51.4697,128.893,-51.2276,129.963,-50.5594,129.52,1
4,240,67,-30.2847,-2.58465,32.1766,-7.03424,32.8167,-6.9156,32.1677,-7.71032,31.5985,-7.14027,32.1883,-6.29327,3
4,240,68,-22.5041,15.6396,1.41171,16.0565,1.92894,16.1927,1.53011,15.5005,0.906691,15.9437,1.26563,16.6692,2
4,240,74,-38.4907,-2.53656,10.4937,-147.82,10.2425,-148.657,9.89152,-147.412,10.7113,-147.095,11.1761,-148.298,1
4,240,75,38.4718,11.7355,41.2641,-121.411,41.1331,-122.463,40.5525,-120.96,41.4173,-120.167,41.9049,-121.791,1
4,240,82,-22.2944,-5.87947,17.3221,-122.272,17.1684,-122.837,16.8496,-122.095,17.4587,-121.747,17.8179,-122.467,1
4,240,88,-11.3912,17.835,-47.0853,86.7656,-46.6022,86.7786,-47.0488,86.0271,-47.5732,86.7801,-47.136,87.5602,1
4,240,94,-27.8093,19.0676,-19.0042,91.2657,-18.421,91.3181,-18.9973,90.5765,-19.5632,91.2447,-19.0289,92.0521,1
4,240,103,-37.3965,7.79582,-3.26405,90.5923,-2.82034,91.1907,-2.82622,90.0192,-3.67049,90.0692,-3.77571,91.2538,1
4,240,104,-29.309,-9.99065,-37.3391,92.1164,-36.809,92.6753,-37.0227,91.5237,-37.8044,91.6033,-37.6629,92.7704,1
4,240,140,26.7165,-1.68945,31.0216,152.952,31.4625,153.426,31.3995,152.317,30.5453,152.439,30.6721,153.529,1
4,240,162,31.5532,20.1469,-1.97015,17.0334,-2.03931,16.3069,-2.59576,17.1697,-1.86699,17.8771,-1.37514,16.9381,2
4,240,178,14.1368,-16.5849,-74.0179,-151.248,-73.6631,-149.867,-73.5391,-152.51,-74.3491,-152.739,-74.4435,-149.972,1
4,240,189,-2.04349,19.0877,-55.2664,7.29349,-55.2496,6.46247,-55.7412,7.19437,-55.2593,8.15945,-54.7687,7.42655,1
5,300,26,-19.2476,-12.6467,55.3006,133.474,54.995,132.654,54.8903,133.923,55.5678,134.248,55.713,132.98,2
5,300,55,18.4242,6.2875,-13.1193,4.71689,-12.5678,4.78131,-13.0889,4.14087,-13.7099,4.65332,-13.1555,5.26957,1
5,300,67,-25.4866,24.4154,26.8596,-3.01827,27.4106,-2.89049,27.0002,-3.7397,26.3127,-3.10343,26.6679,-2.19702,2
5,300,72,35.5073,5.38679,-54.1779,-171.9,-54.2763,-173.097,-54.8646,-171.393,-54.0483,-170.541,-53.558,-172.322,1
5,300,74,35.2361,14.0166,12.9054,-138.556,12.6282,-139.277,12.3125,-138.143,13.2394,-137.719,13.458,-138.912,1
5,300,130,-36.4182,3.32372,-32.6342,174.852,-31.851,174.95,-32.7489,174.004,-33.3286,174.774,-32.4954,175.819,1
5,300,135,25.1387,-20.4693,31.9636,-8.49219,32.0005,-9.17887,31.2012,-8.59793,31.8901,-7.7886,32.6363,-8.42129,3
5,300,136,-33.7971,10.4695,56.7345,36.9981,57.2268,36.0563,56.1218,36.3195,56.294,37.8574,57.4271,37.8195,4
5,300,142,-31.72,9.7644,-45.0076,167.329,-44.5114,168.006,-44.6215,166.515,-45.4714,166.714,-45.4461,168.258,1
5,300,161,-14.2592,-11.8609,-24.312,-12.092,-24.2981,-12.7103,-24.8198,-12.1236,-24.3332,-11.5142,-23.7961,-12.0751,1
5,300,163,-30.3307,9.95681,29.7507,40.6459,29.8747,39.9276,29.1099,40.6228,29.6477,41.3121,30.4721,40.683,3
5,300,167,30.3943,21.8402,-5.03613,-165.042,-4.30827,-165.059,-5.10287,-165.669,-5.88338,-164.998,-5.00794,-164.444,1
5,300,171,-23.7756,-8.45416,6.54388,30.1699,6.09811,29.7201,6.18298,30.5827,6.94596,30.5865,6.91545,29.7254,4
5,300,188,-23.5044,15.7552,-61.6748,-56.409,-61.1985,-56.8643,-61.9323,-57.4563,-62.124,-55.9197,-61.3924,-55.2509,1
6,360,55,-29.1692,2.63681,-12.7842,10.3746,-12.1252,10.4958,-12.776,9.73203,-13.3887,10.2692,-12.7918,11.0839,1
6,360,60,29.2822,3.95849,-55.9266,82.6873,-55.3969,82.2709,-56.2605,81.7711,-56.5098,83.1644,-55.6197,83.5219,1
6,360,67,38.8287,9.06082,21.0943,-6.91464,21.8205,-6.78033,20.9941,-7.71348,20.2423,-7.06289,21.1621,-6.20553,3
6,360,78,32.1223,-0.984378,16.1309,22.1567,16.6917,22.4682,16.3345,21.4436,15.5105,21.8085,15.9441,22.795,3
6,360,97,-23.9228,16.5685,-23.6393,-139.435,-23.5445,-140.03,-24.2307,-139.511,-23.7071,-138.856,-22.9809,-139.334,1
6,360,102,-36.1163,-8.12507,26.8283,88.8579,27.3711,89.5285,27.1923,88.2632,26.3587,88.2769,26.4332,89.5277,4
6,360,121,-24.3986,11.2974,5.44825,-59.7233,5.11022,-60.2295,4.96627,-59.328,5.78241,-59.251,5.98763,-60.152,3
6,360,142,6.21278,-24.0676,-45.8184,161.698,-45.3315,162.156,-45.3542,161.092,-46.2652,161.219,-46.2259,162.291,1
6,360,163,-31.8596,3.46812,31.9232,42.9863,32.0567,42.2068,31.2918,42.9837,31.8052,43.6931,32.629,42.9905,3
6,360,171,-28.9172,21.265,13.3842,29.2817,13.0068,28.7797,12.8541,29.7639,13.7706,29.7412,14.0113,28.74,3
7,420,60,23.1925,-0.465498,-56.172,88.556,-55.7173,88.0965,-56.4936,87.7244,-56.658,89.0568,-55.8682,89.3198,1
7,420,72,-18.9149,4.684,-45.0628,-173.498,-45.1551,-174.275,-45.59,-173.315,-44.9635,-172.76,-44.4988,-173.685,1
7,420,80,-18.894,1.85343,-34.9031,-153.905,-34.9637,-154.528,-35.3876,-153.793,-34.8396,-153.314,-34.3891,-154.022,1
7,420,82,37.7412,-3.12057,24.4982,-111.585,24.4575,-112.296,23.7705,-111.31,24.531,-110.778,25.1316,-111.828,4
7,420,86,15.3215,-16.3511,5.53173,45.5176,5.99895,45.6597,5.73478,44.9941,5.06697,45.3575,5.35731,46.0048,3
8,480,71,38.8551,-2.22443,-72.061,143.962,-71.6476,142.023,-72.893,143.138,-72.519,146.274,-71.3401,144.624,4
8,480,78,34.3017,7.00173,8.26341,24.6237,8.88126,24.9468,8.43642,23.9186,7.5565,24.2614,8.09331,25.2558,3
8,480,112,-37.7442,12.671,54.019,37.1248,54.6803,36.8473,53.6747,36.0877,53.431,37.4009,54.4006,38.3717,1
8,480,162,-24.0371,-8.12167,10.5559,20.3389,10.535,19.7021,10.0158,20.3956,10.5672,20.921,11.1258,20.2668,3
8,480,170,17.2862,18.3839,-15.5921,33.1891,-16.0239,32.7934,-15.9552,33.6013,-15.1046,33.6072,-15.2144,32.7976,2
9,540,13,33.0796,11.2512,27.7437,-108.563,28.3961,-108.6,27.5839,-109.262,26.9989,-108.509,27.8698,-107.915,3
9,540,58,-36.3265,2.0844,-28.7381,143.188,-28.5701,142.301,-29.4564,143.237,-28.8741,143.976,-27.9188,143.131,2
9,540,172,-4.05881,22.9386,60.5538,31.0094,60.1572,30.3032,60.1408,31.7171,60.9828,31.7292,61.0086,30.2684,1
9,540,183,39.0243,9.84208,60.1386,153.433,60.773,152.741,59.6183,152.418,59.3934,154.225,60.5791,154.383,3
11,660,67,28.5918,15.3171,6.467,5.0916,7.08385,5.18356,6.48434,4.50502,5.7665,5.00284,6.4285,5.64382,2
11,660,119,-27.0736,-13.9498,4.92612,-76.3034,4.82027,-76.9346,4.42579,-76.1924,5.00874,-75.738,5.45014,-76.439,2
11,660,172,23.5217,17.6234,67.5842,37.1354,67.1669,35.9463,67.1717,38.1607,68.0545,38.4844,67.9941,36.1543,3
12,720,0,-23.2506,-3.95698,-54.5418,-68.3909,-53.9156,-68.0832,-54.4247,-69.3812,-55.1189,-68.6878,-54.6505,-67.3284,1
12,720,1,17.8848,10.6408,-75.1629,20.0446,-74.9531,17.9182,-75.7122,19.3418,-75.3566,22.4161,-74.6318,20.7301,2
12,720,3,27.724,-4.484,-13.5091,83.9146,-13.7724,83.3365,-14.1044,84.3099,-13.2309,84.5426,-12.9697,83.5554,1
12,720,4,34.8042,-3.41222,20.8876,94.8362,20.6517,94.1265,20.1904,95.3141,21.1384,95.6378,21.5004,94.4119,1
12,720,5,15.5399,-14.1,54.0839,109.539,53.9285,108.625,53.465,109.777,54.2165,110.478,54.6526,109.289,2
12,720,10,-34.4084,-13.8087,31.4441,128.193,31.462,127.258,30.8499,128.281,31.4113,128.999,32.0902,128.066,1
12,720,14,-23.377,-2.29912,-2.31882,-72.6993,-1.75481,-72.6333,-2.30675,-73.2192,-2.84218,-72.7614,-2.3273,-72.1443,3
12,720,15,-34.0343,-18.2317,-26.2491,-47.1579,-25.4152,-47.2622,-26.3735,-47.8079,-26.9636,-47.0859,-26.0799,-46.4655,1
12,720,18,-33.4602,-17.899,-22.1119,77.4732,-22.1278,76.5863,-22.6978,77.5481,-22.1106,78.2345,-21.4844,77.3601,1
12,720,19,39.8084,4.37119,1.54141,109.27,1.57779,108.544,0.777924,109.484,1.49894,110.117,2.20976,109.094,1
12,720,20,28.1255,-19.0986,-45.6418,-53.1362,-45.2242,-52.6663,-45.2,-53.9251,-46.0595,-53.6663,-46.0111,-52.4204,1
12,720,21,34.4875,14.7556,-82.1139,-6.48333,-81.4464,-7.10645,-82.3026,-10.9407,-82.8841,-5.5007,-81.9229,-2.53894,2
12,720,23,23.5103,5.89237,-23.7327,118.609,-24.0221,118.138,-24.1401,118.981,-23.4133,119.116,-23.3429,118.267,2
12,720,25,30.3533,-5.04558,45.7104,134.555,45.498,133.832,45.1663,135.027,45.9288,135.354,46.1964,134.119,2
12,720,32,-16.8437,-19.7941,-65.2812,-44.0051,-64.8396,-43.0543,-64.8986,-44.7758,-65.6647,-44.9267,-65.6448,-43.1698,1
12,720,33,32.9041,4.87268,-75.2548,161.833,-75.8013,160.737,-75.3978,164.314,-74.6334,162.966,-75.0946,159.639,2
12,720,35,-22.3272,8.91015,-4.2252,136.893,-4.58695,136.508,-4.57902,137.288,-3.87244,137.252,-3.83404,136.468,2
12,720,38,-22.9209,18.5533,74.4728,-23.6691,74.668,-21.8198,74.9986,-24.5769,74.2472,-25.3877,73.8736,-22.783,1
12,720,39,36.2292,2.02424,40.7985,-43.5931,41.1919,-42.9163,41.2273,-44.3467,40.3479,-44.3541,40.4095,-42.9383,1
12,720,41,-27.9051,24.7005,-4.45696,-16.4552,-3.86465,-16.3162,-4.30071,-17.1645,-5.04033,-16.5509,-4.66553,-15.6349,1
12,720,42,38.7742,1.54032,-34.2489,1.6185,-33.5273,1.75006,-34.3725,0.633376,-35.081,1.45915,-34.1422,2.476,1
12,720,45,-37.0924,-1.38808,-21.3346,133.259,-21.2492,132.406,-22.0139,133.383,-21.4029,134.007,-20.5637,133.112,1
12,720,47,5.09943,18.1617,32.0255,-173.347,32.0157,-173.959,31.5172,-173.381,32.051,-172.698,32.5475,-173.288,1
12,720,48,-32.7647,14.2814,53.7325,-132.738,54.1543,-133.606,53.1199,-133.313,53.356,-131.927,54.4266,-132.033,1
12,720,49,-13.5367,14.0078,46.8962,-76.166,47.3949,-76.3631,46.759,-76.9181,46.405,-75.9517,47.0247,-75.35,2
12,720,50,-36.6601,-16.7724,32.402,-161.925,32.3611,-163.083,31.7316,-161.762,32.4125,-160.946,33.1329,-162.149,1
12,720,51,39.0309,-5.59756,45.5004,-114.925,45.9753,-115.738,44.6542,-115.44,44.9386,-114.029,46.2239,-114.474,1
12,720,52,14.2104,-15.5494,45.6169,-63.6587,46.1193,-63.9379,45.4382,-64.4905,45.1049,-63.4083,45.7911,-62.8903,1
12,720,53,34.5696,15.3437,19.9856,-27.3583,20.7566,-27.328,19.8627,-28.1112,19.0858,-27.3757,20.0676,-26.6641,1
12,720,59,23.9316,24.2815,4.54662,-178.775,4.39816,-179.462,3.9541,-178.666,4.74332,-177.994,5.13728,-178.846,1
12,720,63,-28.9714,-16.4583,23.3978,-153.465,23.2635,-154.238,22.8589,-153.327,23.4984,-152.782,23.962,-153.639,1
12,720,64,35.0789,-11.8454,44.1816,-116.121,44.4189,-116.906,43.4056,-116.363,43.8942,-115.277,44.8549,-115.92,1
12,720,65,15.5318,-22.804,52.879,-63.31,53.299,-63.8211,52.6031,-64.2308,52.447,-62.8515,53.1404,-62.4839,1
12,720,66,-20.134,-16.7303,36.6489,-15.6311,37.2617,-15.6695,36.6466,-16.2677,36.0926,-15.615,36.6684,-14.981,1
12,720,70,15.7567,20.5258,-67.3094,88.1002,-66.7546,87.611,-67.4542,86.7381,-67.9108,88.7197,-67.1773,89.4696,2
12,720,75,27.1513,-21.0119,61.6258,-95.2396,61.776,-96.4369,60.8663,-95.7283,61.4267,-94.0311,62.2923,-94.8355,1
12,720,76,21.9433,-7.90683,59.0085,-14.5965,59.5526,-14.6114,58.9614,-15.7938,58.4369,-14.6025,59.0486,-13.4921,1
12,720,77,27.1295,-2.68542,28.7771,15.2307,29.3102,15.4995,28.9568,14.5165,28.2017,14.9365,28.6102,15.8813,2
12,720,79,35.2537,6.62321,-39.1756,43.5071,-38.5348,43.8952,-39.0292,42.5754,-39.9092,43.0595,-39.3136,44.3426,1
12,720,81,-37.2737,-3.71721,13.2795,-128.497,13.1306,-129.266,12.7059,-128.207,13.4071,-127.826,13.9232,-128.836,1
12,720,83,10.5577,23.0018,61.4158,-46.5891,61.7151,-47.4972,61.045,-47.2682,61.1008,-45.5906,61.7764,-45.8345,1
12,720,85,-40.0765,8.16164,20.9836,41.9743,21.6488,42.3873,21.1277,41.1963,20.3919,41.6311,20.804,42.887,1
12,720,92,33.4883,-4.14979,8.64665,53.9471,9.25411,54.0319,8.59698,53.2212,7.97426,53.844,8.69099,54.5911,1
12,720,98,3.19244,23.7808,16.8727,-96.6191,16.8316,-97.1664,16.359,-96.6571,16.9399,-96.0338,17.4121,-96.5518,1
12,720,99,30.4699,18.0573,36.5218,-62.7235,36.698,-63.5384,35.9162,-62.8337,36.3306,-61.7844,37.0871,-62.5841,1
12,720,100,-23.4671,15.8152,73.6689,83.2197,74.0345,84.7178,74.0803,81.6911,73.292,81.8865,73.1881,84.794,1
12,720,113,-16.0474,-22.948,23.1496,85.4646,23.7443,85.4288,23.207,84.9292,22.6125,85.4752,23.1168,85.9962,1
12,720,114,-29.8792,-6.12959,-5.48843,110.152,-4.871,110.257,-5.47615,109.615,-6.0428,110.054,-5.49152,110.736,1
12,720,115,-28.8816,-16.4465,-31.6433,134.977,-30.9632,134.9,-31.7166,134.366,-32.2433,135.03,-31.5397,135.619,1
12,720,119,-29.6593,-20.3826,7.57649,-74.8818,7.41553,-75.6061,7.05438,-74.7618,7.69774,-74.2493,8.11772,-75.0379,2
12,720,120,-31.6264,-1.29434,-9.18305,-63.6757,-9.58361,-64.2974,-9.6492,-63.2158,-8.82063,-63.1193,-8.67028,-64.1876,3
12,720,122,23.8032,14.0749,62.7456,-42.4461,62.4406,-43.6461,62.2379,-41.753,63.085,-41.0998,63.2396,-43.0956,1
12,720,123,-20.6775,16.2137,79.098,99.7737,79.6088,101.248,79.3518,96.7697,78.5845,98.5638,78.7703,102.884,1
12,720,124,-30.2313,-13.3766,46.9688,118.795,47.5848,119.533,47.3053,118.029,46.4309,118.145,46.6218,119.625,1
12,720,127,-10.9772,16.2366,-63.2232,134.853,-62.7551,135.446,-62.9209,133.814,-63.7016,134.274,-63.5533,135.972,1
12,720,129,-24.1293,-21.8007,-47.0276,-69.3389,-47.5291,-70.2256,-47.5108,-68.8307,-46.5982,-68.5531,-46.5517,-69.889,1
12,720,132,29.2141,1.38603,-30.3207,-62.0855,-30.3186,-62.8036,-30.9825,-61.9568,-30.3198,-61.2947,-29.7154,-62.1963,1
12,720,133,31.6009,-13.0844,-3.20612,-39.7325,-3.22531,-40.355,-3.99926,-39.6104,-3.2085,-39.0592,-2.51376,-39.8509,2
12,720,137,18.1571,16.3498,26.1847,115.095,26.7723,115.098,26.1831,114.476,25.5408,115.11,26.1627,115.703,1
12,720,138,28.9737,11.275,-2.49947,136.873,-1.85166,136.986,-2.48305,136.231,-3.22961,136.758,-2.53207,137.471,1
12,720,147,-35.8769,15.6084,72.6557,-22.7449,72.2627,-24.8611,72.0637,-20.9348,73.0187,-20.7937,73.3418,-24.9884,2
12,720,148,39.6333,5.88906,70.4767,130.307,71.2076,131.385,70.5578,127.712,69.6108,129.143,70.3606,132.542,2
12,720,149,-12.7658,-23.9935,39.6112,154.637,40.1806,155.108,40.0144,154.1,39.1076,154.192,39.2383,155.182,1
12,720,150,32.9014,-23.6957,9.09033,7.98976,9.16061,7.37302,8.17214,7.88594,8.97074,8.63589,9.86641,8.05448,2
12,720,151,-31.0733,-4.87381,38.3813,36.0283,38.5631,35.1768,37.7918,35.9521,38.2109,36.7861,39.0278,36.1009,2
12,720,152,-6.68959,-24.2312,46.9967,81.9808,47.3343,81.2673,46.6368,81.3823,46.6632,82.6095,47.3574,82.5346,1
12,720,156,39.7678,6.72477,-40.0765,-143.444,-39.3168,-143.549,-40.4097,-144.409,-40.9673,-143.314,-39.7926,-142.601,1
12,720,157,30.488,-10.1504,-49.3612,-96.3052,-48.9011,-96.8471,-49.8667,-97.0873,-49.8661,-95.7284,-48.9027,-95.6338,1
12,720,158,22.4241,18.7602,-36.3969,-45.1655,-36.3127,-45.906,-36.9445,-45.2462,-36.4666,-44.3327,-35.866,-45.0576,1
12,720,164,-36.9904,-11.4061,50.5876,116.649,51.3248,115.897,50.1169,115.919,49.9475,117.262,51.1238,117.454,1
12,720,165,23.465,21.3162,27.7162,160.045,28.3431,159.907,27.6054,159.415,27.0112,160.224,27.7924,160.668,1
12,720,166,37.5991,3.12538,2.87148,-175.323,3.57632,-175.213,2.76828,-176.101,2.06121,-175.451,2.95286,-174.638,1
12,720,173,-23.8627,5.80608,73.5954,-142.189,73.9113,-140.441,74.0285,-143.512,73.2785,-143.758,73.1123,-140.838,1
12,720,177,-24.7287,-16.3538,-67.9543,-142.67,-67.3818,-141.621,-67.6281,-143.862,-68.4504,-143.683,-68.2645,-141.358,1
12,720,182,39.9094,-3.47076,55.4278,103.592,55.6949,102.497,54.616,103.444,55.0991,104.822,56.1251,103.725,1
12,720,186,-29.5573,-8.69245,-29.4787,-112.406,-28.8532,-112.213,-29.4027,-113.019,-30.0365,-112.589,-29.5446,-111.742,1
12,720,187,-7.77183,20.3852,-59.3527,-76.2701,-58.8911,-76.5116,-59.4344,-77.2313,-59.8211,-75.9748,-59.2761,-75.2366,1
12,720,190,28.3334,-0.922418,-69.9442,-66.8936,-69.3072,-66.878,-70.0333,-68.9343,-70.6403,-66.9252,-69.8446,-65.049,2
12,720,192,-17.31,8.04713,-28.5401,54.4735,-28.7447,53.8563,-29.0704,54.739,-28.3298,55.0636,-27.9687,54.2002,1
12,720,194,-39.0433,5.46657,40.3944,76.1484,40.1795,75.0192,39.6914,76.7161,40.588,77.1361,41.2136,75.4708,2
12,720,195,5.05933,19.8735,68.3954,123.488,68.4891,121.948,67.8557,123.091,68.3022,125.125,68.9467,123.982,2
12,720,196,-34.7251,-12.9751,65.2155,-145.394,66.1215,-145.01,65.2044,-147.042,64.4368,-145.731,65.2345,-143.58,2
12,720,197,-34.7368,-15.4016,32.9462,-120.553,33.8032,-120.061,33.1451,-121.342,32.2187,-120.983,32.7546,-119.683,1
13,780,5,26.7191,-6.47932,57.2387,115.259,57.1667,114.142,56.5498,115.54,57.2933,116.465,57.8618,114.987,4
13,780,6,-2.2391,21.0086,71.4516,-148.562,71.9998,-148.948,71.3856,-150.333,70.8817,-148.108,71.4795,-146.667,1
13,780,9,6.83004,17.2056,-27.7597,-88.1683,-27.2505,-87.8969,-27.4938,-88.7108,-28.3081,-88.4402,-28.0469,-87.6221,1
13,780,16,-37.9308,11.5381,-45.2113,1.0867,-44.5484,0.679813,-45.6759,0.276787,-45.7929,1.48534,-44.6676,2.0288,1
13,780,22,33.4513,13.2875,-54.7674,112.14,-55.1058,111.177,-55.2188,112.882,-54.3587,113.215,-54.3356,111.499,1
13,780,24,-31.83,17.9736,17.5703,120.334,17.3068,119.774,17.0255,120.721,17.8391,120.845,18.2089,119.899,2
13,780,28,40.7695,2.24646,19.1466,-67.3526,19.6745,-66.8483,19.452,-68.1374,18.5307,-67.9393,18.8725,-66.6804,1
13,780,29,-31.1804,20.2139,-16.8045,-53.7217,-16.3779,-53.3007,-16.4006,-54.2763,-17.2265,-54.0973,-17.2875,-53.0888,1
13,780,36,27.8007,14.5482,36.3094,139.422,35.867,138.921,35.9737,139.986,36.8143,139.98,36.6398,138.899,1
13,780,37,27.222,-12.2121,69.7335,137.861,69.3786,136.733,69.2734,139.171,70.0887,139.131,70.1295,136.619,1
13,780,40,-39.1242,-11.3551,24.748,-38.6362,25.6806,-38.4942,24.6605,-39.3982,23.9604,-38.7641,24.8682,-37.7774,1
13,780,46,-39.2362,-2.94151,9.31388,158.361,9.32171,157.485,8.62413,158.573,9.30711,159.117,10.1021,158.107,1
13,780,54,39.0849,-11.3421,-8.51933,-4.41709,-7.8301,-4.18226,-8.45502,-5.40954,-9.28974,-4.7102,-8.56284,-3.57825,1
13,780,56,35.9728,-3.28208,-54.3855,67.8511,-53.7496,67.3751,-54.8881,66.7302,-55.104,68.3888,-53.9372,68.8112,1
13,780,57,23.2112,-4.80557,-46.5692,124.541,-46.3931,123.763,-47.1823,124.33,-46.7579,125.37,-46.0024,124.727,1
13,780,73,-15.8974,21.2755,9.73772,-147.455,9.52469,-147.964,9.17881,-147.256,9.97603,-146.953,10.362,-147.653,1
13,780,84,-28.9074,-15.2235,49.151,16.5949,49.8456,16.6294,49.1327,15.7686,48.5385,16.5456,49.1864,17.4714,2
13,780,85,34.1292,23.1989,12.7737,37.7664,13.5131,37.9224,12.8202,37.1194,11.8896,37.6078,12.6893,38.3677,2
13,780,87,20.0175,-8.35319,-45.8061,77.7089,-45.3195,77.8059,-45.745,76.9209,-46.3116,77.5916,-45.8514,78.4414,1
13,780,91,36.9044,-3.86295,29.4911,27.5744,30.1501,27.5562,29.2683,26.7077,28.7467,27.5826,29.6813,28.3335,1
13,780,95,34.7,-4.7673,-50.0712,166.9,-49.6253,166.217,-50.699,166.267,-50.5711,167.664,-49.5145,167.441,1
13,780,96,-37.289,-13.48,-30.0457,-153.492,-29.8611,-154.489,-30.6934,-153.491,-30.208,-152.643,-29.3256,-153.524,1
13,780,97,-24.5305,11.1601,-5.56457,-121.886,-5.52634,-122.448,-6.13812,-121.87,-5.58586,-121.352,-4.93139,-121.893,1
13,780,101,21.0942,14.6313,33.8633,80.3271,34.3036,80.7576,34.1825,79.8029,33.3684,79.8719,33.5372,80.8184,2
13,780,104,33.4978,19.5589,-74.7319,81.4833,-74.1986,83.4058,-74.3385,79.5252,-75.3504,79.1167,-75.1088,83.3181,3
13,780,105,-27.5917,20.7519,-68.6455,-109.592,-68.8783,-111.083,-69.2363,-108.731,-68.3821,-108.227,-67.9534,-110.472,1
13,780,106,21.5431,4.77305,-35.0032,-95.1198,-35.3585,-95.6099,-35.3799,-94.629,-34.6159,-94.5998,-34.6398,-95.5751,1
13,780,108,6.56392,21.2545,38.4287,-92.8256,38.0535,-93.2943,38.035,-92.417,38.8446,-92.3367,38.8493,-93.23,3
13,780,109,-32.6408,8.23172,73.4637,-97.8924,73.053,-99.6804,73.0341,-96.2023,73.8354,-96.2151,73.9384,-99.8954,1
13,780,111,32.2049,2.43922,49.5672,5.4969,49.9671,4.85803,49.0446,4.98272,49.1171,6.19692,50.0353,5.97885,2
13,780,125,30.789,9.16251,4.34785,116.724,4.86211,117.172,4.69549,116.137,3.76204,116.226,4.01399,117.257,2
13,780,126,32.3477,-18.0925,-28.3995,119.721,-27.964,120.258,-27.7887,118.983,-28.8384,119.115,-28.9079,120.376,1
13,780,128,-36.2353,2.69458,-74.0076,-97.4193,-73.9616,-100.321,-74.717,-96.7762,-74.0069,-94.8434,-73.1956,-98.094,2
13,780,130,28.0571,23.8622,-54.9716,-152.487,-54.3497,-153.195,-55.3317,-153.393,-55.6737,-151.595,-54.6499,-151.587,1
13,780,134,-22.426,24.6753,34.343,-15.4236,34.3591,-16.1392,33.6619,-15.4921,34.3602,-14.7117,35.1181,-15.3097,1
13,780,140,1.44833,-20.7761,-0.533403,156.276,-0.0674614,156.609,-0.112428,155.876,-0.963905,155.942,-0.915815,156.671,1
13,780,143,-30.3815,11.2847,-67.0637,-42.0202,-67.2633,-43.6661,-67.669,-41.1849,-66.8464,-40.5365,-66.3688,-42.891,1
13,780,145,18.0238,5.54377,2.90801,-21.7065,2.55071,-22.1336,2.49636,-21.3179,3.29267,-21.2537,3.30805,-22.0744,1
13,780,153,36.2055,-5.37869,30.8837,132.233,31.5349,132.184,30.6423,131.356,30.1521,132.272,31.0917,133.001,1
13,780,154,-15.9332,22.0102,9.44903,167.25,9.9764,167.269,9.50931,166.67,8.91685,167.26,9.35873,167.889,1
13,780,159,30.8274,19.6052,-10.5365,-11.6027,-10.5835,-12.3164,-11.1491,-11.4885,-10.4589,-10.7781,-9.95374,-11.6787,1
13,780,161,27.2872,16.6801,-3.50099,12.6755,-3.55059,12.0309,-4.08784,12.7756,-3.42705,13.4033,-2.93903,12.6043,1
13,780,168,17.3423,21.4796,-45.3631,-106.77,-44.8457,-107.169,-45.5934,-107.464,-45.9243,-106.29,-45.1528,-106.064,1
13,780,169,23.0292,9.41881,-47.5536,-55.3658,-47.2738,-56.0987,-48.0686,-55.7106,-47.8466,-54.5493,-47.0678,-55.0275,1
13,780,175,-24.6502,-1.57296,-1.33157,-147.32,-0.920288,-146.87,-0.962887,-147.739,-1.71198,-147.736,-1.72471,-146.867,1
13,780,176,36.3648,4.68389,-37.9333,-154.239,-37.5094,-153.524,-37.4645,-154.989,-38.4149,-155.067,-38.3543,-153.572,1
13,780,179,-33.7355,14.34,-32.8568,26.1809,-33.2145,25.4892,-33.3823,26.7724,-32.5048,26.795,-32.2355,25.5183,1
13,780,180,-27.0672,24.595,6.01893,48.5629,5.88625,48.0207,5.38236,48.7212,6.18215,49.0822,6.76161,48.4044,1
13,780,181,15.7352,24.9864,36.0005,70.3333,35.821,69.6798,35.5077,70.4616,36.2202,71.056,36.5084,70.2373,2
13,780,185,27.9983,12.0246,-4.8886,-132.056,-4.34493,-131.856,-4.76387,-132.605,-5.50077,-132.27,-5.02077,-131.544,1
13,780,193,-12.5378,14.5739,9.50148,68.1775,9.25701,67.6675,8.97788,68.4248,9.76073,68.6788,10.0694,67.9257,1
14,840,7,-22.7522,8.89133,39.4098,-105.686,39.9295,-105.268,39.6822,-106.4,38.9076,-106.065,39.0996,-104.918,2
14,840,11,36.6664,5.39543,45.7707,-174.813,46.2479,-175.502,45.1467,-175.318,45.2199,-174.034,46.3182,-174.34,1
14,840,12,-12.5682,24.4059,40.6857,-122.285,41.1829,-122.439,40.6261,-123.011,40.1814,-122.093,40.7214,-121.48,1
14,840,27,-35.4927,-11.0198,53.4879,-67.2128,54.1115,-66.4564,53.7278,-68.1272,52.9487,-67.862,53.2326,-66.201,1
14,840,30,-22.6992,19.2228,-4.52894,-40.1223,-4.20412,-39.7041,-4.07731,-40.487,-4.86458,-40.5154,-5.04613,-39.7282,1
14,840,61,-27.242,14.1541,-26.0755,168.511,-26.043,167.877,-26.6771,168.547,-26.0845,169.113,-25.3994,168.487,1
14,840,88,-18.7989,18.8679,-60.4348,147.832,-60.1122,147.043,-60.8522,147.11,-60.7316,148.655,-59.9812,148.636,1
14,840,90,27.1581,16.4017,43.1988,-6.41786,43.7168,-6.90188,42.8308,-7.03007,42.6206,-5.86225,43.5277,-5.8091,1
14,840,93,-15.5153,21.7408,-21.2077,89.3725,-20.6879,89.3548,-21.1844,88.7673,-21.7307,89.4186,-21.2529,90.0395,1
14,840,120,10.378,-18.6145,-3.8382,-59.3128,-4.20426,-59.7272,-4.34666,-58.9716,-3.49438,-58.891,-3.37689,-59.6442,3
14,840,141,-18.1143,-11.0338,-40.8546,162.091,-40.3534,162.571,-40.5304,161.512,-41.3104,161.63,-41.1735,162.704,1
14,840,144,-38.6001,-12.5884,-30.7182,-31.4484,-31.2878,-32.3987,-31.1905,-30.8079,-30.2409,-30.6482,-30.2058,-32.1843,1
14,840,160,-29.9226,-5.21362,-24.0743,-16.767,-23.9809,-17.51,-24.6633,-16.7547,-24.1582,-16.0985,-23.4329,-16.7909,1
14,840,178,-29.1402,-23.9939,-69.1299,21.5623,-69.7217,19.7728,-69.5807,22.6844,-68.626,23.0631,-68.6821,20.3607,1
14,840,184,-28.2607,13.7638,26.0862,-142.099,26.5938,-141.83,26.2707,-142.724,25.6003,-142.331,25.8631,-141.402,1
14,840,189,-32.3324,12.0378,-23.6134,32.544,-23.6801,31.8832,-24.2136,32.7451,-23.5319,33.1496,-22.9258,32.3286,2
14,840,198,-32.0623,15.6357,-11.9281,-106.251,-11.3515,-105.826,-11.5875,-106.953,-12.4783,-106.623,-12.3351,-105.447,1
15,900,2,13.2138,14.7882,-35.0344,74.5087,-35.3165,73.8915,-35.5239,74.8374,-34.714,75.158,-34.5374,74.2048,1
15,900,17,20.0697,19.6444,-39.3408,61.6183,-39.2831,60.8848,-39.8606,61.5441,-39.3802,62.4371,-38.831,61.7213,1
15,900,25,27.0125,16.3698,58.4741,140.576,58.2283,139.552,57.9948,141.081,58.7557,141.736,58.9389,140.119,2
15,900,43,25.6996,-7.52969,-54.3322,61.9507,-53.891,61.3761,-54.7673,61.1324,-54.8064,62.5611,-53.9276,62.6731,1
15,900,44,-29.1442,-1.57922,-38.3242,111.699,-38.1541,110.889,-38.9116,111.623,-38.4732,112.438,-37.6815,111.774,1
15,900,45,28.691,-4.87619,-17.4062,145.419,-17.4118,144.81,-18.0664,145.524,-17.4071,146.078,-16.8097,145.321,3
15,900,74,32.3372,-12.7786,43.9145,-123.253,43.8685,-124.111,43.1293,-123.031,43.9341,-122.32,44.5976,-123.467,1
15,900,77,-22.0176,-24.0522,22.3317,23.2735,23.0592,23.4885,22.56,22.7026,21.6984,23.0619,22.1327,23.8602,3
15,900,78,21.2305,-22.8575,-12.8568,32.674,-12.3378,32.9091,-12.4766,32.0369,-13.3652,32.4061,-13.1729,33.2512,2
15,900,80,-25.0531,9.53606,-8.0365,-138.873,-8.14293,-139.413,-8.56117,-138.707,-7.92346,-138.366,-7.45644,-139.048,1
15,900,116,35.9984,15.04,-55.768,-160.182,-55.3269,-161.117,-56.3446,-160.701,-56.2626,-159.046,-55.2527,-159.684,1
15,900,131,29.6269,14.4023,-46.4774,-84.5341,-46.3782,-85.5166,-47.1226,-84.5349,-46.5647,-83.4109,-45.8737,-84.5006,1
15,900,161,-35.1553,4.52579,5.31816,11.9117,5.39632,11.1867,4.64469,12.006,5.25742,12.5609,6.08475,11.8057,3
15,900,173,-33.9982,19.2712,60.6481,-143.434,60.9597,-142.195,61.256,-144.405,60.3198,-144.526,59.9121,-142.374,4
15,900,191,28.6168,-4.82778,-54.3231,45.0697,-54.4579,44.0091,-55.0027,45.5216,-54.1761,46.2167,-53.7089,44.6697,1
16,960,55,39.931,4.80187,-44.534,33.3855,-43.7304,33.3737,-44.8221,32.2249,-45.476,33.4,-44.2871,34.3911,1
16,960,62,28.7079,20.353,6.4276,-160.604,6.28054,-161.252,5.86976,-160.431,6.61639,-159.863,6.96838,-160.74,1
16,960,72,34.8344,8.39947,-16.2071,-152.733,-16.4569,-153.427,-16.8047,-152.307,-15.9115,-151.942,-15.6588,-153.102,1
16,960,94,-10.7874,19.9499,-44.002,133.645,-43.5614,133.303,-44.2253,132.974,-44.4382,134.025,-43.774,134.377,1
16,960,118,19.2935,2.02196,-9.7621,-83.8927,-9.81043,-84.3778,-10.256,-83.8067,-9.70921,-83.3778,-9.29252,-83.9711,1
16,960,139,36.1255,8.28313,-42.2868,171.043,-41.5431,171.071,-42.4568,170.039,-43.1457,171.017,-42.1435,171.941,3
16,960,142,32.9795,-14.382,-84.0793,163.222,-83.6068,167.328,-83.5194,157.181,-84.5305,157.808,-84.4903,169.458,2
16,960,167,-27.5918,-2.71325,-28.1563,-134.379,-27.5167,-134.429,-28.2713,-135.016,-28.74,-134.334,-28.0227,-133.692,1
16,960,170,-20.6527,8.84052,13.6264,27.7223,13.2594,27.296,13.2361,28.1298,13.9858,28.1244,14.0543,27.2851,3
16,960,199,-32.2925,1.573,-49.8768,-85.6374,-49.1598,-85.2739,-49.7944,-86.6993,-50.5233,-85.9651,-49.9552,-84.4463,1
17,1020,8,-6.34626,23.171,-7.79401,-93.8734,-7.2867,-93.6138,-7.45787,-94.3643,-8.33589,-94.1189,-8.17881,-93.357,1
17,1020,28,37.2392,7.3995,3.8038,-64.8929,4.3188,-64.4598,4.09009,-65.5301,3.20538,-65.3886,3.53624,-64.3316,2
17,1020,60,-13.1026,14.6851,-43.89,146.553,-43.7957,145.882,-44.3892,146.41,-43.9644,147.227,-43.3568,146.722,1
17,1020,67,-19.0516,10.1508,-9.15962,19.8837,-8.65596,19.9968,-9.07246,19.3613,-9.64887,19.7856,-9.26193,20.4468,2
17,1020,73,27.1065,-3.93477,19.887,-139.681,19.715,-140.271,19.2891,-139.395,20.0635,-139.042,20.4308,-139.947,2
17,1020,107,35.0553,1.65086,15.6798,-92.2812,15.3031,-92.8363,15.2052,-91.7157,16.1021,-91.65,16.1055,-92.7828,1
17,1020,174,39.3213,2.91607,19.0315,-155.154,19.5038,-154.534,19.4821,-155.899,18.482,-155.871,18.6286,-154.514,1
17,1020,188,-33.7269,0.88161,-44.705,13.8919,-44.6701,12.9627,-45.2937,14.0384,-44.7257,14.7255,-44.0459,13.7281,1
17,1020,193,-35.9362,15.791,25.0327,69.322,24.8356,68.492,24.2875,69.7504,25.2386,70.0685,25.9179,68.8279,3
18,1080,12,40.3363,-2.94469,29.0972,-114.486,29.8012,-114.434,28.8762,-115.426,28.2853,-114.557,29.2796,-113.676,3
18,1080,36,37.3368,-1.64838,53.7231,139.486,53.3342,138.613,53.2551,140.48,54.1511,140.504,54.1275,138.6,1
18,1080,89,20.3368,-4.56181,-32.4152,-149.852,-32.5041,-150.427,-32.9403,-149.697,-32.3248,-149.247,-31.9257,-149.998,1
18,1080,135,-32.5327,0.196985,56.9996,55.1067,57.6113,54.3799,56.5406,54.2572,56.449,55.745,57.5071,56.0736,3
18,1080,146,27.972,24.8399,59.2383,-12.0489,58.7638,-13.2178,58.7341,-11.2801,59.8025,-10.678,59.7498,-12.7497,1
18,1080,171,-26.9038,21.6744,58.5155,24.5104,58.1091,23.6712,58.023,25.418,58.927,25.2957,59.0895,23.4699,1
18,1080,182,18.6444,24.079,62.4803,150.912,62.925,150.128,62.1918,150.007,61.9911,151.805,62.7393,151.875,2
19,1140,31,-38.094,-0.0590393,-57.6771,-40.5159,-57.2101,-39.3963,-57.2801,-41.5102,-58.0805,-41.5132,-58.1173,-39.3463,1
19,1140,53,-14.203,-20.9681,6.0879,-10.2859,6.73817,-10.286,6.17218,-10.8398,5.49603,-10.3065,6.03004,-9.7349,3
19,1140,67,-31.7857,17.6681,-15.1675,25.6691,-14.5785,25.8579,-15.0594,24.9734,-15.7254,25.519,-15.3079,26.4707,2
19,1140,91,-39.2791,-1.55417,20.3758,50.8653,21.1968,51.0024,20.2663,50.1218,19.6654,50.7514,20.5061,51.7203,3
19,1140,103,-19.4597,11.1592,-59.9876,90.8939,-59.5811,91.5703,-59.6563,90.0416,-60.3861,90.2442,-60.3491,91.8252,1
19,1140,171,28.547,4.52263,60.4122,34.7914,60.0477,33.8188,59.9667,35.6953,60.8086,35.8878,60.823,33.9472,1
20,1200,155,-36.5463,17.2475,-30.9339,-145.002,-30.2261,-144.994,-31.0976,-145.891,-31.5771,-144.973,-30.7506,-143.95,1
20,1200,171,36.1133,-13.8336,62.0372,36.9927,61.7297,35.7674,61.3328,38.135,62.3388,38.4008,62.6239,35.9533,1
21,1260,5,33.0003,1.89859,71.007,-178.185,71.604,-179.302,70.4811,-179.854,70.3288,-177.014,71.4609,-176.597,8
21,1260,48,33.1359,0.272778,44.3066,-85.4943,44.9205,-85.7392,43.9694,-86.3655,43.6192,-85.2313,44.5997,-84.7027,3
21,1260,84,23.0979,-3.67887,20.6883,32.5096,21.172,32.6738,20.8102,31.925,20.1756,32.3305,20.5757,33.0508,2
21,1260,171,23.4576,-3.58536,67.1655,34.4708,66.8396,33.3447,66.7065,35.4792,67.4988,35.7132,67.5828,33.4999,3
22,1320,0,-19.9456,5.60543,-71.4428,15.1185,-71.1741,13.4621,-71.9835,14.4162,-71.6778,16.751,-70.8611,15.8437,2
22,1320,3,-37.8972,9.14713,25.9258,84.7337,25.6668,83.8522,25.2495,85.2493,26.1704,85.5109,26.7196,84.1295,3
22,1320,4,17.1034,-13.9581,55.1687,108.41,55.0279,107.458,54.5356,108.64,55.2863,109.394,55.7483,108.168,2
22,1320,5,32.5936,-21.7874,70.8623,-175.735,71.4588,-176.667,70.3795,-178.318,70.2044,-174.924,71.2618,-173.484,2
22,1320,6,39.1168,5.51097,42.8316,-119.156,43.57,-118.658,42.9438,-120.352,41.9646,-119.722,42.7084,-118.118,1
22,1320,9,-11.9507,-20.1446,-54.8824,-72.9075,-54.2411,-72.7157,-54.6957,-73.848,-55.4674,-73.1248,-55.0349,-71.9606,2
22,1320,13,-36.276,3.92304,-3.25912,-72.4285,-2.56259,-72.2632,-3.27874,-73.0923,-3.88028,-72.5669,-3.23694,-71.6706,1
22,1320,18,31.4398,-15.4778,2.15722,105.827,2.18333,105.256,1.4043,105.862,2.10406,106.437,2.81328,105.783,1
22,1320,19,25.5243,-6.49202,29.1092,132.367,29.191,131.769,28.5046,132.324,29.0098,133.002,29.6615,132.402,1
22,1320,20,21.774,-19.1657,-80.3107,-9.79718,-79.8102,-10.1095,-80.3173,-13.5218,-80.8235,-9.59197,-80.2543,-6.48645,1
22,1320,21,-32.8771,-21.041,-57.9074,96.4867,-58.2638,95.0888,-58.4048,97.0099,-57.6084,97.6728,-57.3923,95.8876,1
22,1320,22,21.4419,-7.26506,-22.8175,116.053,-23.0808,115.604,-23.2657,116.402,-22.5475,116.527,-22.4057,115.727,2
22,1320,23,13.7452,20.5767,15.1558,121.904,14.8273,121.488,14.7588,122.195,15.5289,122.348,15.5694,121.629,1
22,1320,24,39.3249,-4.48849,47.3098,134.517,47.1204,133.587,46.6344,135.161,47.5052,135.592,47.8878,133.948,2
22,1320,26,-29.3427,18.6424,55.9118,-71.4084,56.3458,-70.7497,56.2639,-72.348,55.4809,-71.9831,55.4847,-70.3725,1
22,1320,28,-31.9348,6.82986,-13.7324,-56.5081,-13.2787,-56.0835,-13.423,-57.0327,-14.1534,-56.8895,-14.0833,-55.9196,2
22,1320,32,32.9241,13.4344,-72.6079,155.639,-73.1921,154.637,-72.7656,157.67,-71.9264,156.674,-72.4254,153.824,1
22,1320,33,-14.654,-19.0714,-40.65,136.878,-41.1084,136.421,-40.9919,137.354,-40.2385,137.309,-40.3229,136.391,1
22,1320,34,27.7614,-16.2064,-4.38852,138.823,-4.75458,138.431,-4.87421,139.313,-4.01978,139.252,-3.96882,138.381,1
22,1320,35,6.72662,17.9939,34.5466,134.873,34.1643,134.499,34.2198,135.297,34.9625,135.258,34.893,134.45,1
22,1320,38,26.6866,-9.67142,39.916,-44.6524,40.2436,-44.1133,40.369,-45.2192,39.5752,-45.2316,39.5101,-44.14,1
22,1320,41,15.8483,13.1623,-34.248,3.73839,-33.7085,3.70113,-34.2836,3.10564,-34.8289,3.79458,-34.2251,4.36145,1
22,1320,46,30.3412,-3.8532,29.962,-174.168,30.0493,-174.85,29.2761,-174.156,29.8545,-173.425,30.5794,-174.181,1
22,1320,49,-24.5541,4.00582,23.7976,-42.715,24.3798,-42.6216,23.8137,-43.3327,23.252,-42.7948,23.7748,-42.0441,1
22,1320,50,-25.4973,20.7922,53.1609,-113.347,53.5388,-114.146,52.6107,-114.026,52.8146,-112.555,53.7685,-112.521,2
22,1320,51,-37.8811,6.02194,48.7393,-57.6293,49.5514,-57.7037,48.4684,-58.7157,48.0237,-57.5443,49.0379,-56.3528,1
22,1320,54,-26.6108,-8.73484,-29.5129,23.1061,-28.8229,23.0777,-29.587,22.4401,-30.1363,23.1237,-29.4161,23.8135,2
22,1320,57,-15.013,-19.4374,-23.0968,150.316,-23.1791,149.621,-23.6488,150.32,-23.0378,150.952,-22.5475,150.285,1
22,1320,59,-27.7168,14.4586,35.0934,-159.109,35.1865,-159.868,34.4287,-159.14,35.0229,-158.39,35.8423,-159.054,1
22,1320,63,31.8539,18.7197,46.9555,-112.547,47.149,-113.519,46.3459,-112.685,46.7398,-111.421,47.5211,-112.372,1
22,1320,64,-0.681469,-19.9687,53.7142,-61.6162,54.1387,-62.1296,53.4915,-62.4035,53.2982,-61.1643,53.939,-60.8716,1
22,1320,66,-28.3522,18.7424,4.53757,10.118,5.08997,10.2952,4.67991,9.48798,4.00385,9.97542,4.35557,10.8328,2
22,1320,69,1.63374,-20.1199,-53.7944,118.394,-53.5718,117.608,-54.221,117.873,-54.02,119.138,-53.3778,118.851,1
22,1320,70,-37.5513,-16.2998,-57.2287,161.116,-57.1325,159.32,-57.9079,161.247,-57.3046,162.63,-56.4793,160.912,1
22,1320,75,-30.4714,17.8239,59.3628,-4.10808,59.9795,-3.74776,59.4684,-5.48855,58.7748,-4.38118,59.2042,-2.53731,1
22,1320,76,33.471,-2.61434,27.0014,12.6972,27.5817,13.0204,27.1809,11.8827,26.3581,12.3334,26.8375,13.419,3
22,1320,79,18.9697,21.3338,-68.4172,89.2347,-67.85,88.6013,-68.6069,87.8036,-69.0374,90.0377,-68.243,90.6626,2
22,1320,81,15.3428,-14.9698,42.0705,-103.484,42.0283,-104.135,41.5193,-103.468,42.0931,-102.824,42.58,-103.516,2
22,1320,82,-15.8682,20.1423,63.7076,-45.5671,64.057,-46.3745,63.344,-46.4513,63.3692,-44.7417,64.086,-44.5404,1
22,1320,83,-32.5383,-4.24363,49.9947,14.0343,50.6639,14.1819,49.9618,13.1348,49.398,13.9034,50.0316,15.0272,2
22,1320,89,24.6797,-3.80308,-19.4414,-141.92,-19.5547,-142.455,-19.9866,-141.726,-19.3244,-141.348,-18.9396,-142.1,1
22,1320,90,16.4475,10.2161,31.7211,26.2372,32.2317,26.1279,31.6115,25.6493,31.1751,26.3638,31.8139,26.8144,1
22,1320,93,-19.7831,6.75345,-37.804,114.726,-37.2875,114.564,-37.9645,114.091,-38.296,114.893,-37.633,115.408,1
22,1320,96,13.9816,14.8176,-9.15281,-122.81,-9.1873,-123.339,-9.65639,-122.781,-9.10074,-122.243,-8.65169,-122.823,1
22,1320,97,-37.3593,14.585,20.6685,-101.178,20.828,-101.928,19.9063,-101.154,20.548,-100.498,21.5672,-101.19,2
22,1320,98,-19.6186,7.84975,40.903,-67.2909,41.0766,-67.9542,40.3937,-67.4779,40.7417,-66.6534,41.4492,-67.0774,1
22,1320,100,-15.8595,-18.4234,39.0987,81.7657,39.5762,82.2427,39.4531,81.2796,38.6708,81.3183,38.7575,82.2669,2
22,1320,106,-38.9489,-8.02489,-2.10114,-102.029,-2.63469,-102.729,-2.51226,-101.479,-1.6489,-101.428,-1.64966,-102.663,1
22,1320,107,-27.479,-17.695,32.9029,-99.2406,32.3662,-99.827,32.5283,-98.7479,33.362,-98.7044,33.2734,-99.7826,2
22,1320,110,8.10854,-21.695,51.2616,-3.07907,51.5065,-3.75654,50.8591,-3.63645,51.0024,-2.44769,51.6444,-2.57712,1
22,1320,112,-25.7363,18.1228,19.2851,87.6516,19.8033,87.7693,19.3717,87.0437,18.7824,87.563,19.168,88.3331,1
22,1320,113,-12.2103,17.164,-9.72905,108.891,-9.26363,108.954,-9.64573,108.402,-10.199,108.846,-9.8333,109.416,2
22,1320,114,-39.2397,-1.01288,-33.0226,136.605,-32.2563,136.657,-33.1807,135.842,-33.6875,136.562,-32.8289,137.475,1
22,1320,115,38.414,4.42846,-55.8856,179.514,-55.3076,178.927,-56.41,178.626,-56.549,-179.784,-55.4254,-179.711,1
22,1320,118,31.1133,-4.67941,7.16376,-70.8627,7.15657,-71.4143,6.53826,-70.7479,7.16257,-70.2587,7.72441,-70.9683,2
22,1320,122,23.5853,22.12,75.1488,84.6663,75.8295,84.9729,75.2065,82.3174,74.3721,84.4426,75.036,86.9268,1
22,1320,123,4.56953,-22.4526,45.7927,111.361,46.2889,111.786,46.2048,110.717,45.3303,110.931,45.423,111.975,1
22,1320,124,14.6063,16.8279,6.17648,116.083,6.64492,116.426,6.51056,115.642,5.65743,115.726,5.82659,116.51,1
22,1320,125,-31.5617,-23.4698,-24.6928,124.521,-23.8663,125.053,-24.3568,123.915,-25.3784,124.042,-25.0037,125.187,3
22,1320,127,-20.7097,6.37868,-76.751,-98.3309,-76.7856,-100.878,-77.3192,-97.9156,-76.6858,-95.9252,-76.1367,-98.718,1
22,1320,129,-22.846,-1.68167,-7.88316,-64.9612,-8.25111,-65.4676,-8.31105,-64.5772,-7.54041,-64.4911,-7.42854,-65.3735,3
22,1320,134,37.3162,15.3616,47.5489,23.8962,47.9328,22.8158,46.8038,23.6317,47.096,25.1669,48.2115,24.1851,1
22,1320,136,-20.131,11.2824,27.7716,116.382,28.3306,116.475,27.8218,115.731,27.2301,116.309,27.7024,117.089,3
22,1320,137,33.3817,0.535457,-3.15968,134.153,-2.51643,134.325,-3.12878,133.412,-3.87912,133.956,-3.19139,134.815,1
22,1320,144,2.71167,21.7883,2.3037,-25.4661,1.91225,-25.862,1.87004,-25.1304,2.73765,-25.0615,2.77366,-25.7985,1
22,1320,145,-27.9169,-15.0526,34.7178,-26.3467,34.1843,-27.0147,34.3065,-25.8161,35.1761,-25.737,35.1322,-26.9343,1
22,1320,147,-30.0976,18.5621,69.7082,151.477,70.1269,152.957,70.2046,149.899,69.2794,150.194,69.1044,153.163,1
22,1320,148,15.1335,11.5012,34.4165,149.465,34.8573,149.883,34.7424,148.931,33.9355,149.034,34.0832,149.976,1
22,1320,149,34.2361,10.7607,-1.72188,150.604,-1.18391,151.111,-1.35191,149.975,-2.34782,150.028,-2.07474,151.165,1
22,1320,150,21.5526,-3.02057,35.2184,38.8356,35.378,38.2228,34.6615,38.6725,35.0414,39.4804,35.7378,38.9879,1
22,1320,151,39.3839,-2.77805,42.3022,84.6501,42.8948,84.1153,41.6373,83.9323,41.6127,85.2401,42.8701,85.2826,1
22,1320,152,-33.265,24.4407,35.8937,135.957,36.548,135.98,35.8329,134.979,35.2762,135.99,35.9275,137.125,1
22,1320,153,36.391,-12.616,9.76074,157.425,10.395,157.535,9.73404,156.553,9.06207,157.279,9.7924,158.173,1
22,1320,154,-33.0873,-4.39699,-11.8635,-171.677,-11.143,-171.631,-11.9463,-172.299,-12.5034,-171.72,-11.7608,-170.99,1
22,1320,157,-39.1407,-4.07076,-31.5135,-52.1556,-31.2074,-53.0912,-32.2149,-52.2083,-31.7712,-51.3456,-30.7101,-52.1109,1
22,1320,166,34.6792,6.4296,-24.5589,-150.795,-23.8785,-150.747,-24.6798,-151.564,-25.3347,-150.845,-24.4589,-150.101,1
22,1320,169,22.1631,9.57321,-30.6609,-18.9834,-30.6098,-19.6358,-31.2191,-18.9884,-30.7042,-18.2702,-30.1282,-18.9644,1
22,1320,177,39.7304,2.47247,-71.871,41.3236,-72.4406,39.6911,-72.1706,43.8978,-71.194,43.1084,-71.5756,39.1716,2
22,1320,179,-22.8468,8.23377,0.191139,25.9984,-0.177746,25.5639,-0.20743,26.4048,0.54977,26.4039,0.630864,25.5606,1
22,1320,180,31.8991,-20.0396,30.0428,65.8656,29.9751,65.2227,29.2643,66.0098,30.0789,66.5537,30.7088,65.7194,3
22,1320,190,7.63172,-17.6785,-62.4235,28.0864,-62.4982,26.8714,-63.0331,28.0992,-62.3608,29.2759,-61.8527,28.0363,1
22,1320,194,14.3882,-19.0511,66.203,116.662,66.2785,115.247,65.5601,116.24,66.0906,118.049,66.795,117.019,3
22,1320,195,-34.7045,5.86596,62.2735,-143.438,62.9967,-142.791,62.369,-145.028,61.6177,-143.965,62.1391,-141.637,1
22,1320,196,-14.5059,23.7599,26.8205,-123.582,27.3489,-123.299,27.155,-124.197,26.2677,-123.835,26.4228,-122.921,1
22,1320,197,34.2219,17.4866,-8.61708,-117.096,-7.88187,-116.723,-8.4131,-117.819,-9.48881,-117.517,-8.83612,-116.44,1
22,1320,198,-27.8062,-22.1722,-35.8085,-98.5412,-34.9529,-98.2761,-35.6222,-99.2886,-36.5413,-98.8027,-35.9583,-97.7495,1
23,1380,1,20.0795,-7.15726,-43.1404,69.9822,-43.3639,69.2657,-43.7111,70.3663,-42.9116,70.7314,-42.6128,69.6247,1
23,1380,8,29.6382,7.27926,-28.8868,-93.2009,-28.313,-92.7956,-28.625,-93.9268,-29.5302,-93.6533,-29.1367,-92.5342,1
23,1380,31,33.8824,14.9287,-73.2681,-64.9285,-72.9815,-62.8106,-72.7439,-66.159,-73.5855,-67.4452,-73.7566,-63.7985,3
23,1380,37,-32.8843,7.52537,69.5803,-27.6766,69.7895,-25.9454,70.1059,-28.6423,69.364,-29.2097,68.9766,-26.6543,1
23,1380,39,33.9995,16.3057,-2.35217,-47.4723,-1.88612,-46.9628,-1.97072,-47.9812,-2.90569,-48.0535,-2.72382,-47.0191,2
23,1380,47,37.3535,-4.21154,47.4777,-127.791,47.9586,-128.515,46.7593,-128.385,46.9195,-127,48.0997,-127.261,1
23,1380,58,30.9438,10.4785,6.98468,-178.495,6.93585,-179.179,6.33332,-178.33,7.04885,-177.72,7.58971,-178.63,1
23,1380,65,-37.2106,-6.28193,33.0688,-11.3189,33.8538,-11.1518,33.0161,-12.0868,32.3886,-11.465,33.1367,-10.4544,1
23,1380,71,-38.7338,11.78,-21.7508,-165.812,-21.8449,-166.662,-22.4893,-165.457,-21.6397,-165.062,-20.8726,-166.216,1
23,1380,80,-32.2424,22.4669,20.49,-126.533,20.419,-127.178,19.7919,-126.368,20.5907,-125.929,21.3151,-126.703,1
23,1380,87,5.65968,24.8037,-62.6512,143.372,-62.3682,142.432,-63.0213,142.639,-62.9292,144.439,-62.2762,144.164,1
23,1380,101,-20.7811,13.7117,-3.57681,83.8874,-3.20528,84.2761,-3.19031,83.4811,-3.94859,83.5224,-4.00986,84.324,1
23,1380,104,23.7446,-2.51043,-69.8543,-99.0635,-70.1945,-100.275,-70.2618,-97.8218,-69.4855,-97.8034,-69.4701,-100.173,1
23,1380,108,-10.6674,16.0696,75.7233,-91.5083,75.4136,-93.0869,75.2984,-90.3273,76.0383,-89.8934,76.1803,-92.7973,1
23,1380,109,34.227,14.0809,67.3018,66.6393,67.9071,67.6013,67.5115,64.9824,66.5871,65.6159,67.0733,68.1078,2
23,1380,111,37.1598,14.6423,37.837,56.2326,38.5351,56.0991,37.5773,55.4574,37.019,56.4038,38.0444,56.9482,2
23,1380,117,-35.3545,18.4328,-12.6856,-94.3501,-12.6114,-94.9928,-13.3889,-94.2954,-12.723,-93.7562,-11.8573,-94.3948,1
23,1380,121,35.2315,11.1191,66.9192,-37.7173,66.6786,-39.5498,66.2759,-36.7515,67.1812,-35.5601,67.5063,-38.5874,2
23,1380,126,29.5143,-1.64781,-67.4514,124.387,-66.9802,125.454,-67.0689,122.867,-67.9557,123.158,-67.7862,125.805,2
23,1380,128,-39.6878,-1.93011,-39.4763,-72.9364,-39.8604,-74.0268,-40.0387,-72.2422,-39.1348,-72.0114,-38.8288,-73.7348,3
23,1380,131,-38.2517,8.62965,-21.023,-66.2491,-20.9003,-67.1034,-21.8017,-66.1251,-21.1094,-65.4897,-20.111,-66.3855,1
23,1380,132,12.8539,21.1982,5.07761,-38.9549,4.94389,-39.5244,4.53852,-38.8729,5.24543,-38.337,5.62878,-39.0121,1
23,1380,139,38.7466,5.78279,-56.2277,-156.445,-55.4984,-156.934,-56.7407,-157.63,-57.0745,-155.846,-55.7798,-155.415,1
23,1380,141,-37.7814,12.0673,-74.8816,-172.43,-74.1517,-171.227,-74.7425,-175.499,-75.5372,-173.512,-75.0032,-168.761,1
23,1380,143,-36.208,4.15017,-31.022,-33.2912,-31.3938,-34.1084,-31.5531,-32.6977,-30.6782,-32.5774,-30.41,-33.9623,1
23,1380,146,-37.0806,-9.43733,74.9006,-25.8803,74.2983,-28.451,74.4748,-23.7562,75.3875,-23.495,75.3348,-28.4496,2
23,1380,155,35.4037,10.0106,-42.5028,-139.073,-41.8192,-139.293,-42.8221,-139.923,-43.2884,-138.801,-42.2252,-138.302,1
23,1380,159,-27.9838,0.483415,19.0373,7.01373,19.091,6.35566,18.4637,7.05016,18.9889,7.6171,19.6639,6.97158,2
23,1380,160,20.1513,9.78206,-2.29903,10.2309,-2.32493,9.68003,-2.8405,10.2906,-2.26166,10.8276,-1.77689,10.1856,1
23,1380,164,-32.6595,17.148,28.458,165.758,29.1078,165.859,28.4366,164.939,27.8512,165.697,28.4582,166.708,3
23,1380,174,32.3589,-3.2246,-2.83032,-155.343,-2.44116,-154.855,-2.36483,-155.893,-3.25403,-155.888,-3.24541,-154.852,1
23,1380,175,-28.7619,1.52783,-39.2476,-148.394,-38.811,-147.783,-38.874,-148.996,-39.6478,-148.957,-39.6537,-147.725,1
23,1380,176,-23.9353,3.70153,-75.3178,-142.523,-74.8613,-141.086,-74.9998,-144.34,-75.7409,-143.931,-75.6476,-140.472,1
23,1380,181,35.8871,-7.7941,58.4399,109.14,58.7375,108.132,57.7217,108.722,58.0865,110.228,59.066,109.508,1
23,1380,188,-22.881,9.12671,-25.9727,30.097,-26.0715,29.5258,-26.478,30.2591,-25.8659,30.6375,-25.419,29.9301,1
23,1380,191,23.3211,11.9667,-24.7546,58.055,-25.0401,57.4279,-25.2806,58.411,-24.4257,58.737,-24.2425,57.7342,1
23,1380,192,31.5512,12.9943,9.34837,70.5113,9.02955,69.8364,8.77261,70.9273,9.72391,71.2785,9.89322,70.1449,1
23,1380,199,-5.41619,22.2333,-70.6064,-45.4725,-70.1082,-46.2871,-70.8197,-47.1265,-71.108,-44.5069,-70.3842,-43.7038,1
24,1440,2,17.3561,16.3542,-2.64818,82.6409,-2.97474,82.1265,-3.13439,82.9503,-2.27592,83.1936,-2.15698,82.3543,1
24,1440,11,-24.8579,7.33802,41.4404,-123.554,41.9938,-123.635,41.318,-124.27,40.9206,-123.467,41.5634,-122.766,1
24,1440,15,-8.39261,18.0643,-48.8554,6.66392,-48.4993,6.15959,-49.1752,6.07042,-49.203,7.20617,-48.5237,7.30644,1
24,1440,16,20.8967,-11.4243,-42.0421,54.2455,-41.9086,53.5904,-42.6094,54.0503,-42.1902,54.9234,-41.5192,54.4091,1
24,1440,27,-30.1579,-7.17053,15.5032,-62.2232,16.0117,-61.8095,15.7731,-62.714,15.0501,-62.5961,15.2189,-61.6863,1
24,1440,30,29.8277,23.9295,-42.7653,-50.6923,-42.2803,-50.0145,-42.3619,-51.2704,-43.3453,-51.4731,-43.1763,-50.1658,1
24,1440,44,38.5565,-11.0781,-20.4619,142.339,-20.3936,141.608,-21.3715,142.49,-20.56,143.161,-19.6906,142.203,2
24,1440,68,-4.6766,18.9096,-52.2044,75.7294,-51.7693,75.3681,-52.3928,74.9747,-52.6436,76.1381,-52.0164,76.534,1
24,1440,77,-31.3418,5.89228,-11.7094,35.5873,-11.1271,35.9354,-11.4927,34.9618,-12.246,35.2776,-11.9546,36.2885,2
24,1440,86,-20.0101,-4.53356,-47.9766,84.6897,-47.4382,84.6804,-48.0075,83.9561,-48.4798,84.6939,-47.9332,85.4583,1
24,1440,90,36.0225,5.04648,25.6921,30.8321,26.3701,30.8121,25.4865,30.0651,24.9167,30.8573,25.8617,31.5214,2
24,1440,94,-33.5211,9.73234,-42.1949,172.446,-41.7588,171.773,-42.7773,172.011,-42.5763,173.081,-41.5324,172.942,1
24,1440,99,39.1986,5.66642,41.5133,-8.291,42.1785,-8.71813,40.9689,-9.05023,40.7367,-7.80132,41.9765,-7.60322,1
24,1440,103,-19.1808,-14.0944,-76.1809,99.7226,-75.6282,100.703,-75.9533,97.802,-76.6779,98.706,-76.3822,101.783,2
24,1440,140,24.4164,14.4292,-45.2587,154.514,-44.7705,155.093,-44.9041,153.823,-45.8086,153.875,-45.6108,155.166,1
24,1440,156,-37.1196,-7.14116,-41.9841,-86.3149,-41.4402,-87.1491,-42.5751,-86.7176,-42.4528,-85.5855,-41.3107,-85.8904,1
24,1440,167,39.9848,-3.88638,-48.9351,-106.807,-48.2311,-107.096,-49.4201,-107.951,-49.7481,-106.483,-48.5118,-105.844,1
24,1440,178,22.9702,15.4168,-27.5496,29.9132,-27.9936,29.4546,-27.9067,30.4096,-27.0446,30.4048,-27.1877,29.4521,2
24,1440,184,-30.8351,16.8744,-8.36996,-127.277,-7.85256,-127,-8.14799,-127.883,-8.86576,-127.516,-8.63902,-126.588,1
24,1440,187,26.9474,24.1341,-53.6682,11.26,-53.7654,10.174,-54.2143,11.415,-53.5191,12.5,-53.1314,11.1701,1
24,1440,188,-38.9723,2.65979,-22.206,29.8308,-22.2783,29.0181,-22.8313,30.1215,-22.1315,30.5396,-21.4836,29.4966,2
24,1440,189,-35.2658,15.7006,10.9808,47.1181,10.8894,46.4679,10.3287,47.3611,11.0881,47.7087,11.7469,46.8482,1
25,1500,7,37.9626,-7.87799,0.0102538,-103.106,0.57805,-102.626,0.412053,-103.966,-0.618599,-103.665,-0.329545,-102.367,1
25,1500,10,-21.396,9.4744,51.4414,-168.811,51.8477,-169.355,51.071,-169.424,51.0573,-168.284,51.8342,-168.123,1
25,1500,29,-40.7537,-1.51956,-58.1021,-38.7082,-57.3774,-37.9742,-57.9785,-39.9993,-58.7221,-39.3563,-58.2204,-37.199,1
25,1500,52,-33.7379,6.29548,15.836,-16.8757,16.5384,-16.6814,15.8579,-17.6012,15.1986,-17.0375,15.804,-16.0522,1
25,1500,62,38.4358,-14.655,29.2525,-141.568,29.3716,-142.302,28.339,-141.537,29.0851,-140.756,30.0224,-141.608,1
25,1500,74,-0.605996,-22.4448,68.9342,-71.4839,69.2181,-72.8746,68.5147,-72.5398,68.6372,-70.2411,69.3404,-70.4973,1
25,1500,88,-33.2913,3.62693,-36.7365,-162.45,-36.7238,-163.264,-37.3334,-162.296,-36.7358,-161.715,-36.0651,-162.618,1
25,1500,92,-37.4757,3.91645,-22.0258,91.5857,-21.2724,91.6591,-22.1579,90.8474,-22.6916,91.5308,-21.8702,92.4331,1
25,1500,117,24.8584,20.1403,-10.108,-85.7355,-10.221,-86.3186,-10.6198,-85.6165,-9.95992,-85.0809,-9.60621,-85.825,1
25,1500,129,-21.5131,6.13751,4.03842,-64.3049,3.69614,-64.787,3.59567,-63.9287,4.3703,-63.8518,4.52009,-64.7078,5
25,1500,133,-25.6549,16.3736,40.3071,-11.4433,40.3947,-12.2274,39.6579,-11.5063,40.242,-10.6904,41.0358,-11.3479,1
25,1500,168,35.3703,-3.02414,-46.1332,-46.6288,-45.8189,-47.4575,-46.8764,-46.9131,-46.4867,-45.6935,-45.4782,-46.3843,1
26,1560,17,6.36567,19.671,-9.6187,91.5273,-9.68472,91.0202,-10.108,91.5496,-9.52842,92.0656,-9.11382,91.5251,1
26,1560,27,-17.3319,20.946,5.30605,-62.3165,5.70135,-62.0135,5.65462,-62.7324,4.89631,-62.5995,4.90502,-61.8701,6
26,1560,40,-36.9084,3.45368,-14.9127,-9.7017,-14.1649,-9.51805,-14.941,-10.431,-15.5758,-9.85576,-14.8771,-8.8661,1
26,1560,42,3.10744,22.2606,-51.8607,72.7871,-51.5671,72.0706,-52.2573,72.2327,-52.1492,73.5827,-51.4577,73.388,1
26,1560,43,-21.555,24.4236,-34.0783,117.523,-33.9978,116.848,-34.7136,117.368,-34.1203,118.202,-33.3616,117.727,1
26,1560,55,37.4487,4.46921,-55.4876,88.3644,-54.9481,87.449,-56.1937,87.6563,-56.1007,89.4529,-54.8672,88.986,1
26,1560,56,29.6859,13.6217,-38.5226,138.077,-38.4732,137.205,-39.1711,138.141,-38.5566,139.068,-37.9154,138.045,1
26,1560,84,27.5802,20.3395,1.82979,41.3661,2.44523,41.5161,1.92967,40.813,1.12122,41.2149,1.70581,41.8912,3
26,1560,129,-13.0006,-21.0092,5.00828,-63.5932,4.5433,-64.0479,4.55551,-63.2566,5.41794,-63.1623,5.43799,-63.9459,5
26,1560,130,-33.7506,18.643,-37.7499,-86.223,-37.5218,-87.0551,-38.5222,-86.3818,-37.9235,-85.4352,-36.8471,-86.0146,1
26,1560,138,-24.6074,18.6873,-39.1383,176.367,-38.5425,176.34,-39.1864,175.523,-39.7129,176.428,-39.0969,177.319,1
26,1560,142,30.692,22.7956,-54.2246,-27.3732,-54.7914,-28.3104,-54.64,-26.4766,-53.5325,-26.3402,-53.7922,-28.1642,1
26,1560,161,15.871,23.212,31.6323,46.1629,31.664,45.4694,31.1,46.0718,31.6171,46.9342,32.1665,46.2905,2
26,1560,183,-23.6789,16.8921,17.0299,-140.832,17.5082,-140.606,17.2367,-141.383,16.5593,-141.03,16.7826,-140.226,1
26,1560,185,39.6369,-3.0253,-47.9356,-110.652,-47.3073,-110.304,-47.8868,-111.852,-48.6518,-111.076,-47.9687,-109.617,1
27,1620,27,-14.0675,-16.3542,4.70324,-62.7602,5.1668,-62.4774,4.98592,-63.1484,4.28156,-63.0333,4.43382,-62.3613,5
27,1620,60,-34.0431,9.96231,-15.5893,173.369,-15.5585,172.686,-16.2408,173.488,-15.5991,173.991,-14.8423,173.243,1
27,1620,61,16.6795,-14.0073,9.08531,-162.949,9.01116,-163.446,8.52149,-162.887,9.14419,-162.441,9.60455,-163.018,1
27,1620,95,29.9178,3.59264,-23.1562,-136.069,-23.1048,-136.713,-23.7842,-136.007,-23.2085,-135.354,-22.5807,-136.117,1
27,1620,102,-24.1393,-5.06822,-52.731,87.9543,-52.2637,88.5765,-52.4282,87.2276,-53.1557,87.3657,-53.0419,88.7461,1
27,1620,105,-35.8928,15.125,-16.6021,-103.694,-16.9376,-104.331,-17.1552,-103.174,-16.2725,-103.131,-15.9423,-104.287,1
27,1620,110,26.4732,11.3289,48.4074,29.7178,48.8928,29.3205,48.0985,29.0555,47.8715,30.1633,48.6835,30.3619,2
27,1620,158,-35.0605,10.2519,5.44104,-8.79715,5.54995,-9.48697,4.74432,-8.74309,5.35957,-8.17081,6.24408,-8.85027,1
27,1620,161,30.7858,7.09829,31.6598,49.1539,31.8064,48.4296,31.0129,49.1121,31.4961,49.9645,32.2528,49.2065,6
27,1620,165,-27.6352,-3.6849,-7.29851,-160.806,-6.65447,-160.754,-7.32843,-161.382,-7.88468,-160.855,-7.25823,-160.184,1
27,1620,186,-30.9116,-9.77822,-61.9161,-42.0976,-61.4486,-43.1241,-62.3613,-42.7874,-62.3299,-41.1711,-61.4214,-41.399,1
27,1620,194,-15.5558,19.4002,71.7051,-179.527,72.2548,179.908,71.5366,178.587,71.161,-178.915,71.8473,-177.404,10
28,1680,27,-34.9961,-15.6983,1.51834,-60.3193,2.17862,-59.8636,1.77818,-60.8439,0.959357,-60.7211,1.25905,-59.7349,3
28,1680,65,-20.6847,21.8107,14.7607,0.316479,15.2791,0.43383,14.9042,-0.276584,14.2416,0.228998,14.5766,0.974826,2
28,1680,66,-34.4977,9.52845,-12.8045,21.9841,-12.1697,22.1958,-12.7451,21.3042,-13.3844,21.807,-12.8785,22.7626,2
28,1680,110,33.6922,-3.41725,46.9099,32.5917,47.4534,32.3125,46.5616,31.7582,46.3034,32.8847,47.2151,33.3412,2
28,1680,161,26.4359,-19.6583,32.6483,49.5923,32.7897,48.9404,31.9293,49.3485,32.4692,50.2573,33.2845,49.7885,7
28,1680,170,-3.25905,20.4019,59.862,26.3927,59.4776,25.7015,59.4656,27.0821,60.2737,27.0973,60.2929,25.675,1
28,1680,181,34.3253,19.8005,60.4266,151.435,61.0296,150.655,60.0086,150.494,59.7229,152.351,60.7832,152.372,2
28,1680,194,-22.8213,-7.86914,71.953,-175.987,72.5998,-176.568,71.7583,-177.761,71.3567,-175.51,72.1521,-174.09,4
29,1740,65,-36.6371,16.8493,12.8963,3.72329,13.5305,4.00058,13.0253,2.96108,12.3089,3.50073,12.7237,4.619,3
29,1740,72,27.5775,18.1278,30.2297,-137.355,29.9825,-138.081,29.6794,-137.046,30.5244,-136.533,30.7653,-137.625,1
29,1740,74,-19.1203,20.5012,65.3227,-22.3591,65.8777,-22.4611,65.2879,-23.8163,64.7743,-22.1987,65.3231,-20.7337,2
29,1740,90,-31.4325,3.8504,17.9346,49.3135,18.579,49.403,17.8958,48.6714,17.3474,49.2403,17.9739,50.0303,3
29,1740,170,34.5253,20.6972,63.8693,34.8224,63.3538,33.4637,63.4155,35.9858,64.4812,36.4622,64.3098,33.7677,1
29,1740,181,-34.4888,-11.2046,66.3657,156.887,67.0526,156.128,66.0404,155.688,65.7617,157.495,66.7285,158.215,2
29,1740,194,-28.9738,-24.6085,71.7304,-170.451,72.6342,-171.4,71.57,-172.456,70.95,-169.788,71.9199,-168.377,1
30,1800,4,31.8244,13.5071,71.2966,176.356,71.8723,174.876,70.7628,174.935,70.6321,177.982,71.7633,177.795,7
30,1800,11,-31.5425,-6.79005,28.3035,-104.338,28.99,-104.303,28.2332,-104.987,27.6923,-104.374,28.3886,-103.629,2
30,1800,170,39.3336,7.5923,66.0279,36.9932,65.6374,35.3465,65.4712,38.4364,66.4672,38.9837,66.5175,35.703,1
30,1800,181,38.7644,11.7645,57.4857,162.909,58.1858,162.532,57.0961,161.795,56.6629,163.353,57.8054,163.939,2
31,1860,4,29.8591,-10.9571,71.4358,179.213,71.9837,178.2,70.9589,177.271,70.8302,-179.812,71.849,-179.004,4
31,1860,27,23.0751,-12.8382,-11.0614,-64.2923,-10.6725,-63.9743,-10.6984,-64.7718,-11.4563,-64.6373,-11.3818,-63.8496,2
31,1860,74,-30.3897,-20.5055,64.112,-15.1962,64.9595,-15.3685,64.044,-16.5784,63.3805,-15.1004,64.2054,-13.7394,1
31,1860,111,30.3688,17.9953,17.4086,80.3372,18.0373,80.3649,17.3643,79.7418,16.6865,80.3242,17.4236,80.8997,3
31,1860,170,-32.5935,-13.1476,67.6883,17.7633,67.0501,16.5165,67.3773,19.1472,68.2293,18.9308,67.9915,16.1906,2
32,1920,1,-30.1393,-21.1914,-11.225,73.1367,-11.7341,72.3649,-11.7582,73.5068,-10.8045,73.8093,-10.6866,72.7155,1
32,1920,2,-38.6681,-5.22249,25.5307,81.9706,25.1459,81.015,24.9487,82.5179,25.8549,82.7958,26.1819,81.3254,2
32,1920,3,35.8234,-15.4396,54.6664,110.126,54.6423,108.916,53.7084,110.443,54.6449,111.458,55.4769,109.819,1
32,1920,6,25.4913,5.30792,8.49133,-105.426,9.02429,-105.097,8.75498,-106.02,7.90552,-105.781,8.23617,-104.875,1
32,1920,9,34.2024,19.5497,-74.7074,32.159,-74.6527,28.9921,-75.4372,32.547,-74.6908,35.9135,-74.0277,31.9697,1
32,1920,10,37.535,4.11788,39.3012,-136.187,39.9703,-136.371,38.9487,-137.027,38.5313,-135.979,39.5987,-135.433,1
32,1920,12,-15.8668,11.1661,-6.56116,-74.9821,-6.06488,-74.9259,-6.51679,-75.4922,-7.04824,-75.025,-6.61822,-74.436,1
32,1920,13,-33.1684,-3.1534,-29.8314,-47.5673,-29.1386,-47.5855,-29.9642,-48.2413,-30.4486,-47.5514,-29.6728,-46.8241,1
32,1920,17,31.8399,12.9894,5.73666,106.483,5.70076,105.834,5.13251,106.624,5.78921,107.223,6.29944,106.371,1
32,1920,20,27.1287,20.4435,-53.7278,106.545,-54.0869,105.688,-54.1548,107.133,-53.2941,107.484,-53.2975,106.027,1
32,1920,21,28.5043,-24.8799,-22.7371,114.367,-23.0325,113.866,-23.4321,114.768,-22.464,114.904,-22.1509,114.005,1
32,1920,22,25.2754,-1.16167,15.1252,120.497,14.8585,120.04,14.6792,120.852,15.4087,120.992,15.5372,120.168,1
32,1920,23,18.2636,24.5916,52.5467,130.889,52.229,130.111,52.0982,131.282,52.9176,131.754,53.0118,130.529,1
32,1920,25,-32.2346,12.574,54.5507,-72.8011,54.9985,-72.0949,54.8768,-73.7302,54.122,-73.4152,54.1603,-71.7705,1
32,1920,26,35.5041,8.22684,18.4407,-71.1763,18.9546,-70.7572,18.7053,-71.8177,17.8464,-71.6486,18.1881,-70.6067,1
32,1920,33,7.89665,21.4725,0.892436,134.213,0.490071,133.901,0.553996,134.566,1.33884,134.534,1.25771,133.866,1
32,1920,35,-17.2194,12.2668,71.5822,120.571,71.17,119.697,71.2996,121.91,71.9888,121.427,71.8859,119.101,1
32,1920,38,-13.1448,22.6932,-1.07045,-45.3477,-0.732865,-44.9802,-0.640585,-45.6711,-1.43326,-45.7048,-1.55593,-45.0104,1
32,1920,40,-31.187,19.0004,-32.5785,7.05977,-31.9426,7.11768,-32.6094,6.21124,-33.1779,7.0415,-32.5564,8.04317,1
32,1920,47,-26.9669,14.0578,46.2822,-75.7512,46.8743,-75.8412,46.1481,-76.6371,45.724,-75.6393,46.4107,-74.748,1
32,1920,48,18.0675,-19.9485,21.641,-48.8195,22.1778,-48.7971,21.7357,-49.5102,21.103,-48.8689,21.5714,-48.1934,1
32,1920,49,27.1627,-21.1527,-6.58648,-26.5296,-6.02049,-26.4236,-6.41378,-27.2951,-7.16671,-26.6727,-6.71637,-25.8577,1
32,1920,53,-32.0582,10.3635,-31.34,24.2047,-30.6541,24.2642,-31.4189,23.3948,-31.9706,24.1702,-31.254,25.1253,1
32,1920,56,-28.9411,-4.85539,-19.9543,148.764,-19.9442,148.019,-20.5561,148.849,-19.9636,149.436,-19.3019,148.662,1
32,1920,59,29.9422,-21.5677,47.0548,-118.609,47.416,-119.35,46.3466,-119.36,46.64,-117.876,47.672,-117.973,1
32,1920,62,-7.86516,24.9114,51.2174,-114.498,51.3579,-115.281,50.7304,-114.858,51.0919,-113.673,51.7361,-114.058,1
32,1920,63,-22.8624,-8.49557,54.7428,-58.4803,55.274,-58.9285,54.4919,-59.2557,54.2511,-58.0898,55.011,-57.6636,1
32,1920,70,-34.8747,-12.2664,-26.45,-169.768,-26.7165,-170.674,-27.0191,-169.42,-26.2252,-168.986,-25.8344,-170.172,1
32,1920,73,38.66,-7.21743,62.4859,-90.0976,62.854,-91.4274,61.6148,-90.6144,62.0374,-88.6488,63.231,-89.6388,1
32,1920,75,-8.20045,20.5945,25.2115,16.1338,25.7048,16.343,25.4539,15.5873,24.6958,15.9449,24.9288,16.7091,1
32,1920,76,-34.6026,3.96861,-5.89273,31.7032,-5.26885,32.0949,-5.67737,31.0489,-6.45607,31.3597,-6.13698,32.4456,2
32,1920,79,-22.8959,16.2023,-55.0232,167.592,-54.995,166.592,-55.6371,167.598,-55.0207,168.56,-54.3404,167.614,1
32,1920,80,31.1174,11.8839,44.3057,-100.315,44.3049,-101.181,43.7118,-100.179,44.3097,-99.3331,44.858,-100.42,2
32,1920,81,-22.6122,-1.74478,64.3231,-48.0118,64.7144,-48.9088,63.9373,-48.7649,63.9536,-47.1992,64.7322,-47.1918,1
32,1920,82,-26.7328,14.7269,46.6964,14.4617,47.2379,14.6371,46.7629,13.6093,46.1781,14.3258,46.6004,15.4125,1
32,1920,83,27.3112,-23.0047,17.1435,31.3844,17.661,31.562,17.4232,30.6532,16.6209,31.1684,16.9181,32.0248,1
32,1920,89,7.55901,23.7228,16.9252,-126.493,16.7374,-126.998,16.4439,-126.374,17.1494,-125.953,17.4314,-126.591,1
32,1920,96,-15.3275,13.7875,19.9221,-100.759,19.9461,-101.299,19.3973,-100.783,19.9123,-100.226,20.4872,-100.72,1
32,1920,97,20.4087,0.273221,38.316,-66.3542,38.4931,-66.9744,37.7887,-66.5444,38.1232,-65.6992,38.8121,-66.1704,2
32,1920,99,35.1956,14.369,28.6169,24.655,29.3305,24.5379,28.3744,23.9312,27.7881,24.8056,28.8115,25.3266,2
32,1920,102,29.7108,-18.6367,-70.5017,78.5729,-70.1326,79.8824,-69.9094,77.0861,-70.8569,77.0822,-70.995,79.9771,2
32,1920,106,20.4252,12.0867,37.3457,-96.0932,36.9822,-96.6129,36.9608,-95.6264,37.7482,-95.5301,37.7261,-96.5355,2
32,1920,107,28.7246,-12.588,70.4174,-84.7539,70.1844,-86.2757,69.7976,-83.7786,70.6335,-83.0707,70.958,-85.7003,2
32,1920,114,-21.1455,-6.0233,-50.6564,-179.967,-50.2355,179.512,-50.9753,179.462,-51.0476,-179.481,-50.3128,-179.384,1
32,1920,118,5.2202,19.2031,38.0298,-44.9337,38.0499,-45.5376,37.5683,-45.0096,38.0228,-44.2916,38.5034,-44.8307,1
32,1920,121,-30.0015,17.409,76.3492,104.077,76.8391,105.982,76.7422,101.458,75.8577,102.498,75.8504,106.854,3
32,1920,122,-24.678,24.3532,39.9151,113.825,40.3568,114.386,40.4242,113.16,39.4517,113.318,39.3051,114.551,2
32,1920,123,8.44303,22.0611,4.28212,114.373,4.75974,114.699,4.64093,113.953,3.75094,114.04,3.89121,114.788,1
32,1920,124,-37.9793,-12.4906,-27.2046,123.451,-26.4363,124.124,-26.9015,122.722,-27.8464,122.863,-27.5133,124.286,1
32,1920,125,13.9727,21.9816,-67.2264,126.471,-66.689,127.182,-66.9207,125.267,-67.8255,125.709,-67.5512,127.686,2
32,1920,127,-26.4269,-22.9199,-44.3089,-73.9807,-44.8538,-74.873,-44.7966,-73.4693,-43.8482,-73.199,-43.8285,-74.54,1
32,1920,128,-29.3843,19.9796,-3.97185,-67.837,-4.30312,-68.4004,-4.57126,-67.4044,-3.62822,-67.32,-3.26607,-68.3171,3
32,1920,133,-20.9918,12.069,53.5404,19.7164,53.8224,18.8799,53.0146,19.279,53.2768,20.5255,54.108,20.2256,1
32,1920,134,-34.7346,-10.7674,52.8338,77.3793,53.647,76.9762,52.5293,76.4163,52.125,77.7029,53.1801,78.4411,14
32,1920,135,33.979,-17.9383,25.3542,108.127,25.9912,108.258,25.4208,107.119,24.6716,107.949,25.3093,108.989,3
32,1920,136,32.1626,3.80681,-4.59142,132.889,-3.94795,133.044,-4.56923,132.182,-5.31294,132.716,-4.61928,133.529,1
32,1920,144,-34.6448,-13.0107,36.3372,-29.8426,35.7457,-30.6546,35.9209,-29.1996,36.8339,-29.1231,36.7694,-30.577,1
32,1920,145,-9.73647,-15.8806,71.8989,-18.1711,71.5305,-19.6351,71.4398,-17.2638,72.2212,-16.7173,72.339,-19.164,1
32,1920,148,1.84109,22.5496,-3.88049,151.727,-3.43216,152.06,-3.49526,151.33,-4.37294,151.392,-4.30491,152.127,1
32,1920,149,24.9705,-3.14584,-37.4512,151.789,-37.0394,152.307,-37.0414,151.159,-37.886,151.22,-37.8241,152.375,1
32,1920,150,32.212,-3.38043,43.2172,84.5705,43.7136,84.0886,42.7117,83.9068,42.6623,85.0847,43.6662,85.1723,1
32,1920,153,36.4437,18.9907,-19.8886,-175.982,-19.0946,-176.004,-20.0525,-176.71,-20.832,-175.933,-19.7706,-175.31,1
32,1920,156,-20.1743,16.0418,-31.4054,-49.5388,-31.27,-50.1469,-31.96,-49.6908,-31.5154,-48.9379,-30.7982,-49.3555,1
32,1920,157,-39.0523,8.94734,-6.53672,-22.3748,-6.36758,-23.1424,-7.29692,-22.3059,-6.66685,-21.6939,-5.64364,-22.4487,1
32,1920,158,31.6856,20.5096,15.0244,8.99176,15.0074,8.24204,14.3975,9.08216,15.0636,9.86555,15.6183,8.94094,2
32,1920,160,-26.4595,8.98738,25.151,28.9738,25.2272,28.3222,24.5549,28.9698,25.0895,29.5863,25.8104,28.9873,1
32,1920,162,-30.4339,-14.1102,49.0638,116.255,49.7019,115.626,48.701,115.552,48.4939,116.779,49.4662,116.999,1
32,1920,163,34.1926,-10.2726,26.6223,154.316,27.2493,154.336,26.4983,153.435,25.9331,154.272,26.7342,155.084,1
32,1920,165,-33.5911,4.17748,-20.5681,-147.09,-19.8712,-147.026,-20.6566,-147.785,-21.1965,-147.139,-20.4664,-146.307,1
32,1920,168,-34.4762,-8.70406,-26.4897,-25.5611,-26.3554,-26.4308,-27.122,-25.54,-26.6091,-24.8007,-25.7913,-25.6032,1
32,1920,173,21.7742,9.61958,-1.98626,-156.393,-1.58589,-155.992,-1.62119,-156.818,-2.42868,-156.823,-2.34459,-155.994,1
32,1920,176,35.9724,-11.9269,-71.9421,37.024,-72.4073,35.5226,-72.3926,39.4307,-71.4305,38.6568,-71.5402,35.0302,2
32,1920,177,-7.46803,24.1627,-32.6565,24.6933,-33.0459,24.2597,-33.0922,25.1113,-32.2298,25.1167,-32.165,24.2674,1
32,1920,179,-29.7554,16.2112,38.7197,22.0497,38.3269,21.426,38.2462,22.6698,39.1052,22.6217,39.2686,21.347,1
32,1920,180,33.6136,8.88782,58.6598,106.486,58.9061,105.371,58.0387,106.251,58.3747,107.74,59.2216,106.733,1
32,1920,183,28.9201,19.2432,-5.84529,-136.49,-5.24055,-136.304,-5.72745,-137.047,-6.54346,-136.685,-5.98323,-135.967,1
32,1920,187,-33.9364,-0.372403,-27.6334,25.2212,-27.7236,24.4709,-28.1917,25.4591,-27.5468,25.8897,-27.0099,24.9539,2
32,1920,190,37.3476,0.675838,-28.7584,56.5318,-29.0083,55.7046,-29.4637,57.1127,-28.4712,57.4767,-28.1352,56.0361,1
32,1920,192,32.4684,-11.2364,37.8582,80.9801,37.724,80.1565,37.0624,81.3449,37.9759,81.8868,38.5498,80.6426,2
32,1920,193,-34.3871,-3.38905,72.0477,111.98,72.2158,109.349,71.3447,111.979,71.8705,114.259,72.8337,111.947,2
32,1920,195,31.6561,13.2708,24.8146,-130.955,25.4912,-130.618,24.9861,-131.712,24.0333,-131.322,24.6299,-130.263,1
32,1920,196,31.0723,23.0686,-10.3437,-118.592,-9.58315,-118.266,-10.126,-119.264,-11.2502,-118.951,-10.5906,-117.968,1
32,1920,197,38.6188,0.519619,-42.2312,-107.871,-41.5683,-107.293,-41.9826,-109.044,-42.9889,-108.561,-42.4442,-106.848,1
32,1920,198,34.999,3.91028,-72.6302,-65.9342,-71.8921,-66.0972,-72.8629,-68.5019,-73.4702,-65.7299,-72.4053,-63.6907,1
33,1980,24,-31.4043,-9.35238,83.2665,-148.3,83.7927,-152.1,82.8611,-151.415,82.7749,-145.449,83.6927,-144.567,1
33,1980,29,0.960023,-20.0277,-80.5483,25.1524,-80.2183,22.9114,-80.8615,22.7073,-80.8637,27.3641,-80.2229,27.2535,2
33,1980,30,23.1869,-21.9285,-72.0819,-61.9867,-71.8266,-60.5054,-71.4519,-62.8198,-72.3034,-63.5774,-72.6274,-61.142,1
33,1980,31,33.9169,-14.1641,-69.7577,150.38,-70.2246,149.351,-70.1163,152.392,-69.2568,151.506,-69.4397,148.677,1
33,1980,32,-32.2841,24.9845,-30.6399,131.478,-31.0046,130.904,-31.2023,132.049,-30.2577,131.989,-29.9517,130.834,2
33,1980,34,39.2424,-3.66875,38.4847,136.148,38.0912,135.453,37.9885,136.969,38.9207,136.961,38.9081,135.432,1
33,1980,36,-31.9482,-16.4342,70.0214,-30.1085,70.3987,-28.1555,70.4789,-31.0983,69.6892,-31.7682,69.5399,-29.0319,1
33,1980,43,-21.6124,13.3997,-16.2002,135.529,-16.1992,134.952,-16.7762,135.563,-16.1825,136.085,-15.5665,135.506,2
33,1980,45,3.77391,19.8336,36.935,-172.009,36.9555,-172.663,36.4259,-172.096,36.9298,-171.314,37.4607,-171.89,1
33,1980,46,-34.5795,0.833021,55.092,-128.456,55.6028,-129.382,54.5254,-129.04,54.6346,-127.645,55.7282,-127.783,1
33,1980,51,32.8909,-7.08195,17.0431,-29.4148,17.6768,-29.2916,17.0399,-30.2323,16.348,-29.5643,17.048,-28.6931,1
33,1980,57,-28.0679,9.33356,11.7707,175.188,11.7748,174.536,11.1354,175.277,11.78,175.796,12.4801,175.098,1
33,1980,68,14.3554,17.7421,-51.6176,130.188,-51.4746,129.372,-52.0949,129.946,-51.7499,131.088,-51.1457,130.456,1
33,1980,71,20.1703,-15.3139,8.21878,-149.455,8.01581,-149.963,7.6124,-149.23,8.40745,-148.926,8.76502,-149.673,1
33,1980,87,-31.8488,14.6638,-40.3198,-167.961,-40.2625,-168.753,-40.9636,-167.898,-40.3466,-167.223,-39.5816,-168.013,1
33,1980,95,20.7412,15.9176,-5.37881,-121.132,-5.42117,-121.699,-5.90979,-121.076,-5.31597,-120.507,-4.85974,-121.167,1
33,1980,100,-0.517651,24.8011,-6.43186,79.6967,-6.01518,80.0205,-6.04408,79.3357,-6.89202,79.3725,-6.86409,80.0633,1
33,1980,108,26.6036,-9.57483,68.1512,66.0727,68.5903,66.9648,68.4848,64.5546,67.6868,65.1297,67.8451,67.4158,1
33,1980,109,-33.9565,-5.46324,32.4702,81.6314,32.9624,82.2902,32.8367,81.0372,32.035,81.0536,32.0698,82.2927,2
33,1980,119,-34.571,19.2282,55.8167,9.9999,56.3453,9.42065,55.3538,9.07286,55.3416,10.5672,56.3359,11.1396,2
33,1980,120,25.908,-1.50329,67.4163,-43.1007,67.2156,-44.5519,66.8278,-42.3707,67.614,-41.5026,67.9548,-43.8032,1
33,1980,123,-3.77935,-19.7435,4.69396,115.216,5.18129,115.541,5.08085,114.805,4.24637,114.893,4.3375,115.625,2
33,1980,126,-33.9392,-16.9412,-73.696,-100.187,-73.8467,-103.424,-74.3222,-99.4429,-73.5447,-97.4565,-73.0243,-101.044,1
33,1980,130,32.1482,-0.996456,-25.5079,-62.2689,-25.5101,-62.9842,-26.2187,-62.104,-25.5066,-61.4749,-24.8695,-62.4128,1
33,1980,131,-35.5606,17.7291,9.26628,-44.5655,9.31024,-45.3022,8.46686,-44.4465,9.2584,-43.8904,10.2131,-44.6864,1
33,1980,132,-34.4439,20.1373,37.4053,-19.3339,37.5356,-20.21,36.5944,-19.3558,37.3163,-18.5174,38.3641,-19.2775,1
33,1980,140,18.9233,-7.12514,-76.5486,161.531,-76.104,162.877,-76.1979,159.428,-76.9975,160,-76.8537,163.601,1
33,1980,141,21.0887,13.6926,-65.1183,-33.0294,-65.5072,-34.1373,-65.536,-32.0688,-64.6714,-31.8713,-64.6963,-33.8981,1
33,1980,146,-37.9503,11.8565,65.1867,152.125,65.6146,153.754,65.7136,150.619,64.7709,150.751,64.539,153.804,1
33,1980,154,23.1016,13.2813,-42.1141,-138.339,-41.5693,-138.598,-42.3342,-139.026,-42.7104,-138.031,-41.9147,-137.675,1
33,1980,159,-23.8337,-5.81922,41.3554,39.4589,41.5442,38.6928,40.8351,39.2912,41.1734,40.1575,41.9096,39.6288,1
33,1980,169,28.3469,5.67612,-1.88284,9.28835,-1.8816,8.68662,-2.49706,9.38241,-1.87982,9.95399,-1.31341,9.21044,1
33,1980,175,-34.6418,4.32686,-76.7731,-138.196,-76.1917,-136.348,-76.4859,-140.852,-77.288,-139.957,-77.0658,-135.051,2
33,1980,184,34.371,-0.915474,-39.8458,-118.368,-39.2849,-118.09,-39.7476,-119.244,-40.4711,-118.69,-39.9297,-117.586,1
33,1980,199,32.568,19.2573,-56.3761,39.8004,-56.6402,38.4137,-57.0063,40.4179,-56.0261,41.3838,-55.7694,39.3004,1
34,2040,0,-34.4193,4.94191,-35.1811,63.1713,-35.373,62.2519,-35.8232,63.5991,-34.9919,63.9882,-34.448,62.6953,2
34,2040,4,-17.9973,18.1221,68.3108,-137.574,68.8856,-137.341,68.4002,-139.246,67.7386,-137.73,68.1734,-135.759,2
34,2040,5,15.9341,20.468,34.5338,-113.656,35.1158,-113.383,34.7666,-114.297,33.8836,-113.926,34.2719,-113.03,2
34,2040,7,-23.3537,-6.15298,-30.7313,-88.7385,-30.1389,-88.3933,-30.5075,-89.3677,-31.2726,-89.0646,-30.9559,-88.064,1
34,2040,8,24.0631,24.1376,-68.1987,-66.7966,-67.4705,-66.7236,-68.1493,-68.4775,-69.0354,-66.8058,-68.27,-65.1404,1
34,2040,50,20.2704,0.258777,39.1815,-55.3331,39.7278,-55.4445,39.0452,-56.0679,38.6008,-55.2183,39.3039,-54.6377,1
34,2040,52,30.2304,-2.92607,-13.8569,-3.6907,-13.2467,-3.56081,-13.83,-4.42037,-14.5242,-3.84133,-13.8788,-3.03281,1
34,2040,64,23.2599,14.5729,23.4749,-13.452,24.0425,-13.4113,23.4753,-14.0404,22.8452,-13.4815,23.4541,-12.8863,1
34,2040,69,-33.7517,19.6852,-22.1421,166.07,-22.0718,165.382,-22.8693,166.109,-22.1723,166.713,-21.2879,166.048,1
34,2040,76,-38.9243,-8.47939,-11.2865,34.0968,-10.4653,34.5293,-11.142,33.3833,-11.9833,33.7214,-11.4278,34.9116,2
34,2040,83,23.6817,-13.2879,9.78267,35.5638,10.2618,35.7396,9.97718,34.9738,9.28838,35.3647,9.61643,36.1004,2
34,2040,93,-34.2138,12.6347,-41.5608,172.687,-41.1297,172.007,-42.1726,172.251,-41.9345,173.333,-40.8591,173.194,1
34,2040,98,38.0594,13.7835,40.9842,-7.23479,41.6681,-7.70587,40.4822,-7.94444,40.1804,-6.67492,41.4105,-6.56779,1
34,2040,103,-17.9077,17.9544,-62.0623,-109.259,-62.3515,-110.2,-62.5309,-108.594,-61.7524,-108.373,-61.5343,-109.936,1
34,2040,113,-18.9602,10.0732,-41.217,142.638,-40.7317,142.549,-41.3082,141.988,-41.6847,142.739,-41.123,143.338,1
34,2040,117,-35.2616,-3.23162,18.6073,-72.427,18.595,-73.1608,18.031,-72.2737,18.6155,-71.7791,19.2501,-72.6078,2
34,2040,128,9.78867,24.0519,3.22375,-63.6436,2.80364,-64.0675,2.77673,-63.3059,3.70272,-63.1981,3.70462,-63.969,2
34,2040,138,35.8108,-1.48814,-56.9156,-151.219,-56.29,-151.764,-57.4283,-152.353,-57.6224,-150.594,-56.4579,-150.244,1
34,2040,143,32.2243,22.1774,11.4715,-24.571,10.9136,-25.1631,11.0315,-24.0349,12.1467,-23.8889,11.916,-25.0501,1
34,2040,147,-21.5423,13.8581,25.488,151.373,25.8944,151.835,25.8992,150.874,25.0808,150.944,25.023,151.906,1
34,2040,155,36.9735,11.8758,-48.6266,-81.291,-48.2119,-82.2194,-49.3146,-81.6468,-49.092,-80.1778,-48.0154,-80.949,1
34,2040,174,-37.0011,-7.80209,-43.5756,-149.375,-42.9743,-148.549,-43.2225,-150.166,-44.0865,-150.106,-43.9502,-148.463,1
34,2040,178,24.5164,17.5096,10.3331,27.4833,9.87429,27.0479,9.96091,27.9322,10.86,27.96,10.7099,27.0657,1
34,2040,189,7.71034,-17.8746,39.8148,67.249,39.7017,66.6396,39.2994,67.3164,39.9054,67.8525,40.2966,67.1647,1
35,2100,15,-34.2697,-3.51178,-34.2849,54.6864,-34.0879,53.856,-34.8951,54.6439,-34.4552,55.4246,-33.6045,54.7228,1
35,2100,18,-31.9968,13.0119,42.4824,140.183,42.6991,139.39,41.8442,140.023,42.2959,140.919,43.2084,140.386,1
35,2100,38,-32.7414,14.0357,-11.9255,-44.6075,-11.5876,-44.075,-11.4477,-45.0659,-12.2542,-45.0879,-12.4825,-44.0894,2
35,2100,42,-37.2223,9.64339,-34.7482,110.586,-34.4912,109.729,-35.4914,110.521,-34.9548,111.363,-33.8837,110.671,1
35,2100,61,28.6594,14.6859,33.6406,-140.998,33.6417,-141.743,33.0603,-140.917,33.6484,-140.155,34.189,-141.05,1
35,2100,64,-23.7506,18.0429,22.8309,-7.35205,23.361,-7.221,22.9381,-7.9841,22.3125,-7.45326,22.6903,-6.649,2
35,2100,83,30.4131,-3.54436,5.33997,36.9146,5.85696,37.1306,5.48527,36.2881,4.77693,36.6721,5.2097,37.4792,2
35,2100,86,-28.2902,19.2732,-57.4519,156.995,-57.1545,156.1,-58.0169,156.458,-57.706,157.887,-56.8121,157.621,1
35,2100,88,8.49858,24.7416,-4.72924,-138.833,-4.93769,-139.32,-5.21157,-138.706,-4.4786,-138.313,-4.22031,-138.94,1
35,2100,92,-26.6059,-8.57534,-41.7465,125.887,-41.1701,125.509,-42.0312,125.262,-42.27,126.227,-41.4285,126.539,1
35,2100,128,26.9371,-3.16475,4.06037,-62.0186,3.72064,-62.5143,3.55869,-61.569,4.42168,-61.4784,4.51745,-62.4305,11
35,2100,152,-20.8459,0.896863,3.18272,168.401,3.73722,168.44,3.17751,167.874,2.66019,168.367,3.18852,168.962,1
35,2100,172,19.12,24.9221,21.1296,-157.104,21.6323,-156.688,21.5078,-157.546,20.5445,-157.548,20.7227,-156.686,1
35,2100,192,-34.3404,7.13978,53.0108,79.0939,52.8645,77.8399,52.3286,79.5903,53.1461,80.226,53.7899,78.5154,5
36,2160,16,-30.0602,10.8262,-6.49752,87.3421,-6.45405,86.7376,-7.10854,87.3965,-6.5216,87.9041,-5.80867,87.2909,1
36,2160,19,-30.2896,24.4127,51.6383,-159.58,52.1764,-160.012,51.2848,-160.585,51.1388,-159.12,52.0181,-158.361,1
36,2160,26,28.8122,-12.1624,5.57317,-68.9337,5.97491,-68.5844,5.95751,-69.4715,5.15542,-69.3194,5.23868,-68.4498,2
36,2160,27,-25.9763,-16.5782,-28.621,-57.5172,-28.051,-57.152,-28.3699,-58.0309,-29.1201,-57.8595,-28.8615,-56.9661,3
36,2160,58,27.1744,19.233,41.064,-141.111,41.2029,-142.012,40.4485,-141.224,40.9178,-140.081,41.6486,-140.961,1
36,2160,72,-18.3012,-5.5974,53.1734,-128.175,53.0598,-129.12,52.659,-127.977,53.2686,-127.285,53.7075,-128.4,1
36,2160,105,32.8067,17.1593,17.1442,-97.2313,16.6664,-97.7786,16.7429,-96.7025,17.7099,-96.6058,17.537,-97.7056,1
36,2160,108,-13.8134,24.1008,54.2163,77.0168,54.6079,77.62,54.6424,76.3556,53.7939,76.4497,53.7242,77.7007,3
36,2160,112,-20.5359,6.58209,-21.9375,116.931,-21.4393,116.994,-21.9156,116.398,-22.4138,116.879,-21.9642,117.505,1
36,2160,116,-23.4588,21.2092,-2.85326,-88.0744,-2.87927,-88.5918,-3.43205,-88.0437,-2.80094,-87.5698,-2.19908,-88.0883,1
36,2160,119,-35.9157,-8.76505,54.7576,24.2337,55.4148,23.62,54.3732,23.4577,54.1808,24.742,55.1914,25.0956,1
36,2160,137,-38.452,11.7075,-38.2756,176.286,-37.4764,176.361,-38.4471,175.27,-38.9868,176.249,-38.0729,177.481,1
36,2160,139,-36.2159,12.836,-36.9398,-88.1083,-36.6896,-88.9908,-37.7141,-88.1952,-37.1366,-87.2979,-36.0363,-87.993,1
36,2160,142,-26.151,16.0149,-17.3492,-33.4573,-17.6871,-33.9996,-17.8716,-33.027,-17.0055,-32.9561,-16.7494,-33.9247,1
36,2160,191,28.6072,19.1287,21.8737,71.4752,21.5324,70.7631,21.3108,71.8561,22.2819,72.2865,22.4251,71.1402,1
36,2160,192,-31.283,-19.3585,53.3917,79.902,53.0249,78.4983,52.8002,80.3717,53.6751,81.1391,54.0018,79.3309,1
37,2220,37,32.3416,14.0243,16.7172,-49.9546,17.1569,-49.4541,17.09,-50.4671,16.2018,-50.5156,16.3547,-49.4962,1
37,2220,39,-20.2476,-0.752354,-53.9349,-48.5239,-53.587,-47.846,-53.5803,-49.1141,-54.2591,-49.1717,-54.3059,-47.8852,1
37,2220,44,5.74269,19.1179,22.2077,169.687,22.1489,169.124,21.696,169.702,22.2876,170.285,22.7356,169.694,1
37,2220,54,-32.4582,12.3543,-47.2264,93.4769,-46.7555,92.7382,-47.831,92.9142,-47.6393,94.1887,-46.5375,94.1212,1
37,2220,55,31.1672,23.3007,-34.2857,141.393,-34.3383,140.437,-34.9442,141.516,-34.1866,142.514,-33.6541,141.329,2
37,2220,60,-24.619,7.04407,14.2662,-166.201,14.2215,-166.774,13.7266,-166.095,14.3163,-165.663,14.8572,-166.312,1
37,2220,104,-29.8782,-7.21523,-17.2445,-105.427,-17.6761,-105.982,-17.6338,-104.983,-16.8607,-104.929,-16.8301,-105.915,1
37,2220,108,-19.1313,-11.3569,53.7544,77.6295,54.1941,78.2881,54.0883,76.9705,53.3523,77.022,53.4167,78.314,9
37,2220,119,-39.0734,-11.2726,54.1914,29.9564,54.9647,29.3711,53.8006,29.1141,53.5292,30.4236,54.6427,30.901,1
37,2220,151,24.9884,-5.90827,20.6781,143.663,21.2204,143.665,20.6212,143.006,20.0998,143.651,20.7321,144.264,1
37,2220,160,23.9932,4.71192,33.101,47.5379,33.2273,46.8843,32.5252,47.4546,32.9634,48.2464,33.6407,47.6254,12
37,2220,175,-7.30964,22.4188,-85.9252,12.3452,-86.2033,5.82769,-86.3994,16.482,-85.5694,17.9408,-85.3843,9.11842,2
37,2220,179,16.2634,24.4063,58.243,27.4798,57.7851,26.7233,57.8377,28.176,58.7665,28.3102,58.6721,26.8019,1
37,2220,185,-35.0668,17.1591,-60.8143,-34.9171,-60.3558,-35.8263,-61.3941,-35.7392,-61.2096,-34.02,-60.1392,-33.9626,1
37,2220,186,-31.2124,11.8887,-40.9158,13.5969,-40.9015,12.8093,-41.522,13.7193,-40.9073,14.3261,-40.2269,13.475,1
37,2220,189,-27.7234,20.6617,53.4953,76.2792,53.5243,75.3455,52.8659,76.2785,53.4892,77.1768,54.2157,76.3159,5
38,2280,5,-26.5863,-1.42335,23.6909,-105.668,24.259,-105.262,23.9557,-106.276,23.1684,-106.037,23.4054,-105.01,3
38,2280,14,26.0668,11.7993,-49.6781,29.1331,-49.4067,28.3468,-50.1996,28.8114,-49.9636,30.0245,-49.1899,29.453,1
38,2280,64,30.1445,16.834,10.8071,-5.08817,11.454,-5.00476,10.8064,-5.69723,10.0649,-5.16589,10.7819,-4.51616,3
38,2280,94,32.5863,17.0543,-18.4412,-133.229,-18.4595,-133.967,-19.0683,-133.103,-18.3986,-132.376,-17.8538,-133.318,1
38,2280,101,20.0494,19.9612,-60.9834,79.1523,-60.5229,79.901,-60.6377,78.3086,-61.5038,78.3262,-61.3391,79.9696,1
38,2280,110,26.1991,0.720966,25.8517,71.0048,26.3677,71.0498,25.823,70.387,25.2922,70.9553,25.8735,71.5765,2
38,2280,116,32.7833,24.1456,0.614876,-79.6756,0.459204,-80.3771,0.0461788,-79.4931,0.824227,-78.8511,1.16396,-79.811,1
38,2280,160,25.9454,-23.3586,33.4015,48.3407,33.538,47.6719,32.6584,48.0358,33.2229,49.0117,34.0539,48.5842,3
38,2280,167,36.46,12.9778,-38.8408,-32.3857,-38.6853,-33.3295,-39.5644,-32.3429,-39.0002,-31.2745,-38.1876,-32.3934,1
38,2280,179,28.0434,-8.34021,58.7034,29.6193,58.3715,28.7195,58.1875,30.4747,59.0416,30.6193,59.1581,28.8184,1
38,2280,182,-35.4201,20.9132,8.28149,-138.084,8.8238,-137.735,8.5656,-138.779,7.76198,-138.375,7.92213,-137.27,1
38,2280,189,-10.6419,-21.4514,52.4105,77.9471,52.3214,77.049,51.9154,77.9293,52.4677,78.7808,52.8941,77.9279,2
39,2340,74,31.7468,21.3016,31.9257,5.88827,32.6636,6.11419,32.0158,5.1196,31.0551,5.65599,31.8,6.60401,3
39,2340,85,38.5817,9.11787,-64.7006,110.48,-64.033,109.878,-65.1492,109.12,-65.475,111.239,-64.3065,111.672,1
39,2340,115,-34.622,-4.46939,-22.8093,-107.493,-22.7731,-108.241,-23.385,-107.386,-22.84,-106.831,-22.17,-107.62,1
39,2340,164,24.6701,15.0316,-18.6943,-159.549,-18.0858,-159.558,-18.7439,-160.152,-19.3729,-159.523,-18.6654,-158.97,1
39,2340,166,31.9714,22.1011,-50.3172,-74.1013,-49.8934,-75.077,-50.8881,-74.5769,-50.7831,-72.9118,-49.7948,-73.6112,1
39,2340,179,16.208,-17.0211,61.7861,27.3182,61.4303,26.4981,61.2964,28.0928,62.1237,28.1922,62.2212,26.5599,1
40,2400,42,-22.5875,1.97283,-24.0763,126.051,-24.0551,125.42,-24.6224,126.088,-24.09,126.643,-23.4895,126.012,2
40,2400,64,-37.3122,15.8594,8.37728,4.28816,9.02152,4.57339,8.50139,3.5319,7.78453,4.05781,8.2126,5.1785,2
40,2400,82,30.8159,21.5871,17.9537,28.416,18.6263,28.5535,18.0119,27.796,17.1667,28.2809,17.8639,28.9995,2
40,2400,110,31.3633,4.95558,19.582,75.9524,20.1513,76.03,19.5438,75.3152,18.946,75.8695,19.607,76.5349,2
40,2400,179,37.3556,-3.29565,66.484,33.9,66.1666,32.3697,65.8672,35.2515,66.8158,35.6939,67.0113,32.6698,1
40,2400,180,39.095,-11.3812,57.6391,159.6,58.2751,159.426,57.297,158.127,56.9186,159.747,57.9236,160.865,2
40,2400,189,-33.6878,-8.61578,59.9977,85.8041,60.0776,84.3837,59.4215,85.8718,59.9089,87.0448,60.6304,85.6965,1
41,2460,41,-39.3044,-1.44943,-42.171,92.968,-41.7702,91.9502,-42.8877,92.7993,-42.5065,93.8596,-41.344,93.146,1
41,2460,133,-33.6368,17.4315,52.258,76.463,52.9505,76.3392,52.0364,75.2632,51.622,76.6239,52.4824,77.8871,5
42,2520,0,-14.2612,21.4291,-5.95871,74.0418,-6.23773,73.5374,-6.52069,74.3029,-5.65112,74.5374,-5.3303,73.7772,1
42,2520,1,34.904,0.207187,25.0784,88.837,24.8367,88.0917,24.404,89.3268,25.3419,89.6839,25.6776,88.403,1
42,2520,2,29.7721,10.1015,58.7115,110.848,58.6215,109.53,58.055,111.21,58.8066,112.337,59.3235,110.533,1
42,2520,3,30.9451,21.1215,68.1541,-159.825,68.9151,-160.456,67.8819,-161.515,67.2691,-159.074,68.3589,-158.155,1
42,2520,8,20.438,23.189,-72.4554,29.5388,-72.4575,27.2806,-73.0579,29.4777,-72.3953,32.0773,-71.8565,29.7073,1
42,2520,10,-6.06811,-19.5822,20.5498,-102.766,21.085,-102.807,20.595,-103.303,20.047,-102.747,20.5239,-102.244,1
42,2520,12,15.5528,-22.0008,-33.4174,-53.2146,-32.9056,-53.2862,-33.3886,-53.9481,-33.9266,-53.1737,-33.4199,-52.5497,1
42,2520,15,-33.2351,4.92257,-16.4402,76.0474,-16.3601,75.3653,-17.0622,76.1102,-16.5018,76.6658,-15.739,75.9799,1
42,2520,16,-22.9095,-9.82883,8.78348,99.9697,8.73121,99.3693,8.27492,100.039,8.82245,100.52,9.3152,99.8841,1
42,2520,17,-33.3437,16.7293,37.2362,128.845,37.4123,128.077,36.5465,128.749,37.0945,129.561,38.0344,128.98,1
42,2520,20,5.37297,20.7059,-16.2176,110.758,-16.5256,110.361,-16.6163,111.03,-15.8728,111.167,-15.7929,110.495,1
42,2520,21,-3.34269,18.3016,19.1681,116.157,18.8867,115.758,18.765,116.425,19.4726,116.559,19.6017,115.887,1
42,2520,22,32.1756,-10.6135,50.9479,129.902,50.7663,129.064,50.3234,130.4,51.1223,130.828,51.4924,129.44,1
42,2520,24,-24.025,11.677,52.5453,-76.0657,52.9642,-75.5367,52.8317,-76.8248,52.1355,-76.542,52.2154,-75.25,1
42,2520,25,1.62884,-24.5079,19.9067,-70.5268,20.3694,-70.2662,20.2656,-70.9474,19.4818,-70.7927,19.5879,-70.1198,1
42,2520,28,38.4938,-12.2537,-84.0429,9.23506,-83.4463,7.34622,-84.4676,1.83748,-84.7116,11.6096,-83.6071,14.6232,2
42,2520,33,-28.8648,14.8229,38.1396,125.597,37.747,125.063,37.7433,126.19,38.5218,126.087,38.5954,124.931,1
42,2520,34,12.9887,-22.2425,70.9369,126.384,70.5276,125.478,70.5053,127.586,71.3188,127.37,71.3093,125.199,1
42,2520,35,32.6135,-3.14136,71.3605,-50.1547,71.7214,-48.7034,71.7862,-51.8056,70.9545,-51.7111,70.969,-48.74,3
42,2520,39,15.7245,24.2445,-74.6217,-64.1681,-74.2871,-62.4808,-74.1774,-65.0943,-74.9986,-66.0774,-75.0836,-63.2698,1
42,2520,41,-37.9883,4.49066,-40.2765,98.055,-39.9313,97.1284,-40.9971,97.9068,-40.564,98.8845,-39.4436,98.2233,1
42,2520,46,-24.0685,-11.5446,46.4491,-79.5289,47.0762,-79.7709,46.2851,-80.282,45.8779,-79.3283,46.6315,-78.7403,1
42,2520,49,36.2891,5.76559,-37.862,-0.686584,-37.1571,-0.636636,-38.0125,-1.61242,-38.6713,-0.741155,-37.7337,0.138156,1
42,2520,52,-15.5049,-21.3442,-31.5943,18.7431,-30.939,18.6104,-31.6046,18.0855,-32.1912,18.8405,-31.5534,19.3937,1
42,2520,56,-39.7295,-6.49344,9.66082,169.096,9.64901,168.131,8.94703,169.331,9.66628,169.918,10.4725,168.808,1
42,2520,58,24.746,-6.28369,48.3933,-116.544,48.7458,-117.226,47.8447,-117.076,48.0056,-115.838,48.8955,-116.054,1
42,2520,62,24.6316,-14.8223,50.3514,-61.2982,50.8379,-61.614,50.0925,-62.2265,49.8354,-61.0043,50.5892,-60.4644,1
42,2520,70,-21.3828,-8.81109,8.19805,-155.903,7.94061,-156.471,7.71545,-155.655,8.42749,-155.377,8.6972,-156.174,1
42,2520,73,-30.316,-20.2188,60.0787,-10.2704,60.9235,-10.2172,60.0804,-11.4871,59.3509,-10.3525,60.1001,-8.98577,1
42,2520,75,30.7178,12.7616,-10.6343,23.8783,-10.0198,24.1683,-10.458,23.2411,-11.3377,23.5593,-10.8163,24.4647,2
42,2520,77,38.4299,8.92327,-71.4866,86.86,-70.7348,86.2132,-71.9085,84.7049,-72.3621,87.7071,-71.1097,88.7189,3
42,2520,78,-29.3718,21.7881,-52.7585,166.81,-52.7081,165.771,-53.4887,166.807,-52.7622,167.807,-51.9113,166.854,1
42,2520,79,29.0949,-10.771,-27.3532,-164.801,-27.5246,-165.437,-28.02,-164.477,-27.183,-164.113,-26.7625,-165.095,1
42,2520,81,-34.0972,-14.6552,47.9301,12.0808,48.7106,12.191,47.8992,11.2095,47.2568,11.9698,47.9813,13.0291,1
42,2520,87,-38.3632,-10.9579,-13.8253,-150.748,-14.0069,-151.603,-14.3988,-150.454,-13.676,-150.018,-13.1905,-151.098,1
42,2520,89,25.8329,18.8514,46.5506,-100.772,46.5233,-101.649,46.0057,-100.698,46.5922,-99.7794,47.0772,-100.807,2
42,2520,95,29.5671,12.6946,18.2278,-98.8511,18.2545,-99.5145,17.6245,-98.7869,18.2072,-98.1016,18.7926,-98.8921,2
42,2520,96,18.3926,-17.2632,38.5733,-68.7372,38.7379,-69.3632,38.0083,-69.0381,38.3832,-68.1145,39.0927,-68.4776,1
42,2520,98,31.424,4.32267,28.6037,23.1249,29.2156,23.0691,28.4278,22.4148,27.9206,23.189,28.753,23.776,2
42,2520,99,34.7156,11.0592,3.44469,51.2071,4.13334,51.2557,3.33889,50.5347,2.65104,51.1615,3.52181,51.8203,1
42,2520,102,-34.2901,11.0798,-67.812,-118.496,-68.0259,-120.205,-68.3943,-117.511,-67.5849,-116.987,-67.1305,-119.547,1
42,2520,106,-5.70843,19.6069,75.7809,-94.4747,75.4677,-96.0582,75.3442,-93.3727,76.1095,-92.8201,76.2511,-95.655,1
42,2520,107,39.6506,1.7209,68.5304,58.7856,69.1238,59.9687,68.7553,56.602,67.8342,57.4811,68.3053,60.6362,2
42,2520,114,-37.459,-16.6402,-39.4049,-131.59,-39.2346,-132.681,-40.0092,-131.604,-39.5549,-130.668,-38.7372,-131.615,1
42,2520,118,-38.6769,0.0086568,56.2982,1.18575,56.8732,0.315966,55.7529,0.544261,55.7947,1.92899,56.9222,1.93675,1
42,2520,120,-28.7868,1.9521,76.574,100.595,77.1089,102.409,76.8531,98.143,76.0706,99.073,76.2411,103.177,1
42,2520,121,30.0184,15.1866,38.6883,104.331,39.2723,104.846,38.9788,103.569,38.0098,103.771,38.3899,105.024,3
42,2520,122,-30.5515,8.16379,4.49806,115.789,4.96173,116.289,4.90098,115.248,4.06101,115.34,4.03898,116.392,1
42,2520,124,-31.5694,23.1536,-67.6415,137.009,-67.0517,137.886,-67.2875,135.114,-68.2174,136.236,-68.0555,139.285,1
42,2520,125,-19.4168,12.8983,-73.8272,-95.3005,-73.9418,-97.3142,-74.3971,-94.7359,-73.6817,-93.3889,-73.2009,-95.8295,1
42,2520,127,-30.693,-2.53114,-4.99575,-70.5989,-5.40362,-71.1991,-5.4506,-70.1512,-4.628,-70.0595,-4.50017,-71.0956,2
42,2520,132,29.7825,2.81978,49.0152,20.6192,49.3515,19.8037,48.3929,20.2293,48.6367,21.5095,49.5802,20.9933,1
42,2520,133,-36.9004,-1.4708,51.8839,78.8344,52.7017,78.6471,51.5968,77.7835,51.1685,78.9976,52.2059,80.0395,2
42,2520,134,-37.2068,2.01656,27.4155,114.787,28.1996,115.028,27.3997,113.965,26.7235,114.588,27.4304,115.73,1
42,2520,135,26.3649,-6.25984,-4.57103,131.25,-4.00626,131.386,-4.48492,130.585,-5.17374,131.094,-4.6442,131.856,1
42,2520,138,21.8573,-6.32411,-50.4552,-103.239,-50.2648,-104.052,-51.05,-103.515,-50.6583,-102.381,-49.9036,-102.998,1
42,2520,144,36.6986,-7.07973,72.3151,-3.31585,72.2056,-5.59492,71.4986,-2.28257,72.3892,-0.721343,73.0153,-4.30018,1
42,2520,145,-34.2024,20.6436,66.4286,148.458,66.8371,149.936,67.0081,146.972,66.0063,147.19,65.7081,150.087,1
42,2520,147,38.3479,12.799,-5.02374,145.19,-4.4216,145.771,-4.65107,144.47,-5.74479,144.512,-5.37843,145.819,1
42,2520,148,21.3058,-18.816,-37.2867,149.762,-36.8645,150.244,-36.7727,149.15,-37.6969,149.24,-37.7317,150.334,1
42,2520,149,27.9711,-11.0778,-73.9642,153.785,-73.5328,155.273,-73.4888,151.792,-74.3995,152.062,-74.3645,155.686,1
42,2520,150,38.1589,-9.22428,30.0568,125.832,30.7303,125.816,29.8157,124.864,29.2973,125.827,30.2636,126.663,1
42,2520,153,35.1181,11.9202,-42.458,-143.846,-41.7699,-144.084,-42.7761,-144.681,-43.2503,-143.549,-42.1825,-143.083,1
42,2520,155,-37.3833,8.2755,-29.0735,-52.2277,-28.7887,-53.0153,-29.7956,-52.3194,-29.3078,-51.5166,-28.2359,-52.1158,1
42,2520,157,29.9434,-6.07006,14.4874,5.54231,14.5611,4.94802,13.807,5.55616,14.3948,6.18654,15.0979,5.52566,1
42,2520,158,21.1891,-10.3164,36.6285,36.8949,36.8032,36.2818,36.0571,36.6634,36.4307,37.5247,37.1555,37.1001,2
42,2520,164,16.6028,-20.2199,-23.6777,-153.645,-23.1446,-153.671,-23.6253,-154.336,-24.211,-153.646,-23.7037,-153.016,1
42,2520,166,-35.2715,-13.3605,-42.3114,-66.1035,-41.858,-67.0768,-42.9029,-66.427,-42.7045,-65.2634,-41.6503,-65.7869,2
42,2520,168,-29.2359,14.5962,1.00158,2.2076,1.05999,1.59426,0.347682,2.23095,0.968447,2.78501,1.74359,2.19599,1
42,2520,169,-30.1309,10.2731,26.7482,27.6628,26.8548,26.9645,26.1079,27.6572,26.6621,28.3114,27.4692,27.68,2
42,2520,176,34.6622,18.9396,-31.0726,27.1174,-31.6536,26.5112,-31.4281,27.8098,-30.3704,27.8035,-30.7127,26.5048,3
42,2520,177,-38.4089,-3.58721,2.33087,19.041,1.80621,18.368,1.91894,19.6177,2.7847,19.6228,2.79095,18.3758,2
42,2520,186,32.9374,21.39,-26.8703,31.1237,-27.1265,30.3854,-27.4042,31.4528,-26.5437,31.9764,-26.3533,30.8517,1
42,2520,187,-35.6311,-14.1721,5.01338,39.7367,4.74128,38.979,4.49624,40.03,5.23522,40.3919,5.56899,39.392,3
42,2520,193,-35.9211,0.89687,60.6381,-145.932,61.4033,-145.256,60.7311,-147.435,59.9575,-146.491,60.5164,-144.234,1
43,2580,4,28.7872,-19.7213,40.2812,-120.701,40.8428,-120.322,40.6637,-121.715,39.7067,-121.133,39.9599,-119.819,2
43,2580,11,-29.088,19.5809,-10.6894,-72.2583,-10.1148,-72.145,-10.6204,-72.9235,-11.2408,-72.3376,-10.7872,-71.4963,2
43,2580,23,26.0599,11.3308,77.3103,-135.192,77.8206,-136.229,77.0352,-137.303,76.7439,-134.094,77.5415,-133.087,1
43,2580,26,-34.2699,-0.588616,-20.7167,-60.0583,-20.1984,-59.5959,-20.4435,-60.6271,-21.1791,-60.4709,-21.0164,-59.4169,2
43,2580,30,-9.82138,-23.0153,-69.1739,135.862,-69.6576,134.995,-69.5236,136.917,-68.7376,136.672,-68.8468,134.824,2
43,2580,31,36.5031,15.5444,-29.2785,136.475,-29.83,135.931,-29.5851,137.167,-28.6178,137.092,-28.9741,135.865,1
43,2580,37,-33.597,-3.45989,-4.5637,-46.2117,-4.14231,-45.6619,-4.17704,-46.6645,-4.93729,-46.7013,-4.98657,-45.7032,1
43,2580,45,-32.8483,5.05833,55.0979,-127.208,55.6064,-128.019,54.5685,-127.869,54.6394,-126.48,55.6882,-126.439,1
43,2580,80,-29.4009,10.9345,64.3288,-34.5498,64.859,-35.1198,63.9988,-35.6879,63.8394,-34.007,64.6801,-33.2272,1
43,2580,101,10.1132,-17.1708,-76.3362,84.006,-75.9198,85.2161,-75.9571,82.3015,-76.7303,82.6743,-76.6668,85.7244,1
43,2580,105,-18.988,-24.9963,39.5751,-103.175,39.0271,-103.73,39.1595,-102.712,40.0432,-102.653,39.9627,-103.672,1
43,2580,126,-5.81369,-17.8581,-38.7165,-72.6276,-39.1027,-73.188,-39.1741,-72.2328,-38.3639,-72.0901,-38.2811,-73.0277,1
43,2580,139,7.83372,16.9024,-21.3861,-64.7552,-21.4681,-65.3296,-21.9098,-64.6987,-21.2794,-64.1477,-20.8512,-64.792,1
43,2580,152,33.7313,-8.33315,-21.3642,-176.526,-20.7533,-176.445,-21.411,-177.342,-22.0351,-176.633,-21.3138,-175.811,1
43,2580,159,-35.2192,0.510141,49.0741,91.5209,49.7275,91.0043,48.6411,90.7727,48.4944,91.9743,49.5598,92.3774,1
43,2580,172,-36.7819,0.368619,-6.51266,-153.285,-6.03269,-152.658,-6.09484,-153.844,-6.93823,-153.835,-6.98384,-152.646,1
43,2580,174,-32.7166,-3.66618,-77.625,-140.805,-77.012,-139.012,-77.3743,-143.459,-78.1597,-142.558,-77.8628,-137.735,1
43,2580,182,-29.292,21.9114,-9.13498,-131.845,-8.62582,-131.584,-8.87626,-132.458,-9.63573,-132.065,-9.45385,-131.143,1
43,2580,188,-23.4358,-9.59183,40.3125,61.319,40.1755,60.5788,39.8324,61.5034,40.4261,62.0001,40.8134,61.1069,2
43,2580,190,-39.1088,-1.85675,12.6396,58.1228,12.3284,57.2175,12.0095,58.6108,12.909,58.9031,13.358,57.5486,1
43,2580,191,-10.4456,-21.1758,43.5614,75.1727,43.2559,74.3783,43.0062,75.4128,43.8177,75.9237,44.0945,74.8992,2
43,2580,197,-27.7668,21.2173,-68.9565,-40.9601,-68.3765,-41.8107,-69.3423,-42.7748,-69.491,-40.0109,-68.51,-38.9094,1
43,2580,198,-37.1372,-12.0436,-54.2019,23.4976,-54.2592,21.8275,-54.8976,23.8627,-54.1453,24.9168,-53.4318,23.0583,1
43,2580,199,-34.0179,0.125432,-21.4188,47.3408,-21.6538,46.5242,-22.0287,47.7295,-21.2019,48.0641,-20.7349,46.9034,1
44,2640,7,32.0945,15.014,-69.1002,-70.8856,-68.3531,-70.5453,-69.092,-72.8687,-69.9632,-71.2598,-69.1143,-69.0485,1
44,2640,32,-24.4932,-10.8794,7.45277,128.074,6.99407,127.671,7.13555,128.482,7.86277,128.448,7.77497,127.635,1
44,2640,50,-35.3189,6.87101,16.4764,-21.8768,17.2016,-21.6609,16.4946,-22.6338,15.8223,-22.0547,16.4473,-21.0095,1
44,2640,51,34.6797,7.17066,-16.2772,-4.97201,-15.5709,-4.84128,-16.3223,-5.74235,-17.0853,-5.11712,-16.2484,-4.27811,1
44,2640,54,-33.9784,21.0524,-35.5434,125.03,-35.2934,124.222,-36.3427,124.821,-35.7333,125.801,-34.6014,125.301,1
44,2640,61,-21.967,22.283,55.686,-103.498,55.9829,-104.296,55.1905,-104.11,55.4122,-102.692,56.2276,-102.755,2
44,2640,63,-32.178,-5.65962,26.6888,-11.6069,27.3699,-11.4647,26.6898,-12.2621,26.083,-11.7357,26.6949,-10.8871,1
44,2640,68,-27.5403,15.4539,-21.6182,165.071,-21.6027,164.455,-22.2294,165.123,-21.6096,165.656,-20.9278,165.03,1
44,2640,71,32.2491,21.1167,47.8521,-126.551,47.6907,-127.669,47.2218,-126.238,48.0512,-125.237,48.4546,-126.798,1
44,2640,93,-37.9546,13.1002,-22.5987,-150.502,-22.3655,-151.256,-23.3601,-150.541,-22.7809,-149.817,-21.7023,-150.443,1
44,2640,94,32.3211,-20.8672,-4.87274,-121.657,-4.82432,-122.252,-5.72586,-121.693,-4.96025,-121.027,-4.14342,-121.645,1
44,2640,97,37.5154,1.60935,40.9556,-9.14336,41.5942,-9.48127,40.4819,-9.94206,40.222,-8.76798,41.3618,-8.42669,1
44,2640,104,-33.42,18.2712,11.8422,-106.206,11.4945,-106.771,11.2964,-105.714,12.1891,-105.698,12.491,-106.768,1
44,2640,107,-35.9916,5.93682,61.6369,79.3176,62.0356,80.5946,62.0843,78.2128,61.2613,78.2194,61.1111,80.5395,5
44,2640,111,37.274,-4.47852,-20.3081,106.151,-19.712,106.324,-20.3009,105.358,-20.9778,105.943,-20.3101,106.842,1
44,2640,112,-36.3481,18.6232,-41.3482,145.045,-40.7017,145.023,-41.5129,144.104,-41.9378,145.108,-41.1622,146.158,1
44,2640,117,21.9626,8.06105,42.0508,-37.485,42.1666,-38.1509,41.548,-37.5877,41.9273,-36.7631,42.5284,-37.373,1
44,2640,122,-24.8493,-22.6237,0.295514,115.044,0.977255,115.473,0.65901,114.567,-0.287814,114.65,-0.0466849,115.553,2
44,2640,130,38.8091,-11.8612,5.91343,-39.7318,5.95905,-40.4518,4.95557,-39.5492,5.83278,-38.9219,6.72093,-39.8959,1
44,2640,146,-17.8017,-9.73866,26.3271,148.364,26.795,148.802,26.6715,147.894,25.8969,147.953,25.9802,148.855,1
44,2640,163,-24.0948,-1.47215,-1.9544,-170.593,-1.35854,-170.54,-1.96206,-171.143,-2.50668,-170.643,-1.94232,-170.004,1
44,2640,167,14.4011,16.3935,-22.3443,-15.4725,-22.3583,-16.061,-22.8642,-15.4682,-22.3104,-14.8361,-21.8263,-15.4562,1
44,2640,173,-28.576,-1.29469,-46.054,-153.23,-45.5976,-152.558,-45.695,-153.901,-46.4671,-153.85,-46.4377,-152.483,1
44,2640,178,35.149,20.682,48.4953,28.2983,47.942,27.4185,48.0727,29.1321,49.1614,29.3442,48.9106,27.5517,2
44,2640,191,-28.4992,17.5785,51.5206,77.1077,51.3798,76.0667,50.8248,77.4581,51.6743,78.09,52.3206,76.7253,2
45,2700,9,-23.4311,-5.07434,-31.9633,63.6726,-32.2294,62.9616,-32.4771,64.0086,-31.7181,64.3256,-31.4204,63.3107,1
45,2700,19,-34.8383,9.45005,37.66,-119.695,38.3293,-119.63,37.5535,-120.528,37.0534,-119.734,37.7669,-118.736,1
45,2700,44,-23.9499,5.25378,43.7716,-168.743,43.9103,-169.524,43.2126,-168.85,43.6438,-168.009,44.3786,-168.619,1
45,2700,47,-28.9391,16.3164,11.7657,-37.3794,12.3592,-37.2205,11.8582,-38.0513,11.1998,-37.5044,11.6417,-36.6179,1
45,2700,57,-38.0229,6.68512,44.8787,-152.504,45.1535,-153.588,44.1054,-152.563,44.6423,-151.549,45.778,-152.428,1
45,2700,63,31.8465,11.6864,18.6181,-13.2682,19.2534,-13.1761,18.5893,-13.9262,17.8941,-13.3606,18.6249,-12.6606,2
45,2700,82,-23.4661,16.1268,4.21502,40.4422,4.7046,40.6459,4.4041,39.9066,3.73509,40.2645,3.98971,41.0326,2
45,2700,85,-25.3805,2.53286,-57.6287,155.287,-57.3685,154.361,-58.1268,154.938,-57.8608,156.164,-57.0871,155.656,1
45,2700,88,38.3135,-8.88921,24.2035,-121.206,24.1824,-121.91,23.4087,-120.95,24.2047,-120.41,24.8828,-121.434,1
45,2700,91,36.155,10.742,-48.647,126.012,-48.0053,125.549,-49.0995,125.189,-49.3842,126.578,-48.2494,126.759,1
45,2700,92,-28.8031,10.8282,-40.5364,176.913,-40.2183,176.245,-41.0976,176.59,-40.8164,177.554,-39.9104,177.282,1
45,2700,103,-34.0334,6.93112,-21.5161,-108.288,-21.8752,-108.914,-21.9854,-107.785,-21.179,-107.731,-20.9772,-108.852,1
45,2700,107,-31.893,-17.0151,60.2927,77.9641,60.8773,79.0797,60.6527,77.0132,59.7895,77.0071,59.9222,78.9958,4
45,2700,137,29.649,-1.44235,-56.7962,-144.158,-56.2974,-144.817,-57.2871,-145.047,-57.3422,-143.423,-56.3468,-143.371,1
45,2700,162,-38.0037,-7.11899,23.2457,167.449,24.1046,167.533,23.1236,166.716,22.5072,167.374,23.3966,168.277,1
45,2700,191,-37.9937,-4.86866,53.1274,75.632,52.8876,74.1414,52.4729,76.2626,53.3184,76.9301,53.8601,74.8683,1
45,2700,195,-24.5547,-4.96596,-17.2457,-113.159,-16.6449,-112.838,-17.024,-113.741,-17.7948,-113.459,-17.4722,-112.533,1
45,2700,196,-25.552,20.3541,-52.2274,-92.0323,-51.6182,-91.7351,-52.0405,-93.1572,-52.8251,-92.2756,-52.4503,-90.749,1
46,2760,33,-22.3913,24.1208,54.1478,122.91,53.7428,122.318,53.7234,123.661,54.5674,123.467,54.6423,122.068,1
46,2760,55,-18.784,10.6785,-6.98996,158.246,-7.01602,157.682,-7.55771,158.3,-6.95054,158.791,-6.37467,158.197,1
46,2760,72,-36.3659,2.4464,71.8932,-47.6816,72.6346,-48.4587,71.5027,-49.5571,71.2372,-47.0202,72.3171,-45.4491,1
46,2760,107,-32.0924,-8.9572,55.6515,77.7373,56.1483,78.6939,56.0118,76.8955,55.2115,76.9039,55.2641,78.6557,1
46,2760,131,33.3118,16.8352,40.0643,-4.63611,40.1857,-5.61444,39.3721,-4.62762,39.931,-3.49784,40.7037,-4.60488,1
46,2760,136,21.4868,14.7844,-44.2306,170.494,-43.6337,170.368,-44.34,169.709,-44.8864,170.657,-44.1389,171.257,1
46,2760,151,-18.4582,13.6253,-1.84028,170.108,-1.31474,170.149,-1.81292,169.561,-2.35444,170.084,-1.88291,170.703,1
46,2760,154,36.3786,5.4226,-45.8421,-72.3358,-45.513,-73.2097,-46.5593,-72.5729,-46.209,-71.3191,-45.2059,-72.114,1
46,2760,156,-34.449,-7.48997,3.83636,-14.9661,3.86109,-15.7364,3.22018,-14.8597,3.80909,-14.2912,4.51618,-15.099,1
46,2760,185,-38.3868,9.93712,-41.8112,8.85368,-41.7238,7.90364,-42.5094,9.01791,-41.8644,9.70197,-40.9931,8.67686,1
47,2820,17,29.3933,22.6946,42.412,153.396,42.6177,152.505,41.8403,153.2,42.1878,154.434,42.9501,153.633,1
47,2820,18,32.267,1.63648,45.2308,-159.235,45.766,-159.628,44.8187,-159.958,44.6323,-158.808,45.5952,-158.569,1
47,2820,25,-32.4352,-2.66358,-0.147339,-65.1364,0.352859,-64.7125,0.131907,-65.6365,-0.595071,-65.516,-0.450475,-64.5804,2
47,2820,29,-28.2078,-4.03699,-34.3715,102.178,-34.6609,101.533,-34.7986,102.564,-34.1073,102.76,-33.9117,101.757,1
47,2820,33,-32.0423,-0.694997,55.423,120.564,54.93,119.815,55.1268,121.448,55.8641,121.252,55.7402,119.567,13
47,2820,36,25.4765,15.7126,14.6595,-51.7513,15.0671,-51.3192,15.0191,-52.1763,14.1916,-52.222,14.2999,-51.3601,1
47,2820,48,-38.2474,-10.5978,-18.9112,-10.9369,-18.0096,-10.8441,-19.0125,-11.6527,-19.6785,-11.0253,-18.7705,-10.1365,1
47,2820,88,37.102,1.44561,31.4929,-116.365,31.4651,-117.131,30.7978,-116.103,31.5163,-115.491,32.1068,-116.592,2
47,2820,91,28.9602,22.8439,-49.5162,138.91,-49.0043,138.18,-49.9456,138.265,-50.0871,139.803,-49.1256,139.557,1
47,2820,107,-16.3953,-12.9758,52.0894,74.8043,52.5278,75.4087,52.4247,74.1855,51.688,74.2409,51.7559,75.4414,1
47,2820,113,-8.03226,22.0516,-48.2552,-147.319,-48.0854,-147.983,-48.696,-147.661,-48.4051,-146.617,-47.7875,-146.928,1
47,2820,115,-31.1927,24.2264,2.73664,-87.5845,2.74935,-88.1653,2.04273,-87.5544,2.76185,-87.0302,3.55306,-87.5943,1
47,2820,116,-1.14248,24.6679,28.62,-61.695,28.5698,-62.2466,28.1303,-61.7291,28.6954,-61.1112,29.1419,-61.6304,1
47,2820,140,28.8249,-6.36492,-50.8242,-32.7856,-51.1828,-33.5695,-51.3347,-31.9907,-50.4397,-31.9395,-50.3634,-33.4913,1
47,2820,141,-28.0743,-4.65501,-14.3066,-36.1536,-14.7247,-36.7251,-14.7353,-35.7119,-13.9288,-35.6358,-13.8479,-36.6366,1
47,2820,145,32.44,20.7408,47.0342,138.216,47.7047,138.841,47.3175,137.293,46.23,137.531,46.7281,139.047,8
47,2820,178,31.2729,17.33,59.2654,28.2505,58.7988,27.2168,58.8381,29.1868,59.8073,29.454,59.6799,27.3901,1
47,2820,188,-29.9548,10.0815,54.3928,74.6106,54.4358,73.6099,53.8046,74.6899,54.3595,75.5387,55.0539,74.5341,3
47,2820,191,-38.4473,10.2502,61.476,82.8783,61.4373,81.1,60.6738,83.4418,61.5142,84.4528,62.4211,82.1944,5
48,2880,33,-24.6831,-24.5122,57.0079,121.289,56.3618,120.659,56.6913,122.088,57.5571,121.892,57.2947,120.429,1
48,2880,43,-31.4734,13.1228,28.4078,167.777,28.4771,167.046,27.7333,167.823,28.3608,168.456,29.1778,167.74,1
48,2880,59,-21.0328,0.85711,31.5429,-40.1184,32.1328,-40.087,31.5206,-40.7728,30.9878,-40.1446,31.5638,-39.4201,1
48,2880,69,-18.0418,24.11,19.7828,-163.933,19.7182,-164.486,19.1957,-163.91,19.8763,-163.378,20.4415,-163.932,1
48,2880,74,-29.4686,21.4882,3.12576,23.531,3.65935,23.8706,3.469,22.8872,2.59832,23.2377,2.70576,24.2656,1
48,2880,109,33.6852,-8.90353,-24.0309,73.1549,-23.6504,73.6782,-23.5292,72.5301,-24.4344,72.5644,-24.4638,73.7116,1
48,2880,145,24.8664,-17.3323,47.6599,139.239,48.111,139.792,48.1316,138.385,47.2055,138.644,47.2482,140,3
48,2880,173,15.3019,24.5502,-63.7002,-161.106,-63.2426,-160.227,-63.2959,-161.927,-64.2211,-162.074,-64.1287,-160.299,1
48,2880,178,23.6725,0.265853,61.2657,26.5493,60.9233,25.6471,60.8333,27.3913,61.6255,27.5429,61.6651,25.7472,1
48,2880,191,-37.8522,-13.3564,62.0845,83.6104,61.8479,81.5026,61.4166,84.2712,62.2473,85.4195,62.8136,82.7723,4
49,2940,14,-5.68411,23.8333,-23.9018,70.444,-23.9235,69.8935,-24.4211,70.3874,-23.8513,71.0181,-23.3434,70.5307,1
49,2940,67,-25.1936,-2.76327,-35.5681,149.4,-35.518,148.68,-36.0997,149.418,-35.6115,150.064,-34.9976,149.375,2
49,2940,74,-36.2609,1.91329,1.91003,24.6792,2.56528,25.1002,2.12124,24.0086,1.32669,24.3132,1.67142,25.4436,10
49,2940,84,40.1925,-1.41779,-65.1829,109.694,-64.5209,109.195,-65.6624,108.092,-65.9484,110.284,-64.7597,111.032,1
49,2940,86,-22.4212,23.0764,-19.985,-154.007,-20.085,-154.562,-20.5798,-153.905,-19.8549,-153.467,-19.308,-154.098,1
49,2940,88,-9.43511,18.8026,41.3661,-114.535,41.2962,-115.17,40.8663,-114.486,41.4531,-113.891,41.9039,-114.565,2
49,2940,121,28.59,11.4888,13.2407,106.955,13.7588,107.386,13.5723,106.382,12.6504,106.482,12.9141,107.479,3
49,2940,142,30.8465,1.61556,29.1652,-26.6376,28.8048,-27.2534,28.6602,-26.0767,29.5605,-25.9483,29.6249,-27.1468,1
49,2940,165,22.8807,16.8398,-49.1433,-75.422,-48.8009,-76.1782,-49.6184,-75.8797,-49.5045,-74.5529,-48.6935,-74.9583,1
49,2940,178,30.4236,-3.78147,64.5258,28.6931,64.1975,27.527,64.0084,29.7496,64.8674,30.0119,64.9836,27.7056,1
49,2940,183,28.4573,-0.605874,-58.9067,-97.1292,-58.3651,-97.1226,-58.9867,-98.2728,-59.4977,-97.1425,-58.8262,-96.0882,1
49,2940,184,35.7808,-5.26334,-64.5447,-17.7915,-64.2924,-19.0707,-65.2632,-18.1141,-64.8238,-16.3434,-63.914,-17.5277,1
49,2940,188,-38.2568,10.7376,60.5984,83.0933,60.7959,81.7021,59.8869,83.0811,60.4288,84.3283,61.4313,83.1277,2
49,2940,189,-23.3103,-8.94964,63.4527,160.18,64.0023,159.783,63.2714,159.141,62.9466,160.515,63.6459,161.278,2
50,3000,53,39.4985,4.86699,-50.4659,111.403,-50.1345,110.272,-51.3231,111.267,-50.8389,112.744,-49.7202,111.538,1
50,3000,60,33.3633,3.10264,45.1614,-123.927,45.3754,-124.756,44.498,-124.057,44.9143,-123.003,45.7579,-123.798,1
50,3000,63,-35.2863,-2.92421,8.33446,1.44528,9.03862,1.65028,8.36166,0.811789,7.71322,1.26534,8.31095,2.15577,2
50,3000,66,19.7505,3.90411,-55.2604,112.407,-54.9982,111.64,-55.7315,111.991,-55.5326,113.24,-54.813,112.802,1
50,3000,74,-35.8512,-19.4955,0.723204,24.8535,1.63155,25.2062,0.887418,24.2134,-0.0337213,24.5396,0.58364,25.5604,6
50,3000,81,21.5305,16.1859,17.3608,27.4609,17.8987,27.5913,17.4596,26.9276,16.7628,27.3331,17.2445,27.9745,2
50,3000,100,16.8162,8.03563,-69.1245,77.8605,-68.7335,78.8067,-68.7953,76.7456,-69.5408,76.8273,-69.4436,78.9567,1
50,3000,143,7.03577,20.103,70.4654,-18.7936,70.146,-20.1605,69.9892,-18.0293,70.8143,-17.3166,70.9639,-19.5564,1
50,3000,188,-36.4894,3.60924,62.2962,88.1127,62.5008,86.6708,61.6524,88.0533,62.1099,89.3818,63.031,88.1846,2
51,3060,13,-18.2948,2.28247,-41.3179,40.0805,-41.1404,39.4315,-41.7977,39.893,-41.4804,40.7036,-40.8096,40.2775,1
51,3060,21,-32.7875,23.1921,54.1611,118.948,53.925,117.997,53.5269,119.526,54.4114,119.829,54.9178,118.281,3
51,3060,81,35.8116,-18.6965,16.2691,25.9408,16.8183,26.203,16.5289,25.072,15.685,25.6242,16.0625,26.6795,2
51,3060,176,30.769,3.49498,0.982866,23.8588,0.575769,23.3847,0.566776,24.3774,1.43659,24.3856,1.36762,23.3906,6
52,3120,0,-27.6011,-6.51475,27.637,79.4361,27.3041,78.7187,27.1273,79.8271,27.9302,80.0907,28.1779,78.9998,2
52,3120,1,-23.7523,14.0199,63.1514,100.787,63.0407,99.4486,62.5232,101.125,63.2659,102.071,63.8517,100.427,2
52,3120,3,-12.6238,22.8169,39.7516,-116.8,40.2691,-116.476,40.0728,-117.49,39.209,-117.092,39.3717,-116.067,2
52,3120,9,-29.9848,2.12607,-6.0844,69.6605,-6.36702,69.0051,-6.63292,70.0279,-5.82075,70.2545,-5.47721,69.2539,1
52,3120,10,-20.3608,-13.5789,-7.50252,-78.6113,-6.9097,-78.5982,-7.48614,-79.1204,-8.04392,-78.635,-7.50225,-78.0862,1
52,3120,15,22.8433,21.0148,9.75321,103.733,9.67155,103.128,9.21887,103.806,9.86508,104.412,10.2803,103.689,1
52,3120,19,-31.3314,-17.8029,20.9007,-102.068,21.6768,-102.076,20.8581,-102.678,20.2278,-102.079,20.9725,-101.42,1
52,3120,20,-33.1243,-9.28016,19.2464,110.689,18.8507,110.07,18.8342,111.105,19.5871,111.241,19.686,110.22,1
52,3120,21,-26.3902,10.4525,56.2939,120.877,56.0585,119.99,55.8202,121.399,56.5218,121.712,56.821,120.298,4
52,3120,23,-40.1425,8.32994,51.0697,-74.911,51.5743,-74.0076,51.4226,-75.9336,50.6099,-75.6685,50.638,-73.7316,1
52,3120,24,-28.6213,-23.0765,18.5081,-69.9034,19.1748,-69.5105,18.7956,-70.3902,17.9423,-70.2589,18.2386,-69.3811,1
52,3120,32,23.5542,13.9285,40.2527,128.931,39.8366,128.445,39.9238,129.478,40.7195,129.463,40.5794,128.415,1
52,3120,34,-30.0842,-23.0554,70.6089,-34.9828,71.0606,-32.9494,71.0766,-35.9356,70.2215,-36.6902,70.1359,-33.9425,1
52,3120,38,32.9436,7.7545,-74.5659,-73.5455,-74.3451,-71.3679,-74.0201,-74.7565,-74.7953,-76.074,-75.0634,-72.4088,1
52,3120,39,35.8732,-15.1217,-69.6888,146.327,-70.1686,145.248,-70.063,148.489,-69.1709,147.52,-69.3598,144.522,1
52,3120,41,-28.2247,-0.398323,-17.0141,129.048,-17.0071,128.377,-17.5928,129.134,-17.0165,129.661,-16.3825,128.952,1
52,3120,42,-31.1017,-23.6606,9.23056,149.927,9.01888,149.046,8.63576,150.058,9.38613,150.682,9.84405,149.748,1
52,3120,45,-26.73,24.8464,43.6941,-75.3754,44.2921,-75.4232,43.6527,-76.3555,43.1131,-75.2757,43.7035,-74.2359,2
52,3120,48,2.03411,19.9815,-37.0936,2.47467,-36.5791,2.37897,-37.1174,1.82935,-37.6338,2.60314,-37.0862,3.14947,1
52,3120,50,31.7998,11.0353,-11.6818,-10.2642,-10.9925,-10.1642,-11.7111,-10.9606,-12.4674,-10.3676,-11.6721,-9.62296,1
52,3120,51,-33.2971,-21.8209,-30.7633,18.757,-29.8142,18.5751,-30.8947,18.0164,-31.5682,18.8881,-30.5758,19.5334,1
52,3120,54,30.9944,-24.3968,-23.4701,149.144,-23.46,148.451,-24.4165,149.091,-23.5241,149.867,-22.6683,149.161,1
52,3120,57,-40.3942,0.780961,55.6133,-117.433,56.2629,-118.578,54.9026,-118.047,55.0519,-116.469,56.4411,-116.699,1
52,3120,58,-33.0292,-24.5544,47.7001,-64.4727,48.6389,-65.0139,47.468,-65.3788,46.9037,-64.0692,47.9845,-63.5338,1
52,3120,73,25.6883,-14.7084,24.1272,7.80551,24.6421,8.06792,24.4033,7.09208,23.596,7.51085,23.8901,8.44598,2
52,3120,74,32.4801,-17.0257,-9.19445,20.564,-8.6665,20.8967,-8.81223,19.7943,-9.74523,20.1785,-9.5084,21.2364,2
52,3120,76,8.61931,24.3017,-69.2505,95.7667,-68.7898,94.8145,-69.5058,94.4099,-69.7308,96.9133,-68.9994,97.1837,1
52,3120,80,-33.7519,16.7435,43.7895,14.0825,44.3817,14.3806,43.8992,13.1414,43.2337,13.8467,43.6356,15.1672,1
52,3120,85,-35.2201,15.2289,-39.824,-172.89,-39.7355,-173.732,-40.5211,-172.815,-39.8749,-172.116,-39.0104,-172.956,1
52,3120,87,-14.1311,-24.4752,17.5231,-133.315,17.2648,-133.897,17.019,-133.197,17.7344,-132.779,18.0088,-133.459,1
52,3120,95,-36.9908,3.25108,45.0203,-69.8907,45.3734,-70.8283,44.3512,-70.1011,44.7095,-69.0658,45.7863,-69.6443,1
52,3120,97,37.1918,12.9286,26.2974,22.6252,27.0402,22.5486,26.0473,21.8729,25.4276,22.7275,26.4965,23.3122,2
52,3120,99,36.9827,14.0435,-24.4043,75.4814,-23.6536,75.4903,-24.5724,74.7196,-25.286,75.4865,-24.2741,76.1726,1
52,3120,100,17.4601,22.7111,-78.0941,79.5898,-77.6037,81.1273,-77.7581,77.6175,-78.6433,77.8224,-78.4401,81.5975,1
52,3120,106,37.9788,2.17442,66.8544,58.3316,67.4171,59.4136,67.1049,56.4377,66.2004,57.1432,66.6093,59.9528,2
52,3120,107,34.6933,-16.847,33.5536,68.7006,33.9618,69.2597,34.1191,67.9166,33.1301,68.0735,33.0779,69.3746,3
52,3120,112,-10.5558,-16.229,-51.795,-179.682,-51.4457,179.711,-52.1049,179.748,-52.1288,-179.121,-51.4731,-179.142,1
52,3120,115,36.0991,-20.3934,10.3826,-74.9776,10.4191,-75.5762,9.50785,-74.9386,10.3047,-74.3304,11.1178,-75.0291,1
52,3120,118,31.7709,20.7332,36.5601,52.5234,37.218,52.3681,36.3857,51.8297,35.798,52.7267,36.6908,53.1902,1
52,3120,120,-33.5403,-6.94115,40.537,110.164,41.1166,110.901,40.8892,109.426,40.0263,109.521,40.155,110.981,3
52,3120,123,-32.416,16.4837,-68.1737,135.429,-67.5713,136.334,-67.8994,133.551,-68.7423,134.616,-68.4816,137.644,1
52,3120,124,32.1777,-18.6233,-77.5391,-80.7822,-77.8009,-83.5261,-78.312,-78.6117,-77.2611,-77.901,-76.8719,-82.5141,2
52,3120,125,17.2417,18.7028,-37.7216,-71.9437,-38.1277,-72.5128,-38.1466,-71.4738,-37.2568,-71.342,-37.2817,-72.3816,2
52,3120,129,3.11836,18.1836,72.7709,89.9492,73.2779,90.6217,72.9935,88.2895,72.2274,89.3413,72.5082,91.593,1
52,3120,132,-37.4416,5.51876,50.7522,79.6156,51.5523,79.5645,50.5059,78.4954,50.0457,79.6798,51.0212,80.926,2
52,3120,134,-7.23996,-17.3935,-3.11458,131.677,-2.54029,131.718,-3.00677,131.149,-3.65271,131.62,-3.20101,132.197,1
52,3120,135,39.9017,-4.98442,-35.301,152.101,-34.5687,152.32,-35.3618,150.955,-36.1387,151.825,-35.2402,153.078,1
52,3120,138,19.351,-18.7043,-26.4587,-69.9997,-26.5014,-70.6189,-27.1337,-70.0016,-26.4379,-69.3709,-25.8496,-70.018,2
52,3120,144,-21.9482,4.27026,66.8754,141.979,67.3099,143.025,67.2216,140.797,66.4546,141.037,66.4903,143.211,1
52,3120,147,35.2506,-16.76,-38.7938,145.154,-38.3785,145.831,-38.1334,144.287,-39.2153,144.378,-39.3383,145.918,1
52,3120,148,38.9236,-1.11555,-76.5433,145.78,-76.0812,148.335,-75.9988,142.808,-77.0336,142.603,-76.9878,148.53,2
52,3120,154,-18.2075,15.166,-29.5855,-51.165,-29.4754,-51.7568,-30.1277,-51.2875,-29.6733,-50.5794,-28.9966,-51.0162,1
52,3120,156,17.8898,-16.7499,15.9695,2.75456,15.9864,2.21497,15.3615,2.69123,15.9307,3.30039,16.5259,2.79702,2
52,3120,157,39.3505,-0.639341,35.8393,38.5562,36.1818,37.7749,35.0172,38.3647,35.4319,39.4441,36.5495,38.7308,1
52,3120,158,24.3624,-2.46583,43.7637,84.6851,44.2107,84.2591,43.3775,84.0584,43.2804,85.129,44.1181,85.2708,1
52,3120,165,-29.2705,-24.715,-42.908,-67.6933,-42.5638,-68.7803,-43.44,-68.0661,-43.2156,-66.7693,-42.3377,-67.3666,1
52,3120,166,-29.2354,11.5325,-23.4838,-25.4098,-23.3543,-26.0702,-24.1191,-25.4521,-23.5851,-24.7894,-22.7696,-25.3508,1
52,3120,168,35.8094,2.60442,22.4923,30.7389,22.615,30.0128,21.7472,30.798,22.3475,31.5629,23.1544,30.6941,2
52,3120,169,39.7405,2.33315,40.3345,67.7494,40.7616,66.9377,39.5265,67.4421,39.8284,68.678,41.0322,68.0336,1
52,3120,175,-28.0928,-0.298016,-31.5774,17.3085,-31.9793,16.7175,-31.9745,17.8175,-31.2056,17.8432,-31.1438,16.7554,2
52,3120,176,31.7752,-20.4708,2.14097,23.7674,1.76415,23.2866,1.4779,24.3274,2.51168,24.3007,2.6958,23.2726,2
52,3120,177,-19.1471,20.9854,42.433,18.4083,42.0513,17.8737,41.9809,18.9503,42.8295,18.9199,42.9483,17.8178,1
52,3120,180,32.1067,6.94199,23.612,-156.941,24.1794,-156.727,23.6935,-157.609,22.9714,-157.175,23.5243,-156.334,1
52,3120,186,21.9047,-15.1556,4.71824,42.8907,4.57161,42.4136,4.14316,43.0592,4.85153,43.3885,5.23547,42.7255,3
52,3120,187,30.6677,-12.1427,35.961,62.6836,35.9197,62.0105,35.2845,62.8392,35.9828,63.4105,36.5566,62.5319,1
52,3120,190,23.6476,-19.8461,39.9137,75.666,39.733,74.9148,39.1573,75.9057,40.0639,76.452,40.5778,75.4236,1
52,3120,193,29.7063,17.3139,22.0548,-134.512,22.7417,-134.202,22.2372,-135.217,21.2581,-134.845,21.8518,-133.859,2
52,3120,198,-34.9697,14.1754,-22.0413,44.6438,-22.2017,43.8395,-22.7715,45.0139,-21.8649,45.3671,-21.1817,44.2319,2
53,3180,2,-19.7597,20.0406,69.0647,-143.378,69.6518,-143.146,69.1554,-145.182,68.4805,-143.518,68.9193,-141.399,1
53,3180,21,-23.7476,-23.6474,56.8421,121.341,56.4075,120.354,56.3945,121.834,57.1999,122.249,57.2763,120.779,1
53,3180,30,31.9551,-19.4254,-30.991,133.482,-31.3798,132.996,-31.5404,134.155,-30.5984,134.021,-30.5281,132.895,1
53,3180,31,24.5927,-15.2563,5.41713,130.245,5.05693,129.872,4.96293,130.697,5.77776,130.648,5.81501,129.831,1
53,3180,36,31.1902,8.07391,-7.36202,-54.9056,-6.97961,-54.4341,-6.96593,-55.3761,-7.79635,-55.4324,-7.73468,-54.4807,1
53,3180,66,37.7181,15.4575,-51.9307,132.724,-51.7412,131.528,-52.6424,132.74,-52.1236,134.157,-51.2902,132.754,1
53,3180,71,-35.1224,-7.52956,72.1728,-84.8346,72.6219,-87.0839,71.5617,-85.6194,71.7568,-82.9712,72.8548,-83.9494,2
53,3180,78,36.2491,11.7618,-20.4279,-163.462,-20.7045,-164.216,-21.0272,-162.996,-20.0911,-162.593,-19.8745,-163.859,1
53,3180,79,12.867,21.5189,14.7606,-152.59,14.4914,-153.117,14.2651,-152.374,15.0741,-152.024,15.2742,-152.786,1
53,3180,86,-32.1195,-1.41712,-8.26712,-149.408,-8.39509,-150.057,-8.80424,-149.184,-8.15004,-148.825,-7.6743,-149.66,1
53,3180,104,-33.0043,-24.4503,41.1113,-107.677,40.3801,-108.448,40.7216,-107.05,41.7061,-106.992,41.4823,-108.384,1
53,3180,105,31.6567,20.7148,80.1617,-70.3587,79.9761,-74.408,79.5658,-69.2014,80.3375,-65.4896,80.7301,-71.3843,2
53,3180,126,32.0111,11.2901,1.01505,-66.2044,0.583884,-66.7685,0.552026,-65.6871,1.51531,-65.568,1.45506,-66.6668,2
53,3180,131,37.5599,8.21554,49.2771,27.1008,49.775,26.1949,48.5537,26.6089,48.6936,28.1384,49.9099,27.5742,1
53,3180,140,-30.0988,-19.7607,-29.4252,-39.629,-30.0082,-40.3605,-29.8724,-39.1297,-28.933,-38.9889,-28.976,-40.1803,1
53,3180,141,-34.6381,15.7052,10.4467,-36.6374,10.0859,-37.278,9.85937,-36.11,10.8008,-36.065,11.1432,-37.243,1
53,3180,143,30.8775,-6.03428,77.337,2.08021,77.2907,-0.781911,76.6078,2.75774,77.3403,5.22335,77.9855,1.38875,1
53,3180,146,-19.9199,13.7526,-9.57716,148.996,-9.16603,149.399,-9.17956,148.546,-9.98859,148.617,-10.0222,149.48,2
53,3180,152,23.8807,15.8909,-43.7899,-138.674,-43.2417,-139.003,-44.0421,-139.368,-44.3933,-138.28,-43.562,-137.999,1
53,3180,159,27.8145,0.696363,27.3415,130.154,27.9136,130.106,27.204,129.472,26.7164,130.204,27.4617,130.782,1
53,3180,162,35.2661,-1.16315,-4.35609,-178.512,-3.70581,-178.399,-4.40872,-179.268,-5.08709,-178.646,-4.31153,-177.844,1
53,3180,185,23.11,-20.6423,-24.8408,28.1861,-24.9847,27.6433,-25.483,28.3377,-24.7175,28.7471,-24.2742,28.0335,1
53,3180,199,-31.4854,-18.4483,11.7023,56.538,11.2368,55.7415,11.16,56.9145,12.0852,57.2354,12.26,56.1046,1
54,3240,7,32.7635,-19.7312,-70.6315,38.6512,-70.6147,36.6441,-71.5835,38.82,-70.665,40.803,-69.8215,38.4614,1
54,3240,16,29.0285,19.8361,38.0436,140.153,38.1693,139.331,37.4624,140.071,37.9123,141.099,38.5929,140.27,1
54,3240,18,-18.5624,-11.13,38.615,-127.194,39.1698,-127.327,38.522,-127.817,38.1001,-127.083,38.7202,-126.552,1
54,3240,22,-9.41142,16.3905,76.0536,-108.231,76.5214,-108.028,76.1154,-110.23,75.5787,-108.358,75.9551,-106.133,1
54,3240,29,-30.2435,-0.779593,-7.9611,105.979,-8.27084,105.441,-8.38656,106.34,-7.67818,106.466,-7.49546,105.581,1
54,3240,43,-37.3443,0.452193,43.5975,-175.165,43.8031,-176.226,42.8977,-175.154,43.4143,-174.239,44.3967,-175.185,1
54,3240,44,-36.5818,5.53506,55.7008,-120.222,56.3365,-120.942,55.1746,-121.061,55.1385,-119.583,56.2964,-119.225,1
54,3240,47,28.9993,10.0605,-17.7792,-23.195,-17.1557,-23.1132,-17.7943,-23.8472,-18.4787,-23.2775,-17.7783,-22.5879,1
54,3240,61,-36.8908,14.0664,49.8238,-42.8947,50.5213,-42.8329,49.6777,-44.0102,49.1935,-42.9112,49.9677,-41.5741,1
54,3240,62,20.8781,24.5404,19.9038,-15.0352,20.5173,-15.0314,19.9416,-15.6052,19.2088,-15.0123,19.8316,-14.469,1
54,3240,77,13.9946,24.8458,-47.698,177.505,-47.9124,176.662,-48.233,177.704,-47.4274,178.418,-47.1422,177.352,1
54,3240,94,2.56163,-20.6145,24.3477,-98.7033,24.3332,-99.2802,23.8144,-98.7973,24.3389,-98.1513,24.8534,-98.6356,2
54,3240,96,39.3459,5.8009,40.0167,-8.8785,40.7104,-9.22085,39.5197,-9.68061,39.2066,-8.48471,40.4367,-8.15569,1
54,3240,98,33.5969,15.977,-3.69475,55.0481,-2.98816,55.0721,-3.792,54.4004,-4.5149,55.0369,-3.63056,55.6486,1
54,3240,106,-38.9736,-10.9384,61.7191,77.7498,62.2936,79.2541,62.1085,76.5638,61.2255,76.5065,61.287,79.0829,4
54,3240,111,35.0213,-13.2301,-46.3165,136.221,-45.7395,136.206,-46.4519,135.13,-46.9497,136.204,-46.1806,137.155,1
54,3240,117,36.1044,17.8125,48.3568,16.2887,48.9433,15.6751,47.8885,15.6272,47.6718,17.0161,48.7608,16.9349,1
54,3240,121,-32.2298,-15.4108,-1.75325,113.661,-1.07424,114.183,-1.41995,113.115,-2.33263,113.197,-2.08776,114.266,2
54,3240,130,-39.8682,3.12793,41.3956,-20.899,41.5729,-22.0447,40.6131,-20.7745,41.2435,-19.9078,42.3086,-21.0512,1
54,3240,151,28.2874,7.88847,-25.7902,-173.055,-25.1895,-173.068,-25.8898,-173.721,-26.4575,-173.034,-25.7064,-172.436,1
54,3240,167,-29.78,1.46846,6.8664,4.49341,6.89867,3.8372,6.26859,4.56652,6.84061,5.09191,7.52568,4.4114,1
54,3240,174,-19.4338,17.4749,-58.3276,16.3798,-58.6651,15.5575,-58.7818,17.087,-57.9739,17.1457,-57.8111,15.647,1
55,3300,11,24.8624,22.3859,-44.2787,-38.7924,-43.6852,-39.0935,-44.4693,-39.5194,-44.9459,-38.4108,-44.1173,-38.0723,1
55,3300,16,-39.5161,5.39234,45.0012,138.011,45.3231,137.002,44.2794,137.896,44.7238,138.891,45.843,138.15,1
55,3300,56,-35.0432,21.1983,46.3978,-150.869,46.6856,-151.83,45.5826,-151.163,46.1627,-149.966,47.3619,-150.471,1
55,3300,70,23.2689,17.5459,52.2619,-126.085,52.1658,-127.093,51.6948,-125.912,52.3773,-124.956,52.8153,-126.217,1
55,3300,93,-0.535589,19.5158,4.27753,-120.239,4.23746,-120.739,3.77545,-120.246,4.33898,-119.716,4.80439,-120.212,1
55,3300,101,-7.83608,20.6656,-54.6787,-111.039,-55.0085,-111.707,-55.107,-110.505,-54.3187,-110.388,-54.2037,-111.571,1
55,3300,127,-39.3506,3.94684,44.2611,-70.5458,43.8211,-71.5965,43.7285,-69.7224,44.6469,-69.6269,44.8739,-71.526,1
55,3300,136,19.8873,-0.624784,-55.77,-143.652,-55.3604,-144.292,-56.1852,-144.382,-56.2017,-142.961,-55.3757,-142.977,1
55,3300,149,5.61085,21.5055,-53.8893,-39.1427,-54.269,-39.8513,-54.3286,-38.5891,-53.4604,-38.4244,-53.4156,-39.6713,1
55,3300,182,39.8413,-3.32134,-49.8064,-115.994,-49.1713,-115.65,-49.7744,-117.253,-50.531,-116.416,-49.8239,-114.911,1
55,3300,186,-27.0646,13.0545,19.1337,44.4621,19.0147,43.8923,18.589,44.6573,19.2609,44.9973,19.7463,44.2546,6
55,3300,196,35.5852,13.3694,-75.4395,-16.1905,-75.0232,-18.9237,-76.1839,-17.0841,-75.8705,-12.7807,-74.7704,-15.3576,1
55,3300,197,-14.1785,21.6075,-45.2466,34.6944,-45.4153,33.9083,-45.8547,34.8922,-45.0427,35.4727,-44.5716,34.5152,1
56,3360,16,21.6548,-8.89252,41.0505,144.594,41.2271,143.962,40.4997,144.356,40.8514,145.245,41.5591,144.806,1
56,3360,32,-20.1234,5.98326,54.375,120.758,53.9842,120.18,54.0674,121.45,54.7503,121.31,54.7047,120.007,4
56,3360,35,22.3484,18.5644,16.2327,-53.62,16.6438,-53.2039,16.5906,-54.0217,15.7603,-54.0687,15.8661,-53.2463,1
56,3360,37,16.1171,17.4025,-55.4178,-58.8349,-55.0697,-58.1439,-55.0366,-59.3932,-55.8053,-59.5832,-55.8065,-58.2961,1
56,3360,40,-11.0457,24.6844,-31.5489,115.239,-31.5437,114.612,-32.1181,115.141,-31.521,115.887,-30.9263,115.377,1
56,3360,55,33.1153,1.11491,18.005,-176.689,18.0386,-177.39,17.2781,-176.562,17.9616,-175.904,18.6577,-176.798,1
56,3360,59,-40.0917,-1.52243,10.6622,-19.1343,11.5473,-18.8795,10.6202,-19.9219,9.9014,-19.3474,10.7186,-18.222,1
56,3360,68,-28.747,14.7265,15.1713,-170.867,15.1528,-171.473,14.5568,-170.769,15.208,-170.298,15.8685,-170.963,1
56,3360,72,-37.0652,5.81195,43.8574,4.20286,44.53,4.74866,44.0312,3.21101,43.2525,3.74487,43.6435,5.33872,1
56,3360,75,26.019,-2.89362,-56.4719,49.0522,-55.9139,49.2914,-56.3919,47.9065,-57.0711,48.776,-56.535,50.1073,1
56,3360,89,-32.7726,0.112673,59.6666,-13.2651,60.3226,-13.3775,59.4921,-14.3826,59.0775,-13.1619,59.8527,-12.0092,1
56,3360,91,17.3895,-12.7001,-43.1101,-179.473,-42.9246,179.885,-43.6406,-179.779,-43.3099,-178.819,-42.6148,-179.208,1
56,3360,97,33.2867,22.9983,16.1148,35.1635,16.8793,35.0837,15.9751,34.5066,15.2116,35.2841,16.2046,35.7894,1
56,3360,103,35.9533,5.15382,19.4157,-101.661,19.0172,-102.247,18.9531,-101.07,19.871,-100.988,19.835,-102.183,1
56,3360,113,-21.9232,6.17514,-28.2408,-115.487,-28.2064,-116.066,-28.7429,-115.475,-28.2638,-114.937,-27.6983,-115.495,1
56,3360,114,30.7114,-2.57957,-4.08003,-88.1111,-4.10081,-88.6595,-4.68678,-87.9818,-4.06245,-87.5092,-3.53254,-88.2278,1
56,3360,144,23.081,-17.8403,53.6557,135.941,54.1143,136.533,54.107,134.985,53.1964,135.31,53.2597,136.797,1
56,3360,153,-18.5068,4.83385,-40.3126,-75.5251,-40.0786,-76.1519,-40.7948,-75.7857,-40.5278,-74.9177,-39.7993,-75.2468,1
56,3360,186,-34.0287,-15.7117,20.3806,43.9152,20.1059,43.1338,19.8699,44.2004,20.6019,44.596,20.9221,43.5783,8
56,3360,190,-35.9432,13.475,59.4846,79.2581,59.4247,77.7221,58.7025,79.7357,59.5504,80.6469,60.4025,78.6977,1
57,3420,8,-30.24,-1.50424,-23.0332,63.0982,-23.309,62.3625,-23.5833,63.4779,-22.7798,63.7597,-22.43,62.6788,1
57,3420,32,-25.8413,-21.6471,55.4718,119.232,54.8543,118.602,55.1692,120.008,56,119.831,55.7522,118.392,6
57,3420,40,36.0141,5.06526,-33.5002,120.533,-33.4413,119.699,-34.2308,120.694,-33.5584,121.489,-32.8471,120.405,2
57,3420,53,32.5549,21.2815,-32.4276,138.903,-32.4783,137.965,-33.0977,139.06,-32.3341,140.002,-31.7921,138.803,2
57,3420,60,18.5375,-18.4107,53.4526,-89.7168,53.8079,-90.334,53.0507,-90.4867,53.0746,-89.1296,53.825,-89.0239,1
57,3420,73,-32.9637,3.942,7.07516,20.2225,7.67436,20.6005,7.29753,19.5935,6.52944,19.8896,6.82275,20.9291,2
57,3420,97,36.7228,-7.54002,15.5015,34.9405,16.1432,35.0342,15.4192,34.1038,14.7847,34.8197,15.5751,35.6656,9
57,3420,137,23.2437,11.2395,-37.2454,-82.2521,-37.2414,-83.007,-37.8301,-82.1922,-37.2332,-81.4219,-36.6863,-82.2893,1
57,3420,138,-27.0013,-0.269835,-7.53003,-61.5105,-7.57596,-62.1638,-8.11228,-61.3861,-7.48489,-60.9107,-6.89743,-61.6484,2
57,3420,139,-25.3913,-0.45608,21.2474,-39.5704,21.2068,-40.2467,20.6752,-39.458,21.2842,-38.9453,21.865,-39.6959,1
57,3420,144,25.5769,7.97355,47.2967,136.962,47.786,137.519,47.6085,136.169,46.7506,136.37,46.9888,137.69,9
57,3420,150,24.6188,-6.59554,-7.17817,167.072,-6.64081,167.121,-7.17435,166.451,-7.74857,167.009,-7.17599,167.64,1
57,3420,155,-29.5686,-0.0464668,8.00517,-12.8972,8.04375,-13.5486,7.42056,-12.835,7.9717,-12.3043,8.64703,-12.9687,1
57,3420,172,25.0427,1.91195,-59.3563,-164.925,-58.9995,-164.064,-58.9307,-165.756,-59.7365,-165.879,-59.7501,-164.14,1
57,3420,177,-27.2465,23.2444,61.6059,14.1997,61.1912,13.2817,61.0974,15.2181,62.0285,15.0594,62.2023,13.0203,2
57,3420,184,-32.6763,12.0995,-37.5099,11.5496,-37.5085,10.7764,-38.1308,11.7023,-37.4887,12.2603,-36.7987,11.3922,1
57,3420,188,23.694,4.65634,61.3872,146.134,61.8516,145.649,61.0989,145.197,60.8835,146.65,61.647,147.039,2
57,3420,190,-36.3891,4.67389,61.7967,81.6166,61.7278,79.8823,61.0724,82.1497,61.8518,83.1585,62.6266,80.9747,14
58,3480,6,39.2964,-6.61632,-78.6805,-36.7862,-77.9323,-37.7281,-79.1646,-41.2193,-79.5372,-35.6513,-78.2179,-33.3179,1
58,3480,14,-33.3781,-6.74348,1.06148,87.8304,1.04619,87.1122,0.480117,87.9552,1.07055,88.4649,1.69977,87.6804,1
58,3480,28,26.2845,2.39995,-29.002,106.397,-29.2844,105.883,-29.4328,106.809,-28.6917,106.952,-28.5986,106.021,1
58,3480,36,-35.9771,3.09811,-26.14,-50.4241,-25.7365,-49.7845,-25.7212,-50.9698,-26.5028,-50.9918,-26.6139,-49.7983,3
58,3480,42,21.95,6.09993,25.5568,170.118,25.5613,169.506,24.9957,170.167,25.5541,170.781,26.0896,170.081,2
58,3480,46,39.6755,4.78377,-1.90293,-38.8028,-1.16169,-38.6174,-1.9686,-39.6301,-2.76911,-39.0191,-1.85804,-38.0809,1
58,3480,73,-37.4187,12.9033,2.78298,22.2927,3.39008,22.7541,3.07669,21.5591,2.22395,21.8999,2.42505,23.1501,2
58,3480,84,-26.1144,15.3874,-49.9676,173.207,-49.8541,172.373,-50.5494,173.1,-50.0506,174.012,-49.3171,173.347,1
58,3480,97,30.7292,-24.6844,14.6902,36.6756,15.2811,36.7159,14.7877,35.7741,14.078,36.5894,14.6283,37.4427,1
58,3480,102,33.6099,21.7689,-7.08055,-103.892,-7.63246,-104.427,-7.46598,-103.358,-6.41065,-103.279,-6.68953,-104.367,1
58,3480,103,31.2282,23.8001,28.9932,-101.992,28.4607,-102.591,28.5852,-101.45,29.6355,-101.302,29.4099,-102.482,1
58,3480,144,28.5032,-17.6007,46.24,136.424,46.6976,137.004,46.7445,135.515,45.774,135.791,45.8057,137.221,11
58,3480,177,26.8598,15.9566,64.4833,25.4728,64.0606,24.3598,64.0648,26.4541,64.9622,26.7446,64.8918,24.5491,1
58,3480,190,-35.5242,-19.8602,62.3314,82.3079,62.0237,80.1694,61.6813,82.8762,62.544,84.1447,63.0175,81.5712,1
59,3540,6,-12.0279,20.8487,-73.4099,-7.20957,-73.0769,-8.80036,-73.868,-8.59929,-73.7132,-5.47545,-72.9148,-5.71528,1
59,3540,24,-21.2961,-14.3923,-8.84969,-67.8195,-8.35298,-67.5035,-8.58205,-68.2386,-9.29476,-68.118,-9.11078,-67.3772,2
59,3540,62,-29.5454,23.2981,7.28625,-0.903197,7.8505,-0.717063,7.46693,-1.58374,6.73443,-1.04617,7.05009,-0.117926,2
59,3540,73,-34.5491,16.011,-1.15451,23.1041,-0.583238,23.512,-0.845105,22.4095,-1.69435,22.7537,-1.53139,23.9082,2
59,3540,90,39.6604,-5.43307,-51.2348,145.79,-50.6596,145.157,-51.9207,144.926,-51.8977,146.515,-50.6422,146.507,1
59,3540,92,33.8833,-0.124692,-14.512,-134.328,-14.4581,-134.975,-15.21,-134.227,-14.5742,-133.604,-13.8884,-134.414,1
59,3540,103,32.2195,7.60131,30.9612,-101.948,30.5744,-102.543,30.5254,-101.381,31.3994,-101.275,31.3662,-102.462,8
59,3540,109,-20.978,23.9252,-68.307,84.6432,-67.859,85.495,-67.9088,83.3526,-68.768,83.8335,-68.765,86.1147,1
59,3540,142,-34.7242,6.26286,67.6276,-34.5034,67.2051,-36.1248,67.1328,-33.1416,68.0038,-33.0166,68.1807,-36.1212,2
59,3540,164,27.4533,23.6861,-49.2168,-73.93,-48.8771,-74.873,-49.7503,-74.3562,-49.5769,-72.8031,-48.7157,-73.4755,1
59,3540,177,26.4276,-5.42544,66.0896,25.484,65.7659,24.3473,65.5972,26.5051,66.4198,26.7487,66.5297,24.5119,1
60,3600,103,26.7263,-21.1385,31.8698,-102.843,31.5304,-103.368,31.2469,-102.342,32.1926,-102.273,32.401,-103.305,4
60,3600,118,-27.8735,24.1706,18.2753,79.2988,18.8121,79.4292,18.4082,78.6292,17.7478,79.2088,18.0942,80.0677,2
60,3600,125,33.7068,-16.8507,-11.9138,-68.9983,-12.2536,-69.5724,-12.6317,-68.4262,-11.573,-68.3604,-11.3079,-69.4991,2
61,3660,20,-21.2735,12.9261,54.6431,118.807,54.411,118.027,54.1852,119.258,54.8758,119.558,55.1485,118.32,5
61,3660,52,38.8588,-10.978,-48.7489,113.063,-48.4303,112.081,-49.7028,112.78,-49.1229,114.172,-47.9394,113.282,1
61,3660,65,-35.0648,-0.0412692,-48.7573,115.329,-48.3788,114.416,-49.3588,115.029,-49.0842,116.154,-48.0779,115.652,1
61,3660,69,39.9747,-4.15352,46.5695,-119.819,46.926,-120.693,45.7386,-120.099,46.141,-118.839,47.2809,-119.572,1
61,3660,80,-38.4512,14.4927,14.8841,32.8025,15.4929,33.1872,15.0859,32.0515,14.3258,32.4832,14.6284,33.6857,2
61,3660,116,8.20168,17.2446,52.0067,-0.239974,52.3225,-0.822123,51.6776,-0.7672,51.6789,0.387809,52.3269,0.323743,1
61,3660,163,34.4853,0.494917,-46.7574,-121.156,-46.1276,-121.415,-47.1119,-122.093,-47.4662,-120.862,-46.4393,-120.329,1
61,3660,183,-36.2704,2.92749,-53.0561,-11.2077,-52.8582,-12.3177,-53.6944,-11.2283,-53.2161,-10.2105,-52.3294,-11.1855,1
62,3720,0,18.1124,-15.3994,59.4873,103.684,59.3895,102.582,58.8258,103.834,59.5567,104.817,60.09,103.511,2
62,3720,2,8.55913,21.8621,37.9524,-121.245,38.5079,-120.983,38.2024,-121.888,37.3416,-121.494,37.6666,-120.601,1
62,3720,3,33.3929,-0.432657,4.94717,-113.012,5.51033,-112.606,5.25239,-113.733,4.31986,-113.47,4.67086,-112.37,1
62,3720,9,-32.7256,15.0852,31.4709,77.3438,31.2346,76.551,30.8006,77.7824,31.7106,78.0683,32.2523,76.8462,2
62,3720,14,-27.438,13.7738,13.6531,98.6075,13.6826,98.0202,13.0535,98.6443,13.6426,99.163,14.3267,98.5797,1
62,3720,18,-35.8566,11.0753,17.6435,-100.676,18.3052,-100.491,17.6524,-101.404,17.0416,-100.821,17.6198,-99.8328,1
62,3720,19,-32.6039,-2.30145,-8.81368,-78.1911,-8.14166,-78.0911,-8.84422,-78.7922,-9.41493,-78.2804,-8.77243,-77.5256,1
62,3720,22,37.6417,-15.2036,49.5865,-89.1414,50.0795,-88.5668,49.9526,-90.351,49.0536,-89.8009,49.2781,-88.1223,1
62,3720,23,4.21356,23.4277,11.8068,-74.2764,12.2371,-74.0182,12.1087,-74.6661,11.333,-74.5323,11.4707,-73.8839,1
62,3720,26,-31.003,6.04053,-76.8797,38.4713,-76.5491,36.2736,-77.4199,37.4853,-77.1573,40.6004,-76.2732,39.4994,1
62,3720,28,-31.4805,-5.26064,-13.8264,102.745,-14.1635,102.167,-14.2486,103.122,-13.5263,103.262,-13.3693,102.327,1
62,3720,35,9.31103,-24.0214,-2.74588,-54.8184,-2.36691,-54.4671,-2.26835,-55.1423,-3.09341,-55.1757,-3.17038,-54.5036,2
62,3720,38,25.8578,-12.8806,-67.7171,138.986,-68.1359,138.156,-68.0626,140.409,-67.2818,139.865,-67.4054,137.728,1
62,3720,39,31.4485,23.1716,-28.4572,130.919,-29.035,130.444,-28.7653,131.508,-27.7627,131.447,-28.1311,130.385,1
62,3720,46,37.0758,-15.258,-11.7252,-31.6113,-11.0942,-31.4064,-11.6122,-32.5509,-12.414,-31.8702,-11.8051,-30.8132,1
62,3720,47,25.9435,23.616,-40.3455,0.424011,-39.6704,0.252898,-40.4572,-0.337695,-41.117,0.659386,-40.2672,1.17353,1
62,3720,50,-37.0523,9.69755,-33.632,21.3977,-32.8539,21.4669,-33.7815,20.4837,-34.3276,21.3587,-33.4577,22.4602,1
62,3720,53,-35.3173,-3.6178,-15.9567,143.858,-15.9209,143.018,-16.6274,143.996,-15.9857,144.595,-15.2061,143.692,2
62,3720,54,17.7611,-21.8971,7.11587,169.919,7.04399,169.353,6.42326,169.907,7.15759,170.487,7.73785,169.908,1
62,3720,56,-37.9349,-6.44921,55.3184,-118.69,55.9117,-119.88,54.6748,-119.244,54.7965,-117.698,56.052,-118.068,1
62,3720,66,-32.3803,-9.14928,-25.9824,155.701,-25.999,154.901,-26.5549,155.822,-25.971,156.407,-25.3599,155.553,1
62,3720,69,-19.2454,3.29128,53.6451,-117.09,53.8694,-117.892,53.1733,-117.403,53.4307,-116.331,54.1459,-116.746,1
62,3720,70,31.2094,-22.8519,64.5664,-91.977,64.8887,-93.2173,63.798,-93.0739,64.1816,-90.7586,65.2258,-91.0394,1
62,3720,75,-0.201744,19.2837,-68.7017,96.5958,-68.2796,95.7448,-68.9727,95.3488,-69.1265,97.5678,-68.4253,97.901,1
62,3720,78,16.6038,-13.6273,9.522,-156.595,9.317,-157.089,8.95728,-156.38,9.71442,-156.085,10.0391,-156.806,1
62,3720,79,-30.6495,15.3531,46.9487,-142.945,46.8515,-143.881,46.2836,-142.657,47.0569,-142.073,47.7133,-143.26,1
62,3720,80,-39.1202,-1.10977,13.0649,33.62,13.7754,33.9765,13.165,32.9324,12.447,33.3156,12.9548,34.41,1
62,3720,87,39.4016,7.01216,47.3146,-100.99,47.4378,-102.037,46.5648,-100.842,47.1625,-99.7706,47.9747,-101.101,1
62,3720,89,-35.8858,17.6637,42.2134,13.5813,42.8226,13.9286,42.3454,12.6096,41.6446,13.3066,42.0294,14.7153,2
62,3720,92,-34.1245,-2.35805,-1.89011,-132.224,-1.84195,-132.944,-2.50786,-132.128,-1.93187,-131.586,-1.20169,-132.339,1
62,3720,93,-32.5321,0.420705,24.1776,-106.321,24.2635,-107.06,23.5656,-106.27,24.1009,-105.656,24.8589,-106.381,1
62,3720,96,-34.304,15.0767,30.5655,27.0007,31.2259,27.0948,30.5066,26.1775,29.9573,26.9443,30.612,27.9589,1
62,3720,100,-14.0755,-16.0577,-67.35,-117.438,-67.7099,-118.609,-67.7659,-116.675,-67.0208,-116.361,-66.9397,-118.214,1
62,3720,120,-24.8776,-17.6425,4.26411,110.117,4.8747,110.549,4.60872,109.641,3.73175,109.72,3.9284,110.626,1
62,3720,122,-30.5398,23.3904,-70.3123,135.196,-69.7115,136.048,-69.9991,133.051,-70.8998,134.452,-70.6729,137.768,1
62,3720,123,31.5064,-9.94956,-75.0779,-81.6181,-75.3554,-83.8521,-75.7124,-79.7667,-74.7688,-79.2478,-74.5114,-83.153,1
62,3720,124,-25.671,19.2231,-35.5307,-79.3442,-35.8347,-80.004,-36.106,-78.8877,-35.2092,-78.7317,-34.8646,-79.8322,1
62,3720,127,21.4067,7.20487,68.9817,-50.0962,68.7596,-51.5915,68.4535,-49.3846,69.2132,-48.4502,69.4861,-50.7807,2
62,3720,129,12.834,14.1521,36.4276,102.182,36.8862,102.581,36.7402,101.63,35.9264,101.775,36.1002,102.715,2
62,3720,132,32.5043,-18.7316,22.1171,104.106,22.7385,104.238,22.2212,103.154,21.4583,103.93,22.0415,104.924,2
62,3720,137,28.3991,-1.66352,-24.592,-69.3948,-24.6076,-70.0595,-25.254,-69.2633,-24.5766,-68.67,-23.9888,-69.5126,2
62,3720,147,17.7,-4.94757,-77.3822,155.583,-76.933,156.947,-77.0565,153.364,-77.8383,154.031,-77.6674,157.78,1
62,3720,150,36.0978,18.7637,-23.517,-179.4,-22.7328,-179.439,-23.6896,179.862,-24.4457,-179.33,-23.3893,-178.718,1
62,3720,153,-35.4883,-9.14123,-28.3643,-55.5351,-28.1828,-56.4253,-29,-55.5455,-28.5238,-54.7611,-27.6585,-55.5444,1
62,3720,155,3.66858,21.1492,20.4604,3.35399,20.4477,2.7995,19.9525,3.30624,20.4938,3.94392,20.9881,3.42825,2
62,3720,156,39.5385,2.28275,36.683,38.4313,37.0393,37.6276,35.8736,38.239,36.2602,39.3529,37.3844,38.6123,1
62,3720,157,-13.249,-15.54,47.0245,83.6869,47.4554,83.1404,46.725,83.0876,46.6131,84.1709,47.3354,84.2788,2
62,3720,158,2.26147,-24.4902,31.8291,125.534,32.3631,125.349,31.8098,124.861,31.3187,125.677,31.8682,126.159,1
62,3720,160,33.8713,5.83712,22.2927,152.624,22.9599,152.628,22.1377,151.889,21.5361,152.624,22.4187,153.292,1
62,3720,163,39.5252,1.81994,-48.8515,-116.351,-48.1424,-116.687,-49.339,-117.393,-49.674,-115.954,-48.4275,-115.455,1
62,3720,168,-27.73,0.310502,47.3047,64.1648,47.6221,63.3586,46.7671,63.8448,47.0108,64.8979,47.8911,64.5184,1
62,3720,169,-40.4194,-0.672735,48.4585,118.792,49.3098,118.449,48.0376,117.859,47.7279,119.085,48.9446,119.888,1
62,3720,172,-33.744,16.8612,-79.311,-142.042,-78.7586,-139.974,-78.9647,-145.529,-79.8251,-144.014,-79.6794,-137.746,1
62,3720,173,2.57451,-19.7995,-67.7328,18.1815,-68.141,17.2419,-68.1564,19.1325,-67.3497,19.0922,-67.34,17.2747,1
62,3720,174,32.1384,22.7107,-27.3584,21.6055,-27.9546,21.0503,-27.7187,22.2215,-26.6366,22.2292,-26.9829,21.0532,1
62,3720,175,-33.6482,6.25632,6.74142,14.7037,6.32507,14.1376,6.3025,15.2164,7.12666,15.209,7.24169,14.124,2
62,3720,184,31.367,-3.32389,-25.3895,26.6788,-25.5081,26.0703,-25.9848,26.9528,-25.263,27.3478,-24.8547,26.434,1
62,3720,187,29.003,-18.5054,60.4153,104.877,60.6896,103.936,59.7903,104.168,60.0966,105.822,60.9667,105.492,1
62,3720,192,40.2518,1.3273,21.9527,-138.809,22.6523,-138.326,22.1635,-139.809,21.1369,-139.374,21.7574,-137.954,1
62,3720,197,-27.2232,5.05452,-22.2935,43.2693,-22.5074,42.5848,-22.8666,43.5871,-22.084,43.8986,-21.6599,42.9257,1
63,3780,1,-18.1914,6.3138,69.0544,-146.521,69.6322,-146.316,69.0835,-148.129,68.4982,-146.684,69.0011,-144.807,1
63,3780,29,-23.4447,-21.8181,23.7474,109.839,23.297,109.297,23.3337,110.176,24.1294,110.336,24.1505,109.469,2
63,3780,30,-11.7914,-15.7452,7.30008,124.495,6.87843,124.163,6.96883,124.851,7.68465,124.817,7.61793,124.129,1
63,3780,31,35.8252,12.3297,46.0538,127.921,45.5772,127.203,45.6852,128.726,46.6095,128.758,46.3995,127.2,7
63,3780,37,25.656,1.77975,-79.5763,-82.907,-79.4418,-80.0711,-79.0421,-83.9427,-79.6934,-86.0585,-80.0702,-81.8669,1
63,3780,41,-30.8915,4.35918,15.8657,152.631,15.8715,151.946,15.2501,152.745,15.8669,153.257,16.5525,152.506,1
63,3780,71,-16.6279,-17.953,53.1771,-9.70621,53.8061,-9.59381,53.2791,-10.5899,52.6049,-9.83363,53.09,-8.81436,1
63,3780,73,-24.3448,23.4383,-16.1663,26.805,-15.64,27.085,-15.8455,26.179,-16.6983,26.5619,-16.5541,27.5108,2
63,3780,84,23.3947,-24.3913,-41.7293,-168.536,-41.8065,-169.243,-42.4399,-168.523,-41.6801,-167.818,-41.1076,-168.576,1
63,3780,86,-23.593,-6.13674,24.4344,-133.008,24.2897,-133.618,23.9534,-132.827,24.561,-132.444,24.941,-133.209,1
63,3780,93,-22.1088,-24.6305,24.2539,-104.671,24.1712,-105.461,23.7038,-104.697,24.3002,-103.974,24.8068,-104.683,1
63,3780,102,-30.7286,12.8362,10.9722,-110.645,10.6205,-111.17,10.5003,-110.191,11.3141,-110.169,11.5159,-111.154,1
63,3780,104,11.4052,-20.5906,79.0689,-88.9921,78.8108,-91.349,78.5132,-88.014,79.283,-86.5208,79.5703,-90.0809,1
63,3780,105,-28.3182,14.1147,61.0721,72.564,61.4368,73.5432,61.5124,71.6293,60.7069,71.689,60.5584,73.5667,3
63,3780,109,22.8182,-0.431213,-81.4997,75.5335,-81.1066,77.9137,-81.1338,72.6157,-81.9011,72.728,-81.8209,78.4783,1
63,3780,114,35.9573,12.9885,17.5838,-71.5756,17.5562,-72.2816,16.9594,-71.3918,17.6248,-70.7554,18.1547,-71.7221,1
63,3780,115,-18.8458,4.15761,44.9076,-44.7136,45.0231,-45.3939,44.4329,-44.8309,44.7983,-44.0646,45.4125,-44.5824,1
63,3780,119,9.40017,-20.8558,-17.8802,103.063,-17.3963,103.083,-17.7677,102.514,-18.3509,103.022,-17.9653,103.576,1
63,3780,128,28.1112,4.68064,68.1329,84.7352,68.7062,85.4508,68.3004,83.0202,67.4956,83.9929,67.9547,86.2889,3
63,3780,130,37.3352,-11.3526,49.1796,23.4416,49.6733,22.691,48.3989,22.6941,48.6043,24.2355,49.8472,24.0865,1
63,3780,131,-29.0771,-20.6702,48.5187,79.006,49.3232,78.6401,48.3458,78.1277,47.8161,79.2842,48.7268,79.9173,2
63,3780,133,21.5293,22.1234,-12.1217,132.22,-11.471,132.26,-12.0701,131.629,-12.857,132.199,-12.2031,132.801,2
63,3780,141,-37.0384,-16.9344,43.9275,-37.7025,43.2267,-38.6954,43.5135,-36.9271,44.4983,-36.8338,44.3477,-38.6018,1
63,3780,143,-25.34,-16.2631,63.8372,140.826,64.4216,141.86,64.183,139.749,63.3204,139.914,63.488,141.955,1
63,3780,151,37.363,17.2774,-46.17,-139.207,-45.4363,-139.65,-46.6,-140.05,-47.0324,-138.64,-45.8018,-138.428,1
63,3780,166,-39.2518,2.86803,6.35027,0.0038893,6.46096,-0.81928,5.61938,0.138142,6.26229,0.721886,7.1981,-0.154446,1
63,3780,169,-35.1152,21.3552,45.2529,126.515,45.9386,126.405,45.0264,125.42,44.6235,126.67,45.485,127.839,2
63,3780,180,-30.5416,4.75328,-11.1945,-135.694,-10.6492,-135.433,-11.045,-136.26,-11.6968,-135.928,-11.3622,-135.065,1
63,3780,185,16.0044,-23.397,9.54412,41.8815,9.35716,41.4045,8.94535,42.0019,9.70267,42.3622,10.0788,41.7523,2
63,3780,199,-28.2076,-13.6327,47.3054,69.4871,46.9941,68.4243,46.7494,69.9005,47.5607,70.4461,47.8838,69.0068,3
64,3840,15,-37.2444,7.40582,43.8187,134.012,44.0967,133.087,43.1283,133.893,43.5782,134.835,44.6161,134.16,1
64,3840,31,31.4431,-18.6995,46.6675,126.884,46.3081,126.252,46.0917,127.639,47.0226,127.593,47.1499,126.201,5
64,3840,43,38.1589,3.47627,47.8582,-121.12,48.4601,-121.732,47.2367,-121.86,47.159,-120.432,48.3934,-120.445,1
64,3840,44,17.4276,-12.2861,37.1271,-75.8467,37.6424,-75.9182,37.0714,-76.5829,36.5981,-75.7931,37.1855,-75.1662,1
64,3840,57,27.4862,1.12331,35.8466,-58.6846,36.4508,-58.7434,35.6995,-59.4694,35.1863,-58.623,35.9736,-57.9595,1
64,3840,58,34.4664,9.66028,9.22183,-30.546,9.94273,-30.4408,9.1573,-31.2816,8.39261,-30.6574,9.26098,-29.8784,1
64,3840,59,20.1554,0.585706,-16.9269,-7.07221,-16.3784,-6.99969,-16.8958,-7.68217,-17.5097,-7.15072,-16.9566,-6.49682,1
64,3840,61,-6.40247,24.988,19.9491,-14.3881,20.4575,-14.3464,20.0729,-14.9391,19.4141,-14.4023,19.7877,-13.7969,1
64,3840,73,-37.1796,-1.68203,-16.5729,28.5466,-15.8563,28.9631,-16.4069,27.8331,-17.1997,28.1827,-16.7508,29.3614,1
64,3840,93,-40.2026,-1.69834,29.9377,-101.617,30.1118,-102.587,29.2198,-101.521,29.7858,-100.785,30.7667,-101.74,3
64,3840,95,-20.8763,7.74383,44.9506,-6.27441,45.4568,-6.53247,44.7309,-6.96346,44.4697,-6.01944,45.1773,-5.5198,1
64,3840,117,-5.76598,-23.6142,35.4456,57.5279,35.973,57.4111,35.4706,56.9134,34.9537,57.6095,35.4419,58.1161,1
64,3840,126,-39.0257,-6.46022,40.7175,-73.0715,40.1727,-74.0808,40.2517,-72.3039,41.1738,-72.1939,41.2281,-73.9752,1
64,3840,130,-39.6207,-6.90658,58.1067,28.3419,58.7697,27.0518,57.4488,27.6952,57.5305,29.398,58.8642,29.0785,1
64,3840,137,-31.3818,-5.3352,-15.3032,-70.1149,-15.3371,-70.8787,-15.9151,-69.9722,-15.2738,-69.4333,-14.6346,-70.2816,1
64,3840,149,-35.1529,17.4617,-19.9276,-41.9969,-20.2572,-42.6941,-20.5611,-41.4586,-19.594,-41.3777,-19.167,-42.609,1
64,3840,165,33.4333,22.3689,-20.7123,-15.5345,-20.769,-16.371,-21.3637,-15.3913,-20.6143,-14.5471,-20.0947,-15.6255,1
64,3840,167,31.0352,-18.8034,27.3688,33.2327,27.5057,32.5788,26.5621,33.0626,27.1886,33.9169,28.0689,33.3621,1
64,3840,169,-37.7162,4.98359,44.6944,128.856,45.4665,128.729,44.4055,127.924,44.0144,128.982,45.017,129.945,7
64,3840,193,30.406,3.22434,-18.8409,-123.68,-18.2666,-123.312,-18.5845,-124.387,-19.479,-124.091,-19.0793,-123.037,1
64,3840,198,-20.7399,8.8798,19.0048,57.6636,18.77,57.08,18.4676,57.9528,19.2395,58.2188,19.5912,57.3558,1
65,3900,10,26.4965,23.2649,-45.4181,-38.9035,-44.8085,-39.2521,-45.6353,-39.6499,-46.1085,-38.4603,-45.2335,-38.165,1
65,3900,15,-38.6296,10.0122,46.1286,138.543,46.4716,137.59,45.4049,138.344,45.8349,139.391,46.9752,138.796,3
65,3900,17,-23.7468,-4.95655,35.17,-123.43,35.7499,-123.476,35.0906,-124.057,34.6353,-123.392,35.258,-122.763,1
65,3900,28,-35.1085,-11.9552,-3.22692,103.452,-3.65615,102.815,-3.64727,103.864,-2.86275,104.009,-2.77878,102.984,2
65,3900,52,-33.8256,-3.95884,-33.2552,123.535,-33.0957,122.624,-33.9176,123.544,-33.3917,124.343,-32.5183,123.512,1
65,3900,76,27.6041,17.5729,-44.1915,179.812,-44.4207,178.931,-44.7444,-179.819,-43.9053,-179.205,-43.6533,179.5,1
65,3900,83,17.6865,-11.7642,-59.8241,158.054,-59.6727,157.138,-60.3464,157.702,-59.9853,158.994,-59.3366,158.352,1
65,3900,94,-25.368,-1.276,47.9851,-55.0807,48.3217,-55.8164,47.504,-55.4601,47.6707,-54.4096,48.5038,-54.6686,1
65,3900,101,-34.5986,7.78775,-17.8487,-113.109,-18.2087,-113.729,-18.3259,-112.607,-17.5103,-112.559,-17.2977,-113.674,1
65,3900,116,-27.1699,14.3417,52.4539,24.0637,52.9666,23.7746,52.2113,23.2156,51.9738,24.3594,52.7066,25.0349,1
65,3900,137,14.5199,-22.679,-16.451,-65.3271,-16.5517,-65.9041,-17.1164,-65.3258,-16.3788,-64.755,-15.8494,-65.3516,2
65,3900,146,21.2062,-5.68766,-52.7837,145.588,-52.3769,146.215,-52.3831,144.808,-53.2024,144.904,-53.1471,146.329,1
65,3900,154,-38.0336,-12.7107,3.55167,-20.7104,3.55591,-21.6189,2.9014,-20.5633,3.53691,-19.9393,4.27319,-20.9016,1
65,3900,169,-35.8405,-18.5678,43.9593,129.792,44.8441,129.37,43.6732,128.992,43.2056,130.116,44.2985,130.651,1
65,3900,195,34.2785,19.6244,-74.5404,-11.4136,-74.2446,-14.3623,-75.2733,-11.8779,-74.8149,-7.76881,-73.8687,-10.8828,1
65,3900,196,-20.8832,-6.60101,-46.3217,30.2356,-46.4936,29.3353,-46.8658,30.5078,-46.1615,31.0664,-45.7531,29.942,1
66,3960,7,-27.795,12.6285,-23.9387,60.8691,-24.1594,60.1935,-24.5451,61.21,-23.7099,61.4939,-23.2504,60.5027,1
66,3960,15,-34.0115,-16.3542,46.0643,139.956,46.2652,138.814,45.4749,139.842,45.8686,140.925,46.7071,140.04,2
66,3960,49,-32.4878,-4.4864,-30.6402,110.019,-30.5397,109.185,-31.2577,110.059,-30.7271,110.762,-29.9594,109.964,1
66,3960,72,35.452,16.1518,5.22695,11.0968,5.9392,11.4118,5.36828,10.3907,4.38374,10.7441,5.06836,11.7343,1
66,3960,82,34.3143,19.583,-62.5043,95.1133,-61.829,94.5729,-62.8194,93.9116,-63.2875,95.8234,-62.2312,96.2384,1
66,3960,93,-34.2816,-20.3506,32.9053,-96.5828,32.9287,-97.6474,32.2931,-96.5491,32.8593,-95.6823,33.5619,-96.6652,3
66,3960,96,31.8934,20.3739,15.2444,33.8832,15.9605,33.8304,15.1235,33.2443,14.4109,33.9672,15.3236,34.4902,6
66,3960,135,-28.9387,6.60199,-50.7396,-136.693,-50.2774,-137.414,-51.2534,-137.286,-51.1546,-136.002,-50.1679,-136.042,1
66,3960,139,31.6684,15.8585,41.8666,-6.59898,42.011,-7.55188,41.1979,-6.64269,41.7074,-5.50238,42.4869,-6.52145,1
66,3960,143,-6.67216,21.432,48.7173,139.149,49.1506,139.655,49.1055,138.522,48.2511,138.664,48.2791,139.787,2
66,3960,152,36.6387,18.3002,-43.8195,-70.872,-43.5748,-71.9127,-44.525,-70.9594,-44.0785,-69.6173,-43.1807,-70.7482,1
66,3960,159,-24.7616,0.0366636,-3.06016,167.134,-2.47063,167.181,-3.07891,166.585,-3.60713,167.093,-3.03766,167.726,1
66,3960,195,35.2241,12.6746,-73.2894,-2.40347,-73.0767,-5.06504,-74.0597,-2.44081,-73.4799,0.779125,-72.5922,-2.28854,2
67,4020,8,31.2309,-6.18621,10.5799,77.2347,10.3317,76.6212,9.92184,77.6509,10.8382,77.9126,11.1633,76.8591,1
67,4020,34,25.1938,-11.6811,13.2685,-56.7884,13.5912,-56.3719,13.7325,-57.2135,12.94,-57.2359,12.8552,-56.3984,1
67,4020,40,32.468,-14.647,-5.99475,142.235,-5.98832,141.624,-6.79563,142.322,-6.02681,142.896,-5.30026,142.147,1
67,4020,49,-11.5084,16.7095,-28.302,116.32,-28.2939,115.736,-28.8357,116.289,-28.2889,116.908,-27.7296,116.372,1
67,4020,61,26.9902,-14.532,11.9795,-12.7885,12.5044,-12.6627,12.1028,-13.4681,11.4309,-12.9411,11.8807,-12.1815,2
67,4020,62,-38.5592,-11.6217,-13.6664,13.6083,-12.7987,13.769,-13.7083,12.934,-14.402,13.4617,-13.5928,14.3641,2
67,4020,65,-13.317,14.5997,-37.9233,143.752,-37.8847,143.128,-38.4316,143.696,-37.9427,144.374,-37.3788,143.828,1
67,4020,67,38.372,1.80883,14.8622,-165.494,14.8645,-166.208,14.1218,-165.265,14.8539,-164.673,15.512,-165.689,1
67,4020,90,-16.2063,16.9466,-36.698,-174.387,-36.5444,-174.998,-37.2141,-174.598,-36.8284,-173.772,-36.1403,-174.141,1
67,4020,96,32.1397,-5.88379,14.5305,34.3885,15.1223,34.4523,14.4768,33.6611,13.8816,34.3074,14.5798,35.0356,10
67,4020,117,-34.5592,13.1806,26.7095,71.0138,27.3141,71.1979,26.7418,70.2831,26.1522,70.8691,26.6551,71.8558,2
67,4020,136,14.7657,15.0912,-35.3234,-83.8861,-35.3446,-84.5744,-35.863,-83.8632,-35.2807,-83.1438,-34.7877,-83.8864,1
67,4020,140,-19.7223,19.7243,26.9108,-37.1223,26.5547,-37.6283,26.4101,-36.6977,27.2819,-36.6384,27.4794,-37.5799,1
67,4020,143,19.7954,-2.95339,47.0321,135.46,47.4604,135.973,47.376,134.74,46.5814,134.922,46.7071,136.128,2
67,4020,171,21.0272,21.6253,-63.0014,-167.045,-62.546,-166.111,-62.6022,-167.905,-63.5215,-168.092,-63.4117,-166.219,1
67,4020,176,-20.3886,12.5059,62.0499,13.2353,61.6639,12.4047,61.6606,14.1121,62.4297,14.0351,62.4776,12.2696,2
67,4020,194,35.9537,-10.9119,-61.2709,-101.409,-60.6207,-100.82,-61.0654,-103.289,-61.9802,-102.141,-61.4177,-99.7703,1
68,4080,25,-16.6214,8.45222,-76.2037,-21.6808,-75.7181,-21.8469,-76.2566,-23.7211,-76.6741,-21.4692,-76.1359,-19.5172,1
68,4080,41,39.2733,-10.5651,23.9468,169.225,24.0887,168.473,23.0115,169.288,23.7575,170.069,24.7381,169.163,1
68,4080,60,25.7445,-3.38617,35.5674,-35.4662,36.1018,-35.4457,35.5167,-36.1964,34.9935,-35.495,35.6117,-34.7951,1
68,4080,61,15.6043,11.4354,7.63359,-8.43481,8.13782,-8.3591,7.69573,-8.93521,7.09143,-8.50543,7.5597,-7.94609,2
68,4080,96,21.9007,-21.8931,13.7426,36.6055,14.2818,36.6091,13.8206,35.8991,13.1973,36.5715,13.6918,37.2339,1
68,4080,98,-34.5905,-5.7486,-32.7674,96.5044,-32.0257,96.3693,-32.9894,95.811,-33.4202,96.6215,-32.5049,97.2658,1
68,4080,102,34.0396,19.4563,30.3017,-103.972,29.7987,-104.614,29.8877,-103.376,30.9046,-103.225,30.7087,-104.505,4
68,4080,111,11.673,18.5633,-46.186,-141.372,-46.0918,-142.071,-46.6427,-141.537,-46.2662,-140.611,-45.729,-141.181,1
68,4080,133,-33.132,0.171654,-21.6415,146.195,-20.9156,146.335,-21.6645,145.484,-22.2919,146.073,-21.6082,146.99,2
68,4080,137,6.6475,-19.6281,-6.6772,-59.5621,-6.79496,-60.1013,-7.26323,-59.5302,-6.58368,-59.0348,-6.13072,-59.6115,2
68,4080,142,-17.9206,-5.55156,79.6338,128.516,80.1394,130.281,79.882,125.802,79.1541,126.99,79.359,131.226,1
68,4080,143,10.9437,-21.8855,45.2792,136.815,45.7454,137.272,45.7288,136.166,44.8379,136.346,44.8796,137.423,2
68,4080,176,20.471,-23.3179,62.2711,21.0289,61.8965,20.1418,61.6717,21.8546,62.6158,21.9851,62.7852,20.229,1
68,4080,187,-35.5443,-13.0606,64.789,156.313,65.5475,155.793,64.5236,155.072,64.1313,156.714,65.09,157.683,2
69,4140,23,34.1611,10.7212,-13.993,-74.5792,-13.4877,-74.1693,-13.7149,-75.1677,-14.5769,-75.0434,-14.2599,-74.0498,3
69,4140,28,-16.1477,-17.2044,11.1811,106.855,10.8186,106.418,10.7857,107.14,11.5018,107.267,11.5676,106.552,2
69,4140,45,21.3785,20.8492,-5.98756,-35.4765,-5.37035,-35.4483,-5.95454,-36.0356,-6.6807,-35.486,-6.0476,-34.9275,2
69,4140,65,-15.7724,10.0728,-32.7731,149.398,-32.7587,148.803,-33.2797,149.401,-32.7735,149.98,-32.2314,149.406,1
69,4140,85,-24.3772,24.7921,15.4884,-139.861,15.3692,-140.413,14.8634,-139.739,15.6384,-139.325,16.2098,-139.975,1
69,4140,102,37.0376,-3.21765,31.5599,-103.64,31.2146,-104.309,31.0094,-102.974,31.938,-102.871,32.0379,-104.227,6
69,4140,108,-13.0233,18.059,-69.5166,80.6546,-69.0986,81.4776,-69.1848,79.4627,-69.9445,79.8428,-69.8806,81.9563,1
69,4140,113,-18.5177,9.87664,10.0841,-85.8204,10.0483,-86.3146,9.5942,-85.7598,10.1287,-85.3429,10.6129,-85.8775,1
69,4140,124,34.1853,21.9369,-9.64202,-70.9479,-10.2154,-71.5753,-10.089,-70.3797,-8.93891,-70.2225,-9.19217,-71.4476,1
69,4140,133,-31.9302,-15.6561,-23.2335,147.261,-22.3975,147.286,-23.2771,146.582,-23.9584,147.223,-23.1549,147.988,1
69,4140,137,17.6426,-20.5711,-4.41889,-56.8513,-4.51295,-57.4028,-5.09262,-56.8198,-4.35111,-56.2951,-3.81217,-56.8997,2
69,4140,176,17.4154,-21.8648,66.2556,20.7225,65.8849,19.7329,65.7014,21.6236,66.5971,21.7834,66.7374,19.8346,1
69,4140,183,33.9342,-5.54562,-34.0345,20.1128,-34.1224,19.415,-34.688,20.41,-33.9431,20.8859,-33.4573,19.8506,1
70,4200,65,-30.9771,-5.74446,-30.0131,149.753,-29.9896,148.975,-30.5815,149.84,-30.0336,150.449,-29.3933,149.647,2
70,4200,77,29.025,11.4693,5.83742,-158.615,5.58495,-159.216,5.29671,-158.286,6.13095,-157.943,6.3506,-158.907,1
70,4200,99,16.205,20.9595,-47.8008,155.17,-47.5091,154.453,-48.2307,154.732,-48.099,155.986,-47.382,155.634,1
70,4200,133,-25.2101,-1.6394,-27.7084,150.322,-27.0762,150.378,-27.7277,149.669,-28.2915,150.27,-27.68,151.025,1
71,4260,13,-28.5529,15.3315,12.4457,95.105,12.4806,94.511,11.8252,95.1397,12.433,95.6663,13.1488,95.0811,1
71,4260,52,23.7084,-4.0822,-21.6049,144.826,-21.6123,144.215,-22.2331,144.898,-21.6015,145.476,-21.0256,144.757,1
71,4260,55,23.4672,5.9335,48.8655,-120.854,49.2257,-121.56,48.358,-121.335,48.4728,-120.093,49.3372,-120.38,1
71,4260,65,-32.7966,-3.35409,-26.9264,152.429,-26.9021,151.656,-27.5145,152.54,-26.9452,153.119,-26.2767,152.3,1
71,4260,68,25.2178,2.90742,49.302,-119.827,49.5311,-120.582,48.7601,-120.1,49.0489,-119.013,49.8048,-119.56,1
71,4260,71,24.2739,-24.1531,25.6327,2.45978,26.1761,2.69607,26.0053,1.68708,25.0954,2.18417,25.3255,3.14167,2
71,4260,72,26.5295,-1.53643,-10.0327,16.9304,-9.52154,17.2081,-9.80501,16.3246,-10.5837,16.6249,-10.2413,17.4872,2
71,4260,148,-29.5411,9.07736,-30.7948,-44.2214,-31.1324,-44.8865,-31.301,-43.7215,-30.4666,-43.6188,-30.2196,-44.7681,1
72,4320,0,30.3829,21.6679,65.8322,-158.824,66.6142,-159.133,65.659,-160.43,64.9223,-158.424,65.9423,-157.26,1
72,4320,1,-34.4221,7.16163,39.4098,-118.206,40.0128,-117.592,39.712,-119.086,38.8551,-118.735,39.0516,-117.214,1
72,4320,5,22.1882,8.26859,-70.956,27.8747,-70.9518,26.013,-71.5611,28.0565,-70.9315,29.8994,-70.3792,27.7471,1
72,4320,8,-23.8761,7.79982,31.5276,76.2387,31.2749,75.5718,30.9892,76.5966,31.7739,76.8665,32.1192,75.8499,2
72,4320,9,25.662,24.5133,63.3831,110.002,63.2643,108.345,62.7491,110.186,63.5259,111.925,64.009,109.907,2
72,4320,13,33.0642,24.3944,12.2831,102.627,12.1827,101.851,11.6679,102.771,12.4267,103.545,12.8728,102.532,1
72,4320,17,21.3558,19.5258,12.1636,-105.557,12.7431,-105.566,12.1548,-106.098,11.5175,-105.527,12.1467,-105.026,1
72,4320,18,-37.6391,12.5944,-10.9618,-77.808,-10.2733,-77.6146,-10.96,-78.5578,-11.5841,-77.9598,-10.9736,-76.9283,1
72,4320,22,-28.5341,20.0133,10.3324,-73.566,10.7402,-73.1738,10.7303,-74.0656,9.92378,-73.9186,9.85982,-73.008,1
72,4320,25,-34.4168,-2.78015,-76.0549,40.0441,-75.7356,37.5383,-76.6319,39.4354,-76.3156,42.3587,-75.408,40.6397,1
72,4320,29,37.6445,-5.51494,56.8336,127.522,56.6978,126.398,56.1442,128.15,56.9623,128.804,57.4278,126.954,2
72,4320,34,-23.8737,-23.671,-4.69749,-54.5451,-4.15265,-54.0874,-4.30877,-54.9116,-5.16079,-54.9631,-5.06862,-54.1495,1
72,4320,38,35.3762,20.53,-26.6509,128.789,-27.2434,128.271,-26.953,129.438,-25.9325,129.377,-26.3387,128.213,1
72,4320,39,-36.0358,-11.0302,5.53823,119.821,4.96561,119.268,5.21176,120.339,6.02631,120.306,5.88212,119.234,1
72,4320,42,-36.5417,-18.1567,55.4988,-136.84,56.0572,-138.211,54.9195,-137.375,55.0036,-135.733,56.149,-136.293,1
72,4320,63,37.0321,17.9491,-56.7841,65.0807,-56.0957,64.449,-57.2292,64.1006,-57.5882,65.8931,-56.398,65.988,1
72,4320,68,-35.2797,14.0353,56.3878,-115.628,56.7939,-116.596,55.7461,-116.158,56.0301,-114.738,57.1249,-114.964,2
72,4320,69,-9.41632,17.4268,49.4748,-54.7448,49.9469,-54.9419,49.3674,-55.505,49.0004,-54.5217,49.5678,-53.9231,1
72,4320,79,-25.2422,6.59188,71.1718,-85.8364,71.5481,-87.3039,70.672,-86.7984,70.8162,-84.492,71.7103,-84.71,1
72,4320,86,35.811,19.8244,49.7937,-100.037,49.8584,-101.195,49.1389,-99.94,49.7233,-98.6647,50.398,-100.075,1
72,4320,89,-30.3303,7.23281,10.0724,31.4096,10.6189,31.6654,10.2221,30.8304,9.56469,31.1848,9.89843,32.0548,1
72,4320,92,33.2742,-12.1149,19.8602,-103.769,19.9762,-104.395,19.0869,-103.805,19.7105,-103.091,20.5352,-103.748,1
72,4320,95,-14.1821,16.5903,27.8358,24.3621,28.3421,24.3331,27.8201,23.762,27.3319,24.4118,27.8339,25.012,1
72,4320,115,14.837,21.1101,51.0637,7.08563,51.4483,6.52687,50.7637,6.48603,50.6519,7.71166,51.3446,7.72053,1
72,4320,118,32.0142,-22.171,-17.526,97.6307,-16.9847,97.7603,-17.3545,96.8076,-18.0895,97.456,-17.6504,98.3386,1
72,4320,121,-9.30555,16.5208,-71.5799,126.692,-71.0848,127.344,-71.3324,125.133,-72.0864,126.054,-71.8455,128.378,1
72,4320,122,15.2756,-22.6053,-74.3724,-90.5766,-74.6545,-92.4449,-75.0118,-89.6534,-74.1046,-88.7427,-73.8003,-91.4247,1
72,4320,123,4.53201,23.3923,-34.2787,-77.981,-34.6674,-78.4893,-34.734,-77.5941,-33.8389,-77.461,-33.7841,-78.3547,1
72,4320,127,-30.4048,13.0411,71.1401,97.7971,71.6131,99.2775,71.5351,95.9961,70.6759,96.5322,70.6602,99.7312,3
72,4320,129,33.1903,15.2943,-1.38385,102.204,-0.796746,102.683,-1.04665,101.585,-2.07449,101.663,-1.71824,102.762,1
72,4320,136,30.8531,10.9824,-22.5221,-69.6796,-22.5862,-70.4117,-23.1637,-69.4869,-22.4349,-68.8525,-21.9244,-69.8373,1
72,4320,138,-18.8761,-21.348,34.6108,-29.2643,34.5155,-30.1004,34.0473,-29.2594,34.6706,-28.5103,35.1753,-29.3048,1
72,4320,152,-30.2976,22.917,-25.7897,-52.9214,-25.6193,-53.5811,-26.5012,-53.0882,-25.9132,-52.2797,-24.9636,-52.7014,1
72,4320,153,-26.9803,-10.4634,-4.02931,-27.7474,-4.04192,-28.415,-4.57981,-27.6902,-4.02625,-27.1469,-3.4451,-27.8237,1
72,4320,154,-31.3593,-15.9781,21.6708,-3.00699,21.6578,-3.84937,21.0855,-2.94375,21.6643,-2.27345,22.2952,-3.1041,2
72,4320,155,-29.6586,8.85228,44.0128,35.0871,44.3026,34.3221,43.4261,34.8123,43.7517,35.7973,44.6662,35.4116,1
72,4320,156,37.0894,-15.5094,41.9197,82.0953,42.5081,81.719,41.3808,81.1077,41.2542,82.4655,42.3807,82.934,1
72,4320,157,23.3141,-23.3462,29.2737,123.296,29.8229,123.201,29.2489,122.455,28.713,123.353,29.3131,124.034,1
72,4320,158,22.2528,1.02573,3.57534,153.393,4.10868,153.425,3.55752,152.826,3.00425,153.358,3.58912,153.925,1
72,4320,160,37.2783,-9.35933,-3.61185,175.646,-2.95917,175.795,-3.62378,174.781,-4.33897,175.458,-3.59421,176.389,1
72,4320,165,-27.662,21.8944,5.25484,-1.1955,5.2999,-1.79696,4.56446,-1.21661,5.24466,-0.614289,6.04911,-1.14689,1
72,4320,166,34.6084,2.79452,24.8258,28.4748,24.9542,27.7559,24.1034,28.5077,24.676,29.2859,25.4719,28.4533,1
72,4320,168,-32.5071,-23.9954,47.7348,114.454,48.5233,113.706,47.4072,113.675,47.0543,115.037,48.113,115.249,1
72,4320,173,-1.20221,18.5713,-26.5787,15.3596,-26.9538,14.9654,-26.9614,15.7489,-26.1733,15.7518,-26.163,14.97,1
72,4320,174,33.7055,20.2084,9.98083,19.0865,9.41789,18.5484,9.59745,19.6506,10.6582,19.7054,10.3657,18.5819,2
72,4320,175,28.3643,-21.6965,41.365,19.4213,40.9995,18.8092,40.7083,20.0591,41.7132,20.0945,41.9178,18.8364,1
72,4320,183,38.0289,0.615423,-23.6022,26.1748,-23.728,25.4714,-24.2613,26.5538,-23.4584,26.9791,-23.022,25.8509,1
72,4320,184,33.2615,-6.26554,8.51794,41.0685,8.40244,40.498,7.87935,41.3344,8.6331,41.7002,9.08167,40.8289,1
72,4320,192,36.9709,-0.934295,-12.8233,-128.706,-12.2115,-128.257,-12.5265,-129.544,-13.5148,-129.227,-13.0846,-127.973,1
72,4320,196,22.7629,-11.7155,-24.4372,45.8147,-24.6674,45.2219,-25.0653,46.1384,-24.2104,46.4393,-23.8704,45.5123,1
72,4320,197,-26.4176,-16.3434,10.7872,52.1884,10.3897,51.5013,10.2649,52.5144,11.1238,52.8065,11.3198,51.8222,1
72,4320,198,-4.35457,24.0743,47.616,71.5638,47.3972,70.7729,47.0377,71.7635,47.8681,72.3869,48.246,71.3847,3
73,4380,3,12.8546,19.75,-35.8759,-100.938,-35.323,-100.65,-35.6204,-101.56,-36.4861,-101.232,-36.1537,-100.32,1
73,4380,14,-35.2052,12.6989,42.8558,130.424,43.1078,129.576,42.171,130.271,42.641,131.199,43.6467,130.622,1
73,4380,20,26.589,20.5986,73.3257,-119.407,73.9388,-119.574,73.252,-121.288,72.6285,-119.162,73.3528,-117.573,1
73,4380,30,37.605,-0.63678,46.6676,125.744,46.2694,124.987,46.2109,126.616,47.1105,126.625,47.0647,124.972,1
73,4380,36,24.0961,5.93651,-81.6429,-92.2414,-81.5544,-88.6446,-81.1132,-93.0884,-81.7061,-96.2231,-82.1416,-91.3959,2
73,4380,43,19.7686,-8.70955,37.9938,-80.0364,38.5141,-80.1114,37.9081,-80.7776,37.4512,-79.9737,38.0762,-79.35,3
73,4380,45,26.9482,8.77056,-17.2204,-28.114,-16.6235,-28.0355,-17.2228,-28.7438,-17.8826,-28.1934,-17.2291,-27.5246,1
73,4380,46,39.2402,3.56325,-43.8175,-0.19344,-43.0689,-0.183711,-44.0613,-1.28665,-44.6874,-0.20653,-43.6065,0.757073,1
73,4380,58,29.8404,19.8991,-17.5717,-10.2958,-16.8378,-10.2613,-17.6046,-10.9757,-18.4213,-10.3122,-17.5717,-9.65037,1
73,4380,59,-19.9849,-3.62801,-37.587,20.8007,-36.9965,20.6989,-37.6926,20.1225,-38.1396,20.8944,-37.466,21.5111,1
73,4380,77,-33.7876,18.3927,19.4657,-160.88,19.312,-161.59,18.7561,-160.568,19.6372,-160.23,20.3041,-161.229,1
73,4380,92,-34.9835,18.8452,29.5881,-103.057,29.7672,-103.802,28.8355,-103.133,29.4512,-102.364,30.4729,-102.943,3
73,4380,101,-24.732,-10.6889,10.4098,-112.484,9.97201,-112.954,10.0412,-112.087,10.7994,-112.051,10.787,-112.914,1
73,4380,104,28.3405,6.32391,59.589,59.5663,60.0557,60.2929,59.8798,58.5061,59.0647,58.7925,59.3038,60.5223,2
73,4380,105,-25.0434,-1.80173,24.8944,70.6284,25.3086,71.1041,25.2414,70.1644,24.5106,70.192,24.5228,71.1273,2
73,4380,106,14.9991,12.1581,-12.4727,68.573,-12.0808,68.9253,-12.1415,68.1765,-12.9,68.2027,-12.8083,68.9549,1
73,4380,108,18.121,23.2389,-85.4477,82.2134,-84.9065,85.1887,-85.1544,76.737,-86.0464,78.2451,-85.7223,88.2382,1
73,4380,109,30.3827,15.7566,-59.0763,-109.422,-59.5472,-110.339,-59.4397,-108.448,-58.5195,-108.427,-58.7108,-110.287,1
73,4380,113,34.5155,21.8322,19.9717,-72.0852,19.8883,-72.8492,19.3744,-71.9164,20.0891,-71.1825,20.536,-72.2066,1
73,4380,125,-30.8977,22.4904,41.7071,-73.677,41.3616,-74.4454,41.0652,-73.0674,42.0649,-72.9682,42.4715,-74.3781,1
73,4380,126,-19.5736,23.0418,76.8076,-57.2541,76.5559,-59.5368,76.1958,-56.2641,77.0684,-54.948,77.5001,-58.3689,2
73,4380,128,37.5765,5.83587,31.4917,96.7757,32.0703,97.375,31.8293,95.9003,30.8162,96.0931,31.1758,97.5366,2
73,4380,131,-17.0909,24.3525,17.615,112.072,18.1756,112.156,17.7637,111.426,17.0431,112.021,17.4196,112.786,1
73,4380,132,40.2333,0.780432,-13.044,127.315,-12.2982,127.563,-13.0615,126.389,-13.9105,127.018,-13.0341,128.112,1
73,4380,139,-25.8739,13.067,56.2436,26.3575,56.6749,25.5837,55.7547,25.6367,55.8433,27.0995,56.7752,27.202,1
73,4380,141,-11.8599,-23.1767,80.4965,-19.5141,80.1212,-22.7286,79.9617,-18.3098,80.7902,-16.3006,81.0012,-20.991,1
73,4380,146,26.3616,-4.03397,-82.7327,154.263,-82.2454,156.839,-82.3852,149.857,-83.2338,151.032,-83.0076,158.653,3
73,4380,148,-31.6002,15.1681,-22.6102,-44.0095,-22.9435,-44.6522,-23.1777,-43.5137,-22.2762,-43.4296,-21.9459,-44.5604,1
73,4380,154,-38.6724,6.74471,26.627,0.956789,26.8162,0.108872,25.8864,1.00273,26.4706,1.70501,27.4903,0.906855,3
73,4380,159,38.2936,9.82549,-26.8223,-178.717,-26.0688,-178.695,-27.0192,-179.541,-27.705,-178.734,-26.6624,-177.983,1
73,4380,163,-36.1121,-11.2523,-39.4035,-62.4485,-39.037,-63.4409,-40.0359,-62.6452,-39.7205,-61.5908,-38.6962,-62.2628,1
73,4380,185,14.5675,-22.7641,42.5876,61.0549,42.4902,60.3863,41.9947,61.0644,42.6546,61.7208,43.1242,61.0187,2
73,4380,199,37.4678,13.4673,67.8721,140.45,68.4811,138.846,67.1677,139.371,67.143,142.267,68.4808,141.539,1
74,4440,51,-35.7049,-10.334,-34.8483,118.217,-34.6774,117.174,-35.5238,118.23,-34.9969,119.118,-34.0988,118.175,1
74,4440,53,-11.1111,19.0976,18.8712,173.356,18.8283,172.788,18.3053,173.364,18.9358,173.93,19.4833,173.368,1
74,4440,70,-18.0431,17.8415,45.7157,-5.22219,46.2339,-4.96605,45.9076,-6.01633,45.1961,-5.44019,45.4811,-4.36436,1
74,4440,84,30.7734,-9.18048,-4.76591,-146.245,-4.87147,-146.793,-5.40698,-146.025,-4.66527,-145.649,-4.19816,-146.448,1
74,4440,85,-35.5908,9.03298,31.3883,-132.987,31.3391,-133.773,30.7555,-132.748,31.4438,-132.28,32.1177,-133.258,1
74,4440,88,32.56,16.1788,30.857,10.6255,31.5135,10.7538,30.8553,9.9098,30.0969,10.4981,30.8305,11.2888,1
74,4440,90,-23.019,18.7956,-20.1429,-152.074,-20.0722,-152.654,-20.7407,-152.14,-20.1853,-151.507,-19.4753,-151.981,1
74,4440,91,30.6562,24.7008,2.81774,-122.282,2.72227,-123.021,2.21072,-122.171,2.95724,-121.416,3.40579,-122.348,1
74,4440,92,-37.2055,-12.1763,30.0517,-103.212,30.1299,-104.21,29.4087,-103.122,29.9692,-102.362,30.765,-103.342,4
74,4440,140,-23.0806,4.46854,51.5303,-37.1497,51.164,-37.9198,51.0993,-36.517,51.876,-36.4205,51.9952,-37.8445,1
74,4440,154,-23.0898,-9.29405,26.6236,3.92127,26.6596,3.23551,26.0934,3.91644,26.5802,4.54745,27.1811,3.9122,3
74,4440,167,-36.5384,2.15168,50.6924,74.729,51.2259,73.8598,50.0878,74.2031,50.2206,75.4888,51.38,75.3429,2
74,4440,168,-40.034,-0.573564,44.4951,127.924,45.3573,127.779,44.1725,126.988,43.7529,128.052,44.8661,129.016,5
75,4500,2,-27.8259,3.82392,-5.86903,-106.588,-5.31558,-106.201,-5.58528,-107.166,-6.38369,-106.94,-6.1825,-105.952,1
75,4500,14,35.614,16.0864,40.7354,143.772,40.987,142.872,40.0716,143.647,40.4474,144.827,41.3366,143.925,1
75,4500,35,-29.6188,-9.54338,-53.3944,-56.4039,-52.9379,-55.5976,-53.0402,-57.1018,-53.7918,-57.1468,-53.7603,-55.6233,1
75,4500,51,-25.3167,1.41461,-32.7592,123.763,-32.659,123.026,-33.3473,123.739,-32.8445,124.449,-32.1215,123.789,1
75,4500,78,-17.2124,7.77026,56.3026,-133.877,56.2484,-134.848,55.7666,-133.741,56.3571,-132.936,56.8764,-134.013,1
75,4500,92,-37.0202,-17.2474,32.1225,-100.639,32.1758,-101.729,31.4833,-100.562,32.0548,-99.7225,32.8229,-100.766,1
75,4500,94,37.0799,5.04312,37.6922,-5.24688,38.3636,-5.47686,37.308,-6.04866,36.9199,-4.98507,38.0185,-4.52221,3
75,4500,100,-35.9861,15.6583,-15.1502,-115.642,-15.4857,-116.276,-15.7092,-115.123,-14.8198,-115.083,-14.482,-116.236,1
75,4500,101,14.6751,16.9342,20.3454,-108.833,19.9669,-109.241,19.972,-108.46,20.7667,-108.401,20.73,-109.192,1
75,4500,168,-33.9159,-22.2799,43.1031,128.685,43.9825,128.225,42.8534,127.898,42.3536,129.035,43.4036,129.51,1
75,4500,198,27.7729,21.0404,55.3448,84.8492,55.1942,83.5585,54.7078,85.1317,55.526,86.3403,55.964,84.6318,5
76,4560,11,-39.7161,7.95839,-25.9428,55.4343,-25.7142,54.6115,-26.688,55.4536,-26.1235,56.1638,-25.0671,55.4178,1
76,4560,48,33.3098,6.22995,-33.4366,115.227,-33.3937,114.434,-34.1176,115.358,-33.4746,116.126,-32.818,115.124,1
76,4560,55,30.6975,23.1692,46.5721,-91.1563,47.2197,-91.798,46.1617,-91.9064,45.8226,-90.3894,46.9252,-90.3953,2
76,4560,91,36.8648,-4.91948,5.46541,-119.208,5.55286,-119.861,4.67725,-119.112,5.35393,-118.474,6.15148,-119.293,1
76,4560,111,-36.676,16.7704,-23.2177,-117.602,-23.0871,-118.3,-23.9317,-117.58,-23.3065,-116.962,-22.376,-117.61,1
76,4560,127,34.9702,2.73799,56.0636,88.7952,56.6467,89.5259,56.3257,87.485,55.3977,87.9911,55.8109,89.9419,7
76,4560,134,-22.4639,12.3385,-51.1779,-135.777,-50.8007,-136.477,-51.66,-136.349,-51.5229,-135.077,-50.6518,-135.146,1
76,4560,142,35.897,10.6353,47.4453,130.137,48.0524,130.834,47.7384,129.095,46.7295,129.359,47.1546,131.051,1
76,4560,151,20.6623,8.2619,-41.9232,-73.9683,-41.7427,-74.654,-42.4461,-74.1597,-42.1069,-73.2191,-41.4251,-73.7749,1
76,4560,175,29.2759,16.321,60.3668,20.6966,59.9226,19.6816,59.9459,21.6142,60.8765,21.8647,60.7759,19.8448,1
76,4560,182,-31.8778,23.8329,-36.3016,7.94847,-36.3078,7.20674,-37.0124,8.03417,-36.2533,8.65061,-35.462,7.88092,1
76,4560,194,30.5697,17.9743,-71.6997,-1.05976,-71.5932,-3.46021,-72.3882,-1.044,-71.7641,1.74519,-71.0533,-0.975823,1
76,4560,195,-35.4343,20.1625,-38.1628,30.3542,-38.2351,29.3875,-39.0038,30.6758,-38.048,31.2342,-37.152,30.01,1
76,4560,198,36.4266,-2.66748,55.3876,87.3352,55.425,86.039,54.537,87.635,55.3182,88.7978,56.1306,87.0655,13
77,4620,7,20.2781,12.5352,14.1169,74.3825,13.8133,73.8367,13.6193,74.7105,14.4587,74.9741,14.607,74.079,1
77,4620,12,31.4226,-5.63214,-2.77838,87.809,-2.76036,87.2325,-3.45032,87.9025,-2.80805,88.44,-2.17863,87.7224,1
77,4620,19,37.5816,-14.4235,-49.0685,-35.3746,-48.4412,-35.5479,-49.3924,-36.6327,-49.7703,-35.2203,-48.7718,-34.3276,1
77,4620,48,-29.5834,20.7318,-25.3062,114.224,-25.2162,113.546,-26.0129,114.178,-25.3561,114.875,-24.4903,114.302,1
77,4620,60,-32.5556,-24.5641,14.7232,-10.2829,15.6238,-10.2394,14.7601,-10.8969,13.9659,-10.3433,14.7272,-9.63463,1
77,4620,64,-24.7617,18.3109,-35.5186,142.505,-35.4436,141.835,-36.1194,142.44,-35.5634,143.156,-34.8443,142.598,1
77,4620,66,-33.91,9.36297,21.265,-172.269,21.2757,-172.976,20.6217,-172.13,21.2681,-171.627,22.001,-172.422,1
77,4620,71,-29.8344,11.7656,3.1782,16.2677,3.72049,16.6106,3.43997,15.6604,2.66409,15.9648,2.87151,16.9484,2
77,4620,85,34.7845,16.7653,37.6522,-118.613,37.5716,-119.496,37.0373,-118.369,37.7551,-117.581,38.2242,-118.806,1
77,4620,116,-38.1571,8.54187,25.7306,70.1113,26.401,70.3367,25.7323,69.3529,25.1309,69.9296,25.7172,70.9934,1
77,4620,127,22.1403,-23.7862,55.6013,91.6688,56.1084,92.2186,56.0875,90.5841,55.1074,91.0756,55.1849,92.6264,1
77,4620,134,22.1919,11.4781,-54.5485,-128.591,-54.2549,-129.477,-55.0716,-129.02,-54.8529,-127.595,-54.0523,-128.166,1
77,4620,135,21.9167,1.45868,-35.6546,-85.5573,-35.6373,-86.248,-36.2463,-85.5112,-35.669,-84.8172,-35.0987,-85.596,1
77,4620,142,37.5586,-2.09596,45.1851,130.127,45.7144,130.847,45.5747,129.035,44.583,129.313,44.8354,131.064,1
77,4620,149,14.3202,19.5676,28.0312,-35.8776,27.6247,-36.3617,27.6091,-35.473,28.489,-35.3607,28.4705,-36.2662,1
77,4620,170,-15.572,20.3584,-64.4632,-161.996,-64.0683,-161.165,-64.0465,-162.913,-64.872,-162.812,-64.9294,-160.992,1
77,4620,175,38.9428,1.2752,62.3998,23.698,62.0418,22.3165,61.8162,24.9736,62.792,25.3388,62.9031,22.5586,1
77,4620,182,-29.0051,-4.12876,-35.7015,8.73509,-35.7844,7.98256,-36.2197,8.92227,-35.6243,9.41561,-35.1402,8.52602,1
77,4620,198,16.5476,-24.8458,58.0365,85.2537,57.9322,84.1278,57.2898,85.1951,58.094,86.3742,58.7024,85.2578,1
78,4680,4,-25.5418,9.48831,-72.1973,-19.7427,-71.7155,-21.0823,-72.6684,-21.1838,-72.6325,-18.38,-71.6711,-18.2118,1
78,4680,6,17.9668,24.0902,-15.6874,65.5966,-16.0767,65.0342,-16.1971,65.9143,-15.2258,66.2087,-15.1554,65.3092,1
78,4680,8,-23.1053,15.6641,53.4623,85.3244,53.2771,84.3498,52.8521,85.6998,53.6551,86.261,54.1459,84.921,1
78,4680,12,-29.9521,20.2029,5.78919,87.3541,5.82895,86.7583,5.11578,87.3716,5.78134,87.9207,6.56722,87.3551,1
78,4680,24,19.9324,12.1959,-80.0686,-23.9725,-79.5575,-24.3921,-80.1541,-26.852,-80.6225,-23.3985,-79.9763,-21.2187,1
78,4680,44,39.087,10.4436,-5.04134,-41.261,-4.26826,-41.1059,-5.12608,-42.0504,-5.95478,-41.4355,-4.98706,-40.5619,1
78,4680,61,-25.239,7.33169,-20.6857,14.4393,-20.135,14.5567,-20.6394,13.8481,-21.2051,14.3386,-20.7402,15.0874,2
78,4680,87,-17.6214,13.4594,50.2253,-3.56886,50.7224,-3.51484,50.2461,-4.37471,49.738,-3.59761,50.1843,-2.69738,1
78,4680,112,27.5938,21.6784,7.30426,-85.2509,7.18308,-85.8683,6.774,-85.1204,7.46362,-84.5463,7.82159,-85.3474,1
78,4680,116,-34.634,13.4875,22.1617,72.4589,22.7623,72.6538,22.2122,71.752,21.6073,72.3037,22.0869,73.2739,1
78,4680,132,-33.643,16.0724,-24.0705,146.172,-23.3919,146.351,-24.0298,145.344,-24.7017,146.036,-24.1299,147.135,2
78,4680,145,33.6621,7.57253,-66.9527,141.048,-66.4541,142.329,-66.5458,139.517,-67.5116,139.535,-67.3202,142.457,1
78,4680,173,10.9616,-16.609,-7.18153,15.026,-7.55869,14.6649,-7.61784,15.4024,-6.82006,15.397,-6.78478,14.6642,2
78,4680,175,35.9671,-18.8231,63.8918,22.9994,63.5894,21.6931,63.1014,24.1889,64.1734,24.4946,64.5396,21.9102,1
78,4680,181,-38.8389,5.48173,-56.6252,-26.0571,-56.2771,-27.2382,-57.3057,-26.2831,-56.9114,-24.9914,-55.8352,-25.8008,1
78,4680,185,33.2939,1.34987,55.9286,85.5063,56.107,84.4925,55.2789,85.3946,55.7176,86.6281,56.5118,85.618,5
79,4740,6,37.5391,3.6748,-14.7563,68.2555,-15.0686,67.5167,-15.4033,68.8274,-14.3939,69.1055,-14.179,67.7643,1
79,4740,7,34.1581,-10.0174,18.4151,77.109,18.1911,76.4305,17.6614,77.5612,18.639,77.8662,19.0659,76.7046,2
79,4740,8,-35.3701,6.71147,56.7191,84.424,56.5338,83.0339,56.0474,85.0497,56.8861,85.6738,57.4879,83.6854,6
79,4740,26,-25.3703,-8.06596,-21.3557,97.6708,-21.6797,97.1385,-21.7567,98.0092,-21.0642,98.1571,-20.9356,97.3042,1
79,4740,27,20.5816,0.372542,14.1657,108.059,13.8999,107.632,13.7499,108.382,14.4467,108.513,14.5581,107.755,1
79,4740,49,16.1806,11.1569,4.40603,145.119,4.33512,144.587,3.88758,145.203,4.49223,145.689,4.91494,145.05,1
79,4740,64,-31.6139,2.74634,-30.7231,146.583,-30.6556,145.837,-31.3202,146.647,-30.7748,147.261,-30.058,146.511,1
79,4740,70,22.8184,13.6268,27.5548,-0.320466,28.1216,-0.0998905,27.7036,-0.94549,26.924,-0.546894,27.3917,0.272969,6
79,4740,75,-25.2251,0.979724,-28.5732,178.818,-28.7392,178.142,-29.1033,179.072,-28.4133,179.442,-27.9993,178.545,1
79,4740,81,28.4708,12.7542,-64.9268,119.883,-64.4898,118.938,-65.3665,119.013,-65.402,121.003,-64.5206,120.705,1
79,4740,83,-16.7847,19.8045,-15.4483,-158.16,-15.569,-158.665,-15.9766,-158.046,-15.3046,-157.664,-14.8631,-158.266,1
79,4740,88,-27.4674,14.3432,17.6563,25.1648,18.1699,25.4026,17.8338,24.5705,17.1629,24.9596,17.4418,25.8268,2
79,4740,112,-30.3706,-10.9314,10.9941,-89.1076,10.9123,-89.7769,10.4748,-88.9772,11.057,-88.5122,11.5498,-89.2646,1
79,4740,132,-39.9136,1.14992,-24.9501,148.216,-24.0786,148.414,-25.0445,147.363,-25.7041,148.051,-24.8287,149.206,1
79,4740,138,37.6652,-6.57839,45.9107,3.2986,46.2847,2.43047,45.0644,2.93176,45.466,4.25283,46.6402,3.61933,2
79,4740,175,29.325,-12.2955,68.6316,22.1762,68.3241,20.8232,68.0415,23.3441,68.9312,23.6932,69.1409,21.0647,1
79,4740,181,-37.0939,-11.3774,-55.8118,-22.9349,-55.5854,-24.314,-56.425,-22.9968,-56.0021,-21.7427,-55.1275,-22.9058,1
79,4740,185,30.4847,-23.9209,56.8416,86.8892,57.015,85.916,56.0802,86.3736,56.6163,87.8702,57.4974,87.3081,2
80,4800,8,-27.5672,-22.4946,56.6647,86.1805,56.2487,84.7843,56.0912,86.652,56.9904,87.4303,57.2386,85.6109,1
80,4800,33,-37.6055,-1.93037,-1.22006,-54.8069,-0.783103,-54.1824,-0.807765,-55.3117,-1.60312,-55.3512,-1.68275,-54.228,2
80,4800,37,-32.0724,21.8233,-32.572,119.794,-32.9323,119.211,-33.0915,120.367,-32.2023,120.314,-31.9445,119.152,1
80,4800,40,8.75403,-23.4295,32.1364,170.313,32.1106,169.668,31.5394,170.188,32.1318,170.936,32.688,170.402,1
80,4800,48,-28.8752,-23.0879,-20.5704,118.508,-20.7,117.623,-21.1582,118.578,-20.4775,119.271,-19.9649,118.394,2
80,4800,51,-23.151,4.48474,-19.6595,137.983,-19.6446,137.347,-20.2376,138.032,-19.6646,138.582,-19.0334,137.935,1
80,4800,55,-13.6087,18.6413,44.9068,-70.9792,45.4373,-71.1517,44.8024,-71.7779,44.3786,-70.7779,44.9946,-70.1028,6
80,4800,64,-32.1507,8.15804,-27.5266,149.675,-27.4604,148.962,-28.1508,149.743,-27.571,150.329,-26.8209,149.607,1
80,4800,70,5.65728,-21.6892,27.8855,1.29842,28.4157,1.47225,28.1553,0.707173,27.3826,1.10739,27.6513,1.85736,7
80,4800,103,29.3988,24.0734,67.012,54.0746,67.6584,54.913,67.2504,52.6358,66.2401,53.2107,66.7356,55.388,2
80,4800,114,-33.2872,19.7109,55.6837,-3.34384,56.1854,-3.93926,55.2253,-4.23662,55.2305,-2.75833,56.1957,-2.2502,1
80,4800,120,22.8898,18.7093,-66.9516,111.885,-66.3958,112.742,-66.6457,110.591,-67.58,110.922,-67.2623,113.141,1
80,4800,132,-38.5313,10.2572,-28.5498,151.577,-27.7609,151.776,-28.6101,150.663,-29.2524,151.423,-28.4798,152.652,1
80,4800,162,37.4161,-6.7756,-49.5235,-72.8763,-49.0949,-73.6795,-50.2912,-73.4198,-50.0126,-71.9693,-48.8569,-72.4254,1
80,4800,164,-35.3718,-0.93563,-0.172225,-9.44031,-0.114174,-10.1943,-0.825179,-9.32953,-0.220616,-8.77339,0.562599,-9.57099,1
80,4800,171,25.254,-12.6773,-71.2584,20.3855,-71.6631,19.188,-71.6858,22.0296,-70.837,21.6338,-70.8705,18.9451,2
81,4860,51,28.2445,5.94998,-20.0133,144.502,-20.0375,143.833,-20.6488,144.635,-19.9789,145.242,-19.4232,144.39,1
81,4860,54,-11.2358,24.1275,52.5137,-118.775,52.8586,-119.492,52.0981,-119.476,52.1774,-118.016,52.9461,-117.96,1
81,4860,55,-28.0119,-13.1822,45.9083,-69.4032,46.6308,-69.6579,45.724,-70.2137,45.2631,-69.1992,46.1183,-68.5451,4
81,4860,64,-4.80513,-20.0618,-28.3546,152.572,-28.4442,151.971,-28.8646,152.57,-28.2864,153.138,-27.863,152.55,1
81,4860,67,-38.8864,3.59072,55.7776,-123.195,56.1878,-124.373,55.0932,-123.511,55.4176,-122.175,56.5691,-122.816,1
81,4860,92,-20.1477,14.8725,44.3657,-72.5854,44.5956,-73.2552,43.8562,-72.9005,44.1544,-71.9274,44.9177,-72.2148,4
81,4860,104,-28.6686,24.5825,27.9084,69.0054,28.289,69.5339,28.4507,68.4722,27.5084,68.5271,27.2551,69.5973,2
81,4860,116,-25.9688,-12.5396,14.5694,76.8111,15.1811,76.873,14.5913,76.2893,14.0204,76.7452,14.5615,77.3618,1
81,4860,162,-24.2771,-9.97365,-42.6327,-70.7204,-42.3384,-71.49,-43.1304,-71.0206,-42.9033,-70.0196,-42.1016,-70.4265,1
81,4860,172,37.9473,-3.98762,-30.7445,17.8483,-31.1714,17.2024,-31.2411,18.6441,-30.265,18.5843,-30.3106,17.1657,1
82,4920,0,-33.6844,-6.32875,39.5992,-120.934,40.2968,-120.359,39.8347,-121.765,38.9851,-121.434,39.345,-120.012,1
82,4920,1,20.7453,8.54666,1.90932,-115.564,2.4269,-115.264,2.16966,-116.101,1.34403,-115.882,1.64935,-115.056,1
82,4920,4,30.3327,-11.3867,-72.2064,25.9236,-72.1415,23.8507,-73.0053,26.0203,-72.2729,28.1697,-71.5014,25.8125,1
82,4920,9,-24.6659,18.4753,69.2827,-149.147,69.8925,-148.776,69.381,-151.069,68.6878,-149.41,69.1259,-147.014,1
82,4920,20,28.3819,0.0859683,44.4893,-90.0374,44.9414,-89.6189,44.7326,-90.7933,43.995,-90.4899,44.2603,-89.3522,2
82,4920,21,-28.7908,21.6742,8.13985,-75.679,8.54999,-75.2871,8.55528,-76.1825,7.7256,-76.0304,7.64288,-75.114,1
82,4920,22,-25.6789,22.1336,-27.2926,-69.394,-26.8703,-69.0148,-26.9134,-69.9409,-27.7207,-69.7388,-27.7405,-68.7807,1
82,4920,24,32.7597,8.81605,-78.9942,67.2214,-79.0356,64.0009,-79.5852,68.2242,-78.8994,70.8236,-78.448,66.4588,1
82,4920,26,-21.3209,-2.97823,-9.75304,99.5719,-10.0476,99.1185,-10.1423,99.8766,-9.47879,99.9954,-9.34359,99.2468,1
82,4920,35,-32.8656,24.2433,-83.4157,-55.9422,-83.0231,-51.8841,-82.8485,-60.0125,-83.787,-60.0129,-84.057,-50.3253,1
82,4920,38,-19.6587,-0.470283,8.70607,118.956,8.32661,118.588,8.38771,119.34,9.06425,119.304,9.04111,118.549,1
82,4920,39,37.4733,-7.03558,44.1676,123.482,43.7953,122.764,43.6542,124.323,44.5689,124.312,44.6035,122.739,2
82,4920,42,21.6072,-24.3881,39.9551,-86.3613,40.5062,-86.5158,39.9106,-87.3205,39.3959,-86.2531,40.0112,-85.5184,2
82,4920,51,27.2412,-12.1379,-18.5089,145.426,-18.5103,144.806,-19.23,145.485,-18.5246,146.085,-17.8654,145.362,1
82,4920,54,-32.0981,16.865,54.9419,-113.699,55.4914,-114.396,54.4172,-114.607,54.4444,-113.027,55.5269,-112.595,1
82,4920,55,-17.4153,-19.7444,43.1927,-66.8238,43.8336,-67.0856,43.0936,-67.5755,42.607,-66.6166,43.3127,-66.0738,1
82,4920,68,-25.3054,-9.11893,50.9823,-56.7239,51.5815,-56.971,50.8105,-57.5148,50.436,-56.5162,51.1706,-55.8856,1
82,4920,78,18.5939,-24.7637,66.8174,-90.2509,67.1007,-91.5146,66.2716,-91.4287,66.4987,-89.0749,67.3099,-89.2094,1
82,4920,87,-25.8337,-17.0678,41.1445,7.6517,41.8081,7.74264,41.1946,6.95847,40.5564,7.55303,41.1111,8.37635,1
82,4920,89,-23.5432,-17.0378,-21.6371,45.5972,-21.0087,45.7184,-21.5344,45.0563,-22.1974,45.472,-21.7198,46.1614,1
82,4920,91,-31.1046,0.238663,26.5231,-108.287,26.6117,-109.017,25.9264,-108.256,26.4428,-107.627,27.1831,-108.326,1
82,4920,92,-29.6348,-9.80426,45.8354,-71.4963,46.1122,-72.4083,45.2925,-71.7324,45.5753,-70.6958,46.4243,-71.2583,4
82,4920,114,33.9768,23.4944,48.7375,8.29039,49.3048,7.58638,48.2977,7.64939,48.0741,9.1356,49.1189,8.943,1
82,4920,115,10.8762,21.779,34.1715,52.3179,34.6718,52.2347,34.1516,51.7426,33.6303,52.4317,34.1662,52.9075,1
82,4920,120,-32.7943,20.2877,-72.3978,134.988,-71.7577,135.871,-72.1698,132.478,-73.0067,134.222,-72.6474,137.993,1
82,4920,122,23.3728,13.4715,-33.9356,-78.1786,-34.338,-78.7546,-34.3605,-77.6719,-33.4764,-77.5584,-33.5132,-78.6432,1
82,4920,123,16.8377,23.1504,2.91214,-75.0145,2.46786,-75.4655,2.47345,-74.6468,3.42566,-74.5297,3.37474,-75.3613,1
82,4920,124,-31.7353,-24.3679,34.0063,-76.9403,33.2869,-77.7398,33.5501,-76.3831,34.5909,-76.2341,34.4467,-77.5718,1
82,4920,125,35.0968,-5.64868,69.6528,-48.8931,69.5433,-50.8313,68.8786,-48.0585,69.7358,-46.7032,70.3262,-49.6828,1
82,4920,135,34.6862,20.6215,-20.656,-69.897,-20.7983,-70.7619,-21.3251,-69.6389,-20.4577,-68.8776,-20.024,-70.0942,1
82,4920,136,20.9797,-2.37237,7.16424,-51.1907,7.10864,-51.7427,6.57673,-51.0866,7.21801,-50.6055,7.71327,-51.2892,1
82,4920,145,-23.765,-6.97276,-78.3257,173.162,-77.6859,173.772,-78.2414,170.379,-78.9097,172.513,-78.3747,176.151,1
82,4920,147,-36.1728,19.0809,-24.1871,-47.1807,-24.5058,-47.926,-24.8613,-46.6139,-23.8588,-46.5219,-23.368,-47.8285,1
82,4920,151,-31.5154,-3.35993,-26.316,-56.4048,-26.1703,-57.1563,-26.9156,-56.4241,-26.444,-55.7296,-25.6558,-56.3923,1
82,4920,153,32.6047,-22.0014,17.8108,-0.200274,17.9128,-0.828441,16.9319,-0.33375,17.661,0.45795,18.56,-0.107876,1
82,4920,155,39.3803,-10.914,41.1948,82.4799,41.8346,82.1322,40.6291,81.5078,40.46,82.8349,41.6733,83.3088,1
82,4920,157,37.2107,-11.0285,2.00692,149.9,2.65027,150.031,1.98544,149.035,1.29301,149.731,2.0336,150.641,1
82,4920,165,26.2612,21.3391,27.8558,28.4027,27.8848,27.6469,27.2675,28.3943,27.8408,29.2675,28.4241,28.447,1
82,4920,166,-20.0009,-6.78183,47.3464,63.3969,47.6289,62.6433,46.879,63.0525,47.0748,64.0859,47.8381,63.7516,1
82,4920,170,-37.2674,-0.135566,-80.4759,-141.388,-79.7608,-139.283,-80.307,-145.464,-81.0928,-143.479,-80.603,-136.585,1
82,4920,172,39.5878,8.61058,-25.5186,17.6917,-26.0422,17.0326,-25.9259,18.4761,-24.8933,18.4563,-25.1415,17.0186,2
82,4920,174,32.9662,-12.9936,43.899,17.8533,43.5555,17.1433,43.2953,18.588,44.2478,18.6527,44.413,17.1897,1
82,4920,183,-30.7649,-15.9645,12.0338,33.6972,11.7635,33.0123,11.5423,33.9448,12.256,34.3022,12.5474,33.4094,1
82,4920,184,36.4262,-20.036,39.6882,59.6941,39.7096,58.9095,38.7942,59.784,39.6212,60.5455,40.4379,59.5932,1
82,4920,196,-29.0977,8.15784,14.69,50.6065,14.4526,49.9446,14.0999,50.9499,14.9211,51.2154,15.3526,50.2273,1
82,4920,197,39.1882,9.86698,45.3257,75.4554,45.1816,74.2487,44.5493,76.0157,45.4879,76.8886,46.0169,74.9796,1
83,4980,13,-37.294,-1.1293,43.3324,128.222,43.5749,127.227,42.674,128.171,43.1156,129.088,44.0813,128.272,1
83,4980,29,38.9695,0.663679,72.1421,-124.911,72.8101,-124.718,71.9618,-127.321,71.3736,-125.131,72.2694,-122.773,2
83,4980,35,-37.9548,13.7134,-86.0123,-45.0481,-85.4804,-38.754,-85.6056,-53.5126,-86.4558,-51.9555,-86.3677,-33.0444,3
83,4980,37,-37.1978,-10.5567,-24.5896,118.101,-25.1532,117.447,-24.933,118.678,-24.1089,118.664,-24.2208,117.447,1
83,4980,45,-21.484,-3.79735,-39.4234,3.15156,-38.8462,3.03046,-39.5449,2.47945,-39.9608,3.26305,-39.2849,3.85795,1
83,4980,71,32.9747,3.04099,-19.2804,16.6909,-18.7037,17.0285,-19.0752,15.9707,-19.9273,16.309,-19.47,17.3392,2
83,4980,76,15.3414,20.001,19.0021,-158.027,18.7425,-158.576,18.5059,-157.799,19.304,-157.432,19.5096,-158.232,1
83,4980,91,27.7678,-14.4943,23.9141,-102.571,24.009,-103.168,23.2197,-102.662,23.7901,-101.945,24.5319,-102.504,1
83,4980,100,-26.1195,9.9719,14.1785,-114.995,13.83,-115.472,13.7539,-114.579,14.5166,-114.554,14.6538,-115.452,1
83,4980,110,-28.7649,16.7893,-30.5704,-126.154,-30.475,-126.788,-31.1717,-126.199,-30.6355,-125.549,-29.8883,-126.086,1
83,4980,111,-34.5528,-7.43612,-4.94132,-102.971,-4.9867,-103.681,-5.49873,-102.818,-4.90568,-102.348,-4.32801,-103.153,1
83,4980,124,26.1576,16.2891,41.5138,-68.3718,41.1144,-69.0849,41.0462,-67.8308,41.9728,-67.5716,41.9738,-68.8704,1
83,4980,126,-18.796,-8.59056,68.0161,92.7932,68.5302,93.7031,68.2974,91.5287,67.5385,91.9673,67.724,94.089,2
83,4980,128,25.2623,-15.0669,-3.14414,100.636,-2.71664,101.035,-2.65847,100.092,-3.57529,100.201,-3.56698,101.131,1
83,4980,130,27.9284,18.3081,14.1145,106.647,14.8036,106.699,14.1055,106.002,13.3267,106.608,14.0928,107.26,2
83,4980,131,32.4449,-21.5336,-11.55,125.127,-10.9365,125.302,-11.3266,124.207,-12.19,124.899,-11.7165,125.914,1
83,4980,139,40.1758,-2.78082,39.5962,74.0898,40.3636,74.0729,39.2796,72.9617,38.7086,74.093,39.8558,75.064,1
83,4980,140,35.7773,18.0424,81.3166,28.2682,81.6155,23.0555,80.5871,27.3492,80.8963,34.0114,81.9724,29.4977,1
83,4980,141,9.73434,23.6071,56.5024,130.707,57.0116,131.255,56.8401,129.902,55.9301,130.165,56.1249,131.491,1
83,4980,147,-30.419,14.2543,-21.2965,-46.2002,-21.6329,-46.8169,-21.8428,-45.7213,-20.961,-45.6409,-20.6625,-46.7293,1
83,4980,153,-34.9234,12.3069,27.7962,0.798142,27.966,0.0438655,27.0867,0.776409,27.6589,1.48721,28.6165,0.837251,6
83,4980,156,20.9351,-8.56845,25.1741,127.042,25.6931,127.008,25.1151,126.393,24.6313,127.064,25.2331,127.64,1
83,4980,164,21.9682,-1.96187,4.32668,1.52137,4.33126,0.984199,3.74753,1.56431,4.31752,2.09251,4.8669,1.48079,1
83,4980,183,37.2254,-4.99294,13.5909,41.4728,13.4938,40.8353,12.8937,41.7848,13.687,42.1941,14.1966,41.1981,2
83,4980,186,-32.433,8.86557,48.6483,-175.903,49.2356,-175.616,48.7125,-176.826,48.1065,-176.14,48.5595,-174.863,1
84,5040,26,29.0135,-21.8688,-4.84265,104.389,-5.12404,103.923,-5.4979,104.765,-4.57741,104.891,-4.2854,104.047,1
84,5040,34,-12.1826,15.5807,-53.7484,-61.5048,-53.4317,-60.8901,-53.3599,-62.0357,-54.0746,-62.1113,-54.1715,-60.9435,1
84,5040,35,-29.1832,-18.6697,-86.6016,-61.446,-86.0338,-54.1528,-86.2136,-67.6321,-87.0235,-70.1684,-86.9331,-53.0416,2
84,5040,41,-29.3584,8.65174,54.1595,-118.674,54.7142,-119.181,53.7806,-119.521,53.6499,-118.197,54.5697,-117.701,1
84,5040,50,-33.3463,18.5292,-32.1318,120.502,-31.9312,119.717,-32.9042,120.386,-32.2813,121.244,-31.2305,120.66,1
84,5040,69,33.663,19.9686,14.7405,-20.2074,15.4668,-20.1392,14.6995,-20.8676,13.886,-20.2648,14.7438,-19.5916,1
84,5040,76,20.1065,-9.11416,19.7148,-157.427,19.5341,-157.963,19.1483,-157.193,19.8897,-156.864,20.2349,-157.652,1
84,5040,88,-35.7726,12.0947,1.39899,33.7037,1.98418,34.0263,1.57937,33.0412,0.85999,33.4295,1.17876,34.4686,2
84,5040,90,-40.075,-2.34182,6.86644,-130.763,6.95715,-131.624,6.1649,-130.61,6.78987,-130.025,7.67386,-130.951,1
84,5040,94,-37.2955,-15.7415,25.6209,28.3608,26.5323,28.3313,25.4816,27.6611,24.8498,28.3701,25.8024,29.1297,1
84,5040,117,-20.6032,-8.41479,-23.1517,106.093,-22.6111,106.116,-23.1494,105.572,-23.6515,106.064,-23.1425,106.636,1
84,5040,124,24.9452,-2.48095,43.2778,-68.3942,42.9754,-69.0813,42.7612,-67.8626,43.5933,-67.6448,43.7511,-68.8928,3
84,5040,135,35.4293,2.80842,-16.3924,-66.9239,-16.4203,-67.6573,-17.1281,-66.6902,-16.3586,-66.0904,-15.7355,-67.122,2
84,5040,138,21.2511,-1.62134,51.9102,30.4484,52.3154,29.8361,51.4715,29.7968,51.474,31.0823,52.3173,31.0694,1
84,5040,167,-33.9465,-14.0707,43.607,125.129,44.4015,124.8,43.3431,124.353,42.9161,125.39,43.9124,125.968,1
85,5100,10,-37.8528,-12.7754,-28.8151,49.7762,-28.694,48.7916,-29.4555,49.8399,-28.9229,50.614,-28.1024,49.6769,1
85,5100,17,-34.3755,12.6659,-20.7708,-71.8636,-20.1241,-71.7428,-20.7963,-72.5912,-21.3641,-71.9531,-20.7497,-71.0241,1
85,5100,31,25.364,-4.85183,52.2416,-59.7358,52.5704,-59.0728,52.6538,-60.4235,51.8915,-60.4417,51.8624,-59.113,1
85,5100,32,24.0628,-0.898931,15.9229,-61.0673,16.2529,-60.6518,16.3153,-61.4847,15.57,-61.5134,15.5573,-60.6817,1
85,5100,50,-34.3636,20.5611,-29.399,123.713,-29.2079,122.929,-30.2134,123.613,-29.5341,124.453,-28.4368,123.857,1
85,5100,52,-18.3847,-5.46098,21.5352,172.057,21.4959,171.424,20.9988,172.118,21.5656,172.651,22.094,171.985,1
85,5100,67,-39.5897,0.608532,59.0819,-97.1977,59.7279,-98.158,58.5014,-97.9768,58.5199,-96.3849,59.7501,-96.2719,1
85,5100,79,-36.8387,5.68126,42.9034,-2.49835,43.5713,-1.96211,43.0806,-3.46683,42.3022,-2.94956,42.6865,-1.39084,1
85,5100,124,22.5751,-18.936,45.3183,-68.4664,45.0058,-69.1564,44.6817,-67.9657,45.6102,-67.7309,45.8748,-68.9456,1
85,5100,126,31.1555,22.6454,56.1821,87.3914,56.9005,88.0063,56.4068,86.2458,55.3232,86.7414,55.9211,88.4381,2
85,5100,135,-32.4934,6.15124,-8.86571,-70.42,-8.85943,-71.1307,-9.52833,-70.2837,-8.85856,-69.7744,-8.11719,-70.5688,1
85,5100,141,-28.5166,-7.54382,52.5584,137.471,53.0766,138.291,52.9139,136.661,52.0919,136.744,52.1796,138.343,1
85,5100,145,38.6499,12.0895,-86.2434,-40.8832,-86.7463,-51.8416,-86.5892,-28.985,-85.5107,-31.5946,-85.8053,-49.2519,1
85,5100,151,-38.948,-4.9765,-18.4983,-48.5685,-18.3433,-49.4572,-19.1907,-48.4863,-18.6294,-47.8032,-17.7098,-48.676,1
85,5100,163,-39.6319,5.18713,-11.6305,-22.5328,-11.4636,-23.356,-12.388,-22.4387,-11.7613,-21.8112,-10.7449,-22.641,1
85,5100,170,-17.907,10.4217,-85.8958,-14.0468,-86.0074,-21.4906,-86.4099,-11.3356,-85.7139,-7.36575,-85.3312,-16.1797,6
85,5100,197,30.5653,15.5635,55.6684,83.5833,55.5739,82.2783,55.0018,83.8967,55.7771,85.0834,56.297,83.328,2
86,5160,30,31.0174,21.2051,81.8214,-60.7724,82.3264,-57.3953,82.1518,-64.3367,81.1894,-64.0862,81.4569,-57.8029,1
86,5160,41,21.8985,20.4476,47.2879,-107.791,47.8216,-108.257,47.0049,-108.5,46.6976,-107.252,47.5372,-107.067,3
86,5160,50,-31.1902,6.06112,-28.4189,125.496,-28.298,124.728,-29.0813,125.509,-28.5145,126.201,-27.6759,125.487,2
86,5160,57,-36.2539,13.4367,-22.0401,0.515662,-21.3061,0.69717,-22.0529,-0.33376,-22.708,0.377583,-22.0335,1.51027,1
86,5160,77,-29.5433,15.6352,62.0283,-130.874,62.0769,-132.222,61.3478,-130.816,61.995,-129.608,62.8042,-130.908,2
86,5160,95,-34.2953,17.7427,-8.75764,61.0304,-8.11043,61.1712,-8.73519,60.289,-9.36017,60.9299,-8.80104,61.8974,1
86,5160,98,-34.7214,22.5101,-34.5202,-179.512,-34.2119,179.772,-35.2666,-179.826,-34.7666,-178.82,-33.6381,-179.117,1
86,5160,126,35.1457,1.84696,54.7585,86.9068,55.3339,87.6295,55.0346,85.6334,54.1027,86.1089,54.4955,88.0191,4
86,5160,135,29.1551,-16.0447,-11.5116,-64.7635,-11.5429,-65.3765,-12.2926,-64.6753,-11.5038,-64.112,-10.8279,-64.8559,1
86,5160,151,-31.1366,10.7957,-15.6365,-43.861,-15.52,-44.5091,-16.2827,-43.8661,-15.7258,-43.259,-14.9051,-43.8447,3
86,5160,158,12.8072,13.9254,-33.0118,-168.079,-32.5007,-168.195,-33.1015,-168.672,-33.5562,-167.937,-32.9349,-167.486,1
86,5160,170,-32.5196,-20.3401,-84.5374,-27.3371,-84.6198,-36.6548,-85.1372,-25.7203,-84.3767,-19.7031,-83.9018,-29.0555,7
86,5160,174,27.6696,1.20844,60.4693,17.7968,60.1193,16.8453,60.0153,18.6849,60.8429,18.8618,60.8839,16.9638,1
86,5160,193,24.0553,-1.94837,-71.5649,-7.6136,-71.3931,-9.42009,-72.2107,-7.98238,-71.7346,-5.64574,-70.9669,-7.29423,1
86,5160,195,-32.998,13.3023,-4.55971,42.817,-4.76708,42.1156,-5.2358,43.1737,-4.34529,43.4532,-3.77377,42.4194,1
86,5160,197,32.37,2.45588,57.22,86.2454,57.2313,84.9632,56.4802,86.4944,57.1909,87.68,57.8879,86.0256,1
87,5220,18,-22.9246,1.71313,-44.9722,-29.8962,-44.4668,-30.2098,-45.228,-30.5426,-45.4438,-29.593,-44.6936,-29.208,1
87,5220,23,-17.6077,11.7405,-76.4745,-24.2705,-75.9871,-24.5029,-76.5398,-26.405,-76.9479,-23.9717,-76.3943,-21.9847,1
87,5220,26,23.666,23.335,10.7585,105.75,10.3649,105.28,10.3476,106.09,11.2234,106.27,11.1818,105.439,1
87,5220,33,-27.7258,21.4619,-30.0041,-58.9022,-29.6687,-58.3773,-29.5018,-59.3704,-30.3493,-59.389,-30.5929,-58.3787,2
87,5220,40,-36.2742,16.6261,52.6586,-159.571,53.0814,-160.529,51.9413,-160.079,52.2924,-158.687,53.4946,-158.923,1
87,5220,43,34.3866,8.26417,-2.72954,-44.4435,-2.05234,-44.3168,-2.76154,-45.1448,-3.50475,-44.5817,-2.71516,-43.8089,1
87,5220,60,-35.5054,-7.50727,-17.3129,10.9624,-16.5576,11.1076,-17.3343,10.3131,-17.9709,10.8297,-17.2716,11.6842,1
87,5220,63,25.6709,22.0853,-37.108,145.995,-37.1744,145.197,-37.6639,146.084,-37.0027,146.902,-36.5641,145.949,1
87,5220,72,31.2689,24.6807,-65.675,56.3365,-64.8908,56.0569,-65.8065,54.7745,-66.5974,56.7627,-65.5784,57.8348,1
87,5220,87,17.6474,20.6825,20.2021,16.89,20.7431,16.9955,20.3133,16.3646,19.6001,16.7952,20.0659,17.4074,2
87,5220,150,27.9296,-7.37128,-40.7031,-71.4672,-40.5025,-72.1584,-41.343,-71.6798,-40.9252,-70.7248,-40.1241,-71.2859,1
87,5220,152,-27.8401,7.63029,12.2396,-16.0127,12.2957,-16.6268,11.6449,-15.9826,12.1974,-15.4404,12.8991,-16.0397,1
87,5220,174,35.7074,9.03931,64.9601,20.9578,64.5618,19.5535,64.4617,22.1985,65.409,22.619,65.4116,19.8302,1
87,5220,182,3.72589,23.8864,-1.37622,29.5015,-1.58551,29.046,-1.84639,29.6382,-1.12994,29.9807,-0.874824,29.3814,1
87,5220,184,32.4914,23.7448,56.2783,84.0364,56.3756,82.7443,55.6745,83.9811,56.1716,85.5605,56.8468,84.1607,1
87,5220,193,29.491,-7.86859,-70.2774,0.883329,-70.1534,-0.960849,-71.0381,0.777209,-70.4048,2.89664,-69.5971,0.953686,1
88,5280,3,20.1693,22.5447,-76.3727,-9.84727,-76.0686,-12.3662,-76.8981,-11.0999,-76.6591,-6.84069,-75.8597,-8.57131,1
88,5280,12,-31.8046,-20.8953,30.773,108.841,30.7208,107.884,30.1964,108.9,30.793,109.662,31.3808,108.736,3
88,5280,26,24.4773,-5.33828,11.8711,105.766,11.6094,105.324,11.411,106.11,12.1426,106.242,12.2915,105.446,1
88,5280,33,-37.1839,-8.37175,-30.8366,-57.8686,-30.3211,-57.1605,-30.4633,-58.4583,-31.2743,-58.4904,-31.238,-57.1905,5
88,5280,47,-28.8556,16.2842,-21.8207,115.285,-21.7551,114.629,-22.4835,115.291,-21.8558,115.907,-21.0666,115.296,1
88,5280,80,40.7025,3.65086,-66.2767,110.991,-65.6411,110.122,-66.8779,109.644,-67.0146,112.062,-65.7539,112.125,1
88,5280,84,24.2229,-5.65699,41.1269,-119.653,41.1162,-120.333,40.5518,-119.575,41.1258,-118.931,41.6548,-119.732,1
88,5280,87,-29.7085,19.8363,18.8382,22.5448,19.3643,22.8055,19.0581,21.8923,18.3269,22.3268,18.5631,23.2866,3
88,5280,88,-36.2732,-11.226,-9.80988,38.7835,-9.05058,39.0364,-9.74073,38.1668,-10.4616,38.5561,-9.8644,39.4703,3
88,5280,106,39.1738,4.24977,-68.4959,61.1384,-68.0684,62.7521,-68.0035,59.4353,-68.9726,59.1859,-68.9206,62.6697,1
88,5280,115,-25.3229,19.6488,19.5292,70.843,20.0459,70.9565,19.6237,70.2292,19.0247,70.7602,19.401,71.5326,1
88,5280,149,0.742648,23.942,69.4158,-30.7902,69.0709,-32.0473,68.9207,-30.0497,69.7957,-29.4513,69.9516,-31.544,1
88,5280,150,-23.6903,3.98515,-34.1344,-69.4275,-33.9547,-70.0816,-34.672,-69.5675,-34.2943,-68.8087,-33.5527,-69.2748,1
88,5280,172,37.6397,-2.47032,-4.2725,15.5092,-4.68644,14.9444,-4.77677,16.1642,-3.80857,16.1569,-3.83171,14.941,2
88,5280,174,25.3394,-6.68239,67.217,18.2179,66.8962,17.0505,66.7236,19.2575,67.5407,19.5116,67.6576,17.2218,1
88,5280,179,28.7734,-9.72706,-66.888,-175.035,-66.5647,-173.816,-66.3431,-176.154,-67.2111,-176.402,-67.3629,-173.977,1
88,5280,196,36.2196,-16.6756,30.4866,63.611,30.3456,62.8036,29.5369,64.0196,30.5987,64.51,31.2816,63.242,2
89,5340,5,-8.26401,18.6241,-10.8194,61.5145,-11.0967,61.0255,-11.3353,61.7713,-10.5159,62.0017,-10.2577,61.2592,1
89,5340,6,23.1092,-19.859,19.1835,73.3038,18.9181,72.7365,18.4761,73.6135,19.4255,73.9004,19.8026,73.0072,1
89,5340,15,27.8625,10.0768,17.8611,-116.265,18.4477,-116.244,17.8013,-116.871,17.2073,-116.279,17.9015,-115.697,1
89,5340,25,23.0265,12.8221,-18.2443,100.239,-18.5638,99.7814,-18.6394,100.595,-17.8819,100.734,-17.855,99.9116,1
89,5340,26,22.9957,-12.4935,15.0105,105.955,14.7501,105.516,14.5131,106.286,15.268,106.423,15.4565,105.644,1
89,5340,41,-38.0813,11.8057,48.133,-90.3743,48.8962,-90.3707,47.9133,-91.4893,47.4532,-90.3434,48.3668,-89.0467,2
89,5340,47,33.5339,-16.2495,-25.7058,120.24,-25.6576,119.555,-26.5519,120.28,-25.784,120.98,-24.9782,120.19,1
89,5340,49,27.4087,-0.213669,30.848,169.579,30.9182,168.911,30.2173,169.591,30.765,170.305,31.4268,169.571,1
89,5340,50,34.1943,8.98242,-24.7682,139.207,-24.7762,138.414,-25.473,139.399,-24.746,140.114,-24.1259,139.052,2
89,5340,63,29.6411,-8.81023,-34.0288,149.64,-34.0048,148.967,-34.6989,149.711,-34.0644,150.366,-33.4305,149.568,1
89,5340,68,-32.7118,-12.3307,34.5715,-30.3427,35.3203,-30.2769,34.5287,-31.0496,33.9174,-30.4117,34.634,-29.5753,1
89,5340,86,-33.0031,13.1608,46.805,1.3693,47.4029,1.63177,46.8657,0.420917,46.249,1.16081,46.7132,2.45188,3
89,5340,100,-31.6746,21.3101,38.1551,-116.52,37.7976,-117.178,37.6004,-115.922,38.5176,-115.919,38.815,-117.208,1
89,5340,127,-14.2941,21.4827,7.00751,101.944,7.43842,102.304,7.42648,101.506,6.55369,101.602,6.52932,102.408,8
89,5340,170,34.7187,-21.0448,-74.2801,23.8289,-74.753,22.2126,-74.8369,26.7286,-73.7854,25.5801,-73.7993,21.4959,1
89,5340,181,-12.9808,17.9488,-26.6245,14.2774,-26.7484,13.7575,-27.1172,14.4013,-26.4797,14.793,-26.0878,14.1628,1
89,5340,195,-29.2358,1.15242,4.55043,45.5645,4.28431,44.9067,3.99528,45.9072,4.7969,46.1632,5.16075,45.1849,2
90,5400,6,-27.6602,7.562,27.0496,69.7152,26.7886,69.0324,26.4905,70.0954,27.3011,70.3476,27.6723,69.2955,1
90,5400,11,-19.0876,23.1488,12.3372,91.5416,12.3193,91.0046,11.7511,91.5238,12.3834,92.0777,12.9932,91.5858,1
90,5400,17,-40.4876,4.80497,-31.8711,-57.0315,-31.0633,-56.985,-32.0788,-57.8723,-32.5731,-57.058,-31.6212,-56.0503,7
90,5400,44,-36.3758,15.9202,-33.5642,-4.73231,-32.8492,-4.64043,-33.6573,-5.65887,-34.2155,-4.78175,-33.4626,-3.64085,1
90,5400,50,29.1378,-3.31624,-22.5208,140.11,-22.5103,139.449,-23.2089,140.214,-22.5367,140.832,-21.8983,140.016,1
90,5400,54,-28.5399,18.8421,45.3193,-70.1693,45.9527,-70.2277,45.2068,-71.1613,44.7194,-70.0727,45.4167,-69.0238,2
90,5400,57,27.0171,0.599685,-36.1341,5.38302,-35.5337,5.40055,-36.2061,4.58303,-36.7882,5.36123,-36.0662,6.11819,1
90,5400,63,29.1494,-14.0886,-31.5239,151.87,-31.5137,151.221,-32.2267,151.921,-31.5524,152.561,-30.9034,151.812,1
90,5400,64,20.1816,-7.94778,-1.50252,174.152,-1.56921,173.654,-2.05852,174.248,-1.44262,174.673,-0.988347,174.057,1
90,5400,102,36.7858,12.2249,66.2134,49.6744,66.8343,50.6771,66.4213,47.9618,65.4745,48.5885,65.9897,51.1709,2
90,5400,106,-32.4238,7.88721,-75.2308,87.9539,-74.6626,89.2203,-75.0074,85.5977,-75.7495,86.7581,-75.4599,90.6909,1
90,5400,113,1.84169,22.6455,52.435,-2.61769,52.7708,-3.18858,52.1385,-3.22984,52.0904,-1.99498,52.7259,-1.94188,1
90,5400,127,-22.5448,-4.03499,5.89555,102.656,6.37073,103.069,6.23055,102.195,5.45681,102.272,5.54509,103.149,5
90,5400,129,-16.4115,12.7097,-66.7271,119.164,-66.2382,119.822,-66.459,117.893,-67.2113,118.528,-67.0163,120.551,1
90,5400,131,-16.5751,-12.7368,-29.7937,146.161,-29.1868,146.142,-29.7911,145.544,-30.3558,146.164,-29.7776,146.789,1
90,5400,134,28.0553,14.9549,-25.4615,-77.2302,-25.5391,-77.9659,-26.0717,-77.0686,-25.3537,-76.4017,-24.8804,-77.3566,1
90,5400,135,18.4779,23.7571,4.63689,-55.3818,4.47661,-56.0019,4.07607,-55.2815,4.84176,-54.6921,5.20604,-55.4502,3
90,5400,150,26.2752,22.0691,-32.6124,-57.4956,-32.5786,-58.2847,-33.1934,-57.5108,-32.6212,-56.5899,-32.0503,-57.4426,2
90,5400,194,-32.5694,12.9038,-24.4497,34.5134,-24.619,33.7408,-25.1347,34.8602,-24.2679,35.2154,-23.6563,34.1334,1
91,5460,11,30.9724,16.719,11.7875,97.0152,11.7422,96.3426,11.1944,97.1414,11.8545,97.7862,12.3473,96.9217,1
91,5460,17,-37.3978,-15.7649,-33.1097,-56.1224,-32.2288,-56.308,-33.3328,-56.8323,-33.857,-55.9787,-32.8291,-55.3542,1
91,5460,36,-4.10474,18.525,-27.3998,119.876,-27.7641,119.525,-27.7436,120.266,-27.0107,120.221,-27.0228,119.481,1
91,5460,50,37.9328,-2.00034,-20.3568,143.53,-20.312,142.752,-21.1949,143.739,-20.4132,144.419,-19.6278,143.354,1
91,5460,53,-19.8904,12.8111,53.3867,-120.747,53.7805,-121.432,52.9479,-121.394,53.0132,-120.075,53.853,-120.008,1
91,5460,54,-21.8301,-11.2499,44.3441,-70.3306,44.9773,-70.533,44.2049,-71.0821,43.7632,-70.1632,44.4991,-69.549,3
91,5460,63,-27.752,-18.997,-25.625,149.553,-25.7282,148.752,-26.1682,149.641,-25.5478,150.256,-25.0612,149.43,1
91,5460,66,-38.2198,14.0415,56.7978,-120.519,57.2565,-121.55,56.1015,-121.075,56.4002,-119.587,57.6118,-119.811,1
91,5460,82,-32.4172,-1.54477,-7.97305,-158.814,-8.10171,-159.468,-8.5121,-158.587,-7.85563,-158.228,-7.37755,-159.069,1
91,5460,91,6.71724,20.7458,43.0105,-70.9546,43.1953,-71.6208,42.5607,-71.2617,42.8276,-70.2344,43.4639,-70.6053,3
91,5460,102,38.9512,10.719,62.6084,50.8099,63.2337,51.7971,62.8375,49.2079,61.858,49.7156,62.3707,52.1908,2
91,5460,109,14.8647,23.2967,9.47451,-113.425,9.04876,-113.816,9.08511,-113.067,9.96149,-113.009,9.8887,-113.768,1
91,5460,131,-32.3635,-11.5551,-31.1372,150.411,-30.3338,150.4,-31.2339,149.683,-31.8407,150.409,-31.0061,151.197,1
91,5460,136,21.8904,-7.51676,32.4027,-30.1455,32.441,-30.7981,31.777,-30.1577,32.3482,-29.4612,32.9795,-30.1415,1
91,5460,140,-26.8591,20.2435,63.0415,134.36,63.4597,135.393,63.5306,133.232,62.6095,133.444,62.4556,135.569,3
91,5460,146,-37.6004,11.3517,-27.3603,-50.0722,-27.6981,-50.8842,-27.9649,-49.4699,-27.0341,-49.3639,-26.6401,-50.7616,1
91,5460,150,30.2227,-0.217384,-32.0173,-56.03,-31.8984,-56.7157,-32.6727,-56.0493,-32.1471,-55.2736,-31.4226,-56.0098,6
91,5460,161,-30.9135,13.7304,-40.5639,-68.3808,-40.2151,-69.0799,-41.1758,-68.7417,-40.8663,-67.7095,-39.871,-67.9609,1
91,5460,164,19.3336,-3.31666,25.5495,21.6723,25.6106,21.0983,24.9862,21.6333,25.478,22.2741,26.0783,21.7069,1
92,5520,0,4.92772,19.5912,0.0176217,-115.92,0.526397,-115.668,0.308293,-116.393,-0.533552,-116.169,-0.30287,-115.443,1
92,5520,14,33.457,-1.032,34.1904,-139.215,34.7966,-139.267,33.9953,-140.011,33.5141,-139.164,34.3584,-138.501,1
92,5520,20,0.975917,-23.9471,9.79394,-81.1758,10.2521,-80.9229,10.1497,-81.5713,9.37336,-81.4335,9.47697,-80.7909,1
92,5520,21,-34.0165,-11.1193,-25.9654,-71.1731,-25.3543,-70.7151,-25.7258,-71.756,-26.4926,-71.5847,-26.2082,-70.5229,1
92,5520,23,16.4707,16.5885,-75.9217,65.788,-76.0184,63.7035,-76.4001,66.1954,-75.7816,68.0078,-75.4441,65.4815,2
92,5520,32,32.0159,19.7526,-12.6497,-65.1142,-12.1704,-64.6083,-12.2701,-65.6002,-13.2207,-65.6902,-13.0286,-64.677,1
92,5520,34,-4.32226,-19.9541,-80.7892,-76.5048,-80.4774,-73.9172,-80.334,-77.7851,-81.0492,-79.1594,-81.2142,-75.0345,1
92,5520,38,-27.6041,16.5027,48.0771,111.76,47.6789,111.166,47.6854,112.455,48.4683,112.308,48.5275,110.976,1
92,5520,47,-31.5453,19.3509,-9.94587,124.617,-9.89884,123.967,-10.6689,124.657,-9.95701,125.229,-9.10496,124.593,2
92,5520,50,27.5737,-23.9279,-18.447,143.062,-18.4718,142.418,-19.3092,143.029,-18.4604,143.726,-17.7043,143.065,1
92,5520,52,-33.6804,-13.5624,40.6766,-170.185,40.7479,-171.312,40.0305,-170.135,40.5939,-169.213,41.3799,-170.275,1
92,5520,53,30.4883,9.52453,48.5472,-115.132,49.0367,-115.827,48.0142,-115.736,47.9967,-114.355,49.0264,-114.544,1
92,5520,66,-31.6271,-0.763518,56.5935,-116.546,56.965,-117.539,56.0535,-116.973,56.2537,-115.665,57.1908,-116.065,1
92,5520,77,14.0272,-12.6541,67.7305,-85.4548,68.0592,-86.5304,67.297,-86.4604,67.3797,-84.4223,68.1371,-84.5052,1
92,5520,79,-36.8739,16.6466,17.4099,8.09208,17.9974,8.56984,17.7392,7.31423,16.8579,7.68905,16.999,9.0022,1
92,5520,86,35.1752,9.45535,34.1498,2.82459,34.7981,2.98218,34.1207,2.02252,33.4034,2.65597,34.156,3.55006,1
92,5520,90,39.5931,-6.63242,21.9139,-104.818,22.1021,-105.541,21.0345,-104.801,21.6789,-104.001,22.6646,-104.837,1
92,5520,91,-13.3518,-18.5612,44.7161,-71.6877,44.9067,-72.4626,44.2576,-72.003,44.5204,-70.9869,45.1799,-71.3961,2
92,5520,93,31.8053,-13.2634,24.0663,16.9533,24.6512,16.9749,23.9985,16.129,23.4353,16.9061,24.1335,17.6746,2
92,5520,113,29.9816,12.0725,49.0628,7.1232,49.5571,6.63159,48.6831,6.47551,48.5087,7.67995,49.4007,7.75159,1
92,5520,114,40.4559,5.398,31.305,48.1255,32.0126,48.1699,31.0915,47.2675,30.476,48.0763,31.4746,48.8794,2
92,5520,122,29.1344,-12.7438,0.502165,-76.408,0.168628,-76.9196,-0.100614,-75.9312,0.840506,-75.8491,1.02837,-76.8393,1
92,5520,123,-27.0586,-21.3683,35.9252,-78.4906,35.3336,-79.2012,35.4802,-77.9813,36.4212,-77.845,36.3589,-79.0562,3
92,5520,125,-25.3574,-8.83377,70.4687,91.2288,71.0278,92.422,70.7535,89.6975,69.9592,90.1839,70.1645,92.8289,3
92,5520,129,28.1266,-6.71014,-73.2418,110.568,-72.7673,111.853,-72.8582,108.526,-73.7364,109.068,-73.5655,112.495,1
92,5520,144,39.1459,-5.82798,-81.83,135.469,-81.3904,139.624,-81.2085,130.716,-82.2593,130.116,-82.3096,140.12,1
92,5520,149,21.472,-18.183,78.718,-9.4644,78.6117,-12.3148,78.0168,-9.10181,78.7721,-6.48868,79.3446,-9.92462,1
92,5520,150,18.2,-22.5889,-30.0129,-55.7036,-29.9656,-56.3227,-30.658,-55.8849,-30.0858,-55.0892,-29.4302,-55.5667,2
92,5520,152,25.842,23.787,22.7491,2.04295,22.7398,1.30971,22.1687,2.04885,22.7817,2.88642,23.3157,2.076,1
92,5520,156,-33.7883,-20.9561,6.45587,153.056,7.35618,153.01,6.38728,152.44,5.69216,153.074,6.56752,153.711,1
92,5520,161,-31.1524,3.63745,-39.5329,-65.3626,-39.2128,-66.1143,-40.1268,-65.611,-39.8135,-64.6678,-38.8707,-65.0891,1
92,5520,163,-26.438,10.4588,6.74351,-4.62737,6.78061,-5.22254,6.1422,-4.59356,6.72259,-4.06644,7.41143,-4.65508,1
92,5520,165,35.313,1.21367,42.7176,66.1176,43.1399,65.4093,42.0437,65.6912,42.2324,66.9047,43.3122,66.511,1
92,5520,166,-38.8881,12.2343,45.5739,120.017,46.3495,119.928,45.2783,118.964,44.8879,120.127,45.9001,121.282,1
92,5520,171,36.4575,-6.10657,-25.5573,14.6508,-25.9641,14.0594,-26.0679,15.3673,-25.1092,15.3199,-25.1129,14.0307,1
92,5520,173,-36.9116,2.0297,47.1856,5.13595,46.6805,4.26388,46.7865,5.98538,47.6311,5.91156,47.6321,4.14734,1
92,5520,179,-29.7724,0.284751,-82.4475,-145.208,-81.8465,-143.158,-82.2563,-149.519,-82.986,-147.352,-82.604,-140.235,1
92,5520,182,-34.818,10.6739,16.4493,32.8002,16.3455,32.1343,15.8432,33.0565,16.5585,33.402,17.149,32.5128,2
92,5520,190,23.3214,-24.3755,-12.2894,-131.96,-11.7388,-131.667,-11.8063,-132.654,-12.8255,-132.292,-12.6882,-131.337,1
92,5520,194,-30.7993,13.1105,-17.5732,37.0673,-17.767,36.3654,-18.2296,37.399,-17.3695,37.7102,-16.8183,36.7054,1
93,5580,5,-39.4316,-7.94155,1.83259,60.0891,1.41735,59.1811,1.25342,60.5984,2.18054,60.8615,2.47882,59.4902,1
93,5580,25,37.1554,1.18046,-4.50121,103.163,-4.80804,102.595,-5.01819,103.667,-4.15345,103.81,-4.04172,102.723,1
93,5580,28,-16.9773,13.1924,72.986,-107.313,73.448,-106.767,73.1302,-108.97,72.5276,-107.775,72.8042,-105.566,1
93,5580,29,33.3741,22.7493,36.4217,-90.75,37.0685,-90.3412,36.6285,-91.4682,35.6449,-91.1972,36.1891,-90.096,1
93,5580,36,16.3376,-9.35604,-22.0891,120.92,-22.4423,120.567,-22.4501,121.344,-21.7326,121.29,-21.7561,120.521,1
93,5580,37,-30.3311,-0.33973,14.4026,114.749,13.9697,114.281,14.0647,115.219,14.7963,115.174,14.771,114.227,1
93,5580,84,-23.1357,22.6095,58.7539,-99.8987,58.8961,-100.892,58.1742,-100.232,58.6353,-98.9135,59.4028,-99.464,1
93,5580,90,18.5424,-14.348,25.8828,-104.107,25.9407,-104.671,25.2952,-104.204,25.8042,-103.534,26.4233,-104.031,1
93,5580,99,-32.8491,-1.89972,4.79122,-133.558,4.82907,-134.255,4.18694,-133.467,4.75779,-132.934,5.46126,-133.665,1
93,5580,101,29.8908,-5.20746,83.4681,-59.0913,83.6165,-64.0613,82.8032,-59.8941,83.2451,-54,84.0654,-58.2458,1
93,5580,111,32.97,-19.2063,20.1344,-77.2236,20.1752,-77.817,19.3492,-77.2283,20.0574,-76.5914,20.8082,-77.2375,1
93,5580,112,-38.2871,-2.73763,49.7091,-46.7663,49.9875,-47.8555,49.0749,-46.8653,49.4597,-45.829,50.4319,-46.6638,1
93,5580,115,-33.6642,-5.84197,6.93244,80.8656,7.60075,81.0038,6.93488,80.2907,6.34178,80.7404,6.93968,81.5009,2
93,5580,123,27.1987,17.5018,43.075,-70.3132,42.6634,-71.0668,42.6007,-69.7491,43.5518,-69.4609,43.5422,-70.8305,4
93,5580,130,-29.1938,-8.3033,-10.3093,129.638,-9.59712,129.752,-10.291,129.027,-10.9455,129.529,-10.3132,130.299,1
93,5580,137,5.7892,24.7505,53.3903,28.7561,53.7541,28.0093,53.0247,28.0663,53.0114,29.5816,53.7472,29.5258,2
93,5580,139,25.5699,16.7745,13.2501,105.205,13.9005,105.262,13.2582,104.585,12.5167,105.159,13.2164,105.798,3
93,5580,146,-36.3024,0.525268,-21.2477,-49.5693,-21.663,-50.3197,-21.746,-49.0108,-20.8741,-48.9148,-20.6821,-50.2034,1
93,5580,182,31.9169,-24.3125,13.9139,38.4044,13.7903,37.8317,13.0798,38.5726,14.0017,39.0146,14.6156,38.2385,1
93,5580,194,-35.0206,8.26739,-14.3474,37.3629,-14.5509,36.5862,-15.0135,37.7497,-14.1457,38.0554,-13.5776,36.9273,1
93,5580,199,-6.64976,-23.3294,18.9794,-139.34,19.5923,-139.119,19.2935,-139.879,18.4222,-139.567,18.7013,-138.81,1
94,5640,7,-27.4831,-16.0381,71.1996,103.805,71.1047,101.368,70.5893,104.056,71.241,105.975,71.8381,103.436,2
94,5640,13,30.6954,12.749,45.5644,-171.99,46.0966,-172.476,45.161,-172.635,44.9647,-171.434,45.9217,-171.365,1
94,5640,27,36.5287,-2.02546,67.4503,134.39,67.4232,132.766,66.754,134.91,67.4543,136.228,68.0611,133.912,1
94,5640,30,34.0354,13.5317,52.2635,-63.6052,52.7236,-62.8031,52.6251,-64.4716,51.7168,-64.4951,51.9097,-62.8445,1
94,5640,42,38.9764,-3.0423,5.35984,-53.4355,6.04836,-53.2395,5.33869,-54.2976,4.57396,-53.6703,5.37565,-52.6917,1
94,5640,69,35.9201,-4.72972,-14.0928,-2.28566,-13.493,-2.08267,-14.0317,-3.06355,-14.7615,-2.52538,-14.1426,-1.60384,1
94,5640,90,34.5745,-7.70549,27.159,-99.3872,27.3294,-100.057,26.3971,-99.4536,26.952,-98.6526,27.8266,-99.3343,3
94,5640,93,-30.4075,-4.5552,22.797,27.6296,23.4676,27.6618,22.7278,27.005,22.1943,27.5985,22.8786,28.3117,1
94,5640,94,-13.5374,13.4901,-5.61722,52.9095,-5.11605,52.9385,-5.58626,52.3917,-6.11489,52.8956,-5.66256,53.4636,1
94,5640,99,-32.8574,23.7544,9.63457,-129.334,9.7279,-129.977,8.86587,-129.37,9.58661,-128.721,10.5445,-129.263,1
94,5640,119,-35.4754,3.50647,-26.7725,-125.671,-26.6694,-126.409,-27.3876,-125.604,-26.854,-125.009,-26.0744,-125.745,1
94,5640,123,35.2248,-1.03047,44.5743,-68.67,44.2684,-69.5505,43.9563,-67.9602,44.9049,-67.6621,45.1186,-69.3061,2
94,5640,140,0.399333,-23.3169,56.0088,129.653,56.5174,130.201,56.4207,128.88,55.5409,129.113,55.6357,130.395,1
94,5640,173,18.9478,5.9395,55.1145,13.3619,54.7563,12.6627,54.7272,14.0325,55.4971,14.1185,55.4873,12.7166,1
94,5640,179,-22.2862,21.0203,-86.461,-29.9465,-86.4259,-39.0635,-87.0922,-29.8096,-86.3794,-21.1227,-85.7502,-29.7489,7
94,5640,199,-4.8716,23.6173,10.8839,-136.992,11.4101,-136.756,11.1972,-137.504,10.3199,-137.211,10.5216,-136.455,1
95,5700,4,-31.5722,10.1634,-23.7449,53.1062,-23.9624,52.3688,-24.3719,53.4842,-23.5247,53.7752,-23.0272,52.6909,1
95,5700,9,-16.1824,-24.7022,28.799,-122.899,29.4916,-122.612,29.113,-123.484,28.1895,-123.179,28.5181,-122.308,1
95,5700,25,7.83401,21.01,5.11597,101.318,4.7986,100.933,4.71876,101.586,5.47252,101.72,5.53691,101.06,3
95,5700,31,-30.8435,-12.8733,14.8818,-58.5201,15.3535,-57.9726,15.2532,-58.9495,14.4733,-59.0078,14.4963,-58.046,1
95,5700,39,-31.8022,8.39329,82.3997,-13.5745,82.2488,-9.07618,83.0124,-13.4902,82.4833,-17.8447,81.7088,-13.7029,1
95,5700,56,38.7613,-12.304,-23.6126,-12.1731,-22.9217,-11.9514,-23.5701,-13.2468,-24.3821,-12.4563,-23.6326,-11.266,1
95,5700,76,1.57451,22.6194,58.7129,-130.908,58.6575,-131.944,58.1767,-130.947,58.7874,-129.805,59.2774,-130.816,2
95,5700,78,-18.5625,19.9996,39.3352,-5.93411,39.8493,-5.66892,39.5703,-6.65229,38.815,-6.16221,39.0501,-5.15462,1
95,5700,119,-28.3954,-6.25086,-25.2761,-123.021,-25.266,-123.693,-25.7959,-122.956,-25.2869,-122.413,-24.7165,-123.101,1
95,5700,134,32.835,-14.7061,-13.5094,-67.9224,-13.5166,-68.5747,-14.347,-67.8037,-13.5272,-67.2155,-12.7856,-68.0384,1
95,5700,140,21.7676,-20.2783,51.8349,126.928,52.2981,127.488,52.3122,126.03,51.3787,126.332,51.4191,127.733,1
95,5700,144,39.6328,4.20752,-85.7365,-41.4389,-86.203,-50.7419,-86.1174,-30.2734,-85.0811,-33.0422,-85.2863,-49.3309,3
95,5700,155,34.3314,4.8581,17.0996,131.61,17.7591,131.635,16.9609,130.893,16.3519,131.585,17.2125,132.258,1
95,5700,171,39.4919,6.577,-12.8311,14.1128,-13.325,13.4984,-13.2659,14.8285,-12.248,14.8276,-12.4359,13.4971,2
95,5700,173,36.1671,15.3021,59.8798,17.6542,59.4053,16.4468,59.4181,18.7503,60.4358,19.0973,60.3123,16.6694,1
95,5700,179,-24.4261,-9.75223,-85.7639,-26.1825,-85.8199,-34.9593,-86.298,-24.2754,-85.6381,-18.5264,-85.1991,-27.8987,4
95,5700,194,-36.6365,-2.8366,-8.48321,38.6744,-8.7746,37.8405,-9.09124,39.101,-8.22604,39.4005,-7.79983,38.1836,2
96,5760,16,-29.6126,18.4499,-25.4448,-70.1146,-24.8571,-70.0523,-25.4492,-70.8402,-26.0029,-70.144,-25.4545,-69.2824,1
96,5760,25,27.8456,5.10878,7.26155,103.285,6.96712,102.817,6.82947,103.66,7.58814,103.799,7.6665,102.943,2
96,5760,28,32.0029,-18.8551,63.5418,-107.389,64.0529,-106.877,63.8,-109.034,63.0069,-107.976,63.3198,-105.981,3
96,5760,29,-34.9212,11.5868,27.6629,-81.7457,28.1044,-81.2135,28.0283,-82.3665,27.247,-82.2111,27.2297,-81.0422,3
96,5760,46,-28.9363,10.4873,-26.4424,108.342,-26.3566,107.656,-27.072,108.35,-26.5037,108.983,-25.7364,108.343,1
96,5760,59,-31.5292,24.3783,-25.8277,125.935,-25.7055,125.202,-26.6342,125.838,-25.8958,126.642,-24.8757,126.081,1
96,5760,72,39.6811,-2.48656,-68.7816,140.095,-68.5475,138.146,-69.6757,140.128,-69.0339,142.381,-68.0133,140.075,1
96,5760,109,18.662,12.2988,27.2534,-113.226,26.8889,-113.675,26.8774,-112.813,27.6559,-112.744,27.628,-113.618,1
96,5760,126,-34.9196,14.2466,17.4384,101.632,17.8956,102.237,17.9271,100.995,16.9998,101.101,16.8545,102.36,5
96,5760,130,-30.9931,-15.3642,-18.3264,135.796,-17.5144,135.849,-18.3421,135.147,-19.0337,135.734,-18.2801,136.49,2
96,5760,142,-23.7698,24.4049,-27.8303,140.472,-27.3855,140.939,-27.3294,139.91,-28.2937,140.039,-28.4218,141.1,1
96,5760,173,23.796,11.3417,63.1459,14.8824,62.762,13.9014,62.7394,15.7732,63.5692,15.9778,63.5386,14.0342,1
96,5760,179,-32.9475,-20.8854,-83.2045,-21.7182,-83.4332,-29.223,-83.7803,-19.642,-82.9438,-15.7325,-82.5951,-23.8629,3
96,5760,181,38.6405,-13.3801,-7.60921,28.1592,-7.70149,27.5268,-8.4197,28.4831,-7.53114,28.871,-6.92699,27.8758,2
96,5760,186,23.8453,-9.96002,4.62303,-156.894,5.08532,-156.696,4.82325,-157.448,4.14163,-157.113,4.44759,-156.386,1
96,5760,195,32.375,17.464,28.8534,60.0892,28.5352,59.267,28.2519,60.5269,29.2357,61.0423,29.4282,59.7092,2
97,5820,16,-15.9729,10.3279,-28.3647,-69.0223,-27.8649,-69.0337,-28.389,-69.5976,-28.8526,-68.9982,-28.3453,-68.4062,1
97,5820,22,40.0316,3.76185,-81.4926,-40.1859,-80.8018,-39.3286,-81.5579,-45.4211,-82.2947,-41.3802,-81.3896,-35.7119,1
97,5820,40,27.1247,2.99773,45.4571,-105.752,46.0069,-106.031,45.1694,-106.528,44.8547,-105.451,45.7132,-105.024,2
97,5820,56,-25.0524,-4.4931,-25.3652,-0.890853,-24.7174,-0.86674,-25.4033,-1.52736,-25.9592,-0.916349,-25.3134,-0.210823,1
97,5820,59,-32.9106,16.8757,-23.7255,127.779,-23.5991,127.038,-24.4812,127.769,-23.8101,128.471,-22.8478,127.811,2
97,5820,62,-27.8078,8.07761,-33.3565,139.689,-33.283,138.995,-33.9362,139.702,-33.4101,140.338,-32.7135,139.683,1
97,5820,87,-33.978,14.1979,-10.6541,36.6605,-10.0864,36.9522,-10.4742,36.0014,-11.1844,36.4123,-10.8735,37.419,2
97,5820,93,-34.4579,-21.2897,16.4825,34.3473,17.3942,34.2917,16.4042,33.7103,15.7122,34.373,16.6045,35.0267,1
97,5820,105,4.69322,24.6042,-68.1796,68.8088,-67.7294,69.5912,-67.8242,67.7915,-68.6762,67.9876,-68.5672,69.8637,1
97,5820,109,-16.4053,23.4698,32.2876,-116.736,31.931,-117.2,31.8193,-116.321,32.6681,-116.287,32.8218,-117.18,1
97,5820,114,-17.6595,13.306,20.9129,66.3805,21.3916,66.4535,20.9703,65.8486,20.4427,66.3246,20.8371,66.9547,1
97,5820,126,-34.5884,-6.28071,16.0734,101.443,16.6636,102.039,16.4276,100.843,15.5572,100.92,15.6898,102.116,10
97,5820,134,24.5124,12.3196,-4.52217,-63.0576,-4.62205,-63.6683,-5.09912,-62.9076,-4.39873,-62.3834,-3.96873,-63.1834,2
97,5820,138,-26.2414,-23.0255,35.6812,90.2623,36.496,90.158,35.6654,89.5274,34.9715,90.3233,35.7304,91.0155,2
97,5820,150,-30.3521,-0.184664,-12.6646,-43.2444,-12.5948,-43.9142,-13.2583,-43.2015,-12.7239,-42.6363,-12.0106,-43.2947,3
97,5820,159,-23.7199,22.9315,-34.1607,-71.791,-33.9788,-72.4364,-34.7688,-72.0532,-34.3052,-71.1424,-33.4763,-71.4695,1
97,5820,163,34.2402,11.9686,16.4028,12.0324,16.4397,11.2966,15.7246,12.1478,16.3688,12.8804,17.0238,11.9477,2
97,5820,173,35.2587,-10.0038,64.5379,18.1613,64.2302,16.8456,63.8932,19.3531,64.8466,19.6736,65.0839,17.0673,1
97,5820,178,-20.8008,-9.51474,-64.9286,-165.751,-64.4582,-164.852,-64.5991,-166.729,-65.3515,-166.622,-65.2548,-164.687,1
97,5820,180,-30.7109,-2.4974,-32.0718,6.30231,-32.1619,5.56449,-32.6011,6.50944,-31.9869,6.96679,-31.4922,6.07135,1
98,5880,2,31.9885,7.56363,-77.7944,-11.7071,-77.3912,-14.4123,-78.4611,-13.0557,-78.2106,-8.42221,-77.1862,-10.5377,1
98,5880,5,-25.4267,15.1069,21.857,66.4279,21.6045,65.8071,21.2667,66.7689,22.1168,67.0122,22.5255,66.058,1
98,5880,6,20.0192,21.0566,54.4672,89.293,54.2418,88.2299,53.8999,89.6048,54.7309,90.483,55.0376,89.0262,2
98,5880,22,40.1286,-8.48769,-83.1744,-26.7423,-82.5119,-26.561,-83.3405,-33.9493,-83.9291,-27.1785,-82.9489,-20.9771,1
98,5880,25,-10.3393,22.7873,16.7962,101.075,16.506,100.668,16.3498,101.344,17.1133,101.479,17.2932,100.799,5
98,5880,40,37.6353,-7.29517,43.1562,-103.364,43.8256,-103.537,42.7849,-104.419,42.3978,-103.196,43.4721,-102.447,3
98,5880,46,16.3745,-8.94807,-25.2768,115.59,-25.2906,115.024,-25.8427,115.611,-25.2712,116.172,-24.7478,115.562,1
98,5880,62,23.3433,18.0053,-33.0957,147.306,-33.1608,146.608,-33.6306,147.403,-33.0004,148.083,-32.5736,147.24,1
98,5880,67,-26.2735,17.9932,33.2628,-32.3858,33.8158,-32.2655,33.3292,-33.1182,32.7286,-32.4709,33.1646,-31.562,1
98,5880,83,35.9433,15.6881,43.2888,-117.056,43.2776,-118.038,42.6421,-116.848,43.3071,-115.905,43.8828,-117.213,1
98,5880,85,-31.8246,22.7089,47.3464,-1.74951,47.9277,-1.50558,47.4687,-2.78439,46.7866,-1.92414,47.167,-0.548658,1
98,5880,87,32.1171,-13.2349,-14.4929,31.3542,-13.9785,31.5973,-14.2714,30.6347,-15.04,31.07,-14.6744,31.9885,2
98,5880,93,-19.0954,0.243478,10.8399,37.1748,11.3781,37.2089,10.8377,36.6547,10.3304,37.1442,10.8422,37.7251,1
98,5880,105,-32.6534,14.7393,-70.4919,80.2538,-69.9784,81.4136,-70.1622,78.4593,-70.974,79.186,-70.8622,82.3706,1
98,5880,126,-32.3706,-22.8255,14.2842,101.079,15.0869,101.639,14.6407,100.516,13.618,100.59,13.9439,101.698,1
98,5880,148,-17.4931,19.394,70.7876,-37.7138,70.4616,-39.1029,70.2734,-36.7324,71.1223,-36.3314,71.3602,-38.8023,2
98,5880,159,-28.4368,-2.64412,-33.105,-71.0854,-32.9132,-71.8164,-33.6703,-71.1912,-33.2763,-70.4178,-32.4892,-70.9787,1
98,5880,178,32.9999,10.0013,-70.5135,179.706,-70.1255,-178.627,-70.0333,178.285,-70.9444,177.742,-70.9543,-178.973,1
98,5880,189,-35.9398,11.0079,-54.5295,-23.7759,-54.2829,-24.8366,-55.1972,-23.9274,-54.727,-22.7971,-53.7582,-23.5903,1
98,5880,193,-32.4627,11.0942,-30.3473,29.8143,-30.5014,28.9926,-31.0238,30.1621,-30.1818,30.5595,-29.5686,29.4345,1
99,5940,2,26.3859,22.8171,-74.8839,7.93844,-74.7854,5.11729,-75.5235,7.70751,-74.9263,11.2309,-74.2665,8.28566,2
99,5940,5,-20.3086,11.4029,24.847,67.7474,24.5931,67.1594,24.3146,68.0653,25.1037,68.3094,25.4321,67.4091,1
99,5940,12,25.4383,10.4074,46.9446,161.66,47.2955,161.007,46.473,161.228,46.5601,162.381,47.3815,162.093,1
99,5940,25,9.81411,-20.5612,16.5986,102.521,16.2957,102.119,16.1213,102.792,16.877,102.929,17.0309,102.254,4
99,5940,40,37.5556,-10.9258,41.6996,-99.5376,42.3679,-99.6479,41.3853,-100.649,40.9484,-99.4478,41.9677,-98.5827,1
99,5940,62,-20.9613,10.2669,-28.254,146.001,-28.2448,145.403,-28.7881,146.032,-28.2482,146.575,-27.6728,145.978,1
99,5940,79,-29.9376,11.6132,-6.80719,14.6179,-6.25962,14.9567,-6.5528,14.0039,-7.32524,14.3181,-7.1041,15.3076,2
99,5940,81,-22.4354,12.635,-12.2785,-161.977,-12.383,-162.502,-12.8014,-161.829,-12.1624,-161.476,-11.7008,-162.127,1
99,5940,83,-0.111267,-23.7656,45.7055,-120.788,45.6077,-121.536,45.1756,-120.833,45.7705,-120.078,46.2047,-120.778,1
99,5940,102,-27.9209,7.72867,33.7134,64.1847,34.0988,64.7398,34.107,63.6488,33.344,63.6815,33.2695,64.7681,2
99,5940,109,-9.22996,-16.7951,36.1044,-116.251,35.7026,-116.715,35.7174,-115.848,36.4683,-115.799,36.473,-116.669,1
99,5940,110,24.4698,21.8696,13.7298,-85.692,13.6223,-86.2928,13.2145,-85.5923,13.8711,-85.0136,14.2377,-85.7611,1
99,5940,121,-23.9886,-7.60423,-8.06477,-84.4154,-8.47174,-84.9406,-8.48879,-84.024,-7.69707,-83.9321,-7.62329,-84.8377,1
99,5940,126,-26.2351,20.6831,5.5898,100.874,6.02518,101.32,6.07036,100.358,5.14622,100.467,5.02314,101.446,9
99,5940,148,-15.4214,24.4544,74.9867,-34.8412,74.6612,-36.6296,74.4252,-33.7512,75.3313,-33.0129,75.6195,-36.0565,1
99,5940,167,-14.2365,23.2358,2.00101,170.696,2.53423,170.719,2.08374,170.12,1.45734,170.701,1.88514,171.328,1
99,5940,171,39.8556,0.00900815,1.42826,13.1086,0.991796,12.4997,0.920566,13.8128,1.92822,13.8186,1.87105,12.5043,2
99,5940,180,-26.8555,16.5776,-24.203,11.6283,-24.2889,11.0347,-24.7774,11.7865,-24.0975,12.1892,-23.5513,11.4687,1
99,5940,194,-33.8127,-2.38698,5.59914,42.7318,5.3008,41.98,5.02325,43.1272,5.86402,43.3986,6.23731,42.282,1
100,6000,5,-22.6051,-7.17858,26.6808,67.7863,26.363,67.1397,26.1896,68.1327,26.9649,68.3872,27.1919,67.4071,1
100,6000,16,-38.1991,-6.64019,-32.5266,-59.1564,-31.7066,-59.2262,-32.7442,-59.8938,-33.2333,-59.0991,-32.2608,-58.3325,1
100,6000,18,-34.6728,-11.1065,-37.6535,31.6689,-37.4293,30.7303,-38.2537,31.5873,-37.8508,32.4861,-36.9909,31.7323,1
100,6000,24,2.48923,-18.8986,-14.86,96.2166,-15.1709,95.8236,-15.2938,96.4797,-14.5741,96.6049,-14.4569,95.953,1
100,6000,43,-5.06605,24.983,-37.5417,-7.62937,-37.0162,-7.74765,-37.5475,-8.3262,-38.0896,-7.46714,-37.5577,-6.87404,1
100,6000,48,-23.3993,2.54138,38.2011,168.223,38.2758,167.489,37.6477,168.203,38.1314,168.91,38.7981,168.247,1
100,6000,53,-23.2674,23.4291,43.7288,-70.8941,44.3216,-70.9842,43.6689,-71.8373,43.1484,-70.7587,43.761,-69.8144,3
100,6000,62,18.4333,-7.47712,-28.8116,150.331,-28.8394,149.766,-29.3587,150.385,-28.7893,150.917,-28.3018,150.274,1
100,6000,102,-38.4279,12.7686,29.2735,65.6376,29.6724,66.3688,29.785,64.9689,28.8943,65.0062,28.6562,66.4091,1
100,6000,105,-34.4217,-0.891,-75.9356,87.8219,-75.2835,89.0812,-75.7779,85.2947,-76.5105,86.6127,-76.0752,90.7197,1
100,6000,110,26.0375,-13.3237,14.0956,-85.4406,14.0843,-85.9624,13.4764,-85.3978,14.0888,-84.8911,14.6504,-85.4905,1
100,6000,121,31.7861,-18.7298,-6.28658,-78.7441,-6.62853,-79.2862,-7.00539,-78.2183,-5.95084,-78.1473,-5.6791,-79.2099,1
100,6000,126,-35.4934,-12.4861,5.66431,101.831,6.34923,102.422,6.00185,101.238,5.08236,101.315,5.31375,102.497,5
100,6000,128,37.0664,6.92088,-68.9679,102.728,-68.4102,104.179,-68.58,100.791,-69.6006,100.964,-69.3071,104.484,1
100,6000,130,-24.4375,21.4532,-32.721,148.502,-32.1245,148.545,-32.6854,147.7,-33.3041,148.499,-32.7792,149.414,1
100,6000,151,37.8635,2.55293,16.4148,-5.25783,16.5339,-5.98273,15.6395,-5.16162,16.2731,-4.42584,17.0967,-5.33442,2
100,6000,159,33.4314,16.6193,-32.4666,-58.1617,-32.3918,-59.0074,-33.1225,-58.1016,-32.5289,-57.1759,-31.8589,-58.1841,1
100,6000,180,-11.6155,16.8938,-21.6386,14.622,-21.7742,14.1308,-22.1182,14.7549,-21.484,15.1098,-21.1194,14.4964,1
101,6060,5,-34.1243,-18.6302,29.2175,66.586,28.6923,65.6491,28.6829,67.0657,29.6424,67.4004,29.7692,66.0264,1
101,6060,10,-35.8127,-5.26842,15.7845,89.3841,15.7975,88.5985,15.1721,89.5231,15.7685,90.0718,16.4673,89.2157,1
101,6060,11,-24.9312,-0.774753,40.0118,120.731,40.1361,119.995,39.4835,120.656,39.8936,121.411,40.581,120.809,2
101,6060,29,-23.9543,21.5436,7.88934,-80.9142,8.29169,-80.5676,8.27372,-81.3739,7.47791,-81.2307,7.43732,-80.4089,1
101,6060,53,-28.7466,-2.86251,43.6627,-69.5575,44.3462,-69.6512,43.5106,-70.3712,43.0425,-69.475,43.8284,-68.6685,1
101,6060,59,33.5729,3.92497,-18.2682,141.966,-18.2747,141.244,-18.9804,142.147,-18.2565,142.78,-17.6252,141.813,1
101,6060,62,-31.6225,-14.1937,-23.5733,148.356,-23.6431,147.544,-24.1346,148.483,-23.521,149.066,-22.9734,148.195,1
101,6060,85,26.8259,-20.8816,38.5252,-2.1491,39.054,-2.03346,38.6696,-3.05006,37.9827,-2.30464,38.4113,-1.35874,3
101,6060,90,-26.0375,19.6129,46.4426,-72.3211,46.7429,-73.0273,45.8865,-72.7666,46.1726,-71.6269,47.0615,-71.7782,3
101,6060,101,33.9378,2.06359,62.0034,50.1833,62.5008,51.0503,62.3002,48.8247,61.4384,49.2394,61.721,51.3722,2
101,6060,102,-26.0691,15.0975,25.4388,63.722,25.8103,64.2077,25.8663,63.2378,25.0679,63.2773,24.9471,64.249,2
101,6060,112,39.7313,1.55114,48.3251,0.574173,48.9182,0.081271,47.7648,-0.205119,47.6347,1.12623,48.803,1.27257,1
101,6060,135,34.5862,17.3325,34.1287,-27.6211,34.1719,-28.5685,33.423,-27.5075,34.088,-26.5095,34.7806,-27.6887,1
101,6060,159,32.8347,-3.97021,-31.4012,-57.0361,-31.2662,-57.736,-32.1159,-57.0545,-31.5548,-56.2617,-30.7649,-57.0214,9
101,6060,162,-12.7936,24.2137,5.24867,-6.4182,5.21635,-6.95338,4.67019,-6.45428,5.31109,-5.87106,5.88571,-6.35249,1
101,6060,164,39.7491,-5.53246,41.4182,60.3605,41.8901,59.633,40.5948,59.8838,40.86,61.1674,42.1205,60.7756,1
102,6120,10,35.8326,8.2846,14.9469,98.1158,14.9748,97.4153,14.27,98.2634,14.9187,98.9213,15.5576,97.9973,1
102,6120,24,-29.4969,-16.0065,-6.84173,94.2172,-7.26759,93.6573,-7.24788,94.5718,-6.47777,94.7168,-6.42573,93.8237,1
102,6120,39,35.8452,12.2724,57.9815,-66.0073,58.4506,-65.044,58.3444,-67.0776,57.42,-67.0788,57.6287,-65.0794,1
102,6120,52,-19.2691,6.71519,53.4246,-115.696,53.8565,-116.314,53.0341,-116.368,53.0135,-115.103,53.8352,-114.953,1
102,6120,59,26.2826,-21.7486,-16.9464,141.64,-16.9732,141.017,-17.7533,141.63,-16.952,142.284,-16.2427,141.626,1
102,6120,65,-30.5674,2.14599,56.9992,-115.142,57.3897,-116.061,56.481,-115.644,56.6417,-114.317,57.5707,-114.571,1
102,6120,78,35.9882,5.58579,14.3116,-1.71619,14.9456,-1.37427,14.4748,-2.47849,13.583,-2.10314,14.1522,-1.04033,2
102,6120,86,-8.69911,-20.5771,6.0461,23.6937,6.58155,23.7996,6.22352,23.2254,5.55311,23.5775,5.89274,24.1566,2
102,6120,90,-16.8791,-7.95332,45.9249,-70.5973,46.1679,-71.3081,45.4746,-70.9056,45.6876,-69.9417,46.3929,-70.2862,1
102,6120,99,24.4729,-9.61156,24.434,-107.271,24.5146,-107.849,23.8132,-107.332,24.3335,-106.664,24.9995,-107.223,1
102,6120,100,-30.2343,-14.7295,83.4325,-120.267,82.8562,-124.242,83.0737,-116.434,83.8987,-116.091,83.7599,-124.944,1
102,6120,107,-33.5956,10.9623,-21.6898,-122.534,-22.0314,-123.15,-22.1848,-122.035,-21.3606,-121.984,-21.1142,-123.093,1
102,6120,113,34.3548,-23.1297,32.4704,45.4532,33.0456,45.4979,32.4914,44.4193,31.8596,45.3581,32.467,46.3232,2
102,6120,118,-31.5579,14.9635,-30.1648,-130.932,-30.0492,-131.595,-30.7881,-130.96,-30.2486,-130.31,-29.4526,-130.884,1
102,6120,122,-26.2001,-10.814,38.571,-80.528,38.1154,-81.2188,38.1472,-80.0078,38.97,-79.8909,39.0059,-81.1022,1
102,6120,125,14.8648,-16.5239,33.5763,92.4085,34.0174,92.8022,33.9895,91.8382,33.1444,91.9974,33.2054,92.9414,2
102,6120,136,-35.3116,5.61264,57.4515,19.1524,58.0161,18.2151,56.8595,18.412,56.9486,19.9835,58.1207,20.033,1
102,6120,138,29.7987,-1.4553,16.1576,99.9131,16.7645,100.037,16.1748,99.1936,15.4925,99.7723,16.1387,100.565,4
102,6120,141,8.22845,23.9888,-14.3631,134.366,-13.8831,134.714,-13.9815,133.948,-14.9012,134.007,-14.7808,134.781,2
102,6120,145,-34.1372,7.42617,-22.769,-51.663,-23.13,-52.3612,-23.2955,-51.1336,-22.4279,-51.0437,-22.1623,-52.2575,3
102,6120,147,-30.6177,18.4367,50.1219,-45.7562,49.7565,-46.6189,49.5526,-45.022,50.4857,-44.9599,50.7873,-46.6012,1
102,6120,149,-34.3119,1.86955,59.8713,133.944,60.353,135.132,60.2828,132.824,59.4275,132.921,59.3975,135.178,2
102,6120,152,38.218,-2.90794,39.2185,35.9778,39.6175,35.2482,38.4413,35.6334,38.75,36.792,39.8914,36.2844,1
102,6120,153,32.553,16.835,40.4983,86.2042,41.1167,85.755,40.0997,85.5386,39.789,86.7342,40.8431,86.8508,2
102,6120,159,23.6134,-24.0931,-29.484,-56.4662,-29.4246,-57.105,-30.2116,-56.6657,-29.5759,-55.824,-28.8423,-56.3194,1
102,6120,160,-31.1346,21.3034,-37.9969,-63.6355,-37.6927,-64.342,-38.674,-63.9968,-38.2491,-62.9416,-37.2148,-63.1946,1
102,6120,162,-18.5163,11.565,7.47877,-5.33232,7.48605,-5.87158,6.93153,-5.31735,7.48497,-4.80848,8.07159,-5.33748,1
102,6120,165,25.6182,-21.0528,40.4203,111.476,40.9527,111.224,40.2035,110.532,39.8612,111.692,40.6233,112.3,2
102,6120,166,32.0569,-13.3637,19.2588,146.581,19.8588,146.638,19.23,145.753,18.6118,146.495,19.2926,147.304,1
102,6120,172,-27.9059,-22.2609,46.3346,4.36739,45.6762,3.68027,45.9647,5.02494,46.8881,5.00073,46.685,3.64399,2
102,6120,180,-11.5422,24.506,-14.2182,18.1047,-14.3877,17.6255,-14.7381,18.2242,-14.0169,18.5879,-13.6412,17.9982,2
102,6120,181,30.339,10.382,15.5464,36.7661,15.378,36.1734,15.017,37.0305,15.7429,37.4316,16.0429,36.5337,1
102,6120,183,11.0504,17.0083,63.8183,118.455,64.1608,117.644,63.4906,117.679,63.4571,119.327,64.1315,119.282,1
102,6120,194,-34.0129,6.42789,17.2359,45.6988,16.9933,44.9384,16.6087,46.1023,17.4651,46.381,17.9515,45.2398,3
102,6120,196,36.8843,5.83611,67.9576,131.078,68.5309,129.636,67.2474,129.952,67.2823,132.661,68.5722,132.167,1
103,6180,4,28.3975,-6.76482,1.41742,65.2358,1.16071,64.6676,0.794704,65.6201,1.68296,65.8548,1.97527,64.8854,1
103,6180,7,-31.9839,-2.43137,66.4216,-146.15,67.1456,-145.522,66.4995,-147.814,65.7718,-146.68,66.3225,-144.318,1
103,6180,10,37.1723,7.28467,17.4759,100.674,17.5275,99.9481,16.7694,100.822,17.4181,101.512,18.1072,100.555,5
103,6180,18,-34.312,19.5187,-29.3574,45.3452,-29.1594,44.6388,-30.084,45.2267,-29.5059,46.0122,-28.5058,45.506,1
103,6180,20,-35.9678,9.27018,-33.5967,-71.6142,-33.0988,-71.081,-33.2872,-72.3155,-34.0529,-72.0853,-33.9551,-70.8043,1
103,6180,31,36.0366,-8.59651,-15.4621,-68.5608,-15.1367,-68.0207,-14.9097,-69.122,-15.8086,-69.1731,-15.9365,-68.0665,1
103,6180,32,38.2865,-1.34608,-51.8888,-73.8854,-51.583,-72.9329,-51.3247,-74.7394,-52.2223,-74.9945,-52.377,-73.1275,1
103,6180,36,-31.3673,23.8425,18.8537,111.777,18.4685,111.289,18.336,112.302,19.2484,112.218,19.4787,111.176,1
103,6180,37,-34.9946,-16.9149,50.3453,107.186,49.6607,106.45,50.0678,108.011,50.9179,107.852,50.6137,106.257,2
103,6180,41,31.5714,21.6587,5.48314,-54.4996,6.22919,-54.4649,5.44567,-55.1442,4.60876,-54.5157,5.48116,-53.8895,2
103,6180,47,32.2505,-19.1006,15.1651,150.385,15.1962,149.755,14.3116,150.394,15.0958,151.056,15.8975,150.359,1
103,6180,59,33.6419,-21.9246,-14.8176,144.455,-14.7999,143.779,-15.7907,144.476,-14.8787,145.175,-13.9979,144.414,1
103,6180,71,37.8532,2.46766,-72.5738,113.117,-72.1152,111.233,-73.3293,112.097,-73.0803,115.399,-71.9102,113.969,1
103,6180,122,34.8149,3.10753,42.8102,-71.5233,42.4778,-72.3747,42.2332,-70.8319,43.1791,-70.5461,43.3272,-72.1423,2
103,6180,128,10.9657,-22.0297,-76.3308,118.434,-75.7956,119.223,-75.9921,116.149,-76.8401,117.494,-76.6021,120.668,1
103,6180,133,30.7467,16.799,-15.3448,-71.6768,-15.4633,-72.4105,-15.9712,-71.4717,-15.1874,-70.8378,-14.7502,-71.8403,1
103,6180,138,24.431,-14.6288,14.659,101.73,15.2189,101.834,14.7699,101.015,14.0784,101.599,14.571,102.372,4
103,6180,139,-12.9164,23.464,-15.0883,128.696,-14.5393,128.759,-14.9562,128.092,-15.6529,128.662,-15.2571,129.357,1
103,6180,143,20.8141,8.82624,-87.3357,-167.812,-86.7658,-170.167,-87.4476,179.658,-87.9432,-163.566,-87.1317,-157.087,1
103,6180,149,-21.3247,9.56357,55.3051,131.245,55.7181,131.971,55.6836,130.449,54.8968,130.58,54.8804,132.083,1
103,6180,160,-28.8599,8.50445,-37.2173,-61.1089,-36.9609,-61.8176,-37.8128,-61.316,-37.4395,-60.4404,-36.5545,-60.8728,1
103,6180,181,20.7581,-5.54943,18.0691,36.7253,17.9414,36.2294,17.5557,36.9035,18.1951,37.2488,18.5453,36.5546,1
103,6180,184,25.5405,3.23783,42.7416,176.197,43.262,176.317,42.7632,175.443,42.1753,176.071,42.7121,176.898,1
104,6240,27,27.5815,-21.0456,68.6692,-115.679,69.1847,-115.306,68.8606,-117.599,68.1407,-116.129,68.5024,-114.018,1
104,6240,30,26.4397,21.9938,13.5783,-66.199,14.0451,-65.7543,13.9438,-66.6303,13.0278,-66.6886,13.2007,-65.8037,1
104,6240,41,37.6069,5.74326,3.39147,-54.0971,4.10378,-53.9421,3.33447,-54.8702,2.56726,-54.2733,3.42849,-53.4126,2
104,6240,75,-33.5426,-6.57369,57.0721,-144.279,56.9698,-145.688,56.4641,-143.916,57.145,-143.029,57.7384,-144.718,1
104,6240,83,-32.8891,-11.7237,60.9516,-99.5836,61.1331,-101.05,60.3815,-99.7146,60.7706,-98.3196,61.5744,-99.476,2
104,6240,94,37.9309,-6.9597,-34.0143,74.6153,-33.3488,74.6717,-34.17,73.6233,-34.7648,74.5308,-33.87,75.4662,1
104,6240,108,27.3362,24.8406,22.9006,-114.544,22.3853,-115.061,22.4989,-114.074,23.5158,-113.96,23.3186,-114.975,1
104,6240,133,-31.2129,-1.10541,-10.1292,-75.9459,-10.1575,-76.6678,-10.7473,-75.8005,-10.1004,-75.2956,-9.44722,-76.1108,1
104,6240,154,33.9653,19.4597,17.3728,129.073,18.122,129.005,17.2083,128.4,16.4944,129.173,17.4906,129.706,1
104,6240,167,-28.8587,-17.3275,-7.87172,-179.344,-7.10948,-179.367,-7.91018,-179.926,-8.54001,-179.339,-7.80269,-178.732,1
104,6240,172,-0.713953,24.1633,58.5337,7.77057,58.1259,7.1033,58.1189,8.42925,58.981,8.45789,58.9898,7.08959,1
104,6240,183,-30.7352,18.5802,65.8845,138.196,66.4465,137.804,65.6298,136.74,65.362,138.613,66.1427,139.926,1
104,6240,199,21.6234,6.12248,-23.7199,-130.79,-23.1876,-130.488,-23.4841,-131.405,-24.2974,-131.114,-23.9499,-130.209,1
105,6300,11,31.6551,9.87243,43.1114,142.162,43.3904,141.39,42.5122,141.927,42.7974,143.032,43.6578,142.402,1
105,6300,14,28.8973,-9.52547,0.859877,-104.898,1.40149,-104.8,0.902942,-105.561,0.280514,-105.016,0.828763,-104.304,1
105,6300,24,36.0991,14.9872,6.4314,101.884,6.03707,101.301,5.98481,102.37,6.90396,102.559,6.85449,101.459,2
105,6300,30,34.0527,9.73372,10.9745,-67.4281,11.3914,-66.9217,11.3676,-67.9532,10.4905,-67.9996,10.604,-66.9617,1
105,6300,38,-37.3124,10.694,80.282,-23.4377,80.1568,-19.3717,80.9819,-23.9965,80.3336,-27.156,79.4645,-22.9306,2
105,6300,49,18.4637,20.9095,47.7352,-112.917,48.2445,-113.377,47.4719,-113.622,47.1784,-112.388,47.9692,-112.189,1
105,6300,67,-16.5109,-11.8117,13.9657,-18.905,14.5159,-18.8345,14.0356,-19.4076,13.4557,-18.9803,13.9064,-18.3898,1
105,6300,75,-32.843,6.0623,61.1138,-138.404,61.1381,-139.847,60.4529,-138.178,61.09,-137.096,61.8606,-138.661,2
105,6300,76,-38.8698,3.27841,69.539,-45.7292,70.3729,-45.7388,69.293,-47.762,68.8109,-45.6927,69.7954,-43.3167,1
105,6300,77,-30.2967,11.2254,39.1374,-6.48155,39.7062,-6.07982,39.3519,-7.29166,38.6007,-6.8281,38.8781,-5.57693,1
105,6300,133,34.8382,9.25047,-10.2653,-67.666,-10.3366,-68.4021,-10.957,-67.4197,-10.1732,-66.8212,-9.63511,-67.8707,1
105,6300,153,-35.6773,-7.16723,43.471,99.8153,44.2397,99.5458,43.1775,99.0312,42.7994,100.039,43.8056,100.689,2
105,6300,155,20.0688,20.5756,-9.67613,158.09,-9.08218,158.056,-9.69434,157.542,-10.3373,158.15,-9.6838,158.633,1
105,6300,160,-39.9743,-2.20902,-32.7241,-55.7169,-32.3924,-56.6819,-33.4579,-55.7715,-33.0002,-54.8812,-31.8762,-55.6672,2
105,6300,172,40.1366,-0.248251,59.7043,16.2826,59.3459,14.9752,59.096,17.5264,60.0968,17.8412,60.2225,15.1832,1
105,6300,196,32.817,-15.7296,67.3368,153.087,67.9699,152.531,66.9435,150.99,66.6407,153.581,67.6676,154.934,2
106,6360,11,30.3442,-20.3783,43.4892,142.787,43.7784,142.113,42.8061,142.249,43.1522,143.466,44.0864,143.238,1
106,6360,24,37.5178,-9.20824,7.66578,102.038,7.40601,101.469,7.04028,102.538,7.93948,102.685,8.19981,101.602,3
106,6360,41,32.2141,-6.15503,-1.04959,-50.1535,-0.455186,-50.0063,-1.00281,-50.8822,-1.69965,-50.327,-1.08717,-49.506,1
106,6360,45,-38.1103,7.89793,-24.4993,106.092,-24.3347,105.259,-25.2476,106.161,-24.625,106.835,-23.6268,106.02,1
106,6360,58,-36.9967,5.35426,-25.7804,122.313,-25.6161,121.449,-26.5255,122.375,-25.9092,123.083,-24.9213,122.245,1
106,6360,112,23.5312,-19.8073,44.8549,23.9158,45.3388,23.719,44.7123,23.0341,44.352,24.0802,44.9926,24.6984,2
106,6360,118,-38.8007,0.389301,-19.6458,-121.976,-19.5673,-122.767,-20.2891,-121.84,-19.7066,-121.286,-18.9076,-122.137,1
106,6360,172,28.9737,3.91897,64.0463,13.8737,63.6905,12.7562,63.5878,14.885,64.4308,15.1393,64.4664,12.9264,1
106,6360,178,36.7792,6.47844,-78.864,26.1379,-79.4743,24.0758,-79.0461,29.979,-78.1428,28.2352,-78.6494,22.8595,1
106,6360,183,-36.9914,8.3504,63.5456,152.376,64.2366,152.36,63.3527,150.929,62.9288,152.422,63.744,154.076,1
107,6420,15,-26.7479,23.1434,-29.7025,-67.8536,-29.1346,-67.8457,-29.7038,-68.6125,-30.2537,-67.8222,-29.7202,-66.9799,1
107,6420,21,21.0674,-2.55453,-80.7554,-26.4389,-80.2715,-26.9313,-80.8687,-29.6939,-81.2673,-25.8847,-80.6224,-23.476,1
107,6420,49,-22.1323,11.2073,48.6027,-102.15,49.1451,-102.351,48.4254,-102.97,48.0861,-101.941,48.7799,-101.241,1
107,6420,58,34.2353,11.6175,-27.8906,131.623,-27.899,130.789,-28.5906,131.814,-27.8631,132.584,-27.2489,131.475,1
107,6420,61,33.777,19.8894,-34.9833,144.95,-35.0562,144.062,-35.603,145.152,-34.8681,145.986,-34.3991,144.803,1
107,6420,68,-32.1056,16.4663,-22.4285,9.79742,-21.8278,9.96917,-22.3575,9.07065,-22.9933,9.66308,-22.523,10.6343,1
107,6420,70,33.4255,7.20361,-66.6402,53.1522,-65.9567,53.1202,-66.7967,51.4178,-67.4162,53.2052,-66.4949,54.7125,1
107,6420,81,-32.8226,24.514,16.3945,-149.994,16.3203,-150.632,15.6636,-149.833,16.504,-149.395,17.2673,-150.158,1
107,6420,85,22.829,-10.8063,18.9789,12.044,19.458,12.2096,19.1392,11.4439,18.4816,11.858,18.8393,12.5933,3
107,6420,104,38.4088,13.4284,-69.347,56.5277,-68.8425,58.1937,-68.9155,54.8086,-69.9325,54.4799,-69.7384,58.0785,2
107,6420,108,6.12415,21.9451,33.7348,-116.808,33.3549,-117.247,33.3392,-116.421,34.157,-116.351,34.1595,-117.19,1
107,6420,133,28.1739,-21.0819,-6.39688,-66.3857,-6.44736,-66.9901,-7.22303,-66.3351,-6.37904,-65.7535,-5.68172,-66.4503,1
107,6420,142,33.0945,15.0783,-68.4718,134.139,-67.9106,135.484,-68.0951,132.539,-69.1184,132.531,-68.828,135.622,1
107,6420,147,-35.1342,13.6727,68.3604,-46.6565,67.9677,-48.3388,67.7985,-45.2231,68.7243,-45.1136,69.009,-48.3888,1
107,6420,158,26.6467,22.8184,-37.1396,-69.3376,-37.0619,-70.1806,-37.7222,-69.4041,-37.1968,-68.363,-36.5779,-69.2316,1
107,6420,172,27.7825,-23.6036,64.9043,13.5836,64.5559,12.4675,64.194,14.5841,65.2221,14.8169,65.4983,12.6315,1
107,6420,178,33.0858,17.4245,-74.2003,18.3762,-74.8141,16.853,-74.4522,20.666,-73.4641,19.9509,-73.9194,16.3661,1
107,6420,183,-29.5715,-20.905,62.3217,152.669,63.0446,152.197,62.1645,151.547,61.6895,153.022,62.5074,153.839,1
107,6420,192,-33.5039,2.66372,-33.3996,25.8065,-33.573,24.9044,-34.037,26.1851,-33.2308,26.6103,-32.6804,25.3857,1
107,6420,193,-32.3075,12.7644,1.35306,39.5812,1.13656,38.8953,0.693451,39.9354,1.57408,40.2054,2.11586,39.1867,2
108,6480,1,29.8207,24.7736,-76.3104,-0.412305,-76.1264,-3.76532,-76.9807,-0.881023,-76.437,3.65426,-75.6729,0.183028,1
108,6480,3,-36.9963,-4.28725,-13.1603,52.4784,-13.4943,51.6317,-13.7453,52.9386,-12.8684,53.2119,-12.5051,51.949,1
108,6480,41,18.3339,-13.4033,-5.57055,-45.1824,-5.0534,-45.1066,-5.46902,-45.78,-6.09761,-45.2766,-5.65155,-44.6307,1
108,6480,45,32.9372,14.7282,-23.3893,117.546,-23.4423,116.777,-24.0312,117.733,-23.3082,118.431,-22.7911,117.401,1
108,6480,46,-31.0204,18.5715,8.97714,135.721,9.00241,135.078,8.27029,135.782,8.98236,136.326,9.79585,135.671,1
108,6480,61,-23.2399,15.9171,-29.0879,142.53,-29.063,141.914,-29.6635,142.536,-29.0892,143.126,-28.4481,142.542,1
108,6480,66,-33.2995,24.3207,31.6796,-31.9925,32.2909,-31.7856,31.8128,-32.8842,31.092,-32.1371,31.4862,-30.9412,1
108,6480,82,28.4827,-6.54878,43.7063,-120.741,43.7366,-121.487,43.0779,-120.684,43.658,-119.939,44.2732,-120.8,1
108,6480,85,-35.1023,2.28776,17.1721,19.2132,17.7949,19.519,17.2922,18.5681,16.6135,18.9482,17.0347,19.9419,2
108,6480,104,24.8937,22.8521,-73.9133,61.4029,-73.3953,62.8213,-73.5539,59.8251,-74.5086,59.7413,-74.2791,62.9378,1
108,6480,108,12.6987,14.5388,36.7855,-116.106,36.4303,-116.579,36.4114,-115.686,37.1742,-115.606,37.1676,-116.514,1
108,6480,120,34.8447,17.1636,-8.1883,-80.5051,-8.705,-81.1276,-8.64235,-79.9271,-7.56508,-79.7884,-7.74623,-81.013,1
108,6480,158,29.8873,23.8807,-35.1702,-65.2702,-35.119,-66.1622,-35.7853,-65.2806,-35.195,-64.2234,-34.5817,-65.2126,1
108,6480,182,-28.1589,-14.2746,63.0819,79.9839,63.217,78.5377,62.5595,79.8078,62.9381,81.2498,63.6384,80.1327,4
108,6480,192,-37.2053,-11.9045,-31.3879,25.8678,-31.7004,24.78,-32.0063,26.3203,-31.1242,26.7921,-30.7097,25.341,1
109,6540,1,29.4088,22.4057,-74.3869,10.4397,-74.3393,7.53534,-75.0579,10.5155,-74.3667,13.8347,-73.7447,10.5163,2
109,6540,3,-24.981,21.9323,-7.20339,55.6768,-7.45853,55.0967,-7.85569,55.9793,-6.9221,56.2264,-6.44722,55.3558,1
109,6540,19,-32.232,6.47776,12.1057,84.7142,12.1465,84.0613,11.4925,84.7996,12.0779,85.3096,12.7965,84.6223,1
109,6540,41,36.82,-0.451536,-10.8046,-44.0517,-10.1392,-43.8744,-10.8137,-44.853,-11.5595,-44.26,-10.799,-43.348,1
109,6540,61,19.3605,19.6391,-28.4317,148.574,-28.5231,147.937,-28.9472,148.661,-28.3077,149.275,-27.9187,148.515,1
109,6540,84,-34.9878,5.60064,44.4039,-0.592393,45.0448,-0.302757,44.4439,-1.48604,43.8248,-0.833433,44.3468,0.422335,1
109,6540,92,-39.1441,-11.6759,9.36247,39.1246,10.2762,39.2064,9.24868,38.4476,8.59039,39.0467,9.51474,39.8849,1
109,6540,104,-30.2587,12.7979,-75.5958,82.6813,-75.0626,83.9166,-75.341,80.3253,-76.0959,81.5167,-75.867,85.4288,1
109,6540,108,15.2777,-18.4534,37.5606,-115.987,37.2173,-116.472,37.0716,-115.552,37.8856,-115.48,37.997,-116.407,1
109,6540,120,35.1646,19.3725,-4.17984,-80.3059,-4.72571,-80.9372,-4.63364,-79.7278,-3.51488,-79.5736,-3.73293,-80.8129,1
109,6540,125,-38.4351,3.06334,6.16548,99.9732,6.71729,100.629,6.57693,99.3151,5.67454,99.408,5.68985,100.735,2
109,6540,133,28.4545,18.7707,3.1275,-59.8954,2.99064,-60.5844,2.52261,-59.718,3.30409,-59.1103,3.7107,-60.0355,2
109,6540,144,-37.3477,13.1832,-31.6519,-55.1724,-31.9731,-56.0147,-32.2784,-54.5562,-31.3353,-54.4359,-30.9016,-55.8753,3
109,6540,148,3.07109,21.8627,67.2437,121.33,67.729,122.048,67.5633,120.171,66.7112,120.651,66.88,122.473,1
109,6540,183,-15.4897,-20.9032,56.3898,162.594,56.9671,162.426,56.3793,161.698,55.8622,162.71,56.4173,163.482,1
109,6540,188,-36.0287,-7.87052,-52.1689,-21.3299,-52.0394,-22.5409,-52.7732,-21.2707,-52.2765,-20.2718,-51.4962,-21.4184,1
109,6540,189,39.6786,-6.95257,-27.3671,15.1395,-27.4509,14.4015,-28.1304,15.528,-27.2829,15.982,-26.7155,14.8083,1
109,6540,193,-26.328,4.32053,7.24146,41.7956,6.9912,41.1806,6.69323,42.1139,7.48054,42.3646,7.84338,41.4484,2
109,6540,194,35.0834,-0.360947,38.1469,62.3813,37.9975,61.4825,37.407,62.8302,38.3014,63.4017,38.8019,61.9816,2
110,6600,1,29.887,4.9247,-73.3193,14.8094,-73.2418,12.5027,-74.0156,15.0097,-73.3722,17.3982,-72.6803,14.6722,2
110,6600,4,-29.6809,-13.5471,27.4504,64.5181,27.0395,63.7365,26.9367,64.9312,27.7975,65.2184,27.9846,64.0494,1
110,6600,30,-7.11994,-22.9095,-5.17911,-65.61,-4.75605,-65.2483,-4.7711,-65.9212,-5.55627,-65.9607,-5.55682,-65.2918,1
110,6600,41,-0.707148,-23.5641,-9.69919,-40.1894,-9.13055,-40.1955,-9.57164,-40.7466,-10.2325,-40.2081,-9.79471,-39.6591,1
110,6600,61,18.8387,8.58037,-26.2705,150.215,-26.3257,149.642,-26.7792,150.311,-26.2011,150.831,-25.7785,150.135,1
110,6600,72,-37.6625,-6.19625,-20.8559,173.022,-21.0848,172.127,-21.4565,173.405,-20.6574,173.793,-20.1838,172.578,1
110,6600,82,40.3367,1.6206,48.3102,-110.921,48.4854,-111.957,47.5064,-110.831,48.0912,-109.725,49.0059,-110.989,1
110,6600,101,-33.3028,7.4173,28.1518,62.3304,28.5581,62.9372,28.5734,61.7618,27.7705,61.7925,27.6664,62.9657,1
110,6600,111,-2.35638,21.8862,52.3223,-0.820982,52.6887,-1.31588,52.0639,-1.48171,51.9493,-0.283665,52.5749,-0.0925027,1
110,6600,119,-31.016,13.7601,20.8223,-88.915,20.8511,-89.5347,20.2157,-88.8469,20.8126,-88.3379,21.5135,-88.9794,1
110,6600,121,-31.9574,-16.8604,31.8532,-84.1855,31.2664,-84.936,31.4199,-83.6357,32.3444,-83.5165,32.2922,-84.8064,1
110,6600,137,-25.4926,14.5583,22.9411,99.5515,23.5295,99.6955,23.0247,98.8643,22.3758,99.4376,22.8292,100.317,2
110,6600,139,-28.9961,-9.81086,-31.1458,144.929,-30.4174,144.925,-31.2152,144.233,-31.796,144.923,-31.0505,145.673,1
110,6600,144,-39.0265,-10.5735,-30.761,-55.5972,-31.3045,-56.5531,-31.2409,-54.9477,-30.3023,-54.7919,-30.2335,-56.3451,3
110,6600,158,34.5501,17.4701,-31.3899,-58.8228,-31.326,-59.6905,-32.0598,-58.7378,-31.4386,-57.8037,-30.7708,-58.8651,1
110,6600,170,-2.71765,-19.1526,5.14369,5.83293,4.72253,5.47661,4.7362,6.18254,5.52987,6.18498,5.52216,5.48165,1
110,6600,177,37.3232,-5.23831,-77.7315,168.373,-77.4986,171.379,-77.0248,166.318,-77.9406,164.831,-78.3295,170.358,1
110,6600,189,26.3476,19.3472,-20.9471,16.4078,-21.1726,15.8064,-21.4399,16.6562,-20.6711,17.08,-20.4622,16.1955,1
111,6660,1,32.9471,-10.5742,-72.2074,20.2351,-72.1404,18.0694,-73.0497,20.4709,-72.2746,22.6166,-71.4715,20.0175,1
111,6660,4,31.5044,-23.9121,27.7815,72.0594,27.549,71.3573,26.8429,72.4253,27.9757,72.8178,28.5645,71.7187,1
111,6660,19,37.6087,5.24777,13.1885,94.4962,13.2347,93.7883,12.4681,94.6582,13.135,95.3124,13.828,94.3635,1
111,6660,34,-9.43566,18.8163,-23.4441,114.157,-23.8035,113.804,-23.8039,114.54,-23.0643,114.498,-23.0442,113.762,1
111,6660,58,-32.8372,2.84477,-12.7768,134.92,-12.7395,134.179,-13.4383,135.033,-12.8012,135.589,-12.0343,134.794,1
111,6660,91,-14.1497,11.876,25.8209,17.1527,26.324,17.1395,25.8017,16.5824,25.3253,17.18,25.8279,17.7628,1
111,6660,98,26.536,24.4712,25.1706,-108.13,25.165,-108.886,24.5903,-108.129,25.1991,-107.257,25.7364,-108.091,1
111,6660,106,-39.226,9.3547,-23.6944,-125.821,-24.0505,-126.58,-24.2346,-125.227,-23.3606,-125.165,-23.0508,-126.508,1
111,6660,123,31.2577,0.706631,68.541,71.0194,69.1309,71.7887,68.7024,69.1033,67.8837,70.205,68.3724,72.723,3
111,6660,158,36.2137,0.159092,-30.3433,-57.2431,-30.2032,-58.0005,-31.099,-57.1971,-30.5013,-56.3828,-29.6762,-57.2781,5
111,6660,161,-0.667828,23.9485,5.71239,-7.02993,5.65139,-7.56067,5.17887,-7.05044,5.80272,-6.46919,6.28007,-6.98183,1
111,6660,162,-18.5327,-3.41729,30.3493,17.127,30.405,16.4822,29.8323,17.0961,30.292,17.7325,30.8915,17.1539,1
111,6660,164,-35.4551,-19.4254,46.8043,109.751,47.6522,109.164,46.4683,108.957,46.079,110.208,47.196,110.595,1
111,6660,177,33.0463,-16.4468,-80.3394,166.889,-80.1268,170.313,-79.566,164.952,-80.5001,162.991,-80.9891,168.908,1
112,6720,21,34.4973,10.7249,-73.5771,73.9111,-73.7794,71.7198,-74.1171,75.1491,-73.3088,76.3459,-73.0718,72.9029,1
112,6720,28,-31.72,-9.07365,5.09271,-82.3827,5.63397,-81.967,5.35953,-82.8725,4.61708,-82.7557,4.81462,-81.843,1
112,6720,32,-39.2551,-11.8282,-85.3106,-52.1112,-84.5499,-46.9235,-85.0574,-59.3152,-85.9085,-58.0629,-85.4735,-43.1238,1
112,6720,34,31.7904,-6.42298,-21.6705,117.814,-22.0546,117.36,-22.0859,118.392,-21.2569,118.316,-21.3022,117.299,1
112,6720,38,31.8114,6.45163,56.6656,-67.5726,57.0598,-66.7339,57.0452,-68.4792,56.2129,-68.488,56.3052,-66.7722,1
112,6720,58,-30.6102,-7.83954,-10.9843,136.613,-11.0203,135.854,-11.591,136.737,-10.9566,137.288,-10.3272,136.463,1
112,6720,70,36.6486,14.1312,-72.5946,108.13,-72.1366,106.03,-73.2888,107.223,-73.0906,110.761,-71.9746,108.971,1
112,6720,73,-37.3631,0.18959,20.2051,-170.91,19.9809,-171.743,19.5988,-170.509,20.4033,-170.18,20.8936,-171.377,1
112,6720,77,-25.0005,22.0104,13.5534,2.91829,14.0701,3.21876,13.8782,2.30769,13.0337,2.65655,13.1595,3.60074,2
112,6720,78,-20.0612,5.76981,-18.5322,15.0184,-18.0252,15.2724,-18.3313,14.477,-19.0187,14.7821,-18.7507,15.5996,1
112,6720,91,-34.6105,-8.57239,26.1947,20.0392,26.9662,20.0541,26.0813,19.3618,25.5205,20.0195,26.3325,20.7866,1
112,6720,98,34.1023,8.60898,25.8532,-105.898,25.9677,-106.629,25.1783,-105.861,25.7252,-105.064,26.4656,-105.915,1
112,6720,100,26.3724,-23.5979,59.2782,50.2804,59.7234,50.9714,59.806,49.1447,58.8408,49.5354,58.8288,51.2668,1
112,6720,136,30.9267,23.232,38.4464,71.8214,39.2097,71.603,38.2516,71.0178,37.5546,72.1061,38.5866,72.604,1
112,6720,152,-28.9037,5.77049,45.9291,86.9692,46.5134,86.6743,45.6427,86.2149,45.3921,87.2483,46.237,87.8172,1
112,6720,161,-33.5942,1.83944,9.22667,-8.52097,9.28338,-9.23701,8.58584,-8.42852,9.18044,-7.87852,9.94609,-8.62673,1
112,6720,163,-38.5611,12.9002,51.0908,65.9975,51.6786,65.2041,50.4287,65.3051,50.5795,66.7174,51.8614,66.8593,1
112,6720,169,-37.8322,-4.33948,-37.6654,-67.861,-37.2888,-68.8001,-38.3427,-68.0256,-37.9862,-67.0401,-36.894,-67.693,1
112,6720,180,33.7266,23.4262,18.4535,36.3503,18.1821,35.6248,17.907,36.6571,18.7958,37.2043,18.9839,36.0974,1
112,6720,189,-22.8046,-20.5972,-15.5645,13.7326,-15.8293,13.1129,-16.0468,13.9103,-15.3441,14.2896,-15.0815,13.5264,1
112,6720,192,-23.8372,8.4374,-15.984,33.6134,-16.2046,33.0043,-16.5432,33.905,-15.7619,34.1837,-15.3671,33.3034,1
113,6780,6,35.1812,-12.0154,61.8483,-161.719,62.5282,-161.426,61.842,-163.657,61.102,-162.081,61.8425,-160.05,2
113,6780,23,16.4964,-9.39773,-1.01466,96.5084,-1.2805,96.1168,-1.44832,96.8034,-0.75003,96.9165,-0.613528,96.2265,1
113,6780,26,-27.6537,-11.6556,71.7521,-106.542,72.3484,-105.792,71.8916,-108.159,71.2191,-107.202,71.6044,-104.834,3
113,6780,35,-21.293,15.6873,19.8306,110.352,19.4669,109.96,19.4519,110.775,20.1964,110.721,20.2579,109.894,1
113,6780,36,34.482,1.57442,54.7492,115.024,54.3548,114.202,54.3311,115.954,55.185,115.972,55.1208,114.183,1
113,6780,38,22.9961,-4.12384,53.8475,-66.2757,54.1713,-65.6094,54.2462,-66.9516,53.5043,-66.9785,53.4768,-65.6581,1
113,6780,39,24.5429,-13.0458,18.7281,-68.0279,19.0524,-67.6049,19.1975,-68.4607,18.4006,-68.4806,18.3109,-67.6307,1
113,6780,84,-15.8646,-24.3002,33.0371,5.31191,33.6616,5.36519,33.1736,4.71677,32.4785,5.23894,32.928,5.90371,1
113,6780,91,-35.3335,-21.4461,24.7195,21.7221,25.6551,21.621,24.6071,21.0452,23.9322,21.7837,24.8786,22.4458,1
113,6780,98,35.8144,-11.2156,26.6925,-104.518,26.8764,-105.193,25.8749,-104.609,26.4643,-103.78,27.399,-104.449,1
113,6780,111,28.9257,-15.11,47.7794,9.89103,48.2668,9.6006,47.4902,8.99008,47.2537,10.1639,48.0403,10.6873,1
113,6780,115,30.899,14.3051,-51.5534,137.094,-50.9837,136.738,-51.8414,136.285,-52.1957,137.53,-51.2974,137.854,1
113,6780,132,36.8013,10.2734,-15.1222,-72.9439,-15.1901,-73.7381,-15.8421,-72.6648,-15.0304,-72.0207,-14.4709,-73.1722,1
113,6780,137,-36.7877,7.5934,15.3733,106.856,16.1056,107.127,15.4235,106.078,14.7156,106.632,15.3063,107.755,1
113,6780,147,37.6355,8.63703,81.6025,42.8778,82.1998,39.2345,80.9289,39.9686,80.8738,46.5468,82.168,45.9767,1
113,6780,148,-35.4718,-8.52824,55.8672,131.792,56.4549,132.917,56.2438,130.774,55.3532,130.835,55.454,132.921,1
113,6780,169,-39.0876,-5.11446,-35.8765,-64.1141,-35.5158,-65.0963,-36.5797,-64.2249,-36.1807,-63.2645,-35.0713,-64.0078,1
113,6780,170,33.0921,-18.58,16.089,8.82722,15.7235,8.30607,15.4277,9.41792,16.4524,9.41008,16.6424,8.3045,2
113,6780,180,29.3145,-11.9556,18.8934,35.701,18.7883,35.1456,18.2556,35.9039,18.987,36.2999,19.4573,35.5095,1
113,6780,189,-25.964,-24.286,-12.428,14.7357,-12.754,14.0582,-12.9304,14.9259,-12.1633,15.3322,-11.9279,14.509,1
113,6780,194,-28.1497,5.71493,55.108,62.9153,54.9703,61.7577,54.4913,63.3031,55.2357,63.9892,55.7909,62.479,3
113,6780,198,6.01028,22.8418,-22.4985,-131.686,-21.9457,-131.457,-22.2252,-132.228,-23.1041,-131.908,-22.8064,-131.133,1
114,6840,10,-34.5631,10.4236,48.2431,134.107,48.58,133.245,47.6053,133.802,47.9466,134.894,48.9715,134.481,1
114,6840,23,35.2283,-3.44021,2.85277,98.8742,2.57358,98.3393,2.31735,99.3373,3.15741,99.477,3.32463,98.4651,1
114,6840,27,19.6655,-12.2715,32.4123,-93.0572,32.8113,-92.7297,32.7302,-93.6048,32.008,-93.4056,32.1263,-92.5504,1
114,6840,39,29.7836,22.4745,11.4965,-69.1681,11.9956,-68.6944,11.8645,-69.6321,10.8995,-69.6984,11.118,-68.7483,7
114,6840,58,-23.2007,-23.6553,-7.02907,140.537,-7.21221,139.77,-7.61474,140.603,-6.89063,141.214,-6.44145,140.434,2
114,6840,66,-25.686,21.8723,13.4453,-19.6297,13.9856,-19.4775,13.6004,-20.2664,12.9127,-19.7463,13.2442,-18.9098,1
114,6840,74,-26.1704,23.2341,60.3503,-139.858,60.3541,-141.08,59.6489,-139.866,60.3722,-138.669,61.1575,-139.795,1
114,6840,77,-32.4667,0.202018,8.96195,5.14371,9.57754,5.51096,9.1675,4.52673,8.40672,4.81806,8.73517,5.83134,1
114,6840,78,-30.4436,-12.367,-23.2581,18.0802,-22.5447,18.3691,-23.1099,17.4458,-23.8829,17.8118,-23.3943,18.77,1
114,6840,91,-34.8061,-11.8478,21.2163,25.2101,22.0204,25.2278,21.118,24.5567,20.5199,25.1845,21.3432,25.9262,1
114,6840,97,-27.3226,-9.74362,9.2322,-133.777,9.21296,-134.443,8.68635,-133.709,9.24052,-133.176,9.81294,-133.863,1
114,6840,117,-28.6403,-7.30363,-25.0373,-127.572,-25.0323,-128.252,-25.5576,-127.504,-25.0444,-126.959,-24.4779,-127.657,1
114,6840,132,27.221,-0.313482,-12.3337,-72.7134,-12.3814,-73.3226,-12.9699,-72.5671,-12.2833,-72.0504,-11.7493,-72.845,1
114,6840,140,-35.3616,-11.1958,-19.2501,136.572,-18.5836,137.183,-18.913,135.952,-19.8175,136.034,-19.6,137.275,1
114,6840,148,-24.8223,-24.1542,53.7002,129.398,54.3865,130.175,54.0858,128.609,53.1133,128.708,53.3333,130.227,1
114,6840,166,-29.8833,22.9774,-12.0715,-177.536,-11.4559,-177.439,-12.0053,-178.281,-12.6652,-177.59,-12.1721,-176.668,1
114,6840,171,26.3112,24.9927,60.4847,10.5298,59.9667,9.54922,60.0625,11.3893,61.0955,11.6636,60.9207,9.72406,1
114,6840,182,25.8596,13.2225,60.6776,134.823,61.1848,134.31,60.3915,133.889,60.1159,135.397,60.9288,135.742,1
114,6840,192,-29.0212,7.99098,-8.73388,34.9792,-8.95997,34.3273,-9.3271,35.3066,-8.51068,35.577,-8.06753,34.6211,3
115,6900,2,-36.4656,12.8939,-20.5857,48.3847,-20.784,47.5673,-21.3007,48.8145,-20.3787,49.1109,-19.7398,47.8986,1
115,6900,14,-29.079,-3.70463,-24.0268,-76.7017,-23.3921,-76.6856,-24.095,-77.3081,-24.6017,-76.7181,-23.9429,-76.0436,1
115,6900,37,21.0822,16.7822,80.3039,-61.7203,80.663,-59.1715,80.6753,-63.9045,79.8752,-64.2602,79.9163,-59.8342,1
115,6900,39,35.7346,-7.67051,10.7899,-70.1605,11.1309,-69.643,11.3119,-70.723,10.4216,-70.7438,10.3376,-69.6682,13
115,6900,48,-29.3622,13.896,51.5869,-111.427,52.1842,-111.696,51.3249,-112.388,51.0327,-111.15,51.861,-110.317,1
115,6900,51,-37.323,0.327477,53.5334,-98.1377,54.3186,-98.5928,53.113,-99.1354,52.8461,-97.7438,54.0082,-96.9781,1
115,6900,74,33.2778,10.5892,57.881,-128.573,57.9623,-129.882,57.1918,-128.469,57.7815,-127.081,58.5113,-128.637,2
115,6900,75,-18.9811,-15.4608,67.616,-52.4313,68.2188,-52.9658,67.4638,-53.7843,67.0603,-52.002,67.7789,-51.0463,2
115,6900,84,-31.9447,-12.0877,26.489,11.5041,27.1804,11.7229,26.5678,10.8792,25.8839,11.3034,26.4196,12.1831,1
115,6900,85,34.998,-21.9685,-7.16509,22.7604,-6.62754,23.026,-6.82181,21.9218,-7.72454,22.4374,-7.43376,23.474,1
115,6900,97,-31.1106,-21.7275,11.3141,-132.686,11.2071,-133.535,10.7322,-132.607,11.3835,-131.956,11.9221,-132.808,1
115,6900,132,39.345,2.31413,-10.043,-69.1518,-10.0574,-69.9364,-10.8595,-68.8578,-10.0273,-68.2405,-9.33051,-69.3969,1
115,6900,161,36.0181,-12.9228,11.4203,2.67484,11.5266,2.02319,10.5537,2.69647,11.2758,3.39017,12.1633,2.6449,1
115,6900,171,23.0637,2.31402,61.8461,9.71288,61.4995,8.80084,61.4243,10.5603,62.2131,10.7173,62.2396,8.90363,1
116,6960,10,32.9186,-1.381,44.3943,145.481,44.7392,144.791,43.7703,145.105,44.002,146.234,44.9511,145.826,1
116,6960,15,32.9363,18.7945,-50.9729,-34.0259,-50.3697,-34.6006,-51.3746,-34.7973,-51.6616,-33.31,-50.6176,-33.2892,1
116,6960,20,28.522,21.0932,-81.6706,-28.604,-81.0537,-29.7517,-81.8442,-32.3311,-82.3687,-26.9031,-81.5009,-25.1132,1
116,6960,37,30.0848,-1.96007,78.2661,-67.5387,78.6138,-65.3369,78.6716,-69.9562,77.8706,-69.8212,77.8823,-65.4917,2
116,6960,51,31.51,20.7702,44.6264,-93.4272,45.3137,-93.9157,44.2588,-94.2104,43.8314,-92.8408,44.9364,-92.6534,3
116,6960,57,-7.88111,24.9916,-25.7496,124.994,-25.7859,124.378,-26.3339,124.936,-25.6782,125.634,-25.1138,125.087,1
116,6960,60,-31.7546,20.977,-32.0229,135.729,-31.9149,135.015,-32.7299,135.678,-32.0878,136.409,-31.1992,135.814,1
116,6960,76,-31.5722,13.3063,34.0764,-6.21771,34.6423,-5.80338,34.3249,-6.99938,33.5406,-6.57376,33.774,-5.33652,1
116,6960,79,-16.2973,-11.3257,-60.3316,51.1004,-59.7475,50.9579,-60.3826,50.0449,-60.8758,51.2168,-60.257,52.1723,1
116,6960,91,-31.3032,13.6048,13.5954,31.8369,14.2105,31.9549,13.6077,31.1607,13.0211,31.749,13.5657,32.6076,1
116,6960,107,18.8611,-5.03099,29.2511,-118.068,28.9302,-118.52,28.8341,-117.646,29.5797,-117.587,29.638,-118.469,1
116,6960,132,36.7247,8.62945,-6.18798,-67.0912,-6.25219,-67.85,-6.91197,-66.8205,-6.10523,-66.2122,-5.53576,-67.3154,1
116,6960,142,-23.0612,16.6261,-76.224,-77.401,-76.3342,-79.8569,-76.8397,-76.6985,-76.0718,-75.091,-75.5311,-78.0457,1
116,6960,154,-18.2139,-3.02227,-9.65942,160.149,-9.11149,160.161,-9.67334,159.632,-10.1758,160.135,-9.63959,160.69,1
116,6960,171,34.7052,1.73716,65.4025,13.4898,65.055,12.1271,64.8715,14.7043,65.7779,15.0743,65.8718,12.3759,1
116,6960,177,34.2312,-19.6172,-80.1708,24.1768,-80.6881,21.9809,-80.5822,29.0722,-79.6191,26.4765,-79.7866,20.2944,1
116,6960,182,-30.9109,-11.0469,62.8578,149.167,63.5268,148.854,62.6743,148.037,62.2634,149.415,63.0618,150.393,1
116,6960,195,14.3282,-17.6713,67.0973,164.668,67.6504,164.313,66.9994,163.01,66.5388,164.951,67.1896,166.197,1
117,7020,7,39.3606,-3.27714,15.2327,-130.85,15.8507,-130.348,15.5573,-131.776,14.5284,-131.434,14.9494,-130.058,1
117,7020,35,7.02222,24.2685,35.8461,111.008,35.4263,110.628,35.4942,111.441,36.3148,111.4,36.2304,110.574,2
117,7020,48,-23.5446,-20.0135,49.3499,-106.418,49.9949,-106.884,49.1455,-107.208,48.7687,-106.041,49.5803,-105.617,2
117,7020,51,-27.3674,-21.438,50.4992,-91.5861,51.2259,-92.1955,50.2381,-92.4363,49.8555,-91.101,50.7956,-90.7189,2
117,7020,57,16.229,24.272,-24.5354,129.383,-24.6332,128.7,-25.1009,129.418,-24.3957,130.14,-23.9598,129.383,1
117,7020,60,20.1102,7.71958,-33.6357,141.447,-33.6581,140.821,-34.156,141.52,-33.6015,142.122,-33.1362,141.39,1
117,7020,85,-39.593,-4.07962,-12.0941,33.3428,-11.3353,33.6688,-12.0287,32.6553,-12.746,33.061,-12.155,34.132,1
117,7020,91,-28.2053,-12.3875,12.4956,32.1413,13.1846,32.1512,12.4577,31.5733,11.882,32.1217,12.5533,32.7451,1
117,7020,103,36.2198,9.52908,-70.6568,54.7929,-70.2023,56.4225,-70.2252,53.0901,-71.17,52.8311,-71.0445,56.3528,2
117,7020,132,27.9039,-22.3063,-5.25227,-68.0931,-5.30866,-68.6973,-6.09098,-68.0532,-5.23094,-67.4638,-4.52831,-68.1497,1
117,7020,138,-34.1615,-8.87238,-23.7264,136.139,-22.9123,136.223,-23.7883,135.428,-24.4371,136.056,-23.6363,136.921,1
117,7020,141,-2.83864,20.7386,-69.6804,142.673,-69.2045,143.423,-69.3553,141.398,-70.1858,141.912,-70.0341,144.031,1
117,7020,146,17.7835,-10.4724,66.4284,-35.5666,66.1621,-36.7469,65.8889,-34.8423,66.681,-34.3096,66.9208,-36.2879,1
117,7020,152,-33.6698,20.8844,36.8618,110.539,37.5204,110.557,36.764,109.596,36.2479,110.567,36.9443,111.656,12
117,7020,158,-26.4733,-11.4657,-11.2719,-46.1623,-11.2745,-46.8416,-11.8205,-46.1204,-11.278,-45.5518,-10.6919,-46.2236,8
117,7020,182,-28.5736,-20.4121,61.0145,153.654,61.7259,153.297,60.891,152.575,60.3903,153.917,61.1638,154.777,1
118,7080,18,-26.8383,4.0302,10.0745,81.5038,10.0814,80.913,9.52255,81.5737,10.0736,82.0522,10.6793,81.4294,1
118,7080,19,-35.1184,13.9788,37.2933,109.439,37.4841,108.636,36.5938,109.373,37.137,110.176,38.1048,109.535,8
118,7080,31,31.1893,14.2149,-73.9168,-88.3663,-73.6421,-86.3114,-73.4125,-89.5326,-74.218,-90.7723,-74.3913,-87.2802,1
118,7080,35,4.7425,-18.9837,35.8883,110.519,35.4968,110.143,35.5071,110.955,36.2544,110.904,36.2342,110.089,3
118,7080,40,32.125,23.9608,-10.953,-45.4176,-10.1715,-45.3903,-10.9863,-46.0797,-11.8788,-45.4215,-10.9627,-44.7886,1
118,7080,60,-25.4736,14.9982,-27.579,141.227,-27.5494,140.601,-28.1688,141.248,-27.585,141.826,-26.9194,141.22,1
118,7080,85,-36.6699,5.20333,-16.4417,35.1632,-15.8008,35.4692,-16.3331,34.4819,-17.0157,34.8993,-16.5659,35.945,1
118,7080,103,-34.7063,-21.1572,-70.0954,75.7653,-69.2421,76.7899,-69.8857,74.0526,-70.8014,74.7785,-70.2633,77.6808,1
118,7080,107,38.8497,-6.78792,36.2545,-115.019,35.9277,-115.767,35.6323,-114.275,36.6054,-114.152,36.7818,-115.668,1
118,7080,118,9.08843,23.2916,14.8688,-91.3003,14.7702,-91.8134,14.3909,-91.2656,14.9966,-90.7462,15.3644,-91.311,1
118,7080,134,36.9943,17.5351,47.78,0.711067,48.1631,-0.399373,47.0467,0.43889,47.3279,2.02486,48.4347,1.0149,1
118,7080,141,-26.4083,5.95336,-71.2549,151.26,-70.6985,152.188,-71.0218,149.493,-71.7739,150.372,-71.496,153.245,1
118,7080,143,-39.1913,2.54072,-35.1243,-58.3485,-35.5071,-59.3124,-35.6811,-57.673,-34.7764,-57.5235,-34.475,-59.1243,1
118,7080,146,12.1631,-15.0695,69.7792,-34.922,69.502,-36.2535,69.2383,-34.1897,70.0304,-33.5313,70.2741,-35.6776,1
118,7080,149,33.5576,13.9311,-1.78024,126.633,-1.21943,127.131,-1.42205,126.018,-2.43829,126.067,-2.12996,127.183,5
118,7080,152,-27.5717,-17.9592,36.4356,109.411,37.1494,109.183,36.2883,108.737,35.8036,109.589,36.6123,110.111,4
118,7080,157,8.40107,21.727,-32.7328,-68.1317,-32.688,-68.7672,-33.2365,-68.2459,-32.7554,-67.4423,-32.218,-67.9871,1
118,7080,182,-13.7911,-22.8432,57.5633,157.482,58.137,157.242,57.544,156.547,57.0381,157.657,57.6008,158.399,1
118,7080,191,-29.8443,7.84843,-28.4593,26.1541,-28.6409,25.3915,-29.0789,26.4872,-28.2747,26.8503,-27.7612,25.7927,1
119,7140,0,34.1292,19.0239,-74.2029,12.3826,-74.1733,9.33383,-74.9282,12.8462,-74.1605,15.9749,-73.5267,12.119,1
119,7140,2,30.0084,1.88013,-9.55602,58.4727,-9.84134,57.8707,-10.1322,58.8963,-9.23999,59.1382,-9.02765,58.0929,1
119,7140,3,-37.1857,-2.17489,26.6261,60.7681,26.2829,59.8655,26.0416,61.2869,26.9228,61.5578,27.2826,60.1625,2
119,7140,19,-16.5977,-15.4809,36.3363,111.662,36.3655,110.951,35.8421,111.592,36.2924,112.314,36.8386,111.711,3
119,7140,23,27.3655,2.10568,22.2246,100.358,21.9527,99.8574,21.7751,100.741,22.5202,100.906,22.6413,100.005,1
119,7140,35,23.3913,-24.8866,38.9728,112.19,38.5805,111.72,38.4083,112.761,39.3419,112.7,39.4494,111.661,2
119,7140,40,38.1685,-1.77544,-12.1437,-45.7504,-11.4644,-45.5551,-12.1544,-46.5974,-12.9174,-45.9833,-12.1351,-45.0143,6
119,7140,45,21.4032,8.28811,9.19955,139.609,9.14619,139.049,8.65204,139.707,9.26388,140.217,9.72402,139.527,1
119,7140,60,33.2838,19.2353,-27.7325,148.898,-27.8402,148.098,-28.3376,149.117,-27.5807,149.828,-27.1603,148.731,1
119,7140,83,-32.4083,9.06844,42.3524,-1.59259,42.9446,-1.32553,42.4249,-2.42812,41.8057,-1.81489,42.2553,-0.650226,1
119,7140,90,-30.9159,-4.77609,31.8573,10.1306,32.5371,10.1037,31.7392,9.45702,31.2479,10.1516,31.9917,10.8678,1
119,7140,91,-36.9442,-2.30254,7.0123,38.3522,7.78052,38.4768,6.94166,37.6867,6.33984,38.245,7.09946,39.1054,2
119,7140,107,27.5483,6.82204,41.5765,-116.437,41.221,-117.06,41.1534,-115.873,41.9698,-115.746,41.9747,-116.959,4
119,7140,120,-28.3534,21.7557,33.8466,-85.6895,33.5015,-86.3407,33.2431,-85.174,34.2051,-85.0838,34.5567,-86.2698,1
119,7140,138,-30.3522,-18.5227,-28.7505,140.182,-27.9144,140.129,-28.8091,139.485,-29.4759,140.208,-28.6521,140.916,1
119,7140,149,31.2555,-2.23439,-3.66471,126.844,-3.22475,127.313,-3.23396,126.255,-4.14474,126.323,-4.0519,127.374,9
119,7140,157,-24.6703,-6.11866,-29.598,-69.2481,-29.4803,-69.9413,-30.1355,-69.3108,-29.707,-68.6127,-29.0249,-69.1925,1
119,7140,170,-2.80856,24.7482,43.1038,3.65024,42.6964,3.17107,42.6813,4.12658,43.5515,4.13544,43.5736,3.15924,1
119,7140,179,29.1607,4.58699,5.23245,6.64433,4.82904,6.18309,4.82687,7.14138,5.68091,7.15401,5.61138,6.19181,1
119,7140,182,-23.1087,-0.424742,54.1819,165.711,54.7228,165.788,54.1721,164.848,53.6772,165.642,54.1875,166.634,1
119,7140,188,19.2133,19.2097,-22.3261,12.5801,-22.529,12.0332,-22.7951,12.7769,-22.0825,13.1759,-21.8546,12.4097,1
119,7140,191,-10.7691,-16.0003,-28.0475,28.6672,-28.3379,28.0496,-28.5649,28.9126,-27.7883,29.2492,-27.5411,28.4059,1
119,7140,192,-38.4472,7.73551,9.48518,38.1803,9.25523,37.3398,8.78962,38.6359,9.70402,38.9162,10.3018,37.6489,1
120,7200,0,31.2246,13.4598,-71.7896,18.1726,-71.8123,15.8294,-72.4697,18.6728,-71.7146,20.8346,-71.1537,17.8115,1
120,7200,3,-23.2809,-14.7524,28.4842,63.2571,28.1051,62.5641,27.9846,63.6097,28.8102,63.8935,28.9904,62.8656,1
120,7200,12,28.3123,17.7469,10.2887,-116.856,10.923,-116.846,10.2433,-117.442,9.56631,-116.85,10.3057,-116.299,1
120,7200,33,40.4306,6.15066,-25.8731,117.451,-26.3791,116.853,-26.2343,118.231,-25.2737,118.145,-25.5428,116.782,1
120,7200,34,-25.0283,24.4514,11.371,108.727,10.9924,108.32,10.8956,109.166,11.767,109.103,11.9332,108.24,1
120,7200,39,14.7577,13.2614,-10.1854,-70.2045,-9.83851,-69.8347,-9.83328,-70.5486,-10.5662,-70.5942,-10.5424,-69.8746,1
120,7200,44,5.71495,19.1167,-14.4057,118.629,-14.4871,118.093,-14.9162,118.668,-14.2986,119.195,-13.8781,118.61,1
120,7200,57,29.9855,-5.01383,-19.2669,135.684,-19.2593,135.031,-19.9759,135.795,-19.2826,136.397,-18.6302,135.582,1
120,7200,60,13.0412,-16.032,-26.1528,147.068,-26.2112,146.521,-26.7065,147.089,-26.1097,147.617,-25.6394,147.033,1
120,7200,90,-33.843,-8.7607,29.974,13.1246,30.7312,13.1039,29.8456,12.4374,29.3099,13.135,30.1273,13.8795,1
120,7200,91,-30.3985,-15.8005,4.67507,39.1364,5.42928,39.1378,4.63309,38.5623,4.01527,39.121,4.74464,39.747,1
120,7200,103,-31.3477,-10.6971,-78.4061,86.5531,-77.7047,87.5496,-78.2997,83.6995,-79.0194,85.5254,-78.4713,89.7059,2
120,7200,107,18.3309,-20.913,42.8027,-117.798,42.457,-118.344,42.263,-117.317,43.1263,-117.222,43.2759,-118.261,10
120,7200,109,17.1623,-19.1981,64.4964,48.4838,64.9211,49.1932,64.9013,47.3841,64.0803,47.75,64.1349,49.4812,1
120,7200,121,-21.2573,5.4095,71.2369,-75.2118,70.9453,-76.7933,70.7546,-74.2406,71.5079,-73.6789,71.7534,-76.3021,2
120,7200,123,-22.2822,0.655506,36.8885,91.7757,37.3397,92.289,37.2299,91.1996,36.4624,91.3029,36.5209,92.3879,2
120,7200,138,-33.128,-16.5665,-31.2329,143.452,-30.3602,143.392,-31.3374,142.716,-31.9848,143.487,-31.0844,144.239,1
120,7200,149,33.0868,-23.0903,-4.93023,126.392,-4.49029,126.881,-4.20793,125.713,-5.36141,125.841,-5.52106,126.981,1
120,7200,170,-19.6278,-16.1324,42.99,1.28612,42.4987,0.733258,42.6286,1.82333,43.4246,1.81185,43.3409,0.711964,1
120,7200,176,34.2901,17.915,-81.8686,159.616,-81.5492,164.412,-81.2849,157.16,-82.1844,153.593,-82.4096,162.01,1
120,7200,179,39.4286,-9.45299,7.40437,7.84056,7.02071,7.23703,6.78417,8.54739,7.81989,8.53999,7.92459,7.23542,1
120,7200,187,-38.9197,-6.54217,-47.9024,-17.6316,-47.8122,-18.8361,-48.5413,-17.4597,-47.9729,-16.5942,-47.1791,-17.8437,1
120,7200,188,40.3658,0.812527,-21.4267,15.6883,-21.5527,14.9503,-22.1236,16.1125,-21.2811,16.5444,-20.8208,15.3308,1
120,7200,191,12.1332,21.3028,-21.7543,33.4899,-22.0663,32.9251,-22.2684,33.7602,-21.3907,34.0909,-21.2184,33.2436,2
120,7200,195,-36.3286,-17.7703,60.1231,-164.662,61.1264,-164.147,60.1798,-166.088,59.2822,-165.104,60.0836,-163.093,1
121,7260,0,27.7267,-13.5764,-70.9524,18.3399,-70.9269,16.4566,-71.7248,18.4396,-70.9815,20.3416,-70.2671,18.2194,1
121,7260,3,-29.6227,-12.4762,32.439,63.4002,32.0463,62.5815,31.9222,63.828,32.7712,64.1359,32.9787,62.9141,1
121,7260,34,-37.2438,-2.72003,12.4132,106.968,11.9062,106.391,12.0634,107.522,12.8558,107.474,12.8008,106.335,8
121,7260,35,-19.7996,-9.06745,47.9003,105.701,47.4622,105.192,47.6045,106.287,48.2992,106.189,48.1957,105.076,2
121,7260,39,13.5976,-24.1294,-10.6801,-70.3862,-10.3105,-70.0198,-10.1744,-70.7285,-11.0211,-70.7644,-11.1246,-70.0576,1
121,7260,49,35.2831,13.7055,9.06083,-62.5484,9.7941,-62.4583,8.98651,-63.2566,8.20585,-62.6388,9.10307,-61.9022,2
121,7260,57,27.6396,-9.40701,-16.5421,137.413,-16.5458,136.796,-17.247,137.493,-16.5515,138.073,-15.9098,137.333,1
121,7260,81,38.6849,8.65277,52.3031,-105.591,52.5138,-106.712,51.569,-105.601,52.0498,-104.291,52.9521,-105.554,2
121,7260,103,21.3738,-20.0527,-82.7803,62.7695,-82.3635,65.3689,-82.2919,59.2333,-83.1686,59.6486,-83.1768,66.4465,1
121,7260,109,33.5976,3.39324,58.371,46.7033,58.8621,47.4945,58.6774,45.5205,57.812,45.8394,58.0795,47.7432,2
121,7260,110,-8.78896,20.0842,51.5737,5.75177,51.9807,5.37289,51.365,5.04119,51.1658,6.1609,51.7762,6.53552,1
121,7260,138,-31.9499,-19.4261,-33.6632,146.075,-32.7854,145.944,-33.7729,145.33,-34.4182,146.166,-33.5059,146.858,1
121,7260,161,38.6735,8.46507,27.7138,21.3763,27.8858,20.5354,26.9304,21.4392,27.5122,22.3588,28.4064,21.3401,1
121,7260,163,38.2391,5.00349,38.024,108.693,38.7342,108.455,37.6055,107.846,37.2009,108.965,38.3767,109.455,3
121,7260,165,-25.4593,11.3945,-4.51007,172.677,-3.93345,172.757,-4.48923,172.078,-5.05801,172.616,-4.54351,173.34,1
121,7260,176,17.881,22.5699,-86.2423,161.03,-85.9214,168.57,-85.7372,157.984,-86.5325,151.314,-86.7487,164.558,1
121,7260,189,33.0007,-16.3762,13.2957,31.1879,13.1937,30.6149,12.5579,31.4087,13.3779,31.8111,13.9295,30.9819,1
122,7320,5,-32.3792,14.3011,65.715,-149.673,66.3611,-148.93,65.8923,-151.466,65.1054,-150.269,65.4701,-147.649,1
122,7320,18,28.0345,14.1009,18.6942,95.5166,18.6813,94.8743,18.1227,95.5994,18.7196,96.2396,19.2354,95.4584,1
122,7320,20,29.2938,-15.5844,-73.7959,68.6915,-73.9112,66.8104,-74.458,69.4408,-73.6775,70.6791,-73.2145,68.0354,1
122,7320,22,31.2928,20.4774,-0.198853,95.8925,-0.617487,95.3677,-0.616013,96.3075,0.303817,96.4887,0.216038,95.5232,1
122,7320,34,-34.2953,-20.5624,14.3351,106.962,13.6469,106.424,14.0122,107.474,14.9061,107.436,14.6498,106.39,1
122,7320,39,28.0247,-24.9693,-14.0437,-72.2652,-13.6947,-71.8188,-13.3808,-72.7162,-14.3705,-72.7497,-14.5992,-71.8561,1
122,7320,46,36.7901,-10.315,39.0882,177.07,39.3464,176.282,38.2395,176.873,38.7738,177.931,39.8189,177.233,1
122,7320,48,-24.1019,23.617,36.0428,-81.4213,36.6203,-81.3924,36.08,-82.2447,35.4741,-81.4066,35.9675,-80.4836,2
122,7320,63,-35.2044,15.8862,58.3691,-110.572,58.8935,-111.361,57.8167,-111.445,57.902,-109.831,58.996,-109.493,1
122,7320,71,29.9518,5.82193,-13.8308,-179.085,-14.058,-179.694,-14.3925,-178.736,-13.572,-178.409,-13.3093,-179.395,1
122,7320,79,33.1758,-4.18908,-72.1893,103.753,-71.7549,102.234,-72.8328,102.465,-72.664,105.5,-71.611,104.819,1
122,7320,81,36.8624,9.26311,54.4374,-100.492,54.6804,-101.6,53.7461,-100.615,54.1504,-99.221,55.0539,-100.351,1
122,7320,90,-39.5779,-4.30235,25.1715,19.8678,26.026,19.969,25.0311,19.1083,24.4381,19.7819,25.3404,20.7379,1
122,7320,97,26.3783,1.87422,27.251,-108.076,27.3483,-108.694,26.6564,-108.106,27.1419,-107.403,27.8011,-108.042,1
122,7320,100,20.7696,-0.177974,19.3813,54.1574,19.758,54.5407,19.7326,53.7007,18.9812,53.7507,19.0489,54.5842,1
122,7320,110,-40.0034,-0.746165,53.9704,10.3633,54.7243,9.98709,53.5876,9.4275,53.3193,10.6837,54.4086,11.4586,1
122,7320,122,20.6177,-20.8304,66.2631,74.1754,66.7817,74.8094,66.6343,72.6216,65.7493,73.4952,65.9366,75.5502,2
122,7320,136,-39.6025,6.09821,17.5288,103.516,18.3268,103.832,17.5549,102.678,16.8263,103.257,17.4912,104.498,1
122,7320,147,-38.5877,9.39921,56.0344,130.396,56.4838,131.643,56.5427,129.253,55.6102,129.339,55.418,131.691,1
122,7320,151,-22.9119,-10.9869,45.2636,84.3755,45.8186,83.9757,45.0066,83.7188,44.7524,84.7213,45.5414,85.0591,1
122,7320,161,21.7272,-14.9879,30.1992,20.9461,30.296,20.3365,29.5674,20.8005,30.0769,21.5696,30.7739,21.0643,1
122,7320,162,-28.9014,0.372649,49.8359,64.1754,50.2631,63.423,49.3376,63.686,49.4438,64.854,50.3813,64.7207,1
122,7320,163,26.983,-1.60269,38.0359,112.727,38.5886,112.55,37.8014,111.987,37.4354,112.911,38.2462,113.41,1
122,7320,164,36.369,14.9569,14.3467,146.074,15.113,146.079,14.1812,145.353,13.4466,146.084,14.468,146.734,1
122,7320,165,-34.7268,-22.5518,-3.77556,173.328,-2.80871,173.275,-3.84481,172.693,-4.58666,173.35,-3.65593,174.002,1
122,7320,168,-39.9204,-3.31473,-36.5951,-68.4952,-36.1923,-69.4745,-37.3169,-68.6335,-36.9327,-67.6469,-35.7617,-68.354,1
122,7320,174,33.8812,-13.7045,-14.5711,179.559,-14.2039,-179.916,-13.9749,178.96,-14.9496,178.969,-15.0772,-179.911,1
122,7320,179,33.7447,-16.8576,14.1822,6.61787,13.818,6.09341,13.539,7.21399,14.5495,7.20631,14.7223,6.09175,1
122,7320,188,24.2491,11.305,-12.906,17.2089,-13.0878,16.6833,-13.3873,17.4378,-12.6949,17.7837,-12.4421,17.0048,1
122,7320,189,-33.3936,13.2883,22.0871,28.3591,21.991,27.6971,21.4763,28.5965,22.1928,28.9645,22.7926,28.0967,1
123,7380,5,-22.2684,-22.6643,65.3851,-152.966,66.1699,-152.803,65.4996,-154.395,64.6956,-153.156,65.2904,-151.517,1
123,7380,31,-39.8559,9.4622,-86.2411,91.4872,-86.3302,79.8024,-86.8595,98.4717,-86.0248,100.887,-85.459,85.8735,1
123,7380,44,-20.7151,10.0311,-4.71738,122.687,-4.74323,122.136,-5.27094,122.75,-4.67956,123.215,-4.11482,122.627,1
123,7380,71,18.7738,-9.13292,-11.2513,-179.674,-11.4501,179.825,-11.7999,-179.434,-11.0554,-179.15,-10.7453,-179.903,1
123,7380,72,-28.4283,4.34192,25.1565,-170.191,24.9637,-170.866,24.6078,-169.893,25.339,-169.57,25.7627,-170.521,1
123,7380,84,-20.2932,12.3806,-2.89552,24.2634,-2.41834,24.4472,-2.73093,23.762,-3.36213,24.099,-3.08538,24.8068,1
123,7380,90,-32.7714,-14.2953,22.5713,21.0768,23.3557,21.0569,22.4824,20.4406,21.8892,21.0804,22.6891,21.7628,2
123,7380,111,-29.6194,9.84049,28.5817,54.2587,29.142,54.3792,28.5969,53.6042,28.0589,54.1627,28.5524,54.9913,1
123,7380,118,33.896,5.94431,26.4835,-78.101,26.5249,-78.7777,25.857,-77.9942,26.4367,-77.3356,27.0513,-78.1875,1
123,7380,131,21.7332,0.415843,-13.6904,-76.7819,-13.7477,-77.3538,-14.2737,-76.6654,-13.629,-76.1712,-13.1429,-76.8884,1
123,7380,136,-33.9982,16.7682,13.0727,105.599,13.733,105.847,13.1956,104.819,12.4547,105.401,12.908,106.505,9
123,7380,143,20.6331,9.85671,-16.453,-50.4041,-16.8378,-50.8639,-16.861,-49.9771,-16.0267,-49.9131,-16.0513,-50.8027,1
123,7380,160,-25.0001,6.14195,12.8463,-6.45427,12.8765,-7.05461,12.2741,-6.41677,12.8256,-5.89077,13.4722,-6.49041,1
123,7380,168,-33.332,20.4813,-34.3455,-61.2803,-34.0618,-62.0054,-35.0746,-61.5501,-34.5736,-60.5822,-33.4943,-60.9425,1
123,7380,181,-31.3396,22.8686,65.6865,135.221,66.2605,134.873,65.4564,133.633,65.1497,135.62,65.9112,137.133,1
123,7380,191,-21.3565,5.96274,-11.5777,32.7273,-11.8108,32.1531,-12.1082,33.009,-11.3471,33.2682,-11.0021,32.429,1
123,7380,197,-2.94404,21.3058,-23.2747,-132.918,-22.7523,-132.683,-22.9935,-133.463,-23.8307,-133.141,-23.5933,-132.349,1
124,7440,16,-38.8603,8.77419,-24.7054,45.1768,-24.4986,44.382,-25.4386,45.1982,-24.8679,45.886,-23.8468,45.1595,1
124,7440,36,39.053,11.2329,82.3927,-78.1304,82.9415,-74.209,82.6535,-83.4265,81.7015,-82.0123,82.093,-73.8319,1
124,7440,44,16.6469,21.3378,-2.97888,128.113,-3.09798,127.539,-3.5104,128.192,-2.82502,128.743,-2.44193,128.061,2
124,7440,73,-35.9546,12.4716,61.5635,-143.59,61.6289,-145.126,60.8136,-143.369,61.5127,-142.204,62.4384,-143.834,1
124,7440,76,-27.8118,-16.727,8.91522,2.04779,9.62126,2.32547,9.10867,1.49057,8.2988,1.78929,8.7358,2.64257,1
124,7440,83,20.7472,2.45468,24.4462,4.52274,24.9316,4.66799,24.5418,3.95539,23.9273,4.37005,24.3503,5.05774,3
124,7440,84,-1.42782,21.0656,-7.6274,24.6927,-7.15546,24.8126,-7.45506,24.2297,-8.1275,24.5872,-7.82848,25.1752,1
124,7440,96,-24.1541,18.0709,12.2851,-132.895,12.3217,-133.463,11.6787,-132.91,12.2726,-132.345,12.9651,-132.86,1
124,7440,110,-19.9053,-3.02648,48.9315,19.3768,49.4264,19.1483,48.7644,18.6968,48.4664,19.5847,49.107,20.0956,1
124,7440,129,20.48,12.3623,14.9734,-83.8149,14.5964,-84.2918,14.5459,-83.4141,15.394,-83.3001,15.3969,-84.191,1
124,7440,131,25.2149,-20.1091,-12.6428,-75.7237,-12.7005,-76.3184,-13.4062,-75.6805,-12.6128,-75.1076,-11.9719,-75.7815,1
124,7440,134,-34.9927,-15.0279,57.3378,28.8952,58.0375,27.8309,56.8488,28.0821,56.7234,29.7546,57.8878,29.769,1
124,7440,136,-29.3638,-1.24868,11.3272,105.862,11.9932,106.021,11.3681,105.237,10.7221,105.719,11.2855,106.548,8
124,7440,143,35.9422,-0.0656089,-13.8163,-48.5169,-14.2168,-49.1234,-14.344,-47.8864,-13.365,-47.8286,-13.3461,-49.0674,2
124,7440,170,27.7605,-5.00133,58.9988,8.04094,58.6628,7.13667,58.5103,8.89739,59.3472,9.04727,59.4349,7.23831,1
124,7440,181,25.9059,-19.6173,60.993,130.323,61.4698,129.88,60.7296,129.029,60.4873,130.718,61.2308,131.469,1
125,7500,13,-40.4876,2.98608,-24.6594,-75.9967,-23.8486,-75.8769,-24.8043,-76.7882,-25.3625,-76.091,-24.483,-75.075,1
125,7500,19,30.9156,12.7347,44.4839,142.489,44.7902,141.71,43.9106,142.202,44.1403,143.373,45.0087,142.786,1
125,7500,23,29.7308,19.9534,46.0322,106.289,45.6927,105.5,45.5721,106.778,46.4337,107.196,46.4838,105.852,2
125,7500,25,-37.7098,8.50749,61.0648,-97.5569,61.5717,-96.5426,61.374,-98.8292,60.5973,-98.409,60.6853,-96.1176,1
125,7500,44,7.51044,-19.0933,-2.46784,127.196,-2.56159,126.677,-3.03472,127.211,-2.3965,127.704,-1.93888,127.163,1
125,7500,47,39.6547,3.71361,44.7242,-116.67,45.4445,-117.003,44.2233,-117.605,43.8832,-116.292,45.1447,-115.834,1
125,7500,76,-36.0909,1.5873,3.97987,4.81481,4.6342,5.23438,4.19047,4.14705,3.39735,4.44987,3.74236,5.5748,1
125,7500,83,25.3958,-4.08652,21.4634,5.65799,21.9584,5.83143,21.583,5.04444,20.9349,5.46694,21.3539,6.22097,2
125,7500,84,22.1495,-15.6321,-9.08866,22.9092,-8.61268,23.0815,-8.87161,22.3291,-9.57296,22.7125,-9.2715,23.4388,1
125,7500,99,-19.8759,22.1832,37.332,-2.65661,37.8626,-2.76034,37.2642,-3.40327,36.8088,-2.51949,37.3795,-1.81592,1
125,7500,122,-3.09951,20.2445,51.9212,85.1256,52.3744,85.6149,52.2674,84.4259,51.4342,84.6571,51.5323,85.833,1
125,7500,129,35.9114,-13.906,15.6013,-81.9748,15.2817,-82.6019,14.8695,-81.3783,15.9257,-81.2659,16.2172,-82.4978,1
125,7500,131,31.8711,-18.0091,-10.0197,-72.9866,-10.0391,-73.6224,-10.8786,-72.8956,-10.0306,-72.3056,-9.28126,-73.0821,1
125,7500,136,-31.5748,-19.6889,10.1592,106.867,11.0356,106.943,10.1834,106.232,9.40853,106.783,10.1683,107.544,1
125,7500,141,-8.34074,-23.9638,-82.3221,-92.5182,-82.4297,-97.2808,-82.9013,-92.6246,-82.2026,-88.2457,-81.7655,-92.6291,1
125,7500,143,31.07,-23.0277,-12.686,-49.3549,-13.0597,-49.886,-13.4499,-48.8014,-12.3284,-48.7727,-12.0495,-49.8422,1
125,7500,153,36.0193,2.66117,-12.277,153.049,-11.6072,153.138,-12.3722,152.298,-13.0394,152.946,-12.1984,153.717,1
125,7500,157,30.4913,-11.9425,-19.2249,-48.6081,-19.1528,-49.2177,-19.9545,-48.6145,-19.3196,-47.9536,-18.5803,-48.6133,1
125,7500,170,21.5509,-24.7216,60.7985,6.76253,60.4168,5.90384,60.1676,7.56839,61.1477,7.6899,61.3353,5.98645,1
125,7500,181,10.9276,-19.4896,60.7931,138.732,61.2443,138.352,60.6594,137.654,60.341,139.058,60.9254,139.729,1
125,7500,188,31.6346,-20.108,-5.67674,20.812,-5.80584,20.2655,-6.43214,21.023,-5.5707,21.3989,-5.03164,20.6136,1
125,7500,191,-20.5551,-22.1596,-7.36115,33.732,-7.7838,33.0916,-7.89864,34.0026,-7.00423,34.3122,-6.83543,33.4306,1
126,7560,22,30.6319,24.1858,15.1769,97.5743,14.7315,97.0192,14.7492,97.9855,15.7173,98.2111,15.6105,97.2084,1
126,7560,25,-25.634,-23.1247,60.0335,-100.2,60.6932,-99.6392,60.2758,-101.145,59.4637,-100.709,59.8074,-99.2178,1
126,7560,29,37.7722,-1.49996,-82.4737,-36.662,-81.8304,-36.5397,-82.6244,-42.3196,-83.2057,-36.8869,-82.2874,-31.932,1
126,7560,33,35.6118,14.9365,-2.35636,113.583,-2.87422,113.102,-2.6887,114.156,-1.74166,114.132,-2.03241,113.074,1
126,7560,56,-25.5718,2.58788,-24.992,120.565,-24.9441,119.876,-25.5846,120.6,-25.0284,121.207,-24.3472,120.53,1
126,7560,69,33.9142,24.0111,-34.6252,140.621,-34.7371,139.685,-35.2464,140.827,-34.4557,141.727,-34.0314,140.48,1
126,7560,75,-19.6706,22.5679,31.3131,-9.03775,31.8275,-8.76858,31.5954,-9.69681,30.7877,-9.27004,30.9706,-8.31619,1
126,7560,84,-38.1081,11.0907,-12.0355,30.8104,-11.4073,31.1575,-11.8807,30.091,-12.6044,30.5177,-12.2241,31.6519,1
126,7560,96,-31.7868,22.0305,18.7671,-128.161,18.8672,-128.815,18.0359,-128.207,18.7066,-127.538,19.6226,-128.081,1
126,7560,99,-32.3865,-23.232,38.9547,-2.84093,39.8052,-3.18875,38.7707,-3.57525,38.2274,-2.57995,39.1841,-2.07794,1
126,7560,100,-38.9623,12.6184,3.10192,59.9592,3.52352,60.597,3.60202,59.3532,2.70698,59.4072,2.50009,60.6682,1
126,7560,122,-22.4298,-23.1706,52.8363,87.8168,53.5019,88.4802,53.1962,87.0355,52.2598,87.217,52.4958,88.6279,1
126,7560,131,20.3607,1.82396,-4.42539,-70.8166,-4.49403,-71.3671,-4.99323,-70.6996,-4.35132,-70.2299,-3.88805,-70.9236,1
126,7560,137,-31.0915,16.6666,-24.4438,134.007,-23.797,134.158,-24.3938,133.217,-25.0535,133.895,-24.5145,134.916,2
126,7560,139,-25.4322,-5.57267,-49.5373,-139.404,-49.2054,-140.269,-50.0602,-139.773,-49.8383,-138.606,-48.9732,-139.03,1
126,7560,157,-12.1779,14.4056,-11.9872,-47.1255,-11.9758,-47.6409,-12.5064,-47.1452,-11.9818,-46.6108,-11.4323,-47.0904,5
126,7560,181,-29.152,-1.73162,61.0196,151.534,61.6259,151.443,60.8929,150.442,60.4681,151.615,61.1521,152.735,1
126,7560,188,3.12686,-21.0538,-0.895774,19.8975,-1.10534,19.4425,-1.39856,20.021,-0.713506,20.3409,-0.42761,19.7628,1
127,7620,3,37.6783,10.9482,52.7715,84.8105,52.6298,83.4613,52.0272,85.387,52.9285,86.4034,53.4417,84.3166,1
127,7620,14,-18.4792,-12.2043,-46.9947,-31.1835,-46.5321,-31.6678,-47.2799,-31.7822,-47.4258,-30.7415,-46.6869,-30.5872,1
127,7620,16,-30.8325,11.7339,-17.4511,54.1315,-17.3697,53.4982,-18.0779,54.1538,-17.5077,54.721,-16.7412,54.1179,1
127,7620,17,-30.4193,24.9905,10.6315,79.1527,10.6726,78.5411,9.90433,79.1347,10.6318,79.7418,11.4863,79.2023,1
127,7620,28,-37.1039,6.82678,-51.782,-69.8827,-51.2122,-69.2393,-51.5525,-70.8925,-52.2935,-70.4524,-52.04,-68.7084,1
127,7620,34,25.142,19.3673,37.5842,110.455,37.1204,109.971,37.2516,110.998,38.1182,110.991,37.9236,109.946,4
127,7620,38,-17.0216,10.8861,-0.707458,-68.8102,-0.391062,-68.4268,-0.328507,-69.1453,-1.02496,-69.1762,-1.1213,-68.4571,1
127,7620,49,-9.51557,-20.4155,-3.2459,-48.6049,-2.65902,-48.5978,-3.15186,-49.1283,-3.78845,-48.6308,-3.31506,-48.0901,1
127,7620,56,28.7295,-1.59893,-26.2552,127.161,-26.2359,126.48,-26.9305,127.256,-26.2777,127.905,-25.6407,127.076,1
127,7620,69,30.4003,3.1894,-33.2071,141.106,-33.2071,140.403,-33.8234,141.242,-33.2015,141.885,-32.6432,140.99,1
127,7620,84,-26.9124,9.83112,-15.7655,31.1179,-15.2441,31.3324,-15.6232,30.5481,-16.2594,30.9281,-15.93,31.7484,1
127,7620,89,-27.2254,20.4469,19.0343,-152.747,18.9384,-153.329,18.4199,-152.599,19.1528,-152.192,19.7406,-152.896,1
127,7620,106,35.9435,4.30752,35.5425,-117.895,35.1656,-118.587,35.0571,-117.23,35.969,-117.099,35.979,-118.486,1
127,7620,142,-26.2047,19.9018,-35.8044,-58.5239,-36.1263,-59.1774,-36.3761,-58.0377,-35.4649,-57.9199,-35.1383,-59.0466,1
127,7620,145,18.4293,-8.74183,67.9897,-36.7993,67.7354,-38.0792,67.4506,-36.0439,68.2318,-35.4305,68.4836,-37.5518,1
127,7620,151,-30.24,14.0123,35.9758,108.628,36.595,108.612,35.8641,107.832,35.3987,108.668,36.0825,109.537,4
127,7620,157,0.907624,-23.523,-12.5352,-46.2981,-12.5999,-46.8614,-13.0908,-46.3661,-12.4969,-45.7648,-12.0117,-46.2585,4
127,7620,181,-22.8461,17.0288,56.9959,158.687,57.5151,158.732,56.9966,157.66,56.4918,158.681,56.9691,159.828,1
127,7620,190,-33.9512,23.0791,-28.6167,23.0666,-28.7511,22.2404,-29.4546,23.3847,-28.4401,23.8254,-27.605,22.7241,1
127,7620,193,37.9832,5.04588,62.7983,90.977,63.0146,89.2834,61.9375,91.0008,62.5233,92.9107,63.555,90.9859,1
128,7680,17,-36.3061,7.85001,12.6027,79.68,12.6782,78.9648,11.9279,79.7846,12.5478,80.3212,13.3806,79.5648,1
128,7680,18,-10.979,20.8672,36.7601,111.096,36.8222,110.48,36.2463,110.958,36.7162,111.728,37.313,111.274,1
128,7680,25,14.0732,16.0192,48.3627,-101.138,48.8096,-100.797,48.5844,-101.78,47.8727,-101.48,48.1234,-100.516,1
128,7680,33,20.6467,-21.1621,1.62979,111.239,1.25048,110.891,1.14567,111.664,1.9946,111.61,2.04978,110.845,1
128,7680,34,31.5508,-17.1149,37.8466,111.082,37.4879,110.532,37.2941,111.742,38.2059,111.697,38.3127,110.487,1
128,7680,38,-18.645,16.8657,-5.06595,-69.1147,-4.74476,-68.7223,-4.65164,-69.4587,-5.39661,-69.4886,-5.53052,-68.7492,1
128,7680,46,-37.5047,-13.3618,54.9038,-158.395,55.4057,-159.735,54.2803,-158.816,54.4567,-157.293,55.6073,-157.956,1
128,7680,47,-33.3841,-13.867,47.4855,-100.469,48.2799,-100.754,47.2574,-101.317,46.7934,-100.247,47.7501,-99.5524,1
128,7680,49,35.586,21.0168,-12.3658,-47.3875,-11.5548,-47.325,-12.4372,-48.1005,-13.3343,-47.4378,-12.3376,-46.7273,2
128,7680,69,39.8504,-6.2636,-31.889,144.114,-31.8239,143.307,-32.737,144.328,-31.9732,145.037,-31.1653,143.931,1
128,7680,73,27.5741,7.92128,64.8705,-109.845,65.1435,-111.154,64.2806,-110.306,64.5609,-108.417,65.4148,-109.369,2
128,7680,102,-29.5363,18.3447,-75.9837,78.2396,-75.4591,79.47,-75.6914,75.7666,-76.488,77.0923,-76.3047,81.1666,1
128,7680,105,15.773,12.7332,4.26214,-122.882,3.89809,-123.264,3.89674,-122.521,4.66249,-122.479,4.63112,-123.227,1
128,7680,106,30.0072,24.2215,41.4807,-118.285,40.9664,-118.979,41.0615,-117.688,42.0978,-117.482,41.9089,-118.827,4
128,7680,136,-34.1719,-19.63,1.32812,113.009,2.26779,113.1,1.33342,112.357,0.533557,112.913,1.36154,113.712,1
128,7680,137,-26.1987,17.1697,-30.2522,138.822,-29.6472,138.899,-30.2263,138.056,-30.8334,138.776,-30.2946,139.686,1
128,7680,145,33.4609,21.4197,73.92,-23.6151,73.6321,-26.3622,73.292,-22.4959,74.2383,-20.2743,74.5192,-24.6038,1
128,7680,146,13.2235,-20.3118,71.7565,110.386,72.2609,111.165,72.1045,108.642,71.2662,109.585,71.4413,111.96,1
128,7680,148,23.327,17.1107,-3.33049,125.506,-2.82671,125.906,-2.9821,125.023,-3.90477,125.074,-3.68699,125.959,7
128,7680,151,-24.8629,-11.2907,34.7481,109.199,35.383,109.06,34.6228,108.56,34.172,109.312,34.8919,109.87,3
128,7680,153,18.103,-3.87148,-18.445,161.592,-17.9363,161.602,-18.4592,161.012,-18.9768,161.576,-18.4274,162.137,1
128,7680,156,29.4222,-2.34421,-34.6533,-69.6048,-34.5138,-70.2904,-35.3051,-69.6694,-34.8068,-68.8545,-34.0623,-69.5471,1
128,7680,159,27.3278,-21.1396,35.8655,15.3085,36.064,14.6523,35.156,14.9448,35.6254,15.9709,36.4905,15.6081,2
128,7680,179,38.3623,-13.558,36.9734,6.79606,36.6263,6.05564,36.2772,7.60309,37.3304,7.65186,37.5489,6.09252,1
128,7680,181,-21.3827,-16.7653,56.3686,159.275,56.9711,159.171,56.338,158.377,55.8229,159.34,56.4136,160.195,1
128,7680,190,-29.359,4.42251,-27.6336,24.1087,-27.8319,23.3533,-28.2281,24.4443,-27.4395,24.7964,-26.9719,23.743,1
129,7740,2,-20.0698,-23.5393,25.1537,60.334,24.6901,59.6583,24.6227,60.6461,25.5417,60.9523,25.6665,59.9853,1
129,7740,9,25.4255,-4.44035,-74.211,3.08364,-74.0679,0.945023,-74.8846,2.78551,-74.3491,5.4101,-73.5938,3.32592,2
129,7740,13,-29.5757,-3.04508,-34.7807,-64.8784,-34.1465,-64.9678,-34.9306,-65.5402,-35.3546,-64.7973,-34.6068,-64.161,1
129,7740,18,-19.5759,5.13091,38.8024,112.703,38.9087,112.046,38.2961,112.613,38.7037,113.33,39.3436,112.806,1
129,7740,25,-32.8148,-17.4996,48.6577,-95.0294,49.3175,-94.4096,48.9057,-95.7991,48.0939,-95.5707,48.4112,-94.1915,2
129,7740,38,30.2409,10.8125,-8.18393,-73.896,-7.78986,-73.4308,-7.79925,-74.3548,-8.63463,-74.4147,-8.55194,-73.4799,1
129,7740,49,35.3526,-1.01143,-13.2937,-46.7967,-12.6494,-46.6329,-13.2935,-47.5763,-14.018,-46.9885,-13.2948,-46.1076,8
129,7740,56,36.6958,9.35493,-20.3347,133.77,-20.3529,132.953,-21.075,134.01,-20.3009,134.717,-19.6676,133.576,1
129,7740,69,30.244,22.2332,-25.8101,147.56,-25.9463,146.799,-26.3871,147.742,-25.6233,148.438,-25.2515,147.426,1
129,7740,82,-35.705,-7.655,42.3441,-3.40905,43.0789,-3.16386,42.3528,-4.2337,41.7042,-3.62466,42.3424,-2.49073,1
129,7740,83,15.3461,-21.9425,10.0843,12.4714,10.5739,12.6003,10.3249,11.9133,9.60642,12.3198,9.88327,12.9842,1
129,7740,84,-32.5215,-3.22035,-20.9414,34.5709,-20.3058,34.7977,-20.8653,33.9541,-21.509,34.3659,-21.0158,35.2543,1
129,7740,99,-37.9777,15.8204,29.9262,11.9569,30.6435,12.1121,29.8632,11.0532,29.2765,11.8526,29.9765,13.0324,1
129,7740,102,-27.0526,-9.80072,-76.9643,78.3881,-76.3508,79.4407,-76.7929,76.0783,-77.5095,77.3195,-77.1097,80.9288,1
129,7740,106,36.4336,-7.01253,41.8189,-117.414,41.5022,-118.173,41.2235,-116.69,42.1541,-116.546,42.3296,-118.058,6
129,7740,108,-26.6756,8.37616,64.2508,55.5108,64.6242,56.5598,64.6435,54.5061,63.8856,54.5717,63.8037,56.5767,1
129,7740,120,-33.2432,-18.7923,66.5444,-83.8363,65.9246,-85.5411,66.0875,-82.6764,67.0438,-82.2834,66.9985,-85.1958,1
129,7740,125,33.9498,16.2573,-70.5892,97.3156,-69.9628,98.6858,-70.2638,95.4115,-71.3173,95.6514,-70.8974,99.0809,1
129,7740,131,19.5772,-13.2501,3.52699,-65.8537,3.46152,-66.3961,2.89472,-65.7852,3.57663,-65.2936,4.10464,-65.9287,2
129,7740,137,-29.6285,-9.82305,-30.6129,139.657,-29.8742,139.659,-30.683,138.958,-31.2705,139.645,-30.5164,140.406,1
129,7740,140,16.7913,-15.3367,-75.4215,137.462,-74.9664,138.661,-75.0247,135.52,-75.8647,136.104,-75.7593,139.371,1
129,7740,148,12.0741,-21.3897,-3.12357,126.396,-2.67824,126.741,-2.64862,125.961,-3.54369,126.037,-3.54331,126.81,5
129,7740,151,37.8709,-7.13255,27.364,108.603,28.0373,108.613,27.1523,107.682,26.6038,108.574,27.5453,109.398,2
129,7740,156,34.3604,0.243573,-32.6876,-65.5651,-32.5428,-66.3087,-33.4074,-65.5586,-32.8488,-64.7278,-32.0463,-65.5661,1
129,7740,162,-38.0408,-3.70963,47.9962,102.241,48.7937,101.865,47.6111,101.38,47.3043,102.558,48.436,103.227,3
129,7740,175,39.2121,-7.16278,-77.0028,163.248,-76.7833,166.237,-76.2335,161.177,-77.1918,159.712,-77.643,165.229,1
129,7740,178,-26.6337,-4.66849,5.99666,-1.2273,5.5588,-1.70273,5.62769,-0.793483,6.39348,-0.791143,6.38704,-1.70001,1
130,7800,2,-18.3364,5.40458,31.6126,62.4753,31.3601,61.8573,31.1102,62.8003,31.8587,63.0669,32.1506,62.1293,1
130,7800,9,29.7687,-20.2409,-73.4641,9.30299,-73.3638,7.08929,-74.3456,8.88505,-73.5814,11.6436,-72.7007,9.56114,1
130,7800,33,-33.7661,11.586,12.0715,105.193,11.6733,104.682,11.6532,105.708,12.4485,105.65,12.558,104.608,3
130,7800,49,25.3513,-24.5648,-13.584,-45.2411,-13.0112,-45.162,-13.3846,-46.0329,-14.1606,-45.361,-13.7317,-44.5475,4
130,7800,56,32.1907,-0.508118,-17.9171,134.743,-17.914,134.059,-18.6314,134.894,-17.9224,135.503,-17.2751,134.611,1
130,7800,69,20.5646,-7.59662,-24.529,146.956,-24.567,146.404,-25.0907,147.031,-24.4967,147.534,-24.0094,146.881,1
130,7800,80,11.2727,22.1525,54.258,-111.654,54.298,-112.55,53.7734,-111.806,54.2282,-110.677,54.7489,-111.454,1
130,7800,82,-37.699,-4.96843,39.1358,-0.370394,39.8799,-0.0599625,39.1609,-1.19827,38.4901,-0.63641,39.1125,0.566016,1
130,7800,90,-34.4594,4.33843,2.1657,39.6318,2.84953,39.76,2.13279,38.9801,1.55023,39.5257,2.20099,40.3702,1
130,7800,99,-35.194,11.8439,27.4472,14.149,28.1252,14.2657,27.3886,13.3598,26.8297,14.0669,27.4983,15.0636,1
130,7800,102,-0.113653,-20.741,-80.5283,71.0717,-80.0334,72.3,-80.2175,68.4603,-80.9849,69.6655,-80.7869,73.7735,1
130,7800,103,1.33498,-19.1834,-62.8423,-129.845,-63.204,-130.683,-63.2784,-129.174,-62.5051,-129.034,-62.4355,-130.497,1
130,7800,106,34.3245,-20.6037,44.0933,-117.645,43.7853,-118.388,43.3403,-116.949,44.3851,-116.81,44.7161,-118.27,3
130,7800,121,-31.3118,15.3795,69.6498,84.3183,70.1147,85.7522,70.0805,82.6132,69.1889,83.0929,69.1224,86.1622,2
130,7800,135,-29.4406,18.5324,20.4033,97.324,21.0199,97.5102,20.5224,96.5739,19.812,97.1801,20.2421,98.1806,1
130,7800,146,-32.9235,3.55908,62.7586,126.266,63.2233,127.506,63.1684,125.069,62.324,125.194,62.2852,127.572,1
130,7800,160,31.3118,-23.5898,25.0148,13.5103,25.128,12.8505,24.1377,13.3064,24.851,14.1913,25.7639,13.6606,1
130,7800,162,-36.7442,-1.23656,46.2488,107.359,47.0159,107.099,45.9226,106.496,45.576,107.585,46.617,108.346,1
130,7800,178,36.0548,-5.68657,9.55739,4.84098,9.17158,4.29162,9.02676,5.46089,9.97785,5.46637,10.0173,4.29694,1
130,7800,186,-32.6183,11.6152,-45.6616,-15.3899,-45.5935,-16.2618,-46.2884,-15.3131,-45.7011,-14.5848,-44.9461,-15.4605,2
130,7800,187,37.6443,16.5519,-17.9161,14.5239,-18.1593,13.784,-18.4873,14.9203,-17.6084,15.392,-17.3843,14.1937,1
130,7800,188,38.3952,5.87432,13.4216,29.7897,13.2778,29.1007,12.7842,30.1515,13.5888,30.5885,13.9892,29.4798,1
131,7860,4,20.721,-20.2914,66.9835,-172.482,67.5727,-172.577,66.9963,-174.371,66.3852,-172.466,66.9737,-170.796,1
131,7860,11,27.1079,-11.8718,8.27721,-117.611,8.80853,-117.531,8.32594,-118.272,7.71591,-117.712,8.24253,-117.018,1
131,7860,33,-17.5224,-19.1566,13.082,106.621,12.6005,106.258,12.7455,107.002,13.5088,106.965,13.403,106.221,4
131,7860,34,30.935,-22.1276,48.6765,109.963,48.308,109.314,48.0553,110.745,49.032,110.69,49.1912,109.253,2
131,7860,38,25.44,-24.1696,-12.3911,-74.1338,-12.0416,-73.7108,-11.7764,-74.555,-12.7193,-74.5885,-12.9127,-73.7472,1
131,7860,43,28.531,-9.4592,-13.6435,119.461,-13.6519,118.869,-14.3307,119.55,-13.6481,120.096,-13.029,119.373,1
131,7860,47,33.5657,-0.983836,34.7356,-92.4204,35.3753,-92.4326,34.5653,-93.2759,34.0211,-92.4134,34.8801,-91.6536,2
131,7860,70,21.9374,0.808027,-16.007,176.791,-16.209,176.256,-16.5304,177.065,-15.7903,177.362,-15.5146,176.537,1
131,7860,80,34.3515,15.8759,54.1696,-104.736,54.3496,-105.877,53.5323,-104.819,53.9623,-103.415,54.7527,-104.614,1
131,7860,83,-27.7988,-5.2174,3.8191,19.5842,4.3973,19.7932,3.93582,19.06,3.2953,19.3917,3.70096,20.1514,1
131,7860,110,22.6964,-7.02688,30.5159,42.9225,31.0039,42.9407,30.4965,42.2817,30.0017,42.8934,30.5361,43.5131,2
131,7860,117,25.7684,-0.0343576,22.6867,-85.4301,22.6926,-85.9863,22.1349,-85.3655,22.6764,-84.8289,23.1972,-85.4886,1
131,7860,119,38.5031,4.79631,47.1118,2.76802,47.7283,2.38174,46.6466,1.96145,46.398,3.20573,47.5086,3.49934,1
131,7860,135,-37.8345,-10.6674,20.7259,98.3569,21.6392,98.5456,20.6872,97.6063,19.9485,98.1892,20.79,99.1991,1
131,7860,160,21.4608,-19.2493,28.7012,16.3943,28.7778,15.781,28.0403,16.2304,28.5947,17.0136,29.2965,16.5227,1
131,7860,162,28.9107,13.8797,38.0475,109.788,38.6586,109.521,37.7732,109.093,37.3606,110.102,38.2826,110.456,1
131,7860,169,-38.8389,0.574066,9.37858,-14.1711,9.47246,-15.0049,8.66718,-14.0319,9.30148,-13.4458,10.1973,-14.3376,1
131,7860,178,25.6887,-0.16783,13.9495,3.33144,13.5785,2.88881,13.5354,3.80012,14.3481,3.81351,14.3327,2.8983,7
131,7860,187,20.8745,17.8127,-13.844,14.1293,-14.0525,13.6064,-14.3121,14.3361,-13.596,14.7007,-13.3776,13.9477,1
131,7860,188,17.2404,-23.7769,15.3895,27.9189,15.2105,27.4244,14.7742,28.0335,15.539,28.4188,15.9366,27.7943,1
131,7860,190,34.1431,22.3411,-17.2098,35.2264,-17.6601,34.4376,-17.7823,35.7182,-16.6446,36.1477,-16.6473,34.8087,1
132,7920,4,-24.6846,12.3809,64.3635,-152.992,64.9509,-152.497,64.5158,-154.449,63.7974,-153.403,64.1653,-151.403,1
132,7920,22,-18.5647,5.95915,36.4926,95.7157,36.2312,95.1882,36.0892,96.0642,36.7471,96.2208,36.9253,95.3443,3
132,7920,24,-30.2158,-4.22469,70.9673,-109.353,71.5295,-108.461,71.1255,-110.971,70.4582,-110.12,70.7862,-107.611,2
132,7920,33,-12.5807,16.3469,20.0065,106.416,19.6494,106.067,19.6533,106.799,20.3752,106.753,20.3964,106.013,1
132,7920,43,22.3977,4.82015,-9.16839,121.945,-9.21814,121.388,-9.72712,122.051,-9.1101,122.547,-8.63941,121.852,1
132,7920,45,31.4605,18.3678,42.1166,179.591,42.2948,178.657,41.4801,179.485,41.9202,-179.328,42.7086,179.732,1
132,7920,48,32.8067,0.603691,6.17259,-62.4878,6.79416,-62.3563,6.17007,-63.1951,5.47941,-62.6372,6.16994,-61.8526,1
132,7920,78,24.0528,22.9649,-69.9433,113.544,-69.722,111.697,-70.4988,112.972,-70.1472,115.719,-69.4077,114.169,1
132,7920,83,-24.0074,8.21654,-0.809249,21.3131,-0.310352,21.5164,-0.657514,20.7975,-1.28506,21.1302,-0.981732,21.8749,1
132,7920,117,-32.0886,17.8442,30.2151,-85.6795,30.287,-86.3559,29.5647,-85.6655,30.1708,-85.0453,30.967,-85.6753,1
132,7920,119,-22.7676,-7.11819,51.5623,9.1451,52.0686,8.78338,51.3357,8.45054,51.093,9.46354,51.8048,9.87826,1
132,7920,120,38.4583,6.46316,76.2538,-41.6581,76.3528,-44.9795,75.4256,-41.1557,76.0864,-37.8548,76.9835,-42.0827,2
132,7920,125,-36.6428,-8.48651,-75.199,132.433,-74.3132,132.819,-75.2664,129.694,-75.9619,132.037,-75.066,135.452,1
132,7920,135,-26.3609,5.19491,15.3813,100.317,15.989,100.468,15.4417,99.693,14.8134,100.186,15.3092,101.001,1
132,7920,146,-30.5191,18.9105,53.5499,126.053,53.963,126.931,54.0668,125.148,53.1304,125.276,52.9287,127.046,1
132,7920,162,31.1425,5.3809,36.4801,112.624,37.0941,112.447,36.2123,111.879,35.7938,112.824,36.7118,113.315,1
132,7920,167,-27.6189,20.6339,-36.0576,-65.4161,-35.8274,-66.0994,-36.6992,-65.6925,-36.2458,-64.7426,-35.3286,-65.0788,1
132,7920,175,-40.0533,-6.74363,-85.3489,-102.392,-84.4987,-106.629,-85.8164,-109.673,-86.0452,-97.4217,-84.7275,-95.9098,1
132,7920,178,31.114,-15.9005,16.0255,3.79002,15.663,3.29311,15.4321,4.34251,16.3904,4.34105,16.5313,3.29477,5
132,7920,187,26.6864,-12.833,-13.1603,14.8598,-13.2934,14.3447,-13.7648,15.0653,-13.0353,15.4081,-12.6218,14.6662,1
132,7920,188,-8.87804,20.3302,23.2026,29.3258,23.0487,28.8328,22.7171,29.4537,23.3786,29.8247,23.7296,29.2075,1
132,7920,190,19.9901,-12.4372,-16.9598,33.0752,-17.2004,32.5302,-17.566,33.3697,-16.7259,33.6443,-16.4094,32.796,1
133,7980,4,11.1093,-24.8981,62.4834,-159.994,63.0831,-159.928,62.6733,-161.436,61.9069,-160.124,62.3239,-158.689,1
133,7980,22,3.69385,-23.4912,37.395,98.0417,37.0731,97.5417,36.9123,98.3294,37.6809,98.5387,37.8344,97.746,3
133,7980,30,1.72648,21.7375,-83.0193,132.85,-83.4923,131.607,-83.1995,136.652,-82.5089,133.837,-82.7795,129.157,1
133,7980,36,6.54231,-24.6051,51.6373,-69.0751,52.0199,-68.4979,52.1108,-69.5778,51.287,-69.6464,51.2121,-68.5913,1
133,7980,37,-32.0387,21.9954,11.0672,-68.1219,11.3864,-67.5941,11.6277,-68.5655,10.7357,-68.5994,10.3952,-67.6233,1
133,7980,43,23.6681,24.6983,-4.662,125.45,-4.8161,124.794,-5.22895,125.561,-4.45808,126.195,-4.09493,125.377,1
133,7980,56,34.1117,-8.42081,-10.0197,140.892,-10.0004,140.225,-10.826,141.03,-10.057,141.628,-9.31536,140.765,1
133,7980,71,-0.586929,-19.0161,23.5836,-170.183,23.3338,-170.718,23.0612,-170.003,23.8025,-169.662,24.0764,-170.376,1
133,7980,83,-24.5353,-17.0208,-2.0878,21.8025,-1.45555,21.954,-1.96144,21.3001,-2.64879,21.6528,-2.19682,22.3291,1
133,7980,99,-29.7665,-19.6202,21.4159,19.2931,22.1976,19.2215,21.356,18.6809,20.7364,19.3353,21.5081,19.935,1
133,7980,110,-34.2332,-20.0185,29.5761,51.5776,30.3996,51.5672,29.5232,50.9244,28.8754,51.5662,29.6634,52.2774,1
133,7980,133,-35.2561,9.28008,57.2928,27.6835,57.952,27.0533,56.8083,26.6673,56.7044,28.261,57.8342,28.8973,1
133,7980,134,26.4392,5.46146,35.927,71.647,36.5326,71.6179,35.8175,70.8875,35.262,71.6835,36.0159,72.3579,1
133,7980,135,-39.9544,-3.22894,14.2157,103.363,15.0993,103.641,14.1952,102.578,13.4586,103.129,14.2491,104.269,2
133,7980,156,25.8369,20.5072,-20.5993,-52.9075,-20.6286,-53.5989,-21.1734,-52.855,-20.5409,-52.1224,-20.0422,-52.9266,2
133,7980,160,-22.8159,-9.78993,37.0147,21.1367,37.1129,20.3662,36.482,21.0598,36.9123,21.8375,37.5749,21.2018,1
133,7980,167,-32.6662,11.797,-34.0826,-63.007,-33.8188,-63.7407,-34.7491,-63.1819,-34.3031,-62.3206,-33.323,-62.7971,1
133,7980,168,-30.1999,-16.7743,-13.4945,-34.6073,-13.5294,-35.4095,-14.0783,-34.5421,-13.4773,-33.9066,-12.8764,-34.7045,1
133,7980,169,24.6672,7.50111,10.9994,-4.2511,11.0027,-4.83708,10.4219,-4.18996,11.001,-3.60932,11.5443,-4.29832,1
133,7980,179,29.9842,16.9101,59.1594,6.35563,58.704,5.36074,58.7379,7.25982,59.6849,7.50461,59.5695,5.51989,1
133,7980,180,25.3869,-10.0851,61.2998,126.451,61.7642,126.005,61.0086,125.353,60.8016,126.883,61.5631,127.455,1
133,7980,187,15.135,-23.6002,-10.0877,14.881,-10.2811,14.4055,-10.6804,15.0044,-9.92191,15.358,-9.55757,14.7495,1
133,7980,190,-21.9821,6.99885,-10.215,30.6134,-10.4473,30.0378,-10.7525,30.897,-9.98407,31.155,-9.62871,30.3125,1
134,8040,15,-34.2621,17.8437,-23.2588,45.4098,-23.1067,44.7249,-23.9756,45.3671,-23.3677,46.0498,-22.4216,45.4794,1
134,8040,17,30.9332,-3.17057,23.9163,98.7467,23.9938,98.1224,23.2588,98.7723,23.8215,99.4299,24.5078,98.7225,1
134,8040,24,-24.4796,23.5528,61.0904,-103.053,61.5342,-102.431,61.436,-104.115,60.6351,-103.592,60.6665,-101.898,1
134,8040,43,32.1421,-3.2242,-4.53928,126.507,-4.54708,125.888,-5.23583,126.652,-4.53799,127.191,-3.91666,126.378,4
134,8040,48,-35.4262,15.0245,3.23277,-51.8957,3.89774,-51.6657,3.31619,-52.6439,2.61886,-52.0795,3.11893,-51.0232,1
134,8040,70,-32.6465,14.2121,-2.17908,175.658,-2.34122,175.003,-2.83019,175.953,-2.00616,176.257,-1.42362,175.333,1
134,8040,72,-37.5572,-15.1617,60.4569,-148.525,60.3132,-150.45,59.8106,-148.079,60.5429,-146.886,61.162,-149.106,1
134,8040,75,-33.4546,-13.3096,7.40191,0.879179,8.15798,1.22656,7.57629,0.26704,6.75073,0.567956,7.23489,1.55269,1
134,8040,83,0.238897,-19.2468,-6.41614,21.3866,-5.92368,21.4965,-6.22694,20.9148,-6.88217,21.2638,-6.57948,21.8432,1
134,8040,99,-34.9445,-3.83883,18.0294,23.5504,18.7703,23.6343,17.9519,22.891,17.3764,23.4761,18.1229,24.2868,1
134,8040,119,-22.773,-13.04,48.6028,18.6986,49.1551,18.4126,48.4361,18.0028,48.0972,18.9379,48.7867,19.4195,1
134,8040,121,-37.1571,11.2218,55.2464,88.6224,55.7177,89.7375,55.7251,87.4941,54.7988,87.6727,54.6649,89.8971,1
134,8040,130,16.7236,24.8488,-7.1501,-75.2563,-7.31706,-75.8727,-7.70964,-75.1649,-6.9352,-74.5736,-6.57683,-75.3151,1
134,8040,135,-37.5802,-5.73691,11.1896,104.888,12.0362,105.113,11.1804,104.165,10.4586,104.692,11.2133,105.706,1
134,8040,179,27.9314,-8.23937,60.3308,5.80672,60.001,4.86155,59.8142,6.69569,60.6661,6.8578,60.7862,4.97225,1
134,8040,180,-32.1503,12.5189,63.6402,142.459,64.2439,142.34,63.469,141.102,63.0849,142.605,63.8083,144.032,1
134,8040,187,24.1224,23.2284,-3.1299,18.8672,-3.39047,18.3128,-3.61597,19.0877,-2.81147,19.4882,-2.64012,18.6794,1
134,8040,190,32.4732,-9.13223,-10.1124,36.4773,-10.339,35.8403,-10.8322,36.8928,-9.88044,37.1803,-9.48282,36.1069,1
135,8100,17,2.99294,-23.7607,27.2002,98.1394,27.1581,97.5427,26.6559,98.0397,27.2139,98.7066,27.7108,98.2078,2
135,8100,32,38.7667,11.1474,-4.51045,111.871,-5.02604,111.344,-4.86111,112.514,-3.89656,112.484,-4.18079,111.311,1
135,8100,37,-22.4531,14.3252,4.52611,-70.0452,4.84502,-69.6265,4.94462,-70.4057,4.20468,-70.4379,4.05536,-69.658,1
135,8100,43,23.2321,-24.4833,-2.66013,126.454,-2.72816,125.888,-3.4209,126.439,-2.62731,127.028,-1.99476,126.444,1
135,8100,48,-31.555,-22.2019,3.20047,-52.7513,4.0827,-52.7289,3.21144,-53.3606,2.44926,-52.7918,3.22858,-52.1082,1
135,8100,71,-22.207,-19.6409,31.0923,-169.576,30.7676,-170.307,30.5775,-169.32,31.3616,-168.91,31.6061,-169.87,1
135,8100,72,36.554,18.5868,60.0357,-126.438,60.176,-128.069,59.3018,-126.388,59.8635,-124.509,60.7047,-126.413,1
135,8100,95,-38.5467,1.7869,16.4257,-134.085,16.5378,-134.903,15.7285,-133.97,16.3326,-133.37,17.2285,-134.221,1
135,8100,96,35.1284,9.26525,34.2287,-97.1972,34.4413,-97.9873,33.5398,-97.2638,33.9858,-96.2914,34.8491,-97.1165,1
135,8100,98,-28.3344,8.98489,37.728,-3.94635,38.3253,-3.99807,37.5988,-4.6854,37.1727,-3.88273,37.8587,-3.11822,1
135,8100,99,-37.2883,-11.0837,16.1313,25.6987,16.9869,25.7582,16.027,25.0307,15.3991,25.6392,16.2678,26.4418,1
135,8100,107,36.0455,-12.4277,77.9722,22.5282,78.5522,23.8135,78.127,18.514,77.3336,21.1399,77.8046,25.8972,2
135,8100,110,-30.6512,-7.46344,22.4993,57.2067,23.138,57.2984,22.4896,56.6227,21.9293,57.1199,22.5191,57.8412,1
135,8100,129,-27.9587,-23.6829,52.5784,-87.1115,51.9415,-88.1006,52.1162,-86.434,53.102,-86.2099,53.0225,-87.8762,1
135,8100,130,34.9164,15.8728,-5.91623,-71.9674,-6.03637,-72.7403,-6.58834,-71.7092,-5.75716,-71.0663,-5.2917,-72.1753,1
135,8100,146,-17.0806,-20.8697,46.4493,123.646,47.0132,124.206,46.8239,123.027,45.9496,123.125,46.0929,124.281,1
135,8100,147,16.9483,16.3534,6.61754,123.678,7.08199,124.042,6.9617,123.235,6.09967,123.294,6.26086,124.101,1
135,8100,150,27.4611,-4.72297,35.422,95.0478,35.9713,94.9074,35.2126,94.3069,34.8275,95.1874,35.6111,95.7236,5
135,8100,169,31.499,5.24832,15.6537,1.15477,15.7029,0.498342,14.995,1.23322,15.5996,1.88986,16.2553,1.09267,3
135,8100,180,-25.0414,-24.7935,62.8931,141.733,63.5641,141.096,62.7446,140.611,62.2992,142.219,63.0684,142.862,1
135,8100,187,19.9125,-24.4997,-3.53873,17.9782,-3.72582,17.4948,-4.18575,18.1087,-3.38104,18.47,-2.97009,17.8414,1
135,8100,190,24.8222,-0.588518,-5.32353,36.7184,-5.56998,36.1611,-5.89095,37.0551,-5.06015,37.3203,-4.79765,36.409,1
136,8160,1,-20.3381,14.4739,19.5238,56.8571,19.2665,56.2929,18.9754,57.164,19.7901,57.3976,20.133,56.532,1
136,8160,15,-38.5136,-5.30244,-19.3193,48.4464,-19.2245,47.5839,-19.9764,48.564,-19.3994,49.1909,-18.5747,48.3,1
136,8160,21,12.2597,24.115,17.1788,93.5757,16.8317,93.1537,16.7681,93.8605,17.5777,94.0259,17.6149,93.3056,1
136,8160,22,40.671,-3.95784,48.8923,107.072,48.7135,106.068,48.1886,107.762,49.0758,108.242,49.4904,106.467,1
136,8160,28,37.4709,16.3008,-84.0316,-7.88103,-83.4293,-11.7742,-84.5447,-12.3645,-84.6888,-2.0413,-83.5582,-4.25807,1
136,8160,32,39.7583,5.6592,-1.31268,111.593,-1.78867,111.051,-1.70264,112.261,-0.754729,112.225,-0.960683,111.016,1
136,8160,37,-14.2779,12.5708,0.995963,-71.2263,1.31097,-70.8552,1.37351,-71.5522,0.674908,-71.5839,0.584269,-70.8861,1
136,8160,48,-26.4071,-23.3869,-0.140973,-51.1691,0.655551,-51.1725,-0.0947531,-51.7456,-0.831842,-51.1887,-0.151474,-50.5753,1
136,8160,55,28.8887,9.72996,-27.0471,124.142,-27.0602,123.41,-27.6841,124.269,-27.0187,124.961,-26.4522,124.042,1
136,8160,68,-37.7611,12.6655,-29.3598,132.51,-29.2073,131.705,-30.0996,132.562,-29.4697,133.238,-28.4901,132.464,1
136,8160,72,14.373,22.2122,64.1758,-122.822,64.2705,-124.158,63.6497,-123.133,64.0806,-121.349,64.7009,-122.431,3
136,8160,77,35.6017,1.87807,-67.1808,46.3394,-66.4889,46.3778,-67.3454,44.4068,-67.9662,46.2872,-67.0222,48.0355,1
136,8160,82,36.5001,-0.51326,15.5599,4.9801,16.1487,5.23463,15.655,4.231,14.8944,4.68864,15.4707,5.63904,4
136,8160,83,-38.5235,6.69928,-13.3201,29.1076,-12.6622,29.4501,-13.1991,28.3978,-13.9063,28.8162,-13.4622,29.9328,1
136,8160,99,28.5381,-22.7773,9.74467,22.5817,10.3151,22.6272,9.84373,21.7735,9.15613,22.4977,9.67898,23.2812,1
136,8160,101,-36.0615,17.8568,-70.3949,72.0883,-69.8535,73.3707,-70.03,70.0797,-70.9013,70.9326,-70.8138,74.528,1
136,8160,119,-33.6742,-19.1312,45.9987,27.6762,46.7763,27.4073,45.8217,26.9055,45.3293,27.877,46.2134,28.496,1
136,8160,142,36.5078,10.1744,-3.70059,-50.762,-4.17296,-51.3786,-4.17096,-50.1447,-3.14337,-50.0515,-3.26277,-51.3018,1
136,8160,150,8.57845,-24.7112,36.0433,97.9885,36.5557,97.7551,35.9768,97.2434,35.5424,98.1774,36.1237,98.6674,2
136,8160,169,35.0113,-14.1089,16.4728,2.4975,16.5883,1.84714,15.6183,2.47798,16.3172,3.20444,17.2074,2.50139,1
136,8160,187,-2.87582,-21.2494,1.13338,17.8143,0.908368,17.3476,0.647271,17.9409,1.32747,18.2615,1.59259,17.6737,1
136,8160,190,33.8877,19.4771,0.164781,39.508,-0.24181,38.7764,-0.41048,39.9676,0.664759,40.3595,0.720847,39.1125,1
137,8220,1,-18.2555,18.2229,23.4313,58.0243,23.1703,57.4573,22.8681,58.3205,23.7096,58.5747,24.0605,57.7145,1
137,8220,21,22.4496,8.95938,19.4476,94.7335,19.1574,94.2749,19.0417,95.0757,19.7687,95.2305,19.8404,94.4148,1
137,8220,37,-29.0603,-17.4887,-0.0858153,-70.0851,0.428715,-69.5804,0.28195,-70.4881,-0.52594,-70.5383,-0.454689,-69.6421,1
137,8220,45,-39.0955,3.22878,55.0887,-161.028,55.642,-162.098,54.412,-161.563,54.606,-160.107,55.8716,-160.386,1
137,8220,46,17.2708,7.52789,43.2256,-106.128,43.7366,-106.322,43.0573,-106.819,42.6811,-105.914,43.3758,-105.452,1
137,8220,48,28.715,4.88063,-8.65513,-51.4218,-8.06025,-51.3158,-8.64474,-52.0586,-9.31359,-51.5363,-8.67205,-50.8348,1
137,8220,51,36.9306,-11.6781,-6.09097,-36.9879,-5.43031,-36.7824,-6.01528,-37.9105,-6.81988,-37.2426,-6.14476,-36.1984,2
137,8220,55,16.202,18.5316,-22.7485,126.098,-22.8196,125.463,-23.2986,126.154,-22.6483,126.79,-22.1984,126.068,1
137,8220,59,-16.6022,-24.2372,48.2387,-93.2851,48.8626,-93.7854,48.0708,-94.1107,47.6684,-92.8803,48.4294,-92.4811,1
137,8220,68,-16.307,10.6814,-28.5398,136.848,-28.5455,136.276,-29.05,136.874,-28.5201,137.406,-27.9921,136.832,1
137,8220,74,-21.8965,12.5668,27.4133,-9.62462,27.9189,-9.33401,27.644,-10.2336,26.9191,-9.8851,27.1457,-8.96457,1
137,8220,82,38.5022,-13.1829,13.3195,5.70276,13.8899,6.00137,13.5272,4.82621,12.6925,5.34577,13.1516,6.44675,1
137,8220,101,-14.1873,21.8926,-74.7332,67.7762,-74.2834,68.7545,-74.4021,66.071,-75.198,66.8136,-75.1004,69.6865,1
137,8220,107,35.7496,2.79748,69.5514,35.7382,70.1044,36.8292,69.7791,33.7396,68.9153,34.5631,69.3231,37.4703,1
137,8220,125,-1.78686,21.9626,-77.5602,-119.74,-77.7258,-122.199,-78.1055,-119.2,-77.3391,-117.269,-76.9749,-120.158,1
137,8220,133,-39.1048,-1.3783,53.7739,50.3595,54.6431,50.0881,53.4165,49.2461,53.0234,50.5917,54.1807,51.6578,3
137,8220,136,-31.6212,-15.9511,-25.645,132.571,-24.812,132.574,-25.6986,131.883,-26.3682,132.551,-25.5553,133.306,1
137,8220,144,-35.5667,18.6907,73.4018,-53.8699,73.0177,-56.056,72.7733,-51.9987,73.7646,-51.8459,74.1384,-56.2141,1
137,8220,147,-0.147345,24.7609,-1.54262,125.413,-1.08455,125.746,-1.13815,125.016,-2.04848,125.081,-1.99484,125.817,1
137,8220,156,29.7248,12.8658,-10.7307,-43.0826,-10.7391,-43.7345,-11.3374,-42.9821,-10.7069,-42.3457,-10.1616,-43.1569,1
137,8220,179,16.1011,-15.2544,71.0955,4.35155,70.7558,3.133,70.6093,5.42663,71.4164,5.66306,71.5292,3.2783,1
137,8220,180,-22.2754,17.5155,55.5157,158.794,56.0307,158.867,55.5396,157.81,55.0132,158.762,55.4632,159.884,1
137,8220,190,-27.326,-23.3699,0.922483,32.5872,0.421538,31.8497,0.372281,32.9059,1.33373,33.2366,1.46773,32.2228,1
137,8220,193,-38.7951,10.4841,64.6062,-173.873,65.3829,-173.006,64.7024,-175.863,63.9069,-174.548,64.4491,-171.546,1
137,8220,199,21.6959,19.6089,-30.2569,27.1308,-30.582,26.4542,-30.7846,27.4792,-29.8692,27.8708,-29.7248,26.8222,1
138,8280,13,-18.3071,18.4207,-47.9884,-21.5114,-47.5964,-22.0052,-48.3386,-22.1501,-48.3596,-20.991,-47.6125,-20.801,1
138,8280,16,-27.2861,11.8145,13.5566,79.4945,13.5835,78.9068,12.9689,79.5388,13.546,80.0482,14.2134,79.4562,1
138,8280,28,-13.1463,18.2748,-77.4942,31.4122,-77.3701,29.2785,-77.9783,30.7221,-77.5826,33.6143,-76.9726,32.1751,1
138,8280,37,-24.6783,-22.2928,-3.42701,-70.9525,-2.89362,-70.4898,-3.04523,-71.3235,-3.88188,-71.3742,-3.79516,-70.5511,1
138,8280,62,-26.8141,24.3168,51.3903,-71.2971,51.9552,-71.4414,51.2789,-72.3595,50.846,-71.1033,51.4812,-70.0569,1
138,8280,68,23.7253,24.1044,-26.8133,143.418,-26.9477,142.721,-27.3549,143.532,-26.6309,144.207,-26.2733,143.344,1
138,8280,72,38.405,-6.12092,63.5294,-111.051,63.9463,-112.353,62.6972,-111.728,63.0291,-109.639,64.2429,-110.442,1
138,8280,74,-34.9441,-5.75603,26.2402,-7.45572,26.9439,-7.03647,26.4117,-8.16591,25.6235,-7.82206,26.0577,-6.66254,2
138,8280,82,19.5104,-23.1752,11.656,8.90633,12.155,9.04623,11.9197,8.29944,11.1654,8.73875,11.4389,9.45444,1
138,8280,98,-29.0627,22.9138,29.9627,7.64375,30.561,7.68457,29.9652,6.83461,29.387,7.64629,29.9285,8.58295,3
138,8280,105,36.0203,19.203,42.743,-119.561,42.2418,-120.379,42.3044,-118.833,43.3465,-118.592,43.1673,-120.207,4
138,8280,107,-23.8859,-4.61014,67.4691,52.3451,67.8876,53.4664,67.808,51.2593,67.0788,51.3408,67.106,53.4791,1
138,8280,108,-38.7225,-7.59115,31.9687,56.1136,32.5319,56.8965,32.3459,55.4409,31.4859,55.4475,31.5518,56.8815,1
138,8280,116,-30.4007,-1.95906,18.6047,-97.7302,18.5828,-98.377,18.07,-97.6145,18.6229,-97.1448,19.1902,-97.8629,1
138,8280,128,-7.53821,19.0122,32.1947,-88.0348,31.8506,-88.5267,31.7363,-87.6582,32.5627,-87.5434,32.6957,-88.4221,1
138,8280,135,-18.8457,-8.2899,-2.18876,110.81,-1.59249,110.896,-2.1256,110.275,-2.74176,110.723,-2.24321,111.367,1
138,8280,136,-35.6061,-13.805,-28.0877,135.801,-27.1847,135.814,-28.1954,135.055,-28.8608,135.776,-27.9363,136.617,1
138,8280,145,-29.391,19.8858,66.928,122.675,67.3457,123.958,67.4349,121.301,66.4975,121.553,66.3128,124.15,1
138,8280,146,24.2997,-13.5295,34.161,119.247,34.5893,119.713,34.6117,118.597,33.7247,118.746,33.762,119.836,2
138,8280,147,-24.042,12.927,-4.0068,127.693,-3.58889,128.125,-3.59472,127.222,-4.41872,127.292,-4.47299,128.207,2
138,8280,149,-31.8534,-19.0655,-71.1246,148.439,-70.2738,149.249,-70.9552,146.548,-71.8459,147.628,-71.2487,150.514,1
138,8280,150,40.1071,4.76514,27.4684,105.517,28.2272,105.477,27.1616,104.653,26.5799,105.562,27.719,106.276,1
138,8280,156,18.4955,7.66293,-7.62214,-41.9836,-7.6308,-42.5161,-8.15017,-41.9439,-7.60539,-41.4125,-7.11302,-42.0124,1
138,8280,161,39.2685,10.6468,40.4528,95.6715,41.1811,95.262,39.935,94.8867,39.5944,96.1548,40.8885,96.3926,2
138,8280,169,-28.1459,23.7365,28.9431,6.66476,29.0491,5.98133,28.2359,6.54409,28.875,7.33112,29.7603,6.83743,2
138,8280,177,-7.18963,24.9469,6.71564,-1.58075,6.31697,-1.94226,6.27723,-1.22453,7.15215,-1.2239,7.21,-1.94839,1
138,8280,187,31.8275,6.1451,8.7957,24.4695,8.63749,23.8903,8.24505,24.7474,8.97627,25.1188,9.30249,24.2239,1
138,8280,199,-26.2037,11.8881,-25.8267,22.8739,-26.017,22.1905,-26.4339,23.1728,-25.6265,23.5107,-25.1441,22.5569,1
139,8340,12,-17.712,11.8165,-37.5791,-64.8772,-37.0781,-64.9773,-37.6766,-65.5218,-38.0652,-64.7616,-37.4805,-64.1801,1
139,8340,17,37.5364,-1.89113,35.0543,115.317,35.2832,114.559,34.2847,115.24,34.7813,116.17,35.7263,115.388,2
139,8340,32,-16.9255,13.7894,10.3755,104.826,10.0211,104.472,10.0201,105.205,10.7337,105.163,10.769,104.424,1
139,8340,37,-35.1592,18.8283,-11.3919,-70.3347,-11.0594,-69.7647,-10.8433,-70.8269,-11.7237,-70.8435,-12.0501,-69.7679,1
139,8340,48,-27.5881,-14.4602,-9.6668,-44.1399,-8.95147,-44.0919,-9.65929,-44.716,-10.3009,-44.1958,-9.65157,-43.5305,1
139,8340,50,34.5418,1.69829,14.9461,-54.361,15.6262,-54.2401,14.8921,-55.1463,14.1785,-54.4989,14.9855,-53.66,1
139,8340,55,18.1793,-23.6509,-20.4124,128.078,-20.4734,127.467,-21.1276,128.029,-20.3822,128.686,-19.7737,128.096,1
139,8340,68,24.5596,3.48677,-25.4784,144.433,-25.5201,143.838,-26.0312,144.554,-25.4284,145.079,-24.9604,144.327,11
139,8340,77,8.96944,24.6328,-69.8207,83.0171,-69.413,81.8453,-70.1445,81.7423,-70.2377,84.4062,-69.498,84.354,1
139,8340,82,31.5501,-14.7564,7.13927,9.71121,7.65256,9.93932,7.36562,9.00653,6.59687,9.44513,6.9526,10.3304,1
139,8340,98,-30.4158,-6.2316,29.5549,8.16792,30.2355,8.14978,29.452,7.51481,28.9453,8.17928,29.6743,8.8785,10
139,8340,101,-6.33812,-20.0223,-78.526,68.6675,-78.0134,69.7186,-78.2359,66.5231,-78.9937,67.5083,-78.7733,70.8995,1
139,8340,107,-29.3783,-5.92636,63.8587,53.7074,64.3086,54.8385,64.2159,52.685,63.4494,52.7141,63.4712,54.8021,1
139,8340,116,-34.4394,-22.2631,20.2336,-97.2759,20.0625,-98.1746,19.6755,-97.1258,20.3547,-96.5125,20.8208,-97.4783,1
139,8340,124,-31.6461,22.1104,-70.4858,116.648,-69.8748,117.53,-70.1916,114.447,-71.0765,115.877,-70.8215,119.288,1
139,8340,128,-28.3435,-6.72281,33.6234,-90.6949,33.1856,-91.3665,33.1938,-90.1811,34.0107,-90.0803,34.076,-91.2656,3
139,8340,147,-24.6445,-14.1704,-4.95684,127.586,-4.39893,128.027,-4.60997,127.122,-5.44901,127.18,-5.30212,128.085,1
139,8340,150,29.2851,8.43564,26.238,109.904,26.8486,109.839,26.0813,109.239,25.5566,109.984,26.3681,110.525,1
139,8340,155,-17.9799,-8.76543,-28.1684,-70.7479,-28.0983,-71.3861,-28.674,-70.8088,-28.2382,-70.1538,-27.6444,-70.6974,1
139,8340,161,-34.9109,14.3875,46.1679,104.514,46.8523,104.351,45.8927,103.532,45.5478,104.695,46.4635,105.676,1
139,8340,169,-23.0483,-3.14588,29.1335,7.67415,29.1912,6.99668,28.593,7.66676,29.0754,8.3013,29.709,7.67588,8
139,8340,174,35.7212,4.6023,-80.0161,158.38,-79.7635,162.074,-79.3925,156.111,-80.2537,153.954,-80.5637,160.599,1
139,8340,177,12.6833,15.0327,9.4944,-0.0410773,9.10325,-0.412509,9.13307,0.335092,9.9239,0.347502,9.8668,-0.405167,1
139,8340,178,20.8759,4.42879,44.497,1.66288,44.1345,1.09319,44.1064,2.22635,44.8854,2.27945,44.8694,1.1274,1
139,8340,180,-36.7205,-19.3375,53.685,164.961,54.5786,165.033,53.6286,163.942,52.9344,164.875,53.7732,166.074,1
139,8340,190,29.3587,-19.0044,6.6624,40.223,6.43101,39.6243,5.85961,40.5582,6.87311,40.8672,7.35115,39.9133,1
140,8400,0,-24.6842,8.93306,-1.20021,49.6289,-1.45992,49.0564,-1.74306,49.9502,-0.942685,50.1635,-0.598503,49.2829,1
140,8400,1,17.8798,-21.7707,29.1347,63.3485,28.8602,62.7537,28.4552,63.6233,29.3786,63.961,29.7361,63.075,1
140,8400,3,22.3707,9.70648,66.3619,-173.612,66.9756,-173.687,66.2753,-175.109,65.6915,-173.51,66.4172,-172.171,1
140,8400,8,28.8939,7.45147,-70.0983,16.277,-70.1326,14.3176,-70.7581,16.7406,-70.0283,18.449,-69.4841,15.9095,1
140,8400,33,32.9661,-11.7933,47.9317,108.056,47.576,107.381,47.4208,108.845,48.299,108.818,48.3672,107.342,1
140,8400,35,14.3698,15.5677,57.5801,-71.3366,57.9328,-70.6476,57.9342,-71.9689,57.1851,-72.0465,57.2137,-70.743,1
140,8400,42,30.7552,24.2047,-12.6204,118.43,-12.7767,117.666,-13.2326,118.604,-12.4062,119.322,-12.0249,118.306,1
140,8400,48,-20.6388,-6.29795,-13.7212,-41.9579,-13.1365,-41.9007,-13.6982,-42.5002,-14.2635,-42.0162,-13.7355,-41.3886,1
140,8400,55,24.4243,-8.33067,-16.7567,131.963,-16.7717,131.368,-17.4139,132.033,-16.7517,132.593,-16.1584,131.892,1
140,8400,68,22.8511,-23.2374,-24.4168,144.88,-24.4781,144.293,-25.1216,144.876,-24.3842,145.477,-23.7963,144.861,1
140,8400,81,-27.6603,13.0029,35.3479,-1.61833,35.8796,-1.38699,35.4739,-2.32312,34.8409,-1.81354,35.1899,-0.83455,1
140,8400,89,-28.2595,11.5854,57.7212,-116.169,57.8661,-117.206,57.1391,-116.31,57.5929,-115.197,58.3713,-115.986,1
140,8400,98,-30.3599,-19.7495,28.0115,9.93634,28.8021,9.81715,27.9202,9.29045,27.3255,10.0176,28.1367,10.6138,3
140,8400,101,17.2336,-23.5558,-82.2204,60.5551,-81.7711,62.6893,-81.7425,57.2788,-82.6351,58.0077,-82.6077,63.9485,1
140,8400,107,27.8944,4.57041,58.594,43.1975,59.0475,43.9036,58.8941,42.179,58.0884,42.4452,58.303,44.1165,2
140,8400,118,-25.4946,24.2948,52.6958,3.29318,53.1909,2.95972,52.4668,2.33889,52.2225,3.66272,52.9261,4.4154,1
140,8400,124,14.0281,19.3602,-75.1714,106.174,-74.6258,107.028,-74.9242,104.254,-75.7715,105.247,-75.4259,108.129,1
140,8400,145,-29.5462,-6.33865,62.3358,122.851,62.8531,123.955,62.6916,121.76,61.8674,121.886,61.9497,124.021,1
140,8400,150,-36.1758,1.83527,29.2247,116.981,29.97,117.045,29.0975,116.222,28.5644,116.932,29.3664,117.845,2
140,8400,155,37.5734,-8.9537,-30.1599,-63.9032,-29.9888,-64.646,-31.0143,-63.914,-30.3659,-63.0712,-29.4256,-63.9012,2
140,8400,161,-40.2689,4.50652,45.7079,108.262,46.5474,108.128,45.3712,107.269,44.9807,108.392,46.0916,109.441,1
140,8400,169,-20.3189,-9.17961,31.0088,10.451,31.0536,9.7576,30.4849,10.4217,30.9565,11.0897,31.5549,10.4678,1
140,8400,177,31.8909,20.9336,14.162,1.86508,13.6114,1.34106,13.778,2.40634,14.8207,2.4633,14.5507,1.37641,8
140,8400,185,-36.8389,-6.7591,-45.1628,-18.2692,-45.1375,-19.3525,-45.7663,-18.0791,-45.1803,-17.3275,-44.4884,-18.4968,1
141,8460,15,-36.0416,9.29467,-4.55536,61.7318,-4.47181,61.0422,-5.23572,61.8223,-4.61369,62.3535,-3.76937,61.6354,1
141,8460,17,-18.8493,8.16166,44.0104,120.705,44.1769,120.026,43.515,120.512,43.8553,121.358,44.5407,120.925,1
141,8460,21,14.3967,24.2744,35.8275,96.7383,35.4876,96.2145,35.4053,97.0614,36.22,97.3057,36.2721,96.4346,4
141,8460,32,-15.2791,-10.7354,15.8488,104.166,15.4404,103.812,15.5341,104.543,16.2245,104.506,16.1604,103.773,1
141,8460,37,-37.38,9.23198,-17.9588,-70.7786,-17.587,-70.1466,-17.4848,-71.3163,-18.3028,-71.3354,-18.5129,-70.1558,1
141,8460,82,-14.4005,21.9939,-0.683273,17.9955,-0.208526,18.1472,-0.478206,17.4975,-1.17146,17.8659,-0.928582,18.5352,1
141,8460,89,35.3546,2.36158,54.3529,-106.28,54.5904,-107.286,53.6682,-106.45,54.073,-105.154,54.9618,-106.112,1
141,8460,95,21.0511,23.3553,28.8559,-111.467,28.8761,-112.171,28.313,-111.519,28.8532,-110.672,29.3926,-111.379,1
141,8460,98,38.8209,7.20604,18.4644,10.0651,19.2024,10.1007,18.2642,9.27818,17.6027,10.0286,18.6232,10.7635,1
141,8460,99,37.1151,-15.0179,-5.22855,34.0085,-4.60063,34.1534,-5.19507,33.1081,-5.91696,33.8182,-5.24284,34.7728,1
141,8460,129,38.2575,6.14154,74.6203,-50.5118,74.632,-53.4779,73.8137,-49.738,74.5602,-47.0741,75.3316,-51.2037,2
141,8460,133,27.1914,1.13184,39.8362,63.2139,40.4339,63.1433,39.6853,62.3963,39.1837,63.2878,39.9663,63.9706,1
141,8460,134,-31.7792,15.5675,16.6053,97.9902,17.2441,98.2061,16.7128,97.2442,16.004,97.817,16.4617,98.8452,1
141,8460,145,-31.3737,11.1906,56.7133,123.685,57.1397,124.663,57.1647,122.709,56.2991,122.826,56.1832,124.753,1
141,8460,177,37.9485,-0.772073,15.5154,2.48148,15.1041,1.88133,15.0067,3.15015,15.978,3.175,15.9604,1.89848,3
141,8460,186,28.2622,-9.52776,-14.5576,12.1048,-14.6862,11.5744,-15.1542,12.3313,-14.4318,12.6759,-14.0243,11.8954,1
141,8460,199,34.0587,-22.1848,-21.2163,31.3576,-21.443,30.6594,-22.1791,31.7843,-21.0162,32.1198,-20.4172,30.9813,1
142,8520,1,22.2879,-20.8145,36.0462,66.3655,35.8083,65.6881,35.3192,66.6591,36.2546,67.0737,36.6833,66.0755,1
142,8520,3,16.5512,24.6061,59.9286,-159.809,60.5867,-159.721,60.0231,-160.974,59.1896,-159.846,59.7876,-158.646,1
142,8520,17,19.9382,0.530149,42.4506,126.35,42.6371,125.713,41.9426,126.131,42.2481,127.021,42.9294,126.562,1
142,8520,21,24.0668,-7.08236,36.6293,97.8282,36.3931,97.2758,36.1431,98.2073,36.8683,98.4224,37.0711,97.4709,5
142,8520,29,-31.4144,11.9947,-31.4243,78.7413,-31.6579,78.0977,-31.9387,79.1365,-31.1897,79.3255,-30.8332,78.3088,1
142,8520,37,-29.1803,-24.5476,-18.2485,-72.0786,-17.6225,-71.538,-17.8622,-72.507,-18.7685,-72.5627,-18.618,-71.6055,1
142,8520,42,27.4758,-8.36558,-9.18644,120.135,-9.20411,119.561,-9.85108,120.228,-9.1797,120.75,-8.58809,120.044,1
142,8520,47,34.6772,-2.76127,4.97558,-64.3508,5.60635,-64.1961,4.98287,-65.1087,4.27163,-64.5316,4.96788,-63.6807,1
142,8520,74,-25.8495,19.7709,9.31134,-2.85592,9.82691,-2.54949,9.62103,-3.45514,8.79926,-3.12475,8.93919,-2.18652,1
142,8520,81,-32.2132,23.1131,28.1225,3.76026,28.6737,4.05404,28.3616,2.98781,27.5855,3.52397,27.8119,4.65536,1
142,8520,105,31.9413,18.973,57.6106,-117.992,57.1753,-119.035,57.1605,-117.165,58.1216,-116.772,58.0486,-118.744,1
142,8520,124,8.82194,-23.1366,-78.0557,113.041,-77.498,113.71,-77.7537,110.358,-78.5844,112.201,-78.2878,115.666,1
142,8520,134,-37.6265,-11.6042,16.5695,98.8437,17.4871,99.0294,16.5396,98.1156,15.7898,98.6772,16.6263,99.6581,1
142,8520,144,31.596,-13.9323,82.2833,21.377,82.6695,17.5613,81.5809,18.3042,81.814,24.9505,82.8828,24.4591,1
142,8520,145,-34.5233,-8.82322,55.2248,124.32,55.8066,125.388,55.597,123.342,54.7149,123.406,54.8194,125.4,1
142,8520,151,16.4266,-8.40532,-4.39172,144.221,-3.88887,144.246,-4.36883,143.665,-4.90896,144.185,-4.40574,144.742,1
142,8520,155,20.8239,-12.803,-23.8053,-59.6999,-23.7592,-60.268,-24.4149,-59.7564,-23.867,-59.1135,-23.2473,-59.6609,1
142,8520,163,33.0556,5.39754,-13.2203,167.807,-12.5701,167.881,-13.2915,167.106,-13.9543,167.727,-13.1643,168.443,1
142,8520,174,-22.7295,-12.0824,-87.6759,-85.6443,-87.2414,-96.3365,-88.0904,-95.1487,-87.9832,-72.4945,-87.1889,-79.1989,2
142,8520,177,31.4463,-24.7634,16.6077,1.36652,16.2203,0.863813,15.8602,1.94245,16.9749,1.92403,17.2227,0.856261,2
142,8520,186,35.5243,12.7146,-9.5108,15.2547,-9.72113,14.6015,-10.0693,15.6001,-9.25414,16.007,-8.9933,14.9601,1
142,8520,187,37.1624,7.15102,22.0999,31.4397,21.9702,30.7291,21.4756,31.7765,22.2505,32.2604,22.661,31.1501,1
142,8520,189,23.7946,11.3725,61.4055,124.605,61.8797,124.059,61.1127,123.693,60.886,125.204,61.6672,125.505,1
143,8580,3,-17.5152,-22.1923,62.7289,-155.584,63.4451,-155.392,62.8812,-156.83,62.0892,-155.797,62.5965,-154.339,1
143,8580,9,-22.1661,18.9725,-24.0273,42.2889,-24.2623,41.6773,-24.6337,42.5839,-23.7699,42.8716,-23.3389,41.9831,1
143,8580,16,35.1896,3.60138,22.7098,95.9277,22.7908,95.233,22.0178,96.0157,22.6147,96.7149,23.3289,95.8571,1
143,8580,17,-23.9623,-3.95162,47.3363,128.233,47.5633,127.445,46.8406,127.997,47.12,128.953,47.8662,128.481,1
143,8580,21,-12.1568,-24.3888,39.5279,94.4243,39.1344,93.8595,39.0836,94.7428,39.8661,94.9607,39.9451,94.0812,3
143,8580,36,4.4835,18.5317,9.98748,-74.1034,10.3337,-73.7538,10.3506,-74.4211,9.60836,-74.4597,9.6004,-73.7905,1
143,8580,42,22.1692,24.7642,-3.24638,123.849,-3.39842,123.208,-3.80675,123.949,-3.04609,124.572,-2.68303,123.784,1
143,8580,47,-18.9216,-4.10504,5.30732,-58.2082,5.86779,-58.1311,5.35148,-58.7291,4.78196,-58.2832,5.26636,-57.6619,1
143,8580,70,-35.9426,-14.2418,26.5823,-175.768,26.224,-176.693,26.0299,-175.363,26.8719,-174.968,27.1739,-176.247,1
143,8580,74,-36.4418,-13.1307,9.60226,-1.75688,10.4167,-1.36081,9.76629,-2.41449,8.91089,-2.10419,9.44564,-1.022,1
143,8580,82,0.524492,-24.159,-4.40297,18.0402,-3.87931,18.1355,-4.18088,17.5515,-4.89063,17.9275,-4.58966,18.5077,1
143,8580,95,33.8024,-20.8557,29.4893,-108.205,29.6716,-108.873,28.6261,-108.45,29.2538,-107.506,30.2256,-108.016,1
143,8580,118,-32.6089,-19.6761,50.6864,13.7283,51.4091,13.2471,50.4416,12.9424,50.0582,14.1047,50.9705,14.5545,1
143,8580,133,31.9329,-5.89337,35.1866,68.9281,35.8182,68.9575,35.0786,68.0196,34.4934,68.8816,35.2806,69.7372,1
143,8580,141,-18.7801,-16.3777,-15.8307,-59.2916,-16.2896,-59.7857,-16.2507,-58.9116,-15.4234,-58.8326,-15.417,-59.6938,1
143,8580,145,-30.144,-24.4207,53.2677,123.268,54.034,124.179,53.6534,122.42,52.6261,122.487,52.8968,124.182,1
143,8580,147,-31.6645,-22.9663,-18.5908,128.716,-17.7972,129.264,-18.2352,128.151,-19.2491,128.227,-18.9259,129.34,1
143,8580,155,31.1283,-0.839804,-21.2816,-55.2661,-21.2128,-55.9073,-21.9513,-55.2146,-21.359,-54.5579,-20.677,-55.3101,1
143,8580,166,-36.2052,10.2894,-32.8358,-64.1873,-32.5357,-64.9732,-33.554,-64.3334,-33.0838,-63.4677,-32.0046,-64.0102,1
143,8580,168,-36.8629,-12.8672,14.8642,-11.6194,14.8526,-12.5389,14.2207,-11.4733,14.8604,-10.8342,15.5733,-11.8096,2
143,8580,186,13.4132,-19.6901,-7.82579,13.2911,-8.0053,12.8316,-8.37025,13.4261,-7.66724,13.7535,-7.33017,13.1509,1
143,8580,199,5.46389,22.4637,-8.36702,31.6161,-8.67518,31.1098,-8.88552,31.8543,-8.01268,32.1462,-7.8147,31.3938,7
144,8640,16,24.0618,-6.79466,25.5448,96.9707,25.5991,96.3977,24.9529,96.9524,25.4753,97.5764,26.0876,96.982,1
144,8640,17,-6.49858,17.4239,47.8268,136.645,48.0446,135.999,47.399,136.273,47.6161,137.312,48.2708,137.069,1
144,8640,23,-39.7117,-1.72576,61.8951,-102.123,62.4971,-101.004,62.1477,-103.456,61.3666,-103.05,61.5962,-100.609,1
144,8640,31,-13.7107,23.922,-5.65656,104.651,-6.0319,104.313,-6.06562,105.018,-5.25458,104.975,-5.18856,104.264,1
144,8640,42,26.3779,0.867823,-2.45085,124.762,-2.48665,124.191,-3.05463,124.881,-2.41296,125.383,-1.89275,124.655,2
144,8640,47,-30.5503,-7.156,3.39571,-55.3557,4.09469,-55.2396,3.40355,-55.9509,2.77251,-55.4644,3.39954,-54.708,1
144,8640,61,-40.0661,-2.7929,58.5973,-98.126,59.3502,-98.8728,58.097,-99.0674,57.9483,-97.5069,59.1726,-97.0218,1
144,8640,71,-11.095,24.6754,62.6977,-138.151,62.705,-139.34,62.1177,-138.352,62.7103,-136.92,63.3314,-137.861,1
144,8640,108,30.7304,5.61303,7.6317,48.2215,8.06372,48.6631,7.99681,47.6919,7.14604,47.7321,7.28907,48.7001,1
144,8640,119,-34.6788,-5.36101,23.9759,54.2797,24.6634,54.408,23.9475,53.6427,23.3704,54.1649,24.015,54.9876,1
144,8640,120,-37.5747,11.558,53.7542,86.4321,54.2247,87.5257,54.2418,85.3319,53.3073,85.5018,53.1602,87.6802,1
144,8640,128,-35.4547,5.07389,53.616,-90.8232,53.2146,-91.9337,53.1011,-89.9596,53.9756,-89.8243,54.1982,-91.8337,2
144,8640,132,-34.3975,-12.2842,56.6997,30.041,57.4196,29.1911,56.2587,29.1694,56.0665,30.7342,57.1949,30.9919,1
144,8640,135,-33.8614,3.3866,-19.7976,125.582,-19.0788,125.75,-19.8046,124.856,-20.4444,125.439,-19.7865,126.402,1
144,8640,139,27.7736,17.3485,-7.14863,-76.2823,-7.27816,-76.957,-7.74697,-76.1056,-6.98165,-75.5193,-6.57271,-76.4238,1
144,8640,149,-10.1859,-16.1622,-82.2014,-98.165,-82.2549,-102.534,-82.7429,-98.0544,-82.1271,-94.1341,-81.6657,-98.3894,1
144,8640,159,-4.95618,19.971,37.9106,94.865,38.3941,94.6759,37.8044,94.2232,37.416,95.0838,38,95.5551,7
144,8640,166,-27.8203,-4.06594,-32.5229,-61.5274,-32.3636,-62.2743,-33.092,-61.6031,-32.666,-60.8467,-31.9062,-61.4554,1
144,8640,186,36.6837,-19.4307,-5.76427,16.7101,-5.86625,16.1091,-6.61914,16.9764,-5.68825,17.3728,-5.05059,16.4703,1
144,8640,188,-20.1758,-20.0539,58.0166,59.4538,57.9948,58.2858,57.5156,59.39,58.0095,60.5039,58.5247,59.4736,1
144,8640,189,-32.7592,-18.6357,64.2478,137.931,64.9917,137.317,64.0176,136.746,63.601,138.399,64.5119,139.196,1
144,8640,199,22.0351,-15.6729,-9.04944,32.9347,-9.29674,32.3949,-9.70325,33.2287,-8.81464,33.5006,-8.46615,32.6562,7
145,8700,14,-37.6448,16.4479,-19.0349,46.6516,-18.8626,45.9271,-19.8028,46.6557,-19.159,47.3133,-18.1242,46.6648,1
145,8700,17,34.7066,6.54328,44.8574,142.011,45.2398,141.264,44.2314,141.647,44.4197,142.854,45.4155,142.361,2
145,8700,23,-17.683,-21.3336,59.2533,-106.091,59.8135,-105.639,59.4982,-106.945,58.754,-106.518,59.0248,-105.226,1
145,8700,27,-5.40453,23.698,-79.7898,-15.4508,-79.3895,-16.9864,-80.0112,-18.0299,-80.1852,-13.598,-79.5495,-12.7333,1
145,8700,31,0.886042,-18.5044,-5.51174,105.619,-5.90683,105.31,-5.87954,105.968,-5.14368,105.929,-5.17256,105.275,1
145,8700,42,29.0925,-15.4081,-1.00023,126.055,-1.01321,125.475,-1.74715,126.118,-1.01094,126.67,-0.344105,125.985,1
145,8700,47,-37.9782,-12.0972,1.57061,-52.891,2.47351,-52.7444,1.52213,-53.5676,0.804732,-53.0252,1.65089,-52.1349,1
145,8700,71,35.5456,8.50713,60.3834,-128.517,60.5708,-129.936,59.6467,-128.551,60.156,-126.901,61.0447,-128.452,1
145,8700,81,32.8975,23.0168,15.2061,3.4424,15.924,3.58791,15.257,2.8053,14.3537,3.29732,15.1188,4.03802,3
145,8700,97,34.1632,20.3014,30.9927,-7.35175,31.7264,-7.5604,30.7367,-8.05849,30.1327,-7.08467,31.1943,-6.67747,1
145,8700,100,21.1592,12.9922,-68.6442,52.8068,-68.2223,53.8077,-68.3046,51.664,-69.1077,51.6919,-68.9771,53.9159,1
145,8700,118,-33.679,14.7127,45.0157,27.351,45.6271,27.3797,44.9103,26.4437,44.4528,27.356,45.1144,28.4049,1
145,8700,119,-29.4213,-0.52586,20.2844,56.4608,20.87,56.5766,20.2953,55.885,19.7506,56.3579,20.2733,57.0916,1
145,8700,120,-24.3509,3.19199,50.9265,83.7307,51.3818,84.4044,51.2732,82.9649,50.4939,83.1198,50.5436,84.5468,1
145,8700,132,-38.8019,-6.8475,56.2273,37.6492,57.0818,37.0292,55.7779,36.6255,55.4927,38.1526,56.7428,38.8232,1
145,8700,139,27.7232,20.6906,-3.80074,-74.0869,-3.95633,-74.7797,-4.39999,-73.9128,-3.59858,-73.2967,-3.21723,-74.2218,1
145,8700,157,33.5422,6.85472,32.8225,6.30453,33.0228,5.55789,32.1458,6.23003,32.5947,7.1491,33.4341,6.38756,1
145,8700,159,18.3759,19.7437,34.175,97.4141,34.7254,97.2033,34.0274,96.7969,33.5716,97.6671,34.2946,98.0366,3
145,8700,189,15.1023,-24.0905,58.7847,139.663,59.2696,139.364,58.7156,138.496,58.3005,139.898,58.859,140.713,1
145,8700,199,-3.38632,-23.9808,-5.45842,31.1754,-5.81903,30.6496,-6.02961,31.3906,-5.145,31.6779,-4.92795,30.9461,1
146,8760,0,-11.9307,16.8663,20.7499,55.6722,20.4834,55.1491,20.2287,55.9466,21.0345,56.1894,21.3188,55.3921,1
146,8760,10,31.4973,21.1133,-10.3968,-105.971,-9.69325,-105.959,-10.4507,-106.59,-11.2174,-105.963,-10.3782,-105.385,1
146,8760,16,-40.6144,3.44988,35.9723,99.0019,36.1809,98.0218,35.2361,99.0707,35.7953,99.8494,36.8336,98.918,2
146,8760,20,19.0145,15.7541,18.3553,91.9203,18.0409,91.4775,17.9607,92.2398,18.71,92.3979,18.752,91.6208,1
146,8760,27,-3.62797,19.624,-80.1109,3.89054,-79.8241,1.72644,-80.4665,1.96518,-80.3771,6.3322,-79.7352,5.86346,1
146,8760,32,-36.8404,0.056014,35.5035,98.6514,35,97.9971,35.163,99.3253,35.9468,99.2307,35.8819,97.8758,3
146,8760,47,-24.417,15.2034,-4.70908,-50.3718,-4.14871,-50.251,-4.62299,-50.9768,-5.25055,-50.4674,-4.81967,-49.6993,2
146,8760,50,32.4829,17.9982,-6.62624,-38.0208,-5.87079,-37.9511,-6.6685,-38.707,-7.50691,-38.0817,-6.61761,-37.3808,1
146,8760,67,1.02239,23.59,-30.0782,135.29,-30.1482,134.705,-30.5857,135.286,-29.9767,135.908,-29.5409,135.323,1
146,8760,76,40.2884,1.51408,-68.7357,45.8803,-67.9597,45.9449,-68.9848,43.5274,-69.6404,45.7847,-68.5033,47.8731,2
146,8760,81,38.4435,-10.3954,14.6298,2.69392,15.2062,2.98795,14.803,1.83749,13.9903,2.34513,14.4869,3.42541,6
146,8760,82,-35.0366,14.8369,-15.9793,27.6221,-15.3967,27.9239,-15.8057,26.924,-16.5214,27.3674,-16.1926,28.4318,1
146,8760,97,-22.9146,9.03869,34.0095,-1.55494,34.559,-1.59335,33.9272,-2.21462,33.4876,-1.50511,34.0873,-0.831948,1
146,8760,98,-35.1016,-20.6307,12.6547,25.9435,13.5744,25.9087,12.5765,25.3114,11.879,25.9528,12.777,26.6214,1
146,8760,124,38.6653,7.83186,-82.453,-105.109,-82.7817,-110.839,-83.0254,-100.276,-81.9775,-99.0824,-81.8992,-108.68,1
146,8760,139,34.0491,-3.74893,-3.37062,-73.0494,-3.38962,-73.7124,-4.1243,-72.8591,-3.35891,-72.3103,-2.70432,-73.2181,1
146,8760,159,9.34139,-23.0575,34.9844,97.4806,35.4938,97.2789,34.9223,96.7567,34.484,97.6435,35.0594,98.1429,3
146,8760,179,-35.4215,-19.4881,75.3424,-169.185,75.8607,-165.998,75.8234,-170.918,74.8886,-171.743,74.8315,-167.31,1
146,8760,199,30.639,-1.15856,-0.819832,36.1711,-1.06513,35.5574,-1.44652,36.5647,-0.554242,36.8501,-0.253264,35.8178,1
147,8820,0,22.0883,12.0651,22.9684,59.8819,22.6745,59.2867,22.4564,60.2281,23.2997,60.5323,23.4681,59.563,1
147,8820,14,-36.7902,-15.9908,-16.2652,49.199,-16.2866,48.2819,-16.8791,49.3287,-16.2579,49.9771,-15.5944,49.0255,1
147,8820,16,40.2365,-1.60557,31.5202,108.03,31.7427,107.24,30.6808,108.031,31.2486,108.935,32.2419,108.034,1
147,8820,20,-12.8234,19.3012,22.8414,89.678,22.5673,89.2488,22.4063,89.9641,23.1339,90.1001,23.3226,89.3823,1
147,8820,27,5.99885,24.8956,-79.4332,28.2302,-79.3474,25.4897,-79.9014,27.3918,-79.4745,31.257,-78.9475,29.1657,1
147,8820,36,-19.2334,-6.21214,-3.17007,-73.7408,-2.80743,-73.3395,-2.82071,-74.0845,-3.50493,-74.1186,-3.52927,-73.3763,1
147,8820,45,-30.9764,17.7039,45.5953,-101.808,46.2308,-101.834,45.4797,-102.796,45.0007,-101.745,45.6992,-100.661,1
147,8820,46,14.9853,-11.8704,20.1004,-75.7301,20.6108,-75.6924,20.1557,-76.3344,19.5824,-75.7828,20.0574,-75.1657,1
147,8820,47,24.1896,4.78596,-9.65354,-52.485,-9.0953,-52.3979,-9.62828,-53.0761,-10.2608,-52.5765,-9.68347,-51.9305,1
147,8820,50,36.505,0.241765,-8.32892,-37.6199,-7.6356,-37.4434,-8.34489,-38.439,-9.1163,-37.8266,-8.31871,-36.8992,1
147,8820,54,19.6217,-3.61134,-23.457,123.398,-23.4676,122.803,-24.0481,123.45,-23.4491,124.023,-22.9035,123.347,1
147,8820,58,-26.9268,9.90485,46.8434,-88.5123,47.4622,-88.6385,46.6745,-89.4012,46.265,-88.3752,47.0137,-87.5145,2
147,8820,67,-33.9518,-4.33692,-26.9127,133.171,-26.8863,132.369,-27.5106,133.292,-26.9339,133.882,-26.2502,133.029,1
147,8820,73,-15.1202,12.6366,25.7133,-12.161,26.1968,-11.9151,25.9325,-12.7164,25.2308,-12.3862,25.4641,-11.572,1
147,8820,81,4.01191,-21.3152,13.6189,7.11426,14.1157,7.21818,13.8218,6.6111,13.1472,6.99418,13.4459,7.59269,1
147,8820,106,39.3792,2.23388,67.7328,33.2634,68.3205,34.4133,67.9655,31.1884,67.0435,31.9948,67.5013,35.0261,1
147,8820,115,-33.4378,-2.32892,17.4565,-101.414,17.4397,-102.105,16.8965,-101.276,17.4697,-100.798,18.0771,-101.575,1
147,8820,127,-27.6518,20.1021,30.5099,-92.9623,30.1669,-93.5807,29.9324,-92.4729,30.8628,-92.3866,31.1834,-93.5091,2
147,8820,139,31.2543,-14.7916,-1.09991,-72.0935,-1.12074,-72.7118,-1.90546,-71.9855,-1.10368,-71.4282,-0.39889,-72.2013,1
147,8820,140,33.2393,9.30664,-34.4945,-55.9201,-34.9463,-56.5929,-34.937,-55.2351,-33.9682,-55.168,-34.0753,-56.5242,1
147,8820,141,35.0597,-6.64084,-0.440017,-53.506,-0.80277,-54.0808,-1.02988,-52.9178,-0.0488147,-52.8573,0.0726927,-54.0227,1
147,8820,146,-34.1181,-12.5375,1.10303,126.319,1.75076,126.893,1.45335,125.76,0.549693,125.813,0.740264,126.944,1
147,8820,148,16.7955,11.6992,-73.5301,131.671,-73.0577,132.769,-73.2247,130.051,-74.0394,130.453,-73.8284,133.283,1
147,8820,166,-35.7646,-7.79681,-25.2616,-52.9948,-25.1208,-53.8783,-25.9114,-52.9572,-25.3849,-52.2258,-24.5381,-53.0545,1
147,8820,189,-25.3701,-11.3803,56.1349,155.934,56.7464,155.914,56.0929,155.021,55.5822,155.936,56.1869,156.898,1
147,8820,199,39.0339,8.89695,3.51501,38.6746,3.19963,37.8836,2.84484,39.2326,3.89218,39.6051,4.11728,38.1999,1
148,8880,0,18.6144,18.534,27.2686,60.7293,26.9494,60.1188,26.76,61.053,27.6359,61.3964,27.7829,60.4318,1
148,8880,16,-19.8463,1.99863,38.6724,107.657,38.7742,106.991,38.1696,107.577,38.5755,108.287,39.2072,107.745,1
148,8880,32,-31.5804,-7.49055,42.3812,98.0439,41.8652,97.4433,42.0806,98.6926,42.8339,98.5917,42.6943,97.3198,2
148,8880,36,-28.3515,-21.3856,-5.43094,-73.1616,-4.87048,-72.6584,-5.05449,-73.5611,-5.90433,-73.6137,-5.79884,-72.723,1
148,8880,38,5.86958,21.6119,-80.7109,-95.8437,-80.4586,-93.177,-80.2573,-96.9381,-80.9771,-98.8009,-81.1866,-94.7252,1
148,8880,47,-26.223,7.13659,-9.83809,-46.4653,-9.25225,-46.3469,-9.79669,-47.0613,-10.3881,-46.5661,-9.88845,-45.8096,2
148,8880,54,34.1171,16.3376,-20.0557,128.752,-20.1285,127.934,-20.7354,128.969,-19.948,129.704,-19.4228,128.585,1
148,8880,67,32.6639,24.2274,-25.7473,143.273,-25.9073,142.45,-26.3457,143.484,-25.5251,144.238,-25.1689,143.118,4
148,8880,78,-38.4036,8.93898,-20.2017,163.669,-20.318,162.829,-20.9048,164.03,-20.0768,164.408,-19.3744,163.257,1
148,8880,82,-31.7084,1.40532,-21.5172,30.0604,-20.9176,30.2923,-21.4269,29.4402,-22.061,29.8532,-21.6134,30.7505,1
148,8880,97,-33.6968,11.4074,29.9629,6.09326,30.6216,6.17563,29.8917,5.31639,29.3596,6.04031,30.0282,6.98653,2
148,8880,115,-36.5832,3.13133,21.0934,-99.1188,21.1264,-99.857,20.4758,-98.9749,21.0688,-98.4637,21.7975,-99.2844,1
148,8880,118,-21.1317,-3.19388,37.8631,35.5364,38.389,35.5166,37.8135,34.9281,37.3719,35.5524,37.9166,36.1796,1
148,8880,120,7.90403,-20.0463,41.614,80.2369,42.0835,80.6447,42.0212,79.6321,41.1688,79.8203,41.2476,80.8104,1
148,8880,124,-20.3233,-2.03172,-74.1747,-122.96,-74.3027,-125.122,-74.7059,-122.33,-74.0363,-120.966,-73.6122,-123.596,1
148,8880,127,22.696,9.52877,32.4006,-87.0541,32.0446,-87.6258,31.9518,-86.5929,32.7943,-86.4302,32.8352,-87.4856,1
148,8880,139,33.3388,-21.7131,1.02021,-70.4236,1.00551,-71.0695,0.0669633,-70.3596,0.992588,-69.7337,1.82421,-70.4994,1
148,8880,141,37.8756,-12.2166,2.53988,-53.0884,2.18977,-53.7097,1.83052,-52.4329,2.90714,-52.3778,3.13454,-53.6525,1
148,8880,143,33.3215,-17.7774,72.4813,-31.355,72.3494,-33.4637,71.6064,-30.5459,72.5638,-29.0326,73.2222,-32.1696,1
148,8880,155,-29.3338,-24.1597,-5.61104,-48.752,-5.72854,-49.5967,-6.19687,-48.7044,-5.53265,-48.0269,-5.00759,-48.8422,1
148,8880,158,-18.0484,10.2177,46.9102,66.7906,47.3634,66.3997,46.6196,66.1386,46.4755,67.1785,47.2112,67.5085,1
148,8880,160,38.0299,5.8263,40.2854,94.6484,40.9749,94.3135,39.8129,93.8363,39.4858,95.0315,40.6867,95.3845,1
148,8880,168,-3.53407,22.404,27.9536,7.01213,27.9663,6.4216,27.4276,6.91965,27.9622,7.63157,28.5121,7.13858,2
148,8880,173,38.1743,7.89873,-78.2973,157.29,-78.0036,160.689,-77.6709,155.028,-78.5919,153.134,-78.8457,159.429,1
148,8880,177,20.1681,-17.8646,40.2619,-0.8777,39.8984,-1.40017,39.7469,-0.346362,40.612,-0.319446,40.7143,-1.38135,1
148,8880,186,22.6282,10.8179,11.3728,22.1587,11.2009,21.6475,10.8957,22.3684,11.569,22.7157,11.8338,21.9696,1
148,8880,192,30.4963,11.2421,56.0101,176.81,56.7167,176.968,55.9716,175.569,55.2081,176.658,56.0152,177.961,1
148,8880,198,-27.6949,3.74831,-25.365,20.3566,-25.5754,19.6431,-25.9393,20.68,-25.1606,21.0101,-24.7313,20.0061,1
148,8880,199,38.886,8.65678,7.01945,39.5696,6.7119,38.7769,6.34585,40.1215,7.38571,40.5016,7.6243,39.0992,1
149,8940,2,21.387,22.2408,67.0951,-177.632,67.7666,-177.937,67.0032,-179.168,66.3408,-177.245,67.1381,-176.094,1
149,8940,47,-22.7454,-12.2683,-11.534,-45.7855,-10.8968,-45.7423,-11.5109,-46.3347,-12.1123,-45.8359,-11.5403,-45.212,1
149,8940,54,29.0091,24.362,-16.0818,131.053,-16.2318,130.268,-16.7083,131.208,-15.8741,131.964,-15.4685,130.948,1
149,8940,58,27.1401,-1.79024,38.9944,-85.5646,39.5856,-85.6674,38.8165,-86.3823,38.3524,-85.4611,39.1518,-84.8125,1
149,8940,67,31.963,-3.11187,-24.9819,143.5,-24.9942,142.851,-25.6421,143.656,-24.9724,144.215,-24.3905,143.36,10
149,8940,71,15.5384,-20.576,67.2159,-106.026,67.5001,-107.236,66.7175,-107.071,66.9031,-104.887,67.6751,-105.079,1
149,8940,79,-26.3907,8.86837,15.9784,179.718,15.7892,179.117,15.427,179.988,16.1666,-179.721,16.5913,179.427,1
149,8940,81,30.9243,-21.9251,6.09921,7.83232,6.62028,8.04921,6.40583,7.08437,5.56489,7.57159,5.85393,8.48061,1
149,8940,88,-39.2444,5.79263,57.3515,-123.339,57.5476,-124.699,56.6422,-123.287,57.1796,-122.151,58.1779,-123.397,1
149,8940,97,-38.9034,-0.970439,28.8537,8.51172,29.6669,8.60541,28.7103,7.72862,28.148,8.436,29.0201,9.41217,5
149,8940,100,18.1406,22.4767,-84.5895,61.0491,-84.0648,63.7982,-84.2865,56.5108,-85.1691,57.5271,-84.8807,65.9484,1
149,8940,105,33.1358,-5.45988,80.0764,-93.6344,80.0394,-97.165,79.3675,-92.7575,80.063,-89.7233,80.7017,-94.5394,1
149,8940,106,20.4072,10.9907,60.1178,42.0224,60.5582,42.6775,60.4041,41.1096,59.6292,41.3461,59.8249,42.8723,1
149,8940,116,-34.0436,-13.7859,47.3226,-65.1025,47.4696,-66.1881,46.7569,-65.1504,47.1758,-64.1701,47.9405,-65.0829,1
149,8940,118,28.6241,2.76951,31.8186,35.7595,32.3597,35.7676,31.7348,35.0896,31.2238,35.7517,31.8876,36.3774,1
149,8940,123,-4.56479,-23.4854,-68.4644,102.765,-67.8844,103.328,-68.1371,101.457,-68.9918,102.153,-68.7435,104.084,1
149,8940,154,24.499,13.704,-28.7342,-67.0827,-28.6915,-67.7556,-29.2988,-67.0751,-28.7643,-66.3339,-28.1947,-67.0693,1
149,8940,160,-35.8792,-12.0211,46.773,100.479,47.573,100.04,46.4327,99.6789,46.0799,100.832,47.1635,101.358,1
149,8940,168,-17.8089,16.1575,31.0202,8.6524,31.0945,8.0367,30.4633,8.56237,30.9636,9.26083,31.6267,8.77075,1
149,8940,176,24.389,12.0594,10.9563,-1.35925,10.5367,-1.79109,10.5828,-0.910093,11.4279,-0.888652,11.3236,-1.77708,1
149,8940,177,30.4984,-3.55674,45.3328,0.721665,44.9766,0.0315128,44.8467,1.41806,45.7118,1.49436,45.7656,0.0836327,1
149,8940,186,14.6909,12.1697,15.1593,23.0168,14.9934,22.5378,14.7089,23.1899,15.346,23.5269,15.6071,22.8581,1
149,8940,198,34.9513,5.10898,-23.9085,28.5183,-24.1868,27.7617,-24.5441,29.0327,-23.5843,29.3767,-23.3314,28.0732,1
150,9000,0,-9.9972,15.9481,34.889,59.7322,34.6396,59.1335,34.3711,60.0186,35.1547,60.3293,35.4486,59.4412,1
150,9000,31,36.0705,19.1807,17.2152,106.826,16.6543,106.304,16.8793,107.425,17.8915,107.432,17.5496,106.292,1
150,9000,32,20.9476,-24.951,48.6934,103.612,48.2964,103.082,48.1529,104.255,49.0647,104.186,49.1522,103.008,1
150,9000,46,19.7258,-21.7587,11.9964,-69.909,12.5418,-69.8593,12.141,-70.592,11.4515,-69.9881,11.886,-69.2951,2
150,9000,47,-33.2975,14.9962,-15.7477,-40.6986,-15.0993,-40.5261,-15.6998,-41.44,-16.3506,-40.833,-15.8155,-39.8419,1
150,9000,54,31.7936,-13.1817,-16.6317,130.776,-16.6141,130.121,-17.4399,130.858,-16.6725,131.483,-15.9264,130.692,1
150,9000,67,36.2235,-19.6012,-23.7874,145.036,-23.767,144.357,-24.7014,145.128,-23.8442,145.776,-23.02,144.941,1
150,9000,88,-33.9655,23.3216,60.2281,-114.098,60.4702,-115.275,59.5035,-114.508,60.0287,-112.98,61.0801,-113.536,1
150,9000,97,-34.0944,16.1187,24.5514,12.3484,25.2023,12.4736,24.5363,11.5614,23.9485,12.2634,24.5471,13.2644,1
150,9000,98,37.1469,9.43313,-5.76667,32.2622,-5.0498,32.3398,-5.88513,31.5396,-6.60036,32.1797,-5.67754,32.9099,1
150,9000,106,30.4524,-14.4602,58.673,40.0679,59.1025,40.8146,59.1119,38.8968,58.2239,39.2553,58.2894,41.0863,1
150,9000,107,32.3429,-18.8808,23.4661,45.4486,23.8647,45.9333,24.0458,44.7944,23.0629,44.9098,22.9785,46.0195,8
150,9000,117,37.2261,11.5859,46.9607,-0.38295,47.5806,-0.814367,46.5238,-1.13137,46.2404,0.121083,47.3334,0.316922,1
150,9000,118,36.6209,-18.6596,30.0277,36.1356,30.6167,36.229,30.0218,35.1367,29.3879,35.996,30.0431,36.9786,1
150,9000,131,-38.8388,7.62895,58.0339,7.88696,58.6836,6.91526,57.3783,7.05221,57.4672,8.73854,58.7917,8.91208,1
150,9000,144,23.3549,-1.07285,59.5832,110.187,60.0491,110.857,59.8897,109.111,59.0825,109.484,59.2899,111.168,1
150,9000,154,31.3566,6.35633,-27.2928,-64.1043,-27.2164,-64.8053,-27.9397,-64.0523,-27.3697,-63.3163,-26.7006,-64.1393,1
150,9000,156,27.7054,-20.3388,21.6629,-13.5464,21.746,-14.1505,20.9082,-13.6838,21.5427,-12.9235,22.3243,-13.4456,1
150,9000,157,39.6086,6.70318,39.7319,26.9753,40.1607,26.1561,38.9594,26.6871,39.225,27.9251,40.403,27.2521,1
150,9000,160,7.91539,18.2702,39.9579,106.098,40.4486,105.849,39.8052,105.464,39.4399,106.382,40.0912,106.755,2
150,9000,167,27.0207,23.6195,6.36451,-12.5848,6.27676,-13.2825,5.77305,-12.5006,6.49089,-11.7815,6.94341,-12.6299,1
150,9000,168,-8.20148,-20.8326,30.5582,9.36481,30.5526,8.69048,30.0338,9.26059,30.5404,9.99002,31.0709,9.44086,1
150,9000,176,35.9157,0.613757,13.5837,-0.126161,13.1732,-0.686018,13.1076,0.491292,14.0445,0.513443,14.0075,-0.670804,1
150,9000,186,33.2001,-23.3022,14.6212,24.6632,14.5101,24.078,13.7758,24.8455,14.6974,25.2916,15.3308,24.4865,1
150,9000,198,25.8941,8.12625,-19.7426,28.35,-20.019,27.7329,-20.2861,28.7215,-19.4283,29.0249,-19.2253,28.0154,1
151,9060,20,7.9846,21.1957,37.5978,94.0346,37.2982,93.5316,37.1865,94.344,37.9343,94.5656,38.0319,93.7362,5
151,9060,31,13.5449,-20.7296,17.0297,104.108,16.6467,103.771,16.5939,104.505,17.3924,104.46,17.4153,103.729,1
151,9060,34,-36.2417,-19.9454,54.7925,-66.136,55.3479,-64.886,55.2226,-66.8943,54.3299,-67.1801,54.3456,-65.2823,1
151,9060,46,17.8338,-7.17608,8.05946,-66.6469,8.5703,-66.5738,8.12406,-67.2179,7.53087,-66.7315,8.00422,-66.1124,1
151,9060,54,33.1772,-18.2917,-14.344,132.712,-14.324,132.049,-15.2461,132.767,-14.3989,133.425,-13.5734,132.647,1
151,9060,67,18.2299,-19.9727,-19.2921,145.708,-19.3687,145.17,-19.9125,145.736,-19.2375,146.253,-18.7324,145.665,1
151,9060,73,-35.45,14.8399,12.0886,-4.86498,12.6672,-4.42754,12.3947,-5.58438,11.5458,-5.23877,11.714,-4.0324,1
151,9060,80,-34.8781,20.507,30.0523,0.658094,30.6255,0.995957,30.2692,-0.159694,29.506,0.384652,29.7683,1.61236,1
151,9060,94,-24.5901,16.8165,32.8297,-115.824,32.9475,-116.474,32.2341,-115.935,32.7351,-115.194,33.4939,-115.678,1
151,9060,98,38.8121,-2.56726,-7.73314,33.5159,-7.05333,33.6563,-7.81014,32.6864,-8.50922,33.345,-7.66702,34.2335,2
151,9060,117,27.6478,-24.6488,47.9414,0.183822,48.4268,-0.153453,47.6845,-0.873837,47.4275,0.474173,48.1758,1.0928,1
151,9060,118,29.4739,21.3764,25.157,42.8606,25.8006,42.8272,25.0884,42.245,24.4147,42.9226,25.1897,43.452,1
151,9060,144,-38.9484,-5.1216,57.1321,123.179,57.7136,124.513,57.5395,122.019,56.6232,122.068,56.6667,124.491,4
151,9060,150,40.2217,2.09491,-5.59192,139.22,-4.85528,139.35,-5.7241,138.382,-6.44971,139.064,-5.48533,139.945,1
151,9060,154,-31.3007,6.24028,-20.2808,-65.5963,-20.1498,-66.2726,-20.9075,-65.6043,-20.3879,-64.9747,-19.5783,-65.5825,1
151,9060,157,-32.686,5.40283,47.7642,28.7067,48.1727,27.9121,47.1871,28.2966,47.3968,29.4258,48.4108,29.1841,2
151,9060,159,-31.6873,-6.60196,25.6853,117.716,26.3966,117.719,25.586,117.065,25.0525,117.709,25.8028,118.429,1
151,9060,186,24.8984,-17.729,19.1247,25.7588,18.9986,25.2315,18.4897,25.9154,19.2311,26.3121,19.6863,25.6027,1
151,9060,195,39.4021,4.00537,-53.7174,-130.934,-52.9874,-130.288,-53.5591,-132.439,-54.5651,-131.72,-53.8526,-129.62,1
151,9060,198,29.0137,-7.22508,-17.893,29.1609,-18.1239,28.5417,-18.5469,29.546,-17.6537,29.8344,-17.3086,28.8129,1
152,9120,0,30.1704,-17.4104,37.1742,65.679,36.9847,64.9147,36.3669,66.0479,37.3396,66.5067,37.8687,65.3315,1
152,9120,2,11.895,15.7934,59.9564,-161.191,60.526,-161.016,60.0503,-162.287,59.342,-161.34,59.8342,-160.107,1
152,9120,9,-23.5947,6.48408,6.99943,48.974,6.73164,48.4078,6.47666,49.2949,7.26031,49.5042,7.57184,48.6283,1
152,9120,16,-40.1511,7.31234,48.8668,123.786,49.2886,122.768,48.138,123.516,48.5044,124.674,49.7223,124.12,1
152,9120,20,3.59678,-18.4508,38.1337,93.4715,37.8435,92.9754,37.6876,93.7688,38.3979,93.9674,38.5476,93.1682,1
152,9120,23,36.4197,-14.4253,31.8815,-104.643,32.3303,-104.17,32.306,-105.474,31.4019,-105.183,31.5247,-103.932,1
152,9120,31,-12.3077,-24.0883,20.3873,101.398,19.8884,101.048,20.0171,101.781,20.8271,101.737,20.7275,101.004,1
152,9120,41,-38.3196,6.78804,-2.48453,114.451,-2.41685,113.668,-3.21592,114.609,-2.52898,115.144,-1.63252,114.271,1
152,9120,57,-23.6253,14.5058,52.8315,-114.24,53.3569,-114.691,52.5072,-115.119,52.3349,-113.788,53.1709,-113.237,1
152,9120,70,-34.3243,7.8687,58.8386,-154.21,58.8392,-155.595,58.1548,-153.92,58.8401,-152.96,59.6203,-154.544,1
152,9120,73,-40.1366,3.68273,9.99101,-3.54907,10.6922,-3.03098,10.2168,-4.31217,9.37586,-3.98659,9.72609,-2.65707,1
152,9120,78,-35.0925,19.1583,-5.44694,169.496,-5.58495,168.799,-6.18891,169.798,-5.28443,170.13,-4.56126,169.161,1
152,9120,80,-23.0608,24.7026,25.9512,1.36862,26.46,1.56086,26.1764,0.723293,25.4364,1.21507,25.6671,2.09139,1
152,9120,81,-19.9008,-4.75288,-3.47983,17.2567,-2.96765,17.4229,-3.35369,16.781,-3.95734,17.098,-3.606,17.7575,1
152,9120,94,22.8122,-2.41157,30.5816,-111.234,30.692,-111.833,30.0111,-111.317,30.4569,-110.599,31.112,-111.157,1
152,9120,97,29.8746,-23.8789,17.7829,9.88466,18.3662,9.90976,17.8546,8.99981,17.1782,9.81649,17.7411,10.6421,1
152,9120,98,33.027,-24.9431,-8.17683,34.7174,-7.57267,34.8071,-8.02507,33.7817,-8.80593,34.5754,-8.27854,35.5061,1
152,9120,104,6.31728,21.7433,59.6843,-124.898,59.3209,-125.65,59.2747,-124.301,60.0861,-124.101,60.1205,-125.494,1
152,9120,117,-21.1141,17.3311,48.8181,13.0821,49.3053,12.9024,48.6793,12.2937,48.347,13.2836,48.9499,13.9656,1
152,9120,118,19.9793,4.96538,24.2366,45.0024,24.7246,45.0341,24.2288,44.4538,23.7138,44.9727,24.2364,45.5255,4
152,9120,123,10.587,-24.569,-79.2736,112.689,-78.703,113.321,-78.9688,109.558,-79.8153,111.845,-79.4985,115.733,1
152,9120,144,-32.4682,-10.0788,53.8628,121.42,54.4388,122.381,54.2261,120.518,53.3567,120.587,53.4743,122.406,1
152,9120,150,33.3345,11.1853,-8.33224,142.946,-7.6553,142.986,-8.42843,142.28,-9.10754,142.91,-8.26155,143.556,1
152,9120,173,30.0931,14.3429,-84.6557,26.3593,-85.3025,24.3719,-84.6826,33.1585,-83.9108,27.9697,-84.5426,20.1987,2
152,9120,188,34.8912,1.41629,59.8951,123.604,60.4686,123.163,59.5073,122.5,59.2462,124.079,60.2288,124.616,1
152,9120,190,-19.2865,12.3469,56.4731,56.5631,56.3551,55.521,55.8833,56.8179,56.5955,57.5744,57.1177,56.2994,1
152,9120,198,20.4337,6.79947,-12.6241,29.5635,-12.8874,29.0174,-13.1402,29.8782,-12.3332,30.1484,-12.1262,29.2729,1
152,9120,199,36.7068,16.2556,22.0155,43.7843,21.6715,42.9324,21.3827,44.299,22.4348,44.792,22.6065,43.3445,1
153,9180,15,-18.3522,-5.7525,27.0113,90.4467,27.017,89.8399,26.5177,90.4603,26.9992,91.0149,27.5253,90.4243,1
153,9180,16,-23.7468,9.91495,48.504,130.13,48.7709,129.412,48.0012,129.791,48.2571,130.815,49.0506,130.522,1
153,9180,23,37.8987,16.4596,24.9522,-103.335,25.5759,-102.881,25.1722,-104.053,24.2016,-103.852,24.7241,-102.7,1
153,9180,31,29.4877,18.4236,28.3094,104.827,27.8226,104.35,27.975,105.365,28.8773,105.363,28.6455,104.333,1
153,9180,41,-38.9134,-7.283,-0.739402,115.461,-0.762719,114.569,-1.40882,115.673,-0.723192,116.224,0.0159231,115.202,2
153,9180,46,-24.7159,14.5522,2.91493,-58.0769,3.47638,-57.9496,3.00226,-58.6796,2.37383,-58.179,2.80279,-57.4075,1
153,9180,60,-13.356,17.3073,55.6745,-101.412,56.082,-101.918,55.3905,-102.183,55.275,-100.887,55.962,-100.549,1
153,9180,81,-20.9529,-17.1632,-5.78089,18.3482,-5.1842,18.4838,-5.64633,17.8603,-6.31659,18.2109,-5.89781,18.8531,1
153,9180,88,-21.4143,-19.0296,62.2624,-100.255,62.4628,-101.546,61.7929,-100.676,62.057,-99.1242,62.7489,-99.8596,1
153,9180,94,32.0587,-19.1643,30.8558,-108.901,31.0335,-109.558,30.0565,-109.138,30.6314,-108.216,31.5472,-108.715,1
153,9180,97,-31.8689,-18.5207,18.9726,17.2627,19.7844,17.2184,18.9044,16.6451,18.2718,17.2826,19.0745,17.9186,1
153,9180,104,-24.6457,-7.41297,60.986,-130.615,60.5624,-131.536,60.6211,-129.808,61.3631,-129.745,61.3599,-131.508,1
153,9180,118,21.2292,-18.3146,22.8435,45.9608,23.3342,46,22.9226,45.3105,22.3443,45.8974,22.7853,46.5476,2
153,9180,123,-35.1049,-19.9982,-78.7069,144.656,-77.7545,143.214,-78.9602,141.425,-79.5086,145.966,-78.357,147.892,1
153,9180,127,36.1304,6.14529,50.1972,-81.3132,49.8678,-82.3548,49.6027,-80.52,50.5674,-80.1003,50.7313,-82.0203,2
153,9180,129,-35.2442,20.7199,54.8983,83.4517,55.3389,84.4787,55.4677,82.3453,54.4526,82.5693,54.1891,84.7003,1
153,9180,132,37.4476,0.535526,33.1367,67.8443,33.8631,67.9059,32.9577,66.8815,32.3058,67.769,33.2815,68.6921,1
153,9180,140,-32.3995,19.1887,-10.4127,-62.9696,-10.7528,-63.5779,-11.025,-62.4839,-10.0646,-62.4208,-9.68317,-63.5166,1
153,9180,144,19.2651,-20.4934,50.5615,113.151,51.022,113.683,51.0296,112.324,50.1121,112.591,50.1515,113.901,1
153,9180,146,-37.7556,-4.16474,-22.1225,127.505,-21.5002,128.177,-21.7646,126.822,-22.6588,126.919,-22.5143,128.294,1
153,9180,154,37.4576,-10.9513,-21.4537,-56.6493,-21.3235,-57.3445,-22.3242,-56.6171,-21.6185,-55.875,-20.7091,-56.6857,1
153,9180,165,-35.8219,14.232,-31.7076,-64.5238,-31.421,-65.2859,-32.4454,-64.6833,-31.9401,-63.8169,-30.8478,-64.3238,1
153,9180,167,28.8335,-9.47378,11.9198,-7.68201,11.9711,-8.26773,11.2248,-7.66551,11.8481,-7.05416,12.5412,-7.70476,1
153,9180,173,12.4943,-24.4147,-85.3915,6.70242,-85.8662,2.93025,-85.7971,13.2616,-84.9285,9.978,-84.9974,1.53868,1
153,9180,185,38.8865,1.738,-5.43255,14.9151,-5.57448,14.252,-6.09196,15.2915,-5.27083,15.6796,-4.85325,14.5931,1
153,9180,186,19.0136,12.7871,28.4621,30.1727,28.3178,29.6113,27.9889,30.3499,28.6274,30.781,28.9265,30.0144,1
153,9180,188,39.1971,-11.1674,58.4998,127.461,59.1311,127.21,58.1091,125.996,57.7824,127.692,58.8255,128.723,1
153,9180,191,18.8171,14.7483,67.9952,148.68,68.5681,148.08,67.7668,147.247,67.3714,149.342,68.1874,150.127,1
153,9180,198,23.8408,17.7064,-8.03473,31.229,-8.37183,30.6379,-8.55749,31.5667,-7.63812,31.8814,-7.51491,30.9263,5
153,9180,199,35.1417,5.07885,24.2512,44.1709,24.0147,43.3933,23.5821,44.6386,24.5185,45.0617,24.8543,43.7601,10
154,9240,8,-34.8123,13.1362,-19.1429,39.3817,-19.3514,38.6116,-19.8329,39.7884,-18.9263,40.072,-18.3331,38.9261,1
154,9240,15,23.8594,-2.39323,27.1083,96.3587,27.1673,95.7756,26.5359,96.3473,27.0383,96.9809,27.6385,96.3686,1
154,9240,16,-16.3034,17.162,49.1883,136.586,49.451,135.926,48.7378,136.151,48.9406,137.25,49.6688,137.091,1
154,9240,20,33.2642,-20.9731,44.2128,98.865,44.0047,98.1228,43.4551,99.3283,44.3961,99.6802,44.8487,98.4369,1
154,9240,31,37.2763,-9.64851,29.2904,105.638,28.9195,105.056,28.7601,106.34,29.6867,106.306,29.7385,105.022,1
154,9240,35,-27.4658,-13.545,6.93451,-74.1669,7.38973,-73.6816,7.29798,-74.5585,6.53659,-74.6066,6.56338,-73.7398,1
154,9240,41,-29.3458,-24.735,-0.0111086,117.388,-0.230675,116.542,-0.6007,117.498,0.152578,118.115,0.590383,117.231,1
154,9240,46,-34.962,21.9323,-0.122474,-54.3402,0.528856,-54.1136,0.0196029,-55.1389,-0.739144,-54.5114,-0.316836,-53.3927,1
154,9240,60,29.3349,-12.0385,51.7156,-100.926,52.199,-101.367,51.3182,-101.833,51.1875,-100.49,52.071,-100.116,2
154,9240,70,-17.6636,13.7707,63.5075,-140.71,63.5579,-141.924,62.9454,-140.81,63.465,-139.523,64.1168,-140.566,1
154,9240,76,28.2408,-7.83938,-66.5499,126.355,-66.4195,124.925,-67.2394,126.185,-66.6884,127.903,-65.929,126.484,1
154,9240,94,-18.653,-23.9018,36.753,-108.848,36.7829,-109.69,36.2269,-108.995,36.6991,-108.101,37.2817,-108.739,1
154,9240,97,-32.7302,0.286466,14.9044,21.2604,15.582,21.353,14.8567,20.6253,14.2953,21.1812,14.9588,21.9682,1
154,9240,118,-30.8893,2.06183,21.519,53.3484,22.1111,53.4801,21.5295,52.7465,20.9793,53.2343,21.5052,54.015,1
154,9240,127,-33.7797,-21.1491,51.9697,-93.2252,51.2805,-94.3419,51.5233,-92.4365,52.5274,-92.2316,52.4093,-94.1347,1
154,9240,129,-15.4689,10.5358,52.398,79.6608,52.8219,80.2395,52.7391,78.9324,51.9724,79.1215,52.0198,80.4176,1
154,9240,154,-22.6311,-2.04979,-13.8852,-57.5758,-13.8528,-58.1709,-14.4169,-57.5576,-13.9147,-57.0218,-13.3189,-57.5992,1
154,9240,158,-22.3281,6.66531,38.9767,94.0502,39.5234,93.9244,38.8309,93.3718,38.4597,94.1788,39.125,94.7906,6
154,9240,160,-38.7942,-12.7204,37.6504,121.363,38.5896,121.239,37.4146,120.548,36.8562,121.453,37.9356,122.274,1
154,9240,161,37.2844,-1.15764,6.53778,145.692,7.21878,145.809,6.45164,144.892,5.76385,145.553,6.60886,146.393,1
154,9240,165,22.2356,-4.30872,-35.3508,-59.1081,-35.2438,-59.7501,-35.9378,-59.1972,-35.467,-58.4278,-34.8061,-59.0301,1
154,9240,173,27.0325,-15.0387,-80.598,9.73725,-81.0566,7.63035,-80.9675,13.5848,-80.1153,11.8559,-80.2487,6.52684,1
154,9240,185,27.0657,20.0438,0.16665,15.7343,-0.0765025,15.1668,-0.326254,15.9792,0.462184,16.3731,0.652043,15.5236,1
154,9240,188,-32.3641,-24.5295,63.5354,138.071,64.3419,137.367,63.3386,136.866,62.8442,138.589,63.7712,139.324,1
154,9240,198,33.8242,-8.77416,-7.66386,32.4514,-7.88863,31.7997,-8.4023,32.8852,-7.43276,33.1761,-7.02144,32.0676,7
155,9300,8,-35.7956,1.21527,-16.902,39.7215,-17.1775,38.9115,-17.5074,40.1597,-16.6495,40.4331,-16.2149,39.2235,1
155,9300,13,-32.2633,22.4526,-17.7826,46.4881,-17.6804,45.8459,-18.5101,46.443,-17.8404,47.1002,-16.9288,46.5664,1
155,9300,20,34.269,-14.0346,48.51,100.724,48.328,99.8975,47.8211,101.236,48.6793,101.642,49.0988,100.254,1
155,9300,22,-31.352,-1.86437,55.956,-104.386,56.4628,-103.695,56.2037,-105.293,55.4958,-104.992,55.6798,-103.396,1
155,9300,30,-37.5852,-2.60741,-2.43529,99.2117,-2.93387,98.6298,-2.79565,99.7525,-1.99936,99.7181,-2.03307,98.5934,1
155,9300,35,-26.5653,-4.82351,2.31557,-74.7612,2.7012,-74.3004,2.67969,-75.1456,1.96573,-75.1835,1.92974,-74.3432,1
155,9300,46,36.4903,16.2946,-7.10167,-58.4722,-6.32536,-58.37,-7.17425,-59.1949,-8.01992,-58.5757,-7.06485,-57.8142,2
155,9300,59,34.9767,15.9323,-4.93625,-42.0547,-4.15776,-41.96,-5.00021,-42.7792,-5.84983,-42.1485,-4.90662,-41.3906,1
155,9300,60,-35.1242,7.04562,56.1884,-89.1629,56.8474,-89.5036,55.8566,-90.188,55.5985,-88.8448,56.5526,-87.9657,1
155,9300,66,-27.8159,19.5996,-29.8122,129.21,-29.755,128.55,-30.4561,129.191,-29.8359,129.844,-29.0772,129.255,1
155,9300,70,30.8291,-8.31194,60.7877,-132.112,60.9642,-133.307,60.0601,-132.341,60.5696,-130.838,61.4351,-131.913,1
155,9300,80,19.0781,4.42078,15.9801,2.23973,16.4574,2.38909,16.0934,1.72106,15.47,2.0844,15.8655,2.73313,1
155,9300,94,-24.9551,-8.78822,40.0908,-103.892,40.2411,-104.684,39.5638,-104.011,39.9424,-103.176,40.651,-103.779,1
155,9300,96,-19.8682,23.9804,34.0748,-4.49154,34.6126,-4.56138,34.0489,-5.22893,33.5402,-4.38466,34.0734,-3.6592,1
155,9300,97,-23.1069,4.50277,11.1417,23.1497,11.6981,23.2049,11.1395,22.5981,10.6172,23.1043,11.1398,23.7463,1
155,9300,100,34.3997,-11.1858,-75.9681,-127.741,-76.3487,-129.772,-76.474,-125.167,-75.5468,-125.578,-75.5143,-129.857,1
155,9300,109,22.6792,13.4474,-70.4969,50.0676,-70.0667,51.1887,-70.1533,48.7952,-70.9719,48.8047,-70.8322,51.3,1
155,9300,117,-27.5597,20.7758,42.9022,27.1769,43.4471,27.1736,42.8629,26.3367,42.3792,27.2183,42.919,28.1406,3
155,9300,131,3.61625,-21.3703,51.756,33.3745,52.2232,32.8668,51.5311,32.5045,51.2947,33.8191,51.9811,34.1842,1
155,9300,134,-31.6927,18.955,-25.2334,127.662,-24.5802,127.815,-25.1734,126.835,-25.8514,127.552,-25.3188,128.622,1
155,9300,138,35.0582,10.9423,-3.91013,-75.5107,-3.99315,-76.2501,-4.59838,-75.2603,-3.803,-74.6577,-3.28071,-75.7176,1
155,9300,144,30.4343,-3.94376,41.3277,112.848,41.7911,113.417,41.7176,112.032,40.8229,112.226,40.9737,113.575,2
155,9300,150,-11.7318,15.2862,-13.5668,153.519,-13.0627,153.522,-13.5498,152.983,-14.0718,153.532,-13.5986,154.092,1
155,9300,158,-25.421,-17.9059,38.5394,95.5419,39.2117,95.2728,38.3813,94.8693,37.9379,95.7564,38.7241,96.2341,7
155,9300,167,36.7609,2.30288,17.3064,-0.993515,17.4081,-1.71441,16.5437,-0.894577,17.1852,-0.171178,17.9807,-1.07364,1
155,9300,173,25.6882,-6.54225,-76.0745,4.04374,-76.4962,2.49446,-76.4304,6.29575,-75.6205,5.63081,-75.7369,2.07787,1
155,9300,185,37.9829,8.12085,2.09018,17.8267,1.91398,17.1586,1.4813,18.1948,2.30027,18.6015,2.63821,17.5127,1
155,9300,198,33.7542,2.57397,-2.85223,33.7192,-3.11682,33.0548,-3.48944,34.1651,-2.55435,34.4686,-2.27682,33.3267,1
156,9360,9,35.3264,16.5403,20.892,58.8557,20.5117,58.0675,20.3042,59.37,21.3519,59.7796,21.4475,58.4105,1
156,9360,13,-28.6719,-1.90025,-17.2076,47.4771,-17.1765,46.827,-17.7624,47.5362,-17.2339,48.0692,-16.6034,47.4081,1
156,9360,15,20.2232,-12.7563,31.6666,101.428,31.739,100.842,31.0863,101.326,31.5738,102.029,32.1998,101.51,2
156,9360,16,-30.0429,-12.396,51.615,142.99,52.0076,142.048,51.1231,142.567,51.253,143.8,52.1504,143.428,2
156,9360,26,32.2075,22.3448,-82.3885,25.025,-82.2251,19.9228,-82.9852,24.6012,-82.4774,31.249,-81.8285,25.6151,1
156,9360,29,-26.3092,9.07988,20.4959,85.6453,20.2226,85.1385,20.0549,85.9958,20.7614,86.117,20.9868,85.2626,2
156,9360,30,-5.10687,-22.2025,-0.132677,102.109,-0.573303,101.795,-0.508955,102.455,0.265884,102.418,0.212768,101.761,1
156,9360,31,-27.5541,3.20439,37.8594,97.2471,37.4439,96.7312,37.5306,97.8072,38.2451,97.7242,38.2177,96.6286,1
156,9360,35,-25.6895,-23.4732,0.368617,-75.1777,0.927683,-74.7009,0.75625,-75.5537,-0.104485,-75.609,-0.00370793,-74.7694,2
156,9360,44,20.2942,19.5584,42.5464,-110.11,43.1142,-110.375,42.3715,-110.816,41.9203,-109.794,42.6901,-109.4,1
156,9360,46,-33.9009,-15.0125,-2.87742,-52.8837,-2.04076,-52.7977,-2.89818,-53.5072,-3.59728,-52.9715,-2.82666,-52.2064,1
156,9360,59,39.0629,-2.56126,-6.56108,-41.7952,-5.84146,-41.5819,-6.57716,-42.6974,-7.3845,-42.0519,-6.54842,-41.0177,1
156,9360,60,5.48961,-18.7012,52.0693,-89.306,52.5088,-89.7061,51.8823,-90.1124,51.6327,-88.9518,52.2562,-88.5507,1
156,9360,66,-20.0959,22.5061,-27.4154,132.663,-27.4231,132.067,-28.0064,132.644,-27.3765,133.255,-26.7532,132.71,1
156,9360,80,28.7465,-10.4891,13.3943,2.34039,13.8959,2.5436,13.5695,1.6897,12.8624,2.1089,13.2444,2.92348,3
156,9360,96,-17.0229,12.617,32.2706,-2.47597,32.7837,-2.52254,32.2158,-3.09879,31.7696,-2.41398,32.3146,-1.80108,1
156,9360,97,-28.6616,-24.5578,10.9945,23.9185,11.8216,23.8321,10.9787,23.3294,10.2839,23.9684,11.0501,24.5248,1
156,9360,109,24.4624,2.60863,-73.2543,49.5401,-72.8669,50.8775,-72.882,48.0194,-73.6643,48.0259,-73.595,51.0091,1
156,9360,123,-12.9214,23.6593,-77.4937,-130.041,-77.5866,-132.615,-78.1024,-129.823,-77.3436,-127.482,-76.82,-130.143,1
156,9360,127,-21.0832,14.2592,63.123,-88.2074,62.8138,-89.289,62.618,-87.461,63.4309,-87.1603,63.6824,-89.0318,1
156,9360,129,-33.4883,0.669905,46.1168,83.426,46.6308,84.2289,46.4954,82.608,45.6489,82.7255,45.6883,84.3327,1
156,9360,132,25.0533,6.3515,25.9976,78.0942,26.5931,78.1428,25.9687,77.4172,25.3454,78.0474,26.0122,78.7298,1
156,9360,138,33.8189,20.3311,0.107576,-73.0207,-0.049728,-73.8063,-0.546907,-72.7794,0.316368,-72.0985,0.7281,-73.2094,1
156,9360,142,8.91282,20.9558,71.6452,-43.7993,71.327,-45.2957,71.1596,-43.0154,71.9948,-42.1647,72.1523,-44.5747,1
156,9360,147,20.6607,22.2543,-72.5071,127.445,-71.9484,128.566,-72.1726,125.864,-73.1414,126.171,-72.8529,129.012,1
156,9360,165,-27.993,-11.894,-27.5234,-56.6614,-27.4449,-57.4456,-28.0915,-56.6778,-27.5999,-55.962,-26.9177,-56.6647,1
156,9360,167,34.4416,-20.578,18.3352,-0.535735,18.4495,-1.18914,17.4137,-0.638219,18.1705,0.158624,19.1159,-0.469057,1
156,9360,177,10.7901,22.7174,74.2596,-1.22171,73.8483,-2.63118,73.848,-0.00351138,74.715,0.337037,74.6926,-2.46075,1
156,9360,191,24.6765,-13.0729,62.8503,163.728,63.4485,163.717,62.8085,162.137,62.2227,163.695,62.885,165.162,2
156,9360,198,22.3307,22.8571,3.2233,33.931,2.84843,33.3376,2.69291,34.246,3.67118,34.5908,3.76488,33.6506,1
157,9420,9,-29.9284,-17.2425,22.674,51.2429,22.2109,50.4684,22.1578,51.6452,23.0595,51.9312,23.2025,50.7848,1
157,9420,16,-6.97625,-24.5978,49.8572,147.643,50.1451,146.865,49.4767,147.073,49.5684,148.331,50.2359,148.167,1
157,9420,26,-20.1239,-7.78457,-77.8441,17.2356,-77.6295,14.8862,-78.2983,16.4211,-78.0304,19.4759,-77.3647,17.9836,1
157,9420,29,-27.8996,0.443719,23.5008,85.7494,23.1966,85.2064,23.0859,86.1222,23.7804,86.2487,23.9514,85.3385,1
157,9420,31,-17.8372,8.90537,42.1953,97.7192,41.8262,97.2621,41.8699,98.2377,42.5574,98.1568,42.5477,97.1636,4
157,9420,46,24.2081,1.53169,-10.7411,-54.1221,-10.1916,-54.0296,-10.7087,-54.7233,-11.3343,-54.2225,-10.7738,-53.5617,1
157,9420,53,-5.06797,24.6557,-18.7369,122.049,-18.8075,121.468,-19.3103,122.031,-18.6315,122.655,-18.1171,122.098,1
157,9420,57,-13.2943,-24.7733,46.5861,-94.5554,47.2,-94.985,46.4586,-95.3725,46.0215,-94.2094,46.7354,-93.7676,1
157,9420,59,26.5153,-21.9113,-6.84102,-39.656,-6.25107,-39.5557,-6.65856,-40.4541,-7.44304,-39.7954,-6.97753,-38.9561,1
157,9420,66,24.941,9.88987,-28.0006,137.735,-28.053,137.101,-28.5447,137.861,-27.9307,138.431,-27.4833,137.631,1
157,9420,70,35.5976,-2.79318,63.8827,-116.435,64.2501,-117.732,63.1357,-117.02,63.4485,-115.028,64.5373,-115.893,1
157,9420,75,18.0666,-8.62846,-68.6603,57.3937,-68.1583,56.9509,-68.847,55.8528,-69.1819,57.8439,-68.4671,58.7973,1
157,9420,80,-18.2239,-16.8033,12.4597,7.4216,13.0296,7.55392,12.5995,6.93495,11.9431,7.287,12.3358,7.92027,1
157,9420,81,26.9026,-19.7584,-20.8261,20.8136,-20.3239,21.0088,-20.568,20.1091,-21.3379,20.581,-21.0339,21.4408,2
157,9420,105,-25.7418,-17.6155,68.9756,48.0439,69.5098,49.3323,69.3258,46.8575,68.5044,46.9194,68.6218,49.2845,1
157,9420,109,-21.4484,-21.2253,-74.0656,64.7453,-73.4308,65.6433,-73.8069,63.0359,-74.6196,63.8176,-74.2878,66.5762,1
157,9420,114,-34.4601,19.4386,20.911,-101.196,20.9701,-101.855,20.2135,-101.143,20.8846,-100.584,21.7313,-101.237,1
157,9420,123,-4.67183,-19.7443,-78.3592,-128.584,-78.5198,-131.413,-78.9156,-128.204,-78.203,-125.969,-77.8252,-129.021,1
157,9420,129,30.1469,-18.2438,43.5619,74.2517,44.0395,74.806,44.0702,73.3144,43.0736,73.6394,43.129,75.067,1
157,9420,130,31.865,22.5951,49.244,-5.16688,49.5958,-6.25578,48.6178,-5.53217,48.8405,-3.8856,49.819,-4.75448,1
157,9420,134,-26.2965,-16.2536,-28.3747,129.448,-27.6346,129.418,-28.4049,128.788,-29.0318,129.458,-28.3145,130.138,1
157,9420,138,39.4451,-5.73579,0.191833,-72.1958,0.217692,-72.9381,-0.705008,-71.9518,0.145235,-71.3465,0.957479,-72.4058,1
157,9420,142,-14.8934,17.9618,75.5549,-48.6901,75.2565,-50.5346,75.0454,-47.5581,75.8575,-46.8201,76.1133,-49.9478,1
157,9420,147,-37.6597,-15.2798,-70.3289,145.372,-69.3877,146.352,-70.211,143.308,-71.1119,144.434,-70.3974,147.704,1
157,9420,154,-28.294,-4.22045,-5.60873,-50.7923,-5.58414,-51.4428,-6.17423,-50.7352,-5.63261,-50.2023,-4.99665,-50.8619,1
157,9420,157,36.8175,4.45364,42.0858,59.8508,42.6834,59.3673,41.542,59.1603,41.3983,60.3958,42.5572,60.4829,1
157,9420,165,-36.1594,-4.98808,-23.9436,-53.8271,-23.7951,-54.6857,-24.6046,-53.7835,-24.0712,-53.076,-23.2021,-53.8889,1
157,9420,167,24.9414,2.90088,23.4642,3.43269,23.5269,2.82174,22.8712,3.43569,23.3946,4.09536,24.017,3.43548,1
157,9420,185,39.3875,3.81833,8.43618,20.6322,8.29675,19.9458,7.77493,21.0104,8.59639,21.4296,9.01842,20.3093,1
157,9420,197,11.4716,22.5866,-27.2392,22.0436,-27.5511,21.4471,-27.7619,22.3132,-26.8725,22.6782,-26.691,21.8002,1
157,9420,198,35.3392,-12.3021,2.46463,35.1974,2.25513,34.529,1.64645,35.6365,2.66981,35.944,3.16254,34.8099,1
158,9480,9,-37.7026,-0.206058,28.4253,51.4364,28.0994,50.5107,27.8237,51.9702,28.7096,52.2459,29.1077,50.8109,2
158,9480,14,-37.519,1.78454,16.5421,75.4618,16.608,74.6809,15.8807,75.5956,16.4883,76.1488,17.2985,75.305,1
158,9480,26,36.8902,2.83416,-78.8282,52.0492,-78.8713,48.7176,-79.4863,53.4379,-78.735,55.8095,-78.2385,50.9828,1
158,9480,29,22.1472,3.00601,26.6765,90.9926,26.4127,90.5124,26.2543,91.3428,26.9595,91.51,27.0761,90.6641,1
158,9480,31,-11.8644,-21.7339,43.3524,98.042,42.8717,97.6112,43.0044,98.5426,43.7803,98.4648,43.6735,97.5243,1
158,9480,33,-37.4244,17.6206,59.9928,-65.7333,60.2134,-64.4219,60.6312,-66.575,59.753,-66.8833,59.2181,-64.8057,1
158,9480,37,8.13646,-24.2704,-78.7271,-95.6089,-78.4392,-93.4271,-78.1849,-96.5213,-78.9656,-97.8714,-79.214,-94.581,1
158,9480,46,-38.5999,-4.8095,-9.1661,-47.4277,-8.32275,-47.2479,-9.22063,-48.1381,-9.89242,-47.5842,-9.08854,-46.6197,1
158,9480,53,34.5876,3.60208,-20.0545,126.31,-20.0512,125.566,-20.786,126.5,-20.0541,127.153,-19.3978,126.151,1
158,9480,54,30.2046,12.0492,9.04453,149.254,8.99001,148.567,8.40409,149.411,9.11687,150.031,9.64372,149.127,1
158,9480,59,34.988,-10.6309,-11.3476,-37.6803,-10.7066,-37.4977,-11.2785,-38.5525,-12.0499,-37.9047,-11.3967,-36.9237,2
158,9480,60,-36.2311,14.9006,50.7861,-71.3929,51.4711,-71.3703,50.6269,-72.5176,50.1647,-71.3728,50.9441,-70.0612,1
158,9480,66,-25.027,15.5864,-21.8146,136.693,-21.8126,136.098,-22.4023,136.738,-21.7942,137.262,-21.1568,136.659,1
158,9480,70,37.1102,-0.0213089,64.7263,-107.503,65.1949,-108.76,63.998,-108.315,64.1754,-106.132,65.359,-106.744,1
158,9480,72,-30.1089,6.68908,21.7845,-11.3012,22.3471,-10.9382,22.0101,-11.9452,21.2607,-11.622,21.5246,-10.5862,1
158,9480,75,38.0351,-10.3198,-72.1643,63.7473,-71.4916,63.1735,-72.596,61.0741,-72.9252,64.3673,-71.762,65.9138,1
158,9480,81,-35.392,-4.53003,-22.4573,28.7518,-21.7655,28.9989,-22.401,28.0928,-23.0646,28.5309,-22.5069,29.49,1
158,9480,87,-35.8256,19.0195,56.7427,-125.618,56.9267,-126.774,56.0037,-125.743,56.5957,-124.551,57.6144,-125.426,1
158,9480,106,29.7195,23.2842,24.7744,43.677,25.3559,44.1436,25.1025,43.1098,24.0791,43.1612,24.4268,44.1944,3
158,9480,109,-8.3525,-22.6701,-78.0214,64.0853,-77.4755,65.0726,-77.7211,61.9972,-78.5127,62.9947,-78.2748,66.2607,1
158,9480,114,3.90126,-21.9458,18.6994,-98.5904,18.6101,-99.1044,18.1828,-98.6038,18.7629,-98.0947,19.1831,-98.5984,1
158,9480,122,-19.8816,15.9142,-69.4604,105.924,-68.9431,106.624,-69.1992,104.367,-69.9722,105.262,-69.7469,107.662,1
158,9480,126,-33.1909,3.38349,33.9276,-96.1844,33.5284,-96.9305,33.4424,-95.601,34.2903,-95.5123,34.4708,-96.8489,1
158,9480,129,26.6901,12.3173,36.6873,76.2196,37.2149,76.6943,36.9895,75.533,36.0884,75.7096,36.3824,76.851,1
158,9480,130,38.2795,0.20696,48.6543,-3.34967,49.1363,-4.20775,47.8753,-3.8603,48.0882,-2.38988,49.3285,-2.88371,3
158,9480,131,-32.2109,-8.515,49.9428,52.8732,50.7036,52.6442,49.7201,51.9574,49.2697,53.0594,50.1936,53.876,3
158,9480,138,27.374,-8.7104,4.032,-71.6905,3.99626,-72.2774,3.34453,-71.5769,4.05555,-71.0612,4.65,-71.8,1
158,9480,140,38.1105,-0.356391,5.42429,-55.3417,5.02815,-55.9792,4.85574,-54.6897,5.87187,-54.6056,5.92251,-55.9067,1
158,9480,145,-34.8579,-4.06958,-5.047,124.13,-4.48157,124.711,-4.67943,123.552,-5.54339,123.618,-5.44812,124.783,1
158,9480,149,18.1187,-21.465,-32.4026,-60.6438,-32.7835,-61.1484,-32.9791,-60.1741,-32.0417,-60.1206,-31.8956,-61.081,1
158,9480,158,28.391,-7.51886,27.4169,103.591,27.9815,103.559,27.3014,102.851,26.8083,103.611,27.5232,104.257,1
158,9480,167,20.5748,23.316,27.5245,7.7912,27.5278,7.08328,26.9694,7.75369,27.5416,8.58971,28.075,7.86499,2
158,9480,168,35.2942,-18.2109,41.3632,42.6901,41.7481,42.0105,40.5719,42.0837,40.9117,43.3914,42.0402,43.1961,2
158,9480,169,39.7361,6.6018,39.4205,94.2497,40.1548,93.9323,38.9256,93.4067,38.5589,94.6177,39.8355,95.0082,3
158,9480,172,29.1349,-1.31122,-79.2449,159.883,-78.9682,162.668,-78.6998,157.927,-79.5135,156.668,-79.7295,161.832,1
158,9480,176,26.6171,24.6005,46.232,-2.07518,45.7018,-2.75605,45.8266,-1.43532,46.8598,-1.3001,46.653,-2.67028,2
158,9480,178,11.2221,23.8755,62.0111,171.509,62.4684,172.256,62.381,170.68,61.4895,170.759,61.6046,172.299,1
158,9480,185,26.6088,10.5657,13.0263,20.945,12.8547,20.3982,12.526,21.1796,13.2242,21.5495,13.5026,20.736,1
158,9480,197,-5.83203,20.2226,-23.4533,21.3449,-23.7068,20.7989,-23.9903,21.5761,-23.1674,21.8951,-22.8705,21.1228,1
158,9480,198,32.9297,-22.359,4.92005,35.413,4.69183,34.7731,3.97868,35.7817,5.11752,36.1092,5.70473,35.0795,1
158,9480,199,30.4815,-17.3344,39.1776,49.8492,39.0362,49.0378,38.3392,50.1535,39.2903,50.725,39.8997,49.5576,1
159,9540,9,28.6967,3.69673,30.2595,60.5204,30.0139,59.8244,29.6724,60.9305,30.528,61.2927,30.8019,60.1468,1
159,9540,15,-15.5712,16.069,42.2127,112.764,42.3459,112.112,41.7087,112.567,42.0942,113.414,42.7547,113.001,1
159,9540,26,39.3369,9.95217,-74.9324,62.611,-75.1386,59.9181,-75.524,64.3068,-74.643,65.6688,-74.39,61.2765,1
159,9540,29,-27.1369,-18.6484,29.2122,86.3838,28.7705,85.7793,28.8061,86.7656,29.5862,86.9322,29.6179,85.9592,1
159,9540,31,29.5461,24.7513,51.7722,102.62,51.2194,101.928,51.4241,103.377,52.4307,103.417,52.134,101.918,1
159,9540,45,38.3932,-10.8072,11.4706,-74.7064,12.1303,-74.5121,11.4974,-75.6372,10.7346,-74.9478,11.4538,-73.9145,1
159,9540,46,-27.128,-24.9098,-11.3915,-47.7492,-10.5601,-47.7889,-11.3583,-48.3478,-12.1074,-47.7398,-11.3833,-47.1349,1
159,9540,53,27.1244,-10.3077,-17.6908,126.815,-17.6941,126.199,-18.3955,126.886,-17.7017,127.473,-17.0587,126.743,1
159,9540,60,-33.8986,2.22859,49.1489,-68.8598,49.8305,-68.894,48.9857,-69.7808,48.5378,-68.8209,49.3245,-67.8174,1
159,9540,66,38.8289,4.90439,-23.3503,143.6,-23.3721,142.824,-24.075,143.88,-23.3189,144.5,-22.7103,143.368,1
159,9540,72,-39.7314,-4.63167,19.9295,-9.22975,20.7076,-8.72004,20.1036,-9.99524,19.2629,-9.66181,19.7398,-8.34877,1
159,9540,87,-34.4065,10.1395,58.3509,-121.606,58.5416,-122.795,57.6995,-121.708,58.1838,-120.529,59.0966,-121.467,1
159,9540,96,-31.9627,-9.10245,27.4876,6.12633,28.2123,6.11266,27.3846,5.47283,26.8469,6.13038,27.6119,6.83732,2
159,9540,106,23.5312,0.0548959,23.5085,44.3025,23.895,44.7114,23.8647,43.8064,23.0937,43.8649,23.1739,44.7612,2
159,9540,109,-22.1609,-14.322,-81.6024,81.0939,-80.9773,81.7191,-81.5037,77.5708,-82.1657,80.3506,-81.6522,84.8259,1
159,9540,116,33.6221,18.6755,47.6758,-3.89316,48.259,-4.41337,47.2843,-4.57985,47.002,-3.27677,48.013,-3.21986,6
159,9540,126,-30.8363,-10.4583,36.1145,-95.8256,35.6211,-96.5701,35.6834,-95.2639,36.5395,-95.153,36.5643,-96.4571,1
159,9540,128,28.6072,-24.9343,71.4666,55.6202,72.0584,56.303,71.8235,52.9482,70.8697,54.8287,71.1566,57.8535,1
159,9540,129,6.862,-17.5676,36.2207,78.6086,36.6736,78.994,36.6102,78.0652,35.7882,78.2164,35.8655,79.1287,1
159,9540,140,-20.1621,1.73377,9.83929,-61.4443,9.47404,-61.9108,9.42796,-61.0586,10.1867,-61.0045,10.2773,-61.8561,1
159,9540,143,-38.4544,3.10124,62.1486,120.819,62.6388,122.322,62.6027,119.476,61.6988,119.559,61.6087,122.327,1
159,9540,165,-28.0857,9.59057,-18.7157,-46.338,-18.6235,-46.9746,-19.3302,-46.3436,-18.7859,-45.7412,-18.0308,-46.3225,1
159,9540,167,21.3313,6.07301,28.7396,9.38624,28.8156,8.76794,28.1839,9.349,28.6594,10.0533,29.2673,9.43122,5
159,9540,169,20.4636,1.97913,40.4281,99.015,40.931,98.7814,40.2009,98.3463,39.8915,99.2612,40.6362,99.6531,6
159,9540,175,15.0113,14.4264,12.7862,-4.80739,12.3912,-5.19129,12.4242,-4.41783,13.2215,-4.40239,13.1558,-5.18189,1
159,9540,176,30.749,-5.65429,46.777,-1.61515,46.4269,-2.32788,46.271,-0.897305,47.1454,-0.81691,47.2234,-2.27261,6
159,9540,178,35.9301,-11.791,61.6079,165.576,62.0464,166.602,62.1061,164.086,61.1308,164.439,61.1744,166.831,1
159,9540,185,37.845,7.65394,15.6561,23.6238,15.5057,22.9295,15.0339,23.9788,15.833,24.429,16.2147,23.3199,1
160,9600,1,22.6255,-0.77614,65.2524,-175.842,65.8392,-175.783,65.2117,-177.349,64.6251,-175.908,65.2756,-174.433,1
160,9600,9,24.4609,3.20559,33.8782,61.1673,33.6444,60.4905,33.319,61.5376,34.1291,61.9053,34.4022,60.8236,1
160,9600,12,-39.5251,4.89497,-29.7279,29.2254,-29.4773,28.3719,-30.4517,29.2226,-29.931,29.9789,-28.8841,29.23,1
160,9600,14,-22.89,-1.48898,20.7875,81.4199,20.789,80.8199,20.2716,81.4678,20.7842,81.9787,21.3377,81.365,1
160,9600,22,-27.1401,-13.85,38.3217,-101.02,38.8646,-100.567,38.58,-101.597,37.8421,-101.431,38.0622,-100.403,1
160,9600,26,-1.14493,-19.8011,-72.1175,51.8157,-72.2596,50.2373,-72.6109,52.0261,-71.9881,53.3092,-71.6483,51.5672,1
160,9600,29,16.0937,15.2264,35.245,91.9916,34.9563,91.4821,34.8446,92.3273,35.5669,92.538,35.6489,91.6733,2
160,9600,30,38.1876,10.517,18.2548,104.571,17.7628,104.018,17.8859,105.222,18.8351,105.217,18.5976,104.001,1
160,9600,33,-27.9163,-5.49185,55.1314,-70.1052,55.4768,-69.2021,55.5328,-70.7352,54.8153,-70.914,54.7004,-69.4282,1
160,9600,53,39.7134,7.16787,-14.3799,131.704,-14.3847,130.864,-15.1884,131.995,-14.3664,132.692,-13.6675,131.468,1
160,9600,66,-23.3593,-19.5867,-18.6086,139.152,-18.7497,138.458,-19.1307,139.238,-18.4981,139.772,-18.0775,139.036,1
160,9600,72,-36.5683,11.775,14.4744,-7.87071,15.075,-7.41074,14.7562,-8.60429,13.9208,-8.26318,14.1321,-7.02157,1
160,9600,80,-38.8379,12.0798,0.962639,15.3601,1.58632,15.7337,1.14488,14.6408,0.397184,15.0472,0.736814,16.2054,1
160,9600,89,-23.1762,0.0713095,32.7824,-5.34142,33.31,-5.16102,32.8731,-5.94171,32.2893,-5.5061,32.6835,-4.69915,1
160,9600,94,35.8866,14.3941,42.4397,-75.7821,42.8567,-76.6019,41.7958,-76.1259,41.957,-74.8265,43.0134,-75.4322,2
160,9600,96,27.8431,-14.332,21.0889,4.43158,21.6427,4.44989,21.0684,3.68265,20.5033,4.38958,21.1169,5.09621,2
160,9600,97,29.1039,13.7133,-6.6494,31.9801,-6.01871,32.0019,-6.70857,31.3788,-7.36257,31.969,-6.61301,32.5454,4
160,9600,105,14.0379,-23.6708,57.8756,41.0103,58.3149,41.5911,58.3294,40.1744,57.4593,40.4123,57.4764,41.7772,1
160,9600,109,-32.3158,1.11355,-83.9867,120.385,-83.3515,118.236,-84.3011,115.174,-84.5487,122.79,-83.583,125.534,2
160,9600,116,30.0348,-11.8091,47.8453,-2.77901,48.3395,-3.07378,47.5328,-3.64839,47.3074,-2.49226,48.1252,-2.00575,10
160,9600,117,-32.8194,-7.594,32.2409,41.6547,32.9176,41.7174,32.1845,40.9969,31.6425,41.5939,32.3116,42.3758,1
160,9600,122,1.48937,-23.0703,-73.6105,103.725,-73.0481,104.337,-73.2959,101.933,-74.1319,103.02,-73.8693,105.506,1
160,9600,126,34.6684,-12.0102,38.6554,-86.9041,38.3666,-87.6748,37.941,-86.2577,38.945,-86.0355,39.2638,-87.484,1
160,9600,129,-27.6602,-10.4198,32.318,83.0445,32.8742,83.5985,32.6558,82.4581,31.8237,82.5458,31.9685,83.6776,1
160,9600,143,-38.479,1.90501,58.5559,120.719,59.0593,122.063,59.001,119.518,58.0988,119.589,58.0312,122.073,1
160,9600,153,18.5548,10.5786,-24.8807,-65.8873,-24.8537,-66.4782,-25.4086,-65.8882,-24.8975,-65.2483,-24.3693,-65.8726,1
160,9600,158,-33.696,-8.82892,27.3864,113.776,28.1502,113.763,27.2635,113.098,26.7164,113.78,27.5342,114.52,1
160,9600,167,15.4913,-22.9499,29.7985,9.65891,29.8423,9.03464,29.1696,9.46642,29.7241,10.2705,30.3706,9.81008,1
160,9600,169,11.3591,-24.1178,40.6565,100.798,41.1557,100.499,40.5281,99.9879,40.1609,101.049,40.7911,101.531,2
160,9600,175,39.3536,-0.809528,15.0763,-2.06494,14.6581,-2.69123,14.5523,-1.36068,15.55,-1.33491,15.5311,-2.67352,1
160,9600,176,12.2052,-22.8227,49.0444,-4.58711,48.6435,-5.14997,48.5339,-4.03053,49.4142,-3.99907,49.4936,-5.13103,2
160,9600,178,-37.1323,12.1742,55.216,-179.96,55.5523,-178.786,55.7787,179.121,54.8849,179.023,54.5408,-178.933,1
160,9600,197,32.5663,-16.5922,-21.4557,26.2433,-21.6759,25.5685,-22.2779,26.6628,-21.2463,26.9803,-20.7537,25.87,2
161,9660,1,-26.4495,3.462,65.0422,-160.67,65.6666,-160.162,65.1515,-162.136,64.4599,-161.104,64.9047,-159.08,1
161,9660,8,-30.4571,-2.62223,3.97797,45.0298,3.65755,44.3614,3.44843,45.4091,4.26614,45.6319,4.55531,44.6063,1
161,9660,9,39.5328,-3.04079,35.9178,64.6506,35.7445,63.7013,35.0945,65.2421,36.0952,65.7534,36.6223,64.1363,1
161,9660,12,-32.5622,-20.7646,-29.7858,30.5952,-29.7589,29.629,-30.3707,30.6054,-29.8223,31.4201,-29.164,30.5433,1
161,9660,15,28.5286,8.37167,41.972,123.032,42.1972,122.302,41.4004,122.838,41.7225,123.841,42.4999,123.231,1
161,9660,21,18.6594,-22.5055,68.4273,-126.711,68.9202,-126.404,68.6437,-128.313,67.9407,-127.074,68.239,-125.283,1
161,9660,22,29.0896,24.3893,29.9626,-105.354,30.5668,-104.998,30.2019,-105.951,29.2456,-105.736,29.6963,-104.799,1
161,9660,44,36.8729,-6.042,31.5409,-96.0918,32.2111,-96.0313,31.3938,-97.0455,30.7877,-96.1759,31.6657,-95.2624,1
161,9660,53,34.1865,-10.8809,-12.5664,131.829,-12.5409,131.159,-13.3995,131.951,-12.6144,132.566,-11.8436,131.715,1
161,9660,66,7.27297,-24.2553,-17.4688,143.364,-17.5961,142.825,-18.0461,143.367,-17.3705,143.885,-16.9383,143.337,1
161,9660,79,-18.6811,10.4102,56.1312,-155.995,56.0775,-156.973,55.5793,-155.858,56.1886,-155.047,56.7288,-156.129,1
161,9660,80,-38.052,0.496356,-1.33504,16.1738,-0.654982,16.5035,-1.22692,15.5175,-1.93234,15.8897,-1.45431,16.9259,1
161,9660,87,-16.5127,13.9109,60.8053,-107.055,60.9918,-107.995,60.3298,-107.44,60.6296,-106.129,61.3134,-106.6,1
161,9660,89,37.0728,14.1022,25.3074,-7.74602,26.01,-7.55621,25.2969,-8.50576,24.4794,-7.95119,25.2894,-7.06113,1
161,9660,93,-27.0325,22.95,34.5963,-116.124,34.7374,-116.811,33.9381,-116.306,34.4893,-115.452,35.3485,-115.882,1
161,9660,96,4.81329,18.7054,18.025,11.0664,18.5306,11.0297,18.0298,10.5441,17.4904,11.1245,17.999,11.6049,2
161,9660,103,12.5917,24.6612,57.9915,-126.445,57.5889,-127.204,57.5708,-125.854,58.4496,-125.62,58.4392,-127.021,1
161,9660,106,-34.8217,-21.3411,18.6019,50.0555,19.324,50.6764,18.9571,49.5138,18.0052,49.5204,18.2518,50.6608,1
161,9660,116,40.0558,-7.02025,45.2942,2.09268,45.9326,1.88636,44.8775,1.07246,44.5611,2.30041,45.6453,2.97207,1
161,9660,117,15.9516,23.6732,24.5037,42.9894,25.0439,42.9532,24.5192,42.4493,23.9051,43.0541,24.4588,43.5349,1
161,9660,122,6.59927,-19.8776,-77.5424,108.215,-77.0025,108.882,-77.2764,105.751,-78.0574,107.407,-77.7513,110.642,1
161,9660,129,-28.5021,-24.0541,30.2186,83.1749,30.9731,83.737,30.5885,82.5906,29.5839,82.6766,29.8687,83.8034,1
161,9660,149,33.9721,-0.930634,-19.24,-58.4223,-19.6298,-59.0125,-19.7544,-57.8129,-18.806,-57.7608,-18.7787,-58.959,2
161,9660,153,-23.6512,-2.57918,-20.3383,-66.7812,-20.2779,-67.4067,-20.8757,-66.7843,-20.3933,-66.2015,-19.7643,-66.783,1
161,9660,185,19.0528,-20.8281,20.9809,23.6257,20.8301,23.1136,20.3768,23.7482,21.1071,24.1492,21.5205,23.4956,1
161,9660,187,-9.93131,-20.2815,64.8006,116.184,65.2289,115.392,64.5639,115.18,64.39,116.862,65.0437,117.16,1
161,9660,197,30.677,-12.1455,-17.2743,27.1097,-17.4997,26.4763,-18.001,27.5049,-17.0502,27.7996,-16.6396,26.7542,1
162,9720,8,-34.1017,-22.1771,5.3661,44.5794,4.77123,43.7292,4.8267,45.0028,5.84501,45.3068,5.91341,44.0873,1
162,9720,14,-28.8811,11.1776,27.5602,87.1048,27.6349,86.446,26.958,87.114,27.5033,87.7212,28.2358,87.106,1
162,9720,15,-23.8149,-6.84163,47.2262,123.15,47.4449,122.341,46.7322,122.92,47.0159,123.883,47.7518,123.385,1
162,9720,21,-21.4223,8.38939,63.8432,-112.608,64.2823,-112.003,64.0674,-113.658,63.4165,-113.149,63.5854,-111.495,1
162,9720,29,33.0579,5.44075,41.4595,95.7108,41.1987,94.9852,40.9562,96.221,41.7509,96.5332,41.9195,95.2512,1
162,9720,30,37.4028,16.2065,26.451,103.736,25.9135,103.154,26.1013,104.401,27.0952,104.417,26.7885,103.148,1
162,9720,40,28.8184,23.5323,-3.9861,119.444,-4.1389,118.734,-4.58113,119.599,-3.78146,120.265,-3.40424,119.332,1
162,9720,69,-36.9183,-18.3072,58.7184,-113.238,59.3559,-114.524,58.2061,-113.939,58.1607,-112.215,59.2976,-112.501,1
162,9720,79,-33.2363,20.8095,61.221,-152.734,61.2759,-154.139,60.439,-152.656,61.1939,-151.419,62.1428,-152.778,1
162,9720,80,-34.6561,7.92768,-5.55611,17.6574,-4.96505,17.9528,-5.40888,17.0258,-6.09573,17.402,-5.72935,18.3773,1
162,9720,87,-31.9555,-0.922359,63.2261,-103.723,63.5314,-105.005,62.672,-104.104,62.9432,-102.591,63.8396,-103.293,1
162,9720,89,-39.6841,4.29016,26.8378,0.80874,27.527,1.20779,26.9444,0.0211951,26.2307,0.475212,26.7079,1.72386,1
162,9720,93,40.0597,3.03851,30.1803,-110.06,30.4212,-110.871,29.3561,-110.065,29.8914,-109.12,30.8953,-110.044,1
162,9720,94,-36.7929,0.151551,50.5341,-69.229,51.0863,-70.0562,49.9614,-69.7733,50.0465,-68.5119,51.1846,-68.6002,1
162,9720,96,22.366,-8.43922,15.9378,10.6793,16.4583,10.7006,15.9288,10.0598,15.3916,10.6455,15.9513,11.2485,1
162,9720,103,12.7458,24.5996,61.7336,-125.729,61.3369,-126.592,61.3081,-125.082,62.1843,-124.787,62.1851,-126.361,1
162,9720,114,-17.5657,8.52674,33.0336,-87.6845,33.0561,-88.2614,32.5482,-87.6855,33.0185,-87.1259,33.5534,-87.6749,1
162,9720,117,19.3869,9.9222,22.4019,44.3897,22.8995,44.4166,22.3985,43.8573,21.8639,44.37,22.3927,44.9035,3
162,9720,126,36.8029,-13.6259,45.6701,-85.0028,45.4085,-85.9248,44.8704,-84.2652,45.9237,-83.9536,46.3396,-85.6615,1
162,9720,131,33.8625,3.85735,34.7414,64.3163,35.4265,64.3242,34.5782,63.4462,33.9673,64.3086,34.874,65.103,1
162,9720,143,-38.3104,-6.95488,52.1447,120.444,52.746,121.589,52.5389,119.438,51.6231,119.482,51.7026,121.58,1
162,9720,145,-37.1347,-2.46253,-20.0776,124.906,-19.4848,125.556,-19.7104,124.244,-20.5938,124.336,-20.4832,125.667,1
162,9720,149,20.3336,-10.8225,-16.3642,-60.2069,-16.7108,-60.6579,-16.8544,-59.7804,-16.0152,-59.731,-15.9194,-60.6048,1
162,9720,153,29.9209,-11.8427,-22.1146,-61.179,-22.0364,-61.7942,-22.8337,-61.1996,-22.2149,-60.5201,-21.4775,-61.1718,1
162,9720,158,-31.2712,16.0918,20.2429,121.167,20.8654,121.268,20.2427,120.441,19.6588,121.1,20.2227,122.001,1
162,9720,159,-11.3648,-21.5779,-4.38857,142.571,-3.79408,142.512,-4.34719,142.044,-4.93554,142.605,-4.40437,143.088,1
162,9720,167,23.9246,13.4496,35.3747,20.5185,35.5055,19.8076,34.8127,20.416,35.2379,21.307,35.9096,20.6396,2
162,9720,169,37.4937,-10.1861,34.0459,108.231,34.7156,108.173,33.7753,107.226,33.2938,108.269,34.2785,109.095,2
162,9720,172,-37.2555,-11.5522,-84.6452,-57.0429,-84.4615,-66.2721,-85.3138,-56.2409,-84.6964,-48.8276,-83.8997,-57.9628,1
162,9720,185,5.8623,-18.5272,25.1427,24.406,24.9755,23.9026,24.6393,24.5196,25.2866,24.9031,25.6128,24.2805,1
162,9720,187,36.6669,6.50855,58.7947,125.647,59.4224,125.249,58.4125,124.542,58.0729,126.094,59.1171,126.665,7
162,9720,190,29.7689,3.07391,68.1035,136.212,68.7053,135.448,67.6932,134.678,67.4329,137.014,68.4594,137.671,1
162,9720,197,37.1835,7.52479,-11.8239,29.6654,-12.1316,28.9104,-12.4689,30.199,-11.4591,30.538,-11.24,29.208,2
163,9780,9,-26.1753,2.43878,46.076,59.0555,45.8343,58.1732,45.5304,59.4828,46.2987,59.8767,46.6694,58.5802,1
163,9780,15,36.9649,5.80666,43.578,132.46,43.9527,131.669,42.8906,132.157,43.1429,133.359,44.1844,132.75,1
163,9780,21,-37.971,-14.0298,62.8374,-107.885,63.56,-106.859,63.0448,-109.174,62.2248,-108.738,62.6179,-106.45,1
163,9780,22,20.2272,17.7148,23.5452,-103.315,24.0106,-103.011,23.7994,-103.792,23.0217,-103.633,23.2769,-102.862,1
163,9780,29,34.5312,-23.2032,42.1888,96.0373,41.9748,95.3004,41.3676,96.5086,42.3725,96.8495,42.8682,95.6056,1
163,9780,30,34.3134,13.9953,29.912,102.922,29.4274,102.376,29.5623,103.544,30.4794,103.549,30.2481,102.363,1
163,9780,40,27.8818,4.1086,-2.59727,120.101,-2.63845,119.508,-3.20447,120.237,-2.5493,120.753,-2.03481,119.983,1
163,9780,43,-31.8548,14.4363,51.4754,-121.714,52.1093,-121.944,51.2102,-122.733,50.8929,-121.47,51.7547,-120.522,15
163,9780,66,7.94164,-21.8515,-11.1825,147.662,-11.3048,147.151,-11.7441,147.688,-11.0857,148.16,-10.6639,147.617,1
163,9780,69,-26.2477,-7.81988,56.9452,-104.215,57.4529,-104.88,56.5963,-104.952,56.4781,-103.636,57.3213,-103.426,1
163,9780,80,11.8371,-23.7656,-8.33739,14.0415,-7.83825,14.1587,-8.08565,13.5033,-8.81631,13.9017,-8.54629,14.5408,1
163,9780,87,-32.2132,-8.2762,64.2571,-97.4293,64.6101,-98.8163,63.7269,-97.9067,63.9287,-96.2385,64.8399,-96.9166,1
163,9780,89,-37.3091,1.77319,23.5985,2.09769,24.2613,2.4399,23.7032,1.38849,23.0114,1.80534,23.4772,2.90715,1
163,9780,93,23.1902,-6.74943,33.4754,-108.903,33.6149,-109.511,32.8916,-109.044,33.3157,-108.266,34.0132,-108.778,1
163,9780,96,26.0914,-10.8216,13.1937,12.7429,13.7338,12.7849,13.1959,12.0756,12.6227,12.6827,13.1993,13.3445,1
163,9780,103,27.5975,-22.1084,60.7243,-123.198,60.4239,-124.181,60.0363,-122.446,60.9975,-122.126,61.3076,-123.915,1
163,9780,104,35.1271,7.95301,78.0251,16.1052,78.6721,17.1972,78.0591,12.7315,77.2774,15.0162,77.946,19.1085,1
163,9780,106,19.3113,-8.90996,9.26415,44.605,9.63032,44.9664,9.65494,44.1769,8.89137,44.2225,8.90686,45.0061,1
163,9780,109,30.4916,5.96421,-79.9586,-131.458,-80.3675,-134.136,-80.3243,-128.424,-79.4759,-128.734,-79.593,-134.013,1
163,9780,114,-19.1976,-22.5192,33.9176,-87.1306,33.8416,-87.8721,33.4189,-87.1444,33.9625,-86.464,34.4167,-87.1491,1
163,9780,117,-30.1354,5.64056,22.5257,50.0825,23.0975,50.2156,22.5461,49.4725,21.9984,49.97,22.4964,50.7606,1
163,9780,122,17.0676,11.4208,-85.6009,162.686,-85.1274,158.749,-85.9185,156.473,-86.075,168.093,-85.2588,168.008,1
163,9780,128,-33.9468,-10.4184,57.0996,80.1976,57.7272,81.2428,57.4375,79.1465,56.5519,79.3039,56.7361,81.3518,1
163,9780,143,9.72316,-17.5571,48.8407,112.505,49.2858,112.989,49.2418,111.827,48.412,112.012,48.4761,113.146,1
163,9780,149,-32.0149,-0.608255,-11.2178,-65.4667,-11.6308,-66.085,-11.6748,-64.9878,-10.8434,-64.9144,-10.7129,-66.0002,1
163,9780,153,29.3837,-23.4596,-20.3641,-59.5366,-20.3117,-60.1589,-21.1954,-59.6566,-20.4554,-58.8934,-19.6486,-59.4584,1
163,9780,160,33.4778,7.05698,7.75639,142.999,8.42121,143.059,7.66628,142.311,7.00155,142.937,7.82448,143.625,1
163,9780,164,-38.5838,6.91961,-30.8754,-66.4003,-30.5656,-67.2448,-31.6238,-66.4856,-31.1296,-65.6453,-30.0033,-66.2979,1
163,9780,169,35.9366,4.49069,31.3685,113.565,32.0571,113.485,31.1065,112.754,30.5818,113.657,31.5879,114.295,1
163,9780,172,31.6302,19.7854,-78.9206,8.26708,-79.5685,6.41469,-79.1259,11.4917,-78.1446,10.0715,-78.6674,5.4202,2
163,9780,184,33.1536,24.4798,-1.13577,13.6397,-1.44755,12.9659,-1.66501,13.949,-0.740873,14.4286,-0.615798,13.3835,1
163,9780,185,36.7148,-13.5436,27.0692,29.2579,27.0254,28.5778,26.2753,29.4961,27.0889,30.013,27.745,29.0394,1
163,9780,187,38.2558,-15.0103,57.9805,127.879,58.5991,127.687,57.6548,126.344,57.2866,128.031,58.2527,129.188,5
163,9780,188,-29.8194,10.6055,34.6193,175.5,35.152,175.784,34.7662,174.804,34.1181,175.255,34.4404,176.276,1
163,9780,197,34.4906,18.085,-6.93563,30.5565,-7.33339,29.8176,-7.5136,31.0345,-6.44696,31.4147,-6.38143,30.1458,5
164,9840,0,36.1665,2.17162,70.5554,127.509,71.0561,125.825,69.8206,126.4,69.9641,129.325,71.1948,128.581,1
164,9840,7,17.7264,20.5847,-18.8942,43.0797,-19.2488,42.5197,-19.3918,43.4036,-18.48,43.6843,-18.3828,42.7844,1
164,9840,15,19.433,11.2455,46.5558,137.196,46.8274,136.537,46.1013,136.842,46.2656,137.911,46.9881,137.561,1
164,9840,22,-32.2788,-18.7853,24.0195,-98.4933,24.6762,-98.0336,24.2883,-99.033,23.4616,-98.9008,23.757,-97.9034,1
164,9840,25,8.13396,18.5157,-80.8035,-22.8807,-80.3905,-24.4784,-81.0242,-25.5278,-81.2263,-20.9176,-80.5751,-20.2502,1
164,9840,29,28.8832,0.903908,48.4555,97.4364,48.2358,96.6824,47.9535,97.9113,48.6895,98.2713,48.915,96.9974,1
164,9840,32,25.7374,-23.0476,78.0608,-77.4166,78.4022,-75.3723,78.6487,-79.5623,77.7217,-79.4945,77.5476,-75.6298,1
164,9840,37,39.1032,-10.0607,-75.3228,127.478,-75.8892,126.151,-75.5148,130.825,-74.6843,128.933,-75.1293,124.695,1
164,9840,40,32.8677,10.1236,0.516005,123.064,0.461821,122.389,-0.129216,123.251,0.586957,123.832,1.11039,122.909,1
164,9840,42,37.7655,-13.606,45.025,-176.495,45.424,-177.265,44.179,-177.025,44.5509,-175.673,45.745,-176.048,1
164,9840,43,-25.3765,-20.2327,50.7109,-122.162,51.3651,-122.714,50.469,-122.964,50.1244,-121.716,50.982,-121.346,5
164,9840,45,-30.4292,2.66045,-0.0771472,-57.6775,0.56463,-57.529,-0.048264,-58.2912,-0.663388,-57.807,-0.109372,-56.997,1
164,9840,56,-35.6901,6.25214,51.7361,-103.642,52.4827,-103.906,51.4025,-104.685,51.0713,-103.394,52.1037,-102.425,1
164,9840,69,13.393,15.696,52.25,-95.8292,52.6882,-96.272,51.9982,-96.5232,51.7839,-95.3417,52.4821,-95.1154,1
164,9840,79,-19.126,19.6563,65.0678,-139.53,65.1494,-140.835,64.4728,-139.778,65.0015,-138.237,65.7237,-139.193,1
164,9840,80,-28.7323,20.4457,-13.5997,20.8311,-13.0751,21.065,-13.3853,20.2024,-14.1117,20.6349,-13.8639,21.5478,1
164,9840,89,28.5324,5.68464,16.9617,-1.72799,17.5005,-1.5465,17.052,-2.33222,16.3644,-1.92347,16.8682,-1.17108,1
164,9840,93,-38.3921,-2.62953,40.7486,-108.885,41.0187,-109.902,40.0631,-108.934,40.5086,-108.009,41.5316,-108.841,1
164,9840,96,-36.5623,2.51587,13.7632,20.5947,14.4942,20.7343,13.7048,19.9017,13.1149,20.4794,13.8287,21.3856,1
164,9840,103,22.2996,1.17432,66.8779,-122.151,66.5976,-123.298,66.4225,-121.312,67.1684,-120.893,67.3026,-122.961,1
164,9840,104,-33.5535,-4.67541,77.2546,49.7505,77.69,52.4449,77.645,47.5513,76.8491,47.5086,76.8096,52.0651,2
164,9840,105,20.332,9.6654,39.7003,41.976,40.1143,42.4316,40.0167,41.4122,39.2439,41.497,39.3843,42.5039,1
164,9840,114,-15.2437,-11.3247,37.0003,-82.7279,37.007,-83.3748,36.5357,-82.7509,36.9818,-82.1241,37.4741,-82.7191,1
164,9840,116,-14.6863,-18.6232,44.9709,18.0228,45.4981,17.7908,44.8803,17.359,44.4822,18.2108,45.0769,18.6818,1
164,9840,125,-32.7248,-5.55777,19.4827,-99.0184,19.0235,-99.6835,19.0364,-98.5125,19.8851,-98.424,19.9645,-99.5889,1
164,9840,130,-2.66663,-21.9074,52.8978,27.776,53.3604,27.1798,52.6498,26.9322,52.448,28.294,53.1497,28.5713,1
164,9840,131,-36.9373,-15.9891,36.5817,74.7984,37.5516,74.83,36.4736,73.9572,35.763,74.7541,36.7287,75.7247,1
164,9840,133,-31.4997,-22.2021,-20.1153,120.463,-19.1993,120.445,-20.1302,119.792,-20.8954,120.455,-20.0551,121.169,1
164,9840,149,-26.6099,10.9953,-6.33812,-64.6231,-6.68832,-65.1454,-6.82169,-64.2007,-5.99444,-64.1416,-5.79227,-65.0839,1
164,9840,153,32.1878,-11.6567,-17.0401,-55.7642,-16.9635,-56.3822,-17.7977,-55.7536,-17.141,-55.0951,-16.3755,-55.7837,1
164,9840,155,34.5795,11.0527,32.8181,1.86352,33.0153,1.06824,32.1345,1.80994,32.5948,2.77808,33.4373,1.93544,1
164,9840,160,-21.4118,14.4685,8.15126,149.681,8.69845,149.745,8.19084,149.097,7.61955,149.637,8.09244,150.322,1
164,9840,164,22.8454,8.15335,-33.6497,-58.7836,-33.5729,-59.4541,-34.214,-58.8125,-33.7222,-58.0506,-33.1144,-58.7437,1
164,9840,166,-30.9486,0.352104,20.571,-9.98416,20.6295,-10.7005,19.9625,-9.92241,20.5188,-9.33582,21.2438,-10.056,1
164,9840,169,-32.8069,-22.013,36.5441,118.977,37.4266,118.715,36.3824,118.237,35.7908,119.169,36.7506,119.754,1
164,9840,172,16.1476,-23.8132,-79.9446,-0.256048,-80.3916,-2.16811,-80.4173,2.54782,-79.5116,1.60605,-79.5178,-2.64679,1
164,9840,184,33.7879,17.9025,1.60145,14.7486,1.35641,14.1052,1.06702,15.0651,1.90392,15.4922,2.10994,14.4799,1
164,9840,185,32.7286,-19.6611,30.0774,30.4258,30.0159,29.7744,29.2872,30.5773,30.1071,31.1259,30.7516,30.2738,1
164,9840,187,-22.0322,-24.5687,61.3754,138.443,62.0207,137.954,61.2737,137.375,60.7994,138.815,61.5007,139.51,1
164,9840,190,25.1042,4.70295,65.3915,153.867,66.006,153.619,65.2034,152.39,64.7207,154.133,65.5461,155.271,1
165,9900,7,-30.1445,8.24893,-15.1239,38.6434,-15.3681,37.9716,-15.7138,39.0071,-14.8837,39.2556,-14.4572,38.2441,1
165,9900,8,-17.9652,-18.6633,16.4356,48.9658,16.0394,48.376,15.934,49.2622,16.7776,49.5132,16.9278,48.6422,1
165,9900,9,-24.8289,4.17004,53.1635,62.9656,52.9595,61.9566,52.6054,63.3935,53.3533,63.9129,53.7708,62.4908,1
165,9900,14,-23.6128,-5.69613,33.8096,95.1117,33.8615,94.4128,33.2919,95.1045,33.7543,95.754,34.359,95.1098,1
165,9900,28,-28.8054,13.3819,19.233,82.8828,18.9646,82.3554,18.7513,83.248,19.4993,83.3701,19.782,82.4797,1
165,9900,29,36.4821,4.7978,52.1404,100.66,51.9246,99.6671,51.5663,101.286,52.3787,101.806,52.6539,100.102,1
165,9900,33,33.701,-20.0977,38.2002,-81.6094,38.5431,-81.0041,38.843,-82.3059,37.8573,-82.2786,37.6613,-81.0083,1
165,9900,34,-22.0902,-13.2126,1.11789,-77.7732,1.53634,-77.3458,1.47486,-78.129,0.745182,-78.1697,0.759036,-77.3926,1
165,9900,37,-32.7551,-20.3225,-74.144,98.7897,-74.7527,96.7169,-74.4964,100.482,-73.621,100.491,-73.7808,96.986,1
165,9900,39,37.6585,16.5045,1.94982,103.881,1.39462,103.366,1.61674,104.492,2.6194,104.479,2.27562,103.343,1
165,9900,40,-33.8597,-18.0711,5.1757,117.977,5.02737,117.109,4.57463,118.144,5.28479,118.723,5.81565,117.764,1
165,9900,45,-24.7738,-14.309,-2.11406,-57.1407,-1.43946,-57.0879,-2.08405,-57.691,-2.71853,-57.201,-2.1249,-56.5643,1
165,9900,56,5.38646,-23.9676,47.5029,-105.394,48.0072,-105.815,47.3358,-106.272,47.0086,-105.035,47.6753,-104.587,1
165,9900,58,31.4085,6.73798,-4.92895,-43.9203,-4.27072,-43.8041,-4.94105,-44.6104,-5.66983,-44.046,-4.92942,-43.2894,1
165,9900,69,-3.79059,-23.6983,53.5492,-94.895,54.001,-95.4434,53.3483,-95.7217,53.1141,-94.4264,53.757,-94.1178,1
165,9900,74,35.1468,7.13504,-68.1492,42.5546,-67.4414,42.4256,-68.3663,40.6622,-68.9591,42.727,-67.9494,44.2351,1
165,9900,76,-36.8118,-15.8383,-30.1798,154.436,-30.4753,153.393,-30.7693,154.811,-29.937,155.32,-29.5434,153.993,1
165,9900,79,-35.3822,-11.8699,66.851,-141.848,66.9231,-144.035,66.198,-141.705,66.7548,-139.979,67.5698,-142.078,1
165,9900,87,20.3975,7.95207,60.6265,-77.0886,61.0049,-77.8004,60.2529,-77.8059,60.2184,-76.3287,60.9741,-76.3723,1
165,9900,89,-23.2254,17.3969,14.9131,4.62592,15.404,4.82982,15.1039,4.06809,14.4295,4.45014,14.683,5.24111,1
165,9900,93,-33.1321,-19.7537,41.187,-106.462,41.332,-107.585,40.5897,-106.548,41.0366,-105.511,41.8303,-106.414,1
165,9900,96,-22.7457,-24.7448,11.8924,19.8964,12.6225,19.8061,11.9083,19.3314,11.2505,19.9516,11.9104,20.465,1
165,9900,105,-35.7238,-3.11799,37.3978,48.7452,37.881,49.4891,37.7816,48.0854,36.969,48.0993,36.9694,49.4854,1
165,9900,108,38.558,-11.0547,-69.7485,41.8765,-69.3987,43.5268,-69.1013,40.1006,-70.102,39.9197,-70.2777,43.4899,1
165,9900,114,-34.1515,7.60078,42.0139,-79.1976,42.1688,-80.0245,41.3967,-79.2206,41.8802,-78.4482,42.7155,-79.1631,1
165,9900,116,26.3116,-3.209,39.2587,20.8567,39.7682,20.7916,39.1342,20.1373,38.7097,20.9188,39.3704,21.5182,1
165,9900,122,37.5056,8.45543,-83.1586,-112.835,-83.4486,-119.103,-83.7437,-107.974,-82.7224,-106.279,-82.5935,-116.372,1
165,9900,125,-30.9172,19.7699,26.0322,-98.4039,25.6893,-99.0439,25.4262,-97.8951,26.3821,-97.8176,26.7479,-98.9815,1
165,9900,126,-29.7427,-20.5474,57.2825,-94.1246,56.6776,-95.2682,56.8314,-93.3323,57.7805,-93.0818,57.7249,-95.0273,1
165,9900,128,-28.3621,22.8218,45.8661,80.2819,46.3049,80.9609,46.3878,79.5005,45.4123,79.6775,45.2348,81.1438,1
165,9900,130,-39.4834,3.53505,54.7995,39.8159,55.648,39.5389,54.4151,38.6401,54.0631,40.0666,55.2342,41.2131,1
165,9900,131,-31.28,-12.9464,32.9115,77.3093,33.7053,77.3577,32.8677,76.5744,32.2161,77.2538,32.977,78.1015,1
165,9900,132,-39.3474,-7.01548,4.73723,102.191,5.64462,102.432,4.71163,101.452,3.96469,101.983,4.78472,103.034,1
165,9900,137,35.8547,11.0438,-2.71474,-77.0045,-2.79631,-77.7582,-3.41476,-76.7434,-2.60901,-76.131,-2.07696,-77.2195,1
165,9900,143,30.8925,-17.7966,41.4161,110.217,41.8734,110.791,41.9559,109.332,40.9479,109.583,40.9567,110.986,1
165,9900,146,-32.0341,1.72761,-66.964,137.132,-66.3513,138.099,-66.7203,135.564,-67.5148,136.229,-67.2159,138.918,1
165,9900,149,36.708,-2.04559,-4.47312,-58.0647,-4.86154,-58.6697,-5.03295,-57.4385,-4.03954,-57.3744,-3.98131,-58.61,1
165,9900,153,28.2952,-20.2847,-14.661,-54.2312,-14.6214,-54.8198,-15.4336,-54.2947,-14.7327,-53.6186,-13.9871,-54.1957,1
165,9900,155,40.6015,-0.658228,33.3022,4.73454,33.6238,3.93116,32.4353,4.61502,32.9148,5.65639,34.0457,4.84523,1
165,9900,164,23.9359,9.73718,-31.263,-55.3304,-31.2059,-56.0026,-31.8343,-55.3303,-31.3126,-54.5906,-30.7209,-55.3154,1
165,9900,166,40.2733,1.80432,18.0424,-1.8362,18.1851,-2.62011,17.1911,-1.70812,17.8678,-0.924913,18.7787,-1.93879,1
165,9900,171,38.3466,7.03205,-70.5027,160.615,-70.1307,162.566,-69.9429,158.963,-70.9125,158.258,-70.9948,162.116,1
165,9900,176,29.1566,17.3398,71.6332,1.9091,71.2118,0.239307,71.1821,3.24038,72.111,3.87276,72.0691,0.65459,1
165,9900,184,21.9533,-11.9865,2.98029,13.7356,2.83728,13.2615,2.42822,13.914,3.11485,14.233,3.48126,13.5632,1
165,9900,197,25.5625,0.0294345,-1.56364,30.4962,-1.8112,29.9338,-2.13448,30.8374,-1.29778,31.1061,-1.03508,30.1834,1
166,9960,8,27.0132,-19.9503,18.4653,54.2818,18.2108,53.6868,17.7007,54.6216,18.6968,54.9168,19.1247,53.9628,1
166,9960,9,36.9381,-14.8702,51.4797,73.534,51.4322,72.3862,50.5083,73.9272,51.4851,74.8115,52.2966,73.1662,1
166,9960,25,-15.4262,24.8502,-77.7271,20.6353,-77.5743,18.4027,-78.2348,19.5619,-77.8354,22.9977,-77.1666,21.8344,1
166,9960,28,29.6871,13.2564,22.0514,88.8207,21.7187,88.2807,21.6211,89.2317,22.4356,89.4266,22.4646,88.4491,1
166,9960,33,18.936,-7.51588,32.9124,-80.1024,33.23,-79.659,33.3127,-80.5408,32.5874,-80.5669,32.5422,-79.6923,1
166,9960,34,-32.9985,-1.2421,-3.79115,-77.0857,-3.38976,-76.548,-3.39894,-77.5312,-4.15147,-77.5665,-4.22325,-76.5866,1
166,9960,39,22.6074,-22.7487,1.72,101.901,1.33452,101.543,1.20046,102.345,2.08918,102.285,2.16528,101.493,1
166,9960,40,10.157,16.0255,8.18948,125.624,8.10793,125.098,7.68275,125.684,8.2915,126.183,8.70241,125.581,1
166,9960,44,-28.4209,22.0733,20.4489,-75.0909,21.0436,-74.9483,20.5643,-75.8329,19.8707,-75.1905,20.2873,-74.2392,1
166,9960,56,-39.6062,-5.00792,49.543,-94.9961,50.4663,-95.2109,49.2084,-96.0312,48.7538,-94.8197,49.93,-93.8014,1
166,9960,58,28.09,-8.74522,-6.32916,-42.5313,-5.74681,-42.4062,-6.25799,-43.2433,-6.95126,-42.6805,-6.38505,-41.8912,1
166,9960,65,7.29015,24.4877,-27.459,133.624,-27.5586,133.034,-27.9663,133.648,-27.3233,134.259,-26.9284,133.63,1
166,9960,67,16.1481,19.84,29.3019,179.219,29.2341,178.597,28.7943,179.264,29.3924,179.902,29.8112,179.201,1
166,9960,69,22.2276,8.65238,49.0903,-86.4017,49.5932,-86.6936,48.8579,-87.1383,48.5449,-86.0802,49.2975,-85.6867,1
166,9960,79,-8.45954,-21.3547,66.2874,-131.491,66.3572,-132.974,65.7665,-131.902,66.1897,-130.134,66.7988,-131.133,1
166,9960,80,-27.1497,-14.836,-17.3234,22.3068,-16.6738,22.4612,-17.2276,21.7617,-17.8983,22.1556,-17.4023,22.8857,1
166,9960,87,26.8151,5.48672,59.6492,-70.2505,60.1039,-70.8685,59.2684,-71.0791,59.1488,-69.5845,59.993,-69.4518,1
166,9960,89,17.644,-5.96986,11.7693,2.03796,12.2278,2.19192,11.9173,1.52102,11.2951,1.8717,11.6339,2.52394,1
166,9960,93,-37.7071,4.19913,44.7772,-99.4967,45.1366,-100.444,44.0904,-99.701,44.4628,-98.6646,45.5679,-99.2543,1
166,9960,95,36.9197,2.23827,27.5773,-7.75676,28.2572,-7.77894,27.351,-8.56541,26.8004,-7.7338,27.7662,-7.03786,1
166,9960,96,27.7708,-10.2725,4.91422,19.8949,5.46325,19.9607,4.93023,19.2248,4.32973,19.8095,4.90775,20.4963,1
166,9960,105,9.87637,24.4551,30.8655,43.4483,31.3178,43.826,31.2235,43.006,30.3541,43.0627,30.4724,43.88,1
166,9960,108,-30.0775,19.3496,-75.707,68.5372,-75.1803,69.775,-75.4015,66.0693,-76.2145,67.3894,-76.0455,71.4752,1
166,9960,122,-1.47249,-19.005,-80.3169,-136.599,-80.4083,-139.974,-80.8806,-136.502,-80.2194,-133.433,-79.7776,-136.796,1
166,9960,127,22.0736,6.2759,77.1721,43.293,77.7521,43.6349,77.1791,40.6147,76.5429,42.9786,77.1315,45.8211,2
166,9960,128,-21.2786,-14.4113,46.0441,78.7993,46.5894,79.3715,46.3761,78.1411,45.5546,78.274,45.7137,79.4876,1
166,9960,131,32.5837,1.10464,24.626,75.6032,25.277,75.7038,24.5732,74.8097,23.8992,75.4893,24.665,76.3177,1
166,9960,132,-26.4744,16.5092,-1.39468,104.243,-0.805422,104.406,-1.27295,103.594,-1.96295,104.112,-1.54919,104.973,1
166,9960,133,-25.6517,-12.1863,-27.1522,125.752,-26.455,125.761,-27.1759,125.107,-27.7788,125.732,-27.1055,126.431,1
166,9960,135,29.621,9.30089,-51.6747,-134.962,-51.456,-135.955,-52.3181,-135.145,-51.9018,-133.833,-51.0813,-134.775,1
166,9960,137,33.931,-6.69628,-1.14318,-76.4592,-1.15473,-77.1135,-1.91936,-76.2855,-1.14471,-75.7345,-0.461723,-76.616,1
166,9960,143,21.392,20.7621,33.7468,112.663,34.284,113.104,34.0801,112.082,33.1292,112.196,33.3918,113.209,2
166,9960,144,3.94066,-24.0871,2.5308,117.463,3.01654,117.795,2.99191,117.053,2.08595,117.127,2.12022,117.862,1
166,9960,146,27.3483,-14.1652,-70.2625,121.805,-69.8366,123.026,-69.7558,120.19,-70.6868,120.411,-70.6897,123.333,1
166,9960,149,26.6774,10.5779,0.688965,-59.2782,0.278097,-59.7674,0.261528,-58.8191,1.15391,-58.7407,1.10233,-59.699,1
166,9960,153,26.7449,23.2447,-8.61495,-48.7486,-8.69157,-49.4341,-9.19634,-48.6716,-8.49988,-47.9621,-8.04632,-48.7878,1
166,9960,155,38.9524,-1.93721,35.215,8.22399,35.542,7.45576,34.3941,8.03949,34.8259,9.09248,35.9245,8.38999,1
166,9960,159,21.4554,-22.6876,-17.0498,150.057,-16.503,150.054,-16.9634,149.328,-17.6005,150.027,-17.1029,150.705,1
166,9960,166,31.3453,-16.2403,20.2026,-1.54558,20.3012,-2.17267,19.4083,-1.61655,20.0674,-0.88006,20.8946,-1.49916,1
166,9960,184,-31.4977,-21.1923,7.46768,10.355,7.13164,9.62844,6.965,10.6027,7.7377,10.9871,7.98358,10.0615,1
166,9960,197,28.5139,7.29083,2.62309,31.9844,2.34466,31.3782,2.05837,32.3597,2.93836,32.6567,3.15294,31.6471,2
167,10020,8,22.3213,-3.68872,23.9597,55.2355,23.7193,54.6565,23.3983,55.5733,24.2064,55.8554,24.4786,54.9174,1
167,10020,13,17.7298,13.6514,12.4186,76.6545,12.3765,76.1172,11.9136,76.7072,12.4759,77.2367,12.9143,76.6185,1
167,10020,25,37.5876,1.95604,-80.3826,44.2451,-80.3549,40.3454,-81.08,45.5068,-80.3625,48.7125,-79.7639,43.3114,1
167,10020,29,-4.10469,-24.5877,58.1092,96.7566,57.7928,95.9221,57.6244,97.0992,58.3786,97.5671,58.5588,96.38,1
167,10020,30,36.7734,9.69251,44.6565,102.039,44.1946,101.321,44.2734,102.85,45.1922,102.878,45.009,101.316,1
167,10020,33,13.7277,20.3104,26.6649,-80.1258,27.0484,-79.7197,27.0259,-80.5045,26.2316,-80.5502,26.2842,-79.7645,1
167,10020,45,2.32812,23.3918,-12.3632,-52.638,-11.8272,-52.6244,-12.2741,-53.1712,-12.9365,-52.6268,-12.4815,-52.0795,2
167,10020,52,-19.7906,12.592,-17.5455,118.672,-17.5437,118.079,-18.1292,118.7,-17.5293,119.247,-16.9083,118.656,1
167,10020,56,-29.6656,24.2919,44.5713,-87.5233,45.2213,-87.5577,44.5023,-88.6109,43.949,-87.4313,44.6101,-86.2413,1
167,10020,58,19.1584,1.18583,-9.45174,-39.0029,-8.90852,-38.9254,-9.4097,-39.585,-10.0279,-39.0856,-9.49336,-38.4515,1
167,10020,65,-27.552,-5.84605,-24.6556,131.48,-24.6799,130.79,-25.193,131.577,-24.6347,132.106,-24.0784,131.367,1
167,10020,76,-30.3683,12.3957,-20.9124,159.873,-21.0551,159.197,-21.5341,160.142,-20.7583,160.494,-20.2024,159.582,1
167,10020,79,25.3427,5.43135,65.835,-114.323,66.1418,-115.555,65.286,-114.936,65.492,-113.005,66.3425,-113.707,1
167,10020,86,33.7074,20.5689,50.5213,-123.062,50.5809,-124.191,49.8955,-123.007,50.4593,-121.735,51.1056,-123.061,2
167,10020,89,-27.9836,-14.3059,11.0449,6.78706,11.6938,6.97132,11.157,6.25485,10.4718,6.61223,10.9451,7.35457,1
167,10020,93,37.2679,-5.38089,38.9609,-92.2405,39.3162,-92.9586,38.1927,-92.5562,38.5437,-91.4479,39.6276,-91.9634,1
167,10020,95,4.62051,21.4098,26.8039,-0.89458,27.315,-0.985945,26.7802,-1.45966,26.2614,-0.77394,26.8035,-0.305128,1
167,10020,96,-35.7979,13.4467,4.54162,28.4156,5.21359,28.5848,4.54979,27.6889,3.92717,28.2853,4.51785,29.2619,2
167,10020,104,33.199,-10.2294,65.7891,31.8825,66.255,32.8308,66.157,30.2445,65.2839,30.8489,65.4596,33.2893,1
167,10020,105,-20.2961,-13.1675,30.6943,46.3053,31.1537,46.7666,31.033,45.8488,30.2801,45.8772,30.3557,46.7854,1
167,10020,108,-31.1333,16.0916,-78.7405,75.6211,-78.1685,76.8803,-78.5355,72.3491,-79.2797,74.4479,-78.9462,79.4895,1
167,10020,113,-22.7307,23.1043,21.8432,-101.133,21.83,-101.689,21.2563,-101.136,21.8839,-100.585,22.5078,-101.105,1
167,10020,114,-40.1932,4.2759,47.1049,-72.2165,47.3796,-73.2649,46.4081,-72.2642,46.8679,-71.307,47.9181,-72.1587,1
167,10020,116,-30.2304,-4.67929,38.375,31.7771,38.9985,31.7868,38.2953,31.0967,37.8136,31.7654,38.4653,32.5193,1
167,10020,122,36.7802,-1.1186,-76.9325,-106.163,-77.2563,-109.063,-77.5267,-103.498,-76.5337,-103.025,-76.389,-108.294,1
167,10020,137,27.3915,-21.74,1.06253,-76.1026,1.00706,-76.6997,0.241501,-76.0629,1.08382,-75.4811,1.77412,-76.1585,1
167,10020,141,36.4932,6.04052,73.9836,-31.5694,73.8492,-34.2306,73.2623,-30.4292,74.1005,-28.459,74.6253,-32.6234,1
167,10020,142,34.511,18.9168,64.9569,99.5947,65.69,100.434,65.1319,97.9382,64.0777,98.7086,64.7452,101.077,1
167,10020,143,28.217,-23.6583,34.7002,111.306,35.1659,111.805,35.3194,110.541,34.2447,110.758,34.1817,111.974,1
167,10020,144,-24.4468,-13.5836,-1.94952,120.311,-1.40047,120.75,-1.60245,119.85,-2.43535,119.906,-2.29629,120.806,1
167,10020,148,27.8484,10.005,-31.5173,-61.5763,-31.9378,-62.1565,-31.9405,-61.0107,-31.0377,-60.9423,-31.1081,-62.0879,1
167,10020,149,-7.19943,-19.5421,1.70609,-62.7718,1.273,-63.1846,1.26338,-62.4358,2.09649,-62.3723,2.12274,-63.116,1
167,10020,153,-19.0871,-4.94921,-5.03195,-51.3942,-5.03593,-51.9566,-5.54353,-51.3658,-5.03142,-50.8677,-4.49702,-51.4304,1
167,10020,157,-26.8394,-22.0437,33.6715,101.665,34.4189,101.433,33.5601,100.998,33.0155,101.84,33.816,102.348,2
167,10020,164,27.7137,17.5423,-26.0032,-48.3581,-26.0052,-49.0881,-26.5996,-48.2944,-25.978,-47.5291,-25.4336,-48.3896,1
167,10020,166,31.5895,2.22816,23.962,2.84787,24.0636,2.17383,23.2872,2.86934,23.8448,3.59702,24.5734,2.83455,1
167,10020,174,-32.4948,18.7264,7.65067,-11.4909,7.27334,-12.0356,7.11327,-10.9804,8.02768,-11.0008,8.28998,-12.0718,1
167,10020,177,26.8016,16.7121,64.5584,165.374,65.0699,166.303,64.873,164.188,63.9635,164.399,64.2298,166.448,1
167,10020,184,30.7792,4.56625,10.7664,18.0484,10.6172,17.4813,10.2184,18.3124,10.9338,18.6797,11.2705,17.8131,1
167,10020,196,24.1501,24.872,-25.9912,21.6356,-26.3898,20.9375,-26.5361,21.9954,-25.5027,22.4154,-25.4318,21.3235,1
167,10020,197,39.3082,5.84166,5.60465,34.401,5.31872,33.6129,4.90541,34.9596,5.94019,35.3253,6.22447,33.9252,2
168,10080,8,32.139,22.4224,29.9936,58.7629,29.5853,57.928,29.4179,59.2315,30.4932,59.7421,30.5593,58.3573,1
168,10080,13,22.2871,3.15966,14.2445,78.7106,14.2401,78.172,13.7031,78.7666,14.2495,79.2898,14.7549,78.6625,1
168,10080,14,-8.86885,-23.4319,38.7824,104.98,38.8053,104.239,38.279,104.808,38.7357,105.658,39.274,105.117,1
168,10080,25,29.9791,15.665,-75.6088,53.9173,-75.7772,51.5072,-76.1311,54.9124,-75.3739,56.5697,-75.1068,53.1243,1
168,10080,28,-10.5006,-18.7729,27.3858,85.5263,27.0402,85.0661,26.9767,85.8162,27.6927,85.9677,27.7775,85.2207,1
168,10080,30,28.0577,3.37205,47.7286,100.193,47.3468,99.5936,47.3624,100.874,48.1454,100.861,48.0673,99.5622,1
168,10080,33,3.88208,-23.0701,26.6152,-79.4526,26.9993,-79.0623,27.0588,-79.8017,26.264,-79.8404,26.2134,-79.1101,1
168,10080,39,28.5372,18.1084,13.2305,101.509,12.7507,101.09,12.9017,101.988,13.7885,101.974,13.5626,101.067,1
168,10080,45,36.0412,3.26555,-16.0807,-54.4173,-15.4068,-54.2624,-16.1118,-55.1983,-16.849,-54.5955,-16.0593,-53.7235,1
168,10080,52,30.5355,6.01664,-18.3616,124.541,-18.3855,123.852,-19.0224,124.698,-18.3276,125.311,-17.7537,124.41,1
168,10080,65,29.2563,-18.4867,-26.0189,137.429,-26.0341,136.809,-26.7657,137.476,-26.0285,138.084,-25.3681,137.371,1
168,10080,69,-37.3269,0.374171,50.7158,-73.354,51.4718,-73.4083,50.5006,-74.3491,50.0522,-73.3002,50.955,-72.2102,2
168,10080,74,33.0104,21.018,-72.4628,78.4941,-71.9044,76.7088,-72.9967,77.103,-73.0802,80.7955,-71.9777,79.8195,1
168,10080,79,-22.3392,11.471,71.0834,-105.211,71.4705,-106.519,70.6253,-106.325,70.7152,-103.975,71.5705,-103.903,1
168,10080,86,25.2814,-2.69639,52.1358,-122.443,52.2443,-123.275,51.5623,-122.541,52.0081,-121.556,52.6642,-122.353,4
168,10080,93,37.7692,-14.6115,39.8256,-89.1511,40.2161,-89.8356,38.9997,-89.6492,39.3626,-88.4224,40.528,-88.7353,1
168,10080,95,-33.3412,-4.70204,28.6292,2.72034,29.3491,2.73644,28.5175,2.03705,27.9908,2.7039,28.7587,3.47639,1
168,10080,104,0.830274,-21.1548,63.4109,40.0924,63.8566,40.7644,63.7889,39.2214,62.9963,39.4345,63.0634,40.9273,1
168,10080,105,12.956,-23.0292,27.692,42.8592,28.111,43.2306,28.1587,42.3999,27.2981,42.4753,27.2809,43.2913,1
168,10080,106,-6.79225,-18.5359,-8.66645,46.5015,-8.22919,46.8361,-8.3002,46.1377,-9.06577,46.1731,-9.0093,46.8702,1
168,10080,108,25.6337,-8.9593,-81.4937,47.1968,-81.1168,49.7781,-81.0499,44.1834,-81.8637,44.1434,-81.8686,50.2378,1
168,10080,113,-29.8835,6.31494,24.0425,-100.384,24.0607,-101.019,23.4839,-100.301,24.0325,-99.7987,24.6646,-100.472,1
168,10080,114,-40.7158,2.44624,49.1588,-68.0166,49.4735,-69.1206,48.4622,-68.1038,48.8858,-67.0679,49.9716,-67.9155,1
168,10080,116,-32.0607,-7.25029,36.0838,34.9456,36.7476,34.9748,36.0091,34.2685,35.4941,34.9142,36.1729,35.6858,1
168,10080,121,21.6223,18.9215,-72.4188,93.4498,-71.8526,94.4286,-72.1379,91.7578,-73.0553,92.344,-72.7032,95.1151,1
168,10080,126,36.2248,-1.30764,68.3481,-71.8417,68.2103,-73.735,67.5993,-70.9212,68.4704,-69.6683,69.0026,-72.6934,2
168,10080,127,20.3353,-14.9496,72.7594,54.7098,73.2871,55.3588,72.9859,52.5782,72.222,54.0186,72.5476,56.617,1
168,10080,128,15.5417,13.8845,35.3837,75.4671,35.8517,75.8701,35.6947,74.907,34.8687,75.0515,35.0604,76.0032,1
168,10080,137,-30.1986,-10.2192,8.50379,-78.0365,8.3969,-78.7884,7.91602,-77.8734,8.5888,-77.3679,9.1338,-78.2307,1
168,10080,139,28.918,3.00169,50.2842,-3.50371,50.6661,-4.27487,49.7039,-3.99704,49.8577,-2.66647,50.8115,-3.03163,1
168,10080,141,-15.5298,-19.3506,77.0764,-50.3277,76.6648,-52.5661,76.5956,-49.0859,77.4184,-48.1147,77.5364,-51.7565,1
168,10080,143,-35.4448,-16.8507,30.8769,119.418,31.5953,120.152,31.2396,118.753,30.2744,118.789,30.506,120.161,1
168,10080,146,11.2306,-16.7504,-77.2756,131.843,-76.795,132.98,-76.9242,129.648,-77.7372,130.548,-77.5715,134.032,1
168,10080,148,38.2751,6.67423,-28.1077,-59.9594,-28.577,-60.678,-28.5928,-59.1956,-27.5531,-59.1325,-27.6642,-60.6158,1
168,10080,153,30.0756,-22.4503,-6.8715,-47.0383,-6.83555,-47.6291,-7.70681,-47.1061,-6.94632,-46.4227,-6.15344,-47.0018,1
168,10080,155,-19.8433,13.1938,44.1878,15.3488,44.4309,14.6839,43.6846,15.0262,43.9625,15.9991,44.7307,15.7234,1
168,10080,157,-31.6273,-15.9571,31.4206,105.887,32.2013,105.761,31.2863,105.213,30.7397,105.978,31.5871,106.604,1
168,10080,159,-16.3645,-17.6644,-20.1917,158.253,-19.5926,158.166,-20.2156,157.702,-20.7417,158.317,-20.1449,158.806,1
168,10080,171,37.1194,-2.71679,-80.3435,149.104,-80.1501,153.012,-79.6292,146.86,-80.498,144.496,-80.9539,151.339,1
168,10080,174,-29.854,-9.58767,8.3762,-11.392,7.87489,-11.9121,8.00838,-10.9269,8.81631,-10.9224,8.76001,-11.9052,1
168,10080,175,32.1296,17.3602,47.1336,-3.55659,46.644,-4.33028,46.7213,-2.81184,47.7078,-2.66163,47.5355,-4.23378,3
168,10080,176,-16.9571,-11.8156,80.1795,-16.2819,79.694,-18.1753,79.864,-13.8978,80.6129,-14.3036,80.472,-18.9266,1
168,10080,184,18.6175,11.6664,15.2207,18.6874,15.0535,18.1899,14.7587,18.8754,15.4103,19.2232,15.6741,18.5164,1
168,10080,186,36.9389,-10.3492,61.1079,94.4898,61.5787,93.6697,60.4746,93.5009,60.565,95.3443,61.6521,95.3608,2
168,10080,196,27.08,14.8461,-23.668,22.6255,-23.9877,21.9553,-24.2082,23.0205,-23.2897,23.3687,-23.1426,22.276,1
168,10080,197,-33.1475,-23.6641,8.21055,26.3156,7.63217,25.4394,7.6464,26.7039,8.67258,27.0653,8.77897,25.8604,1
168,10080,198,30.5025,-23.3225,39.6374,47.6702,39.4808,46.8413,38.6954,47.9274,39.75,48.554,40.4323,47.4144,1
169,10140,0,19.5443,2.99858,66.88,178.841,67.455,178.794,66.8107,177.334,66.2667,178.894,66.9275,-179.719,1
169,10140,8,-22.9601,4.58363,33.2326,52.6535,32.9752,51.979,32.7116,53.0117,33.4785,53.2886,33.7973,52.2644,1
169,10140,14,32.3534,-16.6696,37.8223,111.81,38.0384,111.129,37.0716,111.525,37.5601,112.523,38.4758,112.043,1
169,10140,20,15.5269,-10.2595,72.2243,-135.424,72.6909,-135.196,72.2982,-137.12,71.7486,-135.679,72.1501,-133.846,1
169,10140,21,34.7089,5.4602,37.0536,-110.175,37.5638,-109.721,37.2939,-110.944,36.4704,-110.68,36.8241,-109.492,1
169,10140,25,-28.2626,5.57117,-70.3966,44.2229,-70.3988,42.5137,-70.9432,44.5082,-70.3721,45.8029,-69.7919,43.9363,1
169,10140,28,-25.7781,10.8231,33.9007,85.0037,33.6357,84.4357,33.4497,85.387,34.1606,85.5356,34.404,84.5842,1
169,10140,30,12.0322,-24.4958,48.9616,97.6027,48.5497,97.1265,48.4986,98.1793,49.3423,98.1049,49.3644,97.0447,1
169,10140,32,-32.9695,-3.82359,56.7105,-70.8657,57.0541,-69.7858,57.1444,-71.5891,56.3977,-71.8121,56.2311,-70.0736,1
169,10140,33,29.2542,-2.24114,21.1343,-82.4966,21.4752,-82.0282,21.5575,-82.9848,20.7647,-83.0089,20.7489,-82.0557,1
169,10140,39,35.3279,-0.665328,15.2209,102,14.8203,101.506,14.8022,102.591,15.6668,102.561,15.5929,101.476,1
169,10140,40,23.3646,16.3841,16.2112,133.354,16.1425,132.726,15.6531,133.449,16.3022,134.051,16.7535,133.284,1
169,10140,45,-13.5062,-22.6907,-13.9692,-49.9201,-13.3364,-49.9459,-13.8899,-50.4727,-14.5442,-49.9189,-14.0187,-49.3743,2
169,10140,52,36.4472,-16.8085,-18.0402,125.713,-17.9848,124.999,-19.0098,125.799,-18.1341,126.497,-17.2226,125.625,1
169,10140,56,-12.789,-21.904,41.5694,-86.5703,42.1903,-86.8154,41.5064,-87.3143,40.9971,-86.3786,41.6533,-85.8432,1
169,10140,65,35.6014,7.60967,-21.3533,142.08,-21.4047,141.36,-22.0081,142.32,-21.2849,142.904,-20.7607,141.88,1
169,10140,68,30.5738,23.228,51.9941,-123.429,52.3968,-124.388,51.4744,-123.925,51.5341,-122.305,52.468,-122.893,4
169,10140,71,-39.3393,7.38698,17.0773,-10.6738,17.7374,-10.1527,17.3289,-11.4572,16.4873,-11.1134,16.7739,-9.75876,1
169,10140,86,30.8484,-20.5068,52.7574,-119.458,52.92,-120.346,52.0034,-119.81,52.5475,-118.544,53.4115,-119.174,1
169,10140,89,-37.5504,2.28208,3.43253,11.5945,4.08972,11.9257,3.5536,10.9406,2.85062,11.3097,3.29499,12.3437,1
169,10140,93,22.3304,-18.7732,42.6972,-85.5658,42.963,-86.194,42.1412,-86.06,42.4001,-84.9459,43.202,-85.1357,2
169,10140,95,-25.5425,-2.86151,25.2735,5.09895,25.8763,5.10384,25.2151,4.50167,24.7192,5.09332,25.3389,5.741,1
169,10140,104,27.0699,-23.4955,59.8583,35.6452,60.3052,36.3544,60.3882,34.4646,59.4178,34.8787,59.4078,36.6666,1
169,10140,105,-37.3328,-16.7725,23.8825,48.2752,24.5639,48.975,24.2349,47.6756,23.3162,47.6791,23.5192,48.9542,1
169,10140,108,-19.543,4.73241,-84.4455,96.8987,-83.9096,96.5704,-84.4918,91.4812,-84.9559,97.346,-84.3462,102.549,1
169,10140,115,16.8662,22.4969,48.6213,-2.49196,49.0817,-2.91876,48.3954,-3.15051,48.1198,-1.99996,48.8215,-1.80627,2
169,10140,121,9.79875,22.7606,-75.9329,101.736,-75.3744,102.477,-75.6878,99.7047,-76.5472,100.962,-76.1931,103.853,1
169,10140,125,-20.8586,-23.6508,36.116,-96.8999,35.559,-97.537,35.6539,-96.4492,36.5884,-96.3085,36.5551,-97.3905,1
169,10140,128,-3.95075,-22.434,35.4059,77.4684,35.923,77.8552,35.8031,76.9513,34.9347,77.0877,35.0433,77.9777,1
169,10140,130,30.9734,-8.76451,41.6921,51.5609,42.3075,51.4836,41.5088,50.5831,41.0215,51.622,41.8545,52.4308,1
169,10140,137,30.8904,5.59237,9.19542,-70.0096,9.14702,-70.6695,8.53846,-69.8329,9.25194,-69.2715,9.79851,-70.1616,1
169,10140,141,-32.5233,-22.0318,80.4355,-58.0077,79.7392,-61.8072,79.9774,-55.3063,80.9716,-54.2544,80.8631,-61.3388,1
169,10140,142,10.2206,-23.8494,62.8496,106.798,63.3529,107.422,63.2805,105.716,62.3751,106.161,62.4677,107.793,2
169,10140,143,25.6019,9.64099,23.6808,112.625,24.1579,113.065,24.0206,112.061,23.146,112.15,23.3469,113.145,1
169,10140,148,31.6785,19.6532,-22.8887,-60.9558,-23.4244,-61.5555,-23.3087,-60.3773,-22.2453,-60.2803,-22.4659,-61.4715,1
169,10140,157,-35.7348,7.63996,27.7579,111.512,28.4678,111.61,27.6643,110.734,27.1195,111.441,27.8542,112.407,1
169,10140,164,-30.193,-7.99814,-18.5793,-49.0726,-18.532,-49.8158,-19.1657,-49.0254,-18.6252,-48.4093,-17.9444,-49.1378,2
169,10140,166,37.7544,13.4955,28.7554,10.7016,28.9042,9.82559,28.0082,10.7647,28.5861,11.7343,29.4262,10.6739,1
169,10140,168,-39.9835,-1.78386,45.3807,101.751,46.2455,101.555,45.0385,100.824,44.6377,101.919,45.7754,102.829,1
169,10140,171,-34.6525,9.2535,-84.6369,-144.693,-83.9412,-143.39,-84.6171,-152.204,-85.2665,-146.001,-84.5551,-136.162,2
169,10140,175,23.8472,-17.4594,47.3341,-5.22323,46.9798,-5.84946,46.7855,-4.59495,47.6772,-4.54413,47.8106,-5.81391,1
169,10140,182,-35.3211,18.1354,-41.5524,-21.0193,-41.4852,-21.8733,-42.2646,-20.9277,-41.5789,-20.2306,-40.7134,-21.0996,1
169,10140,184,-21.5649,-1.43988,19.118,16.5241,18.9633,15.9839,18.6565,16.7144,19.2613,17.0306,19.6071,16.318,1
169,10140,196,38.9431,0.814949,-22.0973,24.8587,-22.3567,24.0429,-22.8238,25.4563,-21.798,25.8013,-21.4611,24.3525,1
169,10140,197,35.5605,-11.7956,10.8016,35.0399,10.6026,34.3531,9.97861,35.4772,10.995,35.8087,11.5039,34.6527,1
170,10200,0,20.1535,-24.4143,66.2759,179.93,66.8812,179.839,66.3502,177.994,65.6711,179.927,66.2156,-178.365,1
170,10200,7,-18.9193,13.1062,2.87292,43.8759,2.6129,43.3541,2.34282,44.1648,3.14136,44.376,3.45698,43.573,1
170,10200,8,29.2302,-8.17523,33.7745,59.3652,33.5721,58.6489,33.0959,59.76,33.9742,60.1488,34.3773,58.9997,1
170,10200,9,25.7166,5.07771,65.9588,91.4639,66.0117,89.9322,65.3125,91.511,65.8873,93.1338,66.5619,91.4396,2
170,10200,11,-28.5893,20.803,-28.6338,30.7837,-28.507,30.138,-29.2876,30.6713,-28.7222,31.4094,-27.885,30.9357,1
170,10200,14,36.5072,-18.7033,39.009,115.743,39.2963,115.03,38.1524,115.352,38.6578,116.495,39.7354,116.06,1
170,10200,20,-29.7523,10.5968,69.1191,-116.953,69.605,-116.058,69.3486,-118.483,68.656,-117.716,68.837,-115.286,1
170,10200,21,32.8816,-22.129,36.1473,-109.887,36.5975,-109.451,36.6387,-110.727,35.6908,-110.381,35.7414,-109.167,1
170,10200,25,36.1904,-3.15601,-70.6182,63.8554,-70.7963,62.0703,-71.2303,65.0431,-70.4054,65.8328,-70.0746,62.8707,1
170,10200,26,-20.709,0.617055,-34.1861,72.3181,-34.4441,71.7701,-34.5927,72.655,-33.9392,72.8303,-33.753,71.9625,1
170,10200,28,-31.295,-21.5427,34.6543,84.1568,34.1346,83.4299,34.235,84.6021,35.0817,84.8027,35.0715,83.6507,1
170,10200,30,-13.9881,-16.5674,53.3259,93.3242,52.8684,92.806,53.0136,93.9502,53.7386,93.833,53.6212,92.6693,1
170,10200,36,32.2901,-5.62128,-84.2241,-175.062,-84.6913,-171.567,-83.7279,-170.602,-83.6845,-178.214,-84.634,-179.676,1
170,10200,39,28.2655,12.2788,20.2136,100.696,19.7816,100.265,19.8783,101.19,20.7047,101.174,20.5404,100.241,1
170,10200,43,10.0839,23.3085,33.2353,-95.3797,33.7904,-95.4821,33.2179,-96.011,32.6327,-95.2405,33.2223,-94.7279,1
170,10200,44,31.9985,-11.3121,7.79054,-73.2066,8.3787,-73.066,7.85933,-73.9753,7.15623,-73.3784,7.73848,-72.5307,2
170,10200,45,-35.1273,-0.965721,-16.8425,-44.3891,-16.1005,-44.2507,-16.8835,-45.0782,-17.4998,-44.5097,-16.7878,-43.6144,1
170,10200,56,25.4599,-2.08114,35.2373,-83.7947,35.8188,-83.8396,35.1209,-84.5674,34.6107,-83.7531,35.3403,-83.0815,1
170,10200,65,33.9731,15.0544,-17.547,144.499,-17.6545,143.78,-18.1555,144.734,-17.4043,145.327,-16.9797,144.308,1
170,10200,68,21.8721,-11.581,52.9712,-123.314,53.3153,-123.943,52.5211,-123.962,52.599,-122.686,53.3859,-122.722,4
170,10200,71,20.0967,11.139,11.1761,-15.3515,11.7004,-15.127,11.3617,-15.8864,10.6016,-15.5846,10.9829,-14.841,1
170,10200,74,34.754,5.19956,-72.0726,96.7495,-71.6645,94.9472,-72.7539,95.8497,-72.5135,98.9017,-71.4622,97.5342,1
170,10200,79,-29.8659,-5.86558,71.7099,-87.403,72.3074,-88.6127,71.3174,-88.8414,71.1655,-86.391,72.1326,-85.7924,1
170,10200,88,-37.5179,17.1233,30.3588,-3.84776,30.9634,-3.46111,30.5503,-4.69743,29.7971,-4.16251,30.1072,-2.84941,1
170,10200,89,-31.6295,11.5325,-1.06417,12.8519,-0.51755,13.12,-0.892369,12.2517,-1.57599,12.6197,-1.26923,13.5304,1
170,10200,95,-39.3424,7.81583,23.1302,10.0766,23.8959,10.2571,23.0517,9.26245,22.4539,9.93725,23.2117,11.033,1
170,10200,105,-38.3005,14.059,16.6255,48.3547,17.0279,49.0101,17.1424,47.7405,16.242,47.7867,16.0007,49.0678,1
170,10200,115,21.4022,-7.73953,47.8516,-1.27387,48.2985,-1.54549,47.6211,-2.00744,47.3793,-1.00703,48.0658,-0.593885,4
170,10200,121,20.7424,5.03588,-78.1829,100.109,-77.6675,101.299,-77.9533,97.4981,-78.7329,98.7277,-78.385,102.666,1
170,10200,125,29.1194,-14.7487,40.0065,-90.0636,39.709,-90.7592,39.3448,-89.5097,40.2963,-89.301,40.5791,-90.5755,1
170,10200,127,27.0882,18.7372,62.2814,63.518,62.917,64.1396,62.4886,62.238,61.5458,62.8816,62.0448,64.7024,3
170,10200,128,28.5387,15.1958,27.4767,74.6258,28.034,75.0831,27.7879,73.9894,26.8334,74.1275,27.1601,75.2085,1
170,10200,142,-32.9796,18.4103,55.1751,116.961,55.5879,117.948,55.7134,115.968,54.7584,116.097,54.5214,118.06,1
170,10200,148,28.8445,0.367215,-21.3285,-61.5301,-21.7044,-62.0641,-21.7972,-60.9996,-20.9162,-60.9456,-20.8969,-62.0089,1
170,10200,152,-29.9869,18.8563,-19.6681,-69.3872,-19.5368,-70.0234,-20.3493,-69.4646,-19.7614,-68.7792,-18.8861,-69.2778,1
170,10200,156,-37.3106,-0.0807214,46.055,76.3289,46.8113,76.0387,45.7031,75.4844,45.3926,76.5831,46.4533,77.3011,1
170,10200,157,-30.947,-12.9273,26.2196,112.158,26.9642,112.108,26.1184,111.517,25.5642,112.189,26.3464,112.845,1
170,10200,164,38.6015,5.9695,-19.8422,-40.1665,-19.776,-40.957,-20.6171,-39.9832,-19.9121,-39.2456,-19.1577,-40.3118,1
170,10200,166,31.7933,19.9821,31.9256,14.0794,32.0298,13.2258,31.2825,14.0625,31.8189,15.0754,32.5281,14.1349,1
170,10200,168,-35.049,-7.86132,43.2507,104.844,44.0291,104.614,42.9862,104.044,42.5697,105.033,43.5526,105.732,1
170,10200,171,-17.3318,19.8799,-88.0534,-74.6426,-87.7884,-87.6769,-88.5635,-84.4401,-88.1662,-58.6117,-87.4596,-68.1205,1
170,10200,174,33.2623,22.1945,19.3568,-5.34806,18.7778,-5.91198,18.9676,-4.77208,20.0568,-4.69594,19.752,-5.86506,3
170,10200,184,26.2321,-20.9458,18.9811,21.0845,18.851,20.5448,18.2939,21.2317,19.0853,21.6501,19.58,20.9352,1
170,10200,186,3.12348,22.5768,63.2901,117.448,63.7043,116.846,63.0801,116.479,62.8571,118.112,63.4823,118.5,1
170,10200,196,37.4534,1.4263,-18.4052,25.566,-18.6688,24.8012,-19.1002,26.1135,-18.1029,26.4428,-17.7905,25.0969,1
171,10260,0,-34.569,-8.21909,65.586,-160.927,66.3991,-160.232,65.6621,-162.589,64.8763,-161.512,65.4988,-159.091,1
171,10260,7,-25.1159,-23.124,2.89167,42.8911,2.38552,42.2203,2.36469,43.2157,3.3127,43.4898,3.40887,42.5265,1
171,10260,8,-21.2486,9.33179,40.752,55.3703,40.5196,54.6422,40.2121,55.7276,40.9822,56.0651,41.3423,54.9857,2
171,10260,13,-31.5712,21.5099,27.2815,84.0077,27.3786,83.3277,26.5742,83.9617,27.2207,84.6544,28.1061,84.0884,1
171,10260,14,15.9036,-14.7416,43.0283,119.588,43.2011,118.953,42.512,119.279,42.8343,120.219,43.5096,119.862,1
171,10260,21,34.402,-15.4303,31.7292,-109.051,32.1686,-108.607,32.1513,-109.832,31.2662,-109.553,31.373,-108.376,1
171,10260,30,-32.7763,18.1986,60.0608,87.7281,59.617,86.8733,59.6559,88.8323,60.4886,88.5034,60.5347,86.4332,1
171,10260,32,17.0157,10.6585,48.3302,-80.2756,48.6742,-79.7174,48.6796,-80.8093,47.9507,-80.8574,47.9794,-79.7752,1
171,10260,39,-31.2718,17.1772,24.2608,94.3411,23.8742,93.8386,23.8197,94.8747,24.6404,94.7957,24.7788,93.7355,1
171,10260,44,39.8471,7.97624,2.50141,-70.6349,3.27104,-70.4679,2.4098,-71.4499,1.59364,-70.8263,2.56339,-69.9196,1
171,10260,45,-21.1716,5.50073,-21.1916,-42.8205,-20.6367,-42.7565,-21.1769,-43.4062,-21.7194,-42.8738,-21.2095,-42.1895,1
171,10260,55,-17.3976,12.1832,52.4014,-120.877,52.8746,-121.348,52.0925,-121.655,51.9456,-120.406,52.7193,-120.013,3
171,10260,56,-36.8562,-17.3441,39.0119,-77.0396,40.0029,-77.1376,38.8454,-77.8967,38.177,-76.9803,39.2249,-76.102,1
171,10260,65,9.32681,-22.6149,-15.9251,142.274,-16.0414,141.749,-16.5007,142.289,-15.8349,142.788,-15.3966,142.239,1
171,10260,74,37.9853,0.923993,-71.4156,106.905,-71.0585,104.933,-72.2223,106.36,-71.8035,109.252,-70.7107,107.365,1
171,10260,79,-30.0146,3.37543,70.3175,-73.7795,70.9581,-74.3102,70.0437,-75.437,69.7324,-73.3033,70.6017,-71.8893,1
171,10260,86,-22.4311,11.8496,62.0423,-106.498,62.2796,-107.498,61.5462,-106.945,61.8206,-105.539,62.5802,-105.969,1
171,10260,88,27.1146,13.1465,24.5074,-8.12796,25.0764,-7.98566,24.5679,-8.73879,23.868,-8.27249,24.4308,-7.55391,1
171,10260,92,32.845,24.8443,31.2276,-112.524,31.3045,-113.436,30.5855,-112.536,31.1562,-111.438,31.8341,-112.461,1
171,10260,95,30.3788,-3.64615,16.3814,6.63767,16.9613,6.68241,16.3196,5.94644,15.7474,6.58117,16.4365,7.26048,1
171,10260,102,-19.6931,24.6869,60.0984,-134.201,59.7382,-135.019,59.5974,-133.474,60.48,-133.406,60.6751,-135.006,1
171,10260,104,-36.9029,-12.0176,51.6903,47.4716,52.2706,48.5088,52.0605,46.61,51.1935,46.5939,51.2908,48.4364,2
171,10260,105,19.1361,18.1766,12.5153,42.4359,12.9608,42.8019,12.8484,42.0121,12.0117,42.0479,12.1691,42.8377,1
171,10260,108,21.2489,7.82434,-85.5392,-144.579,-85.8253,-150.696,-85.945,-139.698,-85.1745,-138.896,-85.1211,-148.36,1
171,10260,116,-28.1789,-1.576,27.0859,43.4877,27.6659,43.5738,27.0778,42.8948,26.5559,43.4104,27.0958,44.1328,1
171,10260,121,18.6116,0.332516,-81.0964,108.43,-80.5716,109.497,-80.9299,104.864,-81.647,107.151,-81.2234,111.918,1
171,10260,126,33.3485,19.0231,78.9493,-40.356,79.089,-44.4603,78.2461,-40.5347,78.7383,-35.6658,79.5994,-39.9748,1
171,10260,127,22.4504,-24.2937,63.2781,63.758,63.8089,64.3715,63.7275,62.2993,62.7589,63.0905,62.8925,65.03,1
171,10260,128,27.3383,-10.4201,26.5038,74.7048,26.9459,75.1531,26.9356,74.058,26.0422,74.2163,26.1214,75.2869,2
171,10260,130,29.043,24.964,35.0785,62.6804,35.8385,62.5139,34.9473,61.9135,34.1919,62.9072,35.1576,63.433,1
171,10260,139,39.3572,-8.34652,49.5401,11.3083,50.1643,10.7087,48.8292,10.3383,48.8144,11.9443,50.1409,12.1488,1
171,10260,142,-34.9732,4.39045,53.0685,117.292,53.5381,118.302,53.5006,116.339,52.6335,116.419,52.5665,118.352,1
171,10260,148,22.4075,-10.4813,-18.6324,-62.3886,-18.9798,-62.8575,-19.133,-61.9385,-18.2796,-61.8904,-18.1804,-62.8049,1
171,10260,152,36.8461,15.9534,-22.0902,-61.9853,-22.0677,-62.8192,-22.7893,-61.8213,-22.0945,-61.0004,-21.4516,-62.1017,1
171,10260,155,-37.0015,8.89653,49.2368,29.3092,49.7566,28.5074,48.6074,28.7667,48.7802,30.029,49.96,29.9658,1
171,10260,156,-36.8578,-1.36059,44.5337,80.765,45.2947,80.5269,44.2175,79.933,43.8667,80.9725,44.8914,81.7155,1
171,10260,157,-37.1669,1.95619,23.2017,116.801,23.9629,116.912,23.1002,116.058,22.5303,116.711,23.3159,117.652,1
171,10260,158,14.2514,-14.5215,-4.96461,137.773,-4.45817,137.784,-4.91651,137.203,-5.47442,137.745,-4.9959,138.303,1
171,10260,164,23.6114,-19.5756,-17.7207,-40.9962,-17.7076,-41.5759,-18.4248,-41.0537,-17.7601,-40.402,-17.0942,-40.9646,2
171,10260,166,-16.9505,-22.8175,35.4065,10.0406,35.421,9.22712,34.8718,9.91432,35.3673,10.7698,35.9417,10.1323,1
171,10260,167,-29.4283,-14.2839,50.2592,56.9428,50.7255,56.0345,49.7818,56.4313,49.8326,57.7162,50.779,57.47,3
171,10260,168,33.9846,0.684157,34.9004,105.408,35.5411,105.285,34.6293,104.594,34.1805,105.539,35.1337,106.141,1
171,10260,171,23.6005,23.3364,-84.5637,12.5074,-85.1906,10.0822,-84.7244,18.4577,-83.8329,14.4369,-84.3211,7.18445,1
171,10260,174,-30.127,-20.0912,18.4923,-12.2879,17.8545,-12.842,18.1191,-11.7975,19.0295,-11.7904,18.8573,-12.8296,1
171,10260,175,22.4423,22.9045,58.9007,-4.84987,58.4281,-5.70161,58.4942,-4.08018,59.4467,-3.8912,59.3204,-5.58249,1
171,10260,184,27.815,-10.6336,23.1389,23.417,23.0384,22.856,22.5272,23.6081,23.2291,24.0193,23.685,23.2352,1
171,10260,185,18.6461,3.04139,53.4305,52.1062,53.4711,51.2901,52.9261,52.0852,53.3831,52.9714,53.9113,52.1334,1
171,10260,186,35.2643,21.6756,58.9863,123.26,59.6578,122.61,58.6123,122.257,58.1941,124.039,59.2948,124.248,3
171,10260,196,23.0039,-11.0094,-15.5288,24.1485,-15.7651,23.5903,-16.1498,24.465,-15.2952,24.7389,-14.9681,23.8528,1
171,10260,199,27.3991,-12.3457,69.1922,123.029,69.701,122.037,68.7129,121.379,68.6342,123.985,69.615,124.542,1
172,10320,0,-31.228,-16.9681,62.9655,-159.095,63.8124,-158.585,63.0766,-160.501,62.2351,-159.548,62.8628,-157.589,1
172,10320,7,-15.3759,-11.9946,7.55697,45.0303,7.22581,44.5005,7.07922,45.3143,7.85476,45.5302,8.03513,44.7273,1
172,10320,13,-34.5261,-21.2614,27.0082,82.8694,26.9254,81.8703,26.4117,82.975,27.0529,83.7156,27.6425,82.7108,1
172,10320,14,-35.7663,-19.481,48.6746,120.35,48.9462,119.046,48.0717,120.166,48.4173,121.43,49.337,120.498,1
172,10320,20,-33.5532,-21.6064,65.1069,-112.836,65.8753,-111.995,65.3116,-114.119,64.4593,-113.554,64.9112,-111.456,1
172,10320,21,-2.60692,-23.4157,29.1376,-104.614,29.6087,-104.337,29.4702,-105.064,28.7069,-104.893,28.8383,-104.175,1
172,10320,28,35.7012,3.47108,43.1587,94.322,42.9112,93.5282,42.6139,94.8839,43.4337,95.2316,43.6468,93.8211,1
172,10320,30,22.4639,-9.01169,61.7627,97.4456,61.4102,96.69,61.3646,98.3272,62.1196,98.2736,62.1176,96.606,2
172,10320,31,29.2716,5.54049,80.9296,-80.8843,81.2957,-78.0192,81.2974,-83.9149,80.4969,-83.7812,80.5638,-78.3397,1
172,10320,36,3.1742,-20.2907,-82.5355,122.363,-83.0185,121.195,-82.754,126.064,-82.075,123.487,-82.3191,119.01,2
172,10320,39,23.4734,-20.6391,24.6779,99.4932,24.3055,99.0905,24.1715,99.9785,25.038,99.9286,25.1132,99.0445,1
172,10320,43,-37.0874,10.8743,32.036,-86.3586,32.7589,-86.1476,32.0126,-87.2439,31.3842,-86.5211,32.0457,-85.3252,1
172,10320,44,32.8575,-22.0636,2.81782,-69.8862,3.41966,-69.7399,3.00589,-70.7797,2.18834,-70.0817,2.67892,-69.1249,1
172,10320,55,-1.75944,-21.9589,50.8697,-120.824,51.3173,-121.423,50.5994,-121.623,50.4318,-120.299,51.1421,-120.075,3
172,10320,68,-37.6718,4.56927,58.4221,-107.318,59.0865,-107.963,57.9489,-108.272,57.8374,-106.751,58.9572,-106.185,1
172,10320,74,34.9148,19.2533,-68.0351,120.605,-67.9346,118.493,-68.7376,120.749,-68.0968,123.125,-67.3858,120.572,1
172,10320,78,-39.4845,1.80957,61.3458,-157.39,61.3739,-159.182,60.6127,-156.97,61.3108,-155.839,62.1938,-157.912,1
172,10320,79,37.7807,-15.4188,63.231,-77.0554,63.9001,-77.4001,62.818,-78.9963,62.4786,-76.7618,63.5706,-75.3904,1
172,10320,86,-29.8186,-4.8874,63.5522,-102.678,63.8598,-103.942,63.0346,-103.108,63.2634,-101.566,64.1172,-102.21,1
172,10320,88,16.4151,23.4933,21.0245,-4.79802,21.5778,-4.70558,21.1456,-5.32625,20.4058,-4.87536,20.8733,-4.27241,2
172,10320,92,-29.6993,-12.3874,36.0306,-117.103,36.131,-117.975,35.464,-117.136,35.9259,-116.335,36.6387,-117.093,1
172,10320,93,-37.1915,4.69725,50.7823,-68.1157,51.3655,-68.8585,50.2153,-68.7492,50.2688,-67.4603,51.4292,-67.366,1
172,10320,95,38.2002,-11.7315,13.6747,7.75115,14.327,7.87238,13.6203,6.83742,12.9474,7.59086,13.7276,8.52815,1
172,10320,102,16.861,12.6891,62.3116,-127.267,61.9822,-128.163,61.9087,-126.574,62.6703,-126.294,62.712,-127.94,1
172,10320,103,-10.4187,21.8359,80.3939,34.3033,80.8172,36.0788,80.7281,31.6945,79.9384,32.7602,79.9934,36.8523,1
172,10320,108,36.7633,-4.12941,-82.9126,-126.516,-83.3623,-130.571,-83.2792,-120.676,-82.3758,-122.472,-82.5395,-131.108,1
172,10320,113,-37.1663,-7.16117,34.9605,-91.396,35.0075,-92.3222,34.3597,-91.2646,34.9099,-90.5944,35.6322,-91.5633,1
172,10320,115,-39.1245,-3.15525,49.415,12.7154,50.188,12.5742,49.1511,11.8058,48.7468,12.8351,49.7169,13.7615,1
172,10320,116,33.0702,-8.44607,21.1327,41.0979,21.6843,41.2069,21.1364,40.3596,20.5304,40.9645,21.1328,41.7491,1
172,10320,121,27.6554,-7.19362,-84.1562,113.178,-83.5794,114.754,-83.9893,106.547,-84.7662,110.969,-84.2313,119.42,1
172,10320,126,25.991,-19.6162,79.4132,-45.9639,79.5215,-49.1748,78.6479,-46.9087,79.2372,-42.7596,80.0878,-45.1241,1
172,10320,127,-37.8886,-0.697389,58.3309,78.8367,58.8938,80.0907,58.7208,77.6206,57.8274,77.783,57.8769,80.2041,1
172,10320,130,33.6067,-19.518,35.4764,60.7551,36.1209,60.7949,35.4433,59.6176,34.7856,60.6663,35.5153,61.7225,1
172,10320,139,32.3085,-21.5053,50.408,14.7158,50.9385,14.163,49.8719,13.54,49.8198,15.2353,50.8718,15.7171,1
172,10320,142,-21.5114,-3.70194,50.1014,114.63,50.5548,115.281,50.445,113.937,49.6779,114.032,49.7382,115.358,1
172,10320,146,13.8907,-15.7143,-85.9556,-110.613,-85.9031,-118.244,-86.5655,-111.726,-85.9543,-102.87,-85.3885,-110.032,1
172,10320,148,-17.8286,5.02583,-13.0778,-66.2117,-13.4228,-66.6719,-13.4958,-65.8376,-12.7407,-65.7758,-12.6294,-66.6054,1
172,10320,152,-36.1017,14.2411,-14.2722,-64.9065,-14.1006,-65.6114,-15.0166,-64.9133,-14.4013,-64.261,-13.4015,-64.8836,1
172,10320,154,36.7944,16.3289,29.8245,-5.0165,29.9805,-5.89274,29.111,-4.99218,29.6497,-3.98073,30.4713,-5.00424,2
172,10320,155,31.3058,0.759282,42.9989,34.7013,43.4113,34.0889,42.4328,34.221,42.5363,35.3685,43.5073,35.148,1
172,10320,156,-2.40251,-20.5663,40.4456,81.0134,40.939,80.7071,40.3103,80.3384,39.9712,81.2745,40.5913,81.6542,1
172,10320,157,-35.9561,6.41161,20.1215,119.702,20.835,119.83,20.0572,118.968,19.4816,119.601,20.1874,120.544,1
172,10320,158,14.1454,-24.2014,-6.98919,139.469,-6.44845,139.447,-6.88178,138.831,-7.51842,139.462,-7.06267,140.048,1
172,10320,166,19.9521,-15.2382,35.177,16.6673,35.3087,16.0397,34.5743,16.452,35.0199,17.3022,35.7293,16.8499,1
172,10320,167,30.4106,0.15627,44.6056,64.6645,45.0778,64.131,44.1038,64.0518,44.0801,65.2399,45.0559,65.2327,1
172,10320,168,22.4864,-21.6455,35.2435,107.603,35.7842,107.454,35.1547,106.737,34.6882,107.715,35.3373,108.368,1
172,10320,169,12.4082,21.4942,9.8772,141.823,10.4365,141.791,9.89261,141.29,9.26732,141.88,9.8352,142.363,1
172,10320,171,-9.01771,-20.9231,-85.401,-22.0494,-85.7472,-28.2727,-85.8635,-18.4633,-85.0541,-16.9571,-84.9472,-25.1378,1
172,10320,174,33.6421,-13.6369,22.8873,-5.72029,22.5286,-6.27446,22.285,-5.10828,23.2552,-5.09739,23.3988,-6.2644,1
172,10320,184,22.119,2.40814,27.7715,25.3299,27.6571,24.7754,27.2697,25.5154,27.8927,25.9259,28.2449,25.1578,1
172,10320,186,36.8603,6.34927,57.9595,126.639,58.6,126.319,57.6063,125.516,57.2227,127.002,58.255,127.669,6
172,10320,196,37.2136,6.56965,-10.6951,27.5226,-10.9952,26.7735,-11.347,28.0532,-10.3416,28.3877,-10.1074,27.0674,1
173,10380,7,-30.4273,-24.8191,9.9003,43.5705,9.30036,42.7814,9.3578,43.9486,10.3851,44.2559,10.4357,43.1348,1
173,10380,13,37.6889,12.6884,26.9262,94.1844,27.0153,93.3627,26.2186,94.2993,26.8275,95.1491,27.5629,94.1057,1
173,10380,14,-33.4821,-19.9029,49.8203,125.673,50.1208,124.439,49.2545,125.404,49.537,126.701,50.4366,125.915,1
173,10380,20,-33.6655,-11.7381,60.4027,-110.358,61.0243,-109.553,60.621,-111.433,59.8613,-111.051,60.1722,-109.183,1
173,10380,24,36.6062,18.5072,-82.897,-41.886,-82.1773,-43.2216,-83.1666,-46.868,-83.738,-39.7391,-82.6353,-37.5633,1
173,10380,28,32.857,-23.8321,44.1869,94.0324,43.9682,93.2934,43.3876,94.4787,44.374,94.8396,44.8521,93.6176,1
173,10380,32,-21.2929,16.2134,39.9848,-77.0169,40.2864,-76.465,40.4218,-77.4589,39.6732,-77.5341,39.4908,-76.5512,1
173,10380,36,-34.9988,20.5964,-75.4562,95.5846,-75.7783,93.3253,-76.0134,97.593,-75.1108,97.5103,-74.7627,93.4633,1
173,10380,39,30.1582,-3.22978,30.1204,99.8213,29.7512,99.3355,29.7132,100.387,30.5171,100.362,30.4851,99.3056,1
173,10380,42,-30.5617,0.50336,51.2318,-124.012,51.8726,-124.32,50.9536,-124.875,50.6508,-123.735,51.5339,-123.048,3
173,10380,43,-32.338,-20.487,31.3908,-86.913,32.2646,-86.9652,31.3306,-87.626,30.6435,-86.892,31.4876,-86.1572,1
173,10380,44,23.5566,5.30826,-1.78796,-65.1038,-1.23277,-65.0187,-1.76003,-65.6803,-2.3913,-65.1923,-1.8217,-64.5615,1
173,10380,49,-6.82594,21.9959,2.01521,117.078,1.93308,116.563,1.47425,117.101,2.12465,117.608,2.59888,117.076,1
173,10380,55,-29.7373,13.4616,51.5596,-108.622,52.1859,-108.912,51.2758,-109.619,50.9804,-108.327,51.8583,-107.468,2
173,10380,57,34.0243,17.0643,-1.43709,-49.163,-0.664444,-49.0822,-1.49488,-49.8679,-2.34226,-49.2385,-1.41463,-48.5118,1
173,10380,65,-24.2383,-6.75723,-6.9405,144.725,-7.02834,144.131,-7.44897,144.844,-6.86432,145.269,-6.40312,144.588,1
173,10380,68,-27.7096,-22.0331,57.0528,-105.914,57.6207,-106.858,56.7016,-106.701,56.541,-105.145,57.4376,-105.121,1
173,10380,74,29.7022,-9.20871,-67.1204,120.448,-66.9695,118.968,-67.8393,120.225,-67.2832,122.057,-66.4785,120.618,1
173,10380,86,-37.9114,-14.9479,65.2871,-97.7435,65.7333,-99.5779,64.6927,-98.2384,64.8822,-96.2566,65.9561,-97.2341,2
173,10380,88,-17.8998,14.8997,19.8653,-0.796643,20.3381,-0.623448,20.0271,-1.32569,19.3961,-0.94877,19.6743,-0.226423,1
173,10380,92,-24.1631,-21.6362,37.2119,-113.987,37.2621,-114.885,36.6717,-114.092,37.1421,-113.198,37.7683,-113.915,1
173,10380,95,-10.9704,-17.0108,14.5774,13.6446,15.1332,13.6052,14.5976,13.1242,14.0589,13.6653,14.5745,14.1607,1
173,10380,102,-16.3984,15.1182,66.6012,-133.279,66.2705,-134.271,66.1828,-132.429,66.9348,-132.302,67.0593,-134.206,1
173,10380,104,-16.1725,-23.7405,45.0189,43.642,45.5549,44.1718,45.4005,43.1035,44.5486,43.1494,44.6613,44.1949,1
173,10380,113,16.1566,15.2091,35.4275,-82.4262,35.4462,-83.0388,34.9493,-82.4496,35.4173,-81.7619,35.8989,-82.3829,1
173,10380,115,-30.8532,8.63325,45.8693,17.8011,46.455,17.7628,45.7387,16.9865,45.3302,17.8529,46.002,18.7223,1
173,10380,116,29.7889,-21.8104,19.5029,42.9006,20.0359,42.9862,19.6249,42.1095,18.9503,42.7772,19.4138,43.5857,1
173,10380,121,23.3353,-9.16638,-86.0906,150.072,-85.555,147.385,-86.3179,140.671,-86.648,153.605,-85.7953,157.533,1
173,10380,125,36.8595,-15.5204,50.4754,-86.0025,50.2335,-87.0262,49.6277,-85.2342,50.7,-84.8402,51.1806,-86.6934,1
173,10380,127,18.2595,-21.0831,55.7433,68.306,56.2317,68.8358,56.1725,67.3208,55.2668,67.7452,55.3674,69.1956,1
173,10380,130,-24.7405,-22.6186,37.4272,68.7657,38.2093,68.6409,37.4049,68.0254,36.7406,68.845,37.4807,69.5204,1
173,10380,139,28.8579,-14.5099,50.2164,21.8042,50.7415,21.3547,49.8019,20.803,49.6448,22.2386,50.5862,22.6907,1
173,10380,142,15.0289,-24.0327,48.0625,109.37,48.5425,109.856,48.5542,108.631,47.6078,108.863,47.6338,110.047,1
173,10380,146,-31.9768,15.8778,-77.6112,-101.346,-77.5625,-104.521,-78.3455,-100.913,-77.5958,-98.3856,-76.7614,-101.71,1
173,10380,148,-33.8858,-12.6068,-11.0974,-68.2379,-11.6418,-68.9179,-11.5319,-67.736,-10.6331,-67.6435,-10.6395,-68.8023,1
173,10380,152,-18.1525,-22.7673,-15.7326,-63.6912,-15.802,-64.3787,-16.2709,-63.7189,-15.6898,-63.0741,-15.1956,-63.6939,1
173,10380,156,26.9757,-8.58467,35.8693,84.6343,36.4109,84.4898,35.6677,83.8671,35.2878,84.7708,36.0538,85.328,1
173,10380,163,-4.32517,24.8215,-32.0077,-63.3266,-31.9663,-63.9518,-32.5399,-63.4795,-32.02,-62.6646,-31.439,-63.1329,1
173,10380,164,-19.7075,7.42792,-7.62699,-37.2272,-7.61144,-37.776,-8.1678,-37.2058,-7.63196,-36.7009,-7.04455,-37.2435,1
173,10380,165,-23.3252,10.8568,19.218,-12.3786,19.2614,-12.9757,18.6408,-12.3745,19.189,-11.8085,19.8521,-12.3723,1
173,10380,167,-32.7036,12.977,50.3525,72.7355,50.9386,72.2511,49.9222,71.8939,49.8214,73.1997,50.8279,73.7316,2
173,10380,168,4.97248,-23.6063,34.5822,112.268,35.1112,112.077,34.5488,111.559,34.071,112.419,34.6328,112.924,1
173,10380,171,24.0586,20.6649,-77.544,-0.149159,-78.0894,-1.78771,-77.8282,2.20472,-76.9051,1.4562,-77.2238,-2.26622,1
173,10380,174,38.5518,10.0407,29.2637,-4.93079,28.7788,-5.62848,28.8152,-4.19438,29.8352,-4.10891,29.6742,-5.57477,1
173,10380,183,29.6246,10.2984,-0.554123,10.9207,-0.73949,10.3631,-1.06943,11.1867,-0.337483,11.5432,-0.0688693,10.6863,1
173,10380,184,-1.28019,-19.0828,30.4911,24.2561,30.3169,23.7111,30.005,24.3645,30.6382,24.783,30.9531,24.131,1
173,10380,185,-28.1204,-10.4888,60.591,55.9713,60.6691,54.6768,60.0635,55.9322,60.5021,57.1231,61.1551,55.9836,1
173,10380,196,26.6643,-21.2206,-9.7486,26.0306,-10.0032,25.4516,-10.5357,26.3468,-9.51772,26.6435,-9.07106,25.736,1
174,10440,6,-8.64523,23.9372,-16.6332,38.4606,-16.9289,37.948,-17.1897,38.7108,-16.2985,38.9747,-16.0145,38.2158,1
174,10440,7,13.0407,20.7177,17.1738,50.1891,16.8416,49.6576,16.6756,50.4756,17.555,50.7593,17.6913,49.922,1
174,10440,8,-20.635,6.0835,50.9315,60.0643,50.727,59.1727,50.3928,60.442,51.1282,60.916,51.5129,59.6553,1
174,10440,13,-39.9919,4.35086,34.726,90.4504,34.9195,89.5075,33.9979,90.5186,34.5627,91.2709,35.5761,90.3693,1
174,10440,20,-31.4634,17.9089,53.7888,-108.256,54.2245,-107.577,54.1548,-109.175,53.36,-108.845,53.3435,-107.233,1
174,10440,27,-36.101,-12.7705,15.0928,79.0165,14.6349,78.3415,14.6751,79.4606,15.4765,79.6054,15.5366,78.5074,1
174,10440,28,-11.014,18.342,52.786,91.246,52.5445,90.5691,52.3421,91.6153,53.0429,91.9228,53.2705,90.8651,1
174,10440,31,29.036,-17.7485,75.602,-81.7678,75.9373,-80.0162,76.1429,-83.7331,75.2552,-83.5967,75.1257,-80.1159,1
174,10440,32,25.7805,19.2943,36.068,-82.7958,36.5082,-82.2745,36.4248,-83.3129,35.5537,-83.3615,35.7026,-82.323,1
174,10440,33,-33.0863,-2.24781,1.9186,-78.8081,2.32425,-78.2664,2.30978,-79.252,1.55579,-79.2914,1.48889,-78.3115,1
174,10440,36,40.4465,1.46967,-72.3145,120.772,-72.9222,119.515,-72.4665,123.411,-71.6001,122.143,-72.1483,118.536,1
174,10440,39,10.852,-19.4672,32.4683,97.3087,32.0869,96.9355,32.0573,97.7444,32.8289,97.6972,32.8355,96.887,1
174,10440,42,-37.6451,-9.73696,51.0178,-119.846,51.8659,-120.221,50.6841,-120.778,50.2883,-119.546,51.4024,-118.8,1
174,10440,44,-34.3827,3.6295,-1.18942,-58.6663,-0.496301,-58.4806,-1.17183,-59.3331,-1.81281,-58.8247,-1.20979,-57.9118,1
174,10440,49,-25.1971,-23.9732,2.52593,114.968,2.32637,114.208,1.95736,115.052,2.67667,115.634,3.0989,114.845,1
174,10440,55,-37.0068,-1.55817,51.6689,-105.11,52.4781,-105.436,51.3127,-106.108,50.9614,-104.829,52.0706,-103.961,1
174,10440,68,-25.1494,-1.64748,55.3717,-96.0779,55.9032,-96.5056,55.097,-96.8791,54.8796,-95.6929,55.6645,-95.2071,1
174,10440,78,22.9936,17.0151,62.642,-134.319,62.7508,-135.649,62.0732,-134.497,62.5234,-132.841,63.1891,-134.09,1
174,10440,86,-30.0567,-23.1834,64.9036,-90.4155,65.3087,-92.0669,64.4307,-91.1206,64.5244,-89.0668,65.4137,-89.7284,1
174,10440,88,37.8547,-8.01888,15.87,-4.96136,16.4475,-4.67904,16.0169,-5.78889,15.2264,-5.29321,15.7459,-4.24874,1
174,10440,89,-18.7815,-19.9269,-12.4881,16.5191,-11.8854,16.6319,-12.3456,16.0235,-13.0285,16.3992,-12.6077,17.0253,1
174,10440,92,-29.0144,-24.0798,39.5263,-111.013,39.5977,-112.087,38.9541,-111.128,39.4344,-110.098,40.1242,-110.945,1
174,10440,95,26.0536,14.0467,7.49009,15.6764,8.09108,15.68,7.4388,15.103,6.81834,15.6861,7.51922,16.2229,1
174,10440,102,35.4386,5.10142,68.6681,-119.32,68.3924,-121.001,68.0981,-118.147,68.964,-117.356,69.1772,-120.397,1
174,10440,104,25.2482,9.45919,37.8581,39.0309,38.2947,39.5094,38.1793,38.43,37.3692,38.5184,37.5418,39.5841,1
174,10440,113,-36.0688,-20.3417,39.204,-86.212,39.1814,-87.3394,38.6192,-86.1168,39.1965,-85.2625,39.8341,-86.3649,1
174,10440,115,36.8129,0.123727,39.0673,16.2311,39.6904,16.1763,38.8329,15.3724,38.3597,16.287,39.265,16.9941,1
174,10440,121,37.7748,7.33108,-85.4561,-122.814,-85.6156,-132.689,-86.1124,-116.184,-85.1122,-112.516,-84.8295,-127.064,1
174,10440,125,-37.4141,0.226343,57.4272,-98.3112,56.9738,-99.6251,56.9299,-97.2996,57.8174,-97.1405,57.9815,-99.5095,1
174,10440,127,33.7855,-5.28541,50.1737,67.1564,50.6913,67.8179,50.53,66.0385,49.6026,66.4236,49.8529,68.1303,2
174,10440,130,-31.5938,-8.24284,34.1905,73.72,34.949,73.7965,34.1402,72.9671,33.5191,73.6459,34.2556,74.5415,1
174,10440,137,-11.3499,-17.0971,24.7343,-63.8623,24.6313,-64.5091,24.1982,-63.8259,24.8114,-63.2574,25.2645,-63.9205,1
174,10440,139,24.432,-21.4141,50.0317,26.3603,50.5443,25.9256,49.7139,25.2753,49.4901,26.7509,50.3219,27.3126,1
174,10440,142,-35.5157,-10.7227,43.6026,117.218,44.2232,118.087,43.9732,116.43,43.0678,116.474,43.2046,118.098,1
174,10440,146,-27.8832,-24.1946,-78.5144,-101.915,-78.7024,-106.282,-79.1246,-101.35,-78.3264,-98.257,-77.8925,-102.638,1
174,10440,148,33.3559,0.518815,-6.41275,-60.9465,-6.80143,-61.503,-6.91789,-60.3861,-5.97968,-60.322,-5.95694,-61.4437,1
174,10440,152,16.3399,-18.2392,-14.9326,-58.5626,-14.9367,-59.1002,-15.5389,-58.6182,-14.949,-58.0227,-14.3775,-58.5291,1
174,10440,154,13.6592,20.6068,36.0066,0.587792,36.1079,-0.08576,35.5053,0.426658,35.9121,1.32717,36.5068,0.781813,1
174,10440,156,17.8478,-5.90466,34.6708,89.2938,35.1667,89.1632,34.5341,88.6404,34.1532,89.4191,34.8002,89.9071,1
174,10440,158,-28.7941,-17.9043,-9.93919,147.494,-9.18423,147.445,-9.99155,146.918,-10.6009,147.521,-9.85496,148.099,1
174,10440,163,36.1195,11.7406,-33.4868,-57.9916,-33.3852,-58.8661,-34.2028,-57.8926,-33.586,-56.9705,-32.8391,-58.0542,1
174,10440,164,-13.7263,-17.5615,-6.94437,-36.0528,-7.01408,-36.6456,-7.46493,-36.045,-6.89553,-35.5047,-6.42557,-36.081,1
174,10440,165,36.9878,-1.97157,16.7186,-6.35808,16.8339,-7.06148,15.9245,-6.27773,16.5769,-5.56258,17.4134,-6.4267,1
174,10440,166,-30.2428,11.3117,44.283,24.664,44.5622,23.8704,43.6645,24.3988,44.0346,25.4043,44.9773,24.985,1
174,10440,168,-1.97706,24.7346,30.1331,120.277,30.658,120.164,30.1219,119.651,29.5811,120.426,30.1149,120.948,1
174,10440,183,33.4007,-18.5034,0.108527,11.483,-0.00805222,10.9231,-0.658963,11.7128,0.203473,12.0911,0.762013,11.2702,1
174,10440,196,-6.80885,19.6506,-1.02507,24.9993,-1.29185,24.5073,-1.55472,25.2297,-0.72951,25.4942,-0.449463,24.773,1
175,10500,6,-33.9767,3.11164,-14.2266,35.8482,-14.4946,35.0986,-14.8212,36.2587,-13.9765,36.5148,-13.554,35.3864,1
175,10500,7,17.1483,9.41011,19.52,51.1228,19.2427,50.5844,19.028,51.4352,19.8241,51.6981,20.0032,50.829,1
175,10500,11,-5.89287,19.8092,-17.273,45.7097,-17.3034,45.1975,-17.7763,45.6957,-17.2197,46.2366,-16.7368,45.7448,1
175,10500,13,25.4512,5.93904,32.3205,98.6334,32.4083,97.9897,31.7567,98.6052,32.2252,99.337,32.8482,98.67,1
175,10500,14,-33.4387,-20.9227,51.8496,136.537,52.2608,135.305,51.3152,136.124,51.4735,137.551,52.4355,136.935,1
175,10500,20,-25.5722,-7.88487,52.3551,-109.08,52.8518,-108.546,52.5925,-109.823,51.9041,-109.564,52.107,-108.29,1
175,10500,24,32.6635,9.36367,-82.8973,12.7774,-82.618,8.41693,-83.4962,11.5179,-83.1533,18.1379,-82.3501,13.8608,1
175,10500,27,-29.8829,12.9157,21.2365,80.5947,20.967,80.0472,20.75,80.9741,21.5021,81.0984,21.7923,80.1734,1
175,10500,28,19.5447,-16.2151,52.8671,95.4003,52.653,94.6715,52.3297,95.7715,53.0637,96.1645,53.3497,95.0333,1
175,10500,30,12.7234,-18.8356,72.2357,92.5613,71.8411,91.5996,71.8384,93.8378,72.6091,93.6082,72.5822,91.2973,1
175,10500,32,-24.5387,-21.3434,35.8785,-77.5647,36.3774,-76.9687,36.2703,-78.0038,35.4497,-78.1004,35.4953,-77.0927,1
175,10500,38,27.1484,-1.66737,1.90458,100.081,1.53388,99.6908,1.53201,100.544,2.30326,100.506,2.24621,99.6563,1
175,10500,42,-26.7148,22.5376,46.2685,-111.602,46.8598,-111.699,46.1699,-112.584,45.6998,-111.46,46.3466,-110.463,1
175,10500,43,26.242,20.2665,18.8042,-83.162,19.4659,-83.1672,18.772,-83.7832,18.0506,-83.133,18.8034,-82.5615,1
175,10500,44,-26.1392,-20.6195,-2.79329,-58.9077,-2.03689,-58.892,-2.75717,-59.4759,-3.45584,-58.9409,-2.7989,-58.3186,1
175,10500,55,-34.0855,-8.93931,50.0419,-101.455,50.8321,-101.808,49.7435,-102.362,49.3488,-101.166,50.3794,-100.453,1
175,10500,57,34.0237,2.49535,-5.97961,-46.043,-5.30989,-45.8955,-5.99091,-46.7941,-6.73478,-46.2108,-5.97596,-45.3705,1
175,10500,68,-31.0788,-10.6579,55.0133,-91.1903,55.6674,-91.6668,54.7266,-92.0451,54.4301,-90.7954,55.3318,-90.2662,1
175,10500,78,27.1821,-23.8122,61.965,-134.94,62.1187,-136.168,61.1803,-135.537,61.758,-133.716,62.6481,-134.447,1
175,10500,86,17.323,13.6186,60.7077,-74.5247,61.1017,-75.2062,60.38,-75.2846,60.2848,-73.7855,61.0129,-73.745,1
175,10500,88,-34.8449,-6.40784,15.7506,3.16406,16.4309,3.43987,15.844,2.54689,15.1543,2.9198,15.6572,3.8511,1
175,10500,92,-38.317,7.37879,44.1277,-103.806,44.4904,-104.74,43.4129,-104.012,43.8143,-102.979,44.9583,-103.553,1
175,10500,94,-22.0795,23.9641,32.0025,-5.87907,32.553,-5.9145,31.9954,-6.62284,31.4584,-5.80571,31.9798,-5.03468,1
175,10500,95,13.856,-18.8324,7.79283,16.7932,8.30493,16.7924,7.86226,16.2046,7.28385,16.7725,7.7453,17.3357,1
175,10500,102,17.5591,-6.32502,71.7566,-123.227,71.4992,-124.602,71.2849,-122.322,72.0063,-121.748,72.1922,-124.131,1
175,10500,103,15.5839,22.8687,68.6813,33.197,69.1848,33.9768,68.9688,31.9758,68.1086,32.4294,68.3587,34.3567,1
175,10500,104,0.184369,-20.5681,36.9816,41.7578,37.4113,42.1573,37.3729,41.2984,36.5841,41.3621,36.6224,42.2078,1
175,10500,107,-26.1253,24.3416,-74.4563,62.619,-73.959,63.7219,-74.0848,60.5093,-74.9561,61.5935,-74.8819,65.1243,1
175,10500,113,13.4328,19.2963,40.5211,-75.1372,40.5693,-75.7973,40.051,-75.2326,40.4821,-74.4183,40.9912,-75.0131,1
175,10500,115,-34.8738,-6.0806,42.5026,24.6084,43.2078,24.5839,42.3617,23.8408,41.8824,24.6248,42.6644,25.4616,1
175,10500,121,22.5084,-17.7172,-83.5672,-135.712,-83.6125,-140.848,-84.28,-135.112,-83.4935,-130.504,-82.9299,-136.286,1
175,10500,124,-32.2812,19.9943,27.5625,-100.968,27.2191,-101.64,26.9385,-100.433,27.9122,-100.356,28.3045,-101.581,1
175,10500,125,-33.4269,5.61689,61.6926,-96.6166,61.3138,-97.9327,61.1797,-95.6215,62.0335,-95.4129,62.2667,-97.7787,1
175,10500,130,-15.0275,-15.7946,30.6472,74.3633,31.2609,74.3498,30.675,73.7389,30.0809,74.3584,30.6356,74.9927,1
175,10500,131,-34.6733,6.06474,1.84582,100.901,2.54916,101.132,1.90013,100.195,1.21013,100.705,1.77978,101.705,1
175,10500,136,36.113,18.8054,-0.729279,-77.9897,-0.873418,-78.808,-1.41296,-77.7134,-0.536421,-77.021,-0.0916386,-78.2078,1
175,10500,139,28.1993,-19.1999,48.4692,31.6759,49.0269,31.3455,48.1697,30.5538,47.8728,31.9698,48.7389,32.6556,1
175,10500,141,-15.8627,10.4827,73.2761,106.685,73.7098,107.881,73.5971,105.08,72.8385,105.61,72.9106,108.318,1
175,10500,142,-38.0787,-10.6154,39.9187,117.683,40.5753,118.588,40.296,116.884,39.3605,116.92,39.5091,118.59,1
175,10500,143,-14.8243,11.7865,1.46155,117.037,1.86206,117.409,1.8345,116.621,1.058,116.682,1.05301,117.474,1
175,10500,145,-0.920829,21.8584,-71.1196,128.611,-70.6324,129.392,-70.7958,127.236,-71.6416,127.813,-71.4719,130.074,1
175,10500,148,-21.0323,-15.871,-3.92855,-66.5663,-4.40213,-67.0554,-4.34412,-66.1848,-3.51078,-66.1137,-3.51653,-66.974,1
175,10500,152,-23.2888,-15.4901,-9.60519,-58.5171,-9.64202,-59.1817,-10.1401,-58.4886,-9.58481,-57.9185,-9.05192,-58.5677,1
175,10500,155,31.8214,9.00267,43.1577,50.6266,43.6681,50.0824,42.6708,50.0426,42.5824,51.2396,43.5918,51.1852,2
175,10500,156,0.875944,-20.1227,34.6069,92.6013,35.1165,92.4117,34.5426,91.9529,34.1151,92.7567,34.6842,93.2144,2
175,10500,158,28.224,-21.9079,-16.1113,145.746,-15.5386,145.789,-16.0233,144.925,-16.7035,145.665,-16.1644,146.461,1
175,10500,163,-29.5764,-9.54747,-27.4571,-61.6629,-27.3579,-62.4514,-28.0384,-61.6729,-27.5494,-60.9599,-26.83,-61.6699,1
175,10500,165,36.2934,-13.9309,18.4331,-4.81557,18.5712,-5.4857,17.5478,-4.84303,18.2504,-4.08287,19.1894,-4.80475,1
175,10500,166,31.4027,-16.7291,39.1981,28.8407,39.4785,28.1588,38.4614,28.4283,38.8686,29.5465,39.8427,29.1874,1
175,10500,168,19.9573,0.0942892,27.6654,119.933,28.1916,119.889,27.5834,119.308,27.1071,119.977,27.7387,120.522,1
175,10500,176,32.2557,22.2448,69.5075,159.934,70.1575,161.13,69.7824,158.223,68.7197,158.678,69.1991,161.454,1
175,10500,177,-35.7473,-2.23114,36.4428,174.17,36.8992,174.957,36.8693,173.526,36.0357,173.486,35.9644,174.894,1
175,10500,183,28.2846,-20.5142,3.69864,12.2932,3.55824,11.7739,2.99295,12.4728,3.81566,12.8427,4.30902,12.1188,1
175,10500,190,-7.6382,19.3224,32.0318,-164.952,32.5454,-164.691,32.3007,-165.558,31.4952,-165.192,31.7214,-164.319,1
175,10500,196,9.19305,-17.2854,-1.41998,26.2214,-1.69739,25.7294,-1.98887,26.4569,-1.16488,26.7156,-0.895506,25.9853,1
176,10560,6,-28.7597,-15.1907,-12.8119,36.7733,-13.2227,36.0607,-13.3278,37.1347,-12.4614,37.4062,-12.2785,36.3689,1
176,10560,7,-5.8651,-17.6562,21.1824,48.936,20.8516,48.4039,20.6738,49.1981,21.4771,49.45,21.6682,48.6596,1
176,10560,11,7.45831,22.387,-15.0356,49.1568,-15.1058,48.6232,-15.5341,49.1662,-14.9364,49.7294,-14.519,49.1721,1
176,10560,13,36.3439,7.54836,33.6597,103.172,33.8299,102.378,32.9561,103.176,33.4627,104.083,34.2889,103.185,1
176,10560,20,-29.4779,23.8169,45.709,-106.524,46.134,-105.972,46.1352,-107.28,45.2748,-107.007,45.1869,-105.68,1
176,10560,24,16.3961,-18.3267,-80.8756,16.1373,-80.7112,13.2671,-81.3948,14.5911,-81.0369,19.0806,-80.3903,17.3174,1
176,10560,27,32.9369,-13.1031,21.4777,86.5995,21.2322,86.0532,20.8652,87.0327,21.723,87.2045,22.0052,86.2088,1
176,10560,28,-10.6743,17.8828,60.0447,94.6122,59.8258,93.7711,59.5926,95.0102,60.277,95.4578,60.5358,94.203,1
176,10560,32,13.7907,-23.4504,32.3732,-82.1005,32.7401,-81.6755,32.8689,-82.5075,32.0312,-82.5356,31.9353,-81.7155,1
176,10560,35,15.8028,-15.435,-75.7996,-99.0904,-75.5631,-97.3618,-75.289,-100.001,-76.0101,-100.924,-76.2616,-98.1412,1
176,10560,38,38.2673,-10.2426,4.80664,101.068,4.42365,100.55,4.27309,101.722,5.21979,101.662,5.25633,100.503,1
176,10560,42,-31.5335,-7.79889,46.4001,-110.679,47.119,-110.857,46.2036,-111.504,45.7608,-110.534,46.6212,-109.779,1
176,10560,44,35.6501,-15.275,-9.85433,-61.4109,-9.23811,-61.223,-9.73816,-62.3038,-10.522,-61.6473,-9.93801,-60.6464,1
176,10560,55,-9.72084,-16.3182,46.1814,-99.2854,46.7279,-99.5909,46.0412,-100.033,45.6639,-99.0263,46.3333,-98.5496,1
176,10560,57,16.9596,22.3666,-9.238,-41.1619,-8.61853,-41.1497,-9.18756,-41.7302,-9.92722,-41.1505,-9.31764,-40.5931,1
176,10560,64,-26.2607,22.843,-24.0276,129.98,-24.015,129.361,-24.6804,129.977,-24.0045,130.582,-23.2786,130.011,1
176,10560,68,-29.5668,-16.6225,53.5713,-86.5584,54.251,-87.0291,53.3318,-87.4047,52.9688,-86.1809,53.842,-85.6684,1
176,10560,78,38.1871,10.287,63.8082,-118.836,64.2137,-120.371,63.0479,-119.29,63.32,-117.082,64.476,-118.366,1
176,10560,86,33.8693,-1.38909,58.6344,-70.4497,59.1648,-70.9954,58.1891,-71.4387,58.0373,-69.869,59.0234,-69.5449,1
176,10560,88,9.86179,-22.9153,11.6616,0.367568,12.1586,0.477946,11.8929,-0.163775,11.1853,0.236858,11.4674,0.862678,1
176,10560,92,29.3062,-11.5006,38.9255,-97.9842,39.1805,-98.6323,38.2735,-98.306,38.6323,-97.3053,39.5078,-97.7048,1
176,10560,95,-9.13152,-16.5963,6.21843,20.7722,6.76297,20.7489,6.25271,20.2681,5.70757,20.7789,6.20152,21.2705,1
176,10560,103,-29.8108,-11.7985,68.6312,44.5369,69.131,45.9516,68.9849,43.2937,68.1856,43.316,68.2559,45.8609,1
176,10560,104,31.5607,-15.0235,32.7233,38.1964,33.1225,38.7091,33.2318,37.5019,32.3102,37.6302,32.2867,38.8062,1
176,10560,107,28.5434,3.45544,-76.931,43.0254,-76.5347,44.9012,-76.5311,40.9708,-77.352,40.8324,-77.2889,45.009,1
176,10560,113,-26.2915,10.7522,45.0542,-74.5032,45.2013,-75.2359,44.5139,-74.6314,44.924,-73.8105,45.6512,-74.3451,1
176,10560,115,-38.3861,3.00336,39.7606,29.4785,40.4813,29.6006,39.648,28.6337,39.1267,29.3835,39.8835,30.4543,1
176,10560,121,30.0863,0.64713,-78.7783,-114.854,-79.0339,-117.896,-79.3424,-112.678,-78.4644,-111.655,-78.2514,-116.634,1
176,10560,124,-21.7514,6.98513,29.5605,-99.533,29.2172,-100.085,29.1139,-99.1003,29.8927,-99.0116,30.0469,-100.001,1
176,10560,125,-37.8418,-12.4058,63.3584,-97.983,62.7511,-99.6522,62.9059,-96.7605,63.8492,-96.4978,63.8296,-99.438,1
176,10560,130,20.862,10.8767,23.6923,76.0256,24.2727,76.0639,23.689,75.4033,23.0591,75.9957,23.6789,76.6239,1
176,10560,136,34.3178,-3.14715,0.383244,-77.7879,0.366181,-78.455,-0.371516,-77.5956,0.393017,-77.0425,1.0506,-77.9578,1
176,10560,139,-29.1987,-17.661,52.252,40.5477,52.9959,40.0438,52.0001,39.6545,51.5946,40.9487,52.5381,41.4827,2
176,10560,140,-18.565,14.8933,74.5464,-55.6403,74.2385,-57.3996,74.0486,-54.4552,74.8503,-53.8903,75.0915,-56.9736,1
176,10560,141,16.9736,-24.0271,72.2181,96.569,72.7506,97.3392,72.6072,94.5837,71.7028,95.7555,71.8741,98.3153,1
176,10560,142,-35.3022,-5.43004,35.5091,117.106,36.069,117.86,35.8913,116.405,35.017,116.453,35.0881,117.892,1
176,10560,145,-31.5867,-10.509,-70.5954,138.043,-69.8666,138.956,-70.4209,136.222,-71.2295,137.158,-70.745,140.07,1
176,10560,152,20.5833,7.59148,-8.10071,-51.6883,-8.1066,-52.2331,-8.64079,-51.6419,-8.08692,-51.1001,-7.58359,-51.7231,1
176,10560,154,27.7678,-23.2659,36.2977,4.44749,36.5021,3.7791,35.5661,4.03373,36.0483,5.11635,36.9376,4.78588,1
176,10560,155,31.3836,-7.10294,42.99,53.2782,43.4954,52.8544,42.5267,52.5464,42.4297,53.7181,43.4021,53.9343,1
176,10560,156,39.5023,-3.45631,28.3541,94.7435,29.0655,94.737,28.0842,93.8157,27.5373,94.7375,28.5801,95.5453,1
176,10560,158,-27.9754,-13.6087,-15.5922,152.829,-14.8902,152.789,-15.6602,152.251,-16.2168,152.853,-15.498,153.44,1
176,10560,163,-31.3694,-9.22457,-24.9148,-58.7869,-24.8238,-59.59,-25.5126,-58.769,-24.999,-58.0758,-24.2651,-58.8239,1
176,10560,165,-25.5283,-24.9014,24.7838,-7.42754,24.6863,-8.30273,24.2054,-7.42965,24.84,-6.66612,25.371,-7.46857,1
176,10560,176,-34.3296,20.8749,65.9153,177.667,66.2062,179.194,66.5607,176.527,65.5984,176.325,65.1275,178.896,2
176,10560,183,35.5289,3.61218,8.86682,15.4876,8.72312,14.8664,8.26224,15.8044,9.02944,16.1937,9.40979,15.2111,1
176,10560,196,29.3654,-8.75126,2.15282,29.4411,1.92533,28.8486,1.47868,29.8048,2.38309,30.0872,2.75084,29.1099,1
177,10620,6,-36.7705,-11.1031,-8.59584,36.5729,-9.0176,35.713,-9.15168,37.0327,-8.2417,37.3113,-7.9911,36.0411,1
177,10620,7,37.1166,-3.66964,24.5503,55.1964,24.3286,54.4203,23.8028,55.7205,24.785,56.0841,25.1986,54.7364,1
177,10620,12,13.2017,24.2725,14.8358,75.8539,14.7524,75.285,14.3247,75.8691,14.9506,76.479,15.3601,75.8678,1
177,10620,13,-34.0926,-7.78508,40.4852,100.196,40.6314,99.2424,39.8842,100.188,40.3452,101.028,41.149,100.185,1
177,10620,24,-6.10384,-24.3524,-77.5772,25.8852,-77.5558,23.3251,-78.072,25.2457,-77.5978,28.2518,-77.0982,26.3437,1
177,10620,27,-26.0258,9.33584,28.2912,81.8388,28.0207,81.3017,27.8487,82.2064,28.5541,82.3401,28.7833,81.4368,1
177,10620,28,14.4331,-24.1176,59.5104,98.3157,59.2753,97.433,58.9293,98.6281,59.7102,99.2149,60.0279,97.9835,1
177,10620,35,11.646,-18.464,-79.2751,-102.995,-79.0463,-100.681,-78.7544,-103.93,-79.4659,-105.421,-79.7486,-101.962,1
177,10620,38,27.316,-17.423,7.97143,99.3359,7.60662,98.9416,7.47148,99.8203,8.33506,99.7669,8.40162,98.8963,1
177,10620,42,19.1644,11.7614,39.2282,-108.187,39.7717,-108.324,39.1001,-108.863,38.6401,-108.027,39.3346,-107.525,1
177,10620,44,-3.82449,24.5651,-13.4386,-53.5348,-12.9063,-53.5177,-13.3346,-54.086,-14.001,-53.5242,-13.5756,-52.9453,1
177,10620,45,16.6305,19.5603,-40.1657,-26.6814,-39.6009,-26.8183,-40.2419,-27.373,-40.783,-26.502,-40.1095,-25.9881,1
177,10620,52,-37.7702,-7.15777,11.3253,137.001,11.297,136.086,10.6426,137.211,11.3434,137.788,12.0914,136.745,1
177,10620,55,23.9698,-2.55228,40.9108,-95.682,41.4722,-95.8228,40.7312,-96.4775,40.3089,-95.5407,41.0728,-94.9429,1
177,10620,57,-32.2633,-10.5225,-6.42463,-37.3354,-5.63385,-37.2372,-6.44315,-37.9724,-7.11793,-37.4308,-6.38376,-36.6417,1
177,10620,64,37.1572,-16.6364,-28.1101,134.759,-28.0665,134.043,-29.007,134.869,-28.1867,135.547,-27.354,134.651,1
177,10620,68,-28.8442,-16.1317,51.698,-81.2624,52.3811,-81.6187,51.5015,-82.0937,51.0916,-80.9793,51.9223,-80.3883,1
177,10620,78,34.8029,-15.6061,64.5011,-117.676,64.8975,-118.871,63.7275,-118.681,64.0338,-116.454,65.1649,-116.799,1
177,10620,85,25.0294,17.3484,52.1764,-124.651,52.2365,-125.603,51.6361,-124.695,52.1166,-123.581,52.6947,-124.57,1
177,10620,88,-37.6161,6.81769,7.98718,7.228,8.61744,7.57543,8.13416,6.55117,7.42154,6.93236,7.81163,8.00924,1
177,10620,92,28.3912,23.5841,41.623,-89.2479,41.8822,-90.1174,41.065,-89.5189,41.3379,-88.234,42.1475,-88.9355,1
177,10620,94,38.923,-4.34986,24.3737,-6.43155,25.0625,-6.38321,24.1801,-7.32993,23.5881,-6.49988,24.5366,-5.65548,1
177,10620,103,35.7934,-20.8037,65.2059,28.797,65.6868,29.7907,65.7326,26.8935,64.7038,27.6851,64.7622,30.3622,1
177,10620,107,19.4863,-11.5555,-79.2697,47.8609,-78.8828,49.6418,-78.8681,45.5818,-79.6479,45.8289,-79.6161,50.1453,1
177,10620,113,-30.3245,15.3427,47.7736,-69.8808,47.9847,-70.6715,47.1806,-70.1002,47.5905,-69.1346,48.4446,-69.6033,1
177,10620,115,-35.104,-0.278883,37.0692,32.073,37.7431,32.1613,36.9863,31.3283,36.4701,31.9995,37.1608,32.9116,1
177,10620,121,32.6068,-14.6013,-76.8937,-111.277,-77.1588,-113.89,-77.6063,-109.129,-76.6027,-108.513,-76.2699,-113.009,1
177,10620,127,-34.1914,-17.9842,41.6815,78.8558,42.4193,79.6369,42.0262,78.0965,41.0599,78.1862,41.3335,79.6947,1
177,10620,130,-37.482,6.5443,24.8718,83.2697,25.6305,83.5405,24.8885,82.4337,24.1955,83.0483,24.8429,84.2382,1
177,10620,139,-17.7996,9.70396,47.9326,48.3024,48.4765,48.158,47.808,47.4912,47.4074,48.4571,48.0511,49.1825,1
177,10620,140,-36.9499,6.06074,77.7441,-64.0715,77.2923,-67.126,77.2328,-61.4886,78.1267,-61.2129,78.3042,-67.313,1
177,10620,141,26.7972,0.871968,65.9091,98.9654,66.4205,99.7664,66.1687,97.4908,65.3483,98.1253,65.6546,100.293,1
177,10620,142,7.54429,-23.6311,33.1458,111.634,33.6239,112.024,33.609,111.118,32.7017,111.238,32.7346,112.125,1
177,10620,145,-25.1396,-18.4123,-73.6167,139.292,-72.8891,140.015,-73.4302,137.328,-74.2531,138.536,-73.7627,141.399,1
177,10620,147,17.7561,15.5551,-29.5042,-65.2247,-29.9081,-65.7199,-29.9081,-64.7764,-29.0493,-64.7013,-29.0921,-65.6454,1
177,10620,152,33.0754,-13.6881,-7.88874,-49.7791,-7.81924,-50.3849,-8.6827,-49.7623,-7.98721,-49.1237,-7.19893,-49.8057,1
177,10620,154,-22.1047,10.4789,43.5385,10.0915,43.7776,9.40793,43.0189,9.80889,43.3177,10.7485,44.1017,10.4185,1
177,10620,156,15.7706,-19.065,29.1945,98.55,29.7086,98.4525,29.162,97.852,28.6771,98.621,29.2385,99.1862,1
177,10620,163,-27.8703,-18.7197,-23.4161,-56.4133,-23.4149,-57.2424,-23.9893,-56.4089,-23.4311,-55.687,-22.8164,-56.4497,1
177,10620,165,17.6291,-16.7549,25.047,-0.807925,25.0887,-1.38628,24.4364,-0.909152,24.9819,-0.224833,25.6068,-0.731394,1
177,10620,176,34.1893,-20.0228,66.7175,159.932,67.1632,161.08,67.2992,158.105,66.2554,158.673,66.2231,161.445,1
177,10620,183,-32.5134,-19.0651,12.9839,10.1026,12.6706,9.35983,12.4807,10.3653,13.2361,10.7494,13.507,9.79222,1
177,10620,196,26.0008,-15.0074,5.19181,29.751,4.95798,29.1872,4.49574,30.0669,5.41406,30.3526,5.8052,29.4559,2
177,10620,197,21.6923,-6.97249,39.7975,43.9144,39.6304,43.1929,39.1822,44.2009,39.9581,44.6808,40.3626,43.6381,1
178,10680,6,-31.7747,-16.6514,-5.76499,37.8929,-6.22719,37.1335,-6.28926,38.284,-5.37859,38.5571,-5.22117,37.4483,1
178,10680,7,20.2926,8.10725,29.9729,54.4443,29.7136,53.8288,29.457,54.7832,30.257,55.1096,30.4715,54.1278,1
178,10680,12,-36.535,19.4311,20.7718,74.5657,20.8943,73.8473,19.9976,74.5863,20.6915,75.2273,21.6931,74.5636,1
178,10680,13,26.5959,-20.2698,37.2635,106.803,37.4147,106.146,36.5773,106.522,37.0749,107.47,37.8706,107.031,1
178,10680,24,-23.3695,16.8493,-71.2855,41.7325,-71.2945,40.1064,-71.8449,41.8694,-71.2429,43.2983,-70.6611,41.6372,1
178,10680,27,-9.00885,-20.0574,29.2647,83.5536,28.9166,83.0876,28.8465,83.8424,29.573,84.0019,29.6617,83.2496,1
178,10680,29,19.6146,24.2806,70.9422,-136.119,71.5209,-136.035,70.9971,-137.682,70.2896,-136.136,70.8442,-134.576,1
178,10680,35,32.8265,-11.722,-81.7507,-127.942,-81.8081,-123.941,-81.0168,-128.004,-81.6249,-132.186,-82.3932,-127.807,1
178,10680,38,40.5062,-3.75079,13.0757,100.576,12.6636,100.001,12.584,101.286,13.5394,101.248,13.4951,99.9665,1
178,10680,42,-15.1355,-19.5812,41.2344,-105.186,41.836,-105.384,41.1708,-105.886,40.6808,-105.032,41.3168,-104.491,1
178,10680,51,32.391,19.7565,-16.1166,124.323,-16.2281,123.526,-16.7701,124.522,-15.96,125.251,-15.4962,124.173,1
178,10680,55,29.1552,24.5057,36.6536,-89.1337,37.3997,-89.3859,36.4625,-89.9014,35.7863,-88.8095,36.7918,-88.3757,1
178,10680,57,-16.973,-23.9221,-9.43853,-37.3477,-8.73262,-37.3793,-9.35702,-37.9243,-10.0701,-37.3436,-9.48602,-36.7742,1
178,10680,64,18.4091,-18.7179,-23.7288,135.334,-23.7902,134.78,-24.341,135.356,-23.6872,135.895,-23.1746,135.296,1
178,10680,68,-38.2435,2.56919,49.5974,-73.0284,50.3634,-73.0096,49.4022,-74.0494,48.9255,-73.0322,49.8126,-71.8438,1
178,10680,78,-36.0462,-17.4477,72.5224,-113.433,73.0035,-116.191,71.9127,-114.278,72.0738,-111.246,73.2007,-112.552,1
178,10680,85,33.7234,4.43615,52.8676,-120.466,53.0445,-121.448,52.213,-120.546,52.6603,-119.366,53.4572,-120.378,1
178,10680,88,-26.9106,-24.1615,6.78904,6.16925,7.53865,6.30056,6.93122,5.63804,6.14449,6.03418,6.67767,6.72244,1
178,10680,92,7.35521,19.0624,44.4393,-86.3358,44.6641,-86.9859,44.0092,-86.6885,44.2119,-85.635,44.8686,-85.9442,1
178,10680,94,34.1935,-14.5942,23.1619,-3.94325,23.7696,-3.90056,23.0943,-4.83006,22.5011,-4.01778,23.2289,-3.17861,1
178,10680,103,-13.076,-21.6681,61.834,40.5013,62.3318,41.2449,62.1993,39.6953,61.3878,39.8091,61.4883,41.3114,1
178,10680,105,36.0986,-10.8283,-11.0941,39.8242,-10.7066,40.3411,-10.5507,39.1847,-11.506,39.2356,-11.5551,40.3835,1
178,10680,107,23.7523,-8.75083,-83.3035,46.9428,-82.914,49.9584,-82.8866,43.1783,-83.6829,43.2972,-83.6506,50.8363,1
178,10680,115,13.8492,13.4477,30.5073,32.4575,30.9902,32.434,30.4867,31.9126,29.9905,32.4961,30.5118,32.9978,1
178,10680,124,29.9545,0.510927,35.6834,-92.908,35.3559,-93.5789,35.1534,-92.3513,36.0379,-92.16,36.1653,-93.4168,1
178,10680,125,38.2515,5.49974,70.1748,-70.4716,70.0509,-72.7428,69.4159,-69.4532,70.2842,-67.8025,70.843,-71.3918,1
178,10680,126,-23.1838,8.18073,70.5715,68.8576,71.0406,69.9977,70.8882,67.316,70.1135,67.8523,70.205,70.4729,1
178,10680,136,38.7783,8.97773,7.12956,-72.413,7.0868,-73.2189,6.36261,-72.1242,7.185,-71.4666,7.81257,-72.6499,1
178,10680,138,-36.7603,3.05322,57.2553,-5.43503,57.8062,-6.50682,56.6143,-6.06458,56.7678,-4.503,57.986,-4.68824,1
178,10680,140,-36.7394,-15.4774,78.9164,-64.0972,78.2264,-67.5629,78.4946,-61.291,79.4547,-60.7734,79.3214,-67.5452,1
178,10680,141,-22.1626,-20.0529,65.2815,110.881,65.8869,111.878,65.6349,109.78,64.7484,109.993,64.9363,112.016,1
178,10680,145,26.9396,-7.75822,-79.8385,123.651,-79.3814,125.745,-79.4282,120.528,-80.303,121.139,-80.1767,126.707,1
178,10680,147,25.1645,-22.3445,-29.7532,-64.5571,-30.1326,-65.0912,-30.4123,-64.0244,-29.3903,-63.9883,-29.1885,-65.0377,1
178,10680,148,-26.9668,2.76253,9.201,-67.0211,8.81738,-67.5502,8.76296,-66.5888,9.55947,-66.5346,9.68031,-67.4949,1
178,10680,152,-23.0929,-16.042,-1.53708,-51.3564,-1.59165,-52.0127,-2.07131,-51.319,-1.50221,-50.7653,-0.986117,-51.4167,1
178,10680,154,-34.9218,-13.3585,45.4388,10.7593,45.754,9.65917,44.8303,10.5605,45.1482,11.6913,46.112,10.9473,1
178,10680,156,-39.4996,9.67246,29.3119,108.214,30.0903,108.366,29.1956,107.333,28.6235,108.105,29.434,109.257,1
178,10680,163,34.4444,-9.54977,-24.7657,-48.3635,-24.6619,-49.0487,-25.5622,-48.3386,-24.8949,-47.6094,-24.0713,-48.393,1
178,10680,165,-22.8955,-21.6554,29.9241,-1.05827,29.8932,-1.88688,29.3694,-1.09344,29.9266,-0.324679,30.4895,-1.05777,1
178,10680,173,19.0328,23.7356,13.37,-9.1541,12.8896,-9.56323,12.985,-8.74281,13.9255,-8.71274,13.7785,-9.54481,1
178,10680,175,37.6606,-4.30043,81.4709,18.2275,81.3623,13.6364,80.6898,20.1981,81.515,23.5398,82.1385,16.2029,1
178,10680,176,30.2591,-13.89,62.2524,162.25,62.6652,163.167,62.7354,160.977,61.8198,161.26,61.8279,163.352,1
178,10680,183,-19.7424,-19.9934,15.9618,12.8396,15.7013,12.2612,15.4895,13.0124,16.1791,13.3687,16.4307,12.6407,1
178,10680,195,26.5908,5.56562,-23.3913,20.1374,-23.6538,19.5014,-23.9489,20.5215,-23.0957,20.8321,-22.8667,19.7919,1
178,10680,198,20.7363,-21.6935,68.3319,91.0202,68.5523,89.5034,67.6644,90.0533,68.0662,92.4835,68.9311,91.8742,2
178,10680,199,-23.1655,12.1743,55.8883,-178.541,56.463,-178.145,56.0623,-179.635,55.3315,-178.88,55.6731,-177.354,1
179,10740,6,-26.8832,-12.932,-1.83163,39.4023,-2.21884,38.7549,-2.33342,39.7475,-1.49645,39.9858,-1.31245,39.0193,1
179,10740,9,20.8536,-23.0232,67.6861,173.223,68.2836,173.036,67.6908,171.188,67.0825,173.312,67.6845,175.022,1
179,10740,12,-22.4928,-7.74864,20.3623,76.2908,20.3404,75.671,19.8535,76.3419,20.3746,76.8614,20.8967,76.2258,1
179,10740,27,-21.83,-15.9948,33.4768,82.8728,33.1013,82.3088,33.0788,83.2295,33.8033,83.3968,33.8735,82.4834,1
179,10740,29,-26.2841,3.57276,71.2451,-122.896,71.7444,-122.107,71.4102,-124.478,70.7758,-123.579,71.0482,-121.203,1
179,10740,38,-17.3243,10.3268,17.9232,94.3239,17.5667,93.958,17.5832,94.7169,18.2771,94.6725,18.2945,93.9062,1
179,10740,42,-37.1493,0.311515,39.5784,-97.6331,40.3656,-97.5417,39.4449,-98.5185,38.887,-97.7051,39.7274,-96.6203,1
179,10740,43,20.3834,-0.52488,9.33354,-75.03,9.85875,-74.9541,9.37136,-75.6018,8.77668,-75.1123,9.29627,-74.4922,1
179,10740,51,36.9733,-14.8141,-16.7305,124.421,-16.6733,123.703,-17.6853,124.533,-16.8233,125.214,-15.9231,124.313,1
179,10740,55,0.263061,20.845,37.1986,-84.2222,37.7336,-84.3345,37.1673,-84.9009,36.6382,-84.0771,37.2041,-83.5058,1
179,10740,64,-16.3931,-15.4189,-18.6356,135.264,-18.7435,134.67,-19.1296,135.333,-18.5478,135.813,-18.138,135.177,1
179,10740,70,-22.0955,-1.29625,15.7244,-15.1102,16.2569,-14.8377,15.9228,-15.6431,15.2269,-15.363,15.5147,-14.5422,1
179,10740,73,26.091,14.7284,-71.2902,89.9434,-70.9329,88.3202,-71.8163,89.0374,-71.6606,91.8591,-70.7959,90.8175,1
179,10740,78,28.8016,-24.9221,66.2501,-102.931,66.6899,-103.988,65.6866,-104.607,65.7601,-101.959,66.7358,-101.48,1
179,10740,85,-36.482,17.2466,61.2926,-119.11,61.5877,-120.371,60.5756,-119.471,61.0403,-117.956,62.133,-118.625,1
179,10740,88,-33.1028,9.75433,0.766395,9.83301,1.33116,10.1166,0.929631,9.22066,0.243862,9.58758,0.572363,10.5275,1
179,10740,92,-29.0833,-22.4345,47.6079,-88.2516,47.9067,-89.3685,47.0826,-88.5953,47.3224,-87.3117,48.1684,-87.9364,1
179,10740,94,3.88499,-19.4684,23.0647,0.933276,23.5783,0.863541,23.0861,0.348714,22.5677,0.978932,23.061,1.485,1
179,10740,103,-31.0138,-13.6083,57.518,44.1563,58.0533,45.1408,57.8728,43.2932,57.0502,43.3,57.1474,45.0916,1
179,10740,107,-26.6472,-16.9701,-83.6629,96.2855,-82.9672,95.0836,-83.7615,91.3184,-84.2794,97.4415,-83.4873,101.216,1
179,10740,115,-16.8529,-19.9279,31.5748,35.0688,32.1498,35.0075,31.5872,34.4988,31.0512,35.1041,31.582,35.6396,1
179,10740,120,-28.584,2.54056,-73.7346,111.246,-73.0938,111.942,-73.6311,109.04,-74.3223,110.58,-73.822,113.704,1
179,10740,124,35.3295,-6.8844,38.4027,-91.613,38.1035,-92.3978,37.7401,-90.9488,38.7156,-90.7212,38.9747,-92.2064,1
179,10740,125,7.45457,-20.3893,72.7799,-79.1242,72.5267,-80.8044,72.1955,-78.5737,72.9903,-77.4171,73.3158,-79.7384,1
179,10740,126,8.38324,23.049,64.813,64.083,65.3448,64.6526,65.0964,62.9566,64.2225,63.5433,64.4867,65.1895,2
179,10740,136,-32.4649,-18.9801,12.1024,-78.5183,11.9128,-79.4079,11.4941,-78.3389,12.2445,-77.7513,12.7431,-78.7464,1
179,10740,138,-31.7304,-19.266,56.7794,-3.24321,57.252,-4.60081,56.236,-3.80896,56.3464,-2.1236,57.3732,-2.67921,1
179,10740,140,-18.5362,-16.3293,82.4576,-46.0845,82.1132,-50.2592,81.9555,-44.3258,82.7197,-41.9061,82.9494,-48.2817,1
179,10740,141,29.3591,-22.3975,61.1211,100.646,61.6294,101.401,61.6418,99.1523,60.6097,99.8175,60.6794,101.918,1
179,10740,145,-3.08913,-19.2313,-81.3816,146.396,-80.8091,146.897,-81.1983,142.901,-81.9187,145.718,-81.5066,149.917,1
179,10740,147,30.3361,4.06929,-23.2143,-63.7026,-23.6128,-64.2632,-23.6711,-63.1426,-22.7671,-63.0839,-22.7891,-64.2047,1
179,10740,149,-35.3213,18.3183,50.7774,-66.0419,50.4007,-67.036,50.162,-65.1848,51.1455,-65.1455,51.5109,-67.0596,2
179,10740,152,29.1556,-15.1797,-2.15338,-45.4784,-2.11102,-46.0473,-2.88878,-45.485,-2.22187,-44.8757,-1.50557,-45.4862,1
179,10740,154,10.9522,21.7974,43.5673,22.1071,43.8,21.422,43.1244,21.7432,43.3293,22.8603,44.006,22.5147,2
179,10740,155,-29.7321,-14.8166,46.3619,68.8366,47.0152,68.3245,46.0514,68.1386,45.7793,69.2603,46.7082,69.5714,1
179,10740,163,38.6585,11.33,-20.882,-43.4684,-20.8427,-44.3057,-21.6337,-43.2645,-20.9127,-42.4804,-20.2097,-43.6241,1
179,10740,165,-34.804,-15.0364,33.7481,1.46832,33.8187,0.436812,33.1179,1.51589,33.6672,2.35055,34.435,1.38089,1
179,10740,173,36.5751,12.1648,16.1251,-7.22901,15.6264,-7.81906,15.7109,-6.59688,16.7142,-6.54458,16.5148,-7.78645,1
179,10740,175,-24.2412,-24.0697,83.9426,-31.3903,83.1975,-33.3203,83.6861,-26.6135,84.5777,-29.0442,84.1218,-36.7337,1
179,10740,176,29.4832,-22.1153,59.4403,162.731,59.8641,163.562,60.037,161.552,59.0184,161.832,58.9335,163.741,1
179,10740,183,35.3392,3.90694,19.0423,20.0848,18.9174,19.4328,18.4313,20.3913,19.1824,20.826,19.5915,19.8166,1
179,10740,195,-13.9068,22.5326,-16.9081,17.6465,-17.1605,17.1005,-17.4964,17.8781,-16.6228,18.186,-16.2499,17.4178,1
180,10800,6,0.83382,-19.0931,0.579513,42.7437,0.251502,42.2643,0.0485495,42.991,0.875593,43.2134,1.07564,42.4898,1
180,10800,12,15.1247,23.4324,22.8619,83.5218,22.8096,82.9151,22.349,83.519,22.9408,84.1923,23.3823,83.5553,1
180,10800,27,35.0185,20.096,39.5142,90.8601,39.1268,90.0658,39.04,91.4066,39.9827,91.7948,39.9719,90.3811,1
180,10800,35,0.328272,24.0825,-84.2501,125.551,-84.7423,124.47,-84.4035,130.387,-83.7198,126.294,-84.0227,120.82,1
180,10800,38,35.9916,-20.7626,18.796,99.2478,18.4268,98.7359,18.128,99.9016,19.1632,99.8306,19.342,98.6801,1
180,10800,42,33.6943,-16.3352,32.8209,-101.886,33.4412,-101.85,32.7579,-102.897,32.1503,-101.961,32.8836,-101.018,1
180,10800,43,-33.8529,21.6799,7.70105,-67.1707,8.33917,-66.9552,7.84185,-67.952,7.0941,-67.3335,7.50806,-66.2511,1
180,10800,44,33.3207,3.75919,-23.008,-50.89,-22.3644,-50.7716,-23.042,-51.6482,-23.7328,-51.0236,-22.9824,-50.2066,1
180,10800,55,25.0517,19.0032,32.9357,-82.7848,33.5953,-82.9009,32.8194,-83.4895,32.1928,-82.6312,33.0164,-82.0969,1
180,10800,64,17.7694,-15.3674,-17.379,139.868,-17.4475,139.347,-17.9603,139.922,-17.3258,140.399,-16.8473,139.804,1
180,10800,70,-3.09441,-18.275,13.0182,-16.2554,13.5432,-16.0704,13.2661,-16.7465,12.5263,-16.4474,12.7951,-15.7737,1
180,10800,73,32.4612,-20.9355,-72.0888,89.8544,-71.6691,88.3594,-72.7824,87.9304,-72.5525,91.4357,-71.4718,91.3304,1
180,10800,78,32.771,8.30467,64.9115,-85.4842,65.5155,-86.2295,64.4734,-86.7292,64.225,-84.6637,65.2898,-84.2932,1
180,10800,85,-1.28763,22.8057,60.0056,-109.068,60.162,-110.006,59.5603,-109.507,59.8552,-108.072,60.4668,-108.546,1
180,10800,87,-32.0312,20.2374,28.116,-5.80126,28.6647,-5.50921,28.3268,-6.54757,27.5874,-6.04036,27.8452,-4.94332,1
180,10800,92,36.0802,12.0279,42.9759,-76.2737,43.4303,-77.0385,42.3421,-76.6807,42.4502,-75.3888,43.5374,-75.873,2
180,10800,94,-30.7783,16.6689,20.4547,8.7229,21.0634,8.82566,20.4665,8.0067,19.881,8.65418,20.4203,9.5439,1
180,10800,103,30.59,23.3599,49.4377,34.8848,50.0528,35.5013,49.7324,34.0451,48.6993,34.2157,49.1177,35.6466,1
180,10800,114,-37.783,12.6229,51.1368,5.28795,51.8158,5.18977,50.8865,4.24484,50.5306,5.40688,51.4074,6.53121,1
180,10800,115,-19,-18.0143,28.8221,38.1321,29.4028,38.103,28.8361,37.5787,28.2946,38.1411,28.8263,38.6936,1
180,10800,120,16.7766,12.4497,-80.024,104.07,-79.477,105.017,-79.8548,101.033,-80.6154,102.997,-80.1773,107.112,1
180,10800,124,-37.0064,2.6803,44.2566,-101.35,43.8258,-102.321,43.7507,-100.592,44.637,-100.49,44.829,-102.237,1
180,10800,125,20.8333,14.6456,78.203,-59.4001,78.142,-62.3567,77.6275,-59.0873,78.2499,-56.1223,78.7633,-59.633,1
180,10800,138,-34.0716,-14.3743,57.4525,4.31636,58.0396,3.11181,56.9168,3.64369,56.928,5.30694,58.0489,5.02971,1
180,10800,140,33.5396,-11.2293,81.6438,3.24631,81.9714,-0.722879,80.8631,1.22605,81.2252,7.15001,82.3179,5.26983,1
180,10800,141,23.7507,11.9359,53.9616,104.646,54.4711,105.244,54.2516,103.752,53.3891,104.02,53.6644,105.473,1
180,10800,145,-36.5462,-16.8602,-80.9269,179.799,-80.0008,177.731,-81.2596,175.896,-81.7037,-178.204,-80.4861,-176.364,1
180,10800,147,35.3635,7.02685,-19.1496,-62.9632,-19.5949,-63.5832,-19.6202,-62.3277,-18.6323,-62.2593,-18.7146,-63.52,1
180,10800,151,-28.4423,24.7443,-18.1781,-69.866,-18.074,-70.4907,-18.8893,-69.9814,-18.2375,-69.254,-17.3525,-69.7038,1
180,10800,153,36.2983,17.3863,26.6337,-12.3275,26.7423,-13.1869,25.9326,-12.2678,26.5174,-11.3109,27.2741,-12.3472,1
180,10800,154,-31.8298,16.5735,48.3198,25.4192,48.7465,24.7067,47.7415,24.8485,47.9379,26.0985,48.9729,26.1152,1
180,10800,163,22.0557,12.6859,-16.817,-42.585,-16.8347,-43.1857,-17.3698,-42.5291,-16.7834,-41.9257,-16.284,-42.6215,1
180,10800,170,-35.9475,-4.41733,-86.0967,-100.345,-85.4612,-106.927,-86.618,-106.913,-86.5972,-92.6739,-85.4599,-94.9695,1
180,10800,173,22.6957,-10.3596,17.5498,-9.22673,17.1951,-9.65444,17.0903,-8.77445,17.9094,-8.76726,17.9623,-9.64856,1
180,10800,183,29.2444,-21.1258,20.5508,19.8523,20.4368,19.2845,19.8137,20.0091,20.6366,20.4538,21.1854,19.6955,1
180,10800,195,34.6595,-8.28172,-18.1308,22.6758,-18.3542,21.982,-18.878,23.1447,-17.8979,23.4498,-17.4818,22.2649,1
