target,lat_deg,lon_deg,on_land,priority,captured_step,captured_by,window_open,window_close
0,-6.52375,30.3914,1,0.000384615,163,197,138,166
1,14.2115,34.346,1,0.000384615,67,96,55,72
2,61.5252,82.4808,1,0.000384615,57,190,40,58
3,-25.8556,144.382,1,0.000384615,139,68,135,162
4,-3.01814,124.27,1,0.000384615,-1,-1,116,145
5,58.9863,123.26,1,0.000384615,171,186,151,179
6,-15.1199,-49.2976,1,0.000384615,-1,-1,73,92
7,54.7021,86.0875,1,0.000384615,86,126,72,101
8,-11.5298,-47.0416,1,0.000384615,126,157,117,132
9,46.8117,128.427,1,0.000384615,-1,-1,58,84
10,27.0038,1.68297,1,0.000384615,-1,-1,71,83
11,36.4926,95.7157,1,0.000384615,132,22,128,150
12,14.4852,2.08191,1,0.000384615,140,177,130,156
13,29.7172,8.13347,1,0.000384615,139,98,136,162
14,40.8793,-103.785,1,0.000384615,-1,-1,90,106
15,-7.03705,-41.5569,1,0.000384615,-1,-1,35,49
16,39.678,98.7831,1,0.000384615,-1,-1,154,165
17,71.831,-179.161,1,0.000384615,27,194,21,36
18,-83.1744,-26.7423,1,0.000384615,98,22,83,99
19,12.0572,-72.0941,1,0.000384615,-1,-1,98,118
20,50.7109,-122.162,1,0.000384615,164,43,163,178
21,42.743,-119.561,1,0.000384615,138,105,114,138
22,44.7887,135.424,1,0.000384615,-1,-1,47,72
23,-31.4012,-57.0361,1,0.000384615,101,159,87,114
24,49.244,-5.16689,1,0.000384615,157,130,151,172
25,30.6524,-103.256,1,0.000384615,-1,-1,54,76
26,38.6466,92.5909,1,0.000384615,-1,-1,135,158
27,7.32339,102.291,1,0.000384615,89,127,89,112
28,0.316394,26.2811,1,0.000384615,-1,-1,47,66
29,32.9906,47.6089,1,0.000384615,37,160,19,40
30,16.3514,100.757,1,0.000384615,-1,-1,95,105
31,21.3477,43.7536,1,0.000384615,-1,-1,53,64
32,38.42,109.035,1,0.000384615,121,163,113,134
33,23.5085,44.3025,1,0.000384615,159,106,150,162
34,44.9655,-70.3006,1,0.000384615,80,55,80,103
35,53.7688,78.1955,1,0.000384615,37,108,32,59
36,55.0274,119.928,1,0.000384615,47,33,45,61
37,12.825,107.451,1,0.000384615,121,34,119,138
38,5.26261,-61.263,1,0.000384615,-1,-1,24,35
39,62.2636,34.0662,1,0.000384615,-1,-1,93,117
40,-6.93563,30.5565,1,0.000384615,163,197,138,166
41,15.3668,34.7281,1,0.000384615,57,97,55,72
42,61.5447,77.9631,1,0.000384615,54,106,40,58
43,-26.3482,145.731,1,0.000384615,-1,-1,135,162
44,-3.31892,125.226,1,0.000384615,128,148,116,145
45,56.8173,122.75,1,0.000384615,151,144,151,179
46,-16.0071,-49.7194,1,0.000384615,-1,-1,73,92
47,56.161,84.7933,1,0.000384615,78,185,72,101
48,-11.3231,-45.7711,1,0.000384615,117,158,117,132
49,46.6676,126.884,1,0.000384615,64,31,58,84
50,28.1833,1.88226,1,0.000384615,-1,-1,71,83
51,35.1731,98.3031,1,0.000384615,146,32,128,150
52,15.6537,1.15477,1,0.000384615,135,169,130,156
53,27.5245,7.7912,1,0.000384615,158,167,136,162
54,41.7709,-101.651,1,0.000384615,-1,-1,90,106
55,-7.11267,-41.829,1,0.000384615,-1,-1,35,49
56,40.035,100.277,1,0.000384615,-1,-1,154,165
57,72.0023,-178.404,1,0.000384615,27,194,21,36
58,-86.8974,-1.65021,1,0.000384615,-1,-1,83,99
59,12.7692,-71.2689,1,0.000384615,-1,-1,98,118
60,51.3327,-123.475,1,0.000384615,173,42,163,178
61,41.5765,-116.437,1,0.000384615,119,107,114,138
62,46.9259,136.416,1,0.000384615,57,144,47,72
63,-30.8949,-55.4033,1,0.000384615,110,144,87,114
64,47.3341,-5.22324,1,0.000384615,169,175,151,172
65,31.0557,-101.647,1,0.000384615,59,103,54,76
66,39.3372,94.6705,1,0.000384615,158,169,135,158
67,5.70002,102.801,1,0.000384615,90,127,89,112
68,1.8299,25.2423,1,0.000384615,49,74,47,66
69,33.3296,47.2753,1,0.000384615,37,160,19,40
70,17.4759,100.674,1,0.000384615,103,10,95,105
71,19.4405,46.1305,1,0.000384615,-1,-1,53,64
72,38.024,108.693,1,0.000384615,121,163,113,134
73,22.8435,45.9608,1,0.000384615,153,118,150,162
74,42.7919,-70.132,1,0.000384615,93,123,80,103
75,53.7544,77.6295,1,0.000384615,37,108,32,59
76,56.2939,120.877,1,0.000384615,52,21,45,61
77,13.4595,107.757,1,0.000384615,-1,-1,119,138
78,4.24678,-64.1012,1,0.000384615,25,129,24,35
79,63.4759,32.9741,1,0.000384615,-1,-1,93,117
80,-5.22855,34.0085,1,0.000384615,141,99,138,166
81,14.9002,35.1378,1,0.000384615,-1,-1,55,72
82,62.3314,82.3079,1,0.000384615,58,190,40,58
83,-25.4605,144.893,1,0.000384615,139,68,135,162
84,-4.20488,126.706,1,0.000384615,134,43,116,145
85,59.8951,123.604,1,0.000384615,152,188,151,179
86,-17.5024,-49.793,1,0.000384615,-1,-1,73,92
87,55.6013,91.6688,1,0.000384615,77,127,72,101
88,-11.431,-45.7873,1,0.000384615,117,158,117,132
89,45.318,128.608,1,0.000384615,-1,-1,58,84
90,27.3488,1.5336,1,0.000384615,-1,-1,71,83
91,37.395,98.0417,1,0.000384615,133,22,128,150
92,14.6298,2.69392,1,0.000384615,146,81,130,156
93,28.3711,9.21616,1,0.000384615,159,167,136,162
94,41.0163,-105.121,1,0.000384615,-1,-1,90,106
95,-6.82378,-41.814,1,0.000384615,-1,-1,35,49
96,43.0765,98.8464,1,0.000384615,-1,-1,154,165
97,71.5563,178.986,1,0.000384615,27,194,21,36
98,-84.9463,-27.3945,1,0.000384615,86,170,83,99
99,11.5581,-71.8943,1,0.000384615,-1,-1,98,118
100,50.8697,-120.824,1,0.000384615,172,55,163,178
101,42.8611,-116.169,1,0.000384615,-1,-1,114,138
102,46.24,136.424,1,0.000384615,58,144,47,72
103,-32.1153,-56.5407,1,0.000384615,-1,-1,87,114
104,47.1336,-3.55659,1,0.000384615,168,175,151,172
105,31.6521,-103.496,1,0.000384615,69,102,54,76
106,37.8594,97.2471,1,0.000384615,156,31,135,158
107,5.66431,101.831,1,0.000384615,100,126,89,112
108,1.91003,24.6792,1,0.000384615,49,74,47,66
109,31.2952,49.2072,1,0.000384615,27,161,19,40
110,16.0813,101.264,1,0.000384615,97,126,95,105
111,19.328,44.9576,1,0.000384615,-1,-1,53,64
112,34.7481,109.199,1,0.000384615,128,151,113,134
113,24.7744,43.677,1,0.000384615,158,106,150,162
114,42.8102,-71.5233,1,0.000384615,103,122,80,103
115,52.0838,76.9084,1,0.000384615,41,133,32,59
116,54.5101,119.071,1,0.000384615,61,20,45,61
117,11.3272,105.862,1,0.000384615,124,136,119,138
118,5.00828,-63.5932,1,0.000384615,26,129,24,35
119,63.6736,31.96,1,0.000384615,-1,-1,93,117
120,-8.82072,32.546,1,0.000384615,144,199,138,166
121,15.05,35.7099,1,0.000384615,-1,-1,55,72
122,60.5984,83.0933,1,0.000384615,49,188,40,58
123,-25.996,143.799,1,0.000384615,-1,-1,135,162
124,-4.662,125.45,1,0.000384615,133,43,116,145
125,55.6636,126.669,1,0.000384615,-1,-1,151,179
126,-16.4996,-48.7909,1,0.000384615,-1,-1,73,92
127,56.7924,84.9207,1,0.000384615,79,8,72,101
128,-11.8581,-45.8083,1,0.000384615,119,40,117,132
129,43.3324,128.222,1,0.000384615,83,13,58,84
130,28.786,1.36955,1,0.000384615,-1,-1,71,83
131,35.8077,94.7164,1,0.000384615,-1,-1,128,150
132,13.3943,2.34039,1,0.000384615,156,80,130,156
133,29.1335,7.67415,1,0.000384615,139,169,136,162
134,41.1593,-102.302,1,0.000384615,-1,-1,90,106
135,-6.16907,-42.0145,1,0.000384615,-1,-1,35,49
136,40.7035,99.1735,1,0.000384615,-1,-1,154,165
137,70.7625,177.094,1,0.000384615,30,4,21,36
138,-86.461,-29.9465,1,0.000384615,94,179,83,99
139,11.6469,-69.7303,1,0.000384615,-1,-1,98,118
140,50.9877,-124.786,1,0.000384615,173,42,163,178
141,42.7888,-117.358,1,0.000384615,120,107,114,138
142,46.4065,137.877,1,0.000384615,-1,-1,47,72
143,-30.5739,-57.3211,1,0.000384615,111,158,87,114
144,47.1903,-1.74278,1,0.000384615,159,176,151,172
145,30.9612,-101.948,1,0.000384615,59,103,54,76
146,37.9106,94.865,1,0.000384615,144,159,135,158
147,6.73179,101.896,1,0.000384615,89,127,89,112
148,2.11949,24.8486,1,0.000384615,49,74,47,66
149,31.5213,47.9443,1,0.000384615,-1,-1,19,40
150,17.2501,102.12,1,0.000384615,96,126,95,105
151,20.4015,43.4113,1,0.000384615,56,186,53,64
152,38.0475,109.788,1,0.000384615,131,162,113,134
153,23.5542,44.8544,1,0.000384615,150,107,150,162
154,43.0105,-70.9546,1,0.000384615,91,91,80,103
155,53.2283,76.0056,1,0.000384615,37,189,32,59
156,55.7912,120.729,1,0.000384615,47,33,45,61
157,12.9397,106.42,1,0.000384615,131,33,119,138
158,3.85985,-63.1095,1,0.000384615,-1,-1,24,35
159,64.0193,33.7299,1,0.000384615,-1,-1,93,117
160,-8.17683,34.7174,1,0.000384615,152,98,138,166
161,15.8122,35.294,1,0.000384615,57,97,55,72
162,61.5433,81.0273,1,0.000384615,57,190,40,58
163,-25.8438,143.38,1,0.000384615,148,67,135,162
164,-3.27597,125.446,1,0.000384615,128,148,116,145
165,57.398,123.637,1,0.000384615,-1,-1,151,179
166,-16.7847,-48.4641,1,0.000384615,-1,-1,73,92
167,55.6775,85.8268,1,0.000384615,78,185,72,101
168,-10.953,-45.4176,1,0.000384615,118,40,117,132
169,45.2636,128.811,1,0.000384615,-1,-1,58,84
170,29.1611,0.28891,1,0.000384615,-1,-1,71,83
171,35.2361,94.7175,1,0.000384615,135,150,128,150
172,15.3,1.14589,1,0.000384615,135,169,130,156
173,29.6077,7.90166,1,0.000384615,139,98,136,162
174,41.2019,-101.227,1,0.000384615,-1,-1,90,106
175,-6.61729,-41.1309,1,0.000384615,-1,-1,35,49
176,42.0174,100.209,1,0.000384615,-1,-1,154,165
177,71.6175,179.971,1,0.000384615,27,194,21,36
178,-86.1872,-23.1214,1,0.000384615,-1,-1,83,99
179,10.3633,-70.8747,1,0.000384615,-1,-1,98,118
180,51.9941,-123.429,1,0.000384615,169,68,163,178
181,43.2172,-116.249,1,0.000384615,-1,-1,114,138
182,47.6987,137.305,1,0.000384615,57,144,47,72
183,-31.8711,-57.0315,1,0.000384615,90,17,87,114
184,46.232,-2.07518,1,0.000384615,158,176,151,172
185,30.5128,-101.315,1,0.000384615,-1,-1,54,76
186,38.1,95.4655,1,0.000384615,155,158,135,158
187,5.66148,102.471,1,0.000384615,90,127,89,112
188,1.34284,24.3849,1,0.000384615,-1,-1,47,66
189,31.5272,48.762,1,0.000384615,27,161,19,40
190,16.96,103.63,1,0.000384615,-1,-1,95,105
191,20.3806,43.9152,1,0.000384615,56,186,53,64
192,35.9137,108.186,1,0.000384615,127,151,113,134
193,23.305,44.2917,1,0.000384615,159,106,150,162
194,44.9068,-70.9792,1,0.000384615,80,55,80,103
195,53.3717,78.2393,1,0.000384615,35,192,32,59
196,55.4718,119.232,1,0.000384615,57,32,45,61
197,11.9324,105.951,1,0.000384615,124,136,119,138
198,5.79085,-63.6864,1,0.000384615,-1,-1,24,35
199,62.16,32.3032,1,0.000384615,-1,-1,93,117
200,-8.18419,31.9801,1,0.000384615,143,199,138,166
201,13.7954,35.4166,1,0.000384615,-1,-1,55,72
202,61.3754,81.6018,1,0.000384615,57,190,40,58
203,-26.1502,143.746,1,0.000384615,-1,-1,135,162
204,-3.02861,125.893,1,0.000384615,128,148,116,145
205,58.9573,123.249,1,0.000384615,171,186,151,179
206,-16.7394,-49.4889,1,0.000384615,-1,-1,73,92
207,55.4571,85.557,1,0.000384615,75,198,72,101
208,-12.686,-49.3549,1,0.000384615,125,143,117,132
209,44.4417,128.918,1,0.000384615,64,169,58,84
210,28.0923,2.59134,1,0.000384615,-1,-1,71,83
211,36.8332,96.5524,1,0.000384615,-1,-1,128,150
212,14.2982,2.94655,1,0.000384615,131,178,130,156
213,30.5582,9.36481,1,0.000384615,150,168,136,162
214,40.7377,-102.103,1,0.000384615,-1,-1,90,106
215,-7.40074,-41.755,1,0.000384615,-1,-1,35,49
216,40.7626,99.4047,1,0.000384615,-1,-1,154,165
217,70.3513,-179.754,1,0.000384615,-1,-1,21,36
218,-85.5115,-10.5271,1,0.000384615,-1,-1,83,99
219,11.4003,-69.5688,1,0.000384615,114,39,98,118
220,51.7447,-121.68,1,0.000384615,163,43,163,178
221,43.8458,-117.141,1,0.000384615,-1,-1,114,138
222,45.2792,136.815,1,0.000384615,68,143,47,72
223,-31.61,-55.9863,1,0.000384615,91,150,87,114
224,47.6758,-3.89316,1,0.000384615,159,116,151,172
225,30.0517,-103.212,1,0.000384615,74,92,54,76
226,39.4205,94.2497,1,0.000384615,158,169,135,158
227,5.87742,101.221,1,0.000384615,99,126,89,112
228,0.632972,23.6434,1,0.000384615,51,176,47,66
229,31.6598,49.1539,1,0.000384615,27,161,19,40
230,15.7882,102.089,1,0.000384615,97,126,95,105
231,19.8958,43.2491,1,0.000384615,-1,-1,53,64
232,36.4356,109.411,1,0.000384615,118,152,113,134
233,24.0986,44.2007,1,0.000384615,153,199,150,162
234,42.8669,-68.4222,1,0.000384615,84,124,80,103
235,52.4975,79.7122,1,0.000384615,35,192,32,59
236,54.1611,118.948,1,0.000384615,51,21,45,61
237,13.0742,106.983,1,0.000384615,131,33,119,138
238,3.63517,-61.7,1,0.000384615,35,128,24,35
239,63.1713,31.6604,1,0.000384615,-1,-1,93,117
240,-7.46443,31.6841,1,0.000384615,-1,-1,138,166
241,15.4078,34.383,1,0.000384615,57,97,55,72
242,59.4846,79.2581,1,0.000384615,56,190,40,58
243,-25.4784,144.433,1,0.000384615,139,68,135,162
244,-2.97888,128.113,1,0.000384615,124,44,116,145
245,58.909,126.373,1,0.000384615,162,187,151,179
246,-16.6225,-49.2351,1,0.000384615,-1,-1,73,92
247,54.4517,86.0247,1,0.000384615,86,126,72,101
248,-12.3497,-45.477,1,0.000384615,119,40,117,132
249,42.8558,130.424,1,0.000384615,73,14,58,84
250,27.8855,1.29842,1,0.000384615,80,70,71,83
251,37.6945,98.2644,1,0.000384615,133,22,128,150
252,14.0632,1.49937,1,0.000384615,140,177,130,156
253,28.7396,9.38625,1,0.000384615,159,167,136,162
254,41.1612,-102.702,1,0.000384615,-1,-1,90,106
255,-5.48017,-41.6512,1,0.000384615,-1,-1,35,49
256,41.7456,99.7868,1,0.000384615,-1,-1,154,165
257,72.1892,-173.918,1,0.000384615,-1,-1,21,36
258,-86.0123,-45.0481,1,0.000384615,83,35,83,99
259,10.0732,-69.5147,1,0.000384615,-1,-1,98,118
260,52.5762,-123.557,1,0.000384615,170,68,163,178
261,42.7128,-120.255,1,0.000384615,138,105,114,138
262,47.5564,137.298,1,0.000384615,57,144,47,72
263,-31.6423,-56.2105,1,0.000384615,91,150,87,114
264,47.3633,-4.05246,1,0.000384615,159,116,151,172
265,29.9377,-101.617,1,0.000384615,64,93,54,76
266,39.1776,92.0287,1,0.000384615,-1,-1,135,158
267,5.91544,100.966,1,0.000384615,99,126,89,112
268,1.60182,26.497,1,0.000384615,-1,-1,47,66
269,33.2631,47.8172,1,0.000384615,37,160,19,40
270,17.4384,101.632,1,0.000384615,96,126,95,105
271,19.7804,45.7097,1,0.000384615,-1,-1,53,64
272,37.0413,109.039,1,0.000384615,118,19,113,134
273,25.7131,45.6578,1,0.000384615,-1,-1,150,162
274,44.5295,-70.7895,1,0.000384615,80,55,80,103
275,53.0889,78.6389,1,0.000384615,35,192,32,59
276,54.9462,118.347,1,0.000384615,61,20,45,61
277,12.3214,106.708,1,0.000384615,121,34,119,138
278,6.51542,-62.2584,1,0.000384615,-1,-1,24,35
279,63.911,30.8704,1,0.000384615,-1,-1,93,117
280,-7.03594,31.5721,1,0.000384615,-1,-1,138,166
281,16.1148,35.1635,1,0.000384615,56,97,55,72
282,62.0845,83.6104,1,0.000384615,48,191,40,58
283,-24.4168,144.88,1,0.000384615,140,68,135,162
284,-1.571,126.187,1,0.000384615,118,149,116,145
285,57.2707,123.979,1,0.000384615,-1,-1,151,179
286,-15.7473,-49.1426,1,0.000384615,-1,-1,73,92
287,53.4623,85.3244,1,0.000384615,78,8,72,101
288,-12.7958,-46.6378,1,0.000384615,129,49,117,132
289,46.0647,127.417,1,0.000384615,63,31,58,84
290,29.2172,-0.0963745,1,0.000384615,-1,-1,71,83
291,35.5035,98.6514,1,0.000384615,146,32,128,150
292,13.9495,3.33144,1,0.000384615,131,178,130,156
293,28.9431,6.66476,1,0.000384615,138,169,136,162
294,41.6375,-100.114,1,0.000384615,-1,-1,90,106
295,-6.77406,-41.7323,1,0.000384615,-1,-1,35,49
296,41.7477,98.2328,1,0.000384615,-1,-1,154,165
297,70.5401,-179.219,1,0.000384615,21,5,21,36
298,-86.1603,-34.7615,1,0.000384615,94,179,83,99
299,11.3738,-68.777,1,0.000384615,114,39,98,118
300,52.9712,-123.314,1,0.000384615,170,68,163,178
301,42.8027,-117.798,1,0.000384615,120,107,114,138
302,46.0643,139.956,1,0.000384615,66,15,47,72
303,-30.9233,-53.91,1,0.000384615,-1,-1,87,114
304,47.4911,-3.29008,1,0.000384615,159,116,151,172
305,31.3173,-102.893,1,0.000384615,-1,-1,54,76
306,35.9526,94.0754,1,0.000384615,-1,-1,135,158
307,6.4314,101.884,1,0.000384615,105,24,89,112
308,-0.781451,24.8912,1,0.000384615,-1,-1,47,66
309,32.4319,49.0091,1,0.000384615,-1,-1,19,40
310,16.2498,103.518,1,0.000384615,-1,-1,95,105
311,21.1475,45.2398,1,0.000384615,-1,-1,53,64
312,36.8879,109.79,1,0.000384615,117,152,113,134
313,24.2366,45.0024,1,0.000384615,152,118,150,162
314,45.9083,-69.4032,1,0.000384615,81,55,80,103
315,52.3768,77.2491,1,0.000384615,32,134,32,59
316,55.1699,120.673,1,0.000384615,47,33,45,61
317,11.2622,106.19,1,0.000384615,124,136,119,138
318,3.53492,-62.9937,1,0.000384615,-1,-1,24,35
319,61.3369,32.5536,1,0.000384615,-1,-1,93,117
320,-7.73314,33.5159,1,0.000384615,151,98,138,166
321,13.6977,35.0264,1,0.000384615,-1,-1,55,72
322,59.9977,85.8041,1,0.000384615,40,189,40,58
323,-25.6829,144.161,1,0.000384615,139,68,135,162
324,-3.33049,125.506,1,0.000384615,128,148,116,145
325,57.7694,126.276,1,0.000384615,172,186,151,179
326,-18.1516,-49.6581,1,0.000384615,-1,-1,73,92
327,54.4672,89.293,1,0.000384615,98,6,72,101
328,-13.584,-45.2411,1,0.000384615,130,49,117,132
329,45.0261,128.362,1,0.000384615,-1,-1,58,84
330,28.5145,2.99918,1,0.000384615,-1,-1,71,83
331,36.6499,96.7223,1,0.000384615,-1,-1,128,150
332,14.7017,4.19653,1,0.000384615,-1,-1,130,156
333,28.8961,7.75778,1,0.000384615,139,169,136,162
334,43.1562,-103.364,1,0.000384615,98,40,90,106
335,-8.10773,-41.804,1,0.000384615,-1,-1,35,49
336,40.6413,98.7,1,0.000384615,159,169,154,165
337,71.2966,176.356,1,0.000384615,30,4,21,36
338,-86.8712,-22.1198,1,0.000384615,-1,-1,83,99
339,10.3118,-71.0934,1,0.000384615,-1,-1,98,118
340,50.8192,-121.368,1,0.000384615,172,55,163,178
341,42.9629,-116.437,1,0.000384615,-1,-1,114,138
342,46.8912,138.174,1,0.000384615,47,145,47,72
343,-32.5266,-59.1563,1,0.000384615,100,16,87,114
344,49.0444,-4.58711,1,0.000384615,160,176,151,172
345,30.3017,-103.972,1,0.000384615,68,102,54,76
346,38.3055,94.2549,1,0.000384615,-1,-1,135,158
347,7.66578,102.038,1,0.000384615,106,24,89,112
348,1.65438,25.3638,1,0.000384615,49,74,47,66
349,32.8936,49.8318,1,0.000384615,28,161,19,40
350,16.4468,103.444,1,0.000384615,-1,-1,95,105
351,20.5419,42.979,1,0.000384615,-1,-1,53,64
352,36.8618,110.539,1,0.000384615,117,152,113,134
353,24.5037,42.9894,1,0.000384615,161,117,150,162
354,44.0816,-72.7397,1,0.000384615,81,92,80,103
355,52.8338,77.3793,1,0.000384615,32,134,32,59
356,54.7024,119.522,1,0.000384615,-1,-1,45,61
357,12.8707,106.021,1,0.000384615,123,136,119,138
358,5.10708,-61.8865,1,0.000384615,-1,-1,24,35
359,63.5038,31.1111,1,0.000384615,-1,-1,93,117
360,-8.20233,31.9793,1,0.000384615,143,199,138,166
361,14.5996,34.9031,1,0.000384615,67,96,55,72
362,62.5611,80.4417,1,0.000384615,-1,-1,40,58
363,-24.9819,143.5,1,0.000384615,149,67,135,162
364,-2.2048,126.174,1,0.000384615,118,149,116,145
365,57.0572,127.08,1,0.000384615,-1,-1,151,179
366,-16.7537,-49.8447,1,0.000384615,-1,-1,73,92
367,56.0636,88.7952,1,0.000384615,76,127,72,101
368,-11.1956,-46.7177,1,0.000384615,117,158,117,132
369,45.7441,128.921,1,0.000384615,-1,-1,58,84
370,27.446,0.943192,1,0.000384615,83,153,71,83
371,35.3255,97.136,1,0.000384615,-1,-1,128,150
372,13.8949,2.70085,1,0.000384615,-1,-1,130,156
373,27.9536,7.01213,1,0.000384615,148,168,136,162
374,40.1552,-102.098,1,0.000384615,-1,-1,90,106
375,-5.88698,-42.2882,1,0.000384615,-1,-1,35,49
376,43.3524,98.042,1,0.000384615,158,31,154,165
377,71.4358,179.213,1,0.000384615,31,4,21,36
378,-85.5173,-22.9253,1,0.000384615,95,179,83,99
379,9.60162,-70.3789,1,0.000384615,-1,-1,98,118
380,51.8057,-121.98,1,0.000384615,163,43,163,178
381,42.6279,-117.847,1,0.000384615,120,107,114,138
382,47.2071,138.022,1,0.000384615,47,145,47,72
383,-30.761,-55.5972,1,0.000384615,110,144,87,114
384,48.6543,-3.34967,1,0.000384615,158,130,151,172
385,31.8698,-102.843,1,0.000384615,60,103,54,76
386,37.5013,94.9312,1,0.000384615,144,159,135,158
387,8.19008,100.39,1,0.000384615,-1,-1,89,112
388,2.14097,23.7674,1,0.000384615,52,176,47,66
389,32.949,46.1701,1,0.000384615,-1,-1,19,40
390,17.3296,102.635,1,0.000384615,-1,-1,95,105
391,19.1253,44.1075,1,0.000384615,55,186,53,64
392,38.8024,112.703,1,0.000384615,129,18,113,134
393,24.9329,46.5672,1,0.000384615,-1,-1,150,162
394,44.3441,-70.3306,1,0.000384615,91,54,80,103
395,53.485,77.5995,1,0.000384615,37,108,32,59
396,54.375,120.758,1,0.000384615,56,32,45,61
397,13.0591,106.934,1,0.000384615,131,33,119,138
398,3.22375,-63.6436,1,0.000384615,34,128,24,35
399,61.646,38.8328,1,0.000384615,-1,-1,93,117
400,-6.316,31.8101,1,0.000384615,160,97,138,166
401,14.7191,34.6945,1,0.000384615,67,96,55,72
402,61.4971,81.0534,1,0.000384615,57,190,40,58
403,-25.6494,144.021,1,0.000384615,139,68,135,162
404,-2.72731,126.204,1,0.000384615,129,148,116,145
405,58.1494,124.324,1,0.000384615,-1,-1,151,179
406,-16.0198,-49.1824,1,0.000384615,-1,-1,73,92
407,55.9286,85.5063,1,0.000384615,78,185,72,101
408,-13.5198,-47.7321,1,0.000384615,-1,-1,117,132
409,45.3643,126.844,1,0.000384615,-1,-1,58,84
410,27.5548,-0.320465,1,0.000384615,79,70,71,83
411,34.9844,97.4806,1,0.000384615,146,159,128,150
412,14.8968,2.80586,1,0.000384615,146,81,130,156
413,29.8499,8.15834,1,0.000384615,139,98,136,162
414,41.6996,-99.5376,1,0.000384615,99,40,90,106
415,-7.30702,-40.4448,1,0.000384615,-1,-1,35,49
416,41.55,98.0908,1,0.000384615,-1,-1,154,165
417,71.5361,178.871,1,0.000384615,27,194,21,36
418,-86.3766,-28.2548,1,0.000384615,94,179,83,99
419,11.1515,-69.9732,1,0.000384615,115,39,98,118
420,51.6512,-121.59,1,0.000384615,163,43,163,178
421,41.6646,-120.689,1,0.000384615,-1,-1,114,138
422,46.2577,136.289,1,0.000384615,58,144,47,72
423,-30.0041,-58.9022,1,0.000384615,87,33,87,114
424,48.3365,-4.32307,1,0.000384615,-1,-1,151,172
425,30.8863,-102.319,1,0.000384615,59,103,54,76
426,38.7708,93.9861,1,0.000384615,154,158,135,158
427,6.89799,101.915,1,0.000384615,89,127,89,112
428,0.982867,23.8588,1,0.000384615,51,176,47,66
429,34.4108,47.963,1,0.000384615,-1,-1,19,40
430,16.0734,101.443,1,0.000384615,97,126,95,105
431,21.2004,43.3604,1,0.000384615,-1,-1,53,64
432,37.2805,110.898,1,0.000384615,127,34,113,134
433,23.7622,45.4177,1,0.000384615,150,107,150,162
434,45.3193,-70.1693,1,0.000384615,90,54,80,103
435,53.7967,77.1917,1,0.000384615,37,108,32,59
436,56.8421,121.341,1,0.000384615,53,21,45,61
437,12.4132,106.968,1,0.000384615,121,34,119,138
438,4.06037,-62.0186,1,0.000384615,35,128,24,35
439,62.791,30.3227,1,0.000384615,-1,-1,93,117
440,-8.03473,31.229,1,0.000384615,153,198,138,166
441,15.5397,34.131,1,0.000384615,66,96,55,72
442,61.476,82.8783,1,0.000384615,47,191,40,58
443,-25.879,143.835,1,0.000384615,-1,-1,135,162
444,-1.78024,126.633,1,0.000384615,118,149,116,145
445,57.1321,123.179,1,0.000384615,151,144,151,179
446,-16.5587,-49.5945,1,0.000384615,-1,-1,73,92
447,56.7191,84.424,1,0.000384615,79,8,72,101
448,-10.1141,-46.4795,1,0.000384615,-1,-1,117,132
449,44.1204,127.132,1,0.000384615,74,168,58,84
450,26.627,0.956787,1,0.000384615,73,154,71,83
451,36.9594,97.8723,1,0.000384615,142,21,128,150
452,13.9969,4.11063,1,0.000384615,-1,-1,130,156
453,28.7401,8.28741,1,0.000384615,149,97,136,162
454,41.2591,-102.301,1,0.000384615,-1,-1,90,106
455,-6.77173,-41.2669,1,0.000384615,-1,-1,35,49
456,40.8847,99.3834,1,0.000384615,-1,-1,154,165
457,72.2595,-177.064,1,0.000384615,-1,-1,21,36
458,-83.8286,-17.2714,1,0.000384615,-1,-1,83,99
459,9.80998,-69.2572,1,0.000384615,-1,-1,98,118
460,51.5367,-122.106,1,0.000384615,163,43,163,178
461,42.8932,-117.831,1,0.000384615,120,107,114,138
462,46.5936,139.573,1,0.000384615,-1,-1,47,72
463,-31.0792,-56.3551,1,0.000384615,-1,-1,87,114
464,46.3728,-2.40703,1,0.000384615,-1,-1,151,172
465,30.8446,-100.996,1,0.000384615,-1,-1,54,76
466,37.0899,94.5298,1,0.000384615,-1,-1,135,158
467,6.33339,100.706,1,0.000384615,-1,-1,89,112
468,2.37985,26.3738,1,0.000384615,-1,-1,47,66
469,32.139,47.6715,1,0.000384615,-1,-1,19,40
470,16.703,102.451,1,0.000384615,99,25,95,105
471,19.0634,46.1633,1,0.000384615,-1,-1,53,64
472,37.2935,110.663,1,0.000384615,117,152,113,134
473,24.15,43.6388,1,0.000384615,153,199,150,162
474,45.5478,-71.668,1,0.000384615,82,92,80,103
475,52.8451,77.2152,1,0.000384615,32,134,32,59
476,55.1037,119.781,1,0.000384615,47,33,45,61
477,12.0715,105.193,1,0.000384615,130,33,119,138
478,3.79393,-63.1765,1,0.000384615,-1,-1,24,35
479,62.2028,33.3505,1,0.000384615,-1,-1,93,117
480,-7.96258,32.1707,1,0.000384615,154,198,138,166
481,14.6478,33.7755,1,0.000384615,-1,-1,55,72
482,62.2962,88.1127,1,0.000384615,50,188,40,58
483,-25.3334,144.379,1,0.000384615,139,68,135,162
484,-3.24638,123.849,1,0.000384615,143,42,116,145
485,57.8027,122.953,1,0.000384615,-1,-1,151,179
486,-17.1415,-49.5813,1,0.000384615,-1,-1,73,92
487,55.5391,86.0919,1,0.000384615,75,198,72,101
488,-11.9395,-45.2843,1,0.000384615,119,40,117,132
489,45.4082,128.056,1,0.000384615,-1,-1,58,84
490,29.3666,1.48581,1,0.000384615,-1,-1,71,83
491,36.4677,97.985,1,0.000384615,142,21,128,150
492,14.2446,3.02629,1,0.000384615,131,178,130,156
493,29.7985,9.65891,1,0.000384615,160,167,136,162
494,40.88,-102.288,1,0.000384615,-1,-1,90,106
495,-6.06515,-42.2175,1,0.000384615,-1,-1,35,49
496,42.065,100.62,1,0.000384615,-1,-1,154,165
497,72.4071,-176.609,1,0.000384615,28,194,21,36
498,-84.9551,-29.8619,1,0.000384615,86,170,83,99
499,10.4527,-69.9701,1,0.000384615,115,39,98,118
500,50.2379,-121.722,1,0.000384615,164,43,163,178
501,43.0566,-118.61,1,0.000384615,-1,-1,114,138
502,45.9312,136.747,1,0.000384615,58,144,47,72
503,-32.2207,-55.9273,1,0.000384615,91,150,87,114
504,47.6228,-2.84155,1,0.000384615,160,116,151,172
505,29.6023,-104.544,1,0.000384615,-1,-1,54,76
506,38.4914,92.6863,1,0.000384615,-1,-1,135,158
507,8.22651,100.611,1,0.000384615,-1,-1,89,112
508,1.1255,23.2687,1,0.000384615,-1,-1,47,66
509,33.5496,47.6503,1,0.000384615,37,160,19,40
510,16.7962,101.075,1,0.000384615,98,25,95,105
511,20.8938,43.5916,1,0.000384615,56,186,53,64
512,35.5749,110.257,1,0.000384615,118,35,113,134
513,24.1515,45.1954,1,0.000384615,152,118,150,162
514,44.7161,-71.6877,1,0.000384615,92,91,80,103
515,52.258,76.463,1,0.000384615,41,133,32,59
516,54.8805,120.343,1,0.000384615,-1,-1,45,61
517,11.5638,105.65,1,0.000384615,124,136,119,138
518,3.30932,-62.1367,1,0.000384615,-1,-1,24,35
519,63.2211,30.3405,1,0.000384615,-1,-1,93,117
520,-8.08946,32.0604,1,0.000384615,-1,-1,138,166
521,14.9669,35.3408,1,0.000384615,-1,-1,55,72
522,62.9877,81.0285,1,0.000384615,-1,-1,40,58
523,-26.8133,143.418,1,0.000384615,138,68,135,162
524,-2.45085,124.762,1,0.000384615,144,42,116,145
525,57.4327,128.021,1,0.000384615,-1,-1,151,179
526,-18.4983,-48.5685,1,0.000384615,85,151,73,92
527,55.6685,83.5833,1,0.000384615,85,197,72,101
528,-12.6455,-45.6726,1,0.000384615,119,40,117,132
529,44.4951,127.924,1,0.000384615,74,168,58,84
530,27.5312,0.0466461,1,0.000384615,79,70,71,83
531,35.8626,97.2944,1,0.000384615,-1,-1,128,150
532,14.0233,3.82062,1,0.000384615,-1,-1,130,156
533,29.9627,7.64375,1,0.000384615,138,98,136,162
534,41.0016,-103.013,1,0.000384615,-1,-1,90,106
535,-7.22465,-40.9075,1,0.000384615,-1,-1,35,49
536,42.2799,97.1406,1,0.000384615,-1,-1,154,165
537,70.7139,175.643,1,0.000384615,-1,-1,21,36
538,-84.5374,-27.337,1,0.000384615,86,170,83,99
539,10.2009,-69.9918,1,0.000384615,-1,-1,98,118
540,51.4754,-121.714,1,0.000384615,163,43,163,178
541,43.2368,-120.721,1,0.000384615,-1,-1,114,138
542,46.9457,138.126,1,0.000384615,47,145,47,72
543,-31.6944,-57.4468,1,0.000384615,90,17,87,114
544,46.6239,-4.12158,1,0.000384615,-1,-1,151,172
545,31.6227,-103.038,1,0.000384615,60,103,54,76
546,38.5394,95.5419,1,0.000384615,155,158,135,158
547,7.53506,101.9,1,0.000384615,106,24,89,112
548,1.54523,23.7525,1,0.000384615,-1,-1,47,66
549,33.611,48.1119,1,0.000384615,38,160,19,40
550,15.1901,101.132,1,0.000384615,-1,-1,95,105
551,19.9626,44.8575,1,0.000384615,-1,-1,53,64
552,37.4834,108.728,1,0.000384615,118,19,113,134
553,24.4119,45.963,1,0.000384615,-1,-1,150,162
554,45.2724,-70.9026,1,0.000384615,80,55,80,103
555,52.7926,78.0862,1,0.000384615,32,134,32,59
556,55.6445,123.467,1,0.000384615,-1,-1,45,61
557,12.1716,105.359,1,0.000384615,130,33,119,138
558,4.12031,-62.8268,1,0.000384615,-1,-1,24,35
559,62.6579,33.5426,1,0.000384615,-1,-1,93,117
560,-8.30934,30.8962,1,0.000384615,153,198,138,166
561,14.7723,35.3011,1,0.000384615,-1,-1,55,72
562,61.4669,80.8487,1,0.000384615,57,190,40,58
563,-24.2698,144.052,1,0.000384615,-1,-1,135,162
564,-3.50595,125.98,1,0.000384615,-1,-1,116,145
565,56.7517,126.473,1,0.000384615,-1,-1,151,179
566,-17.0778,-50.5472,1,0.000384615,-1,-1,73,92
567,56.1821,87.3914,1,0.000384615,85,126,72,101
568,-13.1834,-47.1485,1,0.000384615,129,49,117,132
569,44.4293,127.958,1,0.000384615,64,169,58,84
570,28.1891,1.24414,1,0.000384615,80,70,71,83
571,35.8405,96.3476,1,0.000384615,141,21,128,150
572,15.0465,2.91423,1,0.000384615,146,81,130,156
573,28.4903,9.64098,1,0.000384615,140,98,136,162
574,41.4943,-101.325,1,0.000384615,-1,-1,90,106
575,-4.93473,-44.2124,1,0.000384615,-1,-1,35,49
576,42.5457,100.519,1,0.000384615,-1,-1,154,165
577,71.1469,-178.638,1,0.000384615,21,5,21,36
578,-84.4786,-23.6696,1,0.000384615,86,170,83,99
579,11.816,-69.0011,1,0.000384615,114,39,98,118
580,51.4595,-122.181,1,0.000384615,163,43,163,178
581,41.5895,-120.093,1,0.000384615,-1,-1,114,138
582,47.0342,138.216,1,0.000384615,47,145,47,72
583,-31.6519,-55.1724,1,0.000384615,109,144,87,114
584,46.4678,-1.15265,1,0.000384615,159,176,151,172
585,29.6293,-102.379,1,0.000384615,-1,-1,54,76
586,38.8833,95.1483,1,0.000384615,155,158,135,158
587,7.00751,101.944,1,0.000384615,89,127,89,112
588,-0.0752293,25.2319,1,0.000384615,-1,-1,47,66
589,33.2322,49.5299,1,0.000384615,-1,-1,19,40
590,16.8058,100.958,1,0.000384615,98,25,95,105
591,19.2533,45.1232,1,0.000384615,-1,-1,53,64
592,35.8461,111.008,1,0.000384615,117,35,113,134
593,22.4019,44.3897,1,0.000384615,162,117,150,162
594,43.7474,-70.8174,1,0.000384615,100,53,80,103
595,52.3399,77.661,1,0.000384615,32,134,32,59
596,54.6432,118.807,1,0.000384615,61,20,45,61
597,14.7158,104.832,1,0.000384615,-1,-1,119,138
598,5.9012,-62.7101,1,0.000384615,-1,-1,24,35
599,64.1541,33.4575,1,0.000384615,-1,-1,93,117
600,-8.44625,32.9798,1,0.000384615,-1,-1,138,166
601,12.7045,34.9411,1,0.000384615,-1,-1,55,72
602,62.3416,81.8526,1,0.000384615,-1,-1,40,58
603,-25.7473,143.273,1,0.000384615,148,67,135,162
604,-3.41513,126.808,1,0.000384615,119,149,116,145
605,56.4889,125.176,1,0.000384615,-1,-1,151,179
606,-16.2449,-49.5319,1,0.000384615,-1,-1,73,92
607,58.0365,85.2537,1,0.000384615,77,198,72,101
608,-11.4737,-46.5014,1,0.000384615,117,158,117,132
609,45.2209,127.847,1,0.000384615,-1,-1,58,84
610,27.7541,0.0875549,1,0.000384615,79,70,71,83
611,35.3102,95.9348,1,0.000384615,-1,-1,128,150
612,13.6316,2.92566,1,0.000384615,131,178,130,156
613,31.0202,8.6524,1,0.000384615,149,168,136,162
614,41.3839,-101.849,1,0.000384615,-1,-1,90,106
615,-7.75925,-41.4118,1,0.000384615,-1,-1,35,49
616,42.8638,99.5403,1,0.000384615,-1,-1,154,165
617,71.037,-179.037,1,0.000384615,21,5,21,36
618,-83.573,-22.4346,1,0.000384615,96,179,83,99
619,10.9745,-67.4281,1,0.000384615,105,30,98,118
620,52.442,-122.678,1,0.000384615,168,86,163,178
621,41.8189,-117.414,1,0.000384615,129,106,114,138
622,47.2162,138.884,1,0.000384615,47,145,47,72
623,-31.7272,-55.3964,1,0.000384615,109,144,87,114
624,47.7674,-1.83768,1,0.000384615,170,115,151,172
625,31.6397,-102.718,1,0.000384615,60,103,54,76
626,37.9708,95.2547,1,0.000384615,144,159,135,158
627,5.3695,100.58,1,0.000384615,99,126,89,112
628,2.66661,25.9694,1,0.000384615,-1,-1,47,66
629,32.796,48.9744,1,0.000384615,28,161,19,40
630,14.659,101.73,1,0.000384615,103,138,95,105
631,20.3487,44.8789,1,0.000384615,-1,-1,53,64
632,36.2943,109.677,1,0.000384615,118,152,113,134
633,24.4165,44.7162,1,0.000384615,152,118,150,162
634,45.3344,-71.6028,1,0.000384615,82,92,80,103
635,53.3234,77.4966,1,0.000384615,32,134,32,59
636,53.5089,120.985,1,0.000384615,-1,-1,45,61
637,11.1896,104.888,1,0.000384615,134,135,119,138
638,4.97233,-62.0051,1,0.000384615,26,27,24,35
639,62.4584,32.337,1,0.000384615,-1,-1,93,117
640,-8.65773,31.1901,1,0.000384615,143,199,138,166
641,14.5305,34.3885,1,0.000384615,67,96,55,72
642,63.5923,81.2675,1,0.000384615,-1,-1,40,58
643,-24.9926,142.76,1,0.000384615,-1,-1,135,162
644,-1.54262,125.413,1,0.000384615,137,147,116,145
645,58.4998,127.461,1,0.000384615,153,188,151,179
646,-16.318,-50.3986,1,0.000384615,-1,-1,73,92
647,55.7414,88.2381,1,0.000384615,76,127,72,101
648,-12.8638,-47.1782,1,0.000384615,-1,-1,117,132
649,45.603,126.573,1,0.000384615,-1,-1,58,84
650,28.1452,0.504959,1,0.000384615,83,153,71,83
651,37.5763,96.8286,1,0.000384615,-1,-1,128,150
652,15.7938,2.90334,1,0.000384615,141,177,130,156
653,29.4722,8.65231,1,0.000384615,139,98,136,162
654,40.8158,-99.777,1,0.000384615,-1,-1,90,106
655,-6.98513,-40.0684,1,0.000384615,-1,-1,35,49
656,41.5099,98.0354,1,0.000384615,-1,-1,154,165
657,72.6544,176.916,1,0.000384615,-1,-1,21,36
658,-86.1043,-17.8329,1,0.000384615,85,170,83,99
659,11.5695,-70.3654,1,0.000384615,-1,-1,98,118
660,50.6548,-121.682,1,0.000384615,164,43,163,178
661,42.5783,-115.837,1,0.000384615,-1,-1,114,138
662,46.2476,139.551,1,0.000384615,66,15,47,72
663,-30.0128,-55.7036,1,0.000384615,92,150,87,114
664,49.1402,-4.43971,1,0.000384615,160,176,151,172
665,31.2506,-103.651,1,0.000384615,69,102,54,76
666,38.0196,95.3329,1,0.000384615,144,159,135,158
667,4.66327,103.208,1,0.000384615,-1,-1,89,112
668,0.520127,25.1092,1,0.000384615,50,74,47,66
669,32.474,49.2121,1,0.000384615,28,161,19,40
670,16.5986,102.521,1,0.000384615,99,25,95,105
671,19.812,45.0302,1,0.000384615,-1,-1,53,64
672,36.7601,111.096,1,0.000384615,128,18,113,134
673,24.7574,44.9327,1,0.000384615,-1,-1,150,162
674,44.5743,-68.67,1,0.000384615,94,123,80,103
675,52.5497,76.0849,1,0.000384615,41,133,32,59
676,55.9039,120.12,1,0.000384615,-1,-1,45,61
677,12.8903,104.451,1,0.000384615,-1,-1,119,138
678,3.95318,-64.5772,1,0.000384615,25,129,24,35
679,61.6908,30.4256,1,0.000384615,-1,-1,93,117
680,-8.74353,32.9404,1,0.000384615,144,199,138,166
681,15.678,35.3085,1,0.000384615,57,97,55,72
682,63.6415,80.4166,1,0.000384615,-1,-1,40,58
683,-25.3156,144.537,1,0.000384615,139,68,135,162
684,-2.66014,126.454,1,0.000384615,135,43,116,145
685,59.0126,122.656,1,0.000384615,171,186,151,179
686,-16.0066,-48.7149,1,0.000384615,-1,-1,73,92
687,56.1337,87.8513,1,0.000384615,76,127,72,101
688,-13.635,-46.5525,1,0.000384615,129,49,117,132
689,43.1031,128.685,1,0.000384615,75,168,58,84
690,28.054,1.12067,1,0.000384615,80,70,71,83
691,35.9723,99.0019,1,0.000384615,146,16,128,150
692,16.6077,1.36652,1,0.000384615,142,177,130,156
693,29.3475,8.38387,1,0.000384615,139,98,136,162
694,42.1736,-104.856,1,0.000384615,-1,-1,90,106
695,-7.45838,-42.3466,1,0.000384615,-1,-1,35,49
696,40.4262,98.008,1,0.000384615,-1,-1,154,165
697,70.3068,177.57,1,0.000384615,-1,-1,21,36
698,-85.513,-17.5338,1,0.000384615,-1,-1,83,99
699,11.4965,-69.1681,1,0.000384615,114,39,98,118
700,52.4014,-120.877,1,0.000384615,171,55,163,178
701,43.5583,-117.234,1,0.000384615,-1,-1,114,138
702,47.0321,135.46,1,0.000384615,67,143,47,72
703,-31.0593,-56.1828,1,0.000384615,-1,-1,87,114
704,47.9786,-5.18401,1,0.000384615,-1,-1,151,172
705,30.0766,-103.1,1,0.000384615,74,92,54,76
706,38.585,93.9764,1,0.000384615,154,158,135,158
707,6.9881,102.448,1,0.000384615,-1,-1,89,112
708,0.909892,23.8247,1,0.000384615,51,176,47,66
709,31.5891,49.0022,1,0.000384615,27,161,19,40
710,16.3551,101.76,1,0.000384615,97,126,95,105
711,21.8317,45.4833,1,0.000384615,-1,-1,53,64
712,36.9474,110.504,1,0.000384615,117,152,113,134
713,23.4265,46.3556,1,0.000384615,-1,-1,150,162
714,43.7392,-72.5022,1,0.000384615,-1,-1,80,103
715,52.3486,76.6536,1,0.000384615,41,133,32,59
716,54.8878,117.142,1,0.000384615,-1,-1,45,61
717,11.6619,104.642,1,0.000384615,-1,-1,119,138
718,5.07476,-62.3296,1,0.000384615,26,27,24,35
719,63.3096,34.0278,1,0.000384615,-1,-1,93,117
720,-7.25247,32.0635,1,0.000384615,154,198,138,166
721,15.0569,33.2582,1,0.000384615,-1,-1,55,72
722,61.6242,83.0522,1,0.000384615,47,191,40,58
723,-26.3668,143.802,1,0.000384615,-1,-1,135,162
724,-4.53929,126.507,1,0.000384615,134,43,116,145
725,57.7864,128.215,1,0.000384615,163,187,151,179
726,-15.8249,-49.6248,1,0.000384615,-1,-1,73,92
727,55.0902,87.0417,1,0.000384615,76,198,72,101
728,-11.7518,-46.1583,1,0.000384615,117,158,117,132
729,46.3689,126.815,1,0.000384615,64,31,58,84
730,28.0951,0.570557,1,0.000384615,83,153,71,83
731,36.0478,95.895,1,0.000384615,-1,-1,128,150
732,15.0094,3.47726,1,0.000384615,145,81,130,156
733,29.9629,6.09326,1,0.000384615,148,97,136,162
734,41.4228,-102.431,1,0.000384615,-1,-1,90,106
735,-7.69123,-42.1472,1,0.000384615,-1,-1,35,49
736,40.6565,100.798,1,0.000384615,160,169,154,165
737,71.6879,-178.209,1,0.000384615,27,194,21,36
738,-85.8958,-14.0468,1,0.000384615,85,170,83,99
739,12.9745,-70.8352,1,0.000384615,-1,-1,98,118
740,50.8013,-122.827,1,0.000384615,164,43,163,178
741,41.4807,-118.285,1,0.000384615,128,106,114,138
742,47.636,136.634,1,0.000384615,57,144,47,72
743,-32.6124,-57.4956,1,0.000384615,90,150,87,114
744,47.9946,-2.68744,1,0.000384615,160,116,151,172
745,31.1274,-101.476,1,0.000384615,59,103,54,76
746,37.681,94.5114,1,0.000384615,144,159,135,158
747,7.26155,103.285,1,0.000384615,96,25,89,112
748,0.269361,25.7222,1,0.000384615,-1,-1,47,66
749,31.6128,48.9632,1,0.000384615,27,161,19,40
750,16.9666,101.209,1,0.000384615,98,25,95,105
751,20.6181,43.9259,1,0.000384615,56,186,53,64
752,38.9728,112.19,1,0.000384615,119,35,113,134
753,24.2512,44.1709,1,0.000384615,153,199,150,162
754,44.3657,-72.5854,1,0.000384615,81,92,80,103
755,54.6373,74.3208,1,0.000384615,47,188,32,59
756,56.1809,121.094,1,0.000384615,52,21,45,61
757,13.0727,105.599,1,0.000384615,123,136,119,138
758,5.01797,-63.5059,1,0.000384615,26,129,24,35
759,63.434,33.5326,1,0.000384615,-1,-1,93,117
760,-7.92218,32.7767,1,0.000384615,154,198,138,166
761,13.0649,33.62,1,0.000384615,62,80,55,72
762,60.923,81.0106,1,0.000384615,-1,-1,40,58
763,-25.5732,144.274,1,0.000384615,139,68,135,162
764,-2.95036,124.842,1,0.000384615,144,42,116,145
765,57.704,125.214,1,0.000384615,-1,-1,151,179
766,-15.6589,-50.5069,1,0.000384615,-1,-1,73,92
767,55.0751,87.3001,1,0.000384615,76,198,72,101
768,-12.3,-46.3602,1,0.000384615,127,157,117,132
769,45.8314,127.307,1,0.000384615,63,31,58,84
770,29.1405,0.829178,1,0.000384615,-1,-1,71,83
771,37.017,97.3464,1,0.000384615,-1,-1,128,150
772,14.307,4.65662,1,0.000384615,-1,-1,130,156
773,28.9238,9.28607,1,0.000384615,159,167,136,162
774,40.761,-102.346,1,0.000384615,-1,-1,90,106
775,-4.77099,-41.0373,1,0.000384615,-1,-1,35,49
776,41.0572,99.448,1,0.000384615,-1,-1,154,165
777,70.8355,-178.858,1,0.000384615,21,5,21,36
778,-85.7659,-8.85162,1,0.000384615,85,170,83,99
779,10.7899,-70.1605,1,0.000384615,115,39,98,118
780,52.8676,-120.466,1,0.000384615,178,85,163,178
781,41.9342,-116.26,1,0.000384615,119,107,114,138
782,47.6599,139.239,1,0.000384615,48,145,47,72
783,-32.4666,-58.1617,1,0.000384615,100,159,87,114
784,46.6587,-1.14711,1,0.000384615,159,176,151,172
785,29.9007,-101.558,1,0.000384615,64,93,54,76
786,38.3576,94.9584,1,0.000384615,155,158,135,158
787,4.39774,101.045,1,0.000384615,-1,-1,89,112
788,2.16188,23.7147,1,0.000384615,52,176,47,66
789,31.6323,46.1629,1,0.000384615,26,161,19,40
790,16.1576,99.9131,1,0.000384615,102,138,95,105
791,19.6653,42.5762,1,0.000384615,-1,-1,53,64
792,36.3363,111.662,1,0.000384615,119,19,113,134
793,26.2734,45.0603,1,0.000384615,-1,-1,150,162
794,46.0885,-69.6441,1,0.000384615,81,55,80,103
795,52.4105,77.9471,1,0.000384615,38,189,32,59
796,55.5146,119.967,1,0.000384615,47,33,45,61
797,11.7184,106.194,1,0.000384615,124,136,119,138
798,4.70325,-62.7602,1,0.000384615,27,27,24,35
799,61.5725,34.1201,1,0.000384615,-1,-1,93,117
800,-8.69276,33.0077,1,0.000384615,144,199,138,166
801,15.8377,34.6575,1,0.000384615,57,97,55,72
802,61.7985,80.0097,1,0.000384615,44,107,40,58
803,-25.8629,145.008,1,0.000384615,-1,-1,135,162
804,-3.67926,125.961,1,0.000384615,-1,-1,116,145
805,57.8367,127.218,1,0.000384615,172,186,151,179
806,-17.5982,-50.6286,1,0.000384615,-1,-1,73,92
807,56.8428,84.2119,1,0.000384615,79,8,72,101
808,-13.2858,-47.3846,1,0.000384615,129,49,117,132
809,46.0538,127.921,1,0.000384615,63,31,58,84
810,28.5843,1.8766,1,0.000384615,-1,-1,71,83
811,34.175,97.4141,1,0.000384615,145,159,128,150
812,15.9994,3.83803,1,0.000384615,132,178,130,156
813,30.3107,6.49532,1,0.000384615,148,97,136,162
814,43.4925,-102.513,1,0.000384615,98,40,90,106
815,-6.96865,-42.4092,1,0.000384615,-1,-1,35,49
816,41.4595,95.7108,1,0.000384615,162,29,154,165
817,70.8623,-175.735,1,0.000384615,22,5,21,36
818,-86.6645,-24.9349,1,0.000384615,94,179,83,99
819,11.3947,-69.7067,1,0.000384615,-1,-1,98,118
820,51.8583,-120.38,1,0.000384615,-1,-1,163,178
821,43.2341,-119.567,1,0.000384615,-1,-1,114,138
822,47.1269,136.878,1,0.000384615,57,144,47,72
823,-30.9504,-57.258,1,0.000384615,101,159,87,114
824,48.6213,-2.49196,1,0.000384615,169,115,151,172
825,29.6295,-103.488,1,0.000384615,73,92,54,76
826,39.4234,95.9812,1,0.000384615,-1,-1,135,158
827,6.5841,102.902,1,0.000384615,-1,-1,89,112
828,1.14159,24.3522,1,0.000384615,51,176,47,66
829,32.884,49.6629,1,0.000384615,28,161,19,40
830,15.2901,101.525,1,0.000384615,-1,-1,95,105
831,21.5657,45.937,1,0.000384615,-1,-1,53,64
832,35.8049,111.289,1,0.000384615,117,35,113,134
833,25.9929,44.6922,1,0.000384615,-1,-1,150,162
834,43.075,-70.3132,1,0.000384615,93,123,80,103
835,52.7754,77.0863,1,0.000384615,32,134,32,59
836,54.1478,122.91,1,0.000384615,46,33,45,61
837,13.2585,105.688,1,0.000384615,123,136,119,138
838,5.59178,-63.1886,1,0.000384615,-1,-1,24,35
839,61.8773,30.9395,1,0.000384615,-1,-1,93,117
840,-6.9169,32.8106,1,0.000384615,-1,-1,138,166
841,14.932,34.1571,1,0.000384615,66,96,55,72
842,60.8296,78.7296,1,0.000384615,45,107,40,58
843,-23.9335,144.254,1,0.000384615,-1,-1,135,162
844,-4.13861,126.371,1,0.000384615,119,149,116,145
845,58.7688,125.234,1,0.000384615,162,187,151,179
846,-15.3228,-49.7942,1,0.000384615,-1,-1,73,92
847,56.6647,86.1805,1,0.000384615,80,8,72,101
848,-12.3933,-47.8362,1,0.000384615,-1,-1,117,132
849,45.4339,128.57,1,0.000384615,-1,-1,58,84
850,27.6705,1.70647,1,0.000384615,80,70,71,83
851,36.0803,97.2734,1,0.000384615,-1,-1,128,150
852,15.5784,3.24251,1,0.000384615,145,81,130,156
853,31.0088,10.451,1,0.000384615,140,169,136,162
854,40.9556,-103.376,1,0.000384615,-1,-1,90,106
855,-6.09601,-42.7048,1,0.000384615,-1,-1,35,49
856,40.5793,99.3013,1,0.000384615,159,169,154,165
857,71.9195,-177.179,1,0.000384615,28,194,21,36
858,-86.3657,-19.8973,1,0.000384615,-1,-1,83,99
859,11.3282,-70.7507,1,0.000384615,-1,-1,98,118
860,52.7111,-123.899,1,0.000384615,170,68,163,178
861,42.6426,-119.602,1,0.000384615,138,105,114,138
862,46.3864,136.616,1,0.000384615,58,144,47,72
863,-29.484,-56.4662,1,0.000384615,102,159,87,114
864,47.4481,-2.68867,1,0.000384615,160,116,151,172
865,29.4573,-102.146,1,0.000384615,-1,-1,54,76
866,38.9767,94.0502,1,0.000384615,154,158,135,158
867,6.36576,101.743,1,0.000384615,105,24,89,112
868,1.84044,24.9719,1,0.000384615,49,74,47,66
869,32.8498,47.8467,1,0.000384615,37,160,19,40
870,15.984,101.176,1,0.000384615,97,126,95,105
871,19.1179,44.6902,1,0.000384615,55,186,53,64
872,36.8715,110.772,1,0.000384615,117,152,113,134
873,22.5551,44.6979,1,0.000384615,162,117,150,162
874,44.7373,-68.6949,1,0.000384615,94,123,80,103
875,55.6515,77.7373,1,0.000384615,46,107,32,59
876,56.4139,120.642,1,0.000384615,52,21,45,61
877,12.7324,107.247,1,0.000384615,121,34,119,138
878,5.30605,-62.3165,1,0.000384615,26,27,24,35
879,62.5808,30.8043,1,0.000384615,-1,-1,93,117
880,-7.22367,31.4911,1,0.000384615,-1,-1,138,166
881,15.2444,33.8832,1,0.000384615,66,96,55,72
882,62.4305,81.3467,1,0.000384615,57,190,40,58
883,-25.2373,144.09,1,0.000384615,139,68,135,162
884,-4.0068,127.693,1,0.000384615,138,147,116,145
885,58.3399,128.608,1,0.000384615,163,187,151,179
886,-17.8431,-48.3094,1,0.000384615,-1,-1,73,92
887,55.4275,88.2836,1,0.000384615,76,198,72,101
888,-11.9872,-47.1255,1,0.000384615,126,157,117,132
889,46.9238,128.631,1,0.000384615,-1,-1,58,84
890,27.2191,-0.294739,1,0.000384615,79,70,71,83
891,34.2002,97.4509,1,0.000384615,145,159,128,150
892,14.3691,3.0088,1,0.000384615,146,81,130,156
893,27.5706,7.99313,1,0.000384615,158,167,136,162
894,40.4753,-101.821,1,0.000384615,-1,-1,90,106
895,-7.03012,-42.7426,1,0.000384615,-1,-1,35,49
896,40.8324,100.04,1,0.000384615,-1,-1,154,165
897,71.9371,-179.845,1,0.000384615,27,194,21,36
898,-84.912,-19.0015,1,0.000384615,-1,-1,83,99
899,10.8301,-69.8329,1,0.000384615,115,39,98,118
900,51.2318,-124.012,1,0.000384615,173,42,163,178
901,44.7242,-116.67,1,0.000384615,125,47,114,138
902,45.0012,138.011,1,0.000384615,55,16,47,72
903,-30.3644,-54.8033,1,0.000384615,110,144,87,114
904,46.0701,-1.67801,1,0.000384615,158,176,151,172
905,30.7073,-103.324,1,0.000384615,-1,-1,54,76
906,38.2208,93.628,1,0.000384615,-1,-1,135,158
907,4.83301,101.762,1,0.000384615,-1,-1,89,112
908,2.461,25.4347,1,0.000384615,-1,-1,47,66
909,34.194,49.5341,1,0.000384615,-1,-1,19,40
910,15.7175,99.9074,1,0.000384615,102,138,95,105
911,21.0513,45.6993,1,0.000384615,-1,-1,53,64
912,35.9758,108.628,1,0.000384615,127,151,113,134
913,24.9105,43.8559,1,0.000384615,158,106,150,162
914,46.5845,-69.6492,1,0.000384615,81,55,80,103
915,54.1573,77.6286,1,0.000384615,36,108,32,59
916,55.0426,120.248,1,0.000384615,47,33,45,61
917,11.6563,106.244,1,0.000384615,124,136,119,138
918,4.01518,-62.7473,1,0.000384615,-1,-1,24,35
919,61.3928,31.7641,1,0.000384615,-1,-1,93,117
920,-8.52909,31.4151,1,0.000384615,143,199,138,166
921,14.8841,32.8025,1,0.000384615,61,80,55,72
922,62.488,81.9117,1,0.000384615,-1,-1,40,58
923,-25.6909,143.009,1,0.000384615,148,67,135,162
924,-1.6422,126.978,1,0.000384615,118,149,116,145
925,58.6806,124.787,1,0.000384615,162,187,151,179
926,-15.5618,-49.9672,1,0.000384615,-1,-1,73,92
927,56.9278,84.6931,1,0.000384615,79,8,72,101
928,-11.4399,-45.808,1,0.000384615,117,158,117,132
929,46.2193,128.531,1,0.000384615,63,31,58,84
930,25.6327,2.45978,1,0.000384615,71,71,71,83
931,36.0433,97.9885,1,0.000384615,136,150,128,150
932,13.9507,3.63809,1,0.000384615,131,178,130,156
933,29.2647,7.26712,1,0.000384615,139,169,136,162
934,42.6175,-103.007,1,0.000384615,-1,-1,90,106
935,-8.64062,-41.8692,1,0.000384615,-1,-1,35,49
936,42.0302,98.3376,1,0.000384615,-1,-1,154,165
937,71.0494,175.091,1,0.000384615,30,4,21,36
938,-86.6016,-61.4459,1,0.000384615,84,35,83,99
939,12.2511,-69.6683,1,0.000384615,-1,-1,98,118
940,52.1358,-122.443,1,0.000384615,168,86,163,178
941,41.5194,-117.811,1,0.000384615,128,106,114,138
942,48.5331,137.023,1,0.000384615,-1,-1,47,72
943,-30.3433,-57.2431,1,0.000384615,111,158,87,114
944,47.1413,-3.1759,1,0.000384615,168,175,151,172
945,32.3087,-103.405,1,0.000384615,-1,-1,54,76
946,38.5814,92.3472,1,0.000384615,-1,-1,135,158
947,6.26008,103.085,1,0.000384615,-1,-1,89,112
948,1.59682,26.5195,1,0.000384615,-1,-1,47,66
949,36.2878,47.725,1,0.000384615,-1,-1,19,40
950,17.6479,101.82,1,0.000384615,96,126,95,105
951,21.1793,43.6508,1,0.000384615,-1,-1,53,64
952,37.7837,110.848,1,0.000384615,127,34,113,134
953,24.5914,45.1678,1,0.000384615,-1,-1,150,162
954,44.8263,-71.5783,1,0.000384615,80,55,80,103
955,52.5105,77.076,1,0.000384615,32,134,32,59
956,54.3941,120.428,1,0.000384615,56,32,45,61
957,12.3194,104.726,1,0.000384615,130,33,119,138
958,2.79703,-62.0137,1,0.000384615,-1,-1,24,35
959,62.8893,33.1672,1,0.000384615,-1,-1,93,117
960,-8.51515,33.6743,1,0.000384615,-1,-1,138,166
961,14.6991,33.7134,1,0.000384615,-1,-1,55,72
962,61.5457,80.99,1,0.000384615,57,190,40,58
963,-26.2262,143.661,1,0.000384615,-1,-1,135,162
964,-3.96304,127.054,1,0.000384615,119,149,116,145
965,57.8302,124.543,1,0.000384615,-1,-1,151,179
966,-16.1243,-49.4236,1,0.000384615,-1,-1,73,92
967,56.1464,86.505,1,0.000384615,85,126,72,101
968,-13.9599,-45.2182,1,0.000384615,130,49,117,132
969,46.5307,128.97,1,0.000384615,-1,-1,58,84
970,28.2481,1.30008,1,0.000384615,80,70,71,83
971,35.8275,96.7383,1,0.000384615,141,21,128,150
972,14.162,1.86508,1,0.000384615,140,177,130,156
973,27.9431,8.14668,1,0.000384615,-1,-1,136,162
974,41.22,-101.633,1,0.000384615,-1,-1,90,106
975,-6.12237,-42.7098,1,0.000384615,-1,-1,35,49
976,40.5788,97.1112,1,0.000384615,-1,-1,154,165
977,71.4824,-175.559,1,0.000384615,28,194,21,36
978,-85.4345,-11.7349,1,0.000384615,-1,-1,83,99
979,10.5044,-71.3553,1,0.000384615,-1,-1,98,118
980,51.8628,-121.975,1,0.000384615,163,43,163,178
981,44.0345,-119.103,1,0.000384615,-1,-1,114,138
982,46.4343,136.339,1,0.000384615,58,144,47,72
983,-32.1797,-56.7123,1,0.000384615,90,17,87,114
984,47.8693,-2.15854,1,0.000384615,160,116,151,172
985,32.5566,-101.411,1,0.000384615,-1,-1,54,76
986,37.3395,93.6864,1,0.000384615,151,20,135,158
987,7.04988,102.043,1,0.000384615,89,127,89,112
988,1.02952,24.4812,1,0.000384615,50,74,47,66
989,32.6483,49.5923,1,0.000384615,28,161,19,40
990,15.8498,101.501,1,0.000384615,97,126,95,105
991,20.2667,44.7307,1,0.000384615,-1,-1,53,64
992,37.135,110.423,1,0.000384615,117,152,113,134
993,23.2843,45.0626,1,0.000384615,150,107,150,162
994,44.4635,-70.272,1,0.000384615,91,54,80,103
995,52.4713,78.2532,1,0.000384615,38,189,32,59
996,55.3584,120.495,1,0.000384615,47,33,45,61
997,14.1503,106.127,1,0.000384615,-1,-1,119,138
998,5.0557,-62.8639,1,0.000384615,27,27,24,35
999,63.5402,31.1134,1,0.000384615,-1,-1,93,117
1000,-8.26615,31.9495,1,0.000384615,143,199,138,166
1001,14.1923,33.9029,1,0.000384615,-1,-1,55,72
1002,61.7967,81.6166,1,0.000384615,57,190,40,58
1003,-24.7594,143.197,1,0.000384615,149,67,135,162
1004,-2.78051,126.657,1,0.000384615,129,148,116,145
1005,57.1322,122.484,1,0.000384615,151,144,151,179
1006,-16.9293,-48.8722,1,0.000384615,-1,-1,73,92
1007,55.9364,85.8562,1,0.000384615,78,185,72,101
1008,-14.1426,-45.3535,1,0.000384615,130,49,117,132
1009,44.6027,129.343,1,0.000384615,64,169,58,84
1010,28.7509,1.68938,1,0.000384615,-1,-1,71,83
1011,36.7465,97.8925,1,0.000384615,142,21,128,150
1012,15.2924,4.49745,1,0.000384615,136,82,130,156
1013,29.777,10.3338,1,0.000384615,-1,-1,136,162
1014,41.3501,-101.23,1,0.000384615,-1,-1,90,106
1015,-6.53385,-41.4117,1,0.000384615,-1,-1,35,49
1016,40.2539,98.1826,1,0.000384615,-1,-1,154,165
1017,73.1398,179.155,1,0.000384615,-1,-1,21,36
1018,-86.8029,-35.0561,1,0.000384615,-1,-1,83,99
1019,10.2386,-72.4999,1,0.000384615,-1,-1,98,118
1020,52.3785,-123.306,1,0.000384615,169,68,163,178
1021,44.0933,-117.645,1,0.000384615,130,106,114,138
1022,47.1912,136.784,1,0.000384615,57,144,47,72
1023,-31.671,-55.8313,1,0.000384615,91,150,87,114
1024,46.8596,-3.00194,1,0.000384615,168,175,151,172
1025,32.3208,-100.747,1,0.000384615,-1,-1,54,76
1026,37.5978,94.0346,1,0.000384615,151,20,135,158
1027,6.16548,99.9732,1,0.000384615,109,125,89,112
1028,1.69645,26.3554,1,0.000384615,-1,-1,47,66
1029,33.101,47.5379,1,0.000384615,37,160,19,40
1030,14.5895,101.345,1,0.000384615,103,138,95,105
1031,19.2337,44.5163,1,0.000384615,55,186,53,64
1032,37.5818,109.092,1,0.000384615,118,19,113,134
1033,24.5457,45.3326,1,0.000384615,-1,-1,150,162
1034,43.7288,-70.8941,1,0.000384615,100,53,80,103
1035,52.869,76.801,1,0.000384615,32,134,32,59
1036,55.6788,119.374,1,0.000384615,57,32,45,61
1037,11.6892,106.954,1,0.000384615,-1,-1,119,138
1038,4.25902,-63.0031,1,0.000384615,-1,-1,24,35
1039,62.7384,32.73,1,0.000384615,-1,-1,93,117
1040,-8.73242,32.3289,1,0.000384615,-1,-1,138,166
1041,14.5208,34.7503,1,0.000384615,67,96,55,72
1042,62.1318,81.5772,1,0.000384615,57,190,40,58
1043,-25.9212,143.749,1,0.000384615,-1,-1,135,162
1044,-3.83547,124.689,1,0.000384615,-1,-1,116,145
1045,57.3308,123.326,1,0.000384615,151,144,151,179
1046,-16.6037,-48.5161,1,0.000384615,-1,-1,73,92
1047,55.3448,84.8492,1,0.000384615,75,198,72,101
1048,-10.3202,-45.6823,1,0.000384615,-1,-1,117,132
1049,44.3618,127.289,1,0.000384615,74,168,58,84
1050,27.8712,0.0212555,1,0.000384615,79,70,71,83
1051,35.1532,95.2567,1,0.000384615,135,150,128,150
1052,15.9801,2.23973,1,0.000384615,155,80,130,156
1053,29.0298,9.30923,1,0.000384615,159,167,136,162
1054,42.4253,-102.263,1,0.000384615,-1,-1,90,106
1055,-6.08325,-43.6675,1,0.000384615,-1,-1,35,49
1056,41.3377,96.7735,1,0.000384615,-1,-1,154,165
1057,70.9375,173.405,1,0.000384615,-1,-1,21,36
1058,-85.5655,-7.66699,1,0.000384615,-1,-1,83,99
1059,10.6576,-71.33,1,0.000384615,-1,-1,98,118
1060,50.5213,-123.062,1,0.000384615,167,86,163,178
1061,44.2706,-117.176,1,0.000384615,130,106,114,138
1062,46.5853,136.986,1,0.000384615,58,144,47,72
1063,-32.0173,-56.03,1,0.000384615,91,150,87,114
1064,46.777,-1.61516,1,0.000384615,159,176,151,172
1065,30.0593,-103.385,1,0.000384615,74,92,54,76
1066,39.651,93.7149,1,0.000384615,158,169,135,158
1067,5.11597,101.318,1,0.000384615,95,25,89,112
1068,1.50334,25.801,1,0.000384615,-1,-1,47,66
1069,34.0088,48.6613,1,0.000384615,-1,-1,19,40
1070,17.5872,101.228,1,0.000384615,96,126,95,105
1071,20.4983,43.5361,1,0.000384615,56,186,53,64
1072,37.6231,110.132,1,0.000384615,127,34,113,134
1073,23.9401,44.6947,1,0.000384615,153,199,150,162
1074,46.1851,-69.4056,1,0.000384615,81,55,80,103
1075,51.8839,78.8344,1,0.000384615,42,133,32,59
1076,56.5416,118.845,1,0.000384615,-1,-1,45,61
1077,14.7518,105.488,1,0.000384615,-1,-1,119,138
1078,4.57013,-62.6351,1,0.000384615,27,27,24,35
1079,62.437,34.1549,1,0.000384615,-1,-1,93,117
1080,-7.25962,30.3472,1,0.000384615,163,197,138,166
1081,15.6352,34.6119,1,0.000384615,57,97,55,72
1082,61.2874,81.7502,1,0.000384615,57,190,40,58
1083,-26.6131,144.043,1,0.000384615,-1,-1,135,162
1084,-2.8798,126.145,1,0.000384615,129,148,116,145
1085,57.1685,123.658,1,0.000384615,-1,-1,151,179
1086,-16.912,-49.7572,1,0.000384615,-1,-1,73,92
1087,54.6339,87.3162,1,0.000384615,86,126,72,101
1088,-12.3658,-47.3875,1,0.000384615,128,49,117,132
1089,44.4223,128.069,1,0.000384615,64,169,58,84
1090,26.6219,0.674179,1,0.000384615,73,154,71,83
1091,35.8117,95.1191,1,0.000384615,135,150,128,150
1092,16.0482,3.8576,1,0.000384615,132,178,130,156
1093,29.1925,7.23219,1,0.000384615,139,169,136,162
1094,40.1397,-102.289,1,0.000384615,-1,-1,90,106
1095,-6.66323,-42.9758,1,0.000384615,-1,-1,35,49
1096,40.3892,99.3127,1,0.000384615,159,169,154,165
1097,71.007,-178.185,1,0.000384615,21,5,21,36
1098,-86.3361,-9.72221,1,0.000384615,-1,-1,83,99
1099,10.9823,-69.7378,1,0.000384615,115,39,98,118
1100,51.5571,-123.373,1,0.000384615,169,68,163,178
1101,42.1804,-117.418,1,0.000384615,129,106,114,138
1102,46.2141,135.754,1,0.000384615,58,144,47,72
1103,-31.2504,-56.6127,1,0.000384615,101,159,87,114
1104,47.3696,-2.2278,1,0.000384615,-1,-1,151,172
1105,31.4375,-101.882,1,0.000384615,-1,-1,54,76
1106,39.5279,94.4243,1,0.000384615,143,21,135,158
1107,7.23634,103.132,1,0.000384615,96,25,89,112
1108,0.7232,24.8535,1,0.000384615,50,74,47,66
1109,35.7211,47.1155,1,0.000384615,-1,-1,19,40
1110,14.7553,100.264,1,0.000384615,-1,-1,95,105
1111,19.9682,45.4956,1,0.000384615,-1,-1,53,64
1112,37.3226,110.013,1,0.000384615,118,19,113,134
1113,22.5123,45.2474,1,0.000384615,-1,-1,150,162
1114,45.1123,-71.4975,1,0.000384615,92,91,80,103
1115,51.5206,77.1077,1,0.000384615,44,191,32,59
1116,57.0079,121.289,1,0.000384615,48,33,45,61
1117,13.135,105.957,1,0.000384615,123,136,119,138
1118,4.21381,-62.1447,1,0.000384615,35,128,24,35
1119,61.3883,35.3462,1,0.000384615,-1,-1,93,117
1120,-7.6684,31.8693,1,0.000384615,153,198,138,166
1121,14.3856,34.613,1,0.000384615,67,96,55,72
1122,60.0415,77.5256,1,0.000384615,45,107,40,58
1123,-25.261,143.753,1,0.000384615,149,67,135,162
1124,-3.40437,126.034,1,0.000384615,129,148,116,145
1125,58.1845,122.299,1,0.000384615,-1,-1,151,179
1126,-17.0973,-50.948,1,0.000384615,-1,-1,73,92
1127,55.8662,87.4056,1,0.000384615,76,198,72,101
1128,-12.966,-45.0357,1,0.000384615,-1,-1,117,132
1129,45.1851,130.127,1,0.000384615,77,142,58,84
1130,29.2225,-0.413574,1,0.000384615,-1,-1,71,83
1131,35.422,95.0478,1,0.000384615,135,150,128,150
1132,13.6876,3.10107,1,0.000384615,131,178,130,156
1133,29.5549,8.16792,1,0.000384615,139,98,136,162
1134,41.6251,-102.37,1,0.000384615,-1,-1,90,106
1135,-7.4003,-41.8234,1,0.000384615,-1,-1,35,49
1136,41.0764,98.4901,1,0.000384615,-1,-1,154,165
1137,71.5107,177.673,1,0.000384615,30,4,21,36
1138,-85.7365,-41.4388,1,0.000384615,95,144,83,99
1139,10.5457,-71.9179,1,0.000384615,-1,-1,98,118
1140,52.1764,-124.651,1,0.000384615,177,85,163,178
1141,41.8895,-117.887,1,0.000384615,129,106,114,138
1142,47.2967,136.962,1,0.000384615,57,144,47,72
1143,-29.6078,-55.4806,1,0.000384615,92,150,87,114
1144,48.6069,-2.26971,1,0.000384615,169,115,151,172
1145,30.5465,-101.835,1,0.000384615,59,103,54,76
1146,38.3148,96.1848,1,0.000384615,-1,-1,135,158
1147,5.86098,100.489,1,0.000384615,99,126,89,112
1148,0.776209,25.797,1,0.000384615,-1,-1,47,66
1149,33.4015,48.3407,1,0.000384615,38,160,19,40
1150,14.6285,101.929,1,0.000384615,103,138,95,105
1151,19.2906,45.2299,1,0.000384615,-1,-1,53,64
1152,36.1583,111.896,1,0.000384615,119,19,113,134
1153,23.8873,46.344,1,0.000384615,-1,-1,150,162
1154,44.6239,-70.6666,1,0.000384615,80,55,80,103
1155,52.6171,76.8759,1,0.000384615,32,134,32,59
1156,53.7483,118.677,1,0.000384615,51,21,45,61
1157,12.3548,106.602,1,0.000384615,121,34,119,138
1158,3.15827,-63.8827,1,0.000384615,34,128,24,35
1159,63.1347,32.4532,1,0.000384615,-1,-1,93,117
1160,-6.82538,33.253,1,0.000384615,-1,-1,138,166
1161,14.8682,34.5472,1,0.000384615,67,96,55,72
1162,61.0416,80.8532,1,0.000384615,-1,-1,40,58
1163,-25.1042,143.475,1,0.000384615,149,67,135,162
1164,-3.12357,126.396,1,0.000384615,129,148,116,145
1165,56.5516,127.924,1,0.000384615,-1,-1,151,179
1166,-16.688,-50.3475,1,0.000384615,-1,-1,73,92
1167,55.9533,86.8832,1,0.000384615,76,198,72,101
1168,-11.8733,-45.6402,1,0.000384615,119,40,117,132
1169,46.7995,128.357,1,0.000384615,-1,-1,58,84
1170,27.7962,0.798141,1,0.000384615,83,153,71,83
1171,36.8923,97.1309,1,0.000384615,-1,-1,128,150
1172,16.0255,3.79002,1,0.000384615,132,178,130,156
1173,28.7234,8.97424,1,0.000384615,149,97,136,162
1174,40.5282,-102.407,1,0.000384615,-1,-1,90,106
1175,-5.75947,-41.6219,1,0.000384615,-1,-1,35,49
1176,42.0679,97.7484,1,0.000384615,157,31,154,165
1177,71.7051,-179.527,1,0.000384615,27,194,21,36
1178,-85.6659,-15.8319,1,0.000384615,85,170,83,99
1179,12.9981,-69.9066,1,0.000384615,-1,-1,98,118
1180,50.2316,-122.934,1,0.000384615,167,86,163,178
1181,43.1375,-118.111,1,0.000384615,120,107,114,138
1182,46.1417,137.575,1,0.000384615,-1,-1,47,72
1183,-30.2887,-56.6858,1,0.000384615,111,158,87,114
1184,48.0893,-2.41675,1,0.000384615,160,116,151,172
1185,30.7073,-101.962,1,0.000384615,59,103,54,76
1186,38.6453,95.5626,1,0.000384615,155,158,135,158
1187,6.7924,102.145,1,0.000384615,89,127,89,112
1188,1.81633,24.857,1,0.000384615,49,74,47,66
1189,33.1775,46.9555,1,0.000384615,37,160,19,40
1190,15.7627,102.497,1,0.000384615,-1,-1,95,105
1191,20.5898,44.8199,1,0.000384615,-1,-1,53,64
1192,36.0187,110.76,1,0.000384615,118,35,113,134
1193,24.2096,44.1438,1,0.000384615,153,199,150,162
1194,42.7338,-70.5065,1,0.000384615,93,123,80,103
1195,53.7081,77.3498,1,0.000384615,37,108,32,59
1196,55.6659,120.982,1,0.000384615,47,33,45,61
1197,13.2965,105.059,1,0.000384615,123,136,119,138
1198,6.55247,-62.5375,1,0.000384615,-1,-1,24,35
1199,63.598,32.897,1,0.000384615,-1,-1,93,117
1200,-6.90268,31.9347,1,0.000384615,160,97,138,166
1201,16.0285,34.5309,1,0.000384615,-1,-1,55,72
1202,61.0504,80.4327,1,0.000384615,-1,-1,40,58
1203,-26.269,146.785,1,0.000384615,-1,-1,135,162
1204,-3.59514,125.343,1,0.000384615,128,148,116,145
1205,56.349,124.296,1,0.000384615,-1,-1,151,179
1206,-16.7639,-49.5382,1,0.000384615,-1,-1,73,92
1207,56.2783,84.0364,1,0.000384615,87,184,72,101
1208,-11.3607,-46.6161,1,0.000384615,117,158,117,132
1209,44.6944,128.856,1,0.000384615,64,169,58,84
1210,28.5583,2.12062,1,0.000384615,-1,-1,71,83
1211,35.7693,95.0223,1,0.000384615,135,150,128,150
1212,15.1902,2.8101,1,0.000384615,141,177,130,156
1213,27.4876,6.12633,1,0.000384615,159,96,136,162
1214,41.6035,-103.915,1,0.000384615,-1,-1,90,106
1215,-5.88259,-43.512,1,0.000384615,-1,-1,35,49
1216,42.535,99.3166,1,0.000384615,-1,-1,154,165
1217,70.6353,-177.341,1,0.000384615,21,5,21,36
1218,-86.5856,-28.8982,1,0.000384615,94,179,83,99
1219,11.4801,-69.6009,1,0.000384615,114,39,98,118
1220,52.0098,-122.21,1,0.000384615,168,86,163,178
1221,42.5618,-116.241,1,0.000384615,-1,-1,114,138
1222,46.0263,135.756,1,0.000384615,58,144,47,72
1223,-31.6992,-57.2122,1,0.000384615,101,159,87,114
1224,47.9414,0.183823,1,0.000384615,151,117,151,172
1225,32.8475,-103.286,1,0.000384615,-1,-1,54,76
1226,38.9286,93.4634,1,0.000384615,154,158,135,158
1227,6.35176,99.9581,1,0.000384615,109,125,89,112
1228,1.44042,25.5706,1,0.000384615,-1,-1,47,66
1229,33.7499,46.6791,1,0.000384615,-1,-1,19,40
1230,17.2314,100.99,1,0.000384615,103,10,95,105
1231,18.8717,44.3462,1,0.000384615,55,186,53,64
1232,36.5633,111.733,1,0.000384615,119,19,113,134
1233,24.674,43.9904,1,0.000384615,153,199,150,162
1234,45.3229,-69.5308,1,0.000384615,90,54,80,103
1235,54.3928,74.6106,1,0.000384615,47,188,32,59
1236,55.6924,118.878,1,0.000384615,57,32,45,61
1237,12.1937,104.236,1,0.000384615,-1,-1,119,138
1238,4.38489,-62.2265,1,0.000384615,35,128,24,35
1239,62.714,31.9977,1,0.000384615,-1,-1,93,117
1240,-9.26159,32.0298,1,0.000384615,-1,-1,138,166
1241,15.3284,34.3371,1,0.000384615,66,96,55,72
1242,61.6208,81.5186,1,0.000384615,57,190,40,58
1243,-24.8853,143.001,1,0.000384615,149,67,135,162
1244,-3.31274,127.125,1,0.000384615,119,149,116,145
1245,55.9084,122.816,1,0.000384615,-1,-1,151,179
1246,-16.4382,-48.8862,1,0.000384615,-1,-1,73,92
1247,56.8416,86.8892,1,0.000384615,79,185,72,101
1248,-13.0454,-46.3491,1,0.000384615,129,49,117,132
1249,44.1753,128.095,1,0.000384615,74,168,58,84
1250,28.065,2.39142,1,0.000384615,-1,-1,71,83
1251,36.0255,97.9431,1,0.000384615,136,150,128,150
1252,14.0402,2.10825,1,0.000384615,140,177,130,156
1253,28.0559,10.2253,1,0.000384615,140,98,136,162
1254,43.1451,-102.089,1,0.000384615,-1,-1,90,106
1255,-7.15825,-42.0265,1,0.000384615,-1,-1,35,49
1256,42.1953,97.7192,1,0.000384615,157,31,154,165
1257,71.1737,-179.664,1,0.000384615,31,4,21,36
1258,-85.5958,-41.1197,1,0.000384615,95,144,83,99
1259,8.69607,-70.7645,1,0.000384615,-1,-1,98,118
1260,52.2918,-120.288,1,0.000384615,171,55,163,178
1261,43.2353,-117.985,1,0.000384615,120,107,114,138
1262,46.3728,138.678,1,0.000384615,-1,-1,47,72
1263,-30.7849,-57.0103,1,0.000384615,101,159,87,114
1264,49.0163,-3.68231,1,0.000384615,158,130,151,172
1265,31.6824,-103.799,1,0.000384615,69,102,54,76
1266,38.7202,95.5683,1,0.000384615,155,158,135,158
1267,5.2866,100.596,1,0.000384615,99,126,89,112
1268,2.13587,25.0052,1,0.000384615,49,74,47,66
1269,31.7905,49.4153,1,0.000384615,27,161,19,40
1270,14.2842,101.079,1,0.000384615,98,126,95,105
1271,20.9781,44.3333,1,0.000384615,-1,-1,53,64
1272,37.3806,109.552,1,0.000384615,118,19,113,134
1273,23.4769,42.6902,1,0.000384615,-1,-1,150,162
1274,45.9249,-70.5973,1,0.000384615,102,90,80,103
1275,53.7584,76.4584,1,0.000384615,37,189,32,59
1276,55.4876,123.121,1,0.000384615,-1,-1,45,61
1277,12.9718,105.291,1,0.000384615,123,136,119,138
1278,5.58145,-62.5443,1,0.000384615,26,27,24,35
1279,61.6967,30.3657,1,0.000384615,-1,-1,93,117
1280,-7.58576,33.3034,1,0.000384615,151,98,138,166
1281,16.0229,33.5469,1,0.000384615,-1,-1,55,72
1282,61.7191,77.7498,1,0.000384615,54,106,40,58
1283,-25.1063,143.609,1,0.000384615,149,67,135,162
1284,-3.36748,127.048,1,0.000384615,119,149,116,145
1285,58.0936,122.067,1,0.000384615,-1,-1,151,179
1286,-15.6725,-49.8585,1,0.000384615,-1,-1,73,92
1287,55.3876,87.3352,1,0.000384615,76,198,72,101
1288,-13.4158,-44.9031,1,0.000384615,130,49,117,132
1289,44.6957,126.32,1,0.000384615,-1,-1,58,84
1290,27.5574,1.29805,1,0.000384615,80,70,71,83
1291,36.4461,96.8004,1,0.000384615,-1,-1,128,150
1292,15.8577,1.10736,1,0.000384615,135,169,130,156
1293,29.29,7.38142,1,0.000384615,139,169,136,162
1294,41.1138,-102.776,1,0.000384615,-1,-1,90,106
1295,-6.28343,-41.9787,1,0.000384615,-1,-1,35,49
1296,40.7179,99.1563,1,0.000384615,-1,-1,154,165
1297,72.6783,179.241,1,0.000384615,-1,-1,21,36
1298,-86.5882,-25.6836,1,0.000384615,94,179,83,99
1299,10.641,-69.9947,1,0.000384615,115,39,98,118
1300,50.9424,-121.444,1,0.000384615,163,43,163,178
1301,41.6854,-117.627,1,0.000384615,129,106,114,138
1302,45.9758,139.049,1,0.000384615,65,15,47,72
1303,-31.2842,-57.0159,1,0.000384615,101,159,87,114
1304,46.9554,-0.911682,1,0.000384615,159,176,151,172
1305,30.2334,-102.05,1,0.000384615,-1,-1,54,76
1306,38.9241,96.9557,1,0.000384615,-1,-1,135,158
1307,7.00607,101.575,1,0.000384615,89,127,89,112
1308,1.46636,26.0197,1,0.000384615,-1,-1,47,66
1309,32.8346,48.06,1,0.000384615,-1,-1,19,40
1310,15.7302,101.877,1,0.000384615,97,126,95,105
1311,20.0846,45.3732,1,0.000384615,-1,-1,53,64
1312,37.7443,109.056,1,0.000384615,121,163,113,134
1313,24.9021,43.8626,1,0.000384615,158,106,150,162
1314,41.5138,-68.3718,1,0.000384615,83,124,80,103
1315,53.7543,77.6906,1,0.000384615,37,108,32,59
1316,55.6225,120.053,1,0.000384615,47,33,45,61
1317,12.3035,106.846,1,0.000384615,121,34,119,138
1318,4.61537,-62.0574,1,0.000384615,-1,-1,24,35
1319,62.9076,32.2279,1,0.000384615,-1,-1,93,117
1320,-9.04944,32.9347,1,0.000384615,144,199,138,166
1321,15.1465,32.264,1,0.000384615,61,80,55,72
1322,62.238,85.144,1,0.000384615,48,191,40,58
1323,-24.7428,143.732,1,0.000384615,149,67,135,162
1324,-3.25663,127.431,1,0.000384615,-1,-1,116,145
1325,58.7947,125.647,1,0.000384615,162,187,151,179
1326,-16.7952,-50.1193,1,0.000384615,-1,-1,73,92
1327,55.239,86.8878,1,0.000384615,76,198,72,101
1328,-12.1437,-45.7504,1,0.000384615,119,40,117,132
1329,46.7155,127.423,1,0.000384615,64,31,58,84
1330,27.2195,0.74147,1,0.000384615,83,153,71,83
1331,36.3794,97.8303,1,0.000384615,142,21,128,150
1332,13.1734,2.22282,1,0.000384615,156,80,130,156
1333,29.37,7.35153,1,0.000384615,139,169,136,162
1334,41.7274,-102.02,1,0.000384615,-1,-1,90,106
1335,-7.06666,-41.9529,1,0.000384615,-1,-1,35,49
1336,42.2746,98.5688,1,0.000384615,-1,-1,154,165
1337,73.2622,-178.544,1,0.000384615,-1,-1,21,36
1338,-86.1819,-40.1659,1,0.000384615,95,144,83,99
1339,13.1198,-72.1532,1,0.000384615,-1,-1,98,118
1340,51.654,-122.559,1,0.000384615,168,86,163,178
1341,41.8743,-117.838,1,0.000384615,129,106,114,138
1342,47.9918,136.555,1,0.000384615,-1,-1,47,72
1343,-30.5908,-57.6102,1,0.000384615,88,33,87,114
1344,47.7486,-1.75281,1,0.000384615,170,115,151,172
1345,30.2208,-101.329,1,0.000384615,64,93,54,76
1346,36.6205,94.0698,1,0.000384615,-1,-1,135,158
1347,5.42678,101.449,1,0.000384615,95,25,89,112
1348,0.468394,24.3716,1,0.000384615,50,74,47,66
1349,33.6236,49.0113,1,0.000384615,-1,-1,19,40
1350,16.2892,102.254,1,0.000384615,99,25,95,105
1351,19.7859,44.0214,1,0.000384615,-1,-1,53,64
1352,36.8132,109.672,1,0.000384615,117,152,113,134
1353,23.7747,44.3053,1,0.000384615,153,199,150,162
1354,43.4355,-69.9294,1,0.000384615,93,123,80,103
1355,54.2164,77.0168,1,0.000384615,36,108,32,59
1356,55.7132,120.879,1,0.000384615,47,33,45,61
1357,13.4076,104.741,1,0.000384615,-1,-1,119,138
1358,4.38638,-62.3001,1,0.000384615,35,128,24,35
1359,61.536,30.9658,1,0.000384615,-1,-1,93,117
1360,-5.45842,31.1754,1,0.000384615,145,199,138,166
1361,13.7426,36.6055,1,0.000384615,68,96,55,72
1362,61.3672,80.0396,1,0.000384615,44,107,40,58
1363,-26.2232,143.614,1,0.000384615,-1,-1,135,162
1364,-3.17598,125.725,1,0.000384615,128,148,116,145
1365,56.5772,124.6,1,0.000384615,-1,-1,151,179
1366,-17.0763,-49.3901,1,0.000384615,-1,-1,73,92
1367,55.6247,87.7615,1,0.000384615,76,198,72,101
1368,-11.8327,-46.4778,1,0.000384615,-1,-1,117,132
1369,45.8549,127.477,1,0.000384615,63,31,58,84
1370,28.9491,1.18172,1,0.000384615,-1,-1,71,83
1371,34.8974,97.3338,1,0.000384615,146,159,128,150
1372,13.9954,2.38466,1,0.000384615,140,177,130,156
1373,29.5925,8.62393,1,0.000384615,139,98,136,162
1374,41.0243,-100.51,1,0.000384615,-1,-1,90,106
1375,-7.93599,-40.8082,1,0.000384615,-1,-1,35,49
1376,40.5802,98.9525,1,0.000384615,159,169,154,165
1377,70.913,177.218,1,0.000384615,30,4,21,36
1378,-86.1763,-36.5304,1,0.000384615,-1,-1,83,99
1379,9.50205,-70.3153,1,0.000384615,-1,-1,98,118
1380,50.8345,-122.087,1,0.000384615,164,43,163,178
1381,44.165,-117.802,1,0.000384615,130,106,114,138
1382,46.2816,138.27,1,0.000384615,-1,-1,47,72
1383,-31.3817,-55.1001,1,0.000384615,109,144,87,114
1384,47.5184,-1.07188,1,0.000384615,170,115,151,172
1385,32.1225,-100.639,1,0.000384615,75,92,54,76
1386,37.8447,94.4481,1,0.000384615,151,20,135,158
1387,5.5898,100.874,1,0.000384615,99,126,89,112
1388,0.639231,24.4465,1,0.000384615,50,74,47,66
1389,33.5657,45.9259,1,0.000384615,-1,-1,19,40
1390,17.2019,101.01,1,0.000384615,103,10,95,105
1391,20.3062,43.4224,1,0.000384615,56,186,53,64
1392,38.0359,112.727,1,0.000384615,122,163,113,134
1393,24.3202,44.8423,1,0.000384615,152,118,150,162
1394,44.242,-69.9068,1,0.000384615,91,54,80,103
1395,53.0208,77.1508,1,0.000384615,32,134,32,59
1396,54.2778,122.189,1,0.000384615,-1,-1,45,61
1397,13.1042,105.962,1,0.000384615,123,136,119,138
1398,5.8213,-62.2937,1,0.000384615,-1,-1,24,35
1399,62.5908,29.9022,1,0.000384615,-1,-1,93,117
1400,-7.20677,32.4039,1,0.000384615,154,198,138,166
1401,16.1167,33.3701,1,0.000384615,-1,-1,55,72
1402,62.3878,79.8582,1,0.000384615,-1,-1,40,58
1403,-27.4811,146.091,1,0.000384615,-1,-1,135,162
1404,-3.78343,126.752,1,0.000384615,119,149,116,145
1405,55.9246,126.528,1,0.000384615,-1,-1,151,179
1406,-17.5243,-48.5003,1,0.000384615,-1,-1,73,92
1407,55.1219,87.1619,1,0.000384615,76,198,72,101
1408,-13.8163,-48.5169,1,0.000384615,124,143,117,132
1409,45.4698,126.413,1,0.000384615,-1,-1,58,84
1410,29.7044,2.52382,1,0.000384615,-1,-1,71,83
1411,36.0384,96.0972,1,0.000384615,-1,-1,128,150
1412,16.4728,2.4975,1,0.000384615,136,169,130,156
1413,29.8973,7.97255,1,0.000384615,138,98,136,162
1414,42.06,-102.055,1,0.000384615,-1,-1,90,106
1415,-8.04636,-43.6172,1,0.000384615,-1,-1,35,49
1416,41.6313,97.1478,1,0.000384615,-1,-1,154,165
1417,71.7304,-170.451,1,0.000384615,29,194,21,36
1418,-84.7904,-30.5863,1,0.000384615,86,170,83,99
1419,10.3674,-71.4587,1,0.000384615,-1,-1,98,118
1420,51.2401,-121.242,1,0.000384615,163,43,163,178
1421,42.822,-117.259,1,0.000384615,120,107,114,138
1422,47.3713,135.615,1,0.000384615,67,143,47,72
1423,-30.3914,-57.1699,1,0.000384615,111,158,87,114
1424,47.8453,-2.77901,1,0.000384615,160,116,151,172
1425,32.1385,-102.74,1,0.000384615,60,103,54,76
1426,39.4909,94.5887,1,0.000384615,143,21,135,158
1427,5.81189,101.599,1,0.000384615,100,126,89,112
1428,1.03123,23.5858,1,0.000384615,51,176,47,66
1429,33.9652,49.302,1,0.000384615,-1,-1,19,40
1430,14.7597,102.122,1,0.000384615,103,138,95,105
1431,22.3722,43.1263,1,0.000384615,-1,-1,53,64
1432,35.8883,110.519,1,0.000384615,118,35,113,134
1433,22.8691,45.8625,1,0.000384615,153,118,150,162
1434,46.0562,-72.5826,1,0.000384615,101,90,80,103
1435,53.1274,75.632,1,0.000384615,45,191,32,59
1436,55.2019,119.005,1,0.000384615,57,32,45,61
1437,13.2477,105.075,1,0.000384615,123,136,119,138
1438,4.95843,-62.3069,1,0.000384615,26,27,24,35
1439,62.288,34.2495,1,0.000384615,-1,-1,93,117
1440,-5.76667,32.2622,1,0.000384615,150,98,138,166
1441,15.0718,33.3482,1,0.000384615,66,96,55,72
1442,61.6369,79.3176,1,0.000384615,44,107,40,58
1443,-26.0588,144.554,1,0.000384615,-1,-1,135,162
1444,-4.35634,126.073,1,0.000384615,134,43,116,145
1445,58.123,126.726,1,0.000384615,172,186,151,179
1446,-16.6341,-49.4594,1,0.000384615,-1,-1,73,92
1447,56.1683,88.6034,1,0.000384615,76,127,72,101
1448,-12.6002,-45.9073,1,0.000384615,127,157,117,132
1449,45.6674,129.259,1,0.000384615,-1,-1,58,84
1450,27.4339,0.684326,1,0.000384615,83,153,71,83
1451,36.0551,97.2616,1,0.000384615,-1,-1,128,150
1452,13.1867,4.11983,1,0.000384615,-1,-1,130,156
1453,29.2986,7.73747,1,0.000384615,139,98,136,162
1454,39.1266,-101.713,1,0.000384615,-1,-1,90,106
1455,-5.39735,-42.262,1,0.000384615,-1,-1,35,49
1456,40.8405,98.4731,1,0.000384615,-1,-1,154,165
1457,71.4233,-177.751,1,0.000384615,21,5,21,36
1458,-86.489,6.14801,1,0.000384615,-1,-1,83,99
1459,11.1181,-70.9625,1,0.000384615,-1,-1,98,118
1460,51.6322,-121.563,1,0.000384615,163,43,163,178
1461,43.4167,-117.713,1,0.000384615,-1,-1,114,138
1462,47.1562,134.269,1,0.000384615,-1,-1,47,72
1463,-33.1097,-56.1224,1,0.000384615,91,17,87,114
1464,50.2842,-3.50371,1,0.000384615,168,139,151,172
1465,30.5387,-103.982,1,0.000384615,68,102,54,76
1466,39.0588,94.1887,1,0.000384615,154,158,135,158
1467,7.93798,101.87,1,0.000384615,106,24,89,112
1468,2.11035,26.3165,1,0.000384615,-1,-1,47,66
1469,32.9987,47.3314,1,0.000384615,37,160,19,40
1470,17.1459,101.601,1,0.000384615,96,126,95,105
1471,19.9439,43.9742,1,0.000384615,56,186,53,64
1472,36.4801,112.624,1,0.000384615,132,162,113,134
1473,23.8473,45.255,1,0.000384615,150,107,150,162
1474,44.8137,-72.2546,1,0.000384615,81,92,80,103
1475,52.3238,75.8747,1,0.000384615,41,133,32,59
1476,55.423,120.564,1,0.000384615,47,33,45,61
1477,11.6735,107.161,1,0.000384615,-1,-1,119,138
1478,4.78094,-62.728,1,0.000384615,27,27,24,35
1479,62.6339,37.1452,1,0.000384615,-1,-1,93,117
1480,-7.85407,31.1853,1,0.000384615,153,198,138,166
1481,14.0093,35.1483,1,0.000384615,-1,-1,55,72
1482,61.6203,82.8403,1,0.000384615,47,191,40,58
1483,-25.3773,144.652,1,0.000384615,139,68,135,162
1484,-4.95684,127.586,1,0.000384615,139,147,116,145
1485,58.4953,126.03,1,0.000384615,162,187,151,179
1486,-17.411,-52.5082,1,0.000384615,-1,-1,73,92
1487,55.7124,85.6662,1,0.000384615,78,185,72,101
1488,-12.024,-47.5028,1,0.000384615,126,157,117,132
1489,45.5031,129.353,1,0.000384615,-1,-1,58,84
1490,27.2349,2.15929,1,0.000384615,-1,-1,71,83
1491,35.9104,99.1412,1,0.000384615,146,16,128,150
1492,13.75,2.9283,1,0.000384615,131,178,130,156
1493,28.713,6.70222,1,0.000384615,138,169,136,162
1494,39.9327,-100.946,1,0.000384615,-1,-1,90,106
1495,-7.38503,-43.148,1,0.000384615,-1,-1,35,49
1496,42.8278,98.7991,1,0.000384615,-1,-1,154,165
1497,71.6294,-174.831,1,0.000384615,-1,-1,21,36
1498,-84.344,-23.6231,1,0.000384615,86,170,83,99
1499,11.9399,-69.9383,1,0.000384615,-1,-1,98,118
1500,51.0178,-119.846,1,0.000384615,174,42,163,178
1501,41.4068,-116.112,1,0.000384615,119,107,114,138
1502,47.0163,138.18,1,0.000384615,47,145,47,72
1503,-32.3932,-54.3514,1,0.000384615,-1,-1,87,114
1504,46.9685,-1.32593,1,0.000384615,159,176,151,172
1505,31.1845,-103.637,1,0.000384615,69,102,54,76
1506,37.1393,95.2942,1,0.000384615,-1,-1,135,158
1507,5.9671,100.743,1,0.000384615,99,126,89,112
1508,2.15097,25.3843,1,0.000384615,-1,-1,47,66
1509,33.2829,47.7633,1,0.000384615,37,160,19,40
1510,16.2824,101.412,1,0.000384615,97,126,95,105
1511,20.267,44.6098,1,0.000384615,-1,-1,53,64
1512,36.5798,108.949,1,0.000384615,118,152,113,134
1513,23.0561,45.0396,1,0.000384615,150,107,150,162
1514,43.7286,-73.7324,1,0.000384615,-1,-1,80,103
1515,54.539,76.7924,1,0.000384615,36,108,32,59
1516,54.4959,118.853,1,0.000384615,61,20,45,61
1517,11.1984,105.54,1,0.000384615,124,136,119,138
1518,5.20355,-62.2345,1,0.000384615,26,27,24,35
1519,62.6451,33.5459,1,0.000384615,-1,-1,93,117
1520,-8.06339,30.7734,1,0.000384615,153,198,138,166
1521,14.3768,35.139,1,0.000384615,-1,-1,55,72
1522,61.9505,82.7234,1,0.000384615,57,190,40,58
1523,-25.7573,144.811,1,0.000384615,-1,-1,135,162
1524,-4.93023,126.392,1,0.000384615,120,149,116,145
1525,57.1167,126.104,1,0.000384615,-1,-1,151,179
1526,-16.9024,-48.5358,1,0.000384615,-1,-1,73,92
1527,55.5753,86.3616,1,0.000384615,76,198,72,101
1528,-12.9237,-45.1658,1,0.000384615,-1,-1,117,132
1529,43.9593,129.792,1,0.000384615,65,169,58,84
1530,26.1801,2.36894,1,0.000384615,-1,-1,71,83
1531,35.0368,96.7151,1,0.000384615,-1,-1,128,150
1532,15.2061,3.4424,1,0.000384615,145,81,130,156
1533,28.0115,9.93634,1,0.000384615,140,98,136,162
1534,41.4896,-103.387,1,0.000384615,-1,-1,90,106
1535,-7.38944,-41.9357,1,0.000384615,-1,-1,35,49
1536,42.156,100.735,1,0.000384615,-1,-1,154,165
1537,70.4504,-175.223,1,0.000384615,22,5,21,36
1538,-85.8148,-16.74,1,0.000384615,85,170,83,99
1539,9.24324,-71.1437,1,0.000384615,-1,-1,98,118
1540,51.7271,-120.975,1,0.000384615,163,43,163,178
1541,43.503,-117.706,1,0.000384615,-1,-1,114,138
1542,45.9977,138.19,1,0.000384615,65,15,47,72
1543,-31.6284,-56.8384,1,0.000384615,101,159,87,114
1544,47.7702,-3.97057,1,0.000384615,159,116,151,172
1545,30.061,-101.604,1,0.000384615,-1,-1,54,76
1546,40.2854,94.6484,1,0.000384615,148,160,135,158
1547,6.88529,100.732,1,0.000384615,-1,-1,89,112
1548,1.8305,25.0572,1,0.000384615,49,74,47,66
1549,34.4818,48.789,1,0.000384615,-1,-1,19,40
1550,16.5246,101.917,1,0.000384615,97,126,95,105
1551,19.2451,45.7134,1,0.000384615,-1,-1,53,64
1552,37.5842,110.455,1,0.000384615,127,34,113,134
1553,23.7475,45.9579,1,0.000384615,-1,-1,150,162
1554,45.8354,-71.4963,1,0.000384615,82,92,80,103
1555,53.7826,77.5626,1,0.000384615,37,108,32,59
1556,56.4525,120.523,1,0.000384615,52,21,45,61
1557,12.8429,105.4,1,0.000384615,123,136,119,138
1558,4.81959,-63.2998,1,0.000384615,26,129,24,35
1559,62.8989,33.943,1,0.000384615,-1,-1,93,117
1560,-9.87508,32.4292,1,0.000384615,-1,-1,138,166
1561,14.4438,34.6617,1,0.000384615,67,96,55,72
1562,60.2754,83.6029,1,0.000384615,49,188,40,58
1563,-25.3825,142.5,1,0.000384615,-1,-1,135,162
1564,-3.69301,126.923,1,0.000384615,119,149,116,145
1565,57.9805,127.879,1,0.000384615,163,187,151,179
1566,-17.2753,-49.3314,1,0.000384615,-1,-1,73,92
1567,54.7585,86.9068,1,0.000384615,86,126,72,101
1568,-12.8376,-46.7161,1,0.000384615,129,49,117,132
1569,46.0693,128.583,1,0.000384615,63,31,58,84
1570,28.3295,2.27031,1,0.000384615,-1,-1,71,83
1571,37.3918,97.9147,1,0.000384615,133,22,128,150
1572,15.0199,3.06517,1,0.000384615,146,81,130,156
1573,28.8537,8.51172,1,0.000384615,149,97,136,162
1574,40.594,-101.037,1,0.000384615,-1,-1,90,106
1575,-5.87395,-41.1155,1,0.000384615,-1,-1,35,49
1576,42.4169,97.4155,1,0.000384615,157,31,154,165
1577,71.5708,176.536,1,0.000384615,30,4,21,36
1578,-86.2706,-38.0613,1,0.000384615,-1,-1,83,99
1579,10.58,-70.3778,1,0.000384615,115,39,98,118
1580,51.4664,-122.915,1,0.000384615,-1,-1,163,178
1581,43.4684,-116.627,1,0.000384615,-1,-1,114,138
1582,48.0746,138.46,1,0.000384615,48,145,47,72
1583,-32.1015,-57.0451,1,0.000384615,90,17,87,114
1584,48.1014,-3.84467,1,0.000384615,159,116,151,172
1585,30.3899,-103.645,1,0.000384615,68,102,54,76
1586,36.8518,93.1469,1,0.000384615,-1,-1,135,158
1587,5.89555,102.656,1,0.000384615,90,127,89,112
1588,2.4256,24.9491,1,0.000384615,49,74,47,66
1589,32.7155,49.1499,1,0.000384615,28,161,19,40
1590,15.5181,101.407,1,0.000384615,-1,-1,95,105
1591,19.7699,44.9589,1,0.000384615,-1,-1,53,64
1592,37.2933,109.439,1,0.000384615,118,19,113,134
1593,22.0155,43.7843,1,0.000384615,152,199,150,162
1594,43.4112,-68.4619,1,0.000384615,84,124,80,103
1595,53.7379,76.8581,1,0.000384615,37,189,32,59
1596,54.9872,121.702,1,0.000384615,-1,-1,45,61
1597,14.2157,103.363,1,0.000384615,133,135,119,138
1598,3.65546,-61.716,1,0.000384615,35,128,24,35
1599,62.0011,32.7398,1,0.000384615,-1,-1,93,117
1600,-6.64941,31.9801,1,0.000384615,160,97,138,166
1601,14.1751,34.0035,1,0.000384615,67,96,55,72
1602,61.1806,82.0556,1,0.000384615,47,191,40,58
1603,-24.8675,143.706,1,0.000384615,149,67,135,162
1604,-3.31149,126.632,1,0.000384615,119,149,116,145
1605,56.6505,123.853,1,0.000384615,-1,-1,151,179
1606,-16.2742,-49.6403,1,0.000384615,-1,-1,73,92
1607,57.1722,83.8335,1,0.000384615,79,8,72,101
1608,-12.7612,-45.4796,1,0.000384615,-1,-1,117,132
1609,47.5888,128.956,1,0.000384615,-1,-1,58,84
1610,26.9174,1.20743,1,0.000384615,73,154,71,83
1611,35.8316,97.6962,1,0.000384615,-1,-1,128,150
1612,14.7832,3.11549,1,0.000384615,146,81,130,156
1613,29.372,8.45232,1,0.000384615,139,98,136,162
1614,41.3164,-101.886,1,0.000384615,-1,-1,90,106
1615,-7.92474,-41.8191,1,0.000384615,-1,-1,35,49
1616,39.4157,99.2569,1,0.000384615,-1,-1,154,165
1617,71.7011,178.296,1,0.000384615,31,4,21,36
1618,-86.7419,-30.5042,1,0.000384615,94,179,83,99
1619,10.5986,-70.4932,1,0.000384615,115,39,98,118
1620,52.7574,-119.458,1,0.000384615,169,86,163,178
1621,42.9458,-117.94,1,0.000384615,120,107,114,138
1622,45.0249,137.49,1,0.000384615,-1,-1,47,72
1623,-31.1184,-58.3337,1,0.000384615,88,33,87,114
1624,47.0666,0.0398254,1,0.000384615,-1,-1,151,172
1625,28.9932,-101.992,1,0.000384615,58,103,54,76
1626,37.9887,94.8831,1,0.000384615,144,159,135,158
1627,5.41975,101.884,1,0.000384615,100,126,89,112
1628,2.78899,24.6862,1,0.000384615,-1,-1,47,66
1629,33.1791,47.572,1,0.000384615,37,160,19,40
1630,15.5989,104.14,1,0.000384615,-1,-1,95,105
1631,19.5232,45.5096,1,0.000384615,-1,-1,53,64
1632,35.869,109.172,1,0.000384615,127,151,113,134
1633,23.9206,45.19,1,0.000384615,150,107,150,162
1634,43.1927,-66.8238,1,0.000384615,82,55,80,103
1635,53.3434,76.8385,1,0.000384615,32,134,32,59
1636,54.8693,118.515,1,0.000384615,61,20,45,61
1637,12.2244,108.102,1,0.000384615,-1,-1,119,138
1638,4.0844,-62.4726,1,0.000384615,35,128,24,35
1639,63.3837,32.9063,1,0.000384615,-1,-1,93,117
1640,-7.66386,32.4514,1,0.000384615,154,198,138,166
1641,14.295,35.7175,1,0.000384615,-1,-1,55,72
1642,61.6213,83.8124,1,0.000384615,47,191,40,58
1643,-24.235,143.384,1,0.000384615,-1,-1,135,162
1644,-3.69386,125.667,1,0.000384615,128,148,116,145
1645,57.4864,126.639,1,0.000384615,172,186,151,179
1646,-15.8131,-50.1601,1,0.000384615,-1,-1,73,92
1647,56.1497,87.5973,1,0.000384615,76,127,72,101
1648,-12.5352,-46.2981,1,0.000384615,127,157,117,132
1649,45.3839,128.894,1,0.000384615,-1,-1,58,84
1650,26.7809,2.03613,1,0.000384615,-1,-1,71,83
1651,36.1978,96.1861,1,0.000384615,-1,-1,128,150
1652,15.5154,2.48148,1,0.000384615,141,177,130,156
1653,29.5491,8.73708,1,0.000384615,139,98,136,162
1654,40.9517,-103.499,1,0.000384615,-1,-1,90,106
1655,-7.35174,-42.746,1,0.000384615,-1,-1,35,49
1656,40.4281,99.015,1,0.000384615,159,169,154,165
1657,72.9156,179.906,1,0.000384615,-1,-1,21,36
1658,-85.1513,-15.6913,1,0.000384615,-1,-1,83,99
1659,11.0619,-70.6895,1,0.000384615,115,39,98,118
1660,53.21,-123.236,1,0.000384615,170,68,163,178
1661,42.9569,-118.108,1,0.000384615,120,107,114,138
1662,46.9337,137.607,1,0.000384615,47,145,47,72
1663,-32.1469,-57.054,1,0.000384615,90,17,87,114
1664,47.4613,-4.53192,1,0.000384615,159,116,151,172
1665,31.5599,-103.64,1,0.000384615,69,102,54,76
1666,39.4999,94.7919,1,0.000384615,143,21,135,158
1667,5.76327,100.944,1,0.000384615,99,126,89,112
1668,3.12576,23.531,1,0.000384615,48,74,47,66
1669,33.2853,49.6944,1,0.000384615,-1,-1,19,40
1670,15.8561,100.021,1,0.000384615,102,138,95,105
1671,19.1337,44.4621,1,0.000384615,55,186,53,64
1672,36.9662,110.532,1,0.000384615,117,152,113,134
1673,25.9336,44.8805,1,0.000384615,-1,-1,150,162
1674,43.076,-71.041,1,0.000384615,91,91,80,103
1675,53.3917,79.902,1,0.000384615,36,192,32,59
1676,55.7682,118.631,1,0.000384615,57,32,45,61
1677,12.4963,107.22,1,0.000384615,121,34,119,138
1678,4.77291,-63.0256,1,0.000384615,27,27,24,35
1679,62.0675,31.8275,1,0.000384615,-1,-1,93,117
1680,-6.97529,32.1962,1,0.000384615,160,97,138,166
1681,14.5077,33.5259,1,0.000384615,-1,-1,55,72
1682,61.9603,83.7993,1,0.000384615,48,191,40,58
1683,-27.7377,141.659,1,0.000384615,-1,-1,135,162
1684,-3.66471,126.844,1,0.000384615,119,149,116,145
1685,58.3245,124.487,1,0.000384615,-1,-1,151,179
1686,-15.7725,-49.0919,1,0.000384615,-1,-1,73,92
1687,57.22,86.2454,1,0.000384615,86,197,72,101
1688,-13.8189,-46.7133,1,0.000384615,-1,-1,117,132
1689,46.2595,129.976,1,0.000384615,-1,-1,58,84
1690,27.7032,1.51184,1,0.000384615,80,70,71,83
1691,35.6046,96.5366,1,0.000384615,141,21,128,150
1692,13.532,1.71933,1,0.000384615,156,80,130,156
1693,29.9814,9.16127,1,0.000384615,-1,-1,136,162
1694,41.1975,-100.606,1,0.000384615,-1,-1,90,106
1695,-6.99277,-42.5903,1,0.000384615,-1,-1,35,49
1696,42.2248,97.8293,1,0.000384615,157,31,154,165
1697,71.29,-177.268,1,0.000384615,21,5,21,36
1698,-85.8471,-51.7879,1,0.000384615,83,35,83,99
1699,10.3572,-72.0089,1,0.000384615,-1,-1,98,118
1700,49.6101,-123.341,1,0.000384615,-1,-1,163,178
1701,41.5075,-117.778,1,0.000384615,128,106,114,138
1702,46.7434,137.567,1,0.000384615,-1,-1,47,72
1703,-30.2478,-56.4961,1,0.000384615,-1,-1,87,114
1704,48.3981,-1.06078,1,0.000384615,-1,-1,151,172
1705,29.2865,-102.887,1,0.000384615,73,92,54,76
1706,39.0625,91.8609,1,0.000384615,-1,-1,135,158
1707,5.7064,102.267,1,0.000384615,90,127,89,112
1708,2.07257,25.2654,1,0.000384615,49,74,47,66
1709,32.9847,48.3392,1,0.000384615,38,160,19,40
1710,15.2837,102.222,1,0.000384615,-1,-1,95,105
1711,20.4205,45.3907,1,0.000384615,-1,-1,53,64
1712,37.5765,108.78,1,0.000384615,118,19,113,134
1713,25.6156,45.3464,1,0.000384615,-1,-1,150,162
1714,43.2777,-68.3942,1,0.000384615,84,124,80,103
1715,51.7527,78.3356,1,0.000384615,42,133,32,59
1716,53.9008,117.752,1,0.000384615,-1,-1,45,61
1717,14.3351,106.962,1,0.000384615,122,34,119,138
1718,4.81787,-63.7551,1,0.000384615,26,129,24,35
1719,60.7881,32.1309,1,0.000384615,-1,-1,93,117
1720,-8.36702,31.6161,1,0.000384615,143,199,138,166
1721,15.5015,34.9405,1,0.000384615,57,97,55,72
1722,62.0547,83.5483,1,0.000384615,48,191,40,58
1723,-25.5432,143.868,1,0.000384615,-1,-1,135,162
1724,-3.73389,127.409,1,0.000384615,138,147,116,145
1725,58.3297,125.469,1,0.000384615,162,187,151,179
1726,-16.311,-49.8527,1,0.000384615,-1,-1,73,92
1727,55.4351,85.5233,1,0.000384615,75,198,72,101
1728,-12.2118,-46.9892,1,0.000384615,128,49,117,132
1729,47.5993,127.354,1,0.000384615,-1,-1,58,84
1730,26.7832,4.26488,1,0.000384615,74,154,71,83
1731,36.6293,97.8282,1,0.000384615,142,21,128,150
1732,15.8324,3.32927,1,0.000384615,132,178,130,156
1733,27.9349,7.3712,1,0.000384615,148,168,136,162
1734,40.4865,-102.689,1,0.000384615,-1,-1,90,106
1735,-5.67011,-42.1405,1,0.000384615,-1,-1,35,49
1736,40.4546,97.2528,1,0.000384615,-1,-1,154,165
1737,71.6253,177.694,1,0.000384615,30,4,21,36
1738,-85.7775,-32.5145,1,0.000384615,95,179,83,99
1739,11.5673,-68.6406,1,0.000384615,-1,-1,98,118
1740,51.226,-121.171,1,0.000384615,163,43,163,178
1741,41.6491,-119.747,1,0.000384615,-1,-1,114,138
1742,46.1286,138.543,1,0.000384615,65,15,47,72
1743,-31.4564,-57.234,1,0.000384615,101,159,87,114
1744,47.4097,-2.73611,1,0.000384615,160,116,151,172
1745,32.0896,-104.62,1,0.000384615,-1,-1,54,76
1746,40.4528,95.6714,1,0.000384615,138,161,135,158
1747,5.22029,101.197,1,0.000384615,95,25,89,112
1748,2.18025,25.3931,1,0.000384615,-1,-1,47,66
1749,34.1677,47.1581,1,0.000384615,-1,-1,19,40
1750,15.9822,101.008,1,0.000384615,97,126,95,105
1751,19.6236,44.346,1,0.000384615,55,186,53,64
1752,36.693,109.643,1,0.000384615,118,152,113,134
1753,25.157,42.8606,1,0.000384615,151,118,150,162
1754,45.3183,-68.4664,1,0.000384615,85,124,80,103
1755,53.1388,78.199,1,0.000384615,32,134,32,59
1756,55.7818,119.502,1,0.000384615,57,32,45,61
1757,15.2923,107.056,1,0.000384615,-1,-1,119,138
1758,3.78476,-61.9267,1,0.000384615,35,128,24,35
1759,61.4936,32.587,1,0.000384615,-1,-1,93,117
1760,-8.21699,31.6292,1,0.000384615,143,199,138,166
1761,14.644,34.2663,1,0.000384615,67,96,55,72
1762,62.8391,83.6111,1,0.000384615,-1,-1,40,58
1763,-24.6433,142.813,1,0.000384615,-1,-1,135,162
1764,-4.47972,126.135,1,0.000384615,134,43,116,145
1765,58.0451,125.915,1,0.000384615,172,186,151,179
1766,-16.6809,-49.1283,1,0.000384615,-1,-1,73,92
1767,55.4772,88.2909,1,0.000384615,76,127,72,101
1768,-11.9528,-47.4597,1,0.000384615,126,157,117,132
1769,45.2529,126.515,1,0.000384615,63,169,58,84
1770,26.2017,-0.583328,1,0.000384615,-1,-1,71,83
1771,35.8498,97.1479,1,0.000384615,141,21,128,150
1772,14.3178,2.13322,1,0.000384615,140,177,130,156
1773,28.8714,8.24306,1,0.000384615,149,97,136,162
1774,41.7034,-102.879,1,0.000384615,-1,-1,90,106
1775,-7.52598,-41.6787,1,0.000384615,-1,-1,35,49
1776,40.6152,97.093,1,0.000384615,-1,-1,154,165
1777,71.9689,-178.828,1,0.000384615,27,194,21,36
1778,-85.1682,-31.9955,1,0.000384615,-1,-1,83,99
1779,10.8748,-69.8272,1,0.000384615,115,39,98,118
1780,51.9819,-121.698,1,0.000384615,163,43,163,178
1781,42.0688,-118.617,1,0.000384615,-1,-1,114,138
1782,47.3404,139.451,1,0.000384615,48,145,47,72
1783,-30.8366,-57.8686,1,0.000384615,88,33,87,114
1784,47.56,-2.94705,1,0.000384615,160,116,151,172
1785,31.0763,-102.381,1,0.000384615,59,103,54,76
1786,37.9284,93.7415,1,0.000384615,151,20,135,158
1787,5.67544,101.805,1,0.000384615,100,126,89,112
1788,3.62028,24.8988,1,0.000384615,-1,-1,47,66
1789,32.4437,48.9803,1,0.000384615,-1,-1,19,40
1790,16.009,102.44,1,0.000384615,-1,-1,95,105
1791,19.3542,45.1489,1,0.000384615,-1,-1,53,64
1792,36.4954,108.62,1,0.000384615,127,151,113,134
1793,24.6477,44.056,1,0.000384615,153,199,150,162
1794,43.5215,-71.4784,1,0.000384615,100,53,80,103
1795,52.0894,74.8044,1,0.000384615,47,107,32,59
1796,55.8446,120.829,1,0.000384615,-1,-1,45,61
1797,11.2042,105.42,1,0.000384615,124,136,119,138
1798,4.03842,-64.3049,1,0.000384615,25,129,24,35
1799,62.3134,33.5606,1,0.000384615,-1,-1,93,117
1800,-6.98354,30.3599,1,0.000384615,163,197,138,166
1801,14.9884,35.6281,1,0.000384615,-1,-1,55,72
1802,62.1637,81.3429,1,0.000384615,57,190,40,58
1803,-24.8629,143.378,1,0.000384615,149,67,135,162
1804,-2.46784,127.196,1,0.000384615,125,44,116,145
1805,57.5863,124.51,1,0.000384615,-1,-1,151,179
1806,-18.3482,-50.3428,1,0.000384615,-1,-1,73,92
1807,56.3622,83.8637,1,0.000384615,79,8,72,101
1808,-11.2719,-46.1623,1,0.000384615,117,158,117,132
1809,46.0409,128.388,1,0.000384615,63,31,58,84
1810,28.875,1.53035,1,0.000384615,-1,-1,71,83
1811,36.6247,95.8807,1,0.000384615,132,22,128,150
1812,14.4176,2.23322,1,0.000384615,140,177,130,156
1813,28.5524,9.36452,1,0.000384615,159,167,136,162
1814,43.2142,-103.783,1,0.000384615,98,40,90,106
1815,-6.0766,-42.9581,1,0.000384615,-1,-1,35,49
1816,41.9671,98.66,1,0.000384615,-1,-1,154,165
1817,71.7276,174.872,1,0.000384615,-1,-1,21,36
1818,-84.4095,-21.4225,1,0.000384615,86,170,83,99
1819,10.9394,-70.1764,1,0.000384615,115,39,98,118
1820,51.1674,-122.213,1,0.000384615,163,43,163,178
1821,42.7733,-119.711,1,0.000384615,138,105,114,138
1822,46.5521,136.81,1,0.000384615,58,144,47,72
1823,-31.9267,-57.4824,1,0.000384615,90,17,87,114
1824,47.1072,-0.455444,1,0.000384615,-1,-1,151,172
1825,30.5333,-103.069,1,0.000384615,74,92,54,76
1826,38.1337,93.4715,1,0.000384615,152,20,135,158
1827,7.13181,101.552,1,0.000384615,89,127,89,112
1828,1.38441,25.0553,1,0.000384615,-1,-1,47,66
1829,32.8728,46.5559,1,0.000384615,-1,-1,19,40
1830,16.8505,102.313,1,0.000384615,99,25,95,105
1831,19.6236,43.7904,1,0.000384615,-1,-1,53,64
1832,37.1751,110.492,1,0.000384615,117,152,113,134
1833,24.3738,47.3036,1,0.000384615,-1,-1,150,162
1834,43.2066,-70.5748,1,0.000384615,91,91,80,103
1835,53.6979,78.577,1,0.000384615,35,192,32,59
1836,55.592,119.634,1,0.000384615,47,33,45,61
1837,11.5814,106.714,1,0.000384615,-1,-1,119,138
1838,3.91904,-62.3672,1,0.000384615,35,128,24,35
1839,62.9745,32.5433,1,0.000384615,-1,-1,93,117
1840,-7.58552,32.9688,1,0.000384615,154,198,138,166
1841,14.9765,33.1837,1,0.000384615,-1,-1,55,72
1842,61.4571,80.1115,1,0.000384615,44,107,40,58
1843,-25.1997,143.272,1,0.000384615,149,67,135,162
1844,-1.6647,126.662,1,0.000384615,118,149,116,145
1845,57.9383,128.479,1,0.000384615,163,187,151,179
1846,-15.7381,-50.0781,1,0.000384615,-1,-1,73,92
1847,55.6156,86.4728,1,0.000384615,76,198,72,101
1848,-11.2932,-46.886,1,0.000384615,-1,-1,117,132
1849,46.6676,125.744,1,0.000384615,73,30,58,84
1850,29.1281,1.31316,1,0.000384615,-1,-1,71,83
1851,34.2925,97.1759,1,0.000384615,145,159,128,150
1852,15.8263,5.03395,1,0.000384615,136,82,130,156
1853,28.2184,8.75301,1,0.000384615,-1,-1,136,162
1854,41.6903,-101.144,1,0.000384615,-1,-1,90,106
1855,-6.14157,-42.4108,1,0.000384615,-1,-1,35,49
1856,41.7059,97.0991,1,0.000384615,-1,-1,154,165
1857,71.7322,179.224,1,0.000384615,27,194,21,36
1858,-84.9392,-21.1604,1,0.000384615,-1,-1,83,99
1859,11.3643,-69.1342,1,0.000384615,114,39,98,118
1860,50.654,-120.904,1,0.000384615,172,55,163,178
1861,41.7582,-116.337,1,0.000384615,119,107,114,138
1862,46.949,137.994,1,0.000384615,47,145,47,72
1863,-32.2988,-57.3347,1,0.000384615,90,17,87,114
1864,48.1552,-2.30309,1,0.000384615,160,116,151,172
1865,30.3753,-104.617,1,0.000384615,-1,-1,54,76
1866,37.9584,94.049,1,0.000384615,151,20,135,158
1867,4.6838,102.669,1,0.000384615,-1,-1,89,112
1868,0.990381,25.0493,1,0.000384615,-1,-1,47,66
1869,33.5506,47.4968,1,0.000384615,37,160,19,40
1870,14.5533,100.886,1,0.000384615,-1,-1,95,105
1871,19.8212,43.3273,1,0.000384615,-1,-1,53,64
1872,37.8466,111.082,1,0.000384615,128,34,113,134
1873,23.4661,45.4486,1,0.000384615,150,107,150,162
1874,44.3571,-72.1052,1,0.000384615,81,92,80,103
1875,53.5762,78.1403,1,0.000384615,37,108,32,59
1876,54.8063,121.432,1,0.000384615,-1,-1,45,61
1877,13.0177,104.649,1,0.000384615,-1,-1,119,138
1878,5.36951,-63.7997,1,0.000384615,26,129,24,35
1879,61.2458,29.5497,1,0.000384615,-1,-1,93,117
1880,-9.55288,34.1244,1,0.000384615,-1,-1,138,166
1881,14.3136,35.2802,1,0.000384615,-1,-1,55,72
1882,61.6512,78.379,1,0.000384615,44,107,40,58
1883,-26.4266,141.779,1,0.000384615,-1,-1,135,162
1884,-2.91603,127.704,1,0.000384615,124,44,116,145
1885,57.952,124.334,1,0.000384615,-1,-1,151,179
1886,-16.8188,-51.4977,1,0.000384615,-1,-1,73,92
1887,55.3293,86.8183,1,0.000384615,76,198,72,101
1888,-11.0817,-46.7285,1,0.000384615,-1,-1,117,132
1889,44.5867,130.228,1,0.000384615,-1,-1,58,84
1890,25.7328,0.0150146,1,0.000384615,-1,-1,71,83
1891,36.0637,95.1699,1,0.000384615,-1,-1,128,150
1892,14.305,2.21381,1,0.000384615,140,177,130,156
1893,28.6641,7.59697,1,0.000384615,139,169,136,162
1894,41.1017,-103.676,1,0.000384615,-1,-1,90,106
1895,-4.75531,-43.2171,1,0.000384615,-1,-1,35,49
1896,44.2128,98.865,1,0.000384615,154,20,154,165
1897,70.9329,179.672,1,0.000384615,31,4,21,36
1898,-86.2434,-40.8831,1,0.000384615,85,145,83,99
1899,10.882,-71.0018,1,0.000384615,-1,-1,98,118
1900,51.8094,-121.63,1,0.000384615,163,43,163,178
1901,41.4661,-118.62,1,0.000384615,128,106,114,138
1902,47.1655,136.586,1,0.000384615,57,144,47,72
1903,-32.7241,-55.7169,1,0.000384615,105,160,87,114
1904,48.0184,-2.86865,1,0.000384615,160,116,151,172
1905,29.5881,-103.057,1,0.000384615,73,92,54,76
1906,37.8808,94.9602,1,0.000384615,144,159,135,158
1907,7.69259,100.379,1,0.000384615,-1,-1,89,112
1908,1.408,24.2289,1,0.000384615,51,176,47,66
1909,33.5667,47.3804,1,0.000384615,-1,-1,19,40
1910,15.8311,102.186,1,0.000384615,-1,-1,95,105
1911,20.6445,44.1044,1,0.000384615,56,186,53,64
1912,36.5822,110.562,1,0.000384615,117,152,113,134
1913,23.4536,46.7033,1,0.000384615,-1,-1,150,162
1914,45.7738,-71.0187,1,0.000384615,82,92,80,103
1915,51.7932,77.3936,1,0.000384615,44,191,32,59
1916,55.6566,117.678,1,0.000384615,-1,-1,45,61
1917,12.2971,106.683,1,0.000384615,121,34,119,138
1918,3.7046,-62.7747,1,0.000384615,-1,-1,24,35
1919,63.677,31.8822,1,0.000384615,-1,-1,93,117
1920,-8.83664,33.0762,1,0.000384615,144,199,138,166
1921,14.6902,36.6756,1,0.000384615,58,97,55,72
1922,62.2756,80.1483,1,0.000384615,-1,-1,40,58
1923,-25.3956,144.408,1,0.000384615,139,68,135,162
1924,-1.00023,126.055,1,0.000384615,145,42,116,145
1925,57.838,123.155,1,0.000384615,-1,-1,151,179
1926,-16.5976,-49.4422,1,0.000384615,-1,-1,73,92
1927,54.8709,85.2296,1,0.000384615,75,198,72,101
1928,-13.2937,-46.7967,1,0.000384615,129,49,117,132
1929,45.1105,128.969,1,0.000384615,64,169,58,84
1930,27.4575,0.204956,1,0.000384615,79,70,71,83
1931,36.0232,95.9355,1,0.000384615,-1,-1,128,150
1932,15.139,4.54893,1,0.000384615,136,82,130,156
1933,28.5631,11.6346,1,0.000384615,-1,-1,136,162
1934,41.716,-101.304,1,0.000384615,-1,-1,90,106
1935,-6.93596,-41.526,1,0.000384615,-1,-1,35,49
1936,39.7286,96.0691,1,0.000384615,-1,-1,154,165
1937,69.4832,-179.932,1,0.000384615,-1,-1,21,36
1938,-85.8444,-31.0861,1,0.000384615,95,179,83,99
1939,10.8061,-70.3472,1,0.000384615,115,39,98,118
1940,52.712,-121.153,1,0.000384615,171,55,163,178
1941,42.5159,-117.383,1,0.000384615,120,107,114,138
1942,46.3799,136.395,1,0.000384615,58,144,47,72
1943,-31.2545,-56.5542,1,0.000384615,101,159,87,114
1944,47.8516,-1.27386,1,0.000384615,170,115,151,172
1945,30.1976,-104.388,1,0.000384615,68,102,54,76
1946,38.0419,93.881,1,0.000384615,-1,-1,135,158
1947,6.6626,100.712,1,0.000384615,-1,-1,89,112
1948,0.973324,25.1457,1,0.000384615,-1,-1,47,66
1949,32.7132,50.0249,1,0.000384615,28,161,19,40
1950,16.1356,102.264,1,0.000384615,-1,-1,95,105
1951,19.8314,44.4036,1,0.000384615,-1,-1,53,64
1952,37.5717,108.909,1,0.000384615,118,19,113,134
1953,23.6599,45.9138,1,0.000384615,150,107,150,162
1954,43.6627,-69.5575,1,0.000384615,101,53,80,103
1955,53.8612,76.5947,1,0.000384615,37,189,32,59
1956,55.9532,117.702,1,0.000384615,-1,-1,45,61
1957,13.082,106.621,1,0.000384615,131,33,119,138
1958,4.06949,-64.354,1,0.000384615,25,129,24,35
1959,64.6256,30.1353,1,0.000384615,-1,-1,93,117
1960,-9.29659,32.5506,1,0.000384615,144,199,138,166
1961,14.0247,34.1262,1,0.000384615,-1,-1,55,72
1962,61.6433,80.976,1,0.000384615,57,190,40,58
1963,-26.1278,143.681,1,0.000384615,-1,-1,135,162
1964,-2.52886,125.742,1,0.000384615,-1,-1,116,145
1965,58.7247,126.053,1,0.000384615,162,187,151,179
1966,-16.0796,-51.1742,1,0.000384615,-1,-1,73,92
1967,55.7951,89.8114,1,0.000384615,76,127,72,101
1968,-11.7262,-47.3338,1,0.000384615,126,157,117,132
1969,46.1032,129.291,1,0.000384615,-1,-1,58,84
1970,27.0048,3.77234,1,0.000384615,74,154,71,83
1971,34.9043,95.0095,1,0.000384615,-1,-1,128,150
1972,16.2889,4.67802,1,0.000384615,-1,-1,130,156
1973,27.6581,8.77237,1,0.000384615,-1,-1,136,162
1974,38.788,-102.625,1,0.000384615,-1,-1,90,106
1975,-7.76671,-42.5283,1,0.000384615,-1,-1,35,49
1976,40.5863,100.771,1,0.000384615,160,169,154,165
1977,71.953,-175.987,1,0.000384615,28,194,21,36
1978,-85.9898,-14.6009,1,0.000384615,85,170,83,99
1979,10.8126,-70.0063,1,0.000384615,115,39,98,118
1980,51.7578,-123.597,1,0.000384615,169,68,163,178
1981,42.0494,-117.749,1,0.000384615,129,106,114,138
1982,48.7173,139.149,1,0.000384615,66,143,47,72
1983,-31.3899,-58.8228,1,0.000384615,110,158,87,114
1984,48.336,-3.50214,1,0.000384615,158,130,151,172
1985,30.6679,-102.08,1,0.000384615,59,103,54,76
1986,39.1828,94.4473,1,0.000384615,154,158,135,158
1987,6.10229,102.399,1,0.000384615,90,127,89,112
1988,1.37177,25.6057,1,0.000384615,-1,-1,47,66
1989,33.2527,47.5414,1,0.000384615,37,160,19,40
1990,16.4909,100.789,1,0.000384615,98,25,95,105
1991,21.3172,44.4419,1,0.000384615,-1,-1,53,64
1992,36.5181,110.483,1,0.000384615,117,152,113,134
1993,24.5727,45.2211,1,0.000384615,-1,-1,150,162
1994,44.3326,-71.4092,1,0.000384615,-1,-1,80,103
1995,53.0256,77.1154,1,0.000384615,32,134,32,59
1996,54.3212,120.885,1,0.000384615,56,32,45,61
1997,12.7109,106.201,1,0.000384615,-1,-1,119,138
1998,3.88926,-62.3447,1,0.000384615,35,128,24,35
1999,62.028,37.1213,1,0.000384615,-1,-1,93,117
2000,33.9007,85.0037,1,3.84615e-05,169,28,0,180
2001,-16.3642,-60.2069,1,3.84615e-05,162,149,0,180
2002,-49.5235,-72.8763,1,3.84615e-05,80,162,0,180
2003,31.5748,35.0688,1,3.84615e-05,179,115,0,180
2004,18.9789,12.044,1,3.84615e-05,107,85,0,180
2005,69.5803,-27.6766,1,3.84615e-05,23,37,0,180
2006,-16.902,39.7215,1,3.84615e-05,155,8,0,180
2007,45.4388,10.7593,1,3.84615e-05,178,154,0,180
2008,-2.74588,-54.8184,1,3.84615e-05,62,35,0,180
2009,29.23,112.967,1,3.84615e-05,-1,-1,0,180
2010,2.1657,39.6318,1,3.84615e-05,130,90,0,180
2011,-72.6079,155.639,1,3.84615e-05,22,32,0,180
2012,-11.2865,34.0968,1,3.84615e-05,34,76,0,180
2013,34.1715,52.3179,1,3.84615e-05,82,115,0,180
2014,12.6547,25.9435,1,3.84615e-05,146,98,0,180
2015,51.6373,-69.0751,1,3.84615e-05,133,36,0,180
2016,-13.1603,14.8598,1,3.84615e-05,132,187,0,180
2017,-79.2751,-102.995,1,3.84615e-05,177,35,0,180
2018,-68.6442,52.8068,1,3.84615e-05,145,100,0,180
2019,-68.7357,45.8803,1,3.84615e-05,146,76,0,180
2020,3.83365,-68.5313,1,3.84615e-05,-1,-1,0,180
2021,75.7809,-94.4747,1,3.84615e-05,42,106,0,180
2022,17.8656,80.7752,1,3.84615e-05,-1,-1,0,180
2023,55.5297,46.8679,1,3.84615e-05,-1,-1,0,180
2024,-4.56371,-46.2117,1,3.84615e-05,43,37,0,180
2025,36.4217,-90.75,1,3.84615e-05,93,29,0,180
2026,3.97797,45.0298,1,3.84615e-05,161,8,0,180
2027,60.4693,17.7968,1,3.84615e-05,86,174,0,180
2028,-15.1222,-72.9439,1,3.84615e-05,113,132,0,180
2029,-74.0656,64.7453,1,3.84615e-05,157,109,0,180
2030,51.5869,-111.427,1,3.84615e-05,115,48,0,180
2031,57.518,44.1563,1,3.84615e-05,179,103,0,180
2032,-75.707,68.5372,1,3.84615e-05,166,108,0,180
2033,35.6834,-92.908,1,3.84615e-05,178,124,0,180
2034,30.5159,42.9225,1,3.84615e-05,131,110,0,180
2035,51.9102,30.4484,1,3.84615e-05,84,138,0,180
2036,43.7278,-104.696,1,3.84615e-05,2,83,0,180
2037,-80.3435,149.104,1,3.84615e-05,168,171,0,180
2038,30.5872,54.4546,1,3.84615e-05,-1,-1,0,180
2039,-82.3221,-92.5182,1,3.84615e-05,125,141,0,180
2040,49.606,56.547,1,3.84615e-05,-1,-1,0,180
2041,-10.7411,-54.1221,1,3.84615e-05,157,46,0,180
2042,-1.38385,102.204,1,3.84615e-05,72,129,0,180
2043,61.6865,69.2208,1,3.84615e-05,-1,-1,0,180
2044,-26.4587,-69.9997,1,3.84615e-05,52,138,0,180
2045,-5.98756,-35.4765,1,3.84615e-05,69,45,0,180
2046,22.5713,21.0768,1,3.84615e-05,123,90,0,180
2047,-38.7165,-72.6276,1,3.84615e-05,43,126,0,180
2048,-31.7076,-64.5238,1,3.84615e-05,153,165,0,180
2049,-1.1235,-66.5034,1,3.84615e-05,-1,-1,0,180
2050,24.5514,12.3484,1,3.84615e-05,150,97,0,180
2051,61.4158,-46.5891,1,3.84615e-05,12,83,0,180
2052,75.9291,102.818,1,3.84615e-05,32,121,0,180
2053,14.3116,-1.71619,1,3.84615e-05,102,78,0,180
2054,-4.34273,140.574,1,3.84615e-05,3,139,0,180
2055,41.3632,42.6901,1,3.84615e-05,158,168,0,180
2056,41.5694,-86.5703,1,3.84615e-05,169,56,0,180
2057,50.1137,-106.061,1,3.84615e-05,1,8,0,180
2058,31.3131,-9.03775,1,3.84615e-05,126,75,0,180
2059,39.7516,-116.8,1,3.84615e-05,52,3,0,180
2060,67.2437,121.33,1,3.84615e-05,109,148,0,180
2061,1.10899,-68.1725,1,3.84615e-05,-1,-1,0,180
2062,33.8096,95.1117,1,3.84615e-05,165,14,0,180
2063,-76.2037,-21.6808,1,3.84615e-05,68,25,0,180
2064,16.5527,100.848,1,3.84615e-05,98,25,0,180
2065,50.9479,129.902,1,3.84615e-05,42,22,0,180
2066,-20.9414,34.5709,1,3.84615e-05,129,84,0,180
2067,30.9555,82.7062,1,3.84615e-05,1,195,0,180
2068,9.99101,-3.54907,1,3.84615e-05,152,73,0,180
2069,62.0111,171.509,1,3.84615e-05,158,178,0,180
2070,-28.4189,125.496,1,3.84615e-05,86,50,0,180
2071,-73.2598,-63.8674,1,3.84615e-05,23,31,0,180
2072,-84.6369,-144.693,1,3.84615e-05,169,171,0,180
2073,28.6037,23.1249,1,3.84615e-05,42,98,0,180
2074,-80.1708,24.1767,1,3.84615e-05,116,177,0,180
2075,-23.008,-50.89,1,3.84615e-05,180,44,0,180
2076,11.8924,19.8964,1,3.84615e-05,165,96,0,180
2077,7.98718,7.228,1,3.84615e-05,177,88,0,180
2078,61.6059,14.1997,1,3.84615e-05,57,177,0,180
2079,5.22665,40.2295,1,3.84615e-05,42,187,0,180
2080,36.9816,41.7578,1,3.84615e-05,175,104,0,180
2081,-68.3589,81.9012,1,3.84615e-05,2,71,0,180
2082,-8.61495,-48.7486,1,3.84615e-05,166,153,0,180
2083,27.364,108.603,1,3.84615e-05,129,151,0,180
2084,-5.06596,-69.1147,1,3.84615e-05,128,38,0,180
2085,-23.4161,-56.4133,1,3.84615e-05,177,163,0,180
2086,52.5453,-76.0657,1,3.84615e-05,42,24,0,180
2087,29.2735,65.6376,1,3.84615e-05,100,102,0,180
2088,36.068,-82.7958,1,3.84615e-05,174,32,0,180
2089,78.203,-59.4001,1,3.84615e-05,180,125,0,180
2090,-9.1661,-47.4277,1,3.84615e-05,158,46,0,180
2091,29.1945,98.55,1,3.84615e-05,177,156,0,180
2092,40.2812,-120.701,1,3.84615e-05,43,4,0,180
2093,-81.8686,159.616,1,3.84615e-05,120,176,0,180
2094,-17.7207,-40.9962,1,3.84615e-05,171,164,0,180
2095,-4.84265,104.389,1,3.84615e-05,84,26,0,180
2096,-33.4174,-53.2146,1,3.84615e-05,42,12,0,180
2097,39.9579,106.098,1,3.84615e-05,150,160,0,180
2098,11.9882,122.428,1,3.84615e-05,2,25,0,180
2099,-37.5791,-64.8772,1,3.84615e-05,139,12,0,180
2100,54.8983,83.4517,1,3.84615e-05,153,129,0,180
2101,47.7296,32.4871,1,3.84615e-05,-1,-1,0,180
2102,59.4873,103.684,1,3.84615e-05,62,0,0,180
2103,66.8779,-122.151,1,3.84615e-05,164,103,0,180
2104,-75.2548,161.833,1,3.84615e-05,12,33,0,180
2105,66.88,178.841,1,3.84615e-05,169,0,0,180
2106,-34.0345,20.1128,1,3.84615e-05,69,183,0,180
2107,37.3457,-96.0932,1,3.84615e-05,32,106,0,180
2108,7.63359,-8.43481,1,3.84615e-05,68,61,0,180
2109,-43.89,146.553,1,3.84615e-05,17,60,0,180
2110,60.1386,153.433,1,3.84615e-05,9,183,0,180
2111,-15.5921,33.1891,1,3.84615e-05,8,170,0,180
2112,-78.9942,67.2215,1,3.84615e-05,82,24,0,180
2113,66.2556,20.7225,1,3.84615e-05,69,176,0,180
2114,30.0256,65.2593,1,3.84615e-05,22,180,0,180
2115,40.969,103.46,1,3.84615e-05,-1,-1,0,180
2116,-6.28658,-78.7441,1,3.84615e-05,100,121,0,180
2117,23.8825,48.2752,1,3.84615e-05,169,105,0,180
2118,73.2761,106.685,1,3.84615e-05,175,141,0,180
2119,-85.4477,82.2134,1,3.84615e-05,73,108,0,180
2120,-76.8458,-121.113,1,3.84615e-05,2,106,0,180
2121,-41.5608,172.687,1,3.84615e-05,34,93,0,180
2122,-15.6303,20.6904,1,3.84615e-05,-1,-1,0,180
2123,32.3205,98.6334,1,3.84615e-05,175,13,0,180
2124,20.7137,86.3182,1,3.84615e-05,-1,-1,0,180
2125,17.4099,8.09209,1,3.84615e-05,92,79,0,180
2126,45.3807,101.751,1,3.84615e-05,169,168,0,180
2127,75.9571,106.303,1,3.84615e-05,32,121,0,180
2128,60.1148,112.693,1,3.84615e-05,1,196,0,180
2129,-2.35217,-47.4723,1,3.84615e-05,23,39,0,180
2130,46.8962,-76.166,1,3.84615e-05,12,49,0,180
2131,51.698,-81.2624,1,3.84615e-05,177,68,0,180
2132,18.4331,-4.81557,1,3.84615e-05,175,165,0,180
2133,35.647,126.609,1,3.84615e-05,1,154,0,180
2134,20.6684,-101.178,1,3.84615e-05,22,97,0,180
2135,-75.9837,78.2396,1,3.84615e-05,128,102,0,180
2136,58.6572,129.4,1,3.84615e-05,-1,-1,0,180
2137,44.4893,-90.0375,1,3.84615e-05,82,20,0,180
2138,-69.9433,113.544,1,3.84615e-05,132,78,0,180
2139,30.6128,41.6166,1,3.84615e-05,-1,-1,0,180
2140,2.09018,17.8267,1,3.84615e-05,155,185,0,180
2141,47.129,55.5939,1,3.84615e-05,-1,-1,0,180
2142,40.0065,-90.0636,1,3.84615e-05,170,125,0,180
2143,36.0895,93.37,1,3.84615e-05,-1,-1,0,180
2144,53.3259,93.3242,1,3.84615e-05,170,30,0,180
2145,27.637,79.4361,1,3.84615e-05,52,0,0,180
2146,22.0514,88.8207,1,3.84615e-05,166,28,0,180
2147,9.98748,-74.1034,1,3.84615e-05,143,36,0,180
2148,41.972,123.032,1,3.84615e-05,161,15,0,180
2149,-34.0783,117.523,1,3.84615e-05,26,43,0,180
2150,-20.8261,20.8136,1,3.84615e-05,157,81,0,180
2151,0.166649,15.7343,1,3.84615e-05,154,185,0,180
2152,17.3264,45.7961,1,3.84615e-05,102,194,0,180
2153,-16.9081,17.6465,1,3.84615e-05,179,195,0,180
2154,25.7067,-13.4726,1,3.84615e-05,2,135,0,180
2155,-69.8207,83.0172,1,3.84615e-05,139,77,0,180
2156,-1.97015,17.0334,1,3.84615e-05,4,162,0,180
2157,39.7666,52.6557,1,3.84615e-05,-1,-1,0,180
2158,80.0764,-93.6343,1,3.84615e-05,149,105,0,180
2159,64.2571,-97.4293,1,3.84615e-05,163,87,0,180
2160,46.7121,53.6112,1,3.84615e-05,-1,-1,0,180
2161,33.6597,103.172,1,3.84615e-05,176,13,0,180
2162,48.8669,123.786,1,3.84615e-05,152,16,0,180
2163,48.0328,-57.4957,1,3.84615e-05,2,53,0,180
2164,71.1401,97.7971,1,3.84615e-05,72,127,0,180
2165,35.4275,-82.4262,1,3.84615e-05,173,113,0,180
2166,-34.9833,144.95,1,3.84615e-05,107,61,0,180
2167,23.5389,109.299,1,3.84615e-05,-1,-1,0,180
2168,3.1782,16.2677,1,3.84615e-05,77,71,0,180
2169,-9.85433,-61.4109,1,3.84615e-05,176,44,0,180
2170,-32.0229,135.729,1,3.84615e-05,116,60,0,180
2171,30.6942,46.3053,1,3.84615e-05,167,105,0,180
2172,42.6971,-85.5658,1,3.84615e-05,169,93,0,180
2173,-18.6086,139.152,1,3.84615e-05,160,66,0,180
2174,47.7397,-108.045,1,3.84615e-05,86,41,0,180
2175,-3.17007,-73.7408,1,3.84615e-05,147,36,0,180
2176,51.1369,5.28795,1,3.84615e-05,180,114,0,180
2177,66.2631,74.1754,1,3.84615e-05,122,122,0,180
2178,44.283,24.664,1,3.84615e-05,174,166,0,180
2179,26.5038,74.7048,1,3.84615e-05,171,128,0,180
2180,31.946,-7.92856,1,3.84615e-05,5,135,0,180
2181,41.7071,-73.677,1,3.84615e-05,73,125,0,180
2182,6.09921,7.83232,1,3.84615e-05,149,81,0,180
2183,46.0322,106.289,1,3.84615e-05,125,23,0,180
2184,-80.4759,-141.388,1,3.84615e-05,82,170,0,180
2185,22.4923,30.7389,1,3.84615e-05,52,168,0,180
2186,55.8672,131.792,1,3.84615e-05,113,148,0,180
2187,-84.5637,12.5074,1,3.84615e-05,171,171,0,180
2188,13.0263,20.945,1,3.84615e-05,158,185,0,180
2189,46.3346,4.36739,1,3.84615e-05,102,172,0,180
2190,65.9715,-175.789,1,3.84615e-05,-1,-1,0,180
2191,15.7506,3.16406,1,3.84615e-05,175,88,0,180
2192,60.4847,10.5298,1,3.84615e-05,114,171,0,180
2193,16.6255,48.3547,1,3.84615e-05,170,105,0,180
2194,-4.92895,-43.9203,1,3.84615e-05,165,58,0,180
2195,-19.2804,16.6909,1,3.84615e-05,83,71,0,180
2196,-33.6357,141.447,1,3.84615e-05,117,60,0,180
2197,19.1247,25.7588,1,3.84615e-05,151,186,0,180
2198,62.0499,13.2353,1,3.84615e-05,67,176,0,180
2199,41.5913,-85.7774,1,3.84615e-05,-1,-1,0,180
2200,37.1604,-95.6398,1,3.84615e-05,32,106,0,180
2201,33.946,-91.2243,1,3.84615e-05,139,128,0,180
2202,4.21502,40.4422,1,3.84615e-05,45,82,0,180
2203,77.0764,-50.3277,1,3.84615e-05,168,141,0,180
2204,-1.14317,-76.4592,1,3.84615e-05,166,137,0,180
2205,47.3146,-100.99,1,3.84615e-05,62,87,0,180
2206,9.20538,35.5667,1,3.84615e-05,-1,-1,0,180
2207,-0.707458,-68.8102,1,3.84615e-05,127,38,0,180
2208,-21.6049,144.826,1,3.84615e-05,71,52,0,180
2209,-32.7731,149.398,1,3.84615e-05,69,65,0,180
2210,-10.7307,-43.0826,1,3.84615e-05,137,156,0,180
2211,44.6056,64.6645,1,3.84615e-05,172,167,0,180
2212,50.1972,-81.3132,1,3.84615e-05,153,127,0,180
2213,8.86682,15.4876,1,3.84615e-05,176,183,0,180
2214,41.9197,82.0953,1,3.84615e-05,72,156,0,180
2215,21.1824,48.936,1,3.84615e-05,176,7,0,180
2216,15.2207,18.6874,1,3.84615e-05,168,184,0,180
2217,-28.5398,136.848,1,3.84615e-05,137,68,0,180
2218,34.1543,133.608,1,3.84615e-05,2,154,0,180
2219,70.0214,-30.1085,1,3.84615e-05,33,36,0,180
2220,5.22694,11.0968,1,3.84615e-05,66,72,0,180
2221,39.9551,-86.3613,1,3.84615e-05,82,42,0,180
2222,61.834,40.5013,1,3.84615e-05,178,103,0,180
2223,22.0406,-15.2091,1,3.84615e-05,1,135,0,180
2224,45.1982,45.2413,1,3.84615e-05,1,113,0,180
2225,63.4527,160.18,1,3.84615e-05,49,189,0,180
2226,-27.2928,-64.1043,1,3.84615e-05,150,154,0,180
2227,62.9555,81.1125,1,3.84615e-05,108,182,0,180
2228,36.5441,118.977,1,3.84615e-05,164,169,0,180
2229,11.6616,0.367569,1,3.84615e-05,176,88,0,180
2230,58.4741,140.576,1,3.84615e-05,15,25,0,180
2231,39.2587,20.8567,1,3.84615e-05,165,116,0,180
2232,37.1742,65.679,1,3.84615e-05,152,0,0,180
2233,-20.4619,142.339,1,3.84615e-05,24,44,0,180
2234,-13.7324,-56.5081,1,3.84615e-05,22,28,0,180
2235,-0.729279,-77.9897,1,3.84615e-05,175,136,0,180
2236,44.4678,41.4671,1,3.84615e-05,-1,-1,0,180
2237,32.9357,-82.7848,1,3.84615e-05,180,55,0,180
2238,-7.82579,13.2911,1,3.84615e-05,143,186,0,180
2239,80.1617,-70.3587,1,3.84615e-05,53,105,0,180
2240,-18.1308,22.6758,1,3.84615e-05,180,195,0,180
2241,31.5906,111.696,1,3.84615e-05,1,138,0,180
2242,53.8475,-66.2757,1,3.84615e-05,113,38,0,180
2243,-5.78088,18.3482,1,3.84615e-05,153,81,0,180
2244,-15.1675,25.6691,1,3.84615e-05,19,67,0,180
2245,51.606,-67.1032,1,3.84615e-05,1,53,0,180
2246,74.4728,-23.6691,1,3.84615e-05,12,38,0,180
2247,46.8907,-107.296,1,3.84615e-05,86,41,0,180
2248,62.2735,-143.438,1,3.84615e-05,22,195,0,180
2249,48.2646,50.1581,1,3.84615e-05,-1,-1,0,180
2250,-16.4612,-57.2785,1,3.84615e-05,-1,-1,0,180
2251,73.9836,-31.5694,1,3.84615e-05,167,141,0,180
2252,64.2478,137.931,1,3.84615e-05,144,189,0,180
2253,47.3808,37.651,1,3.84615e-05,-1,-1,0,180
2254,-0.739403,115.461,1,3.84615e-05,153,41,0,180
2255,52.7715,84.8105,1,3.84615e-05,127,3,0,180
2256,19.9491,-14.3881,1,3.84615e-05,64,61,0,180
2257,-84.6557,26.3593,1,3.84615e-05,152,173,0,180
2258,68.3481,-71.8417,1,3.84615e-05,168,126,0,180
2259,0.191139,25.9984,1,3.84615e-05,22,179,0,180
2260,-8.59584,36.5729,1,3.84615e-05,177,6,0,180
2261,65.3227,-22.3591,1,3.84615e-05,29,74,0,180
2262,-10.6951,27.5226,1,3.84615e-05,172,196,0,180
2263,55.4278,103.592,1,3.84615e-05,12,182,0,180
2264,-11.0614,-64.2923,1,3.84615e-05,31,27,0,180
2265,-2.33527,34.0146,1,3.84615e-05,-1,-1,0,180
2266,44.1677,123.482,1,3.84615e-05,82,39,0,180
2267,-85.3915,6.70239,1,3.84615e-05,153,173,0,180
2268,38.4287,-92.8256,1,3.84615e-05,13,108,0,180
2269,-20.7167,-60.0583,1,3.84615e-05,43,26,0,180
2270,15.1558,121.904,1,3.84615e-05,22,23,0,180
2271,-17.2098,35.2265,1,3.84615e-05,131,190,0,180
2272,51.5596,-108.622,1,3.84615e-05,173,55,0,180
2273,24.3262,10.815,1,3.84615e-05,-1,-1,0,180
2274,33.1367,67.8443,1,3.84615e-05,153,132,0,180
2275,43.471,99.8153,1,3.84615e-05,105,153,0,180
2276,45.6701,-85.0028,1,3.84615e-05,162,126,0,180
2277,46.7336,120.55,1,3.84615e-05,2,165,0,180
2278,5.44825,-59.7233,1,3.84615e-05,6,121,0,180
2279,1.13338,17.8143,1,3.84615e-05,136,187,0,180
2280,-22.0413,44.6438,1,3.84615e-05,52,198,0,180
2281,24.7371,69.7051,1,3.84615e-05,17,193,0,180
2282,62.2654,156.035,1,3.84615e-05,-1,-1,0,180
2283,-8.65512,-51.4218,1,3.84615e-05,137,48,0,180
2284,6.49025,-10.4136,1,3.84615e-05,19,53,0,180
2285,-2.04437,105.25,1,3.84615e-05,1,115,0,180
2286,-30.3473,29.8143,1,3.84615e-05,98,193,0,180
2287,45.5739,120.017,1,3.84615e-05,92,166,0,180
2288,28.8534,60.0892,1,3.84615e-05,96,195,0,180
2289,-78.4061,86.5531,1,3.84615e-05,120,103,0,180
2290,-9.23494,27.6587,1,3.84615e-05,-1,-1,0,180
2291,-9.7486,26.0306,1,3.84615e-05,173,196,0,180
2292,66.6012,-133.279,1,3.84615e-05,173,102,0,180
2293,5.30732,-58.2082,1,3.84615e-05,143,47,0,180
2294,40.9108,-95.682,1,3.84615e-05,177,55,0,180
2295,47.3054,69.4871,1,3.84615e-05,63,199,0,180
2296,46.5861,-94.5554,1,3.84615e-05,157,57,0,180
2297,-76.8797,38.4713,1,3.84615e-05,62,26,0,180
2298,40.3345,67.7494,1,3.84615e-05,52,169,0,180
2299,33.8782,61.1673,1,3.84615e-05,160,9,0,180
2300,74.6203,-50.5118,1,3.84615e-05,141,129,0,180
2301,47.3464,-1.74951,1,3.84615e-05,98,85,0,180
2302,60.1178,42.0224,1,3.84615e-05,149,106,0,180
2303,33.7134,64.1847,1,3.84615e-05,99,102,0,180
2304,-75.1629,20.0446,1,3.84615e-05,12,1,0,180
2305,30.5655,27.0007,1,3.84615e-05,62,96,0,180
2306,34.7414,64.3163,1,3.84615e-05,162,131,0,180
2307,-35.3508,-59.1081,1,3.84615e-05,154,165,0,180
2308,27.0113,90.4467,1,3.84615e-05,153,15,0,180
2309,64.0463,13.8737,1,3.84615e-05,106,172,0,180
2310,69.6498,84.3183,1,3.84615e-05,130,121,0,180
2311,71.0937,97.8958,1,3.84615e-05,72,127,0,180
2312,50.9315,60.0643,1,3.84615e-05,174,8,0,180
2313,49.4377,34.8848,1,3.84615e-05,180,103,0,180
2314,-33.5002,120.533,1,3.84615e-05,57,40,0,180
2315,26.2974,22.6252,1,3.84615e-05,52,97,0,180
2316,-77.544,-0.14917,1,3.84615e-05,173,171,0,180
2317,57.6844,54.3886,1,3.84615e-05,-1,-1,0,180
2318,49.0903,-86.4017,1,3.84615e-05,166,69,0,180
2319,15.5599,4.9801,1,3.84615e-05,136,82,0,180
2320,29.5716,77.3911,1,3.84615e-05,-1,-1,0,180
2321,12.7737,37.7664,1,3.84615e-05,13,85,0,180
2322,41.4161,110.217,1,3.84615e-05,165,143,0,180
2323,-20.3383,-66.7812,1,3.84615e-05,161,153,0,180
2324,-19.7426,28.35,1,3.84615e-05,150,198,0,180
2325,47.3226,-65.1025,1,3.84615e-05,149,116,0,180
2326,0.688965,-59.2782,1,3.84615e-05,166,149,0,180
2327,18.025,11.0664,1,3.84615e-05,161,96,0,180
2328,21.0889,4.43158,1,3.84615e-05,160,96,0,180
2329,-6.80719,14.6179,1,3.84615e-05,99,79,0,180
2330,42.3812,98.0439,1,3.84615e-05,148,32,0,180
2331,23.4313,58.0243,1,3.84615e-05,137,1,0,180
2332,-20.0545,126.31,1,3.84615e-05,158,53,0,180
2333,42.0705,-103.484,1,3.84615e-05,22,81,0,180
2334,-68.1737,135.429,1,3.84615e-05,52,123,0,180
2335,-77.5424,108.215,1,3.84615e-05,161,122,0,180
2336,23.1619,-3.94325,1,3.84615e-05,178,94,0,180
2337,-76.3308,118.434,1,3.84615e-05,103,128,0,180
2338,60.7985,6.76253,1,3.84615e-05,125,170,0,180
2339,-15.5645,13.7326,1,3.84615e-05,112,189,0,180
2340,-83.6629,96.2855,1,3.84615e-05,179,107,0,180
2341,20.2026,-1.54558,1,3.84615e-05,166,166,0,180
2342,32.8225,6.30453,1,3.84615e-05,145,157,0,180
2343,-27.2926,-69.394,1,3.84615e-05,82,22,0,180
2344,37.8223,111.81,1,3.84615e-05,169,14,0,180
2345,62.6977,-138.151,1,3.84615e-05,144,71,0,180
2346,-17.4062,145.419,1,3.84615e-05,15,45,0,180
2347,34.889,59.7322,1,3.84615e-05,150,0,0,180
2348,66.8544,58.3316,1,3.84615e-05,52,106,0,180
2349,-9.19445,20.564,1,3.84615e-05,52,74,0,180
2350,70.4174,-84.7539,1,3.84615e-05,32,107,0,180
2351,-21.023,-66.2491,1,3.84615e-05,23,131,0,180
2352,-29.5042,-65.2247,1,3.84615e-05,177,147,0,180
2353,76.9323,-23.6937,1,3.84615e-05,2,39,0,180
2354,52.786,91.246,1,3.84615e-05,174,28,0,180
2355,58.1092,96.7566,1,3.84615e-05,167,29,0,180
2356,-27.579,141.227,1,3.84615e-05,118,60,0,180
2357,-8.48321,38.6744,1,3.84615e-05,95,194,0,180
2358,46.1218,98.4473,1,3.84615e-05,-1,-1,0,180
2359,8.43618,20.6322,1,3.84615e-05,157,185,0,180
2360,57.5633,157.482,1,3.84615e-05,118,182,0,180
2361,34.9111,52.0784,1,3.84615e-05,-1,-1,0,180
2362,50.7158,-73.354,1,3.84615e-05,168,69,0,180
2363,11.7693,2.03796,1,3.84615e-05,166,89,0,180
2364,57.8756,41.0103,1,3.84615e-05,160,105,0,180
2365,9.06083,-62.5484,1,3.84615e-05,121,49,0,180
2366,56.498,75.8757,1,3.84615e-05,-1,-1,0,180
2367,-14.4929,31.3542,1,3.84615e-05,98,87,0,180
2368,-0.819832,36.1711,1,3.84615e-05,146,199,0,180
2369,0.712067,-60.9247,1,3.84615e-05,-1,-1,0,180
2370,67.4691,52.3451,1,3.84615e-05,138,107,0,180
2371,5.14368,5.83293,1,3.84615e-05,110,170,0,180
2372,-15.9251,142.274,1,3.84615e-05,171,65,0,180
2373,17.6354,-93.596,1,3.84615e-05,1,9,0,180
2374,63.3584,-97.983,1,3.84615e-05,176,125,0,180
2375,-72.1893,103.753,1,3.84615e-05,122,79,0,180
2376,62.6423,135.284,1,3.84615e-05,91,140,0,180
2377,29.688,40.7067,1,3.84615e-05,5,163,0,180
2378,17.3963,79.8956,1,3.84615e-05,31,111,0,180
2379,-12.8568,32.674,1,3.84615e-05,15,78,0,180
2380,-18.4052,25.566,1,3.84615e-05,170,196,0,180
2381,33.7481,1.46832,1,3.84615e-05,179,165,0,180
2382,-10.0941,38.8664,1,3.84615e-05,88,88,0,180
2383,63.8184,118.455,1,3.84615e-05,102,183,0,180
2384,35.2184,38.8356,1,3.84615e-05,22,150,0,180
2385,-23.4533,21.3449,1,3.84615e-05,158,197,0,180
2386,55.6133,-117.433,1,3.84615e-05,52,57,0,180
2387,-21.7543,33.4899,1,3.84615e-05,120,191,0,180
2388,70.7876,-37.7138,1,3.84615e-05,98,148,0,180
2389,42.8316,-119.156,1,3.84615e-05,22,6,0,180
2390,58.2546,88.8826,1,3.84615e-05,-1,-1,0,180
2391,69.0863,27.3724,1,3.84615e-05,2,173,0,180
2392,16.2167,28.0096,1,3.84615e-05,-1,-1,0,180
2393,64.3312,-96.0169,1,3.84615e-05,1,100,0,180
2394,13.6531,98.6075,1,3.84615e-05,62,14,0,180
2395,47.5147,54.7709,1,3.84615e-05,-1,-1,0,180
2396,30.7731,108.841,1,3.84615e-05,88,12,0,180
2397,71.2231,68.0609,1,3.84615e-05,3,101,0,180
2398,-27.459,133.624,1,3.84615e-05,166,65,0,180
2399,4.89067,34.9489,1,3.84615e-05,1,79,0,180
2400,-84.0793,163.222,1,3.84615e-05,16,142,0,180
2401,59.9286,-159.809,1,3.84615e-05,142,3,0,180
2402,51.2616,-3.07907,1,3.84615e-05,22,110,0,180
2403,-10.6343,23.8783,1,3.84615e-05,42,75,0,180
2404,68.3364,69.8139,1,3.84615e-05,111,123,0,180
2405,43.6026,117.218,1,3.84615e-05,174,142,0,180
2406,36.5601,52.5234,1,3.84615e-05,52,118,0,180
2407,33.5763,92.4085,1,3.84615e-05,102,125,0,180
2408,37.837,56.2326,1,3.84615e-05,23,111,0,180
2409,-80.8541,-85.936,1,3.84615e-05,1,106,0,180
2410,-6.41614,21.3866,1,3.84615e-05,134,83,0,180
2411,36.1928,79.9488,1,3.84615e-05,-1,-1,0,180
2412,-28.2526,142.241,1,3.84615e-05,-1,-1,0,180
2413,-1.78796,-65.1038,1,3.84615e-05,173,44,0,180
2414,-27.6336,24.1087,1,3.84615e-05,128,190,0,180
2415,28.1518,62.3304,1,3.84615e-05,110,101,0,180
2416,30.0774,30.4258,1,3.84615e-05,164,185,0,180
2417,58.0339,7.88696,1,3.84615e-05,150,131,0,180
2418,35.208,44.9057,1,3.84615e-05,-1,-1,0,180
2419,2.91214,-75.0145,1,3.84615e-05,82,123,0,180
2420,45.7104,134.555,1,3.84615e-05,12,25,0,180
2421,48.8407,112.505,1,3.84615e-05,163,143,0,180
2422,46.3619,68.8366,1,3.84615e-05,179,155,0,180
2423,4.51857,-55.7666,1,3.84615e-05,90,135,0,180
2424,17.5498,-9.22673,1,3.84615e-05,180,173,0,180
2425,16.2691,25.9408,1,3.84615e-05,51,81,0,180
2426,-3.50099,12.6755,1,3.84615e-05,13,161,0,180
2427,53.1734,-128.175,1,3.84615e-05,36,72,0,180
2428,71.7566,-123.227,1,3.84615e-05,175,102,0,180
2429,-10.6894,-72.2583,1,3.84615e-05,43,11,0,180
2430,22.3317,23.2735,1,3.84615e-05,15,77,0,180
2431,-4.50121,103.163,1,3.84615e-05,93,25,0,180
2432,32.9028,-99.2406,1,3.84615e-05,22,107,0,180
2433,22.8309,-7.35205,1,3.84615e-05,35,64,0,180
2434,25.5307,81.9706,1,3.84615e-05,32,2,0,180
2435,74.9867,-34.8412,1,3.84615e-05,99,148,0,180
2436,67.0951,-177.632,1,3.84615e-05,149,2,0,180
2437,52.398,79.6608,1,3.84615e-05,154,129,0,180
2438,15.0244,8.99176,1,3.84615e-05,32,158,0,180
2439,68.3954,123.488,1,3.84615e-05,12,195,0,180
2440,4.49806,115.789,1,3.84615e-05,42,122,0,180
2441,47.7352,-112.917,1,3.84615e-05,105,49,0,180
2442,-24.1871,-47.1807,1,3.84615e-05,82,147,0,180
2443,39.2745,111.82,1,3.84615e-05,119,35,0,180
2444,38.9284,89.1053,1,3.84615e-05,2,102,0,180
2445,16.1309,22.1567,1,3.84615e-05,6,78,0,180
2446,40.3546,34.6562,1,3.84615e-05,-1,-1,0,180
2447,2.15282,29.4411,1,3.84615e-05,176,196,0,180
2448,-0.0771484,-57.6775,1,3.84615e-05,164,45,0,180
2449,57.5801,-71.3366,1,3.84615e-05,140,35,0,180
2450,-30.7232,146.583,1,3.84615e-05,79,64,0,180
2451,-19.2921,145.708,1,3.84615e-05,151,67,0,180
2452,33.3178,74.4289,1,3.84615e-05,-1,-1,0,180
2453,44.4393,-86.3358,1,3.84615e-05,178,92,0,180
2454,25.2444,114.172,1,3.84615e-05,-1,-1,0,180
2455,-17.2743,27.1097,1,3.84615e-05,161,197,0,180
2456,3.8038,-64.8929,1,3.84615e-05,17,28,0,180
2457,1.46155,117.037,1,3.84615e-05,175,143,0,180
2458,80.9296,-80.8843,1,3.84615e-05,172,31,0,180
2459,34.6069,92.6013,1,3.84615e-05,175,156,0,180
2460,38.1551,-116.52,1,3.84615e-05,89,100,0,180
2461,65.4566,-166.31,1,3.84615e-05,-1,-1,0,180
2462,41.6921,51.5609,1,3.84615e-05,169,130,0,180
2463,21.8432,-101.133,1,3.84615e-05,167,113,0,180
2464,27.8752,97.0806,1,3.84615e-05,-1,-1,0,180
2465,-17.893,29.1609,1,3.84615e-05,151,198,0,180
2466,31.9257,5.88828,1,3.84615e-05,39,74,0,180
2467,6.17648,116.083,1,3.84615e-05,22,124,0,180
2468,63.2261,-103.723,1,3.84615e-05,162,87,0,180
2469,-80.0686,-23.9725,1,3.84615e-05,78,24,0,180
2470,43.5619,74.2517,1,3.84615e-05,157,129,0,180
2471,20.9007,-102.068,1,3.84615e-05,52,19,0,180
2472,5.19181,29.751,1,3.84615e-05,177,196,0,180
2473,18.4407,-71.1763,1,3.84615e-05,32,26,0,180
2474,14.1657,108.059,1,3.84615e-05,79,27,0,180
2475,49.1796,23.4416,1,3.84615e-05,63,130,0,180
2476,15.9618,12.8396,1,3.84615e-05,178,183,0,180
2477,-4.2725,15.5092,1,3.84615e-05,88,172,0,180
2478,-7.1501,-75.2563,1,3.84615e-05,134,130,0,180
2479,3.15576,24.1343,1,3.84615e-05,-1,-1,0,180
2480,-0.0858154,-70.0851,1,3.84615e-05,137,37,0,180
2481,19.2464,110.689,1,3.84615e-05,52,20,0,180
2482,33.8633,80.3271,1,3.84615e-05,13,101,0,180
2483,-7.60921,28.1591,1,3.84615e-05,96,181,0,180
2484,68.1512,66.0727,1,3.84615e-05,33,108,0,180
2485,-9.37695,21.1375,1,3.84615e-05,52,74,0,180
2486,39.009,115.743,1,3.84615e-05,170,14,0,180
2487,-80.3169,-136.599,1,3.84615e-05,166,122,0,180
2488,42.9567,52.1294,1,3.84615e-05,2,113,0,180
2489,60.0365,-95.931,1,3.84615e-05,1,76,0,180
2490,23.3338,42.4231,1,3.84615e-05,2,86,0,180
2491,-1.16123,-75.5359,1,3.84615e-05,-1,-1,0,180
2492,-67.4514,124.387,1,3.84615e-05,23,126,0,180
2493,-16.8045,-53.7217,1,3.84615e-05,13,29,0,180
2494,21.6708,-3.00699,1,3.84615e-05,72,154,0,180
2495,30.1331,120.277,1,3.84615e-05,174,168,0,180
2496,-88.0534,-74.6427,1,3.84615e-05,170,171,0,180
2497,-2.18876,110.81,1,3.84615e-05,138,135,0,180
2498,-24.9148,-58.7869,1,3.84615e-05,176,163,0,180
2499,-73.3193,14.8094,1,3.84615e-05,110,1,0,180
2500,-21.2163,31.3576,1,3.84615e-05,141,199,0,180
2501,3.1275,-59.8954,1,3.84615e-05,109,133,0,180
2502,69.1922,123.029,1,3.84615e-05,171,199,0,180
2503,30.6317,-87.026,1,3.84615e-05,2,109,0,180
2504,-14.9326,-58.5626,1,3.84615e-05,174,152,0,180
2505,54.2988,118.658,1,3.84615e-05,51,21,0,180
2506,15.87,-4.96136,1,3.84615e-05,174,88,0,180
2507,18.8382,22.5448,1,3.84615e-05,88,87,0,180
2508,51.3799,-67.216,1,3.84615e-05,1,53,0,180
2509,72.3621,99.2342,1,3.84615e-05,-1,-1,0,180
2510,-28.0006,137.735,1,3.84615e-05,157,66,0,180
2511,17.9537,28.416,1,3.84615e-05,40,82,0,180
2512,-26.5294,139.619,1,3.84615e-05,2,46,0,180
2513,-76.5433,145.78,1,3.84615e-05,52,148,0,180
2514,46.5557,137.196,1,3.84615e-05,164,15,0,180
2515,67.3368,153.087,1,3.84615e-05,105,196,0,180
2516,-71.1376,86.3513,1,3.84615e-05,42,77,0,180
2517,12.9839,10.1026,1,3.84615e-05,177,183,0,180
2518,68.3319,91.0202,1,3.84615e-05,178,198,0,180
2519,43.8104,79.7611,1,3.84615e-05,-1,-1,0,180
2520,-21.2816,-55.2661,1,3.84615e-05,143,155,0,180
2521,61.8461,9.71288,1,3.84615e-05,115,171,0,180
2522,-30.0555,-58.2005,1,3.84615e-05,2,133,0,180
2523,78.2661,-67.5387,1,3.84615e-05,116,37,0,180
2524,-73.2894,-2.40347,1,3.84615e-05,66,195,0,180
2525,5.01338,39.7367,1,3.84615e-05,42,187,0,180
2526,37.9862,57.8699,1,3.84615e-05,-1,-1,0,180
2527,21.0934,-99.1188,1,3.84615e-05,148,115,0,180
2528,37.9524,-121.245,1,3.84615e-05,62,2,0,180
2529,49.8059,116.32,1,3.84615e-05,1,165,0,180
2530,-9.18305,-63.6757,1,3.84615e-05,12,120,0,180
2531,63.8827,-116.435,1,3.84615e-05,157,70,0,180
2532,32.4422,131.15,1,3.84615e-05,2,11,0,180
2533,-25.625,149.553,1,3.84615e-05,91,63,0,180
2534,13.894,10.9705,1,3.84615e-05,-1,-1,0,180
2535,38.571,-80.528,1,3.84615e-05,102,122,0,180
2536,-42.908,-67.6933,1,3.84615e-05,52,165,0,180
2537,33.4754,-108.903,1,3.84615e-05,163,93,0,180
2538,-18.0402,125.713,1,3.84615e-05,169,52,0,180
2539,66.2501,-102.931,1,3.84615e-05,179,78,0,180
2540,66.2134,49.6743,1,3.84615e-05,90,102,0,180
2541,23.6808,112.625,1,3.84615e-05,169,143,0,180
2542,47.7572,37.1251,1,3.84615e-05,-1,-1,0,180
2543,-75.9217,65.7881,1,3.84615e-05,92,23,0,180
2544,40.5211,-75.1372,1,3.84615e-05,175,113,0,180
2545,52.7176,-66.9923,1,3.84615e-05,1,66,0,180
2546,-24.5354,129.383,1,3.84615e-05,117,57,0,180
2547,56.3898,162.594,1,3.84615e-05,109,183,0,180
2548,-7.18153,15.026,1,3.84615e-05,78,173,0,180
2549,16.3191,38.3896,1,3.84615e-05,-1,-1,0,180
2550,40.3125,61.319,1,3.84615e-05,43,188,0,180
2551,66.851,-141.848,1,3.84615e-05,165,79,0,180
2552,-14.3631,134.366,1,3.84615e-05,102,141,0,180
2553,71.3605,-50.1547,1,3.84615e-05,42,35,0,180
2554,52.5467,130.889,1,3.84615e-05,32,23,0,180
2555,53.616,-90.8232,1,3.84615e-05,144,128,0,180
2556,27.6654,119.933,1,3.84615e-05,175,168,0,180
2557,69.4158,-30.7902,1,3.84615e-05,88,149,0,180
2558,8.05946,-66.6469,1,3.84615e-05,151,46,0,180
2559,-15.9977,30.1581,1,3.84615e-05,1,69,0,180
2560,42.6691,46.8938,1,3.84615e-05,-1,-1,0,180
2561,-4.91253,24.3202,1,3.84615e-05,-1,-1,0,180
2562,-67.7742,101.762,1,3.84615e-05,2,105,0,180
2563,-37.2867,149.762,1,3.84615e-05,42,148,0,180
2564,43.5614,75.1727,1,3.84615e-05,43,191,0,180
2565,66.2399,-128.293,1,3.84615e-05,-1,-1,0,180
2566,-25.6451,132.571,1,3.84615e-05,137,136,0,180
2567,46.9555,-112.547,1,3.84615e-05,22,63,0,180
2568,42.5677,43.4081,1,3.84615e-05,-1,-1,0,180
2569,58.4399,109.14,1,3.84615e-05,23,181,0,180
2570,18.2754,79.2988,1,3.84615e-05,60,118,0,180
2571,22.6902,33.8236,1,3.84615e-05,-1,-1,0,180
2572,15.1252,120.497,1,3.84615e-05,32,22,0,180
2573,36.77,47.0276,1,3.84615e-05,-1,-1,0,180
2574,13.5534,2.91829,1,3.84615e-05,112,77,0,180
2575,-76.8937,-111.277,1,3.84615e-05,177,121,0,180
2576,60.4467,152.906,1,3.84615e-05,9,183,0,180
2577,42.5876,61.0549,1,3.84615e-05,73,185,0,180
2578,4.35068,34.9038,1,3.84615e-05,1,79,0,180
2579,6.17259,-62.4878,1,3.84615e-05,132,48,0,180
2580,54.019,37.1248,1,3.84615e-05,8,112,0,180
2581,6.01683,11.8373,1,3.84615e-05,15,161,0,180
2582,28.2912,81.8388,1,3.84615e-05,177,27,0,180
2583,-1.15451,23.1041,1,3.84615e-05,59,73,0,180
2584,64.9916,142.709,1,3.84615e-05,2,38,0,180
2585,49.151,16.5949,1,3.84615e-05,13,84,0,180
2586,42.7294,102.367,1,3.84615e-05,-1,-1,0,180
2587,46.0551,76.3289,1,3.84615e-05,170,156,0,180
2588,31.8815,-104.643,1,3.84615e-05,152,23,0,180
2589,-8.40864,38.8663,1,3.84615e-05,95,194,0,180
2590,71.7521,-106.542,1,3.84615e-05,113,26,0,180
2591,63.2781,63.758,1,3.84615e-05,171,127,0,180
2592,24.1272,7.80551,1,3.84615e-05,52,73,0,180
2593,-78.526,68.6675,1,3.84615e-05,139,101,0,180
2594,13.3195,5.70276,1,3.84615e-05,137,82,0,180
2595,32.595,36.3717,1,3.84615e-05,2,172,0,180
2596,56.9452,-104.215,1,3.84615e-05,163,69,0,180
2597,60.4027,-110.358,1,3.84615e-05,173,20,0,180
2598,7.07516,20.2225,1,3.84615e-05,57,73,0,180
2599,24.1696,4.32356,1,3.84615e-05,124,83,0,180
2600,-27.7325,148.898,1,3.84615e-05,119,60,0,180
2601,-12.6428,-75.7237,1,3.84615e-05,124,131,0,180
2602,16.089,8.82722,1,3.84615e-05,113,170,0,180
2603,65.2815,110.881,1,3.84615e-05,178,141,0,180
2604,39.7809,-85.9971,1,3.84615e-05,82,42,0,180
2605,-71.2584,20.3855,1,3.84615e-05,80,171,0,180
2606,-35.5186,142.505,1,3.84615e-05,77,64,0,180
2607,-15.4621,-68.5608,1,3.84615e-05,103,31,0,180
2608,-34.0288,149.639,1,3.84615e-05,89,63,0,180
2609,35.5091,117.106,1,3.84615e-05,176,142,0,180
2610,9.85664,-64.4088,1,3.84615e-05,-1,-1,0,180
2611,32.318,83.0445,1,3.84615e-05,160,129,0,180
2612,39.7975,43.9144,1,3.84615e-05,177,197,0,180
2613,-8.73388,34.9792,1,3.84615e-05,114,192,0,180
2614,21.3044,-2.00856,1,3.84615e-05,-1,-1,0,180
2615,58.3184,-71.744,1,3.84615e-05,-1,-1,0,180
2616,-80.7109,-95.8437,1,3.84615e-05,148,38,0,180
2617,65.1867,152.125,1,3.84615e-05,33,146,0,180
2618,50.4255,95.7625,1,3.84615e-05,-1,-1,0,180
2619,35.961,62.6836,1,3.84615e-05,52,187,0,180
2620,-76.9541,-17.3837,1,3.84615e-05,1,22,0,180
2621,43.2486,74.728,1,3.84615e-05,43,191,0,180
2622,-34.1344,-69.4275,1,3.84615e-05,88,150,0,180
2623,-21.3346,133.259,1,3.84615e-05,12,45,0,180
2624,-77.4082,-108.543,1,3.84615e-05,2,129,0,180
2625,2.81783,-69.8862,1,3.84615e-05,172,44,0,180
2626,-82.5355,122.363,1,3.84615e-05,172,36,0,180
2627,-28.621,-57.5172,1,3.84615e-05,36,27,0,180
2628,-69.347,56.5277,1,3.84615e-05,107,104,0,180
2629,23.1302,10.0766,1,3.84615e-05,170,95,0,180
2630,-29.0128,-50.4831,1,3.84615e-05,1,16,0,180
2631,35.0543,115.317,1,3.84615e-05,139,17,0,180
2632,13.5566,79.4945,1,3.84615e-05,138,16,0,180
2633,-68.0351,120.605,1,3.84615e-05,172,74,0,180
2634,22.7057,97.7482,1,3.84615e-05,2,5,0,180
2635,-73.8272,-95.3005,1,3.84615e-05,42,125,0,180
2636,42.2127,112.764,1,3.84615e-05,159,15,0,180
2637,70.6452,-84.727,1,3.84615e-05,32,107,0,180
2638,24.2608,94.3411,1,3.84615e-05,171,39,0,180
2639,-3.0075,-55.1076,1,3.84615e-05,62,35,0,180
2640,54.1696,-104.736,1,3.84615e-05,131,80,0,180
2641,-82.7327,154.263,1,3.84615e-05,73,146,0,180
2642,22.8066,-7.22769,1,3.84615e-05,35,64,0,180
2643,41.3277,112.848,1,3.84615e-05,155,144,0,180
2644,55.5965,72.9634,1,3.84615e-05,-1,-1,0,180
2645,48.6934,103.612,1,3.84615e-05,150,32,0,180
2646,-19.5372,16.8235,1,3.84615e-05,83,71,0,180
2647,53.0685,117.292,1,3.84615e-05,171,142,0,180
2648,40.4599,66.8251,1,3.84615e-05,-1,-1,0,180
2649,76.2538,-41.6582,1,3.84615e-05,132,120,0,180
2650,25.047,-0.807922,1,3.84615e-05,177,165,0,180
2651,38.9613,89.4201,1,3.84615e-05,2,102,0,180
2652,67.012,54.0746,1,3.84615e-05,80,103,0,180
2653,-7.88874,-49.7791,1,3.84615e-05,177,152,0,180
2654,49.554,112.935,1,3.84615e-05,-1,-1,0,180
2655,-79.4332,28.2303,1,3.84615e-05,147,27,0,180
2656,-16.6332,38.4606,1,3.84615e-05,174,6,0,180
2657,-24.8408,28.1861,1,3.84615e-05,53,185,0,180
2658,66.4284,-35.5666,1,3.84615e-05,117,146,0,180
2659,0.579514,42.7437,1,3.84615e-05,180,6,0,180
2660,25.8839,82.3413,1,3.84615e-05,32,2,0,180
2661,35.6726,103.053,1,3.84615e-05,-1,-1,0,180
2662,-11.7094,35.5873,1,3.84615e-05,24,77,0,180
2663,46.5506,-100.772,1,3.84615e-05,42,89,0,180
2664,53.7231,139.486,1,3.84615e-05,18,36,0,180
2665,43.1114,142.162,1,3.84615e-05,105,11,0,180
2666,63.6665,-70.7248,1,3.84615e-05,-1,-1,0,180
2667,11.9795,-12.7885,1,3.84615e-05,67,61,0,180
2668,28.8221,38.1321,1,3.84615e-05,180,115,0,180
2669,62.8496,106.798,1,3.84615e-05,169,142,0,180
2670,-71.3205,-66.4342,1,3.84615e-05,2,191,0,180
2671,-21.6112,-52.8352,1,3.84615e-05,-1,-1,0,180
2672,58.7115,110.848,1,3.84615e-05,42,2,0,180
2673,21.9139,-104.818,1,3.84615e-05,92,90,0,180
2674,-15.5081,-55.7782,1,3.84615e-05,-1,-1,0,180
2675,14.7232,-10.2829,1,3.84615e-05,77,60,0,180
2676,52.0342,-9.5145,1,3.84615e-05,1,112,0,180
2677,-17.5681,145.205,1,3.84615e-05,15,45,0,180
2678,56.6997,30.041,1,3.84615e-05,144,132,0,180
2679,-75.9329,101.736,1,3.84615e-05,169,121,0,180
2680,-71.5433,88.2261,1,3.84615e-05,42,77,0,180
2681,-13.2823,-47.4668,1,3.84615e-05,129,49,0,180
2682,63.8305,-85.0675,1,3.84615e-05,1,28,0,180
2683,15.7333,32.0112,1,3.84615e-05,-1,-1,0,180
2684,56.9996,55.1067,1,3.84615e-05,18,135,0,180
2685,47.7348,114.454,1,3.84615e-05,72,168,0,180
2686,63.1731,-18.7838,1,3.84615e-05,1,148,0,180
2687,62.3888,13.1548,1,3.84615e-05,67,176,0,180
2688,21.3551,34.4177,1,3.84615e-05,2,163,0,180
2689,-19.2669,135.684,1,3.84615e-05,120,57,0,180
2690,70.1748,-70.4716,1,3.84615e-05,178,125,0,180
2691,-69.2505,95.7667,1,3.84615e-05,52,76,0,180
2692,-84.4455,96.8987,1,3.84615e-05,169,108,0,180
2693,10.3354,20.6554,1,3.84615e-05,8,162,0,180
2694,-13.8852,-57.5758,1,3.84615e-05,154,154,0,180
2695,52.252,40.5477,1,3.84615e-05,176,139,0,180
2696,-20.882,-43.4684,1,3.84615e-05,179,163,0,180
2697,32.7233,38.1964,1,3.84615e-05,176,104,0,180
2698,20.4033,97.324,1,3.84615e-05,130,135,0,180
2699,44.5713,-87.5233,1,3.84615e-05,167,56,0,180
2700,-1.94328,17.2404,1,3.84615e-05,4,162,0,180
2701,62.8578,149.167,1,3.84615e-05,116,182,0,180
2702,32.2984,43.1642,1,3.84615e-05,6,163,0,180
2703,42.2134,13.5813,1,3.84615e-05,62,89,0,180
2704,22.2246,100.358,1,3.84615e-05,119,23,0,180
2705,63.8222,63.7522,1,3.84615e-05,-1,-1,0,180
2706,48.9315,19.3768,1,3.84615e-05,124,110,0,180
2707,43.8721,100.308,1,3.84615e-05,105,153,0,180
2708,-5.17911,-65.61,1,3.84615e-05,110,30,0,180
2709,69.539,-45.7292,1,3.84615e-05,105,76,0,180
2710,34.0515,46.4415,1,3.84615e-05,-1,-1,0,180
2711,44.3066,-85.4943,1,3.84615e-05,21,48,0,180
2712,-3.8382,-59.3128,1,3.84615e-05,14,120,0,180
2713,33.1458,111.634,1,3.84615e-05,177,142,0,180
2714,49.9428,52.8732,1,3.84615e-05,158,131,0,180
2715,-70.9524,18.3399,1,3.84615e-05,121,0,0,180
2716,56.0259,105.269,1,3.84615e-05,2,183,0,180
2717,-33.105,-71.0854,1,3.84615e-05,98,159,0,180
2718,10.0841,-85.8204,1,3.84615e-05,69,113,0,180
2719,19.3568,-5.34807,1,3.84615e-05,170,174,0,180
2720,29.9626,-105.354,1,3.84615e-05,161,22,0,180
2721,41.365,19.4213,1,3.84615e-05,72,175,0,180
2722,76.3492,104.077,1,3.84615e-05,32,121,0,180
2723,-29.7937,146.161,1,3.84615e-05,90,131,0,180
2724,14.4744,-7.87071,1,3.84615e-05,160,72,0,180
2725,18.4923,-12.2879,1,3.84615e-05,171,174,0,180
2726,46.3075,-81.2423,1,3.84615e-05,-1,-1,0,180
2727,57.0996,80.1976,1,3.84615e-05,163,128,0,180
2728,46.2685,-111.602,1,3.84615e-05,175,42,0,180
2729,-0.80925,21.3131,1,3.84615e-05,132,83,0,180
2730,19.4476,94.7336,1,3.84615e-05,137,21,0,180
2731,34.1498,2.8246,1,3.84615e-05,92,86,0,180
2732,32.177,131.732,1,3.84615e-05,2,11,0,180
2733,45.4571,-105.752,1,3.84615e-05,97,40,0,180
2734,24.0195,-98.4933,1,3.84615e-05,164,22,0,180
2735,23.5183,-101.854,1,3.84615e-05,1,14,0,180
2736,-80.024,104.07,1,3.84615e-05,180,120,0,180
2737,-74.3774,79.6967,1,3.84615e-05,13,104,0,180
2738,-16.1981,23.0945,1,3.84615e-05,-1,-1,0,180
2739,62.2711,21.0289,1,3.84615e-05,68,176,0,180
2740,11.8711,105.766,1,3.84615e-05,88,26,0,180
2741,22.8619,83.5219,1,3.84615e-05,180,12,0,180
2742,23.5985,2.09769,1,3.84615e-05,163,89,0,180
2743,-20.656,-69.897,1,3.84615e-05,82,135,0,180
2744,34.1695,76.7629,1,3.84615e-05,-1,-1,0,180
2745,26.8378,0.808746,1,3.84615e-05,162,89,0,180
2746,32.1558,-110.235,1,3.84615e-05,-1,-1,0,180
2747,-9.08866,22.9092,1,3.84615e-05,125,84,0,180
2748,45.83,134.34,1,3.84615e-05,12,25,0,180
2749,38.1947,-80.3009,1,3.84615e-05,73,43,0,180
2750,1.42826,13.1086,1,3.84615e-05,99,171,0,180
2751,-5.02374,145.19,1,3.84615e-05,42,147,0,180
2752,52.2619,-126.085,1,3.84615e-05,55,70,0,180
2753,36.8885,91.7757,1,3.84615e-05,120,123,0,180
2754,-8.57993,30.2789,1,3.84615e-05,-1,-1,0,180
2755,58.7184,-113.238,1,3.84615e-05,162,69,0,180
2756,16.4356,48.9658,1,3.84615e-05,165,8,0,180
2757,-73.696,-100.187,1,3.84615e-05,33,126,0,180
2758,19.0315,-155.154,1,3.84615e-05,17,174,0,180
2759,34.0459,108.231,1,3.84615e-05,162,169,0,180
2760,36.2342,58.6453,1,3.84615e-05,-1,-1,0,180
2761,44.0856,-104.866,1,3.84615e-05,2,83,0,180
2762,-21.4557,26.2433,1,3.84615e-05,160,197,0,180
2763,-6.95925,30.1545,1,3.84615e-05,163,197,0,180
2764,-78.1829,100.109,1,3.84615e-05,170,121,0,180
2765,16.5421,75.4618,1,3.84615e-05,158,14,0,180
2766,4.55043,45.5645,1,3.84615e-05,89,195,0,180
2767,47.6079,-88.2516,1,3.84615e-05,179,92,0,180
2768,12.8476,37.6906,1,3.84615e-05,13,85,0,180
2769,62.7456,-42.4461,1,3.84615e-05,12,122,0,180
2770,38.3152,-1.62215,1,3.84615e-05,101,85,0,180
2771,15.5464,36.7661,1,3.84615e-05,102,181,0,180
2772,-79.8385,123.651,1,3.84615e-05,178,145,0,180
2773,1.0202,-70.4236,1,3.84615e-05,148,139,0,180
2774,-17.6409,-55.1384,1,3.84615e-05,-1,-1,0,180
2775,-84.1562,113.178,1,3.84615e-05,172,121,0,180
2776,-70.6315,38.6512,1,3.84615e-05,54,7,0,180
2777,-12.8311,14.1128,1,3.84615e-05,95,171,0,180
2778,-19.2401,-58.4223,1,3.84615e-05,161,149,0,180
2779,-6.6772,-59.5621,1,3.84615e-05,68,137,0,180
2780,69.1191,-116.953,1,3.84615e-05,170,20,0,180
2781,-37.108,145.995,1,3.84615e-05,87,63,0,180
2782,24.0932,88.454,1,3.84615e-05,2,114,0,180
2783,48.4555,97.4364,1,3.84615e-05,164,29,0,180
2784,55.7008,-120.222,1,3.84615e-05,54,44,0,180
2785,8.98334,125.125,1,3.84615e-05,2,126,0,180
2786,1.15663,-62.2662,1,3.84615e-05,-1,-1,0,180
2787,0.995964,-71.2263,1,3.84615e-05,136,37,0,180
2788,-72.0726,96.7495,1,3.84615e-05,170,74,0,180
2789,31.9232,42.9863,1,3.84615e-05,6,163,0,180
2790,5.33618,45.5954,1,3.84615e-05,7,86,0,180
2791,68.6911,71.0213,1,3.84615e-05,111,123,0,180
2792,2.20959,22.6748,1,3.84615e-05,-1,-1,0,180
2793,38.9627,69.5289,1,3.84615e-05,2,164,0,180
2794,27.8358,24.3621,1,3.84615e-05,72,95,0,180
2795,-28.7381,143.188,1,3.84615e-05,9,58,0,180
2796,24.847,67.7474,1,3.84615e-05,99,5,0,180
2797,44.6264,-93.4272,1,3.84615e-05,116,51,0,180
2798,16.1251,-7.22902,1,3.84615e-05,179,173,0,180
2799,65.2155,-145.394,1,3.84615e-05,12,196,0,180
2800,58.5337,7.77057,1,3.84615e-05,104,172,0,180
2801,16.2506,18.7845,1,3.84615e-05,-1,-1,0,180
2802,-72.4554,29.5388,1,3.84615e-05,42,8,0,180
2803,-6.16743,-35.4921,1,3.84615e-05,69,45,0,180
2804,-75.6088,53.9173,1,3.84615e-05,168,25,0,180
2805,-75.3228,127.478,1,3.84615e-05,164,37,0,180
2806,-80.7023,102.959,1,3.84615e-05,-1,-1,0,180
2807,78.9493,-40.356,1,3.84615e-05,171,126,0,180
2808,-27.5234,-56.6614,1,3.84615e-05,156,165,0,180
2809,30.4544,42.8616,1,3.84615e-05,131,110,0,180
2810,39.8866,55.0029,1,3.84615e-05,-1,-1,0,180
2811,-29.647,-58.7105,1,3.84615e-05,87,33,0,180
2812,49.6884,-76.4285,1,3.84615e-05,-1,-1,0,180
2813,20.9836,41.9743,1,3.84615e-05,12,85,0,180
2814,-37.7216,-71.9437,1,3.84615e-05,52,125,0,180
2815,-20.4698,-49.0726,1,3.84615e-05,-1,-1,0,180
2816,49.971,37.4318,1,3.84615e-05,-1,-1,0,180
2817,0.150291,22.5062,1,3.84615e-05,-1,-1,0,180
2818,10.0724,31.4096,1,3.84615e-05,72,89,0,180
2819,35.0785,62.6804,1,3.84615e-05,171,130,0,180
2820,-3.80074,-74.0869,1,3.84615e-05,145,139,0,180
2821,-76.3362,84.006,1,3.84615e-05,43,101,0,180
2822,67.3732,-155.463,1,3.84615e-05,1,197,0,180
2823,27.4155,114.787,1,3.84615e-05,42,134,0,180
2824,-67.3094,88.1002,1,3.84615e-05,12,70,0,180
2825,53.7739,50.3595,1,3.84615e-05,137,133,0,180
2826,66.0694,126.423,1,3.84615e-05,2,196,0,180
2827,-24.8807,-65.8873,1,3.84615e-05,160,153,0,180
2828,72.0477,111.98,1,3.84615e-05,32,193,0,180
2829,48.6027,-102.15,1,3.84615e-05,107,49,0,180
2830,7.57648,-74.8818,1,3.84615e-05,12,119,0,180
2831,52.8315,-114.24,1,3.84615e-05,152,57,0,180
2832,70.1145,90.2276,1,3.84615e-05,92,125,0,180
2833,8.66293,30.7224,1,3.84615e-05,-1,-1,0,180
2834,58.9007,-4.84987,1,3.84615e-05,171,175,0,180
2835,67.3509,165.695,1,3.84615e-05,-1,-1,0,180
2836,-20.0133,144.502,1,3.84615e-05,81,51,0,180
2837,-16.817,-42.585,1,3.84615e-05,180,163,0,180
2838,-33.0957,147.306,1,3.84615e-05,98,62,0,180
2839,30.2186,83.1749,1,3.84615e-05,161,129,0,180
2840,75.5549,-48.6902,1,3.84615e-05,157,142,0,180
2841,22.4993,57.2067,1,3.84615e-05,135,110,0,180
2842,20.6037,-12.0072,1,3.84615e-05,-1,-1,0,180
2843,51.7156,-100.926,1,3.84615e-05,154,60,0,180
2844,68.1329,84.7352,1,3.84615e-05,63,128,0,180
2845,67.863,90.1416,1,3.84615e-05,-1,-1,0,180
2846,33.7024,3.89427,1,3.84615e-05,-1,-1,0,180
2847,36.2487,-113.057,1,3.84615e-05,-1,-1,0,180
2848,-26.6509,128.789,1,3.84615e-05,72,38,0,180
2849,31.305,48.1255,1,3.84615e-05,92,114,0,180
2850,46.0646,88.6285,1,3.84615e-05,-1,-1,0,180
2851,44.2566,-101.35,1,3.84615e-05,180,124,0,180
2852,46.4493,123.646,1,3.84615e-05,135,146,0,180
2853,50.7522,79.6156,1,3.84615e-05,52,132,0,180
2854,80.4965,-19.5141,1,3.84615e-05,73,141,0,180
2855,59.6909,138.296,1,3.84615e-05,1,38,0,180
2856,38.4464,71.8214,1,3.84615e-05,112,136,0,180
2857,5.57317,-68.9337,1,3.84615e-05,36,26,0,180
2858,1.90458,100.081,1,3.84615e-05,175,38,0,180
2859,-13.3201,29.1076,1,3.84615e-05,136,83,0,180
2860,71.3396,-51.1303,1,3.84615e-05,42,35,0,180
2861,51.0908,65.9975,1,3.84615e-05,112,163,0,180
2862,58.594,43.1975,1,3.84615e-05,140,107,0,180
2863,56.007,104.812,1,3.84615e-05,2,183,0,180
2864,61.1079,94.4898,1,3.84615e-05,168,186,0,180
2865,-43.8195,-70.872,1,3.84615e-05,66,152,0,180
2866,65.3915,153.867,1,3.84615e-05,164,190,0,180
2867,71.2451,-122.896,1,3.84615e-05,179,29,0,180
2868,-24.0191,117.124,1,3.84615e-05,2,24,0,180
2869,27.9084,69.0054,1,3.84615e-05,81,104,0,180
2870,-42.2868,171.043,1,3.84615e-05,16,139,0,180
2871,-17.7825,46.4881,1,3.84615e-05,155,13,0,180
2872,17.2262,-93.213,1,3.84615e-05,1,9,0,180
2873,11.656,8.90633,1,3.84615e-05,138,82,0,180
2874,34.0764,-6.21771,1,3.84615e-05,116,76,0,180
2875,-67.5269,109.136,1,3.84615e-05,1,23,0,180
2876,64.4916,74.1141,1,3.84615e-05,-1,-1,0,180
2877,58.0165,59.4538,1,3.84615e-05,144,188,0,180
2878,60.2927,77.9641,1,3.84615e-05,45,107,0,180
2879,61.8465,117.911,1,3.84615e-05,-1,-1,0,180
2880,41.1113,-107.677,1,3.84615e-05,53,104,0,180
2881,-85.7639,-26.1825,1,3.84615e-05,95,179,0,180
2882,42.3896,106.414,1,3.84615e-05,-1,-1,0,180
2883,3.52699,-65.8537,1,3.84615e-05,129,131,0,180
2884,-22.4368,-51.3635,1,3.84615e-05,102,145,0,180
2885,46.8225,-71.9687,1,3.84615e-05,101,90,0,180
2886,5.24867,-6.4182,1,3.84615e-05,101,162,0,180
2887,25.6853,117.716,1,3.84615e-05,151,159,0,180
2888,21.2365,80.5947,1,3.84615e-05,175,27,0,180
2889,27.7815,72.0594,1,3.84615e-05,111,4,0,180
2890,61.1139,64.7727,1,3.84615e-05,-1,-1,0,180
2891,67.4503,134.39,1,3.84615e-05,94,27,0,180
2892,42.3801,51.5798,1,3.84615e-05,2,113,0,180
2893,-79.5763,-82.907,1,3.84615e-05,63,37,0,180
2894,19.0622,-5.10951,1,3.84615e-05,170,174,0,180
2895,67.4163,-43.1006,1,3.84615e-05,33,120,0,180
2896,55.2464,88.6224,1,3.84615e-05,134,121,0,180
2897,43.7103,59.1062,1,3.84615e-05,-1,-1,0,180
2898,22.6001,46.2946,1,3.84615e-05,-1,-1,0,180
2899,56.4994,37.7632,1,3.84615e-05,5,136,0,180
2900,35.4764,60.7551,1,3.84615e-05,172,130,0,180
2901,10.8071,-5.08817,1,3.84615e-05,38,64,0,180
2902,53.3867,-120.747,1,3.84615e-05,91,53,0,180
2903,34.5822,112.268,1,3.84615e-05,173,168,0,180
2904,-2.29903,10.2309,1,3.84615e-05,23,160,0,180
2905,20.7259,98.3569,1,3.84615e-05,131,135,0,180
2906,50.2164,21.8042,1,3.84615e-05,173,139,0,180
2907,-22.5221,-69.6796,1,3.84615e-05,72,136,0,180
2908,-68.1987,-66.7966,1,3.84615e-05,34,8,0,180
2909,3.82092,34.8993,1,3.84615e-05,1,79,0,180
2910,26.6261,60.7681,1,3.84615e-05,119,3,0,180
2911,-19.7186,-58.0747,1,3.84615e-05,161,149,0,180
2912,67.8721,140.45,1,3.84615e-05,73,199,0,180
2913,12.0886,-4.86497,1,3.84615e-05,151,73,0,180
2914,33.7458,-93.5451,1,3.84615e-05,3,109,0,180
2915,51.0586,44.0429,1,3.84615e-05,-1,-1,0,180
2916,-30.991,133.482,1,3.84615e-05,53,30,0,180
2917,-28.9259,125.599,1,3.84615e-05,86,50,0,180
2918,4.92612,-76.3034,1,3.84615e-05,11,119,0,180
2919,1.70609,-62.7718,1,3.84615e-05,167,149,0,180
2920,-14.9624,25.5523,1,3.84615e-05,19,67,0,180
2921,-33.2552,123.535,1,3.84615e-05,65,52,0,180
2922,1.54141,109.27,1,3.84615e-05,12,19,0,180
2923,47.9003,105.701,1,3.84615e-05,121,35,0,180
2924,27.4767,74.6258,1,3.84615e-05,170,128,0,180
2925,-22.0902,-61.9853,1,3.84615e-05,171,152,0,180
2926,55.3717,-96.0779,1,3.84615e-05,174,68,0,180
2927,19.4827,-99.0184,1,3.84615e-05,164,125,0,180
2928,66.3657,156.887,1,3.84615e-05,29,181,0,180
2929,-37.7193,-72.3883,1,3.84615e-05,52,125,0,180
2930,42.813,61.2369,1,3.84615e-05,73,185,0,180
2931,3.16444,-67.207,1,3.84615e-05,-1,-1,0,180
2932,-39.4763,-72.9364,1,3.84615e-05,23,128,0,180
2933,-5.99475,142.235,1,3.84615e-05,67,40,0,180
2934,54.0864,107.421,1,3.84615e-05,1,6,0,180
2935,-79.3111,-142.042,1,3.84615e-05,62,172,0,180
2936,47.4893,102.423,1,3.84615e-05,129,162,0,180
2937,14.4175,26.6554,1,3.84615e-05,-1,-1,0,180
2938,-15.0883,128.696,1,3.84615e-05,103,139,0,180
2939,66.3619,-173.612,1,3.84615e-05,140,3,0,180
2940,12.0338,33.6972,1,3.84615e-05,82,183,0,180
2941,-9.94588,124.617,1,3.84615e-05,92,47,0,180
2942,24.7195,21.7221,1,3.84615e-05,113,91,0,180
2943,36.3952,-121.104,1,3.84615e-05,1,198,0,180
2944,45.4381,126.17,1,3.84615e-05,63,169,0,180
2945,20.9809,23.6257,1,3.84615e-05,161,185,0,180
2946,42.9759,-76.2737,1,3.84615e-05,180,92,0,180
2947,16.7186,-6.35808,1,3.84615e-05,174,165,0,180
2948,-13.9692,-49.9201,1,3.84615e-05,169,45,0,180
2949,52.2416,-59.7358,1,3.84615e-05,85,31,0,180
2950,57.3389,87.4007,1,3.84615e-05,79,185,0,180
2951,73.4018,-53.8699,1,3.84615e-05,137,144,0,180
2952,66.0268,115.688,1,3.84615e-05,22,194,0,180
2953,-3.06884,29.6827,1,3.84615e-05,-1,-1,0,180
2954,33.3249,-96.5924,1,3.84615e-05,66,93,0,180
2955,25.3074,-7.74602,1,3.84615e-05,161,89,0,180
2956,61.8483,-161.719,1,3.84615e-05,113,6,0,180
2957,-1.75325,113.661,1,3.84615e-05,54,121,0,180
2958,24.5074,-8.12796,1,3.84615e-05,171,88,0,180
2959,-29.7532,-64.5571,1,3.84615e-05,178,147,0,180
2960,30.9682,109.244,1,3.84615e-05,88,12,0,180
2961,46.1624,18.7705,1,3.84615e-05,1,136,0,180
2962,-10.6541,36.6605,1,3.84615e-05,97,87,0,180
2963,-23.7327,118.609,1,3.84615e-05,12,23,0,180
2964,32.8209,-101.886,1,3.84615e-05,180,42,0,180
2965,-75.8893,160.78,1,3.84615e-05,2,34,0,180
2966,10.3331,27.4833,1,3.84615e-05,34,178,0,180
2967,50.9541,-73.8789,1,3.84615e-05,168,69,0,180
2968,5.52312,101.572,1,3.84615e-05,100,126,0,180
2969,47.2984,136.7,1,3.84615e-05,57,144,0,180
2970,60.6776,134.823,1,3.84615e-05,114,182,0,180
2971,-71.7896,18.1726,1,3.84615e-05,120,0,0,180
2972,67.6609,-93.7713,1,3.84615e-05,2,100,0,180
2973,17.5703,120.334,1,3.84615e-05,13,24,0,180
2974,-22.8175,116.053,1,3.84615e-05,22,22,0,180
2975,40.6857,-122.285,1,3.84615e-05,14,12,0,180
2976,44.3057,-100.315,1,3.84615e-05,32,80,0,180
2977,13.1937,12.7429,1,3.84615e-05,163,96,0,180
2978,43.6551,80.8867,1,3.84615e-05,-1,-1,0,180
2979,-23.2335,147.261,1,3.84615e-05,69,133,0,180
2980,50.6864,13.7283,1,3.84615e-05,143,118,0,180
2981,33.6196,43.965,1,3.84615e-05,-1,-1,0,180
2982,-22.0891,120.92,1,3.84615e-05,93,36,0,180
2983,20.1344,-77.2236,1,3.84615e-05,93,111,0,180
2984,47.3464,63.3969,1,3.84615e-05,82,166,0,180
2985,-86.2423,161.03,1,3.84615e-05,121,176,0,180
2986,44.2236,90.2015,1,3.84615e-05,-1,-1,0,180
2987,65.2246,171.222,1,3.84615e-05,-1,-1,0,180
2988,36.7855,-116.106,1,3.84615e-05,108,108,0,180
2989,-20.5704,118.508,1,3.84615e-05,80,48,0,180
2990,27.2002,98.1394,1,3.84615e-05,135,17,0,180
2991,63.7076,-45.5671,1,3.84615e-05,22,82,0,180
2992,8.91522,2.04779,1,3.84615e-05,124,76,0,180
2993,36.6873,76.2196,1,3.84615e-05,158,129,0,180
2994,0.295517,115.044,1,3.84615e-05,44,122,0,180
2995,-4.70146,-53.3321,1,3.84615e-05,-1,-1,0,180
2996,26.6808,67.7863,1,3.84615e-05,100,5,0,180
2997,-14.2095,134.608,1,3.84615e-05,102,141,0,180
2998,-67.1204,120.448,1,3.84615e-05,173,74,0,180
2999,-71.4156,106.905,1,3.84615e-05,171,74,0,180
3000,-71.871,41.3236,1,3.84615e-05,22,177,0,180
3001,-18.6324,-62.3886,1,3.84615e-05,171,148,0,180
3002,53.0108,79.0939,1,3.84615e-05,35,192,0,180
3003,29.8245,-5.01651,1,3.84615e-05,172,154,0,180
3004,47.616,71.5638,1,3.84615e-05,72,198,0,180
3005,68.0267,85.4618,1,3.84615e-05,63,128,0,180
3006,-14.661,-54.2312,1,3.84615e-05,165,153,0,180
3007,36.1145,-95.8256,1,3.84615e-05,159,126,0,180
3008,-18.7428,-41.7764,1,3.84615e-05,-1,-1,0,180
3009,64.9115,-85.4842,1,3.84615e-05,180,78,0,180
3010,31.6666,101.428,1,3.84615e-05,156,15,0,180
3011,-3.25912,-72.4285,1,3.84615e-05,22,13,0,180
3012,9.31134,-2.85593,1,3.84615e-05,142,74,0,180
3013,58.1067,28.3418,1,3.84615e-05,64,130,0,180
3014,42.4626,86.8824,1,3.84615e-05,-1,-1,0,180
3015,33.6878,64.7177,1,3.84615e-05,99,102,0,180
3016,-1.13577,13.6397,1,3.84615e-05,163,184,0,180
3017,-25.8146,142.701,1,3.84615e-05,148,67,0,180
3018,-2.15337,-45.4784,1,3.84615e-05,179,152,0,180
3019,42.0139,-79.1976,1,3.84615e-05,165,114,0,180
3020,-76.1322,25.2118,1,3.84615e-05,2,2,0,180
3021,67.3836,-156.493,1,3.84615e-05,1,197,0,180
3022,-71.9421,37.0239,1,3.84615e-05,32,176,0,180
3023,27.4472,14.149,1,3.84615e-05,130,99,0,180
3024,-30.6399,131.478,1,3.84615e-05,33,32,0,180
3025,-31.5173,-61.5763,1,3.84615e-05,167,148,0,180
3026,-25.5186,17.6917,1,3.84615e-05,82,172,0,180
3027,18.6237,11.8275,1,3.84615e-05,107,85,0,180
3028,34.1909,54.7013,1,3.84615e-05,-1,-1,0,180
3029,32.8013,113.195,1,3.84615e-05,-1,-1,0,180
3030,-28.3643,-55.5351,1,3.84615e-05,62,153,0,180
3031,45.019,43.642,1,3.84615e-05,173,104,0,180
3032,42.253,52.3991,1,3.84615e-05,2,113,0,180
3033,-3.9861,119.444,1,3.84615e-05,162,40,0,180
3034,67.6276,-34.5034,1,3.84615e-05,59,142,0,180
3035,46.9643,54.025,1,3.84615e-05,-1,-1,0,180
3036,42.2135,-119.402,1,3.84615e-05,1,65,0,180
3037,12.1252,14.8862,1,3.84615e-05,-1,-1,0,180
3038,30.1992,20.9462,1,3.84615e-05,122,161,0,180
3039,-83.5672,-135.712,1,3.84615e-05,175,121,0,180
3040,47.5029,-105.394,1,3.84615e-05,165,56,0,180
3041,5.33997,36.9146,1,3.84615e-05,35,83,0,180
3042,56.7794,-3.24321,1,3.84615e-05,179,138,0,180
3043,7.0123,38.3522,1,3.84615e-05,119,91,0,180
3044,-17.9161,14.5239,1,3.84615e-05,130,187,0,180
3045,61.2657,26.5493,1,3.84615e-05,48,178,0,180
3046,10.7585,105.75,1,3.84615e-05,87,26,0,180
3047,62.0034,50.1833,1,3.84615e-05,101,101,0,180
3048,-33.7057,120.287,1,3.84615e-05,57,40,0,180
3049,16.3131,8.57745,1,3.84615e-05,113,170,0,180
3050,19.301,80.834,1,3.84615e-05,-1,-1,0,180
3051,1.35306,39.5812,1,3.84615e-05,107,193,0,180
3052,-20.5993,-52.9075,1,3.84615e-05,133,156,0,180
3053,41.0827,76.2142,1,3.84615e-05,-1,-1,0,180
3054,15.0005,12.7406,1,3.84615e-05,-1,-1,0,180
3055,-85.6009,162.686,1,3.84615e-05,163,122,0,180
3056,49.8359,64.1754,1,3.84615e-05,122,162,0,180
3057,36.4945,45.7604,1,3.84615e-05,-1,-1,0,180
3058,55.686,-103.498,1,3.84615e-05,44,61,0,180
3059,68.9817,-50.0962,1,3.84615e-05,62,127,0,180
3060,-3.22692,103.452,1,3.84615e-05,65,28,0,180
3061,-25.8731,117.451,1,3.84615e-05,120,33,0,180
3062,32.7824,-5.34142,1,3.84615e-05,160,89,0,180
3063,59.8713,133.944,1,3.84615e-05,102,149,0,180
3064,61.7627,97.4456,1,3.84615e-05,172,30,0,180
3065,36.8219,65.0534,1,3.84615e-05,1,164,0,180
3066,33.6715,101.665,1,3.84615e-05,167,157,0,180
3067,-1.71126,-46.728,1,3.84615e-05,-1,-1,0,180
3068,-79.5719,-10.9957,1,3.84615e-05,2,22,0,180
3069,4.0067,40.633,1,3.84615e-05,45,82,0,180
3070,10.2767,4.02039,1,3.84615e-05,1,151,0,180
3071,38.9637,95.3835,1,3.84615e-05,155,158,0,180
3072,25.9976,78.0942,1,3.84615e-05,156,132,0,180
3073,-20.0557,128.752,1,3.84615e-05,148,54,0,180
3074,61.5635,-143.59,1,3.84615e-05,124,73,0,180
3075,45.7011,-112.306,1,3.84615e-05,2,65,0,180
3076,19.3813,54.1574,1,3.84615e-05,122,100,0,180
3077,21.2163,25.2101,1,3.84615e-05,114,91,0,180
3078,-24.529,146.956,1,3.84615e-05,130,69,0,180
3079,-23.3893,117.546,1,3.84615e-05,108,45,0,180
3080,48.4074,29.7178,1,3.84615e-05,27,110,0,180
3081,-84.6458,-75.4059,1,3.84615e-05,1,129,0,180
3082,11.6893,122.8,1,3.84615e-05,2,25,0,180
3083,44.1277,-103.806,1,3.84615e-05,175,92,0,180
3084,64.8705,-109.845,1,3.84615e-05,128,73,0,180
3085,2.85278,98.8742,1,3.84615e-05,114,23,0,180
3086,0.368614,-75.1777,1,3.84615e-05,156,35,0,180
3087,33.2217,118.804,1,3.84615e-05,2,138,0,180
3088,31.9256,14.0794,1,3.84615e-05,170,166,0,180
3089,-85.3106,-52.1111,1,3.84615e-05,112,32,0,180
3090,30.857,10.6255,1,3.84615e-05,74,88,0,180
3091,54.1823,75.224,1,3.84615e-05,47,188,0,180
3092,-77.5391,-80.7822,1,3.84615e-05,52,124,0,180
3093,15.9635,26.3867,1,3.84615e-05,51,81,0,180
3094,-12.6241,29.5635,1,3.84615e-05,152,198,0,180
3095,19.5029,42.9006,1,3.84615e-05,173,116,0,180
3096,22.4246,23.5995,1,3.84615e-05,15,77,0,180
3097,58.9988,8.04094,1,3.84615e-05,124,170,0,180
3098,51.8496,136.537,1,3.84615e-05,175,14,0,180
3099,-68.6147,99.3281,1,3.84615e-05,3,105,0,180
3100,69.5075,159.934,1,3.84615e-05,175,176,0,180
3101,20.7998,53.0025,1,3.84615e-05,-1,-1,0,180
3102,-22.206,29.8308,1,3.84615e-05,24,188,0,180
3103,-11.0941,39.8242,1,3.84615e-05,178,105,0,180
3104,15.298,32.847,1,3.84615e-05,1,163,0,180
3105,18.6181,-13.2682,1,3.84615e-05,45,63,0,180
3106,29.2247,116.981,1,3.84615e-05,140,150,0,180
3107,55.3184,-118.69,1,3.84615e-05,62,56,0,180
3108,61.2926,-119.11,1,3.84615e-05,179,85,0,180
3109,32.2409,41.6547,1,3.84615e-05,160,117,0,180
3110,40.872,109.997,1,3.84615e-05,52,120,0,180
3111,-71.5649,-7.6136,1,3.84615e-05,86,193,0,180
3112,14.0956,-85.4406,1,3.84615e-05,100,110,0,180
3113,30.5099,-92.9623,1,3.84615e-05,147,127,0,180
3114,52.2076,38.0272,1,3.84615e-05,-1,-1,0,180
3115,53.9584,89.5034,1,3.84615e-05,98,6,0,180
3116,-9.60519,-58.5171,1,3.84615e-05,175,152,0,180
3117,-3.20612,-39.7325,1,3.84615e-05,12,133,0,180
3118,60.0357,-126.438,1,3.84615e-05,135,72,0,180
3119,72.2181,96.569,1,3.84615e-05,176,141,0,180
3120,39.2223,92.4957,1,3.84615e-05,-1,-1,0,180
3121,-14.9389,-44.0588,1,3.84615e-05,-1,-1,0,180
3122,-34.9848,116.449,1,3.84615e-05,2,95,0,180
3123,30.8558,-108.901,1,3.84615e-05,153,94,0,180
3124,14.1457,-2.1299,1,3.84615e-05,102,78,0,180
3125,-1.37622,29.5015,1,3.84615e-05,87,182,0,180
3126,-0.683273,17.9955,1,3.84615e-05,141,82,0,180
3127,5.14867,23.9167,1,3.84615e-05,-1,-1,0,180
3128,7.47877,-5.33232,1,3.84615e-05,102,162,0,180
3129,37.4737,57.5417,1,3.84615e-05,-1,-1,0,180
3130,56.5024,130.707,1,3.84615e-05,83,141,0,180
3131,-21.8207,115.285,1,3.84615e-05,88,47,0,180
3132,52.2473,98.788,1,3.84615e-05,-1,-1,0,180
3133,63.4665,61.143,1,3.84615e-05,-1,-1,0,180
3134,-0.632233,34.095,1,3.84615e-05,-1,-1,0,180
3135,61.5137,14.8394,1,3.84615e-05,57,177,0,180
3136,42.6816,80.5792,1,3.84615e-05,-1,-1,0,180
3137,7.49008,15.6764,1,3.84615e-05,174,95,0,180
3138,-13.6664,13.6083,1,3.84615e-05,67,62,0,180
3139,54.1819,40.422,1,3.84615e-05,-1,-1,0,180
3140,-27.5496,29.9132,1,3.84615e-05,24,178,0,180
3141,-15.3284,39.304,1,3.84615e-05,-1,-1,0,180
3142,-12.3911,-74.1338,1,3.84615e-05,131,38,0,180
3143,64.6341,-145.757,1,3.84615e-05,12,196,0,180
3144,-78.5872,117.767,1,3.84615e-05,-1,-1,0,180
3145,37.0356,93.7085,1,3.84615e-05,-1,-1,0,180
3146,36.116,-96.8999,1,3.84615e-05,169,125,0,180
3147,67.3259,54.7935,1,3.84615e-05,80,103,0,180
3148,-37.2172,-61.1089,1,3.84615e-05,103,160,0,180
3149,41.187,-106.462,1,3.84615e-05,165,93,0,180
3150,24.1776,-106.321,1,3.84615e-05,62,93,0,180
3151,40.752,55.3703,1,3.84615e-05,171,8,0,180
3152,34.6708,89.2938,1,3.84615e-05,174,156,0,180
3153,64.8006,116.184,1,3.84615e-05,161,187,0,180
3154,40.1332,106.576,1,3.84615e-05,150,160,0,180
3155,19.8653,-0.796646,1,3.84615e-05,173,88,0,180
3156,65.99,74.2401,1,3.84615e-05,122,122,0,180
3157,45.0504,128.607,1,3.84615e-05,64,169,0,180
3158,14.1169,74.3826,1,3.84615e-05,77,7,0,180
3159,-29.5855,-51.165,1,3.84615e-05,52,154,0,180
3160,48.3302,-80.2756,1,3.84615e-05,171,32,0,180
3161,65.715,-149.673,1,3.84615e-05,122,5,0,180
3162,30.083,7.59679,1,3.84615e-05,138,98,0,180
3163,26.4889,11.5041,1,3.84615e-05,115,84,0,180
3164,66.8754,141.979,1,3.84615e-05,52,144,0,180
3165,-2.35635,113.583,1,3.84615e-05,126,33,0,180
3166,-18.1781,-69.866,1,3.84615e-05,180,151,0,180
3167,62.3082,69.4274,1,3.84615e-05,-1,-1,0,180
3168,59.4403,162.731,1,3.84615e-05,179,176,0,180
3169,41.0202,23.649,1,3.84615e-05,1,92,0,180
3170,-5.03195,-51.3942,1,3.84615e-05,167,153,0,180
3171,46.0441,78.7993,1,3.84615e-05,166,128,0,180
3172,-76.9643,78.3881,1,3.84615e-05,129,102,0,180
3173,19.0423,20.0848,1,3.84615e-05,179,183,0,180
3174,13.2501,105.205,1,3.84615e-05,93,139,0,180
3175,30.2151,-85.6795,1,3.84615e-05,132,117,0,180
3176,56.7345,36.9981,1,3.84615e-05,5,136,0,180
3177,-29.2785,136.475,1,3.84615e-05,43,31,0,180
3178,16.0238,21.7045,1,3.84615e-05,6,78,0,180
3179,-28.7505,140.182,1,3.84615e-05,119,138,0,180
3180,20.4489,-75.0909,1,3.84615e-05,166,44,0,180
3181,37.1229,91.9761,1,3.84615e-05,120,123,0,180
3182,36.5817,74.7984,1,3.84615e-05,164,131,0,180
3183,-1.88284,9.28835,1,3.84615e-05,33,169,0,180
3184,54.3529,-106.28,1,3.84615e-05,141,89,0,180
3185,26.8596,-3.01826,1,3.84615e-05,5,67,0,180
3186,-17.0401,-55.7642,1,3.84615e-05,164,153,0,180
3187,-70.5017,78.5729,1,3.84615e-05,32,102,0,180
3188,-2.89552,24.2634,1,3.84615e-05,123,84,0,180
3189,54.1914,29.9564,1,3.84615e-05,37,119,0,180
3190,-3.15968,134.153,1,3.84615e-05,22,137,0,180
3191,20.3873,101.398,1,3.84615e-05,152,31,0,180
3192,-27.8906,131.623,1,3.84615e-05,107,58,0,180
3193,50.6923,74.729,1,3.84615e-05,74,167,0,180
3194,22.8127,30.6844,1,3.84615e-05,52,168,0,180
3195,59.9003,77.9462,1,3.84615e-05,45,107,0,180
3196,0.16478,39.5079,1,3.84615e-05,136,190,0,180
3197,26.9473,88.4029,1,3.84615e-05,6,102,0,180
3198,-85.5392,-144.579,1,3.84615e-05,171,108,0,180
3199,-1.11836,114.128,1,3.84615e-05,54,121,0,180
3200,-26.1528,147.068,1,3.84615e-05,120,60,0,180
3201,6.99943,48.974,1,3.84615e-05,152,9,0,180
3202,36.3094,139.422,1,3.84615e-05,13,36,0,180
3203,-82.3885,25.025,1,3.84615e-05,156,26,0,180
3204,-17.4688,143.364,1,3.84615e-05,161,66,0,180
3205,-16.5559,15.8915,1,3.84615e-05,-1,-1,0,180
3206,-76.6308,95.4915,1,3.84615e-05,-1,-1,0,180
3207,60.6481,-143.434,1,3.84615e-05,15,173,0,180
3208,70.9673,-109.353,1,3.84615e-05,132,24,0,180
3209,11.9964,-69.909,1,3.84615e-05,150,46,0,180
3210,-73.4099,-7.20956,1,3.84615e-05,59,6,0,180
3211,-12.6497,-65.1142,1,3.84615e-05,92,32,0,180
3212,-4.3654,-59.3736,1,3.84615e-05,1,20,0,180
3213,44.193,117.387,1,3.84615e-05,2,125,0,180
3214,18.796,99.2478,1,3.84615e-05,180,38,0,180
3215,18.2124,-97.4809,1,3.84615e-05,2,99,0,180
3216,71.7048,125.317,1,3.84615e-05,-1,-1,0,180
3217,-18.447,143.062,1,3.84615e-05,92,50,0,180
3218,38.6554,-86.9041,1,3.84615e-05,160,126,0,180
3219,55.1314,-70.1052,1,3.84615e-05,160,33,0,180
3220,36.6583,115.473,1,3.84615e-05,-1,-1,0,180
3221,33.7348,-116.808,1,3.84615e-05,107,108,0,180
3222,52.3551,-109.08,1,3.84615e-05,175,20,0,180
3223,-20.3568,143.53,1,3.84615e-05,91,50,0,180
3224,26.9262,94.1844,1,3.84615e-05,173,13,0,180
3225,24.8944,70.6284,1,3.84615e-05,73,105,0,180
3226,-81.6429,-92.2414,1,3.84615e-05,73,36,0,180
3227,-69.1739,135.862,1,3.84615e-05,43,30,0,180
3228,34.7787,94.2593,1,3.84615e-05,-1,-1,0,180
3229,-22.7485,126.098,1,3.84615e-05,137,55,0,180
3230,-2.79329,-58.9077,1,3.84615e-05,175,44,0,180
3231,-35.8044,-58.5239,1,3.84615e-05,127,142,0,180
3232,-3.73775,31.1138,1,3.84615e-05,-1,-1,0,180
3233,18.9811,21.0845,1,3.84615e-05,170,184,0,180
3234,35.1866,68.9281,1,3.84615e-05,143,133,0,180
3235,-4.69749,-54.5451,1,3.84615e-05,72,34,0,180
3236,-1.83163,39.4023,1,3.84615e-05,179,6,0,180
3237,40.4203,111.476,1,3.84615e-05,102,165,0,180
3238,-29.5129,23.1061,1,3.84615e-05,22,54,0,180
3239,41.623,-89.2479,1,3.84615e-05,177,92,0,180
3240,3.8191,19.5842,1,3.84615e-05,131,83,0,180
3241,26.2402,-7.45572,1,3.84615e-05,138,74,0,180
3242,-32.9522,-61.8049,1,3.84615e-05,1,133,0,180
3243,54.3629,91.4561,1,3.84615e-05,-1,-1,0,180
3244,40.1572,44.748,1,3.84615e-05,-1,-1,0,180
3245,28.2057,-108.431,1,3.84615e-05,9,13,0,180
3246,33.721,118.779,1,3.84615e-05,2,138,0,180
3247,-73.6167,139.292,1,3.84615e-05,177,145,0,180
3248,38.6883,104.331,1,3.84615e-05,42,121,0,180
3249,-9.43853,-37.3477,1,3.84615e-05,178,57,0,180
3250,-78.9206,8.26709,1,3.84615e-05,163,172,0,180
3251,4.1013,29.6953,1,3.84615e-05,-1,-1,0,180
3252,37.6504,121.363,1,3.84615e-05,154,160,0,180
3253,63.7722,135.795,1,3.84615e-05,-1,-1,0,180
3254,66.928,122.675,1,3.84615e-05,138,145,0,180
3255,53.251,71.7403,1,3.84615e-05,-1,-1,0,180
3256,-17.379,139.868,1,3.84615e-05,180,64,0,180
3257,33.9276,-96.1844,1,3.84615e-05,158,126,0,180
3258,23.1865,30.0504,1,3.84615e-05,-1,-1,0,180
3259,-9.57925,23.4637,1,3.84615e-05,-1,-1,0,180
3260,-19.9276,-41.9969,1,3.84615e-05,64,149,0,180
3261,39.9187,117.683,1,3.84615e-05,175,142,0,180
3262,52.3131,44.9173,1,3.84615e-05,-1,-1,0,180
3263,-11.7217,-56.2098,1,3.84615e-05,2,20,0,180
3264,-3.40568,35.872,1,3.84615e-05,-1,-1,0,180
3265,-67.2264,126.471,1,3.84615e-05,32,125,0,180
3266,34.161,119.247,1,3.84615e-05,138,146,0,180
3267,-69.7485,41.8765,1,3.84615e-05,165,108,0,180
3268,32.4704,45.4532,1,3.84615e-05,102,113,0,180
3269,68.3605,-46.6565,1,3.84615e-05,107,147,0,180
3270,22.2459,44.0111,1,3.84615e-05,162,117,0,180
3271,-28.7342,-67.0827,1,3.84615e-05,149,154,0,180
3272,76.7986,-79.3653,1,3.84615e-05,-1,-1,0,180
3273,-9.8381,-46.4653,1,3.84615e-05,148,47,0,180
3274,39.5278,45.6964,1,3.84615e-05,-1,-1,0,180
3275,-6.62624,-38.0208,1,3.84615e-05,146,50,0,180
3276,33.302,69.1728,1,3.84615e-05,52,107,0,180
3277,45.2441,-82.9115,1,3.84615e-05,1,40,0,180
3278,34.6543,84.1568,1,3.84615e-05,170,28,0,180
3279,14.9922,33.5553,1,3.84615e-05,66,96,0,180
3280,25.0358,10.562,1,3.84615e-05,-1,-1,0,180
3281,-70.4969,50.0676,1,3.84615e-05,155,109,0,180
3282,26.8039,-0.894577,1,3.84615e-05,167,95,0,180
3283,37.8582,80.9801,1,3.84615e-05,32,192,0,180
3284,46.773,100.479,1,3.84615e-05,149,160,0,180
3285,29.9729,54.4443,1,3.84615e-05,178,7,0,180
3286,66.0279,36.9932,1,3.84615e-05,30,170,0,180
3287,-34.0826,-63.007,1,3.84615e-05,133,167,0,180
3288,71.4666,55.6203,1,3.84615e-05,159,128,0,180
3289,31.4929,-116.365,1,3.84615e-05,47,88,0,180
3290,30.7558,55.501,1,3.84615e-05,-1,-1,0,180
3291,40.1835,-116.45,1,3.84615e-05,52,3,0,180
3292,-37.6654,-67.861,1,3.84615e-05,112,169,0,180
3293,44.248,-77.3041,1,3.84615e-05,-1,-1,0,180
3294,37.9833,34.4339,1,3.84615e-05,-1,-1,0,180
3295,36.8353,9.88887,1,3.84615e-05,-1,-1,0,180
3296,-23.2143,-63.7026,1,3.84615e-05,179,147,0,180
3297,-32.4026,-60.6438,1,3.84615e-05,158,149,0,180
3298,-23.8053,-59.6999,1,3.84615e-05,142,155,0,180
3299,72.4417,103.103,1,3.84615e-05,-1,-1,0,180
3300,10.3826,-74.9776,1,3.84615e-05,52,115,0,180
3301,28.6589,47.4892,1,3.84615e-05,-1,-1,0,180
3302,28.5676,85.9117,1,3.84615e-05,1,114,0,180
3303,35.2373,-83.7947,1,3.84615e-05,170,56,0,180
3304,44.4844,110.029,1,3.84615e-05,-1,-1,0,180
3305,0.976334,27.8147,1,3.84615e-05,-1,-1,0,180
3306,64.3176,-110.17,1,3.84615e-05,128,73,0,180
3307,30.1204,99.8213,1,3.84615e-05,173,39,0,180
3308,76.8076,-57.2541,1,3.84615e-05,73,126,0,180
3309,-5.61105,-48.752,1,3.84615e-05,148,155,0,180
3310,67.5842,37.1354,1,3.84615e-05,11,172,0,180
3311,43.1587,94.322,1,3.84615e-05,172,28,0,180
3312,-73.6519,-65.3346,1,3.84615e-05,23,31,0,180
3313,-23.9597,118.511,1,3.84615e-05,12,23,0,180
3314,-10.6801,-70.3862,1,3.84615e-05,121,39,0,180
3315,-24.7657,-48.3635,1,3.84615e-05,178,163,0,180
3316,66.4216,-146.15,1,3.84615e-05,103,7,0,180
3317,-21.4537,-56.6493,1,3.84615e-05,153,154,0,180
3318,62.642,-134.319,1,3.84615e-05,174,78,0,180
3319,50.795,35.4022,1,3.84615e-05,-1,-1,0,180
3320,54.5833,70.1407,1,3.84615e-05,1,137,0,180
3321,42.3441,-3.40904,1,3.84615e-05,129,82,0,180
3322,-77.7271,20.6353,1,3.84615e-05,166,25,0,180
3323,37.1986,-84.2222,1,3.84615e-05,179,55,0,180
3324,-76.2163,146.259,1,3.84615e-05,52,148,0,180
3325,-5.65656,104.651,1,3.84615e-05,144,31,0,180
3326,1.23008,13.2226,1,3.84615e-05,99,171,0,180
3327,-3.71919,-59.6228,1,3.84615e-05,14,120,0,180
3328,-71.4866,86.86,1,3.84615e-05,42,77,0,180
3329,46.4491,-79.5289,1,3.84615e-05,42,46,0,180
3330,47.5489,23.8962,1,3.84615e-05,22,134,0,180
3331,46.7949,50.3235,1,3.84615e-05,-1,-1,0,180
3332,29.0266,59.8945,1,3.84615e-05,96,195,0,180
3333,36.4276,102.182,1,3.84615e-05,62,129,0,180
3334,68.9342,-71.4839,1,3.84615e-05,25,74,0,180
3335,36.0428,-81.4213,1,3.84615e-05,122,48,0,180
3336,27.3858,85.5263,1,3.84615e-05,168,28,0,180
3337,-4.51603,33.1124,1,3.84615e-05,2,79,0,180
3338,-33.3565,139.689,1,3.84615e-05,97,62,0,180
3339,7.40191,0.879181,1,3.84615e-05,134,75,0,180
3340,40.4852,100.196,1,3.84615e-05,177,13,0,180
3341,0.546692,117.612,1,3.84615e-05,-1,-1,0,180
3342,24.8258,28.4748,1,3.84615e-05,72,166,0,180
3343,36.6536,-89.1337,1,3.84615e-05,178,55,0,180
3344,29.2122,86.3838,1,3.84615e-05,159,29,0,180
3345,-8.8657,-70.42,1,3.84615e-05,85,135,0,180
3346,0.466003,29.0891,1,3.84615e-05,-1,-1,0,180
3347,-68.307,84.6432,1,3.84615e-05,59,109,0,180
3348,32.4683,97.3087,1,3.84615e-05,174,39,0,180
3349,-32.5229,-61.5274,1,3.84615e-05,144,166,0,180
3350,-16.1113,145.746,1,3.84615e-05,175,158,0,180
3351,51.154,-83.2118,1,3.84615e-05,-1,-1,0,180
3352,-76.751,-98.3309,1,3.84615e-05,22,127,0,180
3353,60.0447,94.6122,1,3.84615e-05,176,28,0,180
3354,-76.1809,99.7226,1,3.84615e-05,24,103,0,180
3355,-80.8035,-22.8808,1,3.84615e-05,164,25,0,180
3356,13.6189,7.11426,1,3.84615e-05,147,81,0,180
3357,5.60465,34.401,1,3.84615e-05,167,197,0,180
3358,67.3018,66.6393,1,3.84615e-05,23,109,0,180
3359,-18.5793,-49.0726,1,3.84615e-05,169,164,0,180
3360,16.4154,51.6089,1,3.84615e-05,-1,-1,0,180
3361,-5.01457,32.9397,1,3.84615e-05,2,79,0,180
3362,37.2492,-101.699,1,3.84615e-05,1,83,0,180
3363,60.4266,151.435,1,3.84615e-05,28,181,0,180
3364,26.6337,-12.3275,1,3.84615e-05,180,153,0,180
3365,15.9695,2.75456,1,3.84615e-05,52,156,0,180
3366,20.4547,8.7229,1,3.84615e-05,180,94,0,180
3367,69.7082,151.477,1,3.84615e-05,22,147,0,180
3368,-12.9657,-54.3377,1,3.84615e-05,-1,-1,0,180
3369,6.21843,20.7722,1,3.84615e-05,176,95,0,180
3370,-78.5144,-101.915,1,3.84615e-05,174,146,0,180
3371,43.6061,-85.4807,1,3.84615e-05,-1,-1,0,180
3372,13.5909,41.4728,1,3.84615e-05,83,183,0,180
3373,-6.8715,-47.0383,1,3.84615e-05,168,153,0,180
3374,-27.4571,-61.6629,1,3.84615e-05,175,163,0,180
3375,35.245,91.9915,1,3.84615e-05,160,29,0,180
3376,43.5673,22.1071,1,3.84615e-05,179,154,0,180
3377,-15.7326,-63.6912,1,3.84615e-05,173,152,0,180
3378,-73.5771,73.9111,1,3.84615e-05,112,21,0,180
3379,-23.7874,145.036,1,3.84615e-05,150,67,0,180
3380,17.3064,-0.993515,1,3.84615e-05,155,167,0,180
3381,0.346245,41.8804,1,3.84615e-05,-1,-1,0,180
3382,-15.3448,-71.6768,1,3.84615e-05,103,133,0,180
3383,53.2677,123.268,1,3.84615e-05,143,145,0,180
3384,40.4983,86.2042,1,3.84615e-05,102,153,0,180
3385,-28.4593,26.1541,1,3.84615e-05,118,191,0,180
3386,35.8785,-77.5647,1,3.84615e-05,175,32,0,180
3387,47.5789,67.2226,1,3.84615e-05,-1,-1,0,180
3388,-32.8705,-61.0411,1,3.84615e-05,1,133,0,180
3389,-12.5664,131.829,1,3.84615e-05,161,53,0,180
3390,16.4028,12.0324,1,3.84615e-05,97,163,0,180
3391,69.6189,-141.359,1,3.84615e-05,4,7,0,180
3392,27.9118,-81.5217,1,3.84615e-05,96,29,0,180
3393,-28.254,146.001,1,3.84615e-05,99,62,0,180
3394,24.5733,-111.209,1,3.84615e-05,7,82,0,180
3395,61.5312,135.406,1,3.84615e-05,-1,-1,0,180
3396,-69.6888,146.327,1,3.84615e-05,52,39,0,180
3397,25.9861,38.8283,1,3.84615e-05,-1,-1,0,180
3398,-77.8441,17.2356,1,3.84615e-05,157,26,0,180
3399,44.5337,80.765,1,3.84615e-05,171,156,0,180
3400,16.3814,6.63766,1,3.84615e-05,171,95,0,180
3401,32.3732,-82.1005,1,3.84615e-05,176,32,0,180
3402,60.7243,-123.198,1,3.84615e-05,163,103,0,180
3403,15.836,-16.8757,1,3.84615e-05,25,52,0,180
3404,36.2545,-115.019,1,3.84615e-05,118,107,0,180
3405,-67.0504,125.557,1,3.84615e-05,32,125,0,180
3406,37.2362,128.845,1,3.84615e-05,42,17,0,180
3407,53.6859,107.302,1,3.84615e-05,1,6,0,180
3408,7.88934,-80.9142,1,3.84615e-05,101,29,0,180
3409,-70.3123,135.196,1,3.84615e-05,62,122,0,180
3410,-24.7054,45.1768,1,3.84615e-05,124,16,0,180
3411,-21.3861,-64.7552,1,3.84615e-05,43,139,0,180
3412,-9.18301,-63.9147,1,3.84615e-05,12,120,0,180
3413,14.5774,13.6446,1,3.84615e-05,173,95,0,180
3414,18.5081,-69.9034,1,3.84615e-05,52,24,0,180
3415,58.243,27.4798,1,3.84615e-05,37,179,0,180
3416,15.3813,100.317,1,3.84615e-05,132,135,0,180
3417,-1.56364,30.4962,1,3.84615e-05,165,197,0,180
3418,-42.5094,171.185,1,3.84615e-05,16,139,0,180
3419,24.3858,4.72531,1,3.84615e-05,124,83,0,180
3420,22.9684,59.8819,1,3.84615e-05,147,0,0,180
3421,-70.4857,116.648,1,3.84615e-05,139,124,0,180
3422,53.3903,28.7561,1,3.84615e-05,93,137,0,180
3423,37.0003,-82.7279,1,3.84615e-05,164,114,0,180
3424,11.2203,-4.91658,1,3.84615e-05,38,64,0,180
3425,35.2435,107.603,1,3.84615e-05,172,168,0,180
3426,-78.0214,64.0853,1,3.84615e-05,158,109,0,180
3427,-21.0614,21.3439,1,3.84615e-05,157,81,0,180
3428,66.0896,25.484,1,3.84615e-05,59,177,0,180
3429,23.7229,88.4771,1,3.84615e-05,2,114,0,180
3430,27.0859,43.4877,1,3.84615e-05,171,116,0,180
3431,1.72,101.901,1,3.84615e-05,166,39,0,180
3432,38.903,69.465,1,3.84615e-05,2,164,0,180
3433,72.1728,-84.8346,1,3.84615e-05,53,71,0,180
3434,44.8549,23.9158,1,3.84615e-05,106,112,0,180
3435,-73.2167,136.907,1,3.84615e-05,-1,-1,0,180
3436,53.9616,104.646,1,3.84615e-05,180,141,0,180
3437,-32.4276,138.903,1,3.84615e-05,57,53,0,180
3438,17.1649,100.485,1,3.84615e-05,103,10,0,180
3439,39.0021,62.5676,1,3.84615e-05,-1,-1,0,180
3440,-3.91019,-54.5124,1,3.84615e-05,-1,-1,0,180
3441,39.1938,88.9337,1,3.84615e-05,2,102,0,180
3442,39.7319,26.9753,1,3.84615e-05,150,157,0,180
3443,-85.4561,-122.814,1,3.84615e-05,174,121,0,180
3444,21.6869,44.3571,1,3.84615e-05,-1,-1,0,180
3445,74.9007,-25.8803,1,3.84615e-05,23,146,0,180
3446,53.1609,-113.347,1,3.84615e-05,22,50,0,180
3447,24.0663,16.9533,1,3.84615e-05,92,93,0,180
3448,-9.80078,-46.8344,1,3.84615e-05,148,47,0,180
3449,7.70105,-67.1707,1,3.84615e-05,180,43,0,180
3450,27.2686,60.7293,1,3.84615e-05,148,0,0,180
3451,27.3801,78.8069,1,3.84615e-05,52,0,0,180
3452,-76.9325,-106.163,1,3.84615e-05,167,122,0,180
3453,31.4101,64.4761,1,3.84615e-05,2,182,0,180
3454,9.78267,35.5638,1,3.84615e-05,34,83,0,180
3455,59.8798,17.6542,1,3.84615e-05,95,173,0,180
3456,8.37878,25.0768,1,3.84615e-05,8,78,0,180
3457,56.3878,-115.628,1,3.84615e-05,72,68,0,180
3458,15.0105,105.955,1,3.84615e-05,89,26,0,180
3459,33.7468,112.663,1,3.84615e-05,166,143,0,180
3460,65.9588,91.4639,1,3.84615e-05,170,9,0,180
3461,36.6285,36.8949,1,3.84615e-05,42,158,0,180
3462,27.7969,38.476,1,3.84615e-05,-1,-1,0,180
3463,33.6234,-90.6949,1,3.84615e-05,139,128,0,180
3464,-0.440018,-53.506,1,3.84615e-05,147,141,0,180
3465,0.191833,-72.1958,1,3.84615e-05,157,138,0,180
3466,62.2624,-100.255,1,3.84615e-05,153,88,0,180
3467,33.9526,69.1794,1,3.84615e-05,52,107,0,180
3468,-6.56108,-41.7952,1,3.84615e-05,156,59,0,180
3469,-21.1916,-42.8205,1,3.84615e-05,171,45,0,180
3470,55.5157,158.794,1,3.84615e-05,137,180,0,180
3471,50.1554,36.2472,1,3.84615e-05,-1,-1,0,180
3472,9.54412,41.8815,1,3.84615e-05,63,185,0,180
3473,7.28625,-0.903198,1,3.84615e-05,59,62,0,180
3474,-34.6533,-69.6048,1,3.84615e-05,128,156,0,180
3475,31.7292,-109.051,1,3.84615e-05,171,21,0,180
3476,8.26341,24.6237,1,3.84615e-05,8,78,0,180
3477,18.0424,-1.8362,1,3.84615e-05,165,166,0,180
3478,-22.5208,140.11,1,3.84615e-05,90,50,0,180
3479,-21.4188,47.3408,1,3.84615e-05,43,199,0,180
3480,74.4337,88.6903,1,3.84615e-05,3,124,0,180
3481,57.2867,46.1224,1,3.84615e-05,-1,-1,0,180
3482,40.216,60.5645,1,3.84615e-05,-1,-1,0,180
3483,-18.9979,-44.8115,1,3.84615e-05,-1,-1,0,180
3484,44.4817,43.6644,1,3.84615e-05,-1,-1,0,180
3485,24.3438,-2.21068,1,3.84615e-05,-1,-1,0,180
3486,-78.864,26.1379,1,3.84615e-05,106,178,0,180
3487,23.0686,32.3588,1,3.84615e-05,-1,-1,0,180
3488,52.8671,95.4003,1,3.84615e-05,175,28,0,180
3489,5.53384,30.0363,1,3.84615e-05,177,196,0,180
3490,58.371,46.7033,1,3.84615e-05,121,109,0,180
3491,53.7696,50.8412,1,3.84615e-05,137,133,0,180
3492,47.3098,134.517,1,3.84615e-05,22,24,0,180
3493,31.2067,45.1285,1,3.84615e-05,-1,-1,0,180
3494,-12.3632,-52.638,1,3.84615e-05,167,45,0,180
3495,-31.8543,29.3208,1,3.84615e-05,2,180,0,180
3496,26.6285,-2.97493,1,3.84615e-05,-1,-1,0,180
3497,14.9044,21.2604,1,3.84615e-05,154,97,0,180
3498,-73.9168,-88.3663,1,3.84615e-05,118,31,0,180
3499,-72.0819,-61.9867,1,3.84615e-05,33,30,0,180
3500,-1.18942,-58.6663,1,3.84615e-05,174,44,0,180
3501,63.5522,-102.678,1,3.84615e-05,172,86,0,180
3502,-84.2502,125.551,1,3.84615e-05,180,35,0,180
3503,23.2026,29.3258,1,3.84615e-05,132,188,0,180
3504,-81.483,100.364,1,3.84615e-05,-1,-1,0,180
3505,48.4585,118.792,1,3.84615e-05,62,169,0,180
3506,58.3691,-110.572,1,3.84615e-05,122,63,0,180
3507,43.537,-107.089,1,3.84615e-05,-1,-1,0,180
3508,-9.6668,-44.1399,1,3.84615e-05,139,48,0,180
3509,-2.85223,33.7192,1,3.84615e-05,155,198,0,180
3510,68.7811,-122.921,1,3.84615e-05,-1,-1,0,180
3511,-30.1599,-63.9032,1,3.84615e-05,140,155,0,180
3512,24.3477,-98.7033,1,3.84615e-05,54,94,0,180
3513,61.7861,27.3182,1,3.84615e-05,39,179,0,180
3514,33.8289,44.8737,1,3.84615e-05,-1,-1,0,180
3515,17.4086,80.3372,1,3.84615e-05,31,111,0,180
3516,36.9734,6.79605,1,3.84615e-05,128,179,0,180
3517,-23.2581,18.0802,1,3.84615e-05,114,78,0,180
3518,30.9335,77.2384,1,3.84615e-05,-1,-1,0,180
3519,61.6258,-95.2396,1,3.84615e-05,12,75,0,180
3520,15.9621,99.6169,1,3.84615e-05,102,138,0,180
3521,44.468,59.1975,1,3.84615e-05,-1,-1,0,180
3522,-9.70175,124.911,1,3.84615e-05,92,47,0,180
3523,43.3074,93.4361,1,3.84615e-05,-1,-1,0,180
3524,17.1442,-97.2313,1,3.84615e-05,36,105,0,180
3525,35.9706,70.7077,1,3.84615e-05,-1,-1,0,180
3526,-29.399,123.713,1,3.84615e-05,85,50,0,180
3527,33.7745,59.3652,1,3.84615e-05,170,8,0,180
3528,59.589,59.5663,1,3.84615e-05,73,104,0,180
3529,2.91493,-58.0769,1,3.84615e-05,153,46,0,180
3530,27.692,42.8592,1,3.84615e-05,168,105,0,180
3531,38.5252,-2.14909,1,3.84615e-05,101,85,0,180
3532,2.33087,19.041,1,3.84615e-05,42,177,0,180
3533,-78.7271,-95.6089,1,3.84615e-05,158,37,0,180
3534,-7.08351,15.1638,1,3.84615e-05,78,173,0,180
3535,50.3168,78.5578,1,3.84615e-05,-1,-1,0,180
3536,53.4151,-0.225235,1,3.84615e-05,2,112,0,180
3537,-15.984,33.6134,1,3.84615e-05,112,192,0,180
3538,4.97883,-76.055,1,3.84615e-05,11,119,0,180
3539,25.7306,70.1113,1,3.84615e-05,77,116,0,180
3540,-2.58131,-47.8373,1,3.84615e-05,23,39,0,180
3541,-19.9096,33.1929,1,3.84615e-05,2,69,0,180
3542,57.6586,73.7572,1,3.84615e-05,-1,-1,0,180
3543,-10.0197,-72.9866,1,3.84615e-05,125,131,0,180
3544,-87.6759,-85.6443,1,3.84615e-05,142,174,0,180
3545,48.6028,18.6986,1,3.84615e-05,134,119,0,180
3546,-42.1949,172.446,1,3.84615e-05,24,94,0,180
3547,17.8465,120.531,1,3.84615e-05,13,24,0,180
3548,-5.85657,-38.7392,1,3.84615e-05,1,134,0,180
3549,-3.24759,-40.3125,1,3.84615e-05,12,133,0,180
3550,53.5151,54.2808,1,3.84615e-05,-1,-1,0,180
3551,49.8203,125.673,1,3.84615e-05,173,14,0,180
3552,64.4985,170.413,1,3.84615e-05,-1,-1,0,180
3553,67.7328,33.2634,1,3.84615e-05,147,106,0,180
3554,-23.3503,143.6,1,3.84615e-05,159,66,0,180
3555,18.6019,50.0555,1,3.84615e-05,161,106,0,180
3556,-16.9598,33.0752,1,3.84615e-05,132,190,0,180
3557,-77.9094,51.7887,1,3.84615e-05,1,179,0,180
3558,34.4823,119.032,1,3.84615e-05,138,146,0,180
3559,22.674,51.2429,1,3.84615e-05,157,9,0,180
3560,-11.1049,19.5622,1,3.84615e-05,-1,-1,0,180
3561,41.3661,-114.535,1,3.84615e-05,49,88,0,180
3562,9.201,-67.0211,1,3.84615e-05,178,148,0,180
3563,15.0763,-2.06494,1,3.84615e-05,160,175,0,180
3564,67.9952,148.68,1,3.84615e-05,153,191,0,180
3565,34.6715,136.208,1,3.84615e-05,3,37,0,180
3566,63.5418,-107.389,1,3.84615e-05,96,28,0,180
3567,67.1655,34.4708,1,3.84615e-05,21,171,0,180
3568,28.5619,8.8847,1,3.84615e-05,149,97,0,180
3569,48.0625,109.37,1,3.84615e-05,173,142,0,180
3570,50.823,79.6401,1,3.84615e-05,52,132,0,180
3571,48.51,100.724,1,3.84615e-05,155,20,0,180
3572,64.5664,-91.977,1,3.84615e-05,62,70,0,180
3573,6.93451,-74.1669,1,3.84615e-05,154,35,0,180
3574,-19.2501,136.572,1,3.84615e-05,114,140,0,180
3575,5.23245,6.64433,1,3.84615e-05,119,179,0,180
3576,-14.1732,27.1448,1,3.84615e-05,-1,-1,0,180
3577,-11.238,28.9377,1,3.84615e-05,-1,-1,0,180
3578,-7.50253,-78.6113,1,3.84615e-05,52,10,0,180
3579,11.9556,10.8747,1,3.84615e-05,2,151,0,180
3580,-78.3592,-128.584,1,3.84615e-05,157,123,0,180
3581,8.78348,99.9697,1,3.84615e-05,42,16,0,180
3582,53.3491,17.4525,1,3.84615e-05,2,136,0,180
3583,23.9759,54.2797,1,3.84615e-05,144,119,0,180
3584,-28.1684,-70.7479,1,3.84615e-05,139,155,0,180
3585,11.9198,-7.68201,1,3.84615e-05,153,167,0,180
3586,80.282,-23.4376,1,3.84615e-05,105,38,0,180
3587,7.30086,20.3486,1,3.84615e-05,57,73,0,180
3588,22.8414,89.678,1,3.84615e-05,147,20,0,180
3589,-77.0664,50.0521,1,3.84615e-05,2,179,0,180
3590,27.0014,12.6972,1,3.84615e-05,22,76,0,180
3591,-30.1295,136.549,1,3.84615e-05,1,46,0,180
3592,3.20047,-52.7513,1,3.84615e-05,135,48,0,180
3593,37.9938,-80.0364,1,3.84615e-05,73,43,0,180
3594,-8.33739,14.0415,1,3.84615e-05,163,80,0,180
3595,52.8838,-112.958,1,3.84615e-05,22,50,0,180
3596,69.6253,-124.602,1,3.84615e-05,-1,-1,0,180
3597,47.4864,69.3374,1,3.84615e-05,63,199,0,180
3598,-41.2015,145.985,1,3.84615e-05,2,35,0,180
3599,23.9596,55.2355,1,3.84615e-05,167,8,0,180
3600,56.9959,158.687,1,3.84615e-05,127,181,0,180
3601,66.4286,148.458,1,3.84615e-05,42,145,0,180
3602,45.367,40.8456,1,3.84615e-05,-1,-1,0,180
3603,64.789,156.313,1,3.84615e-05,68,187,0,180
3604,-32.7007,-55.8526,1,3.84615e-05,105,160,0,180
3605,-34.2857,141.393,1,3.84615e-05,37,55,0,180
3606,6.74142,14.7037,1,3.84615e-05,62,175,0,180
3607,17.5287,80.7576,1,3.84615e-05,31,111,0,180
3608,31.7822,46.1661,1,3.84615e-05,26,161,0,180
3609,45.0255,49.9854,1,3.84615e-05,-1,-1,0,180
3610,-30.3077,116.094,1,3.84615e-05,1,24,0,180
3611,60.7931,138.732,1,3.84615e-05,125,181,0,180
3612,8.96195,5.14371,1,3.84615e-05,114,77,0,180
3613,54.3394,59.4903,1,3.84615e-05,-1,-1,0,180
3614,-15.318,-49.4207,1,3.84615e-05,-1,-1,0,180
3615,48.056,105.83,1,3.84615e-05,121,35,0,180
3616,43.899,17.8533,1,3.84615e-05,82,174,0,180
3617,51.553,121.972,1,3.84615e-05,1,125,0,180
3618,6.14118,-10.8011,1,3.84615e-05,19,53,0,180
3619,65.4638,-46.1221,1,3.84615e-05,3,84,0,180
3620,56.6244,-63.1412,1,3.84615e-05,2,66,0,180
3621,-78.2973,157.29,1,3.84615e-05,148,173,0,180
3622,31.9636,-8.49219,1,3.84615e-05,5,135,0,180
3623,-4.38852,138.823,1,3.84615e-05,22,34,0,180
3624,30.9194,34.4847,1,3.84615e-05,-1,-1,0,180
3625,-9.33751,38.7231,1,3.84615e-05,88,88,0,180
3626,-5.89273,31.7032,1,3.84615e-05,32,76,0,180
3627,-10.6778,24.3487,1,3.84615e-05,42,75,0,180
3628,12.8687,3.10736,1,3.84615e-05,29,65,0,180
3629,65.7891,31.8825,1,3.84615e-05,167,104,0,180
3630,46.076,59.0555,1,3.84615e-05,163,9,0,180
3631,51.7648,97.281,1,3.84615e-05,1,183,0,180
3632,28.6169,24.655,1,3.84615e-05,32,99,0,180
3633,1.06252,-76.1026,1,3.84615e-05,167,137,0,180
3634,28.3035,-104.338,1,3.84615e-05,30,11,0,180
3635,72.6557,-22.7449,1,3.84615e-05,12,147,0,180
3636,20.7718,74.5657,1,3.84615e-05,178,12,0,180
3637,19.52,51.1228,1,3.84615e-05,175,7,0,180
3638,-23.0637,144.68,1,3.84615e-05,-1,-1,0,180
3639,53.8242,115.797,1,3.84615e-05,2,6,0,180
3640,46.4426,-72.3211,1,3.84615e-05,101,90,0,180
3641,47.0245,83.6869,1,3.84615e-05,62,157,0,180
3642,-30.2569,27.1308,1,3.84615e-05,137,199,0,180
3643,67.1826,58.9497,1,3.84615e-05,52,106,0,180
3644,45.0542,-74.5032,1,3.84615e-05,176,113,0,180
3645,-82.8974,12.7775,1,3.84615e-05,175,24,0,180
3646,7.12955,-72.413,1,3.84615e-05,178,136,0,180
3647,24.0425,-100.384,1,3.84615e-05,168,113,0,180
3648,-12.5816,-52.6914,1,3.84615e-05,167,45,0,180
3649,25.1421,115.122,1,3.84615e-05,-1,-1,0,180
3650,43.1589,72.8306,1,3.84615e-05,-1,-1,0,180
3651,46.2822,-75.7512,1,3.84615e-05,32,47,0,180
3652,59.2782,50.2804,1,3.84615e-05,112,100,0,180
3653,-4.52217,-63.0576,1,3.84615e-05,97,134,0,180
3654,37.512,-83.1431,1,3.84615e-05,-1,-1,0,180
3655,26.3496,39.8967,1,3.84615e-05,-1,-1,0,180
3656,2.98029,13.7356,1,3.84615e-05,165,184,0,180
3657,43.8793,62.3893,1,3.84615e-05,-1,-1,0,180
3658,43.3083,110.652,1,3.84615e-05,-1,-1,0,180
3659,-4.37709,23.6812,1,3.84615e-05,-1,-1,0,180
3660,-8.31425,34.8688,1,3.84615e-05,114,192,0,180
3661,66.8174,-90.2509,1,3.84615e-05,82,78,0,180
3662,32.4702,81.6314,1,3.84615e-05,33,109,0,180
3663,45.0157,27.351,1,3.84615e-05,145,118,0,180
3664,-74.211,3.08365,1,3.84615e-05,129,9,0,180
3665,17.7903,96.7606,1,3.84615e-05,1,5,0,180
3666,68.5391,123.609,1,3.84615e-05,12,195,0,180
3667,-71.4428,15.1185,1,3.84615e-05,22,0,0,180
3668,67.8746,36.5009,1,3.84615e-05,11,172,0,180
3669,46.9848,-111.592,1,3.84615e-05,2,52,0,180
3670,6.8664,4.49341,1,3.84615e-05,54,167,0,180
3671,-1.64092,-65.6647,1,3.84615e-05,-1,-1,0,180
3672,34.9605,-91.396,1,3.84615e-05,172,113,0,180
3673,-21.4352,22.0858,1,3.84615e-05,-1,-1,0,180
3674,54.8878,63.5709,1,3.84615e-05,113,194,0,180
3675,5.48314,-54.4996,1,3.84615e-05,103,41,0,180
3676,-30.7633,18.757,1,3.84615e-05,52,51,0,180
3677,31.2276,-112.524,1,3.84615e-05,171,92,0,180
3678,11.4585,5.39644,1,3.84615e-05,1,68,0,180
3679,23.2124,31.764,1,3.84615e-05,-1,-1,0,180
3680,23.4949,79.77,1,3.84615e-05,-1,-1,0,180
3681,78.0386,-66.4836,1,3.84615e-05,116,37,0,180
3682,-8.33224,142.946,1,3.84615e-05,152,150,0,180
3683,60.0608,87.7281,1,3.84615e-05,171,30,0,180
3684,53.5499,126.053,1,3.84615e-05,132,146,0,180
3685,4.91422,19.8949,1,3.84615e-05,166,96,0,180
3686,36.2778,36.6158,1,3.84615e-05,42,158,0,180
3687,18.4455,22.7708,1,3.84615e-05,88,87,0,180
3688,25.1715,19.8678,1,3.84615e-05,122,90,0,180
3689,52.0247,53.5231,1,3.84615e-05,-1,-1,0,180
3690,-26.9264,152.429,1,3.84615e-05,71,65,0,180
3691,-35.5681,149.4,1,3.84615e-05,49,67,0,180
3692,51.615,142.99,1,3.84615e-05,156,16,0,180
3693,44.4039,-0.592392,1,3.84615e-05,109,84,0,180
3694,5.60894,36.646,1,3.84615e-05,35,83,0,180
3695,-16.665,20.3209,1,3.84615e-05,-1,-1,0,180
3696,10.0271,35.2925,1,3.84615e-05,34,83,0,180
3697,-16.2652,49.199,1,3.84615e-05,147,14,0,180
3698,30.3588,-3.84776,1,3.84615e-05,170,88,0,180
3699,-21.6415,146.195,1,3.84615e-05,68,133,0,180
3700,7.88982,31.4551,1,3.84615e-05,-1,-1,0,180
3701,38.6241,74.3588,1,3.84615e-05,-1,-1,0,180
3702,20.2844,56.4608,1,3.84615e-05,145,119,0,180
3703,-3.37062,-73.0494,1,3.84615e-05,146,139,0,180
3704,40.1488,109.995,1,3.84615e-05,52,120,0,180
3705,-12.3337,-72.7134,1,3.84615e-05,114,132,0,180
3706,2.5308,117.463,1,3.84615e-05,166,144,0,180
3707,-28.4317,148.574,1,3.84615e-05,109,61,0,180
3708,4.53757,10.118,1,3.84615e-05,22,66,0,180
3709,39.7003,41.976,1,3.84615e-05,164,105,0,180
3710,9.46456,11.1856,1,3.84615e-05,2,68,0,180
3711,30.4911,24.2561,1,3.84615e-05,173,184,0,180
3712,-4.41889,-56.8513,1,3.84615e-05,69,137,0,180
3713,44.6604,-90.1378,1,3.84615e-05,82,20,0,180
3714,-13.9134,-50.0809,1,3.84615e-05,169,45,0,180
3715,62.2208,-94.6375,1,3.84615e-05,-1,-1,0,180
3716,37.4272,68.7657,1,3.84615e-05,173,130,0,180
3717,-18.2682,141.966,1,3.84615e-05,101,59,0,180
3718,28.4842,63.2571,1,3.84615e-05,120,3,0,180
3719,55.5433,100.483,1,3.84615e-05,-1,-1,0,180
3720,-24.0276,129.98,1,3.84615e-05,176,64,0,180
3721,-75.1991,132.433,1,3.84615e-05,132,125,0,180
3722,-3.1299,18.8672,1,3.84615e-05,134,187,0,180
3723,40.1569,111.111,1,3.84615e-05,102,165,0,180
3724,18.6622,-12.7578,1,3.84615e-05,45,63,0,180
3725,-71.9298,145.271,1,3.84615e-05,8,71,0,180
3726,12.2396,-16.0127,1,3.84615e-05,87,152,0,180
3727,-1.94952,120.311,1,3.84615e-05,167,144,0,180
3728,-73.5144,157.556,1,3.84615e-05,3,34,0,180
3729,79.098,99.7737,1,3.84615e-05,12,123,0,180
3730,30.2421,40.5382,1,3.84615e-05,5,163,0,180
3731,33.0371,5.3119,1,3.84615e-05,113,84,0,180
3732,-16.1166,124.323,1,3.84615e-05,178,51,0,180
3733,39.5142,90.8601,1,3.84615e-05,180,27,0,180
3734,33.8466,-85.6895,1,3.84615e-05,119,120,0,180
3735,44.1816,-116.121,1,3.84615e-05,12,64,0,180
3736,-15.9567,143.858,1,3.84615e-05,62,53,0,180
3737,-67.6766,102.85,1,3.84615e-05,2,105,0,180
3738,42.433,18.4083,1,3.84615e-05,52,177,0,180
3739,-29.3265,22.9828,1,3.84615e-05,22,54,0,180
3740,-5.76427,16.7101,1,3.84615e-05,144,186,0,180
3741,-17.5732,37.0673,1,3.84615e-05,92,194,0,180
3742,55.8167,9.99989,1,3.84615e-05,33,119,0,180
3743,-12.7387,32.9947,1,3.84615e-05,15,78,0,180
3744,22.0999,31.4397,1,3.84615e-05,142,187,0,180
3745,59.6492,-70.2505,1,3.84615e-05,166,87,0,180
3746,67.6861,173.223,1,3.84615e-05,179,9,0,180
3747,-15.8558,143.533,1,3.84615e-05,62,53,0,180
3748,29.1427,73.9289,1,3.84615e-05,-1,-1,0,180
3749,-69.0781,89.8194,1,3.84615e-05,3,71,0,180
3750,66.203,116.662,1,3.84615e-05,22,194,0,180
3751,5.40765,26.7484,1,3.84615e-05,-1,-1,0,180
3752,59.5832,110.187,1,3.84615e-05,150,144,0,180
3753,-10.5555,37.2087,1,3.84615e-05,97,87,0,180
3754,-15.7397,-55.1349,1,3.84615e-05,1,121,0,180
3755,-73.4079,-0.75145,1,3.84615e-05,66,195,0,180
3756,-1.65199,-58.9839,1,3.84615e-05,-1,-1,0,180
3757,49.7937,-100.037,1,3.84615e-05,72,86,0,180
3758,20.6883,32.5096,1,3.84615e-05,21,84,0,180
3759,4.69396,115.216,1,3.84615e-05,33,123,0,180
3760,75.5446,90.5056,1,3.84615e-05,-1,-1,0,180
3761,43.1089,26.9638,1,3.84615e-05,155,117,0,180
3762,37.4521,-5.81158,1,3.84615e-05,75,94,0,180
3763,56.8336,127.522,1,3.84615e-05,72,29,0,180
3764,35.927,71.647,1,3.84615e-05,133,134,0,180
3765,-11.2178,-65.4667,1,3.84615e-05,163,149,0,180
3766,20.8876,94.8362,1,3.84615e-05,12,4,0,180
3767,-31.941,-56.6196,1,3.84615e-05,91,150,0,180
3768,-19.6681,-69.3873,1,3.84615e-05,170,152,0,180
3769,20.4133,34.1884,1,3.84615e-05,-1,-1,0,180
3770,-78.0557,113.041,1,3.84615e-05,142,124,0,180
3771,46.8162,0.971512,1,3.84615e-05,89,86,0,180
3772,9.34811,41.96,1,3.84615e-05,63,185,0,180
3773,43.7063,-120.741,1,3.84615e-05,108,82,0,180
3774,-80.1109,3.89055,1,3.84615e-05,146,27,0,180
3775,-11.3915,-47.7492,1,3.84615e-05,159,46,0,180
3776,71.5361,94.456,1,3.84615e-05,-1,-1,0,180
3777,10.8016,35.0399,1,3.84615e-05,169,197,0,180
3778,17.3608,27.4609,1,3.84615e-05,50,81,0,180
3779,19.9941,6.14621,1,3.84615e-05,-1,-1,0,180
3780,36.2285,-105.506,1,3.84615e-05,-1,-1,0,180
3781,-23.7255,127.779,1,3.84615e-05,97,59,0,180
3782,1.01505,-66.2044,1,3.84615e-05,53,126,0,180
3783,-17.1779,-57.1336,1,3.84615e-05,-1,-1,0,180
3784,10.6931,-66.8124,1,3.84615e-05,-1,-1,0,180
3785,62.0372,36.9927,1,3.84615e-05,20,171,0,180
3786,37.0536,-110.175,1,3.84615e-05,169,21,0,180
3787,7.16376,-70.8627,1,3.84615e-05,22,118,0,180
3788,48.6577,-95.0294,1,3.84615e-05,129,25,0,180
3789,-31.4995,27.2519,1,3.84615e-05,42,176,0,180
3790,55.092,-128.456,1,3.84615e-05,33,46,0,180
3791,57.6391,159.6,1,3.84615e-05,40,180,0,180
3792,50.5038,47.3284,1,3.84615e-05,-1,-1,0,180
3793,-73.9133,61.4029,1,3.84615e-05,108,104,0,180
3794,-74.1747,-122.96,1,3.84615e-05,148,124,0,180
3795,-1.22006,-54.8069,1,3.84615e-05,80,33,0,180
3796,9.36246,39.1246,1,3.84615e-05,109,92,0,180
3797,60.6265,-77.0886,1,3.84615e-05,165,87,0,180
3798,19.582,75.9524,1,3.84615e-05,40,110,0,180
3799,50.4992,-91.5861,1,3.84615e-05,117,51,0,180
3800,58.352,64.4466,1,3.84615e-05,-1,-1,0,180
3801,38.1469,62.3813,1,3.84615e-05,109,194,0,180
3802,-36.5951,-68.4952,1,3.84615e-05,122,168,0,180
3803,24.3481,-99.1268,1,3.84615e-05,54,94,0,180
3804,28.4253,51.4364,1,3.84615e-05,158,9,0,180
3805,-15.6365,-43.861,1,3.84615e-05,86,151,0,180
3806,-16.453,-50.4041,1,3.84615e-05,123,143,0,180
3807,65.8651,-141.845,1,3.84615e-05,2,197,0,180
3808,-67.6415,137.009,1,3.84615e-05,42,124,0,180
3809,72.7709,89.9492,1,3.84615e-05,52,129,0,180
3810,76.3185,-44.4473,1,3.84615e-05,132,120,0,180
3811,31.545,112.108,1,3.84615e-05,1,138,0,180
3812,42.9034,-2.49835,1,3.84615e-05,85,79,0,180
3813,-29.8122,129.21,1,3.84615e-05,155,66,0,180
3814,-7.75598,30.098,1,3.84615e-05,1,171,0,180
3815,23.2017,116.801,1,3.84615e-05,171,157,0,180
3816,29.1894,117.982,1,3.84615e-05,-1,-1,0,180
3817,-8.53721,27.3342,1,3.84615e-05,-1,-1,0,180
3818,21.8737,71.4752,1,3.84615e-05,36,191,0,180
3819,-75.3178,-142.523,1,3.84615e-05,23,176,0,180
3820,58.3309,78.8367,1,3.84615e-05,172,127,0,180
3821,-30.0131,149.753,1,3.84615e-05,70,65,0,180
3822,-8.84969,-67.8195,1,3.84615e-05,59,24,0,180
3823,22.1171,104.106,1,3.84615e-05,62,132,0,180
3824,48.3568,16.2887,1,3.84615e-05,54,117,0,180
3825,-78.7784,-114.854,1,3.84615e-05,176,121,0,180
3826,-32.8918,138.732,1,3.84615e-05,57,53,0,180
3827,38.9255,-97.9842,1,3.84615e-05,176,92,0,180
3828,25.2122,70.0263,1,3.84615e-05,17,193,0,180
3829,-81.3816,146.396,1,3.84615e-05,179,145,0,180
3830,45.1614,-123.927,1,3.84615e-05,50,60,0,180
3831,43.6941,-75.3754,1,3.84615e-05,52,45,0,180
3832,16.4825,34.3473,1,3.84615e-05,97,93,0,180
3833,-5.97961,-46.043,1,3.84615e-05,175,57,0,180
3834,-19.7606,25.9149,1,3.84615e-05,-1,-1,0,180
3835,-76.7347,92.3882,1,3.84615e-05,-1,-1,0,180
3836,11.0267,20.3427,1,3.84615e-05,8,162,0,180
3837,42.3524,-1.59259,1,3.84615e-05,119,83,0,180
3838,-1.07045,-45.3477,1,3.84615e-05,32,38,0,180
3839,8.23578,-64.2958,1,3.84615e-05,3,110,0,180
3840,-44.4507,-66.4898,1,3.84615e-05,2,160,0,180
3841,-31.5239,151.87,1,3.84615e-05,90,63,0,180
3842,-23.4701,149.144,1,3.84615e-05,52,54,0,180
3843,41.5395,112.301,1,3.84615e-05,155,144,0,180
3844,2.22494,-73.7628,1,3.84615e-05,1,15,0,180
3845,2.48746,-73.623,1,3.84615e-05,1,15,0,180
3846,29.0972,-114.486,1,3.84615e-05,18,12,0,180
3847,24.8029,115.988,1,3.84615e-05,-1,-1,0,180
3848,62.6084,50.8099,1,3.84615e-05,91,102,0,180
3849,52.3031,-105.591,1,3.84615e-05,121,81,0,180
3850,19.9703,78.331,1,3.84615e-05,-1,-1,0,180
3851,31.4931,64.3366,1,3.84615e-05,2,182,0,180
3852,23.0647,0.933273,1,3.84615e-05,179,94,0,180
3853,-79.7897,-15.4508,1,3.84615e-05,145,27,0,180
3854,47.6322,43.187,1,3.84615e-05,-1,-1,0,180
3855,51.3903,-71.2971,1,3.84615e-05,138,62,0,180
3856,66.2759,179.93,1,3.84615e-05,170,0,0,180
3857,35.5246,68.013,1,3.84615e-05,-1,-1,0,180
3858,49.9906,-106.621,1,3.84615e-05,1,8,0,180
3859,-3.92855,-66.5663,1,3.84615e-05,175,148,0,180
3860,50.9823,-56.7239,1,3.84615e-05,82,68,0,180
3861,60.7877,-132.112,1,3.84615e-05,155,70,0,180
3862,-11.5335,35.2691,1,3.84615e-05,24,77,0,180
3863,-26.2404,-69.8522,1,3.84615e-05,52,138,0,180
3864,-28.3995,119.721,1,3.84615e-05,13,126,0,180
3865,60.0056,-109.068,1,3.84615e-05,180,85,0,180
3866,38.2365,-89.4379,1,3.84615e-05,-1,-1,0,180
3867,66.0736,123.484,1,3.84615e-05,-1,-1,0,180
3868,3.30298,15.9807,1,3.84615e-05,77,71,0,180
3869,54.4374,-100.492,1,3.84615e-05,122,81,0,180
3870,11.4203,2.67484,1,3.84615e-05,115,161,0,180
3871,4.71824,42.8907,1,3.84615e-05,52,186,0,180
3872,44.7772,-99.4967,1,3.84615e-05,166,93,0,180
3873,15.6798,-92.2812,1,3.84615e-05,17,107,0,180
3874,-7.36115,33.732,1,3.84615e-05,125,191,0,180
3875,21.8491,-0.227768,1,3.84615e-05,-1,-1,0,180
3876,61.5399,77.4257,1,3.84615e-05,54,106,0,180
3877,-23.3913,20.1374,1,3.84615e-05,178,195,0,180
3878,30.0559,24.9586,1,3.84615e-05,-1,-1,0,180
3879,5.17771,-69.1298,1,3.84615e-05,36,26,0,180
3880,63.6402,142.459,1,3.84615e-05,134,180,0,180
3881,27.6003,30.6227,1,3.84615e-05,1,172,0,180
3882,40.8761,97.6029,1,3.84615e-05,-1,-1,0,180
3883,-77.3822,155.583,1,3.84615e-05,62,147,0,180
3884,22.5579,-8.99051,1,3.84615e-05,-1,-1,0,180
3885,30.0277,36.1356,1,3.84615e-05,150,118,0,180
3886,-82.453,-105.109,1,3.84615e-05,146,124,0,180
3887,21.8217,83.5847,1,3.84615e-05,-1,-1,0,180
3888,67.616,-52.4313,1,3.84615e-05,115,75,0,180
3889,-81.4937,47.1967,1,3.84615e-05,168,108,0,180
3890,-17.513,-59.223,1,3.84615e-05,-1,-1,0,180
3891,59.1594,6.35562,1,3.84615e-05,133,179,0,180
3892,24.0346,115.305,1,3.84615e-05,-1,-1,0,180
3893,24.0787,80.6894,1,3.84615e-05,-1,-1,0,180
3894,54.3073,70.3897,1,3.84615e-05,1,137,0,180
3895,-6.85862,-59.4989,1,3.84615e-05,68,137,0,180
3896,72.5224,-113.433,1,3.84615e-05,178,78,0,180
3897,-79.7182,-9.44846,1,3.84615e-05,2,22,0,180
3898,-76.2381,148.894,1,3.84615e-05,-1,-1,0,180
3899,-82.897,-41.886,1,3.84615e-05,173,24,0,180
3900,-0.496269,28.4331,1,3.84615e-05,-1,-1,0,180
3901,32.9115,77.3093,1,3.84615e-05,165,131,0,180
3902,-15.0356,49.1568,1,3.84615e-05,176,11,0,180
3903,29.2175,66.586,1,3.84615e-05,101,5,0,180
3904,15.3895,27.9189,1,3.84615e-05,131,188,0,180
3905,-16.1663,26.805,1,3.84615e-05,63,73,0,180
3906,60.1315,63.2144,1,3.84615e-05,-1,-1,0,180
3907,44.497,1.66289,1,3.84615e-05,139,178,0,180
3908,11.5338,122.835,1,3.84615e-05,2,25,0,180
3909,60.7448,71.8227,1,3.84615e-05,63,105,0,180
3910,10.2537,32.1909,1,3.84615e-05,-1,-1,0,180
3911,4.3259,43.0246,1,3.84615e-05,52,186,0,180
3912,45.709,-106.524,1,3.84615e-05,176,20,0,180
3913,-50.3172,-74.1013,1,3.84615e-05,39,166,0,180
3914,25.1537,60.334,1,3.84615e-05,129,2,0,180
3915,-27.1484,27.3445,1,3.84615e-05,-1,-1,0,180
3916,-20.5857,48.3847,1,3.84615e-05,115,2,0,180
3917,-9.57343,33.2149,1,3.84615e-05,144,199,0,180
3918,57.0528,-105.914,1,3.84615e-05,173,68,0,180
3919,28.154,-104.387,1,3.84615e-05,30,11,0,180
3920,51.7727,45.0225,1,3.84615e-05,-1,-1,0,180
3921,45.8661,80.2819,1,3.84615e-05,165,128,0,180
3922,-71.2902,89.9434,1,3.84615e-05,179,73,0,180
3923,-79.3743,2.53459,1,3.84615e-05,1,2,0,180
3924,-19.7758,-54.0316,1,3.84615e-05,-1,-1,0,180
3925,60.591,55.9713,1,3.84615e-05,173,185,0,180
3926,-13.4386,-53.5348,1,3.84615e-05,177,44,0,180
3927,-26.5987,-62.2925,1,3.84615e-05,-1,-1,0,180
3928,-28.1101,134.759,1,3.84615e-05,177,64,0,180
3929,23.1389,23.417,1,3.84615e-05,171,184,0,180
3930,38.9609,-92.2405,1,3.84615e-05,167,93,0,180
3931,46.7782,-100.339,1,3.84615e-05,42,89,0,180
3932,25.1427,24.406,1,3.84615e-05,162,185,0,180
3933,-29.598,-69.2481,1,3.84615e-05,119,157,0,180
3934,-17.0141,129.048,1,3.84615e-05,52,41,0,180
3935,35.7782,50.5681,1,3.84615e-05,-1,-1,0,180
3936,-25.839,23.908,1,3.84615e-05,1,56,0,180
3937,7.79283,16.7932,1,3.84615e-05,175,95,0,180
3938,53.7888,-108.256,1,3.84615e-05,174,20,0,180
3939,43.2888,-117.056,1,3.84615e-05,98,83,0,180
3940,63.0819,79.9839,1,3.84615e-05,108,182,0,180
3941,-11.3077,34.1304,1,3.84615e-05,34,76,0,180
3942,27.9275,37.8748,1,3.84615e-05,-1,-1,0,180
3943,61.965,-134.94,1,3.84615e-05,175,78,0,180
3944,43.3617,22.605,1,3.84615e-05,179,154,0,180
3945,48.3933,-116.544,1,3.84615e-05,42,58,0,180
3946,33.0941,107.809,1,3.84615e-05,-1,-1,0,180
3947,-18.5089,145.426,1,3.84615e-05,82,51,0,180
3948,-78.7069,144.656,1,3.84615e-05,153,123,0,180
3949,55.6837,-3.34384,1,3.84615e-05,80,114,0,180
3950,-32.1318,120.502,1,3.84615e-05,84,50,0,180
3951,45.9107,3.2986,1,3.84615e-05,79,138,0,180
3952,-12.2779,-61.0182,1,3.84615e-05,-1,-1,0,180
3953,-12.428,14.7357,1,3.84615e-05,113,189,0,180
3954,-0.800278,-54.5354,1,3.84615e-05,80,33,0,180
3955,80.3039,-61.7203,1,3.84615e-05,115,37,0,180
3956,14.1145,106.647,1,3.84615e-05,83,130,0,180
3957,60.4748,-96.2882,1,3.84615e-05,1,76,0,180
3958,60.0356,132.93,1,3.84615e-05,102,149,0,180
3959,57.48,160.241,1,3.84615e-05,40,180,0,180
3960,20.3758,50.8653,1,3.84615e-05,19,91,0,180
3961,32.8297,-115.824,1,3.84615e-05,151,94,0,180
3962,54.5289,23.1931,1,3.84615e-05,-1,-1,0,180
3963,-5.04134,-41.261,1,3.84615e-05,78,44,0,180
3964,18.2278,-98.8511,1,3.84615e-05,42,95,0,180
3965,-81.6024,81.0939,1,3.84615e-05,159,109,0,180
3966,61.9781,88.6229,1,3.84615e-05,50,188,0,180
3967,61.0648,-97.5569,1,3.84615e-05,125,25,0,180
3968,48.4692,31.6759,1,3.84615e-05,175,139,0,180
3969,81.8214,-60.7724,1,3.84615e-05,86,30,0,180
3970,4.54163,28.4156,1,3.84615e-05,167,96,0,180
3971,-24.592,-69.3948,1,3.84615e-05,62,137,0,180
3972,26.2196,112.158,1,3.84615e-05,170,157,0,180
3973,-87.3357,-167.812,1,3.84615e-05,103,143,0,180
3974,23.5452,-103.315,1,3.84615e-05,163,22,0,180
3975,-85.3489,-102.392,1,3.84615e-05,132,175,0,180
3976,48.133,-90.3743,1,3.84615e-05,89,41,0,180
3977,-79.2736,112.689,1,3.84615e-05,152,123,0,180
3978,38.7824,104.98,1,3.84615e-05,168,14,0,180
3979,-17.6908,126.815,1,3.84615e-05,159,53,0,180
3980,-68.8993,91.2621,1,3.84615e-05,3,71,0,180
3981,18.6755,12.6626,1,3.84615e-05,-1,-1,0,180
3982,-1.38297,35.5785,1,3.84615e-05,-1,-1,0,180
3983,32.2876,-116.736,1,3.84615e-05,97,109,0,180
3984,31.9687,56.1136,1,3.84615e-05,138,108,0,180
3985,33.0336,-87.6845,1,3.84615e-05,162,114,0,180
3986,64.3635,-152.992,1,3.84615e-05,132,4,0,180
3987,-16.5421,137.413,1,3.84615e-05,121,57,0,180
3988,53.4305,52.1062,1,3.84615e-05,171,185,0,180
3989,66.7175,159.932,1,3.84615e-05,177,176,0,180
3990,55.1687,108.41,1,3.84615e-05,22,4,0,180
3991,13.7298,-85.692,1,3.84615e-05,99,110,0,180
3992,25.9258,84.7337,1,3.84615e-05,22,3,0,180
3993,69.6149,-120.327,1,3.84615e-05,-1,-1,0,180
3994,-33.6497,-58.7836,1,3.84615e-05,164,164,0,180
3995,0.0879822,21.5053,1,3.84615e-05,-1,-1,0,180
3996,21.7845,-11.3012,1,3.84615e-05,158,72,0,180
3997,-16.2002,135.529,1,3.84615e-05,33,43,0,180
3998,43.4892,142.787,1,3.84615e-05,106,11,0,180
3999,43.2256,-106.128,1,3.84615e-05,137,46,0,180
4000,21.6377,9.62691,1,3.84615e-05,-1,-1,0,180
4001,21.5837,-6.77431,1,3.84615e-05,6,67,0,180
4002,53.7795,80.5227,1,3.84615e-05,2,137,0,180
4003,-28.8116,150.331,1,3.84615e-05,100,62,0,180
4004,22.2861,5.52571,1,3.84615e-05,-1,-1,0,180
4005,-8.81368,-78.1911,1,3.84615e-05,62,19,0,180
4006,28.1225,3.76025,1,3.84615e-05,142,81,0,180
4007,64.4965,48.4838,1,3.84615e-05,120,109,0,180
4008,69.0526,-50.577,1,3.84615e-05,62,127,0,180
4009,72.5274,-84.6216,1,3.84615e-05,53,71,0,180
4010,-80.8779,88.5511,1,3.84615e-05,-1,-1,0,180
4011,-1.46909,-61.9131,1,3.84615e-05,-1,-1,0,180
4012,-76.5459,-114.165,1,3.84615e-05,-1,-1,0,180
4013,39.204,-86.212,1,3.84615e-05,174,113,0,180
4014,31.6956,48.2752,1,3.84615e-05,92,114,0,180
4015,24.4844,79.9376,1,3.84615e-05,-1,-1,0,180
4016,-13.7965,-56.0808,1,3.84615e-05,22,28,0,180
4017,-1.33504,16.1738,1,3.84615e-05,161,80,0,180
4018,68.3108,-137.574,1,3.84615e-05,34,4,0,180
4019,38.4618,-93.0804,1,3.84615e-05,13,108,0,180
4020,33.6827,75.1232,1,3.84615e-05,-1,-1,0,180
4021,-15.4174,-62.9538,1,3.84615e-05,-1,-1,0,180
4022,35.8937,135.957,1,3.84615e-05,22,152,0,180
4023,-17.4558,23.6958,1,3.84615e-05,-1,-1,0,180
4024,50.0611,75.8176,1,3.84615e-05,-1,-1,0,180
4025,22.7098,95.9277,1,3.84615e-05,143,16,0,180
4026,69.992,76.4894,1,3.84615e-05,-1,-1,0,180
4027,47.5468,-85.1949,1,3.84615e-05,-1,-1,0,180
4028,-75.9356,87.8219,1,3.84615e-05,100,105,0,180
4029,17.2359,45.6988,1,3.84615e-05,102,194,0,180
4030,12.2831,102.627,1,3.84615e-05,72,13,0,180
4031,37.332,-2.6566,1,3.84615e-05,125,99,0,180
4032,-84.6452,-57.0428,1,3.84615e-05,162,172,0,180
4033,-27.5106,32.3117,1,3.84615e-05,3,69,0,180
4034,29.7507,40.6459,1,3.84615e-05,5,163,0,180
4035,58.9088,-115.716,1,3.84615e-05,-1,-1,0,180
4036,-66.6402,53.1522,1,3.84615e-05,107,70,0,180
4037,-10.9107,20.349,1,3.84615e-05,-1,-1,0,180
4038,61.1211,100.646,1,3.84615e-05,179,141,0,180
4039,20.7319,79.9315,1,3.84615e-05,-1,-1,0,180
4040,58.7539,-99.8987,1,3.84615e-05,93,84,0,180
4041,22.9411,99.5515,1,3.84615e-05,110,137,0,180
4042,28.7771,15.2307,1,3.84615e-05,12,77,0,180
4043,-14.1232,-59.7299,1,3.84615e-05,-1,-1,0,180
4044,17.0773,-10.6738,1,3.84615e-05,169,71,0,180
4045,-6.9405,144.725,1,3.84615e-05,173,65,0,180
4046,-16.8426,-44.3891,1,3.84615e-05,170,45,0,180
4047,45.8375,106.145,1,3.84615e-05,125,23,0,180
4048,54.5507,-72.8011,1,3.84615e-05,32,25,0,180
4049,-34.1607,-71.791,1,3.84615e-05,97,159,0,180
4050,22.797,27.6296,1,3.84615e-05,94,93,0,180
4051,20.3624,76.2908,1,3.84615e-05,179,12,0,180
4052,68.6316,22.1762,1,3.84615e-05,79,175,0,180
4053,71.5822,120.571,1,3.84615e-05,32,35,0,180
4054,-70.0954,75.7653,1,3.84615e-05,118,103,0,180
4055,10.5559,20.3389,1,3.84615e-05,8,162,0,180
4056,14.8642,-11.6194,1,3.84615e-05,143,168,0,180
4057,-77.0219,49.1095,1,3.84615e-05,2,179,0,180
4058,38.0756,-110.817,1,3.84615e-05,-1,-1,0,180
4059,27.2815,84.0077,1,3.84615e-05,171,13,0,180
4060,16.8953,1.4194,1,3.84615e-05,142,177,0,180
4061,52.3102,69.6325,1,3.84615e-05,-1,-1,0,180
4062,24.9522,-103.335,1,3.84615e-05,153,23,0,180
4063,4.14462,-64.9544,1,3.84615e-05,17,28,0,180
4064,-74.7319,81.4833,1,3.84615e-05,13,104,0,180
4065,34.7573,42.8165,1,3.84615e-05,-1,-1,0,180
4066,9.98083,19.0865,1,3.84615e-05,72,174,0,180
4067,-17.273,45.7097,1,3.84615e-05,175,11,0,180
4068,61.221,-152.734,1,3.84615e-05,162,79,0,180
4069,4.45508,-55.0092,1,3.84615e-05,90,135,0,180
4070,61.8781,32.5463,1,3.84615e-05,-1,-1,0,180
4071,26.8283,88.8579,1,3.84615e-05,6,102,0,180
4072,-31.263,-55.3304,1,3.84615e-05,165,164,0,180
4073,-4.42539,-70.8166,1,3.84615e-05,126,131,0,180
4074,-2.32107,27.2603,1,3.84615e-05,-1,-1,0,180
4075,64.7263,-107.503,1,3.84615e-05,158,70,0,180
4076,0.248299,-71.5389,1,3.84615e-05,1,110,0,180
4077,53.6832,115.508,1,3.84615e-05,2,6,0,180
4078,40.2619,-0.877701,1,3.84615e-05,148,177,0,180
4079,46.8615,69.3303,1,3.84615e-05,63,199,0,180
4080,49.1489,-68.8598,1,3.84615e-05,159,60,0,180
4081,19.118,16.5241,1,3.84615e-05,169,184,0,180
4082,28.116,-5.80125,1,3.84615e-05,180,87,0,180
4083,-72.3978,134.988,1,3.84615e-05,82,120,0,180
4084,70.8289,97.3107,1,3.84615e-05,72,127,0,180
4085,-27.2046,123.451,1,3.84615e-05,32,124,0,180
4086,43.7508,87.1735,1,3.84615e-05,-1,-1,0,180
4087,47.9326,48.3024,1,3.84615e-05,177,139,0,180
4088,-2.11407,-57.1407,1,3.84615e-05,165,45,0,180
4089,45.2942,2.09268,1,3.84615e-05,161,116,0,180
4090,8.7957,24.4695,1,3.84615e-05,138,187,0,180
4091,41.2173,99.8728,1,3.84615e-05,-1,-1,0,180
4092,32.4006,-87.0541,1,3.84615e-05,148,127,0,180
4093,-69.1235,135.56,1,3.84615e-05,43,30,0,180
4094,18.4151,77.1089,1,3.84615e-05,79,7,0,180
4095,42.9022,27.1769,1,3.84615e-05,155,117,0,180
4096,-31.5135,-52.1556,1,3.84615e-05,22,157,0,180
4097,4.61422,28.5614,1,3.84615e-05,167,96,0,180
4098,36.683,38.4313,1,3.84615e-05,62,156,0,180
4099,48.3198,25.4192,1,3.84615e-05,180,154,0,180
4100,19.8306,110.352,1,3.84615e-05,113,35,0,180
4101,-77.625,-140.805,1,3.84615e-05,43,174,0,180
4102,66.3242,48.6058,1,3.84615e-05,90,102,0,180
4103,10.5799,77.2347,1,3.84615e-05,67,8,0,180
4104,80.3497,-26.8835,1,3.84615e-05,105,38,0,180
4105,-19.3683,126.62,1,3.84615e-05,1,127,0,180
4106,36.4459,65.2399,1,3.84615e-05,1,164,0,180
4107,39.9137,75.666,1,3.84615e-05,52,190,0,180
4108,17.1721,19.2132,1,3.84615e-05,108,85,0,180
4109,-28.3647,-69.0223,1,3.84615e-05,97,16,0,180
4110,50.9265,83.7307,1,3.84615e-05,145,120,0,180
4111,-11.3919,-70.3347,1,3.84615e-05,139,37,0,180
4112,64.8835,157.459,1,3.84615e-05,68,187,0,180
4113,2.01521,117.078,1,3.84615e-05,173,49,0,180
4114,-20.4124,128.078,1,3.84615e-05,139,55,0,180
4115,43.9601,-119.716,1,3.84615e-05,1,52,0,180
4116,40.5757,46.0442,1,3.84615e-05,-1,-1,0,180
4117,-25.8102,147.56,1,3.84615e-05,129,69,0,180
4118,63.0415,134.36,1,3.84615e-05,91,140,0,180
4119,7.40437,7.84056,1,3.84615e-05,120,179,0,180
4120,38.2434,103.802,1,3.84615e-05,42,121,0,180
4121,36.1044,-116.251,1,3.84615e-05,99,109,0,180
4122,20.7499,55.6722,1,3.84615e-05,146,0,0,180
4123,63.5848,70.6218,1,3.84615e-05,-1,-1,0,180
4124,21.8808,3.90109,1,3.84615e-05,-1,-1,0,180
4125,-28.1077,-59.9594,1,3.84615e-05,168,148,0,180
4126,-5.27876,28.4798,1,3.84615e-05,-1,-1,0,180
4127,35.9252,-78.4906,1,3.84615e-05,92,123,0,180
4128,14.4874,5.54231,1,3.84615e-05,42,157,0,180
4129,-16.9464,141.64,1,3.84615e-05,102,59,0,180
4130,7.24146,41.7956,1,3.84615e-05,109,193,0,180
4131,55.1751,116.961,1,3.84615e-05,170,142,0,180
4132,19.233,82.8828,1,3.84615e-05,165,28,0,180
4133,64.9569,99.5947,1,3.84615e-05,167,142,0,180
4134,55.7776,-123.195,1,3.84615e-05,81,67,0,180
4135,33.1331,100.782,1,3.84615e-05,-1,-1,0,180
4136,48.4006,57.4025,1,3.84615e-05,-1,-1,0,180
4137,14.7607,0.316483,1,3.84615e-05,28,65,0,180
4138,16.6948,12.0177,1,3.84615e-05,97,163,0,180
4139,65.2871,-97.7435,1,3.84615e-05,173,86,0,180
4140,52.9714,98.7776,1,3.84615e-05,-1,-1,0,180
4141,31.3678,-104.277,1,3.84615e-05,69,102,0,180
4142,-20.4691,24.7583,1,3.84615e-05,-1,-1,0,180
4143,3.2233,33.931,1,3.84615e-05,156,198,0,180
4144,43.8709,-79.0823,1,3.84615e-05,-1,-1,0,180
4145,66.0585,117.244,1,3.84615e-05,22,194,0,180
4146,-32.7328,-68.1317,1,3.84615e-05,118,157,0,180
4147,43.607,125.129,1,3.84615e-05,84,167,0,180
4148,-21.9375,116.931,1,3.84615e-05,36,112,0,180
4149,62.8503,163.728,1,3.84615e-05,156,191,0,180
4150,-7.10167,-58.4722,1,3.84615e-05,155,46,0,180
4151,39.3352,-5.93411,1,3.84615e-05,95,78,0,180
4152,39.1981,28.8407,1,3.84615e-05,175,166,0,180
4153,4.34785,116.724,1,3.84615e-05,13,125,0,180
4154,-30.1647,137.158,1,3.84615e-05,1,46,0,180
4155,26.7095,71.0138,1,3.84615e-05,67,117,0,180
4156,69.7792,-34.922,1,3.84615e-05,118,146,0,180
4157,2.74875,27.7817,1,3.84615e-05,-1,-1,0,180
4158,27.3961,116.546,1,3.84615e-05,22,136,0,180
4159,52.2072,-106.24,1,3.84615e-05,121,81,0,180
4160,19.116,75.7143,1,3.84615e-05,40,110,0,180
4161,22.3088,-98.5814,1,3.84615e-05,2,14,0,180
4162,2.46463,35.1974,1,3.84615e-05,157,198,0,180
4163,62.7589,102.165,1,3.84615e-05,-1,-1,0,180
4164,36.2017,29.6545,1,3.84615e-05,2,92,0,180
4165,-2.5843,38.1534,1,3.84615e-05,-1,-1,0,180
4166,78.0251,16.1052,1,3.84615e-05,163,104,0,180
4167,39.7918,33.8456,1,3.84615e-05,-1,-1,0,180
4168,19.0945,12.1398,1,3.84615e-05,107,85,0,180
4169,-9.8484,24.9292,1,3.84615e-05,-1,-1,0,180
4170,9.83929,-61.4443,1,3.84615e-05,159,140,0,180
4171,49.1992,55.4581,1,3.84615e-05,-1,-1,0,180
4172,39.6882,59.6941,1,3.84615e-05,82,184,0,180
4173,31.7211,26.2372,1,3.84615e-05,22,90,0,180
4174,36.7253,-79.9028,1,3.84615e-05,-1,-1,0,180
4175,-14.2266,35.8482,1,3.84615e-05,175,6,0,180
4176,66.5801,126.541,1,3.84615e-05,2,196,0,180
4177,46.7569,126.629,1,3.84615e-05,64,31,0,180
4178,13.3179,41.3001,1,3.84615e-05,83,183,0,180
4179,-24.2371,127.835,1,3.84615e-05,97,59,0,180
4180,19.0048,57.6636,1,3.84615e-05,64,198,0,180
4181,64.3073,132.8,1,3.84615e-05,-1,-1,0,180
4182,81.3147,-45.8151,1,3.84615e-05,1,39,0,180
4183,36.2977,4.44749,1,3.84615e-05,176,154,0,180
4184,-4.38857,142.571,1,3.84615e-05,162,159,0,180
4185,13.4042,17.6957,1,3.84615e-05,-1,-1,0,180
4186,34.5338,-113.656,1,3.84615e-05,34,5,0,180
4187,39.9151,113.825,1,3.84615e-05,32,122,0,180
4188,-31.3879,25.8678,1,3.84615e-05,108,192,0,180
4189,58.8798,88.6789,1,3.84615e-05,-1,-1,0,180
4190,19.1835,73.3038,1,3.84615e-05,89,6,0,180
4191,51.6903,47.4716,1,3.84615e-05,171,104,0,180
4192,47.7736,-69.8808,1,3.84615e-05,177,113,0,180
4193,6.6624,40.223,1,3.84615e-05,139,190,0,180
4194,-10.0327,16.9304,1,3.84615e-05,71,72,0,180
4195,26.7782,60.2436,1,3.84615e-05,119,3,0,180
4196,59.6848,131.379,1,3.84615e-05,-1,-1,0,180
4197,-20.5579,119.161,1,3.84615e-05,80,48,0,180
4198,35.6812,90.2623,1,3.84615e-05,97,138,0,180
4199,26.238,109.904,1,3.84615e-05,139,150,0,180
4200,-78.8282,52.0492,1,3.84615e-05,158,26,0,180
4201,54.5166,88.2638,1,3.84615e-05,-1,-1,0,180
4202,-18.2229,20.9344,1,3.84615e-05,-1,-1,0,180
4203,44.6565,102.039,1,3.84615e-05,167,30,0,180
4204,51.826,-83.7307,1,3.84615e-05,-1,-1,0,180
4205,36.3815,114.757,1,3.84615e-05,-1,-1,0,180
4206,56.3686,159.275,1,3.84615e-05,128,181,0,180
4207,49.0315,139.07,1,3.84615e-05,66,143,0,180
4208,20.4959,85.6453,1,3.84615e-05,156,29,0,180
4209,27.4169,103.591,1,3.84615e-05,158,158,0,180
4210,-77.3183,93.8169,1,3.84615e-05,-1,-1,0,180
4211,-23.0968,150.316,1,3.84615e-05,22,57,0,180
4212,-0.554123,10.9207,1,3.84615e-05,173,183,0,180
4213,50.1921,74.972,1,3.84615e-05,74,167,0,180
4214,31.717,42.723,1,3.84615e-05,6,163,0,180
4215,-82.4475,-145.208,1,3.84615e-05,92,179,0,180
4216,-4.96461,137.773,1,3.84615e-05,171,158,0,180
4217,-71.8313,35.6562,1,3.84615e-05,32,176,0,180
4218,47.4257,46.87,1,3.84615e-05,-1,-1,0,180
4219,27.3688,33.2327,1,3.84615e-05,64,167,0,180
4220,64.9601,20.9578,1,3.84615e-05,87,174,0,180
4221,5.41785,-54.4647,1,3.84615e-05,103,41,0,180
4222,-13.0778,-66.2117,1,3.84615e-05,172,148,0,180
4223,65.0678,-139.53,1,3.84615e-05,164,79,0,180
4224,56.9992,-115.142,1,3.84615e-05,102,65,0,180
4225,-10.9683,29.7724,1,3.84615e-05,-1,-1,0,180
4226,55.6745,-101.412,1,3.84615e-05,153,60,0,180
4227,62.9176,80.7699,1,3.84615e-05,108,182,0,180
4228,-69.9442,-66.8936,1,3.84615e-05,12,190,0,180
4229,1.23126,-65.6321,1,3.84615e-05,53,126,0,180
4230,-28.4572,130.919,1,3.84615e-05,62,39,0,180
4231,-30.3207,-62.0854,1,3.84615e-05,12,132,0,180
4232,42.6311,52.1046,1,3.84615e-05,2,113,0,180
4233,-68.1796,68.8088,1,3.84615e-05,97,105,0,180
4234,-30.8626,26.8143,1,3.84615e-05,42,176,0,180
4235,-12.4881,16.5191,1,3.84615e-05,174,89,0,180
4236,-54.3399,-67.0972,1,3.84615e-05,2,1,0,180
4237,-83.2045,-21.7182,1,3.84615e-05,96,179,0,180
4238,44.5389,122.907,1,3.84615e-05,82,39,0,180
4239,17.9346,49.3135,1,3.84615e-05,29,90,0,180
4240,34.2287,-97.1972,1,3.84615e-05,135,96,0,180
4241,-12.4501,-61.8728,1,3.84615e-05,-1,-1,0,180
4242,17.083,21.1801,1,3.84615e-05,-1,-1,0,180
4243,26.6236,3.92126,1,3.84615e-05,74,154,0,180
4244,50.5341,-69.229,1,3.84615e-05,162,94,0,180
4245,23.5673,-101.251,1,3.84615e-05,1,14,0,180
4246,63.2901,117.448,1,3.84615e-05,170,186,0,180
4247,41.0262,51.3466,1,3.84615e-05,-1,-1,0,180
4248,2.62309,31.9845,1,3.84615e-05,166,197,0,180
4249,32.5027,115.458,1,3.84615e-05,-1,-1,0,180
4250,57.347,37.4509,1,3.84615e-05,5,136,0,180
4251,54.7031,111.987,1,3.84615e-05,-1,-1,0,180
4252,-11.9255,-44.6075,1,3.84615e-05,35,38,0,180
4253,5.89266,45.4547,1,3.84615e-05,7,86,0,180
4254,-13.3347,33.5775,1,3.84615e-05,-1,-1,0,180
4255,45.2636,84.3755,1,3.84615e-05,122,151,0,180
4256,-25.8267,22.8739,1,3.84615e-05,138,199,0,180
4257,63.459,-18.0444,1,3.84615e-05,1,148,0,180
4258,-72.2074,20.2351,1,3.84615e-05,111,1,0,180
4259,-3.47984,17.2567,1,3.84615e-05,152,81,0,180
4260,13.1907,107.399,1,3.84615e-05,49,121,0,180
4261,65.5108,96.2825,1,3.84615e-05,-1,-1,0,180
4262,67.2161,-157.011,1,3.84615e-05,1,197,0,180
4263,14.9469,98.1158,1,3.84615e-05,102,10,0,180
4264,71.1996,103.805,1,3.84615e-05,94,7,0,180
4265,25.8828,-104.107,1,3.84615e-05,93,90,0,180
4266,-30.6129,139.657,1,3.84615e-05,129,137,0,180
4267,29.9386,33.2488,1,3.84615e-05,-1,-1,0,180
4268,63.1514,100.787,1,3.84615e-05,52,1,0,180
4269,-26.2552,127.161,1,3.84615e-05,127,56,0,180
4270,68.6813,33.1971,1,3.84615e-05,175,103,0,180
4271,68.3224,112.69,1,3.84615e-05,-1,-1,0,180
4272,18.9105,51.5106,1,3.84615e-05,-1,-1,0,180
4273,60.5538,31.0094,1,3.84615e-05,9,172,0,180
4274,43.2172,84.5705,1,3.84615e-05,32,150,0,180
4275,52.2635,-63.6052,1,3.84615e-05,94,30,0,180
4276,43.1577,50.6266,1,3.84615e-05,175,155,0,180
4277,56.6056,54.323,1,3.84615e-05,18,135,0,180
4278,45.9987,27.6762,1,3.84615e-05,136,119,0,180
4279,-70.5027,160.615,1,3.84615e-05,165,171,0,180
4280,17.4756,26.7359,1,3.84615e-05,-1,-1,0,180
4281,1.4673,41.379,1,3.84615e-05,26,84,0,180
4282,8.21055,26.3156,1,3.84615e-05,168,197,0,180
4283,60.3503,-139.858,1,3.84615e-05,114,74,0,180
4284,14.9131,4.62592,1,3.84615e-05,165,89,0,180
4285,63.8432,-112.608,1,3.84615e-05,162,21,0,180
4286,62.4803,150.912,1,3.84615e-05,18,182,0,180
4287,36.0462,66.3655,1,3.84615e-05,142,1,0,180
4288,42.7176,66.1176,1,3.84615e-05,92,165,0,180
4289,-80.7554,-26.4389,1,3.84615e-05,107,21,0,180
4290,31.4917,96.7757,1,3.84615e-05,73,128,0,180
4291,2.00392,25.5526,1,3.84615e-05,-1,-1,0,180
4292,49.3499,-106.418,1,3.84615e-05,117,48,0,180
4293,49.3325,53.0179,1,3.84615e-05,158,131,0,180
4294,12.6495,105.083,1,3.84615e-05,93,139,0,180
4295,38.9547,-2.84093,1,3.84615e-05,126,99,0,180
4296,45.2452,136.857,1,3.84615e-05,68,143,0,180
4297,34.7002,111.306,1,3.84615e-05,167,143,0,180
4298,-82.9171,102.067,1,3.84615e-05,-1,-1,0,180
4299,58.7619,66.5022,1,3.84615e-05,-1,-1,0,180
4300,73.3257,-119.407,1,3.84615e-05,73,20,0,180
4301,36.0005,70.3333,1,3.84615e-05,13,181,0,180
4302,25.2735,5.09895,1,3.84615e-05,169,95,0,180
4303,58.4221,-107.318,1,3.84615e-05,172,68,0,180
4304,-30.2522,138.822,1,3.84615e-05,128,137,0,180
4305,49.353,85.5623,1,3.84615e-05,2,153,0,180
4306,61.6354,50.0503,1,3.84615e-05,101,101,0,180
4307,-31.34,24.2047,1,3.84615e-05,32,53,0,180
4308,-10.6345,25.1496,1,3.84615e-05,-1,-1,0,180
4309,31.2725,47.2064,1,3.84615e-05,-1,-1,0,180
4310,24.1389,17.3245,1,3.84615e-05,92,93,0,180
4311,30.4866,63.611,1,3.84615e-05,88,196,0,180
4312,54.6664,110.126,1,3.84615e-05,32,3,0,180
4313,-80.5483,25.1524,1,3.84615e-05,33,29,0,180
4314,-74.9122,162.551,1,3.84615e-05,12,33,0,180
4315,58.8715,62.8102,1,3.84615e-05,-1,-1,0,180
4316,-10.7115,26.7647,1,3.84615e-05,-1,-1,0,180
4317,-77.9048,119.059,1,3.84615e-05,-1,-1,0,180
4318,-2.48453,114.451,1,3.84615e-05,152,41,0,180
4319,-84.5992,24.3679,1,3.84615e-05,152,173,0,180
4320,44.1878,15.3488,1,3.84615e-05,168,155,0,180
4321,-74.9482,81.6438,1,3.84615e-05,13,104,0,180
4322,36.4433,97.2337,1,3.84615e-05,-1,-1,0,180
4323,-22.8776,115.849,1,3.84615e-05,22,22,0,180
4324,31.5276,76.2387,1,3.84615e-05,72,8,0,180
4325,-75.2308,87.9539,1,3.84615e-05,90,106,0,180
4326,48.155,-90.3569,1,3.84615e-05,89,41,0,180
4327,44.9709,18.0228,1,3.84615e-05,164,116,0,180
4328,24.1442,31.2552,1,3.84615e-05,-1,-1,0,180
4329,21.5159,34.0917,1,3.84615e-05,2,163,0,180
4330,-31.4389,136.699,1,3.84615e-05,2,116,0,180
4331,67.2748,94.8063,1,3.84615e-05,-1,-1,0,180
4332,25.8209,17.1527,1,3.84615e-05,111,91,0,180
4333,41.4316,-114.271,1,3.84615e-05,49,88,0,180
4334,2.05799,41.671,1,3.84615e-05,26,84,0,180
4335,32.439,63.4002,1,3.84615e-05,121,3,0,180
4336,51.9047,71.6686,1,3.84615e-05,-1,-1,0,180
4337,51.756,33.3745,1,3.84615e-05,155,131,0,180
4338,44.1114,-75.5655,1,3.84615e-05,52,45,0,180
4339,-27.5821,-62.6005,1,3.84615e-05,-1,-1,0,180
4340,23.7474,109.839,1,3.84615e-05,63,29,0,180
4341,-2.31882,-72.6993,1,3.84615e-05,12,14,0,180
4342,50.9988,87.2056,1,3.84615e-05,-1,-1,0,180
4343,31.6126,62.4753,1,3.84615e-05,130,2,0,180
4344,62.4575,-102.229,1,3.84615e-05,-1,-1,0,180
4345,52.0693,-89.306,1,3.84615e-05,156,60,0,180
4346,32.2644,48.1151,1,3.84615e-05,-1,-1,0,180
4347,62.4643,90.1695,1,3.84615e-05,-1,-1,0,180
4348,-19.8422,-40.1665,1,3.84615e-05,170,164,0,180
4349,-81.6706,-28.604,1,3.84615e-05,116,20,0,180
4350,63.1459,14.8824,1,3.84615e-05,96,173,0,180
4351,35.4065,10.0406,1,3.84615e-05,171,166,0,180
4352,28.5817,54.2587,1,3.84615e-05,123,111,0,180
4353,49.302,-119.827,1,3.84615e-05,71,68,0,180
4354,-74.5404,-11.4136,1,3.84615e-05,65,195,0,180
4355,46.0202,77.6383,1,3.84615e-05,-1,-1,0,180
4356,-19.8559,23.0231,1,3.84615e-05,-1,-1,0,180
4357,-10.9618,-77.808,1,3.84615e-05,72,18,0,180
4358,-25.7058,120.24,1,3.84615e-05,89,47,0,180
4359,30.5604,65.6799,1,3.84615e-05,22,180,0,180
4360,-74.7074,32.159,1,3.84615e-05,32,9,0,180
4361,-15.1239,38.6434,1,3.84615e-05,165,7,0,180
4362,-27.7084,150.322,1,3.84615e-05,70,133,0,180
4363,-1.02507,24.9993,1,3.84615e-05,174,196,0,180
4364,37.8581,39.0309,1,3.84615e-05,174,104,0,180
4365,-74.7332,67.7762,1,3.84615e-05,137,101,0,180
4366,47.2262,123.15,1,3.84615e-05,162,15,0,180
4367,32.8855,98.282,1,3.84615e-05,-1,-1,0,180
4368,-26.8158,151.014,1,3.84615e-05,1,59,0,180
4369,-0.612358,-63.7294,1,3.84615e-05,-1,-1,0,180
4370,-7.36202,-54.9057,1,3.84615e-05,53,36,0,180
4371,43.1038,3.65024,1,3.84615e-05,119,170,0,180
4372,38.3756,116.153,1,3.84615e-05,-1,-1,0,180
4373,-80.3826,44.2451,1,3.84615e-05,167,25,0,180
4374,-2.71474,-77.0045,1,3.84615e-05,165,137,0,180
4375,38.6724,107.657,1,3.84615e-05,148,16,0,180
4376,-4.15399,30.6652,1,3.84615e-05,-1,-1,0,180
4377,72.986,-107.313,1,3.84615e-05,93,28,0,180
4378,-17.547,144.499,1,3.84615e-05,170,65,0,180
4379,20.2021,16.89,1,3.84615e-05,87,87,0,180
4380,64.2508,55.5108,1,3.84615e-05,129,108,0,180
4381,-27.1522,125.752,1,3.84615e-05,166,133,0,180
4382,-21.6899,129.078,1,3.84615e-05,2,127,0,180
4383,11.3728,22.1587,1,3.84615e-05,148,186,0,180
4384,-19.1496,-62.9632,1,3.84615e-05,180,147,0,180
4385,73.231,97.7812,1,3.84615e-05,-1,-1,0,180
4386,-7.64447,29.9132,1,3.84615e-05,1,171,0,180
4387,-25.365,20.3566,1,3.84615e-05,148,198,0,180
4388,38.8221,104,1,3.84615e-05,42,121,0,180
4389,15.9378,10.6793,1,3.84615e-05,162,96,0,180
4390,-30.8754,-66.4003,1,3.84615e-05,163,164,0,180
4391,27.5369,3.23729,1,3.84615e-05,-1,-1,0,180
4392,61.1138,-138.404,1,3.84615e-05,105,75,0,180
4393,40.623,-100.182,1,3.84615e-05,-1,-1,0,180
4394,-12.1208,-55.0951,1,3.84615e-05,-1,-1,0,180
4395,19.0373,7.01373,1,3.84615e-05,23,159,0,180
4396,6.39506,14.1681,1,3.84615e-05,62,175,0,180
4397,48.3627,-101.138,1,3.84615e-05,128,25,0,180
4398,39.2185,35.9778,1,3.84615e-05,102,152,0,180
4399,-84.0429,9.23505,1,3.84615e-05,42,28,0,180
4400,51.9212,85.1255,1,3.84615e-05,125,122,0,180
4401,16.5035,5.64011,1,3.84615e-05,-1,-1,0,180
4402,76.0536,-108.231,1,3.84615e-05,54,22,0,180
4403,-70.6568,54.7929,1,3.84615e-05,117,103,0,180
4404,57.2387,115.259,1,3.84615e-05,13,5,0,180
4405,44.3726,39.6124,1,3.84615e-05,-1,-1,0,180
4406,-76.4745,-24.2705,1,3.84615e-05,87,23,0,180
4407,29.5429,-114.593,1,3.84615e-05,18,12,0,180
4408,-16.7567,131.963,1,3.84615e-05,140,55,0,180
4409,58.1059,113.564,1,3.84615e-05,-1,-1,0,180
4410,15.0928,34.9722,1,3.84615e-05,57,97,0,180
4411,-15.5288,24.1485,1,3.84615e-05,171,196,0,180
4412,-24.4438,134.007,1,3.84615e-05,126,137,0,180
4413,-74.3724,-90.5766,1,3.84615e-05,72,122,0,180
4414,-12.1217,132.22,1,3.84615e-05,63,133,0,180
4415,47.1119,2.76802,1,3.84615e-05,131,119,0,180
4416,33.0435,-103.351,1,3.84615e-05,-1,-1,0,180
4417,59.6843,-124.898,1,3.84615e-05,152,104,0,180
4418,44.0104,120.705,1,3.84615e-05,141,17,0,180
4419,63.5354,138.071,1,3.84615e-05,154,188,0,180
4420,73.4637,-97.8924,1,3.84615e-05,13,109,0,180
4421,-23.7307,24.5055,1,3.84615e-05,-1,-1,0,180
4422,-77.5602,-119.74,1,3.84615e-05,137,125,0,180
4423,46.1168,83.426,1,3.84615e-05,156,129,0,180
4424,-6.08987,33.7859,1,3.84615e-05,-1,-1,0,180
4425,34.0748,-4.49153,1,3.84615e-05,155,96,0,180
4426,47.1856,5.13596,1,3.84615e-05,92,173,0,180
4427,70.5715,68.8576,1,3.84615e-05,178,126,0,180
4428,23.9163,98.7467,1,3.84615e-05,134,17,0,180
4429,24.5503,55.1964,1,3.84615e-05,177,7,0,180
4430,27.7437,-108.563,1,3.84615e-05,9,13,0,180
4431,-74.0076,-97.4193,1,3.84615e-05,13,128,0,180
4432,-3.70059,-50.7621,1,3.84615e-05,136,142,0,180
4433,55.0133,-91.1903,1,3.84615e-05,175,68,0,180
4434,-76.1766,66.8572,1,3.84615e-05,92,23,0,180
4435,17.2283,19.7325,1,3.84615e-05,108,85,0,180
4436,-2.49947,136.873,1,3.84615e-05,12,138,0,180
4437,-45.0076,167.329,1,3.84615e-05,5,142,0,180
4438,21.4634,5.65799,1,3.84615e-05,125,83,0,180
4439,-15.567,21.3826,1,3.84615e-05,-1,-1,0,180
4440,-33.632,21.3977,1,3.84615e-05,62,50,0,180
4441,-30.9323,-58.0778,1,3.84615e-05,88,33,0,180
4442,20.2136,100.696,1,3.84615e-05,170,39,0,180
4443,43.027,55.8887,1,3.84615e-05,-1,-1,0,180
4444,-26.6105,142.559,1,3.84615e-05,-1,-1,0,180
4445,66.3937,70.3217,1,3.84615e-05,-1,-1,0,180
4446,39.5784,-97.6331,1,3.84615e-05,179,42,0,180
4447,0.864784,39.6953,1,3.84615e-05,107,193,0,180
4448,9.48518,38.1803,1,3.84615e-05,119,192,0,180
4449,-28.9,-57.3235,1,3.84615e-05,36,27,0,180
4450,-3.97277,-53.7619,1,3.84615e-05,-1,-1,0,180
4451,-28.302,116.32,1,3.84615e-05,67,49,0,180
4452,44.1088,114.317,1,3.84615e-05,-1,-1,0,180
4453,-11.534,-45.7855,1,3.84615e-05,149,47,0,180
4454,1.43681,27.3366,1,3.84615e-05,-1,-1,0,180
4455,55.42,121.965,1,3.84615e-05,-1,-1,0,180
4456,25.4388,63.722,1,3.84615e-05,101,102,0,180
4457,-22.8887,-60.9558,1,3.84615e-05,169,148,0,180
4458,4.97558,-64.3508,1,3.84615e-05,142,47,0,180
4459,46.1814,-99.2854,1,3.84615e-05,176,55,0,180
4460,32.8181,1.86353,1,3.84615e-05,164,155,0,180
4461,-73.7346,111.246,1,3.84615e-05,179,120,0,180
4462,50.7774,-66.0419,1,3.84615e-05,179,149,0,180
4463,63.5546,68.6258,1,3.84615e-05,-1,-1,0,180
4464,27.3864,113.776,1,3.84615e-05,160,158,0,180
4465,-73.7959,68.6915,1,3.84615e-05,122,20,0,180
4466,-11.0008,-64.2337,1,3.84615e-05,31,27,0,180
4467,62.7289,-155.584,1,3.84615e-05,143,3,0,180
4468,27.2222,89.3724,1,3.84615e-05,6,102,0,180
4469,4.86872,10.0806,1,3.84615e-05,22,66,0,180
4470,-82.9126,-126.516,1,3.84615e-05,172,108,0,180
4471,-70.7358,-66.9322,1,3.84615e-05,2,191,0,180
4472,47.9851,-55.0807,1,3.84615e-05,65,94,0,180
4473,48.7098,50.6597,1,3.84615e-05,-1,-1,0,180
4474,14.2169,102.697,1,3.84615e-05,133,135,0,180
4475,-82.2204,60.5551,1,3.84615e-05,140,101,0,180
4476,44.4838,142.489,1,3.84615e-05,125,19,0,180
4477,-78.6721,5.53278,1,3.84615e-05,163,172,0,180
4478,-21.5172,30.0604,1,3.84615e-05,148,82,0,180
4479,-81.0477,-87.3807,1,3.84615e-05,1,106,0,180
4480,67.7305,-85.4548,1,3.84615e-05,92,77,0,180
4481,68.6681,-119.32,1,3.84615e-05,174,102,0,180
4482,-30.0782,135.29,1,3.84615e-05,146,67,0,180
4483,-15.9008,17.2387,1,3.84615e-05,-1,-1,0,180
4484,50.7861,-71.3929,1,3.84615e-05,158,60,0,180
4485,-13.9518,13.1683,1,3.84615e-05,67,62,0,180
4486,22.2439,30.0311,1,3.84615e-05,-1,-1,0,180
4487,17.0297,104.108,1,3.84615e-05,151,31,0,180
4488,47.3363,128.233,1,3.84615e-05,143,17,0,180
4489,-14.3474,37.3629,1,3.84615e-05,93,194,0,180
4490,-18.62,-54.8208,1,3.84615e-05,-1,-1,0,180
4491,-66.6324,136.059,1,3.84615e-05,3,128,0,180
4492,9.5574,4.84097,1,3.84615e-05,130,178,0,180
4493,6.93244,80.8656,1,3.84615e-05,93,115,0,180
4494,-82.1139,-6.48332,1,3.84615e-05,12,21,0,180
4495,49.4038,137.515,1,3.84615e-05,-1,-1,0,180
4496,-26.316,-56.4048,1,3.84615e-05,82,151,0,180
4497,18.0418,26.5604,1,3.84615e-05,-1,-1,0,180
4498,62.3998,23.698,1,3.84615e-05,77,175,0,180
4499,-21.4445,-51.5536,1,3.84615e-05,-1,-1,0,180
4500,-77.4942,31.4122,1,3.84615e-05,138,28,0,180
4501,-3.2304,35.7993,1,3.84615e-05,-1,-1,0,180
4502,53.6557,135.941,1,3.84615e-05,56,144,0,180
4503,-12.9424,-63.4591,1,3.84615e-05,-1,-1,0,180
4504,-16.0818,131.053,1,3.84615e-05,149,54,0,180
4505,11.1811,106.855,1,3.84615e-05,69,28,0,180
4506,-25.9727,30.097,1,3.84615e-05,23,188,0,180
4507,57.3378,28.8952,1,3.84615e-05,124,134,0,180
4508,17.1806,-9.89601,1,3.84615e-05,-1,-1,0,180
4509,1.41171,16.0565,1,3.84615e-05,4,68,0,180
4510,-51.782,-69.8828,1,3.84615e-05,127,28,0,180
4511,32.0691,5.33434,1,3.84615e-05,39,74,0,180
4512,-83.9867,120.385,1,3.84615e-05,160,109,0,180
4513,38.2422,-5.2991,1,3.84615e-05,75,94,0,180
4514,1.44494,-59.8437,1,3.84615e-05,28,27,0,180
4515,58.7034,29.6193,1,3.84615e-05,38,179,0,180
4516,-28.5058,142.668,1,3.84615e-05,9,58,0,180
4517,-13.5997,20.8311,1,3.84615e-05,164,80,0,180
4518,-84.2201,10.9142,1,3.84615e-05,42,28,0,180
4519,58.8942,42.9971,1,3.84615e-05,140,107,0,180
4520,47.7842,134.182,1,3.84615e-05,22,24,0,180
4521,4.42139,43.7026,1,3.84615e-05,-1,-1,0,180
4522,-18.7989,-67.9614,1,3.84615e-05,-1,-1,0,180
4523,13.5954,31.8369,1,3.84615e-05,116,91,0,180
4524,29.2647,83.5536,1,3.84615e-05,178,27,0,180
4525,44.936,23.6133,1,3.84615e-05,106,112,0,180
4526,-44.2306,170.494,1,3.84615e-05,46,136,0,180
4527,-81.4926,-40.1859,1,3.84615e-05,97,22,0,180
4528,36.753,-108.848,1,3.84615e-05,154,94,0,180
4529,-3.53873,17.9782,1,3.84615e-05,135,187,0,180
4530,74.5464,-55.6403,1,3.84615e-05,176,140,0,180
4531,48.4953,28.2983,1,3.84615e-05,44,178,0,180
4532,20.5508,19.8523,1,3.84615e-05,180,183,0,180
4533,-73.1225,158.068,1,3.84615e-05,3,34,0,180
4534,64.9043,13.5836,1,3.84615e-05,107,172,0,180
4535,21.4159,19.2931,1,3.84615e-05,133,99,0,180
4536,24.3435,82.7645,1,3.84615e-05,-1,-1,0,180
4537,60.993,130.323,1,3.84615e-05,124,181,0,180
4538,21.4777,86.5995,1,3.84615e-05,176,27,0,180
4539,-23.6022,26.1748,1,3.84615e-05,72,183,0,180
4540,5.40285,27.7369,1,3.84615e-05,-1,-1,0,180
4541,34.7356,-92.4204,1,3.84615e-05,131,47,0,180
4542,-79.2697,47.8609,1,3.84615e-05,177,107,0,180
4543,-70.5766,54.0923,1,3.84615e-05,117,103,0,180
4544,-10.1854,-70.2045,1,3.84615e-05,120,39,0,180
4545,-11.5116,-64.7635,1,3.84615e-05,86,135,0,180
4546,49.2771,27.1008,1,3.84615e-05,53,131,0,180
4547,53.1635,62.9656,1,3.84615e-05,165,9,0,180
4548,47.0548,-118.609,1,3.84615e-05,32,59,0,180
4549,37.0343,61.0878,1,3.84615e-05,-1,-1,0,180
4550,56.4309,36.6182,1,3.84615e-05,5,136,0,180
4551,74.5167,107.86,1,3.84615e-05,-1,-1,0,180
4552,29.1376,-104.614,1,3.84615e-05,172,21,0,180
4553,16.9617,-1.72798,1,3.84615e-05,164,89,0,180
4554,40.7273,58.854,1,3.84615e-05,-1,-1,0,180
4555,59.0819,-97.1977,1,3.84615e-05,85,67,0,180
4556,49.2687,-80.7539,1,3.84615e-05,-1,-1,0,180
4557,41.3518,114.318,1,3.84615e-05,-1,-1,0,180
4558,51.2174,-114.498,1,3.84615e-05,32,62,0,180
4559,41.2344,-105.186,1,3.84615e-05,178,42,0,180
4560,-31.1372,150.411,1,3.84615e-05,91,131,0,180
4561,-76.5486,161.531,1,3.84615e-05,33,140,0,180
4562,-73.4641,9.30299,1,3.84615e-05,130,9,0,180
4563,47.572,61.5826,1,3.84615e-05,-1,-1,0,180
4564,61.0196,151.534,1,3.84615e-05,126,181,0,180
4565,20.5498,-102.766,1,3.84615e-05,42,10,0,180
4566,61.6926,-96.6166,1,3.84615e-05,175,125,0,180
4567,60.1231,-164.662,1,3.84615e-05,120,195,0,180
4568,14.9734,-83.8149,1,3.84615e-05,124,129,0,180
4569,51.2946,-101.445,1,3.84615e-05,154,60,0,180
4570,53.5404,19.7164,1,3.84615e-05,32,133,0,180
4571,25.2392,2.6152,1,3.84615e-05,71,71,0,180
4572,37.0692,32.073,1,3.84615e-05,177,115,0,180
4573,39.757,73.3552,1,3.84615e-05,-1,-1,0,180
4574,18.9726,17.2627,1,3.84615e-05,153,97,0,180
4575,50.1014,114.63,1,3.84615e-05,172,142,0,180
4576,51.0697,-74.911,1,3.84615e-05,52,23,0,180
4577,-2.00963,137.992,1,3.84615e-05,2,139,0,180
4578,48.2806,132.855,1,3.84615e-05,-1,-1,0,180
4579,-18.6356,135.264,1,3.84615e-05,179,64,0,180
4580,-72.3145,120.772,1,3.84615e-05,174,36,0,180
4581,42.3022,84.6501,1,3.84615e-05,22,151,0,180
4582,-42.6327,-70.7204,1,3.84615e-05,81,162,0,180
4583,69.1741,109.85,1,3.84615e-05,-1,-1,0,180
4584,-29.7025,-67.8535,1,3.84615e-05,107,15,0,180
4585,46.7929,77.9374,1,3.84615e-05,-1,-1,0,180
4586,12.4597,7.4216,1,3.84615e-05,157,80,0,180
4587,-16.1408,36.7187,1,3.84615e-05,-1,-1,0,180
4588,-79.9446,-0.256058,1,3.84615e-05,164,172,0,180
4589,-17.5657,-65.0884,1,3.84615e-05,-1,-1,0,180
4590,15.7244,-15.1102,1,3.84615e-05,179,70,0,180
4591,-28.6167,23.0666,1,3.84615e-05,127,190,0,180
4592,77.8258,-55.6034,1,3.84615e-05,-1,-1,0,180
4593,-3.42701,-70.9525,1,3.84615e-05,138,37,0,180
4594,67.9897,-36.7993,1,3.84615e-05,127,145,0,180
4595,17.6435,-100.676,1,3.84615e-05,62,18,0,180
4596,18.2397,12.0987,1,3.84615e-05,-1,-1,0,180
4597,-20.9966,22.6671,1,3.84615e-05,-1,-1,0,180
4598,37.728,-3.94635,1,3.84615e-05,135,98,0,180
4599,33.3996,71.6464,1,3.84615e-05,-1,-1,0,180
4600,51.7722,102.62,1,3.84615e-05,159,31,0,180
4601,54.7492,115.024,1,3.84615e-05,113,36,0,180
4602,69.0545,-146.521,1,3.84615e-05,63,1,0,180
4603,75.2875,-26.6432,1,3.84615e-05,23,146,0,180
4604,-46.2643,-68.0367,1,3.84615e-05,2,120,0,180
4605,-24.3554,24.9799,1,3.84615e-05,-1,-1,0,180
4606,-18.3264,135.796,1,3.84615e-05,96,130,0,180
4607,-6.3446,-57.9467,1,3.84615e-05,-1,-1,0,180
4608,31.5409,-96.0919,1,3.84615e-05,161,44,0,180
4609,-26.048,-50.9658,1,3.84615e-05,58,36,0,180
4610,42.83,27.7849,1,3.84615e-05,155,117,0,180
4611,-1.8847,24.9229,1,3.84615e-05,-1,-1,0,180
4612,55.9118,-71.4084,1,3.84615e-05,22,26,0,180
4613,57.4857,162.909,1,3.84615e-05,30,181,0,180
4614,14.7439,8.78688,1,3.84615e-05,32,158,0,180
4615,50.3493,48.0401,1,3.84615e-05,-1,-1,0,180
4616,31.8186,35.7595,1,3.84615e-05,149,118,0,180
4617,-17.2076,47.4771,1,3.84615e-05,156,13,0,180
4618,44.8574,142.011,1,3.84615e-05,145,17,0,180
4619,64.5587,130.952,1,3.84615e-05,-1,-1,0,180
4620,22.7598,78.0337,1,3.84615e-05,-1,-1,0,180
4621,60.402,151.407,1,3.84615e-05,28,181,0,180
4622,57.0684,49.6673,1,3.84615e-05,-1,-1,0,180
4623,37.7492,45.3067,1,3.84615e-05,-1,-1,0,180
4624,29.4847,33.4217,1,3.84615e-05,-1,-1,0,180
4625,37.8765,55.8834,1,3.84615e-05,23,111,0,180
4626,47.0967,88.6026,1,3.84615e-05,1,102,0,180
4627,18.2795,-98.2415,1,3.84615e-05,42,95,0,180
4628,56.2367,-114.963,1,3.84615e-05,72,68,0,180
4629,-69.4604,105.924,1,3.84615e-05,158,122,0,180
4630,-21.2965,-46.2002,1,3.84615e-05,83,147,0,180
4631,18.8118,-5.74207,1,3.84615e-05,170,174,0,180
4632,30.9927,-7.35175,1,3.84615e-05,145,97,0,180
4633,25.5269,41.762,1,3.84615e-05,1,86,0,180
4634,65.8845,138.196,1,3.84615e-05,104,183,0,180
4635,24.3737,-6.43155,1,3.84615e-05,177,94,0,180
4636,54.0839,109.539,1,3.84615e-05,12,5,0,180
4637,20.1004,-75.7301,1,3.84615e-05,147,46,0,180
4638,-68.4959,61.1384,1,3.84615e-05,88,106,0,180
4639,46.6996,-75.6835,1,3.84615e-05,12,49,0,180
4640,34.8638,-113.624,1,3.84615e-05,34,5,0,180
4641,0.107574,-73.0207,1,3.84615e-05,156,138,0,180
4642,-40.5639,-68.3808,1,3.84615e-05,91,161,0,180
4643,-20.105,142.575,1,3.84615e-05,24,44,0,180
4644,46.5369,62.5637,1,3.84615e-05,-1,-1,0,180
4645,-9.238,-41.1619,1,3.84615e-05,176,57,0,180
4646,65.0422,-160.67,1,3.84615e-05,161,1,0,180
4647,-74.9324,62.611,1,3.84615e-05,159,26,0,180
4648,47.2879,-107.791,1,3.84615e-05,86,41,0,180
4649,-22.7371,114.367,1,3.84615e-05,32,21,0,180
4650,33.4768,82.8728,1,3.84615e-05,179,27,0,180
4651,28.4621,30.1727,1,3.84615e-05,153,186,0,180
4652,40.3944,76.1484,1,3.84615e-05,12,194,0,180
4653,78.9164,-64.0972,1,3.84615e-05,178,140,0,180
4654,-77.0471,-82.608,1,3.84615e-05,52,124,0,180
4655,-29.184,-60.0714,1,3.84615e-05,-1,-1,0,180
4656,52.8952,17.3319,1,3.84615e-05,2,136,0,180
4657,34.9004,105.408,1,3.84615e-05,171,168,0,180
4658,67.9576,131.078,1,3.84615e-05,102,196,0,180
4659,45.6169,-63.6587,1,3.84615e-05,12,52,0,180
4660,-2.70697,-45.7537,1,3.84615e-05,-1,-1,0,180
4661,61.8723,-160.82,1,3.84615e-05,113,6,0,180
4662,41.5878,42.1436,1,3.84615e-05,158,168,0,180
4663,-13.0972,13.5343,1,3.84615e-05,95,171,0,180
4664,8.51794,41.0685,1,3.84615e-05,72,184,0,180
4665,19.9046,17.0568,1,3.84615e-05,87,87,0,180
4666,4.80664,101.068,1,3.84615e-05,176,38,0,180
4667,-19.0349,46.6516,1,3.84615e-05,145,14,0,180
4668,2.87292,43.8759,1,3.84615e-05,170,7,0,180
4669,11.4106,30.5797,1,3.84615e-05,-1,-1,0,180
4670,-1.55237,10.2606,1,3.84615e-05,-1,-1,0,180
4671,7.63171,48.2215,1,3.84615e-05,144,108,0,180
4672,65.3851,-152.966,1,3.84615e-05,123,5,0,180
4673,-72.5946,108.13,1,3.84615e-05,112,70,0,180
4674,9.22667,-8.52097,1,3.84615e-05,112,161,0,180
4675,-25.6548,17.7191,1,3.84615e-05,82,172,0,180
4676,-0.844406,9.43605,1,3.84615e-05,-1,-1,0,180
4677,2.52593,114.968,1,3.84615e-05,174,49,0,180
4678,31.2225,-104.723,1,3.84615e-05,-1,-1,0,180
4679,-9.69919,-40.1894,1,3.84615e-05,110,41,0,180
4680,72.1421,-124.911,1,3.84615e-05,83,29,0,180
4681,47.9962,102.241,1,3.84615e-05,129,162,0,180
4682,36.0017,77.5431,1,3.84615e-05,2,195,0,180
4683,-23.7264,136.139,1,3.84615e-05,117,138,0,180
4684,58.288,140.533,1,3.84615e-05,15,25,0,180
4685,58.8593,96.5403,1,3.84615e-05,-1,-1,0,180
4686,50.0317,26.3603,1,3.84615e-05,174,139,0,180
4687,59.1818,74.4103,1,3.84615e-05,-1,-1,0,180
4688,69.2827,-149.147,1,3.84615e-05,82,9,0,180
4689,46.7966,57.4696,1,3.84615e-05,-1,-1,0,180
4690,53.5492,-94.895,1,3.84615e-05,165,69,0,180
4691,41.6326,-111.957,1,3.84615e-05,-1,-1,0,180
4692,52.5784,-87.1115,1,3.84615e-05,135,129,0,180
4693,1.9186,-78.8081,1,3.84615e-05,174,33,0,180
4694,53.7159,39.6521,1,3.84615e-05,-1,-1,0,180
4695,70.4767,130.307,1,3.84615e-05,12,148,0,180
4696,0.962639,15.3601,1,3.84615e-05,160,80,0,180
4697,62.5235,163.966,1,3.84615e-05,156,191,0,180
4698,68.0161,92.7932,1,3.84615e-05,83,126,0,180
4699,64.1097,-123.598,1,3.84615e-05,136,72,0,180
4700,27.7138,21.3763,1,3.84615e-05,121,161,0,180
4701,59.3489,59.3487,1,3.84615e-05,73,104,0,180
4702,-16.7305,124.421,1,3.84615e-05,179,51,0,180
4703,-4.52894,-40.1223,1,3.84615e-05,14,30,0,180
4704,56.7978,-120.519,1,3.84615e-05,91,66,0,180
4705,69.5741,-153.429,1,3.84615e-05,3,7,0,180
4706,9.9003,43.5705,1,3.84615e-05,173,7,0,180
4707,25.7133,-12.161,1,3.84615e-05,147,73,0,180
4708,7.31139,-0.621521,1,3.84615e-05,59,62,0,180
4709,-86.5133,-54.3579,1,3.84615e-05,84,35,0,180
4710,-7.53003,-61.5105,1,3.84615e-05,57,138,0,180
4711,32.8576,-99.6535,1,3.84615e-05,22,107,0,180
4712,10.1592,106.867,1,3.84615e-05,125,136,0,180
4713,-13.5094,-67.9224,1,3.84615e-05,95,134,0,180
4714,20.0065,106.416,1,3.84615e-05,132,33,0,180
4715,52.8979,27.776,1,3.84615e-05,164,130,0,180
4716,-77.4937,-130.041,1,3.84615e-05,156,123,0,180
4717,37.5606,-115.987,1,3.84615e-05,109,108,0,180
4718,35.215,8.224,1,3.84615e-05,166,155,0,180
4719,41.2641,-121.411,1,3.84615e-05,4,75,0,180
4720,75.1047,95.1983,1,3.84615e-05,-1,-1,0,180
4721,43.9884,89.1361,1,3.84615e-05,-1,-1,0,180
4722,34.854,108.76,1,3.84615e-05,128,151,0,180
4723,53.719,109.746,1,3.84615e-05,12,5,0,180
4724,61.1471,169.993,1,3.84615e-05,2,184,0,180
4725,11.7877,10.799,1,3.84615e-05,2,151,0,180
4726,-21.3285,-61.5301,1,3.84615e-05,170,148,0,180
4727,62.7794,-135.657,1,3.84615e-05,-1,-1,0,180
4728,-7.11521,-48.6028,1,3.84615e-05,-1,-1,0,180
4729,37.2635,106.803,1,3.84615e-05,178,13,0,180
4730,-81.0324,134.597,1,3.84615e-05,1,34,0,180
4731,-83.0709,-22.0927,1,3.84615e-05,96,179,0,180
4732,6.46169,-64.3069,1,3.84615e-05,-1,-1,0,180
4733,49.9947,14.0343,1,3.84615e-05,22,83,0,180
4734,-10.8046,-44.0517,1,3.84615e-05,109,41,0,180
4735,35.5375,-78.9185,1,3.84615e-05,92,123,0,180
4736,-24.6556,131.48,1,3.84615e-05,167,65,0,180
4737,62.8931,141.733,1,3.84615e-05,135,180,0,180
4738,35.7604,53.537,1,3.84615e-05,-1,-1,0,180
4739,68.1035,136.212,1,3.84615e-05,162,190,0,180
4740,57.0486,55.7149,1,3.84615e-05,18,135,0,180
4741,-39.4035,-62.4485,1,3.84615e-05,73,163,0,180
4742,40.0118,120.731,1,3.84615e-05,101,11,0,180
4743,13.3035,105.141,1,3.84615e-05,93,139,0,180
4744,37.6922,-5.24687,1,3.84615e-05,75,94,0,180
4745,44.003,-112.772,1,3.84615e-05,2,8,0,180
4746,56.0088,129.653,1,3.84615e-05,94,140,0,180
4747,8.46592,24.23,1,3.84615e-05,8,78,0,180
4748,27.5602,87.1048,1,3.84615e-05,162,14,0,180
4749,44.9306,-92.9381,1,3.84615e-05,116,51,0,180
4750,40.0907,-103.892,1,3.84615e-05,155,94,0,180
4751,25.6921,30.8321,1,3.84615e-05,24,90,0,180
4752,65.8322,-158.824,1,3.84615e-05,72,0,0,180
4753,-75.4395,-16.1905,1,3.84615e-05,55,196,0,180
4754,19.9038,-15.0352,1,3.84615e-05,54,62,0,180
4755,45.7897,-105.536,1,3.84615e-05,97,40,0,180
4756,51.9053,96.9122,1,3.84615e-05,1,183,0,180
4757,-70.4919,80.2538,1,3.84615e-05,98,105,0,180
4758,-27.8303,140.472,1,3.84615e-05,96,142,0,180
4759,-17.9171,134.743,1,3.84615e-05,130,56,0,180
4760,-87.5165,-97.4471,1,3.84615e-05,-1,-1,0,180
4761,4.63689,-55.3819,1,3.84615e-05,90,135,0,180
4762,65.2059,28.797,1,3.84615e-05,177,103,0,180
4763,47.2742,88.1784,1,3.84615e-05,1,102,0,180
4764,40.3217,86.492,1,3.84615e-05,102,153,0,180
4765,52.435,-2.61769,1,3.84615e-05,90,113,0,180
4766,8.37728,4.28816,1,3.84615e-05,40,64,0,180
4767,50.7823,-68.1157,1,3.84615e-05,172,93,0,180
4768,-42.289,171.022,1,3.84615e-05,16,139,0,180
4769,48.9616,97.6027,1,3.84615e-05,169,30,0,180
4770,-8.25336,24.8786,1,3.84615e-05,-1,-1,0,180
4771,25.9512,1.36862,1,3.84615e-05,152,80,0,180
4772,55.8008,63.4533,1,3.84615e-05,-1,-1,0,180
4773,15.8488,104.166,1,3.84615e-05,141,32,0,180
4774,-76.0549,40.0441,1,3.84615e-05,72,25,0,180
4775,30.0428,65.8656,1,3.84615e-05,22,180,0,180
4776,10.9945,23.9185,1,3.84615e-05,156,97,0,180
4777,16.927,-8.30154,1,3.84615e-05,-1,-1,0,180
4778,63.8208,78.8611,1,3.84615e-05,-1,-1,0,180
4779,26.2421,46.5821,1,3.84615e-05,-1,-1,0,180
4780,13.3842,29.2817,1,3.84615e-05,6,171,0,180
4781,43.1161,79.4187,1,3.84615e-05,-1,-1,0,180
4782,47.4453,130.137,1,3.84615e-05,76,142,0,180
4783,-74.8839,7.93845,1,3.84615e-05,99,2,0,180
4784,26.1947,20.0392,1,3.84615e-05,112,91,0,180
4785,70.5069,-110.18,1,3.84615e-05,132,24,0,180
4786,69.0647,-143.378,1,3.84615e-05,53,2,0,180
4787,7.45505,-70.9977,1,3.84615e-05,22,118,0,180
4788,32.2706,-2.47597,1,3.84615e-05,156,96,0,180
4789,38.9944,-85.5646,1,3.84615e-05,149,58,0,180
4790,-14.5256,-74.9426,1,3.84615e-05,69,23,0,180
4791,38.3813,36.0282,1,3.84615e-05,12,151,0,180
4792,-67.8288,123.279,1,3.84615e-05,23,126,0,180
4793,5.3661,44.5794,1,3.84615e-05,162,8,0,180
4794,48.5472,-115.132,1,3.84615e-05,92,53,0,180
4795,-69.7902,56.8913,1,3.84615e-05,107,104,0,180
4796,-5.76499,37.8929,1,3.84615e-05,178,6,0,180
4797,-1.30445,28.284,1,3.84615e-05,-1,-1,0,180
4798,-5.51174,105.619,1,3.84615e-05,145,31,0,180
4799,31.319,112.196,1,3.84615e-05,1,138,0,180
4800,34.6922,116.806,1,3.84615e-05,-1,-1,0,180
4801,35.8393,38.5562,1,3.84615e-05,52,157,0,180
4802,25.0784,88.837,1,3.84615e-05,42,1,0,180
4803,37.4458,63.1866,1,3.84615e-05,-1,-1,0,180
4804,-5.04887,32.8146,1,3.84615e-05,2,79,0,180
4805,-7.16509,22.7604,1,3.84615e-05,115,85,0,180
4806,37.7635,71.2502,1,3.84615e-05,-1,-1,0,180
4807,6.86278,30.5658,1,3.84615e-05,5,171,0,180
4808,-70.3949,72.0883,1,3.84615e-05,136,101,0,180
4809,48.3878,29.1543,1,3.84615e-05,27,110,0,180
4810,-11.6638,27.732,1,3.84615e-05,-1,-1,0,180
4811,61.4101,73.1452,1,3.84615e-05,63,105,0,180
4812,53.4325,13.0221,1,3.84615e-05,2,85,0,180
4813,37.6522,-118.613,1,3.84615e-05,77,85,0,180
4814,-3.71317,20.8852,1,3.84615e-05,-1,-1,0,180
4815,55.7213,83.4191,1,3.84615e-05,85,197,0,180
4816,-71.36,14.1049,1,3.84615e-05,22,0,0,180
4817,-8.90028,-61.759,1,3.84615e-05,-1,-1,0,180
4818,-4.75017,-62.7356,1,3.84615e-05,97,134,0,180
4819,-32.0077,-63.3266,1,3.84615e-05,173,163,0,180
4820,70.5554,127.509,1,3.84615e-05,164,0,0,180
4821,-22.0973,24.8587,1,3.84615e-05,169,196,0,180
4822,13.4573,29.1146,1,3.84615e-05,6,171,0,180
4823,30.7469,86.4465,1,3.84615e-05,-1,-1,0,180
4824,22.3772,103.624,1,3.84615e-05,62,132,0,180
4825,15.0753,14.2602,1,3.84615e-05,-1,-1,0,180
4826,7.65067,-11.4909,1,3.84615e-05,167,174,0,180
4827,67.816,-52.15,1,3.84615e-05,115,75,0,180
4828,36.3999,-121.101,1,3.84615e-05,1,198,0,180
4829,35.1899,91.6606,1,3.84615e-05,160,29,0,180
4830,-1.21064,38.4203,1,3.84615e-05,-1,-1,0,180
4831,-22.4573,28.7518,1,3.84615e-05,158,81,0,180
4832,40.0167,-8.87849,1,3.84615e-05,54,96,0,180
4833,70.8244,92.2773,1,3.84615e-05,92,125,0,180
4834,-2.0878,21.8025,1,3.84615e-05,133,83,0,180
4835,29.974,13.1246,1,3.84615e-05,120,90,0,180
4836,37.2847,110.397,1,3.84615e-05,117,152,0,180
4837,56.7133,123.685,1,3.84615e-05,141,145,0,180
4838,4.37431,42.7362,1,3.84615e-05,52,186,0,180
4839,7.01945,39.5696,1,3.84615e-05,148,199,0,180
4840,63.8693,34.8224,1,3.84615e-05,29,170,0,180
4841,5.1757,117.977,1,3.84615e-05,165,40,0,180
4842,71.1718,-85.8364,1,3.84615e-05,72,79,0,180
4843,34.6793,97.77,1,3.84615e-05,146,159,0,180
4844,-20.6857,14.4393,1,3.84615e-05,78,61,0,180
4845,36.3223,95.7104,1,3.84615e-05,132,22,0,180
4846,31.8532,-84.1855,1,3.84615e-05,110,121,0,180
4847,5.22231,-59.4441,1,3.84615e-05,6,121,0,180
4848,58.6344,-70.4497,1,3.84615e-05,176,86,0,180
4849,1.98128,-71.7701,1,3.84615e-05,-1,-1,0,180
4850,64.0186,-51.7291,1,3.84615e-05,2,84,0,180
4851,51.8533,27.736,1,3.84615e-05,-1,-1,0,180
4852,-12.2719,-46.3905,1,3.84615e-05,127,157,0,180
4853,-23.6134,32.544,1,3.84615e-05,14,189,0,180
4854,-1.04959,-50.1535,1,3.84615e-05,106,41,0,180
4855,27.6629,-81.7457,1,3.84615e-05,96,29,0,180
4856,10.9808,47.1181,1,3.84615e-05,24,189,0,180
4857,-28.6934,-50.4577,1,3.84615e-05,1,16,0,180
4858,10.4338,15.5821,1,3.84615e-05,-1,-1,0,180
4859,4.43626,-61.8967,1,3.84615e-05,35,128,0,180
4860,43.9474,112.767,1,3.84615e-05,-1,-1,0,180
4861,20.9109,-101.196,1,3.84615e-05,157,114,0,180
4862,30.6473,74.3633,1,3.84615e-05,175,130,0,180
4863,48.8923,107.072,1,3.84615e-05,136,22,0,180
4864,-4.89657,143.262,1,3.84615e-05,2,36,0,180
4865,20.8384,31.9843,1,3.84615e-05,21,84,0,180
4866,42.99,1.28612,1,3.84615e-05,120,170,0,180
4867,-86.0968,-100.345,1,3.84615e-05,180,170,0,180
4868,48.3102,-110.921,1,3.84615e-05,110,82,0,180
4869,2.75462,24.6168,1,3.84615e-05,-1,-1,0,180
4870,-85.9252,12.3452,1,3.84615e-05,37,175,0,180
4871,69.7335,137.861,1,3.84615e-05,13,37,0,180
4872,50.3525,72.7355,1,3.84615e-05,173,167,0,180
4873,-11.9138,-68.9983,1,3.84615e-05,60,125,0,180
4874,60.0984,-134.201,1,3.84615e-05,171,102,0,180
4875,-15.3032,-70.1149,1,3.84615e-05,64,137,0,180
4876,25.0055,108.302,1,3.84615e-05,32,135,0,180
4877,-35.8765,-64.1141,1,3.84615e-05,113,169,0,180
4878,42.0858,59.8508,1,3.84615e-05,157,157,0,180
4879,-74.2801,23.8289,1,3.84615e-05,89,170,0,180
4880,-76.7731,-138.196,1,3.84615e-05,33,175,0,180
4881,25.8071,47.7306,1,3.84615e-05,-1,-1,0,180
4882,-31.6411,136.584,1,3.84615e-05,2,116,0,180
4883,-72.3195,143.217,1,3.84615e-05,8,71,0,180
4884,48.1995,-95.4909,1,3.84615e-05,129,25,0,180
4885,35.9178,64.6506,1,3.84615e-05,161,9,0,180
4886,-5.31705,142.982,1,3.84615e-05,2,36,0,180
4887,59.5104,98.3157,1,3.84615e-05,177,28,0,180
4888,-28.4889,-57.8836,1,3.84615e-05,36,27,0,180
4889,30.6154,109.185,1,3.84615e-05,88,12,0,180
4890,-6.94437,-36.0528,1,3.84615e-05,174,164,0,180
4891,13.8925,27.9111,1,3.84615e-05,16,170,0,180
4892,-0.122475,-54.3402,1,3.84615e-05,154,46,0,180
4893,52.1404,100.66,1,3.84615e-05,165,29,0,180
4894,-27.4154,132.663,1,3.84615e-05,156,66,0,180
4895,11.3957,106.758,1,3.84615e-05,69,28,0,180
4896,-20.405,-52.3649,1,3.84615e-05,133,156,0,180
4897,-3.73913,-67.8697,1,3.84615e-05,32,128,0,180
4898,-6.42462,-37.3354,1,3.84615e-05,177,57,0,180
4899,46.6501,120.03,1,3.84615e-05,2,165,0,180
4900,-22.2213,-52.2348,1,3.84615e-05,102,145,0,180
4901,32.4074,85.7883,1,3.84615e-05,-1,-1,0,180
4902,45.9038,99.7081,1,3.84615e-05,-1,-1,0,180
4903,-34.8483,118.217,1,3.84615e-05,74,51,0,180
4904,75.7233,-91.5083,1,3.84615e-05,23,108,0,180
4905,20.9671,-6.65474,1,3.84615e-05,6,67,0,180
4906,61.8951,-102.123,1,3.84615e-05,144,23,0,180
4907,21.1485,47.0858,1,3.84615e-05,-1,-1,0,180
4908,43.7637,84.6851,1,3.84615e-05,52,158,0,180
4909,55.7433,68.306,1,3.84615e-05,173,127,0,180
4910,64.5011,-117.676,1,3.84615e-05,177,78,0,180
4911,-33.2071,141.106,1,3.84615e-05,127,69,0,180
4912,23.9141,-102.571,1,3.84615e-05,83,91,0,180
4913,38.7332,92.8147,1,3.84615e-05,-1,-1,0,180
4914,-68.1492,42.5546,1,3.84615e-05,165,74,0,180
4915,-23.7288,135.334,1,3.84615e-05,178,64,0,180
4916,-70.5954,138.043,1,3.84615e-05,176,145,0,180
4917,19.1562,52.5537,1,3.84615e-05,-1,-1,0,180
4918,53.5163,-91.8159,1,3.84615e-05,144,128,0,180
4919,-28.5272,-49.3539,1,3.84615e-05,2,16,0,180
4920,9.60226,-1.75688,1,3.84615e-05,143,74,0,180
4921,44.205,75.7717,1,3.84615e-05,-1,-1,0,180
4922,-23.0143,138.58,1,3.84615e-05,-1,-1,0,180
4923,2.78298,22.2927,1,3.84615e-05,58,73,0,180
4924,-80.8756,16.1373,1,3.84615e-05,176,24,0,180
4925,71.4953,-106.51,1,3.84615e-05,113,26,0,180
4926,26.6925,-104.518,1,3.84615e-05,113,98,0,180
4927,65.6865,135.221,1,3.84615e-05,123,181,0,180
4928,23.4683,-100.93,1,3.84615e-05,1,14,0,180
4929,37.2923,56.1819,1,3.84615e-05,-1,-1,0,180
4930,32.3323,69.7606,1,3.84615e-05,-1,-1,0,180
4931,-22.1146,-61.179,1,3.84615e-05,162,153,0,180
4932,-43.3828,-69.0035,1,3.84615e-05,1,160,0,180
4933,-41.3482,145.045,1,3.84615e-05,44,112,0,180
4934,39.4098,-118.206,1,3.84615e-05,72,1,0,180
4935,21.3862,35.9614,1,3.84615e-05,-1,-1,0,180
4936,12.4895,3.85895,1,3.84615e-05,29,65,0,180
4937,-8.32892,-37.6199,1,3.84615e-05,147,50,0,180
4938,30.1208,-92.8182,1,3.84615e-05,147,127,0,180
4939,-3.21372,-66.2963,1,3.84615e-05,-1,-1,0,180
4940,-21.4221,33.9502,1,3.84615e-05,120,191,0,180
4941,-1.06417,12.8519,1,3.84615e-05,170,89,0,180
4942,45.3257,75.4554,1,3.84615e-05,82,197,0,180
4943,-80.598,9.73724,1,3.84615e-05,154,173,0,180
4944,60.7076,-74.5247,1,3.84615e-05,175,86,0,180
4945,1.54754,-60.6695,1,3.84615e-05,28,27,0,180
4946,64.112,-15.1962,1,3.84615e-05,31,74,0,180
4947,39.5962,74.0898,1,3.84615e-05,83,139,0,180
4948,44.8132,40.1002,1,3.84615e-05,-1,-1,0,180
4949,45.9291,86.9692,1,3.84615e-05,112,152,0,180
4950,4.28211,114.373,1,3.84615e-05,32,123,0,180
4951,30.5073,32.4575,1,3.84615e-05,178,115,0,180
4952,26.5135,-99.469,1,3.84615e-05,94,90,0,180
4953,50.2758,53.2723,1,3.84615e-05,158,131,0,180
4954,18.887,-88.7627,1,3.84615e-05,4,14,0,180
4955,53.9464,55.5576,1,3.84615e-05,-1,-1,0,180
4956,-22.2935,43.2693,1,3.84615e-05,62,197,0,180
4957,8.18948,125.624,1,3.84615e-05,166,40,0,180
4958,-4.47312,-58.0647,1,3.84615e-05,165,149,0,180
4959,25.8517,71.0048,1,3.84615e-05,38,110,0,180
4960,52.4532,142.838,1,3.84615e-05,-1,-1,0,180
4961,26.0749,74.4345,1,3.84615e-05,171,128,0,180
4962,-9.64202,-70.9479,1,3.84615e-05,69,124,0,180
4963,0.516006,123.064,1,3.84615e-05,164,40,0,180
4964,37.2507,50.104,1,3.84615e-05,-1,-1,0,180
4965,48.8181,13.0821,1,3.84615e-05,152,117,0,180
4966,41.8024,-97.7834,1,3.84615e-05,-1,-1,0,180
4967,-24.0763,126.051,1,3.84615e-05,40,42,0,180
4968,14.5694,76.8111,1,3.84615e-05,81,116,0,180
4969,79.4133,-45.9639,1,3.84615e-05,172,126,0,180
4970,-29.7279,29.2254,1,3.84615e-05,160,12,0,180
4971,-21.6371,45.5972,1,3.84615e-05,82,89,0,180
4972,32.0583,100.98,1,3.84615e-05,-1,-1,0,180
4973,44.5434,-105.631,1,3.84615e-05,-1,-1,0,180
4974,35.4059,77.4684,1,3.84615e-05,169,128,0,180
4975,60.158,114.679,1,3.84615e-05,-1,-1,0,180
4976,12.3647,-12.6384,1,3.84615e-05,67,61,0,180
4977,-7.00249,-51.5116,1,3.84615e-05,-1,-1,0,180
4978,50.4397,-70.5401,1,3.84615e-05,-1,-1,0,180
4979,5.73121,33.9139,1,3.84615e-05,167,197,0,180
4980,19.8602,-103.769,1,3.84615e-05,72,92,0,180
4981,37.8693,99.3567,1,3.84615e-05,-1,-1,0,180
4982,48.7375,8.29039,1,3.84615e-05,82,114,0,180
4983,-72.1643,63.7473,1,3.84615e-05,158,75,0,180
4984,56.6219,114.829,1,3.84615e-05,-1,-1,0,180
4985,9.26415,44.605,1,3.84615e-05,163,106,0,180
4986,-27.3998,119.876,1,3.84615e-05,91,36,0,180
4987,-38.7938,145.154,1,3.84615e-05,52,147,0,180
4988,-8.53732,26.6607,1,3.84615e-05,-1,-1,0,180
4989,33.2759,101.612,1,3.84615e-05,167,157,0,180
4990,50.3514,-61.2982,1,3.84615e-05,42,62,0,180
4991,-83.1586,-112.835,1,3.84615e-05,165,122,0,180
4992,68.7884,-72.4202,1,3.84615e-05,168,126,0,180
4993,-7.62214,-41.9836,1,3.84615e-05,138,156,0,180
4994,-25.9912,21.6356,1,3.84615e-05,167,196,0,180
4995,-6.90922,-58.8529,1,3.84615e-05,155,46,0,180
4996,42.1452,97.9947,1,3.84615e-05,148,32,0,180
4997,-77.7944,-11.7071,1,3.84615e-05,98,2,0,180
4998,50.2253,-3.56886,1,3.84615e-05,78,87,0,180
4999,23.1034,21.9613,1,3.84615e-05,-1,-1,0,180
5000,26.664,32.6747,1,3.84615e-05,-1,-1,0,180
5001,-1.31268,111.593,1,3.84615e-05,136,32,0,180
5002,47.7642,28.7067,1,3.84615e-05,151,157,0,180
5003,-14.0437,-72.2652,1,3.84615e-05,122,39,0,180
5004,-5.18544,32.4966,1,3.84615e-05,-1,-1,0,180
5005,23.6923,76.0256,1,3.84615e-05,176,130,0,180
5006,-39.5329,-65.3626,1,3.84615e-05,92,161,0,180
5007,25.7153,48.9962,1,3.84615e-05,-1,-1,0,180
5008,-15.9,30.3105,1,3.84615e-05,1,69,0,180
5009,-32.6876,-65.5651,1,3.84615e-05,129,156,0,180
5010,-80.7892,-76.5048,1,3.84615e-05,92,34,0,180
5011,37.8213,21.0498,1,3.84615e-05,1,78,0,180
5012,52.3223,-0.820984,1,3.84615e-05,110,111,0,180
5013,53.7542,86.4321,1,3.84615e-05,144,120,0,180
5014,62.6991,104.608,1,3.84615e-05,-1,-1,0,180
5015,1.39899,33.7037,1,3.84615e-05,84,88,0,180
5016,56.3202,59.6385,1,3.84615e-05,-1,-1,0,180
5017,24.4341,-107.271,1,3.84615e-05,102,99,0,180
5018,-25.2334,127.662,1,3.84615e-05,155,134,0,180
5019,27.4133,-9.62462,1,3.84615e-05,137,74,0,180
5020,25.9023,116.129,1,3.84615e-05,-1,-1,0,180
5021,-15.5303,-56.4283,1,3.84615e-05,-1,-1,0,180
5022,53.7714,-0.0136719,1,3.84615e-05,2,112,0,180
5023,7.13927,9.71121,1,3.84615e-05,139,82,0,180
5024,25.5786,37.054,1,3.84615e-05,-1,-1,0,180
5025,47.6295,101.457,1,3.84615e-05,129,162,0,180
5026,28.6292,2.72034,1,3.84615e-05,168,95,0,180
5027,39.1358,-0.370392,1,3.84615e-05,130,82,0,180
5028,4.52611,-70.0452,1,3.84615e-05,135,37,0,180
5029,77.9722,22.5282,1,3.84615e-05,135,107,0,180
5030,-34.7807,-64.8784,1,3.84615e-05,129,13,0,180
5031,13.37,-9.1541,1,3.84615e-05,178,173,0,180
5032,71.2369,-75.2118,1,3.84615e-05,120,121,0,180
5033,67.6883,17.7633,1,3.84615e-05,31,170,0,180
5034,27.0874,81.6839,1,3.84615e-05,-1,-1,0,180
5035,-78.6095,-24.3694,1,3.84615e-05,1,144,0,180
5036,1.84583,100.901,1,3.84615e-05,175,131,0,180
5037,61.2238,94.1188,1,3.84615e-05,168,186,0,180
5038,-15.7477,-40.6986,1,3.84615e-05,150,47,0,180
5039,-19.3193,48.4464,1,3.84615e-05,136,15,0,180
5040,56.1884,-89.1629,1,3.84615e-05,155,60,0,180
5041,1.51834,-60.3193,1,3.84615e-05,28,27,0,180
5042,63.7591,78.5833,1,3.84615e-05,-1,-1,0,180
5043,65.2524,-175.842,1,3.84615e-05,160,1,0,180
5044,56.6946,44.6061,1,3.84615e-05,-1,-1,0,180
5045,35.8694,84.6342,1,3.84615e-05,173,156,0,180
5046,60.9516,-99.5836,1,3.84615e-05,104,83,0,180
5047,8.44558,-73.1587,1,3.84615e-05,-1,-1,0,180
5048,70.3061,144.925,1,3.84615e-05,-1,-1,0,180
5049,13.9743,106.435,1,3.84615e-05,83,130,0,180
5050,66.8117,149.738,1,3.84615e-05,-1,-1,0,180
5051,49.5401,11.3083,1,3.84615e-05,171,139,0,180
5052,41.735,47.0098,1,3.84615e-05,-1,-1,0,180
5053,-24.0705,146.172,1,3.84615e-05,78,132,0,180
5054,26.0322,-98.4039,1,3.84615e-05,165,125,0,180
5055,12.7862,-4.80739,1,3.84615e-05,159,175,0,180
5056,45.7055,-120.788,1,3.84615e-05,99,83,0,180
5057,-72.5738,113.117,1,3.84615e-05,103,71,0,180
5058,69.6528,-48.8931,1,3.84615e-05,82,125,0,180
5059,-31.1458,144.929,1,3.84615e-05,110,139,0,180
5060,80.4355,-58.0077,1,3.84615e-05,169,141,0,180
5061,-72.4188,93.4498,1,3.84615e-05,168,121,0,180
5062,32.9124,-80.1024,1,3.84615e-05,166,33,0,180
5063,30.7626,63.8923,1,3.84615e-05,88,196,0,180
5064,34.8252,115.063,1,3.84615e-05,139,17,0,180
5065,3.31782,-60.3192,1,3.84615e-05,109,133,0,180
5066,-78.0625,14.084,1,3.84615e-05,-1,-1,0,180
5067,19.4157,-101.661,1,3.84615e-05,56,103,0,180
5068,14.3425,9.84926,1,3.84615e-05,-1,-1,0,180
5069,-6.1616,26.3444,1,3.84615e-05,-1,-1,0,180
5070,39.6374,47.6702,1,3.84615e-05,168,198,0,180
5071,-33.4366,115.227,1,3.84615e-05,76,48,0,180
5072,-8.25473,-65.322,1,3.84615e-05,22,129,0,180
5073,21.985,21.1522,1,3.84615e-05,123,90,0,180
5074,53.0569,-67.8097,1,3.84615e-05,1,66,0,180
5075,-0.147339,-65.1364,1,3.84615e-05,47,25,0,180
5076,13.9139,38.4044,1,3.84615e-05,93,182,0,180
5077,-3.6551,-59.4702,1,3.84615e-05,14,120,0,180
5078,7.46768,10.355,1,3.84615e-05,166,184,0,180
5079,50.7958,97.9533,1,3.84615e-05,-1,-1,0,180
5080,-12.906,17.2089,1,3.84615e-05,122,188,0,180
5081,21.519,53.3484,1,3.84615e-05,154,118,0,180
5082,32.6363,-96.3708,1,3.84615e-05,66,93,0,180
5083,26.5148,23.117,1,3.84615e-05,52,97,0,180
5084,-10.1124,36.4773,1,3.84615e-05,134,190,0,180
5085,45.8451,18.6708,1,3.84615e-05,1,136,0,180
5086,-2.51443,31.3506,1,3.84615e-05,2,171,0,180
5087,70.7979,103.443,1,3.84615e-05,94,7,0,180
5088,25.0148,13.5103,1,3.84615e-05,130,160,0,180
5089,39.1776,49.8492,1,3.84615e-05,158,199,0,180
5090,1.00184,31.6629,1,3.84615e-05,-1,-1,0,180
5091,42.5294,26.0119,1,3.84615e-05,-1,-1,0,180
5092,62.439,111.39,1,3.84615e-05,-1,-1,0,180
5093,62.8484,100.096,1,3.84615e-05,52,1,0,180
5094,-4.2252,136.893,1,3.84615e-05,12,35,0,180
5095,10.322,49.5248,1,3.84615e-05,-1,-1,0,180
5096,14.5932,0.0126038,1,3.84615e-05,28,65,0,180
5097,42.575,-71.1636,1,3.84615e-05,103,122,0,180
5098,-79.9586,-131.458,1,3.84615e-05,163,109,0,180
5099,-2.67958,31.5915,1,3.84615e-05,2,171,0,180
5100,53.4526,-89.7168,1,3.84615e-05,57,60,0,180
5101,63.9345,-106.843,1,3.84615e-05,96,28,0,180
5102,-73.2681,-64.9286,1,3.84615e-05,23,31,0,180
5103,-7.62699,-37.2272,1,3.84615e-05,173,164,0,180
5104,42.4824,140.183,1,3.84615e-05,35,18,0,180
5105,24.6382,44.0811,1,3.84615e-05,153,199,0,180
5106,67.3476,37.631,1,3.84615e-05,11,172,0,180
5107,-3.46241,30.2009,1,3.84615e-05,-1,-1,0,180
5108,-71.2855,41.7325,1,3.84615e-05,178,24,0,180
5109,4.86325,44.102,1,3.84615e-05,-1,-1,0,180
5110,-68.7816,140.095,1,3.84615e-05,96,72,0,180
5111,43.5859,106.907,1,3.84615e-05,-1,-1,0,180
5112,-39.1383,176.367,1,3.84615e-05,26,138,0,180
5113,-34.4945,-55.9201,1,3.84615e-05,147,140,0,180
5114,18.4653,54.2818,1,3.84615e-05,166,8,0,180
5115,61.3754,138.443,1,3.84615e-05,164,187,0,180
5116,34.1981,-107.491,1,3.84615e-05,-1,-1,0,180
5117,38.1196,-97.5218,1,3.84615e-05,-1,-1,0,180
5118,5.59914,42.7318,1,3.84615e-05,99,194,0,180
5119,54.023,65.4185,1,3.84615e-05,-1,-1,0,180
5120,49.5672,5.4969,1,3.84615e-05,13,111,0,180
5121,-74.3869,10.4397,1,3.84615e-05,109,1,0,180
5122,-21.6705,117.814,1,3.84615e-05,112,34,0,180
5123,-7.02908,140.537,1,3.84615e-05,114,58,0,180
5124,0.614876,-79.6756,1,3.84615e-05,38,116,0,180
5125,29.3544,-114.137,1,3.84615e-05,18,12,0,180
5126,72.2537,-22.2963,1,3.84615e-05,12,147,0,180
5127,-23.4441,114.157,1,3.84615e-05,111,34,0,180
5128,10.7916,3.90376,1,3.84615e-05,1,151,0,180
5129,36.6359,81.6164,1,3.84615e-05,-1,-1,0,180
5130,27.5773,-7.75676,1,3.84615e-05,166,95,0,180
5131,22.1617,72.4589,1,3.84615e-05,78,116,0,180
5132,10.0843,12.4714,1,3.84615e-05,129,83,0,180
5133,46.9688,118.795,1,3.84615e-05,12,124,0,180
5134,27.7579,111.512,1,3.84615e-05,169,157,0,180
5135,55.3006,133.474,1,3.84615e-05,5,26,0,180
5136,17.6563,25.1648,1,3.84615e-05,79,88,0,180
5137,67.3549,153.059,1,3.84615e-05,105,196,0,180
5138,-82.3809,122.561,1,3.84615e-05,172,36,0,180
5139,53.3738,49.783,1,3.84615e-05,137,133,0,180
5140,10.3324,-73.566,1,3.84615e-05,72,22,0,180
5141,57.9595,126.639,1,3.84615e-05,172,186,0,180
5142,10.2204,37.1603,1,3.84615e-05,-1,-1,0,180
5143,36.215,-85.4889,1,3.84615e-05,-1,-1,0,180
5144,28.7236,15.7657,1,3.84615e-05,12,77,0,180
5145,-25.8277,125.935,1,3.84615e-05,96,59,0,180
5146,40.0642,-4.63611,1,3.84615e-05,46,131,0,180
5147,53.7142,-61.6162,1,3.84615e-05,22,64,0,180
5148,-10.2653,-67.666,1,3.84615e-05,105,133,0,180
5149,65.9698,93.9658,1,3.84615e-05,-1,-1,0,180
5150,41.4182,60.3605,1,3.84615e-05,101,164,0,180
5151,27.159,-99.3872,1,3.84615e-05,94,90,0,180
5152,32.6841,-105.581,1,3.84615e-05,-1,-1,0,180
5153,13.0182,-16.2554,1,3.84615e-05,180,70,0,180
5154,49.4748,-54.7448,1,3.84615e-05,72,69,0,180
5155,14.5537,-11.4074,1,3.84615e-05,143,168,0,180
5156,-6.09097,-36.9879,1,3.84615e-05,137,51,0,180
5157,54.708,121.269,1,3.84615e-05,56,32,0,180
5158,48.7982,-106.039,1,3.84615e-05,117,48,0,180
5159,-73.8861,15.4581,1,3.84615e-05,110,1,0,180
5160,48.5524,62.221,1,3.84615e-05,-1,-1,0,180
5161,58.5559,120.719,1,3.84615e-05,160,143,0,180
5162,29.1347,63.3485,1,3.84615e-05,140,1,0,180
5163,-68.6603,57.3937,1,3.84615e-05,157,75,0,180
5164,-1.43709,-49.163,1,3.84615e-05,173,57,0,180
5165,15.3475,19.7513,1,3.84615e-05,-1,-1,0,180
5166,-69.9486,-67.2734,1,3.84615e-05,12,190,0,180
5167,53.1771,-9.70621,1,3.84615e-05,63,71,0,180
5168,26.6765,90.9926,1,3.84615e-05,158,29,0,180
5169,19.5238,56.8571,1,3.84615e-05,136,1,0,180
5170,27.7715,25.3299,1,3.84615e-05,172,184,0,180
5171,-69.7577,150.38,1,3.84615e-05,33,31,0,180
5172,-22.1151,30.4509,1,3.84615e-05,24,188,0,180
5173,-7.6274,24.6927,1,3.84615e-05,124,84,0,180
5174,46.1717,4.66747,1,3.84615e-05,102,172,0,180
5175,-27.6334,25.2212,1,3.84615e-05,32,187,0,180
5176,40.343,47.2412,1,3.84615e-05,-1,-1,0,180
5177,66.5444,-83.8363,1,3.84615e-05,129,120,0,180
5178,18.6942,95.5166,1,3.84615e-05,122,18,0,180
5179,63.3831,110.002,1,3.84615e-05,72,9,0,180
5180,40.537,110.164,1,3.84615e-05,52,120,0,180
5181,32.4967,-7.23721,1,3.84615e-05,4,67,0,180
5182,21.7714,5.51125,1,3.84615e-05,125,83,0,180
5183,2.8289,44.9777,1,3.84615e-05,-1,-1,0,180
5184,-16.451,-65.3271,1,3.84615e-05,65,137,0,180
5185,-2.52686,115.777,1,3.84615e-05,-1,-1,0,180
5186,16.6053,97.9902,1,3.84615e-05,141,134,0,180
5187,29.2637,-4.93079,1,3.84615e-05,173,174,0,180
5188,34.6563,98.9762,1,3.84615e-05,-1,-1,0,180
5189,-81.7507,-127.942,1,3.84615e-05,178,35,0,180
5190,72.7799,-79.1242,1,3.84615e-05,179,125,0,180
5191,-68.4172,89.2347,1,3.84615e-05,22,79,0,180
5192,30.3493,17.127,1,3.84615e-05,111,162,0,180
5193,51.0077,118.266,1,3.84615e-05,-1,-1,0,180
5194,-6.99319,140.289,1,3.84615e-05,114,58,0,180
5195,13.5589,-13.7679,1,3.84615e-05,-1,-1,0,180
5196,-12.6646,-43.2444,1,3.84615e-05,97,150,0,180
5197,33.5536,68.7006,1,3.84615e-05,52,107,0,180
5198,10.7664,18.0484,1,3.84615e-05,167,184,0,180
5199,-24.992,120.565,1,3.84615e-05,126,56,0,180
5200,-84.5895,61.0491,1,3.84615e-05,149,100,0,180
5201,-13.8066,-48.6441,1,3.84615e-05,124,143,0,180
5202,-1.23769,115.787,1,3.84615e-05,153,41,0,180
5203,23.8695,-105.481,1,3.84615e-05,38,5,0,180
5204,22.5574,-11.3255,1,3.84615e-05,-1,-1,0,180
5205,56.7427,-125.618,1,3.84615e-05,158,87,0,180
5206,66.4681,156.168,1,3.84615e-05,29,181,0,180
5207,17.3026,17.3934,1,3.84615e-05,-1,-1,0,180
5208,-16.4417,35.1632,1,3.84615e-05,118,85,0,180
5209,62.8374,-107.885,1,3.84615e-05,163,21,0,180
5210,63.5456,152.376,1,3.84615e-05,106,183,0,180
5211,-80.5283,71.0717,1,3.84615e-05,130,102,0,180
5212,26.9575,-3.62024,1,3.84615e-05,5,67,0,180
5213,-2.72954,-44.4435,1,3.84615e-05,87,43,0,180
5214,-27.2392,22.0436,1,3.84615e-05,157,197,0,180
5215,-13.0534,-43.045,1,3.84615e-05,97,150,0,180
5216,-85.401,-22.0494,1,3.84615e-05,172,171,0,180
5217,7.72401,-8.65598,1,3.84615e-05,68,61,0,180
5218,65.1069,-112.836,1,3.84615e-05,172,20,0,180
5219,59.4814,100.537,1,3.84615e-05,-1,-1,0,180
5220,58.6598,106.486,1,3.84615e-05,32,180,0,180
5221,33.9176,-87.1306,1,3.84615e-05,163,114,0,180
5222,38.2002,-81.6094,1,3.84615e-05,165,33,0,180
5223,24.5035,44.9888,1,3.84615e-05,153,199,0,180
5224,23.5509,20.9247,1,3.84615e-05,-1,-1,0,180
5225,44.4661,117.176,1,3.84615e-05,2,125,0,180
5226,-9.83947,16.4772,1,3.84615e-05,71,72,0,180
5227,22.9689,20.469,1,3.84615e-05,-1,-1,0,180
5228,-21.3533,142.08,1,3.84615e-05,169,65,0,180
5229,33.6672,58.277,1,3.84615e-05,-1,-1,0,180
5230,38.3388,62.7298,1,3.84615e-05,109,194,0,180
5231,5.36303,-59.7488,1,3.84615e-05,6,121,0,180
5232,22.0085,77.0041,1,3.84615e-05,-1,-1,0,180
5233,-5.68978,31.2076,1,3.84615e-05,32,76,0,180
5234,-0.234795,-70.9147,1,3.84615e-05,2,15,0,180
5235,41.1948,82.4799,1,3.84615e-05,82,155,0,180
5236,-26.024,-50.1924,1,3.84615e-05,58,36,0,180
5237,72.2357,92.5613,1,3.84615e-05,175,30,0,180
5238,37.8631,35.5364,1,3.84615e-05,148,118,0,180
5239,-25.3574,-60.3135,1,3.84615e-05,-1,-1,0,180
5240,46.9607,-0.38295,1,3.84615e-05,150,117,0,180
5241,-1.66396,36.5834,1,3.84615e-05,-1,-1,0,180
5242,46.8453,1.90356,1,3.84615e-05,89,86,0,180
5243,29.6757,116.839,1,3.84615e-05,140,150,0,180
5244,-78.0941,79.5898,1,3.84615e-05,52,100,0,180
5245,-11.5777,32.7273,1,3.84615e-05,123,191,0,180
5246,6.91271,30.0078,1,3.84615e-05,5,171,0,180
5247,49.0152,20.6192,1,3.84615e-05,42,132,0,180
5248,16.5695,98.8437,1,3.84615e-05,142,134,0,180
5249,-32.8358,-64.1873,1,3.84615e-05,143,166,0,180
5250,-40.5364,176.913,1,3.84615e-05,45,92,0,180
5251,-68.4718,134.139,1,3.84615e-05,107,142,0,180
5252,19.319,48.0876,1,3.84615e-05,-1,-1,0,180
5253,59.0327,103.994,1,3.84615e-05,62,0,0,180
5254,18.4535,36.3503,1,3.84615e-05,112,180,0,180
5255,66.9415,76.4842,1,3.84615e-05,-1,-1,0,180
5256,12.5636,-14.1717,1,3.84615e-05,-1,-1,0,180
5257,-1.28398,-59.6239,1,3.84615e-05,-1,-1,0,180
5258,66.2874,-131.491,1,3.84615e-05,166,79,0,180
5259,38.7197,22.0497,1,3.84615e-05,32,179,0,180
5260,17.468,28.4279,1,3.84615e-05,40,82,0,180
5261,7.66462,-75.2911,1,3.84615e-05,12,119,0,180
5262,17.2152,106.826,1,3.84615e-05,150,31,0,180
5263,43.6673,45.3159,1,3.84615e-05,-1,-1,0,180
5264,-3.07019,103.044,1,3.84615e-05,65,28,0,180
5265,9.09032,7.98976,1,3.84615e-05,12,150,0,180
5266,-54.5418,-68.3909,1,3.84615e-05,12,0,0,180
5267,31.6536,73.9439,1,3.84615e-05,-1,-1,0,180
5268,10.0048,-63.3949,1,3.84615e-05,-1,-1,0,180
5269,-82.6252,19.2934,1,3.84615e-05,-1,-1,0,180
5270,64.5379,18.1613,1,3.84615e-05,97,173,0,180
5271,44.5626,77.0543,1,3.84615e-05,-1,-1,0,180
5272,-66.9641,137.132,1,3.84615e-05,165,146,0,180
5273,-83.0656,-82.6281,1,3.84615e-05,-1,-1,0,180
5274,22.7491,2.04295,1,3.84615e-05,92,152,0,180
5275,-14.3799,131.704,1,3.84615e-05,160,53,0,180
5276,62.7526,106.339,1,3.84615e-05,169,142,0,180
5277,22.1975,9.98393,1,3.84615e-05,-1,-1,0,180
5278,-11.3476,-37.6803,1,3.84615e-05,158,59,0,180
5279,-70.0983,16.277,1,3.84615e-05,140,8,0,180
5280,65.463,149.604,1,3.84615e-05,-1,-1,0,180
5281,28.2676,69.5028,1,3.84615e-05,81,104,0,180
5282,4.032,-71.6905,1,3.84615e-05,158,138,0,180
5283,-69.1002,-70.8856,1,3.84615e-05,44,7,0,180
5284,68.541,71.0194,1,3.84615e-05,111,123,0,180
5285,53.9704,10.3633,1,3.84615e-05,122,110,0,180
5286,-78.0246,-110.786,1,3.84615e-05,-1,-1,0,180
5287,8.13985,-75.679,1,3.84615e-05,82,21,0,180
5288,49.0638,116.255,1,3.84615e-05,32,162,0,180
5289,19.5189,84.0222,1,3.84615e-05,-1,-1,0,180
5290,-18.1127,18.3818,1,3.84615e-05,-1,-1,0,180
5291,50.3453,107.186,1,3.84615e-05,103,37,0,180
5292,-73.5301,131.671,1,3.84615e-05,147,148,0,180
5293,-83.3035,46.9427,1,3.84615e-05,178,107,0,180
5294,70.3175,-73.7795,1,3.84615e-05,171,79,0,180
5295,-1.00279,24.1971,1,3.84615e-05,-1,-1,0,180
5296,3.86887,-65.7847,1,3.84615e-05,129,131,0,180
5297,60.6053,-143.444,1,3.84615e-05,15,173,0,180
5298,63.8587,53.7074,1,3.84615e-05,139,107,0,180
5299,3.39147,-54.0971,1,3.84615e-05,104,41,0,180
5300,-4.30794,136.534,1,3.84615e-05,12,35,0,180
5301,49.8364,43.5637,1,3.84615e-05,-1,-1,0,180
5302,-35.1702,-65.2702,1,3.84615e-05,108,158,0,180
5303,30.936,103.841,1,3.84615e-05,-1,-1,0,180
5304,20.8821,4.71465,1,3.84615e-05,160,96,0,180
5305,28.9343,28.042,1,3.84615e-05,-1,-1,0,180
5306,8.50379,-78.0365,1,3.84615e-05,168,137,0,180
5307,41.8717,126.501,1,3.84615e-05,1,26,0,180
5308,-69.5166,80.6546,1,3.84615e-05,69,108,0,180
5309,12.3176,30.0806,1,3.84615e-05,-1,-1,0,180
5310,74.3985,101.893,1,3.84615e-05,-1,-1,0,180
5311,37.5947,115.759,1,3.84615e-05,-1,-1,0,180
5312,79.0689,-88.9921,1,3.84615e-05,63,104,0,180
5313,46.9967,81.9808,1,3.84615e-05,12,152,0,180
5314,-2.36338,15.6546,1,3.84615e-05,-1,-1,0,180
5315,-12.0568,22.7486,1,3.84615e-05,-1,-1,0,180
5316,-17.4056,-40.9879,1,3.84615e-05,171,164,0,180
5317,26.7756,71.5848,1,3.84615e-05,67,117,0,180
5318,0.502167,-76.408,1,3.84615e-05,92,122,0,180
5319,54.7925,-66.136,1,3.84615e-05,151,34,0,180
5320,54.3965,73.1305,1,3.84615e-05,-1,-1,0,180
5321,-76.931,43.0254,1,3.84615e-05,176,107,0,180
5322,74.345,-51.7968,1,3.84615e-05,141,129,0,180
5323,41.5796,-103.496,1,3.84615e-05,22,81,0,180
5324,32.0693,2.00174,1,3.84615e-05,-1,-1,0,180
5325,15.6561,23.6238,1,3.84615e-05,159,185,0,180
5326,-12.1039,132.595,1,3.84615e-05,63,133,0,180
5327,12.9163,28.5356,1,3.84615e-05,-1,-1,0,180
5328,-24.1638,-69.3373,1,3.84615e-05,62,137,0,180
5329,82.4576,-46.0845,1,3.84615e-05,179,140,0,180
5330,-5.02277,143.806,1,3.84615e-05,3,36,0,180
5331,34.1905,73.72,1,3.84615e-05,174,130,0,180
5332,-23.668,22.6255,1,3.84615e-05,168,196,0,180
5333,-72.061,143.962,1,3.84615e-05,8,71,0,180
5334,60.4851,-138.131,1,3.84615e-05,105,75,0,180
5335,32.7169,45.8927,1,3.84615e-05,102,113,0,180
5336,1.11789,-77.7732,1,3.84615e-05,165,34,0,180
5337,20.6366,-100.655,1,3.84615e-05,22,97,0,180
5338,21.1327,41.0979,1,3.84615e-05,172,116,0,180
5339,25.5495,21.6723,1,3.84615e-05,91,164,0,180
5340,9.33354,-75.03,1,3.84615e-05,179,43,0,180
5341,56.2436,26.3575,1,3.84615e-05,73,139,0,180
5342,-26.3082,26.9382,1,3.84615e-05,2,56,0,180
5343,20.2932,85.3381,1,3.84615e-05,156,29,0,180
5344,36.0306,-117.103,1,3.84615e-05,172,92,0,180
5345,49.5865,-89.1414,1,3.84615e-05,62,22,0,180
5346,58.7847,139.663,1,3.84615e-05,145,189,0,180
5347,55.2248,124.32,1,3.84615e-05,142,145,0,180
5348,10.4466,33.2454,1,3.84615e-05,-1,-1,0,180
5349,52.4539,24.0637,1,3.84615e-05,65,116,0,180
5350,-84.0316,-7.88103,1,3.84615e-05,136,28,0,180
5351,-9.53343,22.3697,1,3.84615e-05,-1,-1,0,180
5352,72.4813,-31.355,1,3.84615e-05,148,143,0,180
5353,-5.32352,36.7184,1,3.84615e-05,135,190,0,180
5354,72.3082,-76.3529,1,3.84615e-05,-1,-1,0,180
5355,46.805,1.36929,1,3.84615e-05,89,86,0,180
5356,46.775,52.6973,1,3.84615e-05,-1,-1,0,180
5357,45.5004,-114.925,1,3.84615e-05,12,51,0,180
5358,26.2524,10.0324,1,3.84615e-05,-1,-1,0,180
5359,-78.7405,75.6211,1,3.84615e-05,167,108,0,180
5360,-77.6112,-101.346,1,3.84615e-05,173,146,0,180
5361,53.6885,142.728,1,3.84615e-05,-1,-1,0,180
5362,32.2246,-6.34232,1,3.84615e-05,4,67,0,180
5363,0.063942,-74.9253,1,3.84615e-05,156,35,0,180
5364,-21.8146,136.693,1,3.84615e-05,158,66,0,180
5365,32.1766,-7.03424,1,3.84615e-05,4,67,0,180
5366,40.2527,128.931,1,3.84615e-05,52,32,0,180
5367,6.0461,23.6937,1,3.84615e-05,102,86,0,180
5368,-15.7655,31.1179,1,3.84615e-05,127,84,0,180
5369,-3.51551,36.5694,1,3.84615e-05,-1,-1,0,180
5370,39.6512,38.9018,1,3.84615e-05,-1,-1,0,180
5371,14.9148,45.1637,1,3.84615e-05,-1,-1,0,180
5372,20.571,-9.98416,1,3.84615e-05,164,166,0,180
5373,61.892,97.9048,1,3.84615e-05,172,30,0,180
5374,-23.2588,45.4098,1,3.84615e-05,134,15,0,180
5375,18.2548,104.571,1,3.84615e-05,160,30,0,180
5376,34.5036,-92.3422,1,3.84615e-05,131,47,0,180
5377,50.4754,-86.0024,1,3.84615e-05,173,125,0,180
5378,-73.2543,49.5401,1,3.84615e-05,156,109,0,180
5379,-9.93285,-54.6673,1,3.84615e-05,2,121,0,180
5380,57.7684,61.7801,1,3.84615e-05,-1,-1,0,180
5381,31.6713,101.673,1,3.84615e-05,156,15,0,180
5382,59.9275,130.591,1,3.84615e-05,-1,-1,0,180
5383,50.3334,73.1239,1,3.84615e-05,173,167,0,180
5384,-1.40996,121.187,1,3.84615e-05,-1,-1,0,180
5385,-15.9793,27.6221,1,3.84615e-05,146,82,0,180
5386,-11.4665,-45.053,1,3.84615e-05,35,38,0,180
5387,-82.2014,-98.165,1,3.84615e-05,144,149,0,180
5388,-6.84102,-39.6561,1,3.84615e-05,157,59,0,180
5389,-30.1937,-57.2504,1,3.84615e-05,111,158,0,180
5390,43.5385,10.0915,1,3.84615e-05,177,154,0,180
5391,62.7586,126.266,1,3.84615e-05,130,146,0,180
5392,63.7557,-108.666,1,3.84615e-05,96,28,0,180
5393,-76.8346,25.4581,1,3.84615e-05,2,2,0,180
5394,57.881,-128.573,1,3.84615e-05,115,74,0,180
5395,57.6106,-117.992,1,3.84615e-05,142,105,0,180
5396,37.6748,44.0193,1,3.84615e-05,-1,-1,0,180
5397,43.0283,119.588,1,3.84615e-05,171,14,0,180
5398,70.0155,158.957,1,3.84615e-05,-1,-1,0,180
5399,-77.0028,163.248,1,3.84615e-05,129,175,0,180
5400,-24.5896,118.101,1,3.84615e-05,83,37,0,180
5401,-17.9588,-70.7786,1,3.84615e-05,141,37,0,180
5402,65.9153,177.667,1,3.84615e-05,176,176,0,180
5403,-19.2249,-48.6081,1,3.84615e-05,125,157,0,180
5404,60.1308,153.537,1,3.84615e-05,9,183,0,180
5405,40.7552,38.1348,1,3.84615e-05,-1,-1,0,180
5406,57.6706,130.051,1,3.84615e-05,-1,-1,0,180
5407,29.9254,115.08,1,3.84615e-05,-1,-1,0,180
5408,31.0653,44.5898,1,3.84615e-05,-1,-1,0,180
5409,-74.7003,20.584,1,3.84615e-05,12,1,0,180
5410,13.6747,7.75114,1,3.84615e-05,172,95,0,180
5411,56.7105,-70.8657,1,3.84615e-05,169,32,0,180
5412,33.4171,81.4393,1,3.84615e-05,-1,-1,0,180
5413,1.36861,16.472,1,3.84615e-05,4,68,0,180
5414,35.8131,70.5161,1,3.84615e-05,13,181,0,180
5415,-3.12405,-61.897,1,3.84615e-05,-1,-1,0,180
5416,47.3285,-71.2502,1,3.84615e-05,-1,-1,0,180
5417,-86.2411,91.4872,1,3.84615e-05,123,31,0,180
5418,-49.1706,-69.1506,1,3.84615e-05,1,1,0,180
5419,-13.7212,-41.9579,1,3.84615e-05,140,48,0,180
5420,13.6264,27.7223,1,3.84615e-05,16,170,0,180
5421,48.6765,109.963,1,3.84615e-05,131,34,0,180
5422,-80.0161,158.38,1,3.84615e-05,139,174,0,180
5423,13.4042,28.927,1,3.84615e-05,6,171,0,180
5424,-74.7981,5.26564,1,3.84615e-05,99,2,0,180
5425,29.4893,-108.205,1,3.84615e-05,143,95,0,180
5426,12.8963,3.7233,1,3.84615e-05,29,65,0,180
5427,42.3448,119.593,1,3.84615e-05,-1,-1,0,180
5428,12.6794,106.533,1,3.84615e-05,49,121,0,180
5429,42.2655,13.5892,1,3.84615e-05,62,89,0,180
5430,5.63184,-72.3461,1,3.84615e-05,-1,-1,0,180
5431,54.7995,39.8159,1,3.84615e-05,165,130,0,180
5432,63.4109,40.0924,1,3.84615e-05,168,104,0,180
5433,-25.3895,26.6788,1,3.84615e-05,62,184,0,180
5434,45.8016,41.6987,1,3.84615e-05,-1,-1,0,180
5435,47.8661,71.1103,1,3.84615e-05,72,198,0,180
5436,-30.7445,17.8483,1,3.84615e-05,81,172,0,180
5437,31.5202,108.03,1,3.84615e-05,147,16,0,180
5438,-35.1243,-58.3485,1,3.84615e-05,118,143,0,180
5439,-5.59192,139.22,1,3.84615e-05,151,150,0,180
5440,-10.2753,-61.0118,1,3.84615e-05,-1,-1,0,180
5441,-1.86333,-72.6797,1,3.84615e-05,12,14,0,180
5442,-85.8423,-46.9523,1,3.84615e-05,83,35,0,180
5443,19.9717,-72.0852,1,3.84615e-05,73,113,0,180
5444,32.4123,-93.0572,1,3.84615e-05,114,27,0,180
5445,16.4115,3.48332,1,3.84615e-05,132,178,0,180
5446,42.5464,-110.11,1,3.84615e-05,156,44,0,180
5447,0.38324,-77.7879,1,3.84615e-05,176,136,0,180
5448,6.91991,81.2872,1,3.84615e-05,93,115,0,180
5449,9.74302,19.372,1,3.84615e-05,72,174,0,180
5450,-6.43746,-36.3066,1,3.84615e-05,-1,-1,0,180
5451,38.4027,-91.613,1,3.84615e-05,179,124,0,180
5452,68.0101,-135.798,1,3.84615e-05,-1,-1,0,180
5453,73.6689,83.2197,1,3.84615e-05,12,100,0,180
5454,22.0871,28.3591,1,3.84615e-05,122,189,0,180
5455,61.9657,72.4661,1,3.84615e-05,-1,-1,0,180
5456,-6.84427,22.004,1,3.84615e-05,-1,-1,0,180
5457,-27.5266,149.675,1,3.84615e-05,80,64,0,180
5458,1.62979,111.239,1,3.84615e-05,128,33,0,180
5459,46.1849,91.953,1,3.84615e-05,-1,-1,0,180
5460,60.05,71.6729,1,3.84615e-05,-1,-1,0,180
5461,-37.9969,-63.6355,1,3.84615e-05,102,160,0,180
5462,-6.98473,28.9799,1,3.84615e-05,-1,-1,0,180
5463,63.8082,-118.836,1,3.84615e-05,176,78,0,180
5464,70.0981,84.6113,1,3.84615e-05,130,121,0,180
5465,50.408,14.7158,1,3.84615e-05,172,139,0,180
5466,46.6964,14.4617,1,3.84615e-05,32,82,0,180
5467,39.9848,-77.0169,1,3.84615e-05,173,32,0,180
5468,-23.5165,146.383,1,3.84615e-05,78,132,0,180
5469,33.995,80.5485,1,3.84615e-05,13,101,0,180
5470,-67.4644,87.0412,1,3.84615e-05,12,70,0,180
5471,-2.87742,-52.8837,1,3.84615e-05,156,46,0,180
5472,-19.6595,137.983,1,3.84615e-05,80,51,0,180
5473,-75.7996,-99.0904,1,3.84615e-05,176,35,0,180
5474,54.8766,108.459,1,3.84615e-05,22,4,0,180
5475,-49.1207,-69.0506,1,3.84615e-05,1,1,0,180
5476,-6.12395,34.8081,1,3.84615e-05,-1,-1,0,180
5477,42.1888,96.0373,1,3.84615e-05,163,29,0,180
5478,28.7204,31.6286,1,3.84615e-05,-1,-1,0,180
5479,-72.5071,127.445,1,3.84615e-05,156,147,0,180
5480,-22.6318,23.4469,1,3.84615e-05,-1,-1,0,180
5481,-72.9514,158.28,1,3.84615e-05,3,34,0,180
5482,-22.5362,21.8965,1,3.84615e-05,-1,-1,0,180
5483,-68.4644,102.765,1,3.84615e-05,149,123,0,180
5484,-12.0355,30.8104,1,3.84615e-05,126,84,0,180
5485,63.8056,101.769,1,3.84615e-05,-1,-1,0,180
5486,-67.7171,138.986,1,3.84615e-05,62,38,0,180
5487,47.8582,-121.12,1,3.84615e-05,64,43,0,180
5488,66.1657,-164.368,1,3.84615e-05,-1,-1,0,180
5489,18.6073,-72.427,1,3.84615e-05,34,117,0,180
5490,-68.7273,99.3833,1,3.84615e-05,3,105,0,180
5491,52.25,-95.8292,1,3.84615e-05,164,69,0,180
5492,26.7861,77.1054,1,3.84615e-05,-1,-1,0,180
5493,4.77357,45.0712,1,3.84615e-05,89,195,0,180
5494,-21.4267,15.6882,1,3.84615e-05,120,188,0,180
5495,-14.2182,18.1047,1,3.84615e-05,102,180,0,180
5496,-74.5659,-73.5455,1,3.84615e-05,52,38,0,180
5497,21.6629,-13.5464,1,3.84615e-05,150,156,0,180
5498,-9.15962,19.8837,1,3.84615e-05,17,67,0,180
5499,68.4273,-126.711,1,3.84615e-05,161,21,0,180
5500,35.125,-89.1989,1,3.84615e-05,-1,-1,0,180
5501,25.1706,-108.13,1,3.84615e-05,111,98,0,180
5502,48.5187,79.006,1,3.84615e-05,63,131,0,180
5503,19.1472,6.76839,1,3.84615e-05,23,159,0,180
5504,15.6536,17.1428,1,3.84615e-05,-1,-1,0,180
5505,46.8434,-88.5123,1,3.84615e-05,147,58,0,180
5506,-3.91013,-75.5107,1,3.84615e-05,155,138,0,180
5507,50.1737,67.1564,1,3.84615e-05,174,127,0,180
5508,0.766396,9.83301,1,3.84615e-05,179,88,0,180
5509,-8.92227,-60.0578,1,3.84615e-05,-1,-1,0,180
5510,42.5178,-76.727,1,3.84615e-05,180,92,0,180
5511,64.9087,-96.2992,1,3.84615e-05,173,86,0,180
5512,2.41063,111.189,1,3.84615e-05,2,10,0,180
5513,6.78617,29.8351,1,3.84615e-05,5,171,0,180
5514,-77.2756,131.843,1,3.84615e-05,168,146,0,180
5515,-14.8176,144.455,1,3.84615e-05,103,59,0,180
5516,33.2326,52.6535,1,3.84615e-05,169,8,0,180
5517,-23.457,123.398,1,3.84615e-05,147,54,0,180
5518,54.1595,-118.674,1,3.84615e-05,84,41,0,180
5519,44.1187,-90.9318,1,3.84615e-05,-1,-1,0,180
5520,67.4291,35.03,1,3.84615e-05,21,171,0,180
5521,8.94463,36.5908,1,3.84615e-05,-1,-1,0,180
5522,37.9036,13.3529,1,3.84615e-05,-1,-1,0,180
5523,27.4228,108.476,1,3.84615e-05,129,151,0,180
5524,39.0119,-77.0396,1,3.84615e-05,171,56,0,180
5525,45.7079,108.262,1,3.84615e-05,140,161,0,180
5526,26.7482,27.6628,1,3.84615e-05,42,169,0,180
5527,8.33446,1.44528,1,3.84615e-05,50,63,0,180
5528,7.30009,124.495,1,3.84615e-05,63,30,0,180
5529,8.33909,1.02463,1,3.84615e-05,50,63,0,180
5530,5.99666,-1.22729,1,3.84615e-05,129,178,0,180
5531,15.0928,79.0165,1,3.84615e-05,174,27,0,180
5532,49.234,85.5006,1,3.84615e-05,2,153,0,180
5533,56.054,9.41154,1,3.84615e-05,33,119,0,180
5534,48.4189,81.7189,1,3.84615e-05,1,153,0,180
5535,11.7753,26.7933,1,3.84615e-05,-1,-1,0,180
5536,-10.1292,-75.9459,1,3.84615e-05,104,133,0,180
5537,35.6237,59.7264,1,3.84615e-05,-1,-1,0,180
5538,68.6947,82.2572,1,3.84615e-05,-1,-1,0,180
5539,20.7875,81.42,1,3.84615e-05,160,14,0,180
5540,66.5922,-137.372,1,3.84615e-05,-1,-1,0,180
5541,50.2592,56.9428,1,3.84615e-05,171,167,0,180
5542,32.0025,-5.87907,1,3.84615e-05,175,94,0,180
5543,55.0979,-127.208,1,3.84615e-05,43,45,0,180
5544,-6.47402,-56.3363,1,3.84615e-05,-1,-1,0,180
5545,47.4007,-111.49,1,3.84615e-05,2,52,0,180
5546,63.7824,177.014,1,3.84615e-05,-1,-1,0,180
5547,0.922485,32.5872,1,3.84615e-05,137,190,0,180
5548,55.956,-104.386,1,3.84615e-05,155,22,0,180
5549,-76.3104,-0.412323,1,3.84615e-05,108,1,0,180
5550,-74.2029,12.3826,1,3.84615e-05,119,0,0,180
5551,-14.0122,19.4819,1,3.84615e-05,-1,-1,0,180
5552,60.4122,34.7914,1,3.84615e-05,19,171,0,180
5553,-72.1237,142.978,1,3.84615e-05,8,71,0,180
5554,45.9153,136.664,1,3.84615e-05,58,144,0,180
5555,-24.6928,124.521,1,3.84615e-05,22,125,0,180
5556,25.4231,107.923,1,3.84615e-05,32,135,0,180
5557,10.9994,-4.2511,1,3.84615e-05,133,169,0,180
5558,-27.3584,21.6055,1,3.84615e-05,62,174,0,180
5559,0.0756989,-68.0593,1,3.84615e-05,-1,-1,0,180
5560,67.0399,65.6075,1,3.84615e-05,23,109,0,180
5561,-25.1658,124.221,1,3.84615e-05,22,125,0,180
5562,-72.6302,-65.9342,1,3.84615e-05,32,198,0,180
5563,53.7325,-132.738,1,3.84615e-05,12,48,0,180
5564,48.0771,111.76,1,3.84615e-05,92,38,0,180
5565,-71.2549,151.26,1,3.84615e-05,118,141,0,180
5566,-12.8045,21.9841,1,3.84615e-05,28,66,0,180
5567,-29.7858,30.5952,1,3.84615e-05,161,12,0,180
5568,26.4509,103.736,1,3.84615e-05,162,30,0,180
5569,-9.93919,147.494,1,3.84615e-05,174,158,0,180
5570,62.0283,-130.874,1,3.84615e-05,86,77,0,180
5571,51.0637,7.08563,1,3.84615e-05,72,115,0,180
5572,-85.9556,-110.613,1,3.84615e-05,172,146,0,180
5573,18.6047,-97.7302,1,3.84615e-05,138,116,0,180
5574,20.4604,3.35399,1,3.84615e-05,62,155,0,180
5575,-32.7592,123.763,1,3.84615e-05,75,51,0,180
5576,-10.043,-69.1518,1,3.84615e-05,115,132,0,180
5577,38.5897,37.5775,1,3.84615e-05,-1,-1,0,180
5578,-11.8993,-68.3952,1,3.84615e-05,60,125,0,180
5579,-4.99575,-70.5989,1,3.84615e-05,42,127,0,180
5580,83.9426,-31.3903,1,3.84615e-05,179,175,0,180
5581,-13.2603,21.8531,1,3.84615e-05,28,66,0,180
5582,21.9815,107.045,1,3.84615e-05,-1,-1,0,180
5583,71.7098,-87.403,1,3.84615e-05,170,79,0,180
5584,64.6864,96.6435,1,3.84615e-05,-1,-1,0,180
5585,69.0321,28.4759,1,3.84615e-05,2,173,0,180
5586,44.5933,97.8495,1,3.84615e-05,-1,-1,0,180
5587,46.1679,104.514,1,3.84615e-05,139,161,0,180
5588,40.5761,75.3749,1,3.84615e-05,-1,-1,0,180
5589,7.79053,-73.2066,1,3.84615e-05,170,44,0,180
5590,-3.2459,-48.6049,1,3.84615e-05,127,49,0,180
5591,61.3872,146.134,1,3.84615e-05,57,188,0,180
5592,17.1738,50.1891,1,3.84615e-05,174,7,0,180
5593,-15.6199,-43.6291,1,3.84615e-05,86,151,0,180
5594,41.0471,54.8633,1,3.84615e-05,171,8,0,180
5595,15.8457,15.9912,1,3.84615e-05,-1,-1,0,180
5596,60.4153,104.877,1,3.84615e-05,62,187,0,180
5597,-10.215,30.6134,1,3.84615e-05,133,190,0,180
5598,-48.6257,-68.7137,1,3.84615e-05,1,1,0,180
5599,53.4952,76.2792,1,3.84615e-05,37,189,0,180
5600,31.4206,105.887,1,3.84615e-05,168,157,0,180
5601,59.2533,-106.091,1,3.84615e-05,145,23,0,180
5602,-21.2235,146.582,1,3.84615e-05,68,133,0,180
5603,0.532356,-79.2965,1,3.84615e-05,-1,-1,0,180
5604,-0.250397,29.1049,1,3.84615e-05,-1,-1,0,180
5605,29.5605,-99.533,1,3.84615e-05,176,124,0,180
5606,71.8605,-107.444,1,3.84615e-05,113,26,0,180
5607,59.7294,75.2195,1,3.84615e-05,-1,-1,0,180
5608,-45.8421,-72.3358,1,3.84615e-05,46,154,0,180
5609,48.6746,120.35,1,3.84615e-05,172,14,0,180
5610,75.3778,113.018,1,3.84615e-05,-1,-1,0,180
5611,55.1145,13.3619,1,3.84615e-05,94,173,0,180
5612,22.6045,24.9327,1,3.84615e-05,-1,-1,0,180
5613,-5.91623,-71.9674,1,3.84615e-05,135,130,0,180
5614,53.6451,-117.09,1,3.84615e-05,62,69,0,180
5615,-2.51156,40.4277,1,3.84615e-05,-1,-1,0,180
5616,46.9086,117.729,1,3.84615e-05,-1,-1,0,180
5617,76.7784,-57.3334,1,3.84615e-05,73,126,0,180
5618,65.835,-114.323,1,3.84615e-05,167,79,0,180
5619,-18.1194,139.767,1,3.84615e-05,-1,-1,0,180
5620,50.4515,107.756,1,3.84615e-05,103,37,0,180
5621,37.3786,38.3055,1,3.84615e-05,-1,-1,0,180
5622,28.7554,10.7016,1,3.84615e-05,169,166,0,180
5623,-25.4448,-70.1146,1,3.84615e-05,96,16,0,180
5624,32.1947,-88.0348,1,3.84615e-05,138,128,0,180
5625,27.4684,105.517,1,3.84615e-05,138,150,0,180
5626,24.7838,-7.42754,1,3.84615e-05,176,165,0,180
5627,-6.18798,-67.0912,1,3.84615e-05,116,132,0,180
5628,-36.0576,-65.4161,1,3.84615e-05,132,167,0,180
5629,11.0397,-69.4199,1,3.84615e-05,-1,-1,0,180
5630,60.8053,-107.055,1,3.84615e-05,161,87,0,180
5631,30.8655,43.4483,1,3.84615e-05,166,105,0,180
5632,10.8399,37.1749,1,3.84615e-05,98,93,0,180
5633,24.4982,-111.585,1,3.84615e-05,7,82,0,180
5634,13.7025,33.8272,1,3.84615e-05,-1,-1,0,180
5635,34.3747,-79.7085,1,3.84615e-05,-1,-1,0,180
5636,18.0691,36.7253,1,3.84615e-05,103,181,0,180
5637,5.42429,-55.3417,1,3.84615e-05,158,140,0,180
5638,6.0879,-10.2859,1,3.84615e-05,19,53,0,180
5639,40.2185,-83.5672,1,3.84615e-05,-1,-1,0,180
5640,45.7927,111.361,1,3.84615e-05,22,123,0,180
5641,44.2611,-70.5458,1,3.84615e-05,55,127,0,180
5642,15.1593,23.0168,1,3.84615e-05,149,186,0,180
5643,-6.32916,-42.5313,1,3.84615e-05,166,58,0,180
5644,25.2115,16.1338,1,3.84615e-05,32,75,0,180
5645,31.8998,37.4877,1,3.84615e-05,1,152,0,180
5646,34.0095,-1.55495,1,3.84615e-05,146,97,0,180
5647,-1.69844,37.7887,1,3.84615e-05,-1,-1,0,180
5648,-23.9436,-53.8271,1,3.84615e-05,157,165,0,180
5649,-72.4628,78.494,1,3.84615e-05,168,74,0,180
5650,-0.295418,-77.7849,1,3.84615e-05,-1,-1,0,180
5651,56.6656,-67.5725,1,3.84615e-05,112,38,0,180
5652,48.504,130.13,1,3.84615e-05,153,16,0,180
5653,75.602,-81.7678,1,3.84615e-05,174,31,0,180
5654,57.455,115.164,1,3.84615e-05,13,5,0,180
5655,27.2534,-113.226,1,3.84615e-05,96,109,0,180
5656,30.1866,-5.41478,1,3.84615e-05,172,154,0,180
5657,-22.1788,-64.2938,1,3.84615e-05,-1,-1,0,180
5658,1.60145,14.7486,1,3.84615e-05,164,184,0,180
5659,56.4731,56.563,1,3.84615e-05,152,190,0,180
5660,22.1782,-8.41035,1,3.84615e-05,-1,-1,0,180
5661,57.4272,-98.3112,1,3.84615e-05,174,125,0,180
5662,-3.84922,-58.1931,1,3.84615e-05,-1,-1,0,180
5663,15.0933,-1.6165,1,3.84615e-05,-1,-1,0,180
5664,56.0344,130.396,1,3.84615e-05,122,147,0,180
5665,-16.3155,-45.5656,1,3.84615e-05,-1,-1,0,180
5666,64.813,64.083,1,3.84615e-05,179,126,0,180
5667,4.8075,30.9326,1,3.84615e-05,-1,-1,0,180
5668,6.09103,24.0185,1,3.84615e-05,102,86,0,180
5669,66.5556,-176.637,1,3.84615e-05,-1,-1,0,180
5670,-19.5964,126.379,1,3.84615e-05,1,127,0,180
5671,68.1542,-159.825,1,3.84615e-05,42,3,0,180
5672,61.0721,72.564,1,3.84615e-05,63,105,0,180
5673,-12.8107,-57.2555,1,3.84615e-05,-1,-1,0,180
5674,12.8463,-6.45427,1,3.84615e-05,123,160,0,180
5675,29.9936,58.7629,1,3.84615e-05,168,8,0,180
5676,-28.3747,129.448,1,3.84615e-05,157,134,0,180
5677,37.4409,61.9646,1,3.84615e-05,-1,-1,0,180
5678,-75.0779,-81.6181,1,3.84615e-05,62,123,0,180
5679,26.6888,-11.6069,1,3.84615e-05,44,63,0,180
5680,53.5154,28.4796,1,3.84615e-05,93,137,0,180
5681,60.8207,35.6725,1,3.84615e-05,-1,-1,0,180
5682,43.578,132.46,1,3.84615e-05,163,15,0,180
5683,-2.59727,120.101,1,3.84615e-05,163,40,0,180
5684,7.44019,38.4235,1,3.84615e-05,119,91,0,180
5685,57.2825,-94.1246,1,3.84615e-05,165,126,0,180
5686,-32.6565,24.6933,1,3.84615e-05,32,177,0,180
5687,19.4096,-88.6813,1,3.84615e-05,4,14,0,180
5688,-19.7976,125.582,1,3.84615e-05,144,135,0,180
5689,54.8679,91.4635,1,3.84615e-05,-1,-1,0,180
5690,55.6728,-103.261,1,3.84615e-05,44,61,0,180
5691,25.634,0.717834,1,3.84615e-05,-1,-1,0,180
5692,49.4092,5.30305,1,3.84615e-05,13,111,0,180
5693,24.7077,90.8467,1,3.84615e-05,-1,-1,0,180
5694,31.6273,-116.701,1,3.84615e-05,47,88,0,180
5695,-15.4225,-62.2371,1,3.84615e-05,-1,-1,0,180
5696,-15.3079,-46.7491,1,3.84615e-05,-1,-1,0,180
5697,-6.33812,-64.6231,1,3.84615e-05,164,149,0,180
5698,20.0778,-10.7754,1,3.84615e-05,-1,-1,0,180
5699,-76.8602,-140.264,1,3.84615e-05,33,175,0,180
5700,-8.35209,-55.0946,1,3.84615e-05,-1,-1,0,180
5701,-16.0807,-54.4173,1,3.84615e-05,168,45,0,180
5702,8.00517,-12.8972,1,3.84615e-05,57,155,0,180
5703,-13.038,-59.6086,1,3.84615e-05,-1,-1,0,180
5704,55.1255,62.0995,1,3.84615e-05,113,194,0,180
5705,23.4642,3.43269,1,3.84615e-05,157,167,0,180
5706,-71.1246,148.439,1,3.84615e-05,138,149,0,180
5707,45.8693,17.8011,1,3.84615e-05,173,115,0,180
5708,-18.7369,122.049,1,3.84615e-05,157,53,0,180
5709,39.8148,67.249,1,3.84615e-05,34,189,0,180
5710,-27.3603,-50.0722,1,3.84615e-05,91,146,0,180
5711,45.9115,3.63042,1,3.84615e-05,79,138,0,180
5712,13.8417,8.8389,1,3.84615e-05,-1,-1,0,180
5713,28.2,97.9534,1,3.84615e-05,-1,-1,0,180
5714,-9.65354,-52.485,1,3.84615e-05,147,47,0,180
5715,34.5963,-116.124,1,3.84615e-05,161,93,0,180
5716,30.1579,-107.791,1,3.84615e-05,-1,-1,0,180
5717,72.3799,-124.304,1,3.84615e-05,83,29,0,180
5718,52.5136,-118.775,1,3.84615e-05,81,54,0,180
5719,23.4448,87.437,1,3.84615e-05,-1,-1,0,180
5720,7.34445,31.5526,1,3.84615e-05,-1,-1,0,180
5721,-7.70484,32.2315,1,3.84615e-05,154,198,0,180
5722,-24.7682,139.207,1,3.84615e-05,89,50,0,180
5723,-20.0776,124.906,1,3.84615e-05,162,145,0,180
5724,70.7547,129.991,1,3.84615e-05,12,148,0,180
5725,-18.3616,124.541,1,3.84615e-05,168,52,0,180
5726,19.3745,-13.5821,1,3.84615e-05,-1,-1,0,180
5727,-70.2625,121.805,1,3.84615e-05,166,146,0,180
5728,-24.9501,148.216,1,3.84615e-05,79,132,0,180
5729,-25.2616,-52.9948,1,3.84615e-05,147,166,0,180
5730,57.2407,114.889,1,3.84615e-05,13,5,0,180
5731,24.8718,83.2697,1,3.84615e-05,177,130,0,180
5732,-23.57,32.8032,1,3.84615e-05,14,189,0,180
5733,2.50141,-70.6349,1,3.84615e-05,171,44,0,180
5734,40.5723,120.807,1,3.84615e-05,101,11,0,180
5735,62.2814,63.518,1,3.84615e-05,170,127,0,180
5736,39.1374,-6.48155,1,3.84615e-05,105,77,0,180
5737,1.32812,113.009,1,3.84615e-05,128,136,0,180
5738,47.348,29.1178,1,3.84615e-05,151,157,0,180
5739,31.8573,10.1306,1,3.84615e-05,119,90,0,180
5740,15.7556,32.9062,1,3.84615e-05,1,163,0,180
5741,62.198,98.914,1,3.84615e-05,-1,-1,0,180
5742,-72.2439,40.7172,1,3.84615e-05,22,177,0,180
5743,-33.4868,-57.9916,1,3.84615e-05,174,163,0,180
5744,25.8532,-105.898,1,3.84615e-05,112,98,0,180
5745,-28.0877,135.801,1,3.84615e-05,138,136,0,180
5746,61.1519,146.508,1,3.84615e-05,57,188,0,180
5747,-76.8037,-17.7856,1,3.84615e-05,1,22,0,180
5748,36.2207,78.6086,1,3.84615e-05,159,129,0,180
5749,-24.8261,-49.9264,1,3.84615e-05,-1,-1,0,180
5750,32.0361,-86.3586,1,3.84615e-05,172,43,0,180
5751,43.8187,134.012,1,3.84615e-05,64,15,0,180
5752,-10.0877,14.881,1,3.84615e-05,133,187,0,180
5753,-13.1484,-51.0368,1,3.84615e-05,-1,-1,0,180
5754,6.54388,30.1699,1,3.84615e-05,5,171,0,180
5755,-15.2957,33.5183,1,3.84615e-05,8,170,0,180
5756,-4.40297,18.0402,1,3.84615e-05,143,82,0,180
5757,45.5953,-101.808,1,3.84615e-05,147,45,0,180
5758,46.5695,-119.819,1,3.84615e-05,61,69,0,180
5759,19.3217,4.36749,1,3.84615e-05,-1,-1,0,180
5760,14.7993,-14.5248,1,3.84615e-05,-1,-1,0,180
5761,65.3992,73.8452,1,3.84615e-05,-1,-1,0,180
5762,39.0987,81.7657,1,3.84615e-05,22,100,0,180
5763,-67.2985,102.235,1,3.84615e-05,2,105,0,180
5764,16.4148,-5.25783,1,3.84615e-05,100,151,0,180
5765,40.8211,76.3152,1,3.84615e-05,12,194,0,180
5766,59.7043,16.2826,1,3.84615e-05,105,172,0,180
5767,8.7845,125.847,1,3.84615e-05,2,126,0,180
5768,67.2928,-35.8238,1,3.84615e-05,59,142,0,180
5769,-78.6025,-21.8123,1,3.84615e-05,1,144,0,180
5770,-66.9516,111.885,1,3.84615e-05,80,120,0,180
5771,-12.7768,134.92,1,3.84615e-05,111,58,0,180
5772,42.4397,-75.7821,1,3.84615e-05,160,94,0,180
5773,6.24763,45.8134,1,3.84615e-05,-1,-1,0,180
5774,45.0497,-75.4935,1,3.84615e-05,-1,-1,0,180
5775,-11.2382,-38.391,1,3.84615e-05,158,59,0,180
5776,62.0428,113.178,1,3.84615e-05,-1,-1,0,180
5777,11.0332,-5.3615,1,3.84615e-05,38,64,0,180
5778,2.98196,-54.1351,1,3.84615e-05,104,41,0,180
5779,-15.225,36.2793,1,3.84615e-05,-1,-1,0,180
5780,34.1135,-95.3566,1,3.84615e-05,-1,-1,0,180
5781,-20.9471,16.4078,1,3.84615e-05,110,189,0,180
5782,4.92005,35.4129,1,3.84615e-05,158,198,0,180
5783,41.9959,126.51,1,3.84615e-05,1,26,0,180
5784,49.0628,7.1232,1,3.84615e-05,92,113,0,180
5785,63.4543,134.391,1,3.84615e-05,91,140,0,180
5786,34.2332,113,1,3.84615e-05,166,143,0,180
5787,8.45761,49.9808,1,3.84615e-05,-1,-1,0,180
5788,61.1036,161.279,1,3.84615e-05,1,184,0,180
5789,-16.3924,-66.9239,1,3.84615e-05,84,135,0,180
5790,65.586,-160.927,1,3.84615e-05,171,0,0,180
5791,27.1083,96.3587,1,3.84615e-05,154,15,0,180
5792,24.2352,-111.47,1,3.84615e-05,7,82,0,180
5793,25.151,28.9738,1,3.84615e-05,32,160,0,180
5794,17.1435,31.3844,1,3.84615e-05,32,83,0,180
5795,-28.6338,30.7837,1,3.84615e-05,170,11,0,180
5796,-8.10876,-64.6376,1,3.84615e-05,22,129,0,180
5797,-0.475349,-65.3096,1,3.84615e-05,47,25,0,180
5798,58.5155,24.5104,1,3.84615e-05,18,171,0,180
5799,26.8921,38.6969,1,3.84615e-05,-1,-1,0,180
5800,-7.57802,-62.0338,1,3.84615e-05,57,138,0,180
5801,-9.36707,19.5511,1,3.84615e-05,-1,-1,0,180
5802,57.3515,-123.339,1,3.84615e-05,149,88,0,180
5803,26.7866,3.39474,1,3.84615e-05,-1,-1,0,180
5804,17.008,44.969,1,3.84615e-05,102,194,0,180
5805,-14.863,37.2816,1,3.84615e-05,-1,-1,0,180
5806,60.986,-130.615,1,3.84615e-05,153,104,0,180
5807,5.26326,100.678,1,3.84615e-05,99,126,0,180
5808,29.4911,27.5744,1,3.84615e-05,13,91,0,180
5809,-49.2168,-73.93,1,3.84615e-05,59,164,0,180
5810,23.1496,85.4646,1,3.84615e-05,12,113,0,180
5811,49.1387,-93.4551,1,3.84615e-05,-1,-1,0,180
5812,16.2232,2.91171,1,3.84615e-05,52,156,0,180
5813,34.2209,107.975,1,3.84615e-05,162,169,0,180
5814,53.663,-88.3671,1,3.84615e-05,-1,-1,0,180
5815,-4.92186,-70.9845,1,3.84615e-05,42,127,0,180
5816,-9.57716,148.996,1,3.84615e-05,53,146,0,180
5817,71.0834,-105.211,1,3.84615e-05,168,79,0,180
5818,-11.3471,-56.0462,1,3.84615e-05,2,20,0,180
5819,-6.56116,-74.9821,1,3.84615e-05,32,12,0,180
5820,17.2346,29.2366,1,3.84615e-05,-1,-1,0,180
5821,40.116,48.6547,1,3.84615e-05,-1,-1,0,180
5822,34.7733,109.572,1,3.84615e-05,128,151,0,180
5823,13.2305,101.509,1,3.84615e-05,168,39,0,180
5824,-84.6158,-150.665,1,3.84615e-05,169,171,0,180
5825,62.6884,51.6772,1,3.84615e-05,91,102,0,180
5826,34.726,90.4504,1,3.84615e-05,174,13,0,180
5827,38.3217,-101.02,1,3.84615e-05,160,22,0,180
5828,-13.2614,-60.5213,1,3.84615e-05,-1,-1,0,180
5829,39.5991,-120.934,1,3.84615e-05,82,0,0,180
5830,44.27,-99.8585,1,3.84615e-05,32,80,0,180
5831,-38.2756,176.286,1,3.84615e-05,36,137,0,180
5832,14.6921,27.4982,1,3.84615e-05,-1,-1,0,180
5833,26.5231,-108.287,1,3.84615e-05,82,91,0,180
5834,68.4415,-136.843,1,3.84615e-05,34,4,0,180
5835,37.3292,36.1122,1,3.84615e-05,-1,-1,0,180
5836,5.35984,-53.4355,1,3.84615e-05,94,42,0,180
5837,-3.79415,-60.3349,1,3.84615e-05,-1,-1,0,180
5838,-16.8597,-52.2311,1,3.84615e-05,-1,-1,0,180
5839,50.7109,8.68637,1,3.84615e-05,1,85,0,180
5840,81.7288,-46.6858,1,3.84615e-05,1,39,0,180
5841,-16.5232,-58.9976,1,3.84615e-05,-1,-1,0,180
5842,63.7786,-85.3107,1,3.84615e-05,1,28,0,180
5843,-29.0879,142.53,1,3.84615e-05,108,61,0,180
5844,54.9419,-113.699,1,3.84615e-05,82,54,0,180
5845,11.0449,6.78706,1,3.84615e-05,167,89,0,180
5846,62.087,151.007,1,3.84615e-05,18,182,0,180
5847,-5.57056,-45.1824,1,3.84615e-05,108,41,0,180
5848,54.7576,24.2337,1,3.84615e-05,36,119,0,180
5849,29.3119,108.214,1,3.84615e-05,178,156,0,180
5850,46.9102,66.7906,1,3.84615e-05,148,158,0,180
5851,-22.8109,145.59,1,3.84615e-05,-1,-1,0,180
5852,66.9835,-172.482,1,3.84615e-05,131,4,0,180
5853,35.7747,-79.0651,1,3.84615e-05,92,123,0,180
5854,-10.8851,-72.3747,1,3.84615e-05,43,11,0,180
5855,44.8306,-79.3758,1,3.84615e-05,2,40,0,180
5856,-7.48386,-69.6987,1,3.84615e-05,-1,-1,0,180
5857,13.7632,20.5947,1,3.84615e-05,164,96,0,180
5858,52.4241,51.9301,1,3.84615e-05,-1,-1,0,180
5859,3.17041,-68.2744,1,3.84615e-05,-1,-1,0,180
5860,-10.1263,-55.1724,1,3.84615e-05,2,121,0,180
5861,19.3203,15.8739,1,3.84615e-05,-1,-1,0,180
5862,31.9075,5.41052,1,3.84615e-05,39,74,0,180
5863,24.3092,8.16161,1,3.84615e-05,52,73,0,180
5864,18.3107,76.5361,1,3.84615e-05,79,7,0,180
5865,68.5304,58.7856,1,3.84615e-05,42,107,0,180
5866,29.2904,105.638,1,3.84615e-05,154,31,0,180
5867,65.5469,-102.102,1,3.84615e-05,-1,-1,0,180
5868,-21.6925,26.82,1,3.84615e-05,160,197,0,180
5869,28.3541,94.7435,1,3.84615e-05,176,156,0,180
5870,-12.8119,36.7733,1,3.84615e-05,176,6,0,180
5871,-16.2662,-66.3573,1,3.84615e-05,84,135,0,180
5872,44.0416,-112.799,1,3.84615e-05,2,8,0,180
5873,-26.5787,15.3596,1,3.84615e-05,72,173,0,180
5874,-81.4997,75.5335,1,3.84615e-05,63,109,0,180
5875,36.4201,102.211,1,3.84615e-05,62,129,0,180
5876,50.8021,-65.2134,1,3.84615e-05,179,149,0,180
5877,80.1814,-83.1172,1,3.84615e-05,-1,-1,0,180
5878,39.5263,-111.013,1,3.84615e-05,174,92,0,180
5879,61.809,-131.63,1,3.84615e-05,86,77,0,180
5880,42.0918,-75.6311,1,3.84615e-05,160,94,0,180
5881,49.759,-74.5144,1,3.84615e-05,-1,-1,0,180
5882,18.2475,49.0977,1,3.84615e-05,29,90,0,180
5883,-75.1714,106.174,1,3.84615e-05,140,124,0,180
5884,16.4493,32.8002,1,3.84615e-05,92,182,0,180
5885,5.44104,-8.79715,1,3.84615e-05,27,158,0,180
5886,9.20605,24.0633,1,3.84615e-05,-1,-1,0,180
5887,70.8593,-112.568,1,3.84615e-05,-1,-1,0,180
5888,-73.2418,110.568,1,3.84615e-05,92,129,0,180
5889,28.617,80.3503,1,3.84615e-05,-1,-1,0,180
5890,37.2119,-113.987,1,3.84615e-05,173,92,0,180
5891,67.5236,33.7194,1,3.84615e-05,21,171,0,180
5892,66.8192,140.353,1,3.84615e-05,-1,-1,0,180
5893,30.1126,79.6961,1,3.84615e-05,-1,-1,0,180
5894,19.9336,-12.7026,1,3.84615e-05,-1,-1,0,180
5895,21.0387,27.6356,1,3.84615e-05,-1,-1,0,180
5896,37.3978,48.7452,1,3.84615e-05,165,105,0,180
5897,63.5294,-111.051,1,3.84615e-05,138,72,0,180
5898,-4.68569,15.9223,1,3.84615e-05,88,172,0,180
5899,31.0846,51.1835,1,3.84615e-05,-1,-1,0,180
5900,-6.12755,-36.9708,1,3.84615e-05,137,51,0,180
5901,65.3444,-71.029,1,3.84615e-05,-1,-1,0,180
5902,-24.4372,45.8147,1,3.84615e-05,72,196,0,180
5903,50.0419,-101.455,1,3.84615e-05,175,55,0,180
5904,51.6689,-105.11,1,3.84615e-05,174,55,0,180
5905,-24.4497,34.5134,1,3.84615e-05,90,194,0,180
5906,29.9262,11.9569,1,3.84615e-05,129,99,0,180
5907,16.1835,22.2331,1,3.84615e-05,6,78,0,180
5908,12.3383,29.4402,1,3.84615e-05,-1,-1,0,180
5909,62.9655,-159.095,1,3.84615e-05,172,0,0,180
5910,46.0621,-112.289,1,3.84615e-05,2,65,0,180
5911,59.9564,-161.191,1,3.84615e-05,152,2,0,180
5912,44.1869,94.0324,1,3.84615e-05,173,28,0,180
5913,31.4709,77.3438,1,3.84615e-05,62,9,0,180
5914,10.1445,16.2171,1,3.84615e-05,-1,-1,0,180
5915,30.3194,98.9789,1,3.84615e-05,-1,-1,0,180
5916,44.0117,-107.651,1,3.84615e-05,-1,-1,0,180
5917,28.218,70.6132,1,3.84615e-05,-1,-1,0,180
5918,-16.6317,130.776,1,3.84615e-05,150,54,0,180
5919,27.8558,28.4027,1,3.84615e-05,82,165,0,180
5920,27.8339,26.9134,1,3.84615e-05,-1,-1,0,180
5921,70.9369,126.384,1,3.84615e-05,42,34,0,180
5922,8.09276,-64.4523,1,3.84615e-05,3,110,0,180
5923,30.8769,119.418,1,3.84615e-05,168,143,0,180
5924,59.8583,35.6452,1,3.84615e-05,169,104,0,180
5925,47.0009,90.8769,1,3.84615e-05,-1,-1,0,180
5926,78.2372,-85.6012,1,3.84615e-05,-1,-1,0,180
5927,31.8906,117.703,1,3.84615e-05,-1,-1,0,180
5928,60.0335,-100.2,1,3.84615e-05,126,25,0,180
5929,62.3409,95.546,1,3.84615e-05,-1,-1,0,180
5930,47.9919,-83.9303,1,3.84615e-05,-1,-1,0,180
5931,-28.6633,136.013,1,3.84615e-05,1,116,0,180
5932,73.9201,-23.6151,1,3.84615e-05,128,145,0,180
5933,10.9563,-1.35925,1,3.84615e-05,149,176,0,180
5934,16.1313,25.6987,1,3.84615e-05,135,99,0,180
5935,51.1848,121.922,1,3.84615e-05,1,125,0,180
5936,-86.0451,15.7448,1,3.84615e-05,37,175,0,180
5937,17.7829,9.88466,1,3.84615e-05,152,97,0,180
5938,-82.3145,-121.882,1,3.84615e-05,-1,-1,0,180
5939,29.6296,78.9846,1,3.84615e-05,-1,-1,0,180
5940,43.4675,109.665,1,3.84615e-05,-1,-1,0,180
5941,-71.1196,128.611,1,3.84615e-05,175,145,0,180
5942,20.7298,13.453,1,3.84615e-05,-1,-1,0,180
5943,-18.4884,-49.3929,1,3.84615e-05,169,164,0,180
5944,16.4568,-4.7265,1,3.84615e-05,100,151,0,180
5945,-73.9642,153.785,1,3.84615e-05,42,149,0,180
5946,33.6798,42.1028,1,3.84615e-05,2,152,0,180
5947,50.9993,92.6354,1,3.84615e-05,-1,-1,0,180
5948,43.1988,-6.41786,1,3.84615e-05,14,90,0,180
5949,32.7593,118.715,1,3.84615e-05,2,138,0,180
5950,-4.71738,122.687,1,3.84615e-05,123,44,0,180
5951,-20.1153,120.463,1,3.84615e-05,164,133,0,180
5952,34.4601,63.2937,1,3.84615e-05,-1,-1,0,180
5953,-76.4213,99.4617,1,3.84615e-05,24,103,0,180
5954,53.4627,78.2365,1,3.84615e-05,37,108,0,180
5955,13.4975,27.6586,1,3.84615e-05,16,170,0,180
5956,-83.0193,132.85,1,3.84615e-05,133,30,0,180
5957,9.4944,-0.0410767,1,3.84615e-05,139,177,0,180
5958,61.0145,153.654,1,3.84615e-05,117,182,0,180
5959,38.5226,70.7915,1,3.84615e-05,-1,-1,0,180
5960,35.5425,-117.895,1,3.84615e-05,127,106,0,180
5961,-80.7246,24.978,1,3.84615e-05,33,29,0,180
5962,11.371,108.727,1,3.84615e-05,120,34,0,180
5963,27.0082,82.8694,1,3.84615e-05,172,13,0,180
5964,64.4278,-114.624,1,3.84615e-05,-1,-1,0,180
5965,39.4098,-105.686,1,3.84615e-05,14,7,0,180
5966,65.9091,98.9654,1,3.84615e-05,177,141,0,180
5967,66.3952,176.217,1,3.84615e-05,-1,-1,0,180
5968,5.25484,-1.1955,1,3.84615e-05,72,165,0,180
5969,32.4442,84.8853,1,3.84615e-05,-1,-1,0,180
5970,-20.2808,-65.5963,1,3.84615e-05,151,154,0,180
5971,-21.2477,-49.5693,1,3.84615e-05,93,146,0,180
5972,-6.39688,-66.3857,1,3.84615e-05,107,133,0,180
5973,-33.3996,25.8065,1,3.84615e-05,107,192,0,180
5974,23.1467,99.3475,1,3.84615e-05,110,137,0,180
5975,3.53436,-69.4923,1,3.84615e-05,2,110,0,180
5976,-26.14,-50.4241,1,3.84615e-05,58,36,0,180
5977,2.99384,22.1811,1,3.84615e-05,58,73,0,180
5978,39.2282,-108.187,1,3.84615e-05,177,42,0,180
5979,57.2928,27.6835,1,3.84615e-05,133,133,0,180
5980,61.0691,-144.051,1,3.84615e-05,15,173,0,180
5981,-76.3727,-9.84727,1,3.84615e-05,88,3,0,180
5982,48.5364,27.5875,1,3.84615e-05,44,178,0,180
5983,-74.5463,9.72255,1,3.84615e-05,109,1,0,180
5984,63.0349,-125.369,1,3.84615e-05,-1,-1,0,180
5985,28.3094,104.827,1,3.84615e-05,153,31,0,180
5986,6.35027,0.00389099,1,3.84615e-05,63,166,0,180
5987,-26.8703,31.1237,1,3.84615e-05,42,186,0,180
5988,1.94982,103.881,1,3.84615e-05,165,39,0,180
5989,-72.0889,89.8544,1,3.84615e-05,180,73,0,180
5990,56.8935,-74.8155,1,3.84615e-05,-1,-1,0,180
5991,50.7907,9.03789,1,3.84615e-05,1,85,0,180
5992,-25.2768,115.59,1,3.84615e-05,98,46,0,180
5993,40.6613,23.6021,1,3.84615e-05,1,92,0,180
5994,38.375,31.7771,1,3.84615e-05,167,116,0,180
5995,-15.2159,-66.9536,1,3.84615e-05,-1,-1,0,180
5996,-18.5908,128.716,1,3.84615e-05,143,147,0,180
5997,51.5737,5.75177,1,3.84615e-05,121,110,0,180
5998,-14.6925,-48.0457,1,3.84615e-05,-1,-1,0,180
5999,18.3352,-0.535736,1,3.84615e-05,156,167,0,180
6000,17.6125,18.8714,1,3.84615e-05,-1,-1,0,180
6001,-17.6356,135.761,1,3.84615e-05,96,130,0,180
6002,-67.9696,88.9486,1,3.84615e-05,22,79,0,180
6003,38.6151,100.755,1,3.84615e-05,-1,-1,0,180
6004,0.410484,114.6,1,3.84615e-05,44,122,0,180
6005,49.1719,109.405,1,3.84615e-05,131,34,0,180
6006,6.74351,-4.62737,1,3.84615e-05,92,163,0,180
6007,50.229,-80.3685,1,3.84615e-05,153,127,0,180
6008,24.3167,-111.928,1,3.84615e-05,7,82,0,180
6009,-18.7157,-46.338,1,3.84615e-05,159,165,0,180
6010,-29.3598,132.51,1,3.84615e-05,136,68,0,180
6011,50.5615,113.151,1,3.84615e-05,153,144,0,180
6012,-42.3114,-66.1035,1,3.84615e-05,42,166,0,180
6013,42.3122,-85.9183,1,3.84615e-05,169,93,0,180
6014,-70.3554,127.718,1,3.84615e-05,-1,-1,0,180
6015,-20.3641,-59.5366,1,3.84615e-05,163,153,0,180
6016,22.5257,50.0825,1,3.84615e-05,163,117,0,180
6017,-32.572,119.794,1,3.84615e-05,80,37,0,180
6018,60.2281,-114.098,1,3.84615e-05,150,88,0,180
6019,4.97657,12.2671,1,3.84615e-05,15,161,0,180
6020,31.8934,77.3801,1,3.84615e-05,62,9,0,180
6021,64.5584,165.374,1,3.84615e-05,167,177,0,180
6022,46.9099,32.5917,1,3.84615e-05,28,110,0,180
6023,51.9697,-93.2252,1,3.84615e-05,154,127,0,180
6024,68.3753,85.6608,1,3.84615e-05,63,128,0,180
6025,29.3345,39.026,1,3.84615e-05,-1,-1,0,180
6026,78.0609,-77.4166,1,3.84615e-05,164,32,0,180
6027,67.9683,90.2242,1,3.84615e-05,178,198,0,180
6028,47.3047,64.1648,1,3.84615e-05,62,168,0,180
6029,23.2721,42.6277,1,3.84615e-05,2,86,0,180
6030,58.673,40.0679,1,3.84615e-05,150,106,0,180
6031,-73.6105,103.725,1,3.84615e-05,160,122,0,180
6032,35.2143,-94.0946,1,3.84615e-05,-1,-1,0,180
6033,44.688,-85.5538,1,3.84615e-05,21,48,0,180
6034,-18.4564,-43.1647,1,3.84615e-05,-1,-1,0,180
6035,24.7795,70.7868,1,3.84615e-05,73,105,0,180
6036,3.29601,22.8705,1,3.84615e-05,-1,-1,0,180
6037,-7.36408,28.1406,1,3.84615e-05,96,181,0,180
6038,40.9413,95.8092,1,3.84615e-05,138,161,0,180
6039,27.054,98.4198,1,3.84615e-05,135,17,0,180
6040,60.3308,5.80672,1,3.84615e-05,134,179,0,180
6041,-34.3455,-61.2803,1,3.84615e-05,123,168,0,180
6042,73.6042,95.4601,1,3.84615e-05,-1,-1,0,180
6043,-8.82835,19.915,1,3.84615e-05,17,67,0,180
6044,52.8237,-67.2694,1,3.84615e-05,1,66,0,180
6045,38.5393,36.2164,1,3.84615e-05,12,151,0,180
6046,40.0641,98.8199,1,3.84615e-05,159,169,0,180
6047,-22.1139,132.216,1,3.84615e-05,-1,-1,0,180
6048,17.4094,100.601,1,3.84615e-05,103,10,0,180
6049,33.5979,111.251,1,3.84615e-05,-1,-1,0,180
6050,18.6134,3.57565,1,3.84615e-05,-1,-1,0,180
6051,38.8904,-2.02515,1,3.84615e-05,101,85,0,180
6052,62.0423,-106.498,1,3.84615e-05,171,86,0,180
6053,6.467,5.0916,1,3.84615e-05,11,67,0,180
6054,62.3217,152.669,1,3.84615e-05,107,183,0,180
6055,-41.3988,145.564,1,3.84615e-05,2,35,0,180
6056,12.5153,42.4359,1,3.84615e-05,171,105,0,180
6057,-4.1095,-68.3542,1,3.84615e-05,32,128,0,180
6058,5.53173,45.5176,1,3.84615e-05,7,86,0,180
6059,-11.8239,29.6654,1,3.84615e-05,162,197,0,180
6060,51.7361,-103.642,1,3.84615e-05,164,56,0,180
6061,-80.1835,-121.732,1,3.84615e-05,-1,-1,0,180
6062,14.273,15.9265,1,3.84615e-05,-1,-1,0,180
6063,-15.1692,-57.0994,1,3.84615e-05,-1,-1,0,180
6064,-6.28693,27.0034,1,3.84615e-05,-1,-1,0,180
6065,-3.97923,-57.0086,1,3.84615e-05,69,137,0,180
6066,65.9369,-141.263,1,3.84615e-05,-1,-1,0,180
6067,3.43253,11.5945,1,3.84615e-05,169,89,0,180
6068,-82.4737,-36.662,1,3.84615e-05,126,29,0,180
6069,54.9462,-87.899,1,3.84615e-05,-1,-1,0,180
6070,-28.5498,151.577,1,3.84615e-05,80,132,0,180
6071,49.5974,-73.0284,1,3.84615e-05,178,68,0,180
6072,-76.3697,25.431,1,3.84615e-05,2,2,0,180
6073,17.128,49.1912,1,3.84615e-05,-1,-1,0,180
6074,65.4031,113.993,1,3.84615e-05,-1,-1,0,180
6075,2.56834,31.4933,1,3.84615e-05,166,197,0,180
6076,36.9384,104.009,1,3.84615e-05,-1,-1,0,180
6077,65.2493,-122.228,1,3.84615e-05,-1,-1,0,180
6078,37.8671,-79.7636,1,3.84615e-05,73,43,0,180
6079,-74.2003,18.3762,1,3.84615e-05,107,178,0,180
6080,44.5097,38.8592,1,3.84615e-05,-1,-1,0,180
6081,20.9564,3.39369,1,3.84615e-05,62,155,0,180
6082,0.189308,24.8189,1,3.84615e-05,50,74,0,180
6083,-81.6059,-90.9932,1,3.84615e-05,73,36,0,180
6084,56.947,97.9703,1,3.84615e-05,-1,-1,0,180
6085,-27.0471,124.142,1,3.84615e-05,136,55,0,180
6086,44.1117,76.652,1,3.84615e-05,-1,-1,0,180
6087,39.0813,89.5193,1,3.84615e-05,2,102,0,180
6088,24.0033,109.522,1,3.84615e-05,63,29,0,180
6089,17.8067,25.1777,1,3.84615e-05,79,88,0,180
6090,47.9317,108.056,1,3.84615e-05,140,33,0,180
6091,21.9033,109.792,1,3.84615e-05,-1,-1,0,180
6092,-6.97423,19.7583,1,3.84615e-05,-1,-1,0,180
6093,25.1462,110.631,1,3.84615e-05,-1,-1,0,180
6094,71.8932,-47.6816,1,3.84615e-05,46,72,0,180
6095,49.3462,60.5263,1,3.84615e-05,-1,-1,0,180
6096,51.5623,9.1451,1,3.84615e-05,132,119,0,180
6097,52.5584,137.471,1,3.84615e-05,85,141,0,180
6098,43.9145,-123.253,1,3.84615e-05,15,74,0,180
6099,55.1384,119.982,1,3.84615e-05,47,33,0,180
6100,38.7847,-92.5598,1,3.84615e-05,13,108,0,180
6101,42.99,53.2782,1,3.84615e-05,176,155,0,180
6102,46.4776,-88.8879,1,3.84615e-05,147,58,0,180
6103,70.4687,91.2289,1,3.84615e-05,92,125,0,180
6104,52.211,39.7961,1,3.84615e-05,176,139,0,180
6105,-74.4563,62.619,1,3.84615e-05,175,107,0,180
6106,54.7192,69.3558,1,3.84615e-05,-1,-1,0,180
6107,50.6561,57.3163,1,3.84615e-05,171,167,0,180
6108,25.7889,32.4123,1,3.84615e-05,-1,-1,0,180
6109,13.5837,-0.12616,1,3.84615e-05,150,176,0,180
6110,66.8164,70.2013,1,3.84615e-05,-1,-1,0,180
6111,46.128,129.13,1,3.84615e-05,2,26,0,180
6112,4.67507,39.1364,1,3.84615e-05,120,91,0,180
6113,49.0431,78.6539,1,3.84615e-05,63,131,0,180
6114,-31.0726,27.1174,1,3.84615e-05,42,176,0,180
6115,-40.7031,-71.4672,1,3.84615e-05,87,150,0,180
6116,-41.0401,145.821,1,3.84615e-05,2,35,0,180
6117,62.7983,90.977,1,3.84615e-05,127,193,0,180
6118,65.7509,-141.828,1,3.84615e-05,2,197,0,180
6119,48.2387,-93.2851,1,3.84615e-05,137,59,0,180
6120,29.3158,114.779,1,3.84615e-05,-1,-1,0,180
6121,30.0523,0.658096,1,3.84615e-05,151,80,0,180
6122,-22.769,-51.663,1,3.84615e-05,102,145,0,180
6123,25.5448,96.9707,1,3.84615e-05,144,16,0,180
6124,-13.844,14.1293,1,3.84615e-05,131,187,0,180
6125,63.9533,159.924,1,3.84615e-05,49,189,0,180
6126,44.7082,16.0052,1,3.84615e-05,-1,-1,0,180
6127,55.7648,22.0564,1,3.84615e-05,-1,-1,0,180
6128,-24.6111,124.821,1,3.84615e-05,22,125,0,180
6129,-47.0276,-69.3389,1,3.84615e-05,12,129,0,180
6130,64.1758,-122.822,1,3.84615e-05,136,72,0,180
6131,67.2159,-106.026,1,3.84615e-05,149,71,0,180
6132,44.7125,118.249,1,3.84615e-05,-1,-1,0,180
6133,-86.457,107.708,1,3.84615e-05,-1,-1,0,180
6134,64.4833,25.4728,1,3.84615e-05,58,177,0,180
6135,45.1002,41.8455,1,3.84615e-05,-1,-1,0,180
6136,37.9575,27.6685,1,3.84615e-05,-1,-1,0,180
6137,62.2509,86.502,1,3.84615e-05,-1,-1,0,180
6138,58.058,137.118,1,3.84615e-05,-1,-1,0,180
6139,27.0692,29.2579,1,3.84615e-05,163,185,0,180
6140,65.4522,123.691,1,3.84615e-05,-1,-1,0,180
6141,-75.5958,82.6813,1,3.84615e-05,109,104,0,180
6142,-9.80988,38.7835,1,3.84615e-05,88,88,0,180
6143,62.435,62.3331,1,3.84615e-05,170,127,0,180
6144,-3.33386,27.5802,1,3.84615e-05,-1,-1,0,180
6145,9.80524,46.2983,1,3.84615e-05,-1,-1,0,180
6146,23.962,2.84787,1,3.84615e-05,167,166,0,180
6147,68.9697,167.304,1,3.84615e-05,-1,-1,0,180
6148,41.6815,78.8558,1,3.84615e-05,177,127,0,180
6149,-4.70908,-50.3718,1,3.84615e-05,146,47,0,180
6150,41.8533,-105.884,1,3.84615e-05,-1,-1,0,180
6151,69.8104,70.7894,1,3.84615e-05,-1,-1,0,180
6152,12.6027,79.68,1,3.84615e-05,128,17,0,180
6153,29.2266,56.9596,1,3.84615e-05,-1,-1,0,180
6154,1.57061,-52.891,1,3.84615e-05,145,47,0,180
6155,63.1749,27.4931,1,3.84615e-05,1,173,0,180
6156,-22.1225,127.505,1,3.84615e-05,153,146,0,180
6157,27.0496,69.7152,1,3.84615e-05,90,6,0,180
6158,41.2446,47.1655,1,3.84615e-05,-1,-1,0,180
6159,39.0673,16.2311,1,3.84615e-05,174,115,0,180
6160,44.4674,87.4999,1,3.84615e-05,-1,-1,0,180
6161,55.0887,-161.028,1,3.84615e-05,137,45,0,180
6162,-14.5576,12.1048,1,3.84615e-05,141,186,0,180
6163,13.9517,-2.65739,1,3.84615e-05,-1,-1,0,180
6164,52.879,-63.31,1,3.84615e-05,12,65,0,180
6165,43.3386,50.5581,1,3.84615e-05,175,155,0,180
6166,31.4418,93.3734,1,3.84615e-05,-1,-1,0,180
6167,35.4456,57.5279,1,3.84615e-05,64,117,0,180
6168,43.2507,104.844,1,3.84615e-05,170,168,0,180
6169,65.7884,91.1002,1,3.84615e-05,170,9,0,180
6170,63.9798,84.3187,1,3.84615e-05,-1,-1,0,180
6171,37.3313,102.336,1,3.84615e-05,-1,-1,0,180
6172,-7.96317,-49.1154,1,3.84615e-05,-1,-1,0,180
6173,-67.1808,46.3394,1,3.84615e-05,136,77,0,180
6174,56.5866,136.434,1,3.84615e-05,-1,-1,0,180
6175,41.9873,89.755,1,3.84615e-05,-1,-1,0,180
6176,3.23277,-51.8957,1,3.84615e-05,134,48,0,180
6177,-7.19033,14.2868,1,3.84615e-05,99,79,0,180
6178,57.6797,162.36,1,3.84615e-05,30,181,0,180
6179,10.3755,104.826,1,3.84615e-05,139,32,0,180
6180,32.9053,-96.5828,1,3.84615e-05,66,93,0,180
6181,24.0054,19.3911,1,3.84615e-05,-1,-1,0,180
6182,17.9457,11.5489,1,3.84615e-05,161,96,0,180
6183,31.5106,-8.72205,1,3.84615e-05,5,135,0,180
6184,26.7416,27.7467,1,3.84615e-05,42,169,0,180
6185,-5.43255,14.9151,1,3.84615e-05,153,185,0,180
6186,62.2524,162.25,1,3.84615e-05,178,176,0,180
6187,-74.1172,3.16463,1,3.84615e-05,129,9,0,180
6188,39.4449,82.2066,1,3.84615e-05,22,100,0,180
6189,-18.6027,-45.4135,1,3.84615e-05,-1,-1,0,180
6190,-23.8965,125.618,1,3.84615e-05,40,42,0,180
6191,-69.1245,77.8605,1,3.84615e-05,50,100,0,180
6192,61.4055,124.605,1,3.84615e-05,142,189,0,180
6193,-78.6074,87.8351,1,3.84615e-05,120,103,0,180
6194,-70.3966,44.2229,1,3.84615e-05,169,25,0,180
6195,64.4118,-96.228,1,3.84615e-05,1,100,0,180
6196,77.7441,-64.0715,1,3.84615e-05,177,140,0,180
6197,-5.25227,-68.0931,1,3.84615e-05,117,132,0,180
6198,-9.45174,-39.0029,1,3.84615e-05,167,58,0,180
6199,26.1623,-7.55119,1,3.84615e-05,138,74,0,180
6200,36.3286,-81.1372,1,3.84615e-05,122,48,0,180
6201,7.703,30.5212,1,3.84615e-05,-1,-1,0,180
6202,-75.3151,117.005,1,3.84615e-05,-1,-1,0,180
6203,49.8824,81.1055,1,3.84615e-05,-1,-1,0,180
6204,61.6079,165.576,1,3.84615e-05,159,178,0,180
6205,-82.1634,93.9906,1,3.84615e-05,-1,-1,0,180
6206,-14.4815,31.3841,1,3.84615e-05,98,87,0,180
6207,62.9699,47.9191,1,3.84615e-05,-1,-1,0,180
6208,21.09,43.1258,1,3.84615e-05,-1,-1,0,180
6209,47.8456,78.3714,1,3.84615e-05,-1,-1,0,180
6210,27.5625,-100.968,1,3.84615e-05,175,124,0,180
6211,9.51818,10.4001,1,3.84615e-05,-1,-1,0,180
6212,30.5816,-111.234,1,3.84615e-05,152,94,0,180
6213,-71.0128,167.27,1,3.84615e-05,2,143,0,180
6214,43.8574,4.20285,1,3.84615e-05,56,72,0,180
6215,48.1026,55.89,1,3.84615e-05,-1,-1,0,180
6216,-70.6182,63.8554,1,3.84615e-05,170,25,0,180
6217,38.17,81.3556,1,3.84615e-05,32,192,0,180
6218,62.9734,79.6598,1,3.84615e-05,108,182,0,180
6219,26.6649,-80.1258,1,3.84615e-05,167,33,0,180
6220,-83.5951,125.334,1,3.84615e-05,160,109,0,180
6221,14.6212,24.6632,1,3.84615e-05,150,186,0,180
6222,23.1933,47.4824,1,3.84615e-05,-1,-1,0,180
6223,8.3762,-11.392,1,3.84615e-05,168,174,0,180
6224,-29.0735,-52.2277,1,3.84615e-05,42,155,0,180
6225,27.7716,116.382,1,3.84615e-05,22,136,0,180
6226,-4.02943,-59.2089,1,3.84615e-05,1,20,0,180
6227,-31.6433,134.977,1,3.84615e-05,12,115,0,180
6228,51.4797,73.534,1,3.84615e-05,166,9,0,180
6229,34.1871,72.1057,1,3.84615e-05,-1,-1,0,180
6230,-7.14863,-76.2823,1,3.84615e-05,144,139,0,180
6231,-6.41275,-60.9465,1,3.84615e-05,174,148,0,180
6232,17.2038,27.4487,1,3.84615e-05,50,81,0,180
6233,-70.3289,145.372,1,3.84615e-05,157,147,0,180
6234,23.5008,85.7494,1,3.84615e-05,157,29,0,180
6235,13.1171,0.984924,1,3.84615e-05,-1,-1,0,180
6236,-31.2329,143.452,1,3.84615e-05,120,138,0,180
6237,-27.2814,30.2083,1,3.84615e-05,24,178,0,180
6238,58.0615,-127.894,1,3.84615e-05,115,74,0,180
6239,67.9779,17.0396,1,3.84615e-05,31,170,0,180
6240,-24.5423,134.602,1,3.84615e-05,126,137,0,180
6241,64.2386,-127.763,1,3.84615e-05,-1,-1,0,180
6242,-34.6252,140.621,1,3.84615e-05,126,69,0,180
6243,49.8207,56.8832,1,3.84615e-05,171,167,0,180
6244,57.2553,-5.43503,1,3.84615e-05,178,138,0,180
6245,12.9509,-11.8305,1,3.84615e-05,-1,-1,0,180
6246,33.6388,92.4606,1,3.84615e-05,102,125,0,180
6247,-37.9233,143.752,1,3.84615e-05,67,65,0,180
6248,2.53989,-53.0884,1,3.84615e-05,148,141,0,180
6249,44.1488,-86.1538,1,3.84615e-05,21,48,0,180
6250,39.8403,72.6382,1,3.84615e-05,-1,-1,0,180
6251,-75.9681,-127.741,1,3.84615e-05,155,100,0,180
6252,-68.9679,102.728,1,3.84615e-05,100,128,0,180
6253,8.75667,-64.686,1,3.84615e-05,-1,-1,0,180
6254,5.31816,11.9117,1,3.84615e-05,15,161,0,180
6255,-75.4562,95.5846,1,3.84615e-05,173,36,0,180
6256,19.9619,51.6746,1,3.84615e-05,-1,-1,0,180
6257,28.1486,52.0373,1,3.84615e-05,158,9,0,180
6258,30.9197,67.2509,1,3.84615e-05,-1,-1,0,180
6259,-44.3089,-73.9807,1,3.84615e-05,32,127,0,180
6260,58.7129,-130.908,1,3.84615e-05,95,76,0,180
6261,-22.622,-65.1839,1,3.84615e-05,-1,-1,0,180
6262,6.01893,48.5629,1,3.84615e-05,13,180,0,180
6263,13.2957,31.1879,1,3.84615e-05,121,189,0,180
6264,-13.993,-74.5792,1,3.84615e-05,69,23,0,180
6265,68.1701,93.6973,1,3.84615e-05,83,126,0,180
6266,39.7606,29.4785,1,3.84615e-05,176,115,0,180
6267,-80.3107,-9.79718,1,3.84615e-05,22,20,0,180
6268,-33.6632,146.075,1,3.84615e-05,121,138,0,180
6269,-5.43095,-73.1616,1,3.84615e-05,148,36,0,180
6270,24.2539,-104.671,1,3.84615e-05,63,93,0,180
6271,65.9868,171.979,1,3.84615e-05,-1,-1,0,180
6272,-27.0796,25.0223,1,3.84615e-05,32,187,0,180
6273,57.7799,75.118,1,3.84615e-05,-1,-1,0,180
6274,46.4905,32.4604,1,3.84615e-05,28,110,0,180
6275,49.8948,4.27202,1,3.84615e-05,-1,-1,0,180
6276,19.0794,-89.1266,1,3.84615e-05,4,14,0,180
6277,24.626,75.6032,1,3.84615e-05,166,131,0,180
6278,20.2336,-97.2759,1,3.84615e-05,139,116,0,180
6279,33.2353,-95.3797,1,3.84615e-05,170,43,0,180
6280,51.5244,110.635,1,3.84615e-05,-1,-1,0,180
6281,70.6089,-34.9828,1,3.84615e-05,52,34,0,180
6282,-28.0475,28.6672,1,3.84615e-05,119,191,0,180
6283,29.5761,51.5776,1,3.84615e-05,133,110,0,180
6284,65.319,-16.8428,1,3.84615e-05,1,77,0,180
6285,33.3022,4.73454,1,3.84615e-05,165,155,0,180
6286,10.8359,4.37329,1,3.84615e-05,1,151,0,180
6287,25.7021,85.0716,1,3.84615e-05,22,3,0,180
6288,-30.4135,-64.3078,1,3.84615e-05,140,155,0,180
6289,11.3552,13.1302,1,3.84615e-05,-1,-1,0,180
6290,15.9624,44.8107,1,3.84615e-05,-1,-1,0,180
6291,42.4505,126.35,1,3.84615e-05,142,17,0,180
6292,-16.3704,-64.9057,1,3.84615e-05,65,137,0,180
6293,46.2488,107.359,1,3.84615e-05,130,162,0,180
6294,50.6406,-94.0753,1,3.84615e-05,-1,-1,0,180
6295,-76.0745,4.04375,1,3.84615e-05,155,173,0,180
6296,18.6994,-98.5904,1,3.84615e-05,158,114,0,180
6297,60.3834,-128.517,1,3.84615e-05,145,71,0,180
6298,-16.2553,135.95,1,3.84615e-05,33,43,0,180
6299,-7.07358,-53.6254,1,3.84615e-05,-1,-1,0,180
6300,-35.7184,148.994,1,3.84615e-05,49,67,0,180
6301,-5.60873,-50.7923,1,3.84615e-05,157,154,0,180
6302,23.6909,-105.668,1,3.84615e-05,38,5,0,180
6303,52.8363,87.8168,1,3.84615e-05,126,122,0,180
6304,-8.97107,-63.4532,1,3.84615e-05,12,120,0,180
6305,7.7531,41.4459,1,3.84615e-05,109,193,0,180
6306,-25.5079,-62.2689,1,3.84615e-05,33,130,0,180
6307,-14.1911,-50.8763,1,3.84615e-05,-1,-1,0,180
6308,22.8873,-5.72029,1,3.84615e-05,172,174,0,180
6309,32.042,92.7322,1,3.84615e-05,-1,-1,0,180
6310,40.1277,113.955,1,3.84615e-05,32,122,0,180
6311,-19.1733,139.894,1,3.84615e-05,-1,-1,0,180
6312,-25.7496,124.994,1,3.84615e-05,116,57,0,180
6313,45.3144,45.0955,1,3.84615e-05,1,113,0,180
6314,32.2789,65.5624,1,3.84615e-05,-1,-1,0,180
6315,50.1612,-77.0171,1,3.84615e-05,-1,-1,0,180
6316,53.7002,129.398,1,3.84615e-05,114,148,0,180
6317,28.7012,16.3943,1,3.84615e-05,131,160,0,180
6318,64.5354,121.707,1,3.84615e-05,-1,-1,0,180
6319,56.2879,71.8947,1,3.84615e-05,-1,-1,0,180
6320,-22.8912,140.782,1,3.84615e-05,-1,-1,0,180
6321,-16.0901,26.8864,1,3.84615e-05,63,73,0,180
6322,68.7631,92.3772,1,3.84615e-05,-1,-1,0,180
6323,-79.2449,159.883,1,3.84615e-05,158,172,0,180
6324,-81.83,135.469,1,3.84615e-05,92,144,0,180
6325,27.2385,30.6609,1,3.84615e-05,1,172,0,180
6326,18.4913,79.1024,1,3.84615e-05,60,118,0,180
6327,17.5287,103.516,1,3.84615e-05,122,136,0,180
6328,13.4216,29.7897,1,3.84615e-05,130,188,0,180
6329,21.0943,-6.91464,1,3.84615e-05,6,67,0,180
6330,25.3542,108.127,1,3.84615e-05,32,135,0,180
6331,-27.8942,32.5543,1,3.84615e-05,3,69,0,180
6332,47.78,0.71106,1,3.84615e-05,118,134,0,180
6333,31.3908,-86.913,1,3.84615e-05,173,43,0,180
6334,66.484,33.9,1,3.84615e-05,40,179,0,180
6335,27.4504,64.5181,1,3.84615e-05,110,4,0,180
6336,59.2654,28.2505,1,3.84615e-05,47,178,0,180
6337,8.66503,3.96045,1,3.84615e-05,40,64,0,180
6338,40.2698,91.269,1,3.84615e-05,-1,-1,0,180
6339,37.1743,81.4711,1,3.84615e-05,-1,-1,0,180
6340,-1.20139,23.4048,1,3.84615e-05,59,73,0,180
6341,2.89167,42.8911,1,3.84615e-05,171,7,0,180
6342,54.9365,133.838,1,3.84615e-05,5,26,0,180
6343,22.1558,107.852,1,3.84615e-05,-1,-1,0,180
6344,-23.1075,-62.9622,1,3.84615e-05,-1,-1,0,180
6345,35.4827,90.7601,1,3.84615e-05,97,138,0,180
6346,46.8774,127.282,1,3.84615e-05,64,31,0,180
6347,23.4749,-13.452,1,3.84615e-05,34,64,0,180
6348,-17.6857,-55.8442,1,3.84615e-05,-1,-1,0,180
6349,57.9915,-126.445,1,3.84615e-05,161,103,0,180
6350,26.0045,33.7865,1,3.84615e-05,-1,-1,0,180
6351,-21.805,-45.9795,1,3.84615e-05,-1,-1,0,180
6352,-30.9702,131.168,1,3.84615e-05,33,32,0,180
6353,26.8227,88.8825,1,3.84615e-05,6,102,0,180
6354,64.2145,-122.126,1,3.84615e-05,136,72,0,180
6355,6.71564,-1.58075,1,3.84615e-05,138,177,0,180
6356,46.1534,116.093,1,3.84615e-05,-1,-1,0,180
6357,58.5973,-98.126,1,3.84615e-05,144,61,0,180
6358,60.6381,-145.932,1,3.84615e-05,42,193,0,180
6359,54.0497,93.7625,1,3.84615e-05,-1,-1,0,180
6360,36.2942,61.6151,1,3.84615e-05,-1,-1,0,180
6361,44.9269,-82.984,1,3.84615e-05,1,40,0,180
6362,-5.67673,20.812,1,3.84615e-05,125,188,0,180
6363,37.0147,21.1367,1,3.84615e-05,133,160,0,180
6364,37.3789,117.8,1,3.84615e-05,-1,-1,0,180
6365,71.7565,110.386,1,3.84615e-05,128,146,0,180
6366,32.2295,81.4379,1,3.84615e-05,33,109,0,180
6367,28.8559,-111.467,1,3.84615e-05,141,95,0,180
6368,-30.9759,-57.9027,1,3.84615e-05,88,33,0,180
6369,69.0611,-129.354,1,3.84615e-05,-1,-1,0,180
6370,47.8268,136.645,1,3.84615e-05,144,17,0,180
6371,53.4246,-115.696,1,3.84615e-05,102,52,0,180
6372,39.6606,-106.376,1,3.84615e-05,14,7,0,180
6373,16.8514,32.6483,1,3.84615e-05,92,182,0,180
6374,-9.43514,148.881,1,3.84615e-05,53,146,0,180
6375,-23.9477,117.167,1,3.84615e-05,2,24,0,180
6376,80.5616,-70.7414,1,3.84615e-05,53,105,0,180
6377,-1.09991,-72.0935,1,3.84615e-05,147,139,0,180
6378,3.42564,41.2272,1,3.84615e-05,-1,-1,0,180
6379,35.3837,75.4671,1,3.84615e-05,168,128,0,180
6380,30.6372,99.6353,1,3.84615e-05,-1,-1,0,180
6381,52.1447,120.444,1,3.84615e-05,162,143,0,180
6382,-11.3587,25.8163,1,3.84615e-05,-1,-1,0,180
6383,25.6209,28.3608,1,3.84615e-05,84,94,0,180
6384,56.7497,126.495,1,3.84615e-05,72,29,0,180
6385,41.1269,-119.653,1,3.84615e-05,88,84,0,180
6386,11.6703,5.07504,1,3.84615e-05,1,68,0,180
6387,12.4186,76.6545,1,3.84615e-05,167,13,0,180
6388,-22.5045,-47.5944,1,3.84615e-05,-1,-1,0,180
6389,66.9192,-37.7173,1,3.84615e-05,23,121,0,180
6390,54.3783,60.5057,1,3.84615e-05,-1,-1,0,180
6391,51.499,46.7841,1,3.84615e-05,171,104,0,180
6392,-31.7288,28.6412,1,3.84615e-05,2,180,0,180
6393,60.962,106.408,1,3.84615e-05,-1,-1,0,180
6394,45.0203,-69.8907,1,3.84615e-05,52,95,0,180
6395,45.3984,39.0524,1,3.84615e-05,-1,-1,0,180
6396,-70.5892,97.3156,1,3.84615e-05,129,125,0,180
6397,3.39571,-55.3557,1,3.84615e-05,144,47,0,180
6398,-3.97185,-67.837,1,3.84615e-05,32,128,0,180
6399,47.7626,71.3585,1,3.84615e-05,72,198,0,180
6400,-23.5733,148.356,0,3.84615e-05,101,62,0,180
6401,30.2595,60.5204,0,3.84615e-05,159,9,0,180
6402,9.81403,8.03078,0,3.84615e-05,12,150,0,180
6403,-8.10071,-51.6883,0,3.84615e-05,176,152,0,180
6404,26.1847,115.095,0,3.84615e-05,12,137,0,180
6405,-34.236,141.734,0,3.84615e-05,37,55,0,180
6406,38.1396,125.597,0,3.84615e-05,42,33,0,180
6407,37.66,-119.695,0,3.84615e-05,45,19,0,180
6408,27.3004,39.4935,0,3.84615e-05,-1,-1,0,180
6409,13.2407,106.955,0,3.84615e-05,49,121,0,180
6410,71.3651,-50.2041,0,3.84615e-05,42,35,0,180
6411,3.8674,116.257,0,3.84615e-05,13,125,0,180
6412,49.1884,136.586,0,3.84615e-05,154,16,0,180
6413,-4.93624,-42.0547,0,3.84615e-05,155,59,0,180
6414,-4.22192,-50.272,0,3.84615e-05,146,47,0,180
6415,40.9842,-7.23479,0,3.84615e-05,34,98,0,180
6416,19.8675,50.6305,0,3.84615e-05,19,91,0,180
6417,60.0012,142.424,0,3.84615e-05,-1,-1,0,180
6418,51.5901,-82.5085,0,3.84615e-05,-1,-1,0,180
6419,41.614,80.2369,0,3.84615e-05,148,120,0,180
6420,-20.6186,14.7521,0,3.84615e-05,78,61,0,180
6421,2.31557,-74.7612,0,3.84615e-05,155,35,0,180
6422,53.5713,-86.5584,0,3.84615e-05,176,68,0,180
6423,-75.4215,137.462,0,3.84615e-05,129,140,0,180
6424,-0.132675,102.109,0,3.84615e-05,156,30,0,180
6425,64.9036,-90.4155,0,3.84615e-05,174,86,0,180
6426,7.22685,-73.3054,0,3.84615e-05,170,44,0,180
6427,13.4633,-15.6686,0,3.84615e-05,-1,-1,0,180
6428,55.478,63.8064,0,3.84615e-05,-1,-1,0,180
6429,14.8688,-91.3003,0,3.84615e-05,118,118,0,180
6430,62.4834,-159.994,0,3.84615e-05,133,4,0,180
6431,62.4192,109.534,0,3.84615e-05,-1,-1,0,180
6432,-3.79115,-77.0857,0,3.84615e-05,166,34,0,180
6433,60.4622,-144.404,0,3.84615e-05,15,173,0,180
6434,-10.4127,-62.9696,0,3.84615e-05,153,140,0,180
6435,57.3975,116.037,0,3.84615e-05,13,5,0,180
6436,4.08012,32.7806,0,3.84615e-05,-1,-1,0,180
6437,17.4897,-14.6535,0,3.84615e-05,-1,-1,0,180
6438,46.4001,-110.679,0,3.84615e-05,176,42,0,180
6439,44.0653,128.251,0,3.84615e-05,74,168,0,180
6440,-76.8035,27.0008,0,3.84615e-05,2,2,0,180
6441,-81.0964,108.43,0,3.84615e-05,171,121,0,180
6442,23.3803,-106.088,0,3.84615e-05,38,5,0,180
6443,62.3116,-127.267,0,3.84615e-05,172,102,0,180
6444,-39.2221,-72.8201,0,3.84615e-05,23,128,0,180
6445,19.9295,-9.22975,0,3.84615e-05,159,72,0,180
6446,-32.721,148.502,0,3.84615e-05,100,130,0,180
6447,60.1978,72.0712,0,3.84615e-05,-1,-1,0,180
6448,72.146,111.89,0,3.84615e-05,32,193,0,180
6449,4.62305,40.0616,0,3.84615e-05,42,187,0,180
6450,41.5133,-8.291,0,3.84615e-05,24,99,0,180
6451,47.7793,9.89102,0,3.84615e-05,113,111,0,180
6452,49.1588,-68.0166,0,3.84615e-05,168,114,0,180
6453,42.8775,62.8084,0,3.84615e-05,-1,-1,0,180
6454,59.862,26.3927,0,3.84615e-05,28,170,0,180
6455,35.5274,-104.621,0,3.84615e-05,-1,-1,0,180
6456,47.9301,12.0808,0,3.84615e-05,42,81,0,180
6457,2.32789,33.8115,0,3.84615e-05,-1,-1,0,180
6458,46.8043,109.751,0,3.84615e-05,111,164,0,180
6459,27.251,-108.076,0,3.84615e-05,122,97,0,180
6460,28.4812,39.918,0,3.84615e-05,-1,-1,0,180
6461,61.6018,65.1968,0,3.84615e-05,-1,-1,0,180
6462,14.1822,6.61787,0,3.84615e-05,122,179,0,180
6463,20.3248,-8.32047,0,3.84615e-05,-1,-1,0,180
6464,65.4025,13.4898,0,3.84615e-05,116,171,0,180
6465,-23.9085,28.5183,0,3.84615e-05,149,198,0,180
6466,15.2005,29.3535,0,3.84615e-05,-1,-1,0,180
6467,-84.8304,7.0661,0,3.84615e-05,-1,-1,0,180
6468,-16.573,28.5466,0,3.84615e-05,64,73,0,180
6469,-17.8025,-43.2361,0,3.84615e-05,-1,-1,0,180
6470,20.8289,47.9767,0,3.84615e-05,-1,-1,0,180
6471,46.6063,53.5635,0,3.84615e-05,-1,-1,0,180
6472,61.3458,-157.39,0,3.84615e-05,172,78,0,180
6473,54.8229,34.9153,0,3.84615e-05,-1,-1,0,180
6474,3.69865,12.2932,0,3.84615e-05,175,183,0,180
6475,29.8223,74.5882,0,3.84615e-05,-1,-1,0,180
6476,29.9241,-1.05827,0,3.84615e-05,178,165,0,180
6477,-1.94704,-75.6253,0,3.84615e-05,-1,-1,0,180
6478,-7.24317,37.4266,0,3.84615e-05,-1,-1,0,180
6479,62.3358,122.851,0,3.84615e-05,140,145,0,180
6480,3.67201,13.2396,0,3.84615e-05,-1,-1,0,180
6481,51.7969,-88.3806,0,3.84615e-05,-1,-1,0,180
6482,35.0128,80.681,0,3.84615e-05,-1,-1,0,180
6483,16.9592,47.553,0,3.84615e-05,-1,-1,0,180
6484,-21.6386,14.622,0,3.84615e-05,100,180,0,180
6485,40.0282,-81.6533,0,3.84615e-05,-1,-1,0,180
6486,28.2687,-107.095,0,3.84615e-05,-1,-1,0,180
6487,31.3535,76.3053,0,3.84615e-05,72,8,0,180
6488,-25.7897,-52.9214,0,3.84615e-05,72,152,0,180
6489,56.5936,-116.546,0,3.84615e-05,92,66,0,180
6490,25.4354,30.872,0,3.84615e-05,24,90,0,180
6491,48.8655,-120.854,0,3.84615e-05,71,55,0,180
6492,-16.7254,-62.5345,0,3.84615e-05,-1,-1,0,180
6493,-74.6217,-64.1681,0,3.84615e-05,42,39,0,180
6494,5.85609,5.03517,0,3.84615e-05,11,67,0,180
6495,39.8255,-89.1511,0,3.84615e-05,168,93,0,180
6496,-33.0226,136.605,0,3.84615e-05,22,114,0,180
6497,58.3509,-121.606,0,3.84615e-05,159,87,0,180
6498,14.8358,75.8539,0,3.84615e-05,177,12,0,180
6499,50.9582,48.8234,0,3.84615e-05,-1,-1,0,180
6500,43.0213,108.029,0,3.84615e-05,-1,-1,0,180
6501,8.92118,125.462,0,3.84615e-05,2,126,0,180
6502,34.9062,136.261,0,3.84615e-05,3,37,0,180
6503,27.7663,-82.3128,0,3.84615e-05,96,29,0,180
6504,27.6671,116.072,0,3.84615e-05,22,136,0,180
6505,58.5927,47.3016,0,3.84615e-05,121,109,0,180
6506,-39.5812,-72.7398,0,3.84615e-05,23,128,0,180
6507,29.912,102.922,0,3.84615e-05,163,30,0,180
6508,64.5258,28.6931,0,3.84615e-05,49,178,0,180
6509,68.9367,58.4755,0,3.84615e-05,42,107,0,180
6510,10.6315,79.1527,0,3.84615e-05,127,17,0,180
6511,-13.0373,-68.5963,0,3.84615e-05,-1,-1,0,180
6512,55.3051,131.245,0,3.84615e-05,103,149,0,180
6513,50.8354,-90.9495,0,3.84615e-05,117,51,0,180
6514,59.3808,138.233,0,3.84615e-05,1,38,0,180
6515,-10.4313,34.2685,0,3.84615e-05,-1,-1,0,180
6516,18.657,-72.0061,0,3.84615e-05,34,117,0,180
6517,1.82978,41.3661,0,3.84615e-05,26,84,0,180
6518,54.7428,-58.4803,0,3.84615e-05,32,63,0,180
6519,45.3328,0.721664,0,3.84615e-05,149,177,0,180
6520,-14.344,132.712,0,3.84615e-05,151,54,0,180
6521,-83.4157,-55.9422,0,3.84615e-05,82,35,0,180
6522,3.51501,38.6746,0,3.84615e-05,147,199,0,180
6523,-32.8568,26.1809,0,3.84615e-05,13,179,0,180
6524,-69.6804,142.673,0,3.84615e-05,117,141,0,180
6525,62.6845,61.0194,0,3.84615e-05,-1,-1,0,180
6526,-12.4924,-43.7153,0,3.84615e-05,97,150,0,180
6527,-25.7804,122.313,0,3.84615e-05,106,58,0,180
6528,30.1803,-110.06,0,3.84615e-05,162,93,0,180
6529,20.1235,51.0146,0,3.84615e-05,19,91,0,180
6530,51.3481,37.2598,0,3.84615e-05,-1,-1,0,180
6531,15.273,16.4702,0,3.84615e-05,-1,-1,0,180
6532,63.8918,22.9994,0,3.84615e-05,78,175,0,180
6533,-0.895775,19.8975,0,3.84615e-05,126,188,0,180
6534,-7.88316,-64.9612,0,3.84615e-05,22,129,0,180
6535,-6.98919,139.469,0,3.84615e-05,172,158,0,180
6536,71.2016,-37.3307,0,3.84615e-05,98,148,0,180
6537,11.1761,-15.3515,0,3.84615e-05,170,71,0,180
6538,39.8296,30.7102,0,3.84615e-05,-1,-1,0,180
6539,19.218,-12.3786,0,3.84615e-05,173,165,0,180
6540,-66.2767,110.991,0,3.84615e-05,88,80,0,180
6541,25.5264,71.0772,0,3.84615e-05,38,110,0,180
6542,-4.17984,-80.3059,0,3.84615e-05,109,120,0,180
6543,-1.53708,-51.3564,0,3.84615e-05,178,152,0,180
6544,61.206,-99.6823,0,3.84615e-05,104,83,0,180
6545,51.8194,-108.01,0,3.84615e-05,173,55,0,180
6546,46.5721,-91.1563,0,3.84615e-05,76,55,0,180
6547,49.2368,29.3092,0,3.84615e-05,171,155,0,180
6548,49.0741,91.5209,0,3.84615e-05,43,159,0,180
6549,56.4017,-98.8429,0,3.84615e-05,-1,-1,0,180
6550,-83.0069,107.915,0,3.84615e-05,-1,-1,0,180
6551,49.4896,13.9409,0,3.84615e-05,22,83,0,180
6552,24.6779,99.4932,0,3.84615e-05,172,39,0,180
6553,34.2426,133.658,0,3.84615e-05,2,154,0,180
6554,-17.4794,129.866,0,3.84615e-05,-1,-1,0,180
6555,-87.4433,-78.4346,0,3.84615e-05,142,174,0,180
6556,10.138,28.5906,0,3.84615e-05,-1,-1,0,180
6557,-84.2241,-175.062,0,3.84615e-05,170,36,0,180
6558,13.679,2.70821,0,3.84615e-05,112,77,0,180
6559,49.415,12.7154,0,3.84615e-05,172,115,0,180
6560,44.8012,-93.8885,0,3.84615e-05,116,51,0,180
6561,48.3251,0.574173,0,3.84615e-05,101,112,0,180
6562,-22.6102,-44.0095,0,3.84615e-05,73,148,0,180
6563,4.97336,115.25,0,3.84615e-05,33,123,0,180
6564,64.8804,63.6838,0,3.84615e-05,179,126,0,180
6565,19.4162,32.7939,0,3.84615e-05,-1,-1,0,180
6566,67.217,18.2179,0,3.84615e-05,88,174,0,180
6567,-25.2023,139.597,0,3.84615e-05,89,50,0,180
6568,-26.1338,-59.9019,0,3.84615e-05,-1,-1,0,180
6569,8.5451,43.2334,0,3.84615e-05,-1,-1,0,180
6570,-13.0611,-64.2421,0,3.84615e-05,-1,-1,0,180
6571,4.73724,102.191,0,3.84615e-05,165,132,0,180
6572,21.3755,-3.02327,0,3.84615e-05,72,154,0,180
6573,19.9221,-100.759,0,3.84615e-05,32,96,0,180
6574,26.4837,12.5062,0,3.84615e-05,22,76,0,180
6575,-15.9726,-43.5492,0,3.84615e-05,86,151,0,180
6576,-33.5967,-71.6143,0,3.84615e-05,103,20,0,180
6577,39.8362,63.2139,0,3.84615e-05,141,133,0,180
6578,71.8963,-109.587,0,3.84615e-05,-1,-1,0,180
6579,-27.3671,15.1395,0,3.84615e-05,109,189,0,180
6580,39.5751,-103.175,0,3.84615e-05,43,105,0,180
6581,56.2273,37.6492,0,3.84615e-05,145,132,0,180
6582,-37.1396,-69.3376,0,3.84615e-05,107,158,0,180
6583,63.5075,-140.71,0,3.84615e-05,154,70,0,180
6584,-71.6997,-1.05978,0,3.84615e-05,76,194,0,180
6585,-28.3546,152.572,0,3.84615e-05,81,64,0,180
6586,13.5127,-2.09006,0,3.84615e-05,-1,-1,0,180
6587,60.8434,140.898,0,3.84615e-05,-1,-1,0,180
6588,41.4404,-123.554,0,3.84615e-05,24,11,0,180
6589,32.4411,37.368,0,3.84615e-05,-1,-1,0,180
6590,-16.6871,127.349,0,3.84615e-05,-1,-1,0,180
6591,57.9587,128.683,0,3.84615e-05,163,187,0,180
6592,82.3927,-78.1304,0,3.84615e-05,124,36,0,180
6593,-13.2218,-61.2318,0,3.84615e-05,-1,-1,0,180
6594,5.71239,-7.02992,0,3.84615e-05,111,161,0,180
6595,24.4462,4.52274,0,3.84615e-05,124,83,0,180
6596,15.3733,106.856,0,3.84615e-05,113,137,0,180
6597,40.0346,-93.187,0,3.84615e-05,-1,-1,0,180
6598,-26.141,28.9121,0,3.84615e-05,-1,-1,0,180
6599,25.8023,84.3936,0,3.84615e-05,22,3,0,180
6600,61.7336,-125.729,0,3.84615e-05,162,103,0,180
6601,47.1049,-72.2165,0,3.84615e-05,167,114,0,180
6602,-82.8898,154.057,0,3.84615e-05,73,146,0,180
6603,51.8349,126.928,0,3.84615e-05,95,140,0,180
6604,75.2773,-29.3423,0,3.84615e-05,-1,-1,0,180
6605,-88.0149,-166.369,0,3.84615e-05,-1,-1,0,180
6606,57.9815,-66.0073,0,3.84615e-05,102,39,0,180
6607,-31.889,144.114,0,3.84615e-05,128,69,0,180
6608,66.5504,-38.3709,0,3.84615e-05,23,121,0,180
6609,61.2998,126.451,0,3.84615e-05,133,180,0,180
6610,-73.9478,-99.2715,0,3.84615e-05,13,128,0,180
6611,-72.2064,25.9236,0,3.84615e-05,82,4,0,180
6612,25.6816,64.1487,0,3.84615e-05,101,102,0,180
6613,21.0245,-4.79802,0,3.84615e-05,172,88,0,180
6614,45.6191,68.4752,0,3.84615e-05,-1,-1,0,180
6615,-11.0974,-68.2379,0,3.84615e-05,173,148,0,180
6616,49.543,-94.9961,0,3.84615e-05,166,56,0,180
6617,9.74467,22.5817,0,3.84615e-05,136,99,0,180
6618,15.618,34.5725,0,3.84615e-05,57,97,0,180
6619,64.6062,-173.873,0,3.84615e-05,137,193,0,180
6620,29.299,18.2444,0,3.84615e-05,2,78,0,180
6621,26.8648,-98.8877,0,3.84615e-05,94,90,0,180
6622,64.3231,-48.0118,0,3.84615e-05,32,81,0,180
6623,49.6132,53.8635,0,3.84615e-05,-1,-1,0,180
6624,62.1486,120.819,0,3.84615e-05,159,143,0,180
6625,-2.18182,-72.78,0,3.84615e-05,12,14,0,180
6626,61.2607,76.6007,0,3.84615e-05,54,106,0,180
6627,-11.8432,29.0945,0,3.84615e-05,162,197,0,180
6628,48.8169,-71.3949,0,3.84615e-05,-1,-1,0,180
6629,30.3994,112.506,0,3.84615e-05,-1,-1,0,180
6630,-22.0724,44.9884,0,3.84615e-05,52,198,0,180
6631,40.1428,116.342,0,3.84615e-05,-1,-1,0,180
6632,59.9187,64.1498,0,3.84615e-05,-1,-1,0,180
6633,33.659,42.0409,0,3.84615e-05,2,152,0,180
6634,37.1852,-94.9076,0,3.84615e-05,-1,-1,0,180
6635,-26.2705,150.215,0,3.84615e-05,110,61,0,180
6636,-13.2736,27.8722,0,3.84615e-05,-1,-1,0,180
6637,25.4064,111.107,0,3.84615e-05,-1,-1,0,180
6638,58.2994,-130.749,0,3.84615e-05,95,76,0,180
6639,15.2209,102,0,3.84615e-05,169,39,0,180
6640,-10.2866,-66.3865,0,3.84615e-05,-1,-1,0,180
6641,-15.0868,-39.5149,0,3.84615e-05,-1,-1,0,180
6642,61.6575,122.714,0,3.84615e-05,-1,-1,0,180
6643,-17.3436,145.908,0,3.84615e-05,15,45,0,180
6644,3.69926,-64.2854,0,3.84615e-05,25,129,0,180
6645,22.4742,23.3382,0,3.84615e-05,15,77,0,180
6646,-7.76503,20.6207,0,3.84615e-05,-1,-1,0,180
6647,38.5384,76.1343,0,3.84615e-05,-1,-1,0,180
6648,-14.5073,133.383,0,3.84615e-05,-1,-1,0,180
6649,14.2445,78.7106,0,3.84615e-05,168,13,0,180
6650,71.6452,-43.7993,0,3.84615e-05,156,142,0,180
6651,9.67702,33.5863,0,3.84615e-05,-1,-1,0,180
6652,56.2116,77.608,0,3.84615e-05,-1,-1,0,180
6653,-0.356552,-71.4887,0,3.84615e-05,1,110,0,180
6654,-20.8453,-60.1591,0,3.84615e-05,43,26,0,180
6655,19.1583,22.5053,0,3.84615e-05,88,87,0,180
6656,50.3159,89.2067,0,3.84615e-05,-1,-1,0,180
6657,47.4855,-100.469,0,3.84615e-05,128,47,0,180
6658,54.258,-111.654,0,3.84615e-05,130,80,0,180
6659,62.1965,63.6042,0,3.84615e-05,170,127,0,180
6660,53.7809,45.1319,0,3.84615e-05,-1,-1,0,180
6661,-1.41998,26.2214,0,3.84615e-05,175,196,0,180
6662,43.9487,96.1384,0,3.84615e-05,-1,-1,0,180
6663,65.5178,176.962,0,3.84615e-05,176,176,0,180
6664,67.0757,-129.187,0,3.84615e-05,-1,-1,0,180
6665,-9.5108,15.2547,0,3.84615e-05,142,186,0,180
6666,65.3708,-21.2422,0,3.84615e-05,29,74,0,180
6667,58.8386,-154.21,0,3.84615e-05,152,70,0,180
6668,33.7271,111.882,0,3.84615e-05,-1,-1,0,180
6669,54.4805,61.6986,0,3.84615e-05,-1,-1,0,180
6670,-0.140976,-51.1691,0,3.84615e-05,136,48,0,180
6671,-25.3062,114.224,0,3.84615e-05,77,48,0,180
6672,-20.5689,22.0339,0,3.84615e-05,-1,-1,0,180
6673,32.0506,54.892,0,3.84615e-05,-1,-1,0,180
6674,40.2729,-120.389,0,3.84615e-05,43,4,0,180
6675,6.78904,6.16925,0,3.84615e-05,178,88,0,180
6676,-15.8307,-59.2916,0,3.84615e-05,143,141,0,180
6677,-29.9404,149.519,0,3.84615e-05,70,65,0,180
6678,60.4569,-148.525,0,3.84615e-05,134,72,0,180
6679,41.1057,107.174,0,3.84615e-05,-1,-1,0,180
6680,-71.5861,21.5415,0,3.84615e-05,80,171,0,180
6681,22.5836,108.741,0,3.84615e-05,-1,-1,0,180
6682,-71.5799,126.692,0,3.84615e-05,72,121,0,180
6683,-8.83704,34.3739,0,3.84615e-05,114,192,0,180
6684,18.4644,10.0651,0,3.84615e-05,141,98,0,180
6685,26.9548,6.19319,0,3.84615e-05,159,96,0,180
6686,-54.0777,-66.7703,0,3.84615e-05,2,1,0,180
6687,47.2103,84.2518,0,3.84615e-05,62,157,0,180
6688,18.8934,35.701,0,3.84615e-05,113,180,0,180
6689,67.5971,107.145,0,3.84615e-05,-1,-1,0,180
6690,0.108528,11.483,0,3.84615e-05,174,183,0,180
6691,72.7594,54.7098,0,3.84615e-05,168,127,0,180
6692,-18.5322,15.0184,0,3.84615e-05,112,78,0,180
6693,60.2116,127.027,0,3.84615e-05,-1,-1,0,180
6694,17.8108,-0.200272,0,3.84615e-05,82,153,0,180
6695,40.7486,-108.885,0,3.84615e-05,164,93,0,180
6696,7.97144,99.3359,0,3.84615e-05,177,38,0,180
6697,34.5466,134.873,0,3.84615e-05,22,35,0,180
6698,-42.1869,-66.864,0,3.84615e-05,42,166,0,180
6699,31.4253,96.6584,0,3.84615e-05,73,128,0,180
6700,-31.5943,18.7431,0,3.84615e-05,42,52,0,180
6701,-82.9539,152.589,0,3.84615e-05,73,146,0,180
6702,-74.5792,133.129,0,3.84615e-05,-1,-1,0,180
6703,15.3426,-10.8487,0,3.84615e-05,-1,-1,0,180
6704,-14.4447,-60.6198,0,3.84615e-05,-1,-1,0,180
6705,-70.8708,77.4457,0,3.84615e-05,32,102,0,180
6706,2.63573,19.4554,0,3.84615e-05,42,177,0,180
6707,20.8223,-88.915,0,3.84615e-05,110,119,0,180
6708,-82.2826,-10.8386,0,3.84615e-05,12,21,0,180
6709,68.6692,-115.679,0,3.84615e-05,104,27,0,180
6710,-14.2722,-64.9065,0,3.84615e-05,172,152,0,180
6711,11.1417,23.1497,0,3.84615e-05,155,97,0,180
6712,-0.511909,-58.9838,0,3.84615e-05,-1,-1,0,180
6713,53.8628,121.42,0,3.84615e-05,152,144,0,180
6714,26.908,12.8743,0,3.84615e-05,22,76,0,180
6715,-12.0941,33.3428,0,3.84615e-05,117,85,0,180
6716,33.3501,45.7356,0,3.84615e-05,-1,-1,0,180
6717,-20.3347,133.77,0,3.84615e-05,129,56,0,180
6718,31.6941,53.8346,0,3.84615e-05,-1,-1,0,180
6719,61.0904,-103.053,0,3.84615e-05,134,24,0,180
6720,25.0327,69.322,0,3.84615e-05,17,193,0,180
6721,52.2832,58.2261,0,3.84615e-05,-1,-1,0,180
6722,53.5334,-98.1377,0,3.84615e-05,115,51,0,180
6723,-82.7803,62.7695,0,3.84615e-05,121,103,0,180
6724,57.7212,-116.169,0,3.84615e-05,140,89,0,180
6725,26.6067,108.77,0,3.84615e-05,-1,-1,0,180
6726,7.55697,45.0303,0,3.84615e-05,172,7,0,180
6727,19.9067,-70.5268,0,3.84615e-05,42,25,0,180
6728,-13.0053,-49.9355,0,3.84615e-05,-1,-1,0,180
6729,-18.1899,-64.3681,0,3.84615e-05,-1,-1,0,180
6730,31.3685,113.565,0,3.84615e-05,163,169,0,180
6731,-86.0906,150.072,0,3.84615e-05,173,121,0,180
6732,21.0091,-4.78076,0,3.84615e-05,172,88,0,180
6733,16.8727,-96.6191,0,3.84615e-05,12,98,0,180
6734,41.8666,-6.59898,0,3.84615e-05,66,139,0,180
6735,-41.9232,-73.9683,0,3.84615e-05,76,151,0,180
6736,17.6545,49.5853,0,3.84615e-05,29,90,0,180
6737,-5.55611,17.6574,0,3.84615e-05,162,80,0,180
6738,-68.7017,96.5958,0,3.84615e-05,62,75,0,180
6739,22.544,52.2751,0,3.84615e-05,-1,-1,0,180
6740,50.5875,116.649,0,3.84615e-05,12,164,0,180
6741,-72.1175,51.8157,0,3.84615e-05,160,26,0,180
6742,56.3026,-133.877,0,3.84615e-05,75,78,0,180
6743,53.4879,-67.2128,0,3.84615e-05,14,27,0,180
6744,10.9047,31.6713,0,3.84615e-05,-1,-1,0,180
6745,49.0469,16.3798,0,3.84615e-05,13,84,0,180
6746,-74.144,98.7896,0,3.84615e-05,165,37,0,180
6747,13.0757,100.576,0,3.84615e-05,178,38,0,180
6748,33.2265,-90.7525,0,3.84615e-05,139,128,0,180
6749,-25.9183,23.5278,0,3.84615e-05,1,56,0,180
6750,55.108,62.9153,0,3.84615e-05,113,194,0,180
6751,-14.2067,18.084,0,3.84615e-05,102,180,0,180
6752,40.4456,81.0134,0,3.84615e-05,172,156,0,180
6753,-14.1006,-74.1321,0,3.84615e-05,69,23,0,180
6754,-4.39172,144.221,0,3.84615e-05,142,151,0,180
6755,-68.456,46.7641,0,3.84615e-05,146,76,0,180
6756,32.7208,80.0259,0,3.84615e-05,-1,-1,0,180
6757,47.7286,100.193,0,3.84615e-05,168,30,0,180
6758,57.75,38.046,0,3.84615e-05,-1,-1,0,180
6759,80.1795,-16.2819,0,3.84615e-05,168,176,0,180
6760,52.0067,-0.239975,0,3.84615e-05,61,116,0,180
6761,12.4956,32.1413,0,3.84615e-05,117,91,0,180
6762,34.517,92.2334,0,3.84615e-05,175,156,0,180
6763,8.6999,-62.3024,0,3.84615e-05,121,49,0,180
6764,28.2514,24.2735,0,3.84615e-05,32,99,0,180
6765,-17.3234,22.3068,0,3.84615e-05,166,80,0,180
6766,38.0436,140.153,0,3.84615e-05,54,16,0,180
6767,-8.18393,-73.896,0,3.84615e-05,129,38,0,180
6768,71.1329,-74.4679,0,3.84615e-05,120,121,0,180
6769,70.5417,144.547,0,3.84615e-05,-1,-1,0,180
6770,63.258,109.589,0,3.84615e-05,72,9,0,180
6771,42.5026,24.6084,0,3.84615e-05,175,115,0,180
6772,63.8372,140.826,0,3.84615e-05,63,143,0,180
6773,59.0959,-99.5986,0,3.84615e-05,-1,-1,0,180
6774,-77.5772,25.8852,0,3.84615e-05,177,24,0,180
6775,36.1474,-109.887,0,3.84615e-05,170,21,0,180
6776,67.0973,164.668,0,3.84615e-05,116,195,0,180
6777,45.092,-111.331,0,3.84615e-05,-1,-1,0,180
6778,1.4361,33.301,0,3.84615e-05,84,88,0,180
6779,-51.8888,-73.8854,0,3.84615e-05,103,32,0,180
6780,49.8994,68.0566,0,3.84615e-05,174,127,0,180
6781,18.0294,23.5504,0,3.84615e-05,134,99,0,180
6782,-84.2232,164.329,0,3.84615e-05,16,142,0,180
6783,9.19542,-70.0096,0,3.84615e-05,169,137,0,180
6784,48.7393,-57.6293,0,3.84615e-05,22,51,0,180
6785,-26.0189,137.429,0,3.84615e-05,168,65,0,180
6786,40.3814,61.8512,0,3.84615e-05,43,188,0,180
6787,48.2431,134.107,0,3.84615e-05,114,10,0,180
6788,-26.9127,133.171,0,3.84615e-05,147,67,0,180
6789,54.922,65.3615,0,3.84615e-05,-1,-1,0,180
6790,28.0488,23.0477,0,3.84615e-05,42,98,0,180
6791,44.505,-109.448,0,3.84615e-05,-1,-1,0,180
6792,30.423,-87.2152,0,3.84615e-05,2,109,0,180
6793,-8.67046,-67.7954,0,3.84615e-05,59,24,0,180
6794,44.1307,-119.527,0,3.84615e-05,1,52,0,180
6795,46.9559,-91.249,0,3.84615e-05,76,55,0,180
6796,27.6296,-109.063,0,3.84615e-05,9,13,0,180
6797,24.521,67.114,0,3.84615e-05,1,182,0,180
6798,4.77706,24.008,0,3.84615e-05,-1,-1,0,180
6799,-11.8629,-56.208,0,3.84615e-05,2,20,0,180
6800,-67.35,-117.438,0,3.84615e-05,62,100,0,180
6801,-45.8449,92.4865,0,3.84615e-05,1,45,0,180
6802,-17.7792,-23.195,0,3.84615e-05,54,47,0,180
6803,-32.14,49.7795,0,3.84615e-05,1,70,0,180
6804,28.62,-61.695,0,3.84615e-05,47,116,0,180
6805,18.3553,91.9203,0,3.84615e-05,146,20,0,180
6806,-9.67613,158.09,0,3.84615e-05,105,155,0,180
6807,44.7005,141.477,0,3.84615e-05,145,17,0,180
6808,-31.0219,-33.2912,0,3.84615e-05,23,143,0,180
6809,-62.0623,-109.26,0,3.84615e-05,34,103,0,180
6810,-31.5774,17.3085,0,3.84615e-05,52,175,0,180
6811,-45.4181,-38.9035,0,3.84615e-05,65,10,0,180
6812,-45.6418,-53.1362,0,3.84615e-05,12,20,0,180
6813,23.4966,-56.8988,0,3.84615e-05,1,122,0,180
6814,-20.5681,-147.09,0,3.84615e-05,32,165,0,180
6815,-53.4794,-179.069,0,3.84615e-05,3,117,0,180
6816,-39.1756,43.5071,0,3.84615e-05,12,79,0,180
6817,30.2297,-137.355,0,3.84615e-05,29,72,0,180
6818,13.5783,-66.199,0,3.84615e-05,104,30,0,180
6819,35.17,-123.43,0,3.84615e-05,65,17,0,180
6820,-28.5732,178.818,0,3.84615e-05,79,75,0,180
6821,57.0721,-144.279,0,3.84615e-05,104,75,0,180
6822,-56.0908,-0.954041,0,3.84615e-05,3,189,0,180
6823,-53.4859,58.9658,0,3.84615e-05,4,44,0,180
6824,-23.1562,-136.069,0,3.84615e-05,27,95,0,180
6825,-52.7585,166.81,0,3.84615e-05,42,78,0,180
6826,17.8688,-149.254,0,3.84615e-05,1,64,0,180
6827,-34.2787,-77.981,0,3.84615e-05,72,123,0,180
6828,-8.03651,-138.873,0,3.84615e-05,15,80,0,180
6829,-25.2761,-123.021,0,3.84615e-05,95,119,0,180
6830,-35.7015,8.73509,0,3.84615e-05,77,182,0,180
6831,-9.75304,99.5719,0,3.84615e-05,82,26,0,180
6832,-5.56457,-121.886,0,3.84615e-05,13,97,0,180
6833,-4.72923,-138.833,0,3.84615e-05,35,88,0,180
6834,-65.2812,-44.0051,0,3.84615e-05,12,32,0,180
6835,47.7001,-64.4727,0,3.84615e-05,52,58,0,180
6836,52.6958,3.29318,0,3.84615e-05,140,118,0,180
6837,74.0823,-142.805,0,3.84615e-05,2,174,0,180
6838,-50.9729,-34.0259,0,3.84615e-05,116,15,0,180
6839,-37.862,-0.686584,0,3.84615e-05,42,49,0,180
6840,-39.2476,-148.394,0,3.84615e-05,23,175,0,180
6841,-7.79401,-93.8734,0,3.84615e-05,17,8,0,180
6842,45.8599,-135.727,0,3.84615e-05,1,49,0,180
6843,20.6781,143.663,0,3.84615e-05,37,151,0,180
6844,6.4276,-160.604,0,3.84615e-05,16,62,0,180
6845,32.0255,-173.347,0,3.84615e-05,12,47,0,180
6846,32.402,-161.925,0,3.84615e-05,12,50,0,180
6847,-33.7748,112.749,0,3.84615e-05,1,95,0,180
6848,38.615,-127.194,0,3.84615e-05,54,18,0,180
6849,-63.479,139.128,0,3.84615e-05,3,89,0,180
6850,17.1788,93.5757,0,3.84615e-05,136,21,0,180
6851,5.92029,-122.873,0,3.84615e-05,1,82,0,180
6852,-56.4005,-77.0062,0,3.84615e-05,2,188,0,180
6853,-35.1811,63.1713,0,3.84615e-05,34,0,0,180
6854,-18.4412,-133.229,0,3.84615e-05,38,94,0,180
6855,-64.5447,-17.7915,0,3.84615e-05,49,184,0,180
6856,-47.9356,-110.652,0,3.84615e-05,26,185,0,180
6857,80.3939,34.3033,0,3.84615e-05,172,103,0,180
6858,60.3668,20.6966,0,3.84615e-05,76,175,0,180
6859,3.97987,4.8148,0,3.84615e-05,125,76,0,180
6860,-68.6455,-109.592,0,3.84615e-05,13,105,0,180
6861,-15.5922,152.829,0,3.84615e-05,176,158,0,180
6862,17.0996,131.61,0,3.84615e-05,95,155,0,180
6863,-18.445,161.592,0,3.84615e-05,128,153,0,180
6864,-54.7674,112.14,0,3.84615e-05,13,22,0,180
6865,-4.76591,-146.245,0,3.84615e-05,74,84,0,180
6866,12.0307,-70.4492,0,3.84615e-05,150,46,0,180
6867,-44.2787,-38.7924,0,3.84615e-05,55,11,0,180
6868,0.892433,134.213,0,3.84615e-05,32,33,0,180
6869,15.7845,89.3842,0,3.84615e-05,101,10,0,180
6870,13.1885,94.4962,0,3.84615e-05,111,19,0,180
6871,12.1024,-78.5183,0,3.84615e-05,179,136,0,180
6872,-31.9633,63.6726,0,3.84615e-05,45,9,0,180
6873,-36.7365,-162.45,0,3.84615e-05,25,88,0,180
6874,9.76074,157.425,0,3.84615e-05,22,153,0,180
6875,-29.4253,-39.629,0,3.84615e-05,53,140,0,180
6876,29.2525,-141.568,0,3.84615e-05,25,62,0,180
6877,-46.17,-139.207,0,3.84615e-05,63,151,0,180
6878,-19.4414,-141.92,0,3.84615e-05,22,89,0,180
6879,-38.2134,158.025,0,3.84615e-05,1,62,0,180
6880,43.9275,-37.7025,0,3.84615e-05,63,141,0,180
6881,2.73663,-87.5845,0,3.84615e-05,47,115,0,180
6882,46.9446,161.66,0,3.84615e-05,99,12,0,180
6883,-10.0197,140.892,0,3.84615e-05,133,56,0,180
6884,-42.936,116.591,0,3.84615e-05,2,58,0,180
6885,-51.8956,-98.3215,0,3.84615e-05,2,132,0,180
6886,-11.7253,-31.6113,0,3.84615e-05,62,46,0,180
6887,-50.7396,-136.693,0,3.84615e-05,66,135,0,180
6888,15.1651,150.385,0,3.84615e-05,103,47,0,180
6889,33.3215,-150.566,0,3.84615e-05,2,185,0,180
6890,-23.7449,53.1062,0,3.84615e-05,95,4,0,180
6891,-30.7182,-31.4484,0,3.84615e-05,14,144,0,180
6892,-67.7328,18.1815,0,3.84615e-05,62,173,0,180
6893,-46.186,-141.372,0,3.84615e-05,68,111,0,180
6894,-20.8559,173.022,0,3.84615e-05,110,72,0,180
6895,-43.7899,-138.674,0,3.84615e-05,53,152,0,180
6896,-47.0853,86.7656,0,3.84615e-05,4,88,0,180
6897,-4.35609,-178.512,0,3.84615e-05,53,162,0,180
6898,-18.2485,-72.0786,0,3.84615e-05,142,37,0,180
6899,-41.8773,-97.4738,0,3.84615e-05,2,107,0,180
6900,-45.8061,77.7089,0,3.84615e-05,13,87,0,180
6901,-43.1404,69.9822,0,3.84615e-05,23,1,0,180
6902,12.6384,-103.579,0,3.84615e-05,1,99,0,180
6903,28.4078,167.777,0,3.84615e-05,48,43,0,180
6904,-26.7725,-125.671,0,3.84615e-05,94,119,0,180
6905,78.7179,-9.4644,0,3.84615e-05,92,149,0,180
6906,22.9006,-114.544,0,3.84615e-05,104,108,0,180
6907,-40.8546,162.091,0,3.84615e-05,14,141,0,180
6908,1.06149,87.8304,0,3.84615e-05,58,14,0,180
6909,-23.2177,-117.602,0,3.84615e-05,76,111,0,180
6910,21.1343,-82.4966,0,3.84615e-05,169,33,0,180
6911,9.2322,-133.777,0,3.84615e-05,114,97,0,180
6912,-17.5455,118.672,0,3.84615e-05,167,52,0,180
6913,9.8772,141.823,0,3.84615e-05,172,169,0,180
6914,19.2851,87.6516,0,3.84615e-05,22,112,0,180
6915,-45.8184,161.698,0,3.84615e-05,6,142,0,180
6916,11.0674,45.5713,0,3.84615e-05,-1,-1,0,180
6917,-47.8008,155.17,0,3.84615e-05,70,99,0,180
6918,36.0838,34.9456,0,3.84615e-05,168,116,0,180
6919,23.3978,-153.465,0,3.84615e-05,12,63,0,180
6920,14.8622,-165.494,0,3.84615e-05,67,67,0,180
6921,57.4515,19.1524,0,3.84615e-05,102,136,0,180
6922,-32.7132,-45.6478,0,3.84615e-05,3,159,0,180
6923,-20.9124,159.872,0,3.84615e-05,167,76,0,180
6924,-34.8517,51.9138,0,3.84615e-05,2,70,0,180
6925,-41.7188,68.0504,0,3.84615e-05,3,3,0,180
6926,-12.0715,-177.536,0,3.84615e-05,114,166,0,180
6927,8.28149,-138.084,0,3.84615e-05,38,182,0,180
6928,-63.1914,120.593,0,3.84615e-05,1,89,0,180
6929,-66.5499,126.355,0,3.84615e-05,154,76,0,180
6930,-26.2491,-47.1579,0,3.84615e-05,12,15,0,180
6931,-34.4918,163.591,0,3.84615e-05,2,62,0,180
6932,11.0672,-68.1219,0,3.84615e-05,133,37,0,180
6933,-42.0421,54.2455,0,3.84615e-05,24,16,0,180
6934,28.0312,-35.8776,0,3.84615e-05,77,149,0,180
6935,-20.1429,-152.074,0,3.84615e-05,74,90,0,180
6936,31.0923,-169.576,0,3.84615e-05,135,71,0,180
6937,-46.5692,124.541,0,3.84615e-05,13,57,0,180
6938,9.04453,149.254,0,3.84615e-05,158,54,0,180
6939,-5.37881,-121.132,0,3.84615e-05,33,95,0,180
6940,1.90932,-115.564,0,3.84615e-05,82,1,0,180
6941,-20.2017,163.669,0,3.84615e-05,148,78,0,180
6942,-55.8118,-22.9349,0,3.84615e-05,79,181,0,180
6943,7.31137,118.589,0,3.84615e-05,3,126,0,180
6944,2.3037,-25.4661,0,3.84615e-05,22,144,0,180
6945,25.1741,127.042,0,3.84615e-05,83,156,0,180
6946,11.4715,-24.571,0,3.84615e-05,34,143,0,180
6947,-66.0263,-52.6467,0,3.84615e-05,3,191,0,180
6948,29.7204,-126.071,0,3.84615e-05,2,198,0,180
6949,-23.9248,165.68,0,3.84615e-05,2,130,0,180
6950,-28.1563,-134.379,0,3.84615e-05,16,167,0,180
6951,-24.0743,-16.767,0,3.84615e-05,14,160,0,180
6952,-42.171,92.968,0,3.84615e-05,41,41,0,180
6953,18.078,-63.9807,0,3.84615e-05,4,29,0,180
6954,-43.5756,-149.375,0,3.84615e-05,34,174,0,180
6955,-15.4483,-158.16,0,3.84615e-05,79,83,0,180
6956,13.4453,-19.6297,0,3.84615e-05,114,66,0,180
6957,41.0505,144.594,0,3.84615e-05,56,16,0,180
6958,10.8839,-136.992,0,3.84615e-05,94,199,0,180
6959,56.2982,1.18575,0,3.84615e-05,42,118,0,180
6960,21.265,-172.269,0,3.84615e-05,77,66,0,180
6961,-70.5135,179.706,0,3.84615e-05,98,178,0,180
6962,-56.9156,-151.219,0,3.84615e-05,34,138,0,180
6963,-23.517,-179.4,0,3.84615e-05,62,150,0,180
6964,-35.5307,-79.3442,0,3.84615e-05,62,124,0,180
6965,-62.4235,28.0864,0,3.84615e-05,22,190,0,180
6966,41.064,-141.111,0,3.84615e-05,36,58,0,180
6967,13.2685,-56.7884,0,3.84615e-05,67,34,0,180
6968,42.412,153.396,0,3.84615e-05,47,17,0,180
6969,-1.98626,-156.393,0,3.84615e-05,32,173,0,180
6970,-44.705,13.8919,0,3.84615e-05,17,188,0,180
6971,-30.0316,-148.794,0,3.84615e-05,1,177,0,180
6972,77.1721,43.293,0,3.84615e-05,166,127,0,180
6973,-68.9565,-40.9601,0,3.84615e-05,43,197,0,180
6974,-49.2984,-103.44,0,3.84615e-05,1,158,0,180
6975,-53.5473,-110.379,0,3.84615e-05,1,132,0,180
6976,-0.533401,156.276,0,3.84615e-05,13,140,0,180
6977,-16.2176,110.758,0,3.84615e-05,42,20,0,180
6978,-19.985,-154.007,0,3.84615e-05,49,86,0,180
6979,-47.698,177.505,0,3.84615e-05,54,77,0,180
6980,-77.7315,168.373,0,3.84615e-05,110,177,0,180
6981,30.0568,125.832,0,3.84615e-05,42,150,0,180
6982,-24.8951,-111.783,0,3.84615e-05,1,187,0,180
6983,-58.3276,16.3798,0,3.84615e-05,54,174,0,180
6984,57.5936,-77.8583,0,3.84615e-05,2,28,0,180
6985,-8.66645,46.5015,0,3.84615e-05,168,106,0,180
6986,-30.6609,-18.9834,0,3.84615e-05,22,169,0,180
6987,77.2546,49.7505,0,3.84615e-05,164,104,0,180
6988,-5.95871,74.0418,0,3.84615e-05,42,0,0,180
6989,-42.1141,-138.339,0,3.84615e-05,33,154,0,180
6990,-6.51266,-153.285,0,3.84615e-05,43,172,0,180
6991,29.1093,132.367,0,3.84615e-05,22,19,0,180
6992,9.26628,-44.5655,0,3.84615e-05,33,131,0,180
6993,-45.3631,-106.77,0,3.84615e-05,13,168,0,180
6994,20.9129,66.3805,0,3.84615e-05,97,114,0,180
6995,-37.5099,11.5496,0,3.84615e-05,57,184,0,180
6996,15.9784,179.718,0,3.84615e-05,149,79,0,180
6997,17.0299,-140.832,0,3.84615e-05,26,183,0,180
6998,-13.8308,-179.085,0,3.84615e-05,122,71,0,180
6999,-14.4057,118.629,0,3.84615e-05,120,44,0,180
7000,-37.356,-45.632,0,3.84615e-05,2,159,0,180
7001,71.6779,-99.2836,0,3.84615e-05,-1,-1,0,180
7002,74.2596,-1.22171,0,3.84615e-05,156,177,0,180
7003,23.612,-156.941,0,3.84615e-05,52,180,0,180
7004,7.75639,142.999,0,3.84615e-05,163,160,0,180
7005,57.4525,4.31636,0,3.84615e-05,180,138,0,180
7006,-35.5434,125.03,0,3.84615e-05,44,54,0,180
7007,-61.9161,-42.0976,0,3.84615e-05,27,186,0,180
7008,77.6125,48.4326,0,3.84615e-05,164,104,0,180
7009,-48.2552,-147.319,0,3.84615e-05,47,113,0,180
7010,34.6193,175.5,0,3.84615e-05,163,188,0,180
7011,-56.3761,39.8004,0,3.84615e-05,33,199,0,180
7012,-12.6204,118.43,0,3.84615e-05,140,42,0,180
7013,-53.0561,-11.2077,0,3.84615e-05,61,183,0,180
7014,-22.4985,-131.686,0,3.84615e-05,113,198,0,180
7015,15.4884,-139.861,0,3.84615e-05,69,85,0,180
7016,-65.1183,-33.0294,0,3.84615e-05,33,141,0,180
7017,8.19805,-155.903,0,3.84615e-05,42,70,0,180
7018,14.7405,-20.2074,0,3.84615e-05,84,69,0,180
7019,-4.0293,-27.7474,0,3.84615e-05,72,153,0,180
7020,-50.6564,-179.967,0,3.84615e-05,32,114,0,180
7021,11.4706,-74.7064,0,3.84615e-05,159,45,0,180
7022,18.8712,173.356,0,3.84615e-05,74,53,0,180
7023,-56.7841,65.0807,0,3.84615e-05,72,63,0,180
7024,15.5032,-62.2232,0,3.84615e-05,24,27,0,180
7025,0.878387,-130.11,0,3.84615e-05,2,186,0,180
7026,44.8787,-152.504,0,3.84615e-05,45,57,0,180
7027,-26.8223,-178.717,0,3.84615e-05,73,159,0,180
7028,-67.812,-118.496,0,3.84615e-05,42,102,0,180
7029,22.6867,-85.4301,0,3.84615e-05,131,117,0,180
7030,26.0862,-142.099,0,3.84615e-05,14,184,0,180
7031,2.71178,176.312,0,3.84615e-05,1,50,0,180
7032,-34.9031,-153.905,0,3.84615e-05,7,80,0,180
7033,60.0787,-10.2704,0,3.84615e-05,42,73,0,180
7034,-8.26713,-149.408,0,3.84615e-05,53,86,0,180
7035,-9.6187,91.5273,0,3.84615e-05,26,17,0,180
7036,11.7651,-68.8658,0,3.84615e-05,114,39,0,180
7037,-31.9941,13.8059,0,3.84615e-05,3,43,0,180
7038,-55.9266,82.6873,0,3.84615e-05,6,60,0,180
7039,72.2243,-135.424,0,3.84615e-05,169,20,0,180
7040,-14.7563,68.2555,0,3.84615e-05,79,6,0,180
7041,16.9252,-126.493,0,3.84615e-05,32,89,0,180
7042,9.44903,167.25,0,3.84615e-05,13,154,0,180
7043,29.3019,179.219,0,3.84615e-05,166,67,0,180
7044,5.09271,-82.3827,0,3.84615e-05,112,28,0,180
7045,19.2588,146.581,0,3.84615e-05,102,166,0,180
7046,5.73666,106.483,0,3.84615e-05,32,17,0,180
7047,-26.9673,55.4318,0,3.84615e-05,2,193,0,180
7048,-30.7313,-88.7385,0,3.84615e-05,34,7,0,180
7049,55.8883,-178.541,0,3.84615e-05,178,199,0,180
7050,6.53778,145.692,0,3.84615e-05,154,161,0,180
7051,-6.47551,5.4225,0,3.84615e-05,1,162,0,180
7052,-62.8931,110.872,0,3.84615e-05,2,23,0,180
7053,-41.2019,83.3094,0,3.84615e-05,3,88,0,180
7054,34.4165,149.465,0,3.84615e-05,22,148,0,180
7055,-17.4511,54.1315,0,3.84615e-05,127,16,0,180
7056,18.9794,-139.34,0,3.84615e-05,93,199,0,180
7057,14.1785,-114.995,0,3.84615e-05,83,100,0,180
7058,60.9145,-94.4033,0,3.84615e-05,2,76,0,180
7059,-39.6779,-119.874,0,3.84615e-05,1,169,0,180
7060,-23.2033,86.7709,0,3.84615e-05,3,19,0,180
7061,-29.002,106.397,0,3.84615e-05,58,28,0,180
7062,-49.9395,-127.549,0,3.84615e-05,1,118,0,180
7063,-48.8515,-116.351,0,3.84615e-05,62,163,0,180
7064,38.0298,-44.9337,0,3.84615e-05,32,118,0,180
7065,-22.1421,166.07,0,3.84615e-05,34,69,0,180
7066,-30.7265,-42.711,0,3.84615e-05,2,32,0,180
7067,46.9487,-142.945,0,3.84615e-05,62,79,0,180
7068,72.1186,-118.448,0,3.84615e-05,-1,-1,0,180
7069,6.45587,153.056,0,3.84615e-05,92,156,0,180
7070,33.0688,-11.3189,0,3.84615e-05,23,65,0,180
7071,-25.9654,-71.1731,0,3.84615e-05,92,21,0,180
7072,59.2383,-12.0489,0,3.84615e-05,18,146,0,180
7073,-48.7573,115.329,0,3.84615e-05,61,65,0,180
7074,-54.5295,-23.7759,0,3.84615e-05,98,189,0,180
7075,-43.792,167.719,0,3.84615e-05,3,96,0,180
7076,-7.97305,-158.814,0,3.84615e-05,91,82,0,180
7077,21.2474,-39.5704,0,3.84615e-05,57,139,0,180
7078,19.0343,-152.747,0,3.84615e-05,127,89,0,180
7079,34.1287,-27.6211,0,3.84615e-05,101,135,0,180
7080,5.78918,87.3541,0,3.84615e-05,78,12,0,180
7081,45.7707,-174.813,0,3.84615e-05,14,11,0,180
7082,11.7875,97.0152,0,3.84615e-05,91,11,0,180
7083,-23.7199,-130.79,0,3.84615e-05,104,199,0,180
7084,-1.33157,-147.32,0,3.84615e-05,13,175,0,180
7085,-52.7837,145.588,0,3.84615e-05,65,146,0,180
7086,-40.65,136.878,0,3.84615e-05,22,33,0,180
7087,20.3454,-108.833,0,3.84615e-05,75,101,0,180
7088,-3.26405,90.5923,0,3.84615e-05,4,103,0,180
7089,-53.8893,-39.1427,0,3.84615e-05,55,149,0,180
7090,-8.15527,-110.812,0,3.84615e-05,3,199,0,180
7091,62.4859,-90.0976,0,3.84615e-05,32,73,0,180
7092,3.55167,-20.7104,0,3.84615e-05,65,154,0,180
7093,41.1445,7.6517,0,3.84615e-05,82,87,0,180
7094,-3.77556,173.328,0,3.84615e-05,122,165,0,180
7095,-32.8192,53.7159,0,3.84615e-05,1,193,0,180
7096,69.5514,35.7382,0,3.84615e-05,137,107,0,180
7097,-46.7574,-121.156,0,3.84615e-05,61,163,0,180
7098,17.8611,-116.265,0,3.84615e-05,89,15,0,180
7099,24.516,-149.346,0,3.84615e-05,2,64,0,180
7100,-80.9269,179.799,0,3.84615e-05,180,145,0,180
7101,1.7116,-178.577,0,3.84615e-05,2,50,0,180
7102,-80.3394,166.889,0,3.84615e-05,111,177,0,180
7103,-24.0268,-76.7017,0,3.84615e-05,115,14,0,180
7104,-40.2765,98.055,0,3.84615e-05,42,41,0,180
7105,33.461,27.9284,0,3.84615e-05,-1,-1,0,180
7106,-51.6176,130.188,0,3.84615e-05,33,68,0,180
7107,-10.9843,136.613,0,3.84615e-05,112,58,0,180
7108,71.0955,4.35155,0,3.84615e-05,137,179,0,180
7109,16.7172,-49.9546,0,3.84615e-05,37,37,0,180
7110,70.9422,-136.119,0,3.84615e-05,178,29,0,180
7111,13.6368,-99.8767,0,3.84615e-05,2,9,0,180
7112,-17.5717,-10.2958,0,3.84615e-05,73,58,0,180
7113,-7.29851,-160.806,0,3.84615e-05,27,165,0,180
7114,-1.50253,174.152,0,3.84615e-05,90,64,0,180
7115,9.66082,169.096,0,3.84615e-05,42,56,0,180
7116,-0.795296,108.251,0,3.84615e-05,1,10,0,180
7117,2.90801,-21.7065,0,3.84615e-05,13,145,0,180
7118,77.8069,25.4273,0,3.84615e-05,135,107,0,180
7119,-38.186,-151.712,0,3.84615e-05,1,97,0,180
7120,9.19955,139.609,0,3.84615e-05,119,45,0,180
7121,-22.5987,-150.502,0,3.84615e-05,44,93,0,180
7122,-55.768,-160.182,0,3.84615e-05,15,116,0,180
7123,11.7657,-37.3794,0,3.84615e-05,45,47,0,180
7124,-11.225,73.1367,0,3.84615e-05,32,1,0,180
7125,-36.3016,7.94847,0,3.84615e-05,76,182,0,180
7126,-18.7967,-15.8411,0,3.84615e-05,1,150,0,180
7127,-25.0374,-127.572,0,3.84615e-05,114,117,0,180
7128,-62.5043,95.1133,0,3.84615e-05,66,82,0,180
7129,-42.7653,-50.6923,0,3.84615e-05,24,30,0,180
7130,59.0085,-14.5965,0,3.84615e-05,12,76,0,180
7131,-24.9891,76.1377,0,3.84615e-05,1,19,0,180
7132,7.45277,128.074,0,3.84615e-05,44,32,0,180
7133,11.3141,-132.686,0,3.84615e-05,115,97,0,180
7134,12.3372,91.5416,0,3.84615e-05,90,11,0,180
7135,59.6666,-13.2651,0,3.84615e-05,56,89,0,180
7136,-16.2772,-4.97202,0,3.84615e-05,44,51,0,180
7137,-13.8264,102.745,0,3.84615e-05,62,28,0,180
7138,-45.6616,-15.3899,0,3.84615e-05,130,186,0,180
7139,-5.48843,110.152,0,3.84615e-05,12,114,0,180
7140,-46.9947,-31.1835,0,3.84615e-05,127,14,0,180
7141,-28.5401,54.4735,0,3.84615e-05,12,192,0,180
7142,-30.1798,154.436,0,3.84615e-05,165,76,0,180
7143,-25.4615,-77.2302,0,3.84615e-05,90,134,0,180
7144,-39.6869,51.4899,0,3.84615e-05,3,18,0,180
7145,81.3166,28.2682,0,3.84615e-05,83,140,0,180
7146,-2.35336,118.436,0,3.84615e-05,-1,-1,0,180
7147,81.6438,3.24631,0,3.84615e-05,180,140,0,180
7148,-5.03613,-165.042,0,3.84615e-05,5,167,0,180
7149,-10.3968,-105.971,0,3.84615e-05,146,10,0,180
7150,-20.4364,-84.7729,0,3.84615e-05,2,0,0,180
7151,38.2011,168.223,0,3.84615e-05,100,48,0,180
7152,1.70284,-35.7468,0,3.84615e-05,3,31,0,180
7153,32.1748,-79.8133,0,3.84615e-05,-1,-1,0,180
7154,37.4053,-19.3339,0,3.84615e-05,33,132,0,180
7155,-50.3347,68.0023,0,3.84615e-05,2,57,0,180
7156,-47.9355,104.393,0,3.84615e-05,2,45,0,180
7157,-29.1984,-20.4268,0,3.84615e-05,2,161,0,180
7158,-24.283,-139.742,0,3.84615e-05,1,81,0,180
7159,-25.1922,-90.3785,0,3.84615e-05,2,119,0,180
7160,-15.6874,65.5966,0,3.84615e-05,78,6,0,180
7161,31.8181,-25.1656,0,3.84615e-05,1,54,0,180
7162,4.27753,-120.239,0,3.84615e-05,55,93,0,180
7163,28.458,165.758,0,3.84615e-05,23,164,0,180
7164,43.7716,-168.743,0,3.84615e-05,45,44,0,180
7165,26.5823,-175.768,0,3.84615e-05,143,70,0,180
7166,26.6223,154.316,0,3.84615e-05,32,163,0,180
7167,35.0934,-159.109,0,3.84615e-05,22,59,0,180
7168,56.678,3.82755,0,3.84615e-05,-1,-1,0,180
7169,74.9852,-61.2318,0,3.84615e-05,-1,-1,0,180
7170,-54.9716,-152.487,0,3.84615e-05,13,130,0,180
7171,18.7671,-128.161,0,3.84615e-05,126,96,0,180
7172,-42.5028,-139.073,0,3.84615e-05,23,155,0,180
7173,43.251,-134.108,0,3.84615e-05,2,13,0,180
7174,-42.2312,-107.871,0,3.84615e-05,32,197,0,180
7175,-7.5297,12.4093,0,3.84615e-05,2,162,0,180
7176,29.2511,-118.068,0,3.84615e-05,116,107,0,180
7177,-21.6898,-122.534,0,3.84615e-05,102,107,0,180
7178,-45.3124,27.4858,0,3.84615e-05,1,170,0,180
7179,42.488,-142.4,0,3.84615e-05,1,175,0,180
7180,-71.7187,-173.945,0,3.84615e-05,3,143,0,180
7181,-37.2454,-82.2521,0,3.84615e-05,57,137,0,180
7182,63.231,-77.0554,0,3.84615e-05,172,79,0,180
7183,50.1219,-45.7562,0,3.84615e-05,102,147,0,180
7184,69.4297,-21.0152,0,3.84615e-05,2,148,0,180
7185,-57.2287,161.116,0,3.84615e-05,22,70,0,180
7186,72.3744,-67.7455,0,3.84615e-05,-1,-1,0,180
7187,-29.9817,-108.963,0,3.84615e-05,2,187,0,180
7188,-15.3719,-171.685,0,3.84615e-05,2,156,0,180
7189,21.641,-48.8195,0,3.84615e-05,32,48,0,180
7190,-3.11459,131.677,0,3.84615e-05,52,134,0,180
7191,45.2309,-159.235,0,3.84615e-05,47,18,0,180
7192,-78.3257,173.162,0,3.84615e-05,82,145,0,180
7193,-12.8233,-128.706,0,3.84615e-05,72,192,0,180
7194,8.70607,118.956,0,3.84615e-05,82,38,0,180
7195,-46.3165,136.221,0,3.84615e-05,54,111,0,180
7196,75.1488,84.6663,0,3.84615e-05,22,122,0,180
7197,9.59959,147.304,0,3.84615e-05,-1,-1,0,180
7198,-60.8143,-34.9171,0,3.84615e-05,37,185,0,180
7199,-34.2489,1.6185,0,3.84615e-05,12,42,0,180
7200,1.10303,126.319,0,3.84615e-05,147,146,0,180
7201,-17.0953,88.5792,0,3.84615e-05,3,94,0,180
7202,-39.3409,61.6183,0,3.84615e-05,15,17,0,180
7203,-57.6771,-40.5159,0,3.84615e-05,19,31,0,180
7204,12.2851,-132.895,0,3.84615e-05,124,96,0,180
7205,11.7707,175.188,0,3.84615e-05,33,57,0,180
7206,-41.217,142.638,0,3.84615e-05,34,113,0,180
7207,-0.198853,95.8925,0,3.84615e-05,122,22,0,180
7208,64.3288,-34.5498,0,3.84615e-05,43,80,0,180
7209,30.8309,-21.383,0,3.84615e-05,2,147,0,180
7210,-11.55,125.127,0,3.84615e-05,83,131,0,180
7211,-4.55972,42.817,0,3.84615e-05,86,195,0,180
7212,-3.57681,83.8874,0,3.84615e-05,23,101,0,180
7213,29.9621,-174.168,0,3.84615e-05,22,46,0,180
7214,-30.1648,-130.932,0,3.84615e-05,102,118,0,180
7215,39.3012,-136.187,0,3.84615e-05,32,10,0,180
7216,-63.0014,-167.045,0,3.84615e-05,67,171,0,180
7217,-21.2077,89.3725,0,3.84615e-05,14,93,0,180
7218,-54.3855,67.8511,0,3.84615e-05,13,56,0,180
7219,17.5231,-133.315,0,3.84615e-05,52,87,0,180
7220,39.1815,-55.3331,0,3.84615e-05,34,50,0,180
7221,-48.9351,-106.807,0,3.84615e-05,24,167,0,180
7222,56.3863,140.808,0,3.84615e-05,-1,-1,0,180
7223,-24.203,11.6283,0,3.84615e-05,99,180,0,180
7224,82.2833,21.377,0,3.84615e-05,142,144,0,180
7225,-7.00088,-173.287,0,3.84615e-05,1,63,0,180
7226,-64.3192,-52.1518,0,3.84615e-05,2,33,0,180
7227,3.83636,-14.9661,0,3.84615e-05,46,156,0,180
7228,19.1466,-67.3526,0,3.84615e-05,13,28,0,180
7229,31.8291,125.534,0,3.84615e-05,62,158,0,180
7230,-37.7499,-86.223,0,3.84615e-05,26,130,0,180
7231,-55.8856,179.514,0,3.84615e-05,22,115,0,180
7232,-42.9596,-95.953,0,3.84615e-05,1,107,0,180
7233,-8.51933,-4.41708,0,3.84615e-05,13,54,0,180
7234,-47.9766,84.6897,0,3.84615e-05,24,86,0,180
7235,-13.5668,153.519,0,3.84615e-05,155,150,0,180
7236,18.005,-176.689,0,3.84615e-05,56,55,0,180
7237,-43.1101,-179.473,0,3.84615e-05,56,91,0,180
7238,-49.1433,-75.422,0,3.84615e-05,49,165,0,180
7239,-30.5704,-126.154,0,3.84615e-05,83,110,0,180
7240,-6.58648,-26.5296,0,3.84615e-05,32,49,0,180
7241,-14.5711,179.559,0,3.84615e-05,122,174,0,180
7242,8.21878,-149.455,0,3.84615e-05,33,71,0,180
7243,-0.149635,66.6258,0,3.84615e-05,1,194,0,180
7244,70.4654,-18.7936,0,3.84615e-05,50,143,0,180
7245,9.37859,-14.1711,0,3.84615e-05,131,169,0,180
7246,4.26214,-122.882,0,3.84615e-05,128,105,0,180
7247,9.73772,-147.455,0,3.84615e-05,13,73,0,180
7248,5.07761,-38.9549,0,3.84615e-05,23,132,0,180
7249,-16.2071,-152.733,0,3.84615e-05,16,72,0,180
7250,-54.5485,-128.591,0,3.84615e-05,77,134,0,180
7251,21.9527,-138.809,0,3.84615e-05,62,192,0,180
7252,3.08115,-170.248,0,3.84615e-05,3,167,0,180
7253,-39.4234,3.15157,0,3.84615e-05,83,45,0,180
7254,-33.9356,-78.1786,0,3.84615e-05,82,122,0,180
7255,-63.2994,-38.1913,0,3.84615e-05,1,33,0,180
7256,7.23416,123.58,0,3.84615e-05,1,25,0,180
7257,51.5303,-37.1497,0,3.84615e-05,74,140,0,180
7258,51.3936,-135.065,0,3.84615e-05,2,49,0,180
7259,17.2275,164.814,0,3.84615e-05,2,155,0,180
7260,-40.3455,0.424011,0,3.84615e-05,62,47,0,180
7261,10.9941,-89.1076,0,3.84615e-05,79,112,0,180
7262,-3.14414,100.636,0,3.84615e-05,83,128,0,180
7263,-16.9269,-7.0722,0,3.84615e-05,64,59,0,180
7264,-36.698,-174.387,0,3.84615e-05,67,90,0,180
7265,-58.9067,-97.1292,0,3.84615e-05,49,183,0,180
7266,-47.484,150.22,0,3.84615e-05,1,35,0,180
7267,33.5618,-35.9295,0,3.84615e-05,4,30,0,180
7268,-9.18645,120.135,0,3.84615e-05,142,42,0,180
7269,-12.7842,10.3746,0,3.84615e-05,6,55,0,180
7270,72.3151,-3.31584,0,3.84615e-05,42,144,0,180
7271,17.3221,-122.272,0,3.84615e-05,4,82,0,180
7272,-3.04085,155.663,0,3.84615e-05,3,141,0,180
7273,37.1271,-75.8467,0,3.84615e-05,64,44,0,180
7274,51.4414,-168.811,0,3.84615e-05,25,10,0,180
7275,31.5429,-40.1184,0,3.84615e-05,48,59,0,180
7276,-50.9069,115.406,0,3.84615e-05,1,58,0,180
7277,-50.8242,-32.7856,0,3.84615e-05,47,140,0,180
7278,0.0176239,-115.92,0,3.84615e-05,92,0,0,180
7279,4.62303,-156.894,0,3.84615e-05,96,186,0,180
7280,-18.6533,78.24,0,3.84615e-05,1,4,0,180
7281,-41.3179,40.0805,0,3.84615e-05,51,13,0,180
7282,-22.0258,91.5857,0,3.84615e-05,25,92,0,180
7283,-10.8194,61.5145,0,3.84615e-05,89,5,0,180
7284,27.5691,160.574,0,3.84615e-05,2,166,0,180
7285,-2.69119,-25.5195,0,3.84615e-05,2,146,0,180
7286,-45.0628,-173.498,0,3.84615e-05,7,72,0,180
7287,17.5838,-71.5756,0,3.84615e-05,63,114,0,180
7288,32.9462,-120.553,0,3.84615e-05,12,197,0,180
7289,70.7777,66.9765,0,3.84615e-05,3,101,0,180
7290,-4.57103,131.25,0,3.84615e-05,42,135,0,180
7291,-22.3443,-15.4725,0,3.84615e-05,44,167,0,180
7292,7.16424,-51.1907,0,3.84615e-05,82,136,0,180
7293,65.4786,39.3203,0,3.84615e-05,-1,-1,0,180
7294,-22.3261,12.5801,0,3.84615e-05,119,188,0,180
7295,-31.5489,115.239,0,3.84615e-05,56,40,0,180
7296,-23.0332,63.0983,0,3.84615e-05,57,8,0,180
7297,26.4835,-78.101,0,3.84615e-05,123,118,0,180
7298,41.3956,-20.899,0,3.84615e-05,54,130,0,180
7299,-69.1299,21.5623,0,3.84615e-05,14,178,0,180
7300,-54.2246,-27.3732,0,3.84615e-05,26,142,0,180
7301,-13.8569,-3.6907,0,3.84615e-05,34,52,0,180
7302,72.8998,135.638,0,3.84615e-05,2,149,0,180
7303,9.22183,-30.546,0,3.84615e-05,64,58,0,180
7304,-34.1861,72.3181,0,3.84615e-05,170,26,0,180
7305,56.1349,155.934,0,3.84615e-05,147,189,0,180
7306,-6.43185,79.6967,0,3.84615e-05,33,100,0,180
7307,19.7828,-163.933,0,3.84615e-05,48,69,0,180
7308,-21.5161,-108.288,0,3.84615e-05,45,103,0,180
7309,-22.4285,9.79742,0,3.84615e-05,107,68,0,180
7310,-40.3199,-167.961,0,3.84615e-05,33,87,0,180
7311,-32.5785,7.05977,0,3.84615e-05,32,40,0,180
7312,71.8989,-18.1711,0,3.84615e-05,32,145,0,180
7313,-32.6342,174.852,0,3.84615e-05,5,130,0,180
7314,34.7178,-26.3467,0,3.84615e-05,22,145,0,180
7315,34.343,-15.4236,0,3.84615e-05,13,134,0,180
7316,-4.59142,132.889,0,3.84615e-05,32,136,0,180
7317,-54.3231,45.0697,0,3.84615e-05,15,191,0,180
7318,32.4027,-30.1455,0,3.84615e-05,91,136,0,180
7319,28.9969,165.83,0,3.84615e-05,23,164,0,180
7320,-13.1603,52.4784,0,3.84615e-05,108,3,0,180
7321,35.5674,-35.4662,0,3.84615e-05,68,60,0,180
7322,-11.8635,-171.677,0,3.84615e-05,22,154,0,180
7323,23.1818,-157.526,0,3.84615e-05,1,51,0,180
7324,2.15723,105.827,0,3.84615e-05,22,18,0,180
7325,40.3071,-11.4433,0,3.84615e-05,25,133,0,180
7326,15.2327,-130.85,0,3.84615e-05,117,7,0,180
7327,-22.028,-144.941,0,3.84615e-05,2,81,0,180
7328,-54.3322,61.9507,0,3.84615e-05,15,43,0,180
7329,-25.9824,155.701,0,3.84615e-05,62,66,0,180
7330,-3.13765,-38.0671,0,3.84615e-05,2,134,0,180
7331,-46.054,-153.23,0,3.84615e-05,44,173,0,180
7332,-54.1779,-171.9,0,3.84615e-05,5,72,0,180
7333,-62.8423,-129.845,0,3.84615e-05,130,103,0,180
7334,-39.4049,-131.59,0,3.84615e-05,42,114,0,180
7335,-4.08003,-88.1111,0,3.84615e-05,56,114,0,180
7336,-50.1882,127.21,0,3.84615e-05,3,61,0,180
7337,-64.4632,-161.996,0,3.84615e-05,77,170,0,180
7338,-21.3557,97.6708,0,3.84615e-05,79,26,0,180
7339,24.4171,-56.0366,0,3.84615e-05,2,122,0,180
7340,30.8063,133.936,0,3.84615e-05,3,11,0,180
7341,-44.0876,37.0766,0,3.84615e-05,1,18,0,180
7342,-53.3944,-56.4039,0,3.84615e-05,75,35,0,180
7343,-53.7484,-61.5048,0,3.84615e-05,84,34,0,180
7344,11.8067,-74.2764,0,3.84615e-05,62,23,0,180
7345,-36.3441,-28.5503,0,3.84615e-05,2,145,0,180
7346,30.848,169.579,0,3.84615e-05,89,49,0,180
7347,44.0128,35.0871,0,3.84615e-05,72,155,0,180
7348,-19.9543,148.764,0,3.84615e-05,32,56,0,180
7349,-51.1779,-135.777,0,3.84615e-05,76,134,0,180
7350,-41.1147,-45.5454,0,3.84615e-05,1,21,0,180
7351,28.0062,-146.91,0,3.84615e-05,3,185,0,180
7352,31.0217,152.952,0,3.84615e-05,4,140,0,180
7353,56.0101,176.81,0,3.84615e-05,148,192,0,180
7354,-10.5365,-11.6027,0,3.84615e-05,13,159,0,180
7355,-32.5291,3.98286,0,3.84615e-05,2,43,0,180
7356,42.7416,176.197,0,3.84615e-05,103,184,0,180
7357,-37.3391,92.1164,0,3.84615e-05,4,104,0,180
7358,2.00692,149.9,0,3.84615e-05,82,157,0,180
7359,-47.9024,-17.6316,0,3.84615e-05,120,187,0,180
7360,44.9967,176.756,0,3.84615e-05,2,12,0,180
7361,39.6112,154.637,0,3.84615e-05,12,149,0,180
7362,-52.2274,-92.0323,0,3.84615e-05,45,196,0,180
7363,-51.2348,145.79,0,3.84615e-05,59,90,0,180
7364,-2.4353,99.2117,0,3.84615e-05,155,30,0,180
7365,-10.3093,129.638,0,3.84615e-05,93,130,0,180
7366,4.94717,-113.012,0,3.84615e-05,62,3,0,180
7367,-67.9543,-142.67,0,3.84615e-05,12,177,0,180
7368,40.903,-67.2909,0,3.84615e-05,22,98,0,180
7369,17.3728,129.073,0,3.84615e-05,104,154,0,180
7370,-35.6546,-85.5573,0,3.84615e-05,77,135,0,180
7371,40.9555,-9.14336,0,3.84615e-05,44,97,0,180
7372,-48.2482,-157.578,0,3.84615e-05,2,131,0,180
7373,-57.6287,155.287,0,3.84615e-05,45,85,0,180
7374,-67.0786,25.3659,0,3.84615e-05,1,192,0,180
7375,16.4764,-21.8768,0,3.84615e-05,44,50,0,180
7376,57.7109,-78.2993,0,3.84615e-05,2,28,0,180
7377,23.7976,-42.715,0,3.84615e-05,22,49,0,180
7378,29.6722,-170.014,0,3.84615e-05,2,48,0,180
7379,-16.007,176.791,0,3.84615e-05,131,70,0,180
7380,40.7985,-43.5931,0,3.84615e-05,12,39,0,180
7381,-8.81597,47.591,0,3.84615e-05,-1,-1,0,180
7382,-4.94132,-102.971,0,3.84615e-05,83,111,0,180
7383,6.10458,67.0324,0,3.84615e-05,2,194,0,180
7384,-40.0765,-143.444,0,3.84615e-05,12,156,0,180
7385,-52.6615,-61.5025,0,3.84615e-05,1,120,0,180
7386,41.3554,39.459,0,3.84615e-05,33,159,0,180
7387,-18.9112,-10.9369,0,3.84615e-05,47,48,0,180
7388,9.47451,-113.425,0,3.84615e-05,91,109,0,180
7389,8.27721,-117.611,0,3.84615e-05,131,11,0,180
7390,-43.8175,-0.193436,0,3.84615e-05,73,46,0,180
7391,0.490685,90.4703,0,3.84615e-05,3,103,0,180
7392,-5.44694,169.496,0,3.84615e-05,152,78,0,180
7393,-36.9398,-88.1083,0,3.84615e-05,36,139,0,180
7394,-20.4279,-163.462,0,3.84615e-05,53,78,0,180
7395,-45.2587,154.514,0,3.84615e-05,24,140,0,180
7396,-12.277,153.049,0,3.84615e-05,125,153,0,180
7397,42.0508,-37.485,0,3.84615e-05,44,117,0,180
7398,83.4325,-120.267,0,3.84615e-05,102,100,0,180
7399,40.7175,-73.0715,0,3.84615e-05,64,126,0,180
7400,23.5836,-170.183,0,3.84615e-05,133,71,0,180
7401,-11.9281,-106.251,0,3.84615e-05,14,198,0,180
7402,5.91344,-39.7318,0,3.84615e-05,44,130,0,180
7403,77.337,2.08022,0,3.84615e-05,53,143,0,180
7404,-45.2113,1.0867,0,3.84615e-05,13,16,0,180
7405,-60.0237,40.7251,0,3.84615e-05,3,192,0,180
7406,23.9468,169.225,0,3.84615e-05,68,41,0,180
7407,-41.7293,-168.536,0,3.84615e-05,63,84,0,180
7408,18.7281,-68.0279,0,3.84615e-05,113,39,0,180
7409,16.3945,-149.994,0,3.84615e-05,107,81,0,180
7410,-50.4659,111.403,0,3.84615e-05,50,53,0,180
7411,83.2665,-148.3,0,3.84615e-05,33,24,0,180
7412,59.0884,-47.5255,0,3.84615e-05,1,123,0,180
7413,21.1296,-157.104,0,3.84615e-05,35,172,0,180
7414,14.9461,-54.361,0,3.84615e-05,139,50,0,180
7415,-51.9307,132.724,0,3.84615e-05,53,66,0,180
7416,-5.86903,-106.588,0,3.84615e-05,75,2,0,180
7417,-59.8241,158.054,0,3.84615e-05,65,83,0,180
7418,-5.84529,-136.49,0,3.84615e-05,32,183,0,180
7419,55.4988,-136.84,0,3.84615e-05,72,42,0,180
7420,79.6339,45.7771,0,3.84615e-05,1,124,0,180
7421,5.41713,130.245,0,3.84615e-05,53,31,0,180
7422,3.18272,168.401,0,3.84615e-05,35,152,0,180
7423,32.0318,-164.952,0,3.84615e-05,175,190,0,180
7424,-21.7508,-165.812,0,3.84615e-05,23,71,0,180
7425,-45.1628,-18.2692,0,3.84615e-05,140,185,0,180
7426,-13.044,127.315,0,3.84615e-05,73,132,0,180
7427,9.08531,-162.949,0,3.84615e-05,27,61,0,180
7428,-44.534,33.3855,0,3.84615e-05,16,55,0,180
7429,-10.108,-85.7355,0,3.84615e-05,25,117,0,180
7430,22.0548,-134.512,0,3.84615e-05,52,193,0,180
7431,-14.0928,-2.28566,0,3.84615e-05,94,69,0,180
7432,-1.20021,49.6289,0,3.84615e-05,140,0,0,180
7433,-11.1825,147.661,0,3.84615e-05,163,66,0,180
7434,-9.65942,160.149,0,3.84615e-05,116,154,0,180
7435,-43.1819,-110.857,0,3.84615e-05,2,169,0,180
7436,-7.2034,55.6768,0,3.84615e-05,109,3,0,180
7437,-20.3081,106.151,0,3.84615e-05,44,111,0,180
7438,-25.5573,14.6508,0,3.84615e-05,92,171,0,180
7439,-14.86,96.2166,0,3.84615e-05,100,24,0,180
7440,79.5497,-171.414,0,3.84615e-05,1,174,0,180
7441,18.7914,164.633,0,3.84615e-05,1,155,0,180
7442,-13.5091,83.9146,0,3.84615e-05,12,3,0,180
7443,33.2628,-32.3858,0,3.84615e-05,98,67,0,180
7444,-33.0118,-168.079,0,3.84615e-05,86,158,0,180
7445,-6.19739,-113.042,0,3.84615e-05,2,199,0,180
7446,20.49,-126.533,0,3.84615e-05,23,80,0,180
7447,9.54649,-150.681,0,3.84615e-05,1,176,0,180
7448,32.6824,-70.0627,0,3.84615e-05,1,90,0,180
7449,25.488,151.373,0,3.84615e-05,34,147,0,180
7450,-59.3563,-164.925,0,3.84615e-05,57,172,0,180
7451,-48.9836,51.4326,0,3.84615e-05,3,44,0,180
7452,-1.22648,163.304,0,3.84615e-05,1,47,0,180
7453,-3.8429,110.513,0,3.84615e-05,2,115,0,180
7454,-17.3129,10.9624,0,3.84615e-05,87,60,0,180
7455,-24.7546,58.055,0,3.84615e-05,23,191,0,180
7456,6.36451,-12.5848,0,3.84615e-05,150,167,0,180
7457,-51.6747,-134.962,0,3.84615e-05,166,135,0,180
7458,-20.7708,-71.8636,0,3.84615e-05,85,17,0,180
7459,20.892,58.8557,0,3.84615e-05,156,9,0,180
7460,-70.956,27.8747,0,3.84615e-05,72,5,0,180
7461,59.3628,-4.10808,0,3.84615e-05,22,75,0,180
7462,53.685,164.961,0,3.84615e-05,139,180,0,180
7463,36.5218,-62.7235,0,3.84615e-05,12,99,0,180
7464,-61.6748,-56.409,0,3.84615e-05,5,188,0,180
7465,39.0882,177.07,0,3.84615e-05,122,46,0,180
7466,-29.4787,-112.406,0,3.84615e-05,12,186,0,180
7467,34.5715,-30.3427,0,3.84615e-05,89,68,0,180
7468,4.29037,-142.718,0,3.84615e-05,2,176,0,180
7469,-24.6594,-75.9967,0,3.84615e-05,125,13,0,180
7470,-25.7902,-173.055,0,3.84615e-05,54,151,0,180
7471,71.4516,-148.562,0,3.84615e-05,13,6,0,180
7472,48.4199,-15.5526,0,3.84615e-05,2,91,0,180
7473,82.3997,-13.5745,0,3.84615e-05,95,39,0,180
7474,-4.8886,-132.056,0,3.84615e-05,13,185,0,180
7475,19.7148,-157.427,0,3.84615e-05,84,76,0,180
7476,17.0431,-29.4147,0,3.84615e-05,33,51,0,180
7477,-45.4803,-15.8569,0,3.84615e-05,130,186,0,180
7478,-55.2664,7.29349,0,3.84615e-05,4,189,0,180
7479,-54.2019,23.4976,0,3.84615e-05,43,198,0,180
7480,73.5954,-142.189,0,3.84615e-05,12,173,0,180
7481,5.53823,119.821,0,3.84615e-05,72,39,0,180
7482,-47.5495,153.449,0,3.84615e-05,1,96,0,180
7483,10.0745,81.5038,0,3.84615e-05,118,18,0,180
7484,19.887,-139.681,0,3.84615e-05,17,73,0,180
7485,26.9108,-37.1223,0,3.84615e-05,67,140,0,180
7486,-53.9349,-48.5239,0,3.84615e-05,37,39,0,180
7487,-50.4552,-103.239,0,3.84615e-05,42,138,0,180
7488,-55.4178,-58.8349,0,3.84615e-05,56,37,0,180
7489,13.2794,-128.497,0,3.84615e-05,12,81,0,180
7490,54.1819,165.711,0,3.84615e-05,119,182,0,180
7491,-35.6682,63.1946,0,3.84615e-05,34,0,0,180
7492,35.177,16.6673,0,3.84615e-05,172,166,0,180
7493,36.3372,-29.8427,0,3.84615e-05,32,144,0,180
7494,11.8422,-106.206,0,3.84615e-05,44,104,0,180
7495,-26.4897,-25.5611,0,3.84615e-05,32,168,0,180
7496,45.5644,-171.99,0,3.84615e-05,94,13,0,180
7497,-59.3527,-76.2701,0,3.84615e-05,12,187,0,180
7498,-51.8607,72.7871,0,3.84615e-05,26,42,0,180
7499,19.5292,70.843,0,3.84615e-05,88,115,0,180
7500,-17.2457,-113.159,0,3.84615e-05,45,195,0,180
7501,62.6076,-53.9885,0,3.84615e-05,2,123,0,180
7502,17.4565,-101.414,0,3.84615e-05,147,115,0,180
7503,-9.72905,108.891,0,3.84615e-05,22,113,0,180
7504,-33.5642,-4.73232,0,3.84615e-05,90,44,0,180
7505,-2.83032,-155.343,0,3.84615e-05,23,174,0,180
7506,-7.08055,-103.892,0,3.84615e-05,58,102,0,180
7507,-1.84028,170.108,0,3.84615e-05,46,151,0,180
7508,-52.0962,-179.069,0,3.84615e-05,2,117,0,180
7509,-4.51007,172.677,0,3.84615e-05,121,165,0,180
7510,-2.77838,87.8091,0,3.84615e-05,77,12,0,180
7511,18.8042,-83.1619,0,3.84615e-05,175,43,0,180
7512,-28.7584,56.5318,0,3.84615e-05,32,190,0,180
7513,11.3253,137.001,0,3.84615e-05,177,52,0,180
7514,9.75321,103.733,0,3.84615e-05,52,15,0,180
7515,16.2327,-53.62,0,3.84615e-05,56,35,0,180
7516,-52.2044,75.7294,0,3.84615e-05,24,68,0,180
7517,-9.7621,-83.8927,0,3.84615e-05,16,118,0,180
7518,-8.35506,-123.931,0,3.84615e-05,2,98,0,180
7519,-24.312,-12.092,0,3.84615e-05,5,161,0,180
7520,76.574,100.595,0,3.84615e-05,42,120,0,180
7521,9.35896,163.847,0,3.84615e-05,4,47,0,180
7522,14.6595,-51.7513,0,3.84615e-05,47,36,0,180
7523,-78.6805,-36.7862,0,3.84615e-05,58,6,0,180
7524,-35.8085,-98.5412,0,3.84615e-05,22,198,0,180
7525,17.9232,94.3239,0,3.84615e-05,179,38,0,180
7526,83.4681,-59.0913,0,3.84615e-05,93,101,0,180
7527,4.79122,-133.558,0,3.84615e-05,93,99,0,180
7528,-34.3715,102.178,0,3.84615e-05,47,29,0,180
7529,1.41742,65.2358,0,3.84615e-05,103,4,0,180
7530,-31.929,-162.477,0,3.84615e-05,2,73,0,180
7531,-34.2849,54.6864,0,3.84615e-05,35,15,0,180
7532,-8.61707,-117.096,0,3.84615e-05,22,197,0,180
7533,-28.2408,-115.487,0,3.84615e-05,56,113,0,180
7534,-0.0111084,117.388,0,3.84615e-05,154,41,0,180
7535,2.87148,-175.323,0,3.84615e-05,12,166,0,180
7536,-17.2445,-105.427,0,3.84615e-05,37,104,0,180
7537,-23.6944,-125.821,0,3.84615e-05,111,106,0,180
7538,33.6406,-140.998,0,3.84615e-05,35,61,0,180
7539,-1.39468,104.243,0,3.84615e-05,166,132,0,180
7540,-64.9268,119.883,0,3.84615e-05,79,81,0,180
7541,22.2927,152.624,0,3.84615e-05,62,160,0,180
7542,-4.51045,111.871,0,3.84615e-05,135,32,0,180
7543,-8.36996,-127.277,0,3.84615e-05,24,184,0,180
7544,-14.3066,-36.1536,0,3.84615e-05,47,141,0,180
7545,29.2737,123.296,0,3.84615e-05,72,157,0,180
7546,-74.1051,-154.167,0,3.84615e-05,3,178,0,180
7547,-21.1908,-90.0465,0,3.84615e-05,3,119,0,180
7548,10.4937,-147.82,0,3.84615e-05,4,74,0,180
7549,7.30426,-85.2508,0,3.84615e-05,78,112,0,180
7550,-56.4719,49.0522,0,3.84615e-05,56,75,0,180
7551,56.1312,-155.995,0,3.84615e-05,161,79,0,180
7552,24.4344,-133.008,0,3.84615e-05,63,86,0,180
7553,20.0502,-139.407,0,3.84615e-05,17,73,0,180
7554,-74.0179,-151.248,0,3.84615e-05,4,178,0,180
7555,77.16,-148.516,0,3.84615e-05,4,27,0,180
7556,-50.0712,166.9,0,3.84615e-05,13,95,0,180
7557,14.3467,146.074,0,3.84615e-05,122,164,0,180
7558,10.4467,-36.6374,0,3.84615e-05,53,141,0,180
7559,-6.0844,69.6605,0,3.84615e-05,52,9,0,180
7560,-20.7123,-15.5345,0,3.84615e-05,64,165,0,180
7561,-5.97633,-91.401,0,3.84615e-05,2,108,0,180
7562,-37.0936,2.47467,0,3.84615e-05,52,48,0,180
7563,36.4428,174.17,0,3.84615e-05,175,177,0,180
7564,16.4257,-134.085,0,3.84615e-05,135,95,0,180
7565,-63.7002,-161.106,0,3.84615e-05,48,173,0,180
7566,-56.6252,-26.0571,0,3.84615e-05,78,181,0,180
7567,-5.047,124.13,0,3.84615e-05,158,145,0,180
7568,11.7023,56.538,0,3.84615e-05,53,199,0,180
7569,26.6385,-153.859,0,3.84615e-05,2,51,0,180
7570,-48.6266,-81.291,0,3.84615e-05,34,155,0,180
7571,32.1277,123.287,0,3.84615e-05,-1,-1,0,180
7572,5.644,-40.9138,0,3.84615e-05,2,31,0,180
7573,46.2824,165.238,0,3.84615e-05,1,12,0,180
7574,47.4777,-127.791,0,3.84615e-05,23,47,0,180
7575,29.8724,-83.9876,0,3.84615e-05,-1,-1,0,180
7576,70.0933,-131.778,0,3.84615e-05,-1,-1,0,180
7577,40.7354,143.772,0,3.84615e-05,75,14,0,180
7578,-21.6182,165.071,0,3.84615e-05,44,68,0,180
7579,-56.2277,-156.445,0,3.84615e-05,23,139,0,180
7580,-39.824,-172.89,0,3.84615e-05,52,85,0,180
7581,26.15,-178.055,0,3.84615e-05,1,48,0,180
7582,-31.4243,78.7413,0,3.84615e-05,142,29,0,180
7583,-18.8942,43.0797,0,3.84615e-05,164,7,0,180
7584,-16.6021,-103.694,0,3.84615e-05,27,105,0,180
7585,-13.6435,119.461,0,3.84615e-05,131,43,0,180
7586,-39.293,35.4235,0,3.84615e-05,2,170,0,180
7587,-22.0401,0.515656,0,3.84615e-05,86,57,0,180
7588,-14.9127,-9.70171,0,3.84615e-05,26,40,0,180
7589,9.79395,-81.1758,0,3.84615e-05,92,20,0,180
7590,-8.18829,-80.5051,0,3.84615e-05,108,120,0,180
7591,-30.5531,-97.3498,0,3.84615e-05,1,190,0,180
7592,-59.0763,-109.422,0,3.84615e-05,73,109,0,180
7593,-56.172,88.556,0,3.84615e-05,7,60,0,180
7594,-1.89011,-132.224,0,3.84615e-05,62,92,0,180
7595,1.83259,60.0891,0,3.84615e-05,93,5,0,180
7596,63.123,-88.2074,0,3.84615e-05,156,127,0,180
7597,-38.8408,-32.3857,0,3.84615e-05,38,167,0,180
7598,-48.7489,113.063,0,3.84615e-05,61,52,0,180
7599,-18.8409,-123.68,0,3.84615e-05,64,193,0,180
7600,8.64664,53.9471,0,3.84615e-05,12,92,0,180
7601,-41.8654,-29.7176,0,3.84615e-05,1,145,0,180
7602,-37.5417,-7.62936,0,3.84615e-05,100,43,0,180
7603,-10.3437,-118.592,0,3.84615e-05,32,196,0,180
7604,-19.1429,39.3817,0,3.84615e-05,154,8,0,180
7605,-20.1917,158.253,0,3.84615e-05,168,159,0,180
7606,-15.1502,-115.642,0,3.84615e-05,75,100,0,180
7607,0.0102539,-103.106,0,3.84615e-05,25,7,0,180
7608,-6.84173,94.2172,0,3.84615e-05,102,24,0,180
7609,-30.8403,-144.171,0,3.84615e-05,1,157,0,180
7610,12.4457,95.105,0,3.84615e-05,71,13,0,180
7611,-23.6126,-12.173,0,3.84615e-05,95,56,0,180
7612,-37.9333,-154.239,0,3.84615e-05,13,176,0,180
7613,-7.96111,105.979,0,3.84615e-05,54,29,0,180
7614,-48.647,126.012,0,3.84615e-05,45,91,0,180
7615,-70.6064,-45.4725,0,3.84615e-05,23,199,0,180
7616,-35.0344,74.5087,0,3.84615e-05,15,2,0,180
7617,-17.2204,-28.114,0,3.84615e-05,73,45,0,180
7618,-31.4054,-49.5388,0,3.84615e-05,32,156,0,180
7619,-50.6312,74.4976,0,3.84615e-05,1,3,0,180
7620,-23.6777,-153.645,0,3.84615e-05,42,164,0,180
7621,-23.2747,-132.918,0,3.84615e-05,123,197,0,180
7622,19.0021,-158.027,0,3.84615e-05,83,76,0,180
7623,63.04,-3.11293,0,3.84615e-05,2,77,0,180
7624,-64.9286,-165.751,0,3.84615e-05,97,178,0,180
7625,11.1492,137.691,0,3.84615e-05,-1,-1,0,180
7626,-41.7466,125.887,0,3.84615e-05,35,92,0,180
7627,42.1166,179.591,0,3.84615e-05,132,45,0,180
7628,-53.6682,11.26,0,3.84615e-05,24,187,0,180
7629,-35.8759,-100.938,0,3.84615e-05,73,3,0,180
7630,-31.8591,17.6151,0,3.84615e-05,52,175,0,180
7631,28.1318,165.818,0,3.84615e-05,23,164,0,180
7632,36.0066,0.587799,0,3.84615e-05,174,154,0,180
7633,-9.16839,121.945,0,3.84615e-05,132,43,0,180
7634,-12.2894,-131.96,0,3.84615e-05,92,190,0,180
7635,-2.85326,-88.0744,0,3.84615e-05,36,116,0,180
7636,9.34837,70.5113,0,3.84615e-05,23,192,0,180
7637,16.2112,133.354,0,3.84615e-05,169,40,0,180
7638,20.1215,119.702,0,3.84615e-05,172,157,0,180
7639,10.7872,52.1884,0,3.84615e-05,72,197,0,180
7640,-55.7701,-143.652,0,3.84615e-05,55,136,0,180
7641,-60.9834,79.1523,0,3.84615e-05,38,101,0,180
7642,-27.1483,-43.0754,0,3.84615e-05,1,32,0,180
7643,-49.6781,29.1331,0,3.84615e-05,38,14,0,180
7644,25.5568,170.118,0,3.84615e-05,58,42,0,180
7645,5.83742,-158.615,0,3.84615e-05,70,77,0,180
7646,48.6483,-175.903,0,3.84615e-05,83,186,0,180
7647,31.3883,-132.987,0,3.84615e-05,74,85,0,180
7648,15.1769,97.5743,0,3.84615e-05,126,22,0,180
7649,-49.0685,-35.3746,0,3.84615e-05,77,19,0,180
7650,36.3103,-44.7993,0,3.84615e-05,2,111,0,180
7651,12.1057,84.7142,0,3.84615e-05,109,19,0,180
7652,9.522,-156.595,0,3.84615e-05,62,78,0,180
7653,3.57534,153.393,0,3.84615e-05,72,158,0,180
7654,-22.8093,-107.493,0,3.84615e-05,39,115,0,180
7655,68.6312,44.5369,0,3.84615e-05,176,103,0,180
7656,14.69,50.6066,0,3.84615e-05,82,196,0,180
7657,4.54662,-178.775,0,3.84615e-05,12,59,0,180
7658,30.9749,-22.2523,0,3.84615e-05,1,147,0,180
7659,-74.8816,-172.43,0,3.84615e-05,23,141,0,180
7660,-27.7597,-88.1683,0,3.84615e-05,13,9,0,180
7661,-23.1517,106.093,0,3.84615e-05,84,117,0,180
7662,-41.9841,-86.3149,0,3.84615e-05,24,156,0,180
7663,-45.2466,34.6944,0,3.84615e-05,55,197,0,180
7664,12.1636,-105.557,0,3.84615e-05,72,17,0,180
7665,-1.01466,96.5084,0,3.84615e-05,113,23,0,180
7666,-12.4727,68.573,0,3.84615e-05,73,106,0,180
7667,13.9657,-18.905,0,3.84615e-05,105,67,0,180
7668,75.8585,84.5657,0,3.84615e-05,2,101,0,180
7669,46.3978,-150.869,0,3.84615e-05,55,56,0,180
7670,44.9506,-6.27441,0,3.84615e-05,64,95,0,180
7671,-34.5202,-179.512,0,3.84615e-05,86,98,0,180
7672,30.8837,132.233,0,3.84615e-05,13,153,0,180
7673,3.10192,59.9592,0,3.84615e-05,126,100,0,180
7674,-10.2252,52.5861,0,3.84615e-05,1,87,0,180
7675,-25.3652,-0.890854,0,3.84615e-05,97,56,0,180
7676,49.7091,-46.7663,0,3.84615e-05,93,112,0,180
7677,-43.0942,116.788,0,3.84615e-05,2,58,0,180
7678,45.7157,-5.22218,0,3.84615e-05,74,70,0,180
7679,-7.87173,-179.344,0,3.84615e-05,104,167,0,180
7680,-37.804,114.726,0,3.84615e-05,22,93,0,180
7681,-28.8151,49.7762,0,3.84615e-05,85,10,0,180
7682,10.9722,-110.645,0,3.84615e-05,63,102,0,180
7683,-15.2531,-88.4734,0,3.84615e-05,1,0,0,180
7684,34.1904,-139.215,0,3.84615e-05,92,14,0,180
7685,-36.3969,-45.1655,0,3.84615e-05,12,158,0,180
7686,9.50148,68.1775,0,3.84615e-05,13,193,0,180
7687,-10.4819,45.9138,0,3.84615e-05,-1,-1,0,180
7688,-13.8253,-150.748,0,3.84615e-05,42,87,0,180
7689,-12.6857,-94.3501,0,3.84615e-05,23,117,0,180
7690,-60.0829,140.849,0,3.84615e-05,2,128,0,180
7691,-49.3613,-96.3052,0,3.84615e-05,12,157,0,180
7692,26.3271,148.364,0,3.84615e-05,44,146,0,180
7693,-69.8543,-99.0635,0,3.84615e-05,23,104,0,180
7694,-36.1341,5.38303,0,3.84615e-05,90,57,0,180
7695,-28.8868,-93.2009,0,3.84615e-05,23,8,0,180
7696,-64.7006,110.48,0,3.84615e-05,39,85,0,180
7697,-17.526,97.6307,0,3.84615e-05,72,118,0,180
7698,21.5823,38.8718,0,3.84615e-05,-1,-1,0,180
7699,35.3747,20.5184,0,3.84615e-05,162,167,0,180
7700,33.1936,152.65,0,3.84615e-05,1,166,0,180
7701,-60.3316,51.1004,0,3.84615e-05,116,79,0,180
7702,-47.8364,149.783,0,3.84615e-05,1,35,0,180
7703,1.96849,119.396,0,3.84615e-05,-1,-1,0,180
7704,48.0244,158.981,0,3.84615e-05,-1,-1,0,180
7705,-41.5524,-21.0193,0,3.84615e-05,169,182,0,180
7706,38.316,-66.3542,0,3.84615e-05,32,97,0,180
7707,-12.2785,-161.977,0,3.84615e-05,99,81,0,180
7708,-23.4838,-25.4099,0,3.84615e-05,52,166,0,180
7709,-30.6402,110.019,0,3.84615e-05,66,49,0,180
7710,1.00158,2.2076,0,3.84615e-05,42,168,0,180
7711,9.63457,-129.334,0,3.84615e-05,94,99,0,180
7712,-67.0637,-42.0202,0,3.84615e-05,13,143,0,180
7713,8.15126,149.681,0,3.84615e-05,164,160,0,180
7714,-6.49752,87.3421,0,3.84615e-05,36,16,0,180
7715,-5.61722,52.9095,0,3.84615e-05,94,94,0,180
7716,47.8521,-126.551,0,3.84615e-05,44,71,0,180
7717,-38.1628,30.3542,0,3.84615e-05,76,195,0,180
7718,29.1652,-26.6376,0,3.84615e-05,49,142,0,180
7719,-7.17817,167.072,0,3.84615e-05,57,150,0,180
7720,51.6383,-159.58,0,3.84615e-05,36,19,0,180
7721,-4.55537,61.7318,0,3.84615e-05,141,15,0,180
7722,4.40603,145.119,0,3.84615e-05,79,49,0,180
7723,26.8205,-123.582,0,3.84615e-05,22,196,0,180
7724,-65.675,56.3365,0,3.84615e-05,87,72,0,180
7725,-22.1119,77.4732,0,3.84615e-05,12,18,0,180
7726,-51.5535,137.094,0,3.84615e-05,113,115,0,180
7727,12.6396,58.1228,0,3.84615e-05,43,190,0,180
7728,-3.69475,55.0481,0,3.84615e-05,54,98,0,180
7729,35.114,20.9798,0,3.84615e-05,162,167,0,180
7730,-11.7878,54.5571,0,3.84615e-05,2,87,0,180
7731,3.44469,51.2071,0,3.84615e-05,42,99,0,180
7732,18.8538,111.777,0,3.84615e-05,103,36,0,180
7733,-8.74885,-10.6801,0,3.84615e-05,4,42,0,180
7734,39.916,-44.6524,0,3.84615e-05,22,38,0,180
7735,-25.451,160.805,0,3.84615e-05,3,59,0,180
7736,2.00101,170.696,0,3.84615e-05,99,167,0,180
7737,-47.5881,-152.074,0,3.84615e-05,3,131,0,180
7738,-36.4409,-28.3696,0,3.84615e-05,2,145,0,180
7739,-55.2604,112.407,0,3.84615e-05,50,66,0,180
7740,-6.37997,-164.683,0,3.84615e-05,3,63,0,180
7741,-32.0718,6.30231,0,3.84615e-05,97,180,0,180
7742,-8.75764,61.0304,0,3.84615e-05,86,95,0,180
7743,59.0998,169.241,0,3.84615e-05,-1,-1,0,180
7744,-56.7962,-144.158,0,3.84615e-05,45,137,0,180
7745,-44.2085,-93.2888,0,3.84615e-05,2,158,0,180
7746,27.3415,130.154,0,3.84615e-05,53,159,0,180
7747,-55.4876,88.3644,0,3.84615e-05,26,55,0,180
7748,13.2107,56.2981,0,3.84615e-05,2,93,0,180
7749,-15.5893,173.369,0,3.84615e-05,27,60,0,180
7750,15.8657,152.631,0,3.84615e-05,63,41,0,180
7751,-18.6943,-159.549,0,3.84615e-05,39,164,0,180
7752,-55.0232,167.592,0,3.84615e-05,32,79,0,180
7753,-37.587,20.8007,0,3.84615e-05,73,59,0,180
7754,35.8655,15.3085,0,3.84615e-05,128,159,0,180
7755,-1.72189,150.604,0,3.84615e-05,22,149,0,180
7756,-30.9339,-145.002,0,3.84615e-05,20,155,0,180
7757,-24.5589,-150.795,0,3.84615e-05,22,166,0,180
7758,-37.4512,151.789,0,3.84615e-05,32,149,0,180
7759,-44.1915,179.812,0,3.84615e-05,65,76,0,180
7760,-1.9544,-170.593,0,3.84615e-05,44,163,0,180
7761,19.4657,-160.88,0,3.84615e-05,73,77,0,180
7762,81.4709,18.2274,0,3.84615e-05,178,175,0,180
7763,-23.9387,60.8691,0,3.84615e-05,66,7,0,180
7764,17.615,112.072,0,3.84615e-05,73,131,0,180
7765,-24.0273,42.2889,0,3.84615e-05,143,9,0,180
7766,-37.6535,31.6689,0,3.84615e-05,100,18,0,180
7767,-29.8314,-47.5673,0,3.84615e-05,32,13,0,180
7768,-12.9453,119.725,0,3.84615e-05,-1,-1,0,180
7769,34.7478,-149.197,0,3.84615e-05,3,175,0,180
7770,-57.4519,156.995,0,3.84615e-05,35,86,0,180
7771,-13.4945,-34.6073,0,3.84615e-05,133,168,0,180
7772,-27.3532,-164.801,0,3.84615e-05,42,79,0,180
7773,5.46541,-119.208,0,3.84615e-05,76,91,0,180
7774,20.2051,-170.91,0,3.84615e-05,112,73,0,180
7775,34.6859,-38.7562,0,3.84615e-05,3,111,0,180
7776,-54.8824,-72.9075,0,3.84615e-05,22,9,0,180
7777,14.7606,-152.59,0,3.84615e-05,53,79,0,180
7778,-35.5878,-99.6736,0,3.84615e-05,2,190,0,180
7779,-0.61245,-18.2791,0,3.84615e-05,1,42,0,180
7780,38.6604,24.4167,0,3.84615e-05,-1,-1,0,180
7781,21.5646,-18.9489,0,3.84615e-05,3,54,0,180
7782,-62.6512,143.372,0,3.84615e-05,23,87,0,180
7783,14.2662,-166.201,0,3.84615e-05,37,60,0,180
7784,81.837,170.187,0,3.84615e-05,3,27,0,180
7785,21.5352,172.057,0,3.84615e-05,85,52,0,180
7786,-65.1829,109.694,0,3.84615e-05,49,84,0,180
7787,31.6796,-31.9925,0,3.84615e-05,108,66,0,180
7788,-47.2264,93.4769,0,3.84615e-05,37,54,0,180
7789,-26.4424,108.342,0,3.84615e-05,96,46,0,180
7790,6.86644,-130.763,0,3.84615e-05,84,90,0,180
7791,-26.0755,168.511,0,3.84615e-05,14,61,0,180
7792,-19.6458,-121.976,0,3.84615e-05,106,118,0,180
7793,-19.8886,-175.982,0,3.84615e-05,32,153,0,180
7794,-42.458,-143.846,0,3.84615e-05,42,153,0,180
7795,25.1565,-170.191,0,3.84615e-05,123,72,0,180
7796,-52.731,87.9543,0,3.84615e-05,27,102,0,180
7797,-76.224,-77.401,0,3.84615e-05,116,142,0,180
7798,-8.06477,-84.4154,0,3.84615e-05,99,121,0,180
7799,-11.2513,-179.674,0,3.84615e-05,123,71,0,180
7800,-0.911797,-90.2188,0,3.84615e-05,3,108,0,180
7801,0.859879,-104.898,0,3.84615e-05,105,14,0,180
7802,-57.9074,96.4867,0,3.84615e-05,22,21,0,180
7803,79.6339,128.516,0,3.84615e-05,68,142,0,180
7804,-4.87274,-121.657,0,3.84615e-05,44,94,0,180
7805,8.49133,-105.426,0,3.84615e-05,32,6,0,180
7806,35.3691,14.9158,0,3.84615e-05,128,159,0,180
7807,-4.45696,-16.4552,0,3.84615e-05,12,41,0,180
7808,-49.5373,-139.404,0,3.84615e-05,126,139,0,180
7809,-0.172226,-9.44031,0,3.84615e-05,80,164,0,180
7810,9.23055,149.927,0,3.84615e-05,52,42,0,180
7811,44.3943,145.481,0,3.84615e-05,116,10,0,180
7812,-16.4402,76.0474,0,3.84615e-05,42,15,0,180
7813,25.5102,53.1989,0,3.84615e-05,-1,-1,0,180
7814,43.7895,14.0825,0,3.84615e-05,52,80,0,180
7815,-24.4043,75.4814,0,3.84615e-05,52,99,0,180
7816,-9.55602,58.4727,0,3.84615e-05,119,2,0,180
7817,-72.1973,-19.7427,0,3.84615e-05,78,4,0,180
7818,-40.9158,13.5969,0,3.84615e-05,37,186,0,180
7819,15.9229,-61.0673,0,3.84615e-05,85,32,0,180
7820,-9.15281,-122.81,0,3.84615e-05,22,96,0,180
7821,68.9756,48.0439,0,3.84615e-05,157,105,0,180
7822,75.6133,132.319,0,3.84615e-05,1,149,0,180
7823,37.8159,152.064,0,3.84615e-05,2,140,0,180
7824,52.6586,-159.571,0,3.84615e-05,87,40,0,180
7825,-44.002,133.645,0,3.84615e-05,16,94,0,180
7826,-47.9884,-21.5114,0,3.84615e-05,138,13,0,180
7827,-41.8112,8.85367,0,3.84615e-05,46,185,0,180
7828,-47.5536,-55.3658,0,3.84615e-05,13,169,0,180
7829,-51.0221,129.216,0,3.84615e-05,4,61,0,180
7830,40.6766,-170.185,0,3.84615e-05,92,52,0,180
7831,-25.9428,55.4343,0,3.84615e-05,76,11,0,180
7832,-17.8487,-113.109,0,3.84615e-05,65,101,0,180
7833,-6.53672,-22.3748,0,3.84615e-05,32,157,0,180
7834,-35.301,152.101,0,3.84615e-05,52,135,0,180
7835,7.11587,169.919,0,3.84615e-05,62,54,0,180
7836,-0.147041,54.9955,0,3.84615e-05,3,181,0,180
7837,12.7546,52.7415,0,3.84615e-05,1,93,0,180
7838,54.9038,-158.395,0,3.84615e-05,128,46,0,180
7839,-54.6787,-111.039,0,3.84615e-05,55,101,0,180
7840,-3.06016,167.134,0,3.84615e-05,66,159,0,180
7841,-48.8554,6.66393,0,3.84615e-05,24,15,0,180
7842,-32.4152,-149.852,0,3.84615e-05,18,89,0,180
7843,34.6108,-29.2643,0,3.84615e-05,72,138,0,180
7844,12.9054,-138.556,0,3.84615e-05,5,74,0,180
7845,-26.0032,-48.3581,0,3.84615e-05,167,164,0,180
7846,15.1713,-170.867,0,3.84615e-05,56,68,0,180
7847,-3.61185,175.646,0,3.84615e-05,72,160,0,180
7848,-57.0348,-171.636,0,3.84615e-05,1,80,0,180
7849,-53.7174,-130.934,0,3.84615e-05,151,195,0,180
7850,-46.3217,30.2356,0,3.84615e-05,65,196,0,180
7851,14.4026,114.749,0,3.84615e-05,93,37,0,180
7852,-11.6818,-10.2642,0,3.84615e-05,52,50,0,180
7853,-39.8458,-118.368,0,3.84615e-05,33,184,0,180
7854,-70.2773,0.883331,0,3.84615e-05,87,193,0,180
7855,-17.8802,103.063,0,3.84615e-05,63,119,0,180
7856,6.61754,123.678,0,3.84615e-05,135,147,0,180
7857,25.5721,-65.3868,0,3.84615e-05,2,29,0,180
7858,29.8306,-45.5883,0,3.84615e-05,1,41,0,180
7859,34.0063,-76.9403,0,3.84615e-05,82,124,0,180
7860,-49.9676,173.207,0,3.84615e-05,58,84,0,180
7861,10.2887,-116.856,0,3.84615e-05,120,12,0,180
7862,32.0636,-137.475,0,3.84615e-05,1,75,0,180
7863,-16.7429,-121.922,0,3.84615e-05,1,98,0,180
7864,-46.1332,-46.6288,0,3.84615e-05,25,168,0,180
7865,24.8146,-130.955,0,3.84615e-05,32,195,0,180
7866,-13.6904,-76.7819,0,3.84615e-05,123,131,0,180
7867,-18.978,-152.129,0,3.84615e-05,1,168,0,180
7868,51.9591,143.367,0,3.84615e-05,156,16,0,180
7869,32.1364,170.313,0,3.84615e-05,80,40,0,180
7870,10.4098,-112.484,0,3.84615e-05,73,101,0,180
7871,19.1681,116.157,0,3.84615e-05,42,21,0,180
7872,55.216,-179.96,0,3.84615e-05,160,178,0,180
7873,-13.2203,167.807,0,3.84615e-05,142,163,0,180
7874,-66.888,-175.035,0,3.84615e-05,88,179,0,180
7875,-66.9527,141.048,0,3.84615e-05,78,145,0,180
7876,-51.795,-179.682,0,3.84615e-05,52,112,0,180
7877,-12.5593,43.5884,0,3.84615e-05,-1,-1,0,180
7878,-2.64819,82.6409,0,3.84615e-05,24,2,0,180
7879,-30.7948,-44.2214,0,3.84615e-05,71,148,0,180
7880,31.4441,128.193,0,3.84615e-05,12,10,0,180
7881,-52.1689,-21.3299,0,3.84615e-05,109,188,0,180
7882,-39.9967,33.6099,0,3.84615e-05,1,180,0,180
7883,-28.5156,32.5165,0,3.84615e-05,3,69,0,180
7884,77.3103,-135.192,0,3.84615e-05,43,23,0,180
7885,-46.4774,-84.5341,0,3.84615e-05,15,131,0,180
7886,24.2035,-121.206,0,3.84615e-05,45,88,0,180
7887,38.4847,136.148,0,3.84615e-05,33,34,0,180
7888,-34.248,3.73839,0,3.84615e-05,22,41,0,180
7889,-63.2233,134.853,0,3.84615e-05,12,127,0,180
7890,26.6152,-79.4526,0,3.84615e-05,168,33,0,180
7891,-49.5162,138.91,0,3.84615e-05,47,91,0,180
7892,49.8238,-42.8947,0,3.84615e-05,54,61,0,180
7893,42.9989,34.7013,0,3.84615e-05,172,155,0,180
7894,-11.1945,-135.694,0,3.84615e-05,63,180,0,180
7895,23.2457,167.449,0,3.84615e-05,45,162,0,180
7896,-38.3242,111.699,0,3.84615e-05,15,44,0,180
7897,-30.0457,-153.492,0,3.84615e-05,13,96,0,180
7898,-32.0226,-142.931,0,3.84615e-05,2,177,0,180
7899,21.857,66.4279,0,3.84615e-05,98,5,0,180
7900,23.2206,117.893,0,3.84615e-05,-1,-1,0,180
7901,2.5777,6.58165,0,3.84615e-05,-1,-1,0,180
7902,46.9909,-9.82994,0,3.84615e-05,3,91,0,180
7903,25.2969,-38.4559,0,3.84615e-05,2,41,0,180
7904,45.025,-176.495,0,3.84615e-05,164,42,0,180
7905,-44.9722,-29.8962,0,3.84615e-05,87,18,0,180
7906,-74.2866,-21.5394,0,3.84615e-05,2,144,0,180
7907,-21.3642,-176.526,0,3.84615e-05,43,152,0,180
7908,24.7343,-63.8623,0,3.84615e-05,174,137,0,180
7909,35.3479,-1.61833,0,3.84615e-05,140,81,0,180
7910,76.8859,42.3681,0,3.84615e-05,166,127,0,180
7911,4.32668,1.52136,0,3.84615e-05,83,164,0,180
7912,75.3424,-169.185,0,3.84615e-05,146,179,0,180
7913,-49.0694,-11.1305,0,3.84615e-05,1,17,0,180
7914,22.2077,169.687,0,3.84615e-05,37,44,0,180
7915,19.9856,-27.3583,0,3.84615e-05,12,53,0,180
7916,38.6184,25.2509,0,3.84615e-05,-1,-1,0,180
7917,-1.90293,-38.8028,0,3.84615e-05,58,46,0,180
7918,-35.0032,-95.1198,0,3.84615e-05,13,106,0,180
7919,6.98468,-178.495,0,3.84615e-05,23,58,0,180
7920,24.748,-38.6362,0,3.84615e-05,13,40,0,180
7921,36.6489,-15.6311,0,3.84615e-05,12,66,0,180
7922,-32.7674,96.5044,0,3.84615e-05,68,98,0,180
7923,-1.69991,51.3367,0,3.84615e-05,2,181,0,180
7924,-49.8768,-85.6374,0,3.84615e-05,16,199,0,180
7925,-9.44909,109.093,0,3.84615e-05,22,113,0,180
7926,-6.98996,158.246,0,3.84615e-05,46,55,0,180
7927,-40.1657,-26.6814,0,3.84615e-05,177,45,0,180
7928,-38.5226,138.077,0,3.84615e-05,26,56,0,180
7929,0.286713,157.301,0,3.84615e-05,2,141,0,180
7930,20.2429,121.167,0,3.84615e-05,162,158,0,180
7931,-19.0042,91.2657,0,3.84615e-05,4,94,0,180
7932,-40.3126,-75.5251,0,3.84615e-05,56,153,0,180
7933,4.26411,110.117,0,3.84615e-05,62,120,0,180
7934,35.8466,-58.6846,0,3.84615e-05,64,57,0,180
7935,-34.0143,74.6153,0,3.84615e-05,104,94,0,180
7936,-24.0309,73.1549,0,3.84615e-05,48,109,0,180
7937,-66.7271,119.164,0,3.84615e-05,90,129,0,180
7938,27.7162,160.045,0,3.84615e-05,12,165,0,180
7939,21.8875,-134.105,0,3.84615e-05,52,193,0,180
7940,30.5028,136.215,0,3.84615e-05,2,37,0,180
7941,-49.8064,-115.994,0,3.84615e-05,55,182,0,180
7942,-3.88049,151.727,0,3.84615e-05,32,148,0,180
7943,43.5498,-141.351,0,3.84615e-05,1,13,0,180
7944,-35.3234,-83.8861,0,3.84615e-05,67,136,0,180
7945,-13.5595,87.9527,0,3.84615e-05,2,4,0,180
7946,-53.7278,106.545,0,3.84615e-05,32,20,0,180
7947,-31.1408,-164.198,0,3.84615e-05,1,73,0,180
7948,-58.1021,-38.7082,0,3.84615e-05,25,29,0,180
7949,-17.0498,150.057,0,3.84615e-05,166,159,0,180
7950,-24.4993,106.092,0,3.84615e-05,106,45,0,180
7951,-23.6393,-139.435,0,3.84615e-05,6,97,0,180
7952,-61.2709,-101.409,0,3.84615e-05,67,194,0,180
7953,3.79736,-133.451,0,3.84615e-05,1,186,0,180
7954,-14.512,-134.328,0,3.84615e-05,59,92,0,180
7955,71.6332,1.9091,0,3.84615e-05,165,176,0,180
7956,37.9224,-66.2611,0,3.84615e-05,32,97,0,180
7957,-9.13498,-131.845,0,3.84615e-05,43,182,0,180
7958,8.97714,135.721,0,3.84615e-05,108,46,0,180
7959,28.799,-122.899,0,3.84615e-05,95,9,0,180
7960,-54.8981,-73.227,0,3.84615e-05,22,9,0,180
7961,-45.877,-9.75563,0,3.84615e-05,2,17,0,180
7962,14.8818,-58.5201,0,3.84615e-05,95,31,0,180
7963,-26.45,-169.768,0,3.84615e-05,32,70,0,180
7964,-11.6305,-22.5328,0,3.84615e-05,85,163,0,180
7965,36.935,-172.009,0,3.84615e-05,33,45,0,180
7966,81.6025,42.8778,0,3.84615e-05,113,147,0,180
7967,44.9076,-44.7136,0,3.84615e-05,63,115,0,180
7968,-43.4096,-48.6504,0,3.84615e-05,2,21,0,180
7969,9.31388,158.361,0,3.84615e-05,13,46,0,180
7970,15.6013,-81.9748,0,3.84615e-05,125,129,0,180
7971,43.5975,-175.165,0,3.84615e-05,54,43,0,180
7972,-59.9876,90.8939,0,3.84615e-05,19,103,0,180
7973,-46.284,56.8237,0,3.84615e-05,1,57,0,180
7974,-30.4382,93.6607,0,3.84615e-05,2,104,0,180
7975,-23.9018,70.444,0,3.84615e-05,49,14,0,180
7976,-10.7476,-18.5913,0,3.84615e-05,2,150,0,180
7977,-60.4348,147.832,0,3.84615e-05,14,88,0,180
7978,-26.6245,14.2775,0,3.84615e-05,89,181,0,180
7979,49.8572,147.643,0,3.84615e-05,157,16,0,180
7980,-29.3574,45.3452,0,3.84615e-05,103,18,0,180
7981,-17.3492,-33.4573,0,3.84615e-05,36,142,0,180
7982,-38.5256,-142.74,0,3.84615e-05,2,157,0,180
7983,-53.7944,118.394,0,3.84615e-05,22,69,0,180
7984,2.81774,-122.282,0,3.84615e-05,74,91,0,180
7985,-34.7482,110.586,0,3.84615e-05,35,42,0,180
7986,10.6622,-19.1343,0,3.84615e-05,56,59,0,180
7987,-13.1193,4.71689,0,3.84615e-05,5,55,0,180
7988,-20.9174,-145.015,0,3.84615e-05,2,168,0,180
7989,-2.10114,-102.029,0,3.84615e-05,22,106,0,180
7990,35.0167,-64.9048,0,3.84615e-05,2,90,0,180
7991,-2.17908,175.658,0,3.84615e-05,134,70,0,180
7992,25.3029,170.194,0,3.84615e-05,58,42,0,180
7993,41.1082,-39.9013,0,3.84615e-05,2,30,0,180
7994,-18.2443,100.239,0,3.84615e-05,89,25,0,180
7995,3.08545,-22.4478,0,3.84615e-05,3,146,0,180
7996,38.5733,-68.7372,0,3.84615e-05,42,96,0,180
7997,-12.6425,-174.849,0,3.84615e-05,1,156,0,180
7998,59.9929,-65.7333,0,3.84615e-05,158,33,0,180
7999,-42.225,-127.542,0,3.84615e-05,2,118,0,180
