step,time_s,satellite,az_deg,el_deg,boresight_lat_deg,boresight_lon_deg,corner1_lat_deg,corner1_lon_deg,corner2_lat_deg,corner2_lon_deg,corner3_lat_deg,corner3_lon_deg,corner4_lat_deg,corner4_lon_deg,targets_hit
1,60,0,0.992095,-23.8685,-15.2531,-88.4734,-14.6867,-88.2323,-14.8844,-88.9894,-15.7749,-88.7271,-15.5753,-87.9732,1
1,60,1,-29.1287,-9.9379,-49.1706,-69.1506,-48.4423,-68.7909,-49.0417,-70.0883,-49.8156,-69.4928,-49.2832,-68.1309,3
1,60,2,39.7998,6.07843,-79.3743,2.53459,-78.7471,-0.430317,-80.1636,0.091524,-80.0704,6.49161,-78.6813,4.46087,1
1,60,3,30.5902,5.30044,-51.8607,72.7871,-52.0966,71.7549,-52.4635,73.3913,-51.5832,73.9256,-51.3016,72.2631,1
1,60,4,-32.5135,-21.602,-18.6533,78.24,-19.1788,77.3681,-19.202,78.6408,-18.2236,78.9873,-18.0942,77.7787,1
1,60,5,17.9077,9.25865,17.9232,94.3239,17.6436,93.7873,17.4297,94.6393,18.2304,94.8984,18.4066,94.0279,1
1,60,6,-11.0282,23.3005,54.0864,107.421,53.8744,106.516,53.4926,107.68,54.3257,108.343,54.7436,107.174,2
1,60,7,29.4297,7.20699,71.7051,-179.527,72.2193,179.074,71.1823,179.08,71.1234,-178.036,72.1693,-178.141,11
1,60,8,-31.3044,-12.6911,53.7888,-108.256,54.5494,-107.685,53.9676,-109.311,53.1248,-108.757,53.6081,-107.114,1
1,60,9,-33.7849,4.57514,17.6354,-93.596,18.2321,-93.0946,17.9422,-94.2787,17.0912,-94.0352,17.2833,-92.8263,2
1,60,10,33.2961,-4.85637,-1.571,126.187,-1.54452,125.59,-2.26754,126.295,-1.61006,126.846,-0.953402,126.088,4
1,60,11,27.6919,-0.376253,25.488,151.373,25.5519,150.764,24.8838,151.389,25.4129,152.034,26.042,151.36,1
1,60,12,35.8564,10.2316,43.7716,-168.743,44.1275,-169.562,43.1155,-169.022,43.3609,-167.802,44.3567,-168.462,1
1,60,13,30.2913,16.2814,42.8027,-117.798,43.3916,-118.169,42.4824,-118.485,42.135,-117.363,43.0788,-117.13,11
1,60,14,-13.6359,-20.4059,27.9118,-81.5217,28.4918,-81.6092,27.9178,-82.0956,27.3788,-81.463,27.9263,-80.9542,2
1,60,15,32.1211,20.2206,-4.41888,-56.8513,-3.71448,-56.8282,-4.47595,-57.4686,-5.24081,-56.8566,-4.39697,-56.2696,2
1,60,16,32.0445,16.6791,-30.7182,-31.4484,-30.0444,-31.4802,-30.8362,-32.1553,-31.4945,-31.3911,-30.6302,-30.7864,1
1,60,17,26.0284,-3.58271,-48.8554,6.66393,-48.3554,6.3768,-49.1285,5.85251,-49.3943,6.97027,-48.5985,7.39875,1
1,60,21,34.3566,3.12623,-45.6616,-15.3899,-45.1917,-14.8323,-45.3611,-16.2302,-46.1885,-16.03,-45.9319,-14.6329,2
1,60,22,30.1388,19.5406,-80.5483,25.1524,-79.9019,24.8765,-80.6324,21.6645,-81.2911,25.6511,-80.4653,28.4229,3
1,60,23,15.4145,-15.1116,-62.6512,143.372,-62.8608,142.432,-63.1521,143.839,-62.4477,144.323,-62.1916,142.928,1
1,60,24,-21.3373,-13.5186,-26.9264,152.429,-27.2659,151.899,-27.3256,152.753,-26.6243,152.918,-26.5223,152.082,1
1,60,25,31.1507,5.0614,9.35896,163.847,9.05748,163.344,8.90613,164.258,9.69725,164.408,9.77781,163.477,1
1,60,26,-31.6811,10.3655,46.2824,165.238,46.0197,164.456,45.7883,165.752,46.5331,165.956,46.8442,164.657,1
1,60,27,40.3317,0.738591,74.0823,-142.805,74.3311,-145.192,73.2856,-142.964,73.7575,-140.138,74.7702,-142.632,1
1,60,28,36.6999,-18.528,61.4158,-46.5891,61.9487,-45.9859,61.7035,-48.3355,60.8453,-47.2893,61.1715,-45.1299,1
1,60,30,-31.6597,-24.8199,43.5673,22.1071,44.1846,22.9522,43.9849,21.5528,43.0567,21.3831,43.1574,22.7211,2
1,60,31,35.0817,4.62442,4.97657,12.2671,5.36403,12.7769,5.40171,11.7337,4.53436,11.6899,4.58819,12.7385,2
1,60,32,-33.1473,7.96425,-31.5774,17.3085,-31.2112,17.922,-31.1471,16.7736,-31.9186,16.7546,-32.067,17.9157,2
1,60,33,-37.2225,9.57063,-67.7328,18.1815,-67.3236,19.6781,-67.2821,16.791,-68.1004,16.8258,-68.247,19.8505,1
1,60,34,33.4417,-8.5949,-76.7731,-138.196,-77.2934,-139.377,-76.9555,-135.125,-76.2022,-136.942,-76.5891,-140.831,2
1,60,36,35.5617,-20.3479,-7.29851,-160.806,-7.67832,-161.28,-7.93377,-160.173,-6.91614,-160.269,-6.77548,-161.352,1
1,60,37,38.1003,14.7353,32.402,-161.925,31.8759,-162.556,32.0419,-161.204,33.0306,-161.18,32.744,-162.559,1
1,60,38,21.2124,-13.9079,65.4566,-166.31,65.0974,-167.145,65.0336,-165.314,65.8105,-165.393,65.8275,-167.264,1
1,60,39,-34.3195,-13.3476,77.1721,43.293,77.3769,46.7024,77.6998,42.0866,76.9709,40.4173,76.5992,44.595,2
1,60,40,-17.7631,-18.1785,47.8453,-2.77901,48.4278,-3.14322,47.6826,-3.53111,47.3084,-2.47793,48.026,-2.02566,9
1,60,41,-6.69293,22.8029,21.3551,34.4177,21.8791,34.4327,21.4374,33.8388,20.8095,34.43,21.2402,35.038,2
1,60,42,-6.994,-18.7659,-3.69475,55.0481,-3.13242,55.0639,-3.60227,54.5301,-4.22074,55.0154,-3.76482,55.556,1
1,60,43,7.88677,-23.1367,-31.4243,78.7413,-30.8807,78.6795,-31.3505,78.0454,-31.9496,78.7713,-31.4666,79.3858,1
1,60,44,-38.704,-3.39759,-46.5692,124.541,-45.7914,124.033,-47.0354,123.76,-47.2386,124.993,-46.0213,125.407,1
1,60,45,-8.67041,17.6216,-44.1915,179.812,-44.0545,179.126,-44.6912,179.574,-44.308,-179.481,-43.6629,-179.916,1
1,60,46,16.4556,20.9273,-22.028,-144.941,-22.1148,-145.561,-22.5613,-144.885,-21.908,-144.26,-21.4911,-144.969,1
1,60,47,32.7653,-7.03063,2.81774,-122.282,2.82478,-122.9,2.08255,-122.156,2.79597,-121.603,3.46699,-122.399,1
1,60,48,-29.8697,-21.9866,32.8475,-103.286,32.7515,-104.282,32.2551,-103.22,32.9027,-102.427,33.4637,-103.402,2
1,60,49,-22.8566,-16.6349,52.2416,-59.7358,52.5184,-60.7387,51.7517,-60.1218,51.9722,-58.8568,52.7558,-59.3625,1
1,60,50,12.9997,15.6334,7.30426,-85.2508,7.22149,-85.8079,6.77087,-85.1824,7.40848,-84.6535,7.83917,-85.3008,1
1,60,51,-31.1458,8.776,36.5218,-62.7235,36.6397,-63.5554,35.847,-62.7192,36.4232,-61.9582,37.2832,-62.7185,1
1,60,52,25.2699,6.38959,48.4199,-15.5525,48.7773,-16.2858,47.8857,-16.008,48.0274,-14.7562,48.914,-15.1042,1
1,60,53,19.8931,-4.85396,42.9989,34.7013,43.5282,34.5161,42.8172,33.9208,42.4412,34.8828,43.1671,35.4322,1
1,60,54,-19.4271,4.56873,21.8737,71.4752,22.4403,71.5493,21.9003,70.8762,21.3327,71.4119,21.8392,72.1151,1
1,60,55,27.6356,12.4138,-9.6187,91.5273,-8.97093,91.6039,-9.62341,90.8896,-10.3465,91.4537,-9.63203,92.1267,1
1,60,56,-19.898,-0.0804931,-32.1318,120.502,-31.5479,120.481,-32.1869,119.855,-32.6823,120.525,-32.0682,121.187,1
1,60,58,30.1909,15.2457,-46.17,-139.207,-46.023,-140.197,-46.8234,-139.269,-46.3113,-138.067,-45.5607,-139.116,1
1,60,59,18.7452,8.86469,-21.5161,-108.288,-21.5549,-108.893,-22.0727,-108.211,-21.4634,-107.637,-20.9778,-108.349,1
1,60,60,29.9989,17.0841,-53.4794,-179.069,-52.8679,-179.446,-53.7509,-179.965,-54.1714,-178.596,-53.2402,-178.218,1
1,60,62,39.3717,-8.73842,-33.9356,-78.1786,-33.8566,-78.9856,-34.7993,-78.0036,-34.0386,-77.2631,-33.2008,-78.3314,1
1,60,63,32.3082,11.2479,-2.74588,-54.8183,-2.84118,-55.4569,-3.34155,-54.6091,-2.62667,-54.0932,-2.19271,-54.9941,2
1,60,65,22.1648,-22.1982,47.5184,-1.07189,47.6795,-1.82341,46.8937,-1.48348,47.3222,-0.330345,48.0786,-0.726686,2
1,60,66,29.5178,-7.3837,49.8207,56.8832,50.3449,56.583,49.5084,55.9812,49.2487,57.1837,50.0996,57.6984,3
1,60,67,-37.5467,-7.91821,33.6715,101.665,34.4799,101.822,33.6096,100.891,32.975,101.527,33.7523,102.536,2
1,60,68,23.9955,-16.3571,1.96849,119.396,2.48017,119.514,2.11974,118.762,1.44289,119.253,1.84677,119.968,1
1,60,69,-9.37341,-22.3286,-24.9819,143.5,-24.4084,143.48,-24.8954,142.938,-25.5101,143.495,-25.0401,144.049,8
1,60,72,19.0931,21.1228,-53.9349,-48.5239,-54.0927,-49.5335,-54.4776,-48.305,-53.7275,-47.4188,-53.3889,-48.6899,1
1,60,73,37.8825,9.53043,-23.4838,-25.4099,-23.7435,-26.2049,-24.1142,-24.9033,-23.1675,-24.4874,-22.9113,-25.8384,1
1,60,74,39.3845,-8.56676,8.00517,-12.8972,7.85736,-13.6115,7.17512,-12.4523,8.15062,-12.0793,8.70741,-13.2813,1
1,60,75,-29.7124,21.1534,46.777,-1.61516,46.6763,-2.52916,46.0679,-1.36978,46.9005,-0.750393,47.6042,-1.87339,7
1,60,76,-14.5858,-21.5739,68.6312,44.5369,68.7896,42.8139,68.1294,43.9334,68.4525,46.0627,69.1355,45.0915,1
1,60,77,-26.1211,-20.2055,57.7864,128.215,58.5533,128.288,57.8316,127.131,57.1146,128.117,57.7613,129.339,6
1,60,78,-20.6953,15.9245,22.2927,152.624,22.7909,152.901,22.5465,152.043,21.7976,152.377,21.9955,153.256,1
1,60,79,27.8556,-18.7077,-9.65942,160.149,-9.14529,160.435,-9.28744,159.454,-10.1829,159.821,-9.96821,160.767,1
1,60,81,39.0674,-4.86296,-14.5576,12.1048,-14.6415,11.4238,-15.302,12.4484,-14.4722,12.8825,-13.9168,11.8098,1
1,60,82,-28.5955,-21.8238,18.8382,22.5448,18.5451,21.8057,18.3255,22.7501,19.0715,23.195,19.3595,22.297,3
1,60,83,25.3041,-7.97151,46.7121,53.6112,46.7547,52.8593,46.1123,53.6077,46.6505,54.4071,47.2584,53.6055,2
1,60,84,-39.7597,0.640212,66.0268,115.688,66.7386,114.796,65.5348,114.491,65.4086,116.434,66.5874,117.123,1
1,60,87,-29.0451,-22.715,-16.2071,-152.733,-15.4376,-152.61,-16.1003,-153.299,-16.8672,-152.862,-16.2819,-152.138,1
1,60,90,38.7673,-3.61982,38.9728,112.19,39.3527,111.448,38.1765,111.882,38.5238,113.02,39.6597,112.462,3
1,60,91,-24.3429,-23.8944,48.0244,158.981,48.5954,158.256,47.7184,158.291,47.5081,159.576,48.3598,159.662,1
1,60,93,10.999,-23.3063,3.79736,-133.451,4.32705,-133.472,3.89831,-134.047,3.28234,-133.457,3.7264,-132.904,1
1,60,94,13.5067,-15.5193,-22.8093,-107.493,-22.3075,-107.516,-22.7882,-108.104,-23.3129,-107.488,-22.813,-106.925,1
1,60,95,-25.6766,-2.51538,-40.5639,-68.3808,-40.0002,-68.6611,-40.8135,-69.0195,-41.082,-68.1197,-40.2871,-67.7018,1
1,60,96,28.5342,-1.60233,-47.9024,-17.6316,-47.5793,-18.3274,-48.4705,-18.0466,-48.2535,-16.8669,-47.3836,-17.2605,1
1,60,97,21.4186,0.0748835,-29.5129,23.1061,-29.4473,22.5109,-30.0685,23.0802,-29.5812,23.741,-28.9913,23.1319,2
1,60,98,-5.47571,20.9654,-1.20021,49.6289,-1.23662,49.1267,-1.71765,49.612,-1.14,50.148,-0.647677,49.6682,1
1,60,99,35.8923,-15.2937,19.116,75.7143,19.2547,75.0653,18.25,75.6601,18.9324,76.419,19.8558,75.7467,1
2,120,0,-20.8869,-0.883063,-20.4364,-84.7729,-19.9017,-84.4436,-20.1863,-85.3266,-20.9377,-85.0831,-20.6976,-84.1812,1
2,120,1,-18.5978,4.03047,-54.3399,-67.0972,-53.7801,-66.7891,-54.1949,-68.0452,-54.8756,-67.3894,-54.4892,-66.0812,2
2,120,2,29.7048,21.6264,-76.3697,25.431,-76.1631,22.2607,-77.0345,24.9453,-76.5325,29.2474,-75.7424,26.0067,4
2,120,3,35.6496,-13.0056,-50.6312,74.4976,-50.8188,73.4338,-51.4679,75.1754,-50.4403,75.6759,-49.9167,73.9197,1
2,120,4,37.9025,9.59905,-13.5595,87.9527,-13.9216,87.1905,-14.1699,88.537,-13.1248,88.8395,-13.0027,87.4535,1
2,120,5,19.4087,-11.5708,19.4476,94.7335,19.1967,94.1948,18.8625,95.0398,19.6905,95.299,19.9803,94.4395,1
2,120,6,33.3303,18.026,54.8878,117.142,54.6968,115.784,54.2203,117.622,55.1126,118.738,55.5171,116.738,2
2,120,7,26.5682,-16.3434,71.953,-175.987,72.4551,-177.12,71.4913,-177.996,71.4053,-174.935,72.3569,-174.157,6
2,120,8,-32.2003,-10.5013,50.1137,-106.061,50.8533,-105.475,50.3102,-107.042,49.4663,-106.574,49.9098,-104.991,2
2,120,9,28.9838,-8.44901,13.6368,-99.8767,14.1543,-99.512,13.9794,-100.566,13.0866,-100.282,13.3349,-99.2582,1
2,120,10,19.7383,-21.4439,1.10303,126.319,1.05971,125.8,0.456305,126.295,1.1196,126.843,1.68244,126.321,1
2,120,11,36.3367,-8.719,26.6223,154.316,26.7694,153.633,25.8286,154.303,26.4376,155.07,27.3101,154.32,1
2,120,12,-38.2371,-3.70828,51.4414,-168.811,51.8984,-169.871,50.8112,-169.155,51.0378,-167.908,52.1607,-168.423,1
2,120,13,21.5467,-20.2003,43.5583,-117.234,44.0424,-117.504,43.3631,-118.095,43.0563,-116.996,43.7445,-116.467,5
2,120,14,-26.7252,-22.9156,26.4835,-78.101,27.2341,-78.1987,26.4588,-78.7161,25.8289,-78.0405,26.5405,-77.4701,1
2,120,15,-33.6327,-1.50517,-1.53708,-51.3564,-0.855616,-51.2339,-1.55971,-51.9648,-2.14504,-51.4643,-1.50605,-50.6784,1
2,120,16,-37.5748,-8.58728,-26.4897,-25.5611,-25.667,-25.5668,-26.6492,-26.2595,-27.1979,-25.5625,-26.289,-24.784,1
2,120,17,-33.2596,-4.63495,-44.705,13.8919,-44.0731,13.4608,-45.0668,13.2216,-45.2654,14.2799,-44.2926,14.6154,1
2,120,18,-22.4639,24.8606,-41.7188,68.0504,-41.5097,67.3784,-42.2858,67.6839,-41.8908,68.7393,-41.0823,68.4917,1
2,120,19,37.7669,16.089,-24.4993,106.092,-24.5119,105.249,-25.1824,106.304,-24.4616,107.091,-23.8764,105.935,1
2,120,22,-30.0157,-20.703,-76.0549,40.0441,-75.3462,38.9522,-76.2475,37.906,-76.6705,41.0059,-75.804,42.1737,1
2,120,23,30.7883,-23.1146,-60.4348,147.832,-60.6693,146.804,-61.1679,148.515,-60.2145,148.925,-59.8139,147.235,1
2,120,27,24.0821,-5.63683,77.3103,-135.192,77.5119,-137.311,76.7744,-136.032,77.0713,-133.032,77.8019,-134.374,1
2,120,29,30.5827,19.2947,19.9856,-27.3583,20.5428,-26.9975,20.2293,-27.9198,19.332,-27.7536,19.7287,-26.8431,1
2,120,30,-30.3651,18.7128,35.3747,20.5184,35.675,21.1416,35.8964,20.0272,35.0652,19.9528,34.7604,21.0573,2
2,120,31,-11.8676,-19.8545,3.1782,16.2677,3.59551,16.6428,3.56013,15.9496,2.80539,15.9094,2.81557,16.597,2
2,120,32,36.6575,14.5041,-35.7015,8.7351,-35.2578,9.43312,-35.2768,8.08143,-36.2277,7.91778,-36.1016,9.3131,1
2,120,33,-29.0936,9.70998,-71.4428,15.1185,-71.0864,16.5606,-71.0261,13.8253,-71.7751,13.7546,-71.9041,16.613,2
2,120,38,-30.6711,18.6948,71.5107,177.673,71.0315,176.587,71.1737,179.45,71.9728,178.674,71.8947,175.578,7
2,120,40,-22.5005,-8.17585,45.9107,3.2986,46.5076,3.09807,45.7585,2.56081,45.3607,3.46973,46.0766,4.0743,2
2,120,41,33.5377,17.8931,16.0229,33.5469,16.7653,33.5813,15.9378,32.8559,15.1555,33.5273,16.0692,34.1905,2
2,120,42,-24.5437,22.9619,-8.75764,61.0304,-8.18831,61.1406,-8.62772,60.37,-9.32109,60.9558,-8.92928,61.7802,1
2,120,44,2.7851,23.6507,-51.9307,132.724,-51.5361,132.132,-52.2299,132.013,-52.3323,133.399,-51.632,133.487,1
2,120,45,-15.2143,-11.2927,-43.1101,-179.473,-42.9805,179.77,-43.6056,-179.646,-43.2363,-178.765,-42.6017,-179.316,1
2,120,46,23.0131,21.7261,-19.4414,-141.92,-19.55,-142.589,-20.0015,-141.821,-19.2927,-141.17,-18.8869,-141.985,1
2,120,47,11.902,-24.1052,5.92028,-122.873,5.81595,-123.415,5.28629,-122.892,5.99293,-122.342,6.49598,-122.88,1
2,120,48,12.1976,-20.0917,32.9053,-96.5828,32.9108,-97.2139,32.3115,-96.6979,32.8736,-95.962,33.4538,-96.498,3
2,120,49,21.7139,22.6559,49.7091,-46.7663,50.0566,-47.5903,49.2497,-47.2649,49.3298,-45.8289,50.1427,-46.2242,1
2,120,50,39.1906,8.86517,7.88934,-80.9142,7.88473,-81.7359,7.09654,-80.6507,7.89943,-79.9467,8.59241,-81.1276,1
2,120,52,39.6633,5.67102,46.9909,-9.82994,47.5678,-10.6532,46.2249,-10.405,46.3083,-8.88541,47.6493,-9.29536,1
2,120,53,-37.6818,9.90602,45.1982,45.2413,45.9907,45.3035,45.0137,44.1544,44.4924,45.2163,45.3923,46.5238,2
2,120,54,-35.1258,11.3522,19.582,75.9524,20.2882,76.175,19.6195,75.1566,18.937,75.7743,19.5233,76.8722,1
2,120,55,-33.4441,23.7743,-9.75304,99.5719,-9.08382,99.7679,-9.61132,98.732,-10.3938,99.4323,-9.94794,100.57,1
2,120,56,-28.1567,-8.82135,-33.2552,123.535,-32.545,123.463,-33.3692,122.835,-33.8932,123.591,-33.1139,124.281,2
2,120,57,35.3844,-0.167179,-55.0232,167.592,-54.4224,166.985,-55.5743,166.602,-55.7012,168.292,-54.5324,168.449,1
2,120,58,-34.6925,-12.407,-40.0765,-143.444,-39.8311,-144.532,-40.7329,-143.536,-40.2906,-142.503,-39.3522,-143.378,1
2,120,59,13.1598,22.8905,-17.2445,-105.427,-17.3513,-106.044,-17.7966,-105.381,-17.1,-104.753,-16.679,-105.443,1
2,120,60,19.5113,23.5967,-54.1779,-171.9,-53.6644,-172.41,-54.4134,-172.712,-54.7396,-171.277,-53.9638,-171.074,1
2,120,61,39.0548,11.7626,-53.5473,-110.379,-53.2916,-111.581,-54.2957,-110.426,-53.8234,-108.936,-52.8849,-110.302,1
2,120,63,26.3957,-7.99048,-0.800277,-54.5354,-0.851307,-55.0678,-1.41407,-54.4169,-0.757304,-53.9662,-0.244846,-54.6488,1
2,120,64,-5.00261,22.9838,31.6796,-31.9925,31.6265,-32.5788,31.1629,-32.0104,31.7567,-31.382,32.2342,-31.9456,1
2,120,65,22.8369,-10.3729,49.5672,5.4969,49.7895,4.77999,49.0166,5.13261,49.3176,6.23157,50.0725,5.82467,2
2,120,66,25.2813,-20.3386,49.3462,60.5263,49.8517,60.2394,49.1317,59.4966,48.8149,60.7749,49.5451,61.4329,1
2,120,67,28.8023,-16.4785,27.2002,98.1394,27.7466,98.2311,27.2713,97.3335,26.6261,98.0159,27.1483,98.8489,2
2,120,68,9.44627,19.357,-3.01814,124.27,-2.50728,124.327,-2.92729,123.785,-3.56971,124.228,-3.13094,124.761,1
2,120,69,-13.1099,-24.3167,-27.4811,146.091,-26.8664,146.038,-27.4064,145.504,-28.0385,146.113,-27.5237,146.667,1
2,120,70,-29.7225,0.547099,-45.0628,-173.498,-44.4187,-173.234,-44.9891,-174.36,-45.6494,-173.739,-45.1341,-172.547,1
2,120,71,-17.7617,4.70818,-67.35,-117.438,-66.906,-118.267,-67.6894,-118.526,-67.7679,-116.6,-66.9841,-116.307,1
2,120,73,-4.44551,24.499,-17.2204,-28.114,-17.4628,-28.6228,-17.7532,-27.9369,-16.9384,-27.5931,-16.6368,-28.2773,1
2,120,74,31.2981,-8.99904,11.9795,-12.7885,11.8101,-13.3892,11.2978,-12.4705,12.1467,-12.1295,12.58,-13.0781,2
2,120,75,-36.936,-13.3088,47.1413,-3.1759,46.8658,-4.46172,46.5477,-2.7045,47.3533,-2.06579,47.7847,-3.74897,5
2,120,76,20.2929,-13.0802,66.8544,58.3316,67.1753,57.2202,66.3486,57.3777,66.5019,59.421,67.319,59.2143,2
2,120,77,36.9271,17.2824,47.5993,127.354,48.4107,127.519,47.5195,126.259,46.6329,127.192,47.6293,128.352,1
2,120,79,-31.8684,3.93925,-13.2203,167.807,-12.6221,168.159,-13.0154,167.176,-13.7668,167.495,-13.4492,168.515,1
2,120,81,31.4016,21.5123,-8.33739,14.0415,-8.587,13.388,-8.87119,14.3162,-8.02368,14.7942,-7.81797,13.8129,1
2,120,82,27.6836,12.0496,22.4923,30.7389,22.3556,30.1251,21.9629,30.9529,22.6531,31.4239,22.9952,30.5526,2
2,120,83,22.9241,17.2021,50.9315,60.0643,50.9632,59.1642,50.4047,60.0447,50.9046,61.0672,51.4415,60.118,1
2,120,84,31.686,21.1067,57.9521,124.334,58.5419,123.641,57.5809,123.445,57.271,125.148,58.2696,125.225,5
2,120,85,19.2854,6.97446,38.2011,168.223,38.7014,168.31,38.2356,167.576,37.6634,168.138,38.1567,168.842,1
2,120,87,-17.0662,7.4026,-22.5987,-150.502,-22.1224,-150.347,-22.4779,-151.022,-23.0615,-150.644,-22.7316,-149.948,1
2,120,89,37.302,16.1845,-64.3192,-52.1518,-63.9908,-53.6844,-64.9924,-52.4768,-64.6709,-50.2785,-63.716,-51.8093,1
2,120,90,34.6811,-21.0115,40.1277,113.955,40.4709,113.282,39.331,113.371,39.7212,114.643,40.8073,114.437,1
2,120,92,27.0578,1.86035,23.612,-156.941,24.1757,-156.955,23.5138,-157.59,22.9967,-156.927,23.6961,-156.341,1
2,120,93,37.1313,-6.82261,-1.89012,-132.224,-1.24845,-132.091,-1.9269,-133.039,-2.60865,-132.389,-1.85417,-131.52,1
2,120,95,29.9383,-15.3977,-46.2643,-68.0367,-45.7218,-68.2877,-46.539,-69.0365,-46.8493,-67.7976,-46.0035,-67.1752,1
2,120,96,26.5796,19.7958,-45.877,-9.75564,-45.6466,-10.6164,-46.425,-10.0079,-46.1118,-8.75722,-45.3582,-9.47943,1
2,120,97,31.4506,-8.92799,-28.4593,26.1541,-28.3544,25.5006,-29.1737,26.1318,-28.5849,26.8637,-27.8259,26.1658,1
2,120,98,30.6508,24.9359,-0.147041,54.9955,-0.247927,54.256,-0.753856,55.1092,-0.0001325,55.863,0.441537,54.9279,1
2,120,99,26.5606,-12.7938,22.7597,78.0337,22.8419,77.4492,22.0936,77.9651,22.6525,78.6473,23.3574,78.0836,1
3,180,5,-34.4041,11.3535,27.0113,90.4467,26.7617,89.6502,26.3595,90.9024,27.2546,91.1646,27.7679,89.9248,2
3,180,6,36.7626,-2.36213,55.6924,118.878,55.6628,117.569,54.8618,119.322,55.6989,120.366,56.4168,118.479,9
3,180,8,-29.5601,20.1647,43.1562,-103.364,43.7023,-102.826,43.5359,-104.274,42.6157,-103.827,42.6874,-102.341,2
3,180,10,-38.229,-2.08022,8.92118,125.462,8.9602,124.663,8.26854,125.62,8.88792,126.156,9.66379,125.272,3
3,180,15,-23.444,-8.01204,-4.70908,-50.3718,-4.11909,-50.3261,-4.7028,-50.8894,-5.24933,-50.42,-4.70458,-49.8255,2
3,180,19,13.2386,14.3433,-20.3081,106.151,-20.3411,105.611,-20.799,106.181,-20.2575,106.729,-19.819,106.138,1
3,180,20,-21.9273,24.7022,-18.7967,-15.8411,-18.3796,-15.5072,-18.4043,-16.3227,-19.2305,-16.1478,-19.26,-15.3085,1
3,180,21,20.6541,6.60766,-53.0561,-11.2077,-52.6291,-10.7653,-52.8152,-11.9535,-53.5171,-11.6865,-53.2885,-10.4943,1
3,180,24,30.1652,-11.9384,-20.1917,158.253,-20.4574,157.75,-20.741,158.676,-19.92,158.801,-19.7099,157.873,1
3,180,25,30.8754,9.21509,17.2275,164.814,16.9111,164.287,16.7858,165.23,17.5884,165.404,17.6428,164.439,1
3,180,26,-38.6097,11.9632,54.1819,165.711,53.9263,164.58,53.601,166.446,54.4204,166.716,54.8661,164.833,1
3,180,28,26.1807,17.6664,51.5303,-37.1497,52.0688,-36.757,51.7144,-37.9698,50.9145,-37.5567,51.3271,-36.3836,1
3,180,31,-25.5927,-4.71957,-1.97015,17.0334,-1.58839,17.4831,-1.60917,16.655,-2.3176,16.6194,-2.35131,17.4437,2
3,180,35,-39.7341,7.20457,-33.0118,-168.079,-33.4299,-168.846,-33.4634,-167.393,-32.6291,-167.422,-32.4744,-168.87,1
3,180,37,-38.5992,-9.08188,36.935,-172.009,36.315,-172.716,36.6305,-171.293,37.4577,-171.389,37.2563,-172.835,1
3,180,38,-19.9089,-9.01893,72.9156,179.906,72.4272,179.008,72.6823,-178.626,73.3602,-179.195,73.1369,178.323,3
3,180,39,17.3512,22.0341,67.6883,17.7633,68.0889,18.7958,68.0589,16.8388,67.2217,16.6995,67.2941,18.6104,2
3,180,41,35.184,-1.31143,14.644,34.2663,15.2914,34.4012,14.6102,33.4849,13.9167,34.109,14.6692,34.9577,14
3,180,48,36.9461,-10.9968,33.6234,-90.6949,33.8157,-91.4592,32.7523,-90.7731,33.3812,-89.8547,34.3709,-90.6371,3
3,180,52,36.7346,10.0263,47.6758,-3.89315,48.2458,-4.6684,47.0241,-4.50492,47.012,-3.00234,48.2447,-3.30772,5
3,180,54,-37.1076,-6.01982,18.4151,77.109,19.2687,77.2853,18.3681,76.3677,17.6766,76.9549,18.4803,77.9446,2
3,180,57,-17.2547,-7.04191,-49.9676,173.207,-49.5322,172.595,-50.3364,172.602,-50.3765,173.783,-49.5757,173.814,1
3,180,61,14.2915,21.447,-48.9351,-106.807,-48.8543,-107.628,-49.4301,-106.975,-48.996,-105.897,-48.4398,-106.603,1
3,180,64,-14.0881,16.4419,34.5715,-30.3427,34.5645,-30.9471,34.0509,-30.3499,34.5935,-29.7401,35.1341,-30.3158,1
3,180,67,-33.7908,17.6356,25.3542,108.127,25.9633,108.356,25.4591,107.349,24.7821,107.948,25.2085,109.03,3
3,180,68,-13.7442,-12.4535,-2.72731,126.204,-2.19188,126.273,-2.64443,125.723,-3.22665,126.129,-2.79762,126.693,3
3,180,69,-22.3643,-19.4532,-30.0131,149.753,-29.3547,149.709,-30.0074,149.147,-30.6018,149.772,-29.9904,150.372,2
3,180,70,34.5164,-10.1432,-50.6564,-179.967,-50.0675,-179.55,-50.4548,178.775,-51.2956,179.53,-50.8127,-178.862,1
3,180,72,-13.7222,20.1963,-46.1332,-46.6288,-46.2417,-47.3881,-46.7,-46.5083,-45.9946,-45.8733,-45.5106,-46.7278,1
3,180,77,-16.0125,22.5638,47.2967,136.962,47.8246,137.187,47.5039,136.128,46.7557,136.781,47.0374,137.867,7
3,180,78,24.1679,0.176312,15.1651,150.385,15.6749,150.639,15.366,149.79,14.6167,150.111,14.9749,150.936,1
3,180,81,36.0738,-0.090771,-7.18153,15.0261,-7.29569,14.3984,-7.83114,15.3321,-7.05567,15.7364,-6.60575,14.7596,2
3,180,82,-22.3419,-3.64274,26.7482,27.6628,26.6201,27.0601,26.2688,27.8342,26.863,28.2244,27.2549,27.4738,2
3,180,84,21.9165,-12.456,58.7947,125.647,59.2519,125.249,58.5433,124.621,58.3123,126.023,59.0262,126.588,6
3,180,85,-15.9714,12.9704,36.4428,174.17,36.9208,174.312,36.5504,173.555,35.9697,174.049,36.3118,174.827,1
3,180,86,33.2475,11.7796,3.08115,-170.248,3.69359,-170.04,3.16106,-170.874,2.37695,-170.476,2.98971,-169.677,1
3,180,92,-31.253,11.0518,24.516,-149.346,25.1402,-149.26,24.4815,-150.05,23.9378,-149.406,24.5408,-148.547,1
3,180,97,36.7626,-2.31142,-25.9727,30.097,-25.8577,29.3728,-26.7436,30.1752,-26.1066,30.9169,-25.2974,30.0311,1
4,240,5,24.5734,7.10022,28.2,97.9534,27.937,97.3138,27.6605,98.3229,28.4905,98.6544,28.7124,97.6131,1
4,240,6,36.876,1.05203,58.9863,123.26,58.9965,121.796,58.164,123.663,58.9498,124.93,59.7092,122.903,3
4,240,8,-34.8887,5.71102,41.3839,-101.849,42.0027,-101.211,41.6733,-102.762,40.8189,-102.397,41.0419,-100.818,15
4,240,13,-25.9992,11.4377,42.4253,-102.263,42.9828,-102.347,42.2981,-103.023,41.9001,-102.165,42.5502,-101.413,2
4,240,15,-20.5217,21.9372,-9.8381,-46.4653,-9.31283,-46.4057,-9.75186,-47.0564,-10.3617,-46.4963,-9.95553,-45.8055,3
4,240,20,-23.7263,5.45769,-20.7123,-15.5345,-20.2938,-15.1823,-20.4337,-16.0027,-21.1101,-15.862,-21.0167,-15.0265,1
4,240,22,39.7109,0.287986,-83.6629,96.2855,-83.3315,91.0179,-84.438,95.1174,-83.9771,103.003,-82.9902,97.1319,1
4,240,29,-37.0038,6.98607,14.7405,-20.2074,15.2158,-19.6839,15.0847,-20.7976,14.3068,-20.6627,14.3379,-19.5319,1
4,240,31,-26.5702,-4.67919,-5.76427,16.7101,-5.37665,17.1702,-5.4019,16.3224,-6.11572,16.2877,-6.14804,17.1326,1
4,240,32,-12.5364,-13.8109,-40.9158,13.5969,-40.5373,14.0862,-40.5571,13.1756,-41.2596,13.123,-41.2646,14.0387,1
4,240,34,-7.25074,24.2537,-63.7002,-161.106,-64.0954,-161.795,-64.0701,-160.27,-63.2691,-160.455,-63.2764,-161.95,1
4,240,35,11.9009,-23.8704,-31.929,-162.477,-32.3398,-162.843,-32.3768,-162.019,-31.5449,-162.1,-31.5348,-162.909,1
4,240,37,-21.3545,-13.5543,40.6766,-170.185,40.2038,-170.656,40.3711,-169.662,41.0987,-169.738,40.9768,-170.744,1
4,240,39,-40.229,3.29476,64.6256,30.1352,64.87,31.913,65.1913,29.0908,64.3874,28.6267,63.9578,31.3018,1
4,240,41,31.3003,-21.7999,13.7954,35.4166,14.3906,35.5309,13.9451,34.5333,13.1749,35.2574,13.6857,36.1741,3
4,240,43,-25.4196,-7.91955,-37.3391,92.1164,-36.7028,92.0035,-37.4618,91.4375,-37.9187,92.2127,-37.1928,92.8324,1
4,240,52,33.3816,-12.0099,48.1552,-2.30308,48.6757,-2.87603,47.5623,-3.17788,47.5698,-1.7182,48.6731,-1.53646,5
4,240,53,29.6745,24.7646,34.0088,48.6613,34.7743,48.4551,33.8414,47.9027,33.1148,48.9336,34.1225,49.4063,2
4,240,62,34.4185,15.9312,-22.5221,-69.6796,-22.6238,-70.4371,-23.1378,-69.4403,-22.3832,-68.8021,-21.9482,-69.8708,1
4,240,67,-33.4246,2.98615,23.5389,109.299,24.1856,109.495,23.569,108.621,22.9548,109.131,23.5015,110.06,3
4,240,68,-14.2148,-23.1382,-4.95684,127.586,-4.3431,127.608,-4.84092,127.077,-5.51138,127.545,-5.04401,128.092,1
4,240,77,-19.6682,-9.83167,46.9337,137.607,47.5212,137.835,47.0564,136.845,46.3929,137.389,46.8137,138.399,8
4,240,83,29.0021,13.7575,54.5833,70.1407,54.7321,69.1252,54.0114,70.0192,54.4178,71.2838,55.1172,70.2907,3
4,240,84,36.4801,-13.4674,56.0344,130.396,56.6327,130.161,55.7026,129.046,55.3671,130.604,56.3169,131.562,3
4,240,88,-24.9776,8.58561,-54.6787,-111.039,-54.1389,-111.178,-54.8153,-111.955,-55.1861,-110.885,-54.5279,-110.037,1
4,240,89,36.0294,-4.94636,-61.9161,-42.0976,-61.6558,-43.2857,-62.6472,-42.3973,-62.2056,-40.7516,-61.2751,-41.8507,1
4,240,90,13.3619,23.4373,45.318,128.608,45.6022,127.915,44.9008,128.17,45.0206,129.382,45.7253,129.094,6
4,240,91,-21.5296,24.6001,42.1166,179.591,42.6484,179.4,41.9905,178.758,41.5952,179.821,42.2268,-179.453,1
4,240,94,-30.2864,15.1756,-28.8868,-93.2009,-28.2751,-93.2016,-28.9769,-93.9415,-29.4588,-93.1742,-28.7944,-92.3557,1
4,240,97,36.7002,-5.77384,-23.6134,32.544,-23.5007,31.8441,-24.4073,32.6108,-23.7495,33.3297,-22.9229,32.4837,2
5,300,2,38.2109,10.1303,-70.5766,54.0923,-70.6441,51.5849,-71.3478,55.1065,-70.4448,57.0095,-69.8809,53.318,1
5,300,5,-18.2227,24.9823,34.9043,95.0095,34.6344,94.3597,34.2724,95.3039,35.2065,95.6502,35.6267,94.7057,1
5,300,6,34.3338,-21.9656,59.8951,123.604,59.9222,122.235,58.857,123.624,59.8025,125.062,60.7648,123.54,1
5,300,7,30.0641,6.49724,65.8651,-141.845,66.5416,-141.903,65.7107,-143.501,65.109,-141.772,65.9793,-140.303,3
5,300,8,-32.1486,-21.1543,40.761,-102.346,41.6436,-101.842,40.9966,-103.164,40.0174,-102.79,40.544,-101.462,8
5,300,13,-29.0152,-8.22964,41.6375,-100.114,42.2868,-100.259,41.4788,-100.82,41.0539,-99.9939,41.8161,-99.3531,2
5,300,14,21.0176,13.3175,12.7692,-71.2689,13.3141,-71.2536,12.7565,-71.8064,12.1718,-71.2729,12.7645,-70.7489,1
5,300,15,38.5043,10.8715,-15.7725,-49.0919,-15.0387,-48.9895,-15.886,-49.8488,-16.6354,-49.2031,-15.6897,-48.4171,3
5,300,18,37.8487,14.1787,-41.2019,83.3094,-41.0613,82.328,-41.9142,83.3891,-41.3431,84.4756,-40.561,83.273,1
5,300,19,22.1904,-0.478552,-16.2176,110.758,-16.2235,110.221,-16.7671,110.816,-16.2119,111.33,-15.7035,110.705,1
5,300,22,37.854,15.3268,-79.8385,123.651,-79.9171,119.486,-80.4688,125.271,-79.6643,128.444,-79.256,122.488,1
5,300,27,-38.8391,9.26925,80.4355,-58.0077,81.1108,-56.3822,80.4489,-62.291,79.8269,-59.1744,80.3463,-53.0475,1
5,300,30,-14.5791,21.838,24.0663,16.9533,24.3935,17.3679,24.5005,16.6003,23.7155,16.5542,23.5753,17.32,2
5,300,31,-32.3649,0.229502,-10.0327,16.9304,-9.64122,17.4618,-9.63972,16.4841,-10.387,16.4529,-10.4668,17.4299,2
5,300,36,32.9922,-9.338,9.08531,-162.949,8.71599,-163.399,8.61632,-162.398,9.47668,-162.444,9.492,-163.439,1
5,300,48,15.2383,-18.7999,39.7809,-85.9971,39.8632,-86.6763,39.189,-86.2106,39.6726,-85.3256,40.3265,-85.8206,3
5,300,51,28.4068,10.0357,40.7985,-43.5931,40.9738,-44.4187,40.1635,-43.7048,40.6049,-42.6715,41.3883,-43.4664,1
5,300,53,36.4674,-7.46106,33.2631,47.8172,33.9541,47.8514,33.0887,46.8043,32.4892,47.7587,33.412,48.6965,14
5,300,54,-30.3875,-23.4871,13.5566,79.4945,14.4731,79.4879,13.5708,78.8484,12.7762,79.4758,13.5837,80.1702,1
5,300,67,34.3037,18.1308,15.2923,107.056,16.0115,107.137,15.2446,106.385,14.4484,106.983,15.3046,107.679,2
5,300,76,-39.2892,7.12381,71.1401,97.7971,71.9628,97.5521,70.8141,95.6005,70.4203,98.0448,71.4846,100.468,3
5,300,81,36.6035,-2.22358,-0.683272,17.9955,-0.78594,17.3699,-1.35824,18.2975,-0.574587,18.7036,-0.0903441,17.7318,1
5,300,83,38.435,-1.78786,54.6373,74.3208,54.9384,73.2961,53.8729,74.0732,54.2759,75.4665,55.301,74.5479,2
5,300,87,28.7155,-17.669,-32.4152,-149.852,-31.902,-149.646,-32.2025,-150.659,-32.9469,-150.1,-32.5826,-149.135,1
5,300,88,37.4533,15.0868,-62.0623,-109.26,-61.3468,-109.642,-62.3901,-110.568,-62.9007,-108.753,-61.7795,-108.078,1
5,300,90,3.70375,-23.7876,46.0647,127.417,46.3279,126.732,45.6491,126.865,45.7901,128.043,46.4644,127.913,4
6,360,2,38.7094,-7.5023,-69.347,56.5277,-69.3529,54.3774,-70.269,57.3935,-69.3289,58.9723,-68.5584,55.835,1
6,360,5,-28.0229,15.1546,37.8447,94.4481,37.6128,93.6731,37.2199,94.8474,38.0817,95.1731,38.5581,94.0066,10
6,360,7,-37.919,-2.86391,68.7811,-122.921,69.6273,-122.031,68.8164,-125.014,68.044,-123.634,68.721,-120.54,1
6,360,8,-0.197527,22.327,31.6521,-103.496,32.1748,-103.23,31.9432,-104.073,31.088,-103.748,31.3184,-102.905,4
6,360,14,24.2649,-0.016107,10.641,-69.9947,11.1663,-69.937,10.6403,-70.5732,10.076,-70.0585,10.639,-69.4571,11
6,360,15,-13.1882,-21.5353,-12.966,-45.0357,-12.3766,-45.0767,-12.915,-45.5578,-13.505,-45.0181,-12.991,-44.5198,2
6,360,19,-36.4645,-0.533759,-9.72905,108.891,-9.67026,108.142,-10.3672,109.011,-9.7761,109.552,-9.00693,108.751,2
6,360,22,38.5473,8.4443,-77.2756,131.843,-77.41,128.704,-77.8974,133.534,-77.0672,135.403,-76.7096,130.537,1
6,360,27,-34.6592,8.3836,77.0764,-50.3277,77.6613,-49.0431,77.1919,-53.146,76.5371,-51.3406,76.9018,-47.1843,1
6,360,31,-37.2011,-8.69684,-12.906,17.2089,-12.3981,17.8444,-12.5259,16.6944,-13.3384,16.6547,-13.3165,17.7981,1
6,360,33,1.50407,20.9454,-86.1603,-34.7615,-86.1335,-27.454,-85.6756,-33.9911,-86.141,-42.5061,-86.6644,-36.1658,5
6,360,50,38.5164,2.08017,18.6073,-72.427,18.6801,-73.2246,17.7754,-72.2437,18.5156,-71.5068,19.3347,-72.5793,2
6,360,53,32.0645,-24.746,32.6483,49.5923,33.294,49.589,32.6644,48.4255,31.971,49.5376,32.6518,50.5732,2
6,360,67,37.3211,1.48749,13.4595,107.757,14.108,107.935,13.4449,106.985,12.7188,107.551,13.4641,108.436,2
6,360,80,-6.23251,19.73,-25.3651,-0.890854,-25.4916,-1.4051,-25.8524,-0.792493,-25.2136,-0.36808,-24.8419,-0.974444,1
6,360,82,32.7012,-22.9796,31.8998,37.4877,31.868,36.8059,31.0429,37.5508,31.8895,38.2113,32.6245,37.4082,2
6,360,83,-12.6818,22.7997,61.4669,80.8487,61.6655,79.8921,61.0021,80.3003,61.2806,81.8347,61.9629,81.5105,7
6,360,86,22.1184,12.3432,-6.37997,-164.683,-5.86368,-164.527,-6.26288,-165.195,-6.94938,-164.843,-6.50631,-164.194,1
6,360,90,9.65318,19.5352,46.2816,138.27,46.6165,137.684,45.9202,137.767,45.9323,138.912,46.6328,138.813,5
7,420,0,-26.6849,-22.6816,-35.5307,-79.3442,-34.7078,-79.0306,-35.3013,-80.0582,-36.2359,-79.649,-35.7255,-78.5881,1
7,420,1,-36.4994,-17.501,-65.2812,-44.0051,-64.2625,-44.3369,-65.4812,-45.6401,-66.1396,-43.7477,-65.0034,-42.2672,1
7,420,5,1.60754,-20.3015,36.9594,97.8723,36.6585,97.2445,36.4001,98.1285,37.2238,98.4897,37.4798,97.6007,4
7,420,7,-37.5844,12.2644,63.8827,-116.435,64.5753,-115.438,64.0982,-118.283,63.2458,-117.233,63.5874,-114.304,1
7,420,8,-26.0055,-13.1247,32.3208,-100.747,32.9806,-100.343,32.5668,-101.399,31.735,-101.116,32.0771,-100.053,2
7,420,9,-32.6005,-22.1821,-0.911793,-90.2188,-0.00928835,-89.8099,-0.651697,-90.8354,-1.66488,-90.5856,-1.14553,-89.5467,1
7,420,12,-27.484,22.5592,51.3936,-135.065,51.897,-135.506,51.0555,-135.975,50.9219,-134.601,51.7534,-133.981,1
7,420,14,-1.77728,-24.8515,10.9745,-67.4281,11.5281,-67.468,11.0766,-67.9715,10.4575,-67.4155,10.902,-66.9129,1
7,420,16,-39.8819,-2.09248,-37.5417,-7.62937,-36.716,-7.7662,-37.8423,-8.42819,-38.252,-7.50579,-37.1802,-6.72198,1
7,420,22,34.7539,13.2535,-73.2167,136.907,-73.444,134.72,-73.7474,138.161,-72.9144,139.345,-72.7155,135.889,1
7,420,23,12.4028,21.0491,-37.4512,151.789,-37.7695,151.276,-37.8539,152.129,-37.0862,152.326,-37.0286,151.471,1
7,420,24,-20.0254,3.59887,-3.04085,155.663,-3.31511,155.232,-3.43662,155.959,-2.77615,156.07,-2.61671,155.349,1
7,420,26,22.0425,-4.42197,65.2524,-175.842,65.126,-176.979,64.7345,-175.436,65.3708,-174.623,65.7314,-176.239,1
7,420,27,-6.20613,23.9858,71.3605,-50.1547,71.8365,-49.8137,71.5353,-51.652,70.8572,-50.4185,71.1367,-48.5944,3
7,420,30,29.1698,-3.92284,18.9789,12.044,19.3151,12.505,19.4125,11.5636,18.6175,11.5401,18.5866,12.478,3
7,420,31,-29.955,-10.636,-16.5559,15.8915,-16.0983,16.4118,-16.1957,15.4583,-16.9554,15.4209,-16.9304,16.3708,1
7,420,32,17.241,22.4209,-55.2664,7.29349,-54.8806,8.00221,-54.8716,6.73232,-55.7063,6.51671,-55.6773,7.83175,1
7,420,33,-5.9965,-21.0439,-86.7419,-30.5042,-86.6358,-21.3714,-86.2387,-29.9858,-86.7436,-39.3417,-87.2283,-30.7488,7
7,420,34,12.5818,-16.8687,-55.768,-160.182,-56.1546,-160.712,-56.1387,-159.465,-55.3915,-159.639,-55.4311,-160.852,1
7,420,36,32.1682,21.2875,19.7828,-163.933,19.2403,-164.41,19.4489,-163.391,20.4302,-163.389,20.1235,-164.424,1
7,420,40,33.7906,5.33012,29.299,18.2444,29.9645,18.2671,29.1599,17.4574,28.5454,18.2224,29.4102,18.9581,1
7,420,42,-2.3537,18.2829,-23.9018,70.444,-23.3922,70.4501,-23.8545,69.8837,-24.4309,70.4586,-23.968,71.0318,1
7,420,43,17.4467,17.1595,-47.9355,104.393,-47.4051,104.097,-48.1179,103.643,-48.5093,104.748,-47.7701,105.14,1
7,420,44,-35.0546,-20.6691,-47.5495,153.449,-47.0626,152.248,-48.1261,153.038,-47.9668,154.462,-46.9078,153.828,1
7,420,45,-33.7313,-20.0552,-31.1408,-164.198,-31.1309,-165.253,-31.7638,-164.149,-31.1617,-163.302,-30.4746,-164.294,1
7,420,46,-15.4825,-21.2128,-5.84529,-136.49,-5.99054,-137.113,-6.38075,-136.446,-5.73248,-135.921,-5.31663,-136.56,1
7,420,47,-17.5178,9.21141,24.4982,-111.585,24.4923,-112.17,23.963,-111.554,24.5128,-111.019,25.0731,-111.611,3
7,420,48,28.7867,16.4794,44.0816,-72.7397,44.2873,-73.6191,43.4829,-72.9146,43.8556,-71.7388,44.6412,-72.5373,3
7,420,50,34.875,-18.1324,19.9717,-72.0852,20.0555,-72.7839,19.0253,-72.095,19.8408,-71.3322,20.7747,-72.0956,1
7,420,51,37.2875,-12.4539,42.0508,-37.485,42.3973,-38.3002,41.154,-37.8618,41.6336,-36.6048,42.8165,-37.1694,1
7,420,56,-34.0212,17.171,-43.89,146.553,-43.196,146.368,-44.1724,145.545,-44.5225,146.77,-43.5664,147.73,1
7,420,58,-24.8076,-22.3286,-30.5704,-126.154,-30.6144,-127.071,-31.1612,-126.172,-30.5488,-125.351,-29.9659,-126.177,1
7,420,60,20.7088,-2.33187,-56.7962,-144.158,-56.4415,-144.816,-57.2137,-144.81,-57.1703,-143.454,-56.4017,-143.563,1
7,420,62,-32.9099,10.5581,-10.043,-69.1518,-10.0346,-69.8027,-10.6806,-69.0285,-10.033,-68.556,-9.31463,-69.2823,1
7,420,63,-32.1385,-19.8232,16.7172,-49.9546,16.5253,-50.7862,16.1587,-49.785,16.8615,-49.2353,17.3021,-50.1701,1
7,420,65,-26.7165,6.68886,57.347,37.4509,57.8187,36.8335,56.9637,36.6855,56.9095,38.0272,57.7596,38.3188,2
7,420,66,29.9897,-18.9789,39.0987,81.7657,39.6625,81.7603,39.0662,80.779,38.5033,81.733,39.1374,82.6228,1
7,420,73,-23.3499,-15.7157,-2.69119,-25.5195,-3.00384,-26.1291,-3.18769,-25.268,-2.42304,-24.9654,-2.18671,-25.7997,1
7,420,74,34.2047,-0.11076,29.8245,-5.01651,29.6842,-5.76466,29.1478,-4.65265,29.9724,-4.17309,30.4277,-5.34066,2
7,420,75,25.7964,7.19781,59.862,26.3927,59.9436,25.2127,59.2567,26.3657,59.7662,27.6849,60.4288,26.4404,1
7,420,78,4.87847,18.3417,0.286715,157.301,0.781325,157.492,0.510732,156.832,-0.244161,157.116,0.0376943,157.776,1
7,420,79,-22.6669,23.7614,-32.6342,174.852,-32.0951,175.109,-32.3588,174.131,-33.1798,174.632,-32.9668,175.664,1
7,420,80,-11.0133,17.713,-22.0401,0.515656,-22.1584,0.011083,-22.5325,0.623554,-21.901,1.01943,-21.5074,0.417997,1
7,420,81,26.1752,3.45538,7.07517,20.2225,6.94371,19.6952,6.54808,20.4314,7.21961,20.7977,7.567,20.0331,2
7,420,82,-17.5771,-16.7287,38.3813,36.0282,38.2346,35.3151,37.8961,36.1429,38.4977,36.6871,38.8687,35.8865,2
7,420,83,-21.4409,-12.5481,62.4305,81.3467,62.6559,80.1735,61.969,80.9385,62.2065,82.3932,62.9135,81.7526,6
7,420,90,23.2848,-21.2847,45.0012,138.011,45.3837,137.465,44.5469,137.258,44.5881,138.529,45.4138,138.669,2
7,420,91,36.7856,13.5668,32.0255,-173.347,32.7553,-173.513,31.7207,-174.103,31.1727,-173.14,32.2742,-172.649,1
7,420,93,0.628628,23.2607,-15.1502,-115.642,-14.634,-115.68,-15.1123,-116.175,-15.6972,-115.577,-15.2137,-115.08,1
7,420,94,-24.3493,9.15373,-35.3234,-83.8861,-34.7696,-83.9977,-35.4698,-84.5547,-35.8454,-83.7645,-35.1663,-83.1523,1
7,420,95,-19.3202,1.13941,-45.4181,-38.9035,-45.0272,-39.4298,-45.7959,-39.4,-45.7845,-38.3957,-45.0151,-38.3843,1
7,420,96,32.0886,17.1423,-37.5099,11.5496,-37.4024,10.6871,-38.1418,11.5504,-37.6085,12.5525,-36.9216,11.5829,1
7,420,99,22.4437,21.2392,36.0803,97.2734,36.1922,96.5276,35.5424,97.1427,35.9704,98.1161,36.6027,97.4382,7
8,480,3,-26.0907,13.9226,-24.4043,75.4814,-24.6265,74.8261,-25.0048,75.8083,-24.1709,76.0927,-23.7243,75.1337,1
8,480,4,1.55484,-22.8872,5.78918,87.3541,5.4348,86.8637,5.22362,87.5946,6.10274,87.8332,6.30902,87.105,1
8,480,5,0.0503677,-21.2394,40.4281,99.015,40.1233,98.3432,39.8642,99.27,40.6929,99.6718,40.9535,98.7407,8
8,480,7,-31.5382,-21.7746,63.8082,-118.836,64.7442,-118.396,63.9202,-120.309,63.0153,-119.237,63.716,-117.274,1
8,480,8,-9.20021,-21.904,28.9932,-101.992,29.5961,-101.725,29.3023,-102.558,28.4463,-102.26,28.714,-101.431,1
8,480,13,27.4697,-4.42071,30.5099,-92.9623,31.0538,-92.9785,30.4143,-93.6709,29.9227,-92.9536,30.5959,-92.3165,2
8,480,14,5.21812,19.7222,4.77291,-63.0256,5.27428,-63.0176,4.82475,-63.5142,4.23911,-63.0148,4.69874,-62.523,6
8,480,21,-33.3706,23.3094,-70.0983,16.277,-69.5088,16.7678,-69.9611,14.1747,-70.6615,15.901,-70.2533,18.7884,1
8,480,22,27.9188,-19.9069,-72.3978,134.988,-72.5408,133.285,-73.0837,135.653,-72.2608,136.763,-71.8011,134.392,1
8,480,26,-20.256,5.85159,71.037,-179.037,70.8851,179.476,70.5692,-178.501,71.1772,-177.602,71.5391,-179.627,4
8,480,27,-40.6116,3.86307,70.7876,-37.7138,71.3939,-36.1583,71.0175,-39.7839,70.2454,-38.9631,70.4905,-35.3547,1
8,480,28,32.8406,14.2838,33.2628,-32.3858,33.811,-31.9748,33.4854,-33.0668,32.6243,-32.8376,33.0345,-31.7701,1
8,480,31,-20.4205,-7.39409,-20.6857,14.4393,-20.3092,14.8731,-20.337,14.0651,-21.0297,14.031,-21.0429,14.8392,2
8,480,32,-38.4897,9.37656,-58.3276,16.3798,-57.9199,17.5263,-57.8637,15.3406,-58.6949,15.3598,-58.8648,17.6205,1
8,480,33,38.8181,3.25014,-82.453,-105.109,-83.1352,-104.199,-82.0837,-100.153,-81.6622,-105.971,-82.7179,-109.855,1
8,480,48,27.241,-9.61343,44.7161,-71.6877,44.9598,-72.4063,44.0825,-72.0161,44.4378,-70.9366,45.2882,-71.3966,6
8,480,55,32.2379,-0.570272,-29.002,106.397,-28.3569,106.5,-29.0439,105.564,-29.7182,106.275,-28.9628,107.144,1
8,480,61,29.5515,22.0177,-37.7499,-86.223,-37.8152,-87.0875,-38.334,-86.0962,-37.6428,-85.2258,-37.1867,-86.3002,1
8,480,66,-36.2298,15.0351,38.7708,93.9861,39.4347,94.2025,38.7776,93.0486,38.1622,93.8253,38.7381,95.0839,5
8,480,72,19.8764,17.7841,-31.022,-33.2912,-31.2702,-33.9276,-31.5261,-33.0152,-30.727,-32.6005,-30.5168,-33.5348,1
8,480,75,18.5402,13.1598,62.9745,32.5433,63.0788,31.3152,62.4343,32.3521,62.8618,33.8744,63.498,32.7726,8
8,480,83,-9.3423,-21.2442,62.2962,88.1127,62.5237,87.0226,61.8845,87.5032,62.0615,89.0872,62.7068,88.6827,1
8,480,89,33.5816,-4.7198,-52.1689,-21.3299,-52.1078,-22.2856,-52.861,-21.2088,-52.2371,-20.2699,-51.5554,-21.4376,1
8,480,92,-30.4719,-14.8495,12.9054,-138.556,13.6517,-138.556,12.8556,-139.142,12.2509,-138.57,12.9809,-137.93,1
8,480,99,21.7561,-23.756,35.8405,96.3476,35.976,95.6948,35.1852,96.0126,35.6693,96.9906,36.426,96.6221,5
9,540,7,35.8593,15.7628,52.9712,-123.314,53.7807,-122.983,52.9708,-124.595,52.0126,-123.66,52.9281,-122.153,2
9,540,12,-37.6058,12.2666,50.9877,-124.786,51.6796,-125.07,50.6201,-125.789,50.3732,-124.505,51.3974,-123.58,1
9,540,14,19.4556,-23.3788,4.03842,-64.3049,4.56509,-64.2758,4.17686,-64.9557,3.51479,-64.3637,3.9356,-63.7216,5
9,540,22,30.7214,-17.3266,-68.7816,140.095,-68.9552,138.655,-69.4568,140.898,-68.6086,141.626,-68.1962,139.396,1
9,540,26,-27.8086,-12.8248,73.2622,-178.544,73.025,179.37,72.7835,-177.809,73.4456,-176.624,73.7596,-179.427,1
9,540,27,-32.5062,3.50576,66.9192,-37.7173,67.4361,-36.7826,67.1425,-39.1184,66.4428,-38.5161,66.6539,-36.1814,2
9,540,30,32.4769,-9.22857,11.9556,10.8747,12.2874,11.353,12.459,10.3648,11.6049,10.3444,11.5157,11.3281,2
9,540,31,-26.5521,4.46676,-25.5573,14.6508,-25.2061,15.1468,-25.1741,14.2188,-25.8877,14.1915,-25.9774,15.1247,1
9,540,33,32.5035,11.3536,-79.9586,-131.458,-80.5815,-132.23,-79.9455,-127.89,-79.2453,-130.741,-79.9199,-134.725,1
9,540,37,35.4021,-9.61899,60.1231,-164.662,59.7671,-165.638,59.5972,-163.547,60.4943,-163.536,60.5672,-165.67,1
9,540,40,-34.4154,19.4692,27.6003,30.6226,28.2583,30.8248,27.6688,29.7528,26.9831,30.4757,27.4908,31.6437,2
9,540,47,-8.69695,22.8424,30.3753,-104.617,30.3563,-105.225,29.8245,-104.672,30.4185,-103.988,30.9714,-104.528,2
9,540,48,34.1091,-22.7547,44.7373,-68.6949,45.0602,-69.4629,43.8952,-69.3315,44.3487,-67.9175,45.4523,-68.1736,2
9,540,49,-38.46,-3.92904,52.0342,-9.51449,52.8593,-9.85689,51.6727,-10.4918,51.3206,-9.2285,52.4469,-8.39082,1
9,540,64,26.4999,24.9681,46.6239,-4.12158,46.7413,-5.09152,46.0634,-4.27764,46.5044,-2.99691,47.164,-3.91201,1
9,540,66,-23.2039,10.8907,35.422,95.0478,35.9589,95.1312,35.4432,94.3703,34.9082,94.9856,35.3846,95.7901,5
9,540,67,26.0318,7.10474,4.69396,115.216,5.24374,115.326,4.73553,114.646,4.0886,115.1,4.64491,115.748,2
9,540,70,16.8657,18.7093,-67.9543,-142.67,-67.4079,-143.205,-68.1269,-144.05,-68.5451,-142.002,-67.7933,-141.297,1
9,540,71,36.7387,-0.699233,-61.6748,-56.409,-61.6465,-57.8831,-62.4552,-55.9964,-61.6941,-54.7317,-60.9881,-56.7465,1
9,540,75,26.9155,-19.6494,62.437,34.1549,62.6116,32.9503,61.704,33.6217,62.2151,35.3704,63.0836,34.6048,8
9,540,76,-12.6616,22.8591,58.1845,122.299,58.7246,122.377,58.2838,121.207,57.6309,122.274,58.0407,123.482,2
9,540,81,-31.5784,14.0272,17.1721,19.2132,17.0895,18.5866,16.5624,19.4095,17.2673,19.7921,17.8721,19.0012,3
9,540,82,34.9304,-9.62401,41.735,47.0098,41.7958,46.2132,40.9822,47.0983,41.644,47.8853,42.3902,46.9213,2
9,540,98,-26.6782,3.03445,20.9129,66.3805,20.966,65.746,20.3497,66.4071,20.8669,66.9685,21.5282,66.3525,1
9,540,99,-29.7338,-16.7897,42.1453,97.9947,42.3129,97.0041,41.5847,97.8612,41.9769,98.852,42.7445,98.1033,11
10,600,2,26.1567,0.394128,-54.3855,67.8511,-54.5797,66.8445,-54.982,68.3644,-54.1674,68.9346,-53.8323,67.3953,1
10,600,7,34.7187,0.548584,51.4754,-121.714,52.1423,-121.292,51.5709,-122.993,50.7226,-122.182,51.3737,-120.583,16
10,600,11,29.6144,0.442763,43.5975,-175.165,43.8791,-175.853,43.0113,-175.461,43.2814,-174.418,44.13,-174.887,1
10,600,12,-39.4888,-9.63399,50.8012,-122.827,51.6252,-123.344,50.3932,-123.669,50.0976,-122.411,51.2741,-121.874,4
10,600,19,40.6237,0.561331,-3.24637,123.849,-3.18982,123.125,-4.0548,124.063,-3.31725,124.691,-2.54856,123.671,1
10,600,20,36.8978,14.3062,-45.1628,-18.2692,-44.5898,-17.6771,-44.9037,-19.1477,-45.8389,-18.9625,-45.413,-17.4821,1
10,600,27,-37.5323,-5.63075,64.3288,-34.5498,64.9492,-33.4848,64.5474,-35.9158,63.7859,-35.4398,64.0788,-33.0242,1
10,600,31,-34.0657,-22.4212,-26.5787,15.3596,-25.9103,16.0085,-26.2071,14.8445,-27.1262,14.7891,-26.9413,15.9415,1
10,600,33,34.535,23.1913,-75.3178,-142.523,-76.0488,-143.431,-75.4036,-140.012,-74.4358,-141.642,-75.1743,-144.803,1
10,600,35,18.6012,21.9946,-5.03613,-165.042,-5.48801,-165.385,-5.36582,-164.648,-4.51944,-164.678,-4.6864,-165.418,1
10,600,38,-30.7507,-21.1794,79.6339,45.7771,79.8451,50.072,80.1676,44.7556,79.4265,42.1969,79.0789,46.9179,1
10,600,47,-20.1417,-3.02452,32.0896,-104.62,32.1015,-105.294,31.5633,-104.595,32.0735,-103.989,32.6443,-104.652,2
10,600,49,-29.4905,9.42889,48.6543,-3.34967,49.2749,-3.49787,48.4561,-4.25439,48.081,-3.19415,48.8597,-2.32351,3
10,600,52,34.8345,-14.2524,42.9022,27.1769,43.5505,27.0007,42.586,26.039,42.186,27.3278,43.1769,28.1571,3
10,600,57,-20.9198,3.38084,-43.5756,-149.375,-43.3639,-150.124,-44.1153,-149.595,-43.7663,-148.659,-42.9972,-149.141,1
10,600,59,37.1023,1.01148,2.73663,-87.5845,2.75131,-88.3134,1.94365,-87.3746,2.71499,-86.7513,3.4346,-87.7627,1
10,600,62,21.1289,9.50701,-3.8382,-59.3128,-3.93071,-59.8393,-4.3507,-59.184,-3.72905,-58.7426,-3.34433,-59.425,4
10,600,64,35.818,-0.45308,46.232,-2.07518,46.5048,-2.91709,45.5159,-2.27539,45.912,-1.13757,46.864,-1.88907,3
10,600,66,-33.8251,-9.84243,34.8974,97.3338,35.6452,97.4254,34.8485,96.6084,34.2436,97.2458,34.9637,98.13,4
10,600,68,-22.5437,22.0429,-25.879,143.835,-25.3439,143.919,-25.7816,143.167,-26.4095,143.783,-26.0077,144.586,13
10,600,71,-32.5677,4.12902,-53.7484,-61.5048,-53.6749,-62.6803,-54.4022,-61.3773,-53.7962,-60.4368,-53.0135,-61.6407,1
10,600,76,23.3593,1.49847,54.7024,119.522,55.2624,119.613,54.6921,118.49,54.0995,119.426,54.7007,120.486,6
10,600,81,35.4833,0.436748,16.2691,25.9408,16.1787,25.295,15.6186,26.2181,16.3654,26.6709,16.8476,25.6972,3
10,600,85,-36.7369,4.11788,15.1713,-170.867,15.8054,-170.534,15.3003,-171.537,14.6042,-171.153,15.0204,-170.102,1
10,600,86,26.8959,-4.3262,-18.6943,-159.549,-18.1992,-159.348,-18.5466,-160.163,-19.2248,-159.773,-18.8251,-158.987,1
10,600,88,-32.5613,-19.3658,-59.3527,-76.2701,-58.8222,-77.4478,-59.807,-76.9585,-59.8127,-75.2519,-58.8443,-75.6051,1
10,600,94,-28.7995,-3.25212,-39.4763,-72.9364,-38.8672,-73.2004,-39.7329,-73.5938,-40.0287,-72.6942,-39.187,-72.2307,3
10,600,96,19.4101,-2.47724,-30.7633,18.757,-30.6922,18.17,-31.3102,18.7077,-30.8391,19.3753,-30.249,18.8015,1
10,600,99,27.6955,22.3469,40.537,110.164,40.7611,109.321,39.9768,109.936,40.2938,111.139,41.0661,110.429,3
11,660,4,-36.1165,7.27065,20.7137,86.3182,20.4418,85.5139,20.0793,86.7885,20.9684,87.0325,21.4469,85.7753,2
11,660,6,36.1855,-6.55469,70.7625,177.094,71.355,175.849,70.0999,175.335,70.0792,178.364,71.3257,178.708,4
11,660,7,32.1871,-23.0907,50.8697,-120.824,51.4885,-120.425,51.2271,-122.303,50.2325,-121.303,50.5762,-119.579,2
11,660,12,31.6507,16.9255,41.8895,-117.887,42.5068,-118.241,41.5687,-118.588,41.1837,-117.467,42.1626,-117.209,8
11,660,18,-27.3324,19.7492,-21.3557,97.6708,-21.2808,97.0647,-21.992,97.6249,-21.3977,98.2559,-20.6311,97.7444,1
11,660,25,-38.351,-5.00334,46.9446,161.66,46.561,160.661,46.4864,162.317,47.268,162.537,47.4513,160.889,1
11,660,29,-29.5578,-1.97137,-10.7476,-18.5913,-10.2706,-18.2006,-10.4756,-19.074,-11.1801,-18.9468,-11.0399,-18.0602,1
11,660,30,-33.1708,17.2104,1.41171,16.0565,1.73798,16.5879,1.92731,15.6061,1.0865,15.5785,0.801747,16.5657,2
11,660,31,-25.6945,-8.01472,-31.9941,13.8059,-31.5838,14.3309,-31.6409,13.355,-32.3608,13.3195,-32.3599,14.2983,1
11,660,36,34.8983,-7.12553,32.0318,-164.952,31.6609,-165.511,31.5543,-164.29,32.4295,-164.317,32.4439,-165.543,1
11,660,37,-21.508,14.8141,69.4832,-179.932,69.0623,179.208,69.1745,-178.652,69.8973,-179.107,69.8238,178.638,1
11,660,49,-28.2219,1.02462,47.0666,0.0398269,47.6947,-0.107372,46.8851,-0.779738,46.491,0.176955,47.2598,0.943008,3
11,660,62,-39.091,9.96407,2.79702,-62.0137,2.83527,-62.7689,2.07262,-61.8265,2.78217,-61.3456,3.65081,-62.2261,1
11,660,64,21.8741,-22.1605,48.3981,-1.06077,48.5748,-1.81581,47.7867,-1.50791,48.1869,-0.318477,48.9475,-0.682803,1
11,660,65,-40.3318,1.59547,55.108,62.9153,55.9226,62.6924,54.7651,61.8019,54.4049,63.1139,55.4978,64.2318,3
11,660,66,-38.8763,0.195674,31.6666,101.428,32.4344,101.668,31.6325,100.616,30.9971,101.229,31.705,102.363,2
11,660,68,-30.4573,-14.8291,-25.4784,144.433,-24.7468,144.465,-25.5033,143.81,-26.1198,144.391,-25.4256,145.099,8
11,660,76,10.6336,-19.3321,54.1478,122.91,54.684,122.962,54.2626,121.907,53.6222,122.823,54.0523,123.84,2
11,660,96,27.094,17.6404,-27.6336,24.1087,-27.6213,23.394,-28.2112,24.1505,-27.6251,24.9188,-27.081,24.097,1
12,720,0,-23.2506,-3.95698,-54.5418,-68.3909,-53.9156,-68.0832,-54.4247,-69.3812,-55.1189,-68.6878,-54.6505,-67.3284,1
12,720,1,17.8848,10.6408,-75.1629,20.0446,-74.9531,17.9182,-75.7122,19.3418,-75.3566,22.4161,-74.6318,20.7301,2
12,720,3,27.724,-4.484,-13.5091,83.9146,-13.7724,83.3365,-14.1044,84.3099,-13.2309,84.5426,-12.9697,83.5554,1
12,720,6,30.2907,-23.8439,71.4233,-177.751,71.9684,-178.9,70.9146,179.725,70.8234,-176.742,71.8496,-175.543,2
12,720,7,37.427,4.59684,44.2706,-117.176,44.9772,-116.705,44.391,-118.342,43.4517,-117.705,44.1422,-116.155,4
12,720,9,20.5349,21.836,-25.1922,-90.3785,-24.5809,-90.076,-24.9268,-90.9728,-25.8888,-90.6967,-25.4818,-89.8028,1
12,720,10,-11.5226,22.2978,33.1936,152.65,33.2274,152.05,32.6657,152.541,33.181,153.264,33.7661,152.796,1
12,720,12,17.4604,-12.7995,42.8611,-116.169,43.3284,-116.393,42.6859,-116.901,42.3781,-115.963,43.0292,-115.494,5
12,720,21,-31.7711,-10.4777,-77.0664,50.0521,-76.4495,48.6824,-77.3831,47.9886,-77.6084,51.3387,-76.6921,52.136,2
12,720,23,-40.5131,-3.40747,-19.9543,148.764,-20.3085,147.964,-20.4467,149.269,-19.6473,149.445,-19.3924,148.177,1
12,720,34,25.8678,-15.215,-36.7365,-162.45,-37.1132,-162.905,-37.1768,-161.844,-36.3544,-161.959,-36.3503,-162.996,1
12,720,37,-17.8887,-18.4688,70.3513,-179.754,69.8205,179.455,70.0791,-178.515,70.8228,-178.956,70.5984,178.93,2
12,720,39,-20.0454,2.18947,35.177,16.6673,35.4963,17.1746,35.5481,16.2552,34.87,16.193,34.7797,17.1013,1
12,720,40,25.2756,23.293,15.0569,33.2582,15.7336,33.2476,15.0484,32.6521,14.2814,33.2968,15.0286,33.8504,4
12,720,43,-13.8416,-17.5086,-50.1882,127.21,-49.7367,126.608,-50.4855,126.537,-50.6122,127.755,-49.8712,127.854,1
12,720,45,10.8134,-21.459,-20.5681,-147.09,-20.6394,-147.657,-21.1705,-147.117,-20.5209,-146.533,-20.014,-147.087,1
12,720,51,-17.3435,13.8091,53.1771,-9.7062,53.5619,-10.3713,52.7575,-10.3562,52.8088,-9.04581,53.6188,-8.96917,1
12,720,55,-24.0491,-24.2777,-33.5002,120.533,-32.7175,120.31,-33.5625,119.823,-34.1873,120.703,-33.3949,121.245,2
12,720,58,-25.9296,-23.2784,-17.2457,-113.159,-17.3941,-114.006,-17.8428,-113.099,-17.1369,-112.42,-16.6384,-113.26,1
12,720,59,-20.6805,-15.8905,10.9941,-89.1076,10.8786,-89.7792,10.4428,-89.0291,11.0827,-88.4962,11.5565,-89.2104,1
12,720,62,-35.0684,9.09808,5.44825,-59.7233,5.44838,-60.4045,4.79499,-59.5654,5.46302,-59.1084,6.19964,-59.8975,3
12,720,63,-28.1739,7.80121,33.5618,-35.9295,33.5867,-36.6354,32.9825,-35.8596,33.5461,-35.2728,34.2053,-36.0003,1
12,720,66,29.2996,8.31676,23.9163,98.7467,24.5078,98.8223,23.8892,98.0912,23.2553,98.6707,23.9268,99.3546,1
12,720,67,-23.3028,22.0873,-3.27597,125.446,-2.74761,125.58,-3.11952,124.85,-3.80149,125.344,-3.4747,126.116,5
12,720,72,-29.0994,-4.22526,-17.3492,-33.4573,-17.5696,-34.1364,-17.8792,-33.1689,-17.1501,-32.8444,-16.7761,-33.7772,1
12,720,73,36.9825,-13.7883,12.5636,-14.1717,12.4226,-14.8487,11.7137,-13.7947,12.6893,-13.4131,13.2809,-14.5056,1
12,720,74,-38.4127,-9.51896,49.0444,-4.58711,48.8204,-5.945,48.4246,-4.0817,49.2161,-3.41764,49.7305,-5.20359,2
12,720,76,33.6665,16.3535,46.7569,126.629,47.4959,126.797,46.7308,125.626,45.8941,126.464,46.7447,127.553,6
12,720,78,21.9158,22.8289,-18.445,161.592,-17.8265,161.807,-18.2459,161.023,-19.1524,161.372,-18.6709,162.143,1
12,720,79,23.9167,-16.3553,-47.698,177.505,-47.1677,177.772,-47.4628,176.532,-48.2395,177.189,-47.8871,178.39,1
12,720,80,34.7802,12.9742,-7.5297,12.4093,-7.71675,11.7535,-8.10069,12.7234,-7.30037,13.1633,-6.99952,12.1424,1
12,720,83,34.691,11.0791,57.3308,123.326,57.9339,122.81,56.9324,122.373,56.6388,123.915,57.672,124.228,9
12,720,87,33.9663,-8.10781,-54.5485,-128.591,-53.9642,-128.473,-54.5941,-129.839,-55.1908,-128.751,-54.4922,-127.498,1
12,720,91,18.9516,-0.252838,23.1818,-157.526,23.6912,-157.546,23.1273,-158.11,22.6438,-157.507,23.2304,-156.973,1
12,720,96,33.9478,-10.8116,-27.6334,25.2212,-27.5154,24.548,-28.4096,25.204,-27.7784,25.9574,-26.9562,25.2263,1
12,720,98,36.8383,10.5737,24.4844,79.9376,24.6006,79.1534,23.7688,80.0149,24.3535,80.8496,25.1274,79.8888,1
13,780,5,39.4823,-7.6855,55.9532,117.702,55.9782,116.322,54.987,118.136,55.8838,119.274,56.7708,117.309,1
13,780,7,39.6017,-4.42012,41.7582,-116.337,42.4338,-115.797,41.9621,-117.607,40.9858,-116.962,41.5724,-115.258,3
13,780,11,-35.5896,13.0175,52.6586,-159.571,53.1661,-160.311,52.0865,-160.239,52.2088,-158.889,53.3108,-158.757,1
13,780,14,-25.6169,18.5855,-7.88874,-49.7791,-7.34122,-49.6848,-7.81811,-50.392,-8.41976,-49.8451,-7.98604,-49.0888,2
13,780,18,-28.7785,-14.2618,-18.2443,100.239,-18.2711,99.5051,-18.7902,100.303,-18.2306,100.889,-17.6665,100.15,1
13,780,25,-29.6876,-11.0211,53.685,164.961,53.3273,164.022,53.2632,165.522,53.9895,165.818,54.125,164.325,1
13,780,28,29.8935,-9.86178,17.0431,-29.4147,17.4543,-29.0484,17.4044,-29.9911,16.6087,-29.8196,16.7261,-28.8985,1
13,780,29,28.1896,-16.2642,-17.7792,-23.195,-17.3788,-22.8324,-17.3526,-23.7536,-18.1855,-23.5975,-18.1435,-22.6905,1
13,780,30,-35.0785,-1.38379,-4.2725,15.5092,-3.85649,16.0822,-3.8718,15.038,-4.64225,15.0022,-4.71763,16.0427,2
13,780,31,9.33078,19.3273,-41.8112,8.85367,-41.4581,9.33598,-41.4395,8.43822,-42.2018,8.34653,-42.2019,9.2615,1
13,780,39,32.9471,8.17354,31.0088,10.451,31.4146,11.0082,31.3953,9.86101,30.5413,9.83033,30.6442,10.9751,2
13,780,40,29.603,-18.1074,15.1465,32.264,15.7236,32.3689,15.2521,31.4559,14.5416,32.1235,15.069,32.9699,1
13,780,44,32.5774,23.2056,-41.7293,-168.536,-41.7043,-169.582,-42.3833,-168.467,-41.7197,-167.298,-41.1099,-168.545,1
13,780,47,33.4332,-15.9619,34.7356,-92.4204,34.899,-93.1466,33.904,-92.5743,34.5258,-91.647,35.4542,-92.3029,2
13,780,51,14.3906,16.012,50.2842,-3.5037,50.6772,-4.1462,49.8995,-4.10014,49.8668,-2.80244,50.65,-2.87916,2
13,780,52,29.0722,2.28996,36.9816,41.7578,37.603,41.6784,36.8032,40.9509,36.2964,41.8436,37.1346,42.5015,1
13,780,61,15.0847,-19.0522,-25.4615,-77.2302,-25.527,-77.7854,-26.0488,-77.2203,-25.4156,-76.6739,-24.9246,-77.2579,1
13,780,65,-32.9796,3.88009,50.3525,72.7355,51.0118,72.6647,50.1772,71.8059,49.7572,72.8097,50.5391,73.7882,2
13,780,66,28.2199,-16.4427,22.9411,99.5515,23.481,99.6571,23.0378,98.7869,22.376,99.4151,22.8672,100.227,2
13,780,67,-33.4875,-3.90878,-3.66471,126.844,-2.98193,127.02,-3.63692,126.241,-4.27072,126.687,-3.68626,127.514,10
13,780,69,38.2646,-8.30996,-57.0348,-171.636,-56.404,-171.974,-57.4665,-172.969,-57.7508,-171.273,-56.6489,-170.521,1
13,780,73,30.5498,8.49967,18.6622,-12.7578,18.4443,-13.406,18.0904,-12.4173,18.9115,-12.0298,19.1951,-13.0605,3
13,780,76,-24.2668,20.5964,46.3864,136.616,46.9304,136.935,46.6148,135.722,45.8454,136.352,46.0985,137.608,8
13,780,83,24.1286,-15.9892,58.0451,125.915,58.5245,125.56,57.8124,124.798,57.539,126.237,58.2582,126.92,4
13,780,92,36.185,-19.218,-4.8886,-132.056,-4.27004,-131.922,-4.80801,-132.985,-5.55521,-132.24,-4.93769,-131.273,1
14,840,4,33.2388,-11.7664,27.1083,96.3587,26.9029,95.6444,26.3371,96.7937,27.306,97.1506,27.7736,95.9647,1
14,840,7,-37.5284,-2.03669,41.1017,-103.676,41.8167,-102.978,41.3531,-104.62,40.4747,-104.268,40.8149,-102.603,6
14,840,12,-31.2691,24.5092,41.0243,-100.51,41.6348,-100.518,40.9655,-101.481,40.4428,-100.449,41.0559,-99.3615,2
14,840,13,-30.2266,7.92063,17.5838,-71.5756,18.1829,-71.4565,17.592,-72.2069,17.0291,-71.6725,17.5656,-70.8691,1
14,840,14,4.57538,23.0938,-12.686,-49.3549,-12.1713,-49.3664,-12.6288,-49.865,-13.2382,-49.3184,-12.7692,-48.8235,1
14,840,18,-37.9445,-1.41251,-13.8264,102.745,-13.7436,101.948,-14.4845,102.868,-13.8937,103.441,-13.077,102.599,1
14,840,21,38.7743,-7.5202,-82.9171,102.067,-82.6708,97.3301,-83.7295,101.472,-83.15,107.762,-82.2193,102.448,1
14,840,26,-35.5241,-5.11039,82.3927,-78.1305,83.1133,-78.6413,82.1855,-82.3509,81.7596,-77.7708,82.5838,-73.1884,1
14,840,30,-33.8681,18.2585,-10.0877,14.881,-9.75615,15.4273,-9.55874,14.4096,-10.4186,14.3903,-10.7172,15.4191,1
14,840,39,37.9625,-6.55175,28.7396,9.38624,29.0983,9.99837,29.2638,8.69138,28.3433,8.69037,28.2867,9.98305,7
14,840,40,24.402,-19.6081,12.7045,34.9411,13.2571,35.0173,12.8327,34.2152,12.1395,34.8343,12.6074,35.5864,1
14,840,46,-33.3022,-3.89503,17.3221,-122.272,17.303,-123.042,16.7093,-122.123,17.3354,-121.588,17.9995,-122.448,1
14,840,51,33.8133,4.43895,47.9414,0.183823,48.5029,-0.419933,47.3887,-0.535455,47.3034,0.853351,48.428,0.855062,3
14,840,52,34.852,19.3085,32.8728,46.5559,33.6793,46.4166,32.6403,45.7473,31.9219,46.7435,33.0473,47.3176,3
14,840,56,39.3516,-4.4981,-55.8856,179.514,-55.2996,178.688,-56.6484,178.585,-56.56,-179.528,-55.2266,-179.718,1
14,840,57,24.0056,-6.78103,-39.4049,-131.59,-39.3128,-132.314,-40.0505,-131.657,-39.5082,-130.822,-38.8131,-131.537,1
14,840,60,37.8315,-5.90507,-49.2984,-103.44,-49.0896,-104.392,-50.1067,-103.505,-49.5382,-102.361,-48.5992,-103.389,1
14,840,66,40.2221,6.14214,17.2501,102.12,17.9781,102.297,17.1655,101.289,16.3948,101.917,17.307,102.846,2
14,840,67,23.1667,-2.08915,-9.94588,124.617,-9.43884,124.735,-9.87057,124.047,-10.486,124.488,-10.0145,125.148,2
14,840,70,14.9926,-11.9368,-69.8543,-99.0635,-69.5748,-100.336,-70.3373,-100.019,-70.141,-97.7569,-69.3938,-98.2376,1
14,840,76,-38.9398,-4.36143,46.2476,139.551,47.0451,140.118,46.3544,138.512,45.5597,139.077,46.1276,140.738,4
14,840,81,29.0362,5.33542,29.9386,33.2488,29.859,32.5982,29.3732,33.4479,30.0265,33.9698,30.4621,33.0722,2
14,840,85,34.9118,9.70668,-1.9544,-170.593,-1.33725,-170.363,-1.87205,-171.248,-2.66552,-170.85,-2.04447,-170.003,1
14,840,86,-34.5217,20.6069,-30.9339,-145.002,-30.3406,-144.729,-30.7732,-145.836,-31.4959,-145.22,-31.1384,-144.019,1
14,840,89,27.2916,-5.71153,-33.5642,-4.73231,-33.6397,-5.3642,-34.154,-4.54013,-33.4881,-4.05235,-33.0291,-4.909,1
14,840,96,-37.5854,4.60844,-16.1663,26.805,-16.0073,26.036,-16.8662,26.8604,-16.2938,27.4875,-15.3596,26.743,2
14,840,99,24.4874,15.9053,44.4293,127.958,44.7757,127.276,43.9553,127.547,44.0505,128.723,44.8716,128.384,5
15,900,1,35.4002,-2.60823,-70.497,50.0676,-70.4933,47.9239,-71.3048,50.732,-70.4805,52.4798,-69.7845,49.5296,1
15,900,4,22.7501,18.2633,34.175,97.4141,33.8621,96.7076,33.6448,97.7747,34.5386,98.2,34.7027,97.0878,3
15,900,6,-33.2122,-22.6085,72.2243,-135.424,73.24,-135.548,72.1678,-137.628,71.3692,-135.403,72.3049,-133.073,1
15,900,12,-33.7221,-4.6664,40.8158,-99.777,41.5248,-99.8527,40.6438,-100.539,40.1875,-99.7138,41.0101,-98.9316,2
15,900,13,22.2872,22.7483,10.5457,-71.9179,11.1551,-71.9401,10.5411,-72.4659,9.85745,-71.8691,10.519,-71.3769,2
15,900,14,31.0336,12.988,-16.6341,-49.4594,-15.9991,-49.4124,-16.6889,-50.0939,-17.3567,-49.5002,-16.6005,-48.8692,14
15,900,16,-34.2049,0.712363,-46.3217,30.2356,-45.7775,29.6205,-46.8066,29.6688,-46.8022,30.8002,-45.7722,30.8568,1
15,900,26,-37.1035,-10.3682,80.3039,-61.7203,81.0907,-60.8884,80.2462,-65.3401,79.6267,-62.378,80.3428,-57.6476,1
15,900,30,-36.5787,11.111,-13.1603,14.8598,-12.803,15.4618,-12.6754,14.3479,-13.4965,14.3272,-13.7294,15.4497,1
15,900,32,-12.6817,22.5029,-85.5115,-10.5271,-85.2956,-4.92883,-84.9987,-12.348,-85.7078,-16.6516,-86.0745,-8.29333,4
15,900,35,28.2338,23.1918,14.2662,-166.201,13.7381,-166.622,13.9323,-165.723,14.8915,-165.732,14.6151,-166.643,1
15,900,40,31.6078,9.19457,7.01229,38.3522,7.66027,38.4489,6.98503,37.6919,6.27858,38.2513,7.02156,38.9588,2
15,900,42,-35.704,9.47474,-40.2765,98.055,-39.5568,97.9926,-40.4954,97.1586,-40.9227,98.1353,-40.0232,99.0854,1
15,900,52,32.5408,12.8646,31.2952,49.2072,32.0124,49.152,31.1199,48.4269,30.4734,49.2848,31.4308,49.9336,6
15,900,54,-30.9393,4.65625,-17.8802,103.063,-17.2029,103.187,-17.8897,102.377,-18.4995,102.96,-17.8693,103.83,1
15,900,65,32.2668,6.1941,40.8211,76.3152,41.4388,76.2449,40.6365,75.5026,40.1265,76.3982,40.9742,77.0627,3
15,900,66,35.3726,-14.4016,16.4468,103.444,17.0332,103.625,16.5462,102.587,15.8108,103.221,16.3709,104.181,3
15,900,67,-31.1542,22.0641,-12.1218,132.22,-11.5409,132.407,-11.9697,131.511,-12.6822,132.076,-12.3205,133.044,2
15,900,71,-32.6499,24.9562,-36.3969,-45.1654,-36.4603,-45.9973,-37.2048,-44.9781,-36.2849,-44.3857,-35.4279,-45.3475,1
15,900,88,21.2468,-18.3318,-58.1021,-38.7082,-57.9922,-39.6439,-58.7026,-39.0306,-58.2294,-37.756,-57.5571,-38.456,1
15,900,93,18.9564,1.324,-35.0032,-95.1198,-34.496,-95.2017,-35.107,-95.7621,-35.5407,-95.0317,-34.9041,-94.5112,1
15,900,95,21.6271,23.6238,-39.4234,3.15157,-39.3356,2.35261,-39.9624,3.02144,-39.4913,4.06247,-38.8942,3.31932,1
15,900,99,11.9157,-14.1183,45.7441,128.921,46.0473,128.356,45.3351,128.403,45.4257,129.468,46.1331,129.4,4
16,960,1,33.8054,-16.1566,-68.6442,52.8068,-68.6645,50.9545,-69.5591,53.2591,-68.6322,54.8194,-67.8616,52.4064,1
16,960,4,-27.3765,10.5216,38.5814,92.3472,38.3441,91.5696,37.9968,92.7511,38.8146,93.0727,39.2372,91.9007,6
16,960,6,-38.4416,4.75976,66.8779,-122.151,67.6511,-121.127,66.9911,-124.182,66.1895,-122.966,66.7134,-119.816,1
16,960,7,-29.7064,21.9151,30.9612,-101.948,31.495,-101.467,31.3881,-102.716,30.4274,-102.366,30.4362,-101.079,8
16,960,12,40.4668,-3.2594,32.5566,-101.411,33.2635,-101.402,32.289,-102.377,31.7408,-101.435,32.7784,-100.579,1
16,960,13,16.3804,-12.0457,10.5044,-71.3553,10.9943,-71.3173,10.5588,-71.9152,10.0056,-71.4077,10.4633,-70.8344,3
16,960,14,22.8697,-18.7121,-16.6037,-48.5161,-16.0828,-48.4667,-16.5101,-49.1942,-17.1356,-48.5926,-16.669,-47.9074,5
16,960,21,36.6813,10.0981,-75.1991,132.433,-75.3819,129.861,-75.7719,133.884,-74.9444,135.319,-74.6693,131.278,1
16,960,26,-35.9243,5.91132,75.5549,-48.6902,76.1446,-47.3238,75.7005,-51.2193,75.0162,-49.785,75.3528,-45.8687,1
16,960,30,-28.5989,-21.0796,-13.6664,13.6083,-13.1044,14.1225,-13.2931,13.1951,-14.1408,13.1453,-14.0315,14.0629,2
16,960,31,-23.1838,21.1696,-53.6682,11.26,-53.3331,11.9578,-53.2003,10.6375,-54.0138,10.5952,-54.2055,11.9507,1
16,960,32,5.05718,-18.5988,-84.9463,-27.3945,-84.8416,-21.9625,-84.4272,-27.4797,-84.9851,-32.843,-85.4352,-27.0864,3
16,960,40,9.17362,21.1633,4.71824,42.8906,5.26342,42.9131,4.78951,42.3735,4.1278,42.8884,4.62073,43.4181,3
16,960,66,31.8845,1.13157,12.4132,106.968,12.9946,107.11,12.4362,106.298,11.7671,106.81,12.3867,107.574,7
16,960,67,-35.3241,16.0017,-14.3631,134.366,-13.7335,134.596,-14.2683,133.626,-14.9469,134.181,-14.4876,135.229,2
16,960,82,-6.30928,24.2184,61.6203,82.8403,61.83,81.8907,61.19,82.2425,61.4173,83.843,62.0695,83.5491,4
16,960,98,32.1684,8.80774,33.5763,92.4085,33.7534,91.6673,32.9327,92.3412,33.3778,93.2461,34.164,92.488,2
16,960,99,20.7804,7.05952,45.2792,136.815,45.6559,136.277,44.8708,136.319,44.874,137.394,45.6611,137.305,2
17,1020,0,-34.2572,-8.48031,-67.0637,-42.0202,-66.2158,-42.3141,-67.2822,-43.6949,-67.8043,-41.763,-66.7844,-40.2207,1
17,1020,1,31.3132,-20.0837,-65.675,56.3365,-65.7581,54.7624,-66.5825,56.7447,-65.6077,58.0096,-64.9002,55.9611,1
17,1020,3,-37.4184,1.0815,6.93244,80.8656,6.61849,80.0568,6.32798,81.3363,7.21304,81.572,7.62211,80.3204,2
17,1020,4,20.2777,-20.6898,37.395,98.0417,37.1543,97.3644,36.6931,98.3244,37.6062,98.7451,38.0147,97.7595,3
17,1020,6,-28.0826,-8.11222,64.1758,-122.822,64.8807,-122.332,64.274,-124.228,63.5429,-123.256,64.0694,-121.315,3
17,1020,9,-18.7165,-22.7823,-37.2454,-82.2521,-36.5348,-81.9851,-36.9873,-82.924,-37.8714,-82.5227,-37.469,-81.5604,1
17,1020,11,29.2395,24.8317,45.8599,-135.727,46.4044,-136.38,45.4688,-136.361,45.2356,-134.948,46.2037,-135.07,1
17,1020,13,29.1061,6.33374,5.57317,-68.9337,6.15337,-68.8659,5.54601,-69.5363,4.92844,-69.0042,5.58816,-68.3767,2
17,1020,18,-35.2321,0.708919,-5.48844,110.152,-5.44393,109.44,-6.11358,110.268,-5.52276,110.785,-4.78353,110.019,1
17,1020,20,8.8195,22.1622,-70.2773,0.883331,-69.7835,1.21577,-70.1117,-0.454845,-70.8162,0.567891,-70.4596,2.26251,1
17,1020,21,35.5017,20.4093,-70.5954,138.043,-70.9294,136.045,-71.0971,139.267,-70.1537,140.292,-70.1058,137.05,1
17,1020,23,12.1231,14.9622,-0.533402,156.276,-0.832281,155.889,-0.914067,156.558,-0.2028,156.683,-0.143885,156.007,1
17,1020,25,-33.3326,23.1881,71.7275,174.872,71.5824,172.98,71.0381,175.613,71.8841,176.649,72.5479,174,1
17,1020,26,-34.1392,9.67239,71.6452,-43.7993,72.1721,-42.6437,71.8655,-45.7098,71.1525,-44.7553,71.3631,-41.6822,1
17,1020,28,-29.8596,-11.1413,3.08545,-22.4478,3.62621,-22.0572,3.35004,-22.9183,2.61,-22.8019,2.81521,-21.9343,1
17,1020,34,-37.5264,12.2494,-15.3719,-171.685,-15.7658,-172.288,-15.8388,-171.115,-15,-171.159,-14.8148,-172.341,1
17,1020,36,-34.2187,9.42463,55.8883,-178.541,55.4254,-179.354,55.5375,-177.572,56.3146,-177.806,56.2867,-179.664,1
17,1020,38,-16.6605,-11.8785,53.3491,17.4524,53.7029,18.1522,53.7218,16.9312,53.0244,16.8022,52.9743,17.9928,1
17,1020,40,-21.3923,-7.29028,5.53173,45.5176,6.12523,45.5926,5.56997,44.9858,4.98412,45.4426,5.50101,46.0763,3
17,1020,43,-28.5175,-13.0123,-47.8008,155.17,-47.437,154.25,-48.3184,154.799,-48.1275,155.989,-47.2396,155.53,1
17,1020,46,-29.2577,16.5983,27.2534,-113.226,27.3063,-113.917,26.5836,-113.205,27.2257,-112.573,28.0177,-113.231,1
17,1020,47,34.9858,7.83213,43.7286,-73.7324,44.0175,-74.6105,43.0284,-73.919,43.3951,-72.7335,44.3559,-73.5405,1
17,1020,49,36.7276,-6.50677,28.7236,15.7657,29.3881,15.8536,28.612,14.8321,27.9787,15.6512,28.8186,16.5769,3
17,1020,50,30.1726,-6.40365,43.9275,-37.7025,44.2064,-38.4675,43.2364,-38.0194,43.6073,-36.8857,44.5466,-37.4184,1
17,1020,55,29.8489,-3.88954,-49.5162,138.91,-48.9147,138.697,-49.7794,137.894,-50.1749,139.135,-49.2701,139.814,1
17,1020,58,-29.0562,-16.9181,-2.10114,-102.029,-2.23055,-102.817,-2.69287,-101.904,-2.00352,-101.336,-1.48103,-102.189,1
17,1020,59,-37.4137,-14.4676,26.6152,-79.4525,26.5605,-80.5353,25.9416,-79.2564,26.642,-78.5354,27.3558,-79.7085,1
17,1020,72,-17.3486,24.1828,2.3037,-25.4661,2.08312,-25.9793,1.7108,-25.2734,2.55626,-24.9605,2.97579,-25.6569,1
17,1020,73,32.7934,9.11312,32.2246,-6.34231,32.0451,-7.12252,31.6102,-5.97873,32.4306,-5.45396,32.7912,-6.66151,3
17,1020,74,29.9028,20.0763,61.2458,29.5497,61.3472,28.0621,60.6106,29.4767,61.1306,31.2652,61.8456,29.6911,1
17,1020,79,33.0255,-22.4517,-63.0014,-167.045,-62.376,-166.81,-62.8498,-169.092,-63.6575,-167.403,-63.0841,-165.296,1
17,1020,80,24.2485,16.6143,9.98083,19.0865,9.79609,18.5329,9.48407,19.2889,10.2013,19.7004,10.4668,18.9108,2
17,1020,82,-3.8589,-24.7672,61.2874,81.7502,61.4696,80.6605,60.8507,81.1382,61.0892,82.7309,61.7119,82.3019,2
17,1020,87,-24.2338,-24.0919,-58.9067,-97.1292,-58.3267,-97.9438,-59.1671,-98.0369,-59.4223,-96.429,-58.6075,-96.2564,1
17,1020,93,-24.9143,-2.16891,-35.6546,-85.5573,-35.0745,-85.7123,-35.825,-86.1888,-36.1901,-85.4127,-35.4639,-84.884,1
17,1020,94,-29.6164,1.80435,-44.2787,-38.7924,-43.8095,-39.3827,-44.7398,-39.3008,-44.7014,-38.2401,-43.7673,-38.2416,1
17,1020,95,-34.2872,-6.79849,-32.5291,3.98286,-32.3134,3.12979,-33.1445,3.92195,-32.718,4.73455,-31.8463,4.03343,1
17,1020,96,-31.6295,-5.74635,-9.55288,34.1244,-9.51939,33.4185,-10.1383,34.199,-9.58499,34.7539,-8.91257,34.032,1
17,1020,98,25.0701,19.2925,36.6499,96.7223,36.7893,95.964,36.0965,96.592,36.5061,97.5816,37.1794,96.8826,4
17,1020,99,-11.1861,-20.4576,48.0746,138.46,48.4427,137.785,47.7321,137.883,47.7178,139.055,48.4246,139.011,1
18,1080,4,25.4569,-21.2604,40.4852,100.196,40.2741,99.4389,39.6986,100.497,40.6639,100.994,41.1666,99.8985,5
18,1080,6,-33.6356,14.205,58.9088,-115.716,59.5286,-114.95,59.1736,-117.135,58.3233,-116.35,58.5686,-114.11,1
18,1080,10,19.5961,10.2516,42.7416,176.197,42.9211,175.524,42.2468,175.992,42.5515,176.925,43.2152,176.413,1
18,1080,13,-26.1531,15.4786,5.30605,-62.3165,5.85521,-62.2091,5.36889,-62.9131,4.77886,-62.3983,5.21982,-61.6489,6
18,1080,21,25.9072,-6.08628,-69.1739,135.862,-69.3397,134.487,-69.7045,136.584,-68.993,137.316,-68.6889,135.222,2
18,1080,25,-30.0882,-20.0188,71.0494,175.091,70.6887,173.079,70.5684,175.878,71.3278,176.917,71.537,174.136,2
18,1080,26,-21.9611,-12.439,69.539,-45.7292,70.083,-45.1356,69.6987,-47.0708,69.0446,-46.2716,69.3764,-44.3419,1
18,1080,41,-36.3571,-2.54648,-24.0309,73.1549,-23.2469,73.256,-24.1221,72.4237,-24.7184,73.0666,-23.915,73.978,1
18,1080,44,37.5328,11.8114,-30.0457,-153.492,-30.0391,-154.377,-30.7699,-153.261,-30.0346,-152.454,-29.3922,-153.671,1
18,1080,47,35.7154,-3.42775,44.6239,-70.6666,44.9664,-71.4647,43.8787,-70.9929,44.2242,-69.7884,45.2775,-70.3732,8
18,1080,49,-11.7624,18.3647,27.8358,24.3621,28.3531,24.3822,27.8819,23.7506,27.3128,24.3656,27.7646,25.0201,2
18,1080,57,-27.475,-2.12839,-25.2761,-123.021,-25.2314,-123.756,-25.8733,-122.972,-25.3138,-122.349,-24.6284,-123.079,1
18,1080,60,27.956,13.3227,-36.9398,-88.1083,-36.9593,-88.8654,-37.511,-87.9939,-36.8994,-87.2592,-36.3992,-88.192,1
18,1080,61,31.7567,8.16106,-9.18305,-63.6757,-9.26198,-64.3011,-9.7817,-63.4751,-9.0861,-62.9719,-8.63058,-63.8466,3
18,1080,65,-33.5787,19.2203,36.8518,93.1469,37.4726,93.3364,36.9057,92.2482,36.2679,93.0118,36.7596,94.1947,1
18,1080,69,-30.7067,13.5536,-51.1779,-135.777,-50.7746,-136.498,-51.715,-136.329,-51.5339,-135.073,-50.5713,-135.147,1
18,1080,74,35.7065,-1.80292,61.3369,32.5536,61.5894,31.2308,60.5571,32.3283,61.03,34.013,62.0229,32.766,6
18,1080,80,33.538,-10.4248,10.5559,20.3389,10.4736,19.7537,9.85628,20.5658,10.6271,20.9825,11.1658,20.1314,3
18,1080,84,-19.4132,20.0644,18.005,-176.689,18.4876,-176.511,18.1999,-177.239,17.5194,-176.84,17.7685,-176.087,1
18,1080,91,-20.7695,21.4292,8.28149,-138.084,8.81907,-138.036,8.34982,-138.686,7.74761,-138.104,8.18193,-137.412,1
18,1080,92,-17.8942,21.3105,-17.8487,-113.109,-17.3217,-113.104,-17.8142,-113.714,-18.3751,-113.086,-17.9064,-112.438,1
18,1080,98,37.8042,-3.64942,35.9723,99.0019,36.2777,98.2584,35.1807,98.8066,35.6104,99.8329,36.6595,99.1748,3
19,1140,1,31.3762,1.01897,-56.7841,65.0807,-56.9739,63.9014,-57.4328,65.7239,-56.5627,66.3787,-56.1931,64.5265,1
19,1140,6,32.1103,19.7444,51.7578,-123.597,52.5395,-123.313,51.8104,-124.732,50.8378,-123.88,51.6622,-122.544,6
19,1140,11,-34.0356,21.1661,49.6101,-123.341,50.237,-123.562,49.3358,-124.407,49.0346,-123.086,49.8995,-122.054,1
19,1140,12,-27.9284,-5.83844,30.6317,-87.026,31.2623,-87.0205,30.5663,-87.6556,30.0606,-87.0354,30.7082,-86.3474,2
19,1140,13,-18.9169,-14.7254,4.0844,-62.4726,4.67157,-62.4587,4.11314,-62.975,3.54735,-62.498,4.07215,-61.958,9
19,1140,16,18.4594,-8.53931,-48.9836,51.4327,-48.7351,50.7829,-49.4669,51.0242,-49.2459,52.105,-48.5293,51.7965,1
19,1140,17,30.3121,0.103012,-30.4382,93.6607,-30.374,92.9959,-31.0717,93.7094,-30.5077,94.3938,-29.8629,93.6202,1
19,1140,18,-32.8432,4.01524,0.295518,115.044,0.329682,114.388,-0.313226,115.142,0.272404,115.637,0.979309,114.936,2
19,1140,20,-40.2572,-4.87126,-71.5861,21.5415,-70.7547,21.7517,-71.7274,19.4463,-72.2968,21.3438,-71.3832,23.8952,1
19,1140,21,36.2855,-15.275,-66.9527,141.048,-67.137,139.584,-67.6786,142.081,-66.7606,142.656,-66.3342,140.185,1
19,1140,29,34.9496,-3.66086,-41.5524,-21.0193,-41.1115,-20.4794,-41.1998,-21.8307,-42.0359,-21.6393,-41.8582,-20.295,1
19,1140,32,33.1774,17.946,-77.625,-140.805,-78.2897,-141.703,-77.6754,-137.902,-76.8442,-139.953,-77.5231,-143.452,1
19,1140,35,2.72532,-21.7331,25.1565,-170.191,24.7444,-170.528,24.7614,-169.804,25.536,-169.849,25.5131,-170.574,1
19,1140,42,10.162,20.8844,-50.9069,115.406,-50.4441,114.942,-51.1448,114.67,-51.3944,115.948,-50.6801,116.169,1
19,1140,45,-33.0301,7.47691,4.79122,-133.558,4.81032,-134.241,4.13707,-133.436,4.78642,-132.936,5.5337,-133.69,1
19,1140,46,24.069,23.5964,29.5881,-103.057,29.5436,-103.821,29.0109,-103.029,29.6595,-102.185,30.1567,-103.046,3
19,1140,47,29.0804,-24.7815,45.9083,-69.4032,46.1871,-70.166,45.1712,-70.0612,45.5776,-68.6533,46.5472,-68.8575,2
19,1140,49,33.1633,12.9021,22.3317,23.2735,23.0294,23.306,22.228,22.5575,21.5294,23.2504,22.4028,23.9347,3
19,1140,51,22.9486,-8.72984,44.8549,23.9158,45.3887,23.6721,44.6198,23.0681,44.2889,24.1505,45.0717,24.6942,2
19,1140,61,-33.5094,-9.36059,-3.97185,-67.837,-4.0683,-68.5742,-4.53826,-67.6568,-3.89372,-67.1894,-3.35508,-68.0504,3
19,1140,63,24.9351,18.8143,47.3341,-5.22323,47.4831,-6.09412,46.7938,-5.39054,47.1765,-4.24017,47.8502,-5.02175,1
19,1140,65,-36.7455,0.0568619,35.8077,94.7164,36.5388,94.8998,35.7604,93.9086,35.1631,94.5629,35.8595,95.635,2
19,1140,74,24.942,-21.9875,63.3096,34.0278,63.4869,32.7982,62.5979,33.3771,63.0855,35.2452,63.939,34.58,2
19,1140,75,-4.11269,23.8102,56.4139,120.642,56.9533,120.679,56.5119,119.655,55.8458,120.653,56.2742,121.689,2
19,1140,78,27.8619,16.2232,-42.2868,171.043,-41.6526,171.309,-42.1605,170.229,-43.0099,170.756,-42.4251,171.809,3
19,1140,80,24.8711,11.0687,16.1309,22.1567,15.9841,21.6004,15.6245,22.3578,16.301,22.769,16.6161,21.9785,3
19,1140,85,-25.6079,2.93064,-15.4483,-158.16,-14.9193,-157.962,-15.3293,-158.7,-15.942,-158.341,-15.5774,-157.573,1
19,1140,86,30.4359,-22.7195,-46.186,-141.372,-45.6355,-141.208,-46.0003,-142.502,-46.7541,-141.6,-46.3159,-140.392,1
19,1140,97,31.6847,21.4057,19.5292,70.843,19.5195,70.0743,18.9076,70.9214,19.5599,71.7416,20.1191,70.8057,1
19,1140,98,-15.645,-22.517,41.55,98.0908,41.6598,97.259,41.0532,97.8515,41.4252,98.8339,42.0493,98.2965,2
20,1200,5,21.1237,20.3797,72.6544,176.916,73.1175,175.299,72.2286,175.511,72.1366,178.685,73.0414,178.435,1
20,1200,6,25.2785,1.68821,50.8192,-121.368,51.3939,-121.034,50.9605,-122.377,50.1945,-121.723,50.6761,-120.44,4
20,1200,13,-17.9918,-20.2461,1.54754,-60.6695,2.1666,-60.6852,1.59341,-61.1804,0.987927,-60.6733,1.52569,-60.1549,2
20,1200,21,20.6663,-24.7151,-63.479,139.128,-63.7199,138.095,-64.1131,139.613,-63.2591,140.174,-62.9248,138.671,1
20,1200,22,-30.2501,-10.4421,-26.269,146.785,-26.6249,146.154,-26.688,147.17,-25.9573,147.347,-25.826,146.359,2
20,1200,32,25.3109,24.0264,-74.0178,-151.248,-74.6145,-152.115,-74.2136,-149.366,-73.3205,-150.41,-73.7797,-152.997,1
20,1200,39,-37.8468,-16.3522,6.74142,14.7037,7.34634,15.3762,7.12078,14.1961,6.24145,14.1287,6.34613,15.2849,2
20,1200,46,30.3711,3.31507,30.2208,-101.329,30.2945,-102.037,29.5662,-101.287,30.1355,-100.545,30.8186,-101.361,5
20,1200,56,34.6707,-5.78727,-48.2552,-147.319,-47.9928,-148.241,-49.0512,-147.538,-48.5512,-146.288,-47.5557,-147.137,1
20,1200,60,-20.4113,-19.7861,-30.7313,-88.7385,-30.8121,-89.4785,-31.2497,-88.7135,-30.6726,-88.0726,-30.2071,-88.7924,1
20,1200,64,-33.1235,17.1999,54.3394,59.4903,54.9646,59.3079,54.1066,58.3676,53.7644,59.7002,54.5793,60.8186,2
20,1200,65,-25.1506,8.00509,31.4917,96.7757,32.0431,96.8887,31.5228,96.1238,30.9707,96.6827,31.447,97.4903,2
20,1200,67,-36.2483,3.77938,-24.9926,142.76,-24.2919,142.933,-25.0183,142.028,-25.6171,142.614,-24.9595,143.595,5
20,1200,70,-29.4635,6.29884,-52.6615,-61.5026,-52.6266,-62.5694,-53.2868,-61.3759,-52.6747,-60.5178,-51.9648,-61.6315,1
20,1200,75,-32.5885,-1.70843,57.1167,126.104,57.815,126.473,57.157,124.928,56.4908,125.787,57.0653,127.406,5
20,1200,95,36.8893,-8.58682,-31.5943,18.7431,-31.432,18.0068,-32.4178,18.7295,-31.7886,19.5653,-30.883,18.7479,1
21,1260,5,32.9511,8.97606,70.8623,-175.735,71.4861,-176.906,70.3573,-177.339,70.1471,-174.468,71.2965,-174.169,2
21,1260,11,22.4179,-0.783715,42.7733,-119.711,43.2622,-119.937,42.5481,-120.4,42.2504,-119.476,42.9794,-119.061,5
21,1260,32,17.932,-15.0838,-74.1051,-154.167,-74.5287,-155.097,-74.4086,-152.377,-73.6786,-153.215,-73.8248,-155.777,1
21,1260,36,26.7814,11.5488,71.7304,-170.451,71.3104,-171.688,71.389,-169.05,72.1954,-169.032,72.0547,-171.788,1
21,1260,46,29.0014,-24.4345,30.8446,-100.996,30.9149,-101.686,29.9981,-101.183,30.7266,-100.29,31.5725,-100.861,1
21,1260,49,25.2491,6.81729,17.9537,28.416,18.5306,28.4718,17.9371,27.7974,17.321,28.3613,17.9578,28.9969,2
21,1260,61,-35.2101,8.56438,3.85985,-63.1095,3.85952,-63.7931,3.20802,-62.9492,3.87452,-62.4934,4.6091,-63.2869,4
21,1260,65,-23.8538,-1.77185,29.1945,98.55,29.7608,98.6423,29.2147,97.9495,28.6692,98.4651,29.1736,99.1927,1
21,1260,67,-35.7865,-14.8194,-26.3668,143.802,-25.5248,143.846,-26.4389,143.119,-27.0866,143.75,-26.2565,144.548,2
21,1260,75,-28.7698,-22.8334,55.6636,126.669,56.5119,126.788,55.7318,125.607,54.9357,126.532,55.6221,127.776,2
21,1260,89,-16.0912,21.2918,-6.47551,5.4225,-6.61205,4.93694,-7.00704,5.53927,-6.31422,5.90315,-5.8849,5.31438,1
21,1260,95,39.5582,2.05328,-28.6167,23.0666,-28.4804,22.2548,-29.4255,23.1917,-28.7718,24.0101,-27.9128,22.9686,1
21,1260,98,36.9914,-3.97789,40.4203,111.476,40.8043,110.768,39.6814,111.11,39.9728,112.257,41.0637,111.801,2
22,1320,0,-20.1574,16.5324,-70.9524,18.3399,-70.7103,16.698,-71.5341,17.5867,-71.1532,20.0085,-70.3133,19.1713,1
22,1320,3,-37.8972,9.14713,25.9258,84.7337,25.6668,83.8522,25.2495,85.2493,26.1704,85.5109,26.7196,84.1295,3
22,1320,6,36.3211,5.49595,43.0566,-118.61,43.7486,-118.158,43.1891,-119.708,42.2574,-119.114,42.917,-117.641,2
22,1320,9,-11.9507,-20.1446,-54.8824,-72.9075,-54.2411,-72.7157,-54.6957,-73.848,-55.4674,-73.1248,-55.0349,-71.9606,2
22,1320,11,3.66158,-22.2375,43.4684,-116.627,43.9432,-116.926,43.3501,-117.357,43.0058,-116.374,43.5952,-115.948,1
22,1320,17,-34.9871,7.46888,-17.526,97.6307,-17.4172,96.9275,-18.184,97.6865,-17.6088,98.2668,-16.7735,97.5732,1
22,1320,36,16.6432,-24.1576,72.1892,-173.918,71.776,-174.932,71.709,-172.583,72.5727,-172.799,72.5963,-175.227,1
22,1320,38,33.4284,-15.3919,35.2149,8.224,35.5515,8.80326,35.7869,7.57251,34.8683,7.58336,34.7264,8.79202,1
22,1320,42,-29.5129,-24.782,-48.647,126.012,-48.0184,125.089,-49.0378,125.318,-49.1937,126.791,-48.2059,126.676,1
22,1320,43,-30.9372,-20.5263,-40.5364,176.913,-40.3955,175.82,-41.1306,176.803,-40.6687,177.853,-39.9037,176.982,1
22,1320,44,-39.972,5.92842,-13.8253,-150.748,-13.7063,-151.596,-14.5886,-150.598,-13.912,-150.007,-12.9289,-150.921,1
22,1320,45,-38.045,-2.45475,13.2794,-128.497,13.286,-129.349,12.6046,-128.301,13.2733,-127.757,14.0463,-128.73,1
22,1320,46,-37.029,-1.79904,39.9327,-100.946,40.0769,-101.974,39.2484,-100.873,39.8014,-100.05,40.7087,-101.041,2
22,1320,49,-11.6595,24.27,16.0285,34.5309,16.561,34.571,16.1427,33.9438,15.4782,34.5204,15.8757,35.1709,1
22,1320,51,36.6407,-5.46427,37.8631,35.5364,38.5609,35.4862,37.5999,34.5103,37.0764,35.5738,38.0866,36.4331,1
22,1320,55,-15.5896,-9.81426,-50.0712,166.9,-49.6352,166.287,-50.4251,166.279,-50.4821,167.473,-49.6967,167.513,1
22,1320,56,-26.8523,1.36357,-38.5256,-142.74,-38.3492,-143.532,-39.1212,-142.844,-38.6796,-142.005,-37.8759,-142.63,1
22,1320,58,-38.0414,1.03491,14.8688,-91.3003,14.9076,-92.1723,14.1461,-91.1121,14.8392,-90.5386,15.6982,-91.523,1
22,1320,59,22.8713,-5.38884,35.8466,-58.6846,35.95,-59.3659,35.2215,-58.7703,35.7246,-57.9667,36.4238,-58.6092,1
22,1320,61,-39.5131,-4.47694,6.17259,-62.4878,6.12374,-63.334,5.52873,-62.2453,6.21304,-61.761,6.90514,-62.7784,4
22,1320,63,28.9407,6.32409,50.7109,8.68637,51.016,7.89712,50.1566,8.3248,50.3703,9.55407,51.2185,9.04225,2
22,1320,65,13.3726,-21.1951,25.5448,96.9707,26.0558,96.9942,25.6616,96.3282,25.0424,96.9214,25.4544,97.5605,1
22,1320,66,-39.5826,5.47972,-2.45085,124.762,-1.72048,125.048,-2.41113,124.032,-3.09396,124.523,-2.49861,125.614,1
22,1320,71,-31.1661,18.5313,-13.4945,-34.6073,-13.6424,-35.2595,-14.1744,-34.3438,-13.3242,-34.0037,-12.7001,-34.8906,1
22,1320,72,26.0318,-2.55002,15.836,-16.8757,15.6531,-17.4412,15.2601,-16.5927,16.0264,-16.263,16.3641,-17.1375,1
22,1320,75,29.2169,20.3042,45.4698,126.413,46.1774,126.549,45.497,125.517,44.6502,126.291,45.4047,127.261,6
22,1320,78,15.7256,20.9905,-51.795,-179.682,-51.2105,-179.561,-51.6892,179.455,-52.442,-179.783,-51.9211,-178.819,1
22,1320,79,-3.89773,21.8031,-68.6455,-109.592,-68.3262,-110.75,-69.0378,-110.632,-68.9504,-108.307,-68.2355,-108.475,1
22,1320,82,34.7044,13.1267,56.5772,124.6,57.2031,124.132,56.207,123.638,55.856,125.144,56.8905,125.515,4
22,1320,84,36.1838,10.1611,2.87148,-175.323,3.51016,-175.086,2.94136,-176,2.12985,-175.588,2.79112,-174.716,1
22,1320,90,-27.5709,23.9061,23.3978,-153.465,23.9827,-153.406,23.4467,-154.216,22.8278,-153.482,23.3106,-152.598,1
22,1320,91,-34.2924,-14.5911,0.878388,-130.11,1.6986,-130.086,0.807348,-130.716,0.171579,-130.143,0.981987,-129.452,1
22,1320,93,28.5679,-24.2956,-47.0276,-69.3389,-46.4971,-69.6704,-47.2927,-70.4886,-47.5897,-69.0441,-46.7694,-68.3737,1
22,1320,95,29.0387,-9.65131,-25.839,23.908,-25.7593,23.2892,-26.5204,23.8885,-25.9367,24.5718,-25.2297,23.9166,2
22,1320,97,19.6628,6.16162,26.7861,77.1054,26.8475,76.5218,26.2546,77.0755,26.7226,77.7318,27.2938,77.1429,1
23,1380,10,40.2691,4.36544,45.2309,-159.235,45.7668,-159.955,44.5184,-159.764,44.5984,-158.411,45.8424,-158.75,1
23,1380,11,-31.7362,23.923,42.1736,-104.856,42.7885,-104.877,42.0929,-105.843,41.5911,-104.784,42.2315,-103.687,1
23,1380,13,33.1273,2.35411,-11.7217,-56.2098,-11.1161,-56.106,-11.7529,-56.8902,-12.4002,-56.3272,-11.6981,-55.597,3
23,1380,16,20.5472,-13.1906,-43.1404,69.9822,-42.9958,69.3195,-43.7076,69.7472,-43.3012,70.6632,-42.6184,70.1785,1
23,1380,19,-35.1851,5.89518,37.8159,152.064,37.9933,151.222,37.1606,152.047,37.6624,152.82,38.563,152.088,1
23,1380,24,-34.6626,6.88577,57.4857,162.909,57.2257,161.798,56.9759,163.595,57.7224,163.916,58.0644,162.111,2
23,1380,38,32.9924,2.50774,29.6077,7.90165,29.9821,8.44758,30.0215,7.3177,29.1859,7.2949,29.2279,8.4197,10
23,1380,49,-18.3414,-7.40629,15.8122,35.294,16.3833,35.3508,15.8462,34.7569,15.2799,35.2349,15.7848,35.8521,3
23,1380,50,24.3235,6.0389,49.244,-5.16689,49.6903,-5.76853,48.7963,-5.7906,48.7569,-4.5171,49.6555,-4.56009,1
23,1380,51,-33.3497,-17.8223,42.5678,43.4081,43.4566,43.2021,42.3965,42.5656,41.8038,43.557,42.7789,44.3097,1
23,1380,53,-17.6037,11.9171,-14.86,96.2166,-14.3109,96.29,-14.8051,95.6319,-15.3971,96.16,-14.9295,96.848,1
23,1380,54,4.24482,23.0784,-41.7466,125.887,-41.2048,125.689,-41.8162,125.159,-42.3211,126.137,-41.6953,126.654,1
23,1380,57,12.4215,23.4687,-11.9281,-106.251,-12.0477,-106.851,-12.4803,-106.201,-11.7696,-105.597,-11.3598,-106.272,1
23,1380,61,30.6544,-13.3776,4.63689,-55.3819,4.60741,-55.9479,3.92285,-55.2703,4.64698,-54.7729,5.26349,-55.4915,3
23,1380,66,-35.9641,-7.89075,-4.662,125.45,-3.90168,125.629,-4.65735,124.822,-5.32206,125.289,-4.65063,126.15,1
23,1380,69,-34.0732,17.0327,-43.1819,-110.857,-42.9216,-111.668,-43.8738,-111.077,-43.3909,-110.088,-42.3788,-110.583,1
23,1380,70,-24.9823,-14.3064,-45.6418,-53.1362,-45.8023,-54.103,-46.1851,-52.9226,-45.5038,-52.2696,-45.0784,-53.384,1
23,1380,75,-33.6874,3.43899,47.0321,135.46,47.6823,135.92,47.1732,134.497,46.4427,135.066,46.8628,136.539,3
23,1380,77,22.0356,-3.98417,-20.9124,159.873,-20.4222,160.131,-20.6863,159.275,-21.4283,159.591,-21.118,160.43,1
23,1380,82,10.5235,-19.2773,58.4998,127.461,58.9516,127.082,58.353,126.455,58.0471,127.789,58.6452,128.393,1
23,1380,85,-29.665,24.5349,-30.0316,-148.794,-29.478,-148.581,-29.8331,-149.566,-30.5756,-148.96,-30.2835,-147.896,1
23,1380,89,12.9683,13.4098,-1.55237,10.2606,-1.7142,9.79308,-2.00819,10.4163,-1.36781,10.7562,-1.09527,10.1193,1
24,1440,0,30.1355,-2.7499,-71.871,41.3236,-71.8259,39.2512,-72.6011,41.6087,-71.9023,43.6051,-71.2125,41.0847,2
24,1440,2,29.8937,9.80784,-3.5768,83.8874,-3.90372,83.2772,-4.11882,84.3081,-3.1999,84.5692,-3.06493,83.5119,1
24,1440,5,-34.2879,20.4506,70.0933,-131.778,70.7816,-130.985,70.2428,-134.246,69.4396,-132.357,69.8486,-128.92,1
24,1440,11,-23.1776,-6.79373,41.0163,-105.121,41.5904,-105.261,40.8869,-105.781,40.4872,-105.002,41.158,-104.424,2
24,1440,13,-33.5621,23.0521,-12.024,-47.5028,-11.4049,-47.3511,-11.9354,-48.2717,-12.6134,-47.6061,-12.1518,-46.5936,2
24,1440,20,34.2106,-7.35526,-81.0964,108.43,-80.9879,104.749,-81.8087,108.643,-81.1865,112.576,-80.4702,108.24,1
24,1440,24,-37.6037,-11.4336,59.4403,162.731,59.0225,161.35,58.9843,163.55,59.7783,163.948,59.9281,161.758,1
24,1440,25,-29.7261,0.756792,80.1617,-70.3587,80.7628,-70.0041,80.106,-73.5775,79.6129,-70.6294,80.189,-66.7889,2
24,1440,31,-32.3653,24.0742,-84.5637,12.5074,-84.1689,17.2909,-84.0011,7.72548,-84.9312,7.57916,-85.1883,19.3264,3
24,1440,35,-26.4921,-7.86732,45.025,-176.495,44.5506,-177.045,44.7283,-175.881,45.4493,-175.981,45.3288,-177.165,1
24,1440,38,34.459,-17.8621,27.9349,7.3712,28.2717,7.92178,28.5585,6.74742,27.5936,6.75839,27.4104,7.91195,3
24,1440,41,-10.4465,24.1699,-42.171,92.968,-41.6559,92.7896,-42.2365,92.2052,-42.6954,93.1935,-42.1188,93.8069,1
24,1440,49,-16.9014,-19.9004,13.7426,36.6055,14.38,36.6077,13.8066,36.059,13.1648,36.5845,13.7019,37.155,1
24,1440,50,31.3458,-21.0111,48.3365,-4.32308,48.8471,-4.88021,47.7915,-5.393,47.771,-3.79357,48.8114,-3.40869,1
24,1440,51,14.9607,24.5779,33.5667,47.3804,34.1779,47.2382,33.5225,46.7059,32.8911,47.5686,33.5752,48.0718,1
24,1440,65,29.6552,11.4112,16.2891,102.254,16.8964,102.346,16.2832,101.63,15.604,102.162,16.2767,102.834,10
24,1440,75,-36.2786,-16.6543,45.9153,136.664,46.8143,137.081,46.0084,135.717,45.1577,136.301,45.838,137.709,3
24,1440,77,-20.9387,8.33944,-23.9248,165.68,-23.4131,165.939,-23.7246,165.104,-24.4182,165.442,-24.1464,166.304,1
24,1440,82,-28.8836,6.38927,58.4741,140.576,59.0603,140.516,58.3506,139.511,57.9325,140.648,58.596,141.768,2
24,1440,86,-0.378302,24.0947,-59.0763,-109.422,-58.6182,-109.811,-59.203,-110.368,-59.5516,-108.953,-58.9575,-108.41,1
24,1440,87,19.028,6.78606,-57.6771,-40.5159,-57.5785,-41.4375,-58.1809,-40.6386,-57.7699,-39.5209,-57.1946,-40.3871,1
24,1440,92,-22.0178,-5.51195,-30.5531,-97.3498,-29.9795,-97.446,-30.6612,-97.9406,-31.0847,-97.2643,-30.4286,-96.7295,1
24,1440,98,0.985013,22.8301,46.8117,128.427,47.111,127.811,46.4381,127.915,46.5095,129.095,47.1873,129.002,3
25,1500,3,23.5394,23.9466,36.0478,95.895,35.6844,95.1272,35.499,96.2581,36.4823,96.7649,36.6061,95.5742,2
25,1500,5,-38.554,9.62069,68.4273,-126.711,69.1842,-125.642,68.546,-128.976,67.7442,-127.544,68.241,-124.084,1
25,1500,11,-29.819,-18.6517,40.1552,-102.098,40.8937,-102.319,40.0119,-102.806,39.5086,-101.93,40.3302,-101.356,2
25,1500,12,-11.4499,23.2474,11.1181,-70.9625,11.6227,-70.9373,11.2057,-71.5065,10.5991,-70.9614,10.9981,-70.371,3
25,1500,17,-34.7943,22.5307,-7.9611,105.979,-7.86223,105.327,-8.73521,105.976,-8.01274,106.592,-7.0394,106.008,1
25,1500,23,22.4402,-5.03067,27.5691,160.574,27.3193,160.092,27.1138,160.923,27.8256,161.09,27.988,160.245,1
25,1500,25,-36.8384,-1.49501,77.8258,-55.6034,78.4982,-54.2372,77.8854,-58.5835,77.2295,-56.6767,77.7264,-52.2679,1
25,1500,49,-31.9953,9.50791,9.54412,41.8815,10.1801,42.0628,9.59724,41.2126,8.95685,41.7311,9.47382,42.6385,2
25,1500,51,32.8864,-5.95525,31.6323,46.1629,32.2783,46.1921,31.5114,45.2663,30.9201,46.1163,31.7375,46.9577,2
25,1500,52,-32.4554,-15.079,10.5799,77.2347,11.4223,77.3164,10.5668,76.59,9.85107,77.1501,10.6207,77.9307,1
25,1500,65,26.3458,12.9174,13.4076,104.741,13.9895,104.824,13.425,104.162,12.757,104.662,13.3728,105.289,5
25,1500,71,25.6223,3.53432,-6.58648,-26.5296,-6.80141,-27.0765,-7.12269,-26.2322,-6.34976,-25.9347,-6.08429,-26.8004,1
25,1500,81,6.43047,23.3428,60.0415,77.5256,60.219,76.5604,59.6071,77.0623,59.8635,78.5729,60.4804,78.0654,2
25,1500,94,28.4313,-1.44914,-40.3455,0.424009,-40.1654,-0.281889,-40.9664,0.282837,-40.541,1.19607,-39.7793,0.551488,1
25,1500,98,27.0046,-14.6087,44.4417,128.918,44.8283,128.37,43.9309,128.272,44.0166,129.466,44.9019,129.488,3
26,1560,0,32.7633,-8.55572,-66.6402,53.1522,-66.7013,51.4763,-67.4301,53.7468,-66.5704,54.9869,-65.9457,52.6441,1
26,1560,3,36.9791,-3.28321,36.0433,97.9885,35.8606,97.1034,35.2751,98.5187,36.2311,99.0007,36.7103,97.5196,2
26,1560,5,-38.9605,9.22849,65.2493,-122.228,65.9864,-121.145,65.4252,-124.21,64.5839,-123.089,65.002,-119.933,1
26,1560,6,-33.5709,16.4449,30.3899,-103.645,30.9428,-103.092,30.7841,-104.446,29.8588,-104.121,29.9081,-102.729,9
26,1560,11,38.842,-10.9983,32.1385,-102.74,32.7978,-102.709,31.948,-103.754,31.3964,-102.803,32.3021,-101.877,1
26,1560,12,-26.3846,-9.14769,11.4003,-69.5688,12.0279,-69.5177,11.3959,-70.1123,10.8332,-69.6222,11.4169,-68.9905,8
26,1560,13,-37.0697,-16.243,-14.1426,-45.3535,-13.2512,-45.3366,-14.2403,-45.9955,-14.8967,-45.3827,-14.0016,-44.6509,1
26,1560,20,40.4244,-0.941285,-74.5792,133.129,-74.7288,130.581,-75.257,134.839,-74.3777,136.019,-73.984,131.783,1
26,1560,25,-34.0058,-5.33229,74.6203,-50.5118,75.2535,-49.3978,74.734,-52.6809,74.0573,-51.4333,74.4802,-48.1379,2
26,1560,28,-21.8722,-12.3872,-30.6609,-18.9834,-30.1627,-18.6387,-30.4128,-19.4785,-31.1095,-19.3111,-30.9036,-18.4578,1
26,1560,31,8.24594,-22.2944,-85.8423,-46.9523,-85.8702,-39.9269,-85.3097,-44.83,-85.7349,-53.4871,-86.3345,-49.158,3
26,1560,65,27.9396,-0.959845,11.3272,105.862,11.8682,105.988,11.3757,105.241,10.7388,105.722,11.2805,106.43,5
26,1560,81,-6.8627,20.4144,62.0845,83.6104,62.3216,82.7068,61.6746,83.0034,61.8521,84.5496,62.5089,84.3134,3
26,1560,95,-31.6582,22.2313,-8.82072,32.546,-8.72351,31.9203,-9.55208,32.5039,-8.87521,33.143,-7.96492,32.62,4
26,1560,97,34.0592,14.4239,34.6069,92.6013,34.7963,91.7783,33.9463,92.54,34.3947,93.5542,35.2103,92.6872,2
26,1560,98,-18.8679,21.7194,48.7173,139.149,49.1246,138.629,48.3607,138.444,48.3266,139.69,49.0917,139.965,2
27,1620,2,-20.3303,24.4308,10.0745,81.5038,9.79277,80.9595,9.44145,81.785,10.3884,82.0316,10.8034,81.2107,1
27,1620,3,7.24363,-19.6872,39.3372,94.6705,39.0647,94.0207,38.753,94.9265,39.5779,95.3202,39.8745,94.4029,6
27,1620,5,-36.6684,13.5129,61.2926,-119.11,61.9536,-118.189,61.546,-120.761,60.6781,-119.858,60.956,-117.215,1
27,1620,9,-27.7233,-1.69468,-68.9565,-40.9601,-68.2735,-41.3056,-69.15,-42.6239,-69.5791,-40.6234,-68.723,-39.189,1
27,1620,20,34.1276,3.45083,-70.3123,135.196,-70.5133,133.479,-70.8585,136.29,-70.0657,137.09,-69.8122,134.28,1
27,1620,25,-31.4998,-15.0752,71.8932,-47.6816,72.5678,-46.8088,72.0341,-49.4059,71.3053,-48.4314,71.7474,-45.8384,1
27,1620,29,14.7041,14.1968,-71.6997,-1.05979,-71.2204,-0.648446,-71.5657,-2.52352,-72.218,-1.48611,-71.8356,0.396484,1
27,1620,30,33.541,-8.21851,-56.0908,-0.954029,-55.8172,-0.0295098,-55.5206,-1.73716,-56.3706,-1.99788,-56.5846,-0.23725,1
27,1620,34,14.087,-14.4796,20.2051,-170.91,19.8471,-171.256,19.8151,-170.509,20.5543,-170.548,20.558,-171.294,1
27,1620,37,-31.8653,10.6138,49.151,16.5949,49.4421,17.4265,49.634,15.9871,48.8643,15.8503,48.5937,17.2586,2
27,1620,43,-35.6439,-2.09657,-27.3532,-164.801,-27.2413,-165.659,-28.0142,-164.722,-27.4458,-164.043,-26.6096,-164.896,1
27,1620,45,-32.5927,19.4779,29.0972,-114.486,29.1843,-115.23,28.3552,-114.481,29.0449,-113.787,29.9636,-114.466,3
27,1620,46,32.9548,24.859,45.3344,-71.6028,45.5939,-72.6945,44.6916,-71.8276,45.0392,-70.2998,45.9301,-71.3216,1
27,1620,50,19.4035,24.963,46.1624,18.7705,46.7334,18.2884,45.9141,18.0151,45.5281,19.3391,46.3741,19.5587,2
27,1620,53,-34.5451,-7.04315,-23.1517,106.093,-22.3378,106.155,-23.2426,105.376,-23.8641,106.033,-23.0316,106.885,1
27,1620,56,-39.1563,5.78275,-25.0374,-127.572,-24.8437,-128.482,-25.8266,-127.493,-25.1877,-126.77,-24.1145,-127.661,1
27,1620,58,-28.7045,-19.4131,26.6649,-80.1258,26.557,-81.0359,26.0645,-80.0342,26.7353,-79.3301,27.2901,-80.2597,1
27,1620,59,-30.3789,-12.7595,49.8238,-42.8947,50.0687,-44.0464,49.2246,-43.0993,49.5878,-41.8963,50.4724,-42.7032,1
27,1620,60,24.9558,-1.79765,-11.0974,-68.2379,-11.1554,-68.7764,-11.6657,-68.108,-11.0378,-67.659,-10.5723,-68.3575,1
27,1620,63,-21.8403,-1.91261,56.4994,37.7632,56.9582,37.1928,56.1765,37.0441,56.0684,38.2827,56.8406,38.5368,2
27,1620,64,-36.5574,13.4176,38.9284,89.1053,39.6016,89.3222,38.9228,88.1742,38.3152,88.9418,38.9126,90.1934,3
27,1620,69,-36.8438,-11.7568,-35.5878,-99.6736,-35.5013,-100.696,-36.2154,-99.5848,-35.6644,-98.7958,-34.8923,-99.7987,1
27,1620,72,38.5194,-4.36351,31.946,-7.92855,31.8509,-8.7672,31.1452,-7.51433,32.0344,-6.96818,32.6353,-8.29179,2
27,1620,73,33.5241,19.3035,61.6908,30.4256,61.8536,28.8291,61.0095,30.3335,61.4976,32.2876,62.3206,30.5886,4
27,1620,78,22.2084,-7.94084,-64.4632,-161.996,-63.9177,-162.01,-64.4976,-163.437,-65.0367,-162.008,-64.4126,-160.677,1
27,1620,81,36.916,-18.7086,58.0365,85.2537,58.4577,84.3972,57.2941,84.2908,57.5425,86.1227,58.6649,86.0689,1
27,1620,84,-25.5016,23.2792,-12.2785,-161.977,-11.7672,-161.772,-12.0459,-162.581,-12.7891,-162.147,-12.5657,-161.293,1
27,1620,87,-31.262,6.81398,-46.9947,-31.1835,-46.8866,-32.069,-47.5926,-31.1701,-47.0773,-30.3667,-46.3244,-31.1907,1
27,1620,91,22.7399,-13.5699,-16.7429,-121.922,-16.2188,-121.889,-16.7108,-122.578,-17.2864,-121.975,-16.7584,-121.327,1
27,1620,93,25.6111,20.136,-49.0685,-35.3746,-48.7089,-36.1711,-49.5494,-35.8377,-49.4523,-34.4386,-48.617,-34.8992,1
27,1620,94,29.5019,-2.22768,-36.3016,7.94847,-36.1588,7.25678,-36.9463,7.87726,-36.4586,8.70592,-35.7172,8.01211,1
27,1620,95,-37.0779,-8.02894,-7.96258,32.1707,-7.91387,31.3408,-8.60363,32.2915,-8.00852,32.8875,-7.24653,32.0185,9
27,1620,97,16.9225,17.8348,38.1,95.4655,38.232,94.7848,37.5999,95.2955,37.9679,96.2135,38.5901,95.6624,4
27,1620,98,-1.963,-18.9508,47.2162,138.884,47.576,138.311,46.8971,138.283,46.8589,139.402,47.5341,139.45,1
28,1680,3,35.8891,-11.2589,42.065,100.62,41.9315,99.6898,41.2088,101.089,42.1795,101.664,42.7957,100.195,4
28,1680,12,-32.7505,5.91254,5.00828,-63.5932,5.64099,-63.4491,5.01687,-64.2183,4.43149,-63.7138,4.99396,-62.8888,3
28,1680,19,5.97758,21.996,44.9967,176.756,45.1557,176.065,44.5461,176.461,44.8421,177.504,45.454,177.097,1
28,1680,20,31.3843,-0.365274,-66.964,137.132,-67.1689,135.774,-67.4933,138.015,-66.7274,138.609,-66.4807,136.371,1
28,1680,25,-31.8414,-5.15209,67.4163,-43.1007,67.9822,-42.2088,67.6063,-44.4837,66.9083,-43.8681,67.203,-41.5999,1
28,1680,29,-37.5021,10.6889,-71.7896,18.1726,-71.1095,18.5778,-71.8326,15.9478,-72.4004,17.8448,-71.7165,20.7522,1
28,1680,34,25.1508,-18.0619,23.5836,-170.183,23.2201,-170.594,23.0919,-169.689,23.9414,-169.736,24.0081,-170.637,1
28,1680,42,-28.3773,-1.31282,-45.8184,161.698,-45.5119,160.882,-46.3686,161.416,-46.0919,162.45,-45.216,161.993,1
28,1680,46,31.6783,-2.32906,45.7738,-71.0187,46.0877,-71.7777,45.1177,-71.3617,45.416,-70.1957,46.3617,-70.7034,4
28,1680,54,22.9454,6.64994,-51.2348,145.79,-50.7023,145.407,-51.5293,144.965,-51.8099,146.226,-50.9592,146.569,1
28,1680,60,-32.0722,-1.89747,-4.99575,-70.5989,-5.0478,-71.2703,-5.56592,-70.44,-4.94767,-69.9965,-4.36661,-70.7799,3
28,1680,64,-31.4194,20.0078,35.245,91.9916,35.8414,92.1585,35.3157,91.1452,34.6771,91.8739,35.1344,92.9695,2
28,1680,68,-21.5763,14.7658,-51.6747,-134.962,-51.3747,-135.663,-52.1479,-135.439,-51.9461,-134.259,-51.1585,-134.43,1
28,1680,70,-34.5822,2.89878,-27.1483,-43.0754,-27.2903,-43.8919,-27.7651,-42.7506,-27.0097,-42.3492,-26.4496,-43.4391,1
28,1680,73,22.3698,0.853089,63.677,31.8822,63.8515,30.6907,63.1037,31.5773,63.4785,33.1412,64.2128,32.185,6
28,1680,80,38.5539,-11.0626,41.3632,42.6901,41.4592,41.8419,40.5108,42.7935,41.2255,43.6357,42.0882,42.5887,2
28,1680,85,-23.8305,-13.48,-42.5028,-139.073,-41.8872,-139.052,-42.4993,-139.765,-43.0587,-139.107,-42.4847,-138.351,1
28,1680,88,-30.9737,18.1903,-14.0928,-2.28566,-14.1585,-2.89466,-14.7329,-2.12502,-14.003,-1.71753,-13.3509,-2.45106,1
28,1680,89,-26.7657,-15.2294,14.5774,13.6446,14.3541,12.9987,14.0869,13.8443,14.7623,14.225,15.085,13.4135,1
28,1680,92,27.1036,-13.7624,-41.9841,-86.3149,-41.4461,-86.4606,-42.1531,-87.2076,-42.5563,-86.1851,-41.8159,-85.5274,1
28,1680,97,31.9254,-23.4942,36.4927,95.7157,36.7286,95.0318,35.6829,95.2733,36.2018,96.4095,37.1868,96.0723,3
29,1740,0,20.605,8.80849,-54.3322,61.9507,-54.5439,60.989,-54.8702,62.3909,-54.0862,62.9766,-53.8103,61.5585,1
29,1740,12,-38.3037,-7.03393,3.63518,-61.7,4.45123,-61.5588,3.57105,-62.357,2.93374,-61.825,3.72318,-60.9581,4
29,1740,21,-27.0912,13.5747,-25.8629,145.008,-26.1072,144.46,-26.3475,145.356,-25.6144,145.516,-25.3126,144.634,3
29,1740,24,-34.9442,15.1611,79.5497,-171.414,79.5712,-174.94,78.8728,-170.906,79.5202,-168.199,80.3381,-172.006,1
29,1740,25,-21.6036,3.12941,62.7456,-42.4461,63.1928,-41.855,62.96,-43.4393,62.3188,-42.9801,62.5063,-41.3989,1
29,1740,34,33.8226,19.1114,31.0923,-169.576,30.5614,-170.126,30.7518,-168.957,31.7244,-168.942,31.4314,-170.135,1
29,1740,35,-21.0228,14.8624,65.9153,177.667,65.507,176.897,65.5927,178.733,66.3186,178.404,66.2726,176.483,2
29,1740,41,-17.8327,12.4724,-48.7573,115.329,-48.2826,114.964,-49.0203,114.597,-49.2123,115.712,-48.4778,116.122,1
29,1740,45,29.461,13.3948,29.6023,-104.544,29.6294,-105.293,28.9835,-104.476,29.5799,-103.696,30.1825,-104.585,2
29,1740,46,28.123,-24.9709,46.5845,-69.6492,46.8702,-70.4079,45.8775,-70.3381,46.2494,-68.9087,47.2004,-69.0746,1
29,1740,55,23.3341,4.60909,-47.5881,-152.074,-47.4029,-152.89,-48.1746,-152.267,-47.7789,-151.182,-47.0376,-151.887,1
29,1740,62,26.6979,17.8661,47.9787,-5.18401,48.1577,-6.07129,47.4275,-5.37099,47.7851,-4.17928,48.4998,-4.96537,1
29,1740,64,-40.7289,-0.0883083,34.7787,94.2593,35.5977,94.5188,34.714,93.3789,34.0731,94.047,34.8528,95.2844,1
29,1740,74,-12.3433,21.2914,55.7912,120.729,56.3228,120.856,55.9096,119.733,55.2471,120.649,55.6308,121.802,7
29,1740,77,-37.6299,1.48267,-39.1383,176.367,-38.3889,176.769,-39.0542,175.44,-39.7969,176.015,-39.222,177.433,1
29,1740,88,31.2909,21.9118,-13.1193,4.71689,-13.3698,4.05082,-13.6535,4.99276,-12.8031,5.48389,-12.5984,4.48836,1
29,1740,97,7.16949,-18.9676,40.7626,99.4047,40.9091,98.7569,40.2666,99.0949,40.5976,100.025,41.2334,99.6777,2
30,1800,10,-38.9012,0.257047,48.8655,-120.854,49.6416,-121.096,48.5289,-121.768,48.1909,-120.642,49.2482,-119.79,1
30,1800,15,-37.4095,-4.63304,-42.0421,54.2455,-41.6465,53.3317,-42.6713,54.0201,-42.381,55.0482,-41.3273,54.4799,1
30,1800,16,-30.8206,5.85213,-22.0258,91.5857,-21.9353,90.9217,-22.6255,91.611,-22.097,92.1961,-21.3558,91.5622,1
30,1800,17,-33.2973,1.80632,4.49806,115.789,4.52435,115.116,3.89333,115.898,4.4792,116.395,5.17528,115.666,1
30,1800,20,30.4046,-5.3803,-60.0829,140.849,-60.3076,139.842,-60.6141,141.569,-59.8378,141.938,-59.6044,140.216,1
30,1800,21,-35.3915,-11.0269,-24.2698,144.052,-24.6642,143.332,-24.708,144.49,-23.9325,144.678,-23.7978,143.557,2
30,1800,25,19.3726,-10.2072,59.0884,-47.5255,59.5237,-47.1177,59.3127,-48.5018,58.6415,-47.9573,58.8819,-46.6274,1
30,1800,28,31.5193,4.37945,-47.9884,-21.5114,-47.5274,-20.9815,-47.7073,-22.3264,-48.5016,-22.1116,-48.2462,-20.7662,1
30,1800,29,-38.6517,-13.1365,-74.7074,32.159,-73.8639,31.4195,-74.984,29.9837,-75.4223,32.8101,-74.3506,34.4561,1
30,1800,35,9.83252,21.9327,70.6353,-177.341,70.2041,-178.201,70.3149,-176.225,71.1107,-176.419,70.9753,-178.478,1
30,1800,44,-38.2924,3.40263,9.2322,-133.777,9.27394,-134.587,8.52463,-133.597,9.20396,-133.066,10.0492,-133.986,1
30,1800,45,26.7408,3.08216,31.6397,-102.718,31.7058,-103.396,31.0274,-102.704,31.5647,-101.979,32.2069,-102.725,3
30,1800,48,-36.8805,10.1902,23.1865,30.0504,23.8971,30.2845,23.2039,29.243,22.5449,29.8632,23.152,30.989,2
30,1800,64,-6.33007,17.5092,28.3541,94.7435,28.8388,94.7811,28.4183,94.1829,27.8567,94.7255,28.2668,95.3347,1
30,1800,66,-28.9322,14.2149,-27.7377,141.659,-27.1602,141.78,-27.7014,140.959,-28.2835,141.567,-27.7883,142.45,2
30,1800,69,-20.7586,3.0826,-27.7597,-88.1683,-27.7623,-88.7727,-28.2724,-88.1172,-27.7504,-87.5961,-27.211,-88.2204,1
30,1800,71,39.0918,6.57501,10.6622,-19.1343,10.4362,-19.8926,9.98549,-18.6572,10.9274,-18.247,11.2638,-19.5414,1
30,1800,74,4.06246,-19.613,54.9462,118.347,55.4894,118.376,55.0539,117.377,54.4239,118.284,54.8569,119.262,2
30,1800,79,13.306,-12.9385,-55.4178,-58.8349,-55.4898,-59.7443,-55.9915,-58.737,-55.3533,-57.9171,-54.8827,-58.9445,1
30,1800,94,38.6406,-10.2402,-30.7445,17.8483,-30.5686,17.0945,-31.6309,17.8427,-30.9595,18.6951,-29.9897,17.8444,1
30,1800,97,34.4583,-8.34428,39.9579,106.098,40.2939,105.421,39.2458,105.729,39.5687,106.827,40.5824,106.419,2
31,1860,5,24.3412,24.2009,44.0345,-119.103,44.7417,-118.835,44.2097,-119.944,43.2137,-119.365,43.8182,-118.297,3
31,1860,10,26.5688,-0.556138,41.5895,-120.093,42.1118,-120.295,41.3517,-120.818,41.0224,-119.882,41.8032,-119.421,2
31,1860,12,31.0141,6.19138,-7.53003,-61.5105,-6.93213,-61.4275,-7.5593,-62.1392,-8.19958,-61.5993,-7.51238,-60.9344,2
31,1860,45,-28.0167,14.2907,38.788,-102.625,38.9032,-103.388,38.1497,-102.688,38.6953,-101.902,39.5064,-102.533,1
31,1860,48,-39.1649,7.85746,20.6883,32.5096,21.4501,32.7794,20.6909,31.6844,20.0132,32.2921,20.675,33.4771,2
31,1860,60,-31.3207,16.5947,5.79086,-63.6864,5.78177,-64.3012,5.13345,-63.5808,5.82385,-63.1128,6.54895,-63.7911,2
31,1860,63,-38.0984,-0.65044,53.1635,62.9656,53.9377,62.8017,52.8884,61.939,52.4883,63.11,53.4728,64.1512,1
31,1860,64,-22.5532,-5.04485,27.8752,97.0806,28.443,97.1613,27.8994,96.4998,27.3501,97.0028,27.8539,97.6955,1
31,1860,81,34.094,23.8249,56.8421,121.341,57.5074,120.658,56.4697,120.411,56.0573,122.165,57.1506,122.272,2
31,1860,94,38.7544,2.83526,-27.2392,22.0436,-27.1206,21.2517,-28.0227,22.1704,-27.3724,22.9609,-26.5529,21.9441,2
32,1920,2,-7.5877,-21.0457,23.1496,85.4646,22.7863,84.9065,22.6227,85.726,23.4666,85.9984,23.6485,85.1849,2
32,1920,9,7.29678,24.6891,-72.2064,25.9236,-72.1513,23.9545,-72.7668,25.482,-72.2151,28.0846,-71.6264,26.4548,1
32,1920,10,12.9175,-14.1109,41.5765,-116.437,42.0421,-116.635,41.4456,-117.139,41.1041,-116.261,41.7067,-115.784,1
32,1920,11,-37.1588,17.4146,20.1344,-77.2236,20.801,-77.0104,20.1757,-78.0395,19.5215,-77.3835,20.0622,-76.2577,1
32,1920,15,-37.6573,-13.8146,-39.3409,61.6183,-39.0448,60.5517,-39.9746,61.5114,-39.5955,62.5263,-38.6319,61.7001,1
32,1920,23,-39.1058,2.85049,55.5157,158.794,55.2084,157.579,54.9997,159.576,55.7818,159.865,56.1051,157.861,1
32,1920,36,-29.3686,-17.6349,68.6316,22.1762,69.0275,23.8656,69.0727,21.2756,68.2846,20.7231,68.1758,23.1482,1
32,1920,37,5.52737,24.1406,29.4722,8.65231,29.851,9.05463,29.8591,8.29214,29.0453,8.24154,29.0498,9.00368,3
32,1920,45,-25.0432,-14.3094,39.1266,-101.713,39.1505,-102.59,38.5745,-101.723,39.0868,-100.929,39.7048,-101.73,1
32,1920,48,-28.1906,23.3528,15.6352,34.6119,16.2277,34.7573,15.7736,33.8843,15.0554,34.5102,15.4459,35.4492,6
32,1920,50,30.0286,1.77247,37.3292,36.1122,37.959,36.0297,37.1378,35.2867,36.6327,36.2007,37.4935,36.8695,1
32,1920,55,40.3069,-3.72984,-43.7899,-138.674,-43.5527,-139.688,-44.7347,-138.649,-44.0665,-137.498,-42.9842,-138.693,1
32,1920,57,26.5452,24.9447,13.7298,-85.692,13.5931,-86.4402,13.1164,-85.5799,13.9145,-84.8279,14.3358,-85.76,1
32,1920,60,-8.72969,-22.4554,4.61537,-62.0574,4.44667,-62.6047,4.10027,-62.0069,4.75064,-61.547,5.1111,-62.1301,3
32,1920,62,-19.8375,23.2076,55.8167,9.99989,56.1148,9.2178,55.3458,9.3583,55.5388,10.7985,56.3268,10.7729,2
32,1920,64,-21.3039,-2.85016,24.6779,99.4932,25.2256,99.585,24.7159,98.9342,24.1666,99.4067,24.6398,100.085,1
32,1920,68,15.3913,-16.6226,-49.8064,-115.994,-49.6827,-116.742,-50.3489,-116.283,-49.9441,-115.245,-49.3019,-115.756,1
32,1920,72,32.4077,-21.1459,46.8049,1.3693,46.7747,0.455631,45.9014,1.4727,46.7894,2.34304,47.5723,1.24787,3
32,1920,74,-6.13266,21.0552,46.128,129.13,46.6433,129.3,46.3012,128.383,45.5889,128.991,45.9158,129.916,4
32,1920,78,-14.2953,-19.8309,-67.812,-118.496,-67.4106,-119.764,-68.1791,-119.558,-68.1848,-117.331,-67.4239,-117.519,1
32,1920,81,40.4708,2.81436,55.4876,123.121,56.1832,122.8,55.0384,121.952,54.6744,123.477,55.8597,124.163,3
32,1920,91,29.1207,-16.1611,-29.9817,-108.963,-29.4176,-108.949,-30.0023,-109.812,-30.5789,-109.007,-29.9446,-108.218,1
32,1920,94,36.0585,-16.264,-25.8267,22.8739,-25.6983,22.1886,-26.7098,22.8299,-25.9947,23.6207,-25.0752,22.8947,1
32,1920,99,34.8038,-0.329099,19.4657,-160.88,20.1042,-160.837,19.3399,-161.634,18.7481,-160.933,19.5715,-160.208,1
33,1980,4,-36.4516,4.83059,73.5954,-142.189,74.3974,-141.595,73.5201,-144.878,72.8807,-142.629,73.6379,-139.076,1
33,1980,17,-22.7007,-7.97752,11.6893,122.8,11.6485,122.205,11.1814,122.867,11.7196,123.348,12.2225,122.72,2
33,1980,19,-24.2694,5.73061,51.6383,-159.58,52.0341,-160.209,51.2194,-160.13,51.2685,-158.99,52.0885,-158.964,1
33,1980,23,-38.03,-12.2755,57.6391,159.6,57.1997,158.27,57.1872,160.4,57.9938,160.768,58.1213,158.65,2
33,1980,37,22.516,-12.1068,28.9431,6.66477,29.2664,7.10862,29.3902,6.21401,28.6164,6.19411,28.5413,7.08055,2
33,1980,39,36.4046,0.224518,-43.8175,-0.193438,-43.4892,0.567221,-43.3074,-0.903274,-44.18,-1.06891,-44.2669,0.439143,1
33,1980,42,22.8239,8.38668,-39.824,-172.89,-39.7604,-173.622,-40.3899,-172.903,-39.8806,-172.09,-39.2866,-172.863,1
33,1980,44,-27.9897,-0.187372,16.9252,-126.493,16.9058,-127.159,16.3512,-126.387,16.9432,-125.883,17.551,-126.613,1
33,1980,45,25.4619,4.25149,38.7847,-92.5598,38.9104,-93.2778,38.1914,-92.6368,38.6453,-91.7789,39.3374,-92.4782,3
33,1980,48,-29.8659,-0.435982,14.7723,35.3011,15.4226,35.4348,14.7874,34.681,14.1813,35.1827,14.7574,35.9829,8
33,1980,50,28.8232,24.0491,33.6798,42.1028,34.4261,41.9148,33.5249,41.3552,32.8137,42.3514,33.7844,42.8367,2
33,1980,56,-28.0347,22.2399,-8.15528,-110.812,-8.13725,-111.45,-8.8866,-110.798,-8.13498,-110.198,-7.30914,-110.802,1
33,1980,57,-27.8417,11.3129,18.887,-88.7627,18.9056,-89.4307,18.2418,-88.6935,18.8847,-88.1363,19.6103,-88.8288,3
33,1980,58,23.7853,0.878452,39.1815,-55.3331,39.3211,-56.0546,38.5732,-55.4447,39.0252,-54.5597,39.7478,-55.2235,1
33,1980,59,-38.6334,10.5325,55.6837,-3.34384,56.4133,-3.99157,55.1215,-4.38036,55.0452,-2.75524,56.3277,-2.0726,1
33,1980,63,-26.3313,0.449695,47.7626,71.3585,48.349,71.2827,47.6436,70.5679,47.2213,71.4306,47.8871,72.2199,3
33,1980,81,2.18097,-21.6079,58.3399,128.608,58.8105,128.22,58.2314,127.632,57.8828,128.931,58.4549,129.524,1
33,1980,88,21.3509,23.3022,0.766394,9.833,0.534376,9.28516,0.273655,10.0162,1.0499,10.4423,1.26575,9.67941,1
33,1980,89,25.1851,-5.25734,29.4911,27.5744,29.4234,26.9845,28.9201,27.7248,29.5529,28.2064,30.0136,27.4312,1
33,1980,90,29.1336,8.76427,-9.13498,-131.845,-8.52992,-131.804,-9.18873,-132.458,-9.8112,-131.883,-9.09707,-131.275,1
34,2040,4,-34.6989,0.995812,70.9422,-136.119,71.7142,-135.474,70.9391,-138.317,70.2529,-136.634,70.9182,-133.639,1
34,2040,9,33.0002,5.41365,-70.3966,44.2229,-70.4242,42.1035,-71.1139,44.8477,-70.3324,46.6076,-69.7433,43.7271,1
34,2040,10,-40.2532,-5.17492,41.6035,-103.915,42.4702,-103.949,41.3669,-104.789,40.8637,-103.887,41.8809,-102.908,1
34,2040,18,-25.6244,-7.43837,39.6112,154.637,39.714,153.854,39.0844,154.581,39.5076,155.347,40.1732,154.684,1
34,2040,24,-33.4432,24.3555,76.8076,-57.2541,77.3567,-56.0168,77.0474,-60.3682,76.2682,-58.1735,76.451,-53.7513,2
34,2040,30,-12.9273,22.6727,-85.6659,-15.8319,-85.4531,-10.0044,-85.1493,-17.6506,-85.857,-22.2171,-86.2336,-13.5876,4
34,2040,41,16.0697,23.2581,-52.7837,145.588,-52.4876,144.738,-53.2275,145.076,-53.0839,146.565,-52.3494,146.135,1
34,2040,50,9.03458,17.2075,33.5657,45.9259,34.1109,45.8467,33.5287,45.2898,32.9852,46.0307,33.5801,46.5736,2
34,2040,64,19.2943,6.75993,15.8498,101.501,16.3591,101.58,15.8919,100.962,15.3024,101.422,15.8002,102.016,6
34,2040,70,-37.4389,5.79783,-5.98756,-35.4765,-6.16151,-36.248,-6.63518,-35.1126,-5.81985,-34.7974,-5.23723,-35.8936,2
34,2040,73,37.9614,-4.65503,63.5923,81.2675,64.2699,80.802,63.1204,79.6584,62.8172,81.7417,63.9861,82.7005,2
34,2040,79,9.97731,-23.3814,-43.4096,-48.6504,-43.6081,-49.3682,-44.0288,-48.5171,-43.2389,-47.9472,-42.847,-48.8011,1
34,2040,84,19.4623,-3.78792,-34.9031,-153.905,-34.4278,-153.76,-34.8001,-154.542,-35.4006,-154.065,-34.9942,-153.307,1
34,2040,97,30.1172,8.48481,44.1204,127.132,44.5371,126.498,43.6002,126.664,43.6546,127.838,44.5918,127.586,2
35,2100,2,22.6131,21.5312,37.0356,93.7085,36.7037,92.9553,36.4954,94.0672,37.4271,94.5533,37.5805,93.3878,3
35,2100,9,29.5571,-12.4357,-68.7357,45.8803,-68.7598,44.1423,-69.5205,46.2265,-68.7122,47.7433,-68.0433,45.5636,2
35,2100,10,31.7628,16.2522,32.3087,-103.405,32.9677,-103.53,32.1185,-104.097,31.5532,-103.244,32.4588,-102.75,1
35,2100,11,-28.533,3.74543,12.0572,-72.0941,12.6491,-71.9894,12.0652,-72.6771,11.5109,-72.1838,12.0452,-71.452,1
35,2100,24,-27.6678,10.407,74.5464,-55.6403,75.0562,-54.7693,74.695,-57.7047,74.0605,-56.361,74.3502,-53.4006,1
35,2100,29,36.7733,6.10209,-75.3228,127.478,-75.4787,124.94,-75.9167,128.913,-75.1071,130.318,-74.7813,126.33,1
35,2100,30,3.04268,-21.3865,-84.9551,-29.8619,-84.8132,-24.3576,-84.4278,-30.0606,-85.0247,-35.397,-85.4496,-29.3843,2
35,2100,43,35.2254,14.0367,-8.03651,-138.873,-8.11273,-139.617,-8.70105,-138.645,-7.93175,-138.009,-7.42415,-139.056,1
35,2100,47,38.505,10.5571,29.9814,9.16127,30.7582,9.1608,29.753,8.30537,29.0682,9.17248,30.1588,9.93022,3
35,2100,48,32.2682,2.16696,4.89067,34.9489,5.51185,35.0748,4.88667,34.2586,4.19706,34.8077,4.88778,35.5722,3
35,2100,50,-19.0785,-1.79102,34.194,49.5341,34.7771,49.5299,34.1559,48.8776,33.6449,49.5374,34.2339,50.2263,1
35,2100,53,-18.1326,11.7329,-44.002,133.645,-43.4644,133.446,-44.1681,132.885,-44.5207,133.861,-43.8277,134.467,1
35,2100,64,22.7661,-20.6454,14.659,101.73,15.1809,101.819,14.8213,101.051,14.1316,101.611,14.5313,102.336,4
35,2100,71,38.6131,-13.2539,25.7067,-13.4726,25.6109,-14.2435,24.802,-13.086,25.7795,-12.6015,26.4648,-13.8149,1
35,2100,77,-15.9323,15.1312,-59.3563,-164.925,-58.82,-164.939,-59.359,-166.024,-59.8858,-164.875,-59.3581,-163.734,1
35,2100,80,-5.63095,21.8257,61.5447,77.9631,61.7555,77.0374,61.1204,77.4017,61.3394,78.9327,61.9854,78.6202,4
35,2100,85,1.38011,24.084,-61.2709,-101.409,-60.8502,-101.98,-61.4764,-102.358,-61.7037,-100.739,-61.0684,-100.395,1
35,2100,88,33.1188,-14.2847,3.69865,12.2932,3.608,11.7241,2.96958,12.5083,3.77313,12.914,4.32859,12.0943,1
35,2100,94,36.7102,13.0566,-15.5921,33.1891,-15.5824,32.4231,-16.282,33.365,-15.5872,34.0851,-14.9652,33.0551,2
35,2100,99,-35.866,-16.6755,17.8688,-149.254,18.7529,-149.26,17.77,-149.905,17.1171,-149.265,18.0061,-148.545,1
36,2160,2,30.5648,6.36367,38.6453,95.5626,38.4153,94.7412,38.0345,96.0085,38.9008,96.4868,39.2095,95.1607,5
36,2160,4,-33.7856,-14.8206,66.2399,-128.293,67.1231,-127.726,66.3014,-129.961,65.4815,-128.783,66.1826,-126.477,1
36,2160,10,35.5292,1.65024,30.5465,-101.835,31.1894,-101.845,30.3591,-102.631,29.8184,-101.826,30.7033,-101.123,2
36,2160,11,-27.2723,-3.30997,9.60162,-70.3789,10.2076,-70.2996,9.60074,-70.9307,9.04849,-70.4524,9.6077,-69.7824,2
36,2160,12,-10.8331,-18.7754,-17.5243,-48.5003,-16.9697,-48.5369,-17.4878,-49.0229,-18.0392,-48.4838,-17.539,-47.984,1
36,2160,16,-33.7743,1.83205,-5.51174,105.619,-5.47217,104.938,-6.12353,105.722,-5.54113,106.231,-4.82499,105.503,1
36,2160,24,-27.3869,-16.7176,73.4018,-53.8699,74.0502,-53.2037,73.5242,-55.6618,72.8305,-54.4651,73.2794,-51.9955,1
36,2160,28,26.9337,23.3165,-71.5649,-7.6136,-70.9488,-7.06604,-71.4129,-9.28205,-72.2791,-8.21375,-71.7302,-5.99604,1
36,2160,29,39.62,-9.82297,-73.5301,131.671,-73.6598,129.409,-74.2823,133.174,-73.3745,134.21,-72.8868,130.477,1
36,2160,33,23.5717,17.3839,21.265,-172.269,20.8246,-172.667,20.9382,-171.818,21.7667,-171.836,21.5973,-172.693,1
36,2160,37,39.6694,8.87479,15.5784,3.24251,16.0342,3.84689,15.9985,2.58636,15.035,2.53933,15.1928,3.80694,6
36,2160,47,34.9409,1.58054,28.5631,11.6346,29.2285,11.6854,28.4314,10.8095,27.8114,11.5754,28.6703,12.3721,1
36,2160,64,-3.14266,-23.7222,13.0727,105.599,13.6259,105.616,13.2136,105.071,12.5583,105.56,12.9613,106.105,6
36,2160,65,22.5275,4.31032,-19.5964,126.379,-19.077,126.477,-19.5507,125.802,-20.1572,126.275,-19.6437,126.923,3
36,2160,80,4.46177,-19.4344,60.8296,78.7296,61.0379,77.8002,60.4,78.1329,60.6057,79.598,61.2417,79.2763,1
36,2160,89,38.9809,7.01397,38.5897,37.5775,38.5992,36.667,37.8733,37.8458,38.5739,38.639,39.2239,37.3544,1
36,2160,93,21.6936,-8.96897,-37.0936,2.47467,-36.9685,1.84541,-37.6741,2.32761,-37.2323,3.13199,-36.5581,2.59897,1
36,2160,94,-29.2497,19.0328,-8.03472,31.229,-7.9598,30.6288,-8.70352,31.2094,-8.07657,31.8018,-7.26776,31.2718,6
36,2160,96,26.8905,3.83905,35.6812,90.2623,35.8571,89.597,35.0958,90.1318,35.4864,90.9883,36.2227,90.3927,2
36,2160,97,-8.5392,22.5064,47.6599,139.239,48.0382,138.729,47.3493,138.593,47.2835,139.785,47.9734,139.966,2
37,2220,1,-20.4066,18.0366,10.6315,79.1527,10.3681,78.6116,10.0589,79.4461,10.9117,79.6724,11.2759,78.8438,1
37,2220,2,35.7726,-2.35151,40.8761,97.6029,40.709,96.6746,40.1267,98.1122,41.0465,98.6588,41.533,97.1484,7
37,2220,4,-30.2792,4.61706,60.7243,-123.198,61.3581,-122.559,60.8957,-124.53,60.1383,-123.744,60.5155,-121.733,1
37,2220,10,-25.3334,-10.1996,33.2352,-95.3797,33.8572,-95.4307,33.1626,-96.0025,32.6713,-95.3441,33.3225,-94.7222,1
37,2220,16,12.3427,15.9072,-4.51045,111.871,-4.57287,111.364,-4.99916,111.919,-4.42817,112.414,-4.01957,111.841,1
37,2220,24,-21.0822,-9.3367,68.9817,-50.0962,69.498,-49.5025,69.1433,-51.3864,68.5069,-50.6379,68.8133,-48.7599,2
37,2220,28,19.7175,8.4387,-73.2894,-2.40347,-72.8061,-1.91952,-73.1703,-4.09588,-73.8111,-2.93219,-73.4,-0.76295,1
37,2220,29,36.0127,6.26838,-68.1737,135.429,-68.4174,133.808,-68.7079,136.566,-67.8723,137.238,-67.6829,134.481,1
37,2220,30,32.7067,22.3595,-80.3169,-136.599,-81.0387,-136.928,-80.2718,-132.953,-79.4655,-136.401,-80.2874,-140.04,1
37,2220,36,-30.5111,-17.6561,49.9947,14.0343,50.4763,14.9277,50.3963,13.4334,49.5816,13.2553,49.5836,14.6925,2
37,2220,37,36.9881,-11.3409,13.9495,3.33143,14.2863,3.87164,14.5265,2.72979,13.5914,2.71949,13.4593,3.8519,6
37,2220,44,27.0673,-24.5124,22.9006,-114.544,22.9075,-115.18,22.0806,-114.641,22.8509,-113.893,23.6095,-114.484,1
37,2220,45,30.6005,21.9692,46.0563,-72.5827,46.3221,-73.5721,45.4508,-72.8406,45.7584,-71.4271,46.6195,-72.2817,2
37,2220,53,36.9173,-6.24367,-51.5535,137.094,-50.866,136.872,-51.9267,135.83,-52.3305,137.326,-51.2167,138.169,1
37,2220,56,-30.438,-11.1402,0.859878,-104.898,0.777178,-105.661,0.261454,-104.757,0.923185,-104.222,1.50121,-105.068,1
37,2220,59,25.2417,24.5741,44.9709,18.0228,45.6033,17.5372,44.6895,17.2562,44.2525,18.6049,45.2066,18.8069,1
37,2220,62,-25.6644,-12.3001,56.7345,36.9981,57.2531,36.3021,56.3994,36.2529,56.2585,37.5931,57.0961,37.7787,2
37,2220,68,-29.5891,-24.9212,-35.8759,-100.938,-35.9415,-101.972,-36.451,-100.928,-35.8365,-100.056,-35.2819,-100.999,1
37,2220,69,34.1901,13.788,-8.84969,-67.8195,-8.95891,-68.5066,-9.46007,-67.5827,-8.70849,-67.0283,-8.28326,-68.0145,2
37,2220,72,30.3268,19.2626,62.791,30.3227,62.9631,28.7881,62.1565,30.1269,62.5923,32.0854,63.3847,30.585,4
37,2220,79,20.8654,24.1817,-29.4253,-39.629,-29.7314,-40.2923,-29.9457,-39.3538,-29.0509,-38.8972,-28.8914,-39.8646,1
37,2220,80,-3.69215,-23.528,62.238,85.144,62.4874,84.1046,61.8447,84.4185,61.9799,86.0735,62.6234,85.813,1
37,2220,86,-27.6089,20.3715,-44.9722,-29.8962,-44.9073,-30.6849,-45.6054,-29.9424,-45.0009,-29.1344,-44.2492,-29.8157,1
37,2220,87,-24.38,16.4812,-16.2772,-4.97202,-16.3687,-5.52256,-16.8379,-4.83369,-16.1672,-4.4467,-15.647,-5.10956,1
37,2220,90,31.4714,-10.765,-18.8409,-123.68,-18.2628,-123.6,-18.8449,-124.45,-19.4654,-123.785,-18.826,-123,1
37,2220,93,27.9025,-19.5837,-36.1341,5.38302,-36.0015,4.70891,-36.8632,5.15866,-36.2977,6.08093,-35.4922,5.55424,1
37,2220,94,-30.2826,-3.66659,-6.90268,31.9347,-6.8727,31.2657,-7.47902,32.0044,-6.93027,32.5375,-6.27314,31.8512,6
37,2220,96,18.4451,3.78605,38.2208,93.628,38.3846,93.0081,37.7108,93.4531,38.0456,94.2853,38.7064,93.8036,3
38,2280,2,36.2724,-12.6883,43.0765,98.8464,42.9538,97.8922,42.187,99.311,43.175,99.9155,43.8308,98.4242,2
38,2280,4,-39.0117,6.06693,57.6106,-117.992,58.3231,-117.026,57.8449,-119.472,56.9723,-118.783,57.3125,-116.287,1
38,2280,11,-38.0049,14.8179,3.22375,-63.6436,3.90379,-63.417,3.26591,-64.4045,2.60539,-63.821,3.15822,-62.7444,2
38,2280,19,39.8608,3.25594,43.251,-134.108,43.9252,-134.465,42.7397,-134.949,42.4643,-133.704,43.683,-133.357,1
38,2280,20,-18.9667,24.2439,-26.8133,143.418,-27.0818,142.932,-27.3231,143.715,-26.5167,143.887,-26.2289,143.112,1
38,2280,24,-20.753,11.4301,63.7076,-45.5671,64.1417,-44.9734,63.9424,-46.6157,63.2805,-46.0971,63.4345,-44.4557,1
38,2280,29,34.9234,-15.5688,-66.6324,136.059,-66.8191,134.658,-67.3384,137.017,-66.4399,137.587,-66.0279,135.25,1
38,2280,33,-27.9908,-8.92248,26.15,-178.055,25.6708,-178.524,25.8387,-177.569,26.5752,-177.623,26.4711,-178.586,1
38,2280,34,-17.8729,10.8646,63.7824,177.014,63.3892,176.317,63.4775,177.935,64.1689,177.689,64.1123,176.013,1
38,2280,45,36.4307,-7.07991,45.5478,-71.668,45.9323,-72.4424,44.7831,-72.1041,45.0979,-70.8262,46.2117,-71.2853,1
38,2280,54,19.4038,4.75394,-48.2482,-157.578,-48.0567,-158.362,-48.7966,-157.814,-48.4435,-156.732,-47.7264,-157.349,1
38,2280,55,-24.6811,-6.98374,-23.6944,-125.821,-23.6914,-126.538,-24.2641,-125.769,-23.6997,-125.166,-23.0896,-125.888,1
38,2280,57,-38.1347,12.4136,34.0063,-76.9403,34.1808,-77.8787,33.1895,-76.8834,33.8698,-76.101,34.9711,-76.9941,1
38,2280,63,-33.5864,10.6325,34.726,90.4504,35.3584,90.6373,34.7411,89.649,34.1449,90.3023,34.6927,91.3658,1
38,2280,69,-35.6503,-2.61477,-3.25912,-72.4285,-3.30414,-73.1665,-3.86316,-72.2387,-3.2183,-71.7784,-2.58257,-72.6491,2
38,2280,70,-36.6216,16.9165,9.22183,-30.546,9.07748,-31.2788,8.48567,-30.2071,9.38316,-29.8874,10.1009,-30.9318,1
38,2280,72,37.9105,-8.88387,62.1599,32.3032,62.4984,30.992,61.2915,31.8172,61.7461,33.7229,62.904,32.7294,2
38,2280,87,-23.4227,6.31862,-13.8569,-3.69071,-13.9638,-4.23298,-14.3606,-3.52898,-13.7469,-3.18076,-13.3079,-3.86077,1
38,2280,88,-40.2149,-3.60251,18.025,11.0664,17.8847,10.1991,17.4152,11.401,18.1428,11.8107,18.7208,10.6675,2
38,2280,94,-25.5851,-13.8667,-5.22855,34.0085,-5.26939,33.3426,-5.76567,34.062,-5.20342,34.6061,-4.66654,33.933,1
38,2280,96,39.3314,-10.0821,37.017,97.3464,37.3757,96.616,36.148,97.0301,36.5859,98.1505,37.7556,97.6118,1
39,2340,4,-11.8787,18.7343,51.8583,-120.38,52.3788,-120.04,52.1046,-121.251,51.3225,-120.682,51.5659,-119.463,2
39,2340,8,22.2661,7.44624,-76.9541,-17.3837,-76.4788,-19.0142,-77.3714,-19.3845,-77.4539,-15.4511,-76.5521,-15.5653,2
39,2340,15,-36.865,-0.687827,-23.2033,86.7709,-23.0739,85.9672,-23.8546,86.8397,-23.3103,87.4788,-22.4644,86.6874,1
39,2340,20,-23.0181,-6.00538,-25.6909,143.009,-25.991,142.484,-26.0895,143.341,-25.416,143.493,-25.2732,142.654,2
39,2340,23,21.286,20.6254,77.16,-148.516,77.2734,-151.026,76.6605,-149.034,77.0247,-145.742,77.6444,-147.852,1
39,2340,29,22.0491,-24.2344,-63.2233,134.853,-63.4613,133.822,-63.8646,135.362,-63.0048,135.904,-62.6643,134.379,1
39,2340,35,-8.67129,-17.2149,77.9722,22.5282,78.2489,24.7068,78.4088,21.4736,77.7108,20.537,77.5466,23.5668,1
39,2340,38,-21.5657,11.7254,-32.0718,6.30231,-31.746,6.78038,-31.6758,5.87947,-32.3942,5.84963,-32.5102,6.75945,1
39,2340,41,-21.7365,9.66074,-43.792,167.719,-43.5838,167.005,-44.3289,167.484,-43.9754,168.412,-43.2093,167.981,1
39,2340,42,31.6761,18.4377,-23.6777,-153.645,-23.756,-154.424,-24.3019,-153.471,-23.5621,-152.745,-23.0864,-153.774,1
39,2340,63,-32.4738,7.17335,32.042,92.7322,32.6677,92.9077,32.058,91.9931,31.469,92.5877,32.0134,93.5657,1
39,2340,69,-33.3923,0.323436,-0.0858166,-70.0851,-0.127946,-70.7655,-0.674936,-69.917,-0.0444786,-69.4758,0.571701,-70.2759,1
39,2340,73,-20.083,17.8298,55.1699,120.673,55.7128,120.898,55.2982,119.644,54.6318,120.496,54.9998,121.795,6
39,2340,84,12.3717,16.3312,-50.7396,-136.693,-50.2379,-136.733,-50.7472,-137.456,-51.278,-136.624,-50.7441,-135.928,1
39,2340,86,-38.1518,-2.13157,-40.1657,-26.6813,-40.1074,-27.6901,-40.8081,-26.4967,-40.2075,-25.802,-39.4349,-26.8979,1
39,2340,91,-33.0653,15.7851,-40.3126,-75.5251,-39.6878,-75.7405,-40.604,-76.3576,-40.8827,-75.2901,-39.9829,-74.5623,1
39,2340,92,-36.4846,-1.20778,-41.8654,-29.7176,-41.386,-30.5088,-42.4693,-30.0796,-42.2802,-29.01,-41.1777,-29.3238,1
39,2340,96,27.6135,-23.3116,39.4157,99.2569,39.6524,98.5868,38.7191,98.7686,39.1345,99.9225,40.0266,99.6617,1
40,2400,4,-21.5302,-22.4044,52.7574,-119.458,53.5032,-119.114,52.9814,-120.382,52.1034,-119.789,52.556,-118.514,2
40,2400,18,30.9869,21.2388,45.5644,-171.99,45.9057,-172.861,45.011,-172.338,45.1787,-170.973,46.073,-171.611,1
40,2400,19,4.53274,24.7191,43.2368,-120.721,43.7142,-121.016,43.1039,-121.393,42.7308,-120.375,43.3466,-120.001,1
40,2400,38,20.2635,-4.16613,-34.2489,1.6185,-33.943,2.08803,-33.843,1.18725,-34.5642,1.11673,-34.625,2.02768,1
40,2400,43,-26.464,23.9984,11.3141,-132.686,11.3046,-133.293,10.6164,-132.673,11.3596,-132.096,12.1203,-132.674,1
40,2400,44,32.8253,-9.10499,31.3678,-104.277,31.492,-104.983,30.6059,-104.31,31.2109,-103.51,32.0384,-104.256,4
40,2400,63,-33.8689,-19.8868,31.4418,93.3734,32.3015,93.4031,31.4116,92.6742,30.7109,93.3274,31.5056,94.1233,1
40,2400,69,-18.2173,19.4239,3.527,-65.8537,3.45818,-66.366,2.97233,-65.793,3.61801,-65.3487,4.14147,-65.9018,2
40,2400,71,20.1746,-17.6706,43.1988,-6.41786,43.0775,-7.14945,42.5426,-6.2755,43.2944,-5.66297,43.7884,-6.57177,1
40,2400,73,-17.4403,-12.3312,54.3212,120.885,54.918,121.026,54.399,119.987,53.7708,120.739,54.2498,121.805,4
40,2400,78,25.2691,5.03967,-53.3944,-56.4039,-53.4926,-57.3733,-53.9726,-56.1035,-53.2747,-55.3517,-52.851,-56.665,1
40,2400,88,26.8503,-16.0008,20.5508,19.8523,20.4596,19.2965,19.8923,19.9931,20.6226,20.4403,21.1325,19.7118,1
40,2400,93,16.4792,22.0634,-25.5186,17.6917,-25.5388,17.0574,-26.0421,17.6736,-25.4705,18.393,-24.993,17.7396,2
41,2460,19,19.6218,-7.96364,41.6646,-120.689,42.1433,-120.876,41.4894,-121.398,41.1632,-120.51,41.8294,-120.031,1
41,2460,27,38.947,9.90357,-54.5295,-23.7759,-53.9631,-23.0227,-54.2641,-24.9333,-55.1928,-24.6754,-54.7721,-22.7502,1
41,2460,36,-16.5216,24.8486,31.0202,8.6524,31.3535,9.10872,31.4914,8.27288,30.6573,8.21558,30.4782,9.04804,1
41,2460,39,-38.7474,-0.155747,-74.5463,9.72253,-74.0375,11.8983,-74.1672,7.64507,-74.9744,7.72459,-74.9515,12.2408,3
41,2460,43,-31.5266,-4.49273,12.2851,-132.895,12.2483,-133.619,11.6928,-132.755,12.3143,-132.248,12.9335,-133.06,1
41,2460,47,14.5125,-15.2853,17.6564,25.1648,18.1723,25.2023,17.7364,24.5562,17.1385,25.1088,17.5944,25.7297,2
41,2460,54,-24.9449,-1.14062,-39.2476,-148.394,-39.0824,-149.182,-39.8217,-148.504,-39.3947,-147.662,-38.6286,-148.282,1
41,2460,63,28.4467,-20.5692,24.7077,90.8467,25.2574,90.94,24.8305,90.0233,24.1386,90.7161,24.6156,91.5652,1
41,2460,69,16.0902,23.6164,5.26261,-61.263,5.10935,-61.8148,4.75337,-61.1706,5.45554,-60.6557,5.78315,-61.3283,1
41,2460,80,35.4106,18.6558,56.1809,121.094,56.8499,120.559,55.8063,120.14,55.3975,121.734,56.4923,122.019,1
41,2460,93,32.417,3.13134,-25.365,20.3566,-25.2933,19.674,-26.029,20.4254,-25.4409,21.1214,-24.7637,20.3025,1
42,2520,0,-14.2612,21.4291,-5.95871,74.0418,-6.23773,73.5374,-6.52069,74.3029,-5.65112,74.5374,-5.3303,73.7772,1
42,2520,1,30.9239,14.8331,26.8283,88.8579,26.4987,88.1194,26.2633,89.3028,27.216,89.7011,27.3676,88.4636,4
42,2520,8,20.438,23.189,-72.4554,29.5388,-72.4575,27.2806,-73.0579,29.4777,-72.3953,32.0773,-71.8565,29.7073,1
42,2520,16,33.6267,-2.16594,7.23416,123.58,7.26666,122.969,6.54726,123.691,7.19056,124.259,7.84604,123.482,2
42,2520,19,-34.2497,-4.10836,44.003,-112.772,44.7137,-112.913,43.7882,-113.564,43.3742,-112.652,44.2444,-111.889,2
42,2520,22,-37.4688,3.88455,57.5633,157.482,57.2768,156.265,57.0501,158.247,57.8148,158.567,58.147,156.577,1
42,2520,27,36.3296,-13.164,-55.8118,-22.9349,-55.3702,-22.2124,-55.3765,-24.1364,-56.2782,-23.7836,-56.1666,-21.8726,1
42,2520,28,33.4495,10.1424,-82.1634,93.9906,-81.9983,89.5727,-82.7895,93.8976,-82.2843,99.2305,-81.5922,94.1695,1
42,2520,32,-34.1989,7.84072,6.98468,-178.495,6.57357,-179.009,6.5878,-177.988,7.36644,-178.037,7.44081,-179.069,1
42,2520,36,38.4265,12.9094,28.3295,2.27032,28.8179,2.90684,28.7151,1.58032,27.7408,1.53652,27.9632,2.86712,5
42,2520,39,1.79983,19.0562,-79.5719,-10.9957,-79.3107,-8.76446,-79.1388,-12.134,-79.8451,-13.4102,-80.0269,-9.80314,2
42,2520,41,-31.7069,-14.4501,-38.2756,176.286,-38.1354,175.299,-38.8752,176.235,-38.4039,177.147,-37.6281,176.307,1
42,2520,44,-35.807,-6.0709,41.7034,-102.879,41.8372,-103.938,41.0479,-102.827,41.5755,-101.958,42.4359,-102.956,2
42,2520,47,-33.7827,19.4411,14.9922,33.5553,15.6323,33.7683,15.1037,32.7748,14.3883,33.3924,14.8364,34.4674,3
42,2520,52,32.2145,8.42752,-42.936,116.591,-42.2511,116.512,-43.1277,115.677,-43.7111,116.692,-42.7689,117.426,2
42,2520,59,21.5728,12.2831,36.6285,36.8949,37.2169,36.7787,36.5014,36.1941,35.9852,37.0353,36.7309,37.5755,2
42,2520,62,-24.0391,24.5914,47.3054,69.4871,47.8576,69.4242,47.2745,68.5384,46.7635,69.5985,47.305,70.5758,2
42,2520,63,-30.3348,16.7304,22.2246,100.358,22.7989,100.547,22.3312,99.6607,21.6785,100.207,22.0822,101.151,1
42,2520,73,-27.2373,13.4163,46.2595,129.976,46.817,130.339,46.4479,129.09,45.7245,129.667,46.0271,130.957,1
42,2520,79,-23.0806,15.2908,-11.3476,-37.6803,-11.5269,-38.2377,-11.9155,-37.4521,-11.1542,-37.1504,-10.7112,-37.9176,1
42,2520,80,16.2094,17.7287,56.5516,127.924,57.0472,127.602,56.3936,127.074,56.0152,128.295,56.6839,128.788,2
42,2520,91,-34.5114,-21.3232,-42.1869,-66.864,-41.4476,-67.588,-42.5836,-67.5029,-42.8188,-66.2622,-41.7261,-66.2222,1
42,2520,93,27.1058,-13.5975,-23.4533,21.3449,-23.3932,20.7504,-24.135,21.3066,-23.5341,21.9716,-22.8447,21.3659,1
42,2520,98,-20.5458,14.2678,21.1296,-157.104,21.6613,-157.074,21.1358,-157.702,20.6128,-157.115,21.1068,-156.449,1
43,2580,8,31.2723,7.18791,-71.9421,37.0239,-71.9276,34.7813,-72.6409,37.4721,-71.9216,39.5479,-71.2997,36.6836,2
43,2580,10,27.3108,-24.2313,14.9734,-83.8149,15.5301,-83.7698,15.1014,-84.6152,14.4054,-83.8995,14.8829,-83.1213,1
43,2580,23,-27.9232,22.1333,78.2661,-67.5387,78.8046,-66.813,78.384,-70.6579,77.7388,-68.0338,78.0676,-64.0648,2
43,2580,33,25.3259,-4.81296,45.7707,-174.813,45.4158,-175.358,45.3803,-174.186,46.1419,-174.215,46.1234,-175.399,1
43,2580,36,23.8132,-8.11137,26.6236,3.92127,26.9463,4.36414,27.0509,3.47003,26.2897,3.44858,26.2356,4.33644,3
43,2580,39,9.82215,23.0116,-83.1744,-26.7423,-82.9899,-22.6647,-82.6891,-27.5359,-83.3563,-31.3651,-83.6785,-26.0215,1
43,2580,42,-29.701,18.6674,-8.26712,-149.408,-8.23918,-150.035,-8.95745,-149.365,-8.26344,-148.815,-7.47233,-149.437,1
43,2580,44,31.2898,-24.8993,37.3457,-96.0932,37.4998,-96.8415,36.4645,-96.432,37.1355,-95.3312,38.0965,-95.8307,2
43,2580,47,-26.056,0.980537,13.0649,33.62,13.6662,33.7347,13.0956,33.0362,12.5083,33.5177,13.0312,34.2538,1
43,2580,56,-23.7892,24.1801,20.8223,-88.915,20.8176,-89.5583,20.125,-88.9336,20.862,-88.281,21.62,-88.8636,1
43,2580,58,-13.6517,20.8439,52.435,-2.61768,52.8759,-3.1574,52.1182,-3.42787,52.0019,-2.04831,52.7564,-1.6977,1
43,2580,59,21.9788,-2.72027,35.2184,38.8356,35.7757,38.7872,35.1243,38.0987,34.6261,38.8802,35.3032,39.5229,1
43,2580,61,5.21406,-23.7067,53.9704,10.3633,54.2236,9.57115,53.553,9.72557,53.7031,11.0887,54.3691,10.937,1
43,2580,63,-4.87011,22.8547,17.4759,100.674,17.9751,100.723,17.5906,100.146,16.952,100.647,17.3287,101.234,3
43,2580,70,30.431,-7.30801,21.5646,-18.9489,21.4084,-19.5772,20.9009,-18.6419,21.7189,-18.2606,22.1543,-19.2306,1
43,2580,87,-30.6224,-19.6551,1.00158,2.20759,0.717137,1.49275,0.489595,2.42861,1.23114,2.83252,1.53038,1.94543,1
43,2580,89,27.0574,-7.28443,55.8008,63.4533,55.9981,62.5784,55.2088,63.1524,55.5728,64.3731,56.3381,63.7248,2
43,2580,98,-20.0957,5.3581,19.0315,-155.154,19.5667,-155.124,19.0194,-155.709,18.521,-155.175,19.0385,-154.558,1
44,2640,3,-24.6585,10.4337,68.3108,-137.574,68.919,-137.167,68.3871,-139.289,67.7303,-137.9,68.1958,-135.701,2
44,2640,8,36.583,-11.6686,-71.2855,41.7325,-71.2389,39.514,-72.2212,42.2527,-71.3335,44.2118,-70.4859,41.2967,1
44,2640,11,-31.205,-11.612,-12.3632,-52.638,-11.6487,-52.6021,-12.4062,-53.2182,-12.9928,-52.6797,-12.2967,-52.0127,2
44,2640,17,-39.4974,-1.67649,42.412,153.396,42.6617,152.337,41.7176,153.391,42.1915,154.305,43.211,153.391,1
44,2640,18,31.753,22.786,46.3978,-150.869,46.9135,-151.61,45.9281,-151.441,45.8038,-149.991,46.8152,-150.278,1
44,2640,19,-39.4758,6.44236,39.5751,-103.175,40.347,-103.082,39.4086,-104.098,38.8973,-103.238,39.7572,-102.09,1
44,2640,23,-39.4052,-6.22239,78.203,-59.4001,78.962,-57.8124,78.2435,-62.6088,77.5472,-60.6199,78.1281,-55.7716,1
44,2640,28,36.3407,-5.5594,-77.9048,119.059,-77.9482,116.139,-78.6037,120.3,-77.8319,122.308,-77.2912,118.075,1
44,2640,35,-35.7506,-21.2181,59.7043,16.2826,60.253,17.7387,60.1474,15.4534,59.2469,15.0734,59.2462,17.2133,1
44,2640,39,-31.2059,5.39389,-86.489,6.14803,-86.0683,13.1656,-86.0806,-0.514745,-86.8239,-1.69193,-86.8775,15.4708,1
44,2640,46,34.1681,9.8107,31.9075,5.41052,32.6013,5.3813,31.7277,4.62256,31.1128,5.45378,32.0498,6.13319,3
44,2640,55,-34.6246,-8.60476,-6.19739,-113.042,-6.23692,-113.877,-6.84024,-112.876,-6.16822,-112.314,-5.48998,-113.243,1
44,2640,57,-36.7875,11.8229,47.9851,-55.0808,48.3142,-56.1211,47.2136,-55.2966,47.703,-54.1437,48.8845,-54.8028,1
44,2640,58,-25.5385,-2.96146,53.4151,-0.225235,53.9619,-0.808531,53.05,-0.982035,52.9098,0.295889,53.8071,0.596906,2
44,2640,59,-34.0794,7.9968,36.2878,47.725,37.0078,47.8515,36.2212,46.8454,35.6347,47.6311,36.3495,48.7316,1
44,2640,63,-15.4073,-12.0774,17.4384,101.632,17.9835,101.695,17.5054,101.123,16.9318,101.563,17.3822,102.152,3
44,2640,78,34.7737,0.627586,-41.1147,-45.5454,-41.2715,-46.4179,-41.7832,-45.0789,-40.9337,-44.5656,-40.5167,-45.9466,1
44,2640,79,-31.9799,-10.3785,-6.42462,-37.3354,-6.71768,-38.0553,-6.95451,-37.0163,-6.17387,-36.6991,-5.8573,-37.6982,3
44,2640,83,21.7765,13.2296,-37.9333,-154.239,-37.4007,-154.124,-37.8736,-154.893,-38.5199,-154.351,-38.003,-153.609,1
44,2640,85,9.3279,20.546,-53.8893,-39.1427,-53.8769,-40.005,-54.3724,-39.2313,-53.8761,-38.2119,-53.3971,-39.0179,1
44,2640,86,-26.6082,15.4762,-24.312,-12.092,-24.374,-12.6954,-24.8905,-11.959,-24.2306,-11.5213,-23.659,-12.224,1
45,2700,2,32.4448,3.75414,66.0694,126.423,66.1964,124.733,65.3264,126.448,65.9058,128.302,66.7408,126.423,2
45,2700,3,-39.489,1.49685,67.0757,-129.187,67.8969,-128.115,67.1671,-131.253,66.356,-130.037,66.9415,-126.806,1
45,2700,10,-31.7515,11.7442,10.2386,-72.4999,10.8428,-72.3532,10.2733,-73.1478,9.67713,-72.6172,10.1865,-71.7642,1
45,2700,11,-30.3622,-5.29795,-15.6725,-49.8585,-15.014,-49.8036,-15.715,-50.4455,-16.2634,-49.9113,-15.6149,-49.2194,7
45,2700,33,-2.16712,18.5397,55.216,-179.96,54.8364,179.528,54.8871,-179.341,55.6194,-179.444,55.5716,179.398,1
45,2700,36,5.61277,22.5386,16.2889,4.67802,16.6589,5.04018,16.6668,4.35039,15.8754,4.30728,15.8797,4.999,1
45,2700,46,38.3818,12.2201,28.7401,8.28742,29.5271,8.28796,28.5207,7.44802,27.8118,8.30002,28.9078,9.04468,5
45,2700,47,31.2497,7.35947,3.22331,33.931,3.85616,34.0379,3.20958,33.2747,2.511,33.817,3.22324,34.5326,1
45,2700,54,0.750881,24.3012,-30.1648,-130.932,-30.2011,-131.578,-30.7197,-130.991,-30.0949,-130.245,-29.5772,-130.838,1
45,2700,59,-20.5649,6.36676,32.7155,49.1499,33.2905,49.183,32.6974,48.4756,32.167,49.1291,32.7255,49.8769,6
45,2700,63,-32.9942,17.802,13.0742,106.983,13.6665,107.209,13.2088,106.278,12.5144,106.801,12.8971,107.797,5
45,2700,68,27.0222,2.43524,-13.993,-74.5792,-14.0533,-75.148,-14.5645,-74.4292,-13.9251,-73.9583,-13.4635,-74.7126,2
45,2700,71,3.29208,20.6036,61.6059,14.1997,61.6091,13.0726,61.0824,14.0697,61.6144,15.3976,62.1488,14.3883,2
45,2700,89,-1.93861,23.6924,61.7985,80.0097,62.032,79.0789,61.3952,79.3793,61.5663,81.0026,62.2113,80.742,2
45,2700,90,4.97288,-23.6242,-35.8085,-98.5412,-35.2945,-98.7383,-35.8462,-99.2436,-36.305,-98.3804,-35.7472,-97.8931,1
45,2700,92,24.068,1.22836,-37.862,-0.686586,-37.7281,-1.34893,-38.4313,-0.788043,-38.0026,0.0299371,-37.3315,-0.589649,1
46,2760,1,31.2072,4.46085,39.651,93.7149,39.4357,92.8752,39.0217,94.1672,39.8867,94.6595,40.2268,93.307,1
46,2760,3,-37.4375,6.90078,63.0349,-125.369,63.7497,-124.416,63.2164,-127.084,62.3893,-126.144,62.7945,-123.409,1
46,2760,10,-35.688,-1.59486,8.69607,-70.7645,9.41288,-70.6198,8.66423,-71.4057,8.06303,-70.8899,8.73711,-70.0427,1
46,2760,11,-27.9848,-15.8537,-17.8431,-48.3094,-17.144,-48.3313,-17.8816,-48.8804,-18.4615,-48.3045,-17.7776,-47.709,1
46,2760,15,-29.4168,-3.95528,-4.84265,104.389,-4.85061,103.746,-5.39555,104.481,-4.83674,104.97,-4.2418,104.281,1
46,2760,19,32.8998,1.68934,29.6293,-102.379,30.2385,-102.388,29.4797,-103.125,28.9483,-102.371,29.7555,-101.704,2
46,2760,23,-34.0872,7.64339,69.6528,-48.8931,70.175,-47.8058,69.8819,-50.5797,69.1675,-49.8035,69.3678,-47.0271,1
46,2760,28,33.0592,-22.6122,-72.5071,127.445,-72.6528,125.593,-73.3161,128.303,-72.3713,129.414,-71.8247,126.713,1
46,2760,36,28.7774,2.36275,14.3178,2.13322,14.6702,2.58281,14.717,1.67256,13.9292,1.64073,13.9469,2.5514,7
46,2760,39,35.9164,9.2299,-82.3145,-121.882,-82.9847,-121.358,-82.0591,-117.245,-81.5422,-122.436,-82.4839,-126.327,1
46,2760,46,32.786,-4.49308,28.0559,10.2253,28.6753,10.288,27.9762,9.40361,27.3724,10.1457,28.1246,10.9566,2
46,2760,59,-26.4359,-24.5973,32.8936,49.8318,33.7363,49.686,32.8687,49.1089,32.1635,49.9261,32.9561,50.5682,1
46,2760,63,-22.0702,-12.3343,11.7184,106.194,12.316,106.278,11.7792,105.675,11.1751,106.107,11.6697,106.735,3
46,2760,68,28.325,6.18786,-10.6894,-72.2583,-10.7632,-72.8415,-11.2599,-72.0907,-10.6019,-71.6139,-10.1583,-72.404,2
46,2760,71,32.4536,-0.10914,60.3668,20.6966,60.539,19.4426,59.6532,20.5883,60.1576,22.0741,61.0072,20.8047,1
46,2760,76,22.8894,4.2593,-64.9286,-165.751,-64.3636,-165.815,-65.0086,-167.121,-65.5391,-165.671,-64.8481,-164.466,1
46,2760,85,10.8653,-15.6479,-50.9729,-34.0259,-50.9748,-34.7905,-51.4994,-34.0964,-50.9822,-33.2656,-50.4795,-33.9825,1
46,2760,87,-29.598,24.8113,15.0244,8.99176,14.9287,8.39577,14.338,9.13366,15.1532,9.55929,15.8329,8.85186,2
46,2760,89,-8.81903,-18.441,62.3878,79.8582,62.6281,78.8274,61.986,79.2583,62.1425,80.7887,62.7899,80.4289,2
46,2760,92,15.7419,16.5915,-34.248,3.73839,-34.1893,3.09074,-34.7564,3.66381,-34.292,4.44538,-33.7459,3.83426,1
46,2760,93,-24.2008,22.0876,-6.93563,30.5565,-6.90087,29.9933,-7.57036,30.5174,-6.93813,31.1088,-6.21575,30.6241,5
46,2760,95,30.8807,18.996,36.8885,91.7757,37.071,90.9418,36.2791,91.6593,36.6899,92.7414,37.457,91.9238,2
47,2820,0,-24.397,20.8189,12.4186,76.6545,12.157,76.0754,11.7875,76.9667,12.7016,77.2049,13.1455,76.3204,1
47,2820,1,36.9065,-7.34664,41.4595,95.7107,41.3197,94.7599,40.6311,96.2205,41.5889,96.7898,42.1706,95.255,2
47,2820,3,-33.3093,-14.8162,61.7336,-125.729,62.5859,-125.115,61.8515,-127.121,61.0005,-126.26,61.6188,-124.216,1
47,2820,15,17.3,8.34865,-3.8429,110.513,-3.88381,110.006,-4.34542,110.577,-3.79157,111.055,-3.35517,110.459,1
47,2820,23,-37.4385,-14.5674,68.3604,-46.6565,69.1033,-45.5187,68.535,-48.2603,67.7292,-47.5944,68.1752,-44.8836,1
47,2820,27,-30.6443,21.9068,-73.3193,14.8094,-72.7405,15.022,-73.29,12.4619,-73.872,14.712,-73.3428,17.5469,1
47,2820,34,-24.1924,10.147,80.3939,34.3033,80.4667,37.5193,80.9218,33.4152,80.2854,31.3198,79.8092,35.1243,1
47,2820,36,-37.3833,5.89149,9.81402,8.03078,10.1842,8.65664,10.2767,7.52521,9.47464,7.48313,9.27741,8.60972,1
47,2820,39,34.1684,14.5318,-79.3111,-142.042,-79.9764,-142.82,-79.2924,-138.593,-78.5363,-141.325,-79.2719,-145.197,1
47,2820,40,-36.8742,-10.2883,-45.2587,154.514,-44.8399,153.444,-45.8979,154.257,-45.6174,155.441,-44.5385,154.766,1
47,2820,43,-29.8395,21.8346,31.4929,-116.365,31.5689,-117.091,30.7717,-116.407,31.452,-115.67,32.3296,-116.287,2
47,2820,56,-31.7434,18.311,32.1748,-79.8133,32.2794,-80.5986,31.4256,-79.8306,32.1039,-79.0752,33.0437,-79.7682,1
47,2820,62,25.913,9.62435,32.4702,81.6314,33.0391,81.643,32.4129,80.9667,31.8416,81.6288,32.5083,82.2595,2
47,2820,63,35.9182,-19.3302,6.26008,103.085,6.84499,103.288,6.44943,102.195,5.63542,102.83,6.11653,103.84,1
47,2820,68,-19.3233,-20.3396,-7.1501,-75.2563,-7.31954,-75.8729,-7.66069,-75.1707,-7.01461,-74.6974,-6.63991,-75.3675,1
47,2820,71,27.0622,20.9382,63.911,30.8704,64.0934,29.3492,63.3181,30.5611,63.705,32.6042,64.4733,31.2537,2
47,2820,72,-34.4684,-13.4575,63.3831,110.002,64.2377,110.104,63.3059,108.579,62.6463,109.893,63.4774,111.563,2
47,2820,74,-23.664,7.63654,-3.88049,151.727,-3.36627,152.007,-3.65503,151.19,-4.37164,151.471,-4.13254,152.311,1
47,2820,77,-36.7831,7.79631,-56.4005,-77.0063,-56.2033,-78.3372,-57.1415,-76.9786,-56.5485,-75.8024,-55.543,-77.0267,1
47,2820,78,21.5631,-5.55251,-30.7265,-42.711,-30.9012,-43.3095,-31.2842,-42.439,-30.547,-42.0793,-30.2107,-42.9647,1
47,2820,83,-24.0506,-15.5614,-42.458,-143.846,-41.8251,-143.839,-42.4526,-144.542,-43.0261,-143.87,-42.4388,-143.123,1
47,2820,87,-6.90945,17.1699,16.4029,12.0324,16.2635,11.5583,15.9289,12.1514,16.5605,12.5118,16.9094,11.9218,2
47,2820,93,-3.60684,-22.3515,-8.52909,31.4151,-8.60718,30.8591,-9.06104,31.3766,-8.47669,31.9375,-8.02048,31.4287,2
47,2820,95,37.6858,4.04875,37.0899,94.5298,37.3978,93.7388,36.3404,94.3685,36.7291,95.4331,37.7488,94.6873,1
48,2880,3,-35.5062,10.5545,55.7008,-120.222,56.3367,-119.424,55.969,-121.531,55.1119,-120.887,55.3635,-118.734,1
48,2880,10,-26.3893,-22.931,3.83366,-68.5314,4.58345,-68.5611,3.85403,-69.0817,3.18055,-68.5266,3.8464,-67.9653,1
48,2880,15,29.5111,7.57308,-1.75325,113.661,-1.77669,113.068,-2.34304,113.782,-1.72073,114.322,-1.20589,113.56,1
48,2880,23,-33.0926,-23.7851,65.4638,-46.1222,66.2638,-45.3074,65.6739,-47.4189,64.7936,-46.8192,65.268,-44.7356,1
48,2880,29,28.9035,14.7825,-26.3482,145.731,-26.7035,145.188,-26.7587,146.166,-25.9327,146.331,-25.9473,145.34,1
48,2880,34,-20.9123,1.84081,77.8069,25.4273,77.9806,27.8106,78.2623,24.3812,77.6217,23.2467,77.3165,26.4596,1
48,2880,44,39.0725,6.10432,46.0885,-69.6441,46.5323,-70.5359,45.3208,-70.0022,45.5641,-68.6189,46.7561,-69.302,1
48,2880,52,-30.0667,22.5682,-47.484,150.22,-46.8889,149.824,-47.8456,149.219,-48.0331,150.658,-47.0738,151.39,2
48,2880,61,5.3677,22.1987,51.6903,47.4716,52.1415,47.072,51.5048,46.726,51.2152,47.9228,51.8564,48.2679,2
48,2880,62,-39.4616,-0.307495,34.6708,89.2938,35.4602,89.5272,34.6141,88.4445,33.9856,89.1009,34.7352,90.2741,1
48,2880,68,-26.0166,-0.448562,-2.18181,-72.78,-2.24668,-73.3652,-2.70807,-72.6539,-2.12033,-72.2403,-1.61307,-72.9188,3
48,2880,70,26.6104,19.0238,40.9555,-9.14335,40.7539,-9.98829,40.3911,-8.86155,41.197,-8.18435,41.5064,-9.38255,1
48,2880,71,30.9769,-2.39797,64.0193,33.7299,64.3091,32.4744,63.3509,33.2397,63.6823,35.0741,64.6192,34.1921,3
48,2880,87,29.7081,24.2035,18.9726,17.2627,18.7341,16.5728,18.433,17.498,19.2726,18.062,19.5047,17.0722,1
48,2880,95,24.8189,-12.1051,39.4234,95.9812,39.6472,95.352,38.8286,95.6679,39.1694,96.629,39.9638,96.2563,2
49,2940,3,-24.6641,4.8906,52.4014,-120.877,52.964,-120.387,52.618,-121.824,51.8692,-121.313,52.1534,-119.857,3
49,2940,9,-26.8817,22.1742,-14.7563,68.2555,-14.9974,67.6356,-15.4369,68.5684,-14.4873,68.8384,-13.9611,67.9222,1
49,2940,10,-28.3901,-6.99643,-0.147339,-65.1364,0.491389,-65.0658,-0.154776,-65.6845,-0.722862,-65.205,-0.128345,-64.5458,2
49,2940,16,-32.37,-5.82151,30.5028,136.215,30.5572,135.411,29.9203,136.282,30.4469,136.929,31.142,136.128,1
49,2940,18,-29.7836,-1.48671,47.8521,-126.551,48.4592,-126.826,47.5995,-127.307,47.3009,-126.305,48.1271,-125.716,1
49,2940,29,20.3971,-6.83558,-24.4168,144.88,-24.6791,144.431,-24.8575,145.226,-24.1479,145.353,-24.0097,144.556,1
49,2940,35,-36.6186,17.3378,36.8353,9.88887,37.1264,10.6523,37.4155,9.30472,36.5397,9.2165,36.135,10.5501,1
49,2940,53,23.2257,4.89881,-46.054,-153.23,-45.896,-154.035,-46.6445,-153.376,-46.2152,-152.35,-45.4991,-153.085,1
49,2940,58,-39.443,5.79943,47.7642,28.7067,48.6193,28.6984,47.5005,27.5877,47.0177,28.7358,48.0572,30.0323,2
49,2940,62,21.8727,4.97044,27.5602,87.1048,28.0835,87.1551,27.5568,86.4967,26.9959,87.0553,27.5545,87.6806,1
49,2940,68,38.8963,9.35468,-1.78796,-65.1038,-1.8593,-65.8409,-2.48177,-64.8115,-1.69649,-64.2402,-1.16777,-65.3451,2
49,2940,72,-18.0621,12.9339,54.1611,118.948,54.691,119.165,54.2708,118.004,53.6401,118.767,54.0212,119.962,3
49,2940,74,20.1458,-22.423,-9.57717,148.996,-9.06185,149.225,-9.20763,148.381,-10.0814,148.737,-9.88635,149.555,2
49,2940,77,-37.538,-1.72594,-51.782,-69.8828,-51.712,-71.2183,-52.4769,-69.6463,-51.8279,-68.7151,-50.9914,-70.1567,1
49,2940,86,-31.1727,4.43545,-8.51933,-4.41708,-8.62264,-5.03501,-9.07042,-4.20952,-8.41668,-3.85491,-7.90386,-4.64561,1
49,2940,92,28.1159,24.7952,-27.3671,15.1395,-27.401,14.3437,-27.9592,15.1833,-27.2944,16.0639,-26.7908,15.1413,1
49,2940,95,30.6551,-24.8122,39.678,98.7831,39.9506,98.0989,38.9207,98.2094,39.3519,99.4625,40.3303,99.2529,1
50,3000,1,-38.1508,-12.2403,54.4672,89.293,54.0729,87.7076,53.8681,90.032,54.7746,90.664,55.1166,88.3947,2
50,3000,3,-26.5267,-15.1332,51.0178,-119.846,51.7314,-119.39,51.2175,-120.761,50.3879,-120.261,50.8235,-118.879,1
50,3000,15,36.2992,-17.2888,1.46155,117.037,1.5235,116.419,0.578568,117.081,1.36067,117.71,2.20882,116.984,2
50,3000,22,-32.3019,23.2352,83.4325,-120.267,83.9309,-123.314,82.9723,-124.868,82.9657,-117.526,83.8908,-113.89,1
50,3000,38,-29.3919,14.9295,-74.211,3.08364,-73.8614,4.77117,-73.757,1.55807,-74.5441,1.47777,-74.7226,4.88025,2
50,3000,41,37.6532,15.6806,-20.1429,-152.074,-20.208,-152.925,-20.8447,-151.808,-20.0438,-151.068,-19.5016,-152.282,1
50,3000,42,-35.6851,-5.58641,10.8839,-136.992,10.8533,-137.801,10.2517,-136.813,10.9062,-136.284,11.5877,-137.205,1
50,3000,53,-35.3041,17.0919,-38.186,-151.712,-37.8779,-152.55,-38.967,-151.941,-38.4328,-150.923,-37.2704,-151.425,1
50,3000,54,-5.09051,-24.8727,-19.6458,-121.976,-19.772,-122.625,-20.2305,-122.009,-19.5528,-121.374,-19.0903,-121.975,1
50,3000,60,7.9213,17.2419,52.3223,-0.820987,52.5265,-1.57068,51.8905,-1.18669,52.1146,-0.0193074,52.7524,-0.415185,1
50,3000,61,-37.4581,-16.5067,53.9464,55.5576,54.8102,55.0712,53.641,54.6114,53.2118,55.9292,54.3044,56.5938,1
50,3000,62,32.8548,2.18031,24.0932,88.454,24.697,88.5644,24.0608,87.7262,23.4178,88.331,24.1139,89.1106,2
50,3000,66,-8.33674,-20.031,-49.9395,-127.549,-49.8045,-128.379,-50.4045,-127.862,-50.0774,-126.78,-49.4778,-127.279,1
50,3000,72,-32.7642,-19.5292,54.8063,121.432,55.6864,121.674,54.8569,120.347,54.0568,121.202,54.7779,122.596,1
50,3000,87,36.1927,-17.013,21.4159,19.2931,21.3778,18.6416,20.5744,19.4859,21.4233,20.0092,22.127,19.1119,1
50,3000,89,33.2843,15.5398,57.2387,115.259,57.8431,114.714,56.869,114.334,56.544,115.893,57.554,116.156,4
50,3000,90,-28.9196,-3.49884,-41.9232,-73.9683,-41.3375,-74.3306,-42.2342,-74.6094,-42.4537,-73.6359,-41.5751,-73.2831,1
51,3060,10,-30.5789,8.60834,-6.85862,-59.4989,-6.25826,-59.3766,-6.84248,-60.1119,-7.41454,-59.5992,-6.88313,-58.8109,3
51,3060,18,23.3446,-3.32103,40.2812,-120.701,40.7849,-120.861,40.0965,-121.409,39.7431,-120.54,40.45,-120.043,2
51,3060,32,-29.9409,-12.1556,39.0882,177.07,38.5514,176.517,38.7878,177.661,39.555,177.577,39.3916,176.417,1
51,3060,35,-27.5483,21.0672,29.1925,7.23219,29.5027,7.77225,29.7071,6.7935,28.8676,6.73542,28.5883,7.70958,4
51,3060,45,32.9845,12.5321,37.6922,-5.24687,38.3765,-5.38849,37.4568,-6.03649,36.9092,-5.0723,37.8841,-4.50901,3
51,3060,55,-36.5182,17.3787,16.8727,-96.6191,16.9662,-97.3981,16.0477,-96.5321,16.8192,-95.9081,17.8532,-96.7027,1
51,3060,56,-33.118,6.3584,41.5138,-68.3718,41.6899,-69.2997,40.8247,-68.4054,41.3599,-67.5315,42.2939,-68.3268,1
51,3060,62,-30.4994,-22.4411,26.9262,94.1844,27.7471,94.198,26.9411,93.5409,26.2231,94.1496,26.9447,94.8598,1
51,3060,68,19.2538,9.99694,5.59178,-63.1886,5.50118,-63.7069,5.08801,-63.0715,5.698,-62.6298,6.08073,-63.2905,1
51,3060,78,-37.9507,-14.8122,-15.6365,-43.861,-15.9873,-44.8002,-16.212,-43.4661,-15.3499,-43.0667,-15.0121,-44.3268,3
51,3060,87,37.4573,2.65425,26.2974,22.6252,26.2393,21.8877,25.6135,22.9152,26.3581,23.4711,26.9024,22.3745,2
51,3060,89,21.6344,19.888,56.8173,122.75,57.3459,122.341,56.6135,121.875,56.2325,123.227,56.9883,123.635,1
51,3060,92,19.5787,1.0886,-23.2581,18.0802,-23.2261,17.5216,-23.7986,18.0859,-23.2902,18.6734,-22.7465,18.0774,1
52,3120,0,-27.6011,-6.51475,27.637,79.4361,27.3041,78.7187,27.1273,79.8271,27.9302,80.0907,28.1779,78.9998,2
52,3120,9,-29.9848,2.12607,-6.0844,69.6605,-6.36702,69.0051,-6.63292,70.0279,-5.82075,70.2545,-5.47721,69.2539,1
52,3120,16,18.6125,-4.71794,34.4165,149.465,34.5065,148.875,33.8829,149.374,34.3135,150.079,34.9175,149.548,1
52,3120,22,-31.1306,6.31569,80.9296,-80.8843,81.5323,-80.5802,80.8465,-84.5444,80.3767,-81.0717,80.9742,-76.7274,1
52,3120,27,35.5819,3.65506,-81.483,100.364,-81.3777,96.1952,-82.1578,100.952,-81.5467,105.196,-80.8793,99.9612,1
52,3120,33,12.0222,19.4326,81.837,170.187,81.3806,168.546,81.5668,173.011,82.3326,172.063,82.1075,167.216,1
52,3120,34,-27.9986,11.8201,62.0499,13.2353,62.307,14.3259,62.5311,12.5103,61.787,12.2448,61.5011,14.0006,2
52,3120,35,27.4203,-1.65769,27.8855,1.29842,28.224,1.77506,28.294,0.804862,27.5196,0.781793,27.5097,1.74688,8
52,3120,38,-38.4651,-12.7476,-78.9206,8.26705,-78.2551,11.1359,-78.5999,5.41336,-79.4543,5.51933,-79.2227,11.7135,2
52,3120,43,-36.3071,3.73654,43.4925,-102.513,43.6999,-103.515,42.7961,-102.531,43.3102,-101.627,44.2886,-102.492,2
52,3120,56,-36.5076,-8.29585,43.1927,-66.8238,43.3525,-68.0041,42.5028,-66.7827,43.0394,-65.8106,43.9642,-66.8975,1
52,3120,60,-36.4936,3.77585,58.0339,7.88696,58.5308,6.88814,57.4461,7.29339,57.5929,8.76193,58.7019,8.59049,2
52,3120,62,-25.6828,13.4531,20.7259,98.3569,21.2665,98.5056,20.8156,97.7398,20.2077,98.2348,20.6106,99.0413,1
52,3120,68,21.0155,-17.3086,6.55247,-62.5375,6.48078,-63.0506,5.92837,-62.4805,6.6037,-62.0097,7.1143,-62.6044,1
52,3120,75,-25.475,4.22738,-52.0962,-179.069,-51.4969,-178.896,-52.0604,179.981,-52.6561,-179.225,-52.1293,-178.032,1
52,3120,89,-38.2616,-4.84247,60.993,130.323,61.783,130.15,60.746,129.085,60.3093,130.463,61.2708,131.743,1
52,3120,90,-37.3457,-15.8471,-42.3114,-66.1035,-41.5558,-66.7963,-42.7686,-66.725,-42.9546,-65.5206,-41.779,-65.4568,1
52,3120,92,33.5299,-20.6587,-23.3913,20.1374,-23.2991,19.4852,-24.2674,20.051,-23.5243,20.8304,-22.6453,20.189,1
53,3180,7,34.6223,21.7664,-69.7485,41.8765,-69.9248,39.3931,-70.4363,42.7029,-69.4673,44.7604,-69.092,41.2738,1
53,3180,22,-39.0325,2.21091,78.9164,-64.0972,79.6074,-62.4332,78.9642,-67.6229,78.3035,-65.3565,78.813,-60.0791,1
53,3180,26,22.5151,23.9785,-64.5447,-17.7915,-63.9816,-17.3062,-64.3339,-18.9056,-65.1908,-18.3136,-64.7739,-16.6995,1
53,3180,27,40,6.51584,-78.5872,117.767,-78.6771,114.156,-79.2561,119.654,-78.4235,121.904,-77.9874,116.347,1
53,3180,35,13.1269,-19.9461,25.6327,2.45978,25.9813,2.85436,26.0903,2.08303,25.3025,2.05521,25.2223,2.81857,1
53,3180,38,-16.8209,24.1565,-86.1043,-17.8329,-85.8693,-11.325,-85.5613,-20.1756,-86.3131,-25.0236,-86.709,-14.709,2
53,3180,40,-29.4188,-2.53295,-34.5202,-179.512,-34.3974,179.694,-35.1109,-179.529,-34.6272,-178.791,-33.8746,-179.501,1
53,3180,42,-14.7468,24.3308,20.49,-126.533,20.444,-127.107,19.8964,-126.551,20.5658,-125.95,21.1487,-126.485,1
53,3180,43,32.2536,5.20982,40.0345,-93.1869,40.2253,-93.9927,39.3615,-93.2747,39.8166,-92.2856,40.6448,-93.0929,1
53,3180,57,-3.33834,20.6468,51.2616,-3.07907,51.6867,-3.60902,50.9727,-3.81969,50.8299,-2.50745,51.544,-2.26337,1
53,3180,58,-38.4022,-10.1024,39.7003,41.976,40.6472,41.9804,39.5168,41.0755,38.8948,41.9628,39.9226,42.9902,1
53,3180,62,-26.8717,22.6015,16.9666,101.209,17.5159,101.368,17.1241,100.541,16.4262,101.089,16.7598,101.969,6
53,3180,70,-38.4371,6.69025,59.3628,-4.10808,59.382,-5.69077,58.6231,-3.72073,59.3454,-2.71483,60.2243,-4.57396,1
53,3180,77,24.8638,-2.03617,-42.7653,-50.6923,-42.9082,-51.4399,-43.3453,-50.3835,-42.6108,-49.8912,-42.2293,-50.9724,1
53,3180,78,-35.4521,-0.833674,-7.30702,-40.4448,-7.52566,-41.1958,-7.89211,-40.0955,-7.1097,-39.7828,-6.64969,-40.8431,2
53,3180,86,28.5604,6.81676,2.5777,6.58165,2.43155,6.02998,2.04381,6.8149,2.74457,7.19206,3.07636,6.37428,1
53,3180,92,34.2352,-22.5917,-20.9966,22.6671,-20.9107,22.014,-21.9214,22.5736,-21.1284,23.3594,-20.2171,22.7218,1
54,3240,1,36.0099,8.76713,64.5354,121.707,64.6362,119.904,63.7479,121.914,64.3989,123.776,65.2423,121.554,1
54,3240,2,-33.7677,21.5863,66.6012,-133.279,67.2563,-132.463,66.8425,-135.351,65.9697,-133.905,66.2552,-130.896,1
54,3240,7,32.7635,-19.7312,-70.6315,38.6512,-70.6147,36.6441,-71.5835,38.82,-70.665,40.803,-69.8215,38.4614,1
54,3240,10,-33.2353,21.5128,-16.0796,-51.1742,-15.4614,-51.0372,-16.0197,-51.9367,-16.665,-51.2665,-16.17,-50.2781,1
54,3240,18,-38.5574,-9.95886,39.4098,-105.686,40.2701,-105.749,39.2062,-106.494,38.6753,-105.643,39.6529,-104.779,1
54,3240,27,32.9566,-10.536,-76.3308,118.434,-76.4009,116.049,-77.0097,119.379,-76.2456,121.019,-75.7344,117.645,1
54,3240,35,-25.9961,-16.5445,21.4634,5.65798,21.9295,6.17128,21.8346,5.257,21.0579,5.19354,21.0907,6.09181,2
54,3240,38,-13.7415,-16.0123,-86.1872,-23.1214,-85.935,-16.0234,-85.7243,-25.2488,-86.349,-30.5319,-86.6378,-20.1343,2
54,3240,45,31.3351,24.3802,29.9629,6.09326,30.7281,5.96381,29.8252,5.37001,29.0631,6.27569,30.0483,6.7937,1
54,3240,57,-26.198,17.8492,52.6958,3.29318,53.2562,2.88372,52.3815,2.31886,52.1686,3.7158,53.0244,4.42718,1
54,3240,58,-26.7731,15.7392,34.0515,46.4415,34.6659,46.5177,34.0545,45.6416,33.4653,46.3982,34.0252,47.3427,3
54,3240,62,-25.0968,5.07217,15.2209,102,15.7686,102.142,15.2891,101.437,14.7063,101.875,15.1413,102.612,3
54,3240,67,25.5362,24.1534,-13.6904,-76.7819,-13.8634,-77.4339,-14.2344,-76.6343,-13.4646,-76.0406,-13.1493,-76.8908,1
54,3240,79,-37.8834,-7.42062,29.1652,-26.6376,28.8819,-27.5949,28.5814,-26.1979,29.3992,-25.809,29.8129,-27.1578,1
54,3240,88,-30.2678,-22.5086,62.2814,63.518,62.4619,61.8392,61.7391,63.2142,62.0907,64.9304,62.8573,63.7711,2
55,3300,1,31.5899,-9.25591,66.0736,123.484,66.216,121.91,65.2708,123.333,65.8826,125.167,66.7827,123.607,2
55,3300,2,-37.6251,-3.42529,66.2874,-131.49,67.1135,-130.592,66.3659,-133.349,65.567,-132.221,66.1835,-129.386,1
55,3300,6,-38.1809,1.50067,-66.0263,-52.6467,-65.1462,-52.6615,-66.2521,-54.4947,-66.7939,-52.6118,-65.7346,-50.562,1
55,3300,7,35.6415,-13.4344,-67.1808,46.3394,-67.2234,44.5396,-68.092,46.9879,-67.1397,48.3248,-66.4023,45.7927,1
55,3300,14,-24.0271,24.8095,-4.50121,103.163,-4.50154,102.608,-5.14501,103.139,-4.46538,103.71,-3.76447,103.216,1
55,3300,19,-35.8647,0.385721,9.98748,-74.1034,10.6953,-73.9487,9.96016,-74.756,9.36006,-74.2355,10.0207,-73.365,1
55,3300,27,37.2051,10.5909,-71.1196,128.611,-71.3717,126.613,-71.659,129.943,-70.792,130.856,-70.6183,127.523,1
55,3300,35,-4.71359,22.3934,14.2982,2.94655,14.6438,3.30692,14.6977,2.62847,13.9205,2.58852,13.8564,3.26802,4
55,3300,38,-5.49321,-21.2765,-87.6759,-85.6443,-87.9466,-73.4628,-87.306,-77.7298,-87.3354,-94.1256,-87.9932,-95.4677,2
55,3300,41,-32.6709,12.4739,-1.33158,-147.32,-1.29795,-147.984,-2.01317,-147.224,-1.3419,-146.709,-0.549432,-147.418,1
55,3300,43,25.1306,3.98839,44.3066,-85.4943,44.5149,-86.2366,43.7323,-85.7044,44.0767,-84.6907,44.8406,-85.2856,2
55,3300,45,27.7617,19.2545,28.2184,8.75301,28.8879,8.69407,28.126,8.07865,27.4552,8.84269,28.2749,9.4027,3
55,3300,46,-27.0563,7.92203,5.33996,36.9145,5.92841,37.0522,5.39586,36.3153,4.78781,36.7976,5.2706,37.5766,2
55,3300,53,-20.516,16.3991,-28.1564,-134.379,-28.1044,-135.023,-28.7632,-134.424,-28.1823,-133.748,-27.4873,-134.311,1
55,3300,54,32.201,-2.32144,-5.86903,-106.588,-5.87472,-107.238,-6.59165,-106.436,-5.86904,-105.869,-5.22238,-106.723,1
55,3300,55,37.0732,-2.53563,21.1343,-82.4966,21.2256,-83.2566,20.3004,-82.3714,21.0167,-81.6365,21.8618,-82.6051,1
55,3300,58,-37.0039,-1.12406,33.6236,49.0113,34.4461,49.1533,33.5262,48.1572,32.9033,48.8935,33.7348,49.9842,2
55,3300,62,-33.0517,11.6464,12.0715,105.193,12.675,105.414,12.1652,104.528,11.5121,105.01,11.9515,105.951,3
55,3300,67,29.7325,2.12322,-12.6428,-75.7237,-12.699,-76.3136,-13.2422,-75.5543,-12.5794,-75.0729,-12.0937,-75.873,1
55,3300,70,33.6556,13.9153,59.8798,17.6542,60.0041,16.2214,59.1892,17.6767,59.7312,19.3015,60.5132,17.6816,1
55,3300,84,26.5793,22.0392,-50.8242,-32.7855,-50.8913,-33.7871,-51.3739,-32.6606,-50.7144,-31.647,-50.288,-32.8558,1
55,3300,85,-23.1658,23.0677,-18.9112,-10.9369,-19.0104,-11.4923,-19.5122,-10.8308,-18.7818,-10.3969,-18.2253,-11.032,1
55,3300,86,-25.0792,6.42706,11.4585,5.39644,11.3407,4.84819,10.948,5.57482,11.5765,5.90972,12.0181,5.20555,2
55,3300,87,35.5037,-0.945008,38.375,31.7771,38.3927,30.9833,37.6802,31.9651,38.3432,32.6702,38.99,31.6109,1
55,3300,88,4.61074,22.1365,61.6208,81.5186,61.8801,80.612,61.237,80.8861,61.3552,82.4962,62.0035,82.2329,3
55,3300,89,38.5187,-10.4387,48.5331,137.023,49.1743,137.111,48.3903,135.761,47.8134,136.894,48.6516,138.103,1
56,3360,2,-37.0952,2.33479,62.3116,-127.267,63.0497,-126.363,62.4707,-128.88,61.6536,-128.01,62.1089,-125.438,1
56,3360,10,-33.6236,-16.859,-18.5793,-49.0726,-17.7667,-49.0978,-18.6604,-49.6902,-19.2786,-49.0666,-18.4604,-48.41,3
56,3360,14,-28.2679,-0.388191,-3.22692,103.452,-3.2268,102.84,-3.77803,103.535,-3.22491,104.012,-2.62586,103.359,2
56,3360,19,-31.3286,-13.3693,7.79053,-73.2066,8.52081,-73.1546,7.7664,-73.7804,7.15046,-73.2636,7.83707,-72.5893,3
56,3360,22,-24.6389,5.6866,67.616,-52.4313,68.0845,-51.7208,67.8167,-53.7145,67.1697,-53.0564,67.3822,-51.063,2
56,3360,26,20.4723,6.29084,-73.4099,-7.20957,-72.9297,-6.70338,-73.2886,-8.93582,-73.9264,-7.76966,-73.5193,-5.54596,1
56,3360,27,33.5089,-20.0255,-70.3554,127.718,-70.518,126.077,-71.1188,128.633,-70.1972,129.479,-69.707,126.943,1
56,3360,30,31.2308,-3.53571,-12.6425,-174.849,-13.0269,-175.279,-13.0397,-174.316,-12.2249,-174.372,-12.2857,-175.327,1
56,3360,32,-39.2565,2.65142,59.0998,169.241,58.5307,168.224,58.7958,170.456,59.5952,170.144,59.4355,167.805,1
56,3360,35,9.24667,-18.3255,14.0632,1.49937,14.4094,1.85823,14.49,1.16445,13.7361,1.13456,13.6746,1.82375,1
56,3360,38,37.0233,-2.63844,-81.7507,-127.942,-82.3906,-128.192,-81.5602,-122.918,-81.0267,-127.649,-81.8631,-132.501,1
56,3360,43,-32.0903,9.7914,51.154,-83.2118,51.481,-84.1314,50.5251,-83.5513,50.8618,-82.3672,51.8633,-82.8016,1
56,3360,45,34.0879,-15.1259,27.5706,7.99314,28.191,8.07976,27.5542,7.03819,26.8985,7.86856,27.593,8.81539,2
56,3360,51,-19.5311,3.60642,-46.3165,136.221,-45.7813,135.925,-46.5503,135.49,-46.8228,136.514,-46.064,136.995,1
56,3360,58,33.6049,-9.08466,26.2734,45.0603,26.919,45.1458,26.2173,44.1569,25.565,44.9473,26.325,45.8516,3
56,3360,62,37.8622,-0.309726,5.9671,100.743,6.60971,100.945,5.98061,99.9659,5.23456,100.507,5.95025,101.422,7
56,3360,73,36.9367,14.1232,-4.89657,143.262,-4.18639,143.608,-4.74759,142.525,-5.73834,142.866,-5.05647,143.92,2
56,3360,85,5.0964,23.5045,-16.9269,-7.0722,-17.1099,-7.56916,-17.4076,-6.9548,-16.7067,-6.54716,-16.4182,-7.16934,1
56,3360,86,-39.4542,-8.35022,14.307,4.65661,14.1179,3.79655,13.7262,4.98455,14.4608,5.39202,14.9573,4.26491,1
56,3360,88,12.5822,-23.9044,60.9229,81.0106,61.1894,80.1043,60.4901,80.1739,60.6355,81.8489,61.326,81.7572,2
56,3360,92,27.5239,23.1427,-8.74353,32.9404,-8.82667,32.2545,-9.32286,33.0295,-8.62099,33.729,-8.17832,32.8896,3
57,3420,0,-37.4975,3.99075,47.0245,83.6869,46.7702,82.503,46.3736,84.3137,47.2494,84.7328,47.7713,82.9437,2
57,3420,2,-33.8488,-9.9825,60.0357,-126.438,60.8283,-125.761,60.1714,-127.771,59.3453,-127.018,59.8915,-124.975,1
57,3420,7,26.3615,-17.8498,-60.3316,51.1004,-60.4789,49.9,-61.0992,51.5114,-60.1948,52.3565,-59.6582,50.7196,1
57,3420,8,-30.24,-1.50424,-23.0332,63.0982,-23.309,62.3625,-23.5833,63.4779,-22.7798,63.7597,-22.43,62.6788,1
57,3420,9,26.1248,22.8732,12.6027,79.68,12.1893,79.0496,12.076,80.0524,13.0996,80.3928,13.1357,79.349,1
57,3420,18,25.1318,3.30887,26.5135,-99.469,27.0546,-99.4751,26.4389,-100.097,25.9255,-99.4605,26.5753,-98.8816,1
57,3420,19,33.6199,-5.91398,0.368614,-75.1777,0.954242,-75.0532,0.376586,-75.8949,-0.276412,-75.3265,0.364896,-74.5437,2
57,3420,21,12.5107,14.6914,75.3424,-169.185,75.327,-171.118,74.868,-169.186,75.3544,-167.112,75.8156,-169.121,1
57,3420,22,-31.9533,4.41911,64.3231,-48.0118,64.8221,-47.152,64.5642,-49.2537,63.8607,-48.7527,64.0392,-46.651,1
57,3420,28,35.3712,-16.1724,-31.2329,143.452,-31.4939,142.834,-31.9024,144,-30.9699,144.139,-30.6664,142.977,1
57,3420,31,38.6366,-7.8855,26.5823,-175.768,26.202,-176.36,26.0567,-175.05,26.9955,-175.083,27.0264,-176.393,1
57,3420,32,-24.49,-9.73925,62.0111,171.509,61.5141,170.79,61.7422,172.438,62.4553,172.198,62.2768,170.498,1
57,3420,33,-14.0765,-18.1735,81.3166,28.2682,81.5218,31.7886,81.7871,27.2725,81.1148,25.1371,80.8507,29.2791,1
57,3420,38,32.2762,-17.228,-80.4759,-141.388,-81.025,-142.339,-80.5833,-136.714,-79.8913,-140.326,-80.3487,-145.348,1
57,3420,41,-28.1215,13.5112,4.29037,-142.718,4.29281,-143.327,3.65805,-142.642,4.30736,-142.146,5.00376,-142.79,1
57,3420,42,-23.2419,24.3451,32.2876,-116.736,32.3224,-117.414,31.6268,-116.816,32.2852,-116.063,33.0394,-116.611,1
57,3420,50,39.5316,2.32568,-32.7675,96.5044,-31.9966,96.6541,-32.9035,95.4738,-33.6633,96.3228,-32.6522,97.3976,1
57,3420,55,-37.5603,6.9547,32.9357,-82.7848,33.0751,-83.7265,32.1732,-82.6869,32.8218,-81.9503,33.8212,-82.8954,1
57,3420,58,32.3135,-23.1309,24.9329,46.5672,25.5727,46.64,25.022,45.5143,24.2621,46.4415,24.8753,47.4579,1
57,3420,60,36.535,-2.88061,49.971,37.4318,50.5682,37.0518,49.5147,36.4946,49.2924,37.8371,50.3642,38.2683,1
57,3420,61,-34.5269,-3.27829,35.8693,84.6342,36.5813,84.769,35.8225,83.8756,35.2394,84.5166,35.9243,85.4813,1
57,3420,62,32.7444,-17.6447,4.73724,102.191,5.29591,102.364,4.90673,101.401,4.14603,101.976,4.606,102.875,3
57,3420,70,39.7536,-6.23382,61.7861,27.3182,62.1467,25.954,60.8793,26.9021,61.3416,28.8221,62.5581,27.6879,1
57,3420,74,33.2873,-18.1598,-38.2134,158.025,-37.6606,158.411,-37.8537,156.999,-38.7903,157.565,-38.4982,158.92,1
57,3420,79,-12.9651,-19.9181,37.4053,-19.3339,37.1388,-20.0352,36.8887,-19.1346,37.6288,-18.6764,37.9081,-19.5621,1
57,3420,86,37.8141,-16.7205,13.1937,12.7429,13.1459,12.0996,12.3219,12.9786,13.2121,13.4578,13.9239,12.5285,1
57,3420,87,39.2951,8.8838,44.3726,39.6124,44.4404,38.5964,43.6416,39.8269,44.2883,40.8024,45.0201,39.4427,2
57,3420,91,32.7364,9.11475,-32.5785,7.05977,-32.4821,6.29641,-33.2309,7.10477,-32.6746,7.92961,-31.982,7.03667,1
57,3420,92,24.5513,-1.57096,-7.58576,33.3034,-7.573,32.7602,-8.17179,33.3532,-7.60241,33.8866,-7.04345,33.2575,3
57,3420,94,19.7349,19.2629,40.2854,94.6484,40.4612,93.9263,39.7813,94.4282,40.1035,95.453,40.7742,94.8988,1
57,3420,96,-5.44699,19.9803,29.962,-174.168,30.4574,-174.25,29.9361,-174.76,29.4528,-174.061,29.9668,-173.536,1
58,3480,2,-22.9336,24.0683,52.5762,-123.557,53.1297,-123.097,52.9145,-124.597,52.0104,-123.944,52.1538,-122.411,2
58,3480,7,36.1705,18.8645,-53.486,58.9658,-53.8591,57.6338,-54.0922,59.7781,-53.0022,60.5053,-52.9049,58.2969,1
58,3480,14,29.5783,-17.3528,-2.18876,110.81,-2.17822,110.253,-2.92785,110.83,-2.22641,111.4,-1.54285,110.778,1
58,3480,17,-28.9733,24.4875,47.4777,-127.791,48.0506,-127.989,47.2953,-128.79,46.9336,-127.549,47.6536,-126.607,1
58,3480,18,33.743,-13.0827,24.3477,-98.7033,24.9368,-98.6372,24.3075,-99.5536,23.7074,-98.7994,24.3897,-97.9649,3
58,3480,19,-12.2693,-18.6242,1.0202,-70.4236,1.58348,-70.4309,1.07659,-70.9203,0.499883,-70.4335,0.984361,-69.9298,1
58,3480,28,15.8156,-11.1325,-26.4266,141.779,-26.691,141.34,-26.8684,142.101,-26.1651,142.232,-26.0187,141.472,1
58,3480,34,38.7298,-12.7917,42.3524,-1.59258,42.7033,-0.856859,42.954,-2.47085,41.9749,-2.42796,41.8452,-0.852564,1
58,3480,35,26.1148,-23.5732,7.28625,-0.903201,7.63739,-0.486485,7.89322,-1.33481,6.95291,-1.35119,6.77065,-0.511323,2
58,3480,40,-32.7268,-7.29878,-21.7508,-165.812,-21.7317,-166.616,-22.3594,-165.708,-21.7696,-165.101,-21.0842,-165.94,1
58,3480,45,-37.3286,14.3544,24.7195,21.7221,25.4246,21.9726,24.7582,20.8614,24.0771,21.5276,24.6528,22.7351,1
58,3480,48,34.2635,2.32782,-53.7278,106.545,-53.1204,106.111,-54.1534,105.556,-54.4113,107.048,-53.3455,107.419,1
58,3480,67,-20.5707,13.6895,0.107573,-73.0207,0.0516979,-73.541,-0.431512,-72.9385,0.17792,-72.5182,0.699854,-73.098,1
58,3480,77,-24.4737,23.7808,-21.2965,-46.2002,-21.4669,-46.8098,-21.9571,-45.9987,-21.0926,-45.6146,-20.5322,-46.4013,2
58,3480,92,16.4229,11.7101,-3.40568,35.872,-3.4345,35.3483,-3.91594,35.9137,-3.36351,36.4347,-2.90548,35.8445,2
58,3480,94,37.2451,-6.16723,38.9241,96.9557,39.2791,96.2411,38.1521,96.6325,38.5069,97.7422,39.5933,97.2379,1
58,3480,99,36.4605,10.6585,-46.4774,-84.5341,-45.8003,-84.8731,-46.8713,-85.3977,-47.2588,-84.1166,-46.1339,-83.7536,1
59,3540,0,-37.6321,8.8003,54.6339,87.3162,54.4456,85.9233,53.9216,87.9862,54.8066,88.5548,55.4643,86.5143,4
59,3540,2,-28.285,-3.40599,52.1358,-122.443,52.7674,-121.909,52.3345,-123.415,51.5612,-122.917,51.9182,-121.393,3
59,3540,9,23.8936,0.347372,17.4086,80.3372,17.1517,79.7716,16.8613,80.6876,17.6818,80.9488,17.9185,80.0117,3
59,3540,17,-21.0445,24.127,45.1614,-123.927,45.6788,-124.124,45.0368,-124.773,44.6538,-123.691,45.2703,-122.96,1
59,3540,19,20.0105,2.44477,-5.06596,-69.1147,-4.56069,-69.0598,-5.04791,-69.6461,-5.6045,-69.1722,-5.08632,-68.6111,1
59,3540,24,35.2283,-1.90026,-14.3066,-36.1536,-13.8646,-35.725,-13.9589,-36.779,-14.7973,-36.6413,-14.614,-35.5993,1
59,3540,26,0.896112,24.3659,-80.3826,44.2451,-79.9934,42.4378,-80.6212,41.6276,-80.7705,46.4529,-80.1295,46.9601,1
59,3540,28,28.9716,-23.2851,-24.235,143.384,-24.5217,142.873,-24.9106,143.796,-23.9662,143.931,-23.6626,143.013,1
59,3540,57,23.9495,11.7546,41.0202,23.649,41.6135,23.4456,40.8201,22.9074,40.3678,23.8844,41.1909,24.3667,2
59,3540,60,-36.8259,7.37025,53.5151,54.2808,54.227,54.1567,53.26,53.2048,52.8817,54.4109,53.7923,55.541,1
59,3540,61,-4.30367,-19.1545,29.2122,86.3838,29.7407,86.3739,29.2834,85.809,28.7137,86.3729,29.1598,86.9411,1
59,3540,67,-18.9588,-1.71916,1.98128,-71.7701,1.90118,-72.2982,1.49276,-71.666,2.05616,-71.2719,2.49498,-71.8826,1
59,3540,70,6.26678,-21.8641,67.5842,37.1354,67.8008,35.7976,67.0981,36.2587,67.3439,38.372,68.044,37.9352,3
59,3540,71,-38.2534,-13.533,56.5416,118.845,57.4749,119.273,56.5456,117.584,55.7551,118.48,56.5524,120.258,1
59,3540,91,31.8631,21.9828,-26.6245,14.2774,-26.6412,13.4574,-27.2474,14.3692,-26.5746,15.2374,-26.0323,14.2321,1
59,3540,94,27.0961,-17.4606,41.0572,99.448,41.3285,98.8085,40.4295,98.9932,40.7472,100.095,41.6174,99.8381,2
59,3540,96,-29.7659,-23.7417,29.6722,-170.014,30.4975,-170.201,29.5851,-170.676,28.962,-169.882,29.7987,-169.33,1
60,3600,0,-36.1548,-11.3829,55.7414,88.2381,55.3882,86.7088,55.1497,88.9237,56.0199,89.5778,56.3799,87.4126,9
60,3600,37,-25.7758,-14.0931,-73.4079,-0.751449,-72.946,0.80265,-73.048,-2.06346,-73.8028,-2.24549,-73.7624,0.73134,1
60,3600,60,-38.2651,-1.76329,52.2832,58.2261,53.0703,58.0965,52.0243,57.2103,51.5986,58.3391,52.5755,59.3957,1
60,3600,61,26.5763,16.5098,22.0514,88.8207,22.6595,88.8634,22.0398,88.212,21.3651,88.7906,22.038,89.4015,1
60,3600,67,-36.9059,9.13145,7.16377,-70.8627,7.17739,-71.5796,6.48318,-70.6899,7.16725,-70.2215,7.95416,-71.0562,2
60,3600,71,-35.287,-17.8534,53.5089,120.985,54.4205,121.319,53.5569,119.89,52.7387,120.685,53.4812,122.181,1
60,3600,86,39.0919,8.33496,25.1715,19.8678,25.0829,19.0768,24.4932,20.2059,25.2757,20.7942,25.7754,19.5831,1
60,3600,88,-40.1445,-2.45173,63.8184,118.455,64.6258,118.048,63.4623,117.122,63.124,118.79,64.2217,120.022,1
61,3660,2,-22.5893,24.073,42.0688,-118.617,42.6024,-118.197,42.4474,-119.43,41.5202,-118.981,41.606,-117.722,1
61,3660,20,22.4421,5.77707,56.3898,162.594,56.1849,161.748,55.9295,163.039,56.6089,163.515,56.8276,162.174,1
61,3660,34,17.8312,19.7626,27.7541,0.0875551,28.1518,0.513762,28.1121,-0.317259,27.3007,-0.36346,27.3809,0.468757,6
61,3660,37,0.406043,19.6547,-79.7897,-15.4508,-79.5263,-13.1807,-79.3535,-16.6135,-80.0653,-17.9029,-80.2508,-14.2246,1
61,3660,42,-28.2925,0.682164,41.187,-106.462,41.3031,-107.296,40.5997,-106.489,41.0786,-105.699,41.83,-106.434,1
61,3660,54,-33.8808,22.0297,18.2124,-97.4809,18.2824,-98.2167,17.3864,-97.4476,18.1865,-96.7912,19.1944,-97.4929,1
61,3660,55,-38.3992,1.43453,42.7338,-70.5065,42.9581,-71.6256,41.9802,-70.4773,42.5368,-69.5343,43.6025,-70.5471,4
61,3660,60,-24.6472,3.58273,48.5524,62.221,49.1131,62.129,48.4311,61.4271,48.0288,62.3133,48.6759,63.0874,1
61,3660,61,-32.9902,-6.33226,24.2608,94.3411,24.9579,94.494,24.2649,93.6909,23.6442,94.2029,24.2651,95.0573,1
61,3660,67,-39.4307,4.4027,10.0732,-69.5147,10.0853,-70.3126,9.38374,-69.2983,10.0721,-68.8176,10.8754,-69.7673,2
61,3660,76,29.4947,5.75664,-47.5537,-55.3658,-47.699,-56.2724,-48.1499,-54.9796,-47.3796,-54.3652,-47,-55.7003,1
61,3660,77,-36.6618,-9.12321,-13.584,-45.2411,-13.8646,-46.0851,-14.1562,-44.8687,-13.346,-44.5128,-12.9542,-45.6729,3
61,3660,80,-20.6008,11.1982,1.7116,-178.577,2.18989,-178.391,1.87311,-179.077,1.246,-178.745,1.52616,-178.037,1
61,3660,88,-2.38193,21.0006,57.704,125.214,58.1674,124.94,57.6071,124.313,57.2248,125.53,57.7794,126.181,1
61,3660,91,-23.1749,12.1028,-18.5322,15.0184,-18.4659,14.4431,-19.0987,14.9932,-18.5787,15.571,-17.9091,15.058,1
62,3720,2,-22.6721,-4.51532,41.4661,-118.62,42.0373,-118.21,41.696,-119.336,40.9382,-118.997,41.2245,-117.861,1
62,3720,17,-37.3668,6.05708,41.6326,-111.957,42.3617,-111.934,41.4539,-112.848,40.9858,-111.96,41.827,-110.921,1
62,3720,21,-26.2291,-10.006,80.1814,-83.1172,80.7923,-83.315,80.1019,-86.086,79.6289,-83.0021,80.2507,-79.9285,1
62,3720,26,35.7167,-5.60584,-80.7023,102.959,-80.6266,99.2635,-81.4255,103.625,-80.7529,107.139,-80.0682,102.439,1
62,3720,33,-29.7887,7.41588,60.4847,10.5298,60.7556,11.6136,60.951,9.80292,60.2174,9.55601,59.9564,11.3068,1
62,3720,34,6.30901,-20.5055,27.4459,0.943191,27.8076,1.335,27.8778,0.585832,27.1094,0.550214,27.0529,1.29112,3
62,3720,37,-11.1043,20.6918,-83.8286,-17.2714,-83.5849,-13.3905,-83.3496,-19.0283,-84.0662,-21.4429,-84.3492,-15.216,1
62,3720,41,-28.3659,-6.06072,17.5231,-133.315,17.4795,-134.015,16.9577,-133.199,17.5563,-132.681,18.1319,-133.451,1
62,3720,42,-23.204,-6.75344,42.6175,-103.007,42.7118,-103.83,42.0793,-103.07,42.5204,-102.253,43.1874,-102.951,1
62,3720,44,22.8276,14.4338,35.3479,-1.61833,35.9336,-1.71776,35.2363,-2.29284,34.7017,-1.49266,35.4331,-0.962879,1
62,3720,45,-30.5501,4.67879,13.3842,29.2817,14.0202,29.4371,13.4152,28.6424,12.8007,29.1488,13.3452,29.9935,4
62,3720,53,-19.2033,-3.70842,-10.3437,-118.592,-10.3888,-119.19,-10.8825,-118.519,-10.3029,-118.031,-9.77872,-118.674,1
62,3720,55,-31.6371,-19.0651,42.8669,-68.4222,42.9226,-69.6176,42.238,-68.4357,42.7905,-67.3985,43.5373,-68.456,3
62,3720,67,-38.9849,-12.8842,11.5673,-68.6406,11.4383,-69.5586,10.9536,-68.3888,11.6638,-67.8632,12.2468,-68.9509,1
62,3720,69,17.5708,23.5267,53.4325,13.0221,53.7628,12.2191,53.0295,12.4684,53.077,13.9272,53.8167,13.6281,1
62,3720,72,-15.6503,13.7715,9.8772,141.823,10.3563,142.063,10.1172,141.317,9.39772,141.602,9.60502,142.362,1
62,3720,73,39.1079,9.8092,-25.625,149.553,-24.9191,149.972,-25.4726,148.67,-26.4593,149.06,-25.7755,150.328,1
62,3720,77,-30.4014,17.6598,-7.69123,-42.1472,-7.8519,-42.7747,-8.34896,-41.8828,-7.51188,-41.5656,-6.9274,-42.4324,11
62,3720,79,-13.9173,19.4629,56.7794,-3.24321,56.719,-4.21399,56.2103,-3.19007,56.856,-2.26738,57.4013,-3.26547,1
62,3720,84,-28.7279,-9.21297,-29.1984,-20.4269,-29.3126,-21.1582,-29.7147,-20.2476,-29.0997,-19.7711,-28.6474,-20.6324,1
62,3720,91,35.6163,-1.45254,-20.8261,20.8136,-20.7423,20.1269,-21.5654,20.9082,-20.9237,21.5873,-20.1732,20.7332,2
62,3720,99,-21.8219,-17.9903,-44.4507,-66.4898,-43.9525,-67.0773,-44.771,-67.0799,-44.9061,-65.971,-44.1012,-65.9127,1
63,3780,9,38.0134,-1.41148,30.7469,86.4465,30.5366,85.5917,29.9909,87.0017,30.9718,87.4328,31.4036,85.9613,1
63,3780,17,-36.7659,7.11664,39.2282,-108.187,39.9398,-108.127,39.0862,-109.053,38.5928,-108.223,39.379,-107.184,1
63,3780,18,-30.3528,-22.1518,15.6013,-81.9748,16.4121,-82.0065,15.5856,-82.5669,14.9046,-81.9689,15.6524,-81.3551,1
63,3780,21,-37.9563,-5.15568,77.7441,-64.0715,78.4621,-62.6355,77.7977,-67.0637,77.1173,-65.1951,77.6568,-60.7161,1
63,3780,26,35.1768,-11.0131,-78.0557,113.041,-78.0826,110.192,-78.7891,114.04,-78.0123,116.172,-77.4188,112.229,1
63,3780,34,-34.6706,5.6798,21.0889,4.43157,21.4407,5.04295,21.5362,3.94411,20.7618,3.89003,20.5765,4.97932,2
63,3780,37,-37.4163,-0.851966,-85.9252,12.3451,-85.3278,18.3404,-85.6126,4.57384,-86.4031,5.56112,-86.1695,22.531,2
63,3780,40,-31.6929,6.25031,-6.51267,-153.285,-6.49415,-153.954,-7.14592,-153.177,-6.51785,-152.675,-5.80046,-153.402,1
63,3780,42,28.6343,-24.6712,39.5784,-97.6331,39.7338,-98.3795,38.7706,-98.0063,39.373,-96.8825,40.2767,-97.3367,1
63,3780,49,29.6789,12.8902,-36.698,-174.387,-36.6685,-175.199,-37.3192,-174.305,-36.7119,-173.468,-36.1165,-174.439,1
63,3780,52,-28.7097,7.8772,-32.0226,-142.931,-31.8896,-143.679,-32.6634,-142.968,-32.1296,-142.233,-31.3091,-142.883,1
63,3780,61,-31.113,16.7266,16.1576,99.9131,16.7349,100.116,16.2784,99.2332,15.6099,99.7492,15.9995,100.69,4
63,3780,67,31.7084,-22.5951,9.83929,-61.4443,9.81064,-62.0355,8.99112,-61.401,9.82947,-60.8196,10.5606,-61.5028,1
63,3780,70,34.3544,13.3308,62.9176,80.7699,63.6136,80.2406,62.5509,79.4605,62.1138,81.3799,63.2209,82.0187,4
63,3780,71,-34.334,-16.4548,43.3324,128.222,44.1768,128.602,43.4462,127.354,42.6132,127.885,43.2324,129.171,2
63,3780,77,-34.8016,-1.21062,-5.88698,-42.2882,-6.11056,-43.0237,-6.46302,-41.9455,-5.68567,-41.638,-5.24273,-42.6779,9
63,3780,84,-27.1389,16.1965,-24.0743,-16.767,-24.1344,-17.3742,-24.6625,-16.6343,-23.9934,-16.193,-23.4078,-16.8982,1
63,3780,85,-37.9426,-7.20297,5.99666,-1.2273,5.81805,-2.016,5.42887,-0.928329,6.14578,-0.545892,6.62971,-1.57931,1
63,3780,91,-29.9674,-9.5986,-14.2182,18.1047,-14.1967,17.3878,-14.7859,18.1618,-14.2432,18.743,-13.6068,18.0276,2
63,3780,97,17.2618,-6.91067,-11.1945,-135.694,-10.6952,-135.666,-11.1768,-136.253,-11.7111,-135.732,-11.2045,-135.17,1
64,3840,1,-38.6402,0.689735,68.0101,-135.798,68.8303,-134.803,68.0783,-137.894,67.2904,-136.59,67.9048,-133.396,1
64,3840,6,35.8283,-3.00305,-68.1492,42.5546,-68.1966,40.619,-68.9506,43.3254,-68.0793,44.7284,-67.4438,41.9246,1
64,3840,17,-28.9717,16.7996,35.5274,-104.621,36.1109,-104.582,35.4891,-105.4,34.9751,-104.628,35.5479,-103.732,1
64,3840,19,-32.3331,20.3264,-17.411,-52.5082,-16.8016,-52.3849,-17.3646,-53.2496,-17.988,-52.5909,-17.4834,-51.6436,1
64,3840,20,27.5108,-18.8625,64.4985,170.413,64.3796,169.221,63.8176,170.751,64.5861,171.682,65.0924,170.064,1
64,3840,21,-32.8828,-15.6283,74.9852,-61.2318,75.706,-60.3245,75.0815,-63.3848,74.3613,-61.9994,74.8833,-58.919,1
64,3840,26,30.6381,-20.7329,-75.3151,117.005,-75.4131,114.859,-76.0675,117.674,-75.2223,119.263,-74.6686,116.412,1
64,3840,30,10.7659,-22.1736,15.9784,179.718,15.5827,179.39,15.5441,-179.897,16.3483,-179.941,16.3631,179.348,1
64,3840,31,9.06287,24.3539,56.0101,176.81,55.5773,176.268,55.6654,177.453,56.4942,177.379,56.384,176.164,1
64,3840,34,-25.7495,20.6785,15.9695,2.75456,16.2886,3.22037,16.4595,2.36208,15.6371,2.3225,15.3989,3.18106,3
64,3840,37,2.47852,-18.2953,-86.6016,-61.4459,-86.6704,-53.0504,-86.1214,-58.7882,-86.4536,-68.9726,-87.0556,-64.4669,1
64,3840,42,16.2583,11.7297,44.4893,-90.0375,44.6407,-90.7612,43.982,-90.2287,44.3321,-89.2586,44.9819,-89.8284,2
64,3840,44,37.5523,4.38781,29.7044,2.52382,30.4244,2.56333,29.517,1.65453,28.8744,2.4799,29.8544,3.2963,1
64,3840,54,25.1408,24.314,22.6867,-85.4301,22.5954,-86.1983,22.0794,-85.3587,22.8153,-84.548,23.2863,-85.4588,1
64,3840,56,-18.7092,-0.689283,52.0067,-0.239975,52.51,-0.70167,51.711,-0.97916,51.5296,0.18784,52.3154,0.548457,1
64,3840,57,24.7863,10.3195,29.7507,40.6459,30.3637,40.6177,29.663,39.9583,29.0747,40.6882,29.8159,41.3002,3
64,3840,61,-38.47,-14.6897,16.3514,100.757,17.2515,100.931,16.3279,100.078,15.5948,100.599,16.4055,101.515,2
64,3840,70,38.744,-5.46956,61.6242,83.0522,62.3373,82.8551,61.2543,81.3571,60.8093,83.2345,61.9264,84.5387,2
64,3840,72,-30.3409,2.20296,4.40603,145.119,4.98762,145.459,4.61862,144.53,3.87347,144.815,4.17038,145.772,1
64,3840,76,-37.194,17.1858,-33.1097,-56.1224,-33.1472,-57.0153,-33.8975,-55.834,-33.0368,-55.3185,-32.1666,-56.4369,1
64,3840,77,-26.7787,-21.7801,-4.77099,-41.0373,-5.16896,-41.7321,-5.29454,-40.7705,-4.44241,-40.4225,-4.24629,-41.3436,2
64,3840,78,-20.447,13.506,31.8181,-25.1656,31.6482,-25.7904,31.2727,-24.9315,31.9963,-24.5641,32.4197,-25.4102,1
64,3840,85,21.5963,-12.4308,6.467,5.0916,6.34308,4.6045,5.90021,5.24446,6.58036,5.60108,6.98169,4.9417,1
64,3840,88,35.8945,18.3272,47.9918,136.555,48.7253,136.447,47.7926,135.616,47.1277,136.706,48.1375,137.433,2
64,3840,91,33.3228,-0.954634,-15.1675,25.6691,-15.113,25.0302,-15.8611,25.7607,-15.2312,26.3813,-14.5474,25.59,2
65,3900,1,-32.171,22.1699,62.0283,-130.874,62.6451,-130.137,62.3337,-132.526,61.4245,-131.463,61.6183,-128.992,2
65,3900,3,-37.1336,9.41307,-4.94132,-102.971,-4.32745,-102.433,-4.59645,-103.703,-5.50098,-103.436,-5.34983,-102.121,1
65,3900,5,31.8254,7.48776,-73.2681,-64.9285,-72.5641,-64.8294,-73.3652,-67.4127,-74.0634,-65.0279,-73.1677,-62.6795,3
65,3900,17,21.3941,12.5248,29.9626,-105.354,30.5041,-105.42,29.8757,-105.953,29.371,-105.269,30.0289,-104.772,1
65,3900,18,-33.8036,10.5602,7.57648,-74.8818,8.20777,-74.7164,7.60276,-75.5466,6.99701,-75.0155,7.53565,-74.1216,2
65,3900,19,-39.7114,5.59105,-18.3482,-50.3428,-17.5797,-50.1753,-18.4319,-51.1085,-19.0221,-50.477,-18.2485,-49.4488,1
65,3900,23,27.6529,5.94817,-1.90293,-38.8028,-1.4687,-38.4642,-1.62201,-39.2948,-2.38424,-39.1729,-2.17099,-38.3499,1
65,3900,24,29.7397,20.2353,-38.8408,-32.3857,-38.288,-31.9518,-38.583,-33.0408,-39.4868,-32.8715,-39.1083,-31.7762,1
65,3900,25,40.3768,-0.288319,-72.1973,-19.7426,-71.6286,-18.4724,-71.9515,-22.2348,-72.8415,-21.3327,-72.3879,-17.5473,1
65,3900,26,20.3946,24.8685,-67.4514,124.387,-67.7446,123.043,-67.9149,124.991,-67.0854,125.833,-66.9715,123.878,1
65,3900,34,-31.342,-9.21224,15.0199,3.06517,15.4604,3.61442,15.3947,2.63025,14.6335,2.57535,14.6228,3.54628,6
65,3900,44,32.8487,6.85326,27.4876,6.12633,28.147,6.15417,27.3681,5.37169,26.7416,6.101,27.5805,6.81558,2
65,3900,50,35.0718,13.2654,-51.0221,129.216,-50.2985,128.831,-51.4026,128.219,-51.8573,129.7,-50.69,130.127,1
65,3900,57,-34.7467,0.960526,32.139,47.6715,32.8992,47.806,32.0719,46.8605,31.462,47.5602,32.2119,48.5878,2
65,3900,61,14.627,17.5161,7.69259,100.379,8.21715,100.438,7.76241,99.8789,7.12103,100.332,7.60292,100.876,1
65,3900,76,-36.8288,-1.0473,-31.7272,-55.3964,-31.8636,-56.3336,-32.3595,-55.0407,-31.5986,-54.5779,-31.0106,-55.8021,6
65,3900,79,35.488,12.033,60.4693,17.7968,60.6446,16.3222,59.7435,17.7809,60.257,19.4939,61.1254,17.8575,1
65,3900,85,-36.8913,0.662491,13.3943,2.34039,13.2752,1.60055,12.806,2.61811,13.5022,2.99208,14.0617,2.01935,2
65,3900,87,19.3114,19.4028,60.5984,83.0933,60.918,82.1681,60.1874,82.482,60.2522,84.119,60.9876,83.7504,2
65,3900,88,34.3379,-11.2439,47.6987,137.305,48.2856,137.38,47.6255,136.186,47.056,137.196,47.7625,138.28,1
65,3900,94,20.9405,-23.9986,45.2209,127.847,45.612,127.307,44.8141,127.037,44.8048,128.347,45.5937,128.554,1
66,3960,1,-35.3774,8.05517,60.3834,-128.517,61.0509,-127.684,60.5939,-130.008,59.7716,-129.207,60.1146,-126.83,1
66,3960,8,-28.8265,0.176882,9.34837,70.5113,9.04802,69.8692,8.8201,70.8783,9.62421,71.0965,9.92587,70.1047,1
66,3960,18,-36.0462,20.1844,4.032,-71.6905,4.67367,-71.4847,4.12165,-72.4597,3.43258,-71.8447,3.90246,-70.7785,1
66,3960,23,5.78675,19.8284,-6.43746,-36.3066,-6.02392,-36.0477,-6.15133,-36.6872,-6.88795,-36.567,-6.74829,-35.9254,1
66,3960,26,28.3001,-10.6547,-67.2264,126.471,-67.4072,125.186,-67.8005,127.219,-67.0359,127.838,-66.7132,125.812,2
66,3960,31,-22.4728,0.354014,61.1471,169.993,60.7194,169.301,60.8646,170.87,61.5454,170.656,61.442,169.036,1
66,3960,32,-32.6632,-14.2493,81.6025,42.8778,81.5946,48.035,82.1676,42.2238,81.567,38.4009,80.9935,43.6411,1
66,3960,42,30.8491,-11.831,45.2441,-82.9115,45.5386,-83.6448,44.5554,-83.3234,44.9038,-82.1431,45.8541,-82.5534,2
66,3960,44,-12.663,-20.0825,29.777,10.3338,30.3792,10.268,29.8034,9.72376,29.2227,10.3719,29.7714,10.9365,1
66,3960,52,-27.4275,22.9111,-23.2747,-132.918,-23.2091,-133.597,-24.0027,-132.976,-23.2979,-132.258,-22.4349,-132.824,1
66,3960,57,33.3286,2.94904,24.3203,44.8423,24.9953,44.9072,24.2197,44.0465,23.5606,44.77,24.3994,45.56,13
66,3960,60,29.5842,18.8721,31.4709,77.3438,32.1305,77.3155,31.388,76.6571,30.7143,77.3987,31.5184,77.9991,3
66,3960,61,24.8248,0.67072,5.26326,100.678,5.78513,100.796,5.32374,100.106,4.70011,100.55,5.20418,101.209,4
66,3960,76,-29.4553,-22.6773,-30.9233,-53.91,-31.2812,-54.8267,-31.4814,-53.6329,-30.6313,-53.1179,-30.3565,-54.2377,1
66,3960,85,-24.097,-13.5315,14.9131,4.62591,14.7104,4.02089,14.4336,4.81028,15.084,5.1768,15.4077,4.41545,4
66,3960,91,27.8343,22.7623,-7.46443,31.6841,-7.54595,30.9998,-8.04532,31.7769,-7.34443,32.4709,-6.89902,31.6293,2
67,4020,1,-28.6061,-4.18966,57.881,-128.573,58.5382,-128.017,58.0444,-129.718,57.2853,-129.063,57.7005,-127.336,2
67,4020,8,-3.66171,19.8669,14.1169,74.3826,13.8255,73.8944,13.6083,74.6381,14.4387,74.8787,14.6663,74.1308,1
67,4020,13,-36.0313,2.67918,1.94982,103.881,1.99899,103.166,1.30734,104.004,1.9131,104.516,2.68048,103.74,1
67,4020,14,-19.8929,0.151052,27.3415,130.154,27.3656,129.553,26.8374,130.167,27.3177,130.72,27.8759,130.139,1
67,4020,16,37.7643,-14.8275,43.5498,-141.351,44.1601,-141.618,43.112,-142.421,42.862,-141.1,43.9236,-140.441,1
67,4020,17,39.2838,7.8209,23.5673,-101.251,24.3023,-101.212,23.366,-102.056,22.7062,-101.29,23.7253,-100.537,2
67,4020,18,-36.3076,4.21432,2.50141,-70.6349,3.19549,-70.462,2.48832,-71.3002,1.88198,-70.7795,2.51481,-69.8747,1
67,4020,19,34.4102,7.66155,-29.0128,-50.4831,-28.3612,-50.4384,-29.1238,-51.2382,-29.756,-50.528,-28.9219,-49.7996,2
67,4020,21,-26.4356,-15.9535,64.0186,-51.7291,64.6118,-51.0868,64.2218,-52.8214,63.4942,-52.3056,63.8166,-50.5816,1
67,4020,23,0.693672,-18.7433,-6.94437,-36.0528,-6.52132,-35.7969,-6.62488,-36.4361,-7.34025,-36.3131,-7.23564,-35.676,1
67,4020,25,2.04407,23.187,-78.0625,14.084,-77.5787,13.6362,-78.0804,11.7296,-78.5727,14.7155,-78.0457,16.5654,1
67,4020,33,-0.904048,-21.661,44.497,1.66289,44.8778,2.16553,44.9179,1.24029,44.1494,1.17361,44.1081,2.08167,1
67,4020,39,16.9345,-14.2601,-7.87173,-179.344,-8.23056,-179.679,-8.26911,-178.945,-7.51749,-178.992,-7.51349,-179.72,1
67,4020,41,-34.0531,4.51964,32.9462,-120.553,33.0358,-121.391,32.2836,-120.475,32.8704,-119.8,33.6964,-120.641,1
67,4020,42,33.3338,3.73188,46.6996,-75.6836,47.0603,-76.4798,46.0475,-76.0479,46.2878,-74.7989,47.2833,-75.3363,3
67,4020,44,-30.9759,14.4003,25.8209,17.1527,26.4436,17.3098,25.864,16.4017,25.2366,17.0324,25.7522,18.0083,1
67,4020,56,-35.1367,15.6925,48.9315,19.3768,49.6576,19.3036,48.7095,18.2331,48.271,19.4856,49.1603,20.7356,2
67,4020,57,30.1925,-19.0183,23.6599,45.9138,24.2727,45.9877,23.721,44.9931,23.0153,45.8001,23.6211,46.7116,7
67,4020,60,-34.4733,21.8603,32.4074,85.7883,33.0302,86.0131,32.5146,84.8931,31.8174,85.625,32.2481,86.8429,1
67,4020,61,3.50639,-18.9859,4.66327,103.208,5.16765,103.26,4.79827,102.699,4.17913,103.14,4.55232,103.694,1
67,4020,66,-18.4503,-1.90109,-2.71474,-77.0045,-2.79387,-77.5302,-3.20153,-76.9031,-2.64052,-76.508,-2.20389,-77.1139,1
67,4020,69,21.337,-12.5871,51.3481,37.2598,51.8057,36.9006,51.0797,36.4071,50.8659,37.6021,51.5973,38.0395,1
67,4020,78,-23.9469,4.2033,41.3956,-20.899,41.2425,-21.6639,40.86,-20.6286,41.5409,-20.1805,41.977,-21.1938,1
67,4020,79,34.3118,-21.8906,62.3998,23.698,62.6778,22.4326,61.5031,22.9137,62.0502,24.9846,63.1587,24.3505,1
67,4020,84,-27.8967,6.9968,-11.6818,-10.2642,-11.781,-10.8429,-12.218,-10.083,-11.5789,-9.72835,-11.0868,-10.4585,1
67,4020,91,33.337,-1.0994,-6.9169,32.8106,-6.87187,32.1888,-7.61006,32.9096,-6.97131,33.5033,-6.29738,32.7244,2
67,4020,93,27.8526,24.5205,40.4528,95.6714,40.6691,94.7938,39.889,95.4408,40.2189,96.6958,40.9873,95.9472,1
67,4020,95,24.5264,-24.6053,29.3019,179.219,29.8558,179.134,29.2957,178.348,28.7365,179.264,29.3259,179.978,1
68,4080,1,-28.4737,17.8667,52.1764,-124.651,52.7365,-124.08,52.4897,-125.724,51.6277,-125.137,51.7882,-123.457,1
68,4080,9,-33.8143,20.0918,53.4623,85.3244,53.295,84.1332,52.6849,85.8398,53.6451,86.4232,54.3866,84.7293,1
68,4080,13,27.4574,12.3378,1.62979,111.239,1.58482,110.647,1.06782,111.351,1.69145,111.9,2.16196,111.15,1
68,4080,18,-32.4089,4.48217,-0.707458,-68.8102,-0.0732161,-68.676,-0.705216,-69.4233,-1.28449,-68.9239,-0.712112,-68.1225,1
68,4080,44,-35.0603,5.51164,24.0054,19.3911,24.7069,19.5812,24.0008,18.6411,23.3737,19.2345,24.0031,20.2461,1
68,4080,49,-9.00307,17.3096,-20.4279,-163.462,-20.4601,-164.006,-20.9554,-163.456,-20.3745,-162.912,-19.8642,-163.45,1
68,4080,53,-22.5468,9.87954,8.49134,-105.426,8.47099,-106.017,7.90227,-105.356,8.5234,-104.862,9.13663,-105.493,1
68,4080,54,-36.2681,1.41252,36.0428,-81.4213,36.1694,-82.3973,35.3307,-81.3323,35.9312,-80.5609,36.8534,-81.5288,2
68,4080,60,21.9742,12.8309,27.0082,82.8694,27.5589,82.8993,26.9996,82.2726,26.403,82.8502,26.9984,83.4439,1
68,4080,61,-32.6352,7.39823,1.54141,109.27,2.15266,109.475,1.61592,108.644,0.980714,109.095,1.4513,109.976,1
68,4080,66,24.5029,17.9621,-0.234795,-70.9147,-0.36735,-71.4982,-0.76346,-70.7677,-0.0684634,-70.2635,0.281684,-71.0337,2
68,4080,69,-35.0078,15.8425,53.7739,50.3595,54.4333,50.2379,53.5477,49.2131,53.1737,50.5111,54.0084,51.7206,2
68,4080,75,-34.6196,5.29379,-51.8888,-73.8854,-51.818,-75.0628,-52.5728,-73.7145,-51.9312,-72.8244,-51.1102,-74.0692,1
68,4080,79,-19.3845,-20.1621,69.0863,27.3724,69.2588,25.5276,68.5717,26.8185,68.8964,28.9881,69.6133,27.8859,2
68,4080,81,-21.6029,6.50108,-49.5373,-139.404,-49.0134,-139.404,-49.5778,-140.198,-50.0354,-139.391,-49.4926,-138.547,1
68,4080,91,37.8007,11.8867,-3.51551,36.5694,-3.50565,35.818,-4.22523,36.7607,-3.51517,37.451,-2.876,36.4202,1
68,4080,93,23.7306,0.346959,41.3377,96.7735,41.5862,96.1391,40.8043,96.491,41.0657,97.449,41.8334,97.0434,3
68,4080,97,-28.2239,20.5653,-23.2177,-117.602,-22.6287,-117.57,-23.2271,-118.33,-23.7824,-117.6,-23.2246,-116.767,1
69,4140,1,-29.9972,-5.89123,51.2318,-124.012,51.8986,-123.454,51.4306,-124.986,50.6339,-124.504,51.0175,-122.955,1
69,4140,8,32.4955,-0.532996,18.2754,79.2988,18.0213,78.634,17.6389,79.743,18.5508,80.0436,18.8464,78.9009,2
69,4140,9,-34.181,8.63212,55.6156,86.4728,55.4329,85.1756,54.9467,87.056,55.7856,87.6488,56.3816,85.792,16
69,4140,13,23.979,-19.7944,2.41063,111.189,2.39041,110.658,1.73023,111.177,2.40428,111.734,3.01432,111.181,1
69,4140,18,-30.637,7.44263,-3.92855,-66.5663,-3.32529,-66.4418,-3.91286,-67.1719,-4.48552,-66.6697,-3.95156,-65.888,1
69,4140,20,-34.6397,-5.7352,83.2665,-148.3,83.5797,-153.871,82.6986,-149.636,82.9406,-143.852,83.8959,-146.628,1
69,4140,44,-38.0645,-8.12346,22.5713,21.0768,23.4344,21.238,22.5073,20.3372,21.8315,20.9347,22.6584,21.9109,1
69,4140,48,23.7637,19.4009,-44.2306,170.494,-44.1523,169.623,-44.798,170.42,-44.2904,171.48,-43.6818,170.602,1
69,4140,52,36.086,-5.90998,-21.6897,-122.534,-21.6415,-123.274,-22.52,-122.377,-21.7547,-121.704,-20.9672,-122.672,1
69,4140,59,5.62372,-24.8323,-34.3715,102.178,-33.7956,102.06,-34.3143,101.422,-34.9227,102.257,-34.3944,102.876,1
69,4140,60,34.4975,-17.7725,25.5307,81.9707,26.119,82.1124,25.6118,81.036,24.8998,81.7841,25.4727,82.7695,2
69,4140,66,17.2906,13.0539,2.81783,-69.8862,2.71495,-70.3999,2.32318,-69.7749,2.94074,-69.3326,3.30506,-69.9808,1
69,4140,69,-30.6442,5.55496,52.0247,53.5231,52.6409,53.3758,51.83,52.6048,51.4614,53.669,52.2299,54.5588,1
69,4140,70,-33.368,-4.98479,53.9008,117.752,54.6242,118.149,53.9635,116.669,53.2601,117.409,53.8313,118.95,1
69,4140,72,32.916,20.8191,-17.4062,145.419,-16.6814,145.712,-17.2484,144.733,-18.2666,145.094,-17.5877,146.052,3
69,4140,73,-16.9327,-9.29637,-45.0076,167.329,-44.4364,167.495,-44.9013,166.603,-45.5386,167.159,-45.1009,168.081,1
69,4140,76,-37.5898,10.1254,-16.9293,-48.8722,-17.0552,-49.6706,-17.6254,-48.5232,-16.7946,-48.1658,-16.1112,-49.2684,1
69,4140,80,27.6413,3.75942,-26.45,-169.768,-25.9254,-169.576,-26.3485,-170.406,-27.0261,-169.979,-26.5473,-169.179,1
69,4140,83,-30.3449,-4.08137,-36.3441,-28.5503,-36.3836,-29.3461,-36.8881,-28.3931,-36.3059,-27.8342,-35.7513,-28.7289,2
69,4140,90,13.9051,22.5454,-24.203,11.6283,-24.2292,11.0145,-24.7205,11.6039,-24.1483,12.3024,-23.6784,11.6822,1
69,4140,93,16.3177,-12.6842,42.8638,99.5403,43.0974,98.9329,42.3701,99.1603,42.6097,100.145,43.326,99.885,2
69,4140,96,36.4299,16.8819,-4.76591,-146.245,-4.00215,-146.216,-4.89534,-146.934,-5.66804,-146.262,-4.67734,-145.614,1
70,4200,9,-34.9096,-12.1718,56.8416,86.8892,56.4981,85.3574,56.255,87.5471,57.1123,88.2386,57.4697,86.0989,3
70,4200,13,35.7832,-18.5722,4.28211,114.373,4.34222,113.759,3.39471,114.398,4.18119,115.038,5.03252,114.335,1
70,4200,16,-22.0069,-7.22127,43.9145,-123.253,44.4697,-123.461,43.7533,-123.922,43.4006,-123.072,44.0888,-122.55,1
70,4200,18,-19.9446,16.6624,-8.10876,-64.6376,-7.5935,-64.5714,-8.04736,-65.1929,-8.61536,-64.6826,-8.19146,-64.0276,2
70,4200,24,19.7196,-12.6824,-54.2246,-27.3732,-53.8156,-26.9272,-53.9138,-28.1732,-54.6361,-27.8632,-54.4964,-26.6184,1
70,4200,33,-17.3592,22.6872,29.1281,1.31316,29.4528,1.76403,29.5847,0.936473,28.7793,0.88304,28.6059,1.70727,4
70,4200,39,35.2025,-2.79509,4.54661,-178.775,4.15109,-179.248,4.11876,-178.198,4.98349,-178.24,4.92428,-179.285,1
70,4200,53,-29.2353,-16.9426,12.6384,-103.579,12.509,-104.389,12.0452,-103.451,12.7336,-102.867,13.2604,-103.744,1
70,4200,66,-31.9818,19.7484,9.24324,-71.1437,9.24093,-71.77,8.54868,-71.0512,9.2757,-70.5566,10.054,-71.2304,1
70,4200,69,-31.8406,-3.76596,50.6561,57.3163,51.326,57.1647,50.4668,56.4445,50.0562,57.4464,50.8645,58.2803,1
70,4200,76,-32.8953,14.9338,-13.2937,-46.7967,-13.4376,-47.4772,-13.9611,-46.5085,-13.1346,-46.1756,-12.5167,-47.1125,8
70,4200,85,31.7068,-16.4676,25.2115,16.1338,25.1566,15.5147,24.4691,16.2822,25.2412,16.8002,25.854,15.9876,1
70,4200,86,39.6225,6.26708,52.4241,51.9301,52.6608,50.8125,51.6594,51.8999,52.137,53.2227,53.0933,51.9799,1
70,4200,87,-38.7407,-12.9996,63.2901,117.448,64.1312,116.846,62.9552,116.232,62.5733,117.909,63.6761,118.816,1
70,4200,90,15.7718,23.7918,-21.6386,14.622,-21.6843,13.9999,-22.1647,14.6127,-21.5604,15.3108,-21.1056,14.663,1
71,4260,5,33.9308,11.4562,-74.2801,23.8289,-74.1977,21.0433,-75.0174,24.2093,-74.3192,27.0658,-73.6059,23.5881,1
71,4260,33,-24.8139,3.81876,27.0038,1.68297,27.3328,2.18538,27.3919,1.27335,26.6902,1.21971,26.5795,2.12285,4
71,4260,40,-10.3965,16.7406,16.4257,-134.085,16.3795,-134.616,15.8961,-134.06,16.4896,-133.55,16.9937,-134.095,1
71,4260,54,-34.2411,0.0613369,43.076,-71.041,43.2599,-72.0566,42.3964,-71.0572,42.9089,-70.1408,43.8399,-71.0287,5
71,4260,66,-38.3939,9.90354,12.0307,-70.4492,12.0621,-71.2049,11.3191,-70.2659,12.02,-69.778,12.8658,-70.6567,4
71,4260,69,-29.0012,11.7349,47.3464,63.3969,47.9372,63.3937,47.2545,62.5105,46.7947,63.4239,47.4306,64.3985,2
71,4260,76,-27.0506,-2.79957,-11.8733,-45.6402,-12.094,-46.2655,-12.3899,-45.3665,-11.6711,-45.0693,-11.3168,-45.9406,8
71,4260,86,34.0774,-22.3179,53.4305,52.1062,53.644,51.1799,52.5958,51.6333,53.1574,53.0593,54.1399,52.4867,1
71,4260,87,27.6133,-4.68268,55.5146,119.967,56.0377,119.766,55.3083,118.956,54.9481,120.165,55.6974,120.894,1
71,4260,90,13.8429,18.3178,-19.2804,16.6909,-19.3066,16.1226,-19.7889,16.6955,-19.2321,17.307,-18.7703,16.7084,2
72,4320,0,14.9535,21.5851,67.3836,-156.493,68.0022,-156.72,67.3403,-157.987,66.7043,-156.195,67.3842,-154.978,3
72,4320,8,32.3992,-16.8337,27.0874,81.6839,26.8779,80.9825,26.2612,82.0906,27.2774,82.4531,27.7914,81.3115,1
72,4320,11,-28.98,9.54973,-35.1811,63.1713,-34.9971,62.4833,-35.769,63.0533,-35.3357,63.8188,-34.5252,63.3113,2
72,4320,14,-37.2692,-1.89613,41.0505,144.594,41.2555,143.613,40.3939,144.588,40.8663,145.447,41.7959,144.589,1
72,4320,22,-36.3154,-15.6581,10.4467,-36.6374,11.1256,-36.1456,10.7079,-37.187,9.87516,-37.066,10.1839,-36.0217,1
72,4320,25,35.7832,-16.3436,-80.024,104.07,-79.9744,100.662,-80.848,104.568,-80.0674,107.825,-79.3219,103.629,1
72,4320,28,21.1401,-6.23131,26.3271,148.364,26.0766,147.896,25.8746,148.702,26.5819,148.862,26.7437,148.044,1
72,4320,32,-19.3851,-10.5857,60.3308,5.80671,60.6716,6.70891,60.7139,5.18089,60.0174,4.97935,59.9392,6.45825,1
72,4320,33,-11.8865,-23.6004,25.7328,0.0150145,26.18,0.443018,26.14,-0.332231,25.3387,-0.389455,25.3518,0.373167,1
72,4320,36,-9.37098,23.6177,-85.8444,-31.0861,-85.6642,-24.8291,-85.3265,-32.2885,-85.9999,-37.984,-86.4112,-29.7481,3
72,4320,40,25.8183,-10.2055,15.2327,-130.85,15.2318,-131.425,14.5736,-130.799,15.2171,-130.24,15.8276,-130.904,1
72,4320,41,33.3206,-18.2992,38.3217,-101.02,38.5239,-101.766,37.4801,-101.288,38.0671,-100.237,39.0459,-100.807,1
72,4320,43,-15.2512,-11.8599,38.5252,-2.14909,39.092,-2.24548,38.4707,-2.7999,37.9955,-2.07389,38.5906,-1.48763,2
72,4320,44,-39.0846,-8.05723,13.8925,27.9111,14.7782,28.1019,13.8392,27.1887,13.138,27.7448,13.9702,28.7309,3
72,4320,54,-31.6324,-23.6502,43.4355,-69.9294,43.4584,-71.2377,42.7975,-69.9696,43.3805,-68.8253,44.1076,-69.9499,2
72,4320,56,-32.9019,-20.7786,40.3546,34.6562,41.276,34.4549,40.2151,33.8326,39.5683,34.7965,40.5367,35.5279,1
72,4320,60,-33.2029,16.921,17.7903,96.7606,18.388,96.9876,17.9107,96.041,17.228,96.5783,17.6302,97.5908,1
72,4320,66,-24.9976,-19.5746,11.7651,-68.8658,11.5864,-69.5504,11.2423,-68.7474,11.9047,-68.2552,12.2984,-69.0157,3
72,4320,72,24.9197,-18.7177,-23.5733,148.356,-23.0619,148.629,-23.2294,147.65,-24.0891,148.043,-23.8593,148.992,1
72,4320,75,-36.7794,6.49406,-39.4035,-62.4485,-39.4429,-63.4429,-40.0971,-62.1377,-39.3475,-61.5667,-38.6012,-62.7947,1
72,4320,76,-4.53708,21.6806,-7.03705,-41.5569,-7.273,-42.036,-7.54906,-41.3717,-6.7687,-41.069,-6.48158,-41.7326,7
72,4320,78,20.7068,23.5709,56.2982,1.18575,56.2157,0.0317406,55.7289,1.25181,56.4043,2.49023,56.8671,1.17882,1
72,4320,84,17.5044,20.9822,4.32668,1.52136,4.12257,1.00834,3.84883,1.68619,4.57114,2.08176,4.81191,1.37997,1
72,4320,89,-17.0243,21.1415,-4.3561,-178.512,-3.87885,-178.35,-4.15203,-179.023,-4.84165,-178.651,-4.60041,-177.955,1
72,4320,90,35.0289,15.0661,-18.2229,20.9344,-18.2241,20.1728,-18.884,21.0878,-18.2023,21.8218,-17.6141,20.8217,1
72,4320,95,33.6141,-3.64016,14.8622,-165.494,15.4746,-165.428,14.786,-166.233,14.1828,-165.577,14.9286,-164.838,1
73,4380,0,-37.7089,3.93973,69.619,-141.359,70.4104,-140.423,69.6687,-143.608,68.9154,-142.095,69.5262,-138.777,1
73,4380,8,38.8947,2.97982,32.4442,84.8853,32.2158,83.9741,31.707,85.4763,32.6987,85.9505,33.0901,84.3737,1
73,4380,16,-37.2706,-14.0466,39.5263,-111.013,40.391,-111.139,39.33,-111.793,38.7894,-110.924,39.7643,-110.153,1
73,4380,27,28.4367,-4.24229,-5.31705,142.982,-5.58926,142.521,-5.79275,143.363,-5.02791,143.485,-4.8865,142.635,1
73,4380,29,34.3449,12.4103,65.2246,171.222,65.0772,169.701,64.6457,171.836,65.3865,172.988,65.7586,170.68,1
73,4380,36,-30.8219,-12.0505,-86.8974,-1.65024,-86.361,6.06588,-86.5309,-8.97496,-87.2994,-10.9904,-87.2043,8.39994,1
73,4380,51,-30.2816,8.46676,-30.8403,-144.171,-30.7022,-144.931,-31.5024,-144.196,-30.9499,-143.466,-30.097,-144.135,1
73,4380,56,-31.2065,-17.1201,37.3786,38.3055,38.2179,38.2063,37.2735,37.5334,36.6497,38.3694,37.5158,39.1266,1
73,4380,64,31.9151,18.1303,-42.2312,-107.871,-42.229,-108.797,-42.8428,-107.751,-42.2055,-106.8,-41.6559,-107.944,1
73,4380,76,-14.005,-21.4297,-7.03012,-42.7426,-7.35485,-43.2975,-7.54018,-42.5416,-6.75197,-42.2279,-6.53677,-42.9649,4
73,4380,79,25.7782,20.0325,62.8391,83.6111,63.4718,83.1326,62.6191,82.3994,62.1248,84.1751,63.0135,84.8197,1
73,4380,90,38.5692,-3.87917,-17.3234,22.3068,-17.2211,21.5969,-18.1438,22.4284,-17.4485,23.1155,-16.6144,22.2027,1
74,4440,0,-36.1278,1.34,66.5922,-137.372,67.3512,-136.519,66.686,-139.228,65.916,-138.066,66.4626,-135.274,1
74,4440,8,37.2858,-15.1634,33.9007,85.0037,33.7417,84.156,32.9682,85.4933,34.036,85.9577,34.6797,84.5667,1
74,4440,9,33.6533,-13.7094,64.8006,116.184,64.9362,114.633,63.9079,116.048,64.6072,117.842,65.5726,116.279,1
74,4440,11,33.229,10.7091,-35.0344,74.5087,-34.963,73.7172,-35.6746,74.5864,-35.0999,75.415,-34.4475,74.4591,1
74,4440,15,39.3401,8.65661,44.8787,-152.504,45.517,-153.042,44.3064,-153.213,44.1295,-151.88,45.3671,-151.85,1
74,4440,16,-39.7653,2.66426,36.2284,-105.506,37.0235,-105.389,36.0786,-106.375,35.5363,-105.594,36.3967,-104.493,1
74,4440,17,-33.1116,16.2485,8.50379,-78.0365,9.11496,-77.8699,8.56457,-78.7282,7.93206,-78.165,8.41537,-77.2378,1
74,4440,18,29.1776,-6.79787,-20.7167,-60.0583,-20.1675,-59.9752,-20.7108,-60.7554,-21.3091,-60.1604,-20.7148,-59.4312,2
74,4440,20,24.3103,4.81873,68.9342,-71.4839,69.4417,-71.1439,68.9927,-72.9756,68.3814,-71.8271,68.8611,-70.0942,2
74,4440,25,33.5007,-6.55321,-72.3145,120.772,-72.4585,118.926,-72.9346,121.822,-72.1475,122.783,-71.7639,119.89,1
74,4440,33,-33.7968,2.75651,15.6537,1.15478,16.0226,1.73104,16.0759,0.690597,15.3157,0.642466,15.1778,1.67461,3
74,4440,43,35.7928,6.89326,28.5843,1.8766,29.2875,1.90536,28.4224,1.06489,27.777,1.84942,28.7117,2.60841,3
74,4440,44,39.7031,3.86668,1.69646,26.3554,2.43312,26.5408,1.6306,25.5228,0.837424,26.1386,1.74214,27.0807,4
74,4440,52,-36.3841,18.7537,0.0176196,-115.92,0.106324,-116.662,-0.819446,-115.839,-0.0263383,-115.24,1.0163,-115.995,1
74,4440,65,-19.1677,6.85878,-9.7621,-83.8927,-9.8159,-84.4167,-10.2693,-83.805,-9.70166,-83.391,-9.21696,-83.9807,1
74,4440,75,-32.4935,21.6003,-31.6284,-56.8384,-31.714,-57.6168,-32.3818,-56.6084,-31.5058,-56.1156,-30.7355,-57.076,12
74,4440,83,33.7765,-4.5331,-23.6126,-12.1731,-23.7025,-12.8122,-24.2657,-11.9026,-23.5191,-11.4637,-23.034,-12.4124,1
74,4440,84,34.9825,-17.5516,6.8664,4.49341,6.78799,3.9,6.05653,4.70591,6.91979,5.14265,7.55322,4.29642,1
74,4440,87,39.8713,5.78362,47.1562,134.269,47.8776,134.311,46.9342,133.183,46.3124,134.225,47.3292,135.231,2
74,4440,90,-33.5713,1.65924,-9.15962,19.8837,-9.08133,19.188,-9.78609,19.953,-9.22338,20.5086,-8.45696,19.8045,3
74,4440,96,-25.2363,-10.5099,-12.2894,-131.96,-11.6521,-131.964,-12.3267,-132.507,-12.8663,-131.965,-12.2342,-131.382,1
75,4500,0,-31.6419,5.15845,62.642,-134.319,63.2956,-133.632,62.7996,-135.787,62.0404,-134.898,62.4441,-132.693,2
75,4500,9,33.7617,-15.6742,66.928,122.675,67.1364,121.032,66.0237,122.23,66.6525,124.399,67.7064,123.045,1
75,4500,12,-29.3131,9.13434,-2.43529,99.2117,-2.40513,98.6152,-3.02934,99.275,-2.44993,99.7658,-1.77025,99.1489,1
75,4500,16,36.2016,-0.277073,28.2057,-108.431,28.8513,-108.406,28.0407,-109.242,27.475,-108.464,28.3438,-107.712,2
75,4500,22,35.4632,21.3084,-5.75948,-41.6219,-5.1329,-41.214,-5.50622,-42.2143,-6.51609,-42.0884,-6.02596,-41.0889,3
75,4500,24,37.6927,14.7313,-75.4395,-16.1905,-74.7615,-15.1581,-75.3391,-18.883,-76.2382,-17.4787,-75.5285,-13.7515,1
75,4500,25,30.0585,-23.7654,-70.2625,121.805,-70.4406,120.245,-71.0259,122.526,-70.0984,123.439,-69.6134,121.171,1
75,4500,33,29.5031,14.5199,11.0332,-5.36149,11.4555,-4.90158,11.4012,-5.82187,10.5436,-5.87132,10.6719,-4.9441,3
75,4500,43,29.716,-19.6339,28.5145,2.99917,29.1024,3.04164,28.5479,2.08099,27.8975,2.91801,28.4991,3.79552,1
75,4500,48,-25.3698,22.7319,-25.7902,-173.055,-25.7355,-173.702,-26.4605,-173.119,-25.8069,-172.421,-25.025,-172.956,1
75,4500,55,20.0178,-3.78883,47.1118,2.76802,47.6111,2.43671,46.8331,1.99456,46.5829,3.10218,47.3699,3.49676,1
75,4500,56,30.0805,23.7271,24.5037,42.9894,25.2789,42.9129,24.4061,42.2787,23.5967,43.1085,24.5523,43.6762,2
75,4500,59,32.687,19.6474,-51.6176,130.188,-50.9126,129.663,-51.9914,129.26,-52.4298,130.859,-51.2917,131.072,1
75,4500,60,-23.7345,21.459,7.66578,102.038,8.19448,102.179,7.81983,101.437,7.1417,101.93,7.46912,102.712,3
75,4500,65,40.1734,-4.95467,-10.9618,-77.808,-10.9531,-78.519,-11.7884,-77.5462,-10.984,-76.9913,-10.2557,-78.0313,1
75,4500,69,23.0992,-20.5382,35.9706,70.7077,36.5006,70.7002,36.0109,69.8703,35.4294,70.6814,35.9485,71.4517,3
75,4500,73,38.6751,0.249633,-66.888,-175.035,-66.1535,-174.856,-67.0468,-177.16,-67.7328,-175.271,-66.7329,-173.208,1
75,4500,75,-37.3976,-4.09904,-30.5739,-57.3211,-30.739,-58.2821,-31.1972,-56.9499,-30.4251,-56.4892,-29.8717,-57.7486,8
75,4500,76,26.8527,12.2897,1.70284,-35.7468,1.44702,-36.3225,1.17937,-35.4373,1.99958,-35.1085,2.20542,-36.0234,1
75,4500,83,23.1926,21.4621,-17.5717,-10.2958,-17.7867,-10.8807,-18.0685,-10.0951,-17.3069,-9.64536,-17.075,-10.464,1
75,4500,84,-29.8522,15.0568,15.9801,2.23973,15.8909,1.63962,15.3822,2.42203,16.0832,2.79924,16.6636,2.04592,2
75,4500,91,-37.9999,-7.38414,19.4405,46.1305,19.4997,45.2401,18.785,46.2628,19.3818,46.8958,20.1773,45.9619,3
75,4500,93,38.868,-3.11258,42.8558,130.424,43.4558,129.948,42.2472,129.656,42.1619,130.945,43.3766,131.101,1
75,4500,97,24.1631,13.3388,-41.8773,-97.4738,-41.3235,-97.7064,-42.0843,-98.1682,-42.4865,-97.1948,-41.6916,-96.8056,1
76,4560,0,-33.2278,-8.45178,60.7877,-132.112,61.5555,-131.446,60.9196,-133.466,60.1136,-132.683,60.6443,-130.628,1
76,4560,5,1.16157,-20.1996,-60.0237,40.7251,-60.206,39.6064,-60.6112,40.8977,-59.8624,41.7938,-59.4706,40.5247,1
76,4560,17,30.6305,-6.50413,0.614876,-79.6756,1.17251,-79.5702,0.636838,-80.3466,0.00961547,-79.8013,0.599494,-79.0752,2
76,4560,22,33.0598,-7.23921,-6.53385,-41.4117,-6.11715,-41.0188,-6.15936,-41.9967,-6.98288,-41.8536,-6.86039,-40.8911,3
76,4560,25,34.1001,-20.3133,-66.5499,126.355,-66.7424,124.978,-67.3118,127.248,-66.3628,127.841,-65.9059,125.597,1
76,4560,27,13.3254,14.5281,7.75639,142.999,7.45808,142.604,7.37416,143.286,8.08644,143.416,8.14533,142.726,1
76,4560,30,-35.1509,0.721396,62.8503,163.728,62.3096,162.77,62.5731,164.95,63.3283,164.602,63.1472,162.32,2
76,4560,33,-39.17,8.44625,7.40191,0.879186,7.76579,1.53876,7.8991,0.345178,7.06599,0.307002,6.81421,1.49896,1
76,4560,43,29.4996,4.60858,24.1272,7.80551,24.7367,7.85369,24.0636,7.10779,23.451,7.7556,24.1746,8.44775,2
76,4560,44,-22.9559,21.7491,-1.66396,36.5834,-1.10703,36.6927,-1.53555,35.9572,-2.21627,36.5061,-1.83178,37.287,1
76,4560,51,-31.7072,6.19137,-23.1562,-136.069,-23.067,-136.817,-23.8242,-136.017,-23.2229,-135.384,-22.4047,-136.122,1
76,4560,53,-26.6333,7.886,31.3908,-86.913,31.4468,-87.6428,30.771,-86.8855,31.3467,-86.2301,32.0759,-86.9355,1
76,4560,56,23.6063,-6.51687,24.7744,43.677,25.3383,43.7198,24.7669,42.9701,24.1774,43.621,24.7835,44.3259,6
76,4560,60,-21.3292,-12.0705,7.00751,101.944,7.59609,102.03,7.07328,101.436,6.47086,101.856,6.95361,102.473,8
76,4560,65,35.0293,-1.97229,-7.14863,-76.2823,-7.18018,-76.913,-7.84158,-76.0767,-7.11897,-75.5746,-6.53504,-76.4624,1
76,4560,69,-25.3233,14.9337,33.8633,80.3271,34.4104,80.4367,33.9099,79.6206,33.3376,80.2469,33.7921,81.1136,2
76,4560,71,-26.0831,10.145,-5.02374,145.19,-4.5,145.491,-4.78384,144.626,-5.52397,144.92,-5.29788,145.813,1
76,4560,75,-28.2602,-23.4833,-29.6078,-55.4806,-29.9775,-56.3631,-30.163,-55.2151,-29.306,-54.7151,-29.0488,-55.7942,1
76,4560,78,34.7746,-5.59337,62.2711,21.0289,62.5493,19.743,61.4984,20.6555,61.9359,22.4209,62.9492,21.3669,1
76,4560,84,-13.9388,-16.5009,16.0482,3.85761,15.8514,3.3226,15.5801,3.99524,16.2158,4.35854,16.5119,3.70137,1
77,4620,0,-31.577,-21.2125,58.7129,-130.908,59.6223,-130.394,58.8721,-132.139,57.9422,-131.365,58.5721,-129.596,2
77,4620,4,37.6527,9.17433,-78.6805,-36.7862,-77.9424,-38.5012,-79.2236,-40.0544,-79.5254,-34.4444,-78.1857,-34.0713,1
77,4620,5,24.3561,-4.55844,-56.4719,49.0522,-56.6419,48.0197,-57.0863,49.5227,-56.2889,50.1486,-55.9069,48.6281,1
77,4620,12,35.9555,7.07765,-0.795299,108.251,-0.796016,107.578,-1.47039,108.428,-0.789395,109.023,-0.187528,108.105,1
77,4620,17,-30.0542,9.34414,0.191834,-72.1958,0.782985,-72.0682,0.220549,-72.8014,-0.357982,-72.3004,0.151403,-71.5166,1
77,4620,20,-23.2504,-22.9594,62.6076,-53.9885,63.2434,-53.454,62.8409,-55.0006,62.053,-54.4812,62.3907,-52.9487,1
77,4620,22,-7.79225,-24.0883,-8.32893,-37.6199,-7.8328,-37.3615,-7.9968,-38.0095,-8.77461,-37.8774,-8.62831,-37.2295,1
77,4620,28,-32.7108,-20.4889,44.3943,145.481,43.8819,144.608,43.9704,146.005,44.8128,146.255,44.8204,144.878,1
77,4620,30,27.9191,-9.44166,66.3952,176.217,66.0412,175.222,65.9519,177.363,66.7562,177.336,66.7807,175.139,1
77,4620,32,28.1434,7.81394,40.0642,-4.6361,40.4423,-4.07407,40.4349,-5.21714,39.6369,-5.2467,39.7086,-4.11051,1
77,4620,33,-25.2217,-6.92972,5.25484,-1.19549,5.64537,-0.7436,5.6145,-1.57104,4.90179,-1.61098,4.87879,-0.789468,1
77,4620,39,-37.0387,11.308,32.1364,170.313,31.7023,169.673,31.7154,170.979,32.5384,170.877,32.6308,169.536,1
77,4620,40,23.9388,-7.91376,29.2511,-118.068,29.3009,-118.689,28.6251,-118.084,29.1839,-117.413,29.8237,-118.06,1
77,4620,41,-23.5438,-24.4943,51.5901,-82.5085,51.8144,-83.6899,51.074,-82.8971,51.3623,-81.4988,52.1251,-82.1612,1
77,4620,43,-26.4518,-21.5619,27.0014,12.6972,27.7734,12.6499,26.9996,12.0542,26.3267,12.715,27.0337,13.3605,2
77,4620,44,40.4944,3.10591,-7.20678,32.4039,-6.46184,32.6094,-7.2681,31.5377,-8.07802,32.1601,-7.16315,33.1531,1
77,4620,53,-27.3481,24.5033,35.4275,-82.4262,35.5138,-83.1909,34.6881,-82.5463,35.3797,-81.6775,36.283,-82.2482,1
77,4620,55,-25.2156,-17.6354,48.8181,13.0821,49.5036,12.6464,48.5996,12.2666,48.2025,13.4351,49.0641,13.9216,2
77,4620,56,38.6149,3.28812,19.9682,45.4956,20.7266,45.6193,19.8343,44.6075,19.0895,45.3522,20.0712,46.2746,4
77,4620,65,35.696,1.47119,-3.80073,-74.0869,-3.84187,-74.7337,-4.48272,-73.8631,-3.75588,-73.3541,-3.19361,-74.2799,1
77,4620,68,-28.6668,19.9432,53.7809,45.1319,54.3502,44.9165,53.5849,44.0731,53.2444,45.3795,53.9742,46.3685,1
77,4620,69,-33.0806,4.20835,32.318,83.0445,32.9632,83.2166,32.3194,82.3085,31.733,82.9005,32.3096,83.8721,1
77,4620,71,24.1355,-23.3894,-7.02908,140.537,-6.50486,140.786,-6.62105,139.872,-7.54574,140.25,-7.36549,141.131,2
77,4620,78,37.7883,-10.2783,63.1749,27.4931,63.5604,26.2106,62.3213,26.8084,62.7096,28.8634,63.9041,28.0942,1
77,4620,90,38.0678,2.17665,-5.76667,32.2622,-5.70466,31.5623,-6.52879,32.4215,-5.83924,33.0669,-5.09683,32.1304,1
77,4620,92,29.7247,-22.7869,39.0813,89.5193,39.3351,88.8467,38.3505,89.0263,38.7787,90.1936,39.7169,89.9259,1
77,4620,97,28.9324,-21.2397,-44.2085,-93.2888,-43.6574,-93.4951,-44.3969,-94.3597,-44.7922,-93.1155,-44.0181,-92.3744,1
78,4680,0,-33.3999,7.14843,52.2619,-126.085,52.8822,-125.399,52.5157,-127.199,51.6892,-126.669,51.9555,-124.837,1
78,4680,8,-23.0117,24.6599,54.4517,86.0247,54.2542,85.0141,53.7556,86.3506,54.6767,87.0148,55.2557,85.6874,1
78,4680,12,-21.663,10.3851,5.73666,106.483,5.73324,105.951,5.20009,106.525,5.75198,106.993,6.32236,106.446,1
78,4680,17,-35.6859,-21.2118,0.248289,-71.5389,1.17336,-71.5323,0.197296,-72.1527,-0.52783,-71.5642,0.344102,-70.8785,1
78,4680,43,-12.3202,19.4392,20.2021,16.89,20.7213,16.9365,20.2811,16.3095,19.6752,16.8672,20.0946,17.5162,2
78,4680,44,30.2001,-8.51845,-8.31425,34.8688,-7.74053,35.0053,-8.24684,34.1526,-8.93241,34.7061,-8.36665,35.508,3
78,4680,46,-11.5903,22.2746,-50.4659,111.403,-50.0459,110.905,-50.7579,110.645,-50.877,111.954,-50.161,112.239,1
78,4680,47,-31.2213,18.6924,-40.8546,162.091,-40.5928,161.323,-41.5377,161.818,-41.0676,162.833,-40.0689,162.426,1
78,4680,53,-36.4528,0.0895266,37.0003,-82.7279,37.1306,-83.7302,36.2903,-82.6396,36.8837,-81.848,37.807,-82.8372,2
78,4680,65,33.9827,19.5607,0.995964,-71.2263,0.84386,-71.9413,0.395455,-70.9925,1.19494,-70.3913,1.56434,-71.4128,1
78,4680,68,-36.4558,9.34186,53.3738,49.783,54.073,49.6744,53.1304,48.694,52.7484,49.9047,53.6353,51.062,1
78,4680,69,-24.5624,-24.0812,30.9555,82.7062,31.6937,82.6605,30.9899,82.0693,30.3105,82.7197,30.9521,83.3545,1
78,4680,71,-32.5315,-8.39815,-9.93919,147.494,-9.24608,147.829,-9.76938,146.883,-10.5475,147.192,-10.1085,148.169,1
78,4680,74,-33.9701,10.0788,-50.3172,-74.1013,-50.26,-75.1995,-51.0171,-73.9372,-50.3422,-73.0999,-49.5134,-74.2693,1
78,4680,80,36.2022,18.3587,-55.77,-143.652,-55.0282,-143.726,-55.94,-144.798,-56.6459,-143.524,-55.6357,-142.599,1
78,4680,90,13.6871,-17.8109,-2.51443,31.3506,-2.54386,30.8422,-3.09284,31.322,-2.50494,31.8582,-1.98061,31.3608,2
78,4680,92,36.8802,0.587744,40.4546,97.2528,40.8325,96.5187,39.7351,96.9332,40.0154,98.0755,41.0855,97.5463,1
78,4680,96,34.3661,-10.745,-26.7725,-125.671,-26.1633,-125.594,-26.8232,-126.548,-27.4403,-125.778,-26.7154,-124.909,1
79,4740,8,-35.3701,6.71147,56.7191,84.424,56.5338,83.0339,56.0474,85.0497,56.8861,85.6738,57.4879,83.6854,7
79,4740,12,22.8259,-15.6618,4.26412,110.117,4.24956,109.598,3.6327,110.127,4.25858,110.654,4.83292,110.094,1
79,4740,17,39.9105,8.19435,-10.0197,-72.9866,-9.28041,-72.8524,-10.1316,-73.7695,-10.8906,-73.1397,-9.937,-72.2984,1
79,4740,24,-19.6071,2.22274,-78.8282,52.0492,-78.4598,50.2543,-79.1915,50.3275,-79.1648,53.8741,-78.4323,53.7652,1
79,4740,40,12.1391,-18.1063,34.5338,-113.656,34.5573,-114.289,33.9549,-113.774,34.4868,-113.03,35.0718,-113.565,2
79,4740,43,23.9021,9.73938,15.8457,15.9912,16.4227,16.0416,15.8379,15.3959,15.2115,15.9456,15.8386,16.5562,1
79,4740,52,-25.0624,2.00246,12.1636,-105.557,12.139,-106.195,11.5831,-105.462,12.1896,-104.965,12.7932,-105.66,1
79,4740,53,-6.83514,-23.6619,35.5375,-78.9185,35.495,-79.6814,34.9716,-79.0348,35.5482,-78.2135,36.0833,-78.8389,2
79,4740,60,28.1413,-1.07874,-5.65656,104.651,-5.11783,104.791,-5.59061,104.038,-6.24249,104.495,-5.71732,105.211,1
79,4740,65,8.37406,-22.6198,2.22494,-73.7628,2.09431,-74.2652,1.6553,-73.7353,2.32768,-73.2718,2.74888,-73.8091,2
79,4740,69,-31.7387,-22.8175,28.5676,85.9117,29.4209,85.9177,28.5701,85.2468,27.8416,85.8825,28.6009,86.6123,1
79,4740,71,21.4575,-2.931,-15.9567,143.858,-15.4694,144.109,-15.7321,143.287,-16.4705,143.585,-16.1635,144.392,2
79,4740,74,-37.2522,-13.9164,-49.2168,-73.93,-49.293,-75.3592,-49.8665,-73.6227,-49.1505,-72.7189,-48.5022,-74.3056,1
79,4740,75,-33.2737,4.63852,-16.318,-50.3986,-16.4889,-51.1163,-16.9163,-50.0848,-16.1523,-49.7545,-15.6414,-50.7484,5
79,4740,84,30.3144,-1.83148,25.0148,13.5103,24.9409,12.8953,24.4114,13.7143,25.0882,14.1865,25.5607,13.3244,1
79,4740,90,37.1407,-6.3388,-0.819839,36.1711,-0.735353,35.52,-1.62479,36.2711,-0.929314,36.9023,-0.122529,36.0813,1
79,4740,92,32.0902,-12.9129,41.7456,99.7868,42.0931,99.1495,41.0823,99.2972,41.348,100.451,42.3297,100.211,1
79,4740,99,3.77446,21.5834,-22.4285,9.79743,-22.4437,9.23922,-22.9325,9.75078,-22.3882,10.3916,-21.9042,9.87039,1
80,4800,8,3.76875,-21.9557,55.6013,91.6688,55.3748,90.7055,54.9944,91.8595,55.7868,92.6142,56.1636,91.4437,1
80,4800,11,35.5099,-15.8079,-21.2077,89.3725,-21.1334,88.7223,-22.0522,89.4021,-21.3151,90.0814,-20.4865,89.3327,1
80,4800,15,-15.4362,17.5194,41.2641,-121.411,41.7571,-121.536,41.1763,-122.106,40.7767,-121.263,41.3383,-120.648,1
80,4800,16,16.8488,14.8699,15.6798,-92.2811,16.2062,-92.2807,15.6757,-92.8051,15.1083,-92.2672,15.6658,-91.7654,1
80,4800,17,-32.153,-17.5047,-6.18798,-67.0912,-5.39898,-67.0758,-6.2224,-67.6712,-6.86964,-67.1203,-6.12137,-66.4718,1
80,4800,29,36.0381,11.5688,76.0536,-108.231,76.6849,-109.265,75.6673,-110.44,75.3205,-107.104,76.3683,-106.092,1
80,4800,32,-34.2718,-0.573918,29.1405,0.829172,29.5196,1.48817,29.559,0.320355,28.7979,0.247857,28.6728,1.39763,3
80,4800,40,21.1769,-8.96185,36.753,-108.848,36.8461,-109.5,36.1548,-108.954,36.6402,-108.172,37.3049,-108.759,1
80,4800,43,-30.6583,-23.8204,19.0423,20.0848,19.9301,20.0654,19.0489,19.4439,18.2867,20.0765,19.0757,20.7544,1
80,4800,47,23.808,10.0851,-41.5608,172.687,-41.483,171.92,-42.132,172.659,-41.631,173.533,-41.0187,172.731,1
80,4800,49,-30.362,7.11692,15.4884,-139.861,15.4994,-140.529,14.866,-139.759,15.4882,-139.246,16.1858,-139.971,1
80,4800,53,-38.4456,3.49481,42.4397,-75.782,42.67,-76.8789,41.6749,-75.7609,42.24,-74.8246,43.3253,-75.8088,2
80,4800,58,-25.2969,23.4649,-38.3242,111.699,-37.7166,111.625,-38.3858,110.799,-38.9142,111.819,-38.272,112.734,1
80,4800,64,17.9423,21.8792,-21.1908,-90.0465,-21.3165,-90.6442,-21.7026,-89.9529,-21.0271,-89.3886,-20.6744,-90.1112,1
80,4800,65,28.5153,-16.5944,4.52611,-70.0452,4.48353,-70.5959,3.81449,-69.9612,4.54586,-69.462,5.1507,-70.1339,1
80,4800,69,-32.5512,-16.4432,25.0784,88.837,25.8625,88.9221,25.0766,88.1942,24.4012,88.7483,25.1048,89.5289,1
80,4800,71,19.1632,-22.5228,-17.547,144.499,-17.0298,144.725,-17.1864,143.87,-18.0517,144.242,-17.8482,145.073,1
80,4800,75,-20.0443,20.625,-11.9872,-47.1255,-12.18,-47.6645,-12.5718,-46.9209,-11.7694,-46.6032,-11.3273,-47.3315,4
80,4800,78,21.7895,-6.35531,67.012,54.0746,67.4391,53.2051,66.6045,52.9219,66.5518,54.9394,67.3849,55.1663,2
80,4800,80,-30.2323,-8.35412,-53.7174,-130.934,-53.0664,-131.155,-53.8972,-131.818,-54.2995,-130.742,-53.5031,-129.993,1
80,4800,86,-40.6633,-4.34501,62.1486,120.819,62.9985,120.603,61.8482,119.487,61.4231,120.995,62.4907,122.377,1
80,4800,99,24.0923,2.68747,-22.3261,12.5801,-22.2915,11.9939,-22.8967,12.6098,-22.3599,13.2145,-21.7924,12.5575,1
81,4860,15,-28.816,16.6549,40.1835,-116.45,40.7662,-116.467,40.0972,-117.27,39.6335,-116.403,40.2579,-115.512,1
81,4860,32,-38.2869,-12.6709,26.627,0.956783,27.1609,1.7251,27.0261,0.396932,26.1784,0.302933,26.1976,1.59672,3
81,4860,35,-11.1505,24.7151,-84.344,-23.6231,-84.0944,-19.2918,-83.8324,-25.3212,-84.5907,-28.366,-84.9088,-21.625,2
81,4860,37,37.8068,16.1168,-23.517,-179.4,-24.0863,-179.944,-23.8281,-178.716,-22.8291,-178.774,-23.2089,-179.999,1
81,4860,40,-27.2945,6.8611,43.537,-107.089,43.6895,-107.903,42.9437,-107.185,43.3998,-106.331,44.1915,-106.973,1
81,4860,51,-22.3853,16.1204,-9.15281,-122.81,-9.1618,-123.4,-9.7735,-122.773,-9.12099,-122.24,-8.46251,-122.835,1
81,4860,53,-29.3234,4.65296,43.7474,-70.8174,43.9217,-71.7069,43.1155,-70.9067,43.5895,-70.0015,44.4479,-70.7121,2
81,4860,55,-35.174,9.18557,39.7918,33.8456,40.5306,33.9553,39.692,32.8957,39.1243,33.7714,39.8891,34.9438,1
81,4860,65,-14.5393,-11.4577,10.3633,-70.8747,10.252,-71.4118,9.88323,-70.7869,10.4571,-70.3699,10.8489,-70.9767,2
81,4860,71,28.1209,-19.1431,-21.6049,144.826,-21.0854,145.124,-21.2329,144.078,-22.1334,144.481,-21.9107,145.491,1
81,4860,75,-22.5607,-22.0901,-12.3933,-47.8362,-12.7597,-48.4916,-12.9135,-47.6002,-12.087,-47.2479,-11.8789,-48.1044,2
81,4860,85,27.5382,6.61327,56.4731,56.5631,56.6786,55.6169,55.917,56.3191,56.2427,57.5989,56.9877,56.813,1
81,4860,90,37.2977,-11.8051,4.21502,40.4422,4.31712,39.7991,3.35148,40.4962,4.07672,41.1556,4.95265,40.3865,2
81,4860,95,-38.5206,-3.89125,-4.72923,-138.833,-3.91038,-138.715,-4.82689,-139.513,-5.43705,-138.936,-4.60558,-138.06,1
81,4860,99,36.927,-6.2159,-21.4267,15.6882,-21.3195,14.9958,-22.2287,15.7638,-21.558,16.4658,-20.7309,15.62,1
82,4920,4,27.3512,0.630674,-70.956,27.8747,-70.9423,25.9529,-71.6292,28.1709,-70.9504,29.9737,-70.3369,27.6302,1
82,4920,6,-35.4352,-19.4727,-4.55537,61.7318,-5.10385,60.8603,-5.09757,62.1707,-4.11019,62.4739,-3.99266,61.2218,1
82,4920,7,28.268,-2.73121,30.1126,79.6961,29.8882,79.0183,29.4942,80.0912,30.3463,80.44,30.6732,79.3324,1
82,4920,9,-36.0729,3.55534,71.4516,-148.562,72.2346,-147.825,71.4468,-150.924,70.7526,-149.137,71.4216,-145.864,1
82,4920,21,-25.0047,7.90874,5.91344,-39.7318,6.32128,-39.3775,6.21609,-40.1762,5.52254,-40.0574,5.57587,-39.2488,1
82,4920,28,-20.822,20.9598,66.3657,156.887,66.1726,155.711,65.8354,157.371,66.5713,158.043,66.964,156.371,2
82,4920,32,28.8972,9.23997,20.9671,-6.65474,21.3535,-6.18405,21.3408,-7.13484,20.5284,-7.17156,20.6086,-6.21936,2
82,4920,35,-18.0537,-13.4667,-84.912,-19.0016,-84.58,-14.0125,-84.4899,-21.7072,-85.1693,-24.2297,-85.3208,-15.5837,3
82,4920,41,12.4511,23.0923,50.1219,-45.7562,50.5577,-46.3364,49.8233,-46.4391,49.6553,-45.102,50.3997,-45.0249,1
82,4920,48,-29.0116,-5.87951,-7.97305,-158.814,-8.01433,-159.497,-8.5432,-158.697,-7.9388,-158.198,-7.35727,-158.951,1
82,4920,49,-29.3333,17.1438,22.0548,-134.512,22.09,-135.177,21.3808,-134.473,22.0453,-133.884,22.8258,-134.538,2
82,4920,52,-28.1782,2.18279,21.0934,-99.1188,21.0973,-99.8244,20.4844,-99.0233,21.0925,-98.4705,21.762,-99.2246,1
82,4920,53,-35.901,-15.5417,45.3193,-70.1693,45.4637,-71.4903,44.6451,-70.166,45.1703,-69.055,46.0605,-70.2201,3
82,4920,55,-28.0983,-9.76204,37.9833,34.4339,38.7006,34.3843,37.8875,33.6893,37.3403,34.4671,38.0967,35.2307,1
82,4920,65,-27.4193,-24.5144,12.9745,-70.8352,12.7359,-71.6097,12.4256,-70.7137,13.1563,-70.1598,13.529,-70.9987,1
82,4920,70,-36.0465,-2.73493,9.19956,139.609,9.88716,140.026,9.39157,138.946,8.59537,139.246,8.99042,140.36,1
82,4920,75,29.774,7.06587,-7.93599,-40.8082,-8.17053,-41.4057,-8.49093,-40.4659,-7.66774,-40.1439,-7.41832,-41.1127,1
82,4920,78,-9.49688,-21.4711,68.541,71.0194,69.0577,70.1377,68.3413,69.6335,68.0503,71.7484,68.7471,72.367,3
82,4920,83,-31.2343,3.74281,6.74351,-4.62736,6.62625,-5.24307,6.19841,-4.40993,6.85639,-4.06752,7.3511,-4.86867,1
82,4920,99,22.5425,2.48438,-16.9081,17.6465,-16.8923,17.0897,-17.4657,17.6857,-16.9225,18.2451,-16.3839,17.6141,1
83,4980,7,38.9598,1.21652,33.4768,82.8728,33.2649,81.9547,32.7192,83.4617,33.7083,83.9431,34.1364,82.3619,1
83,4980,8,30.9914,21.7137,66.203,116.662,66.2276,114.672,65.5142,116.746,66.168,118.989,66.8562,116.68,2
83,4980,9,-36.7055,-2.46606,69.0647,-143.378,69.8848,-142.572,69.0955,-145.442,68.3451,-144.029,69.01,-141.045,1
83,4980,15,-30.9048,9.39279,36.1474,-109.887,36.7614,-109.848,36.0686,-110.644,35.5806,-109.906,36.2222,-109.032,1
83,4980,29,5.64245,20.7087,70.1748,-70.4716,70.6568,-70.2028,70.3032,-71.8298,69.6561,-70.6893,70.0114,-69.1024,1
83,4980,42,30.7185,23.5698,29.2172,-0.0963728,29.9648,-0.206841,29.0917,-0.808189,28.3429,0.0617526,29.2938,0.592046,2
83,4980,43,31.5514,22.5092,2.4256,24.9491,3.1804,24.9828,2.39337,24.3065,1.53842,24.9352,2.41722,25.5587,5
83,4980,48,-31.4759,18.3925,-2.83033,-155.343,-2.79732,-155.985,-3.54251,-155.284,-2.83096,-154.741,-2.00425,-155.392,1
83,4980,55,-37.7601,-11.729,36.683,38.4313,37.6286,38.4556,36.5309,37.5745,35.879,38.3992,36.8724,39.3885,1
83,4980,65,-33.4839,8.21237,19.1466,-67.3526,19.1467,-68.046,18.5166,-67.2087,19.1579,-66.7224,19.8639,-67.5104,1
83,4980,75,-1.64829,-23.55,-6.08326,-43.6675,-6.38409,-44.1709,-6.62963,-43.4949,-5.82246,-43.1847,-5.57527,-43.854,2
83,4980,77,32.8786,23.158,58.9988,8.04094,59.0318,6.48223,58.3261,8.11401,58.9629,9.88772,59.6337,8.05376,1
83,4980,82,19.9551,21.8937,-22.3443,-15.4725,-22.5456,-16.0536,-22.8343,-15.2954,-22.0963,-14.8329,-21.849,-15.6194,1
83,4980,83,22.5964,10.0434,8.33446,1.44528,8.18164,0.928585,7.84368,1.63799,8.50914,2.00771,8.80717,1.27228,2
83,4980,99,25.5679,24.4758,-12.8045,21.9841,-12.8905,21.3006,-13.374,22.0518,-12.6767,22.7672,-12.2426,21.9552,1
84,5040,9,-32.3497,-15.4714,66.851,-141.848,67.7156,-141.368,66.9063,-143.518,66.1049,-142.274,66.8016,-140.046,1
84,5040,20,-32.2248,-16.2229,36.3103,-44.7993,36.9353,-44.2834,36.5706,-45.4138,35.7735,-45.2549,36.0498,-44.1286,1
84,5040,24,26.1726,17.1632,-68.0351,120.605,-68.2964,119.19,-68.4962,121.37,-67.712,122.139,-67.5794,119.951,1
84,5040,32,-28.1501,-11.3305,15.0763,-2.06494,15.5124,-1.55672,15.4428,-2.47073,14.6924,-2.52391,14.6964,-1.622,2
84,5040,35,-20.0887,20.2381,-84.2241,-175.062,-84.6244,-178.418,-84.5587,-170.391,-83.7979,-172.37,-83.7975,-179.51,1
84,5040,38,-36.0619,6.03788,22.2077,169.687,21.7651,169.112,21.8226,170.264,22.6104,170.196,22.6492,169.025,1
84,5040,40,31.3897,1.70134,44.1187,-90.9318,44.3836,-91.7174,43.4638,-91.1646,43.817,-90.0678,44.7103,-90.7095,1
84,5040,42,33.1729,1.60909,28.0951,0.57056,28.7368,0.616863,27.9851,-0.218344,27.3762,0.517385,28.1846,1.28142,1
84,5040,43,34.6038,-2.35838,1.38441,25.0553,2.01449,25.2126,1.3958,24.3039,0.68088,24.8718,1.37314,25.7203,11
84,5040,47,-36.6418,13.3208,-26.8223,-178.717,-26.6446,-179.509,-27.5829,-178.71,-26.9547,-177.995,-25.9315,-178.709,1
84,5040,54,33.5535,21.9847,45.3328,0.721662,46.043,0.135989,44.9058,-0.0598523,44.4999,1.42923,45.6932,1.49753,1
84,5040,55,-33.9756,9.22619,31.9232,42.9863,32.6318,43.1476,31.8956,42.1413,31.2774,42.8618,31.9397,43.9541,3
84,5040,60,28.6125,20.284,-22.8175,116.053,-22.1605,116.109,-22.8135,115.421,-23.5738,116.011,-22.8489,116.656,2
84,5040,64,-12.488,14.2365,-8.06477,-84.4154,-8.13478,-84.9062,-8.56611,-84.3486,-7.97945,-83.9287,-7.52672,-84.4734,1
84,5040,74,-16.2974,10.6906,-32.2988,-57.3347,-32.4495,-57.9443,-32.8164,-57.1315,-32.1366,-56.7459,-31.7397,-57.5387,3
84,5040,78,26.5539,-23.0012,62.3314,82.3079,62.9098,82.0579,62.2247,80.5791,61.7298,82.4775,62.4289,83.8118,1
84,5040,83,-0.874681,22.3387,13.5321,1.71933,13.3627,1.2443,13.0496,1.83093,13.7309,2.2132,14.0482,1.62299,1
84,5040,84,39.6225,0.369829,39.7319,26.9753,39.7899,26.0788,38.9576,27.205,39.6511,28.0082,40.404,26.779,1
84,5040,85,30.5189,19.4824,59.4846,79.2581,59.8848,78.2112,58.9804,78.6626,59.0284,80.4601,59.9426,79.8856,1
84,5040,86,31.1242,13.4093,46.2141,135.754,46.8426,135.74,46.1055,134.902,45.4993,135.788,46.2902,136.552,1
84,5040,90,-35.2956,10.0919,19.1253,44.1075,19.2457,43.3862,18.4329,44.1526,19.0313,44.7612,19.9234,44.0646,7
84,5040,92,3.31343,20.4536,46.5307,128.97,46.9067,128.466,46.2307,128.386,46.1432,129.518,46.8227,129.603,1
84,5040,99,26.0209,17.56,-10.6343,23.8783,-10.6786,23.2476,-11.1985,23.9598,-10.565,24.5883,-10.0904,23.8249,2
85,5100,9,-35.0364,2.06962,61.965,-134.94,62.6735,-134.137,62.1222,-136.454,61.3279,-135.608,61.769,-133.241,1
85,5100,21,-5.25827,24.2823,-6.98513,-40.0684,-6.57023,-39.8071,-6.65499,-40.4547,-7.43354,-40.3212,-7.35941,-39.6663,1
85,5100,23,18.6662,-4.52724,-74.5404,-11.4136,-74.0779,-10.9479,-74.4166,-13.3057,-75.0212,-11.9513,-74.6387,-9.60999,1
85,5100,24,34.7644,-16.1995,-67.8288,123.279,-68.0075,121.804,-68.5458,124.249,-67.6457,124.884,-67.2155,122.461,1
85,5100,25,37.4458,-3.49406,-31.4389,136.699,-31.7264,136.037,-31.9931,137.299,-31.1177,137.448,-30.9534,136.182,2
85,5100,32,-35.5715,5.55341,9.60226,-1.75688,9.9674,-1.16802,10.0486,-2.23601,9.26567,-2.27716,9.08991,-1.21386,1
85,5100,39,-19.9818,3.68844,61.6079,165.576,61.2017,164.899,61.3194,166.438,61.9938,166.227,61.9119,164.64,1
85,5100,42,-22.4635,-13.7107,30.3107,6.49532,30.9557,6.47923,30.2937,5.87179,29.7259,6.49559,30.3436,7.14225,1
85,5100,43,30.4997,-21.061,0.316394,26.2811,0.899839,26.4105,0.491797,25.4573,-0.289805,26.1093,0.185314,26.9933,3
85,5100,50,-34.3947,16.0214,-23.6393,-139.435,-23.4958,-140.199,-24.4135,-139.435,-23.7388,-138.728,-22.7354,-139.416,1
85,5100,51,-27.0538,3.99311,1.90932,-115.564,1.893,-116.204,1.3075,-115.463,1.93144,-114.972,2.57013,-115.673,1
85,5100,55,-27.1999,-15.1201,30.5159,42.9225,31.2639,42.9038,30.4763,42.2399,29.8524,42.9226,30.5779,43.6411,2
85,5100,60,26.6185,-0.670891,-24.0191,117.124,-23.4844,117.241,-23.9779,116.474,-24.5979,116.994,-24.0558,117.723,2
85,5100,64,29.3944,22.3242,-6.28657,-78.7441,-6.45853,-79.4134,-6.84849,-78.5587,-6.06282,-77.9742,-5.73878,-78.8881,1
85,5100,69,-32.8535,2.27704,8.19008,100.39,8.82558,100.587,8.24293,99.7733,7.61542,100.218,8.1304,101.079,2
85,5100,70,-24.9316,23.3153,-4.38857,142.571,-3.86752,142.859,-4.05268,141.969,-4.91527,142.32,-4.79571,143.248,1
85,5100,74,-16.3199,-17.1652,-31.2842,-57.0159,-31.5352,-57.6853,-31.7902,-56.8091,-31.066,-56.3986,-30.7813,-57.2453,2
85,5100,83,21.3969,19.6047,15.8263,5.03395,15.6365,4.47562,15.3356,5.21296,16.0544,5.65153,16.3155,4.88127,2
85,5100,85,26.8387,16.7593,59.9977,85.8041,60.4152,84.9346,59.5682,85.1061,59.5316,86.7819,60.3891,86.521,1
85,5100,86,22.0539,-15.5545,46.1417,137.575,46.6461,137.608,46.1768,136.694,45.6222,137.514,46.1174,138.372,1
85,5100,90,-33.0501,-14.4419,19.7699,44.9589,19.7549,44.1176,19.179,45.0495,19.7671,45.6892,20.4068,44.8334,10
85,5100,92,23.269,-7.50678,44.5867,130.228,45.0201,129.809,44.2141,129.57,44.1218,130.652,44.9301,130.834,1
85,5100,95,30.6878,24.5697,-22.4985,-131.686,-21.7602,-131.773,-22.5978,-132.346,-23.3642,-131.553,-22.4416,-131.049,1
86,5160,9,-32.4141,-13.7952,60.0984,-134.201,60.9128,-133.601,60.2329,-135.497,59.3929,-134.723,59.9647,-132.796,1
86,5160,11,37.6657,10.969,-2.04437,105.25,-2.06065,104.525,-2.7318,105.461,-2.01513,106.098,-1.42484,105.081,1
86,5160,14,39.0375,11.3698,42.488,-142.4,43.1863,-142.791,42.0121,-143.179,41.6666,-141.938,42.8883,-141.682,1
86,5160,16,-40.153,3.19034,2.91214,-75.0145,3.68983,-74.795,2.87167,-75.7419,2.2346,-75.1953,2.96032,-74.1664,1
86,5160,17,-19.8845,20.3065,-26.14,-50.4241,-25.6171,-50.419,-26.1217,-51.0622,-26.6571,-50.4011,-26.1774,-49.7143,3
86,5160,21,27.4229,-18.8214,-7.38503,-43.148,-6.98035,-42.8068,-6.93742,-43.6837,-7.79018,-43.5254,-7.76537,-42.6656,1
86,5160,30,-20.461,-3.85107,78.0251,16.1052,78.2148,18.5677,78.4714,15.0448,77.8312,13.8716,77.5533,17.1631,1
86,5160,32,-39.7824,-3.3416,6.71564,-1.58075,7.1777,-0.891318,7.13793,-2.12192,6.31682,-2.17193,6.23845,-0.953472,1
86,5160,36,-32.9105,4.46109,-42.1949,172.446,-42.593,171.757,-42.5819,173.084,-41.8246,173.055,-41.7541,171.74,1
86,5160,37,-18.812,23.1703,-4.51007,172.677,-4.88009,172.315,-4.93758,173.064,-4.11949,173.017,-4.01588,172.261,1
86,5160,40,-23.9139,2.59563,51.826,-83.7307,52.1182,-84.5554,51.3164,-84.0937,51.5515,-82.9655,52.375,-83.3275,1
86,5160,49,21.28,-24.3576,26.8205,-123.582,26.8122,-124.213,26.0961,-123.7,26.7916,-122.952,27.4616,-123.504,1
86,5160,50,-31.2211,-21.1663,-24.283,-139.742,-24.3582,-140.725,-24.9084,-139.669,-24.2347,-138.901,-23.6264,-139.861,1
86,5160,52,38.762,10.3522,27.7663,-82.3128,27.8641,-83.228,26.961,-82.1498,27.6523,-81.2348,28.4817,-82.4338,1
86,5160,55,34.6323,20.6102,20.4983,43.5361,21.3231,43.5214,20.3659,42.787,19.5201,43.5791,20.5789,44.2372,8
86,5160,70,-38.6317,-5.31067,-4.39172,144.221,-3.62338,144.664,-4.22384,143.521,-5.05144,143.838,-4.56748,145.022,1
86,5160,82,37.2289,0.930982,-14.9127,-9.70171,-15.0256,-10.3681,-15.5746,-9.36954,-14.785,-8.94201,-14.3276,-9.9874,1
86,5160,96,19.5176,-11.2893,-42.9596,-95.953,-42.4729,-96.1602,-43.1357,-96.7162,-43.4662,-95.7536,-42.7838,-95.2579,1
86,5160,99,-33.3297,21.8084,-0.781453,24.8912,-0.680755,24.2523,-1.53717,24.8714,-0.838457,25.4944,0.109511,24.9388,2
87,5220,3,34.532,21.8166,-78.6095,-24.3694,-78.0081,-27.4908,-79.2233,-26.5345,-79.2575,-20.119,-78.0507,-22.3768,1
87,5220,7,-36.839,13.4308,51.8839,78.8344,51.7021,77.5801,51.1439,79.447,52.063,79.9602,52.757,78.108,2
87,5220,9,-39.2749,4.28321,55.092,-128.456,55.8117,-127.519,55.3312,-129.829,54.4519,-129.226,54.7939,-126.874,1
87,5220,11,-34.7472,14.6,5.7064,102.267,5.78189,101.609,5.00949,102.333,5.66052,102.87,6.51712,102.204,7
87,5220,16,-15.4477,23.8303,-3.17007,-73.7408,-2.65683,-73.6993,-3.06829,-74.2987,-3.69335,-73.7541,-3.30648,-73.1255,1
87,5220,17,38.2484,-14.8257,-30.3644,-54.8033,-29.7294,-54.6618,-30.3784,-55.855,-31.0664,-54.9979,-30.3334,-53.9165,1
87,5220,21,-33.7083,-24.2513,-9.43853,-37.3477,-8.65431,-36.922,-9.16639,-37.8694,-10.086,-37.7266,-9.68736,-36.774,1
87,5220,26,-22.9405,-18.6719,11.1492,137.691,10.736,137.2,10.7484,138.007,11.5056,138.142,11.5455,137.348,1
87,5220,27,-12.6605,21.6812,49.8572,147.643,49.6007,147.004,49.3915,148.001,50.1346,148.281,50.3742,147.274,1
87,5220,31,38.7542,-10.7174,40.0167,-8.87849,40.371,-8.16667,40.592,-9.71857,39.6311,-9.68777,39.5282,-8.16769,1
87,5220,37,19.3844,-10.5492,-3.61185,175.646,-3.96439,175.302,-3.99719,176.053,-3.25572,176.009,-3.26204,175.264,1
87,5220,38,31.9496,13.2556,34.6193,175.5,34.16,174.96,34.2724,176.111,35.1496,176.113,34.9536,174.943,1
87,5220,39,-31.2652,-18.1184,66.7175,159.932,66.0376,159.05,66.4787,161.214,67.2948,160.774,66.9334,158.511,1
87,5220,42,-25.0386,-8.25095,24.5514,12.3484,25.1897,12.401,24.5472,11.7432,23.9709,12.2938,24.5655,12.9908,1
87,5220,43,24.5323,-19.2655,-5.45842,31.1754,-4.90891,31.2694,-5.30862,30.4704,-6.02003,31.0507,-5.57276,31.8039,2
87,5220,52,-21.1839,-3.51209,33.8466,-85.6895,33.8745,-86.418,33.2932,-85.6752,33.8146,-85.0112,34.4317,-85.7118,1
87,5220,55,37.7842,-7.62592,19.8958,43.2491,20.5929,43.4045,19.8434,42.2908,19.1123,43.0556,19.9413,44.0727,4
87,5220,64,33.6484,3.32468,-1.94703,-75.6253,-2.00166,-76.2491,-2.58833,-75.4195,-1.88469,-74.9233,-1.36774,-75.8035,1
87,5220,68,-36.0767,14.7689,30.2186,83.1749,30.8662,83.4256,30.2809,82.3375,29.6229,82.978,30.124,84.1516,1
87,5220,70,-36.9872,-14.8152,-6.9405,144.725,-6.07989,145.104,-6.79157,144.061,-7.66453,144.389,-7.07367,145.467,1
87,5220,79,4.14391,-20.8036,25.1741,127.042,25.6999,127.219,25.439,126.478,24.676,126.85,24.9423,127.579,1
87,5220,83,25.9646,-19.2885,19.0373,7.01373,18.9325,6.46579,18.3581,7.13815,19.1179,7.5878,19.6336,6.88533,2
87,5220,99,-38.6371,9.48104,1.50333,25.801,1.6421,25.053,0.758598,25.8863,1.39873,26.4663,2.37705,25.7087,2
88,5280,6,21.1598,14.7673,19.1835,73.3038,18.8701,72.7277,18.679,73.6401,19.5406,73.9332,19.6828,72.9944,1
88,5280,7,-37.4576,-7.47577,53.0108,79.0939,52.6769,77.6562,52.408,79.7903,53.2798,80.3499,53.6747,78.2574,3
88,5280,9,-37.0035,-10.5038,53.1734,-128.175,54.0094,-127.419,53.3506,-129.346,52.4582,-128.811,52.9856,-126.865,1
88,5280,11,-35.1964,-2.42497,7.26154,103.285,7.27831,102.554,6.64986,103.418,7.24657,103.931,7.94598,103.129,2
88,5280,15,29.1736,-11.8019,20.6684,-101.178,21.2175,-101.12,20.6662,-101.909,20.0824,-101.257,20.6777,-100.527,3
88,5280,16,-35.5712,5.51351,-3.42701,-70.9525,-2.74999,-70.7894,-3.4365,-71.613,-4.03525,-71.0882,-3.41862,-70.1985,1
88,5280,23,-5.63059,-22.9996,-79.4332,28.2303,-78.9778,26.6886,-79.5999,25.6061,-79.8602,29.6846,-79.2331,30.6135,1
88,5280,29,35.6297,-4.30064,53.7142,-61.6162,54.2266,-61.0666,53.9383,-62.7763,53.1427,-62.2296,53.5093,-60.6064,1
88,5280,32,32.3388,-7.17279,-0.172227,-9.4403,0.158391,-8.97058,0.31688,-9.92992,-0.5243,-9.96231,-0.602595,-9.0026,1
88,5280,34,16.2991,20.3563,-74.2866,-21.5394,-73.9776,-19.9123,-73.8554,-22.4738,-74.6288,-23.3621,-74.7265,-20.6284,1
88,5280,37,31.1708,15.6626,2.71177,176.312,2.22979,175.883,2.38315,176.815,3.27372,176.793,3.03724,175.856,1
88,5280,42,20.164,1.90087,18.2397,12.0987,18.7702,12.1526,18.25,11.5113,17.6744,12.0422,18.2248,12.6542,1
88,5280,48,-35.7682,-12.0089,9.73772,-147.455,9.65423,-148.316,9.11794,-147.267,9.79787,-146.712,10.4161,-147.687,1
88,5280,52,20.5448,-11.1632,32.9124,-80.1024,32.9779,-80.753,32.2801,-80.1823,32.826,-79.4307,33.4937,-80.0401,1
88,5280,55,29.453,-24.4755,19.2906,45.2299,19.9118,45.3024,19.4437,44.2768,18.6523,45.1084,19.1809,46.0448,1
88,5280,64,31.9575,-24.4369,-1.16123,-75.5359,-1.20708,-76.1241,-2.04469,-75.4886,-1.1563,-74.9159,-0.416,-75.599,1
88,5280,67,-22.1157,12.1477,50.9582,48.8234,51.4816,48.664,50.8168,47.9817,50.4579,48.996,51.0952,49.7565,1
88,5280,68,-36.3075,13.4274,27.3858,85.5263,28.0362,85.784,27.4515,84.7186,26.7901,85.3205,27.2901,86.4664,1
88,5280,73,-22.0316,16.218,-49.5235,-72.8763,-49.5623,-73.7498,-50.1262,-72.7695,-49.4581,-72.0335,-48.8532,-72.9663,1
88,5280,74,-0.375415,22.0172,-18.1516,-49.6581,-18.3897,-50.1632,-18.658,-49.4711,-17.8771,-49.1376,-17.6075,-49.831,1
88,5280,77,8.37311,-19.5719,67.7328,33.2634,67.9837,31.9992,67.2638,32.3426,67.4599,34.4417,68.1758,34.1131,2
88,5280,83,34.4382,-13.3568,22.1975,9.98393,22.1494,9.35033,21.4409,10.1807,22.2242,10.6793,22.8495,9.80019,1
88,5280,91,18.633,15.6283,43.3524,98.042,43.6018,97.3648,42.8831,97.7257,43.0884,98.786,43.8032,98.3798,1
88,5280,99,37.0774,13.8493,-0.632235,34.095,-0.63643,33.344,-1.32383,34.2788,-0.613318,34.9769,-0.00344135,33.9537,1
89,5340,7,-18.9317,-11.4819,55.3448,84.8492,55.0946,83.8019,54.8216,85.2217,55.5572,85.8326,55.877,84.4288,2
89,5340,11,-34.5055,17.4123,11.6892,106.954,11.7699,106.293,10.9724,106.999,11.6422,107.565,12.5285,106.919,5
89,5340,15,25.9079,3.91855,17.1442,-97.2313,17.6915,-97.1928,17.1088,-97.8297,16.5469,-97.2705,17.1695,-96.6735,1
89,5340,16,-14.6769,-20.416,-5.91623,-71.9674,-5.32377,-71.9892,-5.8635,-72.4755,-6.45712,-71.9659,-5.94495,-71.4611,1
89,5340,18,-38.7344,1.00682,-45.2113,1.0867,-44.5179,0.571725,-45.6999,0.389985,-45.8111,1.55387,-44.6408,1.86975,1
89,5340,42,23.2913,3.30532,15.0753,14.2602,15.6261,14.3274,15.0828,13.6607,14.4801,14.1899,15.0614,14.8227,1
89,5340,52,-18.7729,-13.9653,37.9938,-80.0364,38.0122,-80.8441,37.4482,-80.0774,37.959,-79.2975,38.5535,-80.0172,3
89,5340,54,-30.2506,17.2826,42.5294,26.0119,43.1834,26.0313,42.4502,25.0442,41.9148,26.0323,42.5913,27.1289,1
89,5340,64,22.1021,12.4512,5.63184,-72.3461,5.53248,-72.8903,5.11518,-72.2158,5.75168,-71.7508,6.13205,-72.4568,1
89,5340,67,-27.5745,1.99578,49.9428,52.8732,50.5349,52.7548,49.7904,52.0395,49.3976,52.9862,50.1027,53.7909,2
89,5340,68,29.4553,-23.8214,23.4949,79.77,24.0588,79.866,23.6601,78.8936,22.9157,79.6295,23.3712,80.524,1
89,5340,70,15.2476,11.084,-18.447,143.062,-17.9466,143.28,-18.254,142.54,-18.9866,142.838,-18.6469,143.57,1
89,5340,73,-36.1974,10.0476,-45.8421,-72.3358,-45.8128,-73.4039,-46.5681,-72.0956,-45.8407,-71.3759,-44.9979,-72.5941,1
89,5340,74,-9.80832,-15.7505,-17.5982,-50.6286,-17.8544,-51.1642,-18.0872,-50.43,-17.3702,-50.1211,-17.1201,-50.8413,1
89,5340,83,26.5191,-7.26489,26.489,11.5041,26.4162,10.9232,25.8963,11.6633,26.5537,12.1273,27.0258,11.3522,1
89,5340,84,34.9547,-6.92096,52.3131,44.9173,52.5141,43.9877,51.5839,44.758,52.0689,45.9318,52.9528,45.0542,2
89,5340,85,-37.7787,11.4697,61.8465,117.911,62.5526,117.854,61.6194,116.475,61.2165,118.002,62.083,119.624,1
89,5340,91,11.7913,-15.5405,44.2128,98.865,44.4546,98.2525,43.7536,98.4355,43.9539,99.4592,44.6475,99.2556,1
89,5340,96,33.7759,-3.32006,-48.6266,-81.2909,-48.0566,-81.652,-49.0374,-82.1887,-49.2626,-80.8914,-48.2559,-80.5068,1
89,5340,99,-40.141,5.917,6.91271,30.0078,7.05296,29.2021,6.16385,30.1266,6.80334,30.7119,7.79181,29.8701,4
90,5400,10,21.8117,6.08643,-17.0953,88.5792,-17.1121,88.0291,-17.6268,88.6462,-17.0707,89.1731,-16.5899,88.5238,1
90,5400,11,-28.9272,-6.72021,12.2244,108.102,12.1996,107.439,11.6796,108.196,12.2408,108.699,12.8115,107.988,1
90,5400,14,-17.5567,11.3543,40.6857,-122.285,41.1867,-122.385,40.5893,-122.955,40.1995,-122.173,40.775,-121.558,1
90,5400,16,-7.86139,-24.8363,-8.8657,-70.42,-8.2835,-70.4669,-8.77609,-70.9491,-9.40058,-70.4004,-8.92451,-69.9093,1
90,5400,28,-21.4707,2.07901,80.0764,-93.6343,80.5984,-93.8237,79.9926,-96.4755,79.5844,-93.4548,80.1384,-90.5499,1
90,5400,31,19.8671,13.414,26.2402,-7.45572,26.6084,-7.02977,26.5917,-7.86904,25.8279,-7.90801,25.8866,-7.0687,2
90,5400,32,34.6251,3.14585,-8.74885,-10.6801,-8.37851,-10.1689,-8.31014,-11.2029,-9.1667,-11.2588,-9.14658,-10.2155,1
90,5400,36,37.7807,-13.861,-28.5732,178.818,-28.9706,178.259,-29.1148,179.592,-28.1492,179.456,-28.1189,178.159,1
90,5400,37,-35.8372,11.9115,9.66082,169.096,9.25636,168.553,9.22421,169.636,10.0415,169.577,10.1745,168.476,1
90,5400,41,-30.5203,11.1551,40.9842,-7.23479,41.621,-7.19402,40.9042,-8.09106,40.3937,-7.24914,41.0563,-6.26306,1
90,5400,49,24.2645,-16.2659,37.0536,-110.175,37.1614,-110.852,36.3817,-110.348,36.915,-109.48,37.6573,-110.036,1
90,5400,54,-31.9333,23.6611,39.8296,30.7102,40.5028,30.7914,39.8271,29.6561,39.1885,30.6913,39.7918,31.9566,1
90,5400,64,-18.2069,7.14834,10.3324,-73.566,10.2707,-74.0843,9.82993,-73.4753,10.3994,-73.0679,10.8712,-73.6574,1
90,5400,67,38.3221,0.537499,42.6311,52.1046,43.3132,52.0334,42.3453,51.1223,41.8481,52.1783,42.8687,52.9724,3
90,5400,68,-40.6421,0.373442,22.8414,89.678,23.6372,89.9722,22.8324,88.8897,22.1541,89.4339,22.8531,90.5952,1
90,5400,74,8.93032,21.6419,-11.4737,-46.5014,-11.7391,-47.003,-11.9654,-46.2936,-11.1652,-45.9706,-10.9579,-46.6906,6
90,5400,87,-3.25361,19.9114,-1.50253,174.152,-1.03755,174.278,-1.32993,173.694,-1.99119,174.04,-1.70316,174.63,1
90,5400,95,-31.5365,-5.90768,-28.2408,-115.487,-27.5471,-115.557,-28.3901,-116.134,-28.8598,-115.428,-28.0632,-114.784,1
91,5460,16,-38.6616,-1.74752,-11.0614,-64.2923,-10.2763,-64.145,-11.1368,-64.9805,-11.7432,-64.4182,-10.9651,-63.506,2
91,5460,23,36.2211,10.1749,-77.5424,108.215,-77.6643,105.14,-78.1393,109.661,-77.3507,111.674,-76.9924,107.094,1
91,5460,34,-4.49347,23.6913,-85.7365,-41.4388,-85.5908,-35.1624,-85.2286,-42.0446,-85.8558,-48.3625,-86.2847,-40.9669,2
91,5460,49,27.9106,5.61601,40.0907,-103.892,40.246,-104.648,39.4766,-103.986,39.9176,-103.059,40.6586,-103.791,1
91,5460,50,-37.9629,-4.37669,-8.36996,-127.277,-8.34988,-128.166,-9.06987,-127.09,-8.38606,-126.509,-7.57731,-127.502,1
91,5460,51,-35.2189,0.658629,19.8602,-103.769,19.8876,-104.597,19.1793,-103.615,19.8381,-103.034,20.6292,-103.948,1
91,5460,52,-18.4562,21.8147,44.5743,-68.67,44.7127,-69.4439,43.9755,-68.9287,44.4597,-67.8905,45.2341,-68.3426,1
91,5460,64,-21.2403,0.623226,13.1198,-72.1532,13.0536,-72.7072,12.6173,-72.0471,13.183,-71.6321,13.6554,-72.2676,1
91,5460,70,-6.42952,-23.6528,-21.6415,146.195,-21.0536,146.358,-21.3782,145.661,-22.1775,146.019,-21.868,146.721,1
91,5460,74,23.2236,-23.4837,-12.6455,-45.6726,-12.875,-46.215,-13.3779,-45.4495,-12.4447,-45.1107,-12.0098,-45.8896,3
91,5460,79,-38.8159,-2.30531,11.3253,137.001,12.0576,137.476,11.5156,136.281,10.6904,136.594,11.1147,137.828,1
91,5460,82,-20.5791,12.0416,5.24867,-6.41819,5.12849,-6.91889,4.74303,-6.26663,5.37787,-5.93786,5.80307,-6.57325,1
91,5460,84,38.3856,13.1182,56.3202,59.6385,56.6509,58.4383,55.6184,59.3961,55.9266,61.0375,56.9415,59.9049,1
91,5460,89,40.7362,-2.17009,-62.8423,-129.845,-62.1435,-130.006,-63.1892,-131.534,-63.6523,-129.67,-62.5319,-128.427,1
91,5460,98,23.6873,9.5414,-17.9161,14.5239,-17.9134,13.9346,-18.4694,14.577,-17.9084,15.1698,-17.3896,14.4867,1
92,5520,3,18.7758,-24.3833,-71.2584,20.3855,-71.2571,18.5088,-72.01,19.9742,-71.2769,22.2481,-70.5877,20.6489,1
92,5520,4,-14.1121,13.0549,-34.8517,51.9138,-35.0737,51.2866,-35.3779,52.1986,-34.6142,52.5224,-34.2807,51.6273,1
92,5520,5,20.4557,22.9855,-0.149632,66.6258,-0.541835,66.0715,-0.657676,66.9495,0.314609,67.2357,0.374185,66.3329,1
92,5520,6,37.7289,13.3384,32.7208,80.0259,32.4048,79.0879,32.0692,80.6103,33.0984,81.1377,33.3177,79.5236,1
92,5520,8,-34.7975,16.059,69.0544,-146.521,69.7446,-145.681,69.1931,-148.773,68.4087,-147.164,68.8371,-143.933,1
92,5520,14,-29.9005,10.1473,37.2119,-113.987,37.8131,-113.965,37.1291,-114.743,36.6539,-113.988,37.29,-113.134,1
92,5520,20,-36.0845,-8.41531,5.64401,-40.9138,6.23164,-40.4317,5.9135,-41.4568,5.1366,-41.3364,5.35759,-40.3025,1
92,5520,25,32.3946,3.5498,-4.38852,138.823,-4.69297,138.317,-4.85043,139.253,-4.0465,139.389,-3.96517,138.44,1
92,5520,27,33.9581,1.57095,64.5584,165.374,64.4559,163.998,63.9449,165.939,64.6566,166.931,65.1082,164.857,1
92,5520,28,-23.2372,24.7077,72.3744,-67.7455,72.8621,-67.0495,72.6287,-69.6046,71.877,-68.2999,72.0412,-65.726,1
92,5520,30,-38.5701,-13.9649,56.678,3.82753,57.1538,5.20931,57.124,2.98117,56.2739,2.67589,56.1924,4.78669,1
92,5520,34,-28.9302,-19.085,-86.336,-9.72214,-85.7701,-2.8835,-85.947,-15.4432,-86.7605,-17.7377,-86.6727,-2.06043,1
92,5520,41,-29.0777,-9.9789,37.332,-2.6566,38.0361,-2.68702,37.2451,-3.37582,36.7033,-2.64025,37.4365,-1.88459,1
92,5520,43,18.3696,11.6332,-22.0413,44.6438,-21.4938,44.6784,-22.0302,44.0662,-22.6346,44.6181,-22.0641,45.2049,2
92,5520,54,-29.8587,5.02577,36.0838,34.9456,36.7524,35.0136,36.0216,34.1546,35.4696,34.8956,36.1436,35.8273,1
92,5520,58,18.5968,-8.33641,-52.7585,166.81,-52.4281,166.106,-53.2453,166.216,-53.1056,167.541,-52.299,167.341,1
92,5520,64,29.8231,2.11031,13.5783,-66.199,13.5385,-66.7933,12.973,-66.0479,13.6204,-65.5426,14.1323,-66.3328,1
92,5520,74,27.7351,-10.5971,-8.04636,-43.6172,-8.23501,-44.1711,-8.68761,-43.3241,-7.86007,-43.0209,-7.47563,-43.8873,1
92,5520,85,-37.222,5.13491,55.3006,133.474,56.0085,133.667,55.211,132.307,54.6711,133.326,55.3876,134.822,2
92,5520,98,29.4108,5.47767,-15.9008,17.2387,-15.8787,16.6192,-16.5143,17.3226,-15.9196,17.9267,-15.3349,17.1711,1
92,5520,99,-39.9542,0.11296,14.6902,36.6756,14.8036,35.8164,13.9776,36.8141,14.5954,37.4177,15.5144,36.5077,1
93,5580,4,-34.4763,-3.784,-32.14,49.7795,-32.4059,48.8575,-32.7314,50.22,-31.9006,50.5877,-31.4831,49.2829,1
93,5580,6,36.9822,2.85339,35.0128,80.681,34.7932,79.7883,34.3027,81.229,35.2551,81.7123,35.6414,80.2004,1
93,5580,7,35.3229,5.69524,65.4032,113.993,65.5387,112.218,64.6145,114.099,65.2258,116.002,66.1086,113.925,1
93,5580,14,-28.5387,-14.9332,36.2487,-113.057,36.9425,-113.171,36.1434,-113.723,35.6336,-112.973,36.378,-112.354,1
93,5580,23,29.197,9.09506,-70.4857,116.648,-70.6915,115.028,-70.9798,117.546,-70.2322,118.409,-70.017,115.885,1
93,5580,34,-3.52248,-23.2609,-87.5165,-97.4472,-87.8052,-86.1707,-87.1586,-89.2899,-87.1644,-105.287,-87.8158,-107.158,1
93,5580,36,36.5676,-2.34727,-16.007,176.791,-16.4217,176.29,-16.4256,177.428,-15.5431,177.359,-15.6372,176.234,1
93,5580,42,27.5766,21.807,1.54523,23.7525,2.23549,23.7827,1.54435,23.1507,0.749745,23.7417,1.51222,24.3316,4
93,5580,47,-26.2482,18.2092,-1.98626,-156.393,-1.99003,-156.981,-2.63086,-156.346,-1.9562,-155.829,-1.25519,-156.426,1
93,5580,48,-3.4963,23.9416,24.8146,-130.955,24.7571,-131.535,24.2732,-130.981,24.8994,-130.346,25.395,-130.898,1
93,5580,49,6.7417,-23.8626,44.3057,-100.315,44.3981,-101.076,43.7559,-100.643,44.1867,-99.5962,44.8205,-100.038,2
93,5580,63,10.5173,22.4218,-10.108,-85.7355,-10.2425,-86.2599,-10.6052,-85.66,-9.93897,-85.1705,-9.59409,-85.7875,1
93,5580,64,-18.0506,-4.22294,18.7281,-68.0279,18.6546,-68.5875,18.2417,-67.9348,18.7929,-67.5006,19.235,-68.1314,1
93,5580,70,23.3075,-20.5157,-29.7937,146.161,-29.2749,146.423,-29.45,145.42,-30.3111,145.859,-30.0772,146.831,1
93,5580,74,13.9632,-21.3634,-4.93473,-44.2124,-5.17925,-44.704,-5.5438,-44.0209,-4.71667,-43.7164,-4.38661,-44.4061,2
93,5580,77,33.4676,1.86685,61.3672,80.0396,62.0217,79.8402,61.1022,78.6394,60.6316,80.2506,61.5867,81.3197,1
93,5580,85,39.3045,-0.908599,47.5888,128.956,48.2679,129.031,47.399,127.815,46.8081,128.862,47.7404,129.953,1
93,5580,94,-25.6426,23.4774,-14.512,-134.328,-13.942,-134.278,-14.4548,-135.011,-15.071,-134.341,-14.6005,-133.546,1
93,5580,98,33.021,-2.05059,-14.0122,19.482,-13.9586,18.853,-14.7067,19.5683,-14.0761,20.1804,-13.3918,19.4062,1
94,5640,6,38.5675,-12.0644,36.6359,81.6164,36.494,80.7039,35.7115,82.145,36.7578,82.655,37.4101,81.1488,2
94,5640,7,-17.0242,6.8243,72.0477,111.98,72.1114,110.124,71.4787,111.843,71.9784,113.764,72.654,112.158,2
94,5640,8,-37.938,-4.95814,65.0678,-139.53,65.9084,-138.623,65.1584,-141.302,64.3392,-140.27,64.9547,-137.526,1
94,5640,19,39.9103,-3.77915,-34.1861,72.3181,-34.0294,71.5005,-35.0287,72.4087,-34.3712,73.2581,-33.4631,72.2424,1
94,5640,20,-37.5945,5.37599,-3.20612,-39.7325,-2.70837,-39.2232,-2.87756,-40.3148,-3.65442,-40.1761,-3.58647,-39.0622,1
94,5640,23,31.3336,7.44159,-67.1204,120.448,-67.3563,119.044,-67.6143,121.353,-66.836,121.985,-66.657,119.674,1
94,5640,24,11.6264,20.5053,-30.6399,131.478,-30.9578,131.014,-31.0376,131.795,-30.2778,131.963,-30.2226,131.18,2
94,5640,26,-29.9358,-12.185,38.0436,140.153,37.6512,139.457,37.6369,140.602,38.3796,140.783,38.4659,139.649,1
94,5640,31,-27.3447,-7.92954,12.7862,-4.80739,13.1916,-4.31935,13.1517,-5.20393,12.4234,-5.25115,12.4025,-4.3758,1
94,5640,37,-6.79434,21.0682,25.5568,170.118,25.1829,169.773,25.195,170.507,25.9563,170.458,25.9583,169.715,2
94,5640,38,-30.0984,18.3506,61.1036,161.279,60.6709,160.464,60.7132,162.349,61.5254,162.026,61.5564,160.039,1
94,5640,39,36.1243,16.6422,82.3997,-13.5745,82.9447,-9.7777,82.6807,-18.2461,81.7128,-17.2873,82.0795,-9.73756,1
94,5640,41,30.2576,1.30025,27.2191,-0.294734,27.8264,-0.252573,27.1409,-1.03302,26.5482,-0.342425,27.2827,0.378257,1
94,5640,42,23.6692,-4.9878,1.02952,24.4812,1.56469,24.5791,1.08727,23.8743,0.461948,24.3696,0.979608,25.0407,4
94,5640,49,-31.1505,7.71778,50.6406,-94.0753,50.944,-94.9903,50.0274,-94.3745,50.3672,-93.2369,51.3271,-93.7197,1
94,5640,51,-32.9438,-23.8952,26.0322,-98.4039,25.858,-99.488,25.3912,-98.2778,26.1481,-97.487,26.7009,-98.5922,1
94,5640,70,25.1386,-22.3967,-33.0957,147.306,-32.5629,147.581,-32.7244,146.49,-33.626,146.983,-33.3965,148.037,1
94,5640,73,7.71326,18.8896,-31.0792,-56.3551,-31.2999,-56.932,-31.5707,-56.1457,-30.8225,-55.7505,-30.5685,-56.544,2
94,5640,82,29.9032,19.1007,13.8949,2.70085,13.6897,2.06385,13.3632,2.94616,14.1475,3.4284,14.4089,2.49408,3
94,5640,90,30.6187,-15.0315,36.0017,77.5431,36.2253,76.8873,35.288,77.2567,35.7362,78.2287,36.6304,77.7825,2
94,5640,93,-32.0359,19.7041,9.522,-156.595,10.1384,-156.462,9.57783,-157.316,8.93803,-156.687,9.43388,-155.756,1
94,5640,94,-5.19319,24.7928,-18.4412,-133.229,-17.9245,-133.273,-18.3978,-133.793,-18.9821,-133.154,-18.5122,-132.621,1
94,5640,99,-25.8463,24.035,20.5898,44.8199,20.6469,44.2091,19.9226,44.7439,20.5675,45.4198,21.3549,44.936,2
95,5700,5,15.378,-23.1011,6.10458,67.0324,5.78918,66.5302,5.44608,67.297,6.38789,67.5439,6.688,66.7716,1
95,5700,8,-35.0612,-15.7056,62.6977,-138.151,63.6064,-137.485,62.8018,-139.641,61.9251,-138.718,62.5989,-136.519,1
95,5700,10,-30.8056,-1.27906,-0.198848,95.8925,-0.195388,95.2452,-0.768755,95.9916,-0.200715,96.4774,0.427898,95.779,1
95,5700,15,-25.5454,20.6221,1.9186,-78.8081,2.46563,-78.7073,2.01162,-79.4266,1.38406,-78.8777,1.79172,-78.1088,1
95,5700,20,-17.2956,11.7552,-7.75925,-41.4118,-7.37344,-41.1083,-7.46342,-41.8194,-8.14325,-41.6984,-8.08614,-40.9779,1
95,5700,22,9.72812,22.8256,-77.544,-0.149168,-77.0323,-0.348385,-77.5207,-2.39582,-78.0985,0.193072,-77.5731,2.17089,1
95,5700,29,-36.9452,-7.60576,29.8306,-45.5883,30.4183,-45.0108,30.1039,-46.226,29.3223,-46.0874,29.5344,-44.8699,1
95,5700,31,28.0261,20.5755,6.49025,-10.4136,6.95326,-9.96502,6.85667,-10.8498,5.94437,-10.9114,6.11674,-10.0156,3
95,5700,41,22.2079,-23.0248,26.9174,1.20743,27.4771,1.20828,27.0065,0.396901,26.3529,1.17003,26.8569,1.92429,1
95,5700,67,-14.1624,13.6547,33.3178,74.4289,33.8117,74.4763,33.3568,73.8196,32.8278,74.4001,33.26,75.081,1
95,5700,68,-36.9546,11.0138,6.16548,99.9732,6.82005,100.242,6.25391,99.26,5.57119,99.751,6.05145,100.802,2
95,5700,73,17.0155,-14.9719,-30.8949,-55.4033,-31.0831,-55.9842,-31.4796,-55.181,-30.7186,-54.8082,-30.3615,-55.6205,2
95,5700,74,30.64,17.0455,5.07761,-38.9549,4.77764,-39.5968,4.53468,-38.6048,5.43833,-38.2242,5.60098,-39.26,1
95,5700,79,-29.353,9.48462,-4.34273,140.574,-3.79553,140.905,-4.10037,139.977,-4.85782,140.278,-4.62195,141.24,1
95,5700,83,14.078,-23.6377,44.283,24.664,44.2231,23.9537,43.6804,24.5928,44.3106,25.3645,44.8293,24.6999,1
95,5700,85,29.3744,-22.4322,44.7887,135.424,45.3412,135.494,44.8755,134.33,44.2161,135.305,44.7258,136.368,1
95,5700,90,27.998,-18.3246,37.8581,80.9801,38.0801,80.329,37.1767,80.6196,37.5962,81.6442,38.4614,81.2823,2
95,5700,91,27.1704,-9.91127,43.9593,129.792,44.4276,129.393,43.5664,129.062,43.4509,130.193,44.3154,130.451,1
95,5700,93,-30.4077,-0.899648,8.19805,-155.903,8.84703,-155.823,8.16631,-156.496,7.61015,-155.973,8.23605,-155.251,1
95,5700,99,-37.751,6.37718,23.0561,45.0396,23.203,44.2375,22.3448,45.1073,22.9357,45.7508,23.8798,44.9642,3
96,5760,10,-26.4534,5.44031,2.85278,98.8742,2.85882,98.2989,2.2996,98.9415,2.85476,99.4105,3.45995,98.8043,1
96,5760,15,-25.4369,22.7323,-1.14317,-76.4592,-0.593604,-76.3632,-1.03696,-77.0913,-1.68411,-76.5212,-1.28793,-75.7404,1
96,5760,16,36.3914,3.97957,-30.2887,-56.6859,-29.6264,-56.6167,-30.4105,-57.5056,-31.0456,-56.7651,-30.1852,-55.9574,2
96,5760,20,34.1152,0.453911,-11.3231,-45.7711,-10.8775,-45.3621,-10.9971,-46.3655,-11.8199,-46.2333,-11.6166,-45.2406,3
96,5760,30,-28.8116,14.3723,38.9547,-2.84093,39.2549,-2.20795,39.4285,-3.33521,38.6527,-3.41758,38.4083,-2.3043,1
96,5760,31,-13.5177,-13.7153,5.71239,-7.02992,6.09207,-6.65099,6.07021,-7.35348,5.36619,-7.3913,5.36154,-6.69356,1
96,5760,36,18.6355,8.57426,-3.77556,173.328,-4.15152,172.986,-4.09387,173.722,-3.36635,173.689,-3.46085,172.954,1
96,5760,41,-28.03,18.1629,24.3262,10.815,24.9179,10.9477,24.3992,10.088,23.7579,10.7191,24.2195,11.6402,1
96,5760,42,-35.6299,7.5437,-2.33527,34.0146,-1.64038,34.2252,-2.3052,33.3101,-2.96259,33.8394,-2.37501,34.8234,1
96,5760,46,-40.1177,-4.27953,-21.3642,-176.526,-21.2623,-177.488,-22.0815,-176.364,-21.4465,-175.703,-20.5408,-176.726,1
96,5760,51,31.2223,15.3122,29.8724,-83.9876,29.9082,-84.8132,29.2079,-83.9103,29.8414,-83.04,30.4931,-84.031,1
96,5760,54,-29.7438,-0.330151,25.7131,45.6578,26.3952,45.7679,25.6955,44.9654,25.0933,45.5617,25.7324,46.4194,2
96,5760,67,-31.092,-5.6734,32.9115,77.3093,33.5811,77.4159,32.891,76.6254,32.313,77.2113,32.94,78.057,1
96,5760,68,-37.534,-3.69697,4.39774,101.045,5.15088,101.271,4.41158,100.386,3.74236,100.848,4.39178,101.792,2
96,5760,79,-37.9798,-4.68072,-5.99475,142.235,-5.24559,142.666,-5.82445,141.545,-6.64162,141.862,-6.17402,143.024,1
96,5760,81,23.9972,23.7221,-10.5365,-11.6027,-10.7791,-12.1862,-11.0387,-11.3994,-10.2359,-10.948,-10.0306,-11.7715,1
96,5760,90,21.8502,-7.25645,40.4983,86.2042,40.7202,85.587,39.9563,85.9141,40.2529,86.8429,41,86.4691,2
96,5760,98,-33.6438,22.3546,0.632969,23.6434,0.735636,23.0005,-0.134258,23.6214,0.575535,24.2506,1.54062,23.6947,1
97,5820,3,21.3769,-9.21208,-54.3231,45.0697,-54.5036,44.1329,-54.9371,45.4797,-54.1395,46.0478,-53.7607,44.6904,1
97,5820,6,-35.4971,8.9354,52.5105,77.076,52.3114,75.8373,51.8319,77.6746,52.6962,78.1906,53.2937,76.373,16
97,5820,8,-29.501,0.933551,53.7325,-132.738,54.3531,-132.158,53.9372,-133.783,53.1628,-133.245,53.4984,-131.597,1
97,5820,10,-21.7305,5.64694,5.42677,101.449,5.4183,100.911,4.90506,101.502,5.44159,101.959,5.99014,101.396,4
97,5820,15,-16.376,14.9627,-3.91013,-75.5107,-3.41089,-75.4521,-3.85099,-76.0329,-4.40433,-75.5518,-3.98785,-74.946,1
97,5820,16,36.3582,-3.01904,-32.3932,-54.3514,-31.7572,-54.2686,-32.4967,-55.2354,-33.1091,-54.4566,-32.2978,-53.5779,1
97,5820,20,8.5272,-23.1785,-12.6646,-43.2444,-12.2313,-42.9823,-12.2863,-43.6604,-13.0699,-43.5189,-12.9967,-42.8462,1
97,5820,22,21.744,-23.547,-80.598,9.73727,-80.089,9.20947,-80.6005,5.64223,-81.1144,10.135,-80.5361,13.3242,1
97,5820,28,22.5919,-13.9935,56.6244,-63.1412,57.0665,-62.7228,56.8908,-64.1155,56.1722,-63.5925,56.3868,-62.2602,1
97,5820,38,13.7555,-24.1965,68.9697,167.304,68.5526,166.463,68.509,168.404,69.3557,168.218,69.3645,166.225,1
97,5820,39,7.91093,-18.6206,74.2596,-1.22171,74.572,0.194398,74.7085,-2.28556,73.9601,-2.59729,73.8441,-0.22855,1
97,5820,41,-31.7482,-22.1149,25.0358,10.562,25.9212,10.537,25.0119,9.88955,24.2813,10.5595,25.0979,11.2708,1
97,5820,42,21.9527,14.7931,-9.26158,32.0298,-8.67781,32.0828,-9.23872,31.467,-9.90741,31.986,-9.30195,32.5731,1
97,5820,47,-26.7822,-3.10038,8.21878,-149.455,8.17365,-150.095,7.66212,-149.343,8.258,-148.869,8.81865,-149.582,1
97,5820,50,-32.4164,4.72317,9.47451,-113.425,9.48669,-114.145,8.81406,-113.296,9.47197,-112.773,10.2176,-113.568,1
97,5820,54,-15.7305,-13.6038,22.8435,45.9608,23.4524,45.9666,22.8703,45.3783,22.2797,45.9417,22.8308,46.5526,3
97,5820,58,-35.0404,14.0366,-40.3199,-167.961,-39.9842,-168.807,-41.0646,-168.215,-40.5965,-167.168,-39.4553,-167.653,1
97,5820,59,38.9107,-0.0747037,-23.7199,-130.79,-23.6653,-131.615,-24.5689,-130.562,-23.7844,-129.839,-22.9823,-130.979,1
97,5820,63,28.7502,-4.9669,-0.72928,-77.9897,-0.775931,-78.5428,-1.35206,-77.8485,-0.687162,-77.3897,-0.166603,-78.1203,1
97,5820,67,-32.9078,17.6724,28.2912,81.8388,28.8943,82.0496,28.3841,81.0541,27.7229,81.6756,28.1594,82.7452,1
97,5820,68,-24.9064,3.13319,-0.132675,102.109,0.417271,102.248,-0.0620422,101.573,-0.647084,101.984,-0.21084,102.691,1
97,5820,74,26.0577,12.8631,11.7657,-37.3794,11.5171,-37.9646,11.2424,-37.0798,12.0534,-36.7307,12.2701,-37.6479,1
97,5820,79,-37.9946,-14.9348,-8.33224,142.946,-7.4419,143.341,-8.19112,142.263,-9.07662,142.599,-8.45578,143.714,1
97,5820,82,-32.2065,13.9651,26.1801,2.36894,26.1147,1.69065,25.5589,2.56524,26.2585,2.99445,26.8947,2.15621,1
97,5820,98,-31.834,13.6468,2.461,25.4347,2.53991,24.8067,1.79701,25.4651,2.40866,26.0183,3.22066,25.4134,5
98,5880,6,-35.3326,-11.1749,53.7544,77.6296,53.3983,76.2206,53.1739,78.2758,54.0392,78.8693,54.3789,76.8583,16
98,5880,10,-33.288,-23.0151,6.88529,100.732,6.72226,99.8502,6.30218,100.853,7.0004,101.481,7.49543,100.562,2
98,5880,15,-26.3665,4.06534,-5.43094,-73.1616,-4.86093,-73.0715,-5.41727,-73.7164,-5.96188,-73.2392,-5.44774,-72.555,1
98,5880,20,25.672,-19.4408,-16.8425,-44.3891,-16.4378,-44.0491,-16.4011,-44.9236,-17.2441,-44.764,-17.2184,-43.9036,1
98,5880,41,-27.0264,-10.485,20.7298,13.453,21.4057,13.516,20.7299,12.8509,20.123,13.3874,20.7433,14.094,1
98,5880,48,26.8987,-7.92843,33.7348,-116.808,33.8331,-117.475,33.0759,-116.868,33.6135,-116.098,34.3313,-116.76,1
98,5880,51,26.5569,-24.0284,32.3732,-82.1005,32.4459,-82.813,31.5481,-82.3141,32.2546,-81.379,33.0907,-81.9412,1
98,5880,63,34.6465,-14.8637,1.06253,-76.1026,1.05277,-76.7056,0.257305,-75.9695,1.04643,-75.4437,1.75332,-76.2299,1
98,5880,66,-21.4319,-0.0186923,50.5038,47.3284,51.0384,47.1471,50.3532,46.5583,50.002,47.4969,50.66,48.1535,1
98,5880,67,-40.6944,1.49968,27.2815,84.0077,28.0747,84.3022,27.2627,83.1837,26.5947,83.7654,27.3017,84.969,1
98,5880,68,-35.4045,-10.4283,-1.39468,104.243,-0.622379,104.408,-1.38699,103.629,-2.06266,104.092,-1.38342,104.924,1
98,5880,69,-40.4014,0.00140696,-29.8122,129.21,-28.9888,129.376,-29.9219,128.389,-30.5223,129.071,-29.6722,130.159,1
98,5880,72,-24.41,2.94568,-49.1433,-75.422,-49.1885,-76.3399,-49.7056,-75.2505,-49.0894,-74.5671,-48.5334,-75.6015,1
98,5880,73,19.6686,19.1797,-17.5024,-49.793,-17.7796,-50.3578,-17.9997,-49.5292,-17.175,-49.178,-17.0004,-50.028,2
98,5880,77,25.4333,16.9678,47.9003,105.701,48.5375,105.826,47.9334,104.818,47.181,105.59,47.8379,106.545,2
98,5880,79,-32.0427,10.5993,-14.8176,144.455,-14.2431,144.816,-14.5774,143.794,-15.3537,144.137,-15.0978,145.204,1
98,5880,82,32.8636,13.2726,26.2524,10.0324,26.1242,9.3218,25.6751,10.2899,26.4076,10.8461,26.7908,9.81397,1
98,5880,84,-34.5933,9.89627,62.439,111.39,63.0861,111.183,62.1959,110.08,61.8543,111.603,62.6942,112.923,1
98,5880,86,-25.9539,-14.6321,7.11587,169.919,7.74224,170.09,7.23555,169.407,6.55907,169.755,7.00898,170.461,1
98,5880,98,-23.5302,-17.0063,2.37985,26.3738,2.30969,25.7131,1.84856,26.4189,2.42725,26.9669,2.9268,26.3042,1
99,5940,4,-16.8206,15.5878,-9.55601,58.4727,-9.81415,57.9538,-10.092,58.7496,-9.28255,58.9742,-8.96431,58.187,1
99,5940,6,-14.0326,-18.8818,55.6685,83.5833,55.3867,82.5351,55.1259,83.8916,55.9013,84.5707,56.1993,83.2268,2
99,5940,10,-36.1838,5.69452,12.3194,104.726,12.3853,104.005,11.659,104.839,12.2703,105.37,13.0764,104.599,3
99,5940,13,15.7253,24.7445,38.615,-127.194,39.1565,-127.44,38.496,-127.839,38.019,-126.892,38.7027,-126.526,1
99,5940,14,28.3997,-24.6528,17.6435,-100.676,18.2077,-100.634,17.7637,-101.516,17.0656,-100.759,17.5604,-99.9519,1
99,5940,15,29.69,14.0106,-12.3911,-74.1338,-11.7662,-74.0895,-12.4317,-74.7404,-13.1001,-74.1703,-12.3718,-73.5651,1
99,5940,24,35.2632,-20.9382,-16.2002,135.529,-16.4686,134.981,-16.9433,136.014,-15.9427,136.138,-15.5829,135.107,1
99,5940,26,36.6183,2.82398,56.1349,155.934,55.9554,154.832,55.5311,156.575,56.3269,157.204,56.6709,155.361,1
99,5940,41,-37.6791,-13.7169,19.118,16.5241,20.0361,16.6467,19.0573,15.816,18.3412,16.409,19.2117,17.3114,1
99,5940,51,24.4928,-10.8071,35.8785,-77.5647,35.992,-78.2544,35.2093,-77.6873,35.739,-76.8444,36.4861,-77.4636,1
99,5940,53,-33.939,9.32912,42.5026,24.6084,43.2223,24.6589,42.3757,23.651,41.8489,24.5866,42.6296,25.7106,1
99,5940,59,-9.29939,24.5639,-12.8233,-128.706,-12.8952,-129.27,-13.4132,-128.714,-12.7169,-128.125,-12.1776,-128.669,1
99,5940,63,13.7242,-23.7477,4.92612,-76.3034,4.8055,-76.8145,4.31049,-76.285,5.01688,-75.7974,5.48207,-76.3419,2
99,5940,66,-35.8571,3.34211,49.6132,53.8635,50.3255,53.8497,49.4351,52.8905,48.9795,53.8877,49.8059,54.9793,1
99,5940,72,-38.728,9.67691,-44.3089,-73.9807,-44.2655,-75.0994,-45.075,-73.6979,-44.3176,-72.9902,-43.4054,-74.293,1
99,5940,73,13.5235,-17.556,-17.0778,-50.5472,-17.2995,-51.054,-17.651,-50.344,-16.8745,-50.0342,-16.5544,-50.7498,2
99,5940,79,-38.1803,-7.30309,-16.1113,145.746,-15.3162,146.164,-15.9697,145.028,-16.7913,145.381,-16.2509,146.564,1
99,5940,82,26.8275,0.831,28.7554,10.7016,28.6794,10.0937,28.1966,10.8795,28.8338,11.364,29.2714,10.5389,1
99,5940,83,-20.0883,12.69,58.594,43.1975,58.7309,42.2527,58.0809,42.9679,58.4688,44.1134,59.1503,43.4775,2
99,5940,84,-35.1678,-16.8422,62.0428,113.178,62.8327,112.609,61.7776,112.044,61.3619,113.612,62.3483,114.409,1
99,5940,98,39.4498,-8.46208,1.39899,33.7037,1.51287,33.0242,0.512588,33.8071,1.24945,34.473,2.1527,33.6105,2
100,6000,10,-27.5822,-15.317,12.9397,106.42,12.8616,105.717,12.4044,106.506,12.994,107.044,13.5007,106.306,4
100,6000,13,-25.5335,21.8558,39.5991,-120.934,40.1556,-120.976,39.5476,-121.754,39.0604,-120.854,39.6282,-119.995,1
100,6000,15,-18.6251,-24.0991,-9.64202,-70.9479,-8.98163,-71.0032,-9.59253,-71.4821,-10.2314,-70.9209,-9.66001,-70.4152,1
100,6000,27,-33.4078,19.4776,78.0609,-77.4166,78.6242,-76.2122,78.2108,-80.7127,77.5214,-78.3088,77.819,-73.709,1
100,6000,29,-27.233,9.44543,9.26628,-44.5655,9.67893,-44.1878,9.58354,-45.0325,8.87112,-44.9091,8.90702,-44.0531,1
100,6000,33,-15.6875,13.3367,-83.573,-22.4346,-83.3168,-18.7545,-83.1297,-24.5677,-83.8105,-26.2787,-84.0457,-19.8857,1
100,6000,53,-30.8651,18.1725,39.1981,28.8407,39.8568,28.9162,39.1647,27.8942,38.5775,28.8101,39.2067,29.9358,1
100,6000,63,25.5012,24.3061,11.0619,-70.6895,10.8954,-71.3375,10.5157,-70.5526,11.2769,-69.9501,11.605,-70.7891,1
100,6000,73,35.2766,3.52514,-12.5352,-46.2981,-12.7568,-46.972,-13.1641,-45.8778,-12.281,-45.5333,-11.9691,-46.6634,4
100,6000,79,-30.3941,-15.0076,-19.2921,145.708,-18.5538,145.992,-19.1338,145.093,-19.9335,145.444,-19.4345,146.374,1
100,6000,82,-30.6961,-21.7208,32.8225,6.30454,32.5577,5.41151,32.2916,6.52273,33.0262,7.0833,33.3684,6.0328,1
100,6000,86,-36.1933,20.1258,-2.17909,175.658,-1.60569,175.993,-1.93027,174.94,-2.72216,175.382,-2.49501,176.506,1
100,6000,95,-31.6834,20.4855,-43.8195,-70.872,-43.2758,-71.2996,-44.2427,-71.6748,-44.3125,-70.4228,-43.3371,-69.9323,1
100,6000,98,35.086,-18.0975,3.82091,34.8993,3.90281,34.2839,2.9384,34.8883,3.69762,35.5633,4.57116,34.8921,1
101,6060,2,35.9692,-17.7984,-74.2003,18.3762,-74.0533,15.8643,-75.2152,18.1972,-74.367,21.1534,-73.3442,18.4491,1
101,6060,5,32.3586,20.814,31.5276,76.2387,31.1438,75.3944,30.9481,76.7139,31.9939,77.2263,32.0914,75.8263,2
101,6060,13,-22.1485,12.3139,37.6522,-118.613,38.183,-118.648,37.5855,-119.3,37.1431,-118.561,37.7094,-117.855,1
101,6060,30,-36.8101,3.26335,21.0245,-4.79802,21.3981,-4.14014,21.4731,-5.31516,20.6847,-5.37333,20.51,-4.21055,2
101,6060,33,-20.379,-8.51098,-85.5173,-22.9253,-85.1976,-17.2647,-85.1,-26.1698,-85.7628,-28.9087,-85.9276,-18.7344,2
101,6060,40,-36.3832,-7.9425,39.3352,-5.93411,40.1654,-5.91871,39.189,-6.76667,38.6159,-5.95387,39.5086,-5.00359,2
101,6060,47,-19.1537,2.81748,19.887,-139.681,19.8635,-140.265,19.3608,-139.62,19.9118,-139.127,20.447,-139.746,2
101,6060,48,30.9718,-12.9619,39.6606,-106.376,39.8567,-107.106,38.9201,-106.597,39.4238,-105.605,40.3136,-106.193,1
101,6060,50,26.8667,18.0221,18.2278,-98.8511,18.1618,-99.5633,17.6185,-98.7408,18.3191,-98.0439,18.8144,-98.9285,2
101,6060,53,-37.14,-13.3479,39.7606,29.4785,40.7065,29.4259,39.5852,28.6075,38.9563,29.507,39.9768,30.4437,1
101,6060,63,32.038,-7.37356,11.1515,-69.9732,11.1355,-70.5656,10.4636,-69.8355,11.1547,-69.3247,11.7609,-70.1011,1
101,6060,64,21.8822,-18.5953,38.0298,-44.9337,38.0778,-45.592,37.391,-45.0587,37.953,-44.2649,38.6049,-44.8407,1
101,6060,65,-40.1206,3.7142,59.1594,6.35562,59.8144,5.42756,58.563,5.53534,58.5912,7.14991,59.849,7.34843,1
101,6060,67,-28.6088,-23.1945,19.2851,87.6516,20.0793,87.6807,19.3333,87.0564,18.6017,87.604,19.2698,88.2711,1
101,6060,73,35.3523,-8.88651,-10.3202,-45.6823,-10.4947,-46.3283,-11.0579,-45.291,-10.143,-44.9606,-9.68198,-46.0266,1
101,6060,74,-26.7183,-17.2888,24.748,-38.6362,24.411,-39.3674,24.2351,-38.3455,25.0281,-37.979,25.2715,-38.969,1
101,6060,76,-34.5604,-16.5654,71.223,68.0609,72.0352,66.8657,70.876,66.3912,70.5171,68.9633,71.6113,69.894,2
101,6060,77,38.4404,11.362,37.8466,111.082,38.6061,111.396,37.8585,110.082,36.9474,110.733,37.8058,111.968,2
101,6060,79,-30.02,-10.2449,-23.2335,147.261,-22.5477,147.553,-23.083,146.63,-23.8388,146.99,-23.376,147.947,1
101,6060,81,-27.2741,15.0572,7.63359,-8.43482,7.531,-8.98926,7.06249,-8.26578,7.74986,-7.91285,8.28001,-8.61144,2
101,6060,95,-39.7734,7.14407,-42.908,-67.6933,-42.2133,-68.2236,-43.4692,-68.3917,-43.5059,-67.2006,-42.2465,-66.8855,1
101,6060,97,18.773,20.3138,-15.5645,13.7326,-15.6131,13.1356,-16.0924,13.7632,-15.4882,14.3926,-15.0392,13.7284,1
101,6060,98,-31.0343,23.845,14.295,35.7176,14.3766,35.083,13.5566,35.6692,14.2554,36.3268,15.1614,35.8025,1
102,6120,3,25.5826,16.9847,-34.2849,54.6864,-34.6301,53.9696,-34.8037,55.1217,-33.8745,55.4755,-33.7718,54.3006,1
102,6120,5,30.1991,12.9823,34.1695,76.7629,33.8793,75.9755,33.5931,77.2062,34.5058,77.6575,34.716,76.3678,1
102,6120,7,-35.5649,3.27373,69.2827,-149.147,70.0402,-148.354,69.3327,-151.241,68.6037,-149.782,69.1957,-146.776,1
102,6120,13,-22.9947,-0.750159,36.1044,-116.251,36.6631,-116.292,36.0235,-116.886,35.5836,-116.212,36.1897,-115.571,1
102,6120,15,-16.9682,-9.05155,-16.451,-65.3271,-15.9073,-65.3194,-16.4469,-65.838,-16.9586,-65.3421,-16.4435,-64.801,2
102,6120,22,32.57,-7.83747,-73.7346,111.246,-73.8554,109.267,-74.3644,112.246,-73.5943,113.392,-73.1756,110.405,2
102,6120,24,36.6167,-13.8886,-4.2252,136.893,-4.48501,136.346,-4.88691,137.38,-3.96058,137.508,-3.66596,136.467,2
102,6120,25,-37.9201,7.8223,34.6714,136.208,34.3753,135.426,34.1509,136.75,34.9432,136.9,35.2762,135.576,2
102,6120,27,21.5975,-21.3844,72.1728,-84.8346,72.679,-84.6628,72.2922,-86.911,71.663,-85.0843,72.0665,-82.9967,2
102,6120,30,-35.4889,-16.7591,19.3568,-5.34807,19.9223,-4.6851,19.7399,-5.84035,18.8836,-5.92025,18.9603,-4.79261,2
102,6120,36,39.9334,5.09002,18.8712,173.356,18.4097,172.77,18.4596,174.056,19.4091,174.043,19.2384,172.749,1
102,6120,41,-36.6258,5.28324,8.46592,24.23,9.18704,24.4545,8.48475,23.5132,7.8218,24.0426,8.44033,25.0533,3
102,6120,50,19.8692,-8.78114,19.4827,-99.0184,19.4764,-99.5973,18.8664,-98.9923,19.4755,-98.4159,20.0525,-99.0509,1
102,6120,53,-33.6714,-16.3762,37.0692,32.073,37.9576,32.0002,36.9481,31.2768,36.3055,32.1149,37.2257,32.9317,1
102,6120,56,35.0601,15.0179,-48.7489,113.063,-47.9963,112.768,-49.0767,112.075,-49.6229,113.444,-48.4676,113.972,1
102,6120,62,-28.7101,-18.6025,-12.6857,-94.3501,-12.842,-95.0917,-13.2252,-94.2193,-12.5636,-93.6988,-12.1251,-94.5151,1
102,6120,73,39.0249,11.8769,-4.75531,-43.2171,-5.046,-43.9819,-5.38558,-42.7192,-4.3995,-42.3161,-4.18201,-43.6374,1
102,6120,77,38.6501,-8.06203,36.5633,111.733,37.2021,112.123,36.7206,110.613,35.8463,111.276,36.4255,112.687,4
102,6120,78,17.6133,-15.9265,5.41713,130.245,5.90499,130.468,5.70838,129.688,4.93036,130.001,5.1633,130.761,1
102,6120,79,27.8408,-14.8681,-28.5058,142.668,-27.9906,142.974,-28.1944,141.905,-29.0389,142.316,-28.7655,143.353,3
102,6120,81,21.8651,19.6792,9.31134,-2.85593,9.11075,-3.40084,8.82212,-2.66959,9.55265,-2.25295,9.79905,-3.01568,1
102,6120,97,18.5284,24.8146,-12.4881,16.5191,-12.5695,15.9024,-13.0255,16.5434,-12.3688,17.2088,-11.9449,16.5278,1
102,6120,98,-40.0311,-6.15239,15.5015,34.9405,15.5742,34.0215,14.8138,35.1005,15.4344,35.7231,16.2859,34.739,2
103,6180,1,-21.1968,15.3237,-68.1987,-66.7966,-67.6032,-66.8997,-68.2564,-68.4926,-68.775,-66.6321,-68.1315,-64.9292,1
103,6180,4,28.3975,-6.76482,1.41742,65.2358,1.16071,64.6676,0.794704,65.6201,1.68296,65.8548,1.97527,64.8854,1
103,6180,5,36.1905,2.21851,36.2207,78.6086,36.0088,77.7217,35.5159,79.1392,36.4521,79.6275,36.8459,78.1406,1
103,6180,6,34.8755,-7.96513,65.2816,110.881,65.4452,109.261,64.4162,110.803,65.062,112.644,66.0357,110.939,1
103,6180,7,-31.9839,-2.43137,66.4216,-146.15,67.1456,-145.522,66.4995,-147.814,65.7718,-146.68,66.3225,-144.318,1
103,6180,29,-15.4496,16.7359,-2.72954,-44.4435,-2.34339,-44.1499,-2.41415,-44.8446,-3.12403,-44.7209,-3.08396,-44.0172,1
103,6180,30,23.9978,-8.44602,14.8642,-11.6194,15.1856,-11.2077,15.2968,-12.0357,14.5327,-12.0602,14.4727,-11.2353,2
103,6180,35,29.4954,-17.6708,-15.5893,173.369,-15.9633,172.952,-16.1021,173.909,-15.2126,173.828,-15.1509,172.888,1
103,6180,37,-37.7295,-3.39974,56.9959,158.687,56.4066,157.772,56.7151,159.757,57.5033,159.506,57.2944,157.445,1
103,6180,40,-36.3007,8.50425,32.8181,1.86352,33.5376,2.04816,32.779,1.00666,32.1705,1.71967,32.8491,2.85437,1
103,6180,41,-16.912,13.0254,3.62028,24.8988,4.14137,24.9877,3.70008,24.3581,3.10725,24.8269,3.52118,25.4814,1
103,6180,48,32.5918,20.361,44.6264,-93.4272,44.8732,-94.4252,43.9849,-93.6151,44.3478,-92.2584,45.2186,-93.1992,3
103,6180,53,-29.0614,1.72601,32.595,36.3717,33.2634,36.4483,32.5503,35.6345,31.9834,36.3084,32.6402,37.1842,1
103,6180,59,6.24376,-21.8685,-5.56457,-121.886,-5.67459,-122.442,-6.16884,-121.889,-5.48248,-121.348,-5.00351,-121.906,1
103,6180,72,9.57398,24.8535,-32.5266,-59.1564,-32.7864,-59.7738,-33.0438,-58.9528,-32.214,-58.4979,-31.9797,-59.3311,1
103,6180,77,22.9163,-18.7281,35.0543,115.317,35.5824,115.547,35.3199,114.517,34.5211,115.054,34.8295,116.035,2
103,6180,79,-33.9292,-19.0973,-28.8117,150.331,-27.9313,150.61,-28.6936,149.615,-29.5551,150.069,-28.8981,151.111,1
103,6180,84,40.3981,5.8501,45.6674,129.259,46.3984,129.337,45.4606,128.176,44.8093,129.173,45.8261,130.214,1
104,6240,6,39.8861,-0.0143456,67.2437,121.33,67.5751,119.407,66.3077,121.08,66.8232,123.488,68.0478,121.58,1
104,6240,7,-36.7426,-2.39098,63.5075,-140.71,64.2883,-139.849,63.6286,-142.347,62.8209,-141.421,63.3576,-138.867,1
104,6240,13,-28.0295,-10.2603,32.1558,-110.235,32.8126,-110.267,32.0791,-110.87,31.5667,-110.215,32.2492,-109.557,1
104,6240,21,15.54,20.0103,-76.3727,-9.84727,-75.8478,-9.72586,-76.3121,-11.906,-76.9493,-9.90764,-76.4385,-7.77508,1
104,6240,22,34.1746,-8.20979,-66.7271,119.164,-66.9194,117.769,-67.3402,120.123,-66.5145,120.69,-66.1873,118.348,1
104,6240,29,-34.5555,6.76659,-5.39735,-42.262,-4.93078,-41.805,-5.07323,-42.8032,-5.82592,-42.6666,-5.76957,-41.648,1
104,6240,30,-24.2534,-19.3671,11.9198,-7.682,12.4076,-7.21281,12.2942,-8.05474,11.4979,-8.10968,11.5521,-7.28052,1
104,6240,38,-15.6051,-14.0927,82.2833,21.377,82.4193,25.3825,82.7546,20.4812,82.1365,17.7756,81.8076,22.2857,1
104,6240,39,-19.4749,3.50401,45.7157,-5.22218,46.0223,-4.62502,46.0943,-5.69184,45.4174,-5.78051,45.3087,-4.73099,1
104,6240,40,24.4052,5.86287,26.2017,-0.583326,26.771,-0.563455,26.1536,-1.23078,25.5809,-0.599619,26.2358,0.0261786,1
104,6240,41,-21.5163,-10.5757,2.6666,25.9694,3.27922,26.033,2.70605,25.4384,2.10611,25.902,2.63924,26.5238,1
104,6240,53,-24.9134,5.04852,29.3345,39.026,29.945,39.1019,29.3263,38.3436,28.7622,38.9648,29.3357,39.7706,1
104,6240,72,33.6873,0.834841,-32.2207,-55.9273,-32.4053,-56.6779,-32.8592,-55.501,-32.0113,-55.0879,-31.6461,-56.2986,4
104,6240,78,-23.3821,9.17248,-2.49947,136.873,-1.99009,137.153,-2.26702,136.336,-2.98906,136.618,-2.76151,137.458,1
104,6240,98,-23.5969,18.1451,21.2004,43.3604,21.2548,42.7708,20.5996,43.3195,21.1696,43.9339,21.8722,43.4264,3
105,6300,6,36.0822,-19.1652,68.3954,123.488,68.7197,121.775,67.4172,122.527,67.9842,125.244,69.218,124.308,2
105,6300,7,-36.9592,-10.9805,61.1138,-138.404,61.9871,-137.604,61.2338,-139.878,60.3671,-139.07,60.9861,-136.759,1
105,6300,15,34.4689,19.8458,-30.0041,-58.9022,-29.2653,-58.9449,-30.1423,-59.6354,-30.8732,-58.8261,-29.9053,-58.2173,2
105,6300,22,31.5852,-10.5802,-63.1914,120.593,-63.3976,119.449,-63.7845,121.381,-62.9727,121.829,-62.668,119.907,1
105,6300,29,-35.0874,1.78974,-8.64062,-41.8692,-8.1403,-41.4054,-8.34405,-42.4154,-9.08993,-42.2797,-8.97323,-41.2507,1
105,6300,33,-22.4572,0.961236,-78.3257,173.162,-78.7125,171.25,-78.6357,175.199,-77.9509,174.834,-77.9792,171.096,1
105,6300,35,-28.5333,-6.78139,-7.17817,167.072,-7.63057,166.624,-7.50524,167.507,-6.77303,167.478,-6.8333,166.597,1
105,6300,36,-20.9568,-10.8358,28.458,165.758,28.0146,165.343,28.1486,166.2,28.8583,166.149,28.7675,165.286,2
105,6300,37,37.2073,3.76591,65.9868,171.979,65.5765,170.698,65.5475,173.381,66.4442,173.498,66.3717,170.711,1
105,6300,40,33.3394,1.52721,23.0647,0.933274,23.7054,1.01368,22.9891,0.16824,22.3468,0.84201,23.1241,1.62108,1
105,6300,41,-26.1313,7.63227,-1.37622,29.5015,-0.794739,29.6301,-1.32173,28.9142,-1.92327,29.3917,-1.44263,30.1479,1
105,6300,47,14.496,15.1287,29.7204,-126.071,29.7095,-126.694,29.2,-126.066,29.7438,-125.399,30.237,-126.056,1
105,6300,48,-23.4283,7.1243,51.7969,-88.3806,52.0896,-89.1789,51.2846,-88.7683,51.5236,-87.6273,52.3509,-87.9392,1
105,6300,53,-26.035,-18.3541,28.4812,39.918,29.2428,39.8828,28.4624,39.2508,27.8086,39.9285,28.5262,40.6113,1
105,6300,66,-35.4347,7.55138,33.6827,75.1232,34.3497,75.3321,33.6846,74.3189,33.0798,74.9539,33.6686,76.0445,1
105,6300,68,-26.7831,-3.71718,-23.7327,118.609,-23.129,118.696,-23.7267,118.018,-24.2843,118.528,-23.7302,119.247,2
105,6300,72,29.9411,-13.919,-30.0129,-55.7036,-30.1783,-56.3671,-30.7262,-55.3785,-29.8546,-54.9884,-29.389,-55.9993,1
105,6300,76,36.4114,-2.30947,55.795,89.8114,56.481,89.9394,55.6614,88.399,55.0201,89.6566,55.8971,91.0571,1
105,6300,78,-25.0871,-1.51102,-4.96461,137.773,-4.40858,138.054,-4.76721,137.237,-5.47797,137.513,-5.17286,138.351,1
105,6300,81,28.7293,-8.97827,16.6077,1.36652,16.5173,0.811549,15.9863,1.55333,16.6901,1.96579,17.163,1.19097,2
105,6300,90,13.5754,-19.616,45.1105,128.969,45.5212,128.528,44.82,128.242,44.6887,129.374,45.3884,129.63,1
105,6300,98,-31.6816,3.62731,23.5085,44.3025,23.5977,43.5954,22.8953,44.3404,23.432,44.9451,24.1933,44.2612,3
106,6360,7,-39.7215,2.63228,56.3026,-133.877,57.0493,-132.905,56.5231,-135.303,55.6441,-134.671,56.0281,-132.231,1
106,6360,12,-15.8511,-13.2637,46.9487,-142.945,47.4499,-143.298,46.753,-143.604,46.4781,-142.638,47.1573,-142.278,1
106,6360,14,-37.6384,4.19131,-0.295417,-77.7849,0.423625,-77.5991,-0.317613,-78.4707,-0.932517,-77.9394,-0.270569,-76.9956,1
106,6360,15,36.9854,-3.56846,-31.1184,-58.3337,-30.4765,-58.2348,-31.214,-59.227,-31.8421,-58.4587,-31.0298,-57.5553,4
106,6360,19,28.2105,13.7214,1.72,101.901,1.6694,101.295,1.15327,102.019,1.78991,102.583,2.25712,101.809,1
106,6360,28,-21.1023,15.712,21.641,-48.8195,22.0328,-48.4708,21.9686,-49.2797,21.2479,-49.1414,21.2669,-48.3243,1
106,6360,29,32.6269,2.66816,-13.5198,-47.7321,-13.0736,-47.3368,-13.211,-48.3036,-14.0179,-48.1757,-13.8028,-47.2172,2
106,6360,40,-2.16474,-23.841,24.4462,4.52274,25.0205,4.4702,24.5342,3.91319,23.9086,4.54506,24.3856,5.10176,3
106,6360,45,-32.6831,7.9537,-19.8886,-175.982,-19.8137,-176.695,-20.5485,-175.913,-19.9408,-175.331,-19.1405,-176.052,1
106,6360,50,32.8722,8.4507,30.2151,-85.6795,30.2972,-86.4806,29.5125,-85.6084,30.1233,-84.7699,30.8561,-85.7274,1
106,6360,53,-27.5228,10.5542,23.5542,44.8544,24.1734,44.9819,23.587,44.1557,22.9713,44.7532,23.5037,45.6328,2
106,6360,59,16.7653,9.06836,4.94717,-113.012,4.88382,-113.564,4.40351,-112.926,5.0231,-112.421,5.47682,-113.084,1
106,6360,65,-22.2699,23.2053,52.252,40.5477,52.7756,40.3232,52.1141,39.5701,51.7418,40.8131,52.3748,41.6699,2
106,6360,66,-27.0137,15.8655,29.5716,77.3911,30.1265,77.5324,29.6449,76.6946,29.0396,77.2824,29.4691,78.1722,1
106,6360,67,-36.3735,6.08235,1.90458,100.081,2.57248,100.326,1.96392,99.4064,1.30486,99.8734,1.83259,100.854,1
106,6360,75,36.1545,-7.48222,63.8918,22.9994,64.2769,21.7377,63.1132,22.2992,63.435,24.3469,64.5666,23.629,1
106,6360,78,-33.741,-11.9331,-6.98919,139.469,-6.23921,139.811,-6.82381,138.851,-7.63676,139.162,-7.14732,140.152,1
106,6360,97,-22.9447,24.6956,1.1255,23.2687,1.1392,22.7111,0.48152,23.2219,1.14677,23.8219,1.85874,23.3486,1
106,6360,98,-18.4069,-7.36576,24.3738,47.3036,24.3915,46.691,23.8698,47.3006,24.349,47.8748,24.8972,47.2968,1
106,6360,99,-25.1416,-2.38272,45.2636,84.3755,45.52,83.6081,44.7527,84.1224,45.0221,85.0765,45.8134,84.6462,1
107,6420,0,19.4586,-16.5684,-50.4552,-103.239,-49.9301,-102.871,-50.1359,-104.194,-50.9795,-103.656,-50.7232,-102.35,1
107,6420,1,15.7268,18.2683,-76.2037,-21.6808,-75.8516,-23.7376,-76.6618,-23.1396,-76.5513,-19.2671,-75.7527,-20.2388,1
107,6420,5,-20.6895,7.61137,52.7926,78.0862,52.5993,77.1536,52.244,78.4629,52.9805,78.9791,53.3873,77.679,3
107,6420,12,35.6935,-11.9439,41.064,-141.111,41.6662,-141.276,40.7501,-142.096,40.394,-140.96,41.3369,-140.258,1
107,6420,13,-15.8462,12.906,21.8432,-101.133,22.3418,-101.098,21.8682,-101.686,21.3524,-101.152,21.8024,-100.538,1
107,6420,14,-24.5933,-0.72832,-3.79115,-77.0857,-3.22211,-77.0125,-3.78126,-77.616,-4.3188,-77.1526,-3.79878,-76.5152,1
107,6420,19,4.14648,23.1812,6.5841,102.902,6.50405,102.391,6.08266,102.911,6.69261,103.447,7.11021,102.917,1
107,6420,21,-14.107,24.5424,-79.2697,47.8609,-78.9471,45.8567,-79.6391,45.6722,-79.5629,50.1279,-78.8606,50.2049,1
107,6420,24,-24.7846,-7.63538,16.2112,133.354,15.8754,132.857,15.8208,133.69,16.5122,133.812,16.6183,132.988,1
107,6420,25,-18.3414,4.06874,52.4532,142.838,52.2104,142.123,52.0409,143.261,52.6857,143.526,52.8915,142.384,1
107,6420,27,31.2253,-17.0428,54.7925,-66.136,55.2649,-65.6416,55.1194,-67.2912,54.2995,-66.6901,54.5123,-65.1347,1
107,6420,28,35.9951,20.1395,16.2327,-53.62,16.8634,-53.2072,16.4663,-54.2525,15.4716,-54.0876,15.9848,-53.0538,1
107,6420,29,-30.5333,-23.3807,-13.7212,-41.9579,-13.0104,-41.572,-13.4463,-42.4553,-14.3184,-42.3089,-13.9744,-41.4182,1
107,6420,35,22.9392,8.32901,2.00101,170.696,1.61198,170.333,1.67452,171.116,2.42966,171.086,2.31911,170.302,1
107,6420,38,-17.3092,-14.6764,71.6332,1.9091,71.9522,3.40379,72.0451,1.05547,71.3398,0.555123,71.2194,2.78388,1
107,6420,39,-39.7429,3.56603,34.0748,-4.49154,34.4394,-3.65339,34.5629,-5.11629,33.744,-5.21004,33.5035,-3.77316,1
107,6420,40,-33.1691,-13.721,23.1302,10.0766,23.9385,10.1465,23.0928,9.40875,22.4294,10.0036,23.1924,10.8015,1
107,6420,41,-32.9544,-13.8785,-5.01457,32.9397,-4.21114,33.0242,-5.03142,32.3244,-5.71126,32.8538,-4.97075,33.6067,4
107,6420,46,-25.191,-1.80202,9.54649,-150.681,9.50423,-151.3,8.99787,-150.579,9.58455,-150.11,10.1361,-150.795,1
107,6420,50,30.8211,-5.757,31.8532,-84.1855,31.9728,-84.9069,31.1188,-84.2137,31.7064,-83.4019,32.5096,-84.1642,1
107,6420,62,38.0011,6.56574,1.11789,-77.7732,1.0637,-78.4778,0.424391,-77.5067,1.18434,-76.9568,1.73595,-77.9966,1
107,6420,66,-39.6528,2.22427,28.617,80.3503,29.3827,80.6248,28.6021,79.5356,27.9487,80.1239,28.631,81.2957,1
107,6420,78,-36.6002,-14.1838,-10.0197,140.892,-9.1758,141.264,-9.8727,140.228,-10.7326,140.562,-10.1518,141.634,1
107,6420,80,-28.741,9.48176,-4.45696,-16.4552,-4.55763,-17.0274,-5.00924,-16.2697,-4.34997,-15.9249,-3.83794,-16.654,1
107,6420,81,35.9384,-12.539,22.2861,5.52571,22.2473,4.87187,21.5072,5.74058,22.303,6.24963,22.9537,5.32813,1
107,6420,83,-33.7601,16.3291,62.8496,106.798,63.471,106.565,62.6092,105.399,62.2807,107.059,63.0953,108.461,2
107,6420,97,-15.7356,-9.7617,0.982867,23.8588,0.948344,23.31,0.486508,23.8866,1.00682,24.3728,1.49056,23.8191,2
108,6480,3,-25.4997,12.8831,-11.7878,54.5571,-12.0321,53.962,-12.3658,54.8781,-11.5369,55.113,-11.1369,54.2131,1
108,6480,5,-29.9232,-22.7538,53.4952,76.2792,53.0258,74.9331,52.924,76.7878,53.8633,77.4719,54.0686,75.6684,4
108,6480,13,-32.4642,11.204,20.2336,-97.2759,20.8513,-97.135,20.2445,-97.963,19.6627,-97.3864,20.2075,-96.4938,1
108,6480,14,-24.1798,-2.4794,-6.56116,-74.9821,-5.98889,-74.9185,-6.5557,-75.5097,-7.09046,-75.042,-6.56186,-74.4175,1
108,6480,19,-10.9686,15.6013,9.75321,103.733,9.72364,103.239,9.25015,103.748,9.79857,104.228,10.2913,103.732,1
108,6480,23,25.2218,-13.1946,-16.7567,131.963,-17.0241,131.51,-17.2706,132.325,-16.4896,132.447,-16.2997,131.629,1
108,6480,29,-33.9742,-19.4933,-17.7207,-40.9962,-17.0096,-40.5592,-17.4694,-41.5408,-18.3174,-41.3873,-17.9591,-40.3937,2
108,6480,35,0.0101561,-20.7664,3.18273,168.401,2.77088,168.092,2.80258,168.748,3.56177,168.71,3.53019,168.057,1
108,6480,40,21.6601,-5.34307,16.089,8.82722,16.6174,8.89719,16.1237,8.21191,15.5326,8.74588,16.0592,9.39773,2
108,6480,50,34.5515,2.7541,34.3747,-79.7084,34.5346,-80.5279,33.6187,-79.7054,34.1865,-78.7852,35.0501,-79.7016,1
108,6480,52,-38.8642,-11.1789,45.8693,17.8011,46.8371,17.6379,45.6014,16.8378,45.0494,17.9225,46.1874,18.8864,1
108,6480,54,-26.9677,22.0364,-11.225,73.1367,-10.6158,73.2631,-11.1059,72.4179,-11.8201,73.0495,-11.3847,73.9601,1
108,6480,65,-30.3952,-0.708562,50.3493,48.0401,50.9853,47.913,50.1761,47.1784,49.7731,48.1552,50.5361,48.9938,1
108,6480,66,-34.4981,12.5384,24.3435,82.7645,24.9693,82.9975,24.4163,82.018,23.7665,82.5754,24.243,83.6232,1
108,6480,72,28.1081,24.059,-15.6589,-50.5069,-16.021,-51.1726,-16.1916,-50.1735,-15.211,-49.7496,-15.1232,-50.792,1
108,6480,78,-31.0126,6.43797,-15.9251,142.274,-15.3444,142.618,-15.7127,141.638,-16.4618,141.968,-16.1656,142.988,1
108,6480,83,-35.5403,-6.82123,62.4192,109.534,63.1443,109.141,62.143,108.367,61.7835,109.853,62.7274,110.846,1
108,6480,97,31.4727,-12.6449,0.466002,29.0891,0.517501,28.5091,-0.277859,29.1135,0.389496,29.7136,1.1189,29.0568,2
109,6540,4,26.2268,20.8086,25.8517,71.0048,25.4819,70.3156,25.3154,71.3888,26.2915,71.7847,26.3867,70.6627,2
109,6540,5,15.8766,-11.3039,56.1821,87.3914,56.0505,86.4245,55.5749,87.6243,56.2945,88.391,56.7445,87.1488,2
109,6540,14,-31.6944,21.5585,-10.6801,-70.3862,-10.0815,-70.2507,-10.5985,-71.1048,-11.252,-70.4802,-10.7966,-69.5487,2
109,6540,19,-38.9294,7.82296,14.2157,103.363,14.3192,102.59,13.4968,103.487,14.1381,104.046,15.0567,103.223,1
109,6540,26,-25.7884,19.4766,79.0689,-88.9921,79.6012,-88.5303,79.1176,-92.146,78.5514,-89.2695,78.9563,-85.4833,1
109,6540,32,15.471,19.9881,-81.4926,-40.1859,-81.2906,-36.8759,-81.0164,-41.1546,-81.6989,-43.9458,-81.9747,-39.2546,1
109,6540,34,-12.4579,13.9289,-26.0755,168.511,-26.4237,168.139,-26.4212,168.908,-25.7178,168.868,-25.6958,168.1,1
109,6540,40,-38.7768,11.2391,15.6536,17.1428,16.3872,17.421,15.6927,16.3257,14.9957,16.92,15.5933,18.1055,1
109,6540,47,33.1394,18.4767,38.0756,-110.817,38.1924,-111.748,37.412,-110.82,37.95,-109.729,38.6913,-110.773,1
109,6540,50,30.5435,-14.2462,35.9252,-78.4906,36.0864,-79.2247,35.1392,-78.659,35.7235,-77.7152,36.6162,-78.3564,1
109,6540,62,37.7453,2.43902,6.93451,-74.1669,6.90944,-74.8536,6.218,-73.926,6.96037,-73.3786,7.56684,-74.372,1
109,6540,65,-38.755,-4.61859,49.3325,53.0179,50.1554,52.9795,49.1182,52.0392,48.6228,53.0487,49.5786,54.1375,1
109,6540,66,-33.3574,-7.28184,22.8619,83.5219,23.5715,83.6766,22.8667,82.8758,22.2368,83.3815,22.8672,84.2335,1
109,6540,72,38.4364,11.4849,-13.8163,-48.5169,-14.1024,-49.2862,-14.4395,-48.018,-13.466,-47.6167,-13.2479,-48.9385,2
109,6540,75,-37.7686,2.03281,72.7594,54.7098,73.4984,53.5437,72.2757,52.8942,72.1094,55.6791,73.2961,56.9136,1
109,6540,78,-35.2967,-10.334,-17.4688,143.364,-16.6978,143.723,-17.3248,142.693,-18.1326,143.043,-17.6048,144.113,1
109,6540,82,29.196,5.35716,55.5297,46.8679,55.7255,45.9175,54.9477,46.6685,55.3076,47.912,56.0642,47.0715,1
109,6540,83,-33.0722,22.2062,58.5559,120.719,59.174,120.77,58.4918,119.335,57.9747,120.742,58.5882,122.359,1
109,6540,97,37.6422,-12.0876,2.6231,31.9845,2.72645,31.3379,1.74729,32.042,2.4826,32.7026,3.36915,31.9256,2
110,6600,1,33.8203,2.48383,-73.8861,15.4581,-73.7841,12.9334,-74.6553,15.7718,-73.9663,18.337,-73.1963,15.2276,1
110,6600,2,30.6779,21.505,-39.6869,51.4899,-40.1002,50.6047,-40.233,52.0306,-39.1737,52.493,-39.1442,51.0266,1
110,6600,19,-31.8911,-14.4215,14.7158,104.832,14.6503,104.057,14.1527,104.946,14.7585,105.509,15.318,104.683,2
110,6600,26,-28.4329,11.4891,76.7986,-79.3653,77.3292,-78.5037,76.9049,-81.8696,76.2947,-80.0511,76.6412,-76.6249,1
110,6600,31,-29.1549,4.96325,-49.0694,-11.1305,-48.7038,-10.4158,-48.6774,-11.7623,-49.4084,-11.791,-49.5016,-10.4227,1
110,6600,32,-25.0477,24.3031,-86.8712,-22.1197,-86.5645,-14.1365,-86.2967,-26.897,-87.1336,-31.1697,-87.5059,-14.4819,1
110,6600,40,-33.3489,-2.02245,13.4042,17.6957,14.1135,17.8539,13.4042,17.0437,12.7718,17.5567,13.409,18.4216,1
110,6600,50,33.0666,-23.0506,37.1271,-75.8467,37.3209,-76.6257,36.1892,-76.1904,36.872,-75.043,37.9225,-75.5792,1
110,6600,52,-28.8894,19.3208,37.9575,27.6685,38.5939,27.7326,37.946,26.7605,37.3506,27.6479,37.9403,28.7121,1
110,6600,53,-23.66,-2.02629,12.7546,52.7415,13.3707,52.837,12.7831,52.1578,12.1836,52.6532,12.7272,53.3662,1
110,6600,62,32.1103,16.406,11.5581,-71.8943,11.4491,-72.5744,10.9677,-71.6963,11.6984,-71.1125,12.1147,-72.0546,1
110,6600,65,22.2456,-19.846,43.1577,50.6266,43.6769,50.5198,43.1047,49.7228,42.6244,50.6987,43.2168,51.4325,2
110,6600,66,-33.4327,-12.7741,20.2932,85.3381,21.0524,85.4682,20.2981,84.7082,19.6339,85.2147,20.3072,86.0248,1
110,6600,71,-29.2607,8.88252,-40.7031,-71.4672,-40.7762,-72.3058,-41.3172,-71.234,-40.6162,-70.694,-40.0134,-71.713,1
110,6600,72,39.0361,1.88257,-11.3915,-47.7492,-11.605,-48.4853,-12.0885,-47.2591,-11.1455,-46.8974,-10.7796,-48.1666,1
110,6600,78,-36.4596,-17.5563,-20.0133,144.502,-19.1063,144.843,-19.8868,143.804,-20.772,144.194,-20.1127,145.276,1
110,6600,80,3.17145,24.8907,5.44104,-8.79715,5.24473,-9.27143,4.95347,-8.68292,5.67524,-8.29614,5.96252,-8.89249,1
110,6600,82,33.9271,15.7445,56.9996,55.1067,57.2792,53.9589,56.3845,54.8331,56.6768,56.4284,57.559,55.4112,2
110,6600,85,14.9757,16.0432,-5.44694,169.496,-4.95151,169.628,-5.31485,169.023,-5.98702,169.368,-5.59453,169.963,1
110,6600,96,27.1929,22.3354,-17.3129,10.9624,-17.3732,10.262,-17.8906,11.0388,-17.2166,11.7651,-16.7509,10.9237,1
110,6600,97,36.8085,-10.2858,5.60466,34.401,5.70259,33.7608,4.76958,34.4599,5.47391,35.1116,6.32268,34.3423,2
111,6660,23,-37.1998,4.44186,-2.91603,127.704,-3.21968,127.064,-3.41001,128.138,-2.63814,128.266,-2.34801,127.207,3
111,6660,26,26.8145,17.5964,70.4174,-84.7539,71.0115,-84.5899,70.4173,-86.3839,69.7442,-84.8788,70.3806,-83.2006,2
111,6660,32,2.94123,-22.5328,-85.3106,-52.1111,-85.1872,-46.0426,-84.7761,-51.9414,-85.3551,-58.1412,-85.8113,-52.0217,1
111,6660,46,-7.74516,23.459,21.9527,-138.809,21.8957,-139.374,21.4001,-138.825,22.0368,-138.225,22.5518,-138.765,1
111,6660,49,27.0168,22.8419,31.3131,-9.03775,31.9991,-9.1579,31.2085,-9.72649,30.5262,-8.87231,31.3761,-8.36294,2
111,6660,52,-28.181,8.2702,36.2017,29.6545,36.8413,29.7159,36.1538,28.867,35.606,29.6144,36.2415,30.5325,1
111,6660,58,23.5419,16.473,-8.35505,-123.931,-8.45066,-124.565,-8.93328,-123.81,-8.22987,-123.227,-7.79255,-124.025,1
111,6660,62,38.8375,3.31833,12.9981,-69.9066,12.9899,-70.6303,12.2601,-69.6595,13.0041,-69.0692,13.6465,-70.1149,1
111,6660,73,-6.08207,-20.9886,25.2969,-38.4559,25.0188,-39.024,24.775,-38.2733,25.5358,-37.9135,25.7928,-38.6577,1
111,6660,76,30.1314,9.93925,37.2935,110.663,37.9173,110.912,37.3798,109.855,36.5878,110.4,37.1931,111.406,12
111,6660,78,-39.2173,-5.55427,-24.529,146.956,-23.7153,147.392,-24.411,146.168,-25.224,146.577,-24.643,147.862,1
111,6660,80,28.4675,19.541,7.47877,-5.33232,7.26275,-5.9372,6.96006,-5.09626,7.74372,-4.64604,7.98432,-5.53229,1
111,6660,94,-36.8736,-1.032,-43.3828,-69.0035,-42.7551,-69.6114,-43.8985,-69.5886,-43.929,-68.4562,-42.7898,-68.3581,1
111,6660,96,-10.3218,16.8903,-12.7842,10.3746,-12.7857,9.86386,-13.2998,10.3529,-12.7635,10.8904,-12.2328,10.4145,1
111,6660,97,-28.339,24.2639,15.3668,34.7281,15.4273,34.1147,14.6642,34.6706,15.3447,35.3246,16.1822,34.8233,1
112,6720,2,31.8974,19.3401,-32.8192,53.7159,-33.2298,52.9068,-33.3621,54.2459,-32.3142,54.6361,-32.2872,53.2587,1
112,6720,3,-4.44912,24.7303,3.10192,59.9592,2.78279,59.478,2.55987,60.204,3.46384,60.45,3.70008,59.7208,1
112,6720,4,26.9485,-0.144828,34.1905,73.72,33.9692,73.0184,33.5944,74.1089,34.4238,74.489,34.738,73.3607,1
112,6720,6,-33.1357,-13.2715,69.5741,-153.429,70.4393,-153.006,69.5757,-155.339,68.8249,-153.802,69.5752,-151.346,1
112,6720,12,-39.9404,2.19097,36.2545,-115.019,37.0569,-114.903,36.1012,-115.889,35.5575,-115.107,36.4277,-114.005,1
112,6720,21,38.2045,-11.7425,-72.5738,113.117,-72.7108,111.064,-73.3175,114.445,-72.4181,115.397,-71.9376,112.042,1
112,6720,25,35.0831,-8.39023,67.0973,164.668,67.0675,163.15,66.381,165.111,67.098,166.353,67.7204,164.244,1
112,6720,28,-31.6731,18.0021,-1.07045,-45.3477,-0.651111,-44.9282,-0.674008,-45.8711,-1.48137,-45.7213,-1.54245,-44.7544,1
112,6720,32,37.7691,7.00556,-82.9126,-126.516,-83.5759,-124.839,-82.5041,-121.815,-82.1393,-128.137,-83.2188,-131.182,1
112,6720,35,-21.6927,-13.6472,18.7914,164.633,18.3269,164.237,18.475,165.045,19.206,165.004,19.1049,164.193,1
112,6720,36,-25.6605,6.44258,56.3686,159.275,55.9512,158.613,56.0547,160.078,56.7621,159.897,56.7106,158.385,1
112,6720,39,-16.5301,12.019,14.7232,-10.2829,15.0358,-9.88587,15.1077,-10.6249,14.4066,-10.6618,14.3017,-9.92458,1
112,6720,52,27.6127,-5.8379,30.5655,27.0007,31.1595,27.0173,30.4949,26.2076,29.9254,26.9709,30.6293,27.7194,1
112,6720,54,32.9312,2.84486,-24.9891,76.1377,-24.3253,76.2517,-25.0308,75.338,-25.7343,76.0078,-24.9552,76.8579,1
112,6720,58,28.0455,19.8255,-5.37881,-121.132,-5.50069,-121.833,-5.98968,-120.977,-5.21604,-120.331,-4.78784,-121.248,1
112,6720,61,-33.1719,18.4961,-7.79401,-93.8734,-7.77562,-94.5129,-8.49604,-93.7811,-7.78043,-93.2787,-6.9733,-93.961,1
112,6720,72,35.6767,-1.63714,-4.56371,-46.2117,-4.75962,-46.8656,-5.23691,-45.805,-4.34911,-45.4724,-3.96923,-46.5674,1
112,6720,73,7.6316,-23.2196,28.0312,-35.8776,27.7865,-36.4453,27.437,-35.7201,28.2405,-35.3169,28.5728,-36.0498,1
112,6720,76,31.9139,-18.4769,36.5822,110.562,37.1508,110.864,36.8588,109.551,35.9869,110.206,36.3539,111.434,4
112,6720,78,-16.4224,12.1519,-30.7232,146.583,-30.2252,146.816,-30.5273,145.984,-31.2158,146.368,-30.9422,147.225,1
112,6720,96,28.5785,-3.47713,-13.844,14.1293,-13.8078,13.548,-14.4826,14.1827,-13.8885,14.7606,-13.2644,14.0796,1
113,6780,0,-12.4252,19.6852,-69.9442,-66.8936,-69.3881,-67.172,-70.0012,-68.6314,-70.5021,-66.5223,-69.8847,-65.0067,2
113,6780,4,34.9386,-16.8553,35.3837,75.4671,35.2148,74.6492,34.4822,75.9043,35.5264,76.3737,36.1426,75.0687,1
113,6780,6,-35.8213,0.902395,65.2155,-145.394,65.9634,-144.555,65.328,-147.13,64.5486,-146.083,65.0678,-143.438,2
113,6780,12,-21.1203,16.4386,31.2276,-112.524,31.7529,-112.51,31.2237,-113.18,30.7157,-112.515,31.2123,-111.8,1
113,6780,18,36.7331,4.00638,-6.84173,94.2172,-6.82599,93.5421,-7.54419,94.3962,-6.85783,94.9901,-6.21647,94.068,1
113,6780,21,32.5527,-24.1233,-69.9433,113.544,-70.1227,111.952,-70.7567,114.368,-69.7783,115.232,-69.2601,112.837,1
113,6780,23,30.2255,-22.3538,0.892434,134.213,0.613475,133.738,0.209942,134.598,1.15388,134.729,1.46891,133.865,1
113,6780,26,-7.70105,-20.7456,68.3481,-71.8417,68.8658,-71.4868,68.5436,-73.0711,67.8706,-72.2047,68.1687,-70.6463,1
113,6780,28,-31.2387,-9.71978,-2.15337,-45.4784,-1.60897,-45.0741,-1.88988,-45.9629,-2.63144,-45.8431,-2.42563,-44.9455,1
113,6780,32,-33.8445,-0.289209,-84.0793,163.222,-84.4398,157.456,-84.4703,167.858,-83.7104,167.758,-83.6052,158.712,2
113,6780,39,-30.6107,-15.0894,13.37,-9.1541,13.8645,-8.61034,13.7411,-9.57875,12.9451,-9.63805,12.9897,-8.68546,1
113,6780,40,-24.1902,22.2703,1.91004,24.6792,2.47396,24.7975,2.04543,24.0372,1.35198,24.5951,1.73204,25.4046,2
113,6780,46,21.0719,4.16822,24.4344,-133.008,24.4358,-133.604,23.8763,-132.96,24.4332,-132.368,24.9636,-133.047,1
113,6780,47,-27.4796,1.18928,49.7937,-100.037,50.0438,-100.929,49.2332,-100.277,49.5609,-99.2217,50.4055,-99.7698,1
113,6780,52,-33.6842,3.1268,31.8186,35.7595,32.5478,35.8937,31.7661,34.9579,31.1625,35.6502,31.8717,36.6644,1
113,6780,59,22.3615,-19.6063,22.3088,-98.5814,22.3065,-99.1995,21.5875,-98.6326,22.2802,-97.9503,22.9525,-98.5559,1
113,6780,61,-23.069,13.089,-5.97634,-91.401,-6.0197,-91.941,-6.53042,-91.3159,-5.91804,-90.8845,-5.36351,-91.4824,1
113,6780,71,34.317,17.8198,-32.4666,-58.1617,-32.7711,-59.0045,-33.0427,-57.6973,-32.0844,-57.1904,-31.9169,-58.5527,1
113,6780,72,35.5337,-16.954,-2.70697,-45.7537,-2.87176,-46.389,-3.56117,-45.3939,-2.55964,-45.0508,-1.98761,-46.0736,1
113,6780,73,33.6939,2.05857,32.4027,-30.1455,32.2627,-30.9149,31.7425,-29.7859,32.5533,-29.277,32.9964,-30.4653,1
113,6780,78,-29.7082,3.63962,-32.7731,149.398,-32.17,149.714,-32.62,148.681,-33.3276,149.113,-32.9395,150.195,1
113,6780,80,28.2765,19.625,14.1457,-2.1299,13.94,-2.75023,13.6239,-1.90029,14.398,-1.42549,14.6542,-2.32357,3
113,6780,83,30.6029,7.41564,45.1851,130.127,45.7775,130.167,45.1035,129.278,44.5216,130.092,45.2435,130.912,1
113,6780,97,35.8326,-12.4507,13.5909,41.4728,13.704,40.8359,12.7566,41.4798,13.4406,42.1712,14.3086,41.4561,2
114,6840,6,-32.3985,-4.95776,62.2735,-143.438,63.0016,-142.778,62.3984,-144.852,61.6252,-144.002,62.1306,-141.886,1
114,6840,12,-25.3941,-9.37671,30.5816,-111.234,31.2007,-111.258,30.5241,-111.842,30.0197,-111.222,30.6525,-110.591,1
114,6840,19,-31.1352,7.54047,27.3961,116.546,27.4762,115.851,26.7865,116.581,27.3312,117.185,28.0808,116.512,3
114,6840,21,40.0236,-7.08766,-64.9268,119.883,-65.1424,118.394,-65.6007,121.105,-64.6783,121.568,-64.3469,118.883,1
114,6840,23,33.1566,21.7864,8.97714,135.721,8.53515,135.157,8.54958,136.162,9.51413,136.372,9.40202,135.333,1
114,6840,24,17.732,9.7918,43.1114,142.162,42.855,141.58,42.7002,142.53,43.391,142.787,43.515,141.813,1
114,6840,28,-22.0131,-11.5326,-5.97961,-46.043,-5.49991,-45.7212,-5.71532,-46.4618,-6.41258,-46.3454,-6.24265,-45.599,1
114,6840,32,-30.3323,-0.717836,-80.3394,166.889,-80.7352,163.916,-80.691,169.586,-79.9589,169.371,-79.9329,164.13,1
114,6840,35,22.6728,6.89118,28.4078,167.777,28.0288,167.364,28.0739,168.248,28.8215,168.225,28.7294,167.335,1
114,6840,37,23.407,16.5825,78.718,-9.4644,79.1013,-7.26856,79.08,-11.4849,78.2621,-11.6834,78.3416,-7.7062,1
114,6840,38,-31.0571,20.5154,41.8666,-6.59898,42.158,-5.89793,42.4197,-7.13514,41.5607,-7.2337,41.2092,-6.0116,1
114,6840,39,-39.2534,-10.876,9.22667,-8.52096,9.76888,-7.82202,9.61947,-9.05421,8.77196,-9.11715,8.80047,-7.90585,1
114,6840,51,28.07,22.5497,44.4039,-0.592391,45.0621,-1.05326,44.0968,-1.36408,43.6511,-0.0391231,44.6615,0.182449,1
114,6840,52,-30.5829,3.13564,28.8221,38.1321,29.5019,38.2495,28.7977,37.3979,28.2017,38.0344,28.8439,38.9486,1
114,6840,67,-19.0989,-4.382,-22.7371,114.367,-22.1979,114.433,-22.7051,113.828,-23.2423,114.302,-22.7629,114.933,1
114,6840,71,37.2635,14.2262,-29.484,-56.4662,-29.7741,-57.3205,-30.0916,-55.9484,-29.1213,-55.4715,-28.9202,-56.9008,1
114,6840,74,35.6974,-19.0282,60.7985,6.76253,61.048,5.50851,59.8717,6.23999,60.4779,8.07314,61.5831,7.19008,1
114,6840,77,-19.2026,-1.80983,-3.15968,134.153,-2.64318,134.399,-2.95992,133.657,-3.64575,133.92,-3.36678,134.677,1
114,6840,80,-27.9448,-24.03,16.1251,-7.22902,15.8035,-7.96455,15.6072,-7.03352,16.3802,-6.5839,16.6454,-7.46746,1
114,6840,89,-31.668,19.3069,-11.6306,-22.5328,-11.6967,-23.1436,-12.2887,-22.3697,-11.5381,-21.9637,-10.8627,-22.7012,1
114,6840,97,3.20713,23.59,20.9781,44.3333,20.9513,43.7724,20.4663,44.2809,21.0293,44.9335,21.5144,44.4162,1
114,6840,98,36.335,-19.6588,36.6873,76.2196,36.9921,75.5236,35.8137,75.7888,36.3162,76.9484,37.4266,76.5676,1
115,6900,4,37.377,5.55729,44.5337,80.7651,44.352,79.6933,43.8036,81.3361,44.7336,82.0129,45.1831,80.2661,1
115,6900,6,-27.3877,-24.2387,60.6481,-143.434,61.5325,-143.077,60.8154,-144.688,59.8926,-143.775,60.5062,-142.135,2
115,6900,8,-17.0438,-23.0204,-8.61707,-117.096,-7.94271,-116.825,-8.30808,-117.607,-9.21183,-117.361,-8.89469,-116.572,1
115,6900,18,22.3802,-9.98559,-1.01466,96.5084,-1.02812,95.9978,-1.60474,96.5482,-1.01325,97.0431,-0.474878,96.4639,1
115,6900,27,34.1787,3.38916,23.4966,-56.8989,23.9742,-56.484,23.7761,-57.5481,22.9563,-57.3625,23.2369,-56.3213,1
115,6900,28,-35.4292,-8.06022,-9.6668,-44.1399,-9.08292,-43.676,-9.4054,-44.6833,-10.1725,-44.5503,-9.94254,-43.5288,1
115,6900,32,-39.4072,10.7998,-75.2548,161.833,-75.5828,159.172,-75.774,163.979,-74.9231,164.047,-74.6125,159.514,2
115,6900,34,33.8408,23.0717,-1.84028,170.108,-2.43184,169.646,-2.16407,170.65,-1.12261,170.637,-1.50344,169.622,1
115,6900,35,38.5104,-7.33743,30.848,169.579,30.4681,168.964,30.3273,170.32,31.261,170.292,31.2887,168.934,1
115,6900,38,-21.3213,-13.9828,41.5133,-8.291,41.9128,-7.6995,41.8854,-8.74171,41.1558,-8.83361,41.1385,-7.81399,1
115,6900,39,22.5416,8.00806,3.83636,-14.9661,4.18707,-14.57,4.2001,-15.3525,3.44974,-15.392,3.48333,-14.6059,1
115,6900,45,-27.4595,-7.92652,4.62303,-156.894,4.55414,-157.56,4.06832,-156.774,4.67851,-156.291,5.2151,-157.034,1
115,6900,47,-23.0646,-0.0495553,52.0693,-89.306,52.3647,-90.1319,51.5735,-89.678,51.7899,-88.5441,52.6,-88.9009,1
115,6900,49,-29.9666,-17.4687,27.5369,3.23729,28.3234,3.23602,27.5052,2.57533,26.8513,3.22017,27.5959,3.93819,1
115,6900,51,-34.6034,-4.11484,49.8948,4.27201,50.6707,3.99597,49.6006,3.33624,49.2105,4.50649,50.2243,5.32327,1
115,6900,57,-38.6673,4.30359,-20.9174,-145.015,-20.7709,-145.902,-21.6838,-144.901,-21.0298,-144.235,-20.027,-145.145,1
115,6900,65,-28.4651,21.558,30.6473,74.3633,31.215,74.5132,30.7536,73.5964,30.0962,74.2576,30.4966,75.2406,1
115,6900,97,-25.5404,2.248,24.15,43.6388,24.2091,43,23.5973,43.6509,24.097,44.2323,24.7503,43.6259,1
116,6960,1,26.1507,-17.1696,-56.3761,39.8004,-56.5518,38.7461,-57.1213,40.2364,-56.2098,40.9063,-55.721,39.3999,1
116,6960,4,-8.55493,22.9262,51.5206,77.1077,51.2942,76.2713,50.9449,77.3703,51.7754,77.9642,52.1532,76.8556,1
116,6960,14,30.2126,8.3582,-32.6124,-57.4956,-32.0087,-57.5009,-32.7178,-58.2077,-33.2886,-57.4812,-32.5238,-56.8373,1
116,6960,18,36.8954,4.72007,1.84583,100.901,1.8633,100.224,1.14291,101.078,1.82713,101.677,2.47189,100.754,1
116,6960,28,27.0825,9.26141,-16.0198,-49.1824,-15.574,-48.8347,-15.7456,-49.6839,-16.5178,-49.5629,-16.2861,-48.7175,1
116,6960,49,-29.0882,-24.5229,25.2735,5.09895,26.1368,5.03657,25.2744,4.43826,24.5346,5.1252,25.3118,5.78196,1
116,6960,51,-34.8877,1.77475,47.7793,9.89102,48.5425,9.77147,47.5384,8.92243,47.1007,10.0043,48.0442,10.9963,1
116,6960,52,-32.7615,15.041,22.4019,44.3897,23.0687,44.5817,22.4586,43.5935,21.7799,44.2414,22.3154,45.3068,3
116,6960,59,29.958,16.4515,32.0361,-86.3586,32.0802,-87.1916,31.3863,-86.3109,31.9967,-85.4046,32.6475,-86.3723,1
116,6960,64,-22.0072,3.86645,52.2076,38.0272,52.732,37.801,52.0275,37.2268,51.7135,38.2443,52.3929,38.8968,1
116,6960,65,-32.904,-23.1381,31.6536,73.9439,32.5394,73.9298,31.6362,73.2463,30.9046,73.9302,31.7095,74.6815,1
116,6960,77,-18.1009,7.14619,-10.9843,136.613,-10.4928,136.859,-10.7713,136.103,-11.4612,136.383,-11.2172,137.157,1
116,6960,81,33.9182,-18.3314,48.4074,29.7178,48.5353,28.8583,47.5925,29.5599,48.2314,30.6285,49.1064,29.8321,2
116,6960,82,-30.4899,18.1603,63.1514,100.787,63.7205,100.447,62.9049,99.4554,62.622,101.15,63.4018,102.359,2
116,6960,86,29.2742,14.4225,-54.9716,-152.487,-54.3599,-152.55,-55.0768,-153.479,-55.6631,-152.389,-54.8851,-151.554,1
116,6960,97,2.88417,-20.4688,23.4536,46.7033,23.4364,46.132,22.9194,46.6146,23.4476,47.2508,23.9598,46.7663,1
117,7020,0,33.7496,23.3526,-77.7944,-11.707,-77.4476,-15.4613,-78.4997,-12.6102,-78.1101,-6.9201,-77.1435,-10.7429,1
117,7020,2,-37.1932,-11.2906,-16.2652,49.199,-16.6751,48.2896,-16.8321,49.6692,-15.9208,49.9758,-15.6463,48.6543,1
117,7020,4,-22.1656,-13.4408,52.0894,74.8043,51.7908,73.7875,51.5645,75.2074,52.3408,75.7467,52.6242,74.3465,1
117,7020,12,-29.6154,-18.0519,23.5452,-103.315,24.2921,-103.343,23.5048,-103.923,22.893,-103.309,23.6132,-102.675,1
117,7020,13,16.2222,8.85205,-8.18829,-80.5051,-7.68565,-80.4691,-8.17141,-81.0114,-8.72551,-80.5358,-8.21387,-80.013,1
117,7020,17,25.5931,-2.84063,-22.1119,77.4732,-22.0925,76.8985,-22.701,77.5233,-22.1358,78.0909,-21.5702,77.4264,1
117,7020,18,18.2323,11.1843,6.4314,101.884,6.38778,101.362,5.92542,101.948,6.48802,102.447,6.92441,101.835,2
117,7020,22,-27.236,-19.7467,-18.3616,124.541,-18.8028,123.966,-18.7772,124.885,-17.9866,125.055,-17.9458,124.162,1
117,7020,23,-18.5985,-19.5431,17.0996,131.61,16.705,131.14,16.6958,131.91,17.4426,132.049,17.4927,131.287,1
117,7020,27,23.2647,18.3971,14.9461,-54.361,15.431,-54.0525,15.2047,-54.8303,14.3941,-54.6887,14.6744,-53.9181,1
117,7020,28,-40.0266,-9.29137,-16.817,-42.585,-16.1363,-42.0261,-16.5693,-43.2232,-17.3894,-43.0671,-17.0775,-41.8488,1
117,7020,31,-2.92937,18.6365,-76.4745,-24.2705,-76.1875,-22.6441,-76.0573,-25.3166,-76.7758,-25.983,-76.9188,-23.1645,1
117,7020,40,-31.551,10.3039,-8.44625,32.9798,-7.81433,33.1445,-8.39989,32.3141,-9.03172,32.844,-8.50702,33.7336,2
117,7020,45,13.4045,22.8679,10.4937,-147.82,10.38,-148.394,9.96396,-147.767,10.6412,-147.193,11.036,-147.846,1
117,7020,49,-36.8625,-7.21932,21.6377,9.62691,22.4613,9.78192,21.5877,8.9089,20.9254,9.48961,21.7067,10.4325,1
117,7020,52,-34.5909,-0.827427,21.0513,45.6993,21.8102,45.8683,21.0284,44.9693,20.3774,45.5541,21.0793,46.5198,3
117,7020,58,-26.6604,-8.78939,10.2887,-116.856,10.2178,-117.555,9.71536,-116.741,10.344,-116.224,10.8977,-116.994,1
117,7020,64,-30.473,5.26784,51.0586,44.0429,51.6759,43.9294,50.8834,43.1384,50.4938,44.1578,51.2423,45.0601,1
117,7020,65,-28.5203,5.83451,25.9976,78.0942,26.5786,78.2462,26.0397,77.4523,25.4581,77.9645,25.9434,78.8036,1
117,7020,66,-34.9185,9.65248,-3.14414,100.636,-2.51073,100.867,-3.06605,99.9666,-3.72251,100.442,-3.24158,101.403,1
117,7020,67,-39.2985,-6.70124,-29.399,123.713,-28.5493,123.822,-29.5155,122.946,-30.1257,123.615,-29.2448,124.581,1
117,7020,82,-33.2793,-1.1272,62.6991,104.608,63.3497,104.237,62.4302,103.457,62.1169,104.929,62.9915,105.909,1
117,7020,96,22.7609,2.08876,0.776208,25.797,0.77805,25.2635,0.217114,25.8495,0.774735,26.3706,1.30112,25.7516,1
118,7080,3,19.3201,2.58917,21.857,66.4279,21.602,65.8751,21.3422,66.7513,22.1277,67.0179,22.3475,66.1227,1
118,7080,4,26.981,2.74722,54.7021,86.0875,54.5849,85.0181,54.068,86.4469,54.8203,87.265,55.2888,85.7555,1
118,7080,12,-35.1413,16.289,18.6047,-97.7302,19.2442,-97.5464,18.6457,-98.4884,18.0126,-97.8694,18.5362,-96.8453,1
118,7080,13,-37.5542,13.2591,-8.18393,-73.896,-7.50127,-73.6954,-8.16899,-74.6429,-8.8027,-74.0535,-8.21259,-73.0187,1
118,7080,18,17.1609,-18.8434,7.32339,102.291,7.28514,101.781,6.72287,102.275,7.33917,102.804,7.86996,102.288,1
118,7080,28,-29.1304,-10.0042,-20.882,-43.4684,-20.3461,-43.0781,-20.6308,-43.9723,-21.3558,-43.8265,-21.1372,-42.918,1
118,7080,46,31.827,2.79765,36.0306,-117.103,36.1701,-117.865,35.3524,-117.127,35.8693,-116.257,36.6448,-117.074,1
118,7080,49,-40.2505,-2.72618,18.6755,12.6626,19.5401,12.9011,18.6219,11.8825,17.9342,12.4627,18.7449,13.564,1
118,7080,51,-25.0897,20.9678,41.365,19.4213,41.9699,19.3982,41.3252,18.5134,40.779,19.4854,41.3781,20.457,1
118,7080,52,-27.0619,-23.9574,19.5232,45.5096,20.3757,45.4712,19.5485,44.8647,18.7873,45.517,19.5356,46.173,1
118,7080,61,-19.8673,18.9809,9.79394,-81.1758,9.73342,-81.7025,9.23056,-81.1135,9.87582,-80.6596,10.4204,-81.2262,1
118,7080,64,-34.7469,16.1134,48.7098,50.6597,49.3675,50.7163,48.602,49.5916,48.1057,50.649,48.8065,51.9142,1
118,7080,77,-27.0785,4.47442,-17.379,139.868,-16.8243,140.169,-17.179,139.276,-17.8964,139.594,-17.5994,140.518,1
118,7080,80,30.8338,18.2662,30.083,7.59679,29.9372,6.85644,29.5248,7.82635,30.2639,8.44743,30.6162,7.40828,1
118,7080,81,29.1347,-4.70776,54.1819,40.422,54.3587,39.5355,53.5644,40.2205,53.975,41.371,54.7403,40.6049,1
118,7080,82,-30.1038,8.67036,60.1148,112.693,60.7077,112.575,59.9552,111.549,59.568,112.822,60.2746,113.99,1
118,7080,89,-36.7256,-9.95377,-0.612448,-18.2791,-0.811159,-19.0524,-1.16335,-17.9965,-0.44804,-17.6103,-0.0071069,-18.6111,1
118,7080,93,39.1552,1.26049,-49.8768,-85.6374,-49.2226,-86.0814,-50.4125,-86.5859,-50.632,-85.1154,-49.4098,-84.8225,1
118,7080,96,38.4989,0.72362,2.15282,29.4412,2.22956,28.7443,1.37025,29.5906,2.05961,30.2416,2.83653,29.3165,1
119,7140,3,33.7547,3.80353,25.0327,69.322,24.7718,68.5883,24.3996,69.7979,25.3241,70.1551,25.6053,68.8992,3
119,7140,10,11.2382,20.3255,48.6483,-175.903,48.991,-176.505,48.299,-176.435,48.2882,-175.239,48.985,-175.33,1
119,7140,12,-32.0898,-23.6537,18.6994,-98.5904,19.5698,-98.6442,18.6695,-99.2093,17.9607,-98.5685,18.7701,-97.9411,1
119,7140,18,-38.1196,-7.8601,14.2842,101.079,14.288,100.222,13.6509,101.248,14.2737,101.816,14.9944,100.87,2
119,7140,20,-22.9959,18.4291,-74.7319,81.4833,-74.6451,79.541,-75.2944,81.2069,-74.7776,83.4002,-74.1051,81.8337,2
119,7140,24,33.3057,4.13661,60.1386,153.433,59.9763,152.271,59.569,154.018,60.3106,154.752,60.6545,152.901,3
119,7140,25,-29.401,12.2639,78.2372,-85.6013,78.7862,-84.772,78.3062,-88.4999,77.7182,-86.2337,78.114,-82.3969,1
119,7140,31,-21.4797,19.843,-84.4786,-23.6696,-84.1885,-19.2664,-83.9815,-26.5243,-84.7505,-28.311,-85.0256,-20.0056,1
119,7140,34,21.8952,-14.9475,9.44903,167.25,9.09092,166.89,9.01511,167.681,9.80524,167.637,9.83278,166.85,1
119,7140,36,-36.3969,-9.30457,79.6339,128.516,78.8594,127.747,79.635,131.95,80.3011,129.319,79.5719,124.717,1
119,7140,46,31.493,-20.4502,36.7855,-116.106,36.9454,-116.835,35.9545,-116.357,36.5765,-115.35,37.5024,-115.911,1
119,7140,48,10.7891,20.3805,36.6489,-15.6311,37.188,-15.7558,36.5944,-16.2759,36.0683,-15.4725,36.6775,-14.9705,1
119,7140,49,-30.2771,-16.324,15.9618,12.8396,16.74,12.8937,15.9602,12.2267,15.2832,12.7772,15.9888,13.4925,1
119,7140,51,35.443,-5.93974,35.8655,15.3085,36.5452,15.2931,35.658,14.321,35.1054,15.3079,36.043,16.1747,2
119,7140,61,38.366,-0.678383,8.13985,-75.679,8.13427,-76.3662,7.38808,-75.4446,8.1384,-74.8921,8.79577,-75.8802,1
119,7140,64,-31.0414,-19.0157,48.2646,50.158,49.033,49.9009,48.1147,49.3305,47.5962,50.3492,48.4473,51.0299,1
119,7140,72,19.541,5.84013,21.2474,-39.5704,21.051,-40.1198,20.741,-39.3196,21.4607,-38.9814,21.7343,-39.8041,1
119,7140,77,-35.9459,4.87635,-20.4619,142.339,-19.8084,142.749,-20.2692,141.609,-21.0487,141.982,-20.6804,143.176,2
119,7140,80,38.2307,7.99864,31.8573,10.1306,31.8043,9.30506,31.1777,10.432,31.918,11.092,32.4641,9.8769,1
119,7140,82,-35.2288,-19.3555,60.158,114.679,60.9977,114.239,59.9459,113.558,59.4414,115,60.4103,115.885,1
119,7140,96,31.083,-18.5862,4.1013,29.6953,4.15005,29.1141,3.30419,29.6685,4.01825,30.3102,4.79147,29.7014,1
120,7200,0,36.4024,13.3527,-72.2074,20.2351,-72.2379,17.5429,-72.9556,21.0555,-72.1108,23.3698,-71.5228,19.6336,1
120,7200,3,28.7309,-0.965137,28.2676,69.5028,28.0342,68.8309,27.6583,69.9047,28.515,70.2433,28.8221,69.1348,1
120,7200,18,-25.316,-16.2616,15.5989,104.14,15.5192,103.454,15.0732,104.208,15.654,104.754,16.1441,104.045,2
120,7200,20,-34.1829,12.9243,-71.4866,86.86,-71.3775,84.9069,-72.1425,86.9676,-71.5489,88.6706,-70.7305,86.7817,3
120,7200,22,-31.7796,18.45,-3.40437,126.034,-3.66067,125.497,-3.95702,126.398,-3.13954,126.524,-2.75482,125.629,6
120,7200,31,18.7849,-16.3184,-83.4157,-55.9422,-83.375,-51.633,-82.828,-55.8966,-83.3997,-60.3504,-83.9516,-55.8583,1
120,7200,33,-29.8726,14.0742,-20.2017,163.669,-20.5681,163.18,-20.6254,164.151,-19.8425,164.111,-19.7099,163.135,1
120,7200,46,31.8469,18.7806,41.1113,-107.677,41.2703,-108.615,40.4678,-107.754,40.9372,-106.587,41.7101,-107.562,1
120,7200,49,-24.6333,-11.2031,12.1252,14.8862,12.775,14.9524,12.15,14.3263,11.538,14.8167,12.1138,15.4764,1
120,7200,51,-33.2465,1.90582,38.6184,25.2509,39.3524,25.3124,38.5115,24.4017,37.9592,25.2047,38.7327,26.2067,1
120,7200,61,34.0942,-14.3104,10.3826,-74.9776,10.3826,-75.5848,9.5929,-74.862,10.3562,-74.316,11.0633,-75.0905,1
120,7200,74,-35.2671,-0.470571,70.7777,66.9765,71.5293,66.454,70.4662,65.1602,70.1123,67.4177,71.1119,69.085,1
120,7200,75,21.2798,23.97,38.42,109.035,39.0648,109.184,38.5496,108.32,37.6844,108.903,38.2534,109.733,1
120,7200,77,-36.5584,0.0166956,-23.3503,143.6,-22.6482,144.006,-23.1932,142.857,-23.9693,143.243,-23.5194,144.447,1
120,7200,80,-27.5996,-18.9999,36.2977,4.44749,36.0932,3.60436,35.7823,4.63372,36.4561,5.19673,36.8278,4.21745,1
120,7200,81,39.1257,3.65284,56.6056,54.323,56.9847,53.2553,55.8687,53.9558,56.1547,55.5334,57.2465,54.6732,1
120,7200,82,-23.1853,2.30515,55.42,121.965,55.963,121.938,55.3508,121.063,54.911,121.996,55.4862,122.938,1
120,7200,89,-11.2961,23.3553,7.65067,-11.4909,7.49344,-11.9659,7.13059,-11.3819,7.83629,-11.0111,8.2247,-11.5877,1
120,7200,96,24.7344,-19.5961,7.34445,31.5526,7.35757,31.0044,6.64277,31.5042,7.30252,32.1167,7.96635,31.5775,1
121,7260,3,30.1463,15.0023,33.3996,71.6464,33.0905,70.8588,32.8287,72.0889,33.7616,72.5446,33.9455,71.2535,1
121,7260,11,-24.7775,-3.58229,36.3952,-121.104,36.9795,-121.153,36.3048,-121.748,35.857,-121.062,36.494,-120.414,2
121,7260,20,32.4144,2.01333,-72.5946,108.13,-72.7571,106.244,-73.1494,109.181,-72.3936,110.193,-72.0867,107.249,1
121,7260,22,-33.4685,-11.2485,-2.52886,125.742,-2.93805,125.139,-2.94372,126.135,-2.17815,126.274,-2.0882,125.299,3
121,7260,31,39.8398,5.92887,-83.1586,-112.835,-83.773,-109.457,-82.5581,-108.899,-82.4164,-116.099,-83.6433,-116.949,1
121,7260,45,28.1354,-5.0818,18.9795,-139.34,18.9981,-139.948,18.3213,-139.271,18.948,-138.682,19.5753,-139.405,1
121,7260,46,32.8058,-0.353839,41.8533,-105.884,42.092,-106.672,41.1574,-106.056,41.5772,-105.016,42.4764,-105.723,1
121,7260,53,-35.4045,-20.8857,-16.4402,76.0474,-15.4331,76.0329,-16.5108,75.3517,-17.2845,76.0379,-16.3171,76.7945,1
121,7260,70,26.624,-2.31982,-39.5329,-65.3626,-39.6871,-66.0872,-40.1246,-65.0346,-39.3662,-64.5808,-38.99,-65.6585,1
121,7260,71,36.3631,7.86126,-5.61105,-48.7521,-5.86136,-49.4456,-6.2287,-48.315,-5.31547,-47.9542,-5.04998,-49.1286,1
121,7260,75,26.2186,6.72628,36.4356,109.411,37.004,109.649,36.5506,108.665,35.8082,109.16,36.3141,110.104,6
121,7260,77,-36.737,14.7004,-28.254,146.001,-27.6199,146.441,-28.0136,145.147,-28.8396,145.626,-28.5451,147.006,1
121,7260,81,35.2613,-2.10442,58.0166,59.4537,58.3956,58.532,57.369,58.9004,57.5782,60.457,58.5864,59.9618,1
121,7260,92,39.6808,1.65376,-39.8458,-118.368,-39.12,-118.411,-40.1368,-119.371,-40.6877,-118.321,-39.5935,-117.501,1
121,7260,96,35.9238,-9.38004,9.78267,35.5638,9.88109,34.9282,8.97666,35.611,9.6534,36.267,10.4807,35.5157,3
122,7320,1,-23.7741,24.5945,-29.3573,45.3452,-29.5898,44.6775,-30.0437,45.6317,-29.0875,45.9837,-28.5586,45.0525,1
122,7320,2,24.4343,6.0545,1.83259,60.0891,1.54269,59.5434,1.31187,60.4463,2.15349,60.6828,2.32698,59.7614,1
122,7320,3,32.2282,-9.58402,34.1871,72.1057,33.9971,71.3437,33.447,72.5332,34.3708,72.9485,34.8331,71.7147,1
122,7320,4,-25.3152,-20.4985,67.9683,90.2242,67.7529,88.1592,67.3697,90.5452,68.1154,92.0792,68.5774,89.7856,3
122,7320,5,29.4996,14.9785,61.8483,-161.719,62.5656,-161.629,61.7895,-163.138,61.0305,-161.782,61.8652,-160.382,2
122,7320,11,-36.5821,2.80335,34.5963,-116.124,35.3194,-116.036,34.4827,-116.917,33.955,-116.192,34.7203,-115.217,1
122,7320,16,17.5353,21.0035,-31.9633,63.6726,-31.973,63.0112,-32.4776,63.6559,-31.9277,64.404,-31.4503,63.7187,1
122,7320,25,-18.5512,-19.6487,70.3175,-73.7795,70.8962,-73.3156,70.4859,-75.1695,69.7976,-74.2244,70.1586,-72.3786,1
122,7320,27,-39.541,5.25556,-1.71126,-46.728,-1.19456,-46.1772,-1.3744,-47.3435,-2.17183,-47.2021,-2.10506,-46.0113,1
122,7320,30,38.1176,-8.09021,-56.6252,-26.0571,-56.3607,-24.9937,-55.9817,-26.9707,-56.8965,-27.2862,-57.1698,-25.2395,1
122,7320,31,-18.3125,-19.4058,-87.3357,-167.812,-87.9242,-171.338,-87.445,-156.999,-86.8004,-165.444,-87.1594,-177.737,1
122,7320,34,34.7736,10.0446,23.2457,167.449,22.7878,166.932,22.885,168.048,23.7756,168.041,23.5844,166.914,1
122,7320,38,-27.2133,8.45044,12.9509,-11.8305,13.2796,-11.3554,13.3637,-12.2277,12.6336,-12.2667,12.4884,-11.3978,1
122,7320,51,37.6804,-6.09917,28.6169,24.655,29.3266,24.7465,28.4765,23.6591,27.8155,24.5347,28.7348,25.5156,1
122,7320,58,35.9352,-12.5857,19.9221,-100.759,20.0167,-101.472,19.0202,-100.71,19.7879,-99.9759,20.6949,-100.814,1
122,7320,61,28.8737,6.99221,18.5081,-69.9034,18.4633,-70.5194,17.926,-69.7592,18.5611,-69.2191,19.0492,-70.0271,1
122,7320,63,-34.7319,22.3093,57.4515,19.1524,58.0666,18.7328,57.0784,17.9009,56.8919,19.5976,57.8565,20.6956,1
122,7320,64,-26.5175,-17.3576,40.3125,61.319,41.0041,61.2482,40.2653,60.6147,39.6992,61.3605,40.382,62.0532,2
122,7320,71,38.1976,6.25075,-2.35217,-47.4723,-2.59189,-48.1929,-3.00534,-47.0054,-2.07004,-46.636,-1.76806,-47.8716,2
122,7320,75,19.4245,-21.0754,35.8883,110.519,36.4189,110.723,36.1639,109.74,35.363,110.284,35.6556,111.222,4
122,7320,76,37.0983,15.6382,-1.54262,125.413,-0.811773,125.754,-1.40191,124.677,-2.41414,125.024,-1.69893,126.071,1
122,7320,77,21.8653,18.2685,-34.2857,141.393,-33.6977,141.62,-34.1203,140.736,-34.9467,141.159,-34.4674,142.029,2
122,7320,95,37.0033,2.30234,-12.8311,14.1128,-12.7708,13.4164,-13.5716,14.2576,-12.8995,14.9092,-12.1762,13.9932,1
123,7380,5,-32.9557,-17.1607,65.715,-149.673,66.6121,-149.16,65.7878,-151.283,64.9474,-150.124,65.6516,-147.935,1
123,7380,11,-28.1836,-19.8623,32.8297,-115.824,33.5655,-115.946,32.7566,-116.475,32.185,-115.741,32.9323,-115.148,1
123,7380,20,26.3266,-17.3578,-66.9515,111.885,-67.14,110.644,-67.5672,112.541,-66.7665,113.183,-66.4092,111.297,1
123,7380,27,-23.5744,-21.566,-3.2459,-48.6049,-2.65934,-48.2806,-2.95837,-49.0339,-3.755,-48.9083,-3.51517,-48.1515,1
123,7380,35,-18.9304,7.97723,62.2654,156.035,61.8696,155.356,61.9665,156.911,62.6488,156.69,62.5858,155.083,1
123,7380,36,31.5,18.9737,80.1795,-16.2819,80.6686,-13.4902,80.5108,-19.2784,79.5753,-19.0969,79.8235,-13.753,1
123,7380,38,-35.1972,14.6046,8.3762,-11.392,8.70481,-10.8178,8.88965,-11.8683,8.0554,-11.9025,7.76834,-10.8503,1
123,7380,48,3.64777,21.1169,26.8596,-3.01826,27.3873,-3.04619,26.8915,-3.59824,26.2989,-2.9642,26.8009,-2.41546,2
123,7380,49,-38.682,3.8575,3.12576,23.531,3.89579,23.777,3.12703,22.7908,2.44828,23.3263,3.124,24.3889,1
123,7380,51,-39.931,0.623482,31.5748,35.0688,32.4546,35.2881,31.4765,34.1595,30.8142,34.8914,31.6874,36.1271,1
123,7380,56,-37.9261,12.1342,-24.5589,-150.795,-24.3651,-151.639,-25.3696,-150.761,-24.7035,-150.034,-23.6034,-150.82,1
123,7380,57,38.4968,-11.1026,-4.87274,-121.657,-4.81519,-122.375,-5.81991,-121.491,-4.96304,-120.85,-4.07092,-121.805,1
123,7380,59,-33.5523,-0.721986,50.8021,-65.2134,51.135,-66.2879,50.154,-65.4658,50.4997,-64.2661,51.5275,-64.9312,1
123,7380,76,35.8583,11.96,-4.53928,126.507,-3.86728,126.845,-4.37797,125.79,-5.32571,126.124,-4.7059,127.15,5
123,7380,77,-38.5569,-5.54194,-32.721,148.502,-31.9046,148.91,-32.6346,147.658,-33.4212,148.144,-32.7971,149.467,1
123,7380,80,30.9019,-14.8646,42.433,18.4083,42.4699,17.657,41.7088,18.4276,42.3651,19.2096,43.0671,18.3736,1
123,7380,95,26.6866,-1.80409,-9.5108,15.2547,-9.48973,14.6941,-10.1193,15.311,-9.53694,15.8611,-8.95241,15.2033,1
123,7380,97,39.2071,2.78979,36.5817,74.7984,36.9074,73.9933,35.7886,74.6427,36.1959,75.722,37.2716,74.9481,1
124,7440,3,24.3147,11.2088,43.5614,75.1727,43.3279,74.3555,43.0047,75.5543,43.8234,76.0771,44.0965,74.8242,2
124,7440,5,-37.0259,-6.38844,61.5635,-143.59,62.381,-142.75,61.691,-145.105,60.8544,-144.286,61.4166,-141.889,2
124,7440,21,22.2274,-7.60372,-27.1522,125.752,-27.4142,125.282,-27.6077,126.118,-26.8831,126.25,-26.7349,125.412,1
124,7440,27,-28.6835,24.7877,-11.2932,-46.886,-10.8707,-46.5009,-10.8524,-47.4086,-11.726,-47.231,-11.8258,-46.2923,1
124,7440,31,-35.4054,16.5834,-76.5486,161.531,-76.8713,159.044,-77.067,163.693,-76.2103,163.639,-75.909,159.255,2
124,7440,35,5.68723,-19.5165,63.9533,159.924,63.5482,159.271,63.5777,160.76,64.3312,160.61,64.2886,159.091,1
124,7440,37,-15.0577,20.688,40.3071,-11.4433,40.6222,-10.9352,40.7412,-11.858,39.9698,-11.9299,39.8174,-11.0154,1
124,7440,38,-28.3861,-2.25473,6.36451,-12.5848,6.74254,-12.1022,6.74,-12.9845,6.01982,-13.024,5.95936,-12.1473,1
124,7440,44,-29.9825,23.6609,5.83742,-158.615,5.85035,-159.245,5.09467,-158.589,5.86411,-158.012,6.70765,-158.619,1
124,7440,49,-37.6185,-1.27027,0.52013,25.1092,1.30465,25.3146,0.502726,24.4113,-0.165391,24.933,0.547403,25.9046,2
124,7440,57,-22.8409,14.6398,4.26213,-122.882,4.2435,-123.469,3.6472,-122.826,4.29982,-122.318,4.94474,-122.929,1
124,7440,73,38.3356,-8.74368,61.8461,9.71288,62.1805,8.39273,60.9624,9.26406,61.4352,11.1479,62.6016,10.1053,1
124,7440,74,36.565,-4.04933,56.2783,84.0364,56.9619,84.1583,56.1399,82.5794,55.5081,83.8836,56.3855,85.3156,1
124,7440,76,23.3739,-23.1344,-4.0068,127.693,-3.48487,127.937,-3.60796,127.042,-4.52073,127.414,-4.33706,128.276,1
124,7440,77,-34.9498,-12.8645,-35.5681,149.4,-34.7434,149.703,-35.4884,148.608,-36.2751,149.121,-35.6245,150.276,2
124,7440,96,19.4862,-0.844218,19.6653,42.5762,19.7016,42.0344,19.1208,42.5723,19.6231,43.1483,20.1789,42.5803,2
125,7500,1,-18.8552,9.407,-20.5857,48.3847,-20.8288,47.8178,-21.1058,48.6796,-20.3381,48.9244,-20.0194,48.0774,1
125,7500,5,-20.8476,-5.21047,57.0721,-144.279,57.6646,-143.863,57.2357,-145.289,56.5219,-144.66,56.899,-143.22,1
125,7500,23,-21.9375,5.01002,49.1883,136.586,48.9348,135.892,48.7668,137.016,49.4301,137.245,49.6429,136.119,1
125,7500,26,-0.457004,-23.6805,24.4171,-56.0366,24.8811,-55.7687,24.7606,-56.4678,23.9915,-56.3078,24.1097,-55.6168,1
125,7500,27,2.24511,24.105,-15.1199,-49.2976,-14.6903,-49.0375,-14.8099,-49.6912,-15.5914,-49.5555,-15.4658,-48.8963,1
125,7500,31,34.0983,-15.7158,-74.8816,-172.43,-75.3848,-173.606,-75.1751,-169.558,-74.3419,-171.149,-74.6132,-174.835,1
125,7500,33,29.6594,-7.37068,-3.06016,167.134,-3.42836,166.725,-3.48047,167.634,-2.67009,167.585,-2.68704,166.683,1
125,7500,35,32.971,-20.9514,67.3509,165.695,66.9933,164.517,66.7049,167.061,67.6931,167.045,67.8791,164.433,1
125,7500,46,-6.64562,-22.0222,50.4992,-91.5861,50.7061,-92.4447,50.0427,-92.0412,50.2819,-90.809,50.9498,-91.1716,1
125,7500,48,-21.5223,4.37019,23.962,2.84787,24.5201,2.92556,23.9822,2.251,23.4329,2.78166,23.9344,3.48964,1
125,7500,49,-38.4699,-1.63085,-2.32107,27.2603,-1.51321,27.4711,-2.3491,26.5488,-3.0229,27.0801,-2.27998,28.0746,1
125,7500,51,-21.0483,-15.3159,25.5786,37.054,26.2476,37.0473,25.5851,36.4364,24.9723,37.044,25.5902,37.6895,1
125,7500,63,28.1305,15.1633,48.4692,31.6759,49.0402,31.3192,48.1891,30.9142,47.8285,32.0899,48.7104,32.4179,1
125,7500,64,-32.1196,24.1708,29.1427,73.9289,29.7401,74.1257,29.2857,73.0882,28.5652,73.7892,28.9405,74.9133,1
125,7500,73,37.2256,-16.6278,63.1459,14.8824,63.5202,13.6226,62.2542,14.0373,62.6903,16.1919,63.899,15.6033,1
125,7500,87,-40.0684,5.48,-37.3561,-45.632,-37.2623,-46.6048,-38.0639,-45.4386,-37.4187,-44.7801,-36.5269,-45.8514,1
125,7500,88,-30.8703,20.1817,-6.53673,-22.3748,-6.6155,-22.9663,-7.19077,-22.2133,-6.43156,-21.821,-5.77398,-22.541,1
125,7500,89,29.7505,13.9568,21.8491,-0.227768,21.6999,-0.870739,21.3073,0.0060555,22.0281,0.49876,22.3628,-0.42846,1
125,7500,96,20.6404,-13.837,21.3172,44.4419,21.3621,43.8893,20.7105,44.3774,21.2517,45.0095,21.8716,44.4882,2
125,7500,97,37.815,-3.50185,39.4449,82.2066,39.8184,81.4777,38.6776,81.8865,39.0065,83.0175,40.1107,82.4909,1
125,7500,99,38.7612,6.10395,23.9468,169.225,24.6781,169.225,23.7113,168.416,23.0956,169.228,24.1373,169.943,1
126,7560,3,6.82831,19.7897,51.7932,77.3936,51.5685,76.5407,51.2626,77.6627,52.0473,78.3028,52.3463,77.1469,1
126,7560,12,-32.6818,11.9691,-4.17984,-80.3059,-3.56452,-80.1564,-4.1489,-80.9589,-4.74943,-80.4254,-4.22579,-79.5606,1
126,7560,22,-22.0516,2.9703,17.3728,129.073,17.0915,128.608,16.973,129.393,17.6406,129.509,17.8024,128.728,1
126,7560,27,26.5953,-4.18617,-16.8188,-51.4977,-16.4201,-51.1484,-16.4955,-52.0092,-17.2428,-51.8804,-17.1113,-51.0272,1
126,7560,31,-18.596,-3.93156,-71.0128,167.27,-71.4034,166.165,-71.3166,168.453,-70.6417,168.276,-70.691,166.061,1
126,7560,46,-19.8295,-24.3319,52.5784,-87.1115,52.8549,-88.1974,52.1086,-87.6068,52.3042,-86.178,53.062,-86.6545,1
126,7560,48,30.9896,20.4628,16.4728,2.4975,17.1986,2.5064,16.4109,1.83807,15.6286,2.51085,16.4956,3.12307,1
126,7560,49,-18.3003,9.74418,-7.60921,28.1591,-7.08056,28.2471,-7.54665,27.6163,-8.12272,28.0855,-7.68483,28.7431,2
126,7560,51,-38.6595,7.85232,22.3722,43.1263,23.1599,43.3927,22.3664,42.2665,21.673,42.9125,22.3679,44.133,1
126,7560,58,28.902,15.6912,33.0336,-87.6845,33.087,-88.5027,32.3947,-87.6553,32.9833,-86.7537,33.6361,-87.6828,1
126,7560,64,-29.0968,6.43583,27.4767,74.6258,28.0628,74.7802,27.5151,73.9664,26.933,74.4952,27.4256,75.357,1
126,7560,73,38.0706,-6.47033,64.4833,25.4728,64.9621,24.262,63.7018,24.545,63.9173,26.7674,65.1524,26.3082,1
126,7560,76,-18.8422,10.7959,-12.7768,134.92,-12.2848,135.17,-12.5516,134.395,-13.2589,134.689,-13.0289,135.485,1
126,7560,81,-39.8503,9.14065,63.8056,101.769,64.5585,101.543,63.4774,100.27,63.1462,101.997,64.1655,103.585,1
126,7560,85,30.0327,22.5753,-56.9156,-151.219,-56.2431,-151.441,-57.0561,-152.262,-57.6929,-150.907,-56.8068,-150.216,1
126,7560,89,38.5191,2.78133,23.5985,2.09768,23.533,1.35696,22.901,2.41112,23.6684,2.95267,24.2124,1.82848,1
126,7560,95,31.7493,4.38926,-1.15451,23.1041,-1.13311,22.4866,-1.79864,23.2096,-1.1761,23.795,-0.567421,23.0163,2
126,7560,96,7.05521,-20.0807,24.4119,45.963,24.4106,45.3959,23.8642,45.8616,24.3901,46.513,24.9257,46.0381,1
126,7560,99,39.0118,5.68112,21.5352,172.057,22.2687,172.081,21.3168,171.248,20.681,172.032,21.711,172.773,1
127,7620,0,-31.2863,21.4973,-45.2466,34.6944,-45.361,33.7222,-46.0211,35.0103,-45.0919,35.5976,-44.3309,34.37,1
127,7620,2,-30.2471,-15.6235,19.0048,57.6636,18.5587,56.9116,18.4912,58.0625,19.379,58.332,19.5353,57.2106,1
127,7620,3,-7.89208,18.6516,55.6515,77.7373,55.4646,76.8151,55.0984,77.9997,55.8567,78.6769,56.2483,77.4838,1
127,7620,11,-29.94,19.3586,19.4157,-101.661,19.9977,-101.536,19.4791,-102.364,18.8594,-101.748,19.3192,-100.853,1
127,7620,12,-26.3122,12.7137,-7.50252,-78.6113,-6.94876,-78.5126,-7.46167,-79.1993,-8.02948,-78.6882,-7.5591,-77.9567,1
127,7620,17,36.9395,0.650427,5.81189,101.599,5.85267,100.936,5.08336,101.753,5.76068,102.352,6.45433,101.467,1
127,7620,25,14.6076,-11.4916,50.7774,-66.0419,51.1894,-65.6792,51.0399,-66.7567,50.3633,-66.4207,50.536,-65.3729,1
127,7620,27,-38.903,-8.06343,-18.9979,-44.8115,-18.3508,-44.2741,-18.7479,-45.4386,-19.5477,-45.2791,-19.2623,-44.092,1
127,7620,30,-18.9592,17.3867,-78.6025,-21.8123,-78.2974,-19.7845,-78.1597,-23.3665,-78.9051,-23.8529,-79.0894,-20.0299,1
127,7620,36,30.4197,16.3267,65.319,-16.8428,65.7721,-15.7501,65.6689,-17.9909,64.7804,-18.0186,64.9646,-15.8288,1
127,7620,44,-32.208,21.8201,14.7606,-152.59,14.8011,-153.262,14.0024,-152.552,14.7584,-151.956,15.6524,-152.61,1
127,7620,45,7.78294,24.7515,37.9524,-121.245,37.9632,-121.956,37.4281,-121.362,37.9624,-120.468,38.4943,-121.084,1
127,7620,48,33.1477,13.8585,13.9969,4.11062,14.6988,4.17573,13.9285,3.42511,13.1872,4.05061,14.0351,4.74343,1
127,7620,49,-35.8659,15.2295,-9.87508,32.4292,-9.1977,32.6481,-9.81207,31.659,-10.4985,32.2562,-9.96271,33.3311,1
127,7620,58,35.9731,-16.0215,32.4006,-87.0541,32.587,-87.8234,31.4599,-87.188,32.158,-86.2238,33.2008,-86.9559,1
127,7620,60,21.0908,4.56871,5.09271,-82.3827,5.01755,-82.8988,4.57202,-82.262,5.17628,-81.8285,5.58795,-82.4915,1
127,7620,63,-27.4496,3.89393,49.8364,43.5637,50.4225,43.4572,49.6893,42.723,49.2945,43.6697,49.9887,44.4929,1
127,7620,76,-28.2385,16.7478,-16.5421,137.413,-16.0051,137.733,-16.2684,136.772,-17.0627,137.131,-16.8672,138.135,1
127,7620,80,35.9682,17.7632,53.7159,39.6521,53.8929,38.4471,53.0544,39.6047,53.5098,41.0673,54.3186,39.748,1
127,7620,81,-33.6077,-20.0665,62.7589,102.165,63.5219,101.402,62.4815,101.05,62.0985,102.749,63.0773,103.348,1
127,7620,89,36.2432,-16.3674,25.2392,2.6152,25.2152,1.94321,24.4015,2.79724,25.2318,3.35409,25.9486,2.44287,1
127,7620,95,39.1031,-8.21012,-0.0752343,25.232,0.0326114,24.5571,-0.948715,25.3363,-0.216707,25.995,0.669533,25.138,1
127,7620,96,-35.3925,5.40011,31.5213,47.9443,31.6895,47.1363,30.851,47.9487,31.3769,48.6681,32.2858,47.9425,3
127,7620,98,-25.5249,-3.73611,44.8574,142.011,45.4279,141.721,44.6185,141.326,44.3325,142.27,45.115,142.749,2
128,7680,11,-20.8947,-0.718832,17.4565,-101.414,17.9974,-101.363,17.4618,-101.946,16.9484,-101.46,17.4514,-100.848,1
128,7680,12,-22.7257,-12.6876,-8.81368,-78.1911,-8.20369,-78.1729,-8.80837,-78.7108,-9.36758,-78.2185,-8.8022,-77.6497,1
128,7680,17,-32.2899,21.871,14.7553,100.264,14.8212,99.6256,14.032,100.266,14.7272,100.867,15.6039,100.285,1
128,7680,18,36.2745,-10.9971,32.4422,131.15,32.6407,130.449,31.6353,131.036,32.1974,131.916,33.1387,131.239,2
128,7680,21,38.4088,14.0203,-10.3093,129.638,-10.7202,129.017,-10.7628,130.183,-9.81094,130.363,-9.88428,129.168,1
128,7680,27,26.2131,-18.2468,-23.008,-50.89,-22.6053,-50.5329,-22.5764,-51.449,-23.4103,-51.2847,-23.3759,-50.3817,1
128,7680,29,38.4901,4.15991,-80.8779,88.5511,-80.8359,84.2967,-81.5842,89.9046,-80.864,93.4831,-80.2511,87.5782,1
128,7680,30,-24.2258,24.1726,-83.2045,-21.7182,-82.878,-18.1212,-82.6704,-24.4505,-83.5259,-25.4392,-83.8083,-18.2157,2
128,7680,45,40.2944,-4.8419,35.5425,-117.895,35.7953,-118.744,34.6308,-117.937,35.2299,-116.931,36.3197,-117.859,1
128,7680,48,35.6072,-13.4273,13.1867,4.11984,13.8107,4.28223,13.2442,3.23358,12.5055,3.91562,13.1466,4.88103,1
128,7680,50,-17.5877,-18.1826,42.2134,13.5813,42.8494,13.3596,42.1218,12.8459,41.6308,13.7561,42.3243,14.3197,2
128,7680,51,-32.4079,-6.96337,17.3264,45.7961,18.0887,45.9199,17.3089,45.1269,16.6524,45.6825,17.3571,46.5312,2
128,7680,58,32.7629,-14.2103,35.2373,-83.7947,35.4141,-84.5448,34.4042,-83.9547,35.0148,-82.9947,35.962,-83.6692,1
128,7680,63,-30.2938,3.70903,47.9326,48.3024,48.5559,48.2702,47.8058,47.4454,47.3629,48.3412,48.0642,49.2587,1
128,7680,64,-36.3124,14.6976,21.2365,80.5947,21.8768,80.8621,21.3323,79.8184,20.6471,80.3798,21.1051,81.5006,1
128,7680,74,-13.6711,15.5254,46.0322,106.289,46.5376,106.514,46.1992,105.533,45.523,106.095,45.8317,107.092,2
128,7680,76,-35.539,5.79784,-18.6086,139.152,-17.9691,139.557,-18.4053,138.436,-19.186,138.798,-18.841,139.972,1
128,7680,80,-36.6341,16.8758,61.646,38.8328,61.9533,37.5624,60.9317,38.4488,61.3823,39.9933,62.4827,39.3459,1
128,7680,81,24.2153,-14.9114,56.0259,105.269,56.5243,105.046,55.8638,104.182,55.5019,105.462,56.1757,106.248,2
128,7680,89,31.8495,-23.4647,28.1225,3.76026,28.0655,3.11252,27.279,3.84249,28.1392,4.44593,28.8368,3.66477,1
128,7680,95,34.4119,9.6812,4.54162,28.4156,4.55799,27.7361,3.87739,28.5516,4.5306,29.1944,5.14702,28.3083,2
128,7680,96,-37.6274,-8.34597,33.2322,49.5299,33.369,48.538,32.5748,49.5938,33.1029,50.3798,33.9701,49.4349,2
129,7740,2,35.6895,7.97279,26.6808,67.7863,26.395,66.9883,26.0443,68.3062,27.0104,68.7085,27.2592,67.3311,1
129,7740,9,37.3343,11.8425,-74.2029,12.3825,-74.141,9.34928,-74.9937,13.0815,-74.2097,15.9641,-73.4896,11.8999,1
129,7740,12,-31.4275,-22.3158,-10.1292,-75.9459,-9.2939,-75.986,-10.1573,-76.5331,-10.8433,-75.9325,-10.0607,-75.3296,1
129,7740,17,30.7674,-10.0843,11.1896,104.888,11.2265,104.313,10.4945,104.935,11.1323,105.509,11.8055,104.838,1
129,7740,24,26.6062,12.2254,73.4637,-97.8924,74.0293,-97.9262,73.3856,-99.7902,72.8341,-97.8196,73.5061,-96.0803,1
129,7740,26,-29.9517,7.63878,7.16424,-51.1907,7.59419,-50.7875,7.48147,-51.6781,6.75964,-51.5541,6.80432,-50.6507,1
129,7740,27,23.9581,-11.7932,-27.3603,-50.0722,-26.9688,-49.7183,-27.0029,-50.6102,-27.7601,-50.4589,-27.6749,-49.5747,1
129,7740,29,40.3505,0.565553,-78.1829,100.109,-78.2551,96.7225,-78.8931,101.957,-78.0546,103.976,-77.5584,98.7057,1
129,7740,30,-37.5742,-5.70228,-84.0316,-7.88104,-83.4256,-3.283,-83.7147,-13.1046,-84.518,-12.6773,-84.3112,-1.3029,1
129,7740,32,-35.6281,-19.0722,-25.451,160.805,-26.1134,160.168,-25.7886,161.361,-24.8997,161.354,-25.111,160.183,1
129,7740,45,35.8039,-15.6036,37.5606,-115.987,37.7864,-116.751,36.6824,-116.208,37.2783,-115.168,38.3114,-115.811,1
129,7740,48,-39.1534,-10.3701,15.0005,12.7406,15.9163,12.9149,14.9394,12.0189,14.2254,12.5864,15.091,13.5561,1
129,7740,50,-28.503,7.36679,39.2587,20.8567,39.9057,20.8854,39.1797,20.0407,38.6587,20.8458,39.3336,21.7669,1
129,7740,58,37.6755,-14.4528,36.7253,-79.9028,36.9882,-80.7139,35.7631,-80.1186,36.396,-79.0215,37.54,-79.7323,1
129,7740,60,14.6907,11.9683,12.1024,-78.5183,12.0136,-79.0291,11.6147,-78.4231,12.2072,-77.973,12.5848,-78.5993,1
129,7740,62,-39.2573,1.29215,58.9007,-4.84987,59.5044,-5.8675,58.3004,-5.55513,58.3736,-3.98356,59.5913,-4.01062,1
129,7740,63,-38.3673,-2.18956,46.775,52.6973,47.5705,52.7496,46.6076,51.7438,46.0838,52.656,46.9647,53.7903,1
129,7740,74,-40.1675,-3.18824,45.7927,111.361,46.6031,111.974,45.9044,110.291,45.0961,110.853,45.6638,112.594,1
129,7740,76,-31.4829,8.74926,-22.5208,140.11,-21.9361,140.462,-22.3101,139.428,-23.0637,139.8,-22.7628,140.881,1
129,7740,81,28.0006,-20.0601,54.0839,109.539,54.6181,109.391,53.9715,108.314,53.5218,109.639,54.1895,110.609,2
129,7740,95,39.2834,-10.5494,5.1918,29.751,5.31491,29.0775,4.28608,29.8276,5.02826,30.5086,5.95881,29.6782,2
130,7800,17,25.9656,-13.7302,14.1145,106.647,14.1329,106.1,13.4602,106.651,14.0748,107.221,14.7005,106.631,4
130,7800,21,-20.0392,5.37104,-2.95036,124.842,-3.22104,124.412,-3.35092,125.138,-2.68664,125.249,-2.51846,124.529,1
130,7800,24,-25.546,20.6686,72.3082,-76.3529,72.7916,-75.5636,72.5448,-78.196,71.8258,-76.9985,72.0009,-74.3486,1
130,7800,26,-19.0245,8.44406,3.23277,-51.8957,3.6218,-51.5829,3.52238,-52.3038,2.85213,-52.1894,2.91526,-51.4612,1
130,7800,29,32.8031,-19.6911,-76.1809,99.7226,-76.2581,97.3667,-76.9618,100.488,-76.1058,102.233,-75.5136,99.0625,2
130,7800,30,15.0893,19.9972,-85.9556,-110.613,-86.3096,-104.699,-85.6045,-105.819,-85.5394,-116.145,-86.2563,-116.498,1
130,7800,45,37.7771,8.90667,40.7486,-108.885,41.0062,-109.818,39.9849,-108.955,40.4456,-107.804,41.4254,-108.798,1
130,7800,48,-36.233,4.43743,10.4338,15.5821,11.1529,15.7986,10.4488,14.8719,9.79156,15.4006,10.4134,16.3947,1
130,7800,49,-39.9897,-1.2646,-16.6332,38.4606,-15.7779,38.6515,-16.7146,37.6913,-17.3697,38.2994,-16.5265,39.3487,1
130,7800,50,-30.9882,-16.1323,38.7197,22.0497,39.542,21.9397,38.6036,21.2695,38.0025,22.1241,38.8664,22.8807,1
130,7800,58,33.6217,-18.8522,39.0119,-77.0396,39.2458,-77.819,38.1254,-77.3689,38.7198,-76.2238,39.7716,-76.7755,1
130,7800,70,38.0055,4.07059,-8.10071,-51.6883,-8.32769,-52.4033,-8.76409,-51.222,-7.8368,-50.8632,-7.51094,-52.0878,1
130,7800,71,35.9335,19.7104,26.9108,-37.1223,26.6138,-37.9826,26.3,-36.6922,27.2787,-36.1015,27.4892,-37.4843,1
130,7800,73,-36.3921,6.01847,69.8104,70.7894,70.5718,70.6491,69.5657,68.8257,69.1334,70.9426,70.061,73.1045,1
130,7800,74,7.70028,21.2691,38.024,108.693,38.5613,108.854,38.1955,108.056,37.4397,108.55,37.8204,109.337,2
130,7800,76,-35.8828,-18.3892,-22.8912,140.782,-21.9812,141.105,-22.7682,140.078,-23.6529,140.488,-22.9845,141.56,1
130,7800,80,34.6954,0.713625,57.6844,54.3886,58.0332,53.4318,57.0433,53.9281,57.2811,55.4399,58.2527,54.8205,1
130,7800,81,-37.8882,3.92892,55.2248,124.32,55.9511,124.523,55.1291,123.147,54.583,124.163,55.3206,125.677,1
130,7800,88,-21.9645,16.8385,9.37858,-14.1711,9.2613,-14.6856,8.83855,-14.0266,9.51176,-13.6755,9.9815,-14.3161,1
130,7800,95,31.7154,-22.9173,7.70301,30.5212,7.75373,29.9234,6.83554,30.4435,7.60838,31.1466,8.44241,30.5655,1
131,7860,2,30.7132,2.5082,33.302,69.1728,33.071,68.4228,32.6824,69.6094,33.5531,70.0112,33.8671,68.7776,2
131,7860,3,-33.8403,-3.54765,68.1329,84.7352,68.0243,82.5895,67.48,85.3274,68.2054,86.6482,68.8546,84.0074,3
131,7860,9,30.8323,-1.56988,-69.1299,21.5623,-69.1593,19.7167,-69.8481,22.0757,-69.0806,23.5919,-68.4813,21.1319,1
131,7860,21,5.70566,-19.7623,-1.6422,126.978,-1.95305,126.6,-2.09187,127.237,-1.35618,127.357,-1.22932,126.721,1
131,7860,24,-25.2205,-7.87498,71.2369,-75.2118,71.7826,-74.5103,71.3804,-76.7357,70.7395,-75.8344,71.0812,-73.6083,2
131,7860,26,-23.3889,4.64241,-0.140976,-51.1691,0.269472,-50.831,0.144585,-51.598,-0.531265,-51.4827,-0.452727,-50.7067,1
131,7860,29,31.6928,-6.34973,-71.4156,106.905,-71.5676,105.211,-72.009,107.854,-71.2427,108.738,-70.8846,106.097,1
131,7860,37,-29.5637,20.0072,13.5588,-13.7679,13.8769,-13.267,14.0735,-14.1882,13.2315,-14.2255,12.9526,-13.3029,1
131,7860,45,-16.6086,-23.4813,45.7011,-112.306,45.7656,-113.259,45.1737,-112.522,45.6143,-111.456,46.2296,-112.129,2
131,7860,47,-24.0746,23.4356,32.4967,-7.23721,33.0723,-7.18163,32.5597,-8.02209,31.9288,-7.2507,32.3933,-6.34558,1
131,7860,50,35.3176,-4.2237,30.1992,20.9461,30.8799,20.9993,30.0595,20.0211,29.4371,20.8743,30.3174,21.7598,1
131,7860,57,35.6303,17.7566,20.9007,-102.068,20.8711,-102.939,20.1882,-101.881,20.9501,-101.039,21.5593,-102.206,1
131,7860,70,34.8545,11.1945,-3.70059,-50.7621,-3.97182,-51.4403,-4.28691,-50.3494,-3.3769,-49.9837,-3.15757,-51.1189,1
131,7860,74,-24.7245,-2.89038,38.0359,112.727,38.6121,113.034,38.1942,112.039,37.5045,112.448,37.8671,113.464,1
131,7860,76,-36.5504,-15.0485,-26.6105,142.559,-25.7327,142.9,-26.5048,141.82,-27.3509,142.25,-26.6918,143.381,1
131,7860,79,-12.1966,-17.4808,-37.7216,-71.9437,-37.943,-72.6436,-38.2326,-71.7607,-37.5281,-71.2914,-37.2195,-72.1474,2
131,7860,80,40.7174,2.46904,57.7684,61.7801,58.2626,60.7868,57.0267,61.1684,57.1797,62.9024,58.4031,62.3444,1
131,7860,81,-2.01187,-21.041,51.553,121.972,52.0674,121.844,51.5707,121.153,51.0649,122.059,51.5509,122.754,2
131,7860,88,-36.6056,-10.4756,11.1761,-15.3515,10.968,-16.1388,10.6284,-15.0626,11.3462,-14.6698,11.7762,-15.6924,1
131,7860,91,35.7401,-10.0982,-39.6779,-119.874,-39.0478,-119.905,-39.8698,-120.897,-40.3776,-119.864,-39.497,-118.995,1
131,7860,95,33.2181,-20.5701,10.4466,33.2454,10.5221,32.6371,9.57805,33.184,10.3278,33.8901,11.1872,33.2783,1
131,7860,97,-9.50146,-24.0179,47.9317,108.056,48.2849,107.331,47.5823,107.453,47.5869,108.689,48.2857,108.618,1
132,7920,1,-36.7688,-6.76388,3.44469,51.2071,3.05979,50.3878,2.88438,51.6696,3.77364,51.9177,4.06379,50.6724,1
132,7920,2,30.1917,-23.4782,33.9526,69.1794,33.7327,68.4408,33.0455,69.5229,34.1343,69.972,34.716,68.8529,1
132,7920,3,-11.6747,-23.249,68.0161,92.7932,67.8651,91.0348,67.4264,92.8002,68.1131,94.4227,68.589,92.7047,2
132,7920,4,-29.1273,4.03422,65.3851,-152.966,66.033,-152.382,65.4969,-154.521,64.7858,-153.459,65.2409,-151.261,1
132,7920,9,31.4732,-11.9548,-67.0785,25.3659,-67.1309,23.703,-67.8839,25.8565,-67.0251,27.1647,-66.3732,24.9352,1
132,7920,17,31.525,-16.8766,18.8537,111.777,18.9188,111.177,18.0845,111.747,18.7548,112.416,19.5223,111.788,1
132,7920,26,-14.6226,16.7655,-5.03195,-51.3942,-4.646,-51.1038,-4.71923,-51.7935,-5.42706,-51.6694,-5.38258,-50.9707,1
132,7920,29,29.21,10.1955,-66.2767,110.991,-66.5235,109.676,-66.7487,111.811,-65.9795,112.422,-65.8261,110.283,1
132,7920,30,-38.3869,10.412,-82.7327,154.263,-83.0015,148.842,-83.2624,158.311,-82.4271,158.653,-82.0679,150.281,3
132,7920,34,-21.6107,14.3823,61.0145,153.654,60.6154,152.97,60.6799,154.539,61.4082,154.305,61.3867,152.675,1
132,7920,44,-22.5771,-7.25389,26.0862,-142.099,26.0564,-142.776,25.5527,-142.034,26.1051,-141.475,26.6473,-142.179,1
132,7920,45,-19.094,-23.8098,47.7397,-108.045,47.8436,-109.074,47.2133,-108.304,47.6172,-107.141,48.2727,-107.828,1
132,7920,47,-36.4401,-2.8535,32.7824,-5.34142,33.5686,-5.21415,32.6975,-6.13645,32.0937,-5.45002,32.8815,-4.44305,1
132,7920,50,-33.3341,24.2973,30.5073,32.4575,31.1858,32.6349,30.6007,31.4826,29.8586,32.3461,30.3568,33.6153,1
132,7920,57,35.2005,-18.629,20.5498,-102.766,20.6396,-103.471,19.5866,-102.785,20.4106,-102.006,21.3645,-102.769,1
132,7920,60,36.6114,-5.14107,18.4407,-71.1763,18.4687,-71.8503,17.6815,-71.0126,18.3943,-70.4194,19.1022,-71.3223,1
132,7920,62,11.316,22.2175,52.8952,17.3319,53.3259,16.8009,52.6377,16.6174,52.4356,17.9287,53.1325,18.0924,1
132,7920,70,33.9192,2.55542,-1.04959,-50.1535,-1.26349,-50.7886,-1.66951,-49.7697,-0.809116,-49.4376,-0.49025,-50.4913,1
132,7920,76,-36.8941,-3.6284,-31.1458,144.929,-30.3899,145.319,-31.0352,144.13,-31.8038,144.584,-31.254,145.837,1
132,7920,79,-25.5678,-20.1274,-34.1607,-71.791,-34.4531,-72.6379,-34.7001,-71.5453,-33.9166,-71.042,-33.6142,-72.0763,1
132,7920,88,-16.5872,11.1094,15.3426,-10.8487,15.2216,-11.3448,14.8587,-10.7067,15.4713,-10.3668,15.8649,-10.9921,1
132,7920,89,29.9572,22.5321,43.899,17.8533,43.8261,16.9129,43.3227,17.9889,43.9979,18.9467,44.4543,17.7689,1
133,7980,0,32.2017,0.368555,-28.8151,49.7762,-29.0893,49.065,-29.4268,50.2809,-28.5087,50.566,-28.2613,49.3316,1
133,7980,4,-34.0146,20.1503,60.6381,-145.932,61.2589,-145.129,60.9503,-147.534,60.0385,-146.581,60.2225,-144.099,1
133,7980,8,0.816047,23.5311,-72.6302,-65.9342,-72.0874,-66.5868,-72.7394,-67.8302,-73.1962,-65.1041,-72.5223,-63.9278,1
133,7980,16,26.2217,2.57365,-3.26405,90.5923,-3.27983,90.0441,-3.83619,90.6844,-3.24573,91.1894,-2.73263,90.5115,1
133,7980,17,34.1513,10.3099,23.2017,116.801,23.252,116.081,22.5501,116.901,23.1493,117.625,23.7964,116.727,1
133,7980,25,26.8765,-13.1763,28.62,-61.695,29.0309,-61.3335,28.9789,-62.2996,28.1956,-62.0901,28.3056,-61.1507,1
133,7980,26,-36.0411,15.8883,-8.61495,-48.7486,-8.1694,-48.2627,-8.21407,-49.3377,-9.03889,-49.1737,-9.09679,-48.0657,1
133,7980,29,23.3903,-15.3671,-64.7006,110.48,-64.8995,109.396,-65.2624,111.068,-64.5037,111.606,-64.1977,109.943,1
133,7980,30,-33.7594,8.78053,-79.2449,159.883,-79.5902,156.91,-79.6772,162.461,-78.8967,162.377,-78.7237,157.219,1
133,7980,34,27.2674,-17.2769,62.2524,162.25,61.8933,161.406,61.7418,163.241,62.6045,163.191,62.6868,161.322,1
133,7980,35,-2.85398,-23.9021,81.6438,3.24629,81.9126,6.55332,82.144,2.09491,81.3889,0.274204,81.1745,4.36336,1
133,7980,45,34.5352,-16.5411,44.7772,-99.4967,45.112,-100.251,43.9826,-100.008,44.3811,-98.7098,45.4616,-99.0673,1
133,7980,48,-26.8088,-18.0049,2.63573,19.4554,3.373,19.4951,2.66473,18.8884,1.98677,19.4037,2.63254,20.0487,1
133,7980,50,-20.2603,0.895658,28.7204,31.6286,29.3036,31.6731,28.7137,30.9971,28.1701,31.59,28.725,32.3006,1
133,7980,57,30.2323,-15.9243,24.0425,-100.384,24.1063,-101.052,23.2336,-100.414,23.9437,-99.6754,24.7496,-100.374,1
133,7980,59,26.0037,22.2263,44.9506,-6.27441,45.5776,-6.73192,44.6579,-7.03489,44.2409,-5.73028,45.1988,-5.5062,1
133,7980,71,-3.00007,-24.1277,34.6859,-38.7562,34.4139,-39.3975,34.1272,-38.6016,34.9136,-38.1428,35.2078,-38.9353,1
133,7980,74,32.7032,-21.9239,30.773,108.841,31.3434,109.155,31.1375,107.848,30.1843,108.468,30.478,109.687,3
133,7980,75,29.1559,-6.45951,-3.83547,124.689,-3.31997,124.986,-3.57425,124.041,-4.38803,124.358,-4.06568,125.274,1
133,7980,82,11.2705,-22.23,15.8657,152.631,16.3591,152.743,16.0892,152.083,15.3897,152.498,15.6782,153.14,1
133,7980,88,32.4403,8.4007,16.4148,-5.25783,16.2829,-5.88766,15.8413,-4.99703,16.5685,-4.54604,16.9439,-5.48504,2
133,7980,94,19.2164,-4.36952,-7.82579,13.2911,-7.82329,12.7788,-8.37832,13.3173,-7.83368,13.828,-7.3083,13.2636,1
133,7980,96,30.5009,8.43993,38.6241,74.3588,38.8653,73.6266,38.0155,74.1784,38.3546,75.1784,39.1817,74.5441,1
134,8040,0,-17.4221,5.96942,-23.2588,45.4098,-23.5026,44.8387,-23.7613,45.7042,-23.0149,45.9536,-22.7199,45.1035,1
134,8040,2,37.2943,11.1472,44.205,75.7717,43.9766,74.6708,43.51,76.358,44.4696,77.0692,44.835,75.2652,1
134,8040,3,37.9236,-0.640878,69.1922,123.029,69.6013,121.188,68.3396,122.353,68.6935,125.042,69.9302,123.676,1
134,8040,4,-38.851,-6.13981,60.4622,-144.404,61.3089,-143.474,60.6002,-145.933,59.7342,-145.166,60.3015,-142.668,1
134,8040,14,37.0125,-8.27682,-49.6781,29.1331,-49.3282,28.313,-50.4381,28.7144,-50.0776,30.0516,-49.0184,29.4765,1
134,8040,17,-27.8253,9.7364,29.9254,115.08,30.0043,114.417,29.3404,115.078,29.862,115.701,30.5766,115.092,1
134,8040,20,29.3838,-0.976359,-24.6928,124.521,-24.9736,124.003,-25.1558,124.952,-24.3865,125.087,-24.2696,124.132,2
134,8040,24,-27.9372,-1.53119,59.9928,-65.7333,60.4824,-65.0649,60.2214,-66.7025,59.5421,-66.3266,59.74,-64.6916,1
134,8040,26,22.6468,-10.3531,-10.7411,-54.1221,-10.3548,-53.8063,-10.3976,-54.5929,-11.137,-54.4636,-11.0479,-53.6856,1
134,8040,39,37.9879,-15.599,-65.1183,-33.0294,-64.9073,-31.6167,-64.3409,-34.0686,-65.3074,-34.6466,-65.7615,-32.0763,1
134,8040,45,-20.6341,8.94984,51.9697,-93.2252,52.2601,-93.9859,51.4815,-93.6447,51.6962,-92.4956,52.493,-92.7485,1
134,8040,47,-36.742,12.7713,25.9512,1.36862,26.6533,1.6019,25.9745,0.52567,25.3128,1.1863,25.9052,2.35384,1
134,8040,48,-39.6375,3.00417,-1.0028,24.1971,-0.203984,24.4495,-1.01582,23.4433,-1.69997,23.9872,-0.985356,25.0742,1
134,8040,50,5.87598,-19.2002,25.6921,30.8321,26.2416,30.8043,25.7565,30.1883,25.1587,30.8355,25.6482,31.4376,2
134,8040,59,31.5547,18.9341,42.9034,-2.49835,43.6024,-2.87931,42.5751,-3.29334,42.0976,-2.03952,43.177,-1.7248,1
134,8040,63,-37.9862,8.85727,32.3323,69.7606,33.0329,70.0221,32.3415,68.9091,31.7048,69.5507,32.3073,70.7521,1
134,8040,65,-34.8932,6.4736,-25.3062,114.224,-24.6402,114.391,-25.3143,113.499,-25.9077,114.085,-25.297,115.051,1
134,8040,68,6.45555,22.0778,-29.4787,-112.406,-29.5564,-112.993,-29.977,-112.385,-29.3705,-111.78,-28.9609,-112.401,1
134,8040,69,38.3878,0.740934,-4.08003,-88.1111,-4.10646,-88.7984,-4.81591,-87.8543,-4.05332,-87.3218,-3.43543,-88.3295,1
134,8040,70,-25.4425,-23.7001,5.48314,-54.4996,5.06111,-55.1844,4.95533,-54.2422,5.82937,-53.8916,6.00464,-54.7965,2
134,8040,75,-32.021,-12.1009,-4.57103,131.25,-3.85079,131.573,-4.39765,130.657,-5.19762,130.958,-4.7377,131.901,1
134,8040,91,35.5613,-6.97508,-45.3631,-106.77,-44.7425,-106.947,-45.6792,-107.787,-46.0575,-106.588,-45.0759,-105.894,1
134,8040,94,39.8935,8.04193,-5.78088,18.3482,-5.73612,17.5795,-6.5491,18.559,-5.82687,19.2535,-5.10354,18.1808,1
134,8040,95,25.0828,22.6419,22.0155,43.7843,21.9985,43.0837,21.4489,43.8012,22.0555,44.5842,22.5691,43.8029,1
135,8100,1,-4.74032,-24.4579,11.7023,56.538,11.3102,56.0183,11.1446,56.7805,12.0424,57.0355,12.2194,56.2802,1
135,8100,2,33.8075,-11.7451,45.3257,75.4554,45.199,74.5124,44.5016,75.8779,45.4318,76.4999,46.036,75.0646,1
135,8100,5,-29.0509,24.714,18.7671,-128.161,19.2987,-127.728,19.2364,-128.854,18.2263,-128.537,18.1882,-127.371,1
135,8100,12,-31.1037,12.4957,-28.621,-57.5172,-28.0103,-57.4731,-28.684,-58.2368,-29.1879,-57.5374,-28.5567,-56.6997,3
135,8100,17,-28.8114,18.7569,33.2217,118.804,33.3314,118.119,32.5773,118.726,33.1407,119.458,33.9567,118.917,3
135,8100,24,-22.4985,-21.7551,57.9815,-66.0073,58.5852,-65.506,58.2281,-66.8582,57.4521,-66.4704,57.7499,-65.1302,1
135,8100,26,-21.5437,-9.14742,-13.9692,-49.9201,-13.5051,-49.5964,-13.7097,-50.3488,-14.3919,-50.2254,-14.2301,-49.465,2
135,8100,30,-38.0001,-5.6048,-73.1225,158.068,-73.5848,155.805,-73.5139,159.866,-72.7055,159.933,-72.6718,156.102,3
135,8100,32,17.3179,-8.9642,-1.22648,163.304,-1.5759,162.969,-1.59472,163.696,-0.873218,163.657,-0.888084,162.934,1
135,8100,35,39.8259,-1.29698,72.6557,-22.7449,73.0833,-20.9014,73.0824,-25.0939,72.1485,-24.779,72.2635,-20.8149,2
135,8100,36,-8.93317,23.762,34.343,-15.4236,34.6825,-14.9832,34.7694,-15.7959,33.9709,-15.8544,33.8638,-15.0456,1
135,8100,47,-36.7001,8.39732,23.4642,3.4327,24.1795,3.65754,23.4705,2.63942,22.8208,3.25112,23.4452,4.35043,1
135,8100,48,-33.1093,-15.9847,-2.89552,24.2634,-2.0647,24.3378,-2.91016,23.6479,-3.61121,24.1846,-2.85042,24.928,1
135,8100,56,21.2016,-4.33567,4.27753,-120.239,4.24275,-120.792,3.67378,-120.159,4.30701,-119.654,4.8387,-120.316,1
135,8100,63,-28.6954,20.9047,27.7815,72.0594,28.3476,72.2208,27.8965,71.3184,27.233,71.9407,27.6225,72.9059,1
135,8100,65,-31.2448,5.20194,-28.302,116.32,-27.6789,116.437,-28.3151,115.634,-28.8724,116.222,-28.2866,117.087,1
135,8100,73,-34.9659,-14.4369,58.1092,96.7566,58.9752,97.0479,58.1108,95.5287,57.3677,96.4938,58.1224,98.1033,1
135,8100,79,-18.1806,11.8156,-21.3861,-64.7552,-21.5597,-65.3108,-21.9087,-64.5409,-21.2018,-64.2211,-20.816,-64.9739,1
135,8100,80,-7.58869,19.7536,61.1079,94.4898,61.54,94.0438,60.9231,93.5328,60.6718,94.9726,61.2805,95.5406,2
135,8100,84,34.4249,22.5006,-56.2277,-156.445,-55.4812,-156.612,-56.3904,-157.554,-57.1107,-156.192,-56.1043,-155.401,1
135,8100,89,28.4012,-3.42184,50.0317,26.3603,50.1293,25.5279,49.4186,26.3174,49.9129,27.2577,50.5891,26.3981,1
135,8100,95,36.2852,-2.5679,21.8317,45.4833,21.9718,44.7951,21.0671,45.5124,21.6622,46.2561,22.5029,45.4586,1
135,8100,96,-22.913,4.30917,45.8661,80.2819,46.1347,79.5781,45.3707,79.9769,45.6144,80.9429,46.3993,80.6215,1
136,8160,0,-14.1497,-22.9302,-19.0349,46.6516,-19.4432,46.0552,-19.5668,46.9189,-18.6835,47.2027,-18.526,46.362,1
136,8160,2,4.88999,20.4324,53.1274,75.632,52.9088,74.7538,52.5917,75.8906,53.3749,76.5648,53.6896,75.3962,1
136,8160,10,-38.2106,12.8914,21.9139,-104.818,22.6108,-104.602,21.9134,-105.626,21.2851,-104.986,21.897,-103.867,1
136,8160,22,33.5012,-14.7596,51.615,142.99,51.4432,142.117,50.9228,143.492,51.7707,143.957,52.2078,142.524,1
136,8160,26,-26.681,9.26173,-19.2249,-48.6081,-18.803,-48.233,-18.9227,-49.0993,-19.6278,-48.9523,-19.5643,-48.0672,1
136,8160,30,-31.5737,-17.3971,-70.5027,160.615,-71.0625,159.034,-70.8456,161.969,-70.0168,161.95,-70.1473,159.167,1
136,8160,35,36.2486,-6.57382,69.4297,-21.0152,69.8012,-19.5882,69.9026,-22.7379,69.0114,-22.5775,69.0072,-19.5689,1
136,8160,41,-33.2943,-19.9259,-41.3988,145.564,-41.2069,144.407,-42.0123,145.445,-41.5717,146.549,-40.7362,145.64,4
136,8160,45,8.12154,-24.9783,50.4754,-86.0024,50.7389,-86.7766,50.0221,-86.6558,50.1941,-85.2921,50.9032,-85.4228,1
136,8160,47,-32.9664,-11.1666,21.8807,3.90109,22.6585,3.99208,21.8493,3.23985,21.2013,3.81236,21.9323,4.62225,1
136,8160,48,-31.443,-14.1748,-6.1616,26.3444,-5.38474,26.4168,-6.17014,25.7426,-6.83949,26.2683,-6.12743,26.9919,1
136,8160,50,-39.1031,10.7391,20.9836,41.9743,21.7641,42.263,21.0003,41.0896,20.287,41.7456,20.9484,43.0199,1
136,8160,56,18.4036,7.70263,8.27721,-117.611,8.22276,-118.172,7.72366,-117.524,8.34186,-117.008,8.81177,-117.684,1
136,8160,57,-27.9195,-0.535023,37.1852,-94.9076,37.2658,-95.737,36.5794,-94.8916,37.1084,-94.1502,37.8461,-94.9298,1
136,8160,63,-38.5956,8.3221,26.5038,74.7048,27.209,74.9897,26.5353,73.8923,25.8746,74.4732,26.4551,75.6527,2
136,8160,72,40.2495,0.754271,64.5258,28.6931,65.0906,27.4571,63.7418,27.7367,63.8517,30.0578,65.1923,29.5775,1
136,8160,75,-15.618,10.5448,-14.344,132.712,-13.8618,132.947,-14.1253,132.201,-14.8208,132.493,-14.5863,133.256,1
136,8160,79,32.1575,15.2801,-19.2401,-58.4223,-19.532,-59.1142,-19.7933,-58.0278,-18.8859,-57.6357,-18.7127,-58.7629,2
136,8160,80,3.85563,-18.5951,60.0447,94.6122,60.4784,94.1334,59.8674,93.6502,59.6158,95.0317,60.2217,95.5202,1
136,8160,88,36.803,5.63424,25.634,0.717835,25.5555,-0.0162978,24.9794,1.01034,25.7225,1.56181,26.2199,0.466496,1
136,8160,89,-28.5833,11.9602,57.2928,27.6835,57.4313,26.6506,56.7045,27.5591,57.1712,28.6511,57.9513,27.8487,1
136,8160,94,35.6632,8.26877,0.150292,22.5062,0.173199,21.8176,-0.536959,22.6571,0.130494,23.298,0.770848,22.3853,1
137,8220,1,-18.1403,-20.9452,19.5238,56.8571,19.1032,56.2445,19.0103,57.1547,19.8828,57.4235,20.0232,56.5298,1
137,8220,2,26.6181,-1.8919,53.3917,79.902,53.2737,78.8908,52.7438,80.2513,53.5046,81.0046,53.9846,79.573,1
137,8220,14,-9.26397,23.5103,-39.1756,43.5071,-39.0775,42.8704,-39.6811,43.2891,-39.2475,44.1735,-38.6318,43.7698,1
137,8220,16,25.962,10.37,8.78348,99.9697,8.75398,99.393,8.22929,100.063,8.82447,100.608,9.30828,99.8955,1
137,8220,25,14.4164,-24.7588,14.8818,-58.5201,15.3189,-58.247,15.3002,-58.9781,14.4695,-58.8103,14.5206,-58.094,1
137,8220,26,-31.4881,5.13714,-22.5045,-47.5944,-22.0396,-47.1638,-22.2134,-48.143,-22.9332,-47.9829,-22.8304,-46.98,1
137,8220,28,37.7342,10.7312,-81.6024,81.094,-81.5332,76.3413,-82.2812,82.2109,-81.6009,86.6914,-80.9903,80.3554,1
137,8220,35,40.1085,-3.43933,65.3227,-22.3591,65.7302,-21.0182,65.7938,-24.0271,64.8485,-23.8675,64.9037,-20.9772,2
137,8220,36,37.7001,-16.5067,30.8309,-21.383,31.1706,-20.7657,31.4821,-22.1066,30.4787,-22.0817,30.2888,-20.7684,1
137,8220,39,-21.2754,11.6645,-80.0686,-23.9725,-79.761,-21.5873,-79.6482,-25.8276,-80.3593,-26.3617,-80.522,-21.812,1
137,8220,44,31.1438,-8.40672,35.17,-123.43,35.3134,-124.141,34.4465,-123.513,34.9948,-122.663,35.813,-123.363,1
137,8220,47,-35.9243,10.4633,17.4099,8.09209,18.0992,8.31988,17.4484,7.33118,16.7835,7.90768,17.3521,8.97221,1
137,8220,50,26.9004,8.86541,13.9139,38.4045,14.5378,38.4685,13.8929,37.7597,13.2214,38.3423,13.9186,39.0083,1
137,8220,57,36.4912,-7.42062,33.9176,-87.1306,34.1191,-87.9294,33.0533,-87.1924,33.6687,-86.246,34.6662,-87.0817,1
137,8220,62,23.6429,7.0784,44.8132,40.1002,45.3449,39.9482,44.6491,39.3629,44.2349,40.2707,44.9551,40.8044,1
137,8220,63,-34.5399,2.24512,23.6923,76.0256,24.359,76.232,23.7159,75.3342,23.0943,75.8493,23.663,76.8052,1
137,8220,69,-20.5773,21.8635,10.0841,-85.8204,10.021,-86.355,9.49577,-85.7694,10.1736,-85.294,10.7455,-85.8554,1
137,8220,75,-36.2524,2.46474,-16.2553,135.95,-15.5878,136.361,-16.0662,135.243,-16.8496,135.591,-16.4666,136.758,1
137,8220,80,-32.9853,-4.21608,60.962,106.408,61.6345,106.16,60.7465,105.293,60.3628,106.617,61.1975,107.652,1
137,8220,89,34.061,0.514976,54.019,37.1248,54.2354,36.1544,53.3487,36.9604,53.7644,38.1987,54.6174,37.2828,1
137,8220,94,39.6765,-5.54263,1.40799,24.2289,1.51634,23.537,0.544795,24.3557,1.26872,25.0184,2.14611,24.1188,1
137,8220,95,-31.8872,15.2543,32.9847,48.3392,33.1528,47.6134,32.3126,48.2507,32.8477,49.018,33.7546,48.461,1
138,8280,10,36.6985,6.51965,11.8422,-106.206,12.5183,-106.116,11.7423,-106.928,11.0635,-106.305,11.917,-105.56,1
138,8280,16,-31.3861,7.80588,14.9469,98.1158,14.9905,97.4708,14.3365,98.1888,14.9174,98.7079,15.6341,98.0398,1
138,8280,26,-33.5453,-15.3534,-24.1871,-47.1807,-23.5358,-46.7377,-23.9461,-47.747,-24.7425,-47.5797,-24.4228,-46.553,1
138,8280,28,-29.3442,-16.1752,-75.9217,65.788,-75.7587,63.0083,-76.4513,65.4309,-76.0518,68.2694,-75.3561,66.0465,2
138,8280,42,6.4538,21.7996,-11.8635,-171.677,-11.962,-172.219,-12.3828,-171.639,-11.7341,-171.099,-11.3234,-171.691,1
138,8280,43,-37.6139,15.9113,19.0343,-152.747,19.1329,-153.527,18.2374,-152.646,18.9729,-152.042,19.9816,-152.85,1
138,8280,44,37.5555,15.4226,38.1551,-116.52,38.3318,-117.51,37.4121,-116.495,37.951,-115.35,38.824,-116.506,1
138,8280,47,34.469,0.837647,10.7917,3.90377,11.436,4.03742,10.7659,3.15947,10.0669,3.75085,10.8082,4.56736,2
138,8280,48,-38.2725,3.80421,-12.8568,32.674,-12.085,32.8831,-12.885,31.9246,-13.5367,32.4998,-12.8212,33.5401,2
138,8280,51,-37.5426,5.81379,-12.4727,68.573,-11.6937,68.7863,-12.4916,67.7949,-13.1644,68.3971,-12.4508,69.4736,1
138,8280,57,39.3971,-2.44877,36.068,-82.7958,36.3288,-83.6767,35.1633,-82.8445,35.7492,-81.7937,36.846,-82.7495,1
138,8280,62,-37.9952,14.3178,46.7949,50.3235,47.5067,50.48,46.6987,49.225,46.1532,50.224,46.8808,51.6281,1
138,8280,63,-32.0079,8.50277,19.9703,78.331,20.575,78.5307,20.0356,77.6674,19.4125,78.163,19.8865,79.079,1
138,8280,65,-35.0266,-0.453083,-35.5434,125.03,-34.8304,125.082,-35.6527,124.265,-36.1762,124.986,-35.41,125.886,1
138,8280,73,-34.3032,7.50874,46.2488,107.359,46.8835,107.845,46.4168,106.378,45.6676,106.948,46.0412,108.469,1
138,8280,75,-26.9539,-7.11326,-19.2669,135.684,-18.6501,135.963,-19.0975,135.102,-19.8229,135.424,-19.4352,136.314,1
138,8280,87,-34.0171,-1.11194,3.55167,-20.7104,3.41614,-21.3823,3.00089,-20.464,3.67396,-20.1118,4.16497,-20.9907,1
138,8280,89,-37.8278,3.26295,62.028,37.1213,62.3323,35.683,61.3628,36.9124,61.7554,38.3716,62.7922,37.372,2
138,8280,94,34.5208,3.89623,5.40765,26.7484,5.45136,26.0958,4.71905,26.866,5.3584,27.4871,6.02645,26.6511,1
139,8340,0,40.0454,2.98166,-7.2034,55.6768,-7.51497,54.9023,-7.89693,56.2954,-6.84008,56.5832,-6.59557,55.1526,1
139,8340,1,27.2476,24.158,30.0256,65.2593,29.6231,64.501,29.4719,65.6562,30.513,66.1308,30.5842,64.9113,2
139,8340,8,33.2152,4.66253,-73.4641,9.30299,-73.3869,6.82596,-74.2101,9.67196,-73.5137,12.1232,-72.7895,9.03245,1
139,8340,11,-27.768,13.7655,-14.5256,-74.9426,-13.9583,-74.8486,-14.4988,-75.5659,-15.0634,-75.0125,-14.567,-74.2427,1
139,8340,16,-21.2041,0.044806,16.4909,100.789,16.4828,100.222,15.9826,100.839,16.4986,101.321,17.032,100.734,2
139,8340,17,40.4354,2.41609,35.8937,135.957,36.1646,135.119,35.0749,135.907,35.5679,136.925,36.6016,136.012,1
139,8340,23,-32.0579,3.79562,75.602,-81.7678,76.1693,-80.7015,75.7197,-84.088,75.0803,-82.6419,75.4427,-79.2241,1
139,8340,25,-29.6502,5.34382,5.35984,-53.4355,5.79654,-53.0382,5.66464,-53.9157,4.95232,-53.7946,5.01816,-52.9052,1
139,8340,26,23.7675,-15.0354,-29.0735,-52.2277,-28.6778,-51.8712,-28.6921,-52.7805,-29.4718,-52.6182,-29.4049,-51.7176,1
139,8340,28,39.157,4.22465,-75.9329,101.736,-76.0783,98.9493,-76.5689,103.414,-75.7247,104.889,-75.3623,100.42,1
139,8340,36,-32.1686,12.3688,19.9038,-15.0352,20.2264,-14.4762,20.3768,-15.4908,19.5891,-15.538,19.3553,-14.5282,1
139,8340,39,19.7535,4.16492,-84.6458,-75.4059,-84.7313,-70.0524,-84.1335,-74.6732,-84.5078,-80.9007,-85.1317,-76.3077,1
139,8340,47,-29.1918,-13.6468,12.9839,10.1026,13.7158,10.1739,12.9903,9.50814,12.3381,10.0275,12.9974,10.737,1
139,8340,57,31.5361,-17.0759,38.2002,-81.6094,38.398,-82.3661,37.3763,-81.8713,37.9538,-80.8173,38.9168,-81.3984,1
139,8340,59,-30.8452,16.3017,37.8213,21.0498,38.4797,21.1389,37.7913,20.1408,37.2035,21.0017,37.8294,22.0951,1
139,8340,61,-25.3482,-9.21574,57.2553,-5.43503,57.6642,-6.30081,56.8342,-6.02018,56.8735,-4.67477,57.7064,-4.819,1
139,8340,62,-26.7439,-11.7637,45.0255,49.9854,45.6742,49.8875,44.93,49.2392,44.4422,50.0576,45.138,50.7749,1
139,8340,63,-38.3189,2.45139,17.8656,80.7752,18.5914,81.0409,17.8902,80.0485,17.2266,80.5519,17.8358,81.6117,1
139,8340,69,-35.0499,-16.3529,14.0956,-85.4406,13.9323,-86.2928,13.5212,-85.2369,14.2186,-84.7082,14.712,-85.6931,1
139,8340,70,24.8413,3.75682,23.7976,-42.715,23.6126,-43.3137,23.2513,-42.4344,23.9983,-42.0628,24.3101,-42.973,1
139,8340,72,7.68102,-17.4215,67.4691,52.3451,67.9205,51.6132,67.2322,51.0003,67.0142,52.9936,67.6964,53.6135,1
139,8340,73,-33.345,21.0511,41.4161,110.217,41.998,110.687,41.719,109.245,40.8523,109.829,41.0263,111.338,1
139,8340,75,-36.0502,1.29585,-23.0143,138.58,-22.3311,138.982,-22.8488,137.845,-23.6206,138.227,-23.1952,139.418,1
139,8340,79,37.8283,5.66186,-9.93285,-54.6673,-10.1707,-55.3879,-10.5822,-54.1988,-9.65314,-53.8348,-9.35173,-55.0681,2
139,8340,89,-13.6601,24.8915,62.0034,50.1833,62.2212,49.2085,61.5393,49.5474,61.7993,51.1955,62.5003,50.9559,2
140,8400,1,38.1556,4.39711,30.9197,67.2509,30.6741,66.3701,30.2122,67.8247,31.197,68.2782,31.5454,66.7529,1
140,8400,11,-37.3489,-5.01779,-15.1222,-72.9439,-14.3395,-72.8437,-15.2102,-73.6102,-15.802,-73.0334,-15.0084,-72.1941,1
140,8400,15,-27.5668,14.1917,-6.43186,79.6967,-6.3998,79.1216,-7.03515,79.7307,-6.44223,80.241,-5.75298,79.6723,1
140,8400,16,31.9365,-13.3724,15.0105,105.955,15.0664,105.363,14.2676,105.972,14.9268,106.592,15.6605,105.928,1
140,8400,20,33.1196,-3.14576,-2.46784,127.196,-2.74764,126.688,-2.97673,127.63,-2.1639,127.761,-2.01432,126.808,1
140,8400,25,-34.4778,-10.2078,3.20047,-52.7513,3.78622,-52.2995,3.4654,-53.271,2.69399,-53.1512,2.92436,-52.1716,1
140,8400,28,36.2968,-9.64151,-73.6105,103.725,-73.7352,101.62,-74.3059,104.947,-73.465,106.043,-73.0061,102.724,1
140,8400,36,33.1033,11.7333,16.4764,-21.8768,16.9035,-21.3701,16.8571,-22.4006,15.9785,-22.4458,16.112,-21.4099,1
140,8400,42,-33.2565,-21.7575,-7.00088,-173.287,-7.17559,-174.194,-7.60632,-173.141,-6.87233,-172.515,-6.3653,-173.482,1
140,8400,44,23.8127,-23.7673,41.3661,-114.535,41.5067,-115.269,40.6584,-114.902,41.1848,-113.807,41.9924,-114.236,2
140,8400,47,-31.0234,-12.4447,10.0843,12.4714,10.8353,12.5625,10.0841,11.8674,9.42482,12.3808,10.1043,13.1229,1
140,8400,50,-26.4615,-20.4855,10.9808,47.1181,11.7746,47.1318,11.0119,46.5138,10.2868,47.0857,10.9805,47.7454,1
140,8400,57,34.9121,-13.1676,39.9847,-77.0169,40.2536,-77.8085,39.1291,-77.2991,39.6589,-76.1688,40.7237,-76.7833,1
140,8400,59,-27.5224,-11.6486,37.0147,21.1367,37.737,21.082,36.9294,20.4057,36.3685,21.1718,37.1191,21.9134,1
140,8400,73,-12.9202,19.1755,37.5818,109.092,38.0827,109.321,37.8002,108.436,37.0686,108.891,37.3221,109.79,6
140,8400,74,-37.0454,-11.1279,8.18948,125.624,8.98946,126.035,8.35408,124.958,7.50833,125.265,8.02786,126.373,1
140,8400,75,-33.0045,0.671972,-26.5294,139.619,-25.8814,139.972,-26.3713,138.913,-27.1118,139.303,-26.699,140.411,1
140,8400,78,33.0464,23.845,-37.6654,-67.861,-38.0158,-68.7925,-38.2399,-67.4079,-37.2138,-66.7804,-37.0999,-68.2334,1
140,8400,79,31.4357,-6.55027,-7.36202,-54.9057,-7.54882,-55.4978,-8.01507,-54.5661,-7.16883,-54.2545,-6.78253,-55.211,1
140,8400,87,-29.0932,23.7135,12.2396,-16.0127,12.1414,-16.5951,11.573,-15.867,12.3683,-15.4586,13.0203,-16.1578,1
140,8400,94,37.5454,-2.14627,10.0724,31.4096,10.1694,30.7319,9.28804,31.5138,9.95214,32.1784,10.7568,31.3202,1
141,8460,1,37.3847,-7.05456,33.1367,67.8443,32.958,66.993,32.3249,68.3692,33.3132,68.8147,33.832,67.3804,1
141,8460,2,33.335,3.60123,64.9569,99.5947,65.059,97.937,64.1989,99.7095,64.8204,101.448,65.6392,99.5078,1
141,8460,3,21.5739,-24.3939,66.3619,-173.612,66.9711,-173.705,66.4258,-175.606,65.7499,-173.615,66.3101,-171.864,1
141,8460,11,-38.4153,0.901383,-18.1781,-69.866,-17.4114,-69.7366,-18.27,-70.5808,-18.8487,-69.9738,-18.0652,-69.0465,1
141,8460,17,-9.29665,17.7606,44.4838,142.489,44.6356,141.838,44.0136,142.23,44.3437,143.156,44.98,142.794,1
141,8460,25,-26.5862,13.0065,-2.87742,-52.8837,-2.47008,-52.5195,-2.54546,-53.3465,-3.27378,-53.2161,-3.25732,-52.3741,1
141,8460,28,29.6705,-6.85617,-69.4604,105.924,-69.6279,104.453,-70.0278,106.763,-69.2752,107.501,-68.9497,105.196,1
141,8460,34,-27.5368,24.6931,81.4709,18.2274,81.459,22.054,82.1442,18.1333,81.4098,14.5348,80.6893,18.1568,1
141,8460,39,10.7667,-19.6951,-85.5392,-144.579,-86.021,-142.987,-85.4636,-137.59,-85.0592,-145.604,-85.5661,-151.17,1
141,8460,44,35.1794,13.4373,43.7278,-104.696,44.0045,-105.64,43.0353,-104.856,43.4091,-103.602,44.3528,-104.515,2
141,8460,56,12.5362,22.0479,23.8695,-105.481,23.8009,-106.121,23.3196,-105.469,23.9653,-104.782,24.4303,-105.464,2
141,8460,59,-37.9703,13.69,33.461,27.9284,34.2254,28.1649,33.4365,26.9394,32.771,27.7527,33.4658,29.0995,1
141,8460,63,-39.564,-1.06942,12.1057,84.7142,12.8815,84.9856,12.1157,83.9984,11.4338,84.4845,12.0995,85.5391,1
141,8460,69,13.2957,21.6788,20.4489,-75.0909,20.3388,-75.6574,19.9471,-75.0272,20.5885,-74.474,20.9611,-75.1297,1
141,8460,70,17.29,10.9734,31.5429,-40.1184,31.3535,-40.7252,31.0411,-39.8818,31.7538,-39.466,32.0362,-40.3366,1
141,8460,75,-30.5156,-12.9155,-28.7505,140.182,-28.0229,140.46,-28.6183,139.512,-29.3867,139.922,-28.8674,140.91,1
141,8460,78,27.6475,-1.52129,-36.5951,-68.4952,-36.7601,-69.2004,-37.1878,-68.1552,-36.4153,-67.7304,-36.0522,-68.8007,1
141,8460,79,36.881,-11.4449,-4.70146,-53.3321,-4.86512,-53.991,-5.50296,-52.9297,-4.54219,-52.592,-4.01922,-53.6843,1
142,8520,1,33.6068,-18.6654,35.5246,68.013,35.3458,67.2156,34.6247,68.4207,35.6741,68.8885,36.2828,67.6369,1
142,8520,2,-20.5573,14.5945,72.3621,99.2342,72.4345,97.2895,71.7424,99.0368,72.2936,101.117,73.0417,99.5207,1
142,8520,3,-32.1598,4.57816,64.3635,-152.992,65.0347,-152.291,64.4984,-154.572,63.7485,-153.577,64.1896,-151.236,1
142,8520,14,-35.2485,-22.0117,-28.5401,54.4735,-28.5233,53.4196,-29.1515,54.5132,-28.5686,55.3574,-27.8845,54.3836,1
142,8520,20,-9.30055,16.2854,7.30009,124.495,7.02771,124.109,6.89375,124.76,7.5885,124.877,7.74092,124.225,1
142,8520,25,-9.69817,-21.3059,-3.91019,-54.5124,-3.43011,-54.2481,-3.59937,-54.8966,-4.34405,-54.773,-4.19568,-54.1242,1
142,8520,28,30.5739,1.1233,-65.1829,109.694,-65.4016,108.453,-65.6915,110.519,-64.9309,111.043,-64.7148,108.978,1
142,8520,29,9.59644,16.6711,-28.3995,119.721,-28.6933,119.28,-28.7865,120.027,-28.0722,120.179,-27.9979,119.43,1
142,8520,33,28.3269,14.3499,63.4527,160.18,63.0101,159.267,63.1098,161.195,63.9541,161.22,63.7849,159.227,1
142,8520,43,-24.0031,17.8472,29.2525,-141.568,29.2855,-142.221,28.6314,-141.58,29.242,-140.935,29.9486,-141.533,1
142,8520,44,38.7404,2.74857,44.2566,-101.35,44.6332,-102.234,43.4635,-101.614,43.8108,-100.344,44.9466,-101.102,1
142,8520,47,-36.7492,14.204,2.33087,19.041,3.01729,19.2882,2.40528,18.2741,1.70301,18.843,2.2284,19.9402,1
142,8520,56,36.7015,5.50788,23.5183,-101.854,23.5892,-102.66,22.7419,-101.704,23.4341,-100.926,24.2094,-101.974,1
142,8520,59,-33.5618,17.1874,30.0774,30.4258,30.759,30.6081,30.1115,29.537,29.4412,30.2943,30.0107,31.4605,1
142,8520,70,32.8822,23.6609,35.5674,-35.4662,35.2761,-36.3928,34.965,-35.0955,35.9305,-34.369,36.1535,-35.7718,1
142,8520,75,-7.17474,-23.1931,-32.4276,138.903,-31.8335,139.053,-32.1922,138.304,-32.9703,138.736,-32.627,139.494,2
142,8520,79,25.6935,-10.5884,-0.440019,-53.506,-0.631081,-54.0384,-1.0588,-53.2341,-0.252679,-52.937,0.114858,-53.7599,1
142,8520,87,37.6189,7.44598,14.4744,-7.87071,14.3497,-8.57088,13.8334,-7.5424,14.6212,-7.05975,15.0496,-8.15081,1
142,8520,88,28.3943,5.39439,44.1878,15.3488,44.199,14.5627,43.6086,15.452,44.173,16.217,44.7246,15.2628,1
142,8520,95,34.42,17.0365,37.7635,71.2502,38.0051,70.3786,37.1066,71.1234,37.4901,72.2691,38.3629,71.4049,1
143,8580,2,-1.88987,-18.3216,71.1996,103.805,71.2312,101.991,70.6391,103.425,71.1339,105.515,71.7416,104.128,2
143,8580,3,-33.4091,10.8631,60.4569,-148.525,61.0925,-147.763,60.6788,-149.98,59.8639,-149.159,60.1729,-146.889,1
143,8580,16,19.7347,5.3162,25.2444,114.172,25.2697,113.606,24.7215,114.183,25.2189,114.778,25.7435,114.169,1
143,8580,19,39.854,-2.363,24.2035,-121.206,24.8972,-121.116,24.037,-122.101,23.4057,-121.319,24.3404,-120.433,1
143,8580,20,32.4275,-16.6122,7.45278,128.074,7.19356,127.573,6.81603,128.488,7.70706,128.626,7.99633,127.702,1
143,8580,23,33.9337,21.258,57.5936,-77.8583,58.2745,-77.4225,57.6998,-78.9999,56.7822,-78.3121,57.4516,-76.8139,2
143,8580,25,-34.8569,-3.80983,-8.65512,-51.4218,-8.1172,-50.9647,-8.38142,-51.9588,-9.1291,-51.8273,-8.95191,-50.8176,1
143,8580,27,-39.4066,9.93808,-74.7981,5.26562,-74.0652,5.09549,-75.0465,2.64085,-75.4435,5.50347,-74.4756,8.25372,1
143,8580,28,30.0906,-13.8306,-62.8931,110.872,-63.0996,109.771,-63.5006,111.601,-62.6816,112.05,-62.3598,110.232,1
143,8580,29,11.6803,-16.2096,-27.3998,119.876,-27.6792,119.441,-27.8539,120.179,-27.1339,120.318,-26.9832,119.582,1
143,8580,33,18.0609,-10.9472,64.8835,157.459,64.5268,156.681,64.5014,158.39,65.2375,158.303,65.2256,156.558,1
143,8580,34,36.1544,11.6542,76.9323,-23.6936,77.4146,-21.4572,77.265,-26.3398,76.3431,-26.0564,76.5938,-21.468,1
143,8580,44,-1.09122,-23.9479,48.6027,-102.15,48.7591,-102.985,48.1131,-102.576,48.4277,-101.385,49.0745,-101.775,1
143,8580,47,-37.0471,16.3371,-0.809251,21.3131,-0.122934,21.5657,-0.721121,20.5232,-1.44002,21.1135,-0.93088,22.2462,1
143,8580,56,30.1397,11.1109,27.159,-99.3872,27.1892,-100.145,26.5035,-99.3029,27.1308,-98.5316,27.7686,-99.4461,2
143,8580,59,-24.8132,-6.02033,28.4621,30.1727,29.1138,30.2145,28.4397,29.5213,27.866,30.1299,28.4923,30.867,1
143,8580,61,25.0029,14.5993,50.2163,21.8042,50.737,21.3896,49.9272,21.0712,49.6406,22.2752,50.4719,22.5279,1
143,8580,62,-28.2785,-0.00758003,33.7134,64.1847,34.3187,64.2899,33.7075,63.5118,33.1589,64.0924,33.7181,64.9199,2
143,8580,78,38.1504,-0.686507,-30.1599,-63.9032,-30.3413,-64.7152,-30.874,-63.393,-29.9529,-62.9745,-29.5343,-64.337,2
143,8580,88,29.0862,-24.4104,44.7082,16.0053,44.734,15.22,43.9102,15.8734,44.6371,16.8126,45.3942,16.0894,1
143,8580,93,37.5231,5.70036,-7.19033,14.2868,-7.14732,13.5762,-7.92148,14.4548,-7.23587,15.1076,-6.54046,14.1507,1
143,8580,95,31.7452,-10.5017,38.4464,71.8214,38.7191,71.1582,37.7575,71.5087,38.1303,72.5253,39.056,72.0917,1
144,8640,0,28.0736,16.7373,12.6396,58.1228,12.2785,57.4938,12.1111,58.5192,13.0649,58.831,13.1556,57.7687,1
144,8640,10,-17.3763,20.3678,-2.85326,-88.0744,-2.34358,-88.0178,-2.76893,-88.625,-3.36422,-88.1067,-2.96593,-87.4693,1
144,8640,15,-5.51092,-24.361,1.06149,87.8304,0.938291,87.2764,0.53059,87.816,1.15268,88.3468,1.56724,87.8189,1
144,8640,16,-39.2488,-1.30747,31.545,112.108,31.6752,111.169,30.8606,112.222,31.4302,112.92,32.3307,111.967,2
144,8640,21,20.0867,14.8057,49.4038,137.515,49.1374,136.817,48.9764,137.919,49.7027,138.278,49.8275,137.136,1
144,8640,23,-16.6676,-23.7869,59.6492,-70.2505,60.2287,-69.819,59.9063,-71.12,59.1355,-70.6633,59.4137,-69.3773,1
144,8640,25,-33.2949,3.65806,-13.1484,-51.0368,-12.6709,-50.5958,-12.8508,-51.5718,-13.5834,-51.4307,-13.4824,-50.4346,1
144,8640,27,13.9462,-13.095,-79.9446,-0.256058,-79.4816,-0.777873,-80.0123,-3.24756,-80.4142,0.24124,-79.8469,2.48141,1
144,8640,29,-19.5891,-17.8305,-23.3893,117.546,-23.7593,117.039,-23.7947,117.854,-23.0646,118.014,-22.9887,117.217,1
144,8640,33,1.0083,-24.6934,67.3368,153.087,66.8746,152.389,66.9465,154.058,67.7553,153.822,67.6789,152.108,2
144,8640,34,-27.8155,13.1387,72.3151,-3.31585,72.5081,-1.55099,72.8377,-4.24661,72.103,-4.92065,71.7185,-2.36868,1
144,8640,39,-26.7945,-16.0773,-75.8892,160.78,-76.3973,158.933,-76.2146,162.516,-75.4359,162.357,-75.5522,158.985,1
144,8640,44,38.8244,5.61297,46.5721,-91.1563,47.0333,-92.0228,45.8189,-91.56,46.0287,-90.164,47.227,-90.7743,2
144,8640,46,-34.2128,5.84694,25.047,-0.807922,25.7346,-0.630221,25.0429,-1.55205,24.4249,-0.954086,25.0435,0.0373123,1
144,8640,47,-35.7456,-3.89027,-2.0878,21.8025,-1.32134,21.9708,-2.10465,21.1413,-2.75997,21.6543,-2.05804,22.5448,1
144,8640,56,-24.6138,-0.278605,32.8209,-101.886,32.8589,-102.631,32.2421,-101.853,32.7835,-101.197,33.4446,-101.925,1
144,8640,61,20.4695,13.9666,49.2771,27.1008,49.7805,26.7758,49.054,26.3779,48.7296,27.4678,49.4741,27.8189,1
144,8640,62,-16.4013,-19.4049,31.4101,64.4761,32.0102,64.4551,31.4513,63.8821,30.8634,64.4749,31.3886,65.0722,2
144,8640,72,27.0578,11.0243,53.7542,86.4321,54.3782,86.5035,53.7144,85.4003,53.0579,86.3729,53.7673,87.4043,1
144,8640,81,-29.5158,11.8274,9.76074,157.425,10.2889,157.678,9.93331,156.841,9.26123,157.206,9.55484,158.08,1
144,8640,93,19.2867,16.0798,-2.36338,15.6546,-2.40736,15.0985,-2.88742,15.7047,-2.29922,16.2638,-1.84845,15.6249,1
144,8640,94,22.6886,24.1744,23.4769,42.6902,23.456,41.9945,22.922,42.6824,23.5227,43.4817,24.0259,42.7349,3
144,8640,95,-12.3838,14.3745,44.5626,77.0543,44.7777,76.4206,44.1018,76.7339,44.3586,77.6911,45.0485,77.42,1
145,8700,1,22.9842,23.8711,50.6924,74.729,50.4066,73.7002,50.1146,75.078,51.0336,75.9017,51.2758,74.432,2
145,8700,2,33.9229,-19.5393,70.5554,127.509,70.9848,125.915,69.7436,125.879,70.047,129.072,71.2427,128.946,2
145,8700,8,-27.797,-22.7485,-54.2019,23.4976,-54.5007,22.0681,-54.8057,23.8215,-53.9529,24.7278,-53.5886,23.1069,1
145,8700,9,19.8762,-14.5182,-21.4188,47.3408,-21.6845,46.7953,-22.0251,47.6654,-21.1623,47.909,-20.8722,47.0339,1
145,8700,11,-30.4653,-24.1232,-27.4571,-61.6629,-26.6302,-61.8476,-27.5445,-62.3054,-28.1657,-61.5286,-27.3227,-61.0022,1
145,8700,13,-32.2824,19.9076,-39.9967,33.6099,-39.7009,32.9001,-40.655,33.2808,-40.2417,34.2994,-39.2358,34.0112,1
145,8700,25,-34.6541,-22.2769,-14.1911,-50.8763,-13.4216,-50.4338,-13.9324,-51.4193,-14.8283,-51.2695,-14.4308,-50.2752,1
145,8700,27,9.87826,-23.2598,-80.8756,16.1373,-80.4481,14.5064,-81.057,12.7391,-81.2954,17.7323,-80.6639,19.0756,1
145,8700,34,21.4336,-14.9714,71.8989,-18.1711,72.2152,-16.8997,72.3663,-19.4127,71.5785,-19.4745,71.4761,-17.0655,1
145,8700,46,-38.917,3.92497,22.7491,2.04295,23.5312,2.28774,22.7238,1.23668,22.062,1.84259,22.7737,2.9792,1
145,8700,55,37.0673,10.284,5.46541,-119.208,5.43417,-119.99,4.72407,-118.969,5.50987,-118.296,6.13365,-119.402,1
145,8700,56,30.1439,14.8986,32.4123,-93.0572,32.4694,-93.8821,31.7588,-93.0136,32.3565,-92.1159,33.0242,-93.0697,1
145,8700,61,17.7869,16.8028,47.7296,32.4871,48.2398,32.215,47.5573,31.7728,47.1759,32.8012,47.8767,33.2054,1
145,8700,62,-31.7874,18.0711,26.7095,71.0138,27.2996,71.2135,26.8113,70.2568,26.1497,70.8589,26.5681,71.8841,2
145,8700,63,-30.9258,-18.4889,0.490686,90.4703,1.2642,90.5586,0.5273,89.9014,-0.177627,90.3773,0.481611,91.0765,1
145,8700,64,-31.7316,14.2793,-30.3077,116.094,-29.6987,116.222,-30.2955,115.335,-30.876,115.998,-30.3303,116.962,1
145,8700,67,-1.20706,19.7342,-24.8951,-111.783,-24.9655,-112.32,-25.3896,-111.756,-24.7999,-111.225,-24.3737,-111.79,1
145,8700,71,35.0831,-0.0186816,64.9601,20.9578,65.3929,19.717,64.2733,20.1771,64.4565,22.302,65.5635,21.693,1
145,8700,73,-16.7948,-20.696,24.0346,115.305,24.6648,115.509,24.2559,114.755,23.4701,115.102,23.8361,115.863,1
145,8700,74,-32.7021,17.9003,-12.5664,131.829,-12.004,132.205,-12.2606,131.134,-13.1053,131.505,-12.9381,132.633,1
145,8700,78,-18.1893,6.97064,-20.3383,-66.7812,-20.5169,-67.3345,-20.8415,-66.5595,-20.1567,-66.2531,-19.7971,-67.0108,1
145,8700,80,34.7568,12.6521,34.1543,133.608,34.8184,133.747,34.1202,132.824,33.385,133.465,34.1607,134.324,2
145,8700,81,-36.2543,-16.2486,9.31388,158.361,10.1305,158.61,9.393,157.75,8.62314,158.137,9.25563,159.036,1
145,8700,87,38.1209,9.22381,24.3439,-2.21069,24.2426,-2.98031,23.6881,-1.8848,24.4643,-1.31277,24.9327,-2.4859,1
146,8760,1,31.6313,-11.128,50.0611,75.8176,49.9537,74.8184,49.2747,76.1895,50.1469,76.9124,50.748,75.4658,1
146,8760,13,-31.5579,0.212068,-39.293,35.4235,-39.0421,34.6476,-39.8709,35.2705,-39.5123,36.1305,-38.6519,35.5865,1
146,8760,19,-20.0655,-3.21926,20.3454,-108.833,20.8888,-108.799,20.343,-109.368,19.8365,-108.867,20.3509,-108.27,1
146,8760,21,21.5569,-19.1676,53.7231,139.486,53.5094,138.719,53.1392,139.856,53.9142,140.292,54.2396,139.118,1
146,8760,25,-40.0789,3.71241,-20.4698,-49.0726,-19.9153,-48.4949,-20.1627,-49.7481,-20.9575,-49.5708,-20.8239,-48.2817,1
146,8760,46,-36.6657,-5.62063,20.4604,3.35399,21.264,3.51948,20.4189,2.64027,19.762,3.20893,20.5174,4.15653,2
146,8760,47,-39.9215,7.20967,-8.5372,27.3342,-7.75397,27.595,-8.54341,26.5414,-9.22654,27.1216,-8.53194,28.267,2
146,8760,59,37.9952,0.00930602,15.298,32.847,16.0232,33.0004,15.2181,31.9711,14.4674,32.6659,15.3594,33.6117,2
146,8760,61,24.0262,-17.6833,46.9099,32.5917,47.422,32.4067,46.7646,31.6452,46.375,32.7456,47.0484,33.4358,2
146,8760,62,-20.553,-6.4378,24.8944,70.6284,25.4509,70.7063,24.9313,70.0744,24.3781,70.5513,24.8617,71.2093,2
146,8760,64,-37.5986,14.9724,-32.572,119.794,-31.8773,119.97,-32.6031,118.897,-33.2021,119.665,-32.5423,120.853,1
146,8760,72,-18.0883,-7.2049,51.7648,97.281,52.3346,97.48,51.8574,96.4413,51.2336,97.0903,51.6715,98.1519,2
146,8760,78,-31.2121,5.41295,-16.3924,-66.9239,-16.5642,-67.604,-16.9742,-66.63,-16.2241,-66.3069,-15.7391,-67.2475,2
146,8760,85,-36.2692,-8.15612,-32.7132,-45.6478,-32.7787,-46.5632,-33.2986,-45.4193,-32.6564,-44.8534,-32.0647,-45.9172,1
146,8760,87,37.0362,0.249103,26.8039,-0.894578,26.7567,-1.61871,26.1111,-0.620968,26.849,-0.0697085,27.4144,-1.13343,1
146,8760,88,-25.2204,10.9067,58.1067,28.3418,58.2469,27.343,57.5575,28.1717,57.98,29.2875,58.7115,28.5547,2
146,8760,89,-25.7374,-19.1464,61.7627,97.4456,62.3829,96.8253,61.5503,96.4291,61.2057,97.9411,61.9991,98.4915,2
146,8760,90,39.6743,-1.54742,-49.3613,-96.3052,-48.6907,-96.6753,-49.876,-97.3333,-50.1359,-95.8786,-48.9129,-95.4326,1
146,8760,93,34.453,22.9673,2.78298,22.2927,2.70484,21.5059,2.13876,22.4479,2.90152,23.2278,3.39295,22.1883,2
146,8760,94,-30.257,4.71368,30.8655,43.4483,30.9886,42.7263,30.2633,43.4326,30.7572,44.1099,31.5352,43.4692,1
147,8820,0,-9.60316,-20.1059,20.7499,55.6722,20.3842,55.1186,20.2338,55.9386,21.0694,56.1991,21.2427,55.3868,1
147,8820,1,18.7954,-7.20756,54.539,76.7923,54.408,75.8519,53.9357,77.0669,54.6576,77.7812,55.0985,76.5186,1
147,8820,9,23.7008,-20.4091,-15.0356,49.1568,-15.3177,48.6051,-15.7477,49.4892,-14.7739,49.7359,-14.4148,48.8456,1
147,8820,15,-30.0569,4.73538,13.1885,94.4962,13.2141,93.8642,12.6055,94.575,13.1716,95.0761,13.8365,94.4111,1
147,8820,21,-28.3613,4.50211,60.6776,134.823,60.4372,133.755,60.2126,135.427,60.8983,135.817,61.1884,134.141,1
147,8820,25,-20.3211,-20.556,-22.4368,-51.3635,-21.8853,-51.0497,-22.1577,-51.8154,-22.9223,-51.664,-22.6966,-50.8902,2
147,8820,29,-12.9582,18.3195,-9.18645,120.135,-9.45775,119.733,-9.61588,120.405,-8.89715,120.527,-8.71233,119.858,1
147,8820,30,-39.6487,9.96238,-25.9824,155.701,-26.3884,154.993,-26.4536,156.345,-25.6057,156.309,-25.4169,154.954,1
147,8820,38,-9.12284,19.852,-82.4737,-36.662,-82.219,-33.5592,-82.0139,-38.23,-82.7287,-39.9719,-82.9702,-34.887,1
147,8820,41,-39.2098,8.39443,-11.2513,-179.674,-11.1414,179.517,-12.0158,-179.535,-11.3282,-178.959,-10.3524,-179.83,1
147,8820,46,-36.9422,8.02372,16.3814,6.63766,17.097,6.87425,16.4045,5.87733,15.7388,6.44415,16.3453,7.51747,1
147,8820,56,37.2652,14.5195,36.215,-85.4889,36.3797,-86.4825,35.4443,-85.4411,36.025,-84.3166,36.9089,-85.4965,1
147,8820,61,-26.8601,3.7503,47.6322,43.187,48.2154,43.1331,47.5192,42.3781,47.0916,43.2449,47.7472,44.077,1
147,8820,62,-26.1135,13.2614,20.7718,74.5657,21.3155,74.7174,20.8607,73.945,20.2518,74.4408,20.6576,75.2549,1
147,8820,64,-17.377,-24.5677,-34.0783,117.523,-33.4289,117.403,-34.0547,116.883,-34.6606,117.604,-34.0678,118.155,1
147,8820,69,-37.1817,-13.1353,38.316,-66.3542,38.298,-67.45,37.6965,-66.1777,38.3124,-65.4191,38.9984,-66.5864,2
147,8820,71,4.80217,-23.1031,68.6813,33.197,69.036,31.9884,68.3156,31.9193,68.3163,34.2691,69.0307,34.3821,1
147,8820,72,-27.126,5.17977,47.9962,102.241,48.5753,102.589,48.1343,101.364,47.4546,101.937,47.833,103.199,1
147,8820,78,-33.0395,-18.0921,-15.2159,-66.9536,-15.586,-67.779,-15.7591,-66.6261,-14.9119,-66.2408,-14.6482,-67.3342,1
147,8820,85,-35.7661,-20.8498,-30.7948,-44.2214,-31.0045,-45.2455,-31.3663,-43.9886,-30.6309,-43.3587,-30.1884,-44.5131,1
147,8820,86,-20.7499,18.8978,2.90801,-21.7065,2.78449,-22.2082,2.36368,-21.5713,3.05125,-21.2195,3.51714,-21.8391,1
147,8820,87,33.1281,-1.89627,30.0523,0.658094,30.0089,-0.0225531,29.4045,0.869238,30.0906,1.41539,30.631,0.468091,1
147,8820,88,-36.1046,15.4032,61.5725,34.1201,61.8704,32.8592,60.8776,33.7628,61.3148,35.2695,62.3814,34.592,1
147,8820,89,-37.292,9.1878,59.5832,110.187,60.286,110.25,59.4197,108.858,58.9554,110.164,59.7487,111.747,1
147,8820,93,32.5426,16.9749,5.14867,23.9167,5.11848,23.216,4.52379,24.0456,5.20043,24.727,5.73424,23.8235,2
147,8820,94,-31.9372,19.3263,34.4108,47.963,34.5926,47.2324,33.7113,47.8229,34.2663,48.6554,35.2202,48.154,1
147,8820,95,39.2379,-11.8562,41.9873,89.755,42.4733,89.1144,41.197,89.1194,41.4165,90.4411,42.6572,90.2938,1
148,8880,1,-29.0578,6.74498,61.4101,73.1452,61.2684,71.7545,60.7863,73.6282,61.5399,74.435,62.1048,72.5952,3
148,8880,7,38.799,-3.28689,-76.3104,-0.412319,-76.063,-3.48037,-77.243,-0.405709,-76.5586,3.21737,-75.5076,-0.410378,1
148,8880,9,39.8705,-2.89848,-10.2252,52.5861,-10.4985,51.8253,-10.9777,53.1986,-9.91983,53.4684,-9.5789,52.0666,1
148,8880,15,38.8439,13.0318,12.2831,102.627,12.289,101.845,11.5732,102.835,12.2856,103.551,12.921,102.465,1
148,8880,21,-30.068,-14.643,62.6423,135.284,62.2782,133.999,62.2009,135.959,62.9421,136.456,63.097,134.503,1
148,8880,22,37.3255,1.50031,72.986,-107.313,73.6328,-107.243,72.796,-109.684,72.2476,-107.395,73.1245,-105.18,1
148,8880,27,29.4437,-14.4389,-78.4061,86.5531,-78.4137,83.8847,-79.0871,86.9592,-78.3921,89.394,-77.8057,86.1747,2
148,8880,38,34.6776,17.4138,-83.0656,-82.6281,-83.2191,-76.8186,-82.423,-82.2462,-82.818,-89.0862,-83.6535,-83.3025,1
148,8880,42,17.7904,14.2072,16.3945,-149.994,16.3337,-150.569,15.8659,-149.923,16.4727,-149.37,16.9144,-150.046,1
148,8880,43,38.5126,-5.51312,37.66,-119.695,37.9155,-120.52,36.7988,-119.799,37.3488,-118.772,38.4014,-119.607,1
148,8880,46,-27.8765,-2.72507,13.6189,7.11426,14.2561,7.22808,13.6369,6.52094,13.0383,7.01043,13.6038,7.75833,1
148,8880,55,22.7687,-2.13574,14.1785,-114.995,14.163,-115.577,13.5677,-114.922,14.1889,-114.375,14.746,-115.064,1
148,8880,56,-20.4428,-11.0194,41.623,-89.2479,41.6947,-90.0912,41.0765,-89.322,41.5419,-88.4769,42.1915,-89.1897,1
148,8880,58,31.1886,1.16358,35.4065,10.0406,36.0496,9.99361,35.2298,9.20494,34.6925,10.0895,35.5569,10.8015,1
148,8880,61,-38.567,-10.9668,47.4257,46.87,48.2996,46.8069,47.2297,45.944,46.6816,46.91,47.6596,47.9105,1
148,8880,62,-36.5207,-10.322,20.3624,76.2908,21.1605,76.4657,20.3513,75.6198,19.6756,76.1332,20.392,77.0375,1
148,8880,67,16.2107,21.3489,-16.6021,-103.694,-16.7317,-104.259,-17.1065,-103.601,-16.4367,-103.076,-16.0911,-103.761,1
148,8880,71,20.8446,7.76263,66.2134,49.6743,66.7061,48.9978,65.9038,48.5124,65.6805,50.392,66.4921,50.8243,1
148,8880,72,-26.9617,-24.579,47.4893,102.423,48.322,102.612,47.6329,101.564,46.7757,102.23,47.3753,103.313,1
148,8880,74,-27.6904,-10.9517,-20.3347,133.77,-19.6775,134.043,-20.171,133.177,-20.9191,133.514,-20.4905,134.408,1
148,8880,87,32.6857,-15.3416,32.0693,2.00174,32.05,1.3283,31.3151,2.12807,32.0611,2.72957,32.7221,1.87482,1
148,8880,88,-32.057,-16.4231,61.3883,35.3462,61.5616,33.7951,60.8288,35.1711,61.2099,36.6702,61.9926,35.4855,1
148,8880,89,-37.1016,-4.18497,58.1059,113.564,58.8684,113.562,57.9369,112.407,57.4411,113.564,58.2943,114.878,1
148,8880,93,27.5269,-13.5201,6.04609,23.6937,6.08079,23.1401,5.35815,23.6928,5.98883,24.2785,6.65881,23.6826,2
149,8940,9,36.0775,4.31774,-5.61722,52.9095,-5.92754,52.2174,-6.24331,53.43,-5.25997,53.7013,-5.05379,52.4573,1
149,8940,15,19.0849,3.32259,15.7627,102.497,15.7556,101.973,15.2422,102.541,15.7709,103.056,16.2588,102.461,1
149,8940,20,-26.2359,-7.12355,31.8291,125.534,31.4939,124.954,31.4315,125.919,32.1273,126.068,32.2459,125.109,1
149,8940,21,34.4497,0.715912,65.1867,152.125,65.0984,150.702,64.5576,152.685,65.267,153.734,65.7479,151.611,1
149,8940,22,-32.3805,14.9198,72.7799,-79.1242,73.2913,-78.0223,73.0101,-81.1703,72.2901,-80.0268,72.4776,-76.8621,1
149,8940,27,31.0842,-16.0662,-75.4562,95.5846,-75.5436,93.4189,-76.1582,96.3598,-75.3652,97.8893,-74.8449,94.9144,1
149,8940,38,-10.76,-18.1925,-86.5133,-54.3579,-86.3143,-46.2627,-86.0296,-55.6036,-86.6137,-62.6219,-86.9844,-52.3862,1
149,8940,43,35.3689,-10.8971,39.7516,-116.8,40.0003,-117.573,38.9363,-117.019,39.4508,-115.964,40.4583,-116.618,1
149,8940,46,-30.7071,-12.1215,11.656,8.90632,12.3987,8.99618,11.656,8.30195,11.0023,8.81689,11.6748,9.55772,1
149,8940,56,39.6593,-6.83654,38.571,-80.528,38.8874,-81.3968,37.6278,-80.6979,38.1837,-79.5539,39.3736,-80.3837,1
149,8940,58,-28.7881,-17.6014,39.0673,16.2311,39.8605,16.0896,38.9631,15.4658,38.3712,16.3308,39.201,17.0345,1
149,8940,61,-26.3409,10.2217,42.3801,51.5798,42.9459,51.6269,42.3445,50.803,41.8466,51.5545,42.4041,52.4422,1
149,8940,62,-30.3403,10.6618,15.0928,79.0165,15.672,79.2065,15.1792,78.383,14.5514,78.8568,14.9837,79.7283,1
149,8940,72,-30.0796,-4.84699,42.3896,106.414,43.0383,106.779,42.5265,105.615,41.8066,106.088,42.2433,107.285,1
149,8940,81,34.3787,-19.4912,-6.98996,158.246,-6.46038,158.506,-6.68632,157.449,-7.5455,157.933,-7.23071,158.931,1
149,8940,87,35.5815,10.4943,36.9734,6.79605,36.9306,5.95511,36.3342,7.0409,37.0246,7.76669,37.5552,6.59239,1
149,8940,88,39.0727,-2.2902,57.0684,49.6673,57.4772,48.6803,56.3218,49.1594,56.5839,50.7614,57.7121,50.127,1
149,8940,89,-36.1535,18.4725,53.8628,121.42,54.5095,121.68,53.8727,120.159,53.2645,121.24,53.8146,122.907,1
149,8940,93,32.2308,-15.0701,8.21055,26.3156,8.27807,25.7241,7.429,26.3102,8.11144,26.9499,8.89024,26.3068,1
150,9000,0,39.1332,5.81767,32.2789,65.5624,32.0289,64.6335,31.5609,66.1669,32.5647,66.6556,32.9131,65.0416,1
150,9000,2,-33.8928,19.7557,68.1542,-159.825,68.8228,-159.016,68.3436,-162.018,67.5168,-160.44,67.8712,-157.304,1
150,9000,16,-37.8235,4.46284,45.7104,134.555,46.02,133.581,45.0271,134.413,45.4399,135.411,46.4978,134.724,2
150,9000,24,14.3152,-14.7593,0.688963,-59.2782,1.0774,-59.0032,1.02577,-59.6943,0.306819,-59.5678,0.385889,-58.8842,1
150,9000,27,37.5507,-13.575,-72.1893,103.753,-72.3282,101.782,-72.9428,105.005,-72.0369,105.932,-71.5467,102.735,1
150,9000,38,36.5415,16.0231,-82.4475,-145.208,-83.1629,-144.003,-82.1425,-140.704,-81.6053,-146.475,-82.6556,-149.666,1
150,9000,43,35.8845,8.76308,42.5464,-110.11,42.8169,-111.011,41.8264,-110.245,42.2326,-109.076,43.1901,-109.963,1
150,9000,46,-30.7783,-21.1413,9.51819,10.4001,10.367,10.4276,9.52999,9.79186,8.79027,10.356,9.54146,11.0417,1
150,9000,60,36.0352,14.4136,51.1368,5.28795,51.7174,4.59791,50.6152,4.59046,50.4618,6.09108,51.59,5.96395,2
150,9000,62,-25.3347,-21.3122,14.2445,78.7106,14.9603,78.7544,14.3097,78.1561,13.617,78.6525,14.2062,79.2839,1
150,9000,67,-37.0718,-15.1884,-10.3968,-105.971,-10.525,-106.858,-10.994,-105.76,-10.299,-105.218,-9.7457,-106.232,1
150,9000,68,-25.0869,-8.37729,18.8042,-83.1619,18.715,-83.8017,18.2907,-83.0393,18.877,-82.5779,19.3462,-83.305,1
150,9000,72,-35.2838,7.60352,38.0475,109.788,38.6748,110.276,38.254,108.919,37.4748,109.373,37.7972,110.777,1
150,9000,77,23.5027,-5.64939,-38.7165,-72.6276,-38.87,-73.3101,-39.2984,-72.3394,-38.5577,-71.9033,-38.1819,-72.8935,1
150,9000,86,-12.6695,23.9209,13.0182,-16.2554,12.8651,-16.7441,12.4868,-16.1495,13.2,-15.7625,13.6078,-16.3484,1
150,9000,88,-15.157,-20.9771,62.6084,50.8099,62.8365,49.622,62.1799,50.2462,62.3756,51.8574,63.0434,51.3406,1
151,9060,0,27.6735,-9.24159,34.7414,64.3163,34.5388,63.6103,34.0724,64.6919,34.9387,65.0825,35.3376,63.9649,1
151,9060,1,-19.6932,7.75962,70.1145,90.2276,70.1177,88.4922,69.5267,90.307,70.1063,91.891,70.7487,90.1591,1
151,9060,10,32.7903,4.76214,-24.6594,-75.9967,-24.0437,-75.9293,-24.7297,-76.7112,-25.3518,-76.0704,-24.6014,-75.3489,1
151,9060,13,-9.7155,24.517,-28.7584,56.5318,-28.7463,55.953,-29.2921,56.4315,-28.7406,57.1323,-28.1782,56.6684,1
151,9060,22,30.5591,10.9446,63.8305,-85.0674,64.3996,-84.6377,63.9125,-86.3892,63.1842,-85.511,63.7287,-83.8562,2
151,9060,24,-31.4144,11.3102,-4.69749,-54.5451,-4.26666,-54.1301,-4.35705,-55.054,-5.10637,-54.917,-5.09126,-53.9736,1
151,9060,32,-33.0594,17.2071,61.3872,146.134,60.9365,145.246,60.9956,147.295,61.8184,146.94,61.8434,144.772,2
151,9060,37,37.8163,12.1448,-60.8143,-34.917,-60.4485,-33.6411,-60.3131,-35.9344,-61.2374,-36.4389,-61.2712,-34.0113,1
151,9060,38,-28.2057,-24.5279,-86.2423,161.03,-86.868,152.927,-86.5612,168.295,-85.6722,166.31,-85.8888,154.448,1
151,9060,43,-10.9009,-23.2001,46.9555,-112.547,47.0539,-113.442,46.4481,-112.835,46.8377,-111.739,47.457,-112.299,1
151,9060,47,35.8773,6.28623,-27.8942,32.5543,-27.1995,32.6671,-27.9755,31.7271,-28.6913,32.4276,-27.8301,33.2941,3
151,9060,55,27.7192,14.2103,23.3803,-106.088,23.3629,-106.81,22.7585,-105.993,23.4107,-105.273,23.9697,-106.154,1
151,9060,58,-33.0627,16.4746,31.7211,26.2372,32.3993,26.4032,31.7399,25.35,31.0884,26.1193,31.6733,27.2662,1
151,9060,60,29.4205,2.3387,51.5623,9.1451,52.0597,8.67535,51.1663,8.38698,51.0119,9.65139,51.9166,9.85575,1
151,9060,67,-37.825,-12.816,-7.08055,-103.892,-7.19249,-104.766,-7.68554,-103.669,-6.9944,-103.148,-6.41391,-104.165,1
151,9060,68,29.4866,9.02417,20.1004,-75.7301,20.0543,-76.3675,19.5161,-75.5825,20.157,-75.0171,20.6449,-75.8543,1
151,9060,70,-29.2803,-16.9263,63.1732,-18.7838,63.1055,-20.5146,62.5832,-18.6289,63.1991,-17.2619,63.7941,-19.018,2
151,9060,72,-29.242,-19.9943,37.0413,109.039,37.829,109.327,37.2018,108.315,36.3631,108.77,36.9005,109.806,1
151,9060,77,38.2324,-14.5028,-37.1396,-69.3376,-37.2597,-70.1959,-38.0373,-68.8601,-37.0299,-68.3744,-36.3869,-69.7458,1
151,9060,78,35.0765,6.36015,-1.22006,-54.8069,-1.45613,-55.4706,-1.83193,-54.399,-0.946201,-54.05,-0.66396,-55.1619,1
151,9060,80,35.4368,19.1799,14.3467,146.074,15.0621,146.256,14.3795,145.402,13.4972,145.881,14.2826,146.69,1
151,9060,86,-13.7883,15.7744,15.7244,-15.1102,15.5968,-15.5972,15.2336,-14.9823,15.8667,-14.6289,16.257,-15.2339,1
151,9060,94,39.0217,10.2556,36.0462,66.3655,36.3371,65.4918,35.2826,66.2783,35.7037,67.3897,36.7191,66.4692,1
152,9120,0,27.4731,-22.0325,36.8219,65.0534,36.6036,64.3187,35.9936,65.3741,37.0064,65.8343,37.5313,64.7428,2
152,9120,1,-19.0068,-18.442,70.8244,92.2773,70.7487,90.1624,70.2455,92.2945,70.8534,94.2029,71.41,92.1777,1
152,9120,2,6.0403,19.8911,59.9286,-159.809,60.4946,-159.634,60.0578,-160.891,59.3203,-159.946,59.7631,-158.713,1
152,9120,7,35.7405,13.6036,-62.4235,28.0864,-62.6592,26.4032,-63.0817,28.9731,-62.1088,30.0101,-61.8098,27.3669,1
152,9120,9,-23.5947,6.48408,6.99943,48.974,6.73164,48.4078,6.47666,49.2949,7.26031,49.5042,7.57184,48.6283,1
152,9120,10,-16.0116,11.9117,-24.592,-69.3948,-24.092,-69.385,-24.5931,-69.9575,-25.0821,-69.39,-24.5992,-68.79,2
152,9120,13,-35.3775,-2.74331,-25.9428,55.4343,-25.8176,54.6335,-26.5685,55.4824,-26.049,56.142,-25.2413,55.3722,1
152,9120,14,36.0761,17.2539,-2.77838,87.809,-2.84328,87.0663,-3.42436,88.0115,-2.68322,88.6825,-2.18072,87.6532,1
152,9120,22,-34.361,-2.32935,63.6665,-70.7248,64.2214,-69.808,63.892,-71.971,63.1687,-71.508,63.4082,-69.3514,1
152,9120,24,-22.6324,9.53806,-8.35209,-55.0946,-7.95154,-54.7605,-8.05275,-55.5294,-8.74091,-55.4049,-8.68493,-54.6241,1
152,9120,27,-34.317,-14.7932,-62.5043,95.1133,-62.733,93.4975,-63.0231,95.6708,-62.304,96.4961,-61.9474,94.4796,1
152,9120,28,32.3381,23.8676,-25.7058,120.24,-26.174,119.632,-26.1243,120.72,-25.1304,120.933,-25.2808,119.819,1
152,9120,31,36.4714,-3.8922,27.7162,160.045,27.3289,159.485,27.2551,160.711,28.1416,160.686,28.1167,159.457,1
152,9120,32,-15.8838,-10.0146,62.8578,149.167,62.4185,148.512,62.578,150.02,63.2609,149.813,63.1297,148.263,1
152,9120,33,25.5537,-5.71345,80.4965,-19.5141,80.8049,-16.9234,80.9202,-22.0898,80.1538,-22.1304,80.0965,-17.3366,1
152,9120,38,-27.3518,-19.4734,-81.8686,159.616,-82.4202,156.297,-82.1921,162.718,-81.3753,162.267,-81.5296,156.516,1
152,9120,42,-32.3263,-22.7572,28.0062,-146.91,27.8624,-147.927,27.3984,-146.796,28.1003,-146.042,28.6415,-147.079,1
152,9120,43,-36.8614,4.96298,52.3031,-105.591,52.706,-106.651,51.6208,-105.919,51.9476,-104.657,53.0857,-105.197,2
152,9120,55,34.2007,7.15429,24.9522,-103.335,25.0071,-104.115,24.2286,-103.213,24.89,-102.445,25.6071,-103.43,1
152,9120,58,-28.2146,12.9135,28.9343,28.042,29.5603,28.1596,28.954,27.2863,28.3436,27.9552,28.894,28.8915,1
152,9120,61,24.6763,-1.59111,31.9687,56.1136,32.4974,56.1572,31.9447,55.4317,31.4011,56.0631,31.9876,56.7447,1
152,9120,77,38.5395,11.2739,-30.8754,-66.4003,-31.1398,-67.2813,-31.512,-65.8494,-30.5464,-65.3723,-30.2953,-66.8612,1
152,9120,78,36.8719,-15.1982,-0.12247,-54.3402,-0.279133,-54.9951,-0.98166,-53.9557,0.0195525,-53.6082,0.599996,-54.6785,1
152,9120,85,-27.8954,18.1941,-11.7252,-31.6113,-11.8112,-32.1805,-12.3289,-31.461,-11.6176,-31.0737,-11.0343,-31.7635,1
152,9120,86,24.4448,10.2011,17.0773,-10.6738,16.9361,-11.2272,16.5716,-10.4768,17.2396,-10.0666,17.5611,-10.8492,1
152,9120,87,36.0227,-10.9843,43.7895,14.0825,43.8827,13.2484,42.9991,14.1305,43.6591,14.999,44.4718,14.028,1
152,9120,93,33.4926,-9.46351,16.4825,34.3473,16.5832,33.7254,15.7266,34.3529,16.353,35.0261,17.1454,34.3347,1
152,9120,94,36.8677,-0.968316,37.4272,68.7657,37.7392,68.0213,36.6777,68.554,37.0618,69.5995,38.084,68.959,1
152,9120,95,-39.9463,-7.12614,50.5875,116.649,51.3633,115.941,50.0748,115.901,49.9225,117.229,51.1804,117.504,1
153,9180,0,-18.952,-17.6949,42.5876,61.0549,42.2319,60.2496,42.0713,61.4022,42.8895,61.8041,43.099,60.6666,2
153,9180,6,10.8459,22.3805,-74.6217,-64.1681,-74.0817,-65.1884,-74.8203,-66.1933,-75.1937,-62.8839,-74.426,-62.1028,1
153,9180,8,26.376,13.321,-24.7054,45.1769,-25.0381,44.5365,-25.2222,45.5924,-24.3175,45.8817,-24.2032,44.8051,2
153,9180,9,-28.699,-22.4012,7.63171,48.2215,7.09957,47.4913,7.10414,48.5821,8.06959,48.8647,8.15667,47.8114,1
153,9180,10,-35.7094,-0.443586,-24.8807,-65.8873,-24.1574,-65.8308,-24.9921,-66.5805,-25.5206,-65.9341,-24.7463,-65.1073,1
153,9180,15,35.3529,-17.3389,23.6808,112.625,23.8036,111.973,22.8231,112.558,23.5125,113.327,24.4121,112.666,1
153,9180,22,-24.7146,10.0098,58.6344,-70.4497,59.0681,-69.8478,58.8984,-71.3599,58.214,-70.9869,58.329,-69.4726,1
153,9180,23,21.4255,-22.6384,25.5721,-65.3868,25.9986,-65.0714,25.9989,-65.9391,25.1576,-65.7287,25.2068,-64.8859,1
153,9180,24,-24.2473,19.0266,-12.9657,-54.3377,-12.5606,-53.99,-12.6073,-54.807,-13.3731,-54.6567,-13.3822,-53.8202,1
153,9180,26,34.9282,13.8301,-82.1139,-6.48333,-81.4443,-7.0115,-82.2991,-11.0101,-82.8872,-5.64121,-81.9248,-2.49618,2
153,9180,28,9.24607,-22.073,-25.8731,117.451,-26.1844,117.019,-26.36,117.737,-25.5876,117.883,-25.433,117.17,1
153,9180,31,-25.7754,-6.54064,31.0216,152.952,30.573,152.489,30.7126,153.443,31.4262,153.383,31.3418,152.418,1
153,9180,32,-37.5648,9.44594,67.8721,140.45,67.325,139.261,67.5739,142.128,68.3633,141.523,68.2039,138.454,1
153,9180,33,36.237,12.2739,74.9006,-25.8803,75.3866,-23.9281,75.2375,-28.1641,74.3082,-27.9677,74.5605,-23.9476,2
153,9180,43,37.3668,16.8676,46.5861,-94.5554,47.0002,-95.5663,45.882,-94.8694,46.0984,-93.3605,47.2113,-94.2197,1
153,9180,46,-26.1068,20.0243,-3.1299,18.8672,-2.55708,18.9988,-3.01226,18.2186,-3.68845,18.7689,-3.28439,19.6014,1
153,9180,55,-25.6597,-24.0281,29.4893,-108.205,29.3547,-109.143,28.8888,-108.167,29.5768,-107.385,30.0991,-108.289,1
153,9180,58,37.3353,-8.15121,23.1389,23.417,23.8316,23.5519,23.07,22.4467,22.3627,23.246,23.1987,24.2521,1
153,9180,61,-30.5648,0.158576,32.439,63.4002,33.0693,63.5311,32.434,62.7115,31.8666,63.2862,32.4428,64.1598,1
153,9180,71,-29.8756,-2.71692,60.0608,87.7281,60.7373,87.9786,60.0646,86.5115,59.4492,87.5099,60.0505,89.0597,1
153,9180,80,30.9169,8.67682,9.04453,149.254,9.6144,149.45,9.13434,148.648,8.4015,149.041,8.9483,149.81,1
153,9180,81,-35.5937,21.1846,-20.8559,173.022,-20.2699,173.331,-20.6401,172.243,-21.4121,172.77,-21.1302,173.945,1
153,9180,86,31.6191,-22.2842,17.1806,-9.89602,17.0917,-10.485,16.3673,-9.75898,17.2357,-9.26884,17.8716,-10.0351,1
153,9180,92,-18.6576,11.0826,-1.88284,9.28835,-1.87147,8.76565,-2.41588,9.30067,-1.88076,9.79544,-1.30604,9.28525,1
153,9180,93,33.5311,-17.2744,18.4535,36.3503,18.5645,35.7257,17.6223,36.2781,18.3012,37.0175,19.1686,36.3963,2
153,9180,94,34.7397,-16.6097,38.5226,70.7915,38.8358,70.1135,37.7369,70.3645,38.1511,71.5025,39.1993,71.1465,1
154,9240,0,-20.3305,-13.7992,46.537,62.5637,46.2212,61.6963,46.0247,62.9364,46.8071,63.372,47.0545,62.1469,1
154,9240,5,21.5174,9.8766,-48.8515,-116.351,-48.2958,-115.976,-48.6436,-117.206,-49.4601,-116.755,-49.0575,-115.533,1
154,9240,8,24.5504,7.91991,-21.6371,45.5972,-21.9339,45.0042,-22.1535,45.984,-21.3026,46.2411,-21.1428,45.2459,1
154,9240,9,31.7812,11.0919,13.2107,56.2981,12.8823,55.6351,12.6477,56.7415,13.5925,57.0501,13.7396,55.9047,1
154,9240,10,-30.8629,-8.81273,-27.2928,-64.1043,-26.6041,-64.1381,-27.3967,-64.7319,-27.9054,-64.0814,-27.1628,-63.4276,1
154,9240,15,-30.3435,10.5403,32.8013,113.195,32.9126,112.486,32.1863,113.178,32.7098,113.853,33.4939,113.226,1
154,9240,22,-35.1511,-5.97224,56.6656,-67.5725,57.2398,-66.7709,56.9078,-68.5677,56.1593,-68.261,56.3975,-66.4707,1
154,9240,24,-24.739,-3.61172,-14.661,-54.2312,-14.207,-53.882,-14.3987,-54.6822,-15.0779,-54.5558,-14.9358,-53.7446,1
154,9240,26,8.72856,-23.8699,-80.1109,3.89055,-79.6437,2.7733,-80.1964,0.643931,-80.5669,4.93143,-79.9849,6.78323,1
154,9240,28,-2.44838,-22.0862,-21.9375,116.931,-22.2783,116.507,-22.3801,117.197,-21.6317,117.342,-21.5261,116.66,1
154,9240,29,-36.7765,15.8536,17.5703,120.334,17.3063,119.69,16.9922,120.783,17.8322,120.907,18.2588,119.814,2
154,9240,33,14.5225,21.1161,70.4654,-18.7936,70.839,-17.6339,70.84,-19.7847,70.033,-19.9743,70.0667,-17.8841,1
154,9240,38,-32.8752,-2.03251,-72.6079,155.639,-73.0252,153.856,-72.9743,157.201,-72.2213,157.162,-72.1922,153.969,1
154,9240,45,-19.574,-0.223914,23.1619,-3.94325,23.7177,-3.88032,23.1793,-4.51603,22.6371,-4.00098,23.1428,-3.33701,1
154,9240,46,-37.3724,1.27678,-3.71316,20.8852,-2.9508,21.0931,-3.72395,20.1802,-4.38433,20.7087,-3.69652,21.6918,1
154,9240,50,35.7588,-11.1375,-34.0143,74.6153,-33.3485,74.7517,-34.039,73.5507,-34.7482,74.4331,-33.9764,75.5314,1
154,9240,53,-39.3662,-5.009,-19.985,-154.007,-19.8944,-154.988,-20.7167,-153.843,-20.0589,-153.168,-19.1497,-154.21,1
154,9240,54,-37.5906,-10.438,6.86644,-130.763,6.80525,-131.694,6.19528,-130.551,6.90923,-129.968,7.61219,-131.026,1
154,9240,55,31.8172,24.0078,31.5409,-96.0919,31.5364,-97.0443,30.8684,-96.0261,31.5662,-94.9638,32.1822,-96.1024,1
154,9240,58,-36.4702,-7.75187,25.7889,32.4123,26.6487,32.547,25.7192,31.649,25.0456,32.2918,25.8804,33.2667,1
154,9240,60,26.9484,2.79814,48.3198,25.4192,48.8497,25.1675,48.0661,24.6236,47.7403,25.6897,48.545,26.1656,1
154,9240,61,-32.3913,5.94461,29.2175,66.586,29.8434,66.7668,29.2416,65.8756,28.6456,66.4346,29.1819,67.3846,1
154,9240,70,37.7495,-0.76911,64.0463,13.8738,64.4744,12.5492,63.2703,13.2168,63.5372,15.3279,64.7191,14.4865,1
154,9240,71,29.2307,5.85497,52.7715,84.8105,53.3925,84.9366,52.7381,83.7437,52.0809,84.6815,52.7839,85.7953,1
154,9240,72,-35.61,-1.69017,25.1421,115.122,25.8189,115.562,25.3286,114.4,24.5434,114.741,24.9347,115.936,1
154,9240,77,26.102,19.7645,-22.622,-65.1839,-22.9231,-65.8331,-23.1429,-64.8613,-22.2573,-64.4595,-22.1053,-65.4644,1
154,9240,86,35.6947,-6.54859,21.5838,-6.77431,21.5312,-7.42925,20.8709,-6.53021,21.6261,-6.04204,22.2054,-6.9935,1
154,9240,92,32.9806,22.7265,-1.33504,16.1738,-1.41673,15.4181,-1.96164,16.3155,-1.21275,17.064,-0.737933,16.0791,1
154,9240,94,-2.31401,-24.4432,43.1589,72.8306,43.3101,72.0826,42.6832,72.4538,42.9908,73.514,43.6188,73.1613,1
155,9300,0,-20.4023,-15.6985,49.8359,64.1754,49.5165,63.227,49.3135,64.5528,50.1049,65.0566,50.3606,63.7484,1
155,9300,5,-19.007,-19.3853,-47.9356,-110.652,-47.2478,-110.397,-47.738,-111.467,-48.5497,-110.916,-48.1032,-109.81,1
155,9300,8,40.169,0.685796,-19.3193,48.4464,-19.6167,47.6366,-20.0344,49.1027,-18.9747,49.3898,-18.6971,47.8933,1
155,9300,9,-36.9212,2.74117,17.9346,49.3135,17.6313,48.4906,17.3257,49.7953,18.2079,50.0371,18.6306,48.7548,3
155,9300,10,32.6959,-0.848542,-34.7807,-64.8784,-34.1816,-64.8516,-34.8897,-65.6884,-35.4462,-64.9141,-34.6803,-64.1534,2
155,9300,15,34.2026,2.83732,30.1331,120.277,30.2628,119.564,29.4507,120.292,29.9822,121.077,30.7451,120.27,1
155,9300,20,-22.9878,6.4507,55.3051,131.245,55.0653,130.425,54.8667,131.724,55.534,132.023,55.7813,130.719,1
155,9300,22,27.5695,-18.3833,52.5453,-76.0657,53.0003,-75.6237,52.8872,-77.0604,52.0807,-76.555,52.2515,-75.1904,1
155,9300,24,-27.7716,-19.6838,-16.8045,-53.7217,-16.1869,-53.3585,-16.5381,-54.2012,-17.3361,-54.0573,-17.0567,-53.2054,1
155,9300,29,-32.1279,6.94514,20.2429,121.167,19.9539,120.588,19.7781,121.569,20.5146,121.692,20.7682,120.716,1
155,9300,42,32.9988,-21.4596,31.3883,-132.987,31.51,-133.699,30.4939,-133.154,31.2152,-132.24,32.1504,-132.867,1
155,9300,43,31.1412,-19.9503,48.133,-90.3743,48.5245,-91.0595,47.477,-91.1566,47.6879,-89.694,48.7052,-89.7073,2
155,9300,45,-17.9727,-20.2839,21.6708,-3.00699,22.3214,-3.02861,21.7157,-3.58407,21.0832,-3.00798,21.6495,-2.42625,2
155,9300,46,-28.9363,-10.2975,-6.41614,21.3866,-5.71633,21.4691,-6.41109,20.8055,-7.03957,21.3041,-6.40428,22.0105,1
155,9300,48,18.2433,-23.7189,-52.731,87.9543,-52.2783,87.4337,-53.0212,86.9203,-53.1958,88.4389,-52.4446,88.8477,1
155,9300,49,-29.2874,-5.39729,-41.217,142.638,-41.0112,141.779,-41.7945,142.514,-41.4002,143.415,-40.5883,142.757,1
155,9300,53,-34.0949,-19.2564,-18.978,-152.129,-19.0642,-153.121,-19.6206,-152,-18.9196,-151.286,-18.2921,-152.306,1
155,9300,55,30.2724,20.2879,33.7458,-93.5451,33.7875,-94.4397,33.0924,-93.5143,33.7126,-92.5067,34.3652,-93.533,1
155,9300,57,-37.1935,9.5509,46.3346,4.36739,47.1183,4.38805,46.1313,3.28379,45.6358,4.37756,46.5505,5.64287,2
155,9300,58,-30.0019,-12.1762,22.6902,33.8236,23.4567,33.8842,22.6673,33.1626,22.0139,33.759,22.7329,34.5336,1
155,9300,60,17.8813,-23.307,48.5364,27.5875,49.0288,27.3082,48.4106,26.6278,48.0373,27.8188,48.6631,28.4441,1
155,9300,61,-39.9142,-6.34978,27.9084,69.0055,28.7541,69.2359,27.8604,68.2273,27.1871,68.8088,27.9742,69.8954,1
155,9300,71,14.4158,-20.3426,52.8363,87.8168,53.3779,87.8926,52.9728,86.7918,52.3018,87.7029,52.7232,88.7531,1
155,9300,76,-17.613,-14.8523,-52.2274,-92.0323,-52.3326,-93.0295,-52.7563,-91.9157,-52.137,-91.1174,-51.6916,-92.178,1
155,9300,77,-36.947,5.96724,-17.9588,-70.7786,-18.1065,-71.5786,-18.6124,-70.4276,-17.812,-70.0726,-17.2028,-71.1773,1
155,9300,86,33.548,16.9659,26.9575,-3.62024,26.8066,-4.37067,26.3784,-3.35226,27.1447,-2.75024,27.5024,-3.84267,1
155,9300,87,-7.32063,21.5851,56.2436,26.3575,56.3096,25.4881,55.7527,26.1346,56.1914,27.2587,56.7662,26.6409,1
155,9300,88,0.756638,21.6972,58.8593,96.5403,59.3131,96.172,58.7245,95.6318,58.3864,96.9575,58.9733,97.5152,1
155,9300,92,24.8516,24.8118,2.09018,17.8267,1.99532,17.166,1.52467,17.8917,2.22563,18.5828,2.65044,17.7991,1
155,9300,93,-26.2078,24.889,30.6128,41.6166,30.7163,40.9548,29.9419,41.4634,30.5454,42.2706,31.3829,41.8278,1
155,9300,94,-16.553,-9.61687,46.044,78.7993,46.2878,78.0801,45.5963,78.4826,45.8052,79.4598,46.508,79.1155,1
156,9360,8,26.4514,-22.8059,-17.7826,46.4881,-18.0682,45.9044,-18.5727,46.844,-17.5223,47.105,-17.1064,46.1595,1
156,9360,14,-29.6269,12.7789,12.3372,91.5416,12.3761,90.9343,11.7205,91.5912,12.318,92.1095,13.0347,91.4978,1
156,9360,20,-31.2206,11.0662,59.6848,131.379,59.4539,130.296,59.1697,132.012,59.9048,132.381,60.2693,130.656,2
156,9360,24,-29.1728,-8.1284,-21.6112,-52.8352,-21.0892,-52.4418,-21.3593,-53.3429,-22.0753,-53.1959,-21.8703,-52.2795,1
156,9360,26,-20.8913,-9.45741,-77.9094,51.7887,-77.6792,49.3919,-78.3622,50.9051,-78.1098,54.0622,-77.4309,52.5939,1
156,9360,30,-33.4274,-5.83191,6.45587,153.056,5.9647,152.551,6.12293,153.543,6.88781,153.506,6.81383,152.51,1
156,9360,37,-25.6148,16.5448,-80.7554,-26.439,-80.4272,-23.7619,-80.2942,-28.6705,-81.0677,-29.1034,-81.2656,-23.7395,1
156,9360,45,33.6832,-21.2697,15.87,-4.96136,16.4828,-4.83009,16.0027,-5.90861,15.2226,-5.14219,15.7748,-4.15766,1
156,9360,55,-23.0441,-10.384,38.1196,-97.5218,38.1582,-98.3559,37.5581,-97.5349,38.0701,-96.7633,38.7086,-97.5271,1
156,9360,58,26.9016,-7.51166,15.7333,32.0112,16.3136,32.1029,15.7629,31.2983,15.1135,31.9008,15.7104,32.6563,1
156,9360,59,-31.5528,20.1225,-10.8194,61.5145,-10.1716,61.6867,-10.7156,60.7446,-11.4367,61.3868,-10.961,62.4099,1
156,9360,60,-31.5178,-23.8313,50.795,35.4022,51.6103,34.9445,50.611,34.5256,50.0944,35.7452,51.0202,36.3087,1
156,9360,62,16.5011,-22.4055,-6.49752,87.3421,-5.98295,87.4153,-6.3109,86.74,-7.00353,87.2426,-6.64564,87.8909,1
156,9360,63,-28.6425,18.9147,-34.8483,118.217,-34.2686,118.288,-34.8372,117.426,-35.402,118.181,-34.8743,119.121,1
156,9360,68,-38.9748,5.35932,38.5733,-68.7372,38.6906,-69.7116,37.8633,-68.6011,38.4757,-67.8824,39.3989,-68.8964,1
156,9360,71,-37.6787,-12.1341,52.2473,98.788,53.13,99.2544,52.2964,97.6668,51.498,98.3902,52.2066,100.043,1
156,9360,73,-35.8921,5.48174,-16.0818,131.053,-15.4391,131.464,-15.8745,130.343,-16.6605,130.695,-16.3189,131.867,2
156,9360,77,35.0408,-11.6025,-19.1496,-62.9632,-19.3167,-63.63,-19.9156,-62.5719,-18.9849,-62.223,-18.491,-63.3078,1
156,9360,86,36.5346,16.7549,29.9241,-1.05828,29.7922,-1.89181,29.3048,-0.755719,30.0898,-0.0763411,30.4973,-1.30594,1
156,9360,87,-18.9523,11.4377,58.7034,29.6193,58.8405,28.6829,58.2017,29.389,58.5764,30.5271,59.2439,29.8957,1
156,9360,88,-35.915,10.1777,60.4153,104.877,61.0905,104.864,60.2372,103.558,59.8073,104.923,60.596,106.422,1
156,9360,92,32.2019,-17.2862,1.13339,17.8143,1.18856,17.2267,0.328329,17.806,1.04475,18.4414,1.82926,17.8057,1
157,9420,0,-17.9185,-24.1096,55.7433,68.306,55.3819,67.1463,55.1721,68.629,56.033,69.3757,56.2963,67.9177,1
157,9420,7,26.6977,20.2094,-44.0876,37.0765,-44.4457,36.1986,-44.625,37.568,-43.6498,38.0509,-43.5512,36.6508,1
157,9420,8,-11.9242,-19.5318,-12.5593,43.5884,-12.9287,43.0454,-13.0687,43.8526,-12.2347,44.0983,-12.0681,43.3068,1
157,9420,10,-40.474,-4.7582,-33.4174,-53.2146,-32.5488,-53.277,-33.6746,-53.9986,-34.1584,-53.1609,-33.1022,-52.3241,1
157,9420,14,21.1169,8.40229,11.7875,97.0152,11.7632,96.4761,11.2635,97.0795,11.8199,97.5989,12.2897,96.9638,1
157,9420,20,-25.6658,10.0662,63.0415,134.36,62.8304,133.264,62.5597,134.934,63.2446,135.398,63.5751,133.722,1
157,9420,24,-22.8878,-10.9135,-25.2616,-52.9948,-24.7703,-52.6513,-25.0101,-53.4682,-25.7044,-53.319,-25.5113,-52.49,1
157,9420,28,34.0249,2.43301,-9.16839,121.945,-9.47372,121.416,-9.64707,122.403,-8.82446,122.539,-8.73431,121.539,1
157,9420,33,-31.1654,8.38675,59.6666,-13.2651,59.9359,-12.1744,60.1479,-13.9976,59.4001,-14.2407,59.1166,-12.4772,1
157,9420,37,-23.4357,-14.3103,-81.6706,-28.6041,-81.2418,-25.5971,-81.2894,-30.8999,-82.0269,-31.6431,-82.0387,-25.8963,1
157,9420,38,-17.775,13.3668,-59.824,158.054,-60.1761,157.343,-60.1788,158.809,-59.4658,158.714,-59.4259,157.27,1
157,9420,40,-8.3972,-23.3673,-14.5711,179.559,-14.7049,178.951,-15.1181,179.562,-14.469,-179.878,-14.0448,179.53,1
157,9420,45,-36.0872,13.6804,14.4874,5.54231,15.167,5.7818,14.5528,4.76745,13.8646,5.35118,14.3939,6.4459,1
157,9420,46,-33.487,-23.2948,-10.6344,25.1496,-9.6847,25.1391,-10.654,24.5111,-11.4331,25.1351,-10.567,25.8259,1
157,9420,49,-29.9191,-9.63699,-37.2867,149.762,-37.1537,148.879,-37.8719,149.72,-37.4073,150.548,-36.6541,149.786,1
157,9420,57,-39.3519,-9.54163,43.5385,10.0915,44.5088,10.0317,43.3012,9.13287,42.7164,10.1318,43.8215,11.1798,1
157,9420,58,-26.457,-8.31956,16.3191,38.3896,17.0005,38.47,16.3281,37.782,15.7034,38.3103,16.3209,39.0384,1
157,9420,71,-33.6792,-11.1385,48.51,100.724,49.2829,101.114,48.6009,99.7737,47.8384,100.38,48.4226,101.766,1
157,9420,73,29.3693,12.7834,-22.7485,126.098,-22.1441,126.386,-22.5765,125.436,-23.4361,125.782,-22.9257,126.711,1
157,9420,77,-39.0439,-3.40848,-11.9138,-68.9983,-12.1434,-69.8696,-12.5306,-68.5968,-11.7129,-68.2495,-11.2128,-69.4667,2
157,9420,86,33.9737,23.2724,33.7481,1.46833,33.5802,0.586517,33.1543,1.72275,33.9645,2.51385,34.3167,1.27228,1
157,9420,87,-33.8068,22.9121,62.6339,37.1452,62.9488,35.9561,61.9481,36.5142,62.3633,38.2784,63.4327,37.9833,1
157,9420,92,-27.9677,-21.8275,7.49008,15.6764,7.37956,14.8983,6.92685,15.7347,7.56465,16.3544,8.07083,15.5813,1
157,9420,93,-33.6145,19.4482,35.7211,47.1155,35.9314,46.3556,34.9952,46.9585,35.5525,47.8306,36.568,47.3292,1
158,9480,7,37.1108,15.1763,-41.3179,40.0805,-41.7044,39.0625,-41.911,40.796,-40.8337,41.2601,-40.7596,39.4792,1
158,9480,9,27.6938,22.8307,28.8534,60.0892,28.4615,59.3434,28.3029,60.4917,29.3261,60.9445,29.4046,59.7351,2
158,9480,14,28.841,23.0306,15.1901,101.132,15.1101,100.428,14.6126,101.23,15.3047,101.947,15.7503,101.074,1
158,9480,15,-31.5925,4.88524,41.9959,126.51,42.1896,125.694,41.3952,126.413,41.8225,127.252,42.6674,126.625,3
158,9480,20,-20.3925,-21.7495,63.7722,135.795,63.4168,134.611,63.3185,136.3,64.065,136.9,64.2148,135.214,1
158,9480,21,39.2759,-3.07799,71.7521,-106.542,72.4089,-106.256,71.602,-109.024,71.0008,-106.876,71.8546,-104.37,3
158,9480,22,36.8754,-10.5121,40.7175,-73.0715,41.1894,-72.5578,41.0697,-74.0129,40.2016,-73.6555,40.4151,-72.264,1
158,9480,23,21.9634,3.03185,4.57013,-62.6351,4.9711,-62.3301,4.84803,-63.0814,4.13854,-62.9609,4.30416,-62.2169,1
158,9480,24,34.723,-8.43862,-30.0555,-58.2005,-29.6344,-57.7284,-29.6568,-58.9062,-30.5085,-58.7398,-30.3963,-57.5747,1
158,9480,37,-15.0843,22.0025,-88.0534,-74.6427,-88.0439,-59.8716,-87.5167,-72.3019,-87.9591,-89.0131,-88.6321,-80.2201,1
158,9480,40,0.586597,-22.5545,-12.0715,-177.536,-12.1886,-178.093,-12.6326,-177.54,-11.9825,-177.005,-11.5433,-177.555,1
158,9480,45,-33.1307,-10.0371,13.3195,5.70276,14.0872,5.81938,13.3056,5.06865,12.6478,5.59297,13.3515,6.39683,1
158,9480,48,32.2673,10.5143,-54.7674,112.14,-54.342,111.245,-55.3511,111.594,-55.2352,113.191,-54.2378,112.653,2
158,9480,54,7.40851,19.4254,17.8611,-116.265,17.7872,-116.841,17.3268,-116.237,17.9588,-115.651,18.4107,-116.271,1
158,9480,58,31.9193,1.12604,8.94463,36.5908,9.58639,36.712,8.93248,35.8658,8.23032,36.454,8.94949,37.2448,1
158,9480,59,-33.1826,12.3788,-15.6874,65.5966,-15.0061,65.7666,-15.6599,64.8438,-16.3164,65.462,-15.7285,66.4614,1
158,9480,60,25.0803,15.287,39.7975,43.9144,40.3803,43.8117,39.6806,43.2119,39.1485,44.0459,39.8858,44.5936,1
158,9480,61,-28.8398,10.714,16.5421,75.4618,17.1082,75.6376,16.6271,74.8406,16.0097,75.3139,16.4349,76.1555,1
158,9480,71,-20.8844,7.9413,42.7293,102.367,43.2529,102.654,42.8957,101.635,42.2246,102.111,42.5372,103.153,1
158,9480,73,-37.5075,-9.1278,-21.3346,133.259,-20.5246,133.653,-21.2087,132.531,-22.0262,132.912,-21.4519,134.082,1
158,9480,77,-33.2988,-18.2058,-10.2653,-67.666,-10.65,-68.477,-10.8058,-67.3348,-9.95019,-66.9658,-9.70089,-68.0512,1
158,9480,92,-26.3112,2.29469,11.8924,19.8964,11.9213,19.2908,11.3353,19.9429,11.8689,20.4576,12.4992,19.846,1
159,9540,0,35.3725,15.745,62.4643,90.1695,62.45,88.3901,61.7209,90.5258,62.4698,92.261,63.1471,89.8966,2
159,9540,14,25.5777,-3.24889,16.2824,101.412,16.303,100.858,15.6915,101.455,16.2529,102.006,16.8252,101.37,1
159,9540,26,-20.6294,20.8999,-68.4172,89.2347,-68.5,87.8632,-68.974,89.4738,-68.2996,90.5651,-67.792,89.0343,2
159,9540,37,12.2723,-17.7514,-86.0968,-100.345,-86.3136,-93.7026,-85.6404,-96.0863,-85.8203,-106.028,-86.5055,-105.057,1
159,9540,39,-36.6998,17.9552,-15.5922,152.829,-15.966,152.244,-16.1105,153.395,-15.225,153.342,-14.963,152.177,1
159,9540,42,-22.205,-7.31524,45.7055,-120.788,45.8395,-121.635,45.1783,-120.916,45.5708,-120.013,46.2618,-120.666,1
159,9540,45,-27.7769,0.306876,9.09033,7.98976,9.71126,8.11545,9.11957,7.40089,8.5202,7.87755,9.05953,8.63255,1
159,9540,50,38.8049,0.719516,-47.2264,93.4769,-46.4691,93.412,-47.5314,92.2799,-48.1007,93.5458,-46.9579,94.5093,1
159,9540,60,16.7529,-21.0872,40.1572,44.748,40.6686,44.6685,40.1667,43.9406,39.645,44.7937,40.1628,45.4786,1
159,9540,65,39.2117,8.96819,-42.225,-127.542,-42.1524,-128.541,-42.9685,-127.318,-42.2923,-126.365,-41.5656,-127.711,1
159,9540,71,35.2536,-4.56965,37.8594,97.2471,38.4723,97.5792,37.9888,96.252,37.1769,96.8685,37.7403,98.1179,2
159,9540,72,-24.563,-18.4865,8.70607,118.956,9.38928,119.204,8.91234,118.422,8.1057,118.721,8.51762,119.518,1
159,9540,80,27.465,-6.11344,-9.67613,158.09,-9.18319,158.294,-9.51117,157.489,-10.2026,157.861,-9.82087,158.637,1
159,9540,87,28.363,-21.2069,58.371,46.7033,58.66,45.8171,57.7473,45.9249,58.0371,47.5776,58.9197,47.3717,2
159,9540,88,18.7979,-23.5945,51.5244,110.635,52.0373,110.521,51.5382,109.595,51.0104,110.7,51.5255,111.562,1
159,9540,92,40.1621,5.9441,10.3331,27.4833,10.4203,26.7171,9.5394,27.659,10.2308,28.3824,11.0276,27.3436,1
160,9600,1,24.4558,-24.7429,66.88,178.841,67.5006,178.708,66.9076,176.669,66.249,178.867,66.8579,-179.276,1
160,9600,14,37.9488,-14.4291,17.0297,104.108,17.1473,103.447,16.1362,104.13,16.8677,104.837,17.7856,104.076,1
160,9600,21,18.3672,24.3682,64.9115,-85.4842,65.4692,-85.1945,65.0565,-86.6365,64.2804,-85.7406,64.7283,-84.3589,1
160,9600,23,-30.5468,-18.9061,-0.0771514,-57.6775,0.559286,-57.2862,0.191965,-58.1545,-0.620666,-58.0311,-0.336709,-57.1582,1
160,9600,27,32.419,-14.118,-34.9848,116.449,-35.245,115.843,-35.5865,116.962,-34.7201,117.113,-34.465,115.996,1
160,9600,31,4.85865,24.1959,60.4266,151.435,60.0035,150.849,60.0819,152.16,60.894,152.045,60.8028,150.694,2
160,9600,34,-40.2928,-0.839937,13.4453,-19.6297,13.8799,-18.9109,13.8895,-20.1885,13.0658,-20.2442,12.9353,-18.9805,1
160,9600,37,34.0161,-19.6804,-83.5672,-135.712,-84.1316,-134.172,-83.2295,-128.974,-82.9473,-136.82,-83.7959,-141.911,1
160,9600,39,-32.2912,14.4312,-12.277,153.049,-12.6508,152.549,-12.7184,153.541,-11.9133,153.497,-11.7594,152.497,1
160,9600,42,-12.1736,15.2322,47.7352,-112.917,47.9049,-113.639,47.2383,-113.195,47.577,-112.191,48.2618,-112.591,1
160,9600,45,-18.4662,-23.9388,7.40437,7.84056,8.09735,7.82496,7.48786,7.28817,6.78724,7.83133,7.35231,8.39299,1
160,9600,54,0.993093,24.6244,24.2352,-111.47,24.1661,-112.082,23.6772,-111.496,24.3344,-110.818,24.8277,-111.41,1
160,9600,55,-16.3245,-9.52559,46.3075,-81.2423,46.4505,-82.0752,45.7904,-81.4316,46.1603,-80.4717,46.8411,-81.0612,1
160,9600,57,17.6165,9.01044,30.3493,17.127,30.9069,17.0976,30.2967,16.4872,29.7511,17.168,30.3862,17.7482,1
160,9600,69,-30.6095,-3.70925,57.4525,4.31636,58.0065,3.65196,57.067,3.53177,56.9503,4.89507,57.8745,5.18525,1
160,9600,71,-33.8346,13.4349,35.9137,108.186,36.5002,108.646,36.1659,107.341,35.3632,107.795,35.6022,109.148,2
160,9600,76,-19.4504,8.66879,-34.2787,-77.981,-34.4173,-78.6308,-34.8069,-77.7696,-34.1316,-77.3615,-33.706,-78.1969,1
160,9600,85,-19.1701,10.5409,13.9657,-18.905,13.8467,-19.4115,13.4724,-18.7552,14.0913,-18.4176,14.5017,-19.0585,1
160,9600,88,21.7291,7.73631,46.9086,117.729,47.4293,117.732,46.8649,116.967,46.3442,117.736,46.9362,118.458,1
160,9600,92,30.2069,-22.6539,11.7753,26.7933,11.8245,26.2002,10.9462,26.7028,11.6845,27.4097,12.4878,26.8495,1
161,9660,13,14.5807,21.7909,-2.64819,82.6409,-2.73884,82.0997,-3.15341,82.6858,-2.52688,83.2325,-2.13512,82.6208,1
161,9660,14,35.1681,-14.6746,20.0065,106.416,20.1085,105.779,19.1829,106.405,19.8659,107.108,20.714,106.412,1
161,9660,15,19.8923,8.86548,43.4892,142.787,43.6862,142.119,42.9966,142.558,43.2792,143.507,43.9587,143.023,1
161,9660,17,-12.2052,24.8712,28.799,-122.899,29.31,-122.933,28.8405,-123.531,28.2746,-122.832,28.7246,-122.205,1
161,9660,19,-39.3735,1.27205,-20.7708,-71.8636,-19.9816,-71.7372,-20.8843,-72.6067,-21.4577,-71.9674,-20.6317,-71.0067,1
161,9660,23,-20.1007,6.05688,-6.3446,-57.9467,-5.94737,-57.6293,-6.06262,-58.3614,-6.72814,-58.2446,-6.65094,-57.5036,1
161,9660,31,31.6841,24.52,64.789,156.313,64.2209,155.246,64.4336,157.458,65.467,157.582,65.1519,155.25,1
161,9660,32,28.0108,15.9884,80.282,-23.4376,80.7007,-20.75,80.6317,-26.1307,79.7747,-26.1424,79.9166,-21.1468,1
161,9660,36,36.2592,17.241,-63.2994,-38.1913,-62.9023,-36.8205,-62.8181,-39.2192,-63.7656,-39.8349,-63.7519,-37.2717,1
161,9660,42,37.747,9.8035,44.5434,-105.631,44.895,-106.574,43.7976,-105.848,44.1304,-104.54,45.2024,-105.407,1
161,9660,47,31.3967,-5.35166,-50.3347,68.0023,-49.7447,67.7928,-50.6053,66.9692,-50.9833,68.2217,-50.0826,68.913,1
161,9660,54,34.6579,17.3674,24.1776,-106.321,24.1695,-107.188,23.4749,-106.164,24.2004,-105.302,24.8287,-106.431,1
161,9660,57,-29.0455,14.5138,30.491,24.2561,31.1247,24.3762,30.5096,23.4653,29.8928,24.1708,30.4489,25.1516,1
161,9660,68,32.4017,1.77921,44.9076,-44.7136,45.1097,-45.5208,44.2542,-44.8431,44.6745,-43.8203,45.4965,-44.5869,1
161,9660,71,-37.3301,-6.90285,34.7481,109.199,35.5163,109.683,34.8944,108.376,34.085,108.785,34.5929,110.128,3
161,9660,85,22.3161,0.0373744,14.7993,-14.5248,14.6822,-15.0355,14.2849,-14.348,14.9217,-13.9782,15.2812,-14.6896,1
161,9660,92,37.0559,13.1582,16.4493,32.8002,16.4998,32.0249,15.7451,32.9388,16.3994,33.7094,17.0867,32.6991,2
161,9660,93,36.4473,10.6036,37.1742,65.679,37.4491,64.8477,36.4699,65.5536,36.8567,66.641,37.8039,65.8175,1
162,9720,0,-20.668,1.97613,73.231,97.7813,73.3276,95.6953,72.6537,97.5947,73.1247,99.7296,73.8474,97.9967,1
162,9720,1,-37.0705,14.0769,61.221,-152.734,61.8834,-151.791,61.4834,-154.405,60.6048,-153.497,60.8711,-150.808,1
162,9720,5,33.9298,-5.85241,-73.9168,-88.3663,-73.2348,-88.1055,-73.9778,-91.3482,-74.6718,-88.7351,-73.8261,-85.7683,1
162,9720,8,-27.1717,-14.3091,6.24763,45.8134,5.84017,45.1555,5.74546,46.1649,6.59701,46.4058,6.76425,45.4217,1
162,9720,12,-13.7975,-13.846,-26.9673,55.4318,-26.9719,54.82,-27.4558,55.4063,-26.9725,56.0019,-26.4744,55.4404,1
162,9720,14,-25.9414,-5.646,27.4684,105.517,27.4873,104.833,26.9377,105.558,27.4443,106.14,28.0357,105.462,1
162,9720,19,-13.8776,18.7741,-26.4587,-69.9997,-25.9597,-70.0125,-26.445,-70.5898,-26.9593,-69.9633,-26.4889,-69.3583,2
162,9720,22,-16.8362,13.3517,24.7343,-63.8623,25.1195,-63.5327,25.0347,-64.3081,24.3471,-64.1711,24.3987,-63.3907,1
162,9720,23,23.8451,22.4851,-12.2779,-61.0182,-11.7601,-60.7049,-12.0037,-61.4815,-12.8767,-61.3554,-12.5712,-60.5789,1
162,9720,27,33.772,15.6347,-24.5896,118.101,-24.982,117.504,-25.0148,118.6,-24.1198,118.777,-24.1792,117.662,1
162,9720,29,32.6336,-9.03684,43.578,132.46,43.3697,131.736,42.979,132.947,43.7866,133.263,44.1014,132.013,1
162,9720,31,23.5257,-6.76609,65.3915,153.867,65.0371,152.995,65.0008,154.883,65.7542,154.831,65.7406,152.899,1
162,9720,32,-32.416,-7.25163,77.337,2.08022,77.5008,5.1761,77.8554,0.921263,77.1673,-0.599534,76.7686,3.298,1
162,9720,37,-28.7171,6.82106,-77.3822,155.583,-77.7484,153.458,-77.7544,157.61,-77.0215,157.415,-76.9487,153.486,1
162,9720,42,37.5521,3.70057,45.5953,-101.808,45.9902,-102.668,44.8483,-102.136,45.1328,-100.835,46.2498,-101.499,1
162,9720,47,-35.4462,1.46796,-45.8061,77.7089,-45.0984,77.3658,-46.1728,76.8953,-46.4316,78.0292,-45.3818,78.6155,1
162,9720,54,37.0156,9.09612,25.8828,-104.107,25.9554,-104.96,25.1133,-103.956,25.7996,-103.116,26.5718,-104.223,1
162,9720,55,-32.3363,-15.0406,50.9541,-73.8789,51.2366,-75.1438,50.3389,-74.1119,50.685,-72.8023,51.6244,-73.664,3
162,9720,57,-31.4188,-12.0232,30.0559,24.9586,30.8489,24.9901,29.9951,24.2417,29.3598,24.9192,30.1389,25.7332,1
162,9720,60,-37.8719,7.61721,33.8782,61.1673,34.5851,61.4159,33.8717,60.3121,33.2469,60.9674,33.8729,62.1602,1
162,9720,69,27.062,-8.17388,50.6864,13.7283,51.1813,13.3884,50.3751,12.8592,50.1515,14.0667,50.9678,14.5193,1
162,9720,76,33.4262,7.38246,-29.598,-69.2481,-29.8217,-69.993,-30.1944,-68.8197,-29.3334,-68.4082,-29.0491,-69.6188,1
162,9720,78,-17.0835,19.0394,39.916,-44.6524,39.7574,-45.3321,39.3497,-44.4556,40.093,-43.9822,40.5439,-44.8475,1
162,9720,89,25.8543,23.7379,9.59958,147.304,10.2302,147.428,9.7048,146.754,8.8705,147.187,9.46315,147.834,1
162,9720,92,-23.3918,-0.717888,22.2439,30.0311,22.2814,29.4115,21.7116,30.0489,22.2078,30.6076,22.8139,30.0091,1
162,9720,93,34.0503,10.0397,38.9627,69.5289,39.246,68.7405,38.3073,69.3435,38.6401,70.4287,39.5544,69.7217,2
162,9720,94,-14.1196,12.2885,46.9688,118.795,47.4031,118.42,46.7039,118.149,46.5459,119.175,47.2383,119.501,1
163,9780,4,29.0679,7.80802,-46.7574,-121.156,-46.1649,-120.699,-46.5335,-122.09,-47.4202,-121.669,-46.9705,-120.291,1
163,9780,5,-20.7787,-2.6493,-71.3205,-66.4342,-70.738,-67.111,-71.557,-68.0762,-71.8631,-65.7677,-71.0507,-64.748,1
163,9780,7,25.275,23.0589,-22.2935,43.2693,-22.7107,42.6175,-22.8122,43.6631,-21.7887,43.9959,-21.7648,42.9214,1
163,9780,8,39.5727,-6.00058,8.64664,53.9471,8.40727,53.1969,7.84438,54.5201,8.90141,54.8144,9.32808,53.4559,1
163,9780,12,-12.0263,-18.1725,-24.7546,58.055,-24.7914,57.4407,-25.2521,58.026,-24.7345,58.6242,-24.261,58.0621,1
163,9780,14,35.3055,17.4639,27.4155,114.787,27.4647,113.964,26.7571,114.884,27.3698,115.755,28.0222,114.731,1
163,9780,19,-15.9747,16.7012,-28.7342,-67.0827,-28.2318,-67.1006,-28.7424,-67.6866,-29.2319,-67.0432,-28.7382,-66.4254,1
163,9780,21,-30.1813,0.92389,57.5801,-71.3366,58.0662,-70.6475,57.8291,-72.2732,57.1324,-71.9431,57.2991,-70.3178,1
163,9780,23,-26.2013,5.79887,-13.7324,-56.5081,-13.3076,-56.1442,-13.4427,-56.9748,-14.1337,-56.843,-14.0526,-55.9977,2
163,9780,25,22.4642,-20.1252,-80.3107,-9.79719,-79.8049,-10.0789,-80.3045,-13.615,-80.8286,-9.63764,-80.2632,-6.41216,1
163,9780,29,-6.08096,23.4218,50.9479,129.902,50.6804,129.26,50.4918,130.241,51.2436,130.558,51.4487,129.562,1
163,9780,31,-27.0777,-23.5329,66.8754,141.979,66.1863,141.188,66.602,143.178,67.4596,142.752,67.1156,140.677,1
163,9780,32,37.9117,-9.97934,75.2773,-29.3423,75.6581,-27.3043,75.7792,-31.9925,74.8454,-31.5572,74.8302,-27.1935,1
163,9780,41,29.4079,11.3566,30.2297,-137.355,30.2706,-138.094,29.608,-137.296,30.1895,-136.524,30.8098,-137.392,1
163,9780,42,-18.9604,-8.7604,51.7156,-100.926,51.9808,-101.769,51.2472,-101.29,51.4576,-100.158,52.2052,-100.556,1
163,9780,44,-8.60615,17.651,22.8309,-7.35205,23.3409,-7.32176,22.8896,-7.921,22.311,-7.3617,22.7484,-6.74709,2
163,9780,54,32.0424,-19.6604,26.6925,-104.518,26.7835,-105.22,25.801,-104.612,26.5551,-103.778,27.4577,-104.459,1
163,9780,57,-37.7037,-10.532,27.8558,28.4027,28.7804,28.5196,27.7615,27.6125,27.0676,28.2954,27.9805,29.288,1
163,9780,58,-25.8629,-3.47528,-1.69991,51.3367,-1.05523,51.4392,-1.67507,50.7535,-2.29045,51.2411,-1.71964,51.9644,1
163,9780,60,-34.833,10.6384,30.4866,63.611,31.1293,63.8319,30.5229,62.8262,29.8987,63.4329,30.4293,64.5123,2
163,9780,62,-36.1938,4.37809,-26.4424,108.342,-25.7437,108.508,-26.4737,107.599,-27.066,108.202,-26.4032,109.19,1
163,9780,70,11.9986,15.9961,54.8983,83.4517,55.4424,83.4874,54.9298,82.5406,54.3134,83.442,54.8415,84.3609,1
163,9780,72,-31.6804,-17.0576,-5.047,124.13,-4.26967,124.432,-4.87092,123.539,-5.71385,123.852,-5.20581,124.771,1
163,9780,73,-12.44,-21.9619,-38.5226,138.077,-37.9001,138.213,-38.3326,137.419,-39.0866,137.923,-38.6802,138.735,1
163,9780,74,35.2845,1.39609,-70.5135,179.706,-69.8416,179.309,-70.8325,177.619,-71.2738,-179.821,-70.2162,-178.489,1
163,9780,76,32.7548,-15.0802,-28.3647,-69.0223,-28.526,-69.7077,-29.1382,-68.6659,-28.213,-68.275,-27.6992,-69.3415,1
163,9780,77,34.395,-11.8849,5.42429,-55.3417,5.25947,-55.9661,4.66355,-54.9897,5.58217,-54.6496,6.07916,-55.6567,1
163,9780,80,16.0114,-18.2156,-21.6182,165.071,-21.1412,165.21,-21.4127,164.493,-22.091,164.911,-21.7897,165.608,1
163,9780,85,-20.7715,-15.1869,22.0406,-15.2091,21.8444,-15.816,21.5644,-15.0457,22.2048,-14.6516,22.5242,-15.3971,1
163,9780,91,13.6182,13.8449,-2.29903,10.2309,-2.33467,9.7139,-2.80046,10.2636,-2.24754,10.7845,-1.80064,10.2137,1
163,9780,95,-34.6474,17.3927,28.9969,165.83,29.6574,165.943,28.9621,164.99,28.3857,165.761,29.0125,166.816,1
164,9840,5,-18.6929,-22.3228,-72.0819,-61.9867,-71.4695,-63.2943,-72.3347,-63.7406,-72.6341,-60.807,-71.7859,-60.3323,1
164,9840,7,-16.186,9.41104,-19.1429,39.3817,-19.3898,38.8391,-19.6495,39.6667,-18.8902,39.9028,-18.5958,39.0873,1
164,9840,8,-25.5667,16.4429,16.6255,48.3547,16.3711,47.7531,16.0245,48.6871,16.8905,48.9211,17.31,47.9951,1
164,9840,14,-15.7466,-11.989,31.5906,111.696,31.5986,111.052,31.1014,111.67,31.5701,112.295,32.0896,111.706,1
164,9840,19,23.7584,-1.95859,-32.7328,-68.1317,-32.2105,-68.1342,-32.789,-68.8063,-33.2914,-68.1337,-32.6771,-67.5068,1
164,9840,21,-27.2511,-21.5694,55.9118,-71.4084,56.562,-70.8448,56.1591,-72.252,55.3508,-71.9151,55.6771,-70.5205,1
164,9840,23,17.659,-14.6897,-16.3642,-60.2069,-15.9756,-59.9093,-16.0139,-60.6591,-16.7497,-60.5249,-16.6758,-59.7818,1
164,9840,25,-29.5409,-13.5454,-77.7271,20.6353,-77.1869,18.7341,-78.0883,18.7409,-78.2003,22.4158,-77.314,22.4748,1
164,9840,29,35.6036,3.38739,51.8496,136.537,51.6389,135.58,51.2801,137.139,52.0797,137.635,52.3591,135.998,1
164,9840,32,35.2609,8.39082,69.5803,-27.6766,70.0189,-26.2524,69.9461,-29.3031,69.0591,-29.2248,69.2265,-26.282,1
164,9840,33,25.9688,-2.65097,34.7178,-26.3467,35.0511,-25.8478,35.1232,-26.8616,34.3605,-26.8832,34.344,-25.8774,1
164,9840,37,-37.5538,-7.8083,-71.2549,151.26,-71.7437,149.253,-71.6329,152.867,-70.8204,152.92,-70.8269,149.495,1
164,9840,39,-11.4077,23.128,3.57534,153.393,3.20047,153.065,3.18254,153.752,3.97673,153.71,4.02044,153.016,1
164,9840,40,30.5744,11.6111,6.4276,-160.604,6.36849,-161.26,5.81071,-160.443,6.5047,-159.862,7.0037,-160.736,1
164,9840,42,24.061,-15.6773,48.6577,-95.0294,48.9781,-95.7057,48.1067,-95.6257,48.303,-94.3554,49.1575,-94.5012,2
164,9840,44,24.7991,-10.4454,19.9295,-9.22975,20.4743,-9.15928,19.9669,-9.92024,19.3563,-9.31935,19.9021,-8.60366,1
164,9840,53,-27.6466,17.288,9.63457,-129.334,9.64213,-129.968,8.95303,-129.279,9.65308,-128.73,10.4105,-129.377,1
164,9840,54,38.8574,-5.22122,29.5605,-99.533,29.7435,-100.355,28.6489,-99.4938,29.3302,-98.6028,30.3427,-99.5686,1
164,9840,57,-35.8929,9.68278,23.0686,32.3588,23.7962,32.5825,23.0822,31.5404,22.4099,32.1796,23.039,33.3052,2
164,9840,60,-40.3728,-4.40653,29.2735,65.6376,30.1134,65.885,29.223,64.8334,28.5557,65.4294,29.3391,66.5636,1
164,9840,69,-37.6813,-5.77239,53.3903,28.7561,54.1814,28.5065,53.1041,27.7731,52.7045,28.9607,53.7162,29.8728,2
164,9840,70,22.2997,7.80877,51.9212,85.1255,52.4886,85.2417,51.9383,84.1944,51.3033,85.0137,51.8875,86.0089,1
164,9840,76,31.5145,21.7513,-21.023,-66.2491,-21.3744,-66.9756,-21.5695,-65.8606,-20.5852,-65.4149,-20.4857,-66.5793,1
164,9840,79,33.6986,-5.04739,64.9043,13.5836,65.3007,12.3762,64.2172,12.7925,64.4446,14.8643,65.5088,14.3121,2
164,9840,84,-1.64379,24.952,-4.0293,-27.7474,-4.2155,-28.2155,-4.52603,-27.6396,-3.80711,-27.2601,-3.49149,-27.8377,1
164,9840,85,33.367,-16.451,22.5579,-8.99051,22.5042,-9.61327,21.7862,-8.82133,22.5857,-8.31465,23.2206,-9.15329,1
164,9840,87,14.5325,11.8777,58.8798,88.6789,59.329,88.2689,58.6663,87.837,58.4022,89.1242,59.0732,89.528,1
164,9840,91,10.7858,24.9518,1.42826,13.1086,1.34708,12.5545,0.907477,13.1097,1.54314,13.7145,1.96714,13.137,2
164,9840,94,-35.2913,-0.926526,47.3363,128.233,48.0339,127.889,46.9906,127.433,46.7189,128.534,47.7236,129.142,1
165,9900,2,21.5763,-7.5617,17.0299,-140.832,17.5211,-140.519,17.3374,-141.433,16.5196,-141.17,16.7506,-140.277,1
165,9900,7,-24.7341,8.58354,-15.3284,39.304,-15.5758,38.7034,-15.8763,39.6264,-15.0818,39.8637,-14.7215,38.9588,1
165,9900,8,-17.9652,-18.6633,16.4356,48.9658,16.0394,48.376,15.934,49.2622,16.7776,49.5132,16.9278,48.6422,1
165,9900,11,28.7137,-8.16862,-44.534,33.3855,-44.3396,32.6654,-45.1691,33.1679,-44.75,34.1601,-43.9616,33.5687,1
165,9900,14,-15.1284,14.7593,35.5091,117.106,35.5791,116.5,34.9972,117.014,35.4528,117.708,36.0595,117.224,1
165,9900,19,24.7125,8.20678,-35.8765,-64.1141,-35.3258,-64.1677,-35.9778,-64.7869,-36.4796,-64.0458,-35.7879,-63.4786,1
165,9900,21,-29.6845,-3.27974,50.5341,-69.229,51.0286,-68.6384,50.7868,-69.9918,50.0848,-69.7542,50.2583,-68.4014,1
165,9900,23,-28.2973,7.01951,-21.2816,-55.2661,-20.8446,-54.873,-20.9879,-55.7771,-21.6928,-55.6251,-21.6099,-54.7007,1
165,9900,25,-35.9096,-10.8612,-76.8797,38.4713,-76.3996,35.8383,-77.4174,37.2911,-77.2787,40.8802,-76.2703,39.596,1
165,9900,28,-22.7286,-14.9591,20.1215,119.702,19.7441,119.199,19.7291,120.03,20.4514,120.166,20.5156,119.344,1
165,9900,31,-29.1672,-7.54893,75.6133,132.319,75.024,131.272,75.4414,134.392,76.136,133.355,75.7669,130.017,1
165,9900,33,-18.4058,-5.72026,30.9749,-22.2523,31.321,-21.7787,31.3315,-22.6395,30.6524,-22.696,30.6069,-21.8459,1
165,9900,38,-30.4803,22.988,-28.3546,152.572,-28.7178,152.04,-28.8707,153.104,-27.9786,153.05,-27.7331,151.978,1
165,9900,42,-21.6748,-2.25847,53.663,-88.3671,54.0349,-89.1238,53.2264,-88.8871,53.3111,-87.674,54.1264,-87.809,1
165,9900,43,29.9769,-20.6621,41.1082,-39.9013,41.6932,-40.0294,40.9644,-40.9795,40.4875,-39.8145,41.2436,-38.9715,1
165,9900,44,-34.8196,-1.20779,20.2026,-1.54557,20.9349,-1.37764,20.185,-2.24395,19.553,-1.69053,20.2253,-0.761115,1
165,9900,45,-31.5615,-16.4758,-6.97423,19.7583,-6.16947,19.8136,-6.98351,19.1536,-7.67174,19.6949,-6.93501,20.4057,1
165,9900,54,-26.1513,-5.088,37.2492,-101.699,37.3079,-102.53,36.6657,-101.686,37.1872,-100.942,37.8753,-101.724,1
165,9900,56,-31.8362,3.04962,45.2942,2.09268,45.9995,2.02454,45.1165,1.19275,44.6559,2.16324,45.4841,3.10509,1
165,9900,57,-27.4271,-21.1819,22.0999,31.4397,22.9196,31.4191,22.1057,30.7904,21.3868,31.4349,22.1265,32.1137,1
165,9900,60,-32.8106,5.09581,24.847,67.7474,25.4773,67.9409,24.8828,67.0629,24.2731,67.5834,24.8001,68.5169,1
165,9900,62,-33.6648,22.0004,-33.4366,115.227,-32.806,115.355,-33.4063,114.33,-34.0317,115.151,-33.4883,116.288,1
165,9900,69,-36.1092,12.8411,50.1554,36.2472,50.842,36.2785,50.0003,35.1639,49.5342,36.2535,50.311,37.5208,1
165,9900,70,-35.8458,-1.30386,52.8671,95.4003,53.5984,95.8878,52.9461,94.2734,52.2203,94.9885,52.7719,96.6695,1
165,9900,71,38.2636,-1.73676,17.2152,106.826,17.8373,107.211,17.4152,105.962,16.5069,106.38,17.0356,107.573,1
165,9900,76,35.6181,-2.98353,-20.2808,-65.5963,-20.4678,-66.2889,-20.9659,-65.1696,-20.0764,-64.8166,-19.6776,-65.9676,1
165,9900,83,-37.5372,4.62695,-31.4054,-49.5388,-31.3928,-50.3878,-32.0549,-49.3275,-31.4018,-48.7878,-30.6572,-49.7766,1
165,9900,85,30.3123,9.22942,28.116,-5.80125,28.0149,-6.46879,27.552,-5.57959,28.2335,-5.05187,28.6413,-5.99389,1
165,9900,86,36.0073,-0.632063,52.8978,27.7761,53.1139,26.7919,52.1832,27.6542,52.6394,28.8728,53.5285,27.8921,1
165,9900,87,-40.0181,3.78508,62.198,98.914,62.9827,98.8092,61.9212,97.5085,61.516,99.0223,62.5028,100.584,1
165,9900,88,29.8698,18.1397,30.8837,132.233,31.5212,132.34,30.9006,131.554,30.1502,132.132,30.8384,132.871,1
165,9900,91,38.1763,-3.97305,0.166647,15.7343,0.254554,15.0612,-0.643108,15.8572,0.0551803,16.4983,0.867883,15.6277,1
166,9960,6,-17.2449,16.0674,-45.3124,27.4858,-45.4941,26.7084,-45.8864,27.7661,-45.1081,28.2373,-44.6792,27.209,1
166,9960,7,-28.085,-23.823,-15.124,38.6434,-15.6514,37.8759,-15.6671,38.9907,-14.6898,39.3136,-14.5861,38.2487,1
166,9960,8,23.9242,-13.1457,19.3813,54.1574,19.1359,53.589,18.7399,54.489,19.6175,54.7624,19.9535,53.8442,1
166,9960,19,18.8145,-1.7217,-37.2172,-61.1089,-36.7221,-61.169,-37.2976,-61.7689,-37.7385,-61.0486,-37.1376,-60.4876,1
166,9960,22,35.8813,8.3994,9.201,-67.0211,9.71306,-66.6055,9.47603,-67.6392,8.60778,-67.4921,8.94006,-66.4726,1
166,9960,23,20.9703,-15.5735,-23.8053,-59.6999,-23.412,-59.3742,-23.4336,-60.202,-24.1972,-60.0527,-24.1309,-59.2327,1
166,9960,25,38.534,-8.98764,-81.4997,75.5335,-81.3774,71.3369,-82.3168,76.1601,-81.6009,80.374,-80.8,75.0476,1
166,9960,36,-9.81013,22.7425,-82.897,-41.886,-82.635,-38.5567,-82.4154,-43.4827,-83.1621,-45.4708,-83.4234,-40.0626,1
166,9960,38,-35.9391,-15.3879,-28.5498,151.577,-29.158,150.92,-28.8869,152.153,-28.0369,152.143,-28.2001,150.932,1
166,9960,39,-39.0928,-7.40925,8.15126,149.681,7.57658,149.063,7.81246,150.253,8.6395,150.213,8.52044,149.02,1
166,9960,44,-32.7339,-15.7222,18.3352,-0.535736,19.1556,-0.468905,18.3137,-1.17902,17.6265,-0.608061,18.3841,0.158015,1
166,9960,48,-36.3509,1.84782,-37.108,145.995,-36.8571,145.092,-37.7957,145.939,-37.3176,146.802,-36.3245,146.055,1
166,9960,54,-19.1689,-8.34745,38.9255,-97.9842,38.9766,-98.7642,38.3837,-98.026,38.8662,-97.2624,39.4892,-97.9546,1
166,9960,67,24.4151,-2.85132,35.0167,-64.9048,35.0613,-65.5457,34.4357,-64.8954,34.9602,-64.2202,35.5532,-64.9149,1
166,9960,69,21.4839,6.05638,44.0128,35.0871,44.5304,34.9612,43.8755,34.3693,43.4548,35.227,44.1316,35.7747,1
166,9960,76,33.4074,-11.8072,-17.5657,-65.0884,-17.7383,-65.7261,-18.3035,-64.7251,-17.3961,-64.3864,-16.9268,-65.4121,1
166,9960,83,-32.3585,-9.35501,-29.8314,-47.5673,-29.9373,-48.371,-30.3738,-47.3637,-29.741,-46.8581,-29.2439,-47.804,1
166,9960,85,33.2003,0.283662,30.3588,-3.84776,30.3107,-4.53777,29.722,-3.62913,30.4051,-3.07666,30.9306,-4.04255,1
166,9960,91,-29.2353,-23.1581,6.01683,11.8373,5.8904,11.0213,5.44279,11.9013,6.1028,12.5419,6.60895,11.7326,1
166,9960,92,-24.0931,-1.87465,32.2409,41.6547,32.3301,40.971,31.7065,41.6204,32.1549,42.2867,32.8136,41.6871,1
167,10020,0,33.295,2.71321,69.5075,159.934,70.1815,159.349,69.1257,158.065,68.7466,160.549,69.8258,161.68,1
167,10020,7,-39.3634,-0.170246,-8.48321,38.6744,-8.79172,37.7915,-9.11241,39.1701,-8.20921,39.433,-7.75891,38.0959,2
167,10020,9,-12.9316,19.9005,60.7448,71.8227,60.5959,70.7072,60.154,72.0544,60.9107,72.948,61.3927,71.6053,2
167,10020,13,21.0497,-3.07666,12.4457,95.105,12.4426,94.5865,11.8961,95.1477,12.4432,95.6532,12.9589,95.0633,1
167,10020,16,-29.9298,13.2266,39.3012,-136.187,39.8984,-136.185,39.2087,-136.985,38.7439,-136.165,39.3866,-135.279,1
167,10020,17,24.116,13.7076,10.9722,-110.645,11.5418,-110.624,10.95,-111.199,10.3404,-110.656,10.9752,-110.115,1
167,10020,19,-33.2698,-18.7596,-34.4945,-55.9201,-33.6901,-56.1584,-34.6796,-56.5991,-35.1873,-55.7325,-34.2608,-55.2071,1
167,10020,20,-21.2557,11.1016,75.7809,-94.4747,76.2708,-93.8945,75.8799,-96.5629,75.3053,-94.948,75.643,-92.2432,1
167,10020,22,32.4893,-17.2107,8.05946,-66.6469,8.47393,-66.2641,8.52386,-67.2616,7.63288,-67.0775,7.66905,-66.1073,1
167,10020,23,28.2711,-10.0984,-28.1077,-59.9594,-27.7085,-59.5688,-27.7389,-60.548,-28.5241,-60.3929,-28.4297,-59.4231,1
167,10020,25,-16.5924,-19.9549,-75.707,68.5372,-75.7063,66.1693,-76.1972,68.3274,-75.7046,70.6893,-75.2148,68.6454,1
167,10020,40,-26.1385,24.752,19.7148,-157.427,19.7157,-158.058,19.0133,-157.438,19.7504,-156.81,20.5255,-157.385,1
167,10020,41,14.2012,24.869,41.4404,-123.554,41.4982,-124.344,40.9134,-123.714,41.3964,-122.674,41.9724,-123.346,1
167,10020,43,24.5038,-2.58681,36.3372,-29.8426,36.8876,-29.8922,36.2286,-30.5849,35.7469,-29.7966,36.4342,-29.1557,1
167,10020,44,-32.6886,14.0272,12.8963,3.72329,13.5302,3.91859,12.971,3.01024,12.3053,3.56673,12.7938,4.54094,3
167,10020,49,18.7784,-10.0574,-13.8308,-179.085,-13.8687,-179.62,-14.4177,-179.033,-13.803,-178.532,-13.2882,-179.142,1
167,10020,54,35.4377,-11.6295,36.4217,-90.75,36.6449,-91.5368,35.552,-90.9114,36.1462,-89.8957,37.1727,-90.6201,1
167,10020,58,39.7556,-5.99707,-17.4511,54.1315,-16.7321,54.3629,-17.4549,53.1383,-18.2701,53.8459,-17.4422,54.9775,1
167,10020,64,-5.24767,21.5725,-42.1141,-138.339,-42.0787,-139.007,-42.6165,-138.464,-42.124,-137.642,-41.5799,-138.179,1
167,10020,67,-33.7803,-11.3225,40.903,-67.2909,40.9176,-68.3003,40.3135,-67.1813,40.8739,-66.4113,41.5454,-67.4394,1
167,10020,68,-40.0281,0.377906,59.0085,-14.5965,59.6298,-15.6549,58.3933,-15.2957,58.4687,-13.7037,59.7195,-13.764,1
167,10020,69,23.2083,11.5808,41.3554,39.459,41.9052,39.3557,41.2358,38.7572,40.7525,39.5844,41.4516,40.1357,1
167,10020,85,33.3548,-13.9019,32.2706,-2.47597,32.257,-3.15862,31.5187,-2.33699,32.258,-1.73379,32.9218,-2.6124,1
167,10020,91,37.2113,1.9556,6.21843,20.7722,6.28815,20.088,5.46998,20.9054,6.13529,21.5543,6.87883,20.6615,1
168,10080,6,-21.0694,16.606,-38.1628,30.3542,-38.3618,29.638,-38.7569,30.6512,-37.9428,31.0377,-37.4973,30.0521,1
168,10080,7,37.7593,-13.3479,-8.81597,47.591,-9.05362,46.8912,-9.67233,48.1297,-8.57883,48.383,-8.09771,47.1275,1
168,10080,9,-34.6896,0.712526,63.5546,68.6258,63.3987,66.8676,62.9003,69.2727,63.6805,70.2009,64.2879,67.8504,1
168,10080,13,37.3664,-6.49716,13.6531,98.6075,13.7395,97.9488,12.8585,98.7049,13.5392,99.3468,14.3407,98.5193,1
168,10080,16,29.1804,-13.0615,34.1904,-139.215,34.7409,-139.261,34.0814,-140.044,33.6014,-139.192,34.2933,-138.482,1
168,10080,20,-27.524,-24.2011,75.7233,-91.5083,76.4767,-91.1069,75.8258,-93.6707,75.0752,-91.9069,75.6331,-89.2872,1
168,10080,22,20.6943,-11.305,3.8038,-64.8929,4.18967,-64.5935,4.14212,-65.3451,3.41168,-65.2137,3.50025,-64.4724,2
168,10080,23,25.6592,10.3138,-33.6497,-58.7836,-33.2022,-58.4018,-33.384,-59.3489,-34.1482,-59.2011,-33.9097,-58.2542,1
168,10080,26,37.7817,13.4596,-37.804,114.726,-38.2007,113.964,-38.2564,115.389,-37.3208,115.603,-37.3778,114.158,1
168,10080,27,15.8058,11.8286,-2.35336,118.436,-2.64811,118.04,-2.73489,118.733,-2.02847,118.856,-1.97156,118.155,1
168,10080,29,-18.7374,-21.6154,65.6865,135.221,65.3559,133.963,65.2279,135.715,65.9581,136.401,66.1332,134.652,1
168,10080,30,-40.0748,-2.00471,51.9591,143.367,51.3603,142.454,51.6564,144.376,52.4705,144.169,52.2892,142.181,1
168,10080,36,20.3571,19.0518,-85.4561,-122.814,-85.8538,-117.592,-85.0954,-118.331,-84.9893,-127.769,-85.7608,-128.124,1
168,10080,40,-24.418,-19.254,19.0021,-158.027,18.8721,-158.771,18.4506,-157.946,19.0971,-157.363,19.5664,-158.14,1
168,10080,42,-17.3664,16.3101,52.8237,-67.2694,53.274,-67.742,52.523,-68.0524,52.3882,-66.7855,53.1322,-66.3879,3
168,10080,44,-22.3031,1.32558,10.2767,4.02038,10.844,4.1193,10.318,3.46892,9.74402,3.93094,10.2317,4.61133,1
168,10080,54,-10.9499,23.1561,44.4393,-86.3358,44.5532,-87.0914,43.8821,-86.6001,44.3452,-85.5533,45.0402,-86.0066,2
168,10080,56,-29.6717,6.62303,37.9036,13.3529,38.5661,13.4062,37.8318,12.5386,37.2929,13.3189,37.9719,14.2637,1
168,10080,57,-20.5606,-20.2764,12.7737,37.7664,13.4811,37.7675,12.8277,37.1871,12.1412,37.7452,12.7461,38.3552,2
168,10080,59,26.6554,21.3897,-45.8449,92.4865,-45.1696,92.197,-46.0436,91.6444,-46.6111,92.8608,-45.6793,93.3094,1
168,10080,69,-30.247,-23.9886,45.019,43.642,45.8404,43.3991,44.9243,42.8384,44.3134,43.8129,45.1512,44.4727,2
168,10080,70,26.9601,16.614,38.3148,96.1848,38.9524,96.386,38.4043,95.4199,37.5894,95.9831,38.2008,96.9059,1
168,10080,72,11.9845,-19.7405,-24.0763,126.051,-23.5699,126.253,-23.7847,125.464,-24.5668,125.826,-24.3258,126.602,2
168,10080,83,-37.9013,12.3075,-21.1916,-42.8205,-21.1963,-43.5786,-21.888,-42.6027,-21.1628,-42.1432,-20.3709,-43.0617,1
168,10080,86,38.8749,2.67117,57.2867,46.1224,57.6969,45.095,56.5664,45.6584,56.8014,47.2788,57.9123,46.5576,1
168,10080,87,-36.0469,4.98446,54.7492,115.024,55.4356,115.204,54.672,113.904,54.1352,114.886,54.8224,116.31,1
168,10080,91,29.4756,3.95634,9.74467,22.5817,9.77427,21.982,9.12507,22.6553,9.71266,23.2454,10.3141,22.521,1
168,10080,94,30.1448,-23.2722,36.3094,139.422,36.88,139.268,36.1538,138.397,35.7058,139.533,36.4572,140.298,1
169,10140,1,27.114,12.8199,34.7478,-149.197,35.3627,-148.858,34.94,-149.951,34.0518,-149.557,34.5432,-148.498,1
169,10140,9,-28.8913,-0.70163,66.2631,74.1754,66.1519,72.4466,65.6526,74.6387,66.3496,75.7604,66.929,73.6311,2
169,10140,13,-19.0295,-2.61188,20.4033,97.324,20.3947,96.753,19.9069,97.3616,20.4082,97.8614,20.9247,97.28,1
169,10140,20,26.4946,4.28217,67.6609,-93.7713,68.1775,-93.3895,67.7299,-95.2327,67.0942,-94.1636,67.5788,-92.4232,1
169,10140,22,-39.0238,11.3082,-1.18942,-58.6663,-0.713578,-58.1237,-0.805913,-59.2855,-1.62663,-59.134,-1.64932,-57.9421,1
169,10140,23,29.0046,-12.7934,-35.3508,-59.1081,-34.9475,-58.6827,-34.9578,-59.7659,-35.7674,-59.5838,-35.6883,-58.511,1
169,10140,36,-17.6166,-12.0949,-88.0149,-166.369,-88.5682,-167.283,-87.9831,-152.404,-87.503,-165.652,-87.9389,179.608,1
169,10140,38,-38.9056,-13.4566,-17.0498,150.057,-17.6827,149.393,-17.3872,150.635,-16.5214,150.622,-16.6928,149.394,1
169,10140,41,-17.3157,11.7218,47.0548,-118.609,47.2241,-119.348,46.5356,-118.84,46.8983,-117.886,47.6113,-118.338,1
169,10140,42,34.9076,3.35411,47.3226,-65.1025,47.921,-65.5605,46.8412,-65.9053,46.6421,-64.5954,47.7416,-64.3649,2
169,10140,44,-33.3348,2.53625,7.98718,7.22799,8.66884,7.40473,8.00689,6.57355,7.3726,7.07612,7.96437,7.96304,1
169,10140,48,37.1063,16.7773,-34.4918,163.591,-34.4901,162.621,-35.202,163.807,-34.4658,164.742,-33.8419,163.437,1
169,10140,54,35.3697,-14.6782,40.2185,-83.5672,40.4985,-84.3623,39.3387,-83.8842,39.8775,-82.7185,40.9737,-83.3067,1
169,10140,67,-37.1953,13.6346,48.0328,-57.4957,48.2659,-58.4934,47.2978,-57.5904,47.8385,-56.5938,48.8942,-57.3609,1
169,10140,69,38.2074,9.17784,35.2081,44.9057,35.9336,44.9183,35.0042,44.0386,34.3609,44.9002,35.3668,45.6842,1
169,10140,70,25.5451,16.0006,35.1731,98.3031,35.7874,98.5124,35.2848,97.5889,34.4787,98.0915,35.04,98.9785,1
169,10140,83,-23.971,0.937273,-19.8422,-40.1665,-19.9492,-40.7436,-20.3374,-40.0016,-19.7383,-39.6296,-19.3091,-40.3435,1
169,10140,84,-35.6345,-9.93351,11.4715,-24.571,11.2703,-25.3326,10.9306,-24.294,11.6372,-23.9075,12.0622,-24.8962,1
169,10140,91,-18.2431,-4.84188,14.9044,21.2604,14.9005,20.6934,14.4015,21.2853,14.9033,21.7927,15.429,21.2277,1
169,10140,93,36.4481,-9.35388,43.471,99.8153,43.9953,99.3051,42.8619,99.0634,42.8729,100.353,43.9979,100.47,2
170,10200,8,28.3887,2.36938,34.889,59.7322,34.6625,59.0001,34.2903,60.1411,35.133,60.5422,35.44,59.3579,1
170,10200,9,-19.4806,12.163,69.6498,84.3183,69.6441,82.6339,69.047,84.3893,69.6563,85.9514,70.3067,84.2735,2
170,10200,14,-39.75,4.16273,47.7842,134.182,48.1639,133.143,47.0718,133.988,47.4553,135.083,48.6141,134.415,1
170,10200,20,17.6642,-21.9154,66.8174,-90.2509,67.3014,-89.9144,67.052,-91.6883,66.3411,-90.635,66.6129,-88.9616,1
170,10200,22,-31.3923,4.92035,-4.3654,-59.3736,-3.91306,-58.9608,-4.06103,-59.8724,-4.78344,-59.7447,-4.70746,-58.8176,1
170,10200,26,36.6308,1.35178,-31.5489,115.239,-31.856,114.585,-32.056,115.823,-31.1977,115.98,-31.0947,114.733,1
170,10200,30,17.5475,23.3144,62.4803,150.912,62.0199,150.198,62.1444,151.744,63.0031,151.694,62.8348,150.096,2
170,10200,31,34.1828,-3.11752,83.9426,-31.3902,84.3273,-26.8543,84.3216,-37.1512,83.4808,-35.8356,83.5618,-26.8836,1
170,10200,36,-23.2217,-21.4788,-85.6009,162.686,-86.181,157.79,-85.8695,168.74,-85.0752,166.241,-85.3055,157.069,1
170,10200,40,-37.737,-7.5122,26.6385,-153.859,26.6454,-154.822,25.9768,-153.674,26.6229,-153.03,27.3803,-154.09,1
170,10200,41,-21.8438,-7.24228,48.3933,-116.544,48.5759,-117.41,47.8777,-116.746,48.2135,-115.754,48.9374,-116.342,1
170,10200,44,-29.303,-14.4412,6.09921,7.83232,6.8399,7.90407,6.11075,7.24868,5.44745,7.75624,6.10938,8.45451,1
170,10200,45,-32.551,-15.5793,-21.2163,31.3576,-20.399,31.3642,-21.2768,30.7072,-21.9242,31.3366,-21.1208,32.0556,1
170,10200,54,35.6724,-13.2033,42.0139,-79.1976,42.3318,-79.9968,41.154,-79.567,41.6326,-78.3429,42.7537,-78.8881,1
170,10200,56,37.4466,8.5565,27.4472,14.149,28.2217,14.1786,27.249,13.2844,26.5453,14.1226,27.6012,14.9244,1
170,10200,67,-36.9912,1.40392,49.4748,-54.7448,49.6934,-55.842,48.8094,-54.7776,49.2793,-53.7832,50.2339,-54.7107,1
170,10200,70,33.7178,-21.9642,35.0368,96.7151,35.6211,97.0363,35.3798,95.6254,34.4295,96.3291,34.7602,97.6366,1
170,10200,71,18.6114,13.7329,-0.739405,115.461,-0.213482,115.679,-0.543904,114.949,-1.31753,115.235,-0.94604,115.954,1
170,10200,78,35.6338,2.97734,59.2383,-12.0489,59.4107,-13.3729,58.478,-12.0548,59.0253,-10.5596,59.9141,-12.0267,1
170,10200,79,16.5096,-23.3687,63.4665,61.143,64.0046,60.7966,63.3932,59.6297,62.9265,61.408,63.5413,62.5021,1
170,10200,83,-38.006,7.85521,-15.0868,-39.5149,-15.1299,-40.2617,-15.7432,-39.2669,-15.0318,-38.8539,-14.322,-39.7957,1
170,10200,84,36.4303,11.312,13.4633,-15.6686,13.3094,-16.3624,12.8569,-15.3494,13.6497,-14.8644,14.0175,-15.9397,1
170,10200,86,30.3403,2.74336,59.589,59.5663,60,58.7697,59.0896,58.8647,59.1287,60.4264,60.0382,60.2338,2
170,10200,88,-35.6115,0.152346,19.2588,146.581,19.9032,146.889,19.3667,145.926,18.6857,146.313,19.1379,147.32,1
170,10200,91,34.3281,-21.9998,12.6547,25.9435,12.7448,25.3191,11.7373,25.8562,12.5154,26.6051,13.4292,25.996,1
170,10200,92,-26.5592,-7.83615,40.752,55.3703,40.9203,54.5574,40.2147,55.2469,40.5888,56.1011,41.3279,55.4888,2
170,10200,93,12.0436,14.1794,45.7079,108.262,46.0986,107.785,45.3906,107.713,45.297,108.779,46.01,108.829,1
171,10260,4,39.4022,5.94278,-73.8272,-95.3005,-73.0058,-94.8334,-73.9455,-98.4774,-74.7896,-95.9036,-73.7019,-92.5603,1
171,10260,6,-39.2961,-1.52525,-28.6338,30.7837,-28.8921,29.76,-29.2848,31.2953,-28.401,31.6597,-27.8858,30.1912,1
171,10260,13,-15.3066,10.9062,26.4509,103.736,26.4732,103.181,25.9456,103.723,26.4389,104.28,26.9913,103.761,1
171,10260,17,31.5001,-0.319005,0.0102529,-103.106,0.589337,-103.005,-0.00015931,-103.759,-0.629909,-103.221,0.0172238,-102.517,1
171,10260,20,26.5503,-21.3191,63.123,-88.2074,63.6133,-87.77,63.4085,-89.6481,62.6263,-88.7047,62.8783,-86.9526,1
171,10260,30,14.5238,15.4824,65.463,149.604,65.0628,148.849,65.1504,150.505,65.8998,150.418,65.7812,148.712,1
171,10260,31,29.5535,-5.24233,80.3497,-26.8835,80.6839,-24.2205,80.7737,-29.8003,79.9716,-29.6054,79.9503,-24.4561,1
171,10260,36,-35.1557,-4.9628,-80.3435,149.104,-80.7643,145.474,-80.7246,151.999,-79.9462,152.045,-79.9,146.095,1
171,10260,41,35.8018,11.888,45.457,-105.752,45.8007,-106.68,44.7624,-106.002,45.0587,-104.68,46.0783,-105.491,3
171,10260,53,32.8276,14.7634,25.1706,-108.13,25.1792,-108.945,24.489,-108.004,25.171,-107.19,25.8031,-108.22,1
171,10260,56,-25.3347,21.0566,28.6037,23.1249,29.2056,23.2161,28.6734,22.347,28.016,23.0737,28.4955,24.007,2
171,10260,68,36.3315,12.6352,49.5401,11.3083,50.1806,10.8165,49.0908,10.5021,48.7966,11.8817,49.9238,12.0699,1
171,10260,69,31.2202,3.94908,31.0846,51.1835,31.682,51.2401,31.0134,50.4468,30.4185,51.1233,31.1384,51.8565,1
171,10260,70,16.3382,-19.8298,32.0583,100.98,32.5756,101.18,32.3289,100.288,31.5491,100.754,31.8264,101.614,1
171,10260,78,-11.1547,-16.795,64.112,-15.1962,64.1248,-16.5352,63.5889,-15.3602,64.0733,-13.9537,64.6332,-15.0716,1
171,10260,84,28.6147,15.5269,17.4897,-14.6535,17.3197,-15.2697,16.9624,-14.4239,17.6945,-13.959,17.9951,-14.8507,1
171,10260,85,32.5509,5.98241,45.4388,10.7593,45.4823,9.89264,44.8101,10.8736,45.386,11.7336,46.0117,10.6674,1
171,10260,91,-40.1604,2.36894,22.6045,24.9327,22.7584,24.0479,21.8724,25.0451,22.4762,25.6991,23.4569,24.7969,1
171,10260,98,-38.6224,-11.0334,-42.6327,-70.7204,-42.0504,-71.6386,-43.2347,-71.1233,-43.1283,-69.9337,-41.9428,-70.3049,1
172,10320,0,-31.228,-16.9681,62.9655,-159.095,63.8124,-158.585,63.0766,-160.501,62.2351,-159.548,62.8628,-157.589,1
172,10320,4,35.6805,-13.5643,-74.3724,-90.5766,-73.6799,-90.2287,-74.3851,-94.0925,-75.1317,-91.1121,-74.305,-87.5877,1
172,10320,6,-24.9506,11.3463,-24.4497,34.5134,-24.6769,33.87,-25.0227,34.8376,-24.2161,35.1143,-23.8089,34.1691,1
172,10320,11,-35.3819,-7.76351,-23.7449,53.1062,-23.6635,52.2755,-24.3575,53.1813,-23.8174,53.8314,-23.0656,53.007,1
172,10320,13,-21.8523,-22.134,27.4169,103.591,27.3393,102.832,26.8879,103.59,27.4623,104.266,27.9516,103.558,1
172,10320,18,-26.6005,23.8229,-27.2926,-69.394,-26.7252,-69.3698,-27.2699,-70.1404,-27.8459,-69.3782,-27.3393,-68.5339,1
172,10320,24,-35.7493,6.57671,-76.0745,4.04374,-75.4186,3.44163,-76.3596,1.61549,-76.6581,4.6818,-75.7238,6.70857,1
172,10320,25,-25.9576,-0.883124,-57.9074,96.4867,-58.0945,95.474,-58.3724,96.9319,-57.727,97.4107,-57.4048,96.0137,1
172,10320,27,38.4681,7.37456,11.9882,122.428,11.6497,121.81,11.4867,122.959,12.3844,123.146,12.4407,121.967,1
172,10320,30,-34.3666,-12.8529,65.8845,138.196,65.2196,137.236,65.6571,139.523,66.4501,139.092,66.0991,136.698,1
172,10320,31,19.3605,17.2295,74.4728,-23.6691,74.8417,-22.1581,74.8365,-25.0172,74.0436,-25.2102,74.0943,-22.4589,1
172,10320,36,-20.2991,-24.4339,-78.2973,157.29,-78.8676,155.469,-78.6356,159.306,-77.7953,158.849,-77.9701,155.292,1
172,10320,41,30.0365,13.5951,47.3146,-100.99,47.6396,-101.839,46.7293,-101.323,46.95,-100.028,47.8519,-100.643,2
172,10320,43,-16.4125,-8.83925,26.6337,-12.3275,27.1995,-12.3123,26.6423,-12.9003,26.1047,-12.3501,26.6331,-11.7381,1
172,10320,44,-33.4738,5.32886,-1.13577,13.6397,-0.464512,13.8214,-1.10741,12.9788,-1.74472,13.4856,-1.17073,14.3869,1
172,10320,46,25.4187,7.87926,-52.2044,75.7294,-51.6779,75.3179,-52.5186,74.9147,-52.7784,76.2033,-51.9134,76.4943,1
172,10320,53,34.0615,22.6667,28.3035,-104.338,28.2852,-105.29,27.6066,-104.215,28.3441,-103.204,28.9598,-104.404,2
172,10320,56,-9.99566,-18.6669,27.7138,21.3763,28.3143,21.3263,27.7476,20.7613,27.1551,21.4016,27.6995,21.9817,1
172,10320,68,-23.0151,13.4307,53.5404,19.7164,54.0563,19.4558,53.3414,18.8347,53.0493,19.9874,53.7404,20.706,1
172,10320,69,-40.4215,-5.42574,33.7745,59.3652,34.6323,59.586,33.6974,58.527,33.0436,59.1791,33.8713,60.329,1
172,10320,75,35.4659,7.64237,-28.1684,-70.7479,-28.4006,-71.5187,-28.7839,-70.2843,-27.8909,-69.8691,-27.6065,-71.1451,1
172,10320,76,-35.374,9.57316,8.23578,-64.2958,8.0619,-65.0123,7.5917,-63.9547,8.40875,-63.654,8.98193,-64.6828,3
172,10320,78,29.3492,-12.5623,63.04,-3.11293,63.2707,-4.32107,62.3313,-3.60874,62.7629,-1.8602,63.6694,-2.67732,1
172,10320,84,20.6583,0.783459,19.9491,-14.3881,19.8384,-14.9065,19.4444,-14.223,20.0648,-13.8355,20.4254,-14.5427,1
172,10320,85,-4.7164,-22.4643,48.7375,8.29039,48.6615,7.48095,48.2271,8.23155,48.7827,9.05051,49.2271,8.31378,1
172,10320,89,-12.2419,24.4137,-22.1421,166.07,-21.6542,166.194,-21.9506,165.523,-22.6498,165.971,-22.3737,166.666,1
172,10320,91,-34.3607,5.1113,24.8258,28.4748,24.9443,27.7242,24.1729,28.5168,24.7259,29.1506,25.5664,28.4297,1
172,10320,92,25.026,2.92228,40.3345,67.7494,40.5704,67.0955,39.786,67.5069,40.0755,68.4548,40.8437,67.9853,1
173,10380,4,-27.4887,-11.1417,-70.7358,-66.9321,-70.0537,-67.8524,-71.0327,-68.5705,-71.3459,-66.0834,-70.3877,-65.2692,1
173,10380,6,-36.2734,-1.57618,-21.7543,33.4899,-22.0395,32.6264,-22.356,33.9421,-21.4977,34.2431,-21.0758,32.9745,2
173,10380,11,21.0903,5.73694,-23.9387,60.8691,-23.9361,60.2992,-24.4681,60.9145,-23.9347,61.4828,-23.4348,60.8341,1
173,10380,13,-34.9856,7.96451,33.0941,107.809,33.2361,107.017,32.4316,107.828,32.9753,108.524,33.8522,107.795,1
173,10380,18,29.8862,15.3119,-33.105,-71.0854,-32.4697,-71.1348,-33.2206,-71.7823,-33.827,-71.01,-33.0149,-70.4285,1
173,10380,21,33.2505,-6.43779,19.9067,-70.5268,20.3389,-70.1242,20.2534,-71.1617,19.4369,-70.9772,19.6014,-69.965,1
173,10380,24,-28.2195,2.74235,-77.8441,17.2356,-77.3426,15.8757,-78.1845,15.1793,-78.2969,18.6096,-77.4545,19.3655,1
173,10380,28,-15.6081,-16.3109,49.8203,125.673,49.4944,124.983,49.4094,126.06,50.1055,126.328,50.2234,125.253,1
173,10380,30,-26.3149,-14.6173,69.7335,137.861,69.1539,136.989,69.4963,139.208,70.2411,138.713,69.9532,136.389,1
173,10380,31,37.7871,-15.9467,73.9836,-31.5694,74.3526,-29.6971,74.5716,-34.054,73.581,-33.6167,73.4765,-29.5756,1
173,10380,32,17.1904,23.5302,34.1287,-27.6211,34.5521,-27.1644,34.498,-28.0497,33.6392,-28.1036,33.7353,-27.2178,1
173,10380,35,33.8293,-2.20073,-70.6064,-45.4725,-70.3879,-43.7984,-70.0248,-46.5679,-70.8253,-47.3855,-71.1186,-44.4453,1
173,10380,36,-38.8368,10.3395,-71.1246,148.439,-71.4733,146.423,-71.6228,150.118,-70.7816,150.134,-70.5152,146.594,1
173,10380,40,29.0409,20.9,32.0636,-137.475,32.069,-138.303,31.4503,-137.43,32.0737,-136.519,32.6504,-137.48,1
173,10380,41,36.135,-19.5376,46.5506,-100.772,46.9664,-101.502,45.7413,-101.521,46.0618,-100.026,47.237,-100.147,2
173,10380,43,-37.0373,-6.23774,25.3074,-7.74602,26.1284,-7.59406,25.2463,-8.48854,24.5963,-7.87941,25.3868,-6.9104,1
173,10380,46,-32.0298,15.7528,-47.9766,84.6897,-47.3841,84.2905,-48.364,83.8124,-48.5144,85.1034,-47.536,85.6976,1
173,10380,53,-27.3775,-2.01032,33.4754,-108.903,33.5198,-109.698,32.8786,-108.856,33.4306,-108.177,34.1228,-108.961,1
173,10380,56,-14.0533,-17.0924,25.1427,24.406,25.7608,24.3811,25.1738,23.8073,24.5724,24.4106,25.13,25.0055,1
173,10380,57,34.3335,18.4797,-8.66645,46.5015,-7.87374,46.5766,-8.72756,45.7852,-9.60067,46.4341,-8.64311,47.1644,1
173,10380,59,30.9061,23.2299,-53.7944,118.394,-53.166,117.6,-54.2324,117.546,-54.5091,119.395,-53.4036,119.23,1
173,10380,68,20.813,-0.524526,49.0152,20.6193,49.4986,20.3731,48.8032,19.8578,48.5008,20.8726,49.2091,21.3411,1
173,10380,69,-17.4206,-18.7389,29.9936,58.7629,30.5975,58.7558,30.0364,58.1777,29.4446,58.7501,29.9701,59.3532,1
173,10380,72,-11.0726,-14.7474,-40.65,136.878,-40.0908,137.039,-40.4953,136.222,-41.1703,136.708,-40.7846,137.542,1
173,10380,73,35.0872,14.6503,-71.7187,-173.945,-71.0304,-174.944,-72.1475,-175.783,-72.5076,-172.64,-71.334,-172.291,1
173,10380,74,-27.3753,22.9535,-51.8956,-98.3215,-51.8778,-99.3152,-52.6097,-98.3135,-51.8681,-97.36,-51.0704,-98.2889,1
173,10380,75,33.5399,-0.735307,-25.4448,-70.1146,-25.6354,-70.8076,-26.0856,-69.7083,-25.233,-69.341,-24.8708,-70.4707,1
173,10380,79,-40.2995,-1.36447,58.2546,88.8826,59.1008,89.4977,58.2662,87.4313,57.525,88.386,58.2303,90.5647,1
173,10380,84,36.3198,-5.31807,21.7845,-11.3012,21.7327,-11.9687,21.0702,-11.0452,21.8276,-10.5509,22.4073,-11.5292,1
173,10380,85,36.993,-18.3395,48.3568,16.2887,48.5225,15.3916,47.4636,16.1196,48.1332,17.2513,49.1106,16.4109,1
173,10380,86,-26.6169,-22.0328,63.8208,78.8611,64.402,77.8535,63.522,77.8516,63.2967,79.6709,64.1481,79.8846,2
173,10380,87,26.8351,18.4737,35.647,126.609,36.2561,126.68,35.6585,125.926,34.9547,126.553,35.6073,127.261,1
173,10380,90,16.4874,17.9401,-0.844406,9.43605,-0.895895,8.88917,-1.35935,9.47336,-0.770438,10.0325,-0.331361,9.42,1
174,10440,6,4.37272,24.7681,-16.902,39.7215,-17.2403,39.2099,-17.4232,39.9811,-16.5109,40.2552,-16.3387,39.4782,1
174,10440,13,-34.821,10.9638,35.8049,111.289,35.9739,110.492,35.1284,111.262,35.6646,112.014,36.5833,111.333,1
174,10440,18,-34.8997,-6.0812,-29.5042,-65.2247,-28.7618,-65.2539,-29.6548,-65.9086,-30.1562,-65.2027,-29.3206,-64.4702,1
174,10440,21,-32.3509,-15.2009,18.078,-63.9807,18.6884,-63.5361,18.3437,-64.499,17.5534,-64.3762,17.8114,-63.4117,1
174,10440,24,22.5184,-19.6454,-82.3885,25.025,-82.0071,22.5629,-82.7699,21.0538,-82.7798,27.6611,-82.0078,28.1553,1
174,10440,30,-23.9345,-20.6431,72.8998,135.638,72.2724,134.78,72.6591,137.211,73.4444,136.509,73.1082,133.943,1
174,10440,31,34.9161,-14.8997,70.0213,-30.1085,70.3733,-28.6911,70.5785,-31.8421,69.645,-31.6499,69.5385,-28.6652,1
174,10440,32,28.905,-21.0848,34.6108,-29.2643,34.9551,-28.7415,35.2066,-29.8352,34.2739,-29.8301,34.1036,-28.7577,1
174,10440,36,-33.6562,-12.6494,-69.7577,150.38,-70.2772,148.765,-70.1054,151.743,-69.3015,151.743,-69.3835,148.907,1
174,10440,37,-36.3304,-14.0865,-34.0288,149.639,-34.6211,148.931,-34.3692,150.254,-33.5272,150.248,-33.6712,148.949,1
174,10440,41,-39.1423,-8.65586,55.3717,-96.0779,55.9338,-97.352,54.7219,-96.547,54.8787,-95.0279,56.1153,-95.561,1
174,10440,43,22.9673,6.80195,17.5498,-9.22673,18.1094,-9.17485,17.5443,-9.82389,16.9409,-9.27675,17.544,-8.66154,1
174,10440,46,-40.1143,-5.83191,-47.0853,86.7656,-46.2866,86.1131,-47.6179,86.0328,-47.7633,87.3346,-46.4568,87.571,1
174,10440,53,31.6589,16.6032,32.9029,-99.2406,32.9643,-100.111,32.2317,-99.1896,32.8427,-98.2354,33.5294,-99.2551,2
174,10440,54,-20.1345,-23.8677,52.2635,-63.6052,52.5513,-64.7278,51.7719,-64.1074,51.9785,-62.6403,52.7703,-63.1407,1
174,10440,56,6.88767,-19.4023,21.2163,25.2101,21.7662,25.2034,21.3019,24.5839,20.682,25.1934,21.1533,25.7976,1
174,10440,61,-35.7848,4.91065,-30.6402,110.019,-29.9454,110.155,-30.6954,109.252,-31.262,109.907,-30.574,110.893,1
174,10440,66,22.67,20.2408,32.6824,-70.0627,32.6356,-70.7693,32.1453,-70.0113,32.7506,-69.2698,33.2096,-70.0822,1
174,10440,68,-37.8645,4.0531,51.9102,30.4484,52.6598,30.3902,51.6772,29.3959,51.25,30.5138,52.1663,31.6747,1
174,10440,69,32.628,-7.64999,23.4313,58.0243,24.0057,58.1565,23.4527,57.2475,22.804,57.8662,23.4145,58.7114,1
174,10440,75,21.9803,8.05933,-20.656,-69.897,-20.8757,-70.46,-21.1625,-69.6132,-20.4084,-69.2902,-20.1684,-70.1553,1
174,10440,79,39.3201,-9.71913,50.7522,79.6156,51.4445,79.9257,50.7393,78.1138,49.9718,79.2387,50.7548,80.8886,2
174,10440,84,11.6024,-15.1742,25.7133,-12.161,25.5921,-12.6771,25.1911,-12.0621,25.8172,-11.6409,26.199,-12.2685,1
174,10440,85,35.2176,7.52567,52.4539,24.0637,52.6286,23.0313,51.7837,24.0241,52.2486,25.2369,53.0566,24.122,1
174,10440,86,27.085,2.24342,57.3389,87.4007,57.8515,87.0619,57.0698,86.4549,56.7784,87.7605,57.5773,88.2905,1
174,10440,90,27.2566,-7.76778,-0.554121,10.9207,-0.526996,10.3709,-1.1989,10.9575,-0.59498,11.5091,0.0284514,10.8815,1
175,10500,6,-31.6101,-22.4254,-17.2098,35.2264,-17.7444,34.3799,-17.757,35.6142,-16.7729,35.9544,-16.6569,34.7811,1
175,10500,7,28.7885,-17.0113,16.4154,51.609,16.1717,51.0075,15.6664,51.9744,16.6434,52.2582,17.0632,51.2709,1
175,10500,10,-32.0989,12.8792,-37.6535,31.6689,-37.4001,30.9502,-38.2849,31.4752,-37.8655,32.3464,-36.9351,31.9012,1
175,10500,13,-20.1698,7.40736,36.6583,115.473,36.7497,114.831,36.1415,115.403,36.5764,116.089,37.2145,115.558,1
175,10500,18,-24.0816,-24.5075,-31.7076,-64.5238,-30.9967,-64.7447,-31.7762,-65.16,-32.3333,-64.3542,-31.6004,-63.8873,1
175,10500,21,34.5717,-4.65359,12.2511,-69.6683,12.6896,-69.2606,12.5993,-70.293,11.7692,-70.1278,11.9443,-69.1172,1
175,10500,24,33.774,-10.3562,-82.2204,60.5551,-82.016,56.6358,-82.9372,59.627,-82.4179,65.0366,-81.5906,61.1842,1
175,10500,28,11.118,-24.0949,55.8672,131.792,55.6043,131.023,55.3176,132.11,56.0948,132.57,56.3599,131.458,1
175,10500,35,-36.9072,13.8808,-80.8035,-22.8808,-80.3728,-19.6096,-80.3383,-26.243,-81.1839,-26.0047,-81.3158,-18.5558,1
175,10500,37,-38.5812,9.51906,-27.7325,148.898,-28.1355,148.208,-28.1905,149.53,-27.3579,149.495,-27.1872,148.172,1
175,10500,38,-16.1518,21.8816,9.23055,149.927,8.86166,149.579,8.82864,150.307,9.61883,150.26,9.68894,149.523,1
175,10500,41,-21.0627,-19.3333,53.616,-90.8233,53.9783,-91.787,53.1818,-91.3721,53.2698,-89.9904,54.0706,-90.2886,1
175,10500,43,-20.211,-9.83245,18.4331,-4.81557,19.0313,-4.7679,18.459,-5.36927,17.8821,-4.86806,18.417,-4.2396,1
175,10500,47,-18.8364,22.744,-38.7938,145.154,-38.6821,144.465,-39.3838,144.95,-38.8718,145.852,-38.1393,145.408,1
175,10500,53,37.9667,7.67879,33.9276,-96.1844,34.1009,-97.1015,33.1206,-96.1217,33.7223,-95.119,34.6422,-96.2202,1
175,10500,55,-21.6323,11.476,42.99,1.28611,43.5653,1.21226,42.8926,0.487483,42.439,1.37643,43.0789,2.16523,1
175,10500,61,-32.0616,7.26621,-33.7748,112.749,-33.1421,112.837,-33.823,112.002,-34.3539,112.681,-33.7207,113.589,1
175,10500,62,34.8065,12.4374,-57.6287,155.287,-57.0397,154.628,-58.0887,154.382,-58.2983,156.094,-57.2193,156.116,1
175,10500,68,-34.9853,4.81928,49.4377,34.8848,50.1281,34.8741,49.2715,33.9204,48.819,34.9087,49.6146,35.9893,1
175,10500,71,-21.3583,4.84953,-16.1166,124.323,-15.6026,124.584,-15.9146,123.783,-16.6066,124.081,-16.3361,124.904,1
175,10500,75,24.7004,-17.7104,-19.6681,-69.3872,-19.8659,-69.9512,-20.3464,-69.1305,-19.4857,-68.7946,-19.0705,-69.6303,1
175,10500,79,-28.8345,-20.4313,52.786,91.246,53.5956,91.4452,52.8713,90.2689,52.0866,91.0473,52.722,92.2733,1
175,10500,82,-40.5139,3.92216,-29.5856,-51.165,-29.5594,-52.0825,-30.2764,-50.9114,-29.5924,-50.3686,-28.7771,-51.4579,1
175,10500,84,24.5963,-24.06,27.4133,-9.62462,27.3089,-10.2165,26.692,-9.56304,27.4834,-9.01589,28.0411,-9.70363,1
175,10500,85,37.908,9.55604,54.1914,29.9564,54.4414,28.8228,53.4794,29.8516,53.894,31.2652,54.8233,30.0827,1
175,10500,86,40.7017,-1.46398,54.3629,91.4561,55.0588,91.2645,53.9644,90.2018,53.5544,91.6559,54.691,92.5543,2
175,10500,88,8.72454,-18.9948,2.00692,149.9,2.48326,150.023,2.21409,149.406,1.54577,149.762,1.82923,150.367,1
175,10500,90,-15.71,-13.1699,4.53757,10.118,4.4892,9.55263,4.03676,10.1413,4.57058,10.6436,5.04548,10.0792,2
175,10500,93,24.5957,-8.69749,40.2527,128.931,40.7569,128.705,40.0093,128.186,39.7148,129.152,40.4767,129.611,1
176,10560,6,-34.0949,3.05841,-10.6541,36.6605,-10.9287,35.921,-11.2463,37.0717,-10.3987,37.318,-9.98399,36.197,3
176,10560,7,16.6028,-21.1329,20.1235,51.0146,19.8349,50.4756,19.4716,51.2876,20.3839,51.568,20.7035,50.745,3
176,10560,12,-31.0515,18.3146,15.7845,89.3842,15.8424,88.7573,15.1117,89.4047,15.7562,89.975,16.5611,89.3801,1
176,10560,18,-22.1539,4.70746,-35.8044,-58.5239,-35.2681,-58.6025,-35.9123,-59.1575,-36.3106,-58.4408,-35.6877,-57.8417,1
176,10560,20,23.232,5.82901,42.9759,-76.2737,43.4164,-75.9018,43.2043,-76.9263,42.4946,-76.6659,42.7503,-75.6664,1
176,10560,24,-28.9422,-2.55322,-74.9324,62.611,-74.7934,60.3474,-75.4719,62.4773,-75.0394,64.7009,-74.3443,62.7268,2
176,10560,35,40.338,6.28583,-80.7893,-76.5047,-80.882,-71.9149,-80.0139,-77.2545,-80.6108,-81.745,-81.4661,-75.8346,1
176,10560,37,-19.755,-20.9285,-26.8158,151.015,-27.3245,150.592,-27.1627,151.436,-26.3695,151.407,-26.484,150.573,1
176,10560,41,35.632,8.23124,48.3302,-80.2756,48.8764,-80.9579,47.7454,-80.9136,47.7013,-79.5012,48.8429,-79.6714,1
176,10560,43,22.5455,3.3535,12.0886,-4.86497,12.6339,-4.79328,12.1061,-5.45036,11.5008,-4.93989,12.0657,-4.31431,1
176,10560,47,-30.2235,-16.9798,-37.9233,143.752,-37.8167,142.765,-38.5112,143.698,-38.0251,144.611,-37.2962,143.772,1
176,10560,53,39.672,4.4784,35.6834,-92.908,35.9191,-93.8454,34.8153,-92.8846,35.3985,-91.819,36.4389,-92.9125,1
176,10560,55,29.2018,-15.1648,38.3152,-1.62215,38.9167,-1.69738,38.1831,-2.60386,37.6731,-1.57565,38.4387,-0.758874,1
176,10560,68,-31.3406,-4.59736,47.3808,37.651,48.0528,37.5871,47.2423,36.8223,46.7789,37.7037,47.5345,38.5619,1
176,10560,70,18.7787,-13.2744,14.1657,108.059,14.6522,108.287,14.4319,107.482,13.6735,107.809,13.9309,108.593,1
176,10560,75,19.3523,-13.2275,-15.4621,-68.5608,-15.6632,-69.077,-16.0434,-68.325,-15.2699,-68.0245,-14.9333,-68.7873,1
176,10560,82,-34.0318,-14.3708,-28.5272,-49.3539,-28.6794,-50.2248,-29.0773,-49.1297,-28.4031,-48.5998,-27.9359,-49.6215,1
176,10560,84,12.833,13.7331,34.0764,-6.21771,33.973,-6.80184,33.6045,-6.10266,34.1962,-5.59459,34.5483,-6.31634,1
176,10560,90,-2.95766,22.5622,8.86682,15.4876,8.82442,14.9732,8.34861,15.4624,8.93456,16.0258,9.41876,15.5382,1
176,10560,93,16.2092,15.3195,38.4847,136.148,38.9878,135.912,38.3076,135.534,37.9433,136.418,38.6398,136.765,1
177,10620,6,-15.8372,-21.1425,-10.0941,38.8664,-10.5001,38.2953,-10.6098,39.1402,-9.74353,39.3946,-9.59531,38.5699,2
177,10620,12,-28.5955,17.9063,18.3553,91.9203,18.4017,91.3106,17.7165,91.9302,18.335,92.5005,19.0838,91.9282,1
177,10620,13,-26.642,13.059,41.972,123.032,42.1453,122.307,41.3954,122.869,41.8203,123.72,42.6129,123.233,1
177,10620,15,31.0899,12.5449,33.6406,-140.998,34.268,-141.113,33.4481,-141.694,32.9297,-140.854,33.7978,-140.343,1
177,10620,16,23.0425,2.51795,10.4098,-112.484,10.9328,-112.433,10.407,-113.045,9.84657,-112.538,10.4074,-111.958,1
177,10620,20,3.00543,-18.6696,41.7071,-73.677,42.1383,-73.3679,42.0072,-74.2192,41.299,-73.9915,41.4337,-73.1544,1
177,10620,28,27.5987,9.50483,64.9916,142.709,64.8408,141.43,64.4746,143.209,65.1541,144.142,65.4786,142.252,1
177,10620,29,40.1894,3.57244,70.9673,-109.353,71.6667,-109.065,70.7982,-111.675,70.1515,-109.667,71.0807,-107.3,1
177,10620,35,40.6117,-3.0049,-82.3221,-92.5182,-82.6378,-87.7445,-81.4881,-91.4776,-81.8884,-97.4897,-83.0331,-93.6185,1
177,10620,36,32.1644,-6.74949,-57.2287,161.115,-57.6518,160.397,-57.5903,162.199,-56.7682,161.901,-56.9034,160.166,1
177,10620,37,-32.4736,-22.1921,-23.4701,149.144,-24.136,148.577,-23.8145,149.651,-22.9146,149.639,-23.1341,148.585,1
177,10620,41,23.0491,-2.7402,49.6884,-76.4285,50.1208,-76.9372,49.2877,-77.105,49.2221,-75.9023,50.0574,-75.792,1
177,10620,44,-6.7861,-20.2621,-15.6303,20.6904,-15.0593,20.6811,-15.5467,20.1449,-16.1631,20.6788,-15.6885,21.2225,1
177,10620,47,-9.4015,16.7698,-35.301,152.101,-35.2557,151.479,-35.8231,152.015,-35.3252,152.734,-34.7456,152.212,1
177,10620,53,-10.7989,-18.7044,40.9108,-95.682,40.9438,-96.4846,40.3752,-95.8199,40.857,-94.9412,41.4422,-95.5726,1
177,10620,55,38.0603,1.0518,34.1498,2.8246,34.8956,2.81802,33.8942,1.85413,33.2924,2.82635,34.36,3.6793,1
177,10620,68,-27.1127,-2.20195,44.4678,41.4671,45.0741,41.4478,44.3817,40.7119,43.9126,41.4841,44.56,42.2862,1
177,10620,75,38.4698,-9.53664,-12.6497,-65.1142,-12.8129,-65.817,-13.46,-64.6635,-12.4852,-64.3161,-11.9616,-65.5022,1
177,10620,78,26.9879,-22.5466,66.0278,36.9932,66.532,36.2285,65.6432,35.2446,65.4859,37.6737,66.3648,38.528,1
177,10620,82,-29.1336,-21.7513,-26.2491,-47.1579,-26.4856,-47.9729,-26.7769,-46.979,-26.0595,-46.4491,-25.708,-47.3784,1
177,10620,84,7.23392,18.0135,37.728,-3.94635,37.6278,-4.55413,37.2546,-3.86519,37.8479,-3.30175,38.2144,-4.00738,1
177,10620,86,-23.9812,2.16786,55.1687,108.41,55.7187,108.397,55.1022,107.506,54.6547,108.429,55.2322,109.39,2
177,10620,90,38.0525,14.4321,8.43618,20.6322,8.45062,19.8486,7.72483,20.8151,8.43169,21.5594,9.07975,20.4943,1
177,10620,91,30.0971,-16.0348,30.6942,46.3053,30.8544,45.6669,29.9609,46.117,30.4958,46.9742,31.3392,46.4562,1
178,10680,6,-31.7747,-16.6514,-5.76499,37.8929,-6.22719,37.1335,-6.28926,38.284,-5.37859,38.5571,-5.22117,37.4483,1
178,10680,7,20.2926,8.10725,29.9729,54.4443,29.7136,53.8288,29.457,54.7832,30.257,55.1096,30.4715,54.1278,1
178,10680,8,-16.8909,-21.3332,61.6865,69.2208,61.4184,67.8505,61.1182,69.5057,61.8957,70.4918,62.2444,68.8655,1
178,10680,12,31.8956,8.06153,16.6053,97.9902,16.6224,97.3417,15.9829,98.0972,16.5902,98.7217,17.177,97.9048,1
178,10680,21,32.4196,-5.16425,1.10899,-68.1725,1.52977,-67.7912,1.45976,-68.7417,0.652397,-68.599,0.79876,-67.6641,1
178,10680,22,25.4936,-23.6156,-32.5229,-61.5274,-32.0984,-61.1521,-32.0347,-62.1525,-32.9347,-61.9453,-32.9303,-60.9601,2
178,10680,25,21.5168,23.5399,-34.7482,110.586,-35.1287,110.038,-35.1581,110.975,-34.2976,111.181,-34.322,110.233,1
178,10680,26,14.3808,-14.6674,-2.52685,115.777,-2.80402,115.39,-2.98065,116.061,-2.26012,116.176,-2.11203,115.503,1
178,10680,29,-28.2889,7.53878,71.1718,-85.8364,71.6692,-84.9664,71.3591,-87.4852,70.7012,-86.5782,70.9418,-84.053,1
178,10680,35,19.6898,-22.4084,-85.3489,-102.392,-85.5661,-96.4708,-84.8099,-98.2297,-85.0631,-107.567,-85.8172,-106.776,1
178,10680,39,-29.318,-6.89446,53.6885,142.728,53.1836,142.055,53.4038,143.515,54.136,143.354,53.9811,141.855,1
178,10680,40,38.588,9.44105,41.1269,-119.653,41.403,-120.611,40.3467,-119.729,40.8001,-118.538,41.8153,-119.56,1
178,10680,41,-30.6109,15.889,53.8475,-66.2757,54.4292,-66.7,53.4916,-67.2589,53.3121,-65.8512,54.2305,-65.1154,2
178,10680,43,-33.4801,-21.6309,11.7693,2.03796,12.6898,2.07055,11.7609,1.40032,10.9914,1.98924,11.818,2.71807,1
178,10680,45,18.5106,14.8461,-46.284,56.8237,-45.7444,56.5963,-46.4434,56.0812,-46.8685,57.0977,-46.1407,57.5543,1
178,10680,53,23.9473,7.14053,41.5694,-86.5702,41.7335,-87.3343,40.9779,-86.7121,41.3904,-85.7379,42.1252,-86.4202,1
178,10680,56,-6.03516,-22.6294,10.8016,35.0399,11.4107,35.0274,10.9111,34.4719,10.2369,35.0279,10.7209,35.5888,1
178,10680,60,14.7246,22.9678,-19.0042,91.2657,-18.447,91.2941,-18.9316,90.7297,-19.6209,91.2587,-19.1033,91.806,1
178,10680,66,-36.1043,-2.14291,45.6169,-63.6587,45.7517,-64.7072,44.9775,-63.6021,45.4918,-62.7404,46.3374,-63.7349,1
178,10680,68,-38.6153,2.41094,42.6691,46.8938,43.4352,47.0597,42.5641,45.9574,41.9975,46.7627,42.7828,47.9773,1
178,10680,69,34.1381,15.6387,9.50148,68.1775,10.1934,68.2859,9.47447,67.5189,8.69557,68.0681,9.49987,68.7834,1
178,10680,70,-31.7983,15.5774,6.17648,116.083,6.72482,116.455,6.47427,115.433,5.65277,115.76,5.81782,116.824,1
178,10680,72,-21.8389,15.2748,-57.4519,156.995,-56.8863,157.057,-57.4379,155.881,-58.0007,156.971,-57.4716,158.228,1
178,10680,75,-18.3881,-16.4156,-7.48386,-69.6987,-7.78005,-70.2675,-7.97466,-69.4737,-7.22679,-69.1738,-6.99384,-69.9461,1
178,10680,79,33.8392,20.3988,35.9526,94.0754,36.7203,94.3039,36.0041,93.2287,35.0411,93.8394,35.8624,94.8564,2
178,10680,82,-22.4465,-13.7142,-22.6102,-44.0095,-22.7783,-44.637,-23.0933,-43.8521,-22.4667,-43.4379,-22.1138,-44.1894,1
178,10680,84,13.2264,15.2962,40.2619,-0.877696,40.184,-1.52707,39.7823,-0.792984,40.3556,-0.180786,40.7421,-0.942218,1
178,10680,85,37.7561,-12.6142,57.518,44.1563,57.9279,43.2607,56.7674,43.4194,57.0349,45.1017,58.159,44.7917,1
178,10680,90,7.24424,-23.1117,10.7664,18.0484,10.7093,17.5103,10.1918,17.9826,10.7957,18.568,11.2989,18.0871,1
178,10680,91,-19.4139,-14.2833,36.77,47.0276,36.8498,46.2832,36.2636,46.9249,36.6806,47.7046,37.2919,47.1125,1
178,10680,93,-36.3593,-16.8277,40.7354,143.772,41.6086,143.485,40.4867,143.004,39.9914,143.991,41.0331,144.606,1
178,10680,94,5.48014,21.6662,11.7707,175.188,12.2907,175.156,11.7978,174.672,11.2147,175.245,11.7182,175.723,1
179,10740,0,23.8081,16.1825,33.3215,-150.566,33.9289,-150.255,33.5272,-151.262,32.6351,-150.89,33.0973,-149.91,1
179,10740,5,-32.797,24.3584,-31.7288,28.6412,-31.9013,27.8236,-32.5476,28.9887,-31.5137,29.395,-30.7397,28.268,1
179,10740,6,-26.8832,-12.932,-1.83163,39.4023,-2.21884,38.7549,-2.33342,39.7475,-1.49645,39.9858,-1.31245,39.0193,1
179,10740,7,20.2883,-21.3262,30.5872,54.4546,30.3259,53.8375,29.885,54.7407,30.8191,55.0955,31.2051,54.1722,1
179,10740,8,-18.5156,2.32053,66.9415,76.4842,66.8717,74.9876,66.3811,76.7256,66.9988,77.9146,67.536,76.2185,1
179,10740,9,20.8536,-23.0232,67.6861,173.223,68.2836,173.036,67.6908,171.188,67.0825,173.312,67.6845,175.022,1
179,10740,12,27.5801,-4.38631,18.796,99.2478,18.8345,98.6735,18.1775,99.2839,18.7449,99.867,19.3585,99.2121,1
179,10740,21,18.8638,3.72646,-3.21372,-66.2963,-2.82191,-66.0039,-2.93978,-66.7193,-3.63212,-66.6058,-3.47883,-65.895,1
179,10740,24,35.6938,-0.642457,-68.6147,99.3281,-68.819,97.7256,-69.191,100.438,-68.3711,101.104,-68.0975,98.3986,2
179,10740,26,30.344,-17.1587,0.546688,117.612,0.280503,117.137,-0.0646411,118.002,0.806832,118.129,1.07233,117.259,1
179,10740,35,23.6553,-23.3387,-84.6369,-144.693,-85.1373,-142.682,-84.4467,-137.564,-84.1148,-146.081,-84.7527,-151.263,1
179,10740,37,23.4459,-2.53069,-13.5668,153.519,-13.93,153.147,-13.9229,153.965,-13.1818,153.917,-13.2366,153.105,1
179,10740,39,-35.0796,8.22629,58.7847,139.663,58.301,138.779,58.4488,140.744,59.2253,140.462,59.1635,138.406,1
179,10740,40,32.9612,-16.9094,42.2136,-119.402,42.4716,-120.155,41.4188,-119.774,41.9024,-118.615,42.9023,-119.094,1
179,10740,53,18.9674,-16.8988,42.6972,-85.5658,42.8541,-86.2883,42.0775,-85.8723,42.5115,-84.8443,43.2648,-85.3029,2
179,10740,66,-34.305,12.2739,48.7393,-57.6293,48.9508,-58.5764,48.0649,-57.7502,48.5585,-56.7628,49.5146,-57.468,1
179,10740,75,28.7442,-21.9518,-6.33812,-64.6231,-6.54323,-65.19,-7.13292,-64.3577,-6.15899,-64.0205,-5.6589,-64.8719,1
179,10740,79,24.1585,-0.474072,35.3102,95.9348,35.839,96.1766,35.4576,95.2092,34.742,95.6754,35.1682,96.6056,1
179,10740,82,-22.1425,-5.89552,-18.7428,-41.7764,-18.8789,-42.3505,-19.2193,-41.6129,-18.6195,-41.245,-18.2424,-41.9557,1
179,10740,87,-36.5242,2.75744,20.6781,143.663,21.3202,143.993,20.7938,142.979,20.1053,143.38,20.5435,144.441,1
179,10740,90,14.2963,-22.7066,13.0262,20.945,12.9968,20.404,12.4092,20.8651,13.0274,21.478,13.5877,20.9962,1
179,10740,91,-37.8194,6.30793,41.6921,51.5609,42.002,50.6383,40.9842,51.4282,41.4239,52.3769,42.5111,51.7229,1
179,10740,92,18.606,3.07746,45.3807,101.751,45.772,101.277,45.0124,101.209,44.9641,102.249,45.7263,102.278,1
180,10800,5,-28.045,8.96861,-30.3473,29.8143,-30.5587,29.0841,-30.9387,30.167,-30.133,30.4857,-29.683,29.4349,1
180,10800,6,-35.8083,13.5357,5.01338,39.7367,4.77398,38.9971,4.32239,40.1644,5.2548,40.3974,5.82904,39.2475,3
180,10800,7,-21.33,21.5389,39.7666,52.6557,39.5242,51.9371,39.1411,52.9844,40.031,53.3532,40.4792,52.3084,1
180,10800,8,30.9953,-0.220563,65.9588,91.4639,66.0756,89.8574,65.2225,91.4588,65.8061,93.2214,66.6235,91.477,2
180,10800,9,2.43916,-18.9286,65.9715,-175.789,66.5475,-175.79,66.0589,-177.226,65.4184,-175.839,65.8962,-174.43,1
180,10800,12,35.7169,14.4918,22.1171,104.106,22.1468,103.335,21.4532,104.238,22.0922,105.007,22.7244,104.012,2
180,10800,17,-18.3612,24.7362,-24.0268,-76.7017,-23.5005,-76.7024,-23.9719,-77.348,-24.5574,-76.6662,-24.1107,-75.977,1
180,10800,35,-35.2434,2.76638,-81.3816,146.396,-81.7391,142.369,-81.7988,149.657,-81.0244,149.679,-80.8793,143.07,1
180,10800,37,-34.9094,-13.3506,-11.1825,147.662,-11.7585,147.108,-11.513,148.167,-10.692,148.146,-10.8388,147.095,1
180,10800,39,-31.4031,24.4044,64.2478,137.932,63.7944,137.025,63.7981,139.229,64.701,138.754,64.784,136.385,1
180,10800,40,15.3365,17.2205,46.9848,-111.592,47.174,-112.357,46.4954,-111.871,46.7894,-110.756,47.4637,-111.28,2
180,10800,53,-33.1208,7.1782,50.1972,-81.3132,50.5261,-82.3052,49.5283,-81.5985,49.9035,-80.4152,50.9535,-80.9712,1
180,10800,56,-34.8889,8.59712,4.42139,43.7026,5.12927,43.9188,4.46149,42.9727,3.77855,43.524,4.36722,44.5401,2
180,10800,67,27.0521,16.7093,51.0637,7.08563,51.5863,6.56495,50.7218,6.36587,50.4795,7.68213,51.3666,7.80237,1
180,10800,77,39.0409,8.39194,60.0787,-10.2704,60.3122,-11.7882,59.2641,-10.2719,59.7884,-8.51251,60.7953,-10.231,1
180,10800,82,-25.9963,-11.7586,-15.7476,-40.6986,-15.9241,-41.3265,-16.2375,-40.5142,-15.5965,-40.1313,-15.2354,-40.9079,1
180,10800,90,28.8249,17.9959,17.3608,27.4609,17.3546,26.7738,16.7694,27.5272,17.3838,28.2456,17.924,27.4253,2
180,10800,92,-36.7902,-1.93105,50.3453,107.186,51.0114,106.569,49.8719,106.463,49.76,107.716,50.8815,108.015,2
