target,lat_deg,lon_deg,on_land,priority,captured_step,captured_by
0,-6.52375,30.3914,1,0.000384615,46,93
1,14.2115,34.346,1,0.000384615,3,41
2,61.5252,82.4808,1,0.000384615,16,82
3,-25.8556,144.382,1,0.000384615,10,68
4,-3.01814,124.27,1,0.000384615,2,68
5,58.9863,123.26,1,0.000384615,4,6
6,-15.1199,-49.2976,1,0.000384615,125,27
7,54.7021,86.0875,1,0.000384615,118,4
8,-11.5298,-47.0416,1,0.000384615,80,75
9,46.8117,128.427,1,0.000384615,24,98
10,27.0038,1.68297,1,0.000384615,71,33
11,36.4926,95.7157,1,0.000384615,28,97
12,14.4852,2.08191,1,0.000384615,46,36
13,29.7172,8.13347,1,0.000384615,23,38
14,40.8793,-103.785,1,0.000384615,14,7
15,-7.03705,-41.5569,1,0.000384615,72,76
16,39.678,98.7831,1,0.000384615,49,95
17,71.831,-179.161,1,0.000384615,1,7
18,-83.1744,-26.7423,1,0.000384615,43,39
19,12.0572,-72.0941,1,0.000384615,35,11
20,50.7109,-122.162,1,0.000384615,10,12
21,42.743,-119.561,1,0.000384615,21,11
22,44.7887,135.424,1,0.000384615,95,85
23,-31.4012,-57.0361,1,0.000384615,74,75
24,49.244,-5.16689,1,0.000384615,23,50
25,30.6524,-103.256,1,0.000384615,26,6
26,38.6466,92.5909,1,0.000384615,16,4
27,7.32339,102.291,1,0.000384615,118,18
28,0.316394,26.2811,1,0.000384615,85,43
29,32.9906,47.6089,1,0.000384615,5,53
30,16.3514,100.757,1,0.000384615,64,61
31,21.3477,43.7536,1,0.000384615,104,98
32,38.42,109.035,1,0.000384615,120,75
33,23.5085,44.3025,1,0.000384615,105,98
34,44.9655,-70.3006,1,0.000384615,18,47
35,53.7688,78.1955,1,0.000384615,98,6
36,55.0274,119.928,1,0.000384615,10,76
37,12.825,107.451,1,0.000384615,45,63
38,5.26261,-61.263,1,0.000384615,41,69
39,62.2636,34.0662,1,0.000384615,9,75
40,-6.93563,30.5565,1,0.000384615,46,93
41,15.3668,34.7281,1,0.000384615,111,97
42,61.5447,77.9631,1,0.000384615,35,80
43,-26.3482,145.731,1,0.000384615,48,29
44,-3.31892,125.226,1,0.000384615,12,67
45,56.8173,122.75,1,0.000384615,51,89
46,-16.0071,-49.7194,1,0.000384615,45,11
47,56.161,84.7933,1,0.000384615,79,8
48,-11.3231,-45.7711,1,0.000384615,96,20
49,46.6676,126.884,1,0.000384615,12,76
50,28.1833,1.88226,1,0.000384615,74,43
51,35.1731,98.3031,1,0.000384615,169,70
52,15.6537,1.15477,1,0.000384615,74,33
53,27.5245,7.7912,1,0.000384615,24,38
54,41.7709,-101.651,1,0.000384615,4,8
55,-7.11267,-41.829,1,0.000384615,72,76
56,40.035,100.277,1,0.000384615,18,4
57,72.0023,-178.404,1,0.000384615,1,7
58,-86.8974,-1.65021,1,0.000384615,73,36
59,12.7692,-71.2689,1,0.000384615,5,14
60,51.3327,-123.475,1,0.000384615,19,6
61,41.5765,-116.437,1,0.000384615,32,10
62,46.9259,136.416,1,0.000384615,23,75
63,-30.8949,-55.4033,1,0.000384615,95,73
64,47.3341,-5.22324,1,0.000384615,19,63
65,31.0557,-101.647,1,0.000384615,16,7
66,39.3372,94.6705,1,0.000384615,27,3
67,5.70002,102.801,1,0.000384615,87,11
68,1.8299,25.2423,1,0.000384615,84,43
69,33.3296,47.2753,1,0.000384615,5,53
70,17.4759,100.674,1,0.000384615,43,63
71,19.4405,46.1305,1,0.000384615,75,91
72,38.024,108.693,1,0.000384615,130,74
73,22.8435,45.9608,1,0.000384615,97,54
74,42.7919,-70.132,1,0.000384615,61,55
75,53.7544,77.6295,1,0.000384615,98,6
76,56.2939,120.877,1,0.000384615,29,74
77,13.4595,107.757,1,0.000384615,6,67
78,4.24678,-64.1012,1,0.000384615,9,14
79,63.4759,32.9741,1,0.000384615,28,73
80,-5.22855,34.0085,1,0.000384615,38,94
81,14.9002,35.1378,1,0.000384615,33,48
82,62.3314,82.3079,1,0.000384615,84,78
83,-25.4605,144.893,1,0.000384615,11,68
84,-4.20488,126.706,1,0.000384615,13,67
85,59.8951,123.604,1,0.000384615,5,6
86,-17.5024,-49.793,1,0.000384615,98,73
87,55.6013,91.6688,1,0.000384615,80,8
88,-11.431,-45.7873,1,0.000384615,71,76
89,45.318,128.608,1,0.000384615,4,90
90,27.3488,1.5336,1,0.000384615,71,33
91,37.395,98.0417,1,0.000384615,17,4
92,14.6298,2.69392,1,0.000384615,55,35
93,28.3711,9.21616,1,0.000384615,14,39
94,41.0163,-105.121,1,0.000384615,24,11
95,-6.82378,-41.814,1,0.000384615,72,76
96,43.0765,98.8464,1,0.000384615,38,2
97,71.5563,178.986,1,0.000384615,2,38
98,-84.9463,-27.3945,1,0.000384615,16,32
99,11.5581,-71.8943,1,0.000384615,110,62
100,50.8697,-120.824,1,0.000384615,11,7
101,42.8611,-116.169,1,0.000384615,12,12
102,46.24,136.424,1,0.000384615,13,76
103,-32.1153,-56.5407,1,0.000384615,74,75
104,47.1336,-3.55659,1,0.000384615,2,75
105,31.6521,-103.496,1,0.000384615,6,8
106,37.8594,97.2471,1,0.000384615,159,71
107,5.66431,101.831,1,0.000384615,87,11
108,1.91003,24.6792,1,0.000384615,113,40
109,31.2952,49.2072,1,0.000384615,15,52
110,16.0813,101.264,1,0.000384615,34,64
111,19.328,44.9576,1,0.000384615,85,90
112,34.7481,109.199,1,0.000384615,161,71
113,24.7744,43.677,1,0.000384615,76,56
114,42.8102,-71.5233,1,0.000384615,71,54
115,52.0838,76.9084,1,0.000384615,97,6
116,54.5101,119.071,1,0.000384615,10,76
117,11.3272,105.862,1,0.000384615,26,65
118,5.00828,-63.5932,1,0.000384615,28,12
119,63.6736,31.96,1,0.000384615,28,73
120,-8.82072,32.546,1,0.000384615,26,95
121,15.05,35.7099,1,0.000384615,33,48
122,60.5984,83.0933,1,0.000384615,65,87
123,-25.996,143.799,1,0.000384615,10,68
124,-4.662,125.45,1,0.000384615,23,66
125,55.6636,126.669,1,0.000384615,21,75
126,-16.4996,-48.7909,1,0.000384615,16,14
127,56.7924,84.9207,1,0.000384615,79,8
128,-11.8581,-45.8083,1,0.000384615,71,76
129,43.3324,128.222,1,0.000384615,63,71
130,28.786,1.36955,1,0.000384615,80,32
131,35.8077,94.7164,1,0.000384615,19,65
132,13.3943,2.34039,1,0.000384615,65,85
133,29.1335,7.67415,1,0.000384615,51,35
134,41.1593,-102.302,1,0.000384615,4,8
135,-6.16907,-42.0145,1,0.000384615,63,77
136,40.7035,99.1735,1,0.000384615,8,5
137,70.7625,177.094,1,0.000384615,11,6
138,-86.461,-29.9465,1,0.000384615,7,33
139,11.6469,-69.7303,1,0.000384615,26,12
140,50.9877,-124.786,1,0.000384615,9,12
141,42.7888,-117.358,1,0.000384615,1,13
142,46.4065,137.877,1,0.000384615,6,90
143,-30.5739,-57.3211,1,0.000384615,75,75
144,47.1903,-1.74278,1,0.000384615,1,75
145,30.9612,-101.948,1,0.000384615,16,7
146,37.9106,94.865,1,0.000384615,6,5
147,6.73179,101.896,1,0.000384615,76,60
148,2.11949,24.8486,1,0.000384615,83,43
149,31.5213,47.9443,1,0.000384615,127,96
150,17.2501,102.12,1,0.000384615,14,66
151,20.4015,43.4113,1,0.000384615,86,55
152,38.0475,109.788,1,0.000384615,150,72
153,23.5542,44.8544,1,0.000384615,106,53
154,43.0105,-70.9546,1,0.000384615,71,54
155,53.2283,76.0056,1,0.000384615,108,5
156,55.7912,120.729,1,0.000384615,29,74
157,12.9397,106.42,1,0.000384615,100,10
158,3.85985,-63.1095,1,0.000384615,21,61
159,64.0193,33.7299,1,0.000384615,48,71
160,-8.17683,34.7174,1,0.000384615,78,44
161,15.8122,35.294,1,0.000384615,23,49
162,61.5433,81.0273,1,0.000384615,6,83
163,-25.8438,143.38,1,0.000384615,10,68
164,-3.27597,125.446,1,0.000384615,12,67
165,57.398,123.637,1,0.000384615,12,83
166,-16.7847,-48.4641,1,0.000384615,16,14
167,55.6775,85.8268,1,0.000384615,69,9
168,-10.953,-45.4176,1,0.000384615,96,20
169,45.2636,128.811,1,0.000384615,4,90
170,29.1611,0.28891,1,0.000384615,80,32
171,35.2361,94.7175,1,0.000384615,9,66
172,15.3,1.14589,1,0.000384615,74,33
173,29.6077,7.90166,1,0.000384615,23,38
174,41.2019,-101.227,1,0.000384615,4,8
175,-6.61729,-41.1309,1,0.000384615,76,22
176,42.0174,100.209,1,0.000384615,28,3
177,71.6175,179.971,1,0.000384615,1,7
178,-86.1872,-23.1214,1,0.000384615,54,38
179,10.3633,-70.8747,1,0.000384615,81,65
180,51.9941,-123.429,1,0.000384615,19,6
181,43.2172,-116.249,1,0.000384615,12,12
182,47.6987,137.305,1,0.000384615,65,88
183,-31.8711,-57.0315,1,0.000384615,74,75
184,46.232,-2.07518,1,0.000384615,10,64
185,30.5128,-101.315,1,0.000384615,20,46
186,38.1,95.4655,1,0.000384615,27,97
187,5.66148,102.471,1,0.000384615,87,11
188,1.34284,24.3849,1,0.000384615,84,43
189,31.5272,48.762,1,0.000384615,15,52
190,16.96,103.63,1,0.000384615,15,66
191,20.3806,43.9152,1,0.000384615,86,55
192,35.9137,108.186,1,0.000384615,160,71
193,23.305,44.2917,1,0.000384615,105,98
194,44.9068,-70.9792,1,0.000384615,18,47
195,53.3717,78.2393,1,0.000384615,98,6
196,55.4718,119.232,1,0.000384615,3,6
197,11.9324,105.951,1,0.000384615,46,63
198,5.79085,-63.6864,1,0.000384615,31,60
199,62.16,32.3032,1,0.000384615,38,72
200,-8.18419,31.9801,1,0.000384615,27,95
201,13.7954,35.4166,1,0.000384615,4,41
202,61.3754,81.6018,1,0.000384615,55,88
203,-26.1502,143.746,1,0.000384615,10,68
204,-3.02861,125.893,1,0.000384615,120,22
205,58.9573,123.249,1,0.000384615,4,6
206,-16.7394,-49.4889,1,0.000384615,15,14
207,55.4571,85.557,1,0.000384615,69,9
208,-12.686,-49.3549,1,0.000384615,14,14
209,44.4417,128.918,1,0.000384615,25,98
210,28.0923,2.59134,1,0.000384615,42,36
211,36.8332,96.5524,1,0.000384615,17,98
212,14.2982,2.94655,1,0.000384615,55,35
213,30.5582,9.36481,1,0.000384615,35,47
214,40.7377,-102.103,1,0.000384615,5,8
215,-7.40074,-41.755,1,0.000384615,62,77
216,40.7626,99.4047,1,0.000384615,29,97
217,70.3513,-179.754,1,0.000384615,12,37
218,-85.5115,-10.5271,1,0.000384615,15,32
219,11.4003,-69.5688,1,0.000384615,26,12
220,51.7447,-121.68,1,0.000384615,10,7
221,43.8458,-117.141,1,0.000384615,2,13
222,45.2792,136.815,1,0.000384615,16,99
223,-31.61,-55.9863,1,0.000384615,65,76
224,47.6758,-3.89316,1,0.000384615,3,52
225,30.0517,-103.212,1,0.000384615,26,6
226,39.4205,94.2497,1,0.000384615,27,3
227,5.87742,101.221,1,0.000384615,56,62
228,0.632972,23.6434,1,0.000384615,96,98
229,31.6598,49.1539,1,0.000384615,15,52
230,15.7882,102.089,1,0.000384615,24,65
231,19.8958,43.2491,1,0.000384615,87,55
232,36.4356,109.411,1,0.000384615,121,75
233,24.0986,44.2007,1,0.000384615,66,57
234,42.8669,-68.4222,1,0.000384615,62,55
235,52.4975,79.7122,1,0.000384615,88,7
236,54.1611,118.948,1,0.000384615,49,72
237,13.0742,106.983,1,0.000384615,45,63
238,3.63517,-61.7,1,0.000384615,29,12
239,63.1713,31.6604,1,0.000384615,28,73
240,-7.46443,31.6841,1,0.000384615,66,91
241,15.4078,34.383,1,0.000384615,32,48
242,59.4846,79.2581,1,0.000384615,84,85
243,-25.4784,144.433,1,0.000384615,11,68
244,-2.97888,128.113,1,0.000384615,111,23
245,58.909,126.373,1,0.000384615,3,84
246,-16.6225,-49.2351,1,0.000384615,15,14
247,54.4517,86.0247,1,0.000384615,78,8
248,-12.3497,-45.477,1,0.000384615,71,76
249,42.8558,130.424,1,0.000384615,75,93
250,27.8855,1.29842,1,0.000384615,52,35
251,37.6945,98.2644,1,0.000384615,17,4
252,14.0632,1.49937,1,0.000384615,56,35
253,28.7396,9.38625,1,0.000384615,14,39
254,41.1612,-102.702,1,0.000384615,5,8
255,-5.48017,-41.6512,1,0.000384615,75,22
256,41.7456,99.7868,1,0.000384615,79,92
257,72.1892,-173.918,1,0.000384615,22,36
258,-86.0123,-45.0481,1,0.000384615,26,31
259,10.0732,-69.5147,1,0.000384615,61,67
260,52.5762,-123.557,1,0.000384615,58,2
261,42.7128,-120.255,1,0.000384615,21,11
262,47.5564,137.298,1,0.000384615,3,77
263,-31.6423,-56.2105,1,0.000384615,74,75
264,47.3633,-4.05246,1,0.000384615,3,52
265,29.9377,-101.617,1,0.000384615,20,46
266,39.1776,92.0287,1,0.000384615,16,4
267,5.91544,100.966,1,0.000384615,56,62
268,1.60182,26.497,1,0.000384615,74,44
269,33.2631,47.8172,1,0.000384615,5,53
270,17.4384,101.632,1,0.000384615,44,63
271,19.7804,45.7097,1,0.000384615,77,56
272,37.0413,109.039,1,0.000384615,151,72
273,25.7131,45.6578,1,0.000384615,96,54
274,44.5295,-70.7895,1,0.000384615,18,47
275,53.0889,78.6389,1,0.000384615,88,7
276,54.9462,118.347,1,0.000384615,30,74
277,12.3214,106.708,1,0.000384615,16,66
278,6.51542,-62.2584,1,0.000384615,22,61
279,63.911,30.8704,1,0.000384615,47,71
280,-7.03594,31.5721,1,0.000384615,37,94
281,16.1148,35.1635,1,0.000384615,23,49
282,62.0845,83.6104,1,0.000384615,26,81
283,-24.4168,144.88,1,0.000384615,49,29
284,-1.571,126.187,1,0.000384615,1,10
285,57.2707,123.979,1,0.000384615,12,83
286,-15.7473,-49.1426,1,0.000384615,5,15
287,53.4623,85.3244,1,0.000384615,68,9
288,-12.7958,-46.6378,1,0.000384615,100,73
289,46.0647,127.417,1,0.000384615,5,90
290,29.2172,-0.0963745,1,0.000384615,83,42
291,35.5035,98.6514,1,0.000384615,18,98
292,13.9495,3.33144,1,0.000384615,37,37
293,28.9431,6.66476,1,0.000384615,33,37
294,41.6375,-100.114,1,0.000384615,5,13
295,-6.77406,-41.7323,1,0.000384615,72,76
296,41.7477,98.2328,1,0.000384615,9,99
297,70.5401,-179.219,1,0.000384615,12,37
298,-86.1603,-34.7615,1,0.000384615,6,33
299,11.3738,-68.777,1,0.000384615,72,66
300,52.9712,-123.314,1,0.000384615,9,7
301,42.8027,-117.798,1,0.000384615,1,13
302,46.0643,139.956,1,0.000384615,14,76
303,-30.9233,-53.91,1,0.000384615,66,76
304,47.4911,-3.29008,1,0.000384615,2,75
305,31.3173,-102.893,1,0.000384615,30,45
306,35.9526,94.0754,1,0.000384615,178,79
307,6.4314,101.884,1,0.000384615,117,18
308,-0.781451,24.8912,1,0.000384615,86,99
309,32.4319,49.0091,1,0.000384615,45,59
310,16.2498,103.518,1,0.000384615,15,66
311,21.1475,45.2398,1,0.000384615,117,52
312,36.8879,109.79,1,0.000384615,112,76
313,24.2366,45.0024,1,0.000384615,66,57
314,45.9083,-69.4032,1,0.000384615,19,47
315,52.3768,77.2491,1,0.000384615,97,6
316,55.1699,120.673,1,0.000384615,39,73
317,11.2622,106.19,1,0.000384615,26,65
318,3.53492,-62.9937,1,0.000384615,21,61
319,61.3369,32.5536,1,0.000384615,18,74
320,-7.73314,33.5159,1,0.000384615,57,92
321,13.6977,35.0264,1,0.000384615,4,41
322,59.9977,85.8041,1,0.000384615,85,85
323,-25.6829,144.161,1,0.000384615,10,68
324,-3.33049,125.506,1,0.000384615,12,67
325,57.7694,126.276,1,0.000384615,13,83
326,-18.1516,-49.6581,1,0.000384615,88,74
327,54.4672,89.293,1,0.000384615,50,1
328,-13.584,-45.2411,1,0.000384615,61,77
329,45.0261,128.362,1,0.000384615,4,90
330,28.5145,2.99918,1,0.000384615,75,43
331,36.6499,96.7223,1,0.000384615,17,98
332,14.7017,4.19653,1,0.000384615,66,85
333,28.8961,7.75778,1,0.000384615,45,46
334,43.1562,-103.364,1,0.000384615,3,8
335,-8.10773,-41.804,1,0.000384615,62,77
336,40.6413,98.7,1,0.000384615,8,5
337,71.2966,176.356,1,0.000384615,2,38
338,-86.8712,-22.1198,1,0.000384615,110,32
339,10.3118,-71.0934,1,0.000384615,81,65
340,50.8192,-121.368,1,0.000384615,20,6
341,42.9629,-116.437,1,0.000384615,12,12
342,46.8912,138.174,1,0.000384615,4,77
343,-32.5266,-59.1563,1,0.000384615,103,72
344,49.0444,-4.58711,1,0.000384615,12,74
345,30.3017,-103.972,1,0.000384615,26,6
346,38.3055,94.2549,1,0.000384615,6,5
347,7.66578,102.038,1,0.000384615,75,60
348,1.65438,25.3638,1,0.000384615,84,43
349,32.8936,49.8318,1,0.000384615,46,59
350,16.4468,103.444,1,0.000384615,15,66
351,20.5419,42.979,1,0.000384615,86,55
352,36.8618,110.539,1,0.000384615,111,76
353,24.5037,42.9894,1,0.000384615,75,56
354,44.0816,-72.7397,1,0.000384615,7,48
355,52.8338,77.3793,1,0.000384615,97,6
356,54.7024,119.522,1,0.000384615,10,76
357,12.8707,106.021,1,0.000384615,100,10
358,5.10708,-61.8865,1,0.000384615,18,13
359,63.5038,31.1111,1,0.000384615,47,71
360,-8.20233,31.9793,1,0.000384615,27,95
361,14.5996,34.9031,1,0.000384615,33,48
362,62.5611,80.4417,1,0.000384615,7,83
363,-24.9819,143.5,1,0.000384615,1,69
364,-2.2048,126.174,1,0.000384615,121,22
365,57.0572,127.08,1,0.000384615,20,75
366,-16.7537,-49.8447,1,0.000384615,15,14
367,56.0636,88.7952,1,0.000384615,60,0
368,-11.1956,-46.7177,1,0.000384615,90,74
369,45.7441,128.921,1,0.000384615,15,99
370,27.446,0.943192,1,0.000384615,62,34
371,35.3255,97.136,1,0.000384615,10,66
372,13.8949,2.70085,1,0.000384615,94,82
373,27.9536,7.01213,1,0.000384615,24,38
374,40.1552,-102.098,1,0.000384615,25,11
375,-5.88698,-42.2882,1,0.000384615,63,77
376,43.3524,98.042,1,0.000384615,88,91
377,71.4358,179.213,1,0.000384615,1,7
378,-85.5173,-22.9253,1,0.000384615,101,33
379,9.60162,-70.3789,1,0.000384615,36,11
380,51.8057,-121.98,1,0.000384615,10,7
381,42.6279,-117.847,1,0.000384615,1,13
382,47.2071,138.022,1,0.000384615,4,77
383,-30.761,-55.5972,1,0.000384615,95,73
384,48.6543,-3.34967,1,0.000384615,10,49
385,31.8698,-102.843,1,0.000384615,30,45
386,37.5013,94.9312,1,0.000384615,6,5
387,8.19008,100.39,1,0.000384615,85,69
388,2.14097,23.7674,1,0.000384615,93,42
389,32.949,46.1701,1,0.000384615,14,52
390,17.3296,102.635,1,0.000384615,14,66
391,19.1253,44.1075,1,0.000384615,84,90
392,38.8024,112.703,1,0.000384615,1,90
393,24.9329,46.5672,1,0.000384615,57,58
394,44.3441,-70.3306,1,0.000384615,18,47
395,53.485,77.5995,1,0.000384615,98,6
396,54.375,120.758,1,0.000384615,40,73
397,13.0591,106.934,1,0.000384615,45,63
398,3.22375,-63.6436,1,0.000384615,38,11
399,61.646,38.8328,1,0.000384615,128,80
400,-6.316,31.8101,1,0.000384615,37,94
401,14.7191,34.6945,1,0.000384615,3,41
402,61.4971,81.0534,1,0.000384615,6,83
403,-25.6494,144.021,1,0.000384615,10,68
404,-2.72731,126.204,1,0.000384615,3,68
405,58.1494,124.324,1,0.000384615,2,84
406,-16.0198,-49.1824,1,0.000384615,116,28
407,55.9286,85.5063,1,0.000384615,69,9
408,-13.5198,-47.7321,1,0.000384615,106,29
409,45.3643,126.844,1,0.000384615,22,75
410,27.5548,-0.320465,1,0.000384615,61,34
411,34.9844,97.4806,1,0.000384615,10,66
412,14.8968,2.80586,1,0.000384615,65,34
413,29.8499,8.15834,1,0.000384615,23,38
414,41.6996,-99.5376,1,0.000384615,5,13
415,-7.30702,-40.4448,1,0.000384615,53,78
416,41.55,98.0908,1,0.000384615,19,98
417,71.5361,178.871,1,0.000384615,2,38
418,-86.3766,-28.2548,1,0.000384615,7,33
419,11.1515,-69.9732,1,0.000384615,101,63
420,51.6512,-121.59,1,0.000384615,10,7
421,41.6646,-120.689,1,0.000384615,41,19
422,46.2577,136.289,1,0.000384615,13,76
423,-30.0041,-58.9022,1,0.000384615,105,15
424,48.3365,-4.32307,1,0.000384615,24,50
425,30.8863,-102.319,1,0.000384615,16,7
426,38.7708,93.9861,1,0.000384615,8,66
427,6.89799,101.915,1,0.000384615,76,60
428,0.982867,23.8588,1,0.000384615,107,97
429,34.4108,47.963,1,0.000384615,147,94
430,16.0734,101.443,1,0.000384615,34,64
431,21.2004,43.3604,1,0.000384615,104,98
432,37.2805,110.898,1,0.000384615,111,76
433,23.7622,45.4177,1,0.000384615,67,57
434,45.3193,-70.1693,1,0.000384615,82,53
435,53.7967,77.1917,1,0.000384615,98,6
436,56.8421,121.341,1,0.000384615,31,81
437,12.4132,106.968,1,0.000384615,16,66
438,4.06037,-62.0186,1,0.000384615,19,13
439,62.791,30.3227,1,0.000384615,37,72
440,-8.03473,31.229,1,0.000384615,36,94
441,15.5397,34.131,1,0.000384615,32,48
442,61.476,82.8783,1,0.000384615,16,82
443,-25.879,143.835,1,0.000384615,10,68
444,-1.78024,126.633,1,0.000384615,1,10
445,57.1321,123.179,1,0.000384615,12,83
446,-16.5587,-49.5945,1,0.000384615,15,14
447,56.7191,84.424,1,0.000384615,79,8
448,-10.1141,-46.4795,1,0.000384615,4,15
449,44.1204,127.132,1,0.000384615,34,97
450,26.627,0.956787,1,0.000384615,81,32
451,36.9594,97.8723,1,0.000384615,7,5
452,13.9969,4.11063,1,0.000384615,127,48
453,28.7401,8.28741,1,0.000384615,45,46
454,41.2591,-102.301,1,0.000384615,4,8
455,-6.77173,-41.2669,1,0.000384615,72,76
456,40.8847,99.3834,1,0.000384615,29,97
457,72.2595,-177.064,1,0.000384615,2,7
458,-83.8286,-17.2714,1,0.000384615,62,37
459,9.80998,-69.2572,1,0.000384615,61,67
460,51.5367,-122.106,1,0.000384615,10,7
461,42.8932,-117.831,1,0.000384615,1,13
462,46.5936,139.573,1,0.000384615,14,76
463,-31.0792,-56.3551,1,0.000384615,94,73
464,46.3728,-2.40703,1,0.000384615,10,64
465,30.8446,-100.996,1,0.000384615,21,46
466,37.0899,94.5298,1,0.000384615,47,95
467,6.33339,100.706,1,0.000384615,56,62
468,2.37985,26.3738,1,0.000384615,98,98
469,32.139,47.6715,1,0.000384615,65,57
470,16.703,102.451,1,0.000384615,24,65
471,19.0634,46.1633,1,0.000384615,75,91
472,37.2935,110.663,1,0.000384615,111,76
473,24.15,43.6388,1,0.000384615,115,97
474,45.5478,-71.668,1,0.000384615,38,45
475,52.8451,77.2152,1,0.000384615,97,6
476,55.1037,119.781,1,0.000384615,10,76
477,12.0715,105.193,1,0.000384615,55,62
478,3.79393,-63.1765,1,0.000384615,21,61
479,62.2028,33.3505,1,0.000384615,9,75
480,-7.96258,32.1707,1,0.000384615,27,95
481,14.6478,33.7755,1,0.000384615,3,41
482,62.2962,88.1127,1,0.000384615,8,83
483,-25.3334,144.379,1,0.000384615,11,68
484,-3.24638,123.849,1,0.000384615,10,19
485,57.8027,122.953,1,0.000384615,12,83
486,-17.1415,-49.5813,1,0.000384615,15,14
487,55.5391,86.0919,1,0.000384615,69,9
488,-11.9395,-45.2843,1,0.000384615,71,76
489,45.4082,128.056,1,0.000384615,4,90
490,29.3666,1.48581,1,0.000384615,70,33
491,36.4677,97.985,1,0.000384615,7,5
492,14.2446,3.02629,1,0.000384615,55,35
493,29.7985,9.65891,1,0.000384615,35,47
494,40.88,-102.288,1,0.000384615,4,8
495,-6.06515,-42.2175,1,0.000384615,63,77
496,42.065,100.62,1,0.000384615,28,3
497,72.4071,-176.609,1,0.000384615,2,7
498,-84.9551,-29.8619,1,0.000384615,35,30
499,10.4527,-69.9701,1,0.000384615,6,14
500,50.2379,-121.722,1,0.000384615,20,6
501,43.0566,-118.61,1,0.000384615,22,6
502,45.9312,136.747,1,0.000384615,24,75
503,-32.2207,-55.9273,1,0.000384615,104,72
504,47.6228,-2.84155,1,0.000384615,1,40
505,29.6023,-104.544,1,0.000384615,29,45
506,38.4914,92.6863,1,0.000384615,16,4
507,8.22651,100.611,1,0.000384615,85,69
508,1.1255,23.2687,1,0.000384615,106,97
509,33.5496,47.6503,1,0.000384615,5,53
510,16.7962,101.075,1,0.000384615,53,62
511,20.8938,43.5916,1,0.000384615,86,55
512,35.5749,110.257,1,0.000384615,122,75
513,24.1515,45.1954,1,0.000384615,66,57
514,44.7161,-71.6877,1,0.000384615,8,48
515,52.258,76.463,1,0.000384615,97,6
516,54.8805,120.343,1,0.000384615,39,73
517,11.5638,105.65,1,0.000384615,26,65
518,3.30932,-62.1367,1,0.000384615,29,12
519,63.2211,30.3405,1,0.000384615,37,72
520,-8.08946,32.0604,1,0.000384615,27,95
521,14.9669,35.3408,1,0.000384615,33,48
522,62.9877,81.0285,1,0.000384615,63,70
523,-26.8133,143.418,1,0.000384615,38,20
524,-2.45085,124.762,1,0.000384615,22,66
525,57.4327,128.021,1,0.000384615,1,77
526,-18.4983,-48.5685,1,0.000384615,56,10
527,55.6685,83.5833,1,0.000384615,99,6
528,-12.6455,-45.6726,1,0.000384615,91,74
529,44.4951,127.924,1,0.000384615,14,99
530,27.5312,0.0466461,1,0.000384615,61,34
531,35.8626,97.2944,1,0.000384615,7,99
532,14.0233,3.82062,1,0.000384615,37,37
533,29.9627,7.64375,1,0.000384615,23,38
534,41.0016,-103.013,1,0.000384615,5,8
535,-7.22465,-40.9075,1,0.000384615,53,78
536,42.2799,97.1406,1,0.000384615,9,99
537,70.7139,175.643,1,0.000384615,11,6
538,-84.5374,-27.337,1,0.000384615,16,32
539,10.2009,-69.9918,1,0.000384615,6,14
540,51.4754,-121.714,1,0.000384615,10,7
541,43.2368,-120.721,1,0.000384615,40,19
542,46.9457,138.126,1,0.000384615,4,77
543,-31.6944,-57.4468,1,0.000384615,74,75
544,46.6239,-4.12158,1,0.000384615,9,64
545,31.6227,-103.038,1,0.000384615,6,8
546,38.5394,95.5419,1,0.000384615,27,97
547,7.53506,101.9,1,0.000384615,75,60
548,1.54523,23.7525,1,0.000384615,93,42
549,33.611,48.1119,1,0.000384615,5,53
550,15.1901,101.132,1,0.000384615,158,14
551,19.9626,44.8575,1,0.000384615,85,90
552,37.4834,108.728,1,0.000384615,140,73
553,24.4119,45.963,1,0.000384615,126,96
554,45.2724,-70.9026,1,0.000384615,28,46
555,52.7926,78.0862,1,0.000384615,107,5
556,55.6445,123.467,1,0.000384615,32,81
557,12.1716,105.359,1,0.000384615,55,62
558,4.12031,-62.8268,1,0.000384615,19,13
559,62.6579,33.5426,1,0.000384615,9,75
560,-8.30934,30.8962,1,0.000384615,36,94
561,14.7723,35.3011,1,0.000384615,33,48
562,61.4669,80.8487,1,0.000384615,6,83
563,-24.2698,144.052,1,0.000384615,30,21
564,-3.50595,125.98,1,0.000384615,120,22
565,56.7517,126.473,1,0.000384615,20,75
566,-17.0778,-50.5472,1,0.000384615,99,73
567,56.1821,87.3914,1,0.000384615,109,5
568,-13.1834,-47.1485,1,0.000384615,70,76
569,44.4293,127.958,1,0.000384615,14,99
570,28.1891,1.24414,1,0.000384615,52,35
571,35.8405,96.3476,1,0.000384615,8,99
572,15.0465,2.91423,1,0.000384615,65,34
573,28.4903,9.64098,1,0.000384615,14,39
574,41.4943,-101.325,1,0.000384615,4,8
575,-4.93473,-44.2124,1,0.000384615,93,74
576,42.5457,100.519,1,0.000384615,28,3
577,71.1469,-178.638,1,0.000384615,1,7
578,-84.4786,-23.6696,1,0.000384615,119,31
579,11.816,-69.0011,1,0.000384615,72,66
580,51.4595,-122.181,1,0.000384615,10,7
581,41.5895,-120.093,1,0.000384615,31,10
582,47.0342,138.216,1,0.000384615,4,77
583,-31.6519,-55.1724,1,0.000384615,65,76
584,46.4678,-1.15265,1,0.000384615,1,75
585,29.6293,-102.379,1,0.000384615,46,19
586,38.8833,95.1483,1,0.000384615,36,2
587,7.00751,101.944,1,0.000384615,76,60
588,-0.0752293,25.2319,1,0.000384615,127,95
589,33.2322,49.5299,1,0.000384615,128,96
590,16.8058,100.958,1,0.000384615,53,62
591,19.2533,45.1232,1,0.000384615,85,90
592,35.8461,111.008,1,0.000384615,122,75
593,22.4019,44.3897,1,0.000384615,116,52
594,43.7474,-70.8174,1,0.000384615,81,53
595,52.3399,77.661,1,0.000384615,97,6
596,54.6432,118.807,1,0.000384615,10,76
597,14.7158,104.832,1,0.000384615,110,19
598,5.9012,-62.7101,1,0.000384615,22,61
599,64.1541,33.4575,1,0.000384615,48,71
600,-8.44625,32.9798,1,0.000384615,117,40
601,12.7045,34.9411,1,0.000384615,14,40
602,62.3416,81.8526,1,0.000384615,7,83
603,-25.7473,143.273,1,0.000384615,10,68
604,-3.41513,126.808,1,0.000384615,13,67
605,56.4889,125.176,1,0.000384615,22,82
606,-16.2449,-49.5319,1,0.000384615,15,14
607,58.0365,85.2537,1,0.000384615,27,81
608,-11.4737,-46.5014,1,0.000384615,90,74
609,45.2209,127.847,1,0.000384615,65,94
610,27.7541,0.0875549,1,0.000384615,61,34
611,35.3102,95.9348,1,0.000384615,179,79
612,13.6316,2.92566,1,0.000384615,37,37
613,31.0202,8.6524,1,0.000384615,41,36
614,41.3839,-101.849,1,0.000384615,4,8
615,-7.75925,-41.4118,1,0.000384615,95,20
616,42.8638,99.5403,1,0.000384615,69,93
617,71.037,-179.037,1,0.000384615,8,26
618,-83.573,-22.4346,1,0.000384615,100,33
619,10.9745,-67.4281,1,0.000384615,7,14
620,52.442,-122.678,1,0.000384615,59,2
621,41.8189,-117.414,1,0.000384615,11,12
622,47.2162,138.884,1,0.000384615,27,98
623,-31.7272,-55.3964,1,0.000384615,65,76
624,47.7674,-1.83768,1,0.000384615,4,52
625,31.6397,-102.718,1,0.000384615,30,45
626,37.9708,95.2547,1,0.000384615,27,97
627,5.3695,100.58,1,0.000384615,66,61
628,2.66661,25.9694,1,0.000384615,104,41
629,32.796,48.9744,1,0.000384615,45,59
630,14.659,101.73,1,0.000384615,35,64
631,20.3487,44.8789,1,0.000384615,85,90
632,36.2943,109.677,1,0.000384615,121,75
633,24.4165,44.7162,1,0.000384615,66,57
634,45.3344,-71.6028,1,0.000384615,27,46
635,53.3234,77.4966,1,0.000384615,98,6
636,53.5089,120.985,1,0.000384615,60,71
637,11.1896,104.888,1,0.000384615,129,17
638,4.97233,-62.0051,1,0.000384615,32,60
639,62.4584,32.337,1,0.000384615,8,75
640,-8.65773,31.1901,1,0.000384615,36,94
641,14.5305,34.3885,1,0.000384615,3,41
642,63.5923,81.2675,1,0.000384615,34,73
643,-24.9926,142.76,1,0.000384615,20,67
644,-1.54262,125.413,1,0.000384615,122,76
645,58.4998,127.461,1,0.000384615,23,82
646,-16.318,-50.3986,1,0.000384615,79,75
647,55.7414,88.2381,1,0.000384615,60,0
648,-12.8638,-47.1782,1,0.000384615,70,76
649,45.603,126.573,1,0.000384615,22,75
650,28.1452,0.504959,1,0.000384615,61,34
651,37.5763,96.8286,1,0.000384615,159,71
652,15.7938,2.90334,1,0.000384615,64,34
653,29.4722,8.65231,1,0.000384615,32,37
654,40.8158,-99.777,1,0.000384615,15,12
655,-6.98513,-40.0684,1,0.000384615,85,21
656,41.5099,98.0354,1,0.000384615,19,98
657,72.6544,176.916,1,0.000384615,20,5
658,-86.1043,-17.8329,1,0.000384615,53,38
659,11.5695,-70.3654,1,0.000384615,71,66
660,50.6548,-121.682,1,0.000384615,20,6
661,42.5783,-115.837,1,0.000384615,12,12
662,46.2476,139.551,1,0.000384615,14,76
663,-30.0128,-55.7036,1,0.000384615,105,72
664,49.1402,-4.43971,1,0.000384615,12,74
665,31.2506,-103.651,1,0.000384615,40,44
666,38.0196,95.3329,1,0.000384615,27,97
667,4.66327,103.208,1,0.000384615,67,61
668,0.520127,25.1092,1,0.000384615,124,49
669,32.474,49.2121,1,0.000384615,45,59
670,16.5986,102.521,1,0.000384615,24,65
671,19.812,45.0302,1,0.000384615,85,90
672,36.7601,111.096,1,0.000384615,112,76
673,24.7574,44.9327,1,0.000384615,66,57
674,44.5743,-68.67,1,0.000384615,91,52
675,52.5497,76.0849,1,0.000384615,97,6
676,55.9039,120.12,1,0.000384615,29,74
677,12.8903,104.451,1,0.000384615,99,10
678,3.95318,-64.5772,1,0.000384615,9,14
679,61.6908,30.4256,1,0.000384615,27,73
680,-8.74353,32.9404,1,0.000384615,56,92
681,15.678,35.3085,1,0.000384615,23,49
682,63.6415,80.4166,1,0.000384615,34,73
683,-25.3156,144.537,1,0.000384615,11,68
684,-2.66014,126.454,1,0.000384615,3,68
685,59.0126,122.656,1,0.000384615,4,6
686,-16.0066,-48.7149,1,0.000384615,5,15
687,56.1337,87.8513,1,0.000384615,60,0
688,-13.635,-46.5525,1,0.000384615,70,76
689,43.1031,128.685,1,0.000384615,63,71
690,28.054,1.12067,1,0.000384615,52,35
691,35.9723,99.0019,1,0.000384615,18,98
692,16.6077,1.36652,1,0.000384615,105,81
693,29.3475,8.38387,1,0.000384615,23,38
694,42.1736,-104.856,1,0.000384615,23,11
695,-7.45838,-42.3466,1,0.000384615,62,77
696,40.4262,98.008,1,0.000384615,37,2
697,70.3068,177.57,1,0.000384615,11,6
698,-85.513,-17.5338,1,0.000384615,34,30
699,11.4965,-69.1681,1,0.000384615,26,12
700,52.4014,-120.877,1,0.000384615,49,3
701,43.5583,-117.234,1,0.000384615,2,13
702,47.0321,135.46,1,0.000384615,23,75
703,-31.0593,-56.1828,1,0.000384615,94,73
704,47.9786,-5.18401,1,0.000384615,29,62
705,30.0766,-103.1,1,0.000384615,26,6
706,38.585,93.9764,1,0.000384615,8,66
707,6.9881,102.448,1,0.000384615,76,60
708,0.909892,23.8247,1,0.000384615,107,97
709,31.5891,49.0022,1,0.000384615,15,52
710,16.3551,101.76,1,0.000384615,24,65
711,21.8317,45.4833,1,0.000384615,135,95
712,36.9474,110.504,1,0.000384615,111,76
713,23.4265,46.3556,1,0.000384615,67,57
714,43.7392,-72.5022,1,0.000384615,7,48
715,52.3486,76.6536,1,0.000384615,97,6
716,54.8878,117.142,1,0.000384615,2,6
717,11.6619,104.642,1,0.000384615,-1,-1
718,5.07476,-62.3296,1,0.000384615,18,13
719,63.3096,34.0278,1,0.000384615,19,74
720,-7.25247,32.0635,1,0.000384615,37,94
721,15.0569,33.2582,1,0.000384615,12,40
722,61.6242,83.0522,1,0.000384615,64,70
723,-26.3668,143.802,1,0.000384615,21,67
724,-4.53929,126.507,1,0.000384615,123,76
725,57.7864,128.215,1,0.000384615,1,77
726,-15.8249,-49.6248,1,0.000384615,45,11
727,55.0902,87.0417,1,0.000384615,69,9
728,-11.7518,-46.1583,1,0.000384615,96,20
729,46.3689,126.815,1,0.000384615,12,76
730,28.0951,0.570557,1,0.000384615,84,42
731,36.0478,95.895,1,0.000384615,25,3
732,15.0094,3.47726,1,0.000384615,65,34
733,29.9629,6.09326,1,0.000384615,54,45
734,41.4228,-102.431,1,0.000384615,4,8
735,-7.69123,-42.1472,1,0.000384615,62,77
736,40.6565,100.798,1,0.000384615,18,4
737,71.6879,-178.209,1,0.000384615,1,7
738,-85.8958,-14.0468,1,0.000384615,34,30
739,12.9745,-70.8352,1,0.000384615,82,65
740,50.8013,-122.827,1,0.000384615,10,12
741,41.4807,-118.285,1,0.000384615,11,12
742,47.636,136.634,1,0.000384615,3,77
743,-32.6124,-57.4956,1,0.000384615,116,14
744,47.9946,-2.68744,1,0.000384615,1,40
745,31.1274,-101.476,1,0.000384615,16,7
746,37.681,94.5114,1,0.000384615,6,5
747,7.26155,103.285,1,0.000384615,88,11
748,0.269361,25.7222,1,0.000384615,85,43
749,31.6128,48.9632,1,0.000384615,15,52
750,16.9666,101.209,1,0.000384615,53,62
751,20.6181,43.9259,1,0.000384615,86,55
752,38.9728,112.19,1,0.000384615,1,90
753,24.2512,44.1709,1,0.000384615,66,57
754,44.3657,-72.5854,1,0.000384615,7,48
755,54.6373,74.3208,1,0.000384615,5,83
756,56.1809,121.094,1,0.000384615,41,80
757,13.0727,105.599,1,0.000384615,36,64
758,5.01797,-63.5059,1,0.000384615,28,12
759,63.434,33.5326,1,0.000384615,19,74
760,-7.92218,32.7767,1,0.000384615,27,95
761,13.0649,33.62,1,0.000384615,43,47
762,60.923,81.0106,1,0.000384615,56,88
763,-25.5732,144.274,1,0.000384615,11,68
764,-2.95036,124.842,1,0.000384615,130,21
765,57.704,125.214,1,0.000384615,61,88
766,-15.6589,-50.5069,1,0.000384615,108,72
767,55.0751,87.3001,1,0.000384615,59,0
768,-12.3,-46.3602,1,0.000384615,100,73
769,45.8314,127.307,1,0.000384615,5,90
770,29.1405,0.829178,1,0.000384615,80,32
771,37.017,97.3464,1,0.000384615,38,96
772,14.307,4.65662,1,0.000384615,56,86
773,28.9238,9.28607,1,0.000384615,14,39
774,40.761,-102.346,1,0.000384615,5,8
775,-4.77099,-41.0373,1,0.000384615,64,77
776,41.0572,99.448,1,0.000384615,59,94
777,70.8355,-178.858,1,0.000384615,8,26
778,-85.7659,-8.85162,1,0.000384615,15,32
779,10.7899,-70.1605,1,0.000384615,6,14
780,52.8676,-120.466,1,0.000384615,49,3
781,41.9342,-116.26,1,0.000384615,13,7
782,47.6599,139.239,1,0.000384615,36,97
783,-32.4666,-58.1617,1,0.000384615,113,71
784,46.6587,-1.14711,1,0.000384615,1,75
785,29.9007,-101.558,1,0.000384615,20,46
786,38.3576,94.9584,1,0.000384615,36,2
787,4.39774,101.045,1,0.000384615,96,68
788,2.16188,23.7147,1,0.000384615,93,42
789,31.6323,46.1629,1,0.000384615,25,51
790,16.1576,99.9131,1,0.000384615,63,61
791,19.6653,42.5762,1,0.000384615,124,96
792,36.3363,111.662,1,0.000384615,102,77
793,26.2734,45.0603,1,0.000384615,56,58
794,46.0885,-69.6441,1,0.000384615,48,44
795,52.4105,77.9471,1,0.000384615,97,6
796,55.5146,119.967,1,0.000384615,71,87
797,11.7184,106.194,1,0.000384615,46,63
798,4.70325,-62.7602,1,0.000384615,8,14
799,61.5725,34.1201,1,0.000384615,147,88
800,-8.69276,33.0077,1,0.000384615,56,92
801,15.8377,34.6575,1,0.000384615,32,48
802,61.7985,80.0097,1,0.000384615,45,89
803,-25.8629,145.008,1,0.000384615,29,21
804,-3.67926,125.961,1,0.000384615,120,22
805,57.8367,127.218,1,0.000384615,1,77
806,-17.5982,-50.6286,1,0.000384615,89,74
807,56.8428,84.2119,1,0.000384615,79,8
808,-13.2858,-47.3846,1,0.000384615,70,76
809,46.0538,127.921,1,0.000384615,5,90
810,28.5843,1.8766,1,0.000384615,74,43
811,34.175,97.4141,1,0.000384615,15,4
812,15.9994,3.83803,1,0.000384615,36,37
813,30.3107,6.49532,1,0.000384615,85,42
814,43.4925,-102.513,1,0.000384615,52,43
815,-6.96865,-42.4092,1,0.000384615,62,77
816,41.4595,95.7108,1,0.000384615,47,1
817,70.8623,-175.735,1,0.000384615,21,5
818,-86.6645,-24.9349,1,0.000384615,7,33
819,11.3947,-69.7067,1,0.000384615,26,12
820,51.8583,-120.38,1,0.000384615,39,4
821,43.2341,-119.567,1,0.000384615,22,6
822,47.1269,136.878,1,0.000384615,3,77
823,-30.9504,-57.258,1,0.000384615,75,75
824,48.6213,-2.49196,1,0.000384615,4,52
825,29.6295,-103.488,1,0.000384615,19,46
826,39.4234,95.9812,1,0.000384615,48,95
827,6.5841,102.902,1,0.000384615,107,19
828,1.14159,24.3522,1,0.000384615,94,42
829,32.884,49.6629,1,0.000384615,45,59
830,15.2901,101.525,1,0.000384615,54,62
831,21.5657,45.937,1,0.000384615,117,52
832,35.8049,111.289,1,0.000384615,174,13
833,25.9929,44.6922,1,0.000384615,56,58
834,43.075,-70.3132,1,0.000384615,61,55
835,52.7754,77.0863,1,0.000384615,97,6
836,54.1478,122.91,1,0.000384615,11,76
837,13.2585,105.688,1,0.000384615,36,64
838,5.59178,-63.1886,1,0.000384615,51,68
839,61.8773,30.9395,1,0.000384615,27,73
840,-6.9169,32.8106,1,0.000384615,67,91
841,14.932,34.1571,1,0.000384615,3,41
842,60.8296,78.7296,1,0.000384615,36,80
843,-23.9335,144.254,1,0.000384615,30,21
844,-4.13861,126.371,1,0.000384615,123,76
845,58.7688,125.234,1,0.000384615,3,84
846,-15.3228,-49.7942,1,0.000384615,45,11
847,56.6647,86.1805,1,0.000384615,70,9
848,-12.3933,-47.8362,1,0.000384615,81,75
849,45.4339,128.57,1,0.000384615,4,90
850,27.6705,1.70647,1,0.000384615,52,35
851,36.0803,97.2734,1,0.000384615,7,99
852,15.5784,3.24251,1,0.000384615,36,37
853,31.0088,10.451,1,0.000384615,13,39
854,40.9556,-103.376,1,0.000384615,14,7
855,-6.09601,-42.7048,1,0.000384615,63,77
856,40.5793,99.3013,1,0.000384615,8,5
857,71.9195,-177.179,1,0.000384615,2,7
858,-86.3657,-19.8973,1,0.000384615,54,38
859,11.3282,-70.7507,1,0.000384615,25,12
860,52.7111,-123.899,1,0.000384615,58,2
861,42.6426,-119.602,1,0.000384615,21,11
862,46.3864,136.616,1,0.000384615,13,76
863,-29.484,-56.4662,1,0.000384615,114,71
864,47.4481,-2.68867,1,0.000384615,1,40
865,29.4573,-102.146,1,0.000384615,46,19
866,38.9767,94.0502,1,0.000384615,8,66
867,6.36576,101.743,1,0.000384615,117,18
868,1.84044,24.9719,1,0.000384615,84,43
869,32.8498,47.8467,1,0.000384615,5,53
870,15.984,101.176,1,0.000384615,34,64
871,19.1179,44.6902,1,0.000384615,84,90
872,36.8715,110.772,1,0.000384615,111,76
873,22.5551,44.6979,1,0.000384615,116,52
874,44.7373,-68.6949,1,0.000384615,9,48
875,55.6515,77.7373,1,0.000384615,127,3
876,56.4139,120.642,1,0.000384615,19,75
877,12.7324,107.247,1,0.000384615,16,66
878,5.30605,-62.3165,1,0.000384615,18,13
879,62.5808,30.8043,1,0.000384615,37,72
880,-7.22367,31.4911,1,0.000384615,66,91
881,15.2444,33.8832,1,0.000384615,42,47
882,62.4305,81.3467,1,0.000384615,7,83
883,-25.2373,144.09,1,0.000384615,11,68
884,-4.0068,127.693,1,0.000384615,124,76
885,58.3399,128.608,1,0.000384615,33,81
886,-17.8431,-48.3094,1,0.000384615,46,11
887,55.4275,88.2836,1,0.000384615,60,0
888,-11.9872,-47.1255,1,0.000384615,80,75
889,46.9238,128.631,1,0.000384615,24,98
890,27.2191,-0.294739,1,0.000384615,94,41
891,34.2002,97.4509,1,0.000384615,15,4
892,14.3691,3.0088,1,0.000384615,55,35
893,27.5706,7.99313,1,0.000384615,56,45
894,40.4753,-101.821,1,0.000384615,5,8
895,-7.03012,-42.7426,1,0.000384615,73,76
896,40.8324,100.04,1,0.000384615,18,4
897,71.9371,-179.845,1,0.000384615,1,7
898,-84.912,-19.0015,1,0.000384615,82,35
899,10.8301,-69.8329,1,0.000384615,6,14
900,51.2318,-124.012,1,0.000384615,69,1
901,44.7242,-116.67,1,0.000384615,12,7
902,45.0012,138.011,1,0.000384615,7,90
903,-30.3644,-54.8033,1,0.000384615,87,17
904,46.0701,-1.67801,1,0.000384615,10,64
905,30.7073,-103.324,1,0.000384615,26,6
906,38.2208,93.628,1,0.000384615,37,96
907,4.83301,101.762,1,0.000384615,57,62
908,2.461,25.4347,1,0.000384615,97,98
909,34.194,49.5341,1,0.000384615,35,50
910,15.7175,99.9074,1,0.000384615,63,61
911,21.0513,45.6993,1,0.000384615,117,52
912,35.9758,108.628,1,0.000384615,160,71
913,24.9105,43.8559,1,0.000384615,76,56
914,46.5845,-69.6492,1,0.000384615,29,46
915,54.1573,77.6286,1,0.000384615,98,6
916,55.0426,120.248,1,0.000384615,39,73
917,11.6563,106.244,1,0.000384615,46,63
918,4.01518,-62.7473,1,0.000384615,19,13
919,61.3928,31.7641,1,0.000384615,18,74
920,-8.52909,31.4151,1,0.000384615,47,93
921,14.8841,32.8025,1,0.000384615,12,40
922,62.488,81.9117,1,0.000384615,7,83
923,-25.6909,143.009,1,0.000384615,39,20
924,-1.6422,126.978,1,0.000384615,131,21
925,58.6806,124.787,1,0.000384615,3,84
926,-15.5618,-49.9672,1,0.000384615,45,11
927,56.9278,84.6931,1,0.000384615,79,8
928,-11.4399,-45.808,1,0.000384615,71,76
929,46.2193,128.531,1,0.000384615,32,74
930,25.6327,2.45978,1,0.000384615,53,35
931,36.0433,97.9885,1,0.000384615,26,3
932,13.9507,3.63809,1,0.000384615,37,37
933,29.2647,7.26712,1,0.000384615,51,35
934,42.6175,-103.007,1,0.000384615,62,42
935,-8.64062,-41.8692,1,0.000384615,105,29
936,42.0302,98.3376,1,0.000384615,9,99
937,71.0494,175.091,1,0.000384615,18,25
938,-86.6016,-61.4459,1,0.000384615,64,37
939,12.2511,-69.6683,1,0.000384615,175,21
940,52.1358,-122.443,1,0.000384615,59,2
941,41.5194,-117.811,1,0.000384615,11,12
942,48.5331,137.023,1,0.000384615,55,89
943,-30.3433,-57.2431,1,0.000384615,75,75
944,47.1413,-3.1759,1,0.000384615,2,75
945,32.3087,-103.405,1,0.000384615,35,10
946,38.5814,92.3472,1,0.000384615,16,4
947,6.26008,103.085,1,0.000384615,47,63
948,1.59682,26.5195,1,0.000384615,74,44
949,36.2878,47.725,1,0.000384615,44,59
950,17.6479,101.82,1,0.000384615,44,63
951,21.1793,43.6508,1,0.000384615,86,55
952,37.7837,110.848,1,0.000384615,111,76
953,24.5914,45.1678,1,0.000384615,66,57
954,44.8263,-71.5783,1,0.000384615,8,48
955,52.5105,77.076,1,0.000384615,97,6
956,54.3941,120.428,1,0.000384615,40,73
957,12.3194,104.726,1,0.000384615,99,10
958,2.79703,-62.0137,1,0.000384615,11,62
959,62.8893,33.1672,1,0.000384615,8,75
960,-8.51515,33.6743,1,0.000384615,117,40
961,14.6991,33.7134,1,0.000384615,3,41
962,61.5457,80.99,1,0.000384615,6,83
963,-26.2262,143.661,1,0.000384615,10,68
964,-3.96304,127.054,1,0.000384615,13,67
965,57.8302,124.543,1,0.000384615,2,84
966,-16.1243,-49.4236,1,0.000384615,15,14
967,56.1464,86.505,1,0.000384615,69,9
968,-13.9599,-45.2182,1,0.000384615,61,77
969,46.5307,128.97,1,0.000384615,84,92
970,28.2481,1.30008,1,0.000384615,52,35
971,35.8275,96.7383,1,0.000384615,8,99
972,14.162,1.86508,1,0.000384615,46,36
973,27.9431,8.14668,1,0.000384615,56,45
974,41.22,-101.633,1,0.000384615,4,8
975,-6.12237,-42.7098,1,0.000384615,63,77
976,40.5788,97.1112,1,0.000384615,37,2
977,71.4824,-175.559,1,0.000384615,2,7
978,-85.4345,-11.7349,1,0.000384615,15,32
979,10.5044,-71.3553,1,0.000384615,16,13
980,51.8628,-121.975,1,0.000384615,10,7
981,44.0345,-119.103,1,0.000384615,31,5
982,46.4343,136.339,1,0.000384615,13,76
983,-32.1797,-56.7123,1,0.000384615,74,75
984,47.8693,-2.15854,1,0.000384615,1,40
985,32.5566,-101.411,1,0.000384615,16,12
986,37.3395,93.6864,1,0.000384615,35,2
987,7.04988,102.043,1,0.000384615,76,60
988,1.02952,24.4812,1,0.000384615,94,42
989,32.6483,49.5923,1,0.000384615,6,53
990,15.8498,101.501,1,0.000384615,34,64
991,20.2667,44.7307,1,0.000384615,85,90
992,37.135,110.423,1,0.000384615,111,76
993,23.2843,45.0626,1,0.000384615,95,99
994,44.4635,-70.272,1,0.000384615,18,47
995,52.4713,78.2532,1,0.000384615,107,5
996,55.3584,120.495,1,0.000384615,39,73
997,14.1503,106.127,1,0.000384615,130,17
998,5.0557,-62.8639,1,0.000384615,8,14
999,63.5402,31.1134,1,0.000384615,28,73
1000,-8.26615,31.9495,1,0.000384615,27,95
1001,14.1923,33.9029,1,0.000384615,3,41
1002,61.7967,81.6166,1,0.000384615,55,88
1003,-24.7594,143.197,1,0.000384615,20,67
1004,-2.78051,126.657,1,0.000384615,3,68
1005,57.1322,122.484,1,0.000384615,12,83
1006,-16.9293,-48.8722,1,0.000384615,69,76
1007,55.9364,85.8562,1,0.000384615,69,9
1008,-14.1426,-45.3535,1,0.000384615,26,13
1009,44.6027,129.343,1,0.000384615,25,98
1010,28.7509,1.68938,1,0.000384615,74,43
1011,36.7465,97.8925,1,0.000384615,7,5
1012,15.2924,4.49745,1,0.000384615,66,85
1013,29.777,10.3338,1,0.000384615,66,44
1014,41.3501,-101.23,1,0.000384615,4,8
1015,-6.53385,-41.4117,1,0.000384615,76,22
1016,40.2539,98.1826,1,0.000384615,37,2
1017,73.1398,179.155,1,0.000384615,3,38
1018,-86.8029,-35.0561,1,0.000384615,7,33
1019,10.2386,-72.4999,1,0.000384615,45,10
1020,52.3785,-123.306,1,0.000384615,19,6
1021,44.0933,-117.645,1,0.000384615,12,7
1022,47.1912,136.784,1,0.000384615,3,77
1023,-31.671,-55.8313,1,0.000384615,65,76
1024,46.8596,-3.00194,1,0.000384615,2,75
1025,32.3208,-100.747,1,0.000384615,7,8
1026,37.5978,94.0346,1,0.000384615,6,5
1027,6.16548,99.9732,1,0.000384615,95,68
1028,1.69645,26.3554,1,0.000384615,74,44
1029,33.101,47.5379,1,0.000384615,5,53
1030,14.5895,101.345,1,0.000384615,35,64
1031,19.2337,44.5163,1,0.000384615,84,90
1032,37.5818,109.092,1,0.000384615,140,73
1033,24.5457,45.3326,1,0.000384615,66,57
1034,43.7288,-70.8941,1,0.000384615,81,53
1035,52.869,76.801,1,0.000384615,97,6
1036,55.6788,119.374,1,0.000384615,3,6
1037,11.6892,106.954,1,0.000384615,89,11
1038,4.25902,-63.0031,1,0.000384615,8,14
1039,62.7384,32.73,1,0.000384615,8,75
1040,-8.73242,32.3289,1,0.000384615,26,95
1041,14.5208,34.7503,1,0.000384615,3,41
1042,62.1318,81.5772,1,0.000384615,7,83
1043,-25.9212,143.749,1,0.000384615,10,68
1044,-3.83547,124.689,1,0.000384615,133,75
1045,57.3308,123.326,1,0.000384615,12,83
1046,-16.6037,-48.5161,1,0.000384615,16,14
1047,55.3448,84.8492,1,0.000384615,89,7
1048,-10.3202,-45.6823,1,0.000384615,101,73
1049,44.3618,127.289,1,0.000384615,34,97
1050,27.8712,0.0212555,1,0.000384615,61,34
1051,35.1532,95.2567,1,0.000384615,9,66
1052,15.9801,2.23973,1,0.000384615,75,84
1053,29.0298,9.30923,1,0.000384615,14,39
1054,42.4253,-102.263,1,0.000384615,4,13
1055,-6.08325,-43.6675,1,0.000384615,83,75
1056,41.3377,96.7735,1,0.000384615,68,93
1057,70.9375,173.405,1,0.000384615,18,25
1058,-85.5655,-7.66699,1,0.000384615,15,32
1059,10.6576,-71.33,1,0.000384615,16,13
1060,50.5213,-123.062,1,0.000384615,10,12
1061,44.2706,-117.176,1,0.000384615,12,7
1062,46.5853,136.986,1,0.000384615,13,76
1063,-32.0173,-56.03,1,0.000384615,104,72
1064,46.777,-1.61516,1,0.000384615,1,75
1065,30.0593,-103.385,1,0.000384615,26,6
1066,39.651,93.7149,1,0.000384615,46,1
1067,5.11597,101.318,1,0.000384615,97,10
1068,1.50334,25.801,1,0.000384615,87,99
1069,34.0088,48.6613,1,0.000384615,4,53
1070,17.5872,101.228,1,0.000384615,44,63
1071,20.4983,43.5361,1,0.000384615,86,55
1072,37.6231,110.132,1,0.000384615,-1,-1
1073,23.9401,44.6947,1,0.000384615,66,57
1074,46.1851,-69.4056,1,0.000384615,19,47
1075,51.8839,78.8344,1,0.000384615,87,7
1076,56.5416,118.845,1,0.000384615,59,71
1077,14.7518,105.488,1,0.000384615,110,19
1078,4.57013,-62.6351,1,0.000384615,158,23
1079,62.437,34.1549,1,0.000384615,9,75
1080,-7.25962,30.3472,1,0.000384615,46,93
1081,15.6352,34.6119,1,0.000384615,32,48
1082,61.2874,81.7502,1,0.000384615,17,82
1083,-26.6131,144.043,1,0.000384615,21,67
1084,-2.8798,126.145,1,0.000384615,121,22
1085,57.1685,123.658,1,0.000384615,12,83
1086,-16.912,-49.7572,1,0.000384615,15,14
1087,54.6339,87.3162,1,0.000384615,59,0
1088,-12.3658,-47.3875,1,0.000384615,81,75
1089,44.4223,128.069,1,0.000384615,14,99
1090,26.6219,0.674179,1,0.000384615,81,32
1091,35.8117,95.1191,1,0.000384615,9,66
1092,16.0482,3.8576,1,0.000384615,76,84
1093,29.1925,7.23219,1,0.000384615,51,35
1094,40.1397,-102.289,1,0.000384615,25,11
1095,-6.66323,-42.9758,1,0.000384615,73,76
1096,40.3892,99.3127,1,0.000384615,8,5
1097,71.007,-178.185,1,0.000384615,8,26
1098,-86.3361,-9.72221,1,0.000384615,92,34
1099,10.9823,-69.7378,1,0.000384615,26,12
1100,51.5571,-123.373,1,0.000384615,19,6
1101,42.1804,-117.418,1,0.000384615,1,13
1102,46.2141,135.754,1,0.000384615,84,86
1103,-31.2504,-56.6127,1,0.000384615,74,75
1104,47.3696,-2.2278,1,0.000384615,2,75
1105,31.4375,-101.882,1,0.000384615,16,7
1106,39.5279,94.4243,1,0.000384615,27,3
1107,7.23634,103.132,1,0.000384615,88,11
1108,0.7232,24.8535,1,0.000384615,84,43
1109,35.7211,47.1155,1,0.000384615,157,93
1110,14.7553,100.264,1,0.000384615,128,17
1111,19.9682,45.4956,1,0.000384615,77,56
1112,37.3226,110.013,1,0.000384615,111,76
1113,22.5123,45.2474,1,0.000384615,95,99
1114,45.1123,-71.4975,1,0.000384615,8,48
1115,51.5206,77.1077,1,0.000384615,116,4
1116,57.0079,121.289,1,0.000384615,31,81
1117,13.135,105.957,1,0.000384615,36,64
1118,4.21381,-62.1447,1,0.000384615,19,13
1119,61.3883,35.3462,1,0.000384615,148,88
1120,-7.6684,31.8693,1,0.000384615,27,95
1121,14.3856,34.613,1,0.000384615,3,41
1122,60.0415,77.5256,1,0.000384615,25,81
1123,-25.261,143.753,1,0.000384615,1,69
1124,-3.40437,126.034,1,0.000384615,120,22
1125,58.1845,122.299,1,0.000384615,9,76
1126,-17.0973,-50.948,1,0.000384615,99,73
1127,55.8662,87.4056,1,0.000384615,109,5
1128,-12.966,-45.0357,1,0.000384615,6,15
1129,45.1851,130.127,1,0.000384615,113,83
1130,29.2225,-0.413574,1,0.000384615,83,42
1131,35.422,95.0478,1,0.000384615,9,66
1132,13.6876,3.10107,1,0.000384615,37,37
1133,29.5549,8.16792,1,0.000384615,23,38
1134,41.6251,-102.37,1,0.000384615,4,8
1135,-7.4003,-41.8234,1,0.000384615,62,77
1136,41.0764,98.4901,1,0.000384615,37,2
1137,71.5107,177.673,1,0.000384615,2,38
1138,-85.7365,-41.4388,1,0.000384615,91,34
1139,10.5457,-71.9179,1,0.000384615,15,13
1140,52.1764,-124.651,1,0.000384615,68,1
1141,41.8895,-117.887,1,0.000384615,11,12
1142,47.2967,136.962,1,0.000384615,3,77
1143,-29.6078,-55.4806,1,0.000384615,76,75
1144,48.6069,-2.26971,1,0.000384615,4,52
1145,30.5465,-101.835,1,0.000384615,36,10
1146,38.3148,96.1848,1,0.000384615,168,70
1147,5.86098,100.489,1,0.000384615,56,62
1148,0.776209,25.797,1,0.000384615,117,96
1149,33.4015,48.3407,1,0.000384615,5,53
1150,14.6285,101.929,1,0.000384615,35,64
1151,19.2906,45.2299,1,0.000384615,88,55
1152,36.1583,111.896,1,0.000384615,102,77
1153,23.8873,46.344,1,0.000384615,67,57
1154,44.6239,-70.6666,1,0.000384615,18,47
1155,52.6171,76.8759,1,0.000384615,97,6
1156,53.7483,118.677,1,0.000384615,49,72
1157,12.3548,106.602,1,0.000384615,16,66
1158,3.15827,-63.8827,1,0.000384615,38,11
1159,63.1347,32.4532,1,0.000384615,8,75
1160,-6.82538,33.253,1,0.000384615,67,91
1161,14.8682,34.5472,1,0.000384615,3,41
1162,61.0416,80.8532,1,0.000384615,56,88
1163,-25.1042,143.475,1,0.000384615,1,69
1164,-3.12357,126.396,1,0.000384615,120,22
1165,56.5516,127.924,1,0.000384615,42,80
1166,-16.688,-50.3475,1,0.000384615,79,75
1167,55.9533,86.8832,1,0.000384615,69,9
1168,-11.8733,-45.6402,1,0.000384615,71,76
1169,46.7995,128.357,1,0.000384615,24,98
1170,27.7962,0.798141,1,0.000384615,52,35
1171,36.8923,97.1309,1,0.000384615,17,98
1172,16.0255,3.79002,1,0.000384615,36,37
1173,28.7234,8.97424,1,0.000384615,14,39
1174,40.5282,-102.407,1,0.000384615,5,8
1175,-5.75947,-41.6219,1,0.000384615,75,22
1176,42.0679,97.7484,1,0.000384615,9,99
1177,71.7051,-179.527,1,0.000384615,1,7
1178,-85.6659,-15.8319,1,0.000384615,34,30
1179,12.9981,-69.9066,1,0.000384615,111,62
1180,50.2316,-122.934,1,0.000384615,10,12
1181,43.1375,-118.111,1,0.000384615,1,13
1182,46.1417,137.575,1,0.000384615,85,86
1183,-30.2887,-56.6858,1,0.000384615,96,16
1184,48.0893,-2.41675,1,0.000384615,1,40
1185,30.7073,-101.962,1,0.000384615,16,7
1186,38.6453,95.5626,1,0.000384615,36,2
1187,6.7924,102.145,1,0.000384615,76,60
1188,1.81633,24.857,1,0.000384615,113,40
1189,33.1775,46.9555,1,0.000384615,14,52
1190,15.7627,102.497,1,0.000384615,149,15
1191,20.5898,44.8199,1,0.000384615,94,99
1192,36.0187,110.76,1,0.000384615,122,75
1193,24.2096,44.1438,1,0.000384615,66,57
1194,42.7338,-70.5065,1,0.000384615,61,55
1195,53.7081,77.3498,1,0.000384615,98,6
1196,55.6659,120.982,1,0.000384615,29,74
1197,13.2965,105.059,1,0.000384615,25,65
1198,6.55247,-62.5375,1,0.000384615,52,68
1199,63.598,32.897,1,0.000384615,28,73
1200,-6.90268,31.9347,1,0.000384615,37,94
1201,16.0285,34.5309,1,0.000384615,22,49
1202,61.0504,80.4327,1,0.000384615,6,83
1203,-26.269,146.785,1,0.000384615,20,22
1204,-3.59514,125.343,1,0.000384615,12,67
1205,56.349,124.296,1,0.000384615,22,82
1206,-16.7639,-49.5382,1,0.000384615,15,14
1207,56.2783,84.0364,1,0.000384615,124,74
1208,-11.3607,-46.6161,1,0.000384615,90,74
1209,44.6944,128.856,1,0.000384615,25,98
1210,28.5583,2.12062,1,0.000384615,42,36
1211,35.7693,95.0223,1,0.000384615,9,66
1212,15.1902,2.8101,1,0.000384615,65,34
1213,27.4876,6.12633,1,0.000384615,65,44
1214,41.6035,-103.915,1,0.000384615,34,10
1215,-5.88259,-43.512,1,0.000384615,83,75
1216,42.535,99.3166,1,0.000384615,69,93
1217,70.6353,-177.341,1,0.000384615,30,35
1218,-86.5856,-28.8982,1,0.000384615,7,33
1219,11.4801,-69.6009,1,0.000384615,26,12
1220,52.0098,-122.21,1,0.000384615,59,2
1221,42.5618,-116.241,1,0.000384615,12,12
1222,46.0263,135.756,1,0.000384615,24,75
1223,-31.6992,-57.2122,1,0.000384615,74,75
1224,47.9414,0.183823,1,0.000384615,14,51
1225,32.8475,-103.286,1,0.000384615,1,48
1226,38.9286,93.4634,1,0.000384615,8,66
1227,6.35176,99.9581,1,0.000384615,95,68
1228,1.44042,25.5706,1,0.000384615,84,43
1229,33.7499,46.6791,1,0.000384615,54,58
1230,17.2314,100.99,1,0.000384615,53,62
1231,18.8717,44.3462,1,0.000384615,84,90
1232,36.5633,111.733,1,0.000384615,102,77
1233,24.674,43.9904,1,0.000384615,76,56
1234,45.3229,-69.5308,1,0.000384615,82,53
1235,54.3928,74.6106,1,0.000384615,5,83
1236,55.6924,118.878,1,0.000384615,3,6
1237,12.1937,104.236,1,0.000384615,99,10
1238,4.38489,-62.2265,1,0.000384615,19,13
1239,62.714,31.9977,1,0.000384615,8,75
1240,-9.26159,32.0298,1,0.000384615,97,42
1241,15.3284,34.3371,1,0.000384615,32,48
1242,61.6208,81.5186,1,0.000384615,55,88
1243,-24.8853,143.001,1,0.000384615,20,67
1244,-3.31274,127.125,1,0.000384615,13,67
1245,55.9084,122.816,1,0.000384615,32,81
1246,-16.4382,-48.8862,1,0.000384615,16,14
1247,56.8416,86.8892,1,0.000384615,70,9
1248,-13.0454,-46.3491,1,0.000384615,70,76
1249,44.1753,128.095,1,0.000384615,14,99
1250,28.065,2.39142,1,0.000384615,42,36
1251,36.0255,97.9431,1,0.000384615,7,99
1252,14.0402,2.10825,1,0.000384615,46,36
1253,28.0559,10.2253,1,0.000384615,46,46
1254,43.1451,-102.089,1,0.000384615,52,43
1255,-7.15825,-42.0265,1,0.000384615,-1,-1
1256,42.1953,97.7192,1,0.000384615,9,99
1257,71.1737,-179.664,1,0.000384615,1,7
1258,-85.5958,-41.1197,1,0.000384615,91,34
1259,8.69607,-70.7645,1,0.000384615,46,10
1260,52.2918,-120.288,1,0.000384615,39,4
1261,43.2353,-117.985,1,0.000384615,1,13
1262,46.3728,138.678,1,0.000384615,6,90
1263,-30.7849,-57.0103,1,0.000384615,75,75
1264,49.0163,-3.68231,1,0.000384615,10,49
1265,31.6824,-103.799,1,0.000384615,6,8
1266,38.7202,95.5683,1,0.000384615,36,2
1267,5.2866,100.596,1,0.000384615,66,61
1268,2.13587,25.0052,1,0.000384615,83,43
1269,31.7905,49.4153,1,0.000384615,15,52
1270,14.2842,101.079,1,0.000384615,119,18
1271,20.9781,44.3333,1,0.000384615,114,97
1272,37.3806,109.552,1,0.000384615,140,73
1273,23.4769,42.6902,1,0.000384615,144,94
1274,45.9249,-70.5973,1,0.000384615,28,46
1275,53.7584,76.4584,1,0.000384615,108,5
1276,55.4876,123.121,1,0.000384615,32,81
1277,12.9718,105.291,1,0.000384615,36,64
1278,5.58145,-62.5443,1,0.000384615,18,13
1279,61.6967,30.3657,1,0.000384615,27,73
1280,-7.58576,33.3034,1,0.000384615,57,92
1281,16.0229,33.5469,1,0.000384615,2,41
1282,61.7191,77.7498,1,0.000384615,35,80
1283,-25.1063,143.609,1,0.000384615,1,69
1284,-3.36748,127.048,1,0.000384615,13,67
1285,58.0936,122.067,1,0.000384615,9,76
1286,-15.6725,-49.8585,1,0.000384615,45,11
1287,55.3876,87.3352,1,0.000384615,69,9
1288,-13.4158,-44.9031,1,0.000384615,61,77
1289,44.6957,126.32,1,0.000384615,22,75
1290,27.5574,1.29805,1,0.000384615,52,35
1291,36.4461,96.8004,1,0.000384615,17,98
1292,15.8577,1.10736,1,0.000384615,74,33
1293,29.29,7.38142,1,0.000384615,23,38
1294,41.1138,-102.776,1,0.000384615,5,8
1295,-6.28343,-41.9787,1,0.000384615,63,77
1296,40.7179,99.1563,1,0.000384615,8,5
1297,72.6783,179.241,1,0.000384615,3,38
1298,-86.5882,-25.6836,1,0.000384615,7,33
1299,10.641,-69.9947,1,0.000384615,6,14
1300,50.9424,-121.444,1,0.000384615,20,6
1301,41.6854,-117.627,1,0.000384615,11,12
1302,45.9758,139.049,1,0.000384615,14,76
1303,-31.2842,-57.0159,1,0.000384615,85,74
1304,46.9554,-0.911682,1,0.000384615,1,75
1305,30.2334,-102.05,1,0.000384615,36,10
1306,38.9241,96.9557,1,0.000384615,58,94
1307,7.00607,101.575,1,0.000384615,76,60
1308,1.46636,26.0197,1,0.000384615,87,99
1309,32.8346,48.06,1,0.000384615,5,53
1310,15.7302,101.877,1,0.000384615,34,64
1311,20.0846,45.3732,1,0.000384615,77,56
1312,37.7443,109.056,1,0.000384615,130,74
1313,24.9021,43.8626,1,0.000384615,76,56
1314,41.5138,-68.3718,1,0.000384615,51,56
1315,53.7543,77.6906,1,0.000384615,98,6
1316,55.6225,120.053,1,0.000384615,3,6
1317,12.3035,106.846,1,0.000384615,16,66
1318,4.61537,-62.0574,1,0.000384615,32,60
1319,62.9076,32.2279,1,0.000384615,8,75
1320,-9.04944,32.9347,1,0.000384615,26,95
1321,15.1465,32.264,1,0.000384615,13,40
1322,62.238,85.144,1,0.000384615,37,80
1323,-24.7428,143.732,1,0.000384615,1,69
1324,-3.25663,127.431,1,0.000384615,111,23
1325,58.7947,125.647,1,0.000384615,3,84
1326,-16.7952,-50.1193,1,0.000384615,79,75
1327,55.239,86.8878,1,0.000384615,69,9
1328,-12.1437,-45.7504,1,0.000384615,71,76
1329,46.7155,127.423,1,0.000384615,12,76
1330,27.2195,0.74147,1,0.000384615,62,34
1331,36.3794,97.8303,1,0.000384615,26,3
1332,13.1734,2.22282,1,0.000384615,65,85
1333,29.37,7.35153,1,0.000384615,23,38
1334,41.7274,-102.02,1,0.000384615,4,8
1335,-7.06666,-41.9529,1,0.000384615,72,76
1336,42.2746,98.5688,1,0.000384615,9,99
1337,73.2622,-178.544,1,0.000384615,9,26
1338,-86.1819,-40.1659,1,0.000384615,6,33
1339,13.1198,-72.1532,1,0.000384615,91,64
1340,51.654,-122.559,1,0.000384615,10,7
1341,41.8743,-117.838,1,0.000384615,11,12
1342,47.9918,136.555,1,0.000384615,64,88
1343,-30.5908,-57.6102,1,0.000384615,75,75
1344,47.7486,-1.75281,1,0.000384615,4,52
1345,30.2208,-101.329,1,0.000384615,20,46
1346,36.6205,94.0698,1,0.000384615,35,2
1347,5.42678,101.449,1,0.000384615,97,10
1348,0.468394,24.3716,1,0.000384615,94,42
1349,33.6236,49.0113,1,0.000384615,55,58
1350,16.2892,102.254,1,0.000384615,24,65
1351,19.7859,44.0214,1,0.000384615,84,90
1352,36.8132,109.672,1,0.000384615,121,75
1353,23.7747,44.3053,1,0.000384615,105,98
1354,43.4355,-69.9294,1,0.000384615,72,54
1355,54.2164,77.0168,1,0.000384615,98,6
1356,55.7132,120.879,1,0.000384615,29,74
1357,13.4076,104.741,1,0.000384615,25,65
1358,4.38638,-62.3001,1,0.000384615,19,13
1359,61.536,30.9658,1,0.000384615,27,73
1360,-5.45842,31.1754,1,0.000384615,87,43
1361,13.7426,36.6055,1,0.000384615,24,49
1362,61.3672,80.0396,1,0.000384615,93,77
1363,-26.2232,143.614,1,0.000384615,10,68
1364,-3.17598,125.725,1,0.000384615,12,67
1365,56.5772,124.6,1,0.000384615,22,82
1366,-17.0763,-49.3901,1,0.000384615,15,14
1367,55.6247,87.7615,1,0.000384615,60,0
1368,-11.8327,-46.4778,1,0.000384615,90,74
1369,45.8549,127.477,1,0.000384615,5,90
1370,28.9491,1.18172,1,0.000384615,70,33
1371,34.8974,97.3338,1,0.000384615,10,66
1372,13.9954,2.38466,1,0.000384615,46,36
1373,29.5925,8.62393,1,0.000384615,32,37
1374,41.0243,-100.51,1,0.000384615,14,12
1375,-7.93599,-40.8082,1,0.000384615,82,75
1376,40.5802,98.9525,1,0.000384615,8,5
1377,70.913,177.218,1,0.000384615,11,6
1378,-86.1763,-36.5304,1,0.000384615,6,33
1379,9.50205,-70.3153,1,0.000384615,36,11
1380,50.8345,-122.087,1,0.000384615,10,7
1381,44.165,-117.802,1,0.000384615,12,7
1382,46.2816,138.27,1,0.000384615,6,90
1383,-31.3817,-55.1001,1,0.000384615,65,76
1384,47.5184,-1.07188,1,0.000384615,1,65
1385,32.1225,-100.639,1,0.000384615,7,8
1386,37.8447,94.4481,1,0.000384615,6,5
1387,5.5898,100.874,1,0.000384615,56,62
1388,0.639231,24.4465,1,0.000384615,94,42
1389,33.5657,45.9259,1,0.000384615,34,50
1390,17.2019,101.01,1,0.000384615,53,62
1391,20.3062,43.4224,1,0.000384615,87,55
1392,38.0359,112.727,1,0.000384615,131,74
1393,24.3202,44.8423,1,0.000384615,66,57
1394,44.242,-69.9068,1,0.000384615,18,47
1395,53.0208,77.1508,1,0.000384615,97,6
1396,54.2778,122.189,1,0.000384615,11,76
1397,13.1042,105.962,1,0.000384615,36,64
1398,5.8213,-62.2937,1,0.000384615,22,61
1399,62.5908,29.9022,1,0.000384615,37,72
1400,-7.20677,32.4039,1,0.000384615,77,44
1401,16.1167,33.3701,1,0.000384615,2,41
1402,62.3878,79.8582,1,0.000384615,46,89
1403,-27.4811,146.091,1,0.000384615,2,69
1404,-3.78343,126.752,1,0.000384615,13,67
1405,55.9246,126.528,1,0.000384615,21,75
1406,-17.5243,-48.5003,1,0.000384615,36,12
1407,55.1219,87.1619,1,0.000384615,69,9
1408,-13.8163,-48.5169,1,0.000384615,109,72
1409,45.4698,126.413,1,0.000384615,22,75
1410,29.7044,2.52382,1,0.000384615,64,44
1411,36.0384,96.0972,1,0.000384615,8,99
1412,16.4728,2.4975,1,0.000384615,126,48
1413,29.8973,7.97255,1,0.000384615,23,38
1414,42.06,-102.055,1,0.000384615,4,13
1415,-8.04636,-43.6172,1,0.000384615,92,74
1416,41.6313,97.1478,1,0.000384615,68,93
1417,71.7304,-170.451,1,0.000384615,21,36
1418,-84.7904,-30.5863,1,0.000384615,16,32
1419,10.3674,-71.4587,1,0.000384615,16,13
1420,51.2401,-121.242,1,0.000384615,10,7
1421,42.822,-117.259,1,0.000384615,1,13
1422,47.3713,135.615,1,0.000384615,23,75
1423,-30.3914,-57.1699,1,0.000384615,75,75
1424,47.8453,-2.77901,1,0.000384615,1,40
1425,32.1385,-102.74,1,0.000384615,26,11
1426,39.4909,94.5887,1,0.000384615,27,3
1427,5.81189,101.599,1,0.000384615,127,17
1428,1.03123,23.5858,1,0.000384615,93,42
1429,33.9652,49.302,1,0.000384615,55,58
1430,14.7597,102.122,1,0.000384615,35,64
1431,22.3722,43.1263,1,0.000384615,126,51
1432,35.8883,110.519,1,0.000384615,122,75
1433,22.8691,45.8625,1,0.000384615,97,54
1434,46.0562,-72.5826,1,0.000384615,37,45
1435,53.1274,75.632,1,0.000384615,136,2
1436,55.2019,119.005,1,0.000384615,3,6
1437,13.2477,105.075,1,0.000384615,25,65
1438,4.95843,-62.3069,1,0.000384615,18,13
1439,62.288,34.2495,1,0.000384615,9,75
1440,-5.76667,32.2622,1,0.000384615,77,90
1441,15.0718,33.3482,1,0.000384615,12,40
1442,61.6369,79.3176,1,0.000384615,45,89
1443,-26.0588,144.554,1,0.000384615,29,21
1444,-4.35634,126.073,1,0.000384615,123,76
1445,58.123,126.726,1,0.000384615,13,83
1446,-16.6341,-49.4594,1,0.000384615,15,14
1447,56.1683,88.6034,1,0.000384615,60,0
1448,-12.6002,-45.9073,1,0.000384615,91,74
1449,45.6674,129.259,1,0.000384615,103,84
1450,27.4339,0.684326,1,0.000384615,62,34
1451,36.0551,97.2616,1,0.000384615,7,99
1452,13.1867,4.11983,1,0.000384615,128,48
1453,29.2986,7.73747,1,0.000384615,23,38
1454,39.1266,-101.713,1,0.000384615,32,45
1455,-5.39735,-42.262,1,0.000384615,104,29
1456,40.8405,98.4731,1,0.000384615,37,2
1457,71.4233,-177.751,1,0.000384615,12,6
1458,-86.489,6.14801,1,0.000384615,44,39
1459,11.1181,-70.9625,1,0.000384615,25,12
1460,51.6322,-121.563,1,0.000384615,10,7
1461,43.4167,-117.713,1,0.000384615,2,13
1462,47.1562,134.269,1,0.000384615,74,87
1463,-33.1097,-56.1224,1,0.000384615,64,76
1464,50.2842,-3.50371,1,0.000384615,13,51
1465,30.5387,-103.982,1,0.000384615,26,6
1466,39.0588,94.1887,1,0.000384615,8,66
1467,7.93798,101.87,1,0.000384615,75,60
1468,2.11035,26.3165,1,0.000384615,74,44
1469,32.9987,47.3314,1,0.000384615,5,53
1470,17.1459,101.601,1,0.000384615,53,62
1471,19.9439,43.9742,1,0.000384615,87,55
1472,36.4801,112.624,1,0.000384615,102,77
1473,23.8473,45.255,1,0.000384615,67,57
1474,44.8137,-72.2546,1,0.000384615,8,48
1475,52.3238,75.8747,1,0.000384615,97,6
1476,55.423,120.564,1,0.000384615,29,74
1477,11.6735,107.161,1,0.000384615,89,11
1478,4.78094,-62.728,1,0.000384615,8,14
1479,62.6339,37.1452,1,0.000384615,157,87
1480,-7.85407,31.1853,1,0.000384615,36,94
1481,14.0093,35.1483,1,0.000384615,4,41
1482,61.6203,82.8403,1,0.000384615,16,82
1483,-25.3773,144.652,1,0.000384615,11,68
1484,-4.95684,127.586,1,0.000384615,4,68
1485,58.4953,126.03,1,0.000384615,3,84
1486,-17.411,-52.5082,1,0.000384615,64,19
1487,55.7124,85.6662,1,0.000384615,69,9
1488,-12.024,-47.5028,1,0.000384615,24,13
1489,45.5031,129.353,1,0.000384615,15,99
1490,27.2349,2.15929,1,0.000384615,71,33
1491,35.9104,99.1412,1,0.000384615,18,98
1492,13.75,2.9283,1,0.000384615,37,37
1493,28.713,6.70222,1,0.000384615,33,37
1494,39.9327,-100.946,1,0.000384615,22,46
1495,-7.38503,-43.148,1,0.000384615,86,21
1496,42.8278,98.7991,1,0.000384615,38,2
1497,71.6294,-174.831,1,0.000384615,2,7
1498,-84.344,-23.6231,1,0.000384615,81,35
1499,11.9399,-69.9383,1,0.000384615,71,66
1500,51.0178,-119.846,1,0.000384615,50,3
1501,41.4068,-116.112,1,0.000384615,13,7
1502,47.0163,138.18,1,0.000384615,4,77
1503,-32.3932,-54.3514,1,0.000384615,97,16
1504,46.9685,-1.32593,1,0.000384615,1,75
1505,31.1845,-103.637,1,0.000384615,40,44
1506,37.1393,95.2942,1,0.000384615,-1,-1
1507,5.9671,100.743,1,0.000384615,56,62
1508,2.15097,25.3843,1,0.000384615,97,98
1509,33.2829,47.7633,1,0.000384615,5,53
1510,16.2824,101.412,1,0.000384615,159,14
1511,20.267,44.6098,1,0.000384615,94,99
1512,36.5798,108.949,1,0.000384615,121,75
1513,23.0561,45.0396,1,0.000384615,95,99
1514,43.7286,-73.7324,1,0.000384615,17,47
1515,54.539,76.7924,1,0.000384615,147,1
1516,54.4959,118.853,1,0.000384615,10,76
1517,11.1984,105.54,1,0.000384615,26,65
1518,5.20355,-62.2345,1,0.000384615,18,13
1519,62.6451,33.5459,1,0.000384615,9,75
1520,-8.06339,30.7734,1,0.000384615,36,94
1521,14.3768,35.139,1,0.000384615,33,48
1522,61.9505,82.7234,1,0.000384615,16,82
1523,-25.7573,144.811,1,0.000384615,29,21
1524,-4.93023,126.392,1,0.000384615,123,76
1525,57.1167,126.104,1,0.000384615,20,75
1526,-16.9024,-48.5358,1,0.000384615,16,14
1527,55.5753,86.3616,1,0.000384615,69,9
1528,-12.9237,-45.1658,1,0.000384615,6,15
1529,43.9593,129.792,1,0.000384615,95,91
1530,26.1801,2.36894,1,0.000384615,97,82
1531,35.0368,96.7151,1,0.000384615,170,70
1532,15.2061,3.4424,1,0.000384615,36,37
1533,28.0115,9.93634,1,0.000384615,46,46
1534,41.4896,-103.387,1,0.000384615,14,7
1535,-7.38944,-41.9357,1,0.000384615,62,77
1536,42.156,100.735,1,0.000384615,28,3
1537,70.4504,-175.223,1,0.000384615,21,5
1538,-85.8148,-16.74,1,0.000384615,34,30
1539,9.24324,-71.1437,1,0.000384615,70,66
1540,51.7271,-120.975,1,0.000384615,10,7
1541,43.503,-117.706,1,0.000384615,2,13
1542,45.9977,138.19,1,0.000384615,6,90
1543,-31.6284,-56.8384,1,0.000384615,74,75
1544,47.7702,-3.97057,1,0.000384615,3,52
1545,30.061,-101.604,1,0.000384615,20,46
1546,40.2854,94.6484,1,0.000384615,57,94
1547,6.88529,100.732,1,0.000384615,98,10
1548,1.8305,25.0572,1,0.000384615,84,43
1549,34.4818,48.789,1,0.000384615,4,53
1550,16.5246,101.917,1,0.000384615,24,65
1551,19.2451,45.7134,1,0.000384615,75,91
1552,37.5842,110.455,1,0.000384615,111,76
1553,23.7475,45.9579,1,0.000384615,67,57
1554,45.8354,-71.4963,1,0.000384615,28,46
1555,53.7826,77.5626,1,0.000384615,98,6
1556,56.4525,120.523,1,0.000384615,19,75
1557,12.8429,105.4,1,0.000384615,36,64
1558,4.81959,-63.2998,1,0.000384615,8,14
1559,62.8989,33.943,1,0.000384615,9,75
1560,-9.87508,32.4292,1,0.000384615,127,49
1561,14.4438,34.6617,1,0.000384615,3,41
1562,60.2754,83.6029,1,0.000384615,65,87
1563,-25.3825,142.5,1,0.000384615,20,67
1564,-3.69301,126.923,1,0.000384615,13,67
1565,57.9805,127.879,1,0.000384615,1,77
1566,-17.2753,-49.3314,1,0.000384615,98,73
1567,54.7585,86.9068,1,0.000384615,59,0
1568,-12.8376,-46.7161,1,0.000384615,70,76
1569,46.0693,128.583,1,0.000384615,32,74
1570,28.3295,2.27031,1,0.000384615,42,36
1571,37.3918,97.9147,1,0.000384615,17,4
1572,15.0199,3.06517,1,0.000384615,65,34
1573,28.8537,8.51172,1,0.000384615,45,46
1574,40.594,-101.037,1,0.000384615,22,46
1575,-5.87395,-41.1155,1,0.000384615,75,22
1576,42.4169,97.4155,1,0.000384615,9,99
1577,71.5708,176.536,1,0.000384615,2,38
1578,-86.2706,-38.0613,1,0.000384615,6,33
1579,10.58,-70.3778,1,0.000384615,6,14
1580,51.4664,-122.915,1,0.000384615,19,6
1581,43.4684,-116.627,1,0.000384615,22,11
1582,48.0746,138.46,1,0.000384615,17,99
1583,-32.1015,-57.0451,1,0.000384615,74,75
1584,48.1014,-3.84467,1,0.000384615,3,52
1585,30.3899,-103.645,1,0.000384615,26,6
1586,36.8518,93.1469,1,0.000384615,18,65
1587,5.89555,102.656,1,0.000384615,87,11
1588,2.4256,24.9491,1,0.000384615,83,43
1589,32.7155,49.1499,1,0.000384615,45,59
1590,15.5181,101.407,1,0.000384615,34,64
1591,19.7699,44.9589,1,0.000384615,85,90
1592,37.2933,109.439,1,0.000384615,140,73
1593,22.0155,43.7843,1,0.000384615,134,95
1594,43.4112,-68.4619,1,0.000384615,62,55
1595,53.7379,76.8581,1,0.000384615,98,6
1596,54.9872,121.702,1,0.000384615,39,73
1597,14.2157,103.363,1,0.000384615,109,19
1598,3.65546,-61.716,1,0.000384615,29,12
1599,62.0011,32.7398,1,0.000384615,18,74
1600,-6.64941,31.9801,1,0.000384615,37,94
1601,14.1751,34.0035,1,0.000384615,3,41
1602,61.1806,82.0556,1,0.000384615,17,82
1603,-24.8675,143.706,1,0.000384615,1,69
1604,-3.31149,126.632,1,0.000384615,13,67
1605,56.6505,123.853,1,0.000384615,22,82
1606,-16.2742,-49.6403,1,0.000384615,15,14
1607,57.1722,83.8335,1,0.000384615,79,8
1608,-12.7612,-45.4796,1,0.000384615,91,74
1609,47.5888,128.956,1,0.000384615,93,85
1610,26.9174,1.20743,1,0.000384615,95,41
1611,35.8316,97.6962,1,0.000384615,7,99
1612,14.7832,3.11549,1,0.000384615,65,34
1613,29.372,8.45232,1,0.000384615,45,46
1614,41.3164,-101.886,1,0.000384615,4,8
1615,-7.92474,-41.8191,1,0.000384615,62,77
1616,39.4157,99.2569,1,0.000384615,39,96
1617,71.7011,178.296,1,0.000384615,2,38
1618,-86.7419,-30.5042,1,0.000384615,7,33
1619,10.5986,-70.4932,1,0.000384615,6,14
1620,52.7574,-119.458,1,0.000384615,40,4
1621,42.9458,-117.94,1,0.000384615,1,13
1622,45.0249,137.49,1,0.000384615,7,90
1623,-31.1184,-58.3337,1,0.000384615,106,15
1624,47.0666,0.0398254,1,0.000384615,11,49
1625,28.9932,-101.992,1,0.000384615,8,8
1626,37.9887,94.8831,1,0.000384615,6,5
1627,5.41975,101.884,1,0.000384615,97,10
1628,2.78899,24.6862,1,0.000384615,83,43
1629,33.1791,47.572,1,0.000384615,5,53
1630,15.5989,104.14,1,0.000384615,120,18
1631,19.5232,45.5096,1,0.000384615,118,52
1632,35.869,109.172,1,0.000384615,121,75
1633,23.9206,45.19,1,0.000384615,106,53
1634,43.1927,-66.8238,1,0.000384615,52,56
1635,53.3434,76.8385,1,0.000384615,98,6
1636,54.8693,118.515,1,0.000384615,30,74
1637,12.2244,108.102,1,0.000384615,90,11
1638,4.0844,-62.4726,1,0.000384615,19,13
1639,63.3837,32.9063,1,0.000384615,8,75
1640,-7.66386,32.4514,1,0.000384615,27,95
1641,14.295,35.7175,1,0.000384615,101,98
1642,61.6213,83.8124,1,0.000384615,64,70
1643,-24.235,143.384,1,0.000384615,59,28
1644,-3.69386,125.667,1,0.000384615,120,22
1645,57.4864,126.639,1,0.000384615,20,75
1646,-15.8131,-50.1601,1,0.000384615,45,11
1647,56.1497,87.5973,1,0.000384615,60,0
1648,-12.5352,-46.2981,1,0.000384615,100,73
1649,45.3839,128.894,1,0.000384615,15,99
1650,26.7809,2.03613,1,0.000384615,71,33
1651,36.1978,96.1861,1,0.000384615,8,99
1652,15.5154,2.48148,1,0.000384615,75,84
1653,29.5491,8.73708,1,0.000384615,32,37
1654,40.9517,-103.499,1,0.000384615,14,7
1655,-7.35174,-42.746,1,0.000384615,73,76
1656,40.4281,99.015,1,0.000384615,8,5
1657,72.9156,179.906,1,0.000384615,3,38
1658,-85.1513,-15.6913,1,0.000384615,82,35
1659,11.0619,-70.6895,1,0.000384615,100,63
1660,53.21,-123.236,1,0.000384615,9,7
1661,42.9569,-118.108,1,0.000384615,1,13
1662,46.9337,137.607,1,0.000384615,4,77
1663,-32.1469,-57.054,1,0.000384615,84,74
1664,47.4613,-4.53192,1,0.000384615,3,52
1665,31.5599,-103.64,1,0.000384615,6,8
1666,39.4999,94.7919,1,0.000384615,27,3
1667,5.76327,100.944,1,0.000384615,56,62
1668,3.12576,23.531,1,0.000384615,123,49
1669,33.2853,49.6944,1,0.000384615,128,96
1670,15.8561,100.021,1,0.000384615,63,61
1671,19.1337,44.4621,1,0.000384615,84,90
1672,36.9662,110.532,1,0.000384615,111,76
1673,25.9336,44.8805,1,0.000384615,56,58
1674,43.076,-71.041,1,0.000384615,71,54
1675,53.3917,79.902,1,0.000384615,137,2
1676,55.7682,118.631,1,0.000384615,3,6
1677,12.4963,107.22,1,0.000384615,16,66
1678,4.77291,-63.0256,1,0.000384615,8,14
1679,62.0675,31.8275,1,0.000384615,38,72
1680,-6.97529,32.1962,1,0.000384615,37,94
1681,14.5077,33.5259,1,0.000384615,42,47
1682,61.9603,83.7993,1,0.000384615,26,81
1683,-27.7377,141.659,1,0.000384615,30,66
1684,-3.66471,126.844,1,0.000384615,13,67
1685,58.3245,124.487,1,0.000384615,2,84
1686,-15.7725,-49.0919,1,0.000384615,5,15
1687,57.22,86.2454,1,0.000384615,70,9
1688,-13.8189,-46.7133,1,0.000384615,70,76
1689,46.2595,129.976,1,0.000384615,42,73
1690,27.7032,1.51184,1,0.000384615,52,35
1691,35.6046,96.5366,1,0.000384615,8,99
1692,13.532,1.71933,1,0.000384615,84,83
1693,29.9814,9.16127,1,0.000384615,35,47
1694,41.1975,-100.606,1,0.000384615,14,12
1695,-6.99277,-42.5903,1,0.000384615,73,76
1696,42.2248,97.8293,1,0.000384615,9,99
1697,71.29,-177.268,1,0.000384615,12,6
1698,-85.8471,-51.7879,1,0.000384615,26,31
1699,10.3572,-72.0089,1,0.000384615,15,13
1700,49.6101,-123.341,1,0.000384615,19,11
1701,41.5075,-117.778,1,0.000384615,11,12
1702,46.7434,137.567,1,0.000384615,4,77
1703,-30.2478,-56.4961,1,0.000384615,96,16
1704,48.3981,-1.06078,1,0.000384615,11,64
1705,29.2865,-102.887,1,0.000384615,19,46
1706,39.0625,91.8609,1,0.000384615,16,4
1707,5.7064,102.267,1,0.000384615,87,11
1708,2.07257,25.2654,1,0.000384615,97,98
1709,32.9847,48.3392,1,0.000384615,137,95
1710,15.2837,102.222,1,0.000384615,54,62
1711,20.4205,45.3907,1,0.000384615,77,56
1712,37.5765,108.78,1,0.000384615,140,73
1713,25.6156,45.3464,1,0.000384615,96,54
1714,43.2777,-68.3942,1,0.000384615,62,55
1715,51.7527,78.3356,1,0.000384615,87,7
1716,53.9008,117.752,1,0.000384615,69,70
1717,14.3351,106.962,1,0.000384615,130,17
1718,4.81787,-63.7551,1,0.000384615,28,12
1719,60.7881,32.1309,1,0.000384615,18,74
1720,-8.36702,31.6161,1,0.000384615,47,93
1721,15.5015,34.9405,1,0.000384615,102,98
1722,62.0547,83.5483,1,0.000384615,26,81
1723,-25.5432,143.868,1,0.000384615,10,68
1724,-3.73389,127.409,1,0.000384615,13,67
1725,58.3297,125.469,1,0.000384615,13,83
1726,-16.311,-49.8527,1,0.000384615,79,75
1727,55.4351,85.5233,1,0.000384615,69,9
1728,-12.2118,-46.9892,1,0.000384615,80,75
1729,47.5993,127.354,1,0.000384615,2,77
1730,26.7832,4.26488,1,0.000384615,43,36
1731,36.6293,97.8282,1,0.000384615,7,5
1732,15.8324,3.32927,1,0.000384615,36,37
1733,27.9349,7.3712,1,0.000384615,24,38
1734,40.4865,-102.689,1,0.000384615,5,8
1735,-5.67011,-42.1405,1,0.000384615,63,77
1736,40.4546,97.2528,1,0.000384615,78,92
1737,71.6253,177.694,1,0.000384615,2,38
1738,-85.7775,-32.5145,1,0.000384615,72,36
1739,11.5673,-68.6406,1,0.000384615,62,67
1740,51.226,-121.171,1,0.000384615,10,7
1741,41.6491,-119.747,1,0.000384615,31,10
1742,46.1286,138.543,1,0.000384615,6,90
1743,-31.4564,-57.234,1,0.000384615,74,75
1744,47.4097,-2.73611,1,0.000384615,1,40
1745,32.0896,-104.62,1,0.000384615,10,47
1746,40.4528,95.6714,1,0.000384615,67,93
1747,5.22029,101.197,1,0.000384615,66,61
1748,2.18025,25.3931,1,0.000384615,97,98
1749,34.1677,47.1581,1,0.000384615,54,58
1750,15.9822,101.008,1,0.000384615,64,61
1751,19.6236,44.346,1,0.000384615,85,90
1752,36.693,109.643,1,0.000384615,121,75
1753,25.157,42.8606,1,0.000384615,75,56
1754,45.3183,-68.4664,1,0.000384615,9,48
1755,53.1388,78.199,1,0.000384615,107,5
1756,55.7818,119.502,1,0.000384615,3,6
1757,15.2923,107.056,1,0.000384615,5,67
1758,3.78476,-61.9267,1,0.000384615,29,12
1759,61.4936,32.587,1,0.000384615,18,74
1760,-8.21699,31.6292,1,0.000384615,36,94
1761,14.644,34.2663,1,0.000384615,3,41
1762,62.8391,83.6111,1,0.000384615,73,79
1763,-24.6433,142.813,1,0.000384615,20,67
1764,-4.47972,126.135,1,0.000384615,123,76
1765,58.0451,125.915,1,0.000384615,13,83
1766,-16.6809,-49.1283,1,0.000384615,15,14
1767,55.4772,88.2909,1,0.000384615,60,0
1768,-11.9528,-47.4597,1,0.000384615,24,13
1769,45.2529,126.515,1,0.000384615,22,75
1770,26.2017,-0.583328,1,0.000384615,104,40
1771,35.8498,97.1479,1,0.000384615,7,99
1772,14.3178,2.13322,1,0.000384615,46,36
1773,28.8714,8.24306,1,0.000384615,45,46
1774,41.7034,-102.879,1,0.000384615,42,44
1775,-7.52598,-41.6787,1,0.000384615,62,77
1776,40.6152,97.093,1,0.000384615,37,2
1777,71.9689,-178.828,1,0.000384615,1,7
1778,-85.1682,-31.9955,1,0.000384615,35,30
1779,10.8748,-69.8272,1,0.000384615,6,14
1780,51.9819,-121.698,1,0.000384615,10,7
1781,42.0688,-118.617,1,0.000384615,61,2
1782,47.3404,139.451,1,0.000384615,36,97
1783,-30.8366,-57.8686,1,0.000384615,75,75
1784,47.56,-2.94705,1,0.000384615,1,40
1785,31.0763,-102.381,1,0.000384615,16,7
1786,37.9284,93.7415,1,0.000384615,37,96
1787,5.67544,101.805,1,0.000384615,87,11
1788,3.62028,24.8988,1,0.000384615,103,41
1789,32.4437,48.9803,1,0.000384615,45,59
1790,16.009,102.44,1,0.000384615,24,65
1791,19.3542,45.1489,1,0.000384615,85,90
1792,36.4954,108.62,1,0.000384615,-1,-1
1793,24.6477,44.056,1,0.000384615,76,56
1794,43.5215,-71.4784,1,0.000384615,71,54
1795,52.0894,74.8044,1,0.000384615,117,4
1796,55.8446,120.829,1,0.000384615,29,74
1797,11.2042,105.42,1,0.000384615,26,65
1798,4.03842,-64.3049,1,0.000384615,9,14
1799,62.3134,33.5606,1,0.000384615,9,75
1800,-6.98354,30.3599,1,0.000384615,46,93
1801,14.9884,35.6281,1,0.000384615,33,48
1802,62.1637,81.3429,1,0.000384615,7,83
1803,-24.8629,143.378,1,0.000384615,1,69
1804,-2.46784,127.196,1,0.000384615,140,20
1805,57.5863,124.51,1,0.000384615,2,84
1806,-18.3482,-50.3428,1,0.000384615,65,19
1807,56.3622,83.8637,1,0.000384615,79,8
1808,-11.2719,-46.1623,1,0.000384615,90,74
1809,46.0409,128.388,1,0.000384615,15,99
1810,28.875,1.53035,1,0.000384615,70,33
1811,36.6247,95.8807,1,0.000384615,28,97
1812,14.4176,2.23322,1,0.000384615,46,36
1813,28.5524,9.36452,1,0.000384615,14,39
1814,43.2142,-103.783,1,0.000384615,3,8
1815,-6.0766,-42.9581,1,0.000384615,63,77
1816,41.9671,98.66,1,0.000384615,9,99
1817,71.7276,174.872,1,0.000384615,17,25
1818,-84.4095,-21.4225,1,0.000384615,81,35
1819,10.9394,-70.1764,1,0.000384615,6,14
1820,51.1674,-122.213,1,0.000384615,10,7
1821,42.7733,-119.711,1,0.000384615,21,11
1822,46.5521,136.81,1,0.000384615,13,76
1823,-31.9267,-57.4824,1,0.000384615,84,74
1824,47.1072,-0.455444,1,0.000384615,11,49
1825,30.5333,-103.069,1,0.000384615,26,6
1826,38.1337,93.4715,1,0.000384615,37,96
1827,7.13181,101.552,1,0.000384615,76,60
1828,1.38441,25.0553,1,0.000384615,84,43
1829,32.8728,46.5559,1,0.000384615,14,52
1830,16.8505,102.313,1,0.000384615,24,65
1831,19.6236,43.7904,1,0.000384615,84,90
1832,37.1751,110.492,1,0.000384615,111,76
1833,24.3738,47.3036,1,0.000384615,106,98
1834,43.2066,-70.5748,1,0.000384615,71,54
1835,53.6979,78.577,1,0.000384615,98,6
1836,55.592,119.634,1,0.000384615,3,6
1837,11.5814,106.714,1,0.000384615,89,11
1838,3.91904,-62.3672,1,0.000384615,19,13
1839,62.9745,32.5433,1,0.000384615,8,75
1840,-7.58552,32.9688,1,0.000384615,57,92
1841,14.9765,33.1837,1,0.000384615,12,40
1842,61.4571,80.1115,1,0.000384615,6,83
1843,-25.1997,143.272,1,0.000384615,1,69
1844,-1.6647,126.662,1,0.000384615,1,10
1845,57.9383,128.479,1,0.000384615,1,77
1846,-15.7381,-50.0781,1,0.000384615,45,11
1847,55.6156,86.4728,1,0.000384615,69,9
1848,-11.2932,-46.886,1,0.000384615,124,27
1849,46.6676,125.744,1,0.000384615,12,76
1850,29.1281,1.31316,1,0.000384615,70,33
1851,34.2925,97.1759,1,0.000384615,15,4
1852,15.8263,5.03395,1,0.000384615,85,83
1853,28.2184,8.75301,1,0.000384615,55,45
1854,41.6903,-101.144,1,0.000384615,4,8
1855,-6.14157,-42.4108,1,0.000384615,63,77
1856,41.7059,97.0991,1,0.000384615,68,93
1857,71.7322,179.224,1,0.000384615,1,7
1858,-84.9392,-21.1604,1,0.000384615,82,35
1859,11.3643,-69.1342,1,0.000384615,26,12
1860,50.654,-120.904,1,0.000384615,11,7
1861,41.7582,-116.337,1,0.000384615,13,7
1862,46.949,137.994,1,0.000384615,4,77
1863,-32.2988,-57.3347,1,0.000384615,84,74
1864,48.1552,-2.30309,1,0.000384615,4,52
1865,30.3753,-104.617,1,0.000384615,9,47
1866,37.9584,94.049,1,0.000384615,6,5
1867,4.6838,102.669,1,0.000384615,57,62
1868,0.990381,25.0493,1,0.000384615,84,43
1869,33.5506,47.4968,1,0.000384615,5,53
1870,14.5533,100.886,1,0.000384615,119,18
1871,19.8212,43.3273,1,0.000384615,87,55
1872,37.8466,111.082,1,0.000384615,101,77
1873,23.4661,45.4486,1,0.000384615,67,57
1874,44.3571,-72.1052,1,0.000384615,8,48
1875,53.5762,78.1403,1,0.000384615,98,6
1876,54.8063,121.432,1,0.000384615,50,72
1877,13.0177,104.649,1,0.000384615,25,65
1878,5.36951,-63.7997,1,0.000384615,31,60
1879,61.2458,29.5497,1,0.000384615,17,74
1880,-9.55288,34.1244,1,0.000384615,17,96
1881,14.3136,35.2802,1,0.000384615,33,48
1882,61.6512,78.379,1,0.000384615,35,80
1883,-26.4266,141.779,1,0.000384615,58,28
1884,-2.91603,127.704,1,0.000384615,111,23
1885,57.952,124.334,1,0.000384615,2,84
1886,-16.8188,-51.4977,1,0.000384615,126,27
1887,55.3293,86.8183,1,0.000384615,69,9
1888,-11.0817,-46.7285,1,0.000384615,90,74
1889,44.5867,130.228,1,0.000384615,85,92
1890,25.7328,0.0150146,1,0.000384615,72,33
1891,36.0637,95.1699,1,0.000384615,19,65
1892,14.305,2.21381,1,0.000384615,46,36
1893,28.6641,7.59697,1,0.000384615,51,35
1894,41.1017,-103.676,1,0.000384615,14,7
1895,-4.75531,-43.2171,1,0.000384615,102,73
1896,44.2128,98.865,1,0.000384615,89,91
1897,70.9329,179.672,1,0.000384615,8,26
1898,-86.2434,-40.8831,1,0.000384615,6,33
1899,10.882,-71.0018,1,0.000384615,25,12
1900,51.8094,-121.63,1,0.000384615,10,7
1901,41.4661,-118.62,1,0.000384615,62,2
1902,47.1655,136.586,1,0.000384615,3,77
1903,-32.7241,-55.7169,1,0.000384615,104,72
1904,48.0184,-2.86865,1,0.000384615,1,40
1905,29.5881,-103.057,1,0.000384615,19,46
1906,37.8808,94.9602,1,0.000384615,6,5
1907,7.69259,100.379,1,0.000384615,65,61
1908,1.408,24.2289,1,0.000384615,137,94
1909,33.5667,47.3804,1,0.000384615,24,51
1910,15.8311,102.186,1,0.000384615,24,65
1911,20.6445,44.1044,1,0.000384615,86,55
1912,36.5822,110.562,1,0.000384615,112,76
1913,23.4536,46.7033,1,0.000384615,116,97
1914,45.7738,-71.0187,1,0.000384615,28,46
1915,51.7932,77.3936,1,0.000384615,126,3
1916,55.6566,117.678,1,0.000384615,3,6
1917,12.2971,106.683,1,0.000384615,16,66
1918,3.7046,-62.7747,1,0.000384615,21,61
1919,63.677,31.8822,1,0.000384615,28,73
1920,-8.83664,33.0762,1,0.000384615,56,92
1921,14.6902,36.6756,1,0.000384615,92,99
1922,62.2756,80.1483,1,0.000384615,46,89
1923,-25.3956,144.408,1,0.000384615,11,68
1924,-1.00023,126.055,1,0.000384615,1,10
1925,57.838,123.155,1,0.000384615,12,83
1926,-16.5976,-49.4422,1,0.000384615,15,14
1927,54.8709,85.2296,1,0.000384615,89,7
1928,-13.2937,-46.7967,1,0.000384615,70,76
1929,45.1105,128.969,1,0.000384615,105,90
1930,27.4575,0.204956,1,0.000384615,61,34
1931,36.0232,95.9355,1,0.000384615,25,3
1932,15.139,4.54893,1,0.000384615,66,85
1933,28.5631,11.6346,1,0.000384615,36,47
1934,41.716,-101.304,1,0.000384615,4,8
1935,-6.93596,-41.526,1,0.000384615,72,76
1936,39.7286,96.0691,1,0.000384615,48,95
1937,69.4832,-179.932,1,0.000384615,11,37
1938,-85.8444,-31.0861,1,0.000384615,72,36
1939,10.8061,-70.3472,1,0.000384615,6,14
1940,52.712,-121.153,1,0.000384615,49,3
1941,42.5159,-117.383,1,0.000384615,1,13
1942,46.3799,136.395,1,0.000384615,13,76
1943,-31.2545,-56.5542,1,0.000384615,85,74
1944,47.8516,-1.27386,1,0.000384615,1,65
1945,30.1976,-104.388,1,0.000384615,9,47
1946,38.0419,93.881,1,0.000384615,6,5
1947,6.6626,100.712,1,0.000384615,98,10
1948,0.973324,25.1457,1,0.000384615,84,43
1949,32.7132,50.0249,1,0.000384615,6,53
1950,16.1356,102.264,1,0.000384615,24,65
1951,19.8314,44.4036,1,0.000384615,85,90
1952,37.5717,108.909,1,0.000384615,140,73
1953,23.6599,45.9138,1,0.000384615,67,57
1954,43.6627,-69.5575,1,0.000384615,72,54
1955,53.8612,76.5947,1,0.000384615,108,5
1956,55.9532,117.702,1,0.000384615,13,5
1957,13.082,106.621,1,0.000384615,45,63
1958,4.06949,-64.354,1,0.000384615,9,14
1959,64.6256,30.1353,1,0.000384615,4,39
1960,-9.29659,32.5506,1,0.000384615,26,95
1961,14.0247,34.1262,1,0.000384615,3,41
1962,61.6433,80.976,1,0.000384615,6,83
1963,-26.1278,143.681,1,0.000384615,10,68
1964,-2.52886,125.742,1,0.000384615,121,22
1965,58.7247,126.053,1,0.000384615,3,84
1966,-16.0796,-51.1742,1,0.000384615,54,10
1967,55.7951,89.8114,1,0.000384615,105,76
1968,-11.7262,-47.3338,1,0.000384615,80,75
1969,46.1032,129.291,1,0.000384615,32,74
1970,27.0048,3.77234,1,0.000384615,43,36
1971,34.9043,95.0095,1,0.000384615,5,5
1972,16.2889,4.67802,1,0.000384615,45,36
1973,27.6581,8.77237,1,0.000384615,55,45
1974,38.788,-102.625,1,0.000384615,31,45
1975,-7.76671,-42.5283,1,0.000384615,62,77
1976,40.5863,100.771,1,0.000384615,18,4
1977,71.953,-175.987,1,0.000384615,2,7
1978,-85.9898,-14.6009,1,0.000384615,53,38
1979,10.8126,-70.0063,1,0.000384615,6,14
1980,51.7578,-123.597,1,0.000384615,19,6
1981,42.0494,-117.749,1,0.000384615,11,12
1982,48.7173,139.149,1,0.000384615,26,98
1983,-31.3899,-58.8228,1,0.000384615,106,15
1984,48.336,-3.50214,1,0.000384615,10,49
1985,30.6679,-102.08,1,0.000384615,16,7
1986,39.1828,94.4473,1,0.000384615,27,3
1987,6.10229,102.399,1,0.000384615,87,11
1988,1.37177,25.6057,1,0.000384615,84,43
1989,33.2527,47.5414,1,0.000384615,5,53
1990,16.4909,100.789,1,0.000384615,139,16
1991,21.3172,44.4419,1,0.000384615,125,96
1992,36.5181,110.483,1,0.000384615,112,76
1993,24.5727,45.2211,1,0.000384615,66,57
1994,44.3326,-71.4092,1,0.000384615,8,48
1995,53.0256,77.1154,1,0.000384615,97,6
1996,54.3212,120.885,1,0.000384615,40,73
1997,12.7109,106.201,1,0.000384615,100,10
1998,3.88926,-62.3447,1,0.000384615,19,13
1999,62.028,37.1213,1,0.000384615,138,89
2000,33.9007,85.0037,1,3.84615e-05,74,8
2001,-16.3642,-60.2069,1,3.84615e-05,164,23
2002,-49.5235,-72.8763,1,3.84615e-05,88,73
2003,31.5748,35.0688,1,3.84615e-05,123,51
2004,18.9789,12.044,1,3.84615e-05,7,30
2005,69.5803,-27.6766,1,3.84615e-05,164,32
2006,-16.902,39.7215,1,3.84615e-05,174,6
2007,45.4388,10.7593,1,3.84615e-05,171,85
2008,-2.74588,-54.8184,1,3.84615e-05,1,63
2009,29.23,112.967,1,3.84615e-05,-1,-1
2010,2.1657,39.6318,1,3.84615e-05,-1,-1
2011,-72.6079,155.639,1,3.84615e-05,154,38
2012,-11.2865,34.0968,1,3.84615e-05,-1,-1
2013,34.1715,52.3179,1,3.84615e-05,-1,-1
2014,12.6547,25.9435,1,3.84615e-05,170,91
2015,51.6373,-69.0751,1,3.84615e-05,-1,-1
2016,-13.1603,14.8598,1,3.84615e-05,15,30
2017,-79.2751,-102.995,1,3.84615e-05,-1,-1
2018,-68.6442,52.8068,1,3.84615e-05,16,1
2019,-68.7357,45.8803,1,3.84615e-05,35,9
2020,3.83365,-68.5313,1,3.84615e-05,48,10
2021,75.7809,-94.4747,1,3.84615e-05,167,20
2022,17.8656,80.7752,1,3.84615e-05,139,63
2023,55.5297,46.8679,1,3.84615e-05,109,82
2024,-4.56371,-46.2117,1,3.84615e-05,112,72
2025,36.4217,-90.75,1,3.84615e-05,167,54
2026,3.97797,45.0298,1,3.84615e-05,-1,-1
2027,60.4693,17.7968,1,3.84615e-05,65,79
2028,-15.1222,-72.9439,1,3.84615e-05,140,11
2029,-74.0656,64.7453,1,3.84615e-05,-1,-1
2030,51.5869,-111.427,1,3.84615e-05,-1,-1
2031,57.518,44.1563,1,3.84615e-05,178,85
2032,-75.707,68.5372,1,3.84615e-05,167,25
2033,35.6834,-92.908,1,3.84615e-05,176,53
2034,30.5159,42.9225,1,3.84615e-05,85,55
2035,51.9102,30.4484,1,3.84615e-05,174,68
2036,43.7278,-104.696,1,3.84615e-05,141,44
2037,-80.3435,149.104,1,3.84615e-05,171,36
2038,30.5872,54.4546,1,3.84615e-05,179,7
2039,-82.3221,-92.5182,1,3.84615e-05,177,35
2040,49.606,56.547,1,3.84615e-05,1,66
2041,-10.7411,-54.1221,1,3.84615e-05,134,26
2042,-1.38385,102.204,1,3.84615e-05,-1,-1
2043,61.6865,69.2208,1,3.84615e-05,178,8
2044,-26.4587,-69.9997,1,3.84615e-05,162,19
2045,-5.98756,-35.4765,1,3.84615e-05,34,70
2046,22.5713,21.0768,1,3.84615e-05,69,44
2047,-38.7165,-72.6276,1,3.84615e-05,150,77
2048,-31.7076,-64.5238,1,3.84615e-05,175,18
2049,-1.1235,-66.5034,1,3.84615e-05,-1,-1
2050,24.5514,12.3484,1,3.84615e-05,87,42
2051,61.4158,-46.5891,1,3.84615e-05,1,28
2052,75.9291,102.818,1,3.84615e-05,-1,-1
2053,14.3116,-1.71619,1,3.84615e-05,113,80
2054,-4.34273,140.574,1,3.84615e-05,95,79
2055,41.3632,42.6901,1,3.84615e-05,28,80
2056,41.5694,-86.5703,1,3.84615e-05,178,53
2057,50.1137,-106.061,1,3.84615e-05,2,8
2058,31.3131,-9.03775,1,3.84615e-05,111,49
2059,39.7516,-116.8,1,3.84615e-05,149,43
2060,67.2437,121.33,1,3.84615e-05,104,6
2061,1.10899,-68.1725,1,3.84615e-05,178,21
2062,33.8096,95.1117,1,3.84615e-05,-1,-1
2063,-76.2037,-21.6808,1,3.84615e-05,107,1
2064,16.5527,100.848,1,3.84615e-05,139,16
2065,50.9479,129.902,1,3.84615e-05,163,29
2066,-20.9414,34.5709,1,3.84615e-05,-1,-1
2067,30.9555,82.7062,1,3.84615e-05,78,69
2068,9.99101,-3.54907,1,3.84615e-05,-1,-1
2069,62.0111,171.509,1,3.84615e-05,57,32
2070,-28.4189,125.496,1,3.84615e-05,-1,-1
2071,-73.2598,-63.8674,1,3.84615e-05,65,5
2072,-84.6369,-144.693,1,3.84615e-05,179,35
2073,28.6037,23.1249,1,3.84615e-05,171,56
2074,-80.1708,24.1767,1,3.84615e-05,1,22
2075,-23.008,-50.89,1,3.84615e-05,128,27
2076,11.8924,19.8964,1,3.84615e-05,158,92
2077,7.98718,7.228,1,3.84615e-05,169,44
2078,61.6059,14.1997,1,3.84615e-05,45,71
2079,5.22665,40.2295,1,3.84615e-05,180,6
2080,36.9816,41.7578,1,3.84615e-05,13,52
2081,-68.3589,81.9012,1,3.84615e-05,-1,-1
2082,-8.61495,-48.7486,1,3.84615e-05,133,26
2083,27.364,108.603,1,3.84615e-05,-1,-1
2084,-5.06596,-69.1147,1,3.84615e-05,59,19
2085,-23.4161,-56.4133,1,3.84615e-05,-1,-1
2086,52.5453,-76.0657,1,3.84615e-05,155,22
2087,29.2735,65.6376,1,3.84615e-05,164,60
2088,36.068,-82.7958,1,3.84615e-05,138,57
2089,78.203,-59.4001,1,3.84615e-05,44,23
2090,-9.1661,-47.4277,1,3.84615e-05,-1,-1
2091,29.1945,98.55,1,3.84615e-05,21,65
2092,40.2812,-120.701,1,3.84615e-05,51,18
2093,-81.8686,159.616,1,3.84615e-05,152,38
2094,-17.7207,-40.9962,1,3.84615e-05,108,29
2095,-4.84265,104.389,1,3.84615e-05,46,15
2096,-33.4174,-53.2146,1,3.84615e-05,157,10
2097,39.9579,106.098,1,3.84615e-05,30,97
2098,11.9882,122.428,1,3.84615e-05,172,27
2099,-37.5791,-64.8772,1,3.84615e-05,-1,-1
2100,54.8983,83.4517,1,3.84615e-05,163,70
2101,47.7296,32.4871,1,3.84615e-05,145,61
2102,59.4873,103.684,1,3.84615e-05,-1,-1
2103,66.8779,-122.151,1,3.84615e-05,16,6
2104,-75.2548,161.833,1,3.84615e-05,115,32
2105,66.88,178.841,1,3.84615e-05,160,1
2106,-34.0345,20.1128,1,3.84615e-05,-1,-1
2107,37.3457,-96.0932,1,3.84615e-05,43,44
2108,7.63359,-8.43481,1,3.84615e-05,101,81
2109,-43.89,146.553,1,3.84615e-05,7,56
2110,60.1386,153.433,1,3.84615e-05,119,24
2111,-15.5921,33.1891,1,3.84615e-05,35,94
2112,-78.9942,67.2215,1,3.84615e-05,-1,-1
2113,66.2556,20.7225,1,3.84615e-05,-1,-1
2114,30.0256,65.2593,1,3.84615e-05,139,1
2115,40.969,103.46,1,3.84615e-05,-1,-1
2116,-6.28658,-78.7441,1,3.84615e-05,85,64
2117,23.8825,48.2752,1,3.84615e-05,-1,-1
2118,73.2761,106.685,1,3.84615e-05,-1,-1
2119,-85.4477,82.2134,1,3.84615e-05,-1,-1
2120,-76.8458,-121.113,1,3.84615e-05,-1,-1
2121,-41.5608,172.687,1,3.84615e-05,80,47
2122,-15.6303,20.6904,1,3.84615e-05,177,44
2123,32.3205,98.6334,1,3.84615e-05,-1,-1
2124,20.7137,86.3182,1,3.84615e-05,11,4
2125,17.4099,8.09209,1,3.84615e-05,137,47
2126,45.3807,101.751,1,3.84615e-05,179,92
2127,75.9571,106.303,1,3.84615e-05,-1,-1
2128,60.1148,112.693,1,3.84615e-05,118,82
2129,-2.35217,-47.4723,1,3.84615e-05,122,71
2130,46.8962,-76.166,1,3.84615e-05,67,42
2131,51.698,-81.2624,1,3.84615e-05,-1,-1
2132,18.4331,-4.81557,1,3.84615e-05,175,43
2133,35.647,126.609,1,3.84615e-05,173,87
2134,20.6684,-101.178,1,3.84615e-05,88,15
2135,-75.9837,78.2396,1,3.84615e-05,-1,-1
2136,58.6572,129.4,1,3.84615e-05,-1,-1
2137,44.4893,-90.0375,1,3.84615e-05,64,42
2138,-69.9433,113.544,1,3.84615e-05,113,21
2139,30.6128,41.6166,1,3.84615e-05,155,93
2140,2.09018,17.8267,1,3.84615e-05,155,92
2141,47.129,55.5939,1,3.84615e-05,-1,-1
2142,40.0065,-90.0636,1,3.84615e-05,-1,-1
2143,36.0895,93.37,1,3.84615e-05,178,79
2144,53.3259,93.3242,1,3.84615e-05,-1,-1
2145,27.637,79.4361,1,3.84615e-05,52,0
2146,22.0514,88.8207,1,3.84615e-05,60,61
2147,9.98748,-74.1034,1,3.84615e-05,55,19
2148,41.972,123.032,1,3.84615e-05,177,13
2149,-34.0783,117.523,1,3.84615e-05,147,64
2150,-20.8261,20.8136,1,3.84615e-05,62,91
2151,0.166649,15.7343,1,3.84615e-05,165,91
2152,17.3264,45.7961,1,3.84615e-05,128,51
2153,-16.9081,17.6465,1,3.84615e-05,82,99
2154,25.7067,-13.4726,1,3.84615e-05,35,71
2155,-69.8207,83.0172,1,3.84615e-05,-1,-1
2156,-1.97015,17.0334,1,3.84615e-05,3,31
2157,39.7666,52.6557,1,3.84615e-05,180,7
2158,80.0764,-93.6343,1,3.84615e-05,90,28
2159,64.2571,-97.4293,1,3.84615e-05,-1,-1
2160,46.7121,53.6112,1,3.84615e-05,1,83
2161,33.6597,103.172,1,3.84615e-05,-1,-1
2162,48.8669,123.786,1,3.84615e-05,-1,-1
2163,48.0328,-57.4957,1,3.84615e-05,169,67
2164,71.1401,97.7971,1,3.84615e-05,5,76
2165,35.4275,-82.4262,1,3.84615e-05,77,53
2166,-34.9833,144.95,1,3.84615e-05,-1,-1
2167,23.5389,109.299,1,3.84615e-05,4,67
2168,3.1782,16.2677,1,3.84615e-05,2,31
2169,-9.85433,-61.4109,1,3.84615e-05,-1,-1
2170,-32.0229,135.729,1,3.84615e-05,-1,-1
2171,30.6942,46.3053,1,3.84615e-05,177,91
2172,42.6971,-85.5658,1,3.84615e-05,179,53
2173,-18.6086,139.152,1,3.84615e-05,128,76
2174,47.7397,-108.045,1,3.84615e-05,132,45
2175,-3.17007,-73.7408,1,3.84615e-05,87,16
2176,51.1369,5.28795,1,3.84615e-05,150,60
2177,66.2631,74.1754,1,3.84615e-05,169,9
2178,44.283,24.664,1,3.84615e-05,95,83
2179,26.5038,74.7048,1,3.84615e-05,136,63
2180,31.946,-7.92856,1,3.84615e-05,27,72
2181,41.7071,-73.677,1,3.84615e-05,177,20
2182,6.09921,7.83232,1,3.84615e-05,170,44
2183,46.0322,106.289,1,3.84615e-05,128,74
2184,-80.4759,-141.388,1,3.84615e-05,57,38
2185,22.4923,30.7389,1,3.84615e-05,2,82
2186,55.8672,131.792,1,3.84615e-05,175,28
2187,-84.5637,12.5074,1,3.84615e-05,24,31
2188,13.0263,20.945,1,3.84615e-05,179,90
2189,46.3346,4.36739,1,3.84615e-05,155,57
2190,65.9715,-175.789,1,3.84615e-05,180,9
2191,15.7506,3.16406,1,3.84615e-05,36,37
2192,60.4847,10.5298,1,3.84615e-05,62,33
2193,16.6255,48.3547,1,3.84615e-05,164,8
2194,-4.92895,-43.9203,1,3.84615e-05,93,74
2195,-19.2804,16.6909,1,3.84615e-05,71,90
2196,-33.6357,141.447,1,3.84615e-05,-1,-1
2197,19.1247,25.7588,1,3.84615e-05,-1,-1
2198,62.0499,13.2353,1,3.84615e-05,52,34
2199,41.5913,-85.7774,1,3.84615e-05,-1,-1
2200,37.1604,-95.6398,1,3.84615e-05,43,44
2201,33.946,-91.2243,1,3.84615e-05,3,48
2202,4.21502,40.4422,1,3.84615e-05,81,90
2203,77.0764,-50.3277,1,3.84615e-05,6,27
2204,-1.14317,-76.4592,1,3.84615e-05,96,15
2205,47.3146,-100.99,1,3.84615e-05,172,41
2206,9.20538,35.5667,1,3.84615e-05,121,96
2207,-0.707458,-68.8102,1,3.84615e-05,68,18
2208,-21.6049,144.826,1,3.84615e-05,81,71
2209,-32.7731,149.398,1,3.84615e-05,113,78
2210,-10.7307,-43.0826,1,3.84615e-05,-1,-1
2211,44.6056,64.6645,1,3.84615e-05,-1,-1
2212,50.1972,-81.3132,1,3.84615e-05,180,53
2213,8.86682,15.4876,1,3.84615e-05,176,90
2214,41.9197,82.0953,1,3.84615e-05,-1,-1
2215,21.1824,48.936,1,3.84615e-05,-1,-1
2216,15.2207,18.6874,1,3.84615e-05,-1,-1
2217,-28.5398,136.848,1,3.84615e-05,-1,-1
2218,34.1543,133.608,1,3.84615e-05,145,80
2219,70.0214,-30.1085,1,3.84615e-05,174,31
2220,5.22694,11.0968,1,3.84615e-05,-1,-1
2221,39.9551,-86.3613,1,3.84615e-05,5,48
2222,61.834,40.5013,1,3.84615e-05,-1,-1
2223,22.0406,-15.2091,1,3.84615e-05,163,85
2224,45.1982,45.2413,1,3.84615e-05,2,53
2225,63.4527,160.18,1,3.84615e-05,142,33
2226,-27.2928,-64.1043,1,3.84615e-05,154,10
2227,62.9555,81.1125,1,3.84615e-05,63,70
2228,36.5441,118.977,1,3.84615e-05,-1,-1
2229,11.6616,0.367569,1,3.84615e-05,-1,-1
2230,58.4741,140.576,1,3.84615e-05,24,82
2231,39.2587,20.8567,1,3.84615e-05,129,50
2232,37.1742,65.679,1,3.84615e-05,161,93
2233,-20.4619,142.339,1,3.84615e-05,119,77
2234,-13.7324,-56.5081,1,3.84615e-05,163,23
2235,-0.729279,-77.9897,1,3.84615e-05,97,63
2236,44.4678,41.4671,1,3.84615e-05,177,68
2237,32.9357,-82.7848,1,3.84615e-05,57,55
2238,-7.82579,13.2911,1,3.84615e-05,133,94
2239,80.1617,-70.3587,1,3.84615e-05,24,25
2240,-18.1308,22.6758,1,3.84615e-05,-1,-1
2241,31.5906,111.696,1,3.84615e-05,164,14
2242,53.8475,-66.2757,1,3.84615e-05,178,41
2243,-5.78088,18.3482,1,3.84615e-05,134,94
2244,-15.1675,25.6691,1,3.84615e-05,64,91
2245,51.606,-67.1032,1,3.84615e-05,-1,-1
2246,74.4728,-23.6691,1,3.84615e-05,172,31
2247,46.8907,-107.296,1,3.84615e-05,-1,-1
2248,62.2735,-143.438,1,3.84615e-05,114,6
2249,48.2646,50.1581,1,3.84615e-05,119,64
2250,-16.4612,-57.2785,1,3.84615e-05,-1,-1
2251,73.9836,-31.5694,1,3.84615e-05,173,31
2252,64.2478,137.931,1,3.84615e-05,180,39
2253,47.3808,37.651,1,3.84615e-05,176,68
2254,-0.739403,115.461,1,3.84615e-05,170,71
2255,52.7715,84.8105,1,3.84615e-05,154,71
2256,19.9491,-14.3881,1,3.84615e-05,172,84
2257,-84.6557,26.3593,1,3.84615e-05,-1,-1
2258,68.3481,-71.8417,1,3.84615e-05,113,26
2259,0.191139,25.9984,1,3.84615e-05,85,43
2260,-8.59584,36.5729,1,3.84615e-05,-1,-1
2261,65.3227,-22.3591,1,3.84615e-05,137,35
2262,-10.6951,27.5226,1,3.84615e-05,-1,-1
2263,55.4278,103.592,1,3.84615e-05,-1,-1
2264,-11.0614,-64.2923,1,3.84615e-05,91,16
2265,-2.33527,34.0146,1,3.84615e-05,96,42
2266,44.1677,123.482,1,3.84615e-05,-1,-1
2267,-85.3915,6.70239,1,3.84615e-05,-1,-1
2268,38.4287,-92.8256,1,3.84615e-05,33,45
2269,-20.7167,-60.0583,1,3.84615e-05,74,18
2270,15.1558,121.904,1,3.84615e-05,-1,-1
2271,-17.2098,35.2265,1,3.84615e-05,175,6
2272,51.5596,-108.622,1,3.84615e-05,-1,-1
2273,24.3262,10.815,1,3.84615e-05,96,41
2274,33.1367,67.8443,1,3.84615e-05,141,1
2275,43.471,99.8153,1,3.84615e-05,169,93
2276,45.6701,-85.0028,1,3.84615e-05,-1,-1
2277,46.7336,120.55,1,3.84615e-05,-1,-1
2278,5.44825,-59.7233,1,3.84615e-05,12,62
2279,1.13338,17.8143,1,3.84615e-05,156,92
2280,-22.0413,44.6438,1,3.84615e-05,92,43
2281,24.7371,69.7051,1,3.84615e-05,119,3
2282,62.2654,156.035,1,3.84615e-05,123,35
2283,-8.65512,-51.4218,1,3.84615e-05,143,25
2284,6.49025,-10.4136,1,3.84615e-05,95,31
2285,-2.04437,105.25,1,3.84615e-05,86,11
2286,-30.3473,29.8143,1,3.84615e-05,180,5
2287,45.5739,120.017,1,3.84615e-05,-1,-1
2288,28.8534,60.0892,1,3.84615e-05,158,9
2289,-78.4061,86.5531,1,3.84615e-05,148,27
2290,-9.23494,27.6587,1,3.84615e-05,-1,-1
2291,-9.7486,26.0306,1,3.84615e-05,-1,-1
2292,66.6012,-133.279,1,3.84615e-05,54,2
2293,5.30732,-58.2082,1,3.84615e-05,-1,-1
2294,40.9108,-95.682,1,3.84615e-05,177,53
2295,47.3054,69.4871,1,3.84615e-05,42,62
2296,46.5861,-94.5554,1,3.84615e-05,153,43
2297,-76.8797,38.4713,1,3.84615e-05,165,25
2298,40.3345,67.7494,1,3.84615e-05,172,92
2299,33.8782,61.1673,1,3.84615e-05,162,60
2300,74.6203,-50.5118,1,3.84615e-05,26,25
2301,47.3464,-1.74951,1,3.84615e-05,1,75
2302,60.1178,42.0224,1,3.84615e-05,-1,-1
2303,33.7134,64.1847,1,3.84615e-05,143,62
2304,-75.1629,20.0446,1,3.84615e-05,12,1
2305,30.5655,27.0007,1,3.84615e-05,112,52
2306,34.7414,64.3163,1,3.84615e-05,151,0
2307,-35.3508,-59.1081,1,3.84615e-05,169,23
2308,27.0113,90.4467,1,3.84615e-05,3,5
2309,64.0463,13.8737,1,3.84615e-05,154,70
2310,69.6498,84.3183,1,3.84615e-05,170,9
2311,71.0937,97.8958,1,3.84615e-05,5,76
2312,50.9315,60.0643,1,3.84615e-05,2,83
2313,49.4377,34.8848,1,3.84615e-05,175,68
2314,-33.5002,120.533,1,3.84615e-05,12,55
2315,26.2974,22.6252,1,3.84615e-05,51,87
2316,-77.544,-0.14917,1,3.84615e-05,95,22
2317,57.6844,54.3886,1,3.84615e-05,130,80
2318,49.0903,-86.4017,1,3.84615e-05,-1,-1
2319,15.5599,4.9801,1,3.84615e-05,85,83
2320,29.5716,77.3911,1,3.84615e-05,106,66
2321,12.7737,37.7664,1,3.84615e-05,168,57
2322,41.4161,110.217,1,3.84615e-05,139,73
2323,-20.3383,-66.7812,1,3.84615e-05,145,78
2324,-19.7426,28.35,1,3.84615e-05,-1,-1
2325,47.3226,-65.1025,1,3.84615e-05,169,42
2326,0.688965,-59.2782,1,3.84615e-05,150,24
2327,18.025,11.0664,1,3.84615e-05,38,88
2328,21.0889,4.43158,1,3.84615e-05,63,34
2329,-6.80719,14.6179,1,3.84615e-05,-1,-1
2330,42.3812,98.0439,1,3.84615e-05,9,99
2331,23.4313,58.0243,1,3.84615e-05,174,69
2332,-20.0545,126.31,1,3.84615e-05,36,65
2333,42.0705,-103.484,1,3.84615e-05,42,44
2334,-68.1737,135.429,1,3.84615e-05,37,29
2335,-77.5424,108.215,1,3.84615e-05,91,23
2336,23.1619,-3.94325,1,3.84615e-05,154,45
2337,-76.3308,118.434,1,3.84615e-05,54,27
2338,60.7985,6.76253,1,3.84615e-05,114,74
2339,-15.5645,13.7326,1,3.84615e-05,101,97
2340,-83.6629,96.2855,1,3.84615e-05,4,22
2341,20.2026,-1.54558,1,3.84615e-05,165,44
2342,32.8225,6.30453,1,3.84615e-05,100,82
2343,-27.2926,-69.394,1,3.84615e-05,172,18
2344,37.8223,111.81,1,3.84615e-05,101,77
2345,62.6977,-138.151,1,3.84615e-05,95,8
2346,-17.4062,145.419,1,3.84615e-05,69,72
2347,34.889,59.7322,1,3.84615e-05,170,8
2348,66.8544,58.3316,1,3.84615e-05,2,76
2349,-9.19445,20.564,1,3.84615e-05,-1,-1
2350,70.4174,-84.7539,1,3.84615e-05,111,26
2351,-21.023,-66.2491,1,3.84615e-05,164,76
2352,-29.5042,-65.2247,1,3.84615e-05,174,18
2353,76.9323,-23.6937,1,3.84615e-05,143,34
2354,52.786,91.246,1,3.84615e-05,175,79
2355,58.1092,96.7566,1,3.84615e-05,135,73
2356,-27.579,141.227,1,3.84615e-05,30,66
2357,-8.48321,38.6744,1,3.84615e-05,167,7
2358,46.1218,98.4473,1,3.84615e-05,-1,-1
2359,8.43618,20.6322,1,3.84615e-05,177,90
2360,57.5633,157.482,1,3.84615e-05,42,22
2361,34.9111,52.0784,1,3.84615e-05,-1,-1
2362,50.7158,-73.354,1,3.84615e-05,162,55
2363,11.7693,2.03796,1,3.84615e-05,178,43
2364,57.8756,41.0103,1,3.84615e-05,-1,-1
2365,9.06083,-62.5484,1,3.84615e-05,-1,-1
2366,56.498,75.8757,1,3.84615e-05,-1,-1
2367,-14.4929,31.3542,1,3.84615e-05,-1,-1
2368,-0.819832,36.1711,1,3.84615e-05,79,90
2369,0.712067,-60.9247,1,3.84615e-05,-1,-1
2370,67.4691,52.3451,1,3.84615e-05,139,72
2371,5.14368,5.83293,1,3.84615e-05,-1,-1
2372,-15.9251,142.274,1,3.84615e-05,108,78
2373,17.6354,-93.596,1,3.84615e-05,1,9
2374,63.3584,-97.983,1,3.84615e-05,-1,-1
2375,-72.1893,103.753,1,3.84615e-05,150,27
2376,62.6423,135.284,1,3.84615e-05,148,21
2377,29.688,40.7067,1,3.84615e-05,64,57
2378,17.3963,79.8956,1,3.84615e-05,59,9
2379,-12.8568,32.674,1,3.84615e-05,138,48
2380,-18.4052,25.566,1,3.84615e-05,-1,-1
2381,33.7481,1.46832,1,3.84615e-05,157,86
2382,-10.0941,38.8664,1,3.84615e-05,177,6
2383,63.8184,118.455,1,3.84615e-05,60,88
2384,35.2184,38.8356,1,3.84615e-05,43,59
2385,-23.4533,21.3449,1,3.84615e-05,42,93
2386,55.6133,-117.433,1,3.84615e-05,-1,-1
2387,-21.7543,33.4899,1,3.84615e-05,173,6
2388,70.7876,-37.7138,1,3.84615e-05,8,27
2389,42.8316,-119.156,1,3.84615e-05,21,11
2390,58.2546,88.8826,1,3.84615e-05,173,79
2391,69.0863,27.3724,1,3.84615e-05,68,79
2392,16.2167,28.0096,1,3.84615e-05,-1,-1
2393,64.3312,-96.0169,1,3.84615e-05,-1,-1
2394,13.6531,98.6075,1,3.84615e-05,168,13
2395,47.5147,54.7709,1,3.84615e-05,-1,-1
2396,30.7731,108.841,1,3.84615e-05,133,74
2397,71.2231,68.0609,1,3.84615e-05,101,76
2398,-27.459,133.624,1,3.84615e-05,-1,-1
2399,4.89067,34.9489,1,3.84615e-05,35,48
2400,-84.0793,163.222,1,3.84615e-05,113,32
2401,59.9286,-159.809,1,3.84615e-05,152,2
2402,51.2616,-3.07907,1,3.84615e-05,53,57
2403,-10.6343,23.8783,1,3.84615e-05,84,99
2404,68.3364,69.8139,1,3.84615e-05,82,78
2405,43.6026,117.218,1,3.84615e-05,-1,-1
2406,36.5601,52.5234,1,3.84615e-05,-1,-1
2407,33.5763,92.4085,1,3.84615e-05,16,98
2408,37.837,56.2326,1,3.84615e-05,-1,-1
2409,-80.8541,-85.936,1,3.84615e-05,-1,-1
2410,-6.41614,21.3866,1,3.84615e-05,155,46
2411,36.1928,79.9488,1,3.84615e-05,-1,-1
2412,-28.2526,142.241,1,3.84615e-05,102,79
2413,-1.78796,-65.1038,1,3.84615e-05,49,68
2414,-27.6336,24.1087,1,3.84615e-05,11,96
2415,28.1518,62.3304,1,3.84615e-05,-1,-1
2416,30.0774,30.4258,1,3.84615e-05,142,59
2417,58.0339,7.88696,1,3.84615e-05,52,60
2418,35.208,44.9057,1,3.84615e-05,169,69
2419,2.91214,-75.0145,1,3.84615e-05,86,16
2420,45.7104,134.555,1,3.84615e-05,150,16
2421,48.8407,112.505,1,3.84615e-05,-1,-1
2422,46.3619,68.8366,1,3.84615e-05,-1,-1
2423,4.51857,-55.7666,1,3.84615e-05,23,61
2424,17.5498,-9.22673,1,3.84615e-05,174,43
2425,16.2691,25.9408,1,3.84615e-05,10,81
2426,-3.50099,12.6755,1,3.84615e-05,-1,-1
2427,53.1734,-128.175,1,3.84615e-05,88,9
2428,71.7566,-123.227,1,3.84615e-05,-1,-1
2429,-10.6894,-72.2583,1,3.84615e-05,46,68
2430,22.3317,23.2735,1,3.84615e-05,19,49
2431,-4.50121,103.163,1,3.84615e-05,55,14
2432,32.9028,-99.2406,1,3.84615e-05,174,53
2433,22.8309,-7.35205,1,3.84615e-05,163,44
2434,25.5307,81.9706,1,3.84615e-05,69,60
2435,74.9867,-34.8412,1,3.84615e-05,-1,-1
2436,67.0951,-177.632,1,3.84615e-05,-1,-1
2437,52.398,79.6608,1,3.84615e-05,-1,-1
2438,15.0244,8.99176,1,3.84615e-05,46,87
2439,68.3954,123.488,1,3.84615e-05,105,6
2440,4.49806,115.789,1,3.84615e-05,30,17
2441,47.7352,-112.917,1,3.84615e-05,160,42
2442,-24.1871,-47.1807,1,3.84615e-05,138,26
2443,39.2745,111.82,1,3.84615e-05,1,90
2444,38.9284,89.1053,1,3.84615e-05,27,64
2445,16.1309,22.1567,1,3.84615e-05,19,80
2446,40.3546,34.6562,1,3.84615e-05,72,56
2447,2.15282,29.4411,1,3.84615e-05,118,96
2448,-0.0771484,-57.6775,1,3.84615e-05,160,23
2449,57.5801,-71.3366,1,3.84615e-05,163,21
2450,-30.7232,146.583,1,3.84615e-05,112,78
2451,-19.2921,145.708,1,3.84615e-05,100,79
2452,33.3178,74.4289,1,3.84615e-05,95,67
2453,44.4393,-86.3358,1,3.84615e-05,168,54
2454,25.2444,114.172,1,3.84615e-05,143,16
2455,-17.2743,27.1097,1,3.84615e-05,-1,-1
2456,3.8038,-64.8929,1,3.84615e-05,168,22
2457,1.46155,117.037,1,3.84615e-05,50,15
2458,80.9296,-80.8843,1,3.84615e-05,52,22
2459,34.6069,92.6013,1,3.84615e-05,26,97
2460,38.1551,-116.52,1,3.84615e-05,138,44
2461,65.4566,-166.31,1,3.84615e-05,1,38
2462,41.6921,51.5609,1,3.84615e-05,179,91
2463,21.8432,-101.133,1,3.84615e-05,107,13
2464,27.8752,97.0806,1,3.84615e-05,31,64
2465,-17.893,29.1609,1,3.84615e-05,-1,-1
2466,31.9257,5.88828,1,3.84615e-05,44,46
2467,6.17648,116.083,1,3.84615e-05,178,70
2468,63.2261,-103.723,1,3.84615e-05,-1,-1
2469,-80.0686,-23.9725,1,3.84615e-05,137,39
2470,43.5619,74.2517,1,3.84615e-05,-1,-1
2471,20.9007,-102.068,1,3.84615e-05,131,57
2472,5.19181,29.751,1,3.84615e-05,129,95
2473,18.4407,-71.1763,1,3.84615e-05,132,60
2474,14.1657,108.059,1,3.84615e-05,176,70
2475,49.1796,23.4416,1,3.84615e-05,-1,-1
2476,15.9618,12.8396,1,3.84615e-05,119,49
2477,-4.2725,15.5092,1,3.84615e-05,13,30
2478,-7.1501,-75.2563,1,3.84615e-05,47,68
2479,3.15576,24.1343,1,3.84615e-05,-1,-1
2480,-0.0858154,-70.0851,1,3.84615e-05,39,69
2481,19.2464,110.689,1,3.84615e-05,-1,-1
2482,33.8633,80.3271,1,3.84615e-05,76,69
2483,-7.60921,28.1591,1,3.84615e-05,126,49
2484,68.1512,66.0727,1,3.84615e-05,-1,-1
2485,-9.37695,21.1375,1,3.84615e-05,-1,-1
2486,39.009,115.743,1,3.84615e-05,-1,-1
2487,-80.3169,-136.599,1,3.84615e-05,37,30
2488,42.9567,52.1294,1,3.84615e-05,90,67
2489,60.0365,-95.931,1,3.84615e-05,-1,-1
2490,23.3338,42.4231,1,3.84615e-05,144,94
2491,-1.16123,-75.5359,1,3.84615e-05,88,64
2492,-67.4514,124.387,1,3.84615e-05,65,26
2493,-16.8045,-53.7217,1,3.84615e-05,155,24
2494,21.6708,-3.00699,1,3.84615e-05,155,45
2495,30.1331,120.277,1,3.84615e-05,155,15
2496,-88.0534,-74.6427,1,3.84615e-05,158,37
2497,-2.18876,110.81,1,3.84615e-05,58,14
2498,-24.9148,-58.7869,1,3.84615e-05,-1,-1
2499,-73.3193,14.8094,1,3.84615e-05,47,27
2500,-21.2163,31.3576,1,3.84615e-05,170,45
2501,3.1275,-59.8954,1,3.84615e-05,-1,-1
2502,69.1922,123.029,1,3.84615e-05,134,3
2503,30.6317,-87.026,1,3.84615e-05,19,12
2504,-14.9326,-58.5626,1,3.84615e-05,-1,-1
2505,54.2988,118.658,1,3.84615e-05,49,72
2506,15.87,-4.96136,1,3.84615e-05,156,45
2507,18.8382,22.5448,1,3.84615e-05,1,82
2508,51.3799,-67.216,1,3.84615e-05,-1,-1
2509,72.3621,99.2342,1,3.84615e-05,142,2
2510,-28.0006,137.735,1,3.84615e-05,-1,-1
2511,17.9537,28.416,1,3.84615e-05,21,49
2512,-26.5294,139.619,1,3.84615e-05,140,75
2513,-76.5433,145.78,1,3.84615e-05,-1,-1
2514,46.5557,137.196,1,3.84615e-05,13,76
2515,67.3368,153.087,1,3.84615e-05,144,33
2516,-71.1376,86.3513,1,3.84615e-05,120,20
2517,12.9839,10.1026,1,3.84615e-05,139,47
2518,68.3319,91.0202,1,3.84615e-05,122,4
2519,43.8104,79.7611,1,3.84615e-05,-1,-1
2520,-21.2816,-55.2661,1,3.84615e-05,165,23
2521,61.8461,9.71288,1,3.84615e-05,124,73
2522,-30.0555,-58.2005,1,3.84615e-05,158,24
2523,78.2661,-67.5387,1,3.84615e-05,43,23
2524,-73.2894,-2.40347,1,3.84615e-05,37,28
2525,5.01338,39.7367,1,3.84615e-05,180,6
2526,37.9862,57.8699,1,3.84615e-05,-1,-1
2527,21.0934,-99.1188,1,3.84615e-05,82,52
2528,37.9524,-121.245,1,3.84615e-05,127,45
2529,49.8059,116.32,1,3.84615e-05,-1,-1
2530,-9.18305,-63.6757,1,3.84615e-05,18,61
2531,63.8827,-116.435,1,3.84615e-05,7,7
2532,32.4422,131.15,1,3.84615e-05,128,18
2533,-25.625,149.553,1,3.84615e-05,62,73
2534,13.894,10.9705,1,3.84615e-05,-1,-1
2535,38.571,-80.528,1,3.84615e-05,149,56
2536,-42.908,-67.6933,1,3.84615e-05,101,95
2537,33.4754,-108.903,1,3.84615e-05,173,53
2538,-18.0402,125.713,1,3.84615e-05,-1,-1
2539,66.2501,-102.931,1,3.84615e-05,-1,-1
2540,66.2134,49.6743,1,3.84615e-05,148,71
2541,23.6808,112.625,1,3.84615e-05,153,15
2542,47.7572,37.1251,1,3.84615e-05,-1,-1
2543,-75.9217,65.7881,1,3.84615e-05,138,28
2544,40.5211,-75.1372,1,3.84615e-05,-1,-1
2545,52.7176,-66.9923,1,3.84615e-05,168,42
2546,-24.5354,129.383,1,3.84615e-05,-1,-1
2547,56.3898,162.594,1,3.84615e-05,61,20
2548,-7.18153,15.026,1,3.84615e-05,3,81
2549,16.3191,38.3896,1,3.84615e-05,157,58
2550,40.3125,61.319,1,3.84615e-05,122,64
2551,66.851,-141.848,1,3.84615e-05,84,9
2552,-14.3631,134.366,1,3.84615e-05,16,67
2553,71.3605,-50.1547,1,3.84615e-05,7,27
2554,52.5467,130.889,1,3.84615e-05,-1,-1
2555,53.616,-90.8232,1,3.84615e-05,175,41
2556,27.6654,119.933,1,3.84615e-05,-1,-1
2557,69.4158,-30.7902,1,3.84615e-05,-1,-1
2558,8.05946,-66.6469,1,3.84615e-05,167,22
2559,-15.9977,30.1581,1,3.84615e-05,-1,-1
2560,42.6691,46.8938,1,3.84615e-05,178,68
2561,-4.91253,24.3202,1,3.84615e-05,-1,-1
2562,-67.7742,101.762,1,3.84615e-05,-1,-1
2563,-37.2867,149.762,1,3.84615e-05,157,49
2564,43.5614,75.1727,1,3.84615e-05,124,3
2565,66.2399,-128.293,1,3.84615e-05,36,4
2566,-25.6451,132.571,1,3.84615e-05,-1,-1
2567,46.9555,-112.547,1,3.84615e-05,151,43
2568,42.5677,43.4081,1,3.84615e-05,23,51
2569,58.4399,109.14,1,3.84615e-05,-1,-1
2570,18.2754,79.2988,1,3.84615e-05,69,8
2571,22.6902,33.8236,1,3.84615e-05,155,58
2572,15.1252,120.497,1,3.84615e-05,-1,-1
2573,36.77,47.0276,1,3.84615e-05,178,91
2574,13.5534,2.91829,1,3.84615e-05,94,82
2575,-76.8937,-111.277,1,3.84615e-05,-1,-1
2576,60.4467,152.906,1,3.84615e-05,119,24
2577,42.5876,61.0549,1,3.84615e-05,153,0
2578,4.35068,34.9038,1,3.84615e-05,35,48
2579,6.17259,-62.4878,1,3.84615e-05,22,61
2580,54.019,37.1248,1,3.84615e-05,137,89
2581,6.01683,11.8373,1,3.84615e-05,166,91
2582,28.2912,81.8388,1,3.84615e-05,97,67
2583,-1.15451,23.1041,1,3.84615e-05,126,95
2584,64.9916,142.709,1,3.84615e-05,177,28
2585,49.151,16.5949,1,3.84615e-05,27,37
2586,42.7294,102.367,1,3.84615e-05,158,71
2587,46.0551,76.3289,1,3.84615e-05,-1,-1
2588,31.8815,-104.643,1,3.84615e-05,10,47
2589,-8.40864,38.8663,1,3.84615e-05,167,7
2590,71.7521,-106.542,1,3.84615e-05,158,21
2591,63.2781,63.758,1,3.84615e-05,-1,-1
2592,24.1272,7.80551,1,3.84615e-05,76,43
2593,-78.526,68.6675,1,3.84615e-05,-1,-1
2594,13.3195,5.70276,1,3.84615e-05,158,45
2595,32.595,36.3717,1,3.84615e-05,103,53
2596,56.9452,-104.215,1,3.84615e-05,-1,-1
2597,60.4027,-110.358,1,3.84615e-05,-1,-1
2598,7.07516,20.2225,1,3.84615e-05,7,81
2599,24.1696,4.32356,1,3.84615e-05,106,40
2600,-27.7325,148.898,1,3.84615e-05,175,37
2601,-12.6428,-75.7237,1,3.84615e-05,55,67
2602,16.089,8.82722,1,3.84615e-05,108,40
2603,65.2815,110.881,1,3.84615e-05,103,6
2604,39.7809,-85.9971,1,3.84615e-05,5,48
2605,-71.2584,20.3855,1,3.84615e-05,92,3
2606,-35.5186,142.505,1,3.84615e-05,-1,-1
2607,-15.4621,-68.5608,1,3.84615e-05,176,75
2608,-34.0288,149.639,1,3.84615e-05,174,37
2609,35.5091,117.106,1,3.84615e-05,165,14
2610,9.85664,-64.4088,1,3.84615e-05,-1,-1
2611,32.318,83.0445,1,3.84615e-05,77,69
2612,39.7975,43.9144,1,3.84615e-05,158,60
2613,-8.73388,34.9792,1,3.84615e-05,78,44
2614,21.3044,-2.00856,1,3.84615e-05,-1,-1
2615,58.3184,-71.744,1,3.84615e-05,-1,-1
2616,-80.7109,-95.8437,1,3.84615e-05,-1,-1
2617,65.1867,152.125,1,3.84615e-05,149,21
2618,50.4255,95.7625,1,3.84615e-05,-1,-1
2619,35.961,62.6836,1,3.84615e-05,-1,-1
2620,-76.9541,-17.3837,1,3.84615e-05,39,8
2621,43.2486,74.728,1,3.84615e-05,124,3
2622,-34.1344,-69.4275,1,3.84615e-05,-1,-1
2623,-21.3346,133.259,1,3.84615e-05,158,73
2624,-77.4082,-108.543,1,3.84615e-05,-1,-1
2625,2.81783,-69.8862,1,3.84615e-05,69,66
2626,-82.5355,122.363,1,3.84615e-05,-1,-1
2627,-28.621,-57.5172,1,3.84615e-05,135,12
2628,-69.347,56.5277,1,3.84615e-05,6,2
2629,23.1302,10.0766,1,3.84615e-05,107,40
2630,-29.0128,-50.4831,1,3.84615e-05,67,19
2631,35.0543,115.317,1,3.84615e-05,103,77
2632,13.5566,79.4945,1,3.84615e-05,5,54
2633,-68.0351,120.605,1,3.84615e-05,84,24
2634,22.7057,97.7482,1,3.84615e-05,-1,-1
2635,-73.8272,-95.3005,1,3.84615e-05,171,4
2636,42.2127,112.764,1,3.84615e-05,-1,-1
2637,70.6452,-84.727,1,3.84615e-05,111,26
2638,24.2608,94.3411,1,3.84615e-05,61,61
2639,-3.0075,-55.1076,1,3.84615e-05,1,63
2640,54.1696,-104.736,1,3.84615e-05,-1,-1
2641,-82.7327,154.263,1,3.84615e-05,132,30
2642,22.8066,-7.22769,1,3.84615e-05,163,44
2643,41.3277,112.848,1,3.84615e-05,-1,-1
2644,55.5965,72.9634,1,3.84615e-05,-1,-1
2645,48.6934,103.612,1,3.84615e-05,-1,-1
2646,-19.5372,16.8235,1,3.84615e-05,71,90
2647,53.0685,117.292,1,3.84615e-05,-1,-1
2648,40.4599,66.8251,1,3.84615e-05,-1,-1
2649,76.2538,-41.6582,1,3.84615e-05,-1,-1
2650,25.047,-0.807922,1,3.84615e-05,144,46
2651,38.9613,89.4201,1,3.84615e-05,27,64
2652,67.012,54.0746,1,3.84615e-05,80,78
2653,-7.88874,-49.7791,1,3.84615e-05,13,14
2654,49.554,112.935,1,3.84615e-05,-1,-1
2655,-79.4332,28.2303,1,3.84615e-05,88,23
2656,-16.6332,38.4606,1,3.84615e-05,130,49
2657,-24.8408,28.1861,1,3.84615e-05,-1,-1
2658,66.4284,-35.5666,1,3.84615e-05,-1,-1
2659,0.579514,42.7437,1,3.84615e-05,-1,-1
2660,25.8839,82.3413,1,3.84615e-05,69,60
2661,35.6726,103.053,1,3.84615e-05,-1,-1
2662,-11.7094,35.5873,1,3.84615e-05,-1,-1
2663,46.5506,-100.772,1,3.84615e-05,173,41
2664,53.7231,139.486,1,3.84615e-05,146,21
2665,43.1114,142.162,1,3.84615e-05,114,24
2666,63.6665,-70.7248,1,3.84615e-05,152,22
2667,11.9795,-12.7885,1,3.84615e-05,2,74
2668,28.8221,38.1321,1,3.84615e-05,114,52
2669,62.8496,106.798,1,3.84615e-05,107,83
2670,-71.3205,-66.4342,1,3.84615e-05,163,5
2671,-21.6112,-52.8352,1,3.84615e-05,156,24
2672,58.7115,110.848,1,3.84615e-05,-1,-1
2673,21.9139,-104.818,1,3.84615e-05,136,10
2674,-15.5081,-55.7782,1,3.84615e-05,-1,-1
2675,14.7232,-10.2829,1,3.84615e-05,112,39
2676,52.0342,-9.5145,1,3.84615e-05,9,49
2677,-17.5681,145.205,1,3.84615e-05,69,72
2678,56.6997,30.041,1,3.84615e-05,-1,-1
2679,-75.9329,101.736,1,3.84615e-05,139,28
2680,-71.5433,88.2261,1,3.84615e-05,120,20
2681,-13.2823,-47.4668,1,3.84615e-05,106,29
2682,63.8305,-85.0675,1,3.84615e-05,151,22
2683,15.7333,32.0112,1,3.84615e-05,156,58
2684,56.9996,55.1067,1,3.84615e-05,110,82
2685,47.7348,114.454,1,3.84615e-05,-1,-1
2686,63.1731,-18.7838,1,3.84615e-05,151,70
2687,62.3888,13.1548,1,3.84615e-05,52,34
2688,21.3551,34.4177,1,3.84615e-05,1,41
2689,-19.2669,135.684,1,3.84615e-05,138,75
2690,70.1748,-70.4716,1,3.84615e-05,83,29
2691,-69.2505,95.7667,1,3.84615e-05,-1,-1
2692,-84.4455,96.8987,1,3.84615e-05,-1,-1
2693,10.3354,20.6554,1,3.84615e-05,18,80
2694,-13.8852,-57.5758,1,3.84615e-05,-1,-1
2695,52.252,40.5477,1,3.84615e-05,106,65
2696,-20.882,-43.4684,1,3.84615e-05,118,28
2697,32.7233,38.1964,1,3.84615e-05,-1,-1
2698,20.4033,97.324,1,3.84615e-05,169,13
2699,44.5713,-87.5233,1,3.84615e-05,-1,-1
2700,-1.94328,17.2404,1,3.84615e-05,3,31
2701,62.8578,149.167,1,3.84615e-05,152,32
2702,32.2984,43.1642,1,3.84615e-05,84,55
2703,42.2134,13.5813,1,3.84615e-05,128,50
2704,22.2246,100.358,1,3.84615e-05,42,63
2705,63.8222,63.7522,1,3.84615e-05,-1,-1
2706,48.9315,19.3768,1,3.84615e-05,67,56
2707,43.8721,100.308,1,3.84615e-05,169,93
2708,-5.17911,-65.61,1,3.84615e-05,-1,-1
2709,69.539,-45.7292,1,3.84615e-05,18,26
2710,34.0515,46.4415,1,3.84615e-05,54,58
2711,44.3066,-85.4943,1,3.84615e-05,55,43
2712,-3.8382,-59.3128,1,3.84615e-05,10,62
2713,33.1458,111.634,1,3.84615e-05,-1,-1
2714,49.9428,52.8732,1,3.84615e-05,89,67
2715,-70.9524,18.3399,1,3.84615e-05,22,0
2716,56.0259,105.269,1,3.84615e-05,128,81
2717,-33.105,-71.0854,1,3.84615e-05,173,18
2718,10.0841,-85.8204,1,3.84615e-05,137,69
2719,19.3568,-5.34807,1,3.84615e-05,102,30
2720,29.9626,-105.354,1,3.84615e-05,65,17
2721,41.365,19.4213,1,3.84615e-05,118,51
2722,76.3492,104.077,1,3.84615e-05,-1,-1
2723,-29.7937,146.161,1,3.84615e-05,93,70
2724,14.4744,-7.87071,1,3.84615e-05,142,87
2725,18.4923,-12.2879,1,3.84615e-05,13,73
2726,46.3075,-81.2423,1,3.84615e-05,160,55
2727,57.0996,80.1976,1,3.84615e-05,-1,-1
2728,46.2685,-111.602,1,3.84615e-05,-1,-1
2729,-0.80925,21.3131,1,3.84615e-05,143,47
2730,19.4476,94.7336,1,3.84615e-05,2,5
2731,34.1498,2.8246,1,3.84615e-05,177,55
2732,32.177,131.732,1,3.84615e-05,128,18
2733,45.4571,-105.752,1,3.84615e-05,171,41
2734,24.0195,-98.4933,1,3.84615e-05,58,18
2735,23.5183,-101.854,1,3.84615e-05,142,56
2736,-80.024,104.07,1,3.84615e-05,72,25
2737,-74.3774,79.6967,1,3.84615e-05,-1,-1
2738,-16.1981,23.0945,1,3.84615e-05,-1,-1
2739,62.2711,21.0289,1,3.84615e-05,76,78
2740,11.8711,105.766,1,3.84615e-05,55,62
2741,22.8619,83.5219,1,3.84615e-05,109,66
2742,23.5985,2.09769,1,3.84615e-05,126,89
2743,-20.656,-69.897,1,3.84615e-05,174,75
2744,34.1695,76.7629,1,3.84615e-05,102,5
2745,26.8378,0.808746,1,3.84615e-05,81,32
2746,32.1558,-110.235,1,3.84615e-05,104,13
2747,-9.08866,22.9092,1,3.84615e-05,-1,-1
2748,45.83,134.34,1,3.84615e-05,150,16
2749,38.1947,-80.3009,1,3.84615e-05,89,52
2750,1.42826,13.1086,1,3.84615e-05,164,91
2751,-5.02374,145.19,1,3.84615e-05,76,71
2752,52.2619,-126.085,1,3.84615e-05,78,0
2753,36.8885,91.7757,1,3.84615e-05,46,95
2754,-8.57993,30.2789,1,3.84615e-05,-1,-1
2755,58.7184,-113.238,1,3.84615e-05,-1,-1
2756,16.4356,48.9658,1,3.84615e-05,165,8
2757,-73.696,-100.187,1,3.84615e-05,-1,-1
2758,19.0315,-155.154,1,3.84615e-05,43,98
2759,34.0459,108.231,1,3.84615e-05,-1,-1
2760,36.2342,58.6453,1,3.84615e-05,-1,-1
2761,44.0856,-104.866,1,3.84615e-05,141,44
2762,-21.4557,26.2433,1,3.84615e-05,-1,-1
2763,-6.95925,30.1545,1,3.84615e-05,46,93
2764,-78.1829,100.109,1,3.84615e-05,129,29
2765,16.5421,75.4618,1,3.84615e-05,158,61
2766,4.55043,45.5645,1,3.84615e-05,-1,-1
2767,47.6079,-88.2516,1,3.84615e-05,-1,-1
2768,12.8476,37.6906,1,3.84615e-05,168,57
2769,62.7456,-42.4461,1,3.84615e-05,29,25
2770,38.3152,-1.62215,1,3.84615e-05,176,55
2771,15.5464,36.7661,1,3.84615e-05,-1,-1
2772,-79.8385,123.651,1,3.84615e-05,5,22
2773,1.0202,-70.4236,1,3.84615e-05,58,19
2774,-17.6409,-55.1384,1,3.84615e-05,-1,-1
2775,-84.1562,113.178,1,3.84615e-05,-1,-1
2776,-70.6315,38.6512,1,3.84615e-05,54,7
2777,-12.8311,14.1128,1,3.84615e-05,122,95
2778,-19.2401,-58.4223,1,3.84615e-05,136,79
2779,-6.6772,-59.5621,1,3.84615e-05,51,10
2780,69.1191,-116.953,1,3.84615e-05,-1,-1
2781,-37.108,145.995,1,3.84615e-05,166,48
2782,24.0932,88.454,1,3.84615e-05,50,62
2783,48.4555,97.4364,1,3.84615e-05,-1,-1
2784,55.7008,-120.222,1,3.84615e-05,48,3
2785,8.98334,125.125,1,3.84615e-05,3,10
2786,1.15663,-62.2662,1,3.84615e-05,-1,-1
2787,0.995964,-71.2263,1,3.84615e-05,78,65
2788,-72.0726,96.7495,1,3.84615e-05,-1,-1
2789,31.9232,42.9863,1,3.84615e-05,84,55
2790,5.33618,45.5954,1,3.84615e-05,17,40
2791,68.6911,71.0213,1,3.84615e-05,82,78
2792,2.20959,22.6748,1,3.84615e-05,-1,-1
2793,38.9627,69.5289,1,3.84615e-05,162,93
2794,27.8358,24.3621,1,3.84615e-05,18,49
2795,-28.7381,143.188,1,3.84615e-05,102,79
2796,24.847,67.7474,1,3.84615e-05,165,60
2797,44.6264,-93.4272,1,3.84615e-05,103,48
2798,16.1251,-7.22902,1,3.84615e-05,114,80
2799,65.2155,-145.394,1,3.84615e-05,113,6
2800,58.5337,7.77057,1,3.84615e-05,52,60
2801,16.2506,18.7845,1,3.84615e-05,-1,-1
2802,-72.4554,29.5388,1,3.84615e-05,42,8
2803,-6.16743,-35.4921,1,3.84615e-05,34,70
2804,-75.6088,53.9173,1,3.84615e-05,-1,-1
2805,-75.3228,127.478,1,3.84615e-05,35,29
2806,-80.7023,102.959,1,3.84615e-05,62,26
2807,78.9493,-40.356,1,3.84615e-05,-1,-1
2808,-27.5234,-56.6614,1,3.84615e-05,-1,-1
2809,30.4544,42.8616,1,3.84615e-05,85,55
2810,39.8866,55.0029,1,3.84615e-05,-1,-1
2811,-29.647,-58.7105,1,3.84615e-05,105,15
2812,49.6884,-76.4285,1,3.84615e-05,177,41
2813,20.9836,41.9743,1,3.84615e-05,136,50
2814,-37.7216,-71.9437,1,3.84615e-05,131,79
2815,-20.4698,-49.0726,1,3.84615e-05,146,25
2816,49.971,37.4318,1,3.84615e-05,57,60
2817,0.150291,22.5062,1,3.84615e-05,136,94
2818,10.0724,31.4096,1,3.84615e-05,140,94
2819,35.0785,62.6804,1,3.84615e-05,-1,-1
2820,-3.80074,-74.0869,1,3.84615e-05,77,65
2821,-76.3362,84.006,1,3.84615e-05,-1,-1
2822,67.3732,-155.463,1,3.84615e-05,72,0
2823,27.4155,114.787,1,3.84615e-05,163,14
2824,-67.3094,88.1002,1,3.84615e-05,-1,-1
2825,53.7739,50.3595,1,3.84615e-05,68,69
2826,66.0694,126.423,1,3.84615e-05,45,2
2827,-24.8807,-65.8873,1,3.84615e-05,153,10
2828,72.0477,111.98,1,3.84615e-05,94,7
2829,48.6027,-102.15,1,3.84615e-05,143,44
2830,7.57648,-74.8818,1,3.84615e-05,65,18
2831,52.8315,-114.24,1,3.84615e-05,-1,-1
2832,70.1145,90.2276,1,3.84615e-05,151,1
2833,8.66293,30.7224,1,3.84615e-05,-1,-1
2834,58.9007,-4.84987,1,3.84615e-05,129,62
2835,67.3509,165.695,1,3.84615e-05,125,35
2836,-20.0133,144.502,1,3.84615e-05,110,78
2837,-16.817,-42.585,1,3.84615e-05,117,28
2838,-33.0957,147.306,1,3.84615e-05,94,70
2839,30.2186,83.1749,1,3.84615e-05,87,68
2840,75.5549,-48.6902,1,3.84615e-05,16,26
2841,22.4993,57.2067,1,3.84615e-05,-1,-1
2842,20.6037,-12.0072,1,3.84615e-05,-1,-1
2843,51.7156,-100.926,1,3.84615e-05,163,42
2844,68.1329,84.7352,1,3.84615e-05,131,3
2845,67.863,90.1416,1,3.84615e-05,122,4
2846,33.7024,3.89427,1,3.84615e-05,-1,-1
2847,36.2487,-113.057,1,3.84615e-05,93,14
2848,-26.6509,128.789,1,3.84615e-05,-1,-1
2849,31.305,48.1255,1,3.84615e-05,127,96
2850,46.0646,88.6285,1,3.84615e-05,-1,-1
2851,44.2566,-101.35,1,3.84615e-05,142,44
2852,46.4493,123.646,1,3.84615e-05,-1,-1
2853,50.7522,79.6156,1,3.84615e-05,174,79
2854,80.4965,-19.5141,1,3.84615e-05,152,33
2855,59.6909,138.296,1,3.84615e-05,-1,-1
2856,38.4464,71.8214,1,3.84615e-05,143,95
2857,5.57317,-68.9337,1,3.84615e-05,17,13
2858,1.90458,100.081,1,3.84615e-05,106,67
2859,-13.3201,29.1076,1,3.84615e-05,-1,-1
2860,71.3396,-51.1303,1,3.84615e-05,7,27
2861,51.0908,65.9975,1,3.84615e-05,-1,-1
2862,58.594,43.1975,1,3.84615e-05,99,83
2863,56.007,104.812,1,3.84615e-05,128,81
2864,61.1079,94.4898,1,3.84615e-05,135,80
2865,-43.8195,-70.872,1,3.84615e-05,100,95
2866,65.3915,153.867,1,3.84615e-05,162,31
2867,71.2451,-122.896,1,3.84615e-05,-1,-1
2868,-24.0191,117.124,1,3.84615e-05,85,60
2869,27.9084,69.0054,1,3.84615e-05,155,61
2870,-42.2868,171.043,1,3.84615e-05,19,78
2871,-17.7825,46.4881,1,3.84615e-05,156,8
2872,17.2262,-93.213,1,3.84615e-05,1,9
2873,11.656,8.90633,1,3.84615e-05,149,46
2874,34.0764,-6.21771,1,3.84615e-05,176,84
2875,-67.5269,109.136,1,3.84615e-05,-1,-1
2876,64.4916,74.1141,1,3.84615e-05,-1,-1
2877,58.0165,59.4538,1,3.84615e-05,121,81
2878,60.2927,77.9641,1,3.84615e-05,-1,-1
2879,61.8465,117.911,1,3.84615e-05,89,85
2880,41.1113,-107.677,1,3.84615e-05,120,46
2881,-85.7639,-26.1825,1,3.84615e-05,72,36
2882,42.3896,106.414,1,3.84615e-05,149,72
2883,3.52699,-65.8537,1,3.84615e-05,40,69
2884,-22.4368,-51.3635,1,3.84615e-05,147,25
2885,46.8225,-71.9687,1,3.84615e-05,-1,-1
2886,5.24867,-6.4182,1,3.84615e-05,91,82
2887,25.6853,117.716,1,3.84615e-05,-1,-1
2888,21.2365,80.5947,1,3.84615e-05,128,64
2889,27.7815,72.0594,1,3.84615e-05,135,63
2890,61.1139,64.7727,1,3.84615e-05,-1,-1
2891,67.4503,134.39,1,3.84615e-05,-1,-1
2892,42.3801,51.5798,1,3.84615e-05,149,61
2893,-79.5763,-82.907,1,3.84615e-05,-1,-1
2894,19.0622,-5.10951,1,3.84615e-05,102,30
2895,67.4163,-43.1006,1,3.84615e-05,28,25
2896,55.2464,88.6224,1,3.84615e-05,60,0
2897,43.7103,59.1062,1,3.84615e-05,-1,-1
2898,22.6001,46.2946,1,3.84615e-05,97,54
2899,56.4994,37.7632,1,3.84615e-05,27,63
2900,35.4764,60.7551,1,3.84615e-05,-1,-1
2901,10.8071,-5.08817,1,3.84615e-05,75,33
2902,53.3867,-120.747,1,3.84615e-05,-1,-1
2903,34.5822,112.268,1,3.84615e-05,-1,-1
2904,-2.29903,10.2309,1,3.84615e-05,163,91
2905,20.7259,98.3569,1,3.84615e-05,52,62
2906,50.2164,21.8042,1,3.84615e-05,143,61
2907,-22.5221,-69.6796,1,3.84615e-05,4,62
2908,-68.1987,-66.7966,1,3.84615e-05,103,1
2909,3.82092,34.8993,1,3.84615e-05,100,98
2910,26.6261,60.7681,1,3.84615e-05,-1,-1
2911,-19.7186,-58.0747,1,3.84615e-05,136,79
2912,67.8721,140.45,1,3.84615e-05,153,32
2913,12.0886,-4.86497,1,3.84615e-05,176,43
2914,33.7458,-93.5451,1,3.84615e-05,155,55
2915,51.0586,44.0429,1,3.84615e-05,117,64
2916,-30.991,133.482,1,3.84615e-05,-1,-1
2917,-28.9259,125.599,1,3.84615e-05,-1,-1
2918,4.92612,-76.3034,1,3.84615e-05,99,63
2919,1.70609,-62.7718,1,3.84615e-05,-1,-1
2920,-14.9624,25.5523,1,3.84615e-05,64,91
2921,-33.2552,123.535,1,3.84615e-05,2,56
2922,1.54141,109.27,1,3.84615e-05,68,61
2923,47.9003,105.701,1,3.84615e-05,98,77
2924,27.4767,74.6258,1,3.84615e-05,126,64
2925,-22.0902,-61.9853,1,3.84615e-05,-1,-1
2926,55.3717,-96.0779,1,3.84615e-05,174,41
2927,19.4827,-99.0184,1,3.84615e-05,102,50
2928,66.3657,156.887,1,3.84615e-05,82,28
2929,-37.7193,-72.3883,1,3.84615e-05,131,79
2930,42.813,61.2369,1,3.84615e-05,153,0
2931,3.16444,-67.207,1,3.84615e-05,-1,-1
2932,-39.4763,-72.9364,1,3.84615e-05,10,94
2933,-5.99475,142.235,1,3.84615e-05,96,79
2934,54.0864,107.421,1,3.84615e-05,1,6
2935,-79.3111,-142.042,1,3.84615e-05,47,39
2936,47.4893,102.423,1,3.84615e-05,148,72
2937,14.4175,26.6554,1,3.84615e-05,-1,-1
2938,-15.0883,128.696,1,3.84615e-05,-1,-1
2939,66.3619,-173.612,1,3.84615e-05,141,3
2940,12.0338,33.6972,1,3.84615e-05,-1,-1
2941,-9.94588,124.617,1,3.84615e-05,14,67
2942,24.7195,21.7221,1,3.84615e-05,58,45
2943,36.3952,-121.104,1,3.84615e-05,121,11
2944,45.4381,126.17,1,3.84615e-05,22,75
2945,20.9809,23.6257,1,3.84615e-05,-1,-1
2946,42.9759,-76.2737,1,3.84615e-05,176,20
2947,16.7186,-6.35808,1,3.84615e-05,-1,-1
2948,-13.9692,-49.9201,1,3.84615e-05,135,26
2949,52.2416,-59.7358,1,3.84615e-05,1,49
2950,57.3389,87.4007,1,3.84615e-05,174,86
2951,73.4018,-53.8699,1,3.84615e-05,36,24
2952,66.0268,115.688,1,3.84615e-05,1,84
2953,-3.06884,29.6827,1,3.84615e-05,-1,-1
2954,33.3249,-96.5924,1,3.84615e-05,2,48
2955,25.3074,-7.74602,1,3.84615e-05,173,43
2956,61.8483,-161.719,1,3.84615e-05,122,5
2957,-1.75325,113.661,1,3.84615e-05,48,15
2958,24.5074,-8.12796,1,3.84615e-05,-1,-1
2959,-29.7532,-64.5571,1,3.84615e-05,-1,-1
2960,30.9682,109.244,1,3.84615e-05,133,74
2961,46.1624,18.7705,1,3.84615e-05,27,50
2962,-10.6541,36.6605,1,3.84615e-05,176,6
2963,-23.7327,118.609,1,3.84615e-05,105,68
2964,32.8209,-101.886,1,3.84615e-05,144,56
2965,-75.8893,160.78,1,3.84615e-05,144,39
2966,10.3331,27.4833,1,3.84615e-05,159,92
2967,50.9541,-73.8789,1,3.84615e-05,162,55
2968,5.52312,101.572,1,3.84615e-05,97,10
2969,47.2984,136.7,1,3.84615e-05,3,77
2970,60.6776,134.823,1,3.84615e-05,147,21
2971,-71.7896,18.1726,1,3.84615e-05,28,29
2972,67.6609,-93.7713,1,3.84615e-05,169,20
2973,17.5703,120.334,1,3.84615e-05,154,29
2974,-22.8175,116.053,1,3.84615e-05,84,60
2975,40.6857,-122.285,1,3.84615e-05,90,14
2976,44.3057,-100.315,1,3.84615e-05,93,49
2977,13.1937,12.7429,1,3.84615e-05,57,86
2978,43.6551,80.8867,1,3.84615e-05,-1,-1
2979,-23.2335,147.261,1,3.84615e-05,101,79
2980,50.6864,13.7283,1,3.84615e-05,162,69
2981,33.6196,43.965,1,3.84615e-05,-1,-1
2982,-22.0891,120.92,1,3.84615e-05,-1,-1
2983,20.1344,-77.2236,1,3.84615e-05,32,11
2984,47.3464,63.3969,1,3.84615e-05,71,69
2985,-86.2423,161.03,1,3.84615e-05,151,38
2986,44.2236,90.2015,1,3.84615e-05,-1,-1
2987,65.2246,171.222,1,3.84615e-05,73,29
2988,36.7855,-116.106,1,3.84615e-05,119,46
2989,-20.5704,118.508,1,3.84615e-05,-1,-1
2990,27.2002,98.1394,1,3.84615e-05,2,67
2991,63.7076,-45.5671,1,3.84615e-05,38,24
2992,8.91522,2.04779,1,3.84615e-05,-1,-1
2993,36.6873,76.2196,1,3.84615e-05,114,98
2994,0.295517,115.044,1,3.84615e-05,19,18
2995,-4.70146,-53.3321,1,3.84615e-05,141,79
2996,26.6808,67.7863,1,3.84615e-05,129,2
2997,-14.2095,134.608,1,3.84615e-05,16,67
2998,-67.1204,120.448,1,3.84615e-05,94,23
2999,-71.4156,106.905,1,3.84615e-05,131,29
3000,-71.871,41.3236,1,3.84615e-05,24,0
3001,-18.6324,-62.3886,1,3.84615e-05,-1,-1
3002,53.0108,79.0939,1,3.84615e-05,88,7
3003,29.8245,-5.01651,1,3.84615e-05,7,74
3004,47.616,71.5638,1,3.84615e-05,33,63
3005,68.0267,85.4618,1,3.84615e-05,131,3
3006,-14.661,-54.2312,1,3.84615e-05,154,24
3007,36.1145,-95.8256,1,3.84615e-05,-1,-1
3008,-18.7428,-41.7764,1,3.84615e-05,179,82
3009,64.9115,-85.4842,1,3.84615e-05,160,21
3010,31.6666,101.428,1,3.84615e-05,11,66
3011,-3.25912,-72.4285,1,3.84615e-05,38,69
3012,9.31134,-2.85593,1,3.84615e-05,102,81
3013,58.1067,28.3418,1,3.84615e-05,146,88
3014,42.4626,86.8824,1,3.84615e-05,-1,-1
3015,33.6878,64.7177,1,3.84615e-05,143,62
3016,-1.13577,13.6397,1,3.84615e-05,172,44
3017,-25.8146,142.701,1,3.84615e-05,39,20
3018,-2.15337,-45.4784,1,3.84615e-05,113,28
3019,42.0139,-79.1976,1,3.84615e-05,170,54
3020,-76.1322,25.2118,1,3.84615e-05,2,2
3021,67.3836,-156.493,1,3.84615e-05,72,0
3022,-71.9421,37.0239,1,3.84615e-05,43,8
3023,27.4472,14.149,1,3.84615e-05,170,56
3024,-30.6399,131.478,1,3.84615e-05,94,24
3025,-31.5173,-61.5763,1,3.84615e-05,-1,-1
3026,-25.5186,17.6917,1,3.84615e-05,40,93
3027,18.6237,11.8275,1,3.84615e-05,7,30
3028,34.1909,54.7013,1,3.84615e-05,-1,-1
3029,32.8013,113.195,1,3.84615e-05,154,15
3030,-28.3643,-55.5351,1,3.84615e-05,-1,-1
3031,45.019,43.642,1,3.84615e-05,168,69
3032,42.253,52.3991,1,3.84615e-05,90,67
3033,-3.9861,119.444,1,3.84615e-05,-1,-1
3034,67.6276,-34.5034,1,3.84615e-05,-1,-1
3035,46.9643,54.025,1,3.84615e-05,-1,-1
3036,42.2135,-119.402,1,3.84615e-05,179,40
3037,12.1252,14.8862,1,3.84615e-05,120,49
3038,30.1992,20.9462,1,3.84615e-05,131,50
3039,-83.5672,-135.712,1,3.84615e-05,160,37
3040,47.5029,-105.394,1,3.84615e-05,-1,-1
3041,5.33997,36.9146,1,3.84615e-05,55,46
3042,56.7794,-3.24321,1,3.84615e-05,62,79
3043,7.0123,38.3522,1,3.84615e-05,15,40
3044,-17.9161,14.5239,1,3.84615e-05,91,98
3045,61.2657,26.5493,1,3.84615e-05,-1,-1
3046,10.7585,105.75,1,3.84615e-05,-1,-1
3047,62.0034,50.1833,1,3.84615e-05,139,89
3048,-33.7057,120.287,1,3.84615e-05,12,55
3049,16.3131,8.57745,1,3.84615e-05,108,40
3050,19.301,80.834,1,3.84615e-05,-1,-1
3051,1.35306,39.5812,1,3.84615e-05,-1,-1
3052,-20.5993,-52.9075,1,3.84615e-05,-1,-1
3053,41.0827,76.2142,1,3.84615e-05,15,65
3054,15.0005,12.7406,1,3.84615e-05,129,48
3055,-85.6009,162.686,1,3.84615e-05,170,36
3056,49.8359,64.1754,1,3.84615e-05,155,0
3057,36.4945,45.7604,1,3.84615e-05,-1,-1
3058,55.686,-103.498,1,3.84615e-05,-1,-1
3059,68.9817,-50.0962,1,3.84615e-05,37,24
3060,-3.22692,103.452,1,3.84615e-05,56,14
3061,-25.8731,117.451,1,3.84615e-05,153,28
3062,32.7824,-5.34142,1,3.84615e-05,132,47
3063,59.8713,133.944,1,3.84615e-05,-1,-1
3064,61.7627,97.4456,1,3.84615e-05,146,89
3065,36.8219,65.0534,1,3.84615e-05,152,0
3066,33.6715,101.665,1,3.84615e-05,1,67
3067,-1.71126,-46.728,1,3.84615e-05,122,27
3068,-79.5719,-10.9957,1,3.84615e-05,42,39
3069,4.0067,40.633,1,3.84615e-05,81,90
3070,10.2767,4.02039,1,3.84615e-05,168,44
3071,38.9637,95.3835,1,3.84615e-05,36,2
3072,25.9976,78.0942,1,3.84615e-05,117,65
3073,-20.0557,128.752,1,3.84615e-05,-1,-1
3074,61.5635,-143.59,1,3.84615e-05,124,5
3075,45.7011,-112.306,1,3.84615e-05,131,45
3076,19.3813,54.1574,1,3.84615e-05,166,8
3077,21.2163,25.2101,1,3.84615e-05,174,56
3078,-24.529,146.956,1,3.84615e-05,111,78
3079,-23.3893,117.546,1,3.84615e-05,144,29
3080,48.4074,29.7178,1,3.84615e-05,116,81
3081,-84.6458,-75.4059,1,3.84615e-05,139,39
3082,11.6893,122.8,1,3.84615e-05,33,17
3083,44.1277,-103.806,1,3.84615e-05,-1,-1
3084,64.8705,-109.845,1,3.84615e-05,-1,-1
3085,2.85278,98.8742,1,3.84615e-05,96,10
3086,0.368614,-75.1777,1,3.84615e-05,57,19
3087,33.2217,118.804,1,3.84615e-05,135,17
3088,31.9256,14.0794,1,3.84615e-05,-1,-1
3089,-85.3106,-52.1111,1,3.84615e-05,111,32
3090,30.857,10.6255,1,3.84615e-05,13,39
3091,54.1823,75.224,1,3.84615e-05,-1,-1
3092,-77.5391,-80.7822,1,3.84615e-05,-1,-1
3093,15.9635,26.3867,1,3.84615e-05,10,81
3094,-12.6241,29.5635,1,3.84615e-05,-1,-1
3095,19.5029,42.9006,1,3.84615e-05,124,96
3096,22.4246,23.5995,1,3.84615e-05,19,49
3097,58.9988,8.04094,1,3.84615e-05,83,77
3098,51.8496,136.537,1,3.84615e-05,164,29
3099,-68.6147,99.3281,1,3.84615e-05,179,24
3100,69.5075,159.934,1,3.84615e-05,167,0
3101,20.7998,53.0025,1,3.84615e-05,-1,-1
3102,-22.206,29.8308,1,3.84615e-05,-1,-1
3103,-11.0941,39.8242,1,3.84615e-05,-1,-1
3104,15.298,32.847,1,3.84615e-05,146,59
3105,18.6181,-13.2682,1,3.84615e-05,13,73
3106,29.2247,116.981,1,3.84615e-05,-1,-1
3107,55.3184,-118.69,1,3.84615e-05,-1,-1
3108,61.2926,-119.11,1,3.84615e-05,27,5
3109,32.2409,41.6547,1,3.84615e-05,166,92
3110,40.872,109.997,1,3.84615e-05,10,99
3111,-71.5649,-7.6136,1,3.84615e-05,36,28
3112,14.0956,-85.4406,1,3.84615e-05,139,69
3113,30.5099,-92.9623,1,3.84615e-05,8,13
3114,52.2076,38.0272,1,3.84615e-05,116,64
3115,53.9584,89.5034,1,3.84615e-05,50,1
3116,-9.60519,-58.5171,1,3.84615e-05,-1,-1
3117,-3.20612,-39.7325,1,3.84615e-05,94,20
3118,60.0357,-126.438,1,3.84615e-05,57,2
3119,72.2181,96.569,1,3.84615e-05,-1,-1
3120,39.2223,92.4957,1,3.84615e-05,-1,-1
3121,-14.9389,-44.0588,1,3.84615e-05,-1,-1
3122,-34.9848,116.449,1,3.84615e-05,160,27
3123,30.8558,-108.901,1,3.84615e-05,-1,-1
3124,14.1457,-2.1299,1,3.84615e-05,113,80
3125,-1.37622,29.5015,1,3.84615e-05,105,41
3126,-0.683273,17.9955,1,3.84615e-05,5,81
3127,5.14867,23.9167,1,3.84615e-05,147,93
3128,7.47877,-5.33232,1,3.84615e-05,111,80
3129,37.4737,57.5417,1,3.84615e-05,-1,-1
3130,56.5024,130.707,1,3.84615e-05,4,84
3131,-21.8207,115.285,1,3.84615e-05,-1,-1
3132,52.2473,98.788,1,3.84615e-05,156,71
3133,63.4665,61.143,1,3.84615e-05,170,79
3134,-0.632233,34.095,1,3.84615e-05,88,99
3135,61.5137,14.8394,1,3.84615e-05,45,71
3136,42.6816,80.5792,1,3.84615e-05,-1,-1
3137,7.49008,15.6764,1,3.84615e-05,157,92
3138,-13.6664,13.6083,1,3.84615e-05,16,30
3139,54.1819,40.422,1,3.84615e-05,118,81
3140,-27.5496,29.9132,1,3.84615e-05,-1,-1
3141,-15.3284,39.304,1,3.84615e-05,165,7
3142,-12.3911,-74.1338,1,3.84615e-05,99,15
3143,64.6341,-145.757,1,3.84615e-05,113,6
3144,-78.5872,117.767,1,3.84615e-05,53,27
3145,37.0356,93.7085,1,3.84615e-05,35,2
3146,36.116,-96.8999,1,3.84615e-05,-1,-1
3147,67.3259,54.7935,1,3.84615e-05,80,78
3148,-37.2172,-61.1089,1,3.84615e-05,166,19
3149,41.187,-106.462,1,3.84615e-05,61,42
3150,24.1776,-106.321,1,3.84615e-05,161,54
3151,40.752,55.3703,1,3.84615e-05,170,92
3152,34.6708,89.2938,1,3.84615e-05,48,62
3153,64.8006,116.184,1,3.84615e-05,74,9
3154,40.1332,106.576,1,3.84615e-05,30,97
3155,19.8653,-0.796646,1,3.84615e-05,-1,-1
3156,65.99,74.2401,1,3.84615e-05,169,9
3157,45.0504,128.607,1,3.84615e-05,4,90
3158,14.1169,74.3826,1,3.84615e-05,67,8
3159,-29.5855,-51.165,1,3.84615e-05,175,82
3160,48.3302,-80.2756,1,3.84615e-05,176,41
3161,65.715,-149.673,1,3.84615e-05,123,5
3162,30.083,7.59679,1,3.84615e-05,118,80
3163,26.4889,11.5041,1,3.84615e-05,89,83
3164,66.8754,141.979,1,3.84615e-05,163,31
3165,-2.35635,113.583,1,3.84615e-05,-1,-1
3166,-18.1781,-69.866,1,3.84615e-05,141,11
3167,62.3082,69.4274,1,3.84615e-05,-1,-1
3168,59.4403,162.731,1,3.84615e-05,24,24
3169,41.0202,23.649,1,3.84615e-05,59,57
3170,-5.03195,-51.3942,1,3.84615e-05,132,26
3171,46.0441,78.7993,1,3.84615e-05,155,94
3172,-76.9643,78.3881,1,3.84615e-05,-1,-1
3173,19.0423,20.0848,1,3.84615e-05,80,43
3174,13.2501,105.205,1,3.84615e-05,-1,-1
3175,30.2151,-85.6795,1,3.84615e-05,106,50
3176,56.7345,36.9981,1,3.84615e-05,37,62
3177,-29.2785,136.475,1,3.84615e-05,-1,-1
3178,16.0238,21.7045,1,3.84615e-05,19,80
3179,-28.7505,140.182,1,3.84615e-05,141,75
3180,20.4489,-75.0909,1,3.84615e-05,141,69
3181,37.1229,91.9761,1,3.84615e-05,46,95
3182,36.5817,74.7984,1,3.84615e-05,123,97
3183,-1.88284,9.28835,1,3.84615e-05,153,92
3184,54.3529,-106.28,1,3.84615e-05,-1,-1
3185,26.8596,-3.01826,1,3.84615e-05,123,48
3186,-17.0401,-55.7642,1,3.84615e-05,-1,-1
3187,-70.5017,78.5729,1,3.84615e-05,-1,-1
3188,-2.89552,24.2634,1,3.84615e-05,135,48
3189,54.1914,29.9564,1,3.84615e-05,175,85
3190,-3.15968,134.153,1,3.84615e-05,114,77
3191,20.3873,101.398,1,3.84615e-05,-1,-1
3192,-27.8906,131.623,1,3.84615e-05,-1,-1
3193,50.6923,74.729,1,3.84615e-05,145,1
3194,22.8127,30.6844,1,3.84615e-05,2,82
3195,59.9003,77.9462,1,3.84615e-05,25,81
3196,0.16478,39.5079,1,3.84615e-05,-1,-1
3197,26.9473,88.4029,1,3.84615e-05,42,1
3198,-85.5392,-144.579,1,3.84615e-05,141,39
3199,-1.11836,114.128,1,3.84615e-05,-1,-1
3200,-26.1528,147.068,1,3.84615e-05,20,22
3201,6.99943,48.974,1,3.84615e-05,152,9
3202,36.3094,139.422,1,3.84615e-05,168,94
3203,-82.3885,25.025,1,3.84615e-05,174,24
3204,-17.4688,143.364,1,3.84615e-05,109,78
3205,-16.5559,15.8915,1,3.84615e-05,7,31
3206,-76.6308,95.4915,1,3.84615e-05,-1,-1
3207,60.6481,-143.434,1,3.84615e-05,115,6
3208,70.9673,-109.353,1,3.84615e-05,177,29
3209,11.9964,-69.909,1,3.84615e-05,71,66
3210,-73.4099,-7.20956,1,3.84615e-05,56,26
3211,-12.6497,-65.1142,1,3.84615e-05,177,75
3212,-4.3654,-59.3736,1,3.84615e-05,170,22
3213,44.193,117.387,1,3.84615e-05,-1,-1
3214,18.796,99.2478,1,3.84615e-05,179,12
3215,18.2124,-97.4809,1,3.84615e-05,61,54
3216,71.7048,125.317,1,3.84615e-05,-1,-1
3217,-18.447,143.062,1,3.84615e-05,89,70
3218,38.6554,-86.9041,1,3.84615e-05,-1,-1
3219,55.1314,-70.1052,1,3.84615e-05,-1,-1
3220,36.6583,115.473,1,3.84615e-05,175,13
3221,33.7348,-116.808,1,3.84615e-05,98,48
3222,52.3551,-109.08,1,3.84615e-05,-1,-1
3223,-20.3568,143.53,1,3.84615e-05,-1,-1
3224,26.9262,94.1844,1,3.84615e-05,51,62
3225,24.8944,70.6284,1,3.84615e-05,146,62
3226,-81.6429,-92.2414,1,3.84615e-05,-1,-1
3227,-69.1739,135.862,1,3.84615e-05,18,21
3228,34.7787,94.2593,1,3.84615e-05,29,64
3229,-22.7485,126.098,1,3.84615e-05,157,73
3230,-2.79329,-58.9077,1,3.84615e-05,-1,-1
3231,-35.8044,-58.5239,1,3.84615e-05,176,18
3232,-3.73775,31.1138,1,3.84615e-05,-1,-1
3233,18.9811,21.0845,1,3.84615e-05,-1,-1
3234,35.1866,68.9281,1,3.84615e-05,-1,-1
3235,-4.69749,-54.5451,1,3.84615e-05,151,24
3236,-1.83163,39.4023,1,3.84615e-05,179,6
3237,40.4203,111.476,1,3.84615e-05,21,98
3238,-29.5129,23.1061,1,3.84615e-05,1,97
3239,41.623,-89.2479,1,3.84615e-05,148,56
3240,3.8191,19.5842,1,3.84615e-05,-1,-1
3241,26.2402,-7.45572,1,3.84615e-05,90,31
3242,-32.9522,-61.8049,1,3.84615e-05,-1,-1
3243,54.3629,91.4561,1,3.84615e-05,175,86
3244,40.1572,44.748,1,3.84615e-05,159,60
3245,28.2057,-108.431,1,3.84615e-05,75,16
3246,33.721,118.779,1,3.84615e-05,135,17
3247,-73.6167,139.292,1,3.84615e-05,-1,-1
3248,38.6883,104.331,1,3.84615e-05,-1,-1
3249,-9.43853,-37.3477,1,3.84615e-05,87,21
3250,-78.9206,8.26709,1,3.84615e-05,52,38
3251,4.1013,29.6953,1,3.84615e-05,119,96
3252,37.6504,121.363,1,3.84615e-05,-1,-1
3253,63.7722,135.795,1,3.84615e-05,158,20
3254,66.928,122.675,1,3.84615e-05,75,9
3255,53.251,71.7403,1,3.84615e-05,-1,-1
3256,-17.379,139.868,1,3.84615e-05,118,77
3257,33.9276,-96.1844,1,3.84615e-05,175,53
3258,23.1865,30.0504,1,3.84615e-05,30,48
3259,-9.57925,23.4637,1,3.84615e-05,-1,-1
3260,-19.9276,-41.9969,1,3.84615e-05,-1,-1
3261,39.9187,117.683,1,3.84615e-05,-1,-1
3262,52.3131,44.9173,1,3.84615e-05,89,84
3263,-11.7217,-56.2098,1,3.84615e-05,23,13
3264,-3.40568,35.872,1,3.84615e-05,58,92
3265,-67.2264,126.471,1,3.84615e-05,66,26
3266,34.161,119.247,1,3.84615e-05,-1,-1
3267,-69.7485,41.8765,1,3.84615e-05,53,7
3268,32.4704,45.4532,1,3.84615e-05,-1,-1
3269,68.3605,-46.6565,1,3.84615e-05,47,23
3270,22.2459,44.0111,1,3.84615e-05,116,52
3271,-28.7342,-67.0827,1,3.84615e-05,163,19
3272,76.7986,-79.3653,1,3.84615e-05,110,26
3273,-9.8381,-46.4653,1,3.84615e-05,4,15
3274,39.5278,45.6964,1,3.84615e-05,-1,-1
3275,-6.62624,-38.0208,1,3.84615e-05,-1,-1
3276,33.302,69.1728,1,3.84615e-05,131,2
3277,45.2441,-82.9115,1,3.84615e-05,66,42
3278,34.6543,84.1568,1,3.84615e-05,-1,-1
3279,14.9922,33.5553,1,3.84615e-05,42,47
3280,25.0358,10.562,1,3.84615e-05,97,41
3281,-70.4969,50.0676,1,3.84615e-05,15,1
3282,26.8039,-0.894577,1,3.84615e-05,146,87
3283,37.8582,80.9801,1,3.84615e-05,95,90
3284,46.773,100.479,1,3.84615e-05,-1,-1
3285,29.9729,54.4443,1,3.84615e-05,178,7
3286,66.0279,36.9932,1,3.84615e-05,177,78
3287,-34.0826,-63.007,1,3.84615e-05,-1,-1
3288,71.4666,55.6203,1,3.84615e-05,-1,-1
3289,31.4929,-116.365,1,3.84615e-05,47,43
3290,30.7558,55.501,1,3.84615e-05,-1,-1
3291,40.1835,-116.45,1,3.84615e-05,81,15
3292,-37.6654,-67.861,1,3.84615e-05,140,78
3293,44.248,-77.3041,1,3.84615e-05,-1,-1
3294,37.9833,34.4339,1,3.84615e-05,82,55
3295,36.8353,9.88887,1,3.84615e-05,49,35
3296,-23.2143,-63.7026,1,3.84615e-05,-1,-1
3297,-32.4026,-60.6438,1,3.84615e-05,-1,-1
3298,-23.8053,-59.6999,1,3.84615e-05,166,23
3299,72.4417,103.103,1,3.84615e-05,-1,-1
3300,10.3826,-74.9776,1,3.84615e-05,120,61
3301,28.6589,47.4892,1,3.84615e-05,-1,-1
3302,28.5676,85.9117,1,3.84615e-05,79,69
3303,35.2373,-83.7947,1,3.84615e-05,128,58
3304,44.4844,110.029,1,3.84615e-05,-1,-1
3305,0.976334,27.8147,1,3.84615e-05,-1,-1
3306,64.3176,-110.17,1,3.84615e-05,-1,-1
3307,30.1204,99.8213,1,3.84615e-05,-1,-1
3308,76.8076,-57.2541,1,3.84615e-05,34,24
3309,-5.61105,-48.752,1,3.84615e-05,121,71
3310,67.5842,37.1354,1,3.84615e-05,59,70
3311,43.1587,94.322,1,3.84615e-05,-1,-1
3312,-73.6519,-65.3346,1,3.84615e-05,65,5
3313,-23.9597,118.511,1,3.84615e-05,105,68
3314,-10.6801,-70.3862,1,3.84615e-05,109,14
3315,-24.7657,-48.3635,1,3.84615e-05,-1,-1
3316,66.4216,-146.15,1,3.84615e-05,103,7
3317,-21.4537,-56.6493,1,3.84615e-05,-1,-1
3318,62.642,-134.319,1,3.84615e-05,75,0
3319,50.795,35.4022,1,3.84615e-05,156,60
3320,54.5833,70.1407,1,3.84615e-05,4,83
3321,42.3441,-3.40904,1,3.84615e-05,-1,-1
3322,-77.7271,20.6353,1,3.84615e-05,164,25
3323,37.1986,-84.2222,1,3.84615e-05,-1,-1
3324,-76.2163,146.259,1,3.84615e-05,-1,-1
3325,-5.65656,104.651,1,3.84615e-05,79,60
3326,1.23008,13.2226,1,3.84615e-05,164,91
3327,-3.71919,-59.6228,1,3.84615e-05,10,62
3328,-71.4866,86.86,1,3.84615e-05,120,20
3329,46.4491,-79.5289,1,3.84615e-05,-1,-1
3330,47.5489,23.8962,1,3.84615e-05,-1,-1
3331,46.7949,50.3235,1,3.84615e-05,138,62
3332,29.0266,59.8945,1,3.84615e-05,158,9
3333,36.4276,102.182,1,3.84615e-05,-1,-1
3334,68.9342,-71.4839,1,3.84615e-05,74,20
3335,36.0428,-81.4213,1,3.84615e-05,68,54
3336,27.3858,85.5263,1,3.84615e-05,88,68
3337,-4.51603,33.1124,1,3.84615e-05,107,41
3338,-33.3565,139.689,1,3.84615e-05,-1,-1
3339,7.40191,0.879181,1,3.84615e-05,76,33
3340,40.4852,100.196,1,3.84615e-05,18,4
3341,0.546692,117.612,1,3.84615e-05,179,26
3342,24.8258,28.4748,1,3.84615e-05,172,91
3343,36.6536,-89.1337,1,3.84615e-05,-1,-1
3344,29.2122,86.3838,1,3.84615e-05,59,61
3345,-8.8657,-70.42,1,3.84615e-05,90,16
3346,0.466003,29.0891,1,3.84615e-05,108,97
3347,-68.307,84.6432,1,3.84615e-05,-1,-1
3348,32.4683,97.3087,1,3.84615e-05,-1,-1
3349,-32.5229,-61.5274,1,3.84615e-05,178,22
3350,-16.1113,145.746,1,3.84615e-05,99,79
3351,51.154,-83.2118,1,3.84615e-05,56,43
3352,-76.751,-98.3309,1,3.84615e-05,-1,-1
3353,60.0447,94.6122,1,3.84615e-05,136,80
3354,-76.1809,99.7226,1,3.84615e-05,130,29
3355,-80.8035,-22.8808,1,3.84615e-05,175,35
3356,13.6189,7.11426,1,3.84615e-05,148,46
3357,5.60465,34.401,1,3.84615e-05,110,97
3358,67.3018,66.6393,1,3.84615e-05,-1,-1
3359,-18.5793,-49.0726,1,3.84615e-05,56,10
3360,16.4154,51.6089,1,3.84615e-05,175,7
3361,-5.01457,32.9397,1,3.84615e-05,107,41
3362,37.2492,-101.699,1,3.84615e-05,165,54
3363,60.4266,151.435,1,3.84615e-05,160,31
3364,26.6337,-12.3275,1,3.84615e-05,172,43
3365,15.9695,2.75456,1,3.84615e-05,64,34
3366,20.4547,8.7229,1,3.84615e-05,-1,-1
3367,69.7082,151.477,1,3.84615e-05,-1,-1
3368,-12.9657,-54.3377,1,3.84615e-05,153,24
3369,6.21843,20.7722,1,3.84615e-05,167,91
3370,-78.5144,-101.915,1,3.84615e-05,-1,-1
3371,43.6061,-85.4807,1,3.84615e-05,-1,-1
3372,13.5909,41.4728,1,3.84615e-05,113,97
3373,-6.8715,-47.0383,1,3.84615e-05,-1,-1
3374,-27.4571,-61.6629,1,3.84615e-05,145,11
3375,35.245,91.9915,1,3.84615e-05,28,64
3376,43.5673,22.1071,1,3.84615e-05,1,30
3377,-15.7326,-63.6912,1,3.84615e-05,-1,-1
3378,-73.5771,73.9111,1,3.84615e-05,-1,-1
3379,-23.7874,145.036,1,3.84615e-05,-1,-1
3380,17.3064,-0.993515,1,3.84615e-05,-1,-1
3381,0.346245,41.8804,1,3.84615e-05,-1,-1
3382,-15.3448,-71.6768,1,3.84615e-05,-1,-1
3383,53.2677,123.268,1,3.84615e-05,-1,-1
3384,40.4983,86.2042,1,3.84615e-05,96,90
3385,-28.4593,26.1541,1,3.84615e-05,2,97
3386,35.8785,-77.5647,1,3.84615e-05,99,51
3387,47.5789,67.2226,1,3.84615e-05,-1,-1
3388,-32.8705,-61.0411,1,3.84615e-05,178,22
3389,-12.5664,131.829,1,3.84615e-05,145,74
3390,16.4028,12.0324,1,3.84615e-05,47,87
3391,69.6189,-141.359,1,3.84615e-05,73,0
3392,27.9118,-81.5217,1,3.84615e-05,1,14
3393,-28.254,146.001,1,3.84615e-05,121,77
3394,24.5733,-111.209,1,3.84615e-05,7,47
3395,61.5312,135.406,1,3.84615e-05,-1,-1
3396,-69.6888,146.327,1,3.84615e-05,-1,-1
3397,25.9861,38.8283,1,3.84615e-05,-1,-1
3398,-77.8441,17.2356,1,3.84615e-05,173,24
3399,44.5337,80.765,1,3.84615e-05,115,4
3400,16.3814,6.63766,1,3.84615e-05,147,46
3401,32.3732,-82.1005,1,3.84615e-05,98,51
3402,60.7243,-123.198,1,3.84615e-05,37,4
3403,15.836,-16.8757,1,3.84615e-05,22,72
3404,36.2545,-115.019,1,3.84615e-05,112,12
3405,-67.0504,125.557,1,3.84615e-05,66,26
3406,37.2362,128.845,1,3.84615e-05,-1,-1
3407,53.6859,107.302,1,3.84615e-05,1,6
3408,7.88934,-80.9142,1,3.84615e-05,2,50
3409,-70.3123,135.196,1,3.84615e-05,27,20
3410,-24.7054,45.1768,1,3.84615e-05,153,8
3411,-21.3861,-64.7552,1,3.84615e-05,135,79
3412,-9.18301,-63.9147,1,3.84615e-05,18,61
3413,14.5774,13.6446,1,3.84615e-05,28,89
3414,18.5081,-69.9034,1,3.84615e-05,122,61
3415,58.243,27.4798,1,3.84615e-05,146,88
3416,15.3813,100.317,1,3.84615e-05,-1,-1
3417,-1.56364,30.4962,1,3.84615e-05,-1,-1
3418,-42.5094,171.185,1,3.84615e-05,19,78
3419,24.3858,4.72531,1,3.84615e-05,106,40
3420,22.9684,59.8819,1,3.84615e-05,-1,-1
3421,-70.4857,116.648,1,3.84615e-05,93,23
3422,53.3903,28.7561,1,3.84615e-05,164,69
3423,37.0003,-82.7279,1,3.84615e-05,78,53
3424,11.2203,-4.91658,1,3.84615e-05,75,33
3425,35.2435,107.603,1,3.84615e-05,-1,-1
3426,-78.0214,64.0853,1,3.84615e-05,-1,-1
3427,-21.0614,21.3439,1,3.84615e-05,62,91
3428,66.0896,25.484,1,3.84615e-05,-1,-1
3429,23.7229,88.4771,1,3.84615e-05,50,62
3430,27.0859,43.4877,1,3.84615e-05,-1,-1
3431,1.72,101.901,1,3.84615e-05,106,19
3432,38.903,69.465,1,3.84615e-05,162,93
3433,72.1728,-84.8346,1,3.84615e-05,102,27
3434,44.8549,23.9158,1,3.84615e-05,19,51
3435,-73.2167,136.907,1,3.84615e-05,7,22
3436,53.9616,104.646,1,3.84615e-05,-1,-1
3437,-32.4276,138.903,1,3.84615e-05,142,75
3438,17.1649,100.485,1,3.84615e-05,43,63
3439,39.0021,62.5676,1,3.84615e-05,-1,-1
3440,-3.91019,-54.5124,1,3.84615e-05,142,25
3441,39.1938,88.9337,1,3.84615e-05,27,64
3442,39.7319,26.9753,1,3.84615e-05,84,84
3443,-85.4561,-122.814,1,3.84615e-05,168,36
3444,21.6869,44.3571,1,3.84615e-05,125,96
3445,74.9007,-25.8803,1,3.84615e-05,153,33
3446,53.1609,-113.347,1,3.84615e-05,-1,-1
3447,24.0663,16.9533,1,3.84615e-05,5,30
3448,-9.80078,-46.8344,1,3.84615e-05,4,15
3449,7.70105,-67.1707,1,3.84615e-05,-1,-1
3450,27.2686,60.7293,1,3.84615e-05,-1,-1
3451,27.3801,78.8069,1,3.84615e-05,52,0
3452,-76.9325,-106.163,1,3.84615e-05,-1,-1
3453,31.4101,64.4761,1,3.84615e-05,144,62
3454,9.78267,35.5638,1,3.84615e-05,121,96
3455,59.8798,17.6542,1,3.84615e-05,55,70
3456,8.37878,25.0768,1,3.84615e-05,-1,-1
3457,56.3878,-115.628,1,3.84615e-05,-1,-1
3458,15.0105,105.955,1,3.84615e-05,140,16
3459,33.7468,112.663,1,3.84615e-05,-1,-1
3460,65.9588,91.4639,1,3.84615e-05,180,8
3461,36.6285,36.8949,1,3.84615e-05,42,59
3462,27.7969,38.476,1,3.84615e-05,-1,-1
3463,33.6234,-90.6949,1,3.84615e-05,3,48
3464,-0.440018,-53.506,1,3.84615e-05,142,79
3465,0.191833,-72.1958,1,3.84615e-05,77,17
3466,62.2624,-100.255,1,3.84615e-05,-1,-1
3467,33.9526,69.1794,1,3.84615e-05,132,2
3468,-6.56108,-41.7952,1,3.84615e-05,76,22
3469,-21.1916,-42.8205,1,3.84615e-05,168,83
3470,55.5157,158.794,1,3.84615e-05,32,23
3471,50.1554,36.2472,1,3.84615e-05,165,69
3472,9.54412,41.8815,1,3.84615e-05,25,49
3473,7.28625,-0.903198,1,3.84615e-05,58,35
3474,-34.6533,-69.6048,1,3.84615e-05,-1,-1
3475,31.7292,-109.051,1,3.84615e-05,-1,-1
3476,8.26341,24.6237,1,3.84615e-05,102,41
3477,18.0424,-1.8362,1,3.84615e-05,-1,-1
3478,-22.5208,140.11,1,3.84615e-05,129,76
3479,-21.4188,47.3408,1,3.84615e-05,145,9
3480,74.4337,88.6903,1,3.84615e-05,-1,-1
3481,57.2867,46.1224,1,3.84615e-05,168,86
3482,40.216,60.5645,1,3.84615e-05,-1,-1
3483,-18.9979,-44.8115,1,3.84615e-05,127,27
3484,44.4817,43.6644,1,3.84615e-05,168,69
3485,24.3438,-2.21068,1,3.84615e-05,145,87
3486,-78.864,26.1379,1,3.84615e-05,-1,-1
3487,23.0686,32.3588,1,3.84615e-05,164,57
3488,52.8671,95.4003,1,3.84615e-05,165,70
3489,5.53384,30.0363,1,3.84615e-05,129,95
3490,58.371,46.7033,1,3.84615e-05,159,87
3491,53.7696,50.8412,1,3.84615e-05,68,69
3492,47.3098,134.517,1,3.84615e-05,74,87
3493,31.2067,45.1285,1,3.84615e-05,-1,-1
3494,-12.3632,-52.638,1,3.84615e-05,44,11
3495,-31.8543,29.3208,1,3.84615e-05,-1,-1
3496,26.6285,-2.97493,1,3.84615e-05,123,48
3497,14.9044,21.2604,1,3.84615e-05,169,91
3498,-73.9168,-88.3663,1,3.84615e-05,162,5
3499,-72.0819,-61.9867,1,3.84615e-05,164,5
3500,-1.18942,-58.6663,1,3.84615e-05,169,22
3501,63.5522,-102.678,1,3.84615e-05,-1,-1
3502,-84.2502,125.551,1,3.84615e-05,-1,-1
3503,23.2026,29.3258,1,3.84615e-05,30,48
3504,-81.483,100.364,1,3.84615e-05,52,27
3505,48.4585,118.792,1,3.84615e-05,-1,-1
3506,58.3691,-110.572,1,3.84615e-05,-1,-1
3507,43.537,-107.089,1,3.84615e-05,81,40
3508,-9.6668,-44.1399,1,3.84615e-05,115,28
3509,-2.85223,33.7192,1,3.84615e-05,-1,-1
3510,68.7811,-122.921,1,3.84615e-05,6,7
3511,-30.1599,-63.9032,1,3.84615e-05,143,78
3512,24.3477,-98.7033,1,3.84615e-05,58,18
3513,61.7861,27.3182,1,3.84615e-05,57,70
3514,33.8289,44.8737,1,3.84615e-05,-1,-1
3515,17.4086,80.3372,1,3.84615e-05,59,9
3516,36.9734,6.79605,1,3.84615e-05,149,87
3517,-23.2581,18.0802,1,3.84615e-05,51,92
3518,30.9335,77.2384,1,3.84615e-05,66,60
3519,61.6258,-95.2396,1,3.84615e-05,-1,-1
3520,15.9621,99.6169,1,3.84615e-05,63,61
3521,44.468,59.1975,1,3.84615e-05,-1,-1
3522,-9.70175,124.911,1,3.84615e-05,14,67
3523,43.3074,93.4361,1,3.84615e-05,-1,-1
3524,17.1442,-97.2313,1,3.84615e-05,89,15
3525,35.9706,70.7077,1,3.84615e-05,75,69
3526,-29.399,123.713,1,3.84615e-05,117,67
3527,33.7745,59.3652,1,3.84615e-05,172,69
3528,59.589,59.5663,1,3.84615e-05,170,86
3529,2.91493,-58.0769,1,3.84615e-05,-1,-1
3530,27.692,42.8592,1,3.84615e-05,-1,-1
3531,38.5252,-2.14909,1,3.84615e-05,72,43
3532,2.33087,19.041,1,3.84615e-05,142,47
3533,-78.7271,-95.6089,1,3.84615e-05,-1,-1
3534,-7.08351,15.1638,1,3.84615e-05,3,81
3535,50.3168,78.5578,1,3.84615e-05,-1,-1
3536,53.4151,-0.225235,1,3.84615e-05,44,58
3537,-15.984,33.6134,1,3.84615e-05,-1,-1
3538,4.97883,-76.055,1,3.84615e-05,99,63
3539,25.7306,70.1113,1,3.84615e-05,-1,-1
3540,-2.58131,-47.8373,1,3.84615e-05,122,71
3541,-19.9096,33.1929,1,3.84615e-05,-1,-1
3542,57.6586,73.7572,1,3.84615e-05,-1,-1
3543,-10.0197,-72.9866,1,3.84615e-05,79,17
3544,-87.6759,-85.6443,1,3.84615e-05,55,38
3545,48.6028,18.6986,1,3.84615e-05,67,56
3546,-42.1949,172.446,1,3.84615e-05,86,36
3547,17.8465,120.531,1,3.84615e-05,154,29
3548,-5.85657,-38.7392,1,3.84615e-05,-1,-1
3549,-3.24759,-40.3125,1,3.84615e-05,-1,-1
3550,53.5151,54.2808,1,3.84615e-05,59,60
3551,49.8203,125.673,1,3.84615e-05,173,28
3552,64.4985,170.413,1,3.84615e-05,64,20
3553,67.7328,33.2634,1,3.84615e-05,88,77
3554,-23.3503,143.6,1,3.84615e-05,120,77
3555,18.6019,50.0555,1,3.84615e-05,-1,-1
3556,-16.9598,33.0752,1,3.84615e-05,-1,-1
3557,-77.9094,51.7887,1,3.84615e-05,156,26
3558,34.4823,119.032,1,3.84615e-05,-1,-1
3559,22.674,51.2429,1,3.84615e-05,-1,-1
3560,-11.1049,19.5622,1,3.84615e-05,-1,-1
3561,41.3661,-114.535,1,3.84615e-05,140,44
3562,9.201,-67.0211,1,3.84615e-05,166,22
3563,15.0763,-2.06494,1,3.84615e-05,84,32
3564,67.9952,148.68,1,3.84615e-05,-1,-1
3565,34.6715,136.208,1,3.84615e-05,102,25
3566,63.5418,-107.389,1,3.84615e-05,-1,-1
3567,67.1655,34.4708,1,3.84615e-05,-1,-1
3568,28.5619,8.8847,1,3.84615e-05,55,45
3569,48.0625,109.37,1,3.84615e-05,-1,-1
3570,50.823,79.6401,1,3.84615e-05,174,79
3571,48.51,100.724,1,3.84615e-05,157,71
3572,64.5664,-91.977,1,3.84615e-05,-1,-1
3573,6.93451,-74.1669,1,3.84615e-05,109,62
3574,-19.2501,136.572,1,3.84615e-05,-1,-1
3575,5.23245,6.64433,1,3.84615e-05,-1,-1
3576,-14.1732,27.1448,1,3.84615e-05,-1,-1
3577,-11.238,28.9377,1,3.84615e-05,-1,-1
3578,-7.50253,-78.6113,1,3.84615e-05,127,12
3579,11.9556,10.8747,1,3.84615e-05,9,30
3580,-78.3592,-128.584,1,3.84615e-05,-1,-1
3581,8.78348,99.9697,1,3.84615e-05,137,16
3582,53.3491,17.4525,1,3.84615e-05,17,38
3583,23.9759,54.2797,1,3.84615e-05,-1,-1
3584,-28.1684,-70.7479,1,3.84615e-05,172,75
3585,11.9198,-7.68201,1,3.84615e-05,104,30
3586,80.282,-23.4376,1,3.84615e-05,161,32
3587,7.30086,20.3486,1,3.84615e-05,7,81
3588,22.8414,89.678,1,3.84615e-05,90,68
3589,-77.0664,50.0521,1,3.84615e-05,12,21
3590,27.0014,12.6972,1,3.84615e-05,77,43
3591,-30.1295,136.549,1,3.84615e-05,-1,-1
3592,3.20047,-52.7513,1,3.84615e-05,140,25
3593,37.9938,-80.0364,1,3.84615e-05,89,52
3594,-8.33739,14.0415,1,3.84615e-05,2,81
3595,52.8838,-112.958,1,3.84615e-05,-1,-1
3596,69.6253,-124.602,1,3.84615e-05,-1,-1
3597,47.4864,69.3374,1,3.84615e-05,42,62
3598,-41.2015,145.985,1,3.84615e-05,136,41
3599,23.9596,55.2355,1,3.84615e-05,-1,-1
3600,56.9959,158.687,1,3.84615e-05,103,37
3601,66.4286,148.458,1,3.84615e-05,-1,-1
3602,45.367,40.8456,1,3.84615e-05,-1,-1
3603,64.789,156.313,1,3.84615e-05,161,31
3604,-32.7007,-55.8526,1,3.84615e-05,104,72
3605,-34.2857,141.393,1,3.84615e-05,122,77
3606,6.74142,14.7037,1,3.84615e-05,20,39
3607,17.5287,80.7576,1,3.84615e-05,59,9
3608,31.7822,46.1661,1,3.84615e-05,25,51
3609,45.0255,49.9854,1,3.84615e-05,139,62
3610,-30.3077,116.094,1,3.84615e-05,145,64
3611,60.7931,138.732,1,3.84615e-05,-1,-1
3612,8.96195,5.14371,1,3.84615e-05,-1,-1
3613,54.3394,59.4903,1,3.84615e-05,20,64
3614,-15.318,-49.4207,1,3.84615e-05,-1,-1
3615,48.056,105.83,1,3.84615e-05,98,77
3616,43.899,17.8533,1,3.84615e-05,132,89
3617,51.553,121.972,1,3.84615e-05,131,81
3618,6.14118,-10.8011,1,3.84615e-05,95,31
3619,65.4638,-46.1221,1,3.84615e-05,48,23
3620,56.6244,-63.1412,1,3.84615e-05,97,28
3621,-78.2973,157.29,1,3.84615e-05,172,36
3622,31.9636,-8.49219,1,3.84615e-05,27,72
3623,-4.38852,138.823,1,3.84615e-05,92,25
3624,30.9194,34.4847,1,3.84615e-05,-1,-1
3625,-9.33751,38.7231,1,3.84615e-05,-1,-1
3626,-5.89273,31.7032,1,3.84615e-05,-1,-1
3627,-10.6778,24.3487,1,3.84615e-05,84,99
3628,12.8687,3.10736,1,3.84615e-05,167,44
3629,65.7891,31.8825,1,3.84615e-05,-1,-1
3630,46.076,59.0555,1,3.84615e-05,-1,-1
3631,51.7648,97.281,1,3.84615e-05,146,72
3632,28.6169,24.655,1,3.84615e-05,122,51
3633,1.06252,-76.1026,1,3.84615e-05,98,63
3634,28.3035,-104.338,1,3.84615e-05,172,53
3635,72.6557,-22.7449,1,3.84615e-05,135,35
3636,20.7718,74.5657,1,3.84615e-05,147,62
3637,19.52,51.1228,1,3.84615e-05,-1,-1
3638,-23.0637,144.68,1,3.84615e-05,-1,-1
3639,53.8242,115.797,1,3.84615e-05,-1,-1
3640,46.4426,-72.3211,1,3.84615e-05,37,45
3641,47.0245,83.6869,1,3.84615e-05,57,0
3642,-30.2569,27.1308,1,3.84615e-05,-1,-1
3643,67.1826,58.9497,1,3.84615e-05,2,76
3644,45.0542,-74.5032,1,3.84615e-05,-1,-1
3645,-82.8974,12.7775,1,3.84615e-05,-1,-1
3646,7.12955,-72.413,1,3.84615e-05,-1,-1
3647,24.0425,-100.384,1,3.84615e-05,133,57
3648,-12.5816,-52.6914,1,3.84615e-05,44,11
3649,25.1421,115.122,1,3.84615e-05,154,72
3650,43.1589,72.8306,1,3.84615e-05,154,94
3651,46.2822,-75.7512,1,3.84615e-05,67,42
3652,59.2782,50.2804,1,3.84615e-05,-1,-1
3653,-4.52217,-63.0576,1,3.84615e-05,-1,-1
3654,37.512,-83.1431,1,3.84615e-05,78,53
3655,26.3496,39.8967,1,3.84615e-05,-1,-1
3656,2.98029,13.7356,1,3.84615e-05,-1,-1
3657,43.8793,62.3893,1,3.84615e-05,-1,-1
3658,43.3083,110.652,1,3.84615e-05,-1,-1
3659,-4.37709,23.6812,1,3.84615e-05,-1,-1
3660,-8.31425,34.8688,1,3.84615e-05,78,44
3661,66.8174,-90.2509,1,3.84615e-05,170,20
3662,32.4702,81.6314,1,3.84615e-05,47,62
3663,45.0157,27.351,1,3.84615e-05,-1,-1
3664,-74.211,3.08365,1,3.84615e-05,50,38
3665,17.7903,96.7606,1,3.84615e-05,72,60
3666,68.5391,123.609,1,3.84615e-05,105,6
3667,-71.4428,15.1185,1,3.84615e-05,2,33
3668,67.8746,36.5009,1,3.84615e-05,59,70
3669,46.9848,-111.592,1,3.84615e-05,180,40
3670,6.8664,4.49341,1,3.84615e-05,74,84
3671,-1.64092,-65.6647,1,3.84615e-05,49,68
3672,34.9605,-91.396,1,3.84615e-05,-1,-1
3673,-21.4352,22.0858,1,3.84615e-05,-1,-1
3674,54.8878,63.5709,1,3.84615e-05,11,65
3675,5.48314,-54.4996,1,3.84615e-05,134,70
3676,-30.7633,18.757,1,3.84615e-05,10,96
3677,31.2276,-112.524,1,3.84615e-05,113,12
3678,11.4585,5.39644,1,3.84615e-05,55,86
3679,23.2124,31.764,1,3.84615e-05,164,57
3680,23.4949,79.77,1,3.84615e-05,89,68
3681,78.0386,-66.4836,1,3.84615e-05,43,23
3682,-8.33224,142.946,1,3.84615e-05,97,79
3683,60.0608,87.7281,1,3.84615e-05,153,71
3684,53.5499,126.053,1,3.84615e-05,-1,-1
3685,4.91422,19.8949,1,3.84615e-05,-1,-1
3686,36.2778,36.6158,1,3.84615e-05,42,59
3687,18.4455,22.7708,1,3.84615e-05,1,82
3688,25.1715,19.8678,1,3.84615e-05,60,86
3689,52.0247,53.5231,1,3.84615e-05,69,69
3690,-26.9264,152.429,1,3.84615e-05,1,24
3691,-35.5681,149.4,1,3.84615e-05,124,77
3692,51.615,142.99,1,3.84615e-05,136,22
3693,44.4039,-0.592392,1,3.84615e-05,114,51
3694,5.60894,36.646,1,3.84615e-05,55,46
3695,-16.665,20.3209,1,3.84615e-05,-1,-1
3696,10.0271,35.2925,1,3.84615e-05,121,96
3697,-16.2652,49.199,1,3.84615e-05,117,2
3698,30.3588,-3.84776,1,3.84615e-05,166,85
3699,-21.6415,146.195,1,3.84615e-05,91,70
3700,7.88982,31.4551,1,3.84615e-05,-1,-1
3701,38.6241,74.3588,1,3.84615e-05,133,96
3702,20.2844,56.4608,1,3.84615e-05,-1,-1
3703,-3.37062,-73.0494,1,3.84615e-05,38,69
3704,40.1488,109.995,1,3.84615e-05,10,99
3705,-12.3337,-72.7134,1,3.84615e-05,-1,-1
3706,2.5308,117.463,1,3.84615e-05,-1,-1
3707,-28.4317,148.574,1,3.84615e-05,-1,-1
3708,4.53757,10.118,1,3.84615e-05,175,90
3709,39.7003,41.976,1,3.84615e-05,53,58
3710,9.46456,11.1856,1,3.84615e-05,-1,-1
3711,30.4911,24.2561,1,3.84615e-05,161,57
3712,-4.41889,-56.8513,1,3.84615e-05,1,15
3713,44.6604,-90.1378,1,3.84615e-05,64,42
3714,-13.9134,-50.0809,1,3.84615e-05,135,26
3715,62.2208,-94.6375,1,3.84615e-05,-1,-1
3716,37.4272,68.7657,1,3.84615e-05,152,94
3717,-18.2682,141.966,1,3.84615e-05,-1,-1
3718,28.4842,63.2571,1,3.84615e-05,-1,-1
3719,55.5433,100.483,1,3.84615e-05,-1,-1
3720,-24.0276,129.98,1,3.84615e-05,-1,-1
3721,-75.1991,132.433,1,3.84615e-05,16,21
3722,-3.1299,18.8672,1,3.84615e-05,153,46
3723,40.1569,111.111,1,3.84615e-05,21,98
3724,18.6622,-12.7578,1,3.84615e-05,13,73
3725,-71.9298,145.271,1,3.84615e-05,-1,-1
3726,12.2396,-16.0127,1,3.84615e-05,140,87
3727,-1.94952,120.311,1,3.84615e-05,-1,-1
3728,-73.5144,157.556,1,3.84615e-05,135,30
3729,79.098,99.7737,1,3.84615e-05,-1,-1
3730,30.2421,40.5382,1,3.84615e-05,64,57
3731,33.0371,5.3119,1,3.84615e-05,-1,-1
3732,-16.1166,124.323,1,3.84615e-05,175,71
3733,39.5142,90.8601,1,3.84615e-05,-1,-1
3734,33.8466,-85.6895,1,3.84615e-05,87,52
3735,44.1816,-116.121,1,3.84615e-05,-1,-1
3736,-15.9567,143.858,1,3.84615e-05,79,71
3737,-67.6766,102.85,1,3.84615e-05,-1,-1
3738,42.433,18.4083,1,3.84615e-05,123,80
3739,-29.3265,22.9828,1,3.84615e-05,1,97
3740,-5.76427,16.7101,1,3.84615e-05,4,31
3741,-17.5732,37.0673,1,3.84615e-05,-1,-1
3742,55.8167,9.99989,1,3.84615e-05,32,62
3743,-12.7387,32.9947,1,3.84615e-05,138,48
3744,22.0999,31.4397,1,3.84615e-05,165,57
3745,59.6492,-70.2505,1,3.84615e-05,144,23
3746,67.6861,173.223,1,3.84615e-05,179,9
3747,-15.8558,143.533,1,3.84615e-05,79,71
3748,29.1427,73.9289,1,3.84615e-05,125,64
3749,-69.0781,89.8194,1,3.84615e-05,-1,-1
3750,66.203,116.662,1,3.84615e-05,83,8
3751,5.40765,26.7484,1,3.84615e-05,138,94
3752,59.5832,110.187,1,3.84615e-05,147,89
3753,-10.5555,37.2087,1,3.84615e-05,176,6
3754,-15.7397,-55.1349,1,3.84615e-05,-1,-1
3755,-73.4079,-0.75145,1,3.84615e-05,60,37
3756,-1.65199,-58.9839,1,3.84615e-05,-1,-1
3757,49.7937,-100.037,1,3.84615e-05,113,47
3758,20.6883,32.5096,1,3.84615e-05,31,48
3759,4.69396,115.216,1,3.84615e-05,9,67
3760,75.5446,90.5056,1,3.84615e-05,-1,-1
3761,43.1089,26.9638,1,3.84615e-05,10,52
3762,37.4521,-5.81158,1,3.84615e-05,51,45
3763,56.8336,127.522,1,3.84615e-05,42,80
3764,35.927,71.647,1,3.84615e-05,-1,-1
3765,-11.2178,-65.4667,1,3.84615e-05,-1,-1
3766,20.8876,94.8362,1,3.84615e-05,-1,-1
3767,-31.941,-56.6196,1,3.84615e-05,74,75
3768,-19.6681,-69.3873,1,3.84615e-05,175,75
3769,20.4133,34.1884,1,3.84615e-05,-1,-1
3770,-78.0557,113.041,1,3.84615e-05,63,26
3771,46.8162,0.971512,1,3.84615e-05,32,72
3772,9.34811,41.96,1,3.84615e-05,25,49
3773,43.7063,-120.741,1,3.84615e-05,-1,-1
3774,-80.1109,3.89055,1,3.84615e-05,154,26
3775,-11.3915,-47.7492,1,3.84615e-05,110,72
3776,71.5361,94.456,1,3.84615e-05,-1,-1
3777,10.8016,35.0399,1,3.84615e-05,178,56
3778,17.3608,27.4609,1,3.84615e-05,180,90
3779,19.9941,6.14621,1,3.84615e-05,-1,-1
3780,36.2285,-105.506,1,3.84615e-05,74,16
3781,-23.7255,127.779,1,3.84615e-05,-1,-1
3782,1.01505,-66.2044,1,3.84615e-05,-1,-1
3783,-17.1779,-57.1336,1,3.84615e-05,-1,-1
3784,10.6931,-66.8124,1,3.84615e-05,-1,-1
3785,62.0372,36.9927,1,3.84615e-05,138,89
3786,37.0536,-110.175,1,3.84615e-05,90,49
3787,7.16376,-70.8627,1,3.84615e-05,60,67
3788,48.6577,-95.0294,1,3.84615e-05,164,42
3789,-31.4995,27.2519,1,3.84615e-05,-1,-1
3790,55.092,-128.456,1,3.84615e-05,87,9
3791,57.6391,159.6,1,3.84615e-05,33,23
3792,50.5038,47.3284,1,3.84615e-05,98,66
3793,-73.9133,61.4029,1,3.84615e-05,-1,-1
3794,-74.1747,-122.96,1,3.84615e-05,-1,-1
3795,-1.22006,-54.8069,1,3.84615e-05,151,78
3796,9.36246,39.1246,1,3.84615e-05,-1,-1
3797,60.6265,-77.0886,1,3.84615e-05,-1,-1
3798,19.582,75.9524,1,3.84615e-05,2,54
3799,50.4992,-91.5861,1,3.84615e-05,125,46
3800,58.352,64.4466,1,3.84615e-05,-1,-1
3801,38.1469,62.3813,1,3.84615e-05,-1,-1
3802,-36.5951,-68.4952,1,3.84615e-05,141,78
3803,24.3481,-99.1268,1,3.84615e-05,58,18
3804,28.4253,51.4364,1,3.84615e-05,-1,-1
3805,-15.6365,-43.861,1,3.84615e-05,51,78
3806,-16.453,-50.4041,1,3.84615e-05,79,75
3807,65.8651,-141.845,1,3.84615e-05,5,7
3808,-67.6415,137.009,1,3.84615e-05,-1,-1
3809,72.7709,89.9492,1,3.84615e-05,-1,-1
3810,76.3185,-44.4473,1,3.84615e-05,-1,-1
3811,31.545,112.108,1,3.84615e-05,144,16
3812,42.9034,-2.49835,1,3.84615e-05,134,59
3813,-29.8122,129.21,1,3.84615e-05,98,69
3814,-7.75598,30.098,1,3.84615e-05,-1,-1
3815,23.2017,116.801,1,3.84615e-05,133,17
3816,29.1894,117.982,1,3.84615e-05,-1,-1
3817,-8.53721,27.3342,1,3.84615e-05,146,47
3818,21.8737,71.4752,1,3.84615e-05,1,54
3819,-75.3178,-142.523,1,3.84615e-05,10,33
3820,58.3309,78.8367,1,3.84615e-05,-1,-1
3821,-30.0131,149.753,1,3.84615e-05,3,69
3822,-8.84969,-67.8195,1,3.84615e-05,37,69
3823,22.1171,104.106,1,3.84615e-05,180,12
3824,48.3568,16.2887,1,3.84615e-05,173,85
3825,-78.7784,-114.854,1,3.84615e-05,-1,-1
3826,-32.8918,138.732,1,3.84615e-05,142,75
3827,38.9255,-97.9842,1,3.84615e-05,166,54
3828,25.2122,70.0263,1,3.84615e-05,119,3
3829,-81.3816,146.396,1,3.84615e-05,180,35
3830,45.1614,-123.927,1,3.84615e-05,59,17
3831,43.6941,-75.3754,1,3.84615e-05,-1,-1
3832,16.4825,34.3473,1,3.84615e-05,152,93
3833,-5.97961,-46.043,1,3.84615e-05,114,28
3834,-19.7606,25.9149,1,3.84615e-05,-1,-1
3835,-76.7347,92.3882,1,3.84615e-05,-1,-1
3836,11.0267,20.3427,1,3.84615e-05,18,80
3837,42.3524,-1.59259,1,3.84615e-05,58,34
3838,-1.07045,-45.3477,1,3.84615e-05,112,28
3839,8.23578,-64.2958,1,3.84615e-05,172,76
3840,-44.4507,-66.4898,1,3.84615e-05,62,99
3841,-31.5239,151.87,1,3.84615e-05,-1,-1
3842,-23.4701,149.144,1,3.84615e-05,177,37
3843,41.5395,112.301,1,3.84615e-05,-1,-1
3844,2.22494,-73.7628,1,3.84615e-05,79,65
3845,2.48746,-73.623,1,3.84615e-05,79,65
3846,29.0972,-114.486,1,3.84615e-05,27,45
3847,24.8029,115.988,1,3.84615e-05,-1,-1
3848,62.6084,50.8099,1,3.84615e-05,150,88
3849,52.3031,-105.591,1,3.84615e-05,152,43
3850,19.9703,78.331,1,3.84615e-05,138,63
3851,31.4931,64.3366,1,3.84615e-05,144,62
3852,23.0647,0.933273,1,3.84615e-05,105,40
3853,-79.7897,-15.4508,1,3.84615e-05,61,37
3854,47.6322,43.187,1,3.84615e-05,147,61
3855,51.3903,-71.2971,1,3.84615e-05,-1,-1
3856,66.2759,179.93,1,3.84615e-05,-1,-1
3857,35.5246,68.013,1,3.84615e-05,142,1
3858,49.9906,-106.621,1,3.84615e-05,2,8
3859,-3.92855,-66.5663,1,3.84615e-05,69,18
3860,50.9823,-56.7239,1,3.84615e-05,-1,-1
3861,60.7877,-132.112,1,3.84615e-05,76,0
3862,-11.5335,35.2691,1,3.84615e-05,-1,-1
3863,-26.2404,-69.8522,1,3.84615e-05,162,19
3864,-28.3995,119.721,1,3.84615e-05,142,29
3865,60.0056,-109.068,1,3.84615e-05,-1,-1
3866,38.2365,-89.4379,1,3.84615e-05,-1,-1
3867,66.0736,123.484,1,3.84615e-05,55,1
3868,3.30298,15.9807,1,3.84615e-05,2,31
3869,54.4374,-100.492,1,3.84615e-05,-1,-1
3870,11.4203,2.67484,1,3.84615e-05,-1,-1
3871,4.71824,42.8907,1,3.84615e-05,16,40
3872,44.7772,-99.4967,1,3.84615e-05,133,45
3873,15.6798,-92.2812,1,3.84615e-05,80,16
3874,-7.36115,33.732,1,3.84615e-05,-1,-1
3875,21.8491,-0.227768,1,3.84615e-05,125,89
3876,61.5399,77.4257,1,3.84615e-05,35,80
3877,-23.3913,20.1374,1,3.84615e-05,52,92
3878,30.0559,24.9586,1,3.84615e-05,162,57
3879,5.17771,-69.1298,1,3.84615e-05,17,13
3880,63.6402,142.459,1,3.84615e-05,-1,-1
3881,27.6003,30.6227,1,3.84615e-05,9,40
3882,40.8761,97.6029,1,3.84615e-05,37,2
3883,-77.3822,155.583,1,3.84615e-05,162,37
3884,22.5579,-8.99051,1,3.84615e-05,164,85
3885,30.0277,36.1356,1,3.84615e-05,-1,-1
3886,-82.453,-105.109,1,3.84615e-05,8,33
3887,21.8217,83.5847,1,3.84615e-05,-1,-1
3888,67.616,-52.4313,1,3.84615e-05,56,22
3889,-81.4937,47.1967,1,3.84615e-05,-1,-1
3890,-17.513,-59.223,1,3.84615e-05,-1,-1
3891,59.1594,6.35562,1,3.84615e-05,101,65
3892,24.0346,115.305,1,3.84615e-05,145,73
3893,24.0787,80.6894,1,3.84615e-05,-1,-1
3894,54.3073,70.3897,1,3.84615e-05,4,83
3895,-6.85862,-59.4989,1,3.84615e-05,51,10
3896,72.5224,-113.433,1,3.84615e-05,-1,-1
3897,-79.7182,-9.44846,1,3.84615e-05,42,39
3898,-76.2381,148.894,1,3.84615e-05,-1,-1
3899,-82.897,-41.886,1,3.84615e-05,166,36
3900,-0.496269,28.4331,1,3.84615e-05,-1,-1
3901,32.9115,77.3093,1,3.84615e-05,96,67
3902,-15.0356,49.1568,1,3.84615e-05,147,9
3903,29.2175,66.586,1,3.84615e-05,154,61
3904,15.3895,27.9189,1,3.84615e-05,-1,-1
3905,-16.1663,26.805,1,3.84615e-05,14,96
3906,60.1315,63.2144,1,3.84615e-05,-1,-1
3907,44.497,1.66289,1,3.84615e-05,67,33
3908,11.5338,122.835,1,3.84615e-05,33,17
3909,60.7448,71.8227,1,3.84615e-05,167,9
3910,10.2537,32.1909,1,3.84615e-05,-1,-1
3911,4.3259,43.0246,1,3.84615e-05,16,40
3912,45.709,-106.524,1,3.84615e-05,171,41
3913,-50.3172,-74.1013,1,3.84615e-05,78,74
3914,25.1537,60.334,1,3.84615e-05,-1,-1
3915,-27.1484,27.3445,1,3.84615e-05,-1,-1
3916,-20.5857,48.3847,1,3.84615e-05,125,1
3917,-9.57343,33.2149,1,3.84615e-05,-1,-1
3918,57.0528,-105.914,1,3.84615e-05,-1,-1
3919,28.154,-104.387,1,3.84615e-05,172,53
3920,51.7727,45.0225,1,3.84615e-05,89,84
3921,45.8661,80.2819,1,3.84615e-05,135,96
3922,-71.2902,89.9434,1,3.84615e-05,-1,-1
3923,-79.3743,2.53459,1,3.84615e-05,1,2
3924,-19.7758,-54.0316,1,3.84615e-05,-1,-1
3925,60.591,55.9713,1,3.84615e-05,-1,-1
3926,-13.4386,-53.5348,1,3.84615e-05,-1,-1
3927,-26.5987,-62.2925,1,3.84615e-05,-1,-1
3928,-28.1101,134.759,1,3.84615e-05,-1,-1
3929,23.1389,23.417,1,3.84615e-05,153,58
3930,38.9609,-92.2405,1,3.84615e-05,33,45
3931,46.7782,-100.339,1,3.84615e-05,173,41
3932,25.1427,24.406,1,3.84615e-05,173,56
3933,-29.598,-69.2481,1,3.84615e-05,162,76
3934,-17.0141,129.048,1,3.84615e-05,-1,-1
3935,35.7782,50.5681,1,3.84615e-05,-1,-1
3936,-25.839,23.908,1,3.84615e-05,22,95
3937,7.79283,16.7932,1,3.84615e-05,-1,-1
3938,53.7888,-108.256,1,3.84615e-05,1,8
3939,43.2888,-117.056,1,3.84615e-05,2,13
3940,63.0819,79.9839,1,3.84615e-05,63,70
3941,-11.3077,34.1304,1,3.84615e-05,-1,-1
3942,27.9275,37.8748,1,3.84615e-05,-1,-1
3943,61.965,-134.94,1,3.84615e-05,85,9
3944,43.3617,22.605,1,3.84615e-05,1,30
3945,48.3933,-116.544,1,3.84615e-05,170,41
3946,33.0941,107.809,1,3.84615e-05,173,13
3947,-18.5089,145.426,1,3.84615e-05,-1,-1
3948,-78.7069,144.656,1,3.84615e-05,-1,-1
3949,55.6837,-3.34384,1,3.84615e-05,33,59
3950,-32.1318,120.502,1,3.84615e-05,1,56
3951,45.9107,3.2986,1,3.84615e-05,2,40
3952,-12.2779,-61.0182,1,3.84615e-05,162,23
3953,-12.428,14.7357,1,3.84615e-05,-1,-1
3954,-0.800278,-54.5354,1,3.84615e-05,2,63
3955,80.3039,-61.7203,1,3.84615e-05,15,26
3956,14.1145,106.647,1,3.84615e-05,130,17
3957,60.4748,-96.2882,1,3.84615e-05,-1,-1
3958,60.0356,132.93,1,3.84615e-05,-1,-1
3959,57.48,160.241,1,3.84615e-05,33,23
3960,20.3758,50.8653,1,3.84615e-05,176,7
3961,32.8297,-115.824,1,3.84615e-05,123,11
3962,54.5289,23.1931,1,3.84615e-05,-1,-1
3963,-5.04134,-41.261,1,3.84615e-05,64,77
3964,18.2278,-98.8511,1,3.84615e-05,101,50
3965,-81.6024,81.0939,1,3.84615e-05,137,28
3966,61.9781,88.6229,1,3.84615e-05,-1,-1
3967,61.0648,-97.5569,1,3.84615e-05,-1,-1
3968,48.4692,31.6759,1,3.84615e-05,125,63
3969,81.8214,-60.7724,1,3.84615e-05,-1,-1
3970,4.54163,28.4156,1,3.84615e-05,128,95
3971,-24.592,-69.3948,1,3.84615e-05,152,10
3972,26.2196,112.158,1,3.84615e-05,-1,-1
3973,-87.3357,-167.812,1,3.84615e-05,122,31
3974,23.5452,-103.315,1,3.84615e-05,117,12
3975,-85.3489,-102.392,1,3.84615e-05,178,35
3976,48.133,-90.3743,1,3.84615e-05,155,43
3977,-79.2736,112.689,1,3.84615e-05,-1,-1
3978,38.7824,104.98,1,3.84615e-05,-1,-1
3979,-17.6908,126.815,1,3.84615e-05,-1,-1
3980,-68.8993,91.2621,1,3.84615e-05,-1,-1
3981,18.6755,12.6626,1,3.84615e-05,118,49
3982,-1.38297,35.5785,1,3.84615e-05,-1,-1
3983,32.2876,-116.736,1,3.84615e-05,57,42
3984,31.9687,56.1136,1,3.84615e-05,152,61
3985,33.0336,-87.6845,1,3.84615e-05,126,58
3986,64.3635,-152.992,1,3.84615e-05,142,3
3987,-16.5421,137.413,1,3.84615e-05,127,76
3988,53.4305,52.1062,1,3.84615e-05,71,86
3989,66.7175,159.932,1,3.84615e-05,87,39
3990,55.1687,108.41,1,3.84615e-05,177,86
3991,13.7298,-85.692,1,3.84615e-05,32,57
3992,25.9258,84.7337,1,3.84615e-05,22,3
3993,69.6149,-120.327,1,3.84615e-05,-1,-1
3994,-33.6497,-58.7836,1,3.84615e-05,168,23
3995,0.0879822,21.5053,1,3.84615e-05,-1,-1
3996,21.7845,-11.3012,1,3.84615e-05,173,84
3997,-16.2002,135.529,1,3.84615e-05,99,24
3998,43.4892,142.787,1,3.84615e-05,161,15
3999,43.2256,-106.128,1,3.84615e-05,-1,-1
4000,21.6377,9.62691,1,3.84615e-05,117,49
4001,21.5837,-6.77431,1,3.84615e-05,154,86
4002,53.7795,80.5227,1,3.84615e-05,-1,-1
4003,-28.8116,150.331,1,3.84615e-05,103,79
4004,22.2861,5.52571,1,3.84615e-05,107,81
4005,-8.81368,-78.1911,1,3.84615e-05,128,12
4006,28.1225,3.76025,1,3.84615e-05,128,89
4007,64.4965,48.4838,1,3.84615e-05,-1,-1
4008,69.0526,-50.577,1,3.84615e-05,37,24
4009,72.5274,-84.6216,1,3.84615e-05,102,27
4010,-80.8779,88.5511,1,3.84615e-05,128,29
4011,-1.46909,-61.9131,1,3.84615e-05,-1,-1
4012,-76.5459,-114.165,1,3.84615e-05,-1,-1
4013,39.204,-86.212,1,3.84615e-05,5,48
4014,31.6956,48.2752,1,3.84615e-05,127,96
4015,24.4844,79.9376,1,3.84615e-05,12,98
4016,-13.7965,-56.0808,1,3.84615e-05,163,23
4017,-1.33504,16.1738,1,3.84615e-05,154,92
4018,68.3108,-137.574,1,3.84615e-05,44,3
4019,38.4618,-93.0804,1,3.84615e-05,-1,-1
4020,33.6827,75.1232,1,3.84615e-05,105,66
4021,-15.4174,-62.9538,1,3.84615e-05,-1,-1
4022,35.8937,135.957,1,3.84615e-05,139,17
4023,-17.4558,23.6958,1,3.84615e-05,-1,-1
4024,50.0611,75.8176,1,3.84615e-05,146,1
4025,22.7098,95.9277,1,3.84615e-05,-1,-1
4026,69.992,76.4894,1,3.84615e-05,-1,-1
4027,47.5468,-85.1949,1,3.84615e-05,-1,-1
4028,-75.9356,87.8219,1,3.84615e-05,-1,-1
4029,17.2359,45.6988,1,3.84615e-05,128,51
4030,12.2831,102.627,1,3.84615e-05,148,15
4031,37.332,-2.6566,1,3.84615e-05,92,41
4032,-84.6452,-57.0428,1,3.84615e-05,-1,-1
4033,-27.5106,32.3117,1,3.84615e-05,151,47
4034,29.7507,40.6459,1,3.84615e-05,64,57
4035,58.9088,-115.716,1,3.84615e-05,18,6
4036,-66.6402,53.1522,1,3.84615e-05,26,0
4037,-10.9107,20.349,1,3.84615e-05,-1,-1
4038,61.1211,100.646,1,3.84615e-05,-1,-1
4039,20.7319,79.9315,1,3.84615e-05,-1,-1
4040,58.7539,-99.8987,1,3.84615e-05,-1,-1
4041,22.9411,99.5515,1,3.84615e-05,13,66
4042,28.7771,15.2307,1,3.84615e-05,17,49
4043,-14.1232,-59.7299,1,3.84615e-05,-1,-1
4044,17.0773,-10.6738,1,3.84615e-05,152,86
4045,-6.9405,144.725,1,3.84615e-05,87,70
4046,-16.8426,-44.3891,1,3.84615e-05,98,20
4047,45.8375,106.145,1,3.84615e-05,128,74
4048,54.5507,-72.8011,1,3.84615e-05,-1,-1
4049,-34.1607,-71.791,1,3.84615e-05,132,79
4050,22.797,27.6296,1,3.84615e-05,-1,-1
4051,20.3624,76.2908,1,3.84615e-05,148,62
4052,68.6316,22.1762,1,3.84615e-05,32,36
4053,71.5822,120.571,1,3.84615e-05,-1,-1
4054,-70.0954,75.7653,1,3.84615e-05,-1,-1
4055,10.5559,20.3389,1,3.84615e-05,18,80
4056,14.8642,-11.6194,1,3.84615e-05,103,30
4057,-77.0219,49.1095,1,3.84615e-05,12,21
4058,38.0756,-110.817,1,3.84615e-05,109,47
4059,27.2815,84.0077,1,3.84615e-05,98,67
4060,16.8953,1.4194,1,3.84615e-05,105,81
4061,52.3102,69.6325,1,3.84615e-05,-1,-1
4062,24.9522,-103.335,1,3.84615e-05,152,55
4063,4.14462,-64.9544,1,3.84615e-05,168,22
4064,-74.7319,81.4833,1,3.84615e-05,119,20
4065,34.7573,42.8165,1,3.84615e-05,-1,-1
4066,9.98083,19.0865,1,3.84615e-05,17,80
4067,-17.273,45.7097,1,3.84615e-05,-1,-1
4068,61.221,-152.734,1,3.84615e-05,162,1
4069,4.45508,-55.0092,1,3.84615e-05,23,61
4070,61.8781,32.5463,1,3.84615e-05,18,74
4071,26.8283,88.8579,1,3.84615e-05,42,1
4072,-31.263,-55.3304,1,3.84615e-05,65,76
4073,-4.42539,-70.8166,1,3.84615e-05,28,60
4074,-2.32107,27.2603,1,3.84615e-05,125,49
4075,64.7263,-107.503,1,3.84615e-05,-1,-1
4076,0.248299,-71.5389,1,3.84615e-05,78,17
4077,53.6832,115.508,1,3.84615e-05,-1,-1
4078,40.2619,-0.877701,1,3.84615e-05,178,84
4079,46.8615,69.3303,1,3.84615e-05,-1,-1
4080,49.1489,-68.8598,1,3.84615e-05,-1,-1
4081,19.118,16.5241,1,3.84615e-05,99,41
4082,28.116,-5.80125,1,3.84615e-05,165,85
4083,-72.3978,134.988,1,3.84615e-05,8,22
4084,70.8289,97.3107,1,3.84615e-05,5,76
4085,-27.2046,123.451,1,3.84615e-05,-1,-1
4086,43.7508,87.1735,1,3.84615e-05,-1,-1
4087,47.9326,48.3024,1,3.84615e-05,128,63
4088,-2.11407,-57.1407,1,3.84615e-05,-1,-1
4089,45.2942,2.09268,1,3.84615e-05,165,56
4090,8.7957,24.4695,1,3.84615e-05,102,41
4091,41.2173,99.8728,1,3.84615e-05,59,94
4092,32.4006,-87.0541,1,3.84615e-05,127,58
4093,-69.1235,135.56,1,3.84615e-05,18,21
4094,18.4151,77.1089,1,3.84615e-05,3,54
4095,42.9022,27.1769,1,3.84615e-05,10,52
4096,-31.5135,-52.1556,1,3.84615e-05,-1,-1
4097,4.61422,28.5614,1,3.84615e-05,128,95
4098,36.683,38.4313,1,3.84615e-05,83,55
4099,48.3198,25.4192,1,3.84615e-05,154,60
4100,19.8306,110.352,1,3.84615e-05,-1,-1
4101,-77.625,-140.805,1,3.84615e-05,19,32
4102,66.3242,48.6058,1,3.84615e-05,-1,-1
4103,10.5799,77.2347,1,3.84615e-05,25,52
4104,80.3497,-26.8835,1,3.84615e-05,171,31
4105,-19.3683,126.62,1,3.84615e-05,36,65
4106,36.4459,65.2399,1,3.84615e-05,152,0
4107,39.9137,75.666,1,3.84615e-05,-1,-1
4108,17.1721,19.2132,1,3.84615e-05,9,81
4109,-28.3647,-69.0223,1,3.84615e-05,163,76
4110,50.9265,83.7307,1,3.84615e-05,-1,-1
4111,-11.3919,-70.3347,1,3.84615e-05,-1,-1
4112,64.8835,157.459,1,3.84615e-05,143,33
4113,2.01521,117.078,1,3.84615e-05,50,15
4114,-20.4124,128.078,1,3.84615e-05,-1,-1
4115,43.9601,-119.716,1,3.84615e-05,31,5
4116,40.5757,46.0442,1,3.84615e-05,-1,-1
4117,-25.8102,147.56,1,3.84615e-05,-1,-1
4118,63.0415,134.36,1,3.84615e-05,157,20
4119,7.40437,7.84056,1,3.84615e-05,160,45
4120,38.2434,103.802,1,3.84615e-05,-1,-1
4121,36.1044,-116.251,1,3.84615e-05,102,13
4122,20.7499,55.6722,1,3.84615e-05,147,0
4123,63.5848,70.6218,1,3.84615e-05,-1,-1
4124,21.8808,3.90109,1,3.84615e-05,136,47
4125,-28.1077,-59.9594,1,3.84615e-05,167,23
4126,-5.27876,28.4798,1,3.84615e-05,-1,-1
4127,35.9252,-78.4906,1,3.84615e-05,109,50
4128,14.4874,5.54231,1,3.84615e-05,157,45
4129,-16.9464,141.64,1,3.84615e-05,-1,-1
4130,7.24146,41.7956,1,3.84615e-05,-1,-1
4131,55.1751,116.961,1,3.84615e-05,2,6
4132,19.233,82.8828,1,3.84615e-05,-1,-1
4133,64.9569,99.5947,1,3.84615e-05,141,2
4134,55.7776,-123.195,1,3.84615e-05,-1,-1
4135,33.1331,100.782,1,3.84615e-05,-1,-1
4136,48.4006,57.4025,1,3.84615e-05,-1,-1
4137,14.7607,0.316483,1,3.84615e-05,-1,-1
4138,16.6948,12.0177,1,3.84615e-05,47,87
4139,65.2871,-97.7435,1,3.84615e-05,-1,-1
4140,52.9714,98.7776,1,3.84615e-05,-1,-1
4141,31.3678,-104.277,1,3.84615e-05,40,44
4142,-20.4691,24.7583,1,3.84615e-05,-1,-1
4143,3.2233,33.931,1,3.84615e-05,45,47
4144,43.8709,-79.0823,1,3.84615e-05,-1,-1
4145,66.0585,117.244,1,3.84615e-05,83,8
4146,-32.7328,-68.1317,1,3.84615e-05,164,19
4147,43.607,125.129,1,3.84615e-05,-1,-1
4148,-21.9375,116.931,1,3.84615e-05,154,28
4149,62.8503,163.728,1,3.84615e-05,76,30
4150,-7.10167,-58.4722,1,3.84615e-05,-1,-1
4151,39.3352,-5.93411,1,3.84615e-05,101,40
4152,39.1981,28.8407,1,3.84615e-05,100,53
4153,4.34785,116.724,1,3.84615e-05,-1,-1
4154,-30.1647,137.158,1,3.84615e-05,-1,-1
4155,26.7095,71.0138,1,3.84615e-05,145,62
4156,69.7792,-34.922,1,3.84615e-05,-1,-1
4157,2.74875,27.7817,1,3.84615e-05,-1,-1
4158,27.3961,116.546,1,3.84615e-05,114,19
4159,52.2072,-106.24,1,3.84615e-05,152,43
4160,19.116,75.7143,1,3.84615e-05,1,99
4161,22.3088,-98.5814,1,3.84615e-05,113,59
4162,2.46463,35.1974,1,3.84615e-05,-1,-1
4163,62.7589,102.165,1,3.84615e-05,127,81
4164,36.2017,29.6545,1,3.84615e-05,111,52
4165,-2.5843,38.1534,1,3.84615e-05,-1,-1
4166,78.0251,16.1052,1,3.84615e-05,86,30
4167,39.7918,33.8456,1,3.84615e-05,81,55
4168,19.0945,12.1398,1,3.84615e-05,7,30
4169,-9.8484,24.9292,1,3.84615e-05,-1,-1
4170,9.83929,-61.4443,1,3.84615e-05,63,67
4171,49.1992,55.4581,1,3.84615e-05,-1,-1
4172,39.6882,59.6941,1,3.84615e-05,-1,-1
4173,31.7211,26.2372,1,3.84615e-05,151,58
4174,36.7253,-79.9028,1,3.84615e-05,129,58
4175,-14.2266,35.8482,1,3.84615e-05,-1,-1
4176,66.5801,126.541,1,3.84615e-05,45,2
4177,46.7569,126.629,1,3.84615e-05,12,76
4178,13.3179,41.3001,1,3.84615e-05,113,97
4179,-24.2371,127.835,1,3.84615e-05,-1,-1
4180,19.0048,57.6636,1,3.84615e-05,127,2
4181,64.3073,132.8,1,3.84615e-05,-1,-1
4182,81.3147,-45.8151,1,3.84615e-05,-1,-1
4183,36.2977,4.44749,1,3.84615e-05,120,80
4184,-4.38857,142.571,1,3.84615e-05,85,70
4185,13.4042,17.6957,1,3.84615e-05,110,40
4186,34.5338,-113.656,1,3.84615e-05,79,40
4187,39.9151,113.825,1,3.84615e-05,-1,-1
4188,-31.3879,25.8678,1,3.84615e-05,-1,-1
4189,58.8798,88.6789,1,3.84615e-05,164,87
4190,19.1835,73.3038,1,3.84615e-05,88,6
4191,51.6903,47.4716,1,3.84615e-05,48,61
4192,47.7736,-69.8808,1,3.84615e-05,-1,-1
4193,6.6624,40.223,1,3.84615e-05,-1,-1
4194,-10.0327,16.9304,1,3.84615e-05,5,31
4195,26.7782,60.2436,1,3.84615e-05,-1,-1
4196,59.6848,131.379,1,3.84615e-05,156,20
4197,-20.5579,119.161,1,3.84615e-05,-1,-1
4198,35.6812,90.2623,1,3.84615e-05,36,96
4199,26.238,109.904,1,3.84615e-05,-1,-1
4200,-78.8282,52.0492,1,3.84615e-05,79,24
4201,54.5166,88.2638,1,3.84615e-05,59,0
4202,-18.2229,20.9344,1,3.84615e-05,72,90
4203,44.6565,102.039,1,3.84615e-05,-1,-1
4204,51.826,-83.7307,1,3.84615e-05,86,40
4205,36.3815,114.757,1,3.84615e-05,-1,-1
4206,56.3686,159.275,1,3.84615e-05,112,36
4207,49.0315,139.07,1,3.84615e-05,26,98
4208,20.4959,85.6453,1,3.84615e-05,11,4
4209,27.4169,103.591,1,3.84615e-05,172,13
4210,-77.3183,93.8169,1,3.84615e-05,-1,-1
4211,-23.0968,150.316,1,3.84615e-05,-1,-1
4212,-0.554123,10.9207,1,3.84615e-05,174,90
4213,50.1921,74.972,1,3.84615e-05,145,1
4214,31.717,42.723,1,3.84615e-05,84,55
4215,-82.4475,-145.208,1,3.84615e-05,150,38
4216,-4.96461,137.773,1,3.84615e-05,105,78
4217,-71.8313,35.6562,1,3.84615e-05,43,8
4218,47.4257,46.87,1,3.84615e-05,148,61
4219,27.3688,33.2327,1,3.84615e-05,-1,-1
4220,64.9601,20.9578,1,3.84615e-05,145,71
4221,5.41785,-54.4647,1,3.84615e-05,134,70
4222,-13.0778,-66.2117,1,3.84615e-05,-1,-1
4223,65.0678,-139.53,1,3.84615e-05,94,8
4224,56.9992,-115.142,1,3.84615e-05,-1,-1
4225,-10.9683,29.7724,1,3.84615e-05,-1,-1
4226,55.6745,-101.412,1,3.84615e-05,-1,-1
4227,62.9176,80.7699,1,3.84615e-05,63,70
4228,-69.9442,-66.8936,1,3.84615e-05,113,0
4229,1.23126,-65.6321,1,3.84615e-05,-1,-1
4230,-28.4572,130.919,1,3.84615e-05,-1,-1
4231,-30.3207,-62.0854,1,3.84615e-05,-1,-1
4232,42.6311,52.1046,1,3.84615e-05,90,67
4233,-68.1796,68.8088,1,3.84615e-05,-1,-1
4234,-30.8626,26.8143,1,3.84615e-05,-1,-1
4235,-12.4881,16.5191,1,3.84615e-05,102,97
4236,-54.3399,-67.0972,1,3.84615e-05,2,1
4237,-83.2045,-21.7182,1,3.84615e-05,128,30
4238,44.5389,122.907,1,3.84615e-05,-1,-1
4239,17.9346,49.3135,1,3.84615e-05,155,9
4240,34.2287,-97.1972,1,3.84615e-05,-1,-1
4241,-12.4501,-61.8728,1,3.84615e-05,-1,-1
4242,17.083,21.1801,1,3.84615e-05,-1,-1
4243,26.6236,3.92126,1,3.84615e-05,43,36
4244,50.5341,-69.229,1,3.84615e-05,165,21
4245,23.5673,-101.251,1,3.84615e-05,67,17
4246,63.2901,117.448,1,3.84615e-05,70,87
4247,41.0262,51.3466,1,3.84615e-05,-1,-1
4248,2.62309,31.9845,1,3.84615e-05,109,97
4249,32.5027,115.458,1,3.84615e-05,-1,-1
4250,57.347,37.4509,1,3.84615e-05,7,65
4251,54.7031,111.987,1,3.84615e-05,-1,-1
4252,-11.9255,-44.6075,1,3.84615e-05,-1,-1
4253,5.89266,45.4547,1,3.84615e-05,17,40
4254,-13.3347,33.5775,1,3.84615e-05,-1,-1
4255,45.2636,84.3755,1,3.84615e-05,106,99
4256,-25.8267,22.8739,1,3.84615e-05,32,94
4257,63.459,-18.0444,1,3.84615e-05,151,70
4258,-72.2074,20.2351,1,3.84615e-05,120,0
4259,-3.47984,17.2567,1,3.84615e-05,-1,-1
4260,13.1907,107.399,1,3.84615e-05,6,67
4261,65.5108,96.2825,1,3.84615e-05,-1,-1
4262,67.2161,-157.011,1,3.84615e-05,72,0
4263,14.9469,98.1158,1,3.84615e-05,138,16
4264,71.1996,103.805,1,3.84615e-05,143,2
4265,25.8828,-104.107,1,3.84615e-05,162,54
4266,-30.6129,139.657,1,3.84615e-05,-1,-1
4267,29.9386,33.2488,1,3.84615e-05,14,81
4268,63.1514,100.787,1,3.84615e-05,116,82
4269,-26.2552,127.161,1,3.84615e-05,-1,-1
4270,68.6813,33.1971,1,3.84615e-05,147,71
4271,68.3224,112.69,1,3.84615e-05,-1,-1
4272,18.9105,51.5106,1,3.84615e-05,-1,-1
4273,60.5538,31.0094,1,3.84615e-05,-1,-1
4274,43.2172,84.5705,1,3.84615e-05,-1,-1
4275,52.2635,-63.6052,1,3.84615e-05,174,54
4276,43.1577,50.6266,1,3.84615e-05,110,65
4277,56.6056,54.323,1,3.84615e-05,120,81
4278,45.9987,27.6762,1,3.84615e-05,-1,-1
4279,-70.5027,160.615,1,3.84615e-05,136,30
4280,17.4756,26.7359,1,3.84615e-05,-1,-1
4281,1.4673,41.379,1,3.84615e-05,-1,-1
4282,8.21055,26.3156,1,3.84615e-05,149,93
4283,60.3503,-139.858,1,3.84615e-05,-1,-1
4284,14.9131,4.62592,1,3.84615e-05,66,85
4285,63.8432,-112.608,1,3.84615e-05,-1,-1
4286,62.4803,150.912,1,3.84615e-05,170,30
4287,36.0462,66.3655,1,3.84615e-05,151,94
4288,42.7176,66.1176,1,3.84615e-05,-1,-1
4289,-80.7554,-26.4389,1,3.84615e-05,156,37
4290,31.4917,96.7757,1,3.84615e-05,20,65
4291,2.00392,25.5526,1,3.84615e-05,97,98
4292,49.3499,-106.418,1,3.84615e-05,-1,-1
4293,49.3325,53.0179,1,3.84615e-05,109,65
4294,12.6495,105.083,1,3.84615e-05,-1,-1
4295,38.9547,-2.84093,1,3.84615e-05,96,30
4296,45.2452,136.857,1,3.84615e-05,16,99
4297,34.7002,111.306,1,3.84615e-05,-1,-1
4298,-82.9171,102.067,1,3.84615e-05,14,21
4299,58.7619,66.5022,1,3.84615e-05,-1,-1
4300,73.3257,-119.407,1,3.84615e-05,-1,-1
4301,36.0005,70.3333,1,3.84615e-05,75,69
4302,25.2735,5.09895,1,3.84615e-05,116,49
4303,58.4221,-107.318,1,3.84615e-05,-1,-1
4304,-30.2522,138.822,1,3.84615e-05,-1,-1
4305,49.353,85.5623,1,3.84615e-05,-1,-1
4306,61.6354,50.0503,1,3.84615e-05,139,89
4307,-31.34,24.2047,1,3.84615e-05,-1,-1
4308,-10.6345,25.1496,1,3.84615e-05,157,46
4309,31.2725,47.2064,1,3.84615e-05,-1,-1
4310,24.1389,17.3245,1,3.84615e-05,5,30
4311,30.4866,63.611,1,3.84615e-05,163,60
4312,54.6664,110.126,1,3.84615e-05,-1,-1
4313,-80.5483,25.1524,1,3.84615e-05,1,22
4314,-74.9122,162.551,1,3.84615e-05,115,32
4315,58.8715,62.8102,1,3.84615e-05,-1,-1
4316,-10.7115,26.7647,1,3.84615e-05,-1,-1
4317,-77.9048,119.059,1,3.84615e-05,44,28
4318,-2.48453,114.451,1,3.84615e-05,-1,-1
4319,-84.5992,24.3679,1,3.84615e-05,-1,-1
4320,44.1878,15.3488,1,3.84615e-05,142,88
4321,-74.9482,81.6438,1,3.84615e-05,119,20
4322,36.4433,97.2337,1,3.84615e-05,7,99
4323,-22.8776,115.849,1,3.84615e-05,84,60
4324,31.5276,76.2387,1,3.84615e-05,101,5
4325,-75.2308,87.9539,1,3.84615e-05,-1,-1
4326,48.155,-90.3569,1,3.84615e-05,155,43
4327,44.9709,18.0228,1,3.84615e-05,37,59
4328,24.1442,31.2552,1,3.84615e-05,-1,-1
4329,21.5159,34.0917,1,3.84615e-05,1,41
4330,-31.4389,136.699,1,3.84615e-05,85,25
4331,67.2748,94.8063,1,3.84615e-05,-1,-1
4332,25.8209,17.1527,1,3.84615e-05,67,44
4333,41.4316,-114.271,1,3.84615e-05,140,44
4334,2.05799,41.671,1,3.84615e-05,-1,-1
4335,32.439,63.4002,1,3.84615e-05,153,61
4336,51.9047,71.6686,1,3.84615e-05,-1,-1
4337,51.756,33.3745,1,3.84615e-05,-1,-1
4338,44.1114,-75.5655,1,3.84615e-05,-1,-1
4339,-27.5821,-62.6005,1,3.84615e-05,-1,-1
4340,23.7474,109.839,1,3.84615e-05,4,67
4341,-2.31882,-72.6993,1,3.84615e-05,48,68
4342,50.9988,87.2056,1,3.84615e-05,-1,-1
4343,31.6126,62.4753,1,3.84615e-05,-1,-1
4344,62.4575,-102.229,1,3.84615e-05,-1,-1
4345,52.0693,-89.306,1,3.84615e-05,115,47
4346,32.2644,48.1151,1,3.84615e-05,65,57
4347,62.4643,90.1695,1,3.84615e-05,159,0
4348,-19.8422,-40.1665,1,3.84615e-05,169,83
4349,-81.6706,-28.604,1,3.84615e-05,157,37
4350,63.1459,14.8824,1,3.84615e-05,125,73
4351,35.4065,10.0406,1,3.84615e-05,148,58
4352,28.5817,54.2587,1,3.84615e-05,-1,-1
4353,49.302,-119.827,1,3.84615e-05,-1,-1
4354,-74.5404,-11.4136,1,3.84615e-05,85,23
4355,46.0202,77.6383,1,3.84615e-05,-1,-1
4356,-19.8559,23.0231,1,3.84615e-05,-1,-1
4357,-10.9618,-77.808,1,3.84615e-05,75,65
4358,-25.7058,120.24,1,3.84615e-05,152,28
4359,30.5604,65.6799,1,3.84615e-05,-1,-1
4360,-74.7074,32.159,1,3.84615e-05,30,29
4361,-15.1239,38.6434,1,3.84615e-05,166,7
4362,-27.7084,150.322,1,3.84615e-05,-1,-1
4363,-1.02507,24.9993,1,3.84615e-05,86,99
4364,37.8581,39.0309,1,3.84615e-05,-1,-1
4365,-74.7332,67.7762,1,3.84615e-05,-1,-1
4366,47.2262,123.15,1,3.84615e-05,-1,-1
4367,32.8855,98.282,1,3.84615e-05,-1,-1
4368,-26.8158,151.014,1,3.84615e-05,176,37
4369,-0.612358,-63.7294,1,3.84615e-05,-1,-1
4370,-7.36202,-54.9057,1,3.84615e-05,140,79
4371,43.1038,3.65024,1,3.84615e-05,-1,-1
4372,38.3756,116.153,1,3.84615e-05,-1,-1
4373,-80.3826,44.2451,1,3.84615e-05,59,26
4374,-2.71474,-77.0045,1,3.84615e-05,67,66
4375,38.6724,107.657,1,3.84615e-05,-1,-1
4376,-4.15399,30.6652,1,3.84615e-05,-1,-1
4377,72.986,-107.313,1,3.84615e-05,148,22
4378,-17.547,144.499,1,3.84615e-05,80,71
4379,20.2021,16.89,1,3.84615e-05,78,43
4380,64.2508,55.5108,1,3.84615e-05,-1,-1
4381,-27.1522,125.752,1,3.84615e-05,124,21
4382,-21.6899,129.078,1,3.84615e-05,-1,-1
4383,11.3728,22.1587,1,3.84615e-05,-1,-1
4384,-19.1496,-62.9632,1,3.84615e-05,156,77
4385,73.231,97.7812,1,3.84615e-05,162,0
4386,-7.64447,29.9132,1,3.84615e-05,-1,-1
4387,-25.365,20.3566,1,3.84615e-05,41,93
4388,38.8221,104,1,3.84615e-05,-1,-1
4389,15.9378,10.6793,1,3.84615e-05,-1,-1
4390,-30.8754,-66.4003,1,3.84615e-05,152,77
4391,27.5369,3.23729,1,3.84615e-05,115,49
4392,61.1138,-138.404,1,3.84615e-05,105,7
4393,40.623,-100.182,1,3.84615e-05,15,12
4394,-12.1208,-55.0951,1,3.84615e-05,-1,-1
4395,19.0373,7.01373,1,3.84615e-05,87,83
4396,6.39506,14.1681,1,3.84615e-05,20,39
4397,48.3627,-101.138,1,3.84615e-05,-1,-1
4398,39.2185,35.9778,1,3.84615e-05,-1,-1
4399,-84.0429,9.23505,1,3.84615e-05,24,31
4400,51.9212,85.1255,1,3.84615e-05,164,70
4401,16.5035,5.64011,1,3.84615e-05,-1,-1
4402,76.0536,-108.231,1,3.84615e-05,80,29
4403,-70.6568,54.7929,1,3.84615e-05,-1,-1
4404,57.2387,115.259,1,3.84615e-05,50,89
4405,44.3726,39.6124,1,3.84615e-05,57,87
4406,-76.4745,-24.2705,1,3.84615e-05,117,31
4407,29.5429,-114.593,1,3.84615e-05,27,45
4408,-16.7567,131.963,1,3.84615e-05,108,23
4409,58.1059,113.564,1,3.84615e-05,148,89
4410,15.0928,34.9722,1,3.84615e-05,102,98
4411,-15.5288,24.1485,1,3.84615e-05,-1,-1
4412,-24.4438,134.007,1,3.84615e-05,-1,-1
4413,-74.3724,-90.5766,1,3.84615e-05,172,4
4414,-12.1217,132.22,1,3.84615e-05,15,67
4415,47.1119,2.76802,1,3.84615e-05,75,55
4416,33.0435,-103.351,1,3.84615e-05,1,48
4417,59.6843,-124.898,1,3.84615e-05,-1,-1
4418,44.0104,120.705,1,3.84615e-05,-1,-1
4419,63.5354,138.071,1,3.84615e-05,-1,-1
4420,73.4637,-97.8924,1,3.84615e-05,129,24
4421,-23.7307,24.5055,1,3.84615e-05,-1,-1
4422,-77.5602,-119.74,1,3.84615e-05,-1,-1
4423,46.1168,83.426,1,3.84615e-05,-1,-1
4424,-6.08987,33.7859,1,3.84615e-05,-1,-1
4425,34.0748,-4.49153,1,3.84615e-05,107,39
4426,47.1856,5.13596,1,3.84615e-05,-1,-1
4427,70.5715,68.8576,1,3.84615e-05,101,76
4428,23.9163,98.7467,1,3.84615e-05,12,66
4429,24.5503,55.1964,1,3.84615e-05,-1,-1
4430,27.7437,-108.563,1,3.84615e-05,75,16
4431,-74.0076,-97.4193,1,3.84615e-05,-1,-1
4432,-3.70059,-50.7621,1,3.84615e-05,131,70
4433,55.0133,-91.1903,1,3.84615e-05,-1,-1
4434,-76.1766,66.8572,1,3.84615e-05,138,28
4435,17.2283,19.7325,1,3.84615e-05,9,81
4436,-2.49947,136.873,1,3.84615e-05,104,78
4437,-45.0076,167.329,1,3.84615e-05,69,73
4438,21.4634,5.65799,1,3.84615e-05,54,35
4439,-15.567,21.3826,1,3.84615e-05,-1,-1
4440,-33.632,21.3977,1,3.84615e-05,-1,-1
4441,-30.9323,-58.0778,1,3.84615e-05,106,15
4442,20.2136,100.696,1,3.84615e-05,-1,-1
4443,43.027,55.8887,1,3.84615e-05,-1,-1
4444,-26.6105,142.559,1,3.84615e-05,131,76
4445,66.3937,70.3217,1,3.84615e-05,-1,-1
4446,39.5784,-97.6331,1,3.84615e-05,63,42
4447,0.864784,39.6953,1,3.84615e-05,-1,-1
4448,9.48518,38.1803,1,3.84615e-05,-1,-1
4449,-28.9,-57.3235,1,3.84615e-05,135,12
4450,-3.97277,-53.7619,1,3.84615e-05,-1,-1
4451,-28.302,116.32,1,3.84615e-05,135,65
4452,44.1088,114.317,1,3.84615e-05,-1,-1
4453,-11.534,-45.7855,1,3.84615e-05,71,76
4454,1.43681,27.3366,1,3.84615e-05,-1,-1
4455,55.42,121.965,1,3.84615e-05,120,82
4456,25.4388,63.722,1,3.84615e-05,-1,-1
4457,-22.8887,-60.9558,1,3.84615e-05,-1,-1
4458,4.97558,-64.3508,1,3.84615e-05,-1,-1
4459,46.1814,-99.2854,1,3.84615e-05,-1,-1
4460,32.8181,1.86353,1,3.84615e-05,103,40
4461,-73.7346,111.246,1,3.84615e-05,102,22
4462,50.7774,-66.0419,1,3.84615e-05,127,25
4463,63.5546,68.6258,1,3.84615e-05,168,9
4464,27.3864,113.776,1,3.84615e-05,-1,-1
4465,-73.7959,68.6915,1,3.84615e-05,-1,-1
4466,-11.0008,-64.2337,1,3.84615e-05,91,16
4467,62.7289,-155.584,1,3.84615e-05,-1,-1
4468,27.2222,89.3724,1,3.84615e-05,42,1
4469,4.86872,10.0806,1,3.84615e-05,175,90
4470,-82.9126,-126.516,1,3.84615e-05,112,32
4471,-70.7358,-66.9322,1,3.84615e-05,173,4
4472,47.9851,-55.0807,1,3.84615e-05,44,57
4473,48.7098,50.6597,1,3.84615e-05,118,64
4474,14.2169,102.697,1,3.84615e-05,-1,-1
4475,-82.2204,60.5551,1,3.84615e-05,175,24
4476,44.4838,142.489,1,3.84615e-05,141,17
4477,-78.6721,5.53278,1,3.84615e-05,52,38
4478,-21.5172,30.0604,1,3.84615e-05,-1,-1
4479,-81.0477,-87.3807,1,3.84615e-05,-1,-1
4480,67.7305,-85.4548,1,3.84615e-05,-1,-1
4481,68.6681,-119.32,1,3.84615e-05,-1,-1
4482,-30.0782,135.29,1,3.84615e-05,-1,-1
4483,-15.9008,17.2387,1,3.84615e-05,92,98
4484,50.7861,-71.3929,1,3.84615e-05,-1,-1
4485,-13.9518,13.1683,1,3.84615e-05,16,30
4486,22.2439,30.0311,1,3.84615e-05,162,92
4487,17.0297,104.108,1,3.84615e-05,160,14
4488,47.3363,128.233,1,3.84615e-05,164,94
4489,-14.3474,37.3629,1,3.84615e-05,-1,-1
4490,-18.62,-54.8208,1,3.84615e-05,-1,-1
4491,-66.6324,136.059,1,3.84615e-05,38,29
4492,9.5574,4.84097,1,3.84615e-05,-1,-1
4493,6.93244,80.8656,1,3.84615e-05,17,3
4494,-82.1139,-6.48332,1,3.84615e-05,153,26
4495,49.4038,137.515,1,3.84615e-05,144,21
4496,-26.316,-56.4048,1,3.84615e-05,-1,-1
4497,18.0418,26.5604,1,3.84615e-05,-1,-1
4498,62.3998,23.698,1,3.84615e-05,67,79
4499,-21.4445,-51.5536,1,3.84615e-05,-1,-1
4500,-77.4942,31.4122,1,3.84615e-05,-1,-1
4501,-3.2304,35.7993,1,3.84615e-05,58,92
4502,53.6557,135.941,1,3.84615e-05,-1,-1
4503,-12.9424,-63.4591,1,3.84615e-05,-1,-1
4504,-16.0818,131.053,1,3.84615e-05,156,73
4505,11.1811,106.855,1,3.84615e-05,89,11
4506,-25.9727,30.097,1,3.84615e-05,3,97
4507,57.3378,28.8952,1,3.84615e-05,-1,-1
4508,17.1806,-9.89601,1,3.84615e-05,153,86
4509,1.41171,16.0565,1,3.84615e-05,11,30
4510,-51.782,-69.8828,1,3.84615e-05,49,77
4511,32.0691,5.33434,1,3.84615e-05,44,46
4512,-83.9867,120.385,1,3.84615e-05,-1,-1
4513,38.2422,-5.2991,1,3.84615e-05,51,45
4514,1.44494,-59.8437,1,3.84615e-05,-1,-1
4515,58.7034,29.6193,1,3.84615e-05,156,87
4516,-28.5058,142.668,1,3.84615e-05,102,79
4517,-13.5997,20.8311,1,3.84615e-05,-1,-1
4518,-84.2201,10.9142,1,3.84615e-05,24,31
4519,58.8942,42.9971,1,3.84615e-05,99,83
4520,47.7842,134.182,1,3.84615e-05,170,14
4521,4.42139,43.7026,1,3.84615e-05,180,56
4522,-18.7989,-67.9614,1,3.84615e-05,-1,-1
4523,13.5954,31.8369,1,3.84615e-05,-1,-1
4524,29.2647,83.5536,1,3.84615e-05,-1,-1
4525,44.936,23.6133,1,3.84615e-05,19,51
4526,-44.2306,170.494,1,3.84615e-05,69,48
4527,-81.4926,-40.1859,1,3.84615e-05,109,32
4528,36.753,-108.848,1,3.84615e-05,80,40
4529,-3.53873,17.9782,1,3.84615e-05,-1,-1
4530,74.5464,-55.6403,1,3.84615e-05,35,24
4531,48.4953,28.2983,1,3.84615e-05,-1,-1
4532,20.5508,19.8523,1,3.84615e-05,40,88
4533,-73.1225,158.068,1,3.84615e-05,135,30
4534,64.9043,13.5836,1,3.84615e-05,164,79
4535,21.4159,19.2931,1,3.84615e-05,50,87
4536,24.3435,82.7645,1,3.84615e-05,108,66
4537,60.993,130.323,1,3.84615e-05,52,89
4538,21.4777,86.5995,1,3.84615e-05,-1,-1
4539,-23.6022,26.1748,1,3.84615e-05,-1,-1
4540,5.40285,27.7369,1,3.84615e-05,-1,-1
4541,34.7356,-92.4204,1,3.84615e-05,13,47
4542,-79.2697,47.8609,1,3.84615e-05,107,21
4543,-70.5766,54.0923,1,3.84615e-05,5,2
4544,-10.1854,-70.2045,1,3.84615e-05,109,14
4545,-11.5116,-64.7635,1,3.84615e-05,-1,-1
4546,49.2771,27.1008,1,3.84615e-05,144,61
4547,53.1635,62.9656,1,3.84615e-05,31,63
4548,47.0548,-118.609,1,3.84615e-05,169,41
4549,37.0343,61.0878,1,3.84615e-05,-1,-1
4550,56.4309,36.6182,1,3.84615e-05,37,62
4551,74.5167,107.86,1,3.84615e-05,-1,-1
4552,29.1376,-104.614,1,3.84615e-05,29,45
4553,16.9617,-1.72798,1,3.84615e-05,-1,-1
4554,40.7273,58.854,1,3.84615e-05,-1,-1
4555,59.0819,-97.1977,1,3.84615e-05,-1,-1
4556,49.2687,-80.7539,1,3.84615e-05,-1,-1
4557,41.3518,114.318,1,3.84615e-05,-1,-1
4558,51.2174,-114.498,1,3.84615e-05,-1,-1
4559,41.2344,-105.186,1,3.84615e-05,24,11
4560,-31.1372,150.411,1,3.84615e-05,-1,-1
4561,-76.5486,161.531,1,3.84615e-05,124,31
4562,-73.4641,9.30299,1,3.84615e-05,139,8
4563,47.572,61.5826,1,3.84615e-05,-1,-1
4564,61.0196,151.534,1,3.84615e-05,-1,-1
4565,20.5498,-102.766,1,3.84615e-05,132,57
4566,61.6926,-96.6166,1,3.84615e-05,-1,-1
4567,60.1231,-164.662,1,3.84615e-05,9,37
4568,14.9734,-83.8149,1,3.84615e-05,43,10
4569,51.2946,-101.445,1,3.84615e-05,-1,-1
4570,53.5404,19.7164,1,3.84615e-05,172,68
4571,25.2392,2.6152,1,3.84615e-05,127,89
4572,37.0692,32.073,1,3.84615e-05,102,53
4573,39.757,73.3552,1,3.84615e-05,-1,-1
4574,18.9726,17.2627,1,3.84615e-05,48,87
4575,50.1014,114.63,1,3.84615e-05,-1,-1
4576,51.0697,-74.911,1,3.84615e-05,162,55
4577,-2.00963,137.992,1,3.84615e-05,-1,-1
4578,48.2806,132.855,1,3.84615e-05,-1,-1
4579,-18.6356,135.264,1,3.84615e-05,-1,-1
4580,-72.3145,120.772,1,3.84615e-05,74,25
4581,42.3022,84.6501,1,3.84615e-05,-1,-1
4582,-42.6327,-70.7204,1,3.84615e-05,171,98
4583,69.1741,109.85,1,3.84615e-05,-1,-1
4584,-29.7025,-67.8535,1,3.84615e-05,-1,-1
4585,46.7929,77.9374,1,3.84615e-05,-1,-1
4586,12.4597,7.4216,1,3.84615e-05,-1,-1
4587,-16.1408,36.7187,1,3.84615e-05,-1,-1
4588,-79.9446,-0.256058,1,3.84615e-05,144,27
4589,-17.5657,-65.0884,1,3.84615e-05,166,76
4590,15.7244,-15.1102,1,3.84615e-05,151,86
4591,-28.6167,23.0666,1,3.84615e-05,21,95
4592,77.8258,-55.6034,1,3.84615e-05,25,25
4593,-3.42701,-70.9525,1,3.84615e-05,88,16
4594,67.9897,-36.7993,1,3.84615e-05,-1,-1
4595,17.6435,-100.676,1,3.84615e-05,99,14
4596,18.2397,12.0987,1,3.84615e-05,88,42
4597,-20.9966,22.6671,1,3.84615e-05,53,92
4598,37.728,-3.94635,1,3.84615e-05,177,84
4599,33.3996,71.6464,1,3.84615e-05,121,3
4600,51.7722,102.62,1,3.84615e-05,-1,-1
4601,54.7492,115.024,1,3.84615e-05,168,87
4602,69.0545,-146.521,1,3.84615e-05,92,8
4603,75.2875,-26.6432,1,3.84615e-05,153,33
4604,-46.2643,-68.0367,1,3.84615e-05,2,95
4605,-24.3554,24.9799,1,3.84615e-05,-1,-1
4606,-18.3264,135.796,1,3.84615e-05,-1,-1
4607,-6.3446,-57.9467,1,3.84615e-05,161,23
4608,31.5409,-96.0919,1,3.84615e-05,154,55
4609,-26.048,-50.9658,1,3.84615e-05,86,17
4610,42.83,27.7849,1,3.84615e-05,10,52
4611,-1.8847,24.9229,1,3.84615e-05,-1,-1
4612,55.9118,-71.4084,1,3.84615e-05,164,21
4613,57.4857,162.909,1,3.84615e-05,23,24
4614,14.7439,8.78688,1,3.84615e-05,46,87
4615,50.3493,48.0401,1,3.84615e-05,108,65
4616,31.8186,35.7595,1,3.84615e-05,113,52
4617,-17.2076,47.4771,1,3.84615e-05,-1,-1
4618,44.8574,142.011,1,3.84615e-05,127,98
4619,64.5587,130.952,1,3.84615e-05,-1,-1
4620,22.7598,78.0337,1,3.84615e-05,2,99
4621,60.402,151.407,1,3.84615e-05,160,31
4622,57.0684,49.6673,1,3.84615e-05,149,88
4623,37.7492,45.3067,1,3.84615e-05,-1,-1
4624,29.4847,33.4217,1,3.84615e-05,14,81
4625,37.8765,55.8834,1,3.84615e-05,-1,-1
4626,47.0967,88.6026,1,3.84615e-05,-1,-1
4627,18.2795,-98.2415,1,3.84615e-05,101,50
4628,56.2367,-114.963,1,3.84615e-05,-1,-1
4629,-69.4604,105.924,1,3.84615e-05,141,28
4630,-21.2965,-46.2002,1,3.84615e-05,58,77
4631,18.8118,-5.74207,1,3.84615e-05,-1,-1
4632,30.9927,-7.35175,1,3.84615e-05,-1,-1
4633,25.5269,41.762,1,3.84615e-05,-1,-1
4634,65.8845,138.196,1,3.84615e-05,172,30
4635,24.3737,-6.43155,1,3.84615e-05,-1,-1
4636,54.0839,109.539,1,3.84615e-05,129,81
4637,20.1004,-75.7301,1,3.84615e-05,151,68
4638,-68.4959,61.1384,1,3.84615e-05,-1,-1
4639,46.6996,-75.6835,1,3.84615e-05,67,42
4640,34.8638,-113.624,1,3.84615e-05,79,40
4641,0.107574,-73.0207,1,3.84615e-05,58,67
4642,-40.5639,-68.3808,1,3.84615e-05,1,95
4643,-20.105,142.575,1,3.84615e-05,119,77
4644,46.5369,62.5637,1,3.84615e-05,154,0
4645,-9.238,-41.1619,1,3.84615e-05,-1,-1
4646,65.0422,-160.67,1,3.84615e-05,-1,-1
4647,-74.9324,62.611,1,3.84615e-05,176,24
4648,47.2879,-107.791,1,3.84615e-05,-1,-1
4649,-22.7371,114.367,1,3.84615e-05,114,67
4650,33.4768,82.8728,1,3.84615e-05,83,7
4651,28.4621,30.1727,1,3.84615e-05,143,59
4652,40.3944,76.1484,1,3.84615e-05,15,65
4653,78.9164,-64.0972,1,3.84615e-05,53,22
4654,-77.0471,-82.608,1,3.84615e-05,-1,-1
4655,-29.184,-60.0714,1,3.84615e-05,-1,-1
4656,52.8952,17.3319,1,3.84615e-05,132,62
4657,34.9004,105.408,1,3.84615e-05,-1,-1
4658,67.9576,131.078,1,3.84615e-05,-1,-1
4659,45.6169,-63.6587,1,3.84615e-05,178,66
4660,-2.70697,-45.7537,1,3.84615e-05,113,72
4661,61.8723,-160.82,1,3.84615e-05,122,5
4662,41.5878,42.1436,1,3.84615e-05,28,80
4663,-13.0972,13.5343,1,3.84615e-05,-1,-1
4664,8.51794,41.0685,1,3.84615e-05,-1,-1
4665,19.9046,17.0568,1,3.84615e-05,78,43
4666,4.80664,101.068,1,3.84615e-05,96,68
4667,-19.0349,46.6516,1,3.84615e-05,136,0
4668,2.87292,43.8759,1,3.84615e-05,-1,-1
4669,11.4106,30.5797,1,3.84615e-05,-1,-1
4670,-1.55237,10.2606,1,3.84615e-05,23,89
4671,7.63171,48.2215,1,3.84615e-05,153,9
4672,65.3851,-152.966,1,3.84615e-05,132,4
4673,-72.5946,108.13,1,3.84615e-05,121,20
4674,9.22667,-8.52097,1,3.84615e-05,114,39
4675,-25.6548,17.7191,1,3.84615e-05,40,93
4676,-0.844406,9.43605,1,3.84615e-05,173,90
4677,2.52593,114.968,1,3.84615e-05,-1,-1
4678,31.2225,-104.723,1,3.84615e-05,40,44
4679,-9.69919,-40.1894,1,3.84615e-05,-1,-1
4680,72.1421,-124.911,1,3.84615e-05,-1,-1
4681,47.9962,102.241,1,3.84615e-05,147,72
4682,36.0017,77.5431,1,3.84615e-05,94,90
4683,-23.7264,136.139,1,3.84615e-05,-1,-1
4684,58.288,140.533,1,3.84615e-05,24,82
4685,58.8593,96.5403,1,3.84615e-05,155,88
4686,50.0317,26.3603,1,3.84615e-05,135,89
4687,59.1818,74.4103,1,3.84615e-05,-1,-1
4688,69.2827,-149.147,1,3.84615e-05,102,7
4689,46.7966,57.4696,1,3.84615e-05,-1,-1
4690,53.5492,-94.895,1,3.84615e-05,-1,-1
4691,41.6326,-111.957,1,3.84615e-05,62,17
4692,52.5784,-87.1115,1,3.84615e-05,126,46
4693,1.9186,-78.8081,1,3.84615e-05,95,15
4694,53.7159,39.6521,1,3.84615e-05,127,80
4695,70.4767,130.307,1,3.84615e-05,-1,-1
4696,0.962639,15.3601,1,3.84615e-05,-1,-1
4697,62.5235,163.966,1,3.84615e-05,76,30
4698,68.0161,92.7932,1,3.84615e-05,132,3
4699,64.1097,-123.598,1,3.84615e-05,17,6
4700,27.7138,21.3763,1,3.84615e-05,172,56
4701,59.3489,59.3487,1,3.84615e-05,170,86
4702,-16.7305,124.421,1,3.84615e-05,-1,-1
4703,-4.52894,-40.1223,1,3.84615e-05,-1,-1
4704,56.7978,-120.519,1,3.84615e-05,-1,-1
4705,69.5741,-153.429,1,3.84615e-05,112,6
4706,9.9003,43.5705,1,3.84615e-05,-1,-1
4707,25.7133,-12.161,1,3.84615e-05,174,84
4708,7.31139,-0.621521,1,3.84615e-05,58,35
4709,-86.5133,-54.3579,1,3.84615e-05,149,38
4710,-7.53003,-61.5105,1,3.84615e-05,31,12
4711,32.8576,-99.6535,1,3.84615e-05,174,53
4712,10.1592,106.867,1,3.84615e-05,-1,-1
4713,-13.5094,-67.9224,1,3.84615e-05,-1,-1
4714,20.0065,106.416,1,3.84615e-05,161,14
4715,52.8979,27.776,1,3.84615e-05,165,86
4716,-77.4937,-130.041,1,3.84615e-05,-1,-1
4717,37.5606,-115.987,1,3.84615e-05,129,45
4718,35.215,8.224,1,3.84615e-05,22,38
4719,41.2641,-121.411,1,3.84615e-05,80,15
4720,75.1047,95.1983,1,3.84615e-05,-1,-1
4721,43.9884,89.1361,1,3.84615e-05,-1,-1
4722,34.854,108.76,1,3.84615e-05,161,71
4723,53.719,109.746,1,3.84615e-05,129,81
4724,61.1471,169.993,1,3.84615e-05,66,31
4725,11.7877,10.799,1,3.84615e-05,9,30
4726,-21.3285,-61.5301,1,3.84615e-05,-1,-1
4727,62.7794,-135.657,1,3.84615e-05,75,0
4728,-7.11521,-48.6028,1,3.84615e-05,-1,-1
4729,37.2635,106.803,1,3.84615e-05,-1,-1
4730,-81.0324,134.597,1,3.84615e-05,-1,-1
4731,-83.0709,-22.0927,1,3.84615e-05,128,30
4732,6.46169,-64.3069,1,3.84615e-05,-1,-1
4733,49.9947,14.0343,1,3.84615e-05,37,36
4734,-10.8046,-44.0517,1,3.84615e-05,-1,-1
4735,35.5375,-78.9185,1,3.84615e-05,79,53
4736,-24.6556,131.48,1,3.84615e-05,-1,-1
4737,62.8931,141.733,1,3.84615e-05,-1,-1
4738,35.7604,53.537,1,3.84615e-05,-1,-1
4739,68.1035,136.212,1,3.84615e-05,-1,-1
4740,57.0486,55.7149,1,3.84615e-05,110,82
4741,-39.4035,-62.4485,1,3.84615e-05,72,75
4742,40.0118,120.731,1,3.84615e-05,-1,-1
4743,13.3035,105.141,1,3.84615e-05,25,65
4744,37.6922,-5.24687,1,3.84615e-05,51,45
4745,44.003,-112.772,1,3.84615e-05,42,19
4746,56.0088,129.653,1,3.84615e-05,4,84
4747,8.46592,24.23,1,3.84615e-05,102,41
4748,27.5602,87.1048,1,3.84615e-05,49,62
4749,44.9306,-92.9381,1,3.84615e-05,103,48
4750,40.0907,-103.892,1,3.84615e-05,91,49
4751,25.6921,30.8321,1,3.84615e-05,134,50
4752,65.8322,-158.824,1,3.84615e-05,-1,-1
4753,-75.4395,-16.1905,1,3.84615e-05,75,24
4754,19.9038,-15.0352,1,3.84615e-05,139,36
4755,45.7897,-105.536,1,3.84615e-05,171,41
4756,51.9053,96.9122,1,3.84615e-05,146,72
4757,-70.4919,80.2538,1,3.84615e-05,-1,-1
4758,-27.8303,140.472,1,3.84615e-05,-1,-1
4759,-17.9171,134.743,1,3.84615e-05,-1,-1
4760,-87.5165,-97.4471,1,3.84615e-05,93,34
4761,4.63689,-55.3819,1,3.84615e-05,23,61
4762,65.2059,28.797,1,3.84615e-05,-1,-1
4763,47.2742,88.1784,1,3.84615e-05,-1,-1
4764,40.3217,86.492,1,3.84615e-05,96,90
4765,52.435,-2.61769,1,3.84615e-05,43,58
4766,8.37728,4.28816,1,3.84615e-05,-1,-1
4767,50.7823,-68.1157,1,3.84615e-05,-1,-1
4768,-42.289,171.022,1,3.84615e-05,19,78
4769,48.9616,97.6027,1,3.84615e-05,-1,-1
4770,-8.25336,24.8786,1,3.84615e-05,-1,-1
4771,25.9512,1.36862,1,3.84615e-05,134,47
4772,55.8008,63.4533,1,3.84615e-05,43,89
4773,15.8488,104.166,1,3.84615e-05,120,18
4774,-76.0549,40.0441,1,3.84615e-05,2,22
4775,30.0428,65.8656,1,3.84615e-05,139,1
4776,10.9945,23.9185,1,3.84615e-05,-1,-1
4777,16.927,-8.30154,1,3.84615e-05,-1,-1
4778,63.8208,78.8611,1,3.84615e-05,173,86
4779,26.2421,46.5821,1,3.84615e-05,-1,-1
4780,13.3842,29.2817,1,3.84615e-05,62,45
4781,43.1161,79.4187,1,3.84615e-05,-1,-1
4782,47.4453,130.137,1,3.84615e-05,-1,-1
4783,-74.8839,7.93845,1,3.84615e-05,41,39
4784,26.1947,20.0392,1,3.84615e-05,-1,-1
4785,70.5069,-110.18,1,3.84615e-05,-1,-1
4786,69.0647,-143.378,1,3.84615e-05,83,9
4787,7.45505,-70.9977,1,3.84615e-05,60,67
4788,32.2706,-2.47597,1,3.84615e-05,167,85
4789,38.9944,-85.5646,1,3.84615e-05,-1,-1
4790,-14.5256,-74.9426,1,3.84615e-05,139,11
4791,38.3813,36.0282,1,3.84615e-05,7,82
4792,-67.8288,123.279,1,3.84615e-05,85,24
4793,5.3661,44.5794,1,3.84615e-05,-1,-1
4794,48.5472,-115.132,1,3.84615e-05,-1,-1
4795,-69.7902,56.8913,1,3.84615e-05,-1,-1
4796,-5.76499,37.8929,1,3.84615e-05,178,6
4797,-1.30445,28.284,1,3.84615e-05,-1,-1
4798,-5.51174,105.619,1,3.84615e-05,36,16
4799,31.319,112.196,1,3.84615e-05,144,16
4800,34.6922,116.806,1,3.84615e-05,-1,-1
4801,35.8393,38.5562,1,3.84615e-05,-1,-1
4802,25.0784,88.837,1,3.84615e-05,80,69
4803,37.4458,63.1866,1,3.84615e-05,-1,-1
4804,-5.04887,32.8146,1,3.84615e-05,107,41
4805,-7.16509,22.7604,1,3.84615e-05,-1,-1
4806,37.7635,71.2502,1,3.84615e-05,142,95
4807,6.86278,30.5658,1,3.84615e-05,89,99
4808,-70.3949,72.0883,1,3.84615e-05,-1,-1
4809,48.3878,29.1543,1,3.84615e-05,116,81
4810,-11.6638,27.732,1,3.84615e-05,-1,-1
4811,61.4101,73.1452,1,3.84615e-05,148,1
4812,53.4325,13.0221,1,3.84615e-05,62,69
4813,37.6522,-118.613,1,3.84615e-05,101,13
4814,-3.71317,20.8852,1,3.84615e-05,154,46
4815,55.7213,83.4191,1,3.84615e-05,99,6
4816,-71.36,14.1049,1,3.84615e-05,2,33
4817,-8.90028,-61.759,1,3.84615e-05,-1,-1
4818,-4.75017,-62.7356,1,3.84615e-05,-1,-1
4819,-32.0077,-63.3266,1,3.84615e-05,-1,-1
4820,70.5554,127.509,1,3.84615e-05,145,2
4821,-22.0973,24.8587,1,3.84615e-05,-1,-1
4822,13.4573,29.1146,1,3.84615e-05,62,45
4823,30.7469,86.4465,1,3.84615e-05,63,9
4824,22.3772,103.624,1,3.84615e-05,180,12
4825,15.0753,14.2602,1,3.84615e-05,89,42
4826,7.65067,-11.4909,1,3.84615e-05,120,89
4827,67.816,-52.15,1,3.84615e-05,56,22
4828,36.3999,-121.101,1,3.84615e-05,121,11
4829,35.1899,91.6606,1,3.84615e-05,28,64
4830,-1.21064,38.4203,1,3.84615e-05,-1,-1
4831,-22.4573,28.7518,1,3.84615e-05,-1,-1
4832,40.0167,-8.87849,1,3.84615e-05,87,31
4833,70.8244,92.2773,1,3.84615e-05,152,1
4834,-2.0878,21.8025,1,3.84615e-05,144,47
4835,29.974,13.1246,1,3.84615e-05,-1,-1
4836,37.2847,110.397,1,3.84615e-05,111,76
4837,56.7133,123.685,1,3.84615e-05,12,83
4838,4.37431,42.7362,1,3.84615e-05,16,40
4839,7.01945,39.5696,1,3.84615e-05,-1,-1
4840,63.8693,34.8224,1,3.84615e-05,48,71
4841,5.1757,117.977,1,3.84615e-05,-1,-1
4842,71.1718,-85.8364,1,3.84615e-05,178,29
4843,34.6793,97.77,1,3.84615e-05,10,66
4844,-20.6857,14.4393,1,3.84615e-05,8,31
4845,36.3223,95.7104,1,3.84615e-05,28,97
4846,31.8532,-84.1855,1,3.84615e-05,107,50
4847,5.22231,-59.4441,1,3.84615e-05,12,62
4848,58.6344,-70.4497,1,3.84615e-05,153,22
4849,1.98128,-71.7701,1,3.84615e-05,59,67
4850,64.0186,-51.7291,1,3.84615e-05,67,21
4851,51.8533,27.736,1,3.84615e-05,-1,-1
4852,-12.2719,-46.3905,1,3.84615e-05,100,73
4853,-23.6134,32.544,1,3.84615e-05,4,97
4854,-1.04959,-50.1535,1,3.84615e-05,132,70
4855,27.6629,-81.7457,1,3.84615e-05,1,14
4856,10.9808,47.1181,1,3.84615e-05,140,50
4857,-28.6934,-50.4577,1,3.84615e-05,67,19
4858,10.4338,15.5821,1,3.84615e-05,130,48
4859,4.43626,-61.8967,1,3.84615e-05,32,60
4860,43.9474,112.767,1,3.84615e-05,-1,-1
4861,20.9109,-101.196,1,3.84615e-05,88,15
4862,30.6473,74.3633,1,3.84615e-05,115,65
4863,48.8923,107.072,1,3.84615e-05,-1,-1
4864,-4.89657,143.262,1,3.84615e-05,56,73
4865,20.8384,31.9843,1,3.84615e-05,31,48
4866,42.99,1.28612,1,3.84615e-05,175,55
4867,-86.0968,-100.345,1,3.84615e-05,159,37
4868,48.3102,-110.921,1,3.84615e-05,-1,-1
4869,2.75462,24.6168,1,3.84615e-05,83,43
4870,-85.9252,12.3452,1,3.84615e-05,63,37
4871,69.7335,137.861,1,3.84615e-05,173,30
4872,50.3525,72.7355,1,3.84615e-05,13,65
4873,-11.9138,-68.9983,1,3.84615e-05,157,77
4874,60.0984,-134.201,1,3.84615e-05,86,9
4875,-15.3032,-70.1149,1,3.84615e-05,-1,-1
4876,25.0055,108.302,1,3.84615e-05,3,67
4877,-35.8765,-64.1141,1,3.84615e-05,165,19
4878,42.0858,59.8508,1,3.84615e-05,-1,-1
4879,-74.2801,23.8289,1,3.84615e-05,71,5
4880,-76.7731,-138.196,1,3.84615e-05,1,34
4881,25.8071,47.7306,1,3.84615e-05,-1,-1
4882,-31.6411,136.584,1,3.84615e-05,85,25
4883,-72.3195,143.217,1,3.84615e-05,-1,-1
4884,48.1995,-95.4909,1,3.84615e-05,164,42
4885,35.9178,64.6506,1,3.84615e-05,-1,-1
4886,-5.31705,142.982,1,3.84615e-05,73,27
4887,59.5104,98.3157,1,3.84615e-05,-1,-1
4888,-28.4889,-57.8836,1,3.84615e-05,135,12
4889,30.6154,109.185,1,3.84615e-05,133,74
4890,-6.94437,-36.0528,1,3.84615e-05,67,23
4891,13.8925,27.9111,1,3.84615e-05,72,44
4892,-0.122475,-54.3402,1,3.84615e-05,152,78
4893,52.1404,100.66,1,3.84615e-05,-1,-1
4894,-27.4154,132.663,1,3.84615e-05,-1,-1
4895,11.3957,106.758,1,3.84615e-05,89,11
4896,-20.405,-52.3649,1,3.84615e-05,-1,-1
4897,-3.73913,-67.8697,1,3.84615e-05,19,61
4898,-6.42462,-37.3354,1,3.84615e-05,44,79
4899,46.6501,120.03,1,3.84615e-05,-1,-1
4900,-22.2213,-52.2348,1,3.84615e-05,-1,-1
4901,32.4074,85.7883,1,3.84615e-05,67,60
4902,45.9038,99.7081,1,3.84615e-05,-1,-1
4903,-34.8483,118.217,1,3.84615e-05,156,63
4904,75.7233,-91.5083,1,3.84615e-05,168,20
4905,20.9671,-6.65474,1,3.84615e-05,82,32
4906,61.8951,-102.123,1,3.84615e-05,-1,-1
4907,21.1485,47.0858,1,3.84615e-05,-1,-1
4908,43.7637,84.6851,1,3.84615e-05,-1,-1
4909,55.7433,68.306,1,3.84615e-05,157,0
4910,64.5011,-117.676,1,3.84615e-05,-1,-1
4911,-33.2071,141.106,1,3.84615e-05,-1,-1
4912,23.9141,-102.571,1,3.84615e-05,-1,-1
4913,38.7332,92.8147,1,3.84615e-05,16,4
4914,-68.1492,42.5546,1,3.84615e-05,64,6
4915,-23.7288,135.334,1,3.84615e-05,-1,-1
4916,-70.5954,138.043,1,3.84615e-05,17,21
4917,19.1562,52.5537,1,3.84615e-05,-1,-1
4918,53.5163,-91.8159,1,3.84615e-05,-1,-1
4919,-28.5272,-49.3539,1,3.84615e-05,176,82
4920,9.60226,-1.75688,1,3.84615e-05,85,32
4921,44.205,75.7717,1,3.84615e-05,134,2
4922,-23.0143,138.58,1,3.84615e-05,139,75
4923,2.78298,22.2927,1,3.84615e-05,146,93
4924,-80.8756,16.1373,1,3.84615e-05,145,27
4925,71.4953,-106.51,1,3.84615e-05,158,21
4926,26.6925,-104.518,1,3.84615e-05,163,54
4927,65.6865,135.221,1,3.84615e-05,168,29
4928,23.4683,-100.93,1,3.84615e-05,67,17
4929,37.2923,56.1819,1,3.84615e-05,-1,-1
4930,32.3323,69.7606,1,3.84615e-05,134,63
4931,-22.1146,-61.179,1,3.84615e-05,-1,-1
4932,-43.3828,-69.0035,1,3.84615e-05,111,94
4933,-41.3482,145.045,1,3.84615e-05,136,41
4934,39.4098,-118.206,1,3.84615e-05,-1,-1
4935,21.3862,35.9614,1,3.84615e-05,-1,-1
4936,12.4895,3.85895,1,3.84615e-05,167,44
4937,-8.32892,-37.6199,1,3.84615e-05,77,22
4938,30.1208,-92.8182,1,3.84615e-05,8,13
4939,-3.21372,-66.2963,1,3.84615e-05,179,21
4940,-21.4221,33.9502,1,3.84615e-05,173,6
4941,-1.06417,12.8519,1,3.84615e-05,-1,-1
4942,45.3257,75.4554,1,3.84615e-05,135,2
4943,-80.598,9.73724,1,3.84615e-05,97,22
4944,60.7076,-74.5247,1,3.84615e-05,-1,-1
4945,1.54754,-60.6695,1,3.84615e-05,20,13
4946,64.112,-15.1962,1,3.84615e-05,171,78
4947,39.5962,74.0898,1,3.84615e-05,-1,-1
4948,44.8132,40.1002,1,3.84615e-05,137,62
4949,45.9291,86.9692,1,3.84615e-05,-1,-1
4950,4.28211,114.373,1,3.84615e-05,70,13
4951,30.5073,32.4575,1,3.84615e-05,132,50
4952,26.5135,-99.469,1,3.84615e-05,57,18
4953,50.2758,53.2723,1,3.84615e-05,89,67
4954,18.887,-88.7627,1,3.84615e-05,33,57
4955,53.9464,55.5576,1,3.84615e-05,50,61
4956,-22.2935,43.2693,1,3.84615e-05,163,7
4957,8.18948,125.624,1,3.84615e-05,140,74
4958,-4.47312,-58.0647,1,3.84615e-05,-1,-1
4959,25.8517,71.0048,1,3.84615e-05,109,4
4960,52.4532,142.838,1,3.84615e-05,107,25
4961,26.0749,74.4345,1,3.84615e-05,136,63
4962,-9.64202,-70.9479,1,3.84615e-05,100,15
4963,0.516006,123.064,1,3.84615e-05,-1,-1
4964,37.2507,50.104,1,3.84615e-05,-1,-1
4965,48.8181,13.0821,1,3.84615e-05,77,55
4966,41.8024,-97.7834,1,3.84615e-05,-1,-1
4967,-24.0763,126.051,1,3.84615e-05,168,72
4968,14.5694,76.8111,1,3.84615e-05,-1,-1
4969,79.4133,-45.9639,1,3.84615e-05,-1,-1
4970,-29.7279,29.2254,1,3.84615e-05,-1,-1
4971,-21.6371,45.5972,1,3.84615e-05,154,8
4972,32.0583,100.98,1,3.84615e-05,171,70
4973,44.5434,-105.631,1,3.84615e-05,161,42
4974,35.4059,77.4684,1,3.84615e-05,94,90
4975,60.158,114.679,1,3.84615e-05,119,82
4976,12.3647,-12.6384,1,3.84615e-05,2,74
4977,-7.00249,-51.5116,1,3.84615e-05,-1,-1
4978,50.4397,-70.5401,1,3.84615e-05,-1,-1
4979,5.73121,33.9139,1,3.84615e-05,110,97
4980,19.8602,-103.769,1,3.84615e-05,91,51
4981,37.8693,99.3567,1,3.84615e-05,-1,-1
4982,48.7375,8.29039,1,3.84615e-05,172,85
4983,-72.1643,63.7473,1,3.84615e-05,-1,-1
4984,56.6219,114.829,1,3.84615e-05,-1,-1
4985,9.26415,44.605,1,3.84615e-05,-1,-1
4986,-27.3998,119.876,1,3.84615e-05,143,29
4987,-38.7938,145.154,1,3.84615e-05,175,47
4988,-8.53732,26.6607,1,3.84615e-05,146,47
4989,33.2759,101.612,1,3.84615e-05,1,67
4990,50.3514,-61.2982,1,3.84615e-05,-1,-1
4991,-83.1586,-112.835,1,3.84615e-05,121,31
4992,68.7884,-72.4202,1,3.84615e-05,74,20
4993,-7.62214,-41.9836,1,3.84615e-05,62,77
4994,-25.9912,21.6356,1,3.84615e-05,-1,-1
4995,-6.90922,-58.8529,1,3.84615e-05,51,10
4996,42.1452,97.9947,1,3.84615e-05,9,99
4997,-77.7944,-11.7071,1,3.84615e-05,117,0
4998,50.2253,-3.56886,1,3.84615e-05,13,51
4999,23.1034,21.9613,1,3.84615e-05,-1,-1
5000,26.664,32.6747,1,3.84615e-05,-1,-1
5001,-1.31268,111.593,1,3.84615e-05,-1,-1
5002,47.7642,28.7067,1,3.84615e-05,49,58
5003,-14.0437,-72.2652,1,3.84615e-05,-1,-1
5004,-5.18544,32.4966,1,3.84615e-05,107,41
5005,23.6923,76.0256,1,3.84615e-05,137,63
5006,-39.5329,-65.3626,1,3.84615e-05,121,70
5007,25.7153,48.9962,1,3.84615e-05,-1,-1
5008,-15.9,30.3105,1,3.84615e-05,-1,-1
5009,-32.6876,-65.5651,1,3.84615e-05,-1,-1
5010,-80.7892,-76.5048,1,3.84615e-05,176,35
5011,37.8213,21.0498,1,3.84615e-05,139,59
5012,52.3223,-0.820984,1,3.84615e-05,50,60
5013,53.7542,86.4321,1,3.84615e-05,144,72
5014,62.6991,104.608,1,3.84615e-05,117,82
5015,1.39899,33.7037,1,3.84615e-05,99,98
5016,56.3202,59.6385,1,3.84615e-05,91,84
5017,24.4341,-107.271,1,3.84615e-05,-1,-1
5018,-25.2334,127.662,1,3.84615e-05,-1,-1
5019,27.4133,-9.62462,1,3.84615e-05,175,84
5020,25.9023,116.129,1,3.84615e-05,-1,-1
5021,-15.5303,-56.4283,1,3.84615e-05,-1,-1
5022,53.7714,-0.0136719,1,3.84615e-05,44,58
5023,7.13927,9.71121,1,3.84615e-05,-1,-1
5024,25.5786,37.054,1,3.84615e-05,125,51
5025,47.6295,101.457,1,3.84615e-05,-1,-1
5026,28.6292,2.72034,1,3.84615e-05,42,36
5027,39.1358,-0.370392,1,3.84615e-05,-1,-1
5028,4.52611,-70.0452,1,3.84615e-05,80,65
5029,77.9722,22.5282,1,3.84615e-05,39,35
5030,-34.7807,-64.8784,1,3.84615e-05,155,10
5031,13.37,-9.1541,1,3.84615e-05,113,39
5032,71.2369,-75.2118,1,3.84615e-05,131,24
5033,67.6883,17.7633,1,3.84615e-05,3,39
5034,27.0874,81.6839,1,3.84615e-05,72,8
5035,-78.6095,-24.3694,1,3.84615e-05,87,3
5036,1.84583,100.901,1,3.84615e-05,116,18
5037,61.2238,94.1188,1,3.84615e-05,135,80
5038,-15.7477,-40.6986,1,3.84615e-05,180,82
5039,-19.3193,48.4464,1,3.84615e-05,155,8
5040,56.1884,-89.1629,1,3.84615e-05,-1,-1
5041,1.51834,-60.3193,1,3.84615e-05,20,13
5042,63.7591,78.5833,1,3.84615e-05,173,86
5043,65.2524,-175.842,1,3.84615e-05,7,26
5044,56.6946,44.6061,1,3.84615e-05,-1,-1
5045,35.8694,84.6342,1,3.84615e-05,57,61
5046,60.9516,-99.5836,1,3.84615e-05,-1,-1
5047,8.44558,-73.1587,1,3.84615e-05,56,19
5048,70.3061,144.925,1,3.84615e-05,-1,-1
5049,13.9743,106.435,1,3.84615e-05,130,17
5050,66.8117,149.738,1,3.84615e-05,-1,-1
5051,49.5401,11.3083,1,3.84615e-05,171,68
5052,41.735,47.0098,1,3.84615e-05,9,82
5053,-24.0705,146.172,1,3.84615e-05,-1,-1
5054,26.0322,-98.4039,1,3.84615e-05,94,51
5055,12.7862,-4.80739,1,3.84615e-05,94,31
5056,45.7055,-120.788,1,3.84615e-05,159,42
5057,-72.5738,113.117,1,3.84615e-05,112,21
5058,69.6528,-48.8931,1,3.84615e-05,46,23
5059,-31.1458,144.929,1,3.84615e-05,132,76
5060,80.4355,-58.0077,1,3.84615e-05,5,27
5061,-72.4188,93.4498,1,3.84615e-05,-1,-1
5062,32.9124,-80.1024,1,3.84615e-05,88,52
5063,30.7626,63.8923,1,3.84615e-05,163,60
5064,34.8252,115.063,1,3.84615e-05,103,77
5065,3.31782,-60.3192,1,3.84615e-05,-1,-1
5066,-78.0625,14.084,1,3.84615e-05,67,25
5067,19.4157,-101.661,1,3.84615e-05,127,11
5068,14.3425,9.84926,1,3.84615e-05,-1,-1
5069,-6.1616,26.3444,1,3.84615e-05,136,48
5070,39.6374,47.6702,1,3.84615e-05,-1,-1
5071,-33.4366,115.227,1,3.84615e-05,165,62
5072,-8.25473,-65.322,1,3.84615e-05,-1,-1
5073,21.985,21.1522,1,3.84615e-05,-1,-1
5074,53.0569,-67.8097,1,3.84615e-05,168,42
5075,-0.147339,-65.1364,1,3.84615e-05,49,10
5076,13.9139,38.4044,1,3.84615e-05,137,50
5077,-3.6551,-59.4702,1,3.84615e-05,10,62
5078,7.46768,10.355,1,3.84615e-05,-1,-1
5079,50.7958,97.9533,1,3.84615e-05,-1,-1
5080,-12.906,17.2089,1,3.84615e-05,6,31
5081,21.519,53.3484,1,3.84615e-05,-1,-1
5082,32.6363,-96.3708,1,3.84615e-05,2,48
5083,26.5148,23.117,1,3.84615e-05,51,87
5084,-10.1124,36.4773,1,3.84615e-05,176,6
5085,45.8451,18.6708,1,3.84615e-05,27,50
5086,-2.51443,31.3506,1,3.84615e-05,78,90
5087,70.7979,103.443,1,3.84615e-05,143,2
5088,25.0148,13.5103,1,3.84615e-05,79,84
5089,39.1776,49.8492,1,3.84615e-05,-1,-1
5090,1.00184,31.6629,1,3.84615e-05,-1,-1
5091,42.5294,26.0119,1,3.84615e-05,89,54
5092,62.439,111.39,1,3.84615e-05,98,84
5093,62.8484,100.096,1,3.84615e-05,116,82
5094,-4.2252,136.893,1,3.84615e-05,102,24
5095,10.322,49.5248,1,3.84615e-05,-1,-1
5096,14.5932,0.0126038,1,3.84615e-05,-1,-1
5097,42.575,-71.1636,1,3.84615e-05,61,55
5098,-79.9586,-131.458,1,3.84615e-05,9,33
5099,-2.67958,31.5915,1,3.84615e-05,78,90
5100,53.4526,-89.7168,1,3.84615e-05,-1,-1
5101,63.9345,-106.843,1,3.84615e-05,-1,-1
5102,-73.2681,-64.9286,1,3.84615e-05,65,5
5103,-7.62699,-37.2272,1,3.84615e-05,-1,-1
5104,42.4824,140.183,1,3.84615e-05,-1,-1
5105,24.6382,44.0811,1,3.84615e-05,76,56
5106,67.3476,37.631,1,3.84615e-05,59,70
5107,-3.46241,30.2009,1,3.84615e-05,-1,-1
5108,-71.2855,41.7325,1,3.84615e-05,44,8
5109,4.86325,44.102,1,3.84615e-05,180,56
5110,-68.7816,140.095,1,3.84615e-05,9,22
5111,43.5859,106.907,1,3.84615e-05,-1,-1
5112,-39.1383,176.367,1,3.84615e-05,29,77
5113,-34.4945,-55.9201,1,3.84615e-05,167,19
5114,18.4653,54.2818,1,3.84615e-05,-1,-1
5115,61.3754,138.443,1,3.84615e-05,-1,-1
5116,34.1981,-107.491,1,3.84615e-05,-1,-1
5117,38.1196,-97.5218,1,3.84615e-05,156,55
5118,5.59914,42.7318,1,3.84615e-05,-1,-1
5119,54.023,65.4185,1,3.84615e-05,-1,-1
5120,49.5672,5.4969,1,3.84615e-05,2,65
5121,-74.3869,10.4397,1,3.84615e-05,41,39
5122,-21.6705,117.814,1,3.84615e-05,-1,-1
5123,-7.02908,140.537,1,3.84615e-05,77,71
5124,0.614876,-79.6756,1,3.84615e-05,76,17
5125,29.3544,-114.137,1,3.84615e-05,27,45
5126,72.2537,-22.2963,1,3.84615e-05,135,35
5127,-23.4441,114.157,1,3.84615e-05,-1,-1
5128,10.7916,3.90376,1,3.84615e-05,138,47
5129,36.6359,81.6164,1,3.84615e-05,94,6
5130,27.5773,-7.75676,1,3.84615e-05,-1,-1
5131,22.1617,72.4589,1,3.84615e-05,-1,-1
5132,10.0843,12.4714,1,3.84615e-05,140,47
5133,46.9688,118.795,1,3.84615e-05,162,94
5134,27.7579,111.512,1,3.84615e-05,-1,-1
5135,55.3006,133.474,1,3.84615e-05,92,85
5136,17.6563,25.1648,1,3.84615e-05,41,47
5137,67.3549,153.059,1,3.84615e-05,144,33
5138,-82.3809,122.561,1,3.84615e-05,-1,-1
5139,53.3738,49.783,1,3.84615e-05,78,68
5140,10.3324,-73.566,1,3.84615e-05,90,64
5141,57.9595,126.639,1,3.84615e-05,-1,-1
5142,10.2204,37.1603,1,3.84615e-05,-1,-1
5143,36.215,-85.4889,1,3.84615e-05,147,56
5144,28.7236,15.7657,1,3.84615e-05,17,49
5145,-25.8277,125.935,1,3.84615e-05,-1,-1
5146,40.0642,-4.63611,1,3.84615e-05,77,32
5147,53.7142,-61.6162,1,3.84615e-05,88,29
5148,-10.2653,-67.666,1,3.84615e-05,158,77
5149,65.9698,93.9658,1,3.84615e-05,-1,-1
5150,41.4182,60.3605,1,3.84615e-05,-1,-1
5151,27.159,-99.3872,1,3.84615e-05,143,56
5152,32.6841,-105.581,1,3.84615e-05,-1,-1
5153,13.0182,-16.2554,1,3.84615e-05,150,86
5154,49.4748,-54.7448,1,3.84615e-05,170,67
5155,14.5537,-11.4074,1,3.84615e-05,103,30
5156,-6.09097,-36.9879,1,3.84615e-05,44,79
5157,54.708,121.269,1,3.84615e-05,40,73
5158,48.7982,-106.039,1,3.84615e-05,-1,-1
5159,-73.8861,15.4581,1,3.84615e-05,110,1
5160,48.5524,62.221,1,3.84615e-05,61,60
5161,58.5559,120.719,1,3.84615e-05,109,83
5162,29.1347,63.3485,1,3.84615e-05,-1,-1
5163,-68.6603,57.3937,1,3.84615e-05,-1,-1
5164,-1.43709,-49.163,1,3.84615e-05,-1,-1
5165,15.3475,19.7513,1,3.84615e-05,-1,-1
5166,-69.9486,-67.2734,1,3.84615e-05,113,0
5167,53.1771,-9.70621,1,3.84615e-05,12,51
5168,26.6765,90.9926,1,3.84615e-05,3,5
5169,19.5238,56.8571,1,3.84615e-05,137,1
5170,27.7715,25.3299,1,3.84615e-05,-1,-1
5171,-69.7577,150.38,1,3.84615e-05,174,36
5172,-22.1151,30.4509,1,3.84615e-05,-1,-1
5173,-7.6274,24.6927,1,3.84615e-05,-1,-1
5174,46.1717,4.66747,1,3.84615e-05,155,57
5175,-27.6334,25.2212,1,3.84615e-05,12,96
5176,40.343,47.2412,1,3.84615e-05,-1,-1
5177,66.5444,-83.8363,1,3.84615e-05,-1,-1
5178,18.6942,95.5166,1,3.84615e-05,-1,-1
5179,63.3831,110.002,1,3.84615e-05,47,72
5180,40.537,110.164,1,3.84615e-05,10,99
5181,32.4967,-7.23721,1,3.84615e-05,131,47
5182,21.7714,5.51125,1,3.84615e-05,54,35
5183,2.8289,44.9777,1,3.84615e-05,-1,-1
5184,-16.451,-65.3271,1,3.84615e-05,102,15
5185,-2.52686,115.777,1,3.84615e-05,178,26
5186,16.6053,97.9902,1,3.84615e-05,178,12
5187,29.2637,-4.93079,1,3.84615e-05,-1,-1
5188,34.6563,98.9762,1,3.84615e-05,-1,-1
5189,-81.7507,-127.942,1,3.84615e-05,56,38
5190,72.7799,-79.1242,1,3.84615e-05,149,22
5191,-68.4172,89.2347,1,3.84615e-05,159,26
5192,30.3493,17.127,1,3.84615e-05,160,57
5193,51.0077,118.266,1,3.84615e-05,-1,-1
5194,-6.99319,140.289,1,3.84615e-05,77,71
5195,13.5589,-13.7679,1,3.84615e-05,131,37
5196,-12.6646,-43.2444,1,3.84615e-05,97,20
5197,33.5536,68.7006,1,3.84615e-05,131,2
5198,10.7664,18.0484,1,3.84615e-05,178,90
5199,-24.992,120.565,1,3.84615e-05,-1,-1
5200,-84.5895,61.0491,1,3.84615e-05,-1,-1
5201,-13.8066,-48.6441,1,3.84615e-05,109,72
5202,-1.23769,115.787,1,3.84615e-05,-1,-1
5203,23.8695,-105.481,1,3.84615e-05,141,56
5204,22.5574,-11.3255,1,3.84615e-05,-1,-1
5205,56.7427,-125.618,1,3.84615e-05,-1,-1
5206,66.4681,156.168,1,3.84615e-05,82,28
5207,17.3026,17.3934,1,3.84615e-05,-1,-1
5208,-16.4417,35.1632,1,3.84615e-05,-1,-1
5209,62.8374,-107.885,1,3.84615e-05,-1,-1
5210,63.5456,152.376,1,3.84615e-05,-1,-1
5211,-80.5283,71.0717,1,3.84615e-05,-1,-1
5212,26.9575,-3.62024,1,3.84615e-05,155,86
5213,-2.72954,-44.4435,1,3.84615e-05,103,29
5214,-27.2392,22.0436,1,3.84615e-05,31,94
5215,-13.0534,-43.045,1,3.84615e-05,-1,-1
5216,-85.401,-22.0494,1,3.84615e-05,101,33
5217,7.72401,-8.65598,1,3.84615e-05,101,81
5218,65.1069,-112.836,1,3.84615e-05,-1,-1
5219,59.4814,100.537,1,3.84615e-05,-1,-1
5220,58.6598,106.486,1,3.84615e-05,-1,-1
5221,33.9176,-87.1306,1,3.84615e-05,137,57
5222,38.2002,-81.6094,1,3.84615e-05,139,57
5223,24.5035,44.9888,1,3.84615e-05,66,57
5224,23.5509,20.9247,1,3.84615e-05,-1,-1
5225,44.4661,117.176,1,3.84615e-05,-1,-1
5226,-9.83947,16.4772,1,3.84615e-05,5,31
5227,22.9689,20.469,1,3.84615e-05,-1,-1
5228,-21.3533,142.08,1,3.84615e-05,-1,-1
5229,33.6672,58.277,1,3.84615e-05,-1,-1
5230,38.3388,62.7298,1,3.84615e-05,-1,-1
5231,5.36303,-59.7488,1,3.84615e-05,12,62
5232,22.0085,77.0041,1,3.84615e-05,-1,-1
5233,-5.68978,31.2076,1,3.84615e-05,87,43
5234,-0.234795,-70.9147,1,3.84615e-05,68,66
5235,41.1948,82.4799,1,3.84615e-05,-1,-1
5236,-26.024,-50.1924,1,3.84615e-05,86,17
5237,72.2357,92.5613,1,3.84615e-05,-1,-1
5238,37.8631,35.5364,1,3.84615e-05,22,51
5239,-25.3574,-60.3135,1,3.84615e-05,-1,-1
5240,46.9607,-0.38295,1,3.84615e-05,11,49
5241,-1.66396,36.5834,1,3.84615e-05,76,44
5242,46.8453,1.90356,1,3.84615e-05,32,72
5243,29.6757,116.839,1,3.84615e-05,-1,-1
5244,-78.0941,79.5898,1,3.84615e-05,-1,-1
5245,-11.5777,32.7273,1,3.84615e-05,-1,-1
5246,6.91271,30.0078,1,3.84615e-05,89,99
5247,49.0152,20.6192,1,3.84615e-05,173,68
5248,16.5695,98.8437,1,3.84615e-05,-1,-1
5249,-32.8358,-64.1873,1,3.84615e-05,-1,-1
5250,-40.5364,176.913,1,3.84615e-05,22,43
5251,-68.4718,134.139,1,3.84615e-05,-1,-1
5252,19.319,48.0876,1,3.84615e-05,-1,-1
5253,59.0327,103.994,1,3.84615e-05,-1,-1
5254,18.4535,36.3503,1,3.84615e-05,153,93
5255,66.9415,76.4842,1,3.84615e-05,179,8
5256,12.5636,-14.1717,1,3.84615e-05,12,73
5257,-1.28398,-59.6239,1,3.84615e-05,-1,-1
5258,66.2874,-131.491,1,3.84615e-05,55,2
5259,38.7197,22.0497,1,3.84615e-05,130,50
5260,17.468,28.4279,1,3.84615e-05,21,49
5261,7.66462,-75.2911,1,3.84615e-05,65,18
5262,17.2152,106.826,1,3.84615e-05,165,71
5263,43.6673,45.3159,1,3.84615e-05,-1,-1
5264,-3.07019,103.044,1,3.84615e-05,56,14
5265,9.09032,7.98976,1,3.84615e-05,159,45
5266,-54.5418,-68.3909,1,3.84615e-05,12,0
5267,31.6536,73.9439,1,3.84615e-05,116,65
5268,10.0048,-63.3949,1,3.84615e-05,-1,-1
5269,-82.6252,19.2934,1,3.84615e-05,-1,-1
5270,64.5379,18.1613,1,3.84615e-05,-1,-1
5271,44.5626,77.0543,1,3.84615e-05,144,95
5272,-66.9641,137.132,1,3.84615e-05,28,20
5273,-83.0656,-82.6281,1,3.84615e-05,148,38
5274,22.7491,2.04295,1,3.84615e-05,145,46
5275,-14.3799,131.704,1,3.84615e-05,-1,-1
5276,62.7526,106.339,1,3.84615e-05,107,83
5277,22.1975,9.98393,1,3.84615e-05,88,83
5278,-11.3476,-37.6803,1,3.84615e-05,42,79
5279,-70.0983,16.277,1,3.84615e-05,8,21
5280,65.463,149.604,1,3.84615e-05,171,30
5281,28.2676,69.5028,1,3.84615e-05,120,3
5282,4.032,-71.6905,1,3.84615e-05,66,18
5283,-69.1002,-70.8856,1,3.84615e-05,-1,-1
5284,68.541,71.0194,1,3.84615e-05,82,78
5285,53.9704,10.3633,1,3.84615e-05,43,61
5286,-78.0246,-110.786,1,3.84615e-05,-1,-1
5287,8.13985,-75.679,1,3.84615e-05,119,61
5288,49.0638,116.255,1,3.84615e-05,-1,-1
5289,19.5189,84.0222,1,3.84615e-05,-1,-1
5290,-18.1127,18.3818,1,3.84615e-05,-1,-1
5291,50.3453,107.186,1,3.84615e-05,180,92
5292,-73.5301,131.671,1,3.84615e-05,36,29
5293,-83.3035,46.9427,1,3.84615e-05,-1,-1
5294,70.3175,-73.7795,1,3.84615e-05,122,25
5295,-1.00279,24.1971,1,3.84615e-05,134,48
5296,3.86887,-65.7847,1,3.84615e-05,40,69
5297,60.6053,-143.444,1,3.84615e-05,115,6
5298,63.8587,53.7074,1,3.84615e-05,-1,-1
5299,3.39147,-54.0971,1,3.84615e-05,-1,-1
5300,-4.30794,136.534,1,3.84615e-05,102,24
5301,49.8364,43.5637,1,3.84615e-05,127,63
5302,-35.1702,-65.2702,1,3.84615e-05,155,10
5303,30.936,103.841,1,3.84615e-05,-1,-1
5304,20.8821,4.71465,1,3.84615e-05,63,34
5305,28.9343,28.042,1,3.84615e-05,152,58
5306,8.50379,-78.0365,1,3.84615e-05,74,17
5307,41.8717,126.501,1,3.84615e-05,158,15
5308,-69.5166,80.6546,1,3.84615e-05,-1,-1
5309,12.3176,30.0806,1,3.84615e-05,-1,-1
5310,74.3985,101.893,1,3.84615e-05,-1,-1
5311,37.5947,115.759,1,3.84615e-05,-1,-1
5312,79.0689,-88.9921,1,3.84615e-05,109,26
5313,46.9967,81.9808,1,3.84615e-05,-1,-1
5314,-2.36338,15.6546,1,3.84615e-05,144,93
5315,-12.0568,22.7486,1,3.84615e-05,-1,-1
5316,-17.4056,-40.9879,1,3.84615e-05,108,29
5317,26.7756,71.5848,1,3.84615e-05,145,62
5318,0.502167,-76.408,1,3.84615e-05,-1,-1
5319,54.7925,-66.136,1,3.84615e-05,107,27
5320,54.3965,73.1305,1,3.84615e-05,-1,-1
5321,-76.931,43.0254,1,3.84615e-05,-1,-1
5322,74.345,-51.7968,1,3.84615e-05,26,25
5323,41.5796,-103.496,1,3.84615e-05,14,7
5324,32.0693,2.00174,1,3.84615e-05,148,87
5325,15.6561,23.6238,1,3.84615e-05,-1,-1
5326,-12.1039,132.595,1,3.84615e-05,15,67
5327,12.9163,28.5356,1,3.84615e-05,-1,-1
5328,-24.1638,-69.3373,1,3.84615e-05,152,10
5329,82.4576,-46.0845,1,3.84615e-05,-1,-1
5330,-5.02277,143.806,1,3.84615e-05,56,73
5331,34.1905,73.72,1,3.84615e-05,112,4
5332,-23.668,22.6255,1,3.84615e-05,-1,-1
5333,-72.061,143.962,1,3.84615e-05,-1,-1
5334,60.4851,-138.131,1,3.84615e-05,-1,-1
5335,32.7169,45.8927,1,3.84615e-05,-1,-1
5336,1.11789,-77.7732,1,3.84615e-05,107,62
5337,20.6366,-100.655,1,3.84615e-05,88,15
5338,21.1327,41.0979,1,3.84615e-05,-1,-1
5339,25.5495,21.6723,1,3.84615e-05,-1,-1
5340,9.33354,-75.03,1,3.84615e-05,-1,-1
5341,56.2436,26.3575,1,3.84615e-05,155,87
5342,-26.3082,26.9382,1,3.84615e-05,-1,-1
5343,20.2932,85.3381,1,3.84615e-05,110,66
5344,36.0306,-117.103,1,3.84615e-05,118,46
5345,49.5865,-89.1414,1,3.84615e-05,-1,-1
5346,58.7847,139.663,1,3.84615e-05,179,39
5347,55.2248,124.32,1,3.84615e-05,130,81
5348,10.4466,33.2454,1,3.84615e-05,131,95
5349,52.4539,24.0637,1,3.84615e-05,174,85
5350,-84.0316,-7.88103,1,3.84615e-05,129,30
5351,-9.53343,22.3697,1,3.84615e-05,-1,-1
5352,72.4813,-31.355,1,3.84615e-05,-1,-1
5353,-5.32352,36.7184,1,3.84615e-05,-1,-1
5354,72.3082,-76.3529,1,3.84615e-05,130,24
5355,46.805,1.36929,1,3.84615e-05,32,72
5356,46.775,52.6973,1,3.84615e-05,129,63
5357,45.5004,-114.925,1,3.84615e-05,-1,-1
5358,26.2524,10.0324,1,3.84615e-05,98,82
5359,-78.7405,75.6211,1,3.84615e-05,-1,-1
5360,-77.6112,-101.346,1,3.84615e-05,-1,-1
5361,53.6885,142.728,1,3.84615e-05,178,39
5362,32.2246,-6.34232,1,3.84615e-05,17,73
5363,0.063942,-74.9253,1,3.84615e-05,57,19
5364,-21.8146,136.693,1,3.84615e-05,-1,-1
5365,32.1766,-7.03424,1,3.84615e-05,17,73
5366,40.2527,128.931,1,3.84615e-05,175,93
5367,6.0461,23.6937,1,3.84615e-05,148,93
5368,-15.7655,31.1179,1,3.84615e-05,-1,-1
5369,-3.51551,36.5694,1,3.84615e-05,68,91
5370,39.6512,38.9018,1,3.84615e-05,-1,-1
5371,14.9148,45.1637,1,3.84615e-05,-1,-1
5372,20.571,-9.98416,1,3.84615e-05,-1,-1
5373,61.892,97.9048,1,3.84615e-05,146,89
5374,-23.2588,45.4098,1,3.84615e-05,134,0
5375,18.2548,104.571,1,3.84615e-05,-1,-1
5376,34.5036,-92.3422,1,3.84615e-05,13,47
5377,50.4754,-86.0024,1,3.84615e-05,136,45
5378,-73.2543,49.5401,1,3.84615e-05,-1,-1
5379,-9.93285,-54.6673,1,3.84615e-05,139,79
5380,57.7684,61.7801,1,3.84615e-05,131,80
5381,31.6713,101.673,1,3.84615e-05,11,66
5382,59.9275,130.591,1,3.84615e-05,156,20
5383,50.3334,73.1239,1,3.84615e-05,13,65
5384,-1.40996,121.187,1,3.84615e-05,-1,-1
5385,-15.9793,27.6221,1,3.84615e-05,-1,-1
5386,-11.4665,-45.053,1,3.84615e-05,-1,-1
5387,-82.2014,-98.165,1,3.84615e-05,-1,-1
5388,-6.84102,-39.6561,1,3.84615e-05,-1,-1
5389,-30.1937,-57.2504,1,3.84615e-05,75,75
5390,43.5385,10.0915,1,3.84615e-05,157,57
5391,62.7586,126.266,1,3.84615e-05,-1,-1
5392,63.7557,-108.666,1,3.84615e-05,-1,-1
5393,-76.8346,25.4581,1,3.84615e-05,2,2
5394,57.881,-128.573,1,3.84615e-05,67,1
5395,57.6106,-117.992,1,3.84615e-05,38,4
5396,37.6748,44.0193,1,3.84615e-05,-1,-1
5397,43.0283,119.588,1,3.84615e-05,-1,-1
5398,70.0155,158.957,1,3.84615e-05,-1,-1
5399,-77.0028,163.248,1,3.84615e-05,124,31
5400,-24.5896,118.101,1,3.84615e-05,162,27
5401,-17.9588,-70.7786,1,3.84615e-05,155,77
5402,65.9153,177.667,1,3.84615e-05,29,35
5403,-19.2249,-48.6081,1,3.84615e-05,136,26
5404,60.1308,153.537,1,3.84615e-05,119,24
5405,40.7552,38.1348,1,3.84615e-05,-1,-1
5406,57.6706,130.051,1,3.84615e-05,-1,-1
5407,29.9254,115.08,1,3.84615e-05,134,17
5408,31.0653,44.5898,1,3.84615e-05,-1,-1
5409,-74.7003,20.584,1,3.84615e-05,12,1
5410,13.6747,7.75114,1,3.84615e-05,-1,-1
5411,56.7105,-70.8657,1,3.84615e-05,-1,-1
5412,33.4171,81.4393,1,3.84615e-05,-1,-1
5413,1.36861,16.472,1,3.84615e-05,11,30
5414,35.8131,70.5161,1,3.84615e-05,75,69
5415,-3.12405,-61.897,1,3.84615e-05,-1,-1
5416,47.3285,-71.2502,1,3.84615e-05,-1,-1
5417,-86.2411,91.4872,1,3.84615e-05,-1,-1
5418,-49.1706,-69.1506,1,3.84615e-05,1,1
5419,-13.7212,-41.9579,1,3.84615e-05,107,29
5420,13.6264,27.7223,1,3.84615e-05,72,44
5421,48.6765,109.963,1,3.84615e-05,-1,-1
5422,-80.0161,158.38,1,3.84615e-05,-1,-1
5423,13.4042,28.927,1,3.84615e-05,62,45
5424,-74.7981,5.26564,1,3.84615e-05,143,27
5425,29.4893,-108.205,1,3.84615e-05,153,55
5426,12.8963,3.7233,1,3.84615e-05,167,44
5427,42.3448,119.593,1,3.84615e-05,-1,-1
5428,12.6794,106.533,1,3.84615e-05,100,10
5429,42.2655,13.5892,1,3.84615e-05,128,50
5430,5.63184,-72.3461,1,3.84615e-05,89,64
5431,54.7995,39.8159,1,3.84615e-05,-1,-1
5432,63.4109,40.0924,1,3.84615e-05,-1,-1
5433,-25.3895,26.6788,1,3.84615e-05,-1,-1
5434,45.8016,41.6987,1,3.84615e-05,-1,-1
5435,47.8661,71.1103,1,3.84615e-05,33,63
5436,-30.7445,17.8483,1,3.84615e-05,30,94
5437,31.5202,108.03,1,3.84615e-05,-1,-1
5438,-35.1243,-58.3485,1,3.84615e-05,-1,-1
5439,-5.59192,139.22,1,3.84615e-05,-1,-1
5440,-10.2753,-61.0118,1,3.84615e-05,-1,-1
5441,-1.86333,-72.6797,1,3.84615e-05,48,68
5442,-85.8423,-46.9523,1,3.84615e-05,26,31
5443,19.9717,-72.0852,1,3.84615e-05,7,50
5444,32.4123,-93.0572,1,3.84615e-05,145,56
5445,16.4115,3.48332,1,3.84615e-05,-1,-1
5446,42.5464,-110.11,1,3.84615e-05,150,43
5447,0.38324,-77.7879,1,3.84615e-05,-1,-1
5448,6.91991,81.2872,1,3.84615e-05,17,3
5449,9.74302,19.372,1,3.84615e-05,17,80
5450,-6.43746,-36.3066,1,3.84615e-05,66,23
5451,38.4027,-91.613,1,3.84615e-05,-1,-1
5452,68.0101,-135.798,1,3.84615e-05,64,1
5453,73.6689,83.2197,1,3.84615e-05,-1,-1
5454,22.0871,28.3591,1,3.84615e-05,-1,-1
5455,61.9657,72.4661,1,3.84615e-05,148,1
5456,-6.84427,22.004,1,3.84615e-05,-1,-1
5457,-27.5266,149.675,1,3.84615e-05,-1,-1
5458,1.62979,111.239,1,3.84615e-05,68,13
5459,46.1849,91.953,1,3.84615e-05,-1,-1
5460,60.05,71.6729,1,3.84615e-05,-1,-1
5461,-37.9969,-63.6355,1,3.84615e-05,-1,-1
5462,-6.98473,28.9799,1,3.84615e-05,-1,-1
5463,63.8082,-118.836,1,3.84615e-05,8,7
5464,70.0981,84.6113,1,3.84615e-05,170,9
5465,50.408,14.7158,1,3.84615e-05,37,36
5466,46.6964,14.4617,1,3.84615e-05,-1,-1
5467,39.9848,-77.0169,1,3.84615e-05,140,57
5468,-23.5165,146.383,1,3.84615e-05,-1,-1
5469,33.995,80.5485,1,3.84615e-05,76,69
5470,-67.4644,87.0412,1,3.84615e-05,-1,-1
5471,-2.87742,-52.8837,1,3.84615e-05,141,25
5472,-19.6595,137.983,1,3.84615e-05,-1,-1
5473,-75.7996,-99.0904,1,3.84615e-05,-1,-1
5474,54.8766,108.459,1,3.84615e-05,177,86
5475,-49.1207,-69.0506,1,3.84615e-05,1,1
5476,-6.12395,34.8081,1,3.84615e-05,-1,-1
5477,42.1888,96.0373,1,3.84615e-05,-1,-1
5478,28.7204,31.6286,1,3.84615e-05,133,50
5479,-72.5071,127.445,1,3.84615e-05,46,28
5480,-22.6318,23.4469,1,3.84615e-05,-1,-1
5481,-72.9514,158.28,1,3.84615e-05,135,30
5482,-22.5362,21.8965,1,3.84615e-05,-1,-1
5483,-68.4644,102.765,1,3.84615e-05,-1,-1
5484,-12.0355,30.8104,1,3.84615e-05,-1,-1
5485,63.8056,101.769,1,3.84615e-05,126,81
5486,-67.7171,138.986,1,3.84615e-05,-1,-1
5487,47.8582,-121.12,1,3.84615e-05,-1,-1
5488,66.1657,-164.368,1,3.84615e-05,-1,-1
5489,18.6073,-72.427,1,3.84615e-05,6,50
5490,-68.7273,99.3833,1,3.84615e-05,179,24
5491,52.25,-95.8292,1,3.84615e-05,-1,-1
5492,26.7861,77.1054,1,3.84615e-05,22,97
5493,4.77357,45.0712,1,3.84615e-05,-1,-1
5494,-21.4267,15.6882,1,3.84615e-05,81,99
5495,-14.2182,18.1047,1,3.84615e-05,63,91
5496,-74.5659,-73.5455,1,3.84615e-05,-1,-1
5497,21.6629,-13.5464,1,3.84615e-05,-1,-1
5498,-9.15962,19.8837,1,3.84615e-05,74,90
5499,68.4273,-126.711,1,3.84615e-05,25,5
5500,35.125,-89.1989,1,3.84615e-05,-1,-1
5501,25.1706,-108.13,1,3.84615e-05,171,53
5502,48.5187,79.006,1,3.84615e-05,-1,-1
5503,19.1472,6.76839,1,3.84615e-05,87,83
5504,15.6536,17.1428,1,3.84615e-05,109,40
5505,46.8434,-88.5123,1,3.84615e-05,-1,-1
5506,-3.91013,-75.5107,1,3.84615e-05,97,15
5507,50.1737,67.1564,1,3.84615e-05,-1,-1
5508,0.766396,9.83301,1,3.84615e-05,33,88
5509,-8.92227,-60.0578,1,3.84615e-05,-1,-1
5510,42.5178,-76.727,1,3.84615e-05,-1,-1
5511,64.9087,-96.2992,1,3.84615e-05,-1,-1
5512,2.41063,111.189,1,3.84615e-05,69,13
5513,6.78617,29.8351,1,3.84615e-05,89,99
5514,-77.2756,131.843,1,3.84615e-05,6,22
5515,-14.8176,144.455,1,3.84615e-05,98,79
5516,33.2326,52.6535,1,3.84615e-05,-1,-1
5517,-23.457,123.398,1,3.84615e-05,-1,-1
5518,54.1595,-118.674,1,3.84615e-05,-1,-1
5519,44.1187,-90.9318,1,3.84615e-05,84,40
5520,67.4291,35.03,1,3.84615e-05,-1,-1
5521,8.94463,36.5908,1,3.84615e-05,158,58
5522,37.9036,13.3529,1,3.84615e-05,168,56
5523,27.4228,108.476,1,3.84615e-05,-1,-1
5524,39.0119,-77.0396,1,3.84615e-05,130,58
5525,45.7079,108.262,1,3.84615e-05,170,93
5526,26.7482,27.6628,1,3.84615e-05,3,82
5527,8.33446,1.44528,1,3.84615e-05,83,83
5528,7.30009,124.495,1,3.84615e-05,142,20
5529,8.33909,1.02463,1,3.84615e-05,83,83
5530,5.99666,-1.22729,1,3.84615e-05,63,85
5531,15.0928,79.0165,1,3.84615e-05,149,62
5532,49.234,85.5006,1,3.84615e-05,-1,-1
5533,56.054,9.41154,1,3.84615e-05,32,62
5534,48.4189,81.7189,1,3.84615e-05,-1,-1
5535,11.7753,26.7933,1,3.84615e-05,160,92
5536,-10.1292,-75.9459,1,3.84615e-05,129,12
5537,35.6237,59.7264,1,3.84615e-05,-1,-1
5538,68.6947,82.2572,1,3.84615e-05,-1,-1
5539,20.7875,81.42,1,3.84615e-05,-1,-1
5540,66.5922,-137.372,1,3.84615e-05,74,0
5541,50.2592,56.9428,1,3.84615e-05,1,66
5542,32.0025,-5.87907,1,3.84615e-05,17,73
5543,55.0979,-127.208,1,3.84615e-05,-1,-1
5544,-6.47402,-56.3363,1,3.84615e-05,-1,-1
5545,47.4007,-111.49,1,3.84615e-05,180,40
5546,63.7824,177.014,1,3.84615e-05,38,34
5547,0.922485,32.5872,1,3.84615e-05,-1,-1
5548,55.956,-104.386,1,3.84615e-05,-1,-1
5549,-76.3104,-0.412323,1,3.84615e-05,148,7
5550,-74.2029,12.3826,1,3.84615e-05,129,9
5551,-14.0122,19.4819,1,3.84615e-05,93,98
5552,60.4122,34.7914,1,3.84615e-05,-1,-1
5553,-72.1237,142.978,1,3.84615e-05,-1,-1
5554,45.9153,136.664,1,3.84615e-05,24,75
5555,-24.6928,124.521,1,3.84615e-05,134,20
5556,25.4231,107.923,1,3.84615e-05,3,67
5557,10.9994,-4.2511,1,3.84615e-05,-1,-1
5558,-27.3584,21.6055,1,3.84615e-05,31,94
5559,0.0756989,-68.0593,1,3.84615e-05,-1,-1
5560,67.0399,65.6075,1,3.84615e-05,-1,-1
5561,-25.1658,124.221,1,3.84615e-05,-1,-1
5562,-72.6302,-65.9342,1,3.84615e-05,133,8
5563,53.7325,-132.738,1,3.84615e-05,97,8
5564,48.0771,111.76,1,3.84615e-05,-1,-1
5565,-71.2549,151.26,1,3.84615e-05,164,37
5566,-12.8045,21.9841,1,3.84615e-05,83,99
5567,-29.7858,30.5952,1,3.84615e-05,-1,-1
5568,26.4509,103.736,1,3.84615e-05,171,13
5569,-9.93919,147.494,1,3.84615e-05,78,71
5570,62.0283,-130.874,1,3.84615e-05,65,1
5571,51.0637,7.08563,1,3.84615e-05,180,67
5572,-85.9556,-110.613,1,3.84615e-05,130,30
5573,18.6047,-97.7302,1,3.84615e-05,118,12
5574,20.4604,3.35399,1,3.84615e-05,146,46
5575,-32.7592,123.763,1,3.84615e-05,2,56
5576,-10.043,-69.1518,1,3.84615e-05,7,62
5577,38.5897,37.5775,1,3.84615e-05,36,89
5578,-11.8993,-68.3952,1,3.84615e-05,157,77
5579,-4.99575,-70.5989,1,3.84615e-05,28,60
5580,83.9426,-31.3903,1,3.84615e-05,170,31
5581,-13.2603,21.8531,1,3.84615e-05,-1,-1
5582,21.9815,107.045,1,3.84615e-05,-1,-1
5583,71.7098,-87.403,1,3.84615e-05,-1,-1
5584,64.6864,96.6435,1,3.84615e-05,-1,-1
5585,69.0321,28.4759,1,3.84615e-05,68,79
5586,44.5933,97.8495,1,3.84615e-05,-1,-1
5587,46.1679,104.514,1,3.84615e-05,-1,-1
5588,40.5761,75.3749,1,3.84615e-05,-1,-1
5589,7.79053,-73.2066,1,3.84615e-05,56,19
5590,-3.2459,-48.6049,1,3.84615e-05,123,27
5591,61.3872,146.134,1,3.84615e-05,151,32
5592,17.1738,50.1891,1,3.84615e-05,-1,-1
5593,-15.6199,-43.6291,1,3.84615e-05,51,78
5594,41.0471,54.8633,1,3.84615e-05,170,92
5595,15.8457,15.9912,1,3.84615e-05,79,43
5596,60.4153,104.877,1,3.84615e-05,156,88
5597,-10.215,30.6134,1,3.84615e-05,-1,-1
5598,-48.6257,-68.7137,1,3.84615e-05,1,1
5599,53.4952,76.2792,1,3.84615e-05,108,5
5600,31.4206,105.887,1,3.84615e-05,-1,-1
5601,59.2533,-106.091,1,3.84615e-05,-1,-1
5602,-21.2235,146.582,1,3.84615e-05,-1,-1
5603,0.532356,-79.2965,1,3.84615e-05,76,17
5604,-0.250397,29.1049,1,3.84615e-05,108,97
5605,29.5605,-99.533,1,3.84615e-05,164,54
5606,71.8605,-107.444,1,3.84615e-05,158,21
5607,59.7294,75.2195,1,3.84615e-05,-1,-1
5608,-45.8421,-72.3358,1,3.84615e-05,89,73
5609,48.6746,120.35,1,3.84615e-05,-1,-1
5610,75.3778,113.018,1,3.84615e-05,-1,-1
5611,55.1145,13.3619,1,3.84615e-05,-1,-1
5612,22.6045,24.9327,1,3.84615e-05,171,91
5613,-5.91623,-71.9674,1,3.84615e-05,89,16
5614,53.6451,-117.09,1,3.84615e-05,-1,-1
5615,-2.51156,40.4277,1,3.84615e-05,-1,-1
5616,46.9086,117.729,1,3.84615e-05,160,88
5617,76.7784,-57.3334,1,3.84615e-05,34,24
5618,65.835,-114.323,1,3.84615e-05,-1,-1
5619,-18.1194,139.767,1,3.84615e-05,-1,-1
5620,50.4515,107.756,1,3.84615e-05,180,92
5621,37.3786,38.3055,1,3.84615e-05,73,56
5622,28.7554,10.7016,1,3.84615e-05,99,82
5623,-25.4448,-70.1146,1,3.84615e-05,173,75
5624,32.1947,-88.0348,1,3.84615e-05,-1,-1
5625,27.4684,105.517,1,3.84615e-05,162,14
5626,24.7838,-7.42754,1,3.84615e-05,-1,-1
5627,-6.18798,-67.0912,1,3.84615e-05,80,17
5628,-36.0576,-65.4161,1,3.84615e-05,-1,-1
5629,11.0397,-69.4199,1,3.84615e-05,26,12
5630,60.8053,-107.055,1,3.84615e-05,-1,-1
5631,30.8655,43.4483,1,3.84615e-05,146,94
5632,10.8399,37.1749,1,3.84615e-05,-1,-1
5633,24.4982,-111.585,1,3.84615e-05,7,47
5634,13.7025,33.8272,1,3.84615e-05,-1,-1
5635,34.3747,-79.7085,1,3.84615e-05,108,50
5636,18.0691,36.7253,1,3.84615e-05,153,93
5637,5.42429,-55.3417,1,3.84615e-05,163,77
5638,6.0879,-10.2859,1,3.84615e-05,95,31
5639,40.2185,-83.5672,1,3.84615e-05,169,54
5640,45.7927,111.361,1,3.84615e-05,129,74
5641,44.2611,-70.5458,1,3.84615e-05,18,47
5642,15.1593,23.0168,1,3.84615e-05,-1,-1
5643,-6.32916,-42.5313,1,3.84615e-05,-1,-1
5644,25.2115,16.1338,1,3.84615e-05,70,85
5645,31.8998,37.4877,1,3.84615e-05,6,82
5646,34.0095,-1.55495,1,3.84615e-05,-1,-1
5647,-1.69844,37.7887,1,3.84615e-05,-1,-1
5648,-23.9436,-53.8271,1,3.84615e-05,-1,-1
5649,-72.4628,78.494,1,3.84615e-05,-1,-1
5650,-0.295418,-77.7849,1,3.84615e-05,106,14
5651,56.6656,-67.5725,1,3.84615e-05,154,22
5652,48.504,130.13,1,3.84615e-05,-1,-1
5653,75.602,-81.7678,1,3.84615e-05,139,23
5654,57.455,115.164,1,3.84615e-05,50,89
5655,27.2534,-113.226,1,3.84615e-05,17,46
5656,30.1866,-5.41478,1,3.84615e-05,7,74
5657,-22.1788,-64.2938,1,3.84615e-05,-1,-1
5658,1.60145,14.7486,1,3.84615e-05,-1,-1
5659,56.4731,56.563,1,3.84615e-05,81,85
5660,22.1782,-8.41035,1,3.84615e-05,-1,-1
5661,57.4272,-98.3112,1,3.84615e-05,-1,-1
5662,-3.84922,-58.1931,1,3.84615e-05,-1,-1
5663,15.0933,-1.6165,1,3.84615e-05,84,32
5664,56.0344,130.396,1,3.84615e-05,4,84
5665,-16.3155,-45.5656,1,3.84615e-05,-1,-1
5666,64.813,64.083,1,3.84615e-05,-1,-1
5667,4.8075,30.9326,1,3.84615e-05,-1,-1
5668,6.09103,24.0185,1,3.84615e-05,148,93
5669,66.5556,-176.637,1,3.84615e-05,-1,-1
5670,-19.5964,126.379,1,3.84615e-05,36,65
5671,68.1542,-159.825,1,3.84615e-05,150,2
5672,61.0721,72.564,1,3.84615e-05,148,1
5673,-12.8107,-57.2555,1,3.84615e-05,-1,-1
5674,12.8463,-6.45427,1,3.84615e-05,-1,-1
5675,29.9936,58.7629,1,3.84615e-05,173,69
5676,-28.3747,129.448,1,3.84615e-05,-1,-1
5677,37.4409,61.9646,1,3.84615e-05,-1,-1
5678,-75.0779,-81.6181,1,3.84615e-05,-1,-1
5679,26.6888,-11.6069,1,3.84615e-05,-1,-1
5680,53.5154,28.4796,1,3.84615e-05,164,69
5681,60.8207,35.6725,1,3.84615e-05,-1,-1
5682,43.578,132.46,1,3.84615e-05,162,29
5683,-2.59727,120.101,1,3.84615e-05,-1,-1
5684,7.44019,38.4235,1,3.84615e-05,15,40
5685,57.2825,-94.1246,1,3.84615e-05,-1,-1
5686,-32.6565,24.6933,1,3.84615e-05,-1,-1
5687,19.4096,-88.6813,1,3.84615e-05,33,57
5688,-19.7976,125.582,1,3.84615e-05,-1,-1
5689,54.8679,91.4635,1,3.84615e-05,175,86
5690,55.6728,-103.261,1,3.84615e-05,-1,-1
5691,25.634,0.717834,1,3.84615e-05,136,88
5692,49.4092,5.30305,1,3.84615e-05,2,65
5693,24.7077,90.8467,1,3.84615e-05,41,63
5694,31.6273,-116.701,1,3.84615e-05,47,43
5695,-15.4225,-62.2371,1,3.84615e-05,-1,-1
5696,-15.3079,-46.7491,1,3.84615e-05,-1,-1
5697,-6.33812,-64.6231,1,3.84615e-05,179,75
5698,20.0778,-10.7754,1,3.84615e-05,-1,-1
5699,-76.8602,-140.264,1,3.84615e-05,1,34
5700,-8.35209,-55.0946,1,3.84615e-05,152,24
5701,-16.0807,-54.4173,1,3.84615e-05,-1,-1
5702,8.00517,-12.8972,1,3.84615e-05,1,74
5703,-13.038,-59.6086,1,3.84615e-05,-1,-1
5704,55.1255,62.0995,1,3.84615e-05,11,65
5705,23.4642,3.43269,1,3.84615e-05,135,47
5706,-71.1246,148.439,1,3.84615e-05,173,36
5707,45.8693,17.8011,1,3.84615e-05,108,52
5708,-18.7369,122.049,1,3.84615e-05,-1,-1
5709,39.8148,67.249,1,3.84615e-05,-1,-1
5710,-27.3603,-50.0722,1,3.84615e-05,129,27
5711,45.9115,3.63042,1,3.84615e-05,2,40
5712,13.8417,8.8389,1,3.84615e-05,-1,-1
5713,28.2,97.9534,1,3.84615e-05,4,5
5714,-9.65354,-52.485,1,3.84615e-05,-1,-1
5715,34.5963,-116.124,1,3.84615e-05,122,11
5716,30.1579,-107.791,1,3.84615e-05,-1,-1
5717,72.3799,-124.304,1,3.84615e-05,-1,-1
5718,52.5136,-118.775,1,3.84615e-05,40,4
5719,23.4448,87.437,1,3.84615e-05,-1,-1
5720,7.34445,31.5526,1,3.84615e-05,120,96
5721,-7.70484,32.2315,1,3.84615e-05,27,95
5722,-24.7682,139.207,1,3.84615e-05,-1,-1
5723,-20.0776,124.906,1,3.84615e-05,-1,-1
5724,70.7547,129.991,1,3.84615e-05,-1,-1
5725,-18.3616,124.541,1,3.84615e-05,117,22
5726,19.3745,-13.5821,1,3.84615e-05,-1,-1
5727,-70.2625,121.805,1,3.84615e-05,75,25
5728,-24.9501,148.216,1,3.84615e-05,-1,-1
5729,-25.2616,-52.9948,1,3.84615e-05,157,24
5730,57.2407,114.889,1,3.84615e-05,50,89
5731,24.8718,83.2697,1,3.84615e-05,-1,-1
5732,-23.57,32.8032,1,3.84615e-05,4,97
5733,2.50141,-70.6349,1,3.84615e-05,67,18
5734,40.5723,120.807,1,3.84615e-05,-1,-1
5735,62.2814,63.518,1,3.84615e-05,54,88
5736,39.1374,-6.48155,1,3.84615e-05,101,40
5737,1.32812,113.009,1,3.84615e-05,-1,-1
5738,47.348,29.1178,1,3.84615e-05,49,58
5739,31.8573,10.1306,1,3.84615e-05,119,80
5740,15.7556,32.9062,1,3.84615e-05,146,59
5741,62.198,98.914,1,3.84615e-05,165,87
5742,-72.2439,40.7172,1,3.84615e-05,24,0
5743,-33.4868,-57.9916,1,3.84615e-05,-1,-1
5744,25.8532,-105.898,1,3.84615e-05,-1,-1
5745,-28.0877,135.801,1,3.84615e-05,-1,-1
5746,61.1519,146.508,1,3.84615e-05,151,32
5747,-76.8037,-17.7856,1,3.84615e-05,39,8
5748,36.2207,78.6086,1,3.84615e-05,103,5
5749,-24.8261,-49.9264,1,3.84615e-05,-1,-1
5750,32.0361,-86.3586,1,3.84615e-05,116,59
5751,43.8187,134.012,1,3.84615e-05,-1,-1
5752,-10.0877,14.881,1,3.84615e-05,14,30
5753,-13.1484,-51.0368,1,3.84615e-05,144,25
5754,6.54388,30.1699,1,3.84615e-05,89,99
5755,-15.2957,33.5183,1,3.84615e-05,35,94
5756,-4.40297,18.0402,1,3.84615e-05,-1,-1
5757,45.5953,-101.808,1,3.84615e-05,162,42
5758,46.5695,-119.819,1,3.84615e-05,-1,-1
5759,19.3217,4.36749,1,3.84615e-05,-1,-1
5760,14.7993,-14.5248,1,3.84615e-05,161,85
5761,65.3992,73.8452,1,3.84615e-05,-1,-1
5762,39.0987,81.7657,1,3.84615e-05,7,66
5763,-67.2985,102.235,1,3.84615e-05,-1,-1
5764,16.4148,-5.25783,1,3.84615e-05,133,88
5765,40.8211,76.3152,1,3.84615e-05,15,65
5766,59.7043,16.2826,1,3.84615e-05,44,35
5767,8.7845,125.847,1,3.84615e-05,3,10
5768,67.2928,-35.8238,1,3.84615e-05,-1,-1
5769,-78.6025,-21.8123,1,3.84615e-05,127,30
5770,-66.9516,111.885,1,3.84615e-05,123,20
5771,-12.7768,134.92,1,3.84615e-05,126,76
5772,42.4397,-75.7821,1,3.84615e-05,80,53
5773,6.24763,45.8134,1,3.84615e-05,162,8
5774,45.0497,-75.4935,1,3.84615e-05,-1,-1
5775,-11.2382,-38.391,1,3.84615e-05,-1,-1
5776,62.0428,113.178,1,3.84615e-05,99,84
5777,11.0332,-5.3615,1,3.84615e-05,75,33
5778,2.98196,-54.1351,1,3.84615e-05,-1,-1
5779,-15.225,36.2793,1,3.84615e-05,-1,-1
5780,34.1135,-95.3566,1,3.84615e-05,-1,-1
5781,-20.9471,16.4078,1,3.84615e-05,-1,-1
5782,4.92005,35.4129,1,3.84615e-05,35,48
5783,41.9959,126.51,1,3.84615e-05,158,15
5784,49.0628,7.1232,1,3.84615e-05,-1,-1
5785,63.4543,134.391,1,3.84615e-05,-1,-1
5786,34.2332,113,1,3.84615e-05,-1,-1
5787,8.45761,49.9808,1,3.84615e-05,-1,-1
5788,61.1036,161.279,1,3.84615e-05,94,38
5789,-16.3924,-66.9239,1,3.84615e-05,146,78
5790,65.586,-160.927,1,3.84615e-05,-1,-1
5791,27.1083,96.3587,1,3.84615e-05,14,4
5792,24.2352,-111.47,1,3.84615e-05,160,54
5793,25.151,28.9738,1,3.84615e-05,-1,-1
5794,17.1435,31.3844,1,3.84615e-05,-1,-1
5795,-28.6338,30.7837,1,3.84615e-05,171,6
5796,-8.10876,-64.6376,1,3.84615e-05,70,18
5797,-0.475349,-65.3096,1,3.84615e-05,49,10
5798,58.5155,24.5104,1,3.84615e-05,-1,-1
5799,26.8921,38.6969,1,3.84615e-05,-1,-1
5800,-7.57802,-62.0338,1,3.84615e-05,31,12
5801,-9.36707,19.5511,1,3.84615e-05,74,90
5802,57.3515,-123.339,1,3.84615e-05,-1,-1
5803,26.7866,3.39474,1,3.84615e-05,-1,-1
5804,17.008,44.969,1,3.84615e-05,-1,-1
5805,-14.863,37.2816,1,3.84615e-05,-1,-1
5806,60.986,-130.615,1,3.84615e-05,-1,-1
5807,5.26326,100.678,1,3.84615e-05,66,61
5808,29.4911,27.5744,1,3.84615e-05,33,89
5809,-49.2168,-73.93,1,3.84615e-05,79,74
5810,23.1496,85.4646,1,3.84615e-05,32,2
5811,49.1387,-93.4551,1,3.84615e-05,-1,-1
5812,16.2232,2.91171,1,3.84615e-05,64,34
5813,34.2209,107.975,1,3.84615e-05,-1,-1
5814,53.663,-88.3671,1,3.84615e-05,165,42
5815,-4.92186,-70.9845,1,3.84615e-05,28,60
5816,-9.57716,148.996,1,3.84615e-05,49,74
5817,71.0834,-105.211,1,3.84615e-05,-1,-1
5818,-11.3471,-56.0462,1,3.84615e-05,23,13
5819,-6.56116,-74.9821,1,3.84615e-05,108,14
5820,17.2346,29.2366,1,3.84615e-05,-1,-1
5821,40.116,48.6547,1,3.84615e-05,-1,-1
5822,34.7733,109.572,1,3.84615e-05,161,71
5823,13.2305,101.509,1,3.84615e-05,-1,-1
5824,-84.6158,-150.665,1,3.84615e-05,-1,-1
5825,62.6884,51.6772,1,3.84615e-05,-1,-1
5826,34.726,90.4504,1,3.84615e-05,38,63
5827,38.3217,-101.02,1,3.84615e-05,72,41
5828,-13.2614,-60.5213,1,3.84615e-05,-1,-1
5829,39.5991,-120.934,1,3.84615e-05,100,13
5830,44.27,-99.8585,1,3.84615e-05,93,49
5831,-38.2756,176.286,1,3.84615e-05,42,41
5832,14.6921,27.4982,1,3.84615e-05,-1,-1
5833,26.5231,-108.287,1,3.84615e-05,-1,-1
5834,68.4415,-136.843,1,3.84615e-05,44,3
5835,37.3292,36.1122,1,3.84615e-05,32,50
5836,5.35984,-53.4355,1,3.84615e-05,139,25
5837,-3.79415,-60.3349,1,3.84615e-05,-1,-1
5838,-16.8597,-52.2311,1,3.84615e-05,-1,-1
5839,50.7109,8.68637,1,3.84615e-05,22,63
5840,81.7288,-46.6858,1,3.84615e-05,-1,-1
5841,-16.5232,-58.9976,1,3.84615e-05,-1,-1
5842,63.7786,-85.3107,1,3.84615e-05,151,22
5843,-29.0879,142.53,1,3.84615e-05,-1,-1
5844,54.9419,-113.699,1,3.84615e-05,-1,-1
5845,11.0449,6.78706,1,3.84615e-05,-1,-1
5846,62.087,151.007,1,3.84615e-05,170,30
5847,-5.57056,-45.1824,1,3.84615e-05,-1,-1
5848,54.7576,24.2337,1,3.84615e-05,-1,-1
5849,29.3119,108.214,1,3.84615e-05,-1,-1
5850,46.9102,66.7906,1,3.84615e-05,-1,-1
5851,-22.8109,145.59,1,3.84615e-05,-1,-1
5852,66.9835,-172.482,1,3.84615e-05,-1,-1
5853,35.7747,-79.0651,1,3.84615e-05,79,53
5854,-10.8851,-72.3747,1,3.84615e-05,46,68
5855,44.8306,-79.3758,1,3.84615e-05,-1,-1
5856,-7.48386,-69.6987,1,3.84615e-05,178,75
5857,13.7632,20.5947,1,3.84615e-05,-1,-1
5858,52.4241,51.9301,1,3.84615e-05,70,86
5859,3.17041,-68.2744,1,3.84615e-05,-1,-1
5860,-10.1263,-55.1724,1,3.84615e-05,139,79
5861,19.3203,15.8739,1,3.84615e-05,-1,-1
5862,31.9075,5.41052,1,3.84615e-05,44,46
5863,24.3092,8.16161,1,3.84615e-05,76,43
5864,18.3107,76.5361,1,3.84615e-05,3,54
5865,68.5304,58.7856,1,3.84615e-05,-1,-1
5866,29.2904,105.638,1,3.84615e-05,-1,-1
5867,65.5469,-102.102,1,3.84615e-05,-1,-1
5868,-21.6925,26.82,1,3.84615e-05,-1,-1
5869,28.3541,94.7435,1,3.84615e-05,30,64
5870,-12.8119,36.7733,1,3.84615e-05,-1,-1
5871,-16.2662,-66.3573,1,3.84615e-05,146,78
5872,44.0416,-112.799,1,3.84615e-05,42,19
5873,-26.5787,15.3596,1,3.84615e-05,10,31
5874,-81.4997,75.5335,1,3.84615e-05,166,25
5875,36.4201,102.211,1,3.84615e-05,-1,-1
5876,50.8021,-65.2134,1,3.84615e-05,123,59
5877,80.1814,-83.1172,1,3.84615e-05,62,21
5878,39.5263,-111.013,1,3.84615e-05,73,16
5879,61.809,-131.63,1,3.84615e-05,65,1
5880,42.0918,-75.6311,1,3.84615e-05,80,53
5881,49.759,-74.5144,1,3.84615e-05,-1,-1
5882,18.2475,49.0977,1,3.84615e-05,155,9
5883,-75.1714,106.174,1,3.84615e-05,-1,-1
5884,16.4493,32.8002,1,3.84615e-05,161,92
5885,5.44104,-8.79715,1,3.84615e-05,110,80
5886,9.20605,24.0633,1,3.84615e-05,-1,-1
5887,70.8593,-112.568,1,3.84615e-05,-1,-1
5888,-73.2418,110.568,1,3.84615e-05,102,22
5889,28.617,80.3503,1,3.84615e-05,107,66
5890,37.2119,-113.987,1,3.84615e-05,92,14
5891,67.5236,33.7194,1,3.84615e-05,88,77
5892,66.8192,140.353,1,3.84615e-05,-1,-1
5893,30.1126,79.6961,1,3.84615e-05,82,7
5894,19.9336,-12.7026,1,3.84615e-05,-1,-1
5895,21.0387,27.6356,1,3.84615e-05,-1,-1
5896,37.3978,48.7452,1,3.84615e-05,-1,-1
5897,63.5294,-111.051,1,3.84615e-05,-1,-1
5898,-4.68569,15.9223,1,3.84615e-05,13,30
5899,31.0846,51.1835,1,3.84615e-05,171,69
5900,-6.12755,-36.9708,1,3.84615e-05,44,79
5901,65.3444,-71.029,1,3.84615e-05,-1,-1
5902,-24.4372,45.8147,1,3.84615e-05,153,8
5903,50.0419,-101.455,1,3.84615e-05,-1,-1
5904,51.6689,-105.11,1,3.84615e-05,-1,-1
5905,-24.4497,34.5134,1,3.84615e-05,172,6
5906,29.9262,11.9569,1,3.84615e-05,-1,-1
5907,16.1835,22.2331,1,3.84615e-05,19,80
5908,12.3383,29.4402,1,3.84615e-05,-1,-1
5909,62.9655,-159.095,1,3.84615e-05,172,0
5910,46.0621,-112.289,1,3.84615e-05,131,45
5911,59.9564,-161.191,1,3.84615e-05,-1,-1
5912,44.1869,94.0324,1,3.84615e-05,-1,-1
5913,31.4709,77.3438,1,3.84615e-05,66,60
5914,10.1445,16.2171,1,3.84615e-05,-1,-1
5915,30.3194,98.9789,1,3.84615e-05,-1,-1
5916,44.0117,-107.651,1,3.84615e-05,-1,-1
5917,28.218,70.6132,1,3.84615e-05,-1,-1
5918,-16.6317,130.776,1,3.84615e-05,156,73
5919,27.8558,28.4027,1,3.84615e-05,163,57
5920,27.8339,26.9134,1,3.84615e-05,-1,-1
5921,70.9369,126.384,1,3.84615e-05,145,2
5922,8.09276,-64.4523,1,3.84615e-05,172,76
5923,30.8769,119.418,1,3.84615e-05,-1,-1
5924,59.8583,35.6452,1,3.84615e-05,-1,-1
5925,47.0009,90.8769,1,3.84615e-05,-1,-1
5926,78.2372,-85.6012,1,3.84615e-05,119,25
5927,31.8906,117.703,1,3.84615e-05,-1,-1
5928,60.0335,-100.2,1,3.84615e-05,-1,-1
5929,62.3409,95.546,1,3.84615e-05,-1,-1
5930,47.9919,-83.9303,1,3.84615e-05,-1,-1
5931,-28.6633,136.013,1,3.84615e-05,-1,-1
5932,73.9201,-23.6151,1,3.84615e-05,-1,-1
5933,10.9563,-1.35925,1,3.84615e-05,-1,-1
5934,16.1313,25.6987,1,3.84615e-05,10,81
5935,51.1848,121.922,1,3.84615e-05,131,81
5936,-86.0451,15.7448,1,3.84615e-05,63,37
5937,17.7829,9.88466,1,3.84615e-05,-1,-1
5938,-82.3145,-121.882,1,3.84615e-05,46,39
5939,29.6296,78.9846,1,3.84615e-05,-1,-1
5940,43.4675,109.665,1,3.84615e-05,-1,-1
5941,-71.1196,128.611,1,3.84615e-05,55,27
5942,20.7298,13.453,1,3.84615e-05,98,41
5943,-18.4884,-49.3929,1,3.84615e-05,56,10
5944,16.4568,-4.7265,1,3.84615e-05,133,88
5945,-73.9642,153.785,1,3.84615e-05,-1,-1
5946,33.6798,42.1028,1,3.84615e-05,33,50
5947,50.9993,92.6354,1,3.84615e-05,-1,-1
5948,43.1988,-6.41786,1,3.84615e-05,40,71
5949,32.7593,118.715,1,3.84615e-05,135,17
5950,-4.71738,122.687,1,3.84615e-05,-1,-1
5951,-20.1153,120.463,1,3.84615e-05,-1,-1
5952,34.4601,63.2937,1,3.84615e-05,-1,-1
5953,-76.4213,99.4617,1,3.84615e-05,130,29
5954,53.4627,78.2365,1,3.84615e-05,98,6
5955,13.4975,27.6586,1,3.84615e-05,72,44
5956,-83.0193,132.85,1,3.84615e-05,-1,-1
5957,9.4944,-0.0410767,1,3.84615e-05,-1,-1
5958,61.0145,153.654,1,3.84615e-05,132,34
5959,38.5226,70.7915,1,3.84615e-05,153,94
5960,35.5425,-117.895,1,3.84615e-05,128,45
5961,-80.7246,24.978,1,3.84615e-05,1,22
5962,11.371,108.727,1,3.84615e-05,-1,-1
5963,27.0082,82.8694,1,3.84615e-05,68,60
5964,64.4278,-114.624,1,3.84615e-05,-1,-1
5965,39.4098,-105.686,1,3.84615e-05,54,18
5966,65.9091,98.9654,1,3.84615e-05,-1,-1
5967,66.3952,176.217,1,3.84615e-05,77,30
5968,5.25484,-1.1955,1,3.84615e-05,77,33
5969,32.4442,84.8853,1,3.84615e-05,73,8
5970,-20.2808,-65.5963,1,3.84615e-05,165,76
5971,-21.2477,-49.5693,1,3.84615e-05,-1,-1
5972,-6.39688,-66.3857,1,3.84615e-05,-1,-1
5973,-33.3996,25.8065,1,3.84615e-05,-1,-1
5974,23.1467,99.3475,1,3.84615e-05,13,66
5975,3.53436,-69.4923,1,3.84615e-05,-1,-1
5976,-26.14,-50.4241,1,3.84615e-05,86,17
5977,2.99384,22.1811,1,3.84615e-05,146,93
5978,39.2282,-108.187,1,3.84615e-05,63,17
5979,57.2928,27.6835,1,3.84615e-05,136,89
5980,61.0691,-144.051,1,3.84615e-05,124,5
5981,-76.3727,-9.84727,1,3.84615e-05,104,21
5982,48.5364,27.5875,1,3.84615e-05,155,60
5983,-74.5463,9.72255,1,3.84615e-05,41,39
5984,63.0349,-125.369,1,3.84615e-05,46,3
5985,28.3094,104.827,1,3.84615e-05,-1,-1
5986,6.35027,0.00389099,1,3.84615e-05,-1,-1
5987,-26.8703,31.1237,1,3.84615e-05,-1,-1
5988,1.94982,103.881,1,3.84615e-05,67,13
5989,-72.0889,89.8544,1,3.84615e-05,-1,-1
5990,56.8935,-74.8155,1,3.84615e-05,-1,-1
5991,50.7907,9.03789,1,3.84615e-05,22,63
5992,-25.2768,115.59,1,3.84615e-05,-1,-1
5993,40.6613,23.6021,1,3.84615e-05,59,57
5994,38.375,31.7771,1,3.84615e-05,55,87
5995,-15.2159,-66.9536,1,3.84615e-05,147,78
5996,-18.5908,128.716,1,3.84615e-05,-1,-1
5997,51.5737,5.75177,1,3.84615e-05,150,60
5998,-14.6925,-48.0457,1,3.84615e-05,-1,-1
5999,18.3352,-0.535736,1,3.84615e-05,166,44
6000,17.6125,18.8714,1,3.84615e-05,9,81
6001,-17.6356,135.761,1,3.84615e-05,-1,-1
6002,-67.9696,88.9486,1,3.84615e-05,159,26
6003,38.6151,100.755,1,3.84615e-05,-1,-1
6004,0.410484,114.6,1,3.84615e-05,19,18
6005,49.1719,109.405,1,3.84615e-05,-1,-1
6006,6.74351,-4.62737,1,3.84615e-05,82,83
6007,50.229,-80.3685,1,3.84615e-05,-1,-1
6008,24.3167,-111.928,1,3.84615e-05,7,47
6009,-18.7157,-46.338,1,3.84615e-05,-1,-1
6010,-29.3598,132.51,1,3.84615e-05,-1,-1
6011,50.5615,113.151,1,3.84615e-05,-1,-1
6012,-42.3114,-66.1035,1,3.84615e-05,52,90
6013,42.3122,-85.9183,1,3.84615e-05,179,53
6014,-70.3554,127.718,1,3.84615e-05,56,27
6015,-20.3641,-59.5366,1,3.84615e-05,-1,-1
6016,22.5257,50.0825,1,3.84615e-05,-1,-1
6017,-32.572,119.794,1,3.84615e-05,146,64
6018,60.2281,-114.098,1,3.84615e-05,-1,-1
6019,4.97657,12.2671,1,3.84615e-05,1,31
6020,31.8934,77.3801,1,3.84615e-05,66,60
6021,64.5584,165.374,1,3.84615e-05,92,27
6022,46.9099,32.5917,1,3.84615e-05,146,61
6023,51.9697,-93.2252,1,3.84615e-05,134,45
6024,68.3753,85.6608,1,3.84615e-05,131,3
6025,29.3345,39.026,1,3.84615e-05,104,53
6026,78.0609,-77.4166,1,3.84615e-05,100,27
6027,67.9683,90.2242,1,3.84615e-05,122,4
6028,47.3047,64.1648,1,3.84615e-05,71,69
6029,23.2721,42.6277,1,3.84615e-05,144,94
6030,58.673,40.0679,1,3.84615e-05,-1,-1
6031,-73.6105,103.725,1,3.84615e-05,140,28
6032,35.2143,-94.0946,1,3.84615e-05,-1,-1
6033,44.688,-85.5538,1,3.84615e-05,55,43
6034,-18.4564,-43.1647,1,3.84615e-05,-1,-1
6035,24.7795,70.7868,1,3.84615e-05,146,62
6036,3.29601,22.8705,1,3.84615e-05,-1,-1
6037,-7.36408,28.1406,1,3.84615e-05,126,49
6038,40.9413,95.8092,1,3.84615e-05,47,1
6039,27.054,98.4198,1,3.84615e-05,2,67
6040,60.3308,5.80672,1,3.84615e-05,72,32
6041,-34.3455,-61.2803,1,3.84615e-05,-1,-1
6042,73.6042,95.4601,1,3.84615e-05,-1,-1
6043,-8.82835,19.915,1,3.84615e-05,74,90
6044,52.8237,-67.2694,1,3.84615e-05,168,42
6045,38.5393,36.2164,1,3.84615e-05,7,82
6046,40.0641,98.8199,1,3.84615e-05,8,5
6047,-22.1139,132.216,1,3.84615e-05,-1,-1
6048,17.4094,100.601,1,3.84615e-05,43,63
6049,33.5979,111.251,1,3.84615e-05,-1,-1
6050,18.6134,3.57565,1,3.84615e-05,-1,-1
6051,38.8904,-2.02515,1,3.84615e-05,72,43
6052,62.0423,-106.498,1,3.84615e-05,-1,-1
6053,6.467,5.0916,1,3.84615e-05,64,85
6054,62.3217,152.669,1,3.84615e-05,-1,-1
6055,-41.3988,145.564,1,3.84615e-05,136,41
6056,12.5153,42.4359,1,3.84615e-05,-1,-1
6057,-4.1095,-68.3542,1,3.84615e-05,19,61
6058,5.53173,45.5176,1,3.84615e-05,17,40
6059,-11.8239,29.6654,1,3.84615e-05,-1,-1
6060,51.7361,-103.642,1,3.84615e-05,-1,-1
6061,-80.1835,-121.732,1,3.84615e-05,-1,-1
6062,14.273,15.9265,1,3.84615e-05,-1,-1
6063,-15.1692,-57.0994,1,3.84615e-05,-1,-1
6064,-6.28693,27.0034,1,3.84615e-05,-1,-1
6065,-3.97923,-57.0086,1,3.84615e-05,1,15
6066,65.9369,-141.263,1,3.84615e-05,5,7
6067,3.43253,11.5945,1,3.84615e-05,-1,-1
6068,-82.4737,-36.662,1,3.84615e-05,147,38
6069,54.9462,-87.899,1,3.84615e-05,-1,-1
6070,-28.5498,151.577,1,3.84615e-05,166,38
6071,49.5974,-73.0284,1,3.84615e-05,-1,-1
6072,-76.3697,25.431,1,3.84615e-05,2,2
6073,17.128,49.1912,1,3.84615e-05,-1,-1
6074,65.4031,113.993,1,3.84615e-05,93,7
6075,2.56834,31.4933,1,3.84615e-05,109,97
6076,36.9384,104.009,1,3.84615e-05,-1,-1
6077,65.2493,-122.228,1,3.84615e-05,26,5
6078,37.8671,-79.7636,1,3.84615e-05,89,52
6079,-74.2003,18.3762,1,3.84615e-05,101,2
6080,44.5097,38.8592,1,3.84615e-05,57,87
6081,20.9564,3.39369,1,3.84615e-05,146,46
6082,0.189308,24.8189,1,3.84615e-05,124,49
6083,-81.6059,-90.9932,1,3.84615e-05,-1,-1
6084,56.947,97.9703,1,3.84615e-05,-1,-1
6085,-27.0471,124.142,1,3.84615e-05,-1,-1
6086,44.1117,76.652,1,3.84615e-05,-1,-1
6087,39.0813,89.5193,1,3.84615e-05,77,92
6088,24.0033,109.522,1,3.84615e-05,4,67
6089,17.8067,25.1777,1,3.84615e-05,41,47
6090,47.9317,108.056,1,3.84615e-05,131,97
6091,21.9033,109.792,1,3.84615e-05,-1,-1
6092,-6.97423,19.7583,1,3.84615e-05,165,45
6093,25.1462,110.631,1,3.84615e-05,-1,-1
6094,71.8932,-47.6816,1,3.84615e-05,27,25
6095,49.3462,60.5263,1,3.84615e-05,2,66
6096,51.5623,9.1451,1,3.84615e-05,151,60
6097,52.5584,137.471,1,3.84615e-05,-1,-1
6098,43.9145,-123.253,1,3.84615e-05,70,16
6099,55.1384,119.982,1,3.84615e-05,39,73
6100,38.7847,-92.5598,1,3.84615e-05,33,45
6101,42.99,53.2782,1,3.84615e-05,-1,-1
6102,46.4776,-88.8879,1,3.84615e-05,-1,-1
6103,70.4687,91.2289,1,3.84615e-05,-1,-1
6104,52.211,39.7961,1,3.84615e-05,106,65
6105,-74.4563,62.619,1,3.84615e-05,176,24
6106,54.7192,69.3558,1,3.84615e-05,4,83
6107,50.6561,57.3163,1,3.84615e-05,70,69
6108,25.7889,32.4123,1,3.84615e-05,154,58
6109,13.5837,-0.12616,1,3.84615e-05,-1,-1
6110,66.8164,70.2013,1,3.84615e-05,-1,-1
6111,46.128,129.13,1,3.84615e-05,32,74
6112,4.67507,39.1364,1,3.84615e-05,-1,-1
6113,49.0431,78.6539,1,3.84615e-05,-1,-1
6114,-31.0726,27.1174,1,3.84615e-05,-1,-1
6115,-40.7031,-71.4672,1,3.84615e-05,110,71
6116,-41.0401,145.821,1,3.84615e-05,136,41
6117,62.7983,90.977,1,3.84615e-05,159,0
6118,65.7509,-141.828,1,3.84615e-05,5,7
6119,48.2387,-93.2851,1,3.84615e-05,-1,-1
6120,29.3158,114.779,1,3.84615e-05,-1,-1
6121,30.0523,0.658096,1,3.84615e-05,147,87
6122,-22.769,-51.663,1,3.84615e-05,147,25
6123,25.5448,96.9707,1,3.84615e-05,22,65
6124,-13.844,14.1293,1,3.84615e-05,112,96
6125,63.9533,159.924,1,3.84615e-05,124,35
6126,44.7082,16.0052,1,3.84615e-05,143,88
6127,55.7648,22.0564,1,3.84615e-05,-1,-1
6128,-24.6111,124.821,1,3.84615e-05,134,20
6129,-47.0276,-69.3389,1,3.84615e-05,22,93
6130,64.1758,-122.822,1,3.84615e-05,17,6
6131,67.2159,-106.026,1,3.84615e-05,-1,-1
6132,44.7125,118.249,1,3.84615e-05,-1,-1
6133,-86.457,107.708,1,3.84615e-05,-1,-1
6134,64.4833,25.4728,1,3.84615e-05,126,73
6135,45.1002,41.8455,1,3.84615e-05,-1,-1
6136,37.9575,27.6685,1,3.84615e-05,110,52
6137,62.2509,86.502,1,3.84615e-05,-1,-1
6138,58.058,137.118,1,3.84615e-05,-1,-1
6139,27.0692,29.2579,1,3.84615e-05,-1,-1
6140,65.4522,123.691,1,3.84615e-05,55,1
6141,-75.5958,82.6813,1,3.84615e-05,-1,-1
6142,-9.80988,38.7835,1,3.84615e-05,177,6
6143,62.435,62.3331,1,3.84615e-05,-1,-1
6144,-3.33386,27.5802,1,3.84615e-05,-1,-1
6145,9.80524,46.2983,1,3.84615e-05,-1,-1
6146,23.962,2.84787,1,3.84615e-05,125,48
6147,68.9697,167.304,1,3.84615e-05,97,38
6148,41.6815,78.8558,1,3.84615e-05,-1,-1
6149,-4.70908,-50.3718,1,3.84615e-05,3,15
6150,41.8533,-105.884,1,3.84615e-05,121,46
6151,69.8104,70.7894,1,3.84615e-05,130,73
6152,12.6027,79.68,1,3.84615e-05,57,9
6153,29.2266,56.9596,1,3.84615e-05,-1,-1
6154,1.57061,-52.891,1,3.84615e-05,-1,-1
6155,63.1749,27.4931,1,3.84615e-05,77,78
6156,-22.1225,127.505,1,3.84615e-05,-1,-1
6157,27.0496,69.7152,1,3.84615e-05,-1,-1
6158,41.2446,47.1655,1,3.84615e-05,9,82
6159,39.0673,16.2311,1,3.84615e-05,149,58
6160,44.4674,87.4999,1,3.84615e-05,-1,-1
6161,55.0887,-161.028,1,3.84615e-05,-1,-1
6162,-14.5576,12.1048,1,3.84615e-05,1,81
6163,13.9517,-2.65739,1,3.84615e-05,113,80
6164,52.879,-63.31,1,3.84615e-05,-1,-1
6165,43.3386,50.5581,1,3.84615e-05,110,65
6166,31.4418,93.3734,1,3.84615e-05,40,63
6167,35.4456,57.5279,1,3.84615e-05,-1,-1
6168,43.2507,104.844,1,3.84615e-05,-1,-1
6169,65.7884,91.1002,1,3.84615e-05,180,8
6170,63.9798,84.3187,1,3.84615e-05,-1,-1
6171,37.3313,102.336,1,3.84615e-05,-1,-1
6172,-7.96317,-49.1154,1,3.84615e-05,13,14
6173,-67.1808,46.3394,1,3.84615e-05,55,7
6174,56.5866,136.434,1,3.84615e-05,-1,-1
6175,41.9873,89.755,1,3.84615e-05,147,95
6176,3.23277,-51.8957,1,3.84615e-05,130,26
6177,-7.19033,14.2868,1,3.84615e-05,143,93
6178,57.6797,162.36,1,3.84615e-05,23,24
6179,10.3755,104.826,1,3.84615e-05,-1,-1
6180,32.9053,-96.5828,1,3.84615e-05,2,48
6181,24.0054,19.3911,1,3.84615e-05,68,44
6182,17.9457,11.5489,1,3.84615e-05,38,88
6183,31.5106,-8.72205,1,3.84615e-05,111,49
6184,26.7416,27.7467,1,3.84615e-05,3,82
6185,-5.43255,14.9151,1,3.84615e-05,-1,-1
6186,62.2524,162.25,1,3.84615e-05,133,34
6187,-74.1172,3.16463,1,3.84615e-05,50,38
6188,39.4449,82.2066,1,3.84615e-05,125,97
6189,-18.6027,-45.4135,1,3.84615e-05,-1,-1
6190,-23.8965,125.618,1,3.84615e-05,168,72
6191,-69.1245,77.8605,1,3.84615e-05,-1,-1
6192,61.4055,124.605,1,3.84615e-05,-1,-1
6193,-78.6074,87.8351,1,3.84615e-05,148,27
6194,-70.3966,44.2229,1,3.84615e-05,34,9
6195,64.4118,-96.228,1,3.84615e-05,-1,-1
6196,77.7441,-64.0715,1,3.84615e-05,63,21
6197,-5.25227,-68.0931,1,3.84615e-05,-1,-1
6198,-9.45174,-39.0029,1,3.84615e-05,-1,-1
6199,26.1623,-7.55119,1,3.84615e-05,90,31
6200,36.3286,-81.1372,1,3.84615e-05,68,54
6201,7.703,30.5212,1,3.84615e-05,130,95
6202,-75.3151,117.005,1,3.84615e-05,64,26
6203,49.8824,81.1055,1,3.84615e-05,-1,-1
6204,61.6079,165.576,1,3.84615e-05,85,39
6205,-82.1634,93.9906,1,3.84615e-05,42,28
6206,-14.4815,31.3841,1,3.84615e-05,-1,-1
6207,62.9699,47.9191,1,3.84615e-05,-1,-1
6208,21.09,43.1258,1,3.84615e-05,104,98
6209,47.8456,78.3714,1,3.84615e-05,-1,-1
6210,27.5625,-100.968,1,3.84615e-05,-1,-1
6211,9.51818,10.4001,1,3.84615e-05,150,46
6212,30.5816,-111.234,1,3.84615e-05,114,12
6213,-71.0128,167.27,1,3.84615e-05,126,31
6214,43.8574,4.20285,1,3.84615e-05,-1,-1
6215,48.1026,55.89,1,3.84615e-05,-1,-1
6216,-70.6182,63.8554,1,3.84615e-05,-1,-1
6217,38.17,81.3556,1,3.84615e-05,95,90
6218,62.9734,79.6598,1,3.84615e-05,-1,-1
6219,26.6649,-80.1258,1,3.84615e-05,27,58
6220,-83.5951,125.334,1,3.84615e-05,-1,-1
6221,14.6212,24.6632,1,3.84615e-05,-1,-1
6222,23.1933,47.4824,1,3.84615e-05,-1,-1
6223,8.3762,-11.392,1,3.84615e-05,123,38
6224,-29.0735,-52.2277,1,3.84615e-05,139,26
6225,27.7716,116.382,1,3.84615e-05,114,19
6226,-4.02943,-59.2089,1,3.84615e-05,10,62
6227,-31.6433,134.977,1,3.84615e-05,-1,-1
6228,51.4797,73.534,1,3.84615e-05,-1,-1
6229,34.1871,72.1057,1,3.84615e-05,122,3
6230,-7.14863,-76.2823,1,3.84615e-05,76,65
6231,-6.41275,-60.9465,1,3.84615e-05,-1,-1
6232,17.2038,27.4487,1,3.84615e-05,180,90
6233,-70.3289,145.372,1,3.84615e-05,-1,-1
6234,23.5008,85.7494,1,3.84615e-05,32,2
6235,13.1171,0.984924,1,3.84615e-05,-1,-1
6236,-31.2329,143.452,1,3.84615e-05,57,28
6237,-27.2814,30.2083,1,3.84615e-05,-1,-1
6238,58.0615,-127.894,1,3.84615e-05,67,1
6239,67.9779,17.0396,1,3.84615e-05,3,39
6240,-24.5423,134.602,1,3.84615e-05,-1,-1
6241,64.2386,-127.763,1,3.84615e-05,-1,-1
6242,-34.6252,140.621,1,3.84615e-05,-1,-1
6243,49.8207,56.8832,1,3.84615e-05,1,66
6244,57.2553,-5.43503,1,3.84615e-05,139,61
6245,12.9509,-11.8305,1,3.84615e-05,122,38
6246,33.6388,92.4606,1,3.84615e-05,16,98
6247,-37.9233,143.752,1,3.84615e-05,176,47
6248,2.53989,-53.0884,1,3.84615e-05,-1,-1
6249,44.1488,-86.1538,1,3.84615e-05,168,54
6250,39.8403,72.6382,1,3.84615e-05,-1,-1
6251,-75.9681,-127.741,1,3.84615e-05,-1,-1
6252,-68.9679,102.728,1,3.84615e-05,-1,-1
6253,8.75667,-64.686,1,3.84615e-05,172,76
6254,5.31816,11.9117,1,3.84615e-05,1,31
6255,-75.4562,95.5846,1,3.84615e-05,149,27
6256,19.9619,51.6746,1,3.84615e-05,-1,-1
6257,28.1486,52.0373,1,3.84615e-05,-1,-1
6258,30.9197,67.2509,1,3.84615e-05,140,1
6259,-44.3089,-73.9807,1,3.84615e-05,99,72
6260,58.7129,-130.908,1,3.84615e-05,77,0
6261,-22.622,-65.1839,1,3.84615e-05,154,77
6262,6.01893,48.5629,1,3.84615e-05,-1,-1
6263,13.2957,31.1879,1,3.84615e-05,-1,-1
6264,-13.993,-74.5792,1,3.84615e-05,45,68
6265,68.1701,93.6973,1,3.84615e-05,132,3
6266,39.7606,29.4785,1,3.84615e-05,101,53
6267,-80.3107,-9.79718,1,3.84615e-05,163,25
6268,-33.6632,146.075,1,3.84615e-05,-1,-1
6269,-5.43095,-73.1616,1,3.84615e-05,98,15
6270,24.2539,-104.671,1,3.84615e-05,-1,-1
6271,65.9868,171.979,1,3.84615e-05,105,37
6272,-27.0796,25.0223,1,3.84615e-05,-1,-1
6273,57.7799,75.118,1,3.84615e-05,-1,-1
6274,46.4905,32.4604,1,3.84615e-05,146,61
6275,49.8948,4.27202,1,3.84615e-05,115,51
6276,19.0794,-89.1266,1,3.84615e-05,33,57
6277,24.626,75.6032,1,3.84615e-05,-1,-1
6278,20.2336,-97.2759,1,3.84615e-05,108,13
6279,33.2353,-95.3797,1,3.84615e-05,37,10
6280,51.5244,110.635,1,3.84615e-05,159,88
6281,70.6089,-34.9828,1,3.84615e-05,-1,-1
6282,-28.0475,28.6672,1,3.84615e-05,-1,-1
6283,29.5761,51.5776,1,3.84615e-05,-1,-1
6284,65.319,-16.8428,1,3.84615e-05,127,36
6285,33.3022,4.73454,1,3.84615e-05,-1,-1
6286,10.8359,4.37329,1,3.84615e-05,138,47
6287,25.7021,85.0716,1,3.84615e-05,22,3
6288,-30.4135,-64.3078,1,3.84615e-05,143,78
6289,11.3552,13.1302,1,3.84615e-05,-1,-1
6290,15.9624,44.8107,1,3.84615e-05,-1,-1
6291,42.4505,126.35,1,3.84615e-05,158,15
6292,-16.3704,-64.9057,1,3.84615e-05,102,15
6293,46.2488,107.359,1,3.84615e-05,138,73
6294,50.6406,-94.0753,1,3.84615e-05,94,49
6295,-76.0745,4.04375,1,3.84615e-05,172,24
6296,18.6994,-98.5904,1,3.84615e-05,119,12
6297,60.3834,-128.517,1,3.84615e-05,66,1
6298,-16.2553,135.95,1,3.84615e-05,137,75
6299,-7.07358,-53.6254,1,3.84615e-05,-1,-1
6300,-35.7184,148.994,1,3.84615e-05,124,77
6301,-5.60873,-50.7923,1,3.84615e-05,-1,-1
6302,23.6909,-105.668,1,3.84615e-05,141,56
6303,52.8363,87.8168,1,3.84615e-05,155,71
6304,-8.97107,-63.4532,1,3.84615e-05,18,61
6305,7.7531,41.4459,1,3.84615e-05,-1,-1
6306,-25.5079,-62.2689,1,3.84615e-05,-1,-1
6307,-14.1911,-50.8763,1,3.84615e-05,145,25
6308,22.8873,-5.72029,1,3.84615e-05,-1,-1
6309,32.042,92.7322,1,3.84615e-05,39,63
6310,40.1277,113.955,1,3.84615e-05,2,90
6311,-19.1733,139.894,1,3.84615e-05,-1,-1
6312,-25.7496,124.994,1,3.84615e-05,-1,-1
6313,45.3144,45.0955,1,3.84615e-05,2,53
6314,32.2789,65.5624,1,3.84615e-05,150,0
6315,50.1612,-77.0171,1,3.84615e-05,-1,-1
6316,53.7002,129.398,1,3.84615e-05,-1,-1
6317,28.7012,16.3943,1,3.84615e-05,17,49
6318,64.5354,121.707,1,3.84615e-05,54,1
6319,56.2879,71.8947,1,3.84615e-05,-1,-1
6320,-22.8912,140.782,1,3.84615e-05,130,76
6321,-16.0901,26.8864,1,3.84615e-05,14,96
6322,68.7631,92.3772,1,3.84615e-05,-1,-1
6323,-79.2449,159.883,1,3.84615e-05,133,30
6324,-81.83,135.469,1,3.84615e-05,-1,-1
6325,27.2385,30.6609,1,3.84615e-05,9,40
6326,18.4913,79.1024,1,3.84615e-05,69,8
6327,17.5287,103.516,1,3.84615e-05,-1,-1
6328,13.4216,29.7897,1,3.84615e-05,62,45
6329,21.0943,-6.91464,1,3.84615e-05,82,32
6330,25.3542,108.127,1,3.84615e-05,3,67
6331,-27.8942,32.5543,1,3.84615e-05,151,47
6332,47.78,0.71106,1,3.84615e-05,14,51
6333,31.3908,-86.913,1,3.84615e-05,76,53
6334,66.484,33.9,1,3.84615e-05,-1,-1
6335,27.4504,64.5181,1,3.84615e-05,-1,-1
6336,59.2654,28.2505,1,3.84615e-05,-1,-1
6337,8.66503,3.96045,1,3.84615e-05,-1,-1
6338,40.2698,91.269,1,3.84615e-05,-1,-1
6339,37.1743,81.4711,1,3.84615e-05,94,6
6340,-1.20139,23.4048,1,3.84615e-05,126,95
6341,2.89167,42.8911,1,3.84615e-05,-1,-1
6342,54.9365,133.838,1,3.84615e-05,92,85
6343,22.1558,107.852,1,3.84615e-05,-1,-1
6344,-23.1075,-62.9622,1,3.84615e-05,-1,-1
6345,35.4827,90.7601,1,3.84615e-05,36,96
6346,46.8774,127.282,1,3.84615e-05,12,76
6347,23.4749,-13.452,1,3.84615e-05,-1,-1
6348,-17.6857,-55.8442,1,3.84615e-05,-1,-1
6349,57.9915,-126.445,1,3.84615e-05,-1,-1
6350,26.0045,33.7865,1,3.84615e-05,-1,-1
6351,-21.805,-45.9795,1,3.84615e-05,58,77
6352,-30.9702,131.168,1,3.84615e-05,94,24
6353,26.8227,88.8825,1,3.84615e-05,42,1
6354,64.2145,-122.126,1,3.84615e-05,17,6
6355,6.71564,-1.58075,1,3.84615e-05,86,32
6356,46.1534,116.093,1,3.84615e-05,-1,-1
6357,58.5973,-98.126,1,3.84615e-05,-1,-1
6358,60.6381,-145.932,1,3.84615e-05,133,4
6359,54.0497,93.7625,1,3.84615e-05,-1,-1
6360,36.2942,61.6151,1,3.84615e-05,-1,-1
6361,44.9269,-82.984,1,3.84615e-05,66,42
6362,-5.67673,20.812,1,3.84615e-05,-1,-1
6363,37.0147,21.1367,1,3.84615e-05,140,59
6364,37.3789,117.8,1,3.84615e-05,-1,-1
6365,71.7565,110.386,1,3.84615e-05,-1,-1
6366,32.2295,81.4379,1,3.84615e-05,47,62
6367,28.8559,-111.467,1,3.84615e-05,-1,-1
6368,-30.9759,-57.9027,1,3.84615e-05,106,15
6369,69.0611,-129.354,1,3.84615e-05,-1,-1
6370,47.8268,136.645,1,3.84615e-05,64,88
6371,53.4246,-115.696,1,3.84615e-05,-1,-1
6372,39.6606,-106.376,1,3.84615e-05,101,48
6373,16.8514,32.6483,1,3.84615e-05,161,92
6374,-9.43514,148.881,1,3.84615e-05,49,74
6375,-23.9477,117.167,1,3.84615e-05,85,60
6376,80.5616,-70.7414,1,3.84615e-05,24,25
6377,-1.09991,-72.0935,1,3.84615e-05,-1,-1
6378,3.42564,41.2272,1,3.84615e-05,-1,-1
6379,35.3837,75.4671,1,3.84615e-05,113,4
6380,30.6372,99.6353,1,3.84615e-05,-1,-1
6381,52.1447,120.444,1,3.84615e-05,-1,-1
6382,-11.3587,25.8163,1,3.84615e-05,-1,-1
6383,25.6209,28.3608,1,3.84615e-05,-1,-1
6384,56.7497,126.495,1,3.84615e-05,20,75
6385,41.1269,-119.653,1,3.84615e-05,178,40
6386,11.6703,5.07504,1,3.84615e-05,55,86
6387,12.4186,76.6545,1,3.84615e-05,47,0
6388,-22.5045,-47.5944,1,3.84615e-05,137,26
6389,66.9192,-37.7173,1,3.84615e-05,9,27
6390,54.3783,60.5057,1,3.84615e-05,20,64
6391,51.499,46.7841,1,3.84615e-05,48,61
6392,-31.7288,28.6412,1,3.84615e-05,179,5
6393,60.962,106.408,1,3.84615e-05,137,80
6394,45.0203,-69.8907,1,3.84615e-05,82,53
6395,45.3984,39.0524,1,3.84615e-05,-1,-1
6396,-70.5892,97.3156,1,3.84615e-05,-1,-1
6397,3.39571,-55.3557,1,3.84615e-05,-1,-1
6398,-3.97185,-67.837,1,3.84615e-05,19,61
6399,47.7626,71.3585,1,3.84615e-05,33,63
6400,-23.5733,148.356,0,3.84615e-05,72,72
6401,30.2595,60.5204,0,3.84615e-05,-1,-1
6402,9.81403,8.03078,0,3.84615e-05,47,36
6403,-8.10071,-51.6883,0,3.84615e-05,130,70
6404,26.1847,115.095,0,3.84615e-05,-1,-1
6405,-34.236,141.734,0,3.84615e-05,122,77
6406,38.1396,125.597,0,3.84615e-05,-1,-1
6407,37.66,-119.695,0,3.84615e-05,148,43
6408,27.3004,39.4935,0,3.84615e-05,-1,-1
6409,13.2407,106.955,0,3.84615e-05,45,63
6410,71.3651,-50.2041,0,3.84615e-05,7,27
6411,3.8674,116.257,0,3.84615e-05,-1,-1
6412,49.1884,136.586,0,3.84615e-05,125,23
6413,-4.93624,-42.0547,0,3.84615e-05,-1,-1
6414,-4.22192,-50.272,0,3.84615e-05,3,15
6415,40.9842,-7.23479,0,3.84615e-05,90,41
6416,19.8675,50.6305,0,3.84615e-05,176,7
6417,60.0012,142.424,0,3.84615e-05,-1,-1
6418,51.5901,-82.5085,0,3.84615e-05,77,41
6419,41.614,80.2369,0,3.84615e-05,-1,-1
6420,-20.6186,14.7521,0,3.84615e-05,8,31
6421,2.31557,-74.7612,0,3.84615e-05,-1,-1
6422,53.5713,-86.5584,0,3.84615e-05,-1,-1
6423,-75.4215,137.462,0,3.84615e-05,-1,-1
6424,-0.132675,102.109,0,3.84615e-05,97,68
6425,64.9036,-90.4155,0,3.84615e-05,-1,-1
6426,7.22685,-73.3054,0,3.84615e-05,56,19
6427,13.4633,-15.6686,0,3.84615e-05,170,84
6428,55.478,63.8064,0,3.84615e-05,43,89
6429,14.8688,-91.3003,0,3.84615e-05,22,58
6430,62.4834,-159.994,0,3.84615e-05,-1,-1
6431,62.4192,109.534,0,3.84615e-05,108,83
6432,-3.79115,-77.0857,0,3.84615e-05,107,14
6433,60.4622,-144.404,0,3.84615e-05,134,4
6434,-10.4127,-62.9696,0,3.84615e-05,-1,-1
6435,57.3975,116.037,0,3.84615e-05,50,89
6436,4.08012,32.7806,0,3.84615e-05,-1,-1
6437,17.4897,-14.6535,0,3.84615e-05,171,84
6438,46.4001,-110.679,0,3.84615e-05,-1,-1
6439,44.0653,128.251,0,3.84615e-05,14,99
6440,-76.8035,27.0008,0,3.84615e-05,2,2
6441,-81.0964,108.43,0,3.84615e-05,24,20
6442,23.3803,-106.088,0,3.84615e-05,151,55
6443,62.3116,-127.267,0,3.84615e-05,56,2
6444,-39.2221,-72.8201,0,3.84615e-05,10,94
6445,19.9295,-9.22975,0,3.84615e-05,164,44
6446,-32.721,148.502,0,3.84615e-05,123,77
6447,60.1978,72.0712,0,3.84615e-05,167,9
6448,72.146,111.89,0,3.84615e-05,94,7
6449,4.62305,40.0616,0,3.84615e-05,180,6
6450,41.5133,-8.291,0,3.84615e-05,115,38
6451,47.7793,9.89102,0,3.84615e-05,116,51
6452,49.1588,-68.0166,0,3.84615e-05,-1,-1
6453,42.8775,62.8084,0,3.84615e-05,-1,-1
6454,59.862,26.3927,0,3.84615e-05,7,75
6455,35.5274,-104.621,0,3.84615e-05,64,17
6456,47.9301,12.0808,0,3.84615e-05,-1,-1
6457,2.32789,33.8115,0,3.84615e-05,-1,-1
6458,46.8043,109.751,0,3.84615e-05,-1,-1
6459,27.251,-108.076,0,3.84615e-05,-1,-1
6460,28.4812,39.918,0,3.84615e-05,105,53
6461,61.6018,65.1968,0,3.84615e-05,-1,-1
6462,14.1822,6.61787,0,3.84615e-05,-1,-1
6463,20.3248,-8.32047,0,3.84615e-05,-1,-1
6464,65.4025,13.4898,0,3.84615e-05,164,79
6465,-23.9085,28.5183,0,3.84615e-05,-1,-1
6466,15.2005,29.3535,0,3.84615e-05,-1,-1
6467,-84.8304,7.0661,0,3.84615e-05,-1,-1
6468,-16.573,28.5466,0,3.84615e-05,-1,-1
6469,-17.8025,-43.2361,0,3.84615e-05,-1,-1
6470,20.8289,47.9767,0,3.84615e-05,-1,-1
6471,46.6063,53.5635,0,3.84615e-05,1,83
6472,61.3458,-157.39,0,3.84615e-05,-1,-1
6473,54.8229,34.9153,0,3.84615e-05,-1,-1
6474,3.69865,12.2932,0,3.84615e-05,35,88
6475,29.8223,74.5882,0,3.84615e-05,-1,-1
6476,29.9241,-1.05827,0,3.84615e-05,156,86
6477,-1.94704,-75.6253,0,3.84615e-05,87,64
6478,-7.24317,37.4266,0,3.84615e-05,-1,-1
6479,62.3358,122.851,0,3.84615e-05,-1,-1
6480,3.67201,13.2396,0,3.84615e-05,-1,-1
6481,51.7969,-88.3806,0,3.84615e-05,105,48
6482,35.0128,80.681,0,3.84615e-05,93,6
6483,16.9592,47.553,0,3.84615e-05,-1,-1
6484,-21.6386,14.622,0,3.84615e-05,70,90
6485,40.0282,-81.6533,0,3.84615e-05,-1,-1
6486,28.2687,-107.095,0,3.84615e-05,-1,-1
6487,31.3535,76.3053,0,3.84615e-05,101,5
6488,-25.7897,-52.9214,0,3.84615e-05,-1,-1
6489,56.5936,-116.546,0,3.84615e-05,-1,-1
6490,25.4354,30.872,0,3.84615e-05,134,50
6491,48.8655,-120.854,0,3.84615e-05,30,10
6492,-16.7254,-62.5345,0,3.84615e-05,-1,-1
6493,-74.6217,-64.1681,0,3.84615e-05,153,6
6494,5.85609,5.03517,0,3.84615e-05,-1,-1
6495,39.8255,-89.1511,0,3.84615e-05,-1,-1
6496,-33.0226,136.605,0,3.84615e-05,-1,-1
6497,58.3509,-121.606,0,3.84615e-05,-1,-1
6498,14.8358,75.8539,0,3.84615e-05,-1,-1
6499,50.9582,48.8234,0,3.84615e-05,88,67
6500,43.0213,108.029,0,3.84615e-05,-1,-1
6501,8.92118,125.462,0,3.84615e-05,3,10
6502,34.9062,136.261,0,3.84615e-05,102,25
6503,27.7663,-82.3128,0,3.84615e-05,86,52
6504,27.6671,116.072,0,3.84615e-05,114,19
6505,58.5927,47.3016,0,3.84615e-05,159,87
6506,-39.5812,-72.7398,0,3.84615e-05,10,94
6507,29.912,102.922,0,3.84615e-05,-1,-1
6508,64.5258,28.6931,0,3.84615e-05,136,72
6509,68.9367,58.4755,0,3.84615e-05,-1,-1
6510,10.6315,79.1527,0,3.84615e-05,37,1
6511,-13.0373,-68.5963,0,3.84615e-05,-1,-1
6512,55.3051,131.245,0,3.84615e-05,155,20
6513,50.8354,-90.9495,0,3.84615e-05,-1,-1
6514,59.3808,138.233,0,3.84615e-05,-1,-1
6515,-10.4313,34.2685,0,3.84615e-05,-1,-1
6516,18.657,-72.0061,0,3.84615e-05,6,50
6517,1.82978,41.3661,0,3.84615e-05,-1,-1
6518,54.7428,-58.4803,0,3.84615e-05,-1,-1
6519,45.3328,0.721664,0,3.84615e-05,84,54
6520,-14.344,132.712,0,3.84615e-05,136,75
6521,-83.4157,-55.9422,0,3.84615e-05,120,31
6522,3.51501,38.6746,0,3.84615e-05,-1,-1
6523,-32.8568,26.1809,0,3.84615e-05,-1,-1
6524,-69.6804,142.673,0,3.84615e-05,-1,-1
6525,62.6845,61.0194,0,3.84615e-05,-1,-1
6526,-12.4924,-43.7153,0,3.84615e-05,-1,-1
6527,-25.7804,122.313,0,3.84615e-05,-1,-1
6528,30.1803,-110.06,0,3.84615e-05,-1,-1
6529,20.1235,51.0146,0,3.84615e-05,176,7
6530,51.3481,37.2598,0,3.84615e-05,67,69
6531,15.273,16.4702,0,3.84615e-05,-1,-1
6532,63.8918,22.9994,0,3.84615e-05,106,75
6533,-0.895775,19.8975,0,3.84615e-05,-1,-1
6534,-7.88316,-64.9612,0,3.84615e-05,70,18
6535,-6.98919,139.469,0,3.84615e-05,106,78
6536,71.2016,-37.3307,0,3.84615e-05,-1,-1
6537,11.1761,-15.3515,0,3.84615e-05,131,88
6538,39.8296,30.7102,0,3.84615e-05,90,54
6539,19.218,-12.3786,0,3.84615e-05,-1,-1
6540,-66.2767,110.991,0,3.84615e-05,132,29
6541,25.5264,71.0772,0,3.84615e-05,109,4
6542,-4.17984,-80.3059,0,3.84615e-05,126,12
6543,-1.53708,-51.3564,0,3.84615e-05,2,15
6544,61.206,-99.6823,0,3.84615e-05,-1,-1
6545,51.8194,-108.01,0,3.84615e-05,-1,-1
6546,46.5721,-91.1563,0,3.84615e-05,144,44
6547,49.2368,29.3092,0,3.84615e-05,-1,-1
6548,49.0741,91.5209,0,3.84615e-05,-1,-1
6549,56.4017,-98.8429,0,3.84615e-05,-1,-1
6550,-83.0069,107.915,0,3.84615e-05,-1,-1
6551,49.4896,13.9409,0,3.84615e-05,-1,-1
6552,24.6779,99.4932,0,3.84615e-05,32,64
6553,34.2426,133.658,0,3.84615e-05,145,80
6554,-17.4794,129.866,0,3.84615e-05,-1,-1
6555,-87.4433,-78.4346,0,3.84615e-05,55,38
6556,10.138,28.5906,0,3.84615e-05,-1,-1
6557,-84.2241,-175.062,0,3.84615e-05,84,35
6558,13.679,2.70821,0,3.84615e-05,94,82
6559,49.415,12.7154,0,3.84615e-05,77,55
6560,44.8012,-93.8885,0,3.84615e-05,103,48
6561,48.3251,0.574173,0,3.84615e-05,14,51
6562,-22.6102,-44.0095,0,3.84615e-05,178,82
6563,4.97336,115.25,0,3.84615e-05,9,67
6564,64.8804,63.6838,0,3.84615e-05,-1,-1
6565,19.4162,32.7939,0,3.84615e-05,-1,-1
6566,67.217,18.2179,0,3.84615e-05,-1,-1
6567,-25.2023,139.597,0,3.84615e-05,-1,-1
6568,-26.1338,-59.9019,0,3.84615e-05,-1,-1
6569,8.5451,43.2334,0,3.84615e-05,-1,-1
6570,-13.0611,-64.2421,0,3.84615e-05,-1,-1
6571,4.73724,102.191,0,3.84615e-05,57,62
6572,21.3755,-3.02327,0,3.84615e-05,155,45
6573,19.9221,-100.759,0,3.84615e-05,122,58
6574,26.4837,12.5062,0,3.84615e-05,-1,-1
6575,-15.9726,-43.5492,0,3.84615e-05,51,78
6576,-33.5967,-71.6143,0,3.84615e-05,-1,-1
6577,39.8362,63.2139,0,3.84615e-05,-1,-1
6578,71.8963,-109.587,0,3.84615e-05,-1,-1
6579,-27.3671,15.1395,0,3.84615e-05,49,92
6580,39.5751,-103.175,0,3.84615e-05,44,19
6581,56.2273,37.6492,0,3.84615e-05,27,63
6582,-37.1396,-69.3376,0,3.84615e-05,151,77
6583,63.5075,-140.71,0,3.84615e-05,104,7
6584,-71.6997,-1.05978,0,3.84615e-05,27,29
6585,-28.3546,152.572,0,3.84615e-05,165,38
6586,13.5127,-2.09006,0,3.84615e-05,-1,-1
6587,60.8434,140.898,0,3.84615e-05,-1,-1
6588,41.4404,-123.554,0,3.84615e-05,167,41
6589,32.4411,37.368,0,3.84615e-05,6,82
6590,-16.6871,127.349,0,3.84615e-05,-1,-1
6591,57.9587,128.683,0,3.84615e-05,1,77
6592,82.3927,-78.1304,0,3.84615e-05,14,26
6593,-13.2218,-61.2318,0,3.84615e-05,-1,-1
6594,5.71239,-7.02992,0,3.84615e-05,96,31
6595,24.4462,4.52274,0,3.84615e-05,106,40
6596,15.3733,106.856,0,3.84615e-05,5,67
6597,40.0346,-93.187,0,3.84615e-05,53,43
6598,-26.141,28.9121,0,3.84615e-05,-1,-1
6599,25.8023,84.3936,0,3.84615e-05,22,3
6600,61.7336,-125.729,0,3.84615e-05,47,3
6601,47.1049,-72.2165,0,3.84615e-05,-1,-1
6602,-82.8898,154.057,0,3.84615e-05,132,30
6603,51.8349,126.928,0,3.84615e-05,-1,-1
6604,75.2773,-29.3423,0,3.84615e-05,163,32
6605,-88.0149,-166.369,0,3.84615e-05,169,36
6606,57.9815,-66.0073,0,3.84615e-05,135,24
6607,-31.889,144.114,0,3.84615e-05,-1,-1
6608,66.5504,-38.3709,0,3.84615e-05,9,27
6609,61.2998,126.451,0,3.84615e-05,-1,-1
6610,-73.9478,-99.2715,0,3.84615e-05,-1,-1
6611,-72.2064,25.9236,0,3.84615e-05,32,9
6612,25.6816,64.1487,0,3.84615e-05,-1,-1
6613,21.0245,-4.79802,0,3.84615e-05,101,30
6614,45.6191,68.4752,0,3.84615e-05,-1,-1
6615,-11.0974,-68.2379,0,3.84615e-05,27,60
6616,49.543,-94.9961,0,3.84615e-05,-1,-1
6617,9.74467,22.5817,0,3.84615e-05,168,91
6618,15.618,34.5725,0,3.84615e-05,32,48
6619,64.6062,-173.873,0,3.84615e-05,-1,-1
6620,29.299,18.2444,0,3.84615e-05,7,40
6621,26.8648,-98.8877,0,3.84615e-05,143,56
6622,64.3231,-48.0118,0,3.84615e-05,57,22
6623,49.6132,53.8635,0,3.84615e-05,99,66
6624,62.1486,120.819,0,3.84615e-05,80,86
6625,-2.18182,-72.78,0,3.84615e-05,48,68
6626,61.2607,76.6007,0,3.84615e-05,-1,-1
6627,-11.8432,29.0945,0,3.84615e-05,-1,-1
6628,48.8169,-71.3949,0,3.84615e-05,-1,-1
6629,30.3994,112.506,0,3.84615e-05,-1,-1
6630,-22.0724,44.9884,0,3.84615e-05,92,43
6631,40.1428,116.342,0,3.84615e-05,-1,-1
6632,59.9187,64.1498,0,3.84615e-05,-1,-1
6633,33.659,42.0409,0,3.84615e-05,33,50
6634,37.1852,-94.9076,0,3.84615e-05,136,57
6635,-26.2705,150.215,0,3.84615e-05,-1,-1
6636,-13.2736,27.8722,0,3.84615e-05,-1,-1
6637,25.4064,111.107,0,3.84615e-05,-1,-1
6638,58.2994,-130.749,0,3.84615e-05,77,0
6639,15.2209,102,0,3.84615e-05,54,62
6640,-10.2866,-66.3865,0,3.84615e-05,-1,-1
6641,-15.0868,-39.5149,0,3.84615e-05,170,83
6642,61.6575,122.714,0,3.84615e-05,-1,-1
6643,-17.3436,145.908,0,3.84615e-05,69,72
6644,3.69926,-64.2854,0,3.84615e-05,9,14
6645,22.4742,23.3382,0,3.84615e-05,19,49
6646,-7.76503,20.6207,0,3.84615e-05,-1,-1
6647,38.5384,76.1343,0,3.84615e-05,-1,-1
6648,-14.5073,133.383,0,3.84615e-05,-1,-1
6649,14.2445,78.7106,0,3.84615e-05,150,62
6650,71.6452,-43.7993,0,3.84615e-05,17,26
6651,9.67702,33.5863,0,3.84615e-05,-1,-1
6652,56.2116,77.608,0,3.84615e-05,-1,-1
6653,-0.356552,-71.4887,0,3.84615e-05,68,66
6654,-20.8453,-60.1591,0,3.84615e-05,74,18
6655,19.1583,22.5053,0,3.84615e-05,1,82
6656,50.3159,89.2067,0,3.84615e-05,-1,-1
6657,47.4855,-100.469,0,3.84615e-05,172,41
6658,54.258,-111.654,0,3.84615e-05,-1,-1
6659,62.1965,63.6042,0,3.84615e-05,54,88
6660,53.7809,45.1319,0,3.84615e-05,77,68
6661,-1.41998,26.2214,0,3.84615e-05,-1,-1
6662,43.9487,96.1384,0,3.84615e-05,-1,-1
6663,65.5178,176.962,0,3.84615e-05,29,35
6664,67.0757,-129.187,0,3.84615e-05,45,3
6665,-9.5108,15.2547,0,3.84615e-05,123,95
6666,65.3708,-21.2422,0,3.84615e-05,137,35
6667,58.8386,-154.21,0,3.84615e-05,-1,-1
6668,33.7271,111.882,0,3.84615e-05,-1,-1
6669,54.4805,61.6986,0,3.84615e-05,-1,-1
6670,-0.140976,-51.1691,0,3.84615e-05,131,26
6671,-25.3062,114.224,0,3.84615e-05,134,65
6672,-20.5689,22.0339,0,3.84615e-05,-1,-1
6673,32.0506,54.892,0,3.84615e-05,-1,-1
6674,40.2729,-120.389,0,3.84615e-05,51,18
6675,6.78904,6.16925,0,3.84615e-05,-1,-1
6676,-15.8307,-59.2916,0,3.84615e-05,-1,-1
6677,-29.9404,149.519,0,3.84615e-05,3,69
6678,60.4569,-148.525,0,3.84615e-05,143,3
6679,41.1057,107.174,0,3.84615e-05,-1,-1
6680,-71.5861,21.5415,0,3.84615e-05,19,20
6681,22.5836,108.741,0,3.84615e-05,-1,-1
6682,-71.5799,126.692,0,3.84615e-05,-1,-1
6683,-8.83704,34.3739,0,3.84615e-05,-1,-1
6684,18.4644,10.0651,0,3.84615e-05,-1,-1
6685,26.9548,6.19319,0,3.84615e-05,65,44
6686,-54.0777,-66.7703,0,3.84615e-05,2,1
6687,47.2103,84.2518,0,3.84615e-05,57,0
6688,18.8934,35.701,0,3.84615e-05,-1,-1
6689,67.5971,107.145,0,3.84615e-05,-1,-1
6690,0.108528,11.483,0,3.84615e-05,-1,-1
6691,72.7594,54.7098,0,3.84615e-05,109,75
6692,-18.5322,15.0184,0,3.84615e-05,61,91
6693,60.2116,127.027,0,3.84615e-05,-1,-1
6694,17.8108,-0.200272,0,3.84615e-05,-1,-1
6695,40.7486,-108.885,0,3.84615e-05,130,45
6696,7.97144,99.3359,0,3.84615e-05,-1,-1
6697,34.5466,134.873,0,3.84615e-05,-1,-1
6698,-42.1869,-66.864,0,3.84615e-05,42,91
6699,31.4253,96.6584,0,3.84615e-05,20,65
6700,-31.5943,18.7431,0,3.84615e-05,20,95
6701,-82.9539,152.589,0,3.84615e-05,132,30
6702,-74.5792,133.129,0,3.84615e-05,26,20
6703,15.3426,-10.8487,0,3.84615e-05,132,88
6704,-14.4447,-60.6198,0,3.84615e-05,-1,-1
6705,-70.8708,77.4457,0,3.84615e-05,-1,-1
6706,2.63573,19.4554,0,3.84615e-05,133,48
6707,20.8223,-88.915,0,3.84615e-05,43,56
6708,-82.2826,-10.8386,0,3.84615e-05,153,26
6709,68.6692,-115.679,0,3.84615e-05,-1,-1
6710,-14.2722,-64.9065,0,3.84615e-05,-1,-1
6711,11.1417,23.1497,0,3.84615e-05,-1,-1
6712,-0.511909,-58.9838,0,3.84615e-05,-1,-1
6713,53.8628,121.42,0,3.84615e-05,149,89
6714,26.908,12.8743,0,3.84615e-05,77,43
6715,-12.0941,33.3428,0,3.84615e-05,-1,-1
6716,33.3501,45.7356,0,3.84615e-05,34,50
6717,-20.3347,133.77,0,3.84615e-05,148,74
6718,31.6941,53.8346,0,3.84615e-05,-1,-1
6719,61.0904,-103.053,0,3.84615e-05,-1,-1
6720,25.0327,69.322,0,3.84615e-05,119,3
6721,52.2832,58.2261,0,3.84615e-05,60,60
6722,53.5334,-98.1377,0,3.84615e-05,-1,-1
6723,-82.7803,62.7695,0,3.84615e-05,-1,-1
6724,57.7212,-116.169,0,3.84615e-05,-1,-1
6725,26.6067,108.77,0,3.84615e-05,-1,-1
6726,7.55697,45.0303,0,3.84615e-05,-1,-1
6727,19.9067,-70.5268,0,3.84615e-05,173,21
6728,-13.0053,-49.9355,0,3.84615e-05,-1,-1
6729,-18.1899,-64.3681,0,3.84615e-05,-1,-1
6730,31.3685,113.565,0,3.84615e-05,-1,-1
6731,-86.0906,150.072,0,3.84615e-05,-1,-1
6732,21.0091,-4.78076,0,3.84615e-05,101,30
6733,16.8727,-96.6191,0,3.84615e-05,51,55
6734,41.8666,-6.59898,0,3.84615e-05,114,38
6735,-41.9232,-73.9683,0,3.84615e-05,50,90
6736,17.6545,49.5853,0,3.84615e-05,155,9
6737,-5.55611,17.6574,0,3.84615e-05,-1,-1
6738,-68.7017,96.5958,0,3.84615e-05,-1,-1
6739,22.544,52.2751,0,3.84615e-05,-1,-1
6740,50.5875,116.649,0,3.84615e-05,152,95
6741,-72.1175,51.8157,0,3.84615e-05,-1,-1
6742,56.3026,-133.877,0,3.84615e-05,106,7
6743,53.4879,-67.2128,0,3.84615e-05,178,41
6744,10.9047,31.6713,0,3.84615e-05,-1,-1
6745,49.0469,16.3798,0,3.84615e-05,27,37
6746,-74.144,98.7896,0,3.84615e-05,-1,-1
6747,13.0757,100.576,0,3.84615e-05,-1,-1
6748,33.2265,-90.7525,0,3.84615e-05,3,48
6749,-25.9183,23.5278,0,3.84615e-05,22,95
6750,55.108,62.9153,0,3.84615e-05,11,65
6751,-14.2067,18.084,0,3.84615e-05,63,91
6752,40.4456,81.0134,0,3.84615e-05,-1,-1
6753,-14.1006,-74.1321,0,3.84615e-05,45,68
6754,-4.39172,144.221,0,3.84615e-05,86,70
6755,-68.456,46.7641,0,3.84615e-05,35,9
6756,32.7208,80.0259,0,3.84615e-05,92,6
6757,47.7286,100.193,0,3.84615e-05,-1,-1
6758,57.75,38.046,0,3.84615e-05,7,65
6759,80.1795,-16.2819,0,3.84615e-05,123,36
6760,52.0067,-0.239975,0,3.84615e-05,64,56
6761,12.4956,32.1413,0,3.84615e-05,-1,-1
6762,34.517,92.2334,0,3.84615e-05,26,97
6763,8.6999,-62.3024,0,3.84615e-05,-1,-1
6764,28.2514,24.2735,0,3.84615e-05,18,49
6765,-17.3234,22.3068,0,3.84615e-05,73,90
6766,38.0436,140.153,0,3.84615e-05,94,26
6767,-8.18393,-73.896,0,3.84615e-05,118,13
6768,71.1329,-74.4679,0,3.84615e-05,131,24
6769,70.5417,144.547,0,3.84615e-05,-1,-1
6770,63.258,109.589,0,3.84615e-05,47,72
6771,42.5026,24.6084,0,3.84615e-05,99,53
6772,63.8372,140.826,0,3.84615e-05,-1,-1
6773,59.0959,-99.5986,0,3.84615e-05,-1,-1
6774,-77.5772,25.8852,0,3.84615e-05,-1,-1
6775,36.1474,-109.887,0,3.84615e-05,83,15
6776,67.0973,164.668,0,3.84615e-05,112,25
6777,45.092,-111.331,0,3.84615e-05,-1,-1
6778,1.4361,33.301,0,3.84615e-05,99,98
6779,-51.8888,-73.8854,0,3.84615e-05,68,75
6780,49.8994,68.0566,0,3.84615e-05,-1,-1
6781,18.0294,23.5504,0,3.84615e-05,-1,-1
6782,-84.2232,164.329,0,3.84615e-05,113,32
6783,9.19542,-70.0096,0,3.84615e-05,-1,-1
6784,48.7393,-57.6293,0,3.84615e-05,179,66
6785,-26.0189,137.429,0,3.84615e-05,-1,-1
6786,40.3814,61.8512,0,3.84615e-05,122,64
6787,48.2431,134.107,0,3.84615e-05,-1,-1
6788,-26.9127,133.171,0,3.84615e-05,-1,-1
6789,54.922,65.3615,0,3.84615e-05,-1,-1
6790,28.0488,23.0477,0,3.84615e-05,171,56
6791,44.505,-109.448,0,3.84615e-05,-1,-1
6792,30.423,-87.2152,0,3.84615e-05,19,12
6793,-8.67046,-67.7954,0,3.84615e-05,37,69
6794,44.1307,-119.527,0,3.84615e-05,31,5
6795,46.9559,-91.249,0,3.84615e-05,144,44
6796,27.6296,-109.063,0,3.84615e-05,-1,-1
6797,24.521,67.114,0,3.84615e-05,-1,-1
6798,4.77706,24.008,0,3.84615e-05,147,93
6799,-11.8629,-56.208,0,3.84615e-05,23,13
6800,-67.35,-117.438,0,3.84615e-05,2,71
6801,-45.8449,92.4865,0,3.84615e-05,168,59
6802,-17.7792,-23.195,0,3.84615e-05,13,29
6803,-32.14,49.7795,0,3.84615e-05,93,4
6804,28.62,-61.695,0,3.84615e-05,133,25
6805,18.3553,91.9203,0,3.84615e-05,177,12
6806,-9.67613,158.09,0,3.84615e-05,159,80
6807,44.7005,141.477,0,3.84615e-05,127,98
6808,-31.0219,-33.2912,0,3.84615e-05,8,72
6809,-62.0623,-109.26,0,3.84615e-05,5,88
6810,-31.5774,17.3085,0,3.84615e-05,1,32
6811,-45.4181,-38.9035,0,3.84615e-05,7,95
6812,-45.6418,-53.1362,0,3.84615e-05,23,70
6813,23.4966,-56.8988,0,3.84615e-05,115,27
6814,-20.5681,-147.09,0,3.84615e-05,12,45
6815,-53.4794,-179.069,0,3.84615e-05,1,60
6816,-39.1756,43.5071,0,3.84615e-05,137,14
6817,30.2297,-137.355,0,3.84615e-05,163,41
6818,13.5783,-66.199,0,3.84615e-05,92,64
6819,35.17,-123.43,0,3.84615e-05,137,44
6820,-28.5732,178.818,0,3.84615e-05,90,36
6821,57.0721,-144.279,0,3.84615e-05,125,5
6822,-56.0908,-0.954041,0,3.84615e-05,27,30
6823,-53.4859,58.9658,0,3.84615e-05,58,7
6824,-23.1562,-136.069,0,3.84615e-05,76,51
6825,-52.7585,166.81,0,3.84615e-05,92,58
6826,17.8688,-149.254,0,3.84615e-05,35,99
6827,-34.2787,-77.981,0,3.84615e-05,160,76
6828,-8.03651,-138.873,0,3.84615e-05,35,43
6829,-25.2761,-123.021,0,3.84615e-05,18,57
6830,-35.7015,8.73509,0,3.84615e-05,2,32
6831,-9.75304,99.5719,0,3.84615e-05,2,55
6832,-5.56457,-121.886,0,3.84615e-05,103,59
6833,-4.72923,-138.833,0,3.84615e-05,81,95
6834,-65.2812,-44.0051,0,3.84615e-05,7,1
6835,47.7001,-64.4727,0,3.84615e-05,169,42
6836,52.6958,3.29318,0,3.84615e-05,54,57
6837,74.0823,-142.805,0,3.84615e-05,1,27
6838,-50.9729,-34.0259,0,3.84615e-05,46,85
6839,-37.862,-0.686584,0,3.84615e-05,45,92
6840,-39.2476,-148.394,0,3.84615e-05,41,54
6841,-7.79401,-93.8734,0,3.84615e-05,112,61
6842,45.8599,-135.727,0,3.84615e-05,17,11
6843,20.6781,143.663,0,3.84615e-05,179,87
6844,6.4276,-160.604,0,3.84615e-05,164,40
6845,32.0255,-173.347,0,3.84615e-05,7,91
6846,32.402,-161.925,0,3.84615e-05,1,37
6847,-33.7748,112.749,0,3.84615e-05,175,61
6848,38.615,-127.194,0,3.84615e-05,99,13
6849,-63.479,139.128,0,3.84615e-05,20,21
6850,17.1788,93.5757,0,3.84615e-05,-1,-1
6851,5.92029,-122.873,0,3.84615e-05,2,47
6852,-56.4005,-77.0062,0,3.84615e-05,47,77
6853,-35.1811,63.1713,0,3.84615e-05,72,11
6854,-18.4412,-133.229,0,3.84615e-05,94,94
6855,-64.5447,-17.7915,0,3.84615e-05,53,26
6856,-47.9356,-110.652,0,3.84615e-05,155,5
6857,80.3939,34.3033,0,3.84615e-05,47,34
6858,60.3668,20.6966,0,3.84615e-05,46,71
6859,3.97987,4.8148,0,3.84615e-05,-1,-1
6860,-68.6455,-109.592,0,3.84615e-05,22,79
6861,-15.5922,152.829,0,3.84615e-05,159,39
6862,17.0996,131.61,0,3.84615e-05,117,23
6863,-18.445,161.592,0,3.84615e-05,12,78
6864,-54.7674,112.14,0,3.84615e-05,158,48
6865,-4.76591,-146.245,0,3.84615e-05,69,96
6866,12.0307,-70.4492,0,3.84615e-05,71,66
6867,-44.2787,-38.7924,0,3.84615e-05,17,94
6868,0.892433,134.213,0,3.84615e-05,113,23
6869,15.7845,89.3842,0,3.84615e-05,176,12
6870,13.1885,94.4962,0,3.84615e-05,147,15
6871,12.1024,-78.5183,0,3.84615e-05,129,60
6872,-31.9633,63.6726,0,3.84615e-05,122,16
6873,-36.7365,-162.45,0,3.84615e-05,12,34
6874,9.76074,157.425,0,3.84615e-05,144,81
6875,-29.4253,-39.629,0,3.84615e-05,37,79
6876,29.2525,-141.568,0,3.84615e-05,142,43
6877,-46.17,-139.207,0,3.84615e-05,1,58
6878,-19.4414,-141.92,0,3.84615e-05,2,46
6879,-38.2134,158.025,0,3.84615e-05,57,74
6880,43.9275,-37.7025,0,3.84615e-05,17,50
6881,2.73663,-87.5845,0,3.84615e-05,10,59
6882,46.9446,161.66,0,3.84615e-05,11,25
6883,-10.0197,140.892,0,3.84615e-05,107,78
6884,-42.936,116.591,0,3.84615e-05,42,52
6885,-51.8956,-98.3215,0,3.84615e-05,173,74
6886,-11.7253,-31.6113,0,3.84615e-05,152,85
6887,-50.7396,-136.693,0,3.84615e-05,39,84
6888,15.1651,150.385,0,3.84615e-05,3,78
6889,33.3215,-150.566,0,3.84615e-05,179,0
6890,-23.7449,53.1062,0,3.84615e-05,172,11
6891,-30.7182,-31.4484,0,3.84615e-05,1,16
6892,-67.7328,18.1815,0,3.84615e-05,1,33
6893,-46.186,-141.372,0,3.84615e-05,19,86
6894,-20.8559,173.022,0,3.84615e-05,153,81
6895,-43.7899,-138.674,0,3.84615e-05,32,55
6896,-47.0853,86.7656,0,3.84615e-05,174,46
6897,-4.35609,-178.512,0,3.84615e-05,72,89
6898,-18.2485,-72.0786,0,3.84615e-05,-1,-1
6899,-41.8773,-97.4738,0,3.84615e-05,75,97
6900,-45.8061,77.7089,0,3.84615e-05,162,47
6901,-43.1404,69.9822,0,3.84615e-05,23,16
6902,12.6384,-103.579,0,3.84615e-05,70,53
6903,28.4078,167.777,0,3.84615e-05,114,35
6904,-26.7725,-125.671,0,3.84615e-05,78,96
6905,78.7179,-9.4644,0,3.84615e-05,114,37
6906,22.9006,-114.544,0,3.84615e-05,37,44
6907,-40.8546,162.091,0,3.84615e-05,78,47
6908,1.06149,87.8304,0,3.84615e-05,144,15
6909,-23.2177,-117.602,0,3.84615e-05,68,97
6910,21.1343,-82.4966,0,3.84615e-05,55,55
6911,9.2322,-133.777,0,3.84615e-05,30,44
6912,-17.5455,118.672,0,3.84615e-05,-1,-1
6913,9.8772,141.823,0,3.84615e-05,62,72
6914,19.2851,87.6516,0,3.84615e-05,101,67
6915,-45.8184,161.698,0,3.84615e-05,28,42
6916,11.0674,45.5713,0,3.84615e-05,-1,-1
6917,-47.8008,155.17,0,3.84615e-05,17,43
6918,36.0838,34.9456,0,3.84615e-05,92,54
6919,23.3978,-153.465,0,3.84615e-05,22,90
6920,14.8622,-165.494,0,3.84615e-05,72,95
6921,57.4515,19.1524,0,3.84615e-05,122,63
6922,-32.7132,-45.6478,0,3.84615e-05,146,85
6923,-20.9124,159.872,0,3.84615e-05,23,77
6924,-34.8517,51.9138,0,3.84615e-05,92,4
6925,-41.7188,68.0504,0,3.84615e-05,2,18
6926,-12.0715,-177.536,0,3.84615e-05,158,40
6927,8.28149,-138.084,0,3.84615e-05,18,91
6928,-63.1914,120.593,0,3.84615e-05,105,22
6929,-66.5499,126.355,0,3.84615e-05,76,25
6930,-26.2491,-47.1579,0,3.84615e-05,177,82
6931,-34.4918,163.591,0,3.84615e-05,169,48
6932,11.0672,-68.1219,0,3.84615e-05,-1,-1
6933,-42.0421,54.2455,0,3.84615e-05,30,15
6934,28.0312,-35.8776,0,3.84615e-05,112,73
6935,-20.1429,-152.074,0,3.84615e-05,50,41
6936,31.0923,-169.576,0,3.84615e-05,29,34
6937,-46.5692,124.541,0,3.84615e-05,1,44
6938,9.04453,149.254,0,3.84615e-05,153,80
6939,-5.37881,-121.132,0,3.84615e-05,112,58
6940,1.90932,-115.564,0,3.84615e-05,85,51
6941,-20.2017,163.669,0,3.84615e-05,120,33
6942,-55.8118,-22.9349,0,3.84615e-05,42,27
6943,7.31137,118.589,0,3.84615e-05,-1,-1
6944,2.3037,-25.4661,0,3.84615e-05,17,72
6945,25.1741,127.042,0,3.84615e-05,87,79
6946,11.4715,-24.571,0,3.84615e-05,169,84
6947,-66.0263,-52.6467,0,3.84615e-05,55,6
6948,29.7204,-126.071,0,3.84615e-05,105,47
6949,-23.9248,165.68,0,3.84615e-05,24,77
6950,-28.1563,-134.379,0,3.84615e-05,55,53
6951,-24.0743,-16.767,0,3.84615e-05,63,84
6952,-42.171,92.968,0,3.84615e-05,24,41
6953,18.078,-63.9807,0,3.84615e-05,174,21
6954,-43.5756,-149.375,0,3.84615e-05,10,57
6955,-15.4483,-158.16,0,3.84615e-05,19,85
6956,13.4453,-19.6297,0,3.84615e-05,160,34
6957,41.0505,144.594,0,3.84615e-05,72,14
6958,10.8839,-136.992,0,3.84615e-05,50,42
6959,56.2982,1.18575,0,3.84615e-05,72,78
6960,21.265,-172.269,0,3.84615e-05,36,33
6961,-70.5135,179.706,0,3.84615e-05,163,74
6962,-56.9156,-151.219,0,3.84615e-05,126,85
6963,-23.517,-179.4,0,3.84615e-05,81,37
6964,-35.5307,-79.3442,0,3.84615e-05,7,0
6965,-62.4235,28.0864,0,3.84615e-05,152,7
6966,41.064,-141.111,0,3.84615e-05,107,12
6967,13.2685,-56.7884,0,3.84615e-05,-1,-1
6968,42.412,153.396,0,3.84615e-05,44,17
6969,-1.98626,-156.393,0,3.84615e-05,93,47
6970,-44.705,13.8919,0,3.84615e-05,2,17
6971,-30.0316,-148.794,0,3.84615e-05,23,85
6972,77.1721,43.293,0,3.84615e-05,1,39
6973,-68.9565,-40.9601,0,3.84615e-05,27,9
6974,-49.2984,-103.44,0,3.84615e-05,14,60
6975,-53.5473,-110.379,0,3.84615e-05,2,61
6976,-0.533401,156.276,0,3.84615e-05,17,23
6977,-16.2176,110.758,0,3.84615e-05,5,19
6978,-19.985,-154.007,0,3.84615e-05,154,53
6979,-47.698,177.505,0,3.84615e-05,12,79
6980,-77.7315,168.373,0,3.84615e-05,-1,-1
6981,30.0568,125.832,0,3.84615e-05,-1,-1
6982,-24.8951,-111.783,0,3.84615e-05,145,67
6983,-58.3276,16.3798,0,3.84615e-05,8,32
6984,57.5936,-77.8583,0,3.84615e-05,143,23
6985,-8.66645,46.5015,0,3.84615e-05,173,57
6986,-30.6609,-18.9834,0,3.84615e-05,26,28
6987,77.2546,49.7505,0,3.84615e-05,-1,-1
6988,-5.95871,74.0418,0,3.84615e-05,42,0
6989,-42.1141,-138.339,0,3.84615e-05,167,64
6990,-6.51266,-153.285,0,3.84615e-05,63,40
6991,29.1093,132.367,0,3.84615e-05,-1,-1
6992,9.26628,-44.5655,0,3.84615e-05,100,29
6993,-45.3631,-106.77,0,3.84615e-05,134,91
6994,20.9129,66.3805,0,3.84615e-05,9,98
6995,-37.5099,11.5496,0,3.84615e-05,7,96
6996,15.9784,179.718,0,3.84615e-05,64,30
6997,17.0299,-140.832,0,3.84615e-05,165,2
6998,-13.8308,-179.085,0,3.84615e-05,167,49
6999,-14.4057,118.629,0,3.84615e-05,-1,-1
7000,-37.356,-45.632,0,3.84615e-05,125,87
7001,71.6779,-99.2836,0,3.84615e-05,-1,-1
7002,74.2596,-1.22171,0,3.84615e-05,97,39
7003,23.612,-156.941,0,3.84615e-05,2,92
7004,7.75639,142.999,0,3.84615e-05,76,27
7005,57.4525,4.31636,0,3.84615e-05,160,69
7006,-35.5434,125.03,0,3.84615e-05,138,65
7007,-61.9161,-42.0976,0,3.84615e-05,4,89
7008,77.6125,48.4326,0,3.84615e-05,-1,-1
7009,-48.2552,-147.319,0,3.84615e-05,20,56
7010,34.6193,175.5,0,3.84615e-05,87,38
7011,-56.3761,39.8004,0,3.84615e-05,116,1
7012,-12.6204,118.43,0,3.84615e-05,-1,-1
7013,-53.0561,-11.2077,0,3.84615e-05,3,21
7014,-22.4985,-131.686,0,3.84615e-05,85,95
7015,15.4884,-139.861,0,3.84615e-05,80,49
7016,-65.1183,-33.0294,0,3.84615e-05,134,39
7017,8.19805,-155.903,0,3.84615e-05,95,93
7018,14.7405,-20.2074,0,3.84615e-05,4,29
7019,-4.0293,-27.7474,0,3.84615e-05,164,84
7020,-50.6564,-179.967,0,3.84615e-05,3,70
7021,11.4706,-74.7064,0,3.84615e-05,-1,-1
7022,18.8712,173.356,0,3.84615e-05,102,36
7023,-56.7841,65.0807,0,3.84615e-05,19,1
7024,15.5032,-62.2232,0,3.84615e-05,-1,-1
7025,0.878387,-130.11,0,3.84615e-05,22,91
7026,44.8787,-152.504,0,3.84615e-05,74,15
7027,-26.8223,-178.717,0,3.84615e-05,84,47
7028,-67.812,-118.496,0,3.84615e-05,32,78
7029,22.6867,-85.4301,0,3.84615e-05,64,54
7030,26.0862,-142.099,0,3.84615e-05,132,44
7031,2.71178,176.312,0,3.84615e-05,88,37
7032,-34.9031,-153.905,0,3.84615e-05,34,84
7033,60.0787,-10.2704,0,3.84615e-05,180,77
7034,-8.26713,-149.408,0,3.84615e-05,43,42
7035,-9.6187,91.5273,0,3.84615e-05,1,55
7036,11.7651,-68.8658,0,3.84615e-05,72,66
7037,-31.9941,13.8059,0,3.84615e-05,11,31
7038,-55.9266,82.6873,0,3.84615e-05,-1,-1
7039,72.2243,-135.424,0,3.84615e-05,15,6
7040,-14.7563,68.2555,0,3.84615e-05,49,9
7041,16.9252,-126.493,0,3.84615e-05,33,44
7042,9.44903,167.25,0,3.84615e-05,119,34
7043,29.3019,179.219,0,3.84615e-05,67,95
7044,5.09271,-82.3827,0,3.84615e-05,127,60
7045,19.2588,146.581,0,3.84615e-05,170,88
7046,5.73666,106.483,0,3.84615e-05,78,12
7047,-26.9673,55.4318,0,3.84615e-05,162,12
7048,-30.7313,-88.7385,0,3.84615e-05,20,60
7049,55.8883,-178.541,0,3.84615e-05,17,36
7050,6.53778,145.692,0,3.84615e-05,-1,-1
7051,-6.47551,5.4225,0,3.84615e-05,21,89
7052,-62.8931,110.872,0,3.84615e-05,143,28
7053,-41.2019,83.3094,0,3.84615e-05,5,18
7054,34.4165,149.465,0,3.84615e-05,52,16
7055,-17.4511,54.1315,0,3.84615e-05,167,58
7056,18.9794,-139.34,0,3.84615e-05,121,45
7057,14.1785,-114.995,0,3.84615e-05,148,55
7058,60.9145,-94.4033,0,3.84615e-05,-1,-1
7059,-39.6779,-119.874,0,3.84615e-05,131,91
7060,-23.2033,86.7709,0,3.84615e-05,39,15
7061,-29.002,106.397,0,3.84615e-05,8,55
7062,-49.9395,-127.549,0,3.84615e-05,50,66
7063,-48.8515,-116.351,0,3.84615e-05,154,5
7064,38.0298,-44.9337,0,3.84615e-05,101,64
7065,-22.1421,166.07,0,3.84615e-05,172,89
7066,-30.7265,-42.711,0,3.84615e-05,47,78
7067,46.9487,-142.945,0,3.84615e-05,106,12
7068,72.1186,-118.448,0,3.84615e-05,-1,-1
7069,6.45587,153.056,0,3.84615e-05,156,30
7070,33.0688,-11.3189,0,3.84615e-05,-1,-1
7071,-25.9654,-71.1731,0,3.84615e-05,-1,-1
7072,59.2383,-12.0489,0,3.84615e-05,170,78
7073,-48.7573,115.329,0,3.84615e-05,29,41
7074,-54.5295,-23.7759,0,3.84615e-05,41,27
7075,-43.792,167.719,0,3.84615e-05,39,41
7076,-7.97305,-158.814,0,3.84615e-05,82,48
7077,21.2474,-39.5704,0,3.84615e-05,119,72
7078,19.0343,-152.747,0,3.84615e-05,138,43
7079,34.1287,-27.6211,0,3.84615e-05,173,32
7080,5.78918,87.3541,0,3.84615e-05,8,4
7081,45.7707,-174.813,0,3.84615e-05,43,33
7082,11.7875,97.0152,0,3.84615e-05,157,14
7083,-23.7199,-130.79,0,3.84615e-05,97,59
7084,-1.33157,-147.32,0,3.84615e-05,55,41
7085,-52.7837,145.588,0,3.84615e-05,34,41
7086,-40.65,136.878,0,3.84615e-05,173,72
7087,20.3454,-108.833,0,3.84615e-05,146,19
7088,-3.26405,90.5923,0,3.84615e-05,133,16
7089,-53.8893,-39.1427,0,3.84615e-05,44,85
7090,-8.15527,-110.812,0,3.84615e-05,33,56
7091,62.4859,-90.0976,0,3.84615e-05,-1,-1
7092,3.55167,-20.7104,0,3.84615e-05,138,87
7093,41.1445,7.6517,0,3.84615e-05,-1,-1
7094,-3.77556,173.328,0,3.84615e-05,96,36
7095,-32.8192,53.7159,0,3.84615e-05,112,2
7096,69.5514,35.7382,0,3.84615e-05,-1,-1
7097,-46.7574,-121.156,0,3.84615e-05,163,4
7098,17.8611,-116.265,0,3.84615e-05,158,54
7099,24.516,-149.346,0,3.84615e-05,3,92
7100,-80.9269,179.799,0,3.84615e-05,-1,-1
7101,1.7116,-178.577,0,3.84615e-05,61,80
7102,-80.3394,166.889,0,3.84615e-05,114,32
7103,-24.0268,-76.7017,0,3.84615e-05,180,17
7104,-40.2765,98.055,0,3.84615e-05,15,42
7105,33.461,27.9284,0,3.84615e-05,141,59
7106,-51.6176,130.188,0,3.84615e-05,75,59
7107,-10.9843,136.613,0,3.84615e-05,116,77
7108,71.0955,4.35155,0,3.84615e-05,-1,-1
7109,16.7172,-49.9546,0,3.84615e-05,7,63
7110,70.9422,-136.119,0,3.84615e-05,34,4
7111,13.6368,-99.8767,0,3.84615e-05,2,9
7112,-17.5717,-10.2958,0,3.84615e-05,75,83
7113,-7.29851,-160.806,0,3.84615e-05,1,36
7114,-1.50253,174.152,0,3.84615e-05,90,87
7115,9.66082,169.096,0,3.84615e-05,90,37
7116,-0.795296,108.251,0,3.84615e-05,77,12
7117,2.90801,-21.7065,0,3.84615e-05,147,86
7118,77.8069,25.4273,0,3.84615e-05,48,34
7119,-38.186,-151.712,0,3.84615e-05,50,53
7120,9.19955,139.609,0,3.84615e-05,82,70
7121,-22.5987,-150.502,0,3.84615e-05,2,87
7122,-55.768,-160.182,0,3.84615e-05,7,34
7123,11.7657,-37.3794,0,3.84615e-05,97,74
7124,-11.225,73.1367,0,3.84615e-05,108,54
7125,-36.3016,7.94847,0,3.84615e-05,27,94
7126,-18.7967,-15.8411,0,3.84615e-05,3,20
7127,-25.0374,-127.572,0,3.84615e-05,27,56
7128,-62.5043,95.1133,0,3.84615e-05,152,27
7129,-42.7653,-50.6923,0,3.84615e-05,53,77
7130,59.0085,-14.5965,0,3.84615e-05,167,68
7131,-24.9891,76.1377,0,3.84615e-05,112,54
7132,7.45277,128.074,0,3.84615e-05,143,20
7133,11.3141,-132.686,0,3.84615e-05,40,43
7134,12.3372,91.5416,0,3.84615e-05,156,14
7135,59.6666,-13.2651,0,3.84615e-05,157,33
7136,-16.2772,-4.97202,0,3.84615e-05,37,87
7137,-13.8264,102.745,0,3.84615e-05,14,18
7138,-45.6616,-15.3899,0,3.84615e-05,1,21
7139,-5.48843,110.152,0,3.84615e-05,17,18
7140,-46.9947,-31.1835,0,3.84615e-05,27,87
7141,-28.5401,54.4735,0,3.84615e-05,142,14
7142,-30.1798,154.436,0,3.84615e-05,-1,-1
7143,-25.4615,-77.2302,0,3.84615e-05,13,61
7144,-39.6869,51.4899,0,3.84615e-05,110,2
7145,81.3166,28.2682,0,3.84615e-05,57,33
7146,-2.35336,118.436,0,3.84615e-05,168,27
7147,81.6438,3.24631,0,3.84615e-05,133,35
7148,-5.03613,-165.042,0,3.84615e-05,10,35
7149,-10.3968,-105.971,0,3.84615e-05,150,67
7150,-20.4364,-84.7729,0,3.84615e-05,2,0
7151,38.2011,168.223,0,3.84615e-05,2,85
7152,1.70284,-35.7468,0,3.84615e-05,75,76
7153,32.1748,-79.8133,0,3.84615e-05,47,56
7154,37.4053,-19.3339,0,3.84615e-05,57,79
7155,-50.3347,68.0023,0,3.84615e-05,161,47
7156,-47.9355,104.393,0,3.84615e-05,7,43
7157,-29.1984,-20.4268,0,3.84615e-05,62,84
7158,-24.283,-139.742,0,3.84615e-05,86,50
7159,-25.1922,-90.3785,0,3.84615e-05,12,9
7160,-15.6874,65.5966,0,3.84615e-05,158,59
7161,31.8181,-25.1656,0,3.84615e-05,64,78
7162,4.27753,-120.239,0,3.84615e-05,135,56
7163,28.458,165.758,0,3.84615e-05,105,36
7164,43.7716,-168.743,0,3.84615e-05,1,12
7165,26.5823,-175.768,0,3.84615e-05,57,31
7166,26.6223,154.316,0,3.84615e-05,2,11
7167,35.0934,-159.109,0,3.84615e-05,-1,-1
7168,56.678,3.82755,0,3.84615e-05,92,30
7169,74.9852,-61.2318,0,3.84615e-05,64,21
7170,-54.9716,-152.487,0,3.84615e-05,116,86
7171,18.7671,-128.161,0,3.84615e-05,135,5
7172,-42.5028,-139.073,0,3.84615e-05,28,85
7173,43.251,-134.108,0,3.84615e-05,38,19
7174,-42.2312,-107.871,0,3.84615e-05,73,64
7175,-7.5297,12.4093,0,3.84615e-05,12,80
7176,29.2511,-118.068,0,3.84615e-05,77,40
7177,-21.6898,-122.534,0,3.84615e-05,69,52
7178,-45.3124,27.4858,0,3.84615e-05,166,6
7179,42.488,-142.4,0,3.84615e-05,86,14
7180,-71.7187,-173.945,0,3.84615e-05,173,73
7181,-37.2454,-82.2521,0,3.84615e-05,17,9
7182,63.231,-77.0554,0,3.84615e-05,-1,-1
7183,50.1219,-45.7562,0,3.84615e-05,82,41
7184,69.4297,-21.0152,0,3.84615e-05,136,35
7185,-57.2287,161.116,0,3.84615e-05,177,36
7186,72.3744,-67.7455,0,3.84615e-05,92,28
7187,-29.9817,-108.963,0,3.84615e-05,32,91
7188,-15.3719,-171.685,0,3.84615e-05,17,34
7189,21.641,-48.8195,0,3.84615e-05,106,28
7190,-3.11459,131.677,0,3.84615e-05,-1,-1
7191,45.2309,-159.235,0,3.84615e-05,23,10
7192,-78.3257,173.162,0,3.84615e-05,105,33
7193,-12.8233,-128.706,0,3.84615e-05,99,59
7194,8.70607,118.956,0,3.84615e-05,159,72
7195,-46.3165,136.221,0,3.84615e-05,56,51
7196,75.1488,84.6663,0,3.84615e-05,-1,-1
7197,9.59959,147.304,0,3.84615e-05,162,89
7198,-60.8143,-34.9171,0,3.84615e-05,151,37
7199,-34.2489,1.6185,0,3.84615e-05,40,38
7200,1.10303,126.319,0,3.84615e-05,2,10
7201,-17.0953,88.5792,0,3.84615e-05,90,10
7202,-39.3409,61.6183,0,3.84615e-05,32,15
7203,-57.6771,-40.5159,0,3.84615e-05,24,87
7204,12.2851,-132.895,0,3.84615e-05,41,43
7205,11.7707,175.188,0,3.84615e-05,178,94
7206,-41.217,142.638,0,3.84615e-05,155,49
7207,-0.198853,95.8925,0,3.84615e-05,95,10
7208,64.3288,-34.5498,0,3.84615e-05,10,27
7209,30.8309,-21.383,0,3.84615e-05,137,36
7210,-11.55,125.127,0,3.84615e-05,-1,-1
7211,-4.55972,42.817,0,3.84615e-05,-1,-1
7212,-3.57681,83.8874,0,3.84615e-05,24,2
7213,29.9621,-174.168,0,3.84615e-05,57,96
7214,-30.1648,-130.932,0,3.84615e-05,45,54
7215,39.3012,-136.187,0,3.84615e-05,167,16
7216,-63.0014,-167.045,0,3.84615e-05,17,79
7217,-21.2077,89.3725,0,3.84615e-05,80,11
7218,-54.3855,67.8511,0,3.84615e-05,10,2
7219,17.5231,-133.315,0,3.84615e-05,62,41
7220,39.1815,-55.3331,0,3.84615e-05,33,58
7221,-48.9351,-106.807,0,3.84615e-05,3,61
7222,56.3863,140.808,0,3.84615e-05,-1,-1
7223,-24.203,11.6283,0,3.84615e-05,69,90
7224,82.2833,21.377,0,3.84615e-05,104,38
7225,-7.00088,-173.287,0,3.84615e-05,140,42
7226,-64.3192,-52.1518,0,3.84615e-05,2,89
7227,3.83636,-14.9661,0,3.84615e-05,115,39
7228,19.1466,-67.3526,0,3.84615e-05,83,65
7229,31.8291,125.534,0,3.84615e-05,149,20
7230,-37.7499,-86.223,0,3.84615e-05,8,61
7231,-55.8856,179.514,0,3.84615e-05,14,56
7232,-42.9596,-95.953,0,3.84615e-05,86,96
7233,-8.51933,-4.41708,0,3.84615e-05,49,86
7234,-47.9766,84.6897,0,3.84615e-05,173,46
7235,-13.5668,153.519,0,3.84615e-05,179,37
7236,18.005,-176.689,0,3.84615e-05,18,84
7237,-43.1101,-179.473,0,3.84615e-05,2,45
7238,-49.1433,-75.422,0,3.84615e-05,98,72
7239,-30.5704,-126.154,0,3.84615e-05,7,58
7240,-6.58648,-26.5296,0,3.84615e-05,25,71
7241,-14.5711,179.559,0,3.84615e-05,157,40
7242,8.21878,-149.455,0,3.84615e-05,97,47
7243,-0.149635,66.6258,0,3.84615e-05,92,5
7244,70.4654,-18.7936,0,3.84615e-05,154,33
7245,9.37859,-14.1711,0,3.84615e-05,130,88
7246,4.26214,-122.882,0,3.84615e-05,124,57
7247,9.73772,-147.455,0,3.84615e-05,88,48
7248,5.07761,-38.9549,0,3.84615e-05,95,74
7249,-16.2071,-152.733,0,3.84615e-05,1,87
7250,-54.5485,-128.591,0,3.84615e-05,12,87
7251,21.9527,-138.809,0,3.84615e-05,111,46
7252,3.08115,-170.248,0,3.84615e-05,3,86
7253,-39.4234,3.15157,0,3.84615e-05,15,95
7254,-33.9356,-78.1786,0,3.84615e-05,1,62
7255,-63.2994,-38.1913,0,3.84615e-05,161,36
7256,7.23416,123.58,0,3.84615e-05,42,16
7257,51.5303,-37.1497,0,3.84615e-05,3,28
7258,51.3936,-135.065,0,3.84615e-05,7,12
7259,17.2275,164.814,0,3.84615e-05,3,25
7260,-40.3455,0.424011,0,3.84615e-05,25,94
7261,10.9941,-89.1076,0,3.84615e-05,12,59
7262,-3.14414,100.636,0,3.84615e-05,117,66
7263,-16.9269,-7.0722,0,3.84615e-05,56,85
7264,-36.698,-174.387,0,3.84615e-05,63,49
7265,-58.9067,-97.1292,0,3.84615e-05,17,87
7266,-47.484,150.22,0,3.84615e-05,48,52
7267,33.5618,-35.9295,0,3.84615e-05,12,63
7268,-9.18645,120.135,0,3.84615e-05,147,29
7269,-12.7842,10.3746,0,3.84615e-05,111,96
7270,72.3151,-3.31584,0,3.84615e-05,144,34
7271,17.3221,-122.272,0,3.84615e-05,14,46
7272,-3.04085,155.663,0,3.84615e-05,7,24
7273,37.1271,-75.8467,0,3.84615e-05,110,50
7274,51.4414,-168.811,0,3.84615e-05,2,12
7275,31.5429,-40.1184,0,3.84615e-05,141,70
7276,-50.9069,115.406,0,3.84615e-05,19,42
7277,-50.8242,-32.7856,0,3.84615e-05,55,84
7278,0.0176239,-115.92,0,3.84615e-05,74,52
7279,4.62303,-156.894,0,3.84615e-05,115,45
7280,-18.6533,78.24,0,3.84615e-05,1,4
7281,-41.3179,40.0805,0,3.84615e-05,158,7
7282,-22.0258,91.5857,0,3.84615e-05,30,16
7283,-10.8194,61.5145,0,3.84615e-05,156,59
7284,27.5691,160.574,0,3.84615e-05,25,23
7285,-2.69119,-25.5195,0,3.84615e-05,7,73
7286,-45.0628,-173.498,0,3.84615e-05,2,70
7287,17.5838,-71.5756,0,3.84615e-05,14,13
7288,32.9462,-120.553,0,3.84615e-05,67,41
7289,70.7777,66.9765,0,3.84615e-05,120,74
7290,-4.57103,131.25,0,3.84615e-05,134,75
7291,-22.3443,-15.4725,0,3.84615e-05,83,82
7292,7.16424,-51.1907,0,3.84615e-05,129,26
7293,65.4786,39.3203,0,3.84615e-05,-1,-1
7294,-22.3261,12.5801,0,3.84615e-05,80,99
7295,-31.5489,115.239,0,3.84615e-05,170,26
7296,-23.0332,63.0983,0,3.84615e-05,57,8
7297,26.4835,-78.101,0,3.84615e-05,2,14
7298,41.3956,-20.899,0,3.84615e-05,67,78
7299,-69.1299,21.5623,0,3.84615e-05,131,9
7300,-54.2246,-27.3732,0,3.84615e-05,70,24
7301,-13.8569,-3.6907,0,3.84615e-05,38,87
7302,72.8998,135.638,0,3.84615e-05,174,30
7303,9.22183,-30.546,0,3.84615e-05,38,70
7304,-34.1861,72.3181,0,3.84615e-05,94,19
7305,56.1349,155.934,0,3.84615e-05,99,26
7306,-6.43185,79.6967,0,3.84615e-05,140,15
7307,19.7828,-163.933,0,3.84615e-05,7,36
7308,-21.5161,-108.288,0,3.84615e-05,1,59
7309,-22.4285,9.79742,0,3.84615e-05,79,99
7310,-40.3199,-167.961,0,3.84615e-05,97,58
7311,-32.5785,7.05977,0,3.84615e-05,57,91
7312,71.8989,-18.1711,0,3.84615e-05,145,34
7313,-32.6342,174.852,0,3.84615e-05,7,79
7314,34.7178,-26.3467,0,3.84615e-05,164,33
7315,34.343,-15.4236,0,3.84615e-05,135,36
7316,-4.59142,132.889,0,3.84615e-05,-1,-1
7317,-54.3231,45.0697,0,3.84615e-05,97,3
7318,32.4027,-30.1455,0,3.84615e-05,113,73
7319,28.9969,165.83,0,3.84615e-05,163,95
7320,-13.1603,52.4784,0,3.84615e-05,-1,-1
7321,35.5674,-35.4662,0,3.84615e-05,142,70
7322,-11.8635,-171.677,0,3.84615e-05,138,42
7323,23.1818,-157.526,0,3.84615e-05,12,91
7324,2.15723,105.827,0,3.84615e-05,-1,-1
7325,40.3071,-11.4433,0,3.84615e-05,124,37
7326,15.2327,-130.85,0,3.84615e-05,72,40
7327,-22.028,-144.941,0,3.84615e-05,1,46
7328,-54.3322,61.9507,0,3.84615e-05,29,0
7329,-25.9824,155.701,0,3.84615e-05,147,30
7330,-3.13765,-38.0671,0,3.84615e-05,-1,-1
7331,-46.054,-153.23,0,3.84615e-05,49,53
7332,-54.1779,-171.9,0,3.84615e-05,2,60
7333,-62.8423,-129.845,0,3.84615e-05,91,89
7334,-39.4049,-131.59,0,3.84615e-05,14,57
7335,-4.08003,-88.1111,0,3.84615e-05,134,69
7336,-50.1882,127.21,0,3.84615e-05,12,43
7337,-64.4632,-161.996,0,3.84615e-05,27,78
7338,-21.3557,97.6708,0,3.84615e-05,11,18
7339,24.4171,-56.0366,0,3.84615e-05,125,26
7340,30.8063,133.936,0,3.84615e-05,-1,-1
7341,-44.0876,37.0766,0,3.84615e-05,157,7
7342,-53.3944,-56.4039,0,3.84615e-05,40,78
7343,-53.7484,-61.5048,0,3.84615e-05,10,71
7344,11.8067,-74.2764,0,3.84615e-05,-1,-1
7345,-36.3441,-28.5503,0,3.84615e-05,69,83
7346,30.848,169.579,0,3.84615e-05,115,35
7347,44.0128,35.0871,0,3.84615e-05,166,69
7348,-19.9543,148.764,0,3.84615e-05,12,23
7349,-51.1779,-135.777,0,3.84615e-05,18,69
7350,-41.1147,-45.5454,0,3.84615e-05,44,78
7351,28.0062,-146.91,0,3.84615e-05,152,42
7352,31.0217,152.952,0,3.84615e-05,153,31
7353,56.0101,176.81,0,3.84615e-05,64,31
7354,-10.5365,-11.6027,0,3.84615e-05,96,81
7355,-32.5291,3.98286,0,3.84615e-05,17,95
7356,42.7416,176.197,0,3.84615e-05,18,10
7357,-37.3391,92.1164,0,3.84615e-05,4,43
7358,2.00692,149.9,0,3.84615e-05,175,88
7359,-47.9024,-17.6316,0,3.84615e-05,1,96
7360,44.9967,176.756,0,3.84615e-05,28,19
7361,39.6112,154.637,0,3.84615e-05,34,18
7362,-52.2274,-92.0323,0,3.84615e-05,155,76
7363,-51.2348,145.79,0,3.84615e-05,28,54
7364,-2.4353,99.2117,0,3.84615e-05,75,12
7365,-10.3093,129.638,0,3.84615e-05,128,21
7366,4.94717,-113.012,0,3.84615e-05,106,59
7367,-67.9543,-142.67,0,3.84615e-05,9,70
7368,40.903,-67.2909,0,3.84615e-05,167,67
7369,17.3728,129.073,0,3.84615e-05,126,22
7370,-35.6546,-85.5573,0,3.84615e-05,17,93
7371,40.9555,-9.14336,0,3.84615e-05,48,70
7372,-48.2482,-157.578,0,3.84615e-05,38,54
7373,-57.6287,155.287,0,3.84615e-05,175,62
7374,-67.0786,25.3659,0,3.84615e-05,132,9
7375,16.4764,-21.8768,0,3.84615e-05,140,36
7376,57.7109,-78.2993,0,3.84615e-05,143,23
7377,23.7976,-42.715,0,3.84615e-05,139,70
7378,29.6722,-170.014,0,3.84615e-05,59,96
7379,-16.007,176.791,0,3.84615e-05,93,36
7380,40.7985,-43.5931,0,3.84615e-05,5,51
7381,-8.81597,47.591,0,3.84615e-05,168,7
7382,-4.94132,-102.971,0,3.84615e-05,65,3
7383,6.10458,67.0324,0,3.84615e-05,95,5
7384,-40.0765,-143.444,0,3.84615e-05,2,58
7385,-52.6615,-61.5025,0,3.84615e-05,20,70
7386,41.3554,39.459,0,3.84615e-05,167,69
7387,-18.9112,-10.9369,0,3.84615e-05,55,85
7388,9.47451,-113.425,0,3.84615e-05,97,50
7389,8.27721,-117.611,0,3.84615e-05,136,56
7390,-43.8175,-0.193436,0,3.84615e-05,33,39
7391,0.490685,90.4703,0,3.84615e-05,145,63
7392,-5.44694,169.496,0,3.84615e-05,110,85
7393,-36.9398,-88.1083,0,3.84615e-05,18,60
7394,-20.4279,-163.462,0,3.84615e-05,68,49
7395,-45.2587,154.514,0,3.84615e-05,47,40
7396,-12.277,153.049,0,3.84615e-05,160,39
7397,42.0508,-37.485,0,3.84615e-05,7,51
7398,83.4325,-120.267,0,3.84615e-05,50,22
7399,40.7175,-73.0715,0,3.84615e-05,158,22
7400,23.5836,-170.183,0,3.84615e-05,28,34
7401,-11.9281,-106.251,0,3.84615e-05,23,57
7402,5.91344,-39.7318,0,3.84615e-05,82,21
7403,77.337,2.08022,0,3.84615e-05,162,32
7404,-45.2113,1.0867,0,3.84615e-05,89,18
7405,-60.0237,40.7251,0,3.84615e-05,76,5
7406,23.9468,169.225,0,3.84615e-05,125,99
7407,-41.7293,-168.536,0,3.84615e-05,13,44
7408,18.7281,-68.0279,0,3.84615e-05,93,64
7409,16.3945,-149.994,0,3.84615e-05,148,42
7410,-50.4659,111.403,0,3.84615e-05,78,46
7411,83.2665,-148.3,0,3.84615e-05,69,20
7412,59.0884,-47.5255,0,3.84615e-05,30,25
7413,21.1296,-157.104,0,3.84615e-05,42,98
7414,14.9461,-54.361,0,3.84615e-05,117,27
7415,-51.9307,132.724,0,3.84615e-05,2,44
7416,-5.86903,-106.588,0,3.84615e-05,55,54
7417,-59.8241,158.054,0,3.84615e-05,157,38
7418,-5.84529,-136.49,0,3.84615e-05,7,46
7419,55.4988,-136.84,0,3.84615e-05,-1,-1
7420,79.6339,45.7771,0,3.84615e-05,10,38
7421,5.41713,130.245,0,3.84615e-05,102,78
7422,3.18272,168.401,0,3.84615e-05,108,35
7423,32.0318,-164.952,0,3.84615e-05,11,36
7424,-21.7508,-165.812,0,3.84615e-05,58,40
7425,-45.1628,-18.2692,0,3.84615e-05,10,20
7426,-13.044,127.315,0,3.84615e-05,-1,-1
7427,9.08531,-162.949,0,3.84615e-05,5,36
7428,-44.534,33.3855,0,3.84615e-05,165,11
7429,-10.108,-85.7355,0,3.84615e-05,93,63
7430,22.0548,-134.512,0,3.84615e-05,82,49
7431,-14.0928,-2.28566,0,3.84615e-05,28,88
7432,-1.20021,49.6289,0,3.84615e-05,1,98
7433,-11.1825,147.661,0,3.84615e-05,180,37
7434,-9.65942,160.149,0,3.84615e-05,1,79
7435,-43.1819,-110.857,0,3.84615e-05,23,69
7436,-7.2034,55.6768,0,3.84615e-05,139,0
7437,-20.3081,106.151,0,3.84615e-05,3,19
7438,-25.5573,14.6508,0,3.84615e-05,9,31
7439,-14.86,96.2166,0,3.84615e-05,23,53
7440,79.5497,-171.414,0,3.84615e-05,29,24
7441,18.7914,164.633,0,3.84615e-05,112,35
7442,-13.5091,83.9146,0,3.84615e-05,12,3
7443,33.2628,-32.3858,0,3.84615e-05,8,28
7444,-33.0118,-168.079,0,3.84615e-05,3,35
7445,-6.19739,-113.042,0,3.84615e-05,44,55
7446,20.49,-126.533,0,3.84615e-05,53,42
7447,9.54649,-150.681,0,3.84615e-05,107,46
7448,32.6824,-70.0627,0,3.84615e-05,174,66
7449,25.488,151.373,0,3.84615e-05,1,11
7450,-59.3563,-164.925,0,3.84615e-05,35,77
7451,-48.9836,51.4326,0,3.84615e-05,19,16
7452,-1.22648,163.304,0,3.84615e-05,135,32
7453,-3.8429,110.513,0,3.84615e-05,47,15
7454,-17.3129,10.9624,0,3.84615e-05,110,96
7455,-24.7546,58.055,0,3.84615e-05,163,12
7456,6.36451,-12.5848,0,3.84615e-05,124,38
7457,-51.6747,-134.962,0,3.84615e-05,28,68
7458,-20.7708,-71.8636,0,3.84615e-05,161,19
7459,20.892,58.8557,0,3.84615e-05,-1,-1
7460,-70.956,27.8747,0,3.84615e-05,82,4
7461,59.3628,-4.10808,0,3.84615e-05,53,70
7462,53.685,164.961,0,3.84615e-05,13,25
7463,36.5218,-62.7235,0,3.84615e-05,1,51
7464,-61.6748,-56.409,0,3.84615e-05,9,71
7465,39.0882,177.07,0,3.84615e-05,51,32
7466,-29.4787,-112.406,0,3.84615e-05,134,68
7467,34.5715,-30.3427,0,3.84615e-05,3,64
7468,4.29037,-142.718,0,3.84615e-05,57,41
7469,-24.6594,-75.9967,0,3.84615e-05,151,10
7470,-25.7902,-173.055,0,3.84615e-05,75,48
7471,71.4516,-148.562,0,3.84615e-05,82,9
7472,48.4199,-15.5526,0,3.84615e-05,1,52
7473,82.3997,-13.5745,0,3.84615e-05,94,39
7474,-4.8886,-132.056,0,3.84615e-05,13,92
7475,19.7148,-157.427,0,3.84615e-05,167,40
7476,17.0431,-29.4147,0,3.84615e-05,13,28
7477,-45.4803,-15.8569,0,3.84615e-05,1,21
7478,-55.2664,7.29349,0,3.84615e-05,7,32
7479,-54.2019,23.4976,0,3.84615e-05,145,8
7480,73.5954,-142.189,0,3.84615e-05,33,4
7481,5.53823,119.821,0,3.84615e-05,-1,-1
7482,-47.5495,153.449,0,3.84615e-05,7,44
7483,10.0745,81.5038,0,3.84615e-05,27,2
7484,19.887,-139.681,0,3.84615e-05,101,47
7485,26.9108,-37.1223,0,3.84615e-05,130,71
7486,-53.9349,-48.5239,0,3.84615e-05,1,72
7487,-50.4552,-103.239,0,3.84615e-05,107,0
7488,-55.4178,-58.8349,0,3.84615e-05,30,79
7489,13.2794,-128.497,0,3.84615e-05,22,45
7490,54.1819,165.711,0,3.84615e-05,3,26
7491,-35.6682,63.1946,0,3.84615e-05,72,11
7492,35.177,16.6673,0,3.84615e-05,12,39
7493,36.3372,-29.8427,0,3.84615e-05,167,43
7494,11.8422,-106.206,0,3.84615e-05,138,10
7495,-26.4897,-25.5611,0,3.84615e-05,2,16
7496,45.5644,-171.99,0,3.84615e-05,40,18
7497,-59.3527,-76.2701,0,3.84615e-05,10,88
7498,-51.8607,72.7871,0,3.84615e-05,1,3
7499,19.5292,70.843,0,3.84615e-05,19,97
7500,-17.2457,-113.159,0,3.84615e-05,12,58
7501,62.6076,-53.9885,0,3.84615e-05,77,20
7502,17.4565,-101.414,0,3.84615e-05,128,11
7503,-9.72905,108.891,0,3.84615e-05,6,19
7504,-33.5642,-4.73232,0,3.84615e-05,14,89
7505,-2.83032,-155.343,0,3.84615e-05,83,48
7506,-7.08055,-103.892,0,3.84615e-05,151,67
7507,-1.84028,170.108,0,3.84615e-05,115,34
7508,-52.0962,-179.069,0,3.84615e-05,52,75
7509,-4.51007,172.677,0,3.84615e-05,86,37
7510,-2.77838,87.8091,0,3.84615e-05,152,14
7511,18.8042,-83.1619,0,3.84615e-05,150,68
7512,-28.7584,56.5318,0,3.84615e-05,151,13
7513,11.3253,137.001,0,3.84615e-05,91,79
7514,9.75321,103.733,0,3.84615e-05,108,19
7515,16.2327,-53.62,0,3.84615e-05,107,28
7516,-52.2044,75.7294,0,3.84615e-05,172,46
7517,-9.7621,-83.8927,0,3.84615e-05,74,65
7518,-8.35506,-123.931,0,3.84615e-05,111,58
7519,-24.312,-12.092,0,3.84615e-05,44,86
7520,76.574,100.595,0,3.84615e-05,-1,-1
7521,9.35896,163.847,0,3.84615e-05,1,25
7522,14.6595,-51.7513,0,3.84615e-05,-1,-1
7523,-78.6805,-36.7862,0,3.84615e-05,77,4
7524,-35.8085,-98.5412,0,3.84615e-05,45,90
7525,17.9232,94.3239,0,3.84615e-05,1,5
7526,83.4681,-59.0913,0,3.84615e-05,-1,-1
7527,4.79122,-133.558,0,3.84615e-05,19,45
7528,-34.3715,102.178,0,3.84615e-05,69,59
7529,1.41742,65.2358,0,3.84615e-05,103,4
7530,-31.929,-162.477,0,3.84615e-05,4,35
7531,-34.2849,54.6864,0,3.84615e-05,102,3
7532,-8.61707,-117.096,0,3.84615e-05,115,8
7533,-28.2408,-115.487,0,3.84615e-05,90,95
7534,-0.0111084,117.388,0,3.84615e-05,-1,-1
7535,2.87148,-175.323,0,3.84615e-05,22,84
7536,-17.2445,-105.427,0,3.84615e-05,2,59
7537,-23.6944,-125.821,0,3.84615e-05,38,55
7538,33.6406,-140.998,0,3.84615e-05,177,15
7539,-1.39468,104.243,0,3.84615e-05,98,68
7540,-64.9268,119.883,0,3.84615e-05,114,21
7541,22.2927,152.624,0,3.84615e-05,1,78
7542,-4.51045,111.871,0,3.84615e-05,37,16
7543,-8.36996,-127.277,0,3.84615e-05,91,50
7544,-14.3066,-36.1536,0,3.84615e-05,59,24
7545,29.2737,123.296,0,3.84615e-05,-1,-1
7546,-74.1051,-154.167,0,3.84615e-05,21,32
7547,-21.1908,-90.0465,0,3.84615e-05,80,64
7548,10.4937,-147.82,0,3.84615e-05,117,45
7549,7.30426,-85.2508,0,3.84615e-05,1,50
7550,-56.4719,49.0522,0,3.84615e-05,77,5
7551,56.1312,-155.995,0,3.84615e-05,-1,-1
7552,24.4344,-133.008,0,3.84615e-05,113,46
7553,20.0502,-139.407,0,3.84615e-05,101,47
7554,-74.0179,-151.248,0,3.84615e-05,20,32
7555,77.16,-148.516,0,3.84615e-05,39,23
7556,-50.0712,166.9,0,3.84615e-05,22,55
7557,14.3467,146.074,0,3.84615e-05,151,80
7558,10.4467,-36.6374,0,3.84615e-05,72,22
7559,-6.0844,69.6605,0,3.84615e-05,52,9
7560,-20.7123,-15.5345,0,3.84615e-05,4,20
7561,-5.97633,-91.401,0,3.84615e-05,113,61
7562,-37.0936,2.47467,0,3.84615e-05,36,93
7563,36.4428,174.17,0,3.84615e-05,3,85
7564,16.4257,-134.085,0,3.84615e-05,71,40
7565,-63.7002,-161.106,0,3.84615e-05,4,34
7566,-56.6252,-26.0571,0,3.84615e-05,122,30
7567,-5.047,124.13,0,3.84615e-05,163,72
7568,11.7023,56.538,0,3.84615e-05,135,1
7569,26.6385,-153.859,0,3.84615e-05,170,40
7570,-48.6266,-81.291,0,3.84615e-05,89,96
7571,32.1277,123.287,0,3.84615e-05,-1,-1
7572,5.644,-40.9138,0,3.84615e-05,92,20
7573,46.2824,165.238,0,3.84615e-05,1,26
7574,47.4777,-127.791,0,3.84615e-05,58,17
7575,29.8724,-83.9876,0,3.84615e-05,96,51
7576,70.0933,-131.778,0,3.84615e-05,24,5
7577,40.7354,143.772,0,3.84615e-05,178,93
7578,-21.6182,165.071,0,3.84615e-05,163,80
7579,-56.2277,-156.445,0,3.84615e-05,135,84
7580,-39.824,-172.89,0,3.84615e-05,33,42
7581,26.15,-178.055,0,3.84615e-05,38,33
7582,-31.4243,78.7413,0,3.84615e-05,1,43
7583,-18.8942,43.0797,0,3.84615e-05,-1,-1
7584,-16.6021,-103.694,0,3.84615e-05,148,67
7585,-13.6435,119.461,0,3.84615e-05,-1,-1
7586,-39.293,35.4235,0,3.84615e-05,146,13
7587,-22.0401,0.515656,0,3.84615e-05,7,80
7588,-14.9127,-9.70171,0,3.84615e-05,86,82
7589,9.79395,-81.1758,0,3.84615e-05,118,61
7590,-8.18829,-80.5051,0,3.84615e-05,117,13
7591,-30.5531,-97.3498,0,3.84615e-05,24,92
7592,-59.0763,-109.422,0,3.84615e-05,24,86
7593,-56.172,88.556,0,3.84615e-05,-1,-1
7594,-1.89011,-132.224,0,3.84615e-05,2,93
7595,1.83259,60.0891,0,3.84615e-05,122,2
7596,63.123,-88.2074,0,3.84615e-05,171,20
7597,-38.8408,-32.3857,0,3.84615e-05,65,24
7598,-48.7489,113.063,0,3.84615e-05,102,56
7599,-18.8409,-123.68,0,3.84615e-05,37,90
7600,8.64664,53.9471,0,3.84615e-05,163,8
7601,-41.8654,-29.7176,0,3.84615e-05,39,92
7602,-37.5417,-7.62936,0,3.84615e-05,7,16
7603,-10.3437,-118.592,0,3.84615e-05,62,53
7604,-19.1429,39.3817,0,3.84615e-05,164,7
7605,-20.1917,158.253,0,3.84615e-05,3,24
7606,-15.1502,-115.642,0,3.84615e-05,7,93
7607,0.0102539,-103.106,0,3.84615e-05,171,17
7608,-6.84173,94.2172,0,3.84615e-05,113,18
7609,-30.8403,-144.171,0,3.84615e-05,73,51
7610,12.4457,95.105,0,3.84615e-05,167,13
7611,-23.6126,-12.173,0,3.84615e-05,74,83
7612,-37.9333,-154.239,0,3.84615e-05,44,83
7613,-7.96111,105.979,0,3.84615e-05,25,17
7614,-48.647,126.012,0,3.84615e-05,22,42
7615,-70.6064,-45.4725,0,3.84615e-05,173,35
7616,-35.0344,74.5087,0,3.84615e-05,74,11
7617,-17.2204,-28.114,0,3.84615e-05,2,73
7618,-31.4054,-49.5388,0,3.84615e-05,165,83
7619,-50.6312,74.4976,0,3.84615e-05,2,3
7620,-23.6777,-153.645,0,3.84615e-05,39,42
7621,-23.2747,-132.918,0,3.84615e-05,66,52
7622,19.0021,-158.027,0,3.84615e-05,168,40
7623,63.04,-3.11293,0,3.84615e-05,172,78
7624,-64.9286,-165.751,0,3.84615e-05,46,76
7625,11.1492,137.691,0,3.84615e-05,87,26
7626,-41.7466,125.887,0,3.84615e-05,23,54
7627,42.1166,179.591,0,3.84615e-05,4,91
7628,-53.6682,11.26,0,3.84615e-05,16,31
7629,-35.8759,-100.938,0,3.84615e-05,37,68
7630,-31.8591,17.6151,0,3.84615e-05,1,32
7631,28.1318,165.818,0,3.84615e-05,105,36
7632,36.0066,0.587799,0,3.84615e-05,-1,-1
7633,-9.16839,121.945,0,3.84615e-05,157,28
7634,-12.2894,-131.96,0,3.84615e-05,74,96
7635,-2.85326,-88.0744,0,3.84615e-05,144,10
7636,9.34837,70.5113,0,3.84615e-05,66,8
7637,16.2112,133.354,0,3.84615e-05,107,24
7638,20.1215,119.702,0,3.84615e-05,165,28
7639,10.7872,52.1884,0,3.84615e-05,-1,-1
7640,-55.7701,-143.652,0,3.84615e-05,78,80
7641,-60.9834,79.1523,0,3.84615e-05,-1,-1
7642,-27.1483,-43.0754,0,3.84615e-05,28,70
7643,-49.6781,29.1331,0,3.84615e-05,134,14
7644,25.5568,170.118,0,3.84615e-05,94,37
7645,5.83742,-158.615,0,3.84615e-05,124,44
7646,48.6483,-175.903,0,3.84615e-05,119,10
7647,31.3883,-132.987,0,3.84615e-05,155,42
7648,15.1769,97.5743,0,3.84615e-05,-1,-1
7649,-49.0685,-35.3746,0,3.84615e-05,27,93
7650,36.3103,-44.7993,0,3.84615e-05,84,20
7651,12.1057,84.7142,0,3.84615e-05,141,63
7652,9.522,-156.595,0,3.84615e-05,94,93
7653,3.57534,153.393,0,3.84615e-05,164,39
7654,-22.8093,-107.493,0,3.84615e-05,1,94
7655,68.6312,44.5369,0,3.84615e-05,1,76
7656,14.69,50.6066,0,3.84615e-05,-1,-1
7657,4.54662,-178.775,0,3.84615e-05,70,39
7658,30.9749,-22.2523,0,3.84615e-05,165,33
7659,-74.8816,-172.43,0,3.84615e-05,125,31
7660,-27.7597,-88.1683,0,3.84615e-05,30,69
7661,-23.1517,106.093,0,3.84615e-05,27,53
7662,-41.9841,-86.3149,0,3.84615e-05,28,92
7663,-45.2466,34.6944,0,3.84615e-05,127,0
7664,12.1636,-105.557,0,3.84615e-05,79,52
7665,-1.01466,96.5084,0,3.84615e-05,115,18
7666,-12.4727,68.573,0,3.84615e-05,138,51
7667,13.9657,-18.905,0,3.84615e-05,160,85
7668,75.8585,84.5657,0,3.84615e-05,-1,-1
7669,46.3978,-150.869,0,3.84615e-05,44,18
7670,44.9506,-6.27441,0,3.84615e-05,133,59
7671,-34.5202,-179.512,0,3.84615e-05,53,40
7672,30.8837,132.233,0,3.84615e-05,165,88
7673,3.10192,59.9592,0,3.84615e-05,112,3
7674,-10.2252,52.5861,0,3.84615e-05,148,9
7675,-25.3652,-0.890854,0,3.84615e-05,6,80
7676,49.7091,-46.7663,0,3.84615e-05,2,49
7677,-43.0942,116.788,0,3.84615e-05,42,52
7678,45.7157,-5.22218,0,3.84615e-05,104,39
7679,-7.87173,-179.344,0,3.84615e-05,67,39
7680,-37.804,114.726,0,3.84615e-05,168,26
7681,-28.8151,49.7762,0,3.84615e-05,133,0
7682,10.9722,-110.645,0,3.84615e-05,167,17
7683,-15.2531,-88.4734,0,3.84615e-05,1,0
7684,34.1904,-139.215,0,3.84615e-05,168,16
7685,-36.3969,-45.1655,0,3.84615e-05,15,71
7686,9.50148,68.1775,0,3.84615e-05,178,69
7687,-10.4819,45.9138,0,3.84615e-05,-1,-1
7688,-13.8253,-150.748,0,3.84615e-05,22,44
7689,-12.6857,-94.3501,0,3.84615e-05,102,62
7690,-60.0829,140.849,0,3.84615e-05,30,20
7691,-49.3613,-96.3052,0,3.84615e-05,146,90
7692,26.3271,148.364,0,3.84615e-05,72,28
7693,-69.8543,-99.0635,0,3.84615e-05,14,70
7694,-36.1341,5.38303,0,3.84615e-05,37,93
7695,-28.8868,-93.2009,0,3.84615e-05,4,94
7696,-64.7006,110.48,0,3.84615e-05,133,29
7697,-17.526,97.6307,0,3.84615e-05,22,17
7698,21.5823,38.8718,0,3.84615e-05,-1,-1
7699,35.3747,20.5184,0,3.84615e-05,2,30
7700,33.1936,152.65,0,3.84615e-05,12,10
7701,-60.3316,51.1004,0,3.84615e-05,57,7
7702,-47.8364,149.783,0,3.84615e-05,48,52
7703,1.96849,119.396,0,3.84615e-05,1,68
7704,48.0244,158.981,0,3.84615e-05,1,91
7705,-41.5524,-21.0193,0,3.84615e-05,19,29
7706,38.316,-66.3542,0,3.84615e-05,147,69
7707,-12.2785,-161.977,0,3.84615e-05,27,84
7708,-23.4838,-25.4099,0,3.84615e-05,1,73
7709,-30.6402,110.019,0,3.84615e-05,174,61
7710,1.00158,2.2076,0,3.84615e-05,43,87
7711,9.63457,-129.334,0,3.84615e-05,164,53
7712,-67.0637,-42.0202,0,3.84615e-05,17,0
7713,8.15126,149.681,0,3.84615e-05,166,39
7714,-6.49752,87.3421,0,3.84615e-05,156,62
7715,-5.61722,52.9095,0,3.84615e-05,149,9
7716,47.8521,-126.551,0,3.84615e-05,49,18
7717,-38.1628,30.3542,0,3.84615e-05,168,6
7718,29.1652,-26.6376,0,3.84615e-05,54,79
7719,-7.17817,167.072,0,3.84615e-05,105,35
7720,51.6383,-159.58,0,3.84615e-05,33,19
7721,-4.55537,61.7318,0,3.84615e-05,82,6
7722,4.40603,145.119,0,3.84615e-05,64,72
7723,26.8205,-123.582,0,3.84615e-05,86,49
7724,-65.675,56.3365,0,3.84615e-05,17,1
7725,-22.1119,77.4732,0,3.84615e-05,117,17
7726,-51.5535,137.094,0,3.84615e-05,37,53
7727,12.6396,58.1228,0,3.84615e-05,144,0
7728,-3.69475,55.0481,0,3.84615e-05,1,42
7729,35.114,20.9798,0,3.84615e-05,2,30
7730,-11.7878,54.5571,0,3.84615e-05,108,3
7731,3.44469,51.2071,0,3.84615e-05,132,1
7732,18.8538,111.777,0,3.84615e-05,132,17
7733,-8.74885,-10.6801,0,3.84615e-05,90,32
7734,39.916,-44.6524,0,3.84615e-05,162,78
7735,-25.451,160.805,0,3.84615e-05,129,32
7736,2.00101,170.696,0,3.84615e-05,107,35
7737,-47.5881,-152.074,0,3.84615e-05,29,55
7738,-36.4409,-28.3696,0,3.84615e-05,69,83
7739,-55.2604,112.407,0,3.84615e-05,158,48
7740,-6.37997,-164.683,0,3.84615e-05,6,86
7741,-32.0718,6.30231,0,3.84615e-05,39,38
7742,-8.75764,61.0304,0,3.84615e-05,2,42
7743,59.0998,169.241,0,3.84615e-05,56,32
7744,-56.7962,-144.158,0,3.84615e-05,7,60
7745,-44.2085,-93.2888,0,3.84615e-05,77,97
7746,27.3415,130.154,0,3.84615e-05,67,14
7747,-55.4876,88.3644,0,3.84615e-05,-1,-1
7748,13.2107,56.2981,0,3.84615e-05,154,9
7749,-15.5893,173.369,0,3.84615e-05,103,35
7750,15.8657,152.631,0,3.84615e-05,133,82
7751,-18.6943,-159.549,0,3.84615e-05,10,86
7752,-55.0232,167.592,0,3.84615e-05,2,57
7753,-37.587,20.8007,0,3.84615e-05,-1,-1
7754,35.8655,15.3085,0,3.84615e-05,119,51
7755,-1.72189,150.604,0,3.84615e-05,-1,-1
7756,-30.9339,-145.002,0,3.84615e-05,14,86
7757,-24.5589,-150.795,0,3.84615e-05,123,56
7758,-37.4512,151.789,0,3.84615e-05,7,23
7759,-44.1915,179.812,0,3.84615e-05,1,45
7760,-1.9544,-170.593,0,3.84615e-05,14,85
7761,19.4657,-160.88,0,3.84615e-05,32,99
7762,81.4709,18.2274,0,3.84615e-05,141,34
7763,-23.9387,60.8691,0,3.84615e-05,173,11
7764,17.615,112.072,0,3.84615e-05,-1,-1
7765,-24.0273,42.2889,0,3.84615e-05,-1,-1
7766,-37.6535,31.6689,0,3.84615e-05,175,10
7767,-29.8314,-47.5673,0,3.84615e-05,166,83
7768,-12.9453,119.725,0,3.84615e-05,-1,-1
7769,34.7478,-149.197,0,3.84615e-05,169,1
7770,-57.4519,156.995,0,3.84615e-05,178,72
7771,-13.4945,-34.6073,0,3.84615e-05,22,71
7772,-27.3532,-164.801,0,3.84615e-05,27,43
7773,5.46541,-119.208,0,3.84615e-05,145,55
7774,20.2051,-170.91,0,3.84615e-05,27,34
7775,34.6859,-38.7562,0,3.84615e-05,133,71
7776,-54.8824,-72.9075,0,3.84615e-05,22,9
7777,14.7606,-152.59,0,3.84615e-05,127,44
7778,-35.5878,-99.6736,0,3.84615e-05,27,69
7779,-0.61245,-18.2791,0,3.84615e-05,118,89
7780,38.6604,24.4167,0,3.84615e-05,-1,-1
7781,21.5646,-18.9489,0,3.84615e-05,43,70
7782,-62.6512,143.372,0,3.84615e-05,1,23
7783,14.2662,-166.201,0,3.84615e-05,15,35
7784,81.837,170.187,0,3.84615e-05,52,33
7785,21.5352,172.057,0,3.84615e-05,126,99
7786,-65.1829,109.694,0,3.84615e-05,142,28
7787,31.6796,-31.9925,0,3.84615e-05,2,64
7788,-47.2264,93.4769,0,3.84615e-05,159,50
7789,-26.4424,108.342,0,3.84615e-05,163,62
7790,6.86644,-130.763,0,3.84615e-05,154,54
7791,-26.0755,168.511,0,3.84615e-05,109,34
7792,-19.6458,-121.976,0,3.84615e-05,50,54
7793,-19.8886,-175.982,0,3.84615e-05,106,45
7794,-42.458,-143.846,0,3.84615e-05,47,83
7795,25.1565,-170.191,0,3.84615e-05,19,35
7796,-52.731,87.9543,0,3.84615e-05,155,48
7797,-76.224,-77.401,0,3.84615e-05,-1,-1
7798,-8.06477,-84.4154,0,3.84615e-05,84,64
7799,-11.2513,-179.674,0,3.84615e-05,147,41
7800,-0.911797,-90.2188,0,3.84615e-05,7,9
7801,0.859879,-104.898,0,3.84615e-05,37,56
7802,-57.9074,96.4867,0,3.84615e-05,172,25
7803,79.6339,128.516,0,3.84615e-05,119,36
7804,-4.87274,-121.657,0,3.84615e-05,123,57
7805,8.49133,-105.426,0,3.84615e-05,68,53
7806,35.3691,14.9158,0,3.84615e-05,119,51
7807,-4.45696,-16.4552,0,3.84615e-05,107,80
7808,-49.5373,-139.404,0,3.84615e-05,68,81
7809,-0.172226,-9.44031,0,3.84615e-05,88,32
7810,9.23055,149.927,0,3.84615e-05,175,38
7811,44.3943,145.481,0,3.84615e-05,77,28
7812,-16.4402,76.0474,0,3.84615e-05,121,53
7813,25.5102,53.1989,0,3.84615e-05,-1,-1
7814,43.7895,14.0825,0,3.84615e-05,152,87
7815,-24.4043,75.4814,0,3.84615e-05,8,3
7816,-9.55602,58.4727,0,3.84615e-05,99,4
7817,-72.1973,-19.7427,0,3.84615e-05,65,25
7818,-40.9158,13.5969,0,3.84615e-05,4,32
7819,15.9229,-61.0673,0,3.84615e-05,-1,-1
7820,-9.15281,-122.81,0,3.84615e-05,81,51
7821,68.9756,48.0439,0,3.84615e-05,-1,-1
7822,75.6133,132.319,0,3.84615e-05,165,31
7823,37.8159,152.064,0,3.84615e-05,23,19
7824,52.6586,-159.571,0,3.84615e-05,13,11
7825,-44.002,133.645,0,3.84615e-05,35,53
7826,-47.9884,-21.5114,0,3.84615e-05,30,28
7827,-41.8112,8.85367,0,3.84615e-05,13,31
7828,-47.5536,-55.3658,0,3.84615e-05,61,76
7829,-51.0221,129.216,0,3.84615e-05,65,50
7830,40.6766,-170.185,0,3.84615e-05,4,37
7831,-25.9428,55.4343,0,3.84615e-05,152,13
7832,-17.8487,-113.109,0,3.84615e-05,18,92
7833,-6.53672,-22.3748,0,3.84615e-05,125,88
7834,-35.301,152.101,0,3.84615e-05,177,47
7835,7.11587,169.919,0,3.84615e-05,98,86
7836,-0.147041,54.9955,0,3.84615e-05,2,98
7837,12.7546,52.7415,0,3.84615e-05,110,53
7838,54.9038,-158.395,0,3.84615e-05,-1,-1
7839,-54.6787,-111.039,0,3.84615e-05,4,88
7840,-3.06016,167.134,0,3.84615e-05,125,33
7841,-48.8554,6.66393,0,3.84615e-05,1,17
7842,-32.4152,-149.852,0,3.84615e-05,5,87
7843,34.6108,-29.2643,0,3.84615e-05,174,32
7844,12.9054,-138.556,0,3.84615e-05,8,92
7845,-26.0032,-48.3581,0,3.84615e-05,-1,-1
7846,15.1713,-170.867,0,3.84615e-05,10,85
7847,-3.61185,175.646,0,3.84615e-05,87,37
7848,-57.0348,-171.636,0,3.84615e-05,13,69
7849,-53.7174,-130.934,0,3.84615e-05,80,80
7850,-46.3217,30.2356,0,3.84615e-05,15,16
7851,14.4026,114.749,0,3.84615e-05,-1,-1
7852,-11.6818,-10.2642,0,3.84615e-05,67,84
7853,-39.8458,-118.368,0,3.84615e-05,121,92
7854,-70.2773,0.883331,0,3.84615e-05,17,20
7855,-17.8802,103.063,0,3.84615e-05,15,54
7856,6.61754,123.678,0,3.84615e-05,42,16
7857,25.5721,-65.3868,0,3.84615e-05,153,23
7858,29.8306,-45.5883,0,3.84615e-05,95,29
7859,34.0063,-76.9403,0,3.84615e-05,38,57
7860,-49.9676,173.207,0,3.84615e-05,3,57
7861,10.2887,-116.856,0,3.84615e-05,117,58
7862,32.0636,-137.475,0,3.84615e-05,173,40
7863,-16.7429,-121.922,0,3.84615e-05,27,91
7864,-46.1332,-46.6288,0,3.84615e-05,3,72
7865,24.8146,-130.955,0,3.84615e-05,93,48
7866,-13.6904,-76.7819,0,3.84615e-05,54,67
7867,-18.978,-152.129,0,3.84615e-05,155,53
7868,51.9591,143.367,0,3.84615e-05,168,30
7869,32.1364,170.313,0,3.84615e-05,77,39
7870,10.4098,-112.484,0,3.84615e-05,177,16
7871,19.1681,116.157,0,3.84615e-05,-1,-1
7872,55.216,-179.96,0,3.84615e-05,45,33
7873,-13.2203,167.807,0,3.84615e-05,2,79
7874,-66.888,-175.035,0,3.84615e-05,75,73
7875,-66.9527,141.048,0,3.84615e-05,19,21
7876,-51.795,-179.682,0,3.84615e-05,22,78
7877,-12.5593,43.5884,0,3.84615e-05,157,8
7878,-2.64819,82.6409,0,3.84615e-05,161,13
7879,-30.7948,-44.2214,0,3.84615e-05,147,85
7880,31.4441,128.193,0,3.84615e-05,-1,-1
7881,-52.1689,-21.3299,0,3.84615e-05,8,89
7882,-39.9967,33.6099,0,3.84615e-05,145,13
7883,-28.5156,32.5165,0,3.84615e-05,151,47
7884,77.3103,-135.192,0,3.84615e-05,2,27
7885,-46.4774,-84.5341,0,3.84615e-05,58,99
7886,24.2035,-121.206,0,3.84615e-05,143,19
7887,38.4847,136.148,0,3.84615e-05,176,93
7888,-34.248,3.73839,0,3.84615e-05,46,92
7889,-63.2233,134.853,0,3.84615e-05,39,29
7890,26.6152,-79.4526,0,3.84615e-05,17,59
7891,-49.5162,138.91,0,3.84615e-05,17,55
7892,49.8238,-42.8947,0,3.84615e-05,27,59
7893,42.9989,34.7013,0,3.84615e-05,1,53
7894,-11.1945,-135.694,0,3.84615e-05,63,97
7895,23.2457,167.449,0,3.84615e-05,122,34
7896,-38.3242,111.699,0,3.84615e-05,80,58
7897,-30.0457,-153.492,0,3.84615e-05,18,44
7898,-32.0226,-142.931,0,3.84615e-05,63,52
7899,21.857,66.4279,0,3.84615e-05,118,3
7900,23.2206,117.893,0,3.84615e-05,-1,-1
7901,2.5777,6.58165,0,3.84615e-05,53,86
7902,46.9909,-9.82994,0,3.84615e-05,2,52
7903,25.2969,-38.4559,0,3.84615e-05,111,73
7904,45.025,-176.495,0,3.84615e-05,24,35
7905,-44.9722,-29.8962,0,3.84615e-05,37,86
7906,-74.2866,-21.5394,0,3.84615e-05,88,34
7907,-21.3642,-176.526,0,3.84615e-05,96,46
7908,24.7343,-63.8623,0,3.84615e-05,162,22
7909,35.3479,-1.61833,0,3.84615e-05,62,44
7910,76.8859,42.3681,0,3.84615e-05,1,39
7911,4.32668,1.52136,0,3.84615e-05,72,84
7912,75.3424,-169.185,0,3.84615e-05,57,21
7913,-49.0694,-11.1305,0,3.84615e-05,110,31
7914,22.2077,169.687,0,3.84615e-05,84,38
7915,19.9856,-27.3583,0,3.84615e-05,2,29
7916,38.6184,25.2509,0,3.84615e-05,120,51
7917,-1.90293,-38.8028,0,3.84615e-05,65,23
7918,-35.0032,-95.1198,0,3.84615e-05,15,93
7919,6.98468,-178.495,0,3.84615e-05,42,32
7920,24.748,-38.6362,0,3.84615e-05,101,74
7921,36.6489,-15.6311,0,3.84615e-05,119,48
7922,-32.7674,96.5044,0,3.84615e-05,57,50
7923,-1.69991,51.3367,0,3.84615e-05,163,58
7924,-49.8768,-85.6374,0,3.84615e-05,118,93
7925,-9.44909,109.093,0,3.84615e-05,6,19
7926,-6.98996,158.246,0,3.84615e-05,149,81
7927,-40.1657,-26.6814,0,3.84615e-05,39,86
7928,-38.5226,138.077,0,3.84615e-05,163,73
7929,0.286713,157.301,0,3.84615e-05,7,78
7930,20.2429,121.167,0,3.84615e-05,155,29
7931,-19.0042,91.2657,0,3.84615e-05,178,60
7932,-40.3126,-75.5251,0,3.84615e-05,39,91
7933,4.26411,110.117,0,3.84615e-05,79,12
7934,35.8466,-58.6846,0,3.84615e-05,22,59
7935,-34.0143,74.6153,0,3.84615e-05,154,50
7936,-24.0309,73.1549,0,3.84615e-05,18,41
7937,-66.7271,119.164,0,3.84615e-05,104,22
7938,27.7162,160.045,0,3.84615e-05,152,31
7939,21.8875,-134.105,0,3.84615e-05,82,49
7940,30.5028,136.215,0,3.84615e-05,49,16
7941,-49.8064,-115.994,0,3.84615e-05,32,68
7942,-3.88049,151.727,0,3.84615e-05,47,74
7943,43.5498,-141.351,0,3.84615e-05,67,16
7944,-35.3234,-83.8861,0,3.84615e-05,7,94
7945,-13.5595,87.9527,0,3.84615e-05,2,4
7946,-53.7278,106.545,0,3.84615e-05,58,48
7947,-31.1408,-164.198,0,3.84615e-05,7,45
7948,-58.1021,-38.7082,0,3.84615e-05,15,88
7949,-17.0498,150.057,0,3.84615e-05,169,38
7950,-24.4993,106.092,0,3.84615e-05,2,19
7951,-23.6393,-139.435,0,3.84615e-05,85,50
7952,-61.2709,-101.409,0,3.84615e-05,35,85
7953,3.79736,-133.451,0,3.84615e-05,1,93
7954,-14.512,-134.328,0,3.84615e-05,93,94
7955,71.6332,1.9091,0,3.84615e-05,107,38
7956,37.9224,-66.2611,0,3.84615e-05,147,69
7957,-9.13498,-131.845,0,3.84615e-05,33,90
7958,8.97714,135.721,0,3.84615e-05,114,23
7959,28.799,-122.899,0,3.84615e-05,161,17
7960,-54.8981,-73.227,0,3.84615e-05,22,9
7961,-45.877,-9.75563,0,3.84615e-05,2,96
7962,14.8818,-58.5201,0,3.84615e-05,137,25
7963,-26.45,-169.768,0,3.84615e-05,69,80
7964,-11.6305,-22.5328,0,3.84615e-05,114,89
7965,36.935,-172.009,0,3.84615e-05,3,37
7966,81.6025,42.8778,0,3.84615e-05,66,32
7967,44.9076,-44.7136,0,3.84615e-05,161,68
7968,-43.4096,-48.6504,0,3.84615e-05,34,79
7969,9.31388,158.361,0,3.84615e-05,145,81
7970,15.6013,-81.9748,0,3.84615e-05,63,18
7971,43.5975,-175.165,0,3.84615e-05,10,11
7972,-59.9876,90.8939,0,3.84615e-05,-1,-1
7973,-46.284,56.8237,0,3.84615e-05,178,45
7974,-30.4382,93.6607,0,3.84615e-05,19,17
7975,-23.9018,70.444,0,3.84615e-05,7,42
7976,-10.7476,-18.5913,0,3.84615e-05,11,29
7977,-60.4348,147.832,0,3.84615e-05,2,23
7978,-26.6245,14.2775,0,3.84615e-05,59,91
7979,49.8572,147.643,0,3.84615e-05,87,27
7980,-29.3574,45.3452,0,3.84615e-05,122,1
7981,-17.3492,-33.4573,0,3.84615e-05,12,72
7982,-38.5256,-142.74,0,3.84615e-05,22,56
7983,-53.7944,118.394,0,3.84615e-05,173,59
7984,2.81774,-122.282,0,3.84615e-05,1,47
7985,-34.7482,110.586,0,3.84615e-05,178,25
7986,10.6622,-19.1343,0,3.84615e-05,30,71
7987,-13.1193,4.71689,0,3.84615e-05,29,88
7988,-20.9174,-145.015,0,3.84615e-05,115,57
7989,-2.10114,-102.029,0,3.84615e-05,17,58
7990,35.0167,-64.9048,0,3.84615e-05,166,67
7991,-2.17908,175.658,0,3.84615e-05,100,86
7992,25.3029,170.194,0,3.84615e-05,94,37
7993,41.1082,-39.9013,0,3.84615e-05,165,43
7994,-18.2443,100.239,0,3.84615e-05,13,18
7995,3.08545,-22.4478,0,3.84615e-05,17,28
7996,38.5733,-68.7372,0,3.84615e-05,156,68
7997,-12.6425,-174.849,0,3.84615e-05,56,30
7998,59.9929,-65.7333,0,3.84615e-05,134,24
7999,-42.225,-127.542,0,3.84615e-05,159,65
